t	PL(A)	PL(B)	PL(T)	PL(E)	V(A)	V(B)	V(E)	I(A)	I(B)	I(E)	n_bracos	n_res
2382,705	0,000	0,000	0,000E+0	0,000E+0	1,109E+1	1,116E+1	0,000E+0	0,000E+0	0,000E+0	0,000E+0	0	1111
0,009	0,000	0,000	0,000E+0	0,000E+0	0,000E+0	0,000E+0	0,000E+0	0,000E+0	0,000E+0	0,000E+0	0	1111
1,010	0,000	0,000	0,000E+0	0,000E+0	0,000E+0	0,000E+0	0,000E+0	0,000E+0	0,000E+0	0,000E+0	0	1111
2,009	0,000	0,000	0,000E+0	0,000E+0	0,000E+0	0,000E+0	0,000E+0	0,000E+0	0,000E+0	0,000E+0	0	1111
3,010	0,000	0,000	0,000E+0	0,000E+0	0,000E+0	0,000E+0	0,000E+0	0,000E+0	0,000E+0	0,000E+0	0	1111
4,010	0,000	0,000	0,000E+0	0,000E+0	0,000E+0	0,000E+0	0,000E+0	0,000E+0	0,000E+0	0,000E+0	0	1111
5,011	0,000	0,000	0,000E+0	0,000E+0	0,000E+0	0,000E+0	0,000E+0	0,000E+0	0,000E+0	0,000E+0	0	1111
6,012	0,000	0,000	0,000E+0	0,000E+0	0,000E+0	0,000E+0	0,000E+0	0,000E+0	0,000E+0	0,000E+0	0	1111
7,011	0,000	0,000	0,000E+0	0,000E+0	0,000E+0	0,000E+0	0,000E+0	0,000E+0	0,000E+0	0,000E+0	0	1111
8,012	0,000	0,000	0,000E+0	0,000E+0	0,000E+0	0,000E+0	0,000E+0	0,000E+0	0,000E+0	0,000E+0	0	1111
9,011	0,000	0,000	0,000E+0	0,000E+0	0,000E+0	0,000E+0	0,000E+0	0,000E+0	0,000E+0	0,000E+0	0	1111
10,012	0,000	0,000	0,000E+0	0,000E+0	0,000E+0	0,000E+0	0,000E+0	0,000E+0	0,000E+0	0,000E+0	0	1111
11,011	0,000	0,000	0,000E+0	0,000E+0	0,000E+0	0,000E+0	0,000E+0	0,000E+0	0,000E+0	0,000E+0	0	1111
12,012	0,000	0,000	0,000E+0	0,000E+0	0,000E+0	0,000E+0	0,000E+0	0,000E+0	0,000E+0	0,000E+0	0	1111
13,012	0,000	0,000	0,000E+0	0,000E+0	0,000E+0	0,000E+0	0,000E+0	0,000E+0	0,000E+0	0,000E+0	0	1111
14,012	0,000	0,000	0,000E+0	0,000E+0	0,000E+0	0,000E+0	0,000E+0	0,000E+0	0,000E+0	0,000E+0	0	1111
15,013	0,000	0,000	0,000E+0	0,000E+0	0,000E+0	0,000E+0	0,000E+0	0,000E+0	0,000E+0	0,000E+0	0	1111
16,012	0,000	0,000	0,000E+0	0,000E+0	0,000E+0	0,000E+0	0,000E+0	0,000E+0	0,000E+0	0,000E+0	0	1111
17,013	0,000	0,000	0,000E+0	0,000E+0	1,645E+1	3,920E+0	0,000E+0	0,000E+0	3,090E-2	0,000E+0	0	1111
18,013	0,000	0,000	0,000E+0	0,000E+0	1,645E+1	3,920E+0	0,000E+0	0,000E+0	3,090E-2	0,000E+0	0	1111
19,014	0,000	46,900	4,690E+1	0,000E+0	4,458E+1	6,584E+1	0,000E+0	0,000E+0	3,362E+0	0,000E+0	0	1111
20,014	20,100	25,600	4,570E+1	0,000E+0	1,076E+2	1,151E+2	0,000E+0	8,884E-1	8,935E-1	0,000E+0	0	1111
21,013	39,300	49,000	8,830E+1	0,000E+0	1,788E+2	1,784E+2	0,000E+0	5,405E-1	5,349E-1	0,000E+0	0	1111
22,014	9,600	9,000	1,860E+1	0,000E+0	1,707E+2	1,702E+2	0,000E+0	9,890E-2	9,770E-2	0,000E+0	0	1111
23,013	9,100	8,400	1,750E+1	0,000E+0	1,624E+2	1,625E+2	0,000E+0	1,014E-1	1,004E-1	0,000E+0	0	1111
24,015	9,100	8,400	1,750E+1	0,000E+0	1,624E+2	1,625E+2	0,000E+0	1,014E-1	1,004E-1	0,000E+0	0	1111
25,015	14,100	13,000	2,710E+1	0,000E+0	1,649E+2	1,649E+2	0,000E+0	1,487E-1	1,467E-1	0,000E+0	0	1111
26,015	16,400	15,100	3,150E+1	0,000E+0	1,719E+2	1,716E+2	0,000E+0	1,583E-1	1,548E-1	0,000E+0	0	1111
27,015	13,800	12,900	2,670E+1	0,000E+0	1,704E+2	1,702E+2	0,000E+0	1,375E-1	1,362E-1	0,000E+0	0	0001
28,015	14,100	13,300	2,740E+1	0,000E+0	1,697E+2	1,697E+2	0,000E+0	1,411E-1	1,410E-1	0,000E+0	0	0001
29,016	15,000	13,800	2,880E+1	0,000E+0	1,704E+2	1,703E+2	0,000E+0	1,479E-1	1,452E-1	0,000E+0	0	0001
30,015	14,500	13,400	2,790E+1	0,000E+0	1,704E+2	1,701E+2	0,000E+0	1,439E-1	1,410E-1	0,000E+0	0	0001
31,016	14,500	13,400	2,790E+1	0,000E+0	1,701E+2	1,700E+2	0,000E+0	1,439E-1	1,417E-1	0,000E+0	0	0001
32,016	14,500	13,400	2,790E+1	0,000E+0	1,702E+2	1,703E+2	0,000E+0	1,440E-1	1,416E-1	0,000E+0	0	0001
33,017	14,500	13,300	2,780E+1	0,000E+0	1,704E+2	1,700E+2	0,000E+0	1,440E-1	1,415E-1	0,000E+0	0	0001
34,018	20,000	18,500	3,850E+1	0,000E+0	1,705E+2	1,703E+2	0,000E+0	1,997E-1	1,940E-1	0,000E+0	0	0001
35,017	31,300	31,100	6,240E+1	0,000E+0	1,742E+2	1,741E+2	0,000E+0	2,893E-1	2,856E-1	0,000E+0	0	0001
36,018	31,300	31,100	6,240E+1	0,000E+0	1,742E+2	1,741E+2	0,000E+0	2,893E-1	2,856E-1	0,000E+0	0	0001
37,017	44,700	48,400	9,310E+1	0,000E+0	1,778E+2	1,776E+2	0,000E+0	4,253E-1	4,209E-1	0,000E+0	0	0001
38,018	54,700	61,700	1,164E+2	0,000E+0	1,800E+2	1,792E+2	0,000E+0	5,263E-1	5,194E-1	0,000E+0	0	0001
39,018	59,000	68,300	1,273E+2	0,000E+0	1,811E+2	1,808E+2	0,000E+0	5,736E-1	5,658E-1	0,000E+0	0	0001
40,017	63,500	75,400	1,389E+2	0,000E+0	1,820E+2	1,816E+2	0,000E+0	6,251E-1	6,170E-1	0,000E+0	0	0001
41,018	68,600	85,100	1,537E+2	0,000E+0	1,834E+2	1,833E+2	0,000E+0	6,888E-1	6,839E-1	0,000E+0	0	0001
42,018	68,600	85,100	1,537E+2	0,000E+0	1,834E+2	1,833E+2	0,000E+0	6,888E-1	6,839E-1	0,000E+0	0	0001
43,020	62,300	75,400	1,377E+2	0,000E+0	1,836E+2	1,830E+2	0,000E+0	6,354E-1	6,275E-1	0,000E+0	0	0001
44,021	42,700	45,300	8,800E+1	0,000E+0	1,778E+2	1,776E+2	0,000E+0	3,961E-1	3,907E-1	0,000E+0	0	0001
45,021	45,800	50,000	9,580E+1	0,000E+0	1,779E+2	1,777E+2	0,000E+0	4,344E-1	4,318E-1	0,000E+0	0	0001
46,021	47,900	52,600	1,005E+2	0,000E+0	1,788E+2	1,784E+2	0,000E+0	4,522E-1	4,482E-1	0,000E+0	0	0001
47,021	45,200	49,500	9,470E+1	0,000E+0	1,776E+2	1,781E+2	0,000E+0	4,265E-1	4,246E-1	0,000E+0	0	0001
48,021	45,200	49,500	9,470E+1	0,000E+0	1,776E+2	1,781E+2	0,000E+0	4,265E-1	4,246E-1	0,000E+0	0	0001
49,022	43,800	46,800	9,060E+1	0,000E+0	1,775E+2	1,775E+2	0,000E+0	4,098E-1	4,050E-1	0,000E+0	0	0001
50,021	43,200	46,000	8,920E+1	0,000E+0	1,774E+2	1,773E+2	0,000E+0	4,031E-1	3,985E-1	0,000E+0	0	0001
51,022	23,300	22,000	4,530E+1	0,000E+0	1,617E+2	1,616E+2	0,000E+0	2,559E-1	2,527E-1	0,000E+0	0	0001
52,022	34,400	34,700	6,910E+1	0,000E+0	1,562E+2	1,563E+2	0,000E+0	4,052E-1	4,026E-1	0,000E+0	0	0001
53,022	37,800	39,700	7,750E+1	0,000E+0	1,572E+2	1,579E+2	0,000E+0	4,475E-1	4,485E-1	0,000E+0	0	0001
54,022	37,800	39,700	7,750E+1	0,000E+0	1,572E+2	1,579E+2	0,000E+0	4,475E-1	4,485E-1	0,000E+0	0	0001
55,021	36,100	37,300	7,340E+1	0,000E+0	1,568E+2	1,570E+2	0,000E+0	4,261E-1	4,245E-1	0,000E+0	0	0001
56,023	36,100	37,300	7,340E+1	0,000E+0	1,568E+2	1,570E+2	0,000E+0	4,261E-1	4,245E-1	0,000E+0	0	0001
57,023	37,100	38,000	7,510E+1	0,000E+0	1,569E+2	1,573E+2	0,000E+0	4,348E-1	4,302E-1	0,000E+0	0	0001
58,024	36,900	38,300	7,520E+1	0,000E+0	1,572E+2	1,571E+2	0,000E+0	4,353E-1	4,344E-1	0,000E+0	0	0001
59,024	37,400	38,300	7,570E+1	0,000E+0	1,572E+2	1,572E+2	0,000E+0	4,395E-1	4,351E-1	0,000E+0	0	0001
60,023	37,400	38,300	7,570E+1	0,000E+0	1,572E+2	1,572E+2	0,000E+0	4,395E-1	4,351E-1	0,000E+0	0	0001
61,025	37,700	38,900	7,660E+1	0,000E+0	1,571E+2	1,573E+2	0,000E+0	4,448E-1	4,421E-1	0,000E+0	0	0001
62,025	37,600	38,900	7,650E+1	0,000E+0	1,574E+2	1,576E+2	0,000E+0	4,421E-1	4,397E-1	0,000E+0	0	0001
63,026	37,900	39,200	7,710E+1	0,000E+0	1,574E+2	1,572E+2	0,000E+0	4,456E-1	4,440E-1	0,000E+0	0	0001
64,025	38,000	39,400	7,740E+1	0,000E+0	1,575E+2	1,575E+2	0,000E+0	4,474E-1	4,456E-1	0,000E+0	0	0001
65,027	38,000	39,500	7,750E+1	0,000E+0	1,572E+2	1,574E+2	0,000E+0	4,473E-1	4,460E-1	0,000E+0	0	0001
66,027	38,000	39,500	7,750E+1	0,000E+0	1,572E+2	1,574E+2	0,000E+0	4,473E-1	4,460E-1	0,000E+0	0	0001
67,028	38,000	39,600	7,760E+1	0,000E+0	1,571E+2	1,575E+2	0,000E+0	4,487E-1	4,467E-1	0,000E+0	0	0001
68,028	38,300	40,200	7,850E+1	0,000E+0	1,574E+2	1,577E+2	0,000E+0	4,514E-1	4,510E-1	0,000E+0	0	0001
69,027	38,100	40,000	7,810E+1	0,000E+0	1,574E+2	1,581E+2	0,000E+0	4,501E-1	4,489E-1	0,000E+0	0	0001
70,029	38,500	39,800	7,830E+1	0,000E+0	1,575E+2	1,576E+2	0,000E+0	4,522E-1	4,484E-1	0,000E+0	0	0001
71,029	38,400	39,900	7,830E+1	0,000E+0	1,576E+2	1,574E+2	0,000E+0	4,537E-1	4,497E-1	0,000E+0	0	0001
72,030	38,400	40,200	7,860E+1	0,000E+0	1,575E+2	1,577E+2	0,000E+0	4,538E-1	4,518E-1	0,000E+0	0	0001
73,031	38,400	40,300	7,870E+1	0,000E+0	1,576E+2	1,579E+2	0,000E+0	4,527E-1	4,525E-1	0,000E+0	0	0001
74,031	38,600	40,100	7,870E+1	0,000E+0	1,576E+2	1,575E+2	0,000E+0	4,551E-1	4,521E-1	0,000E+0	0	0001
75,031	38,600	40,500	7,910E+1	0,000E+0	1,574E+2	1,577E+2	0,000E+0	4,552E-1	4,557E-1	0,000E+0	0	0001
76,030	38,800	40,400	7,920E+1	0,000E+0	1,576E+2	1,576E+2	0,000E+0	4,585E-1	4,568E-1	0,000E+0	0	0001
77,031	38,600	40,400	7,900E+1	0,000E+0	1,577E+2	1,577E+2	0,000E+0	4,569E-1	4,544E-1	0,000E+0	0	0001
78,030	38,700	40,400	7,910E+1	0,000E+0	1,575E+2	1,580E+2	0,000E+0	4,561E-1	4,549E-1	0,000E+0	0	0001
79,031	38,700	40,400	7,910E+1	0,000E+0	1,575E+2	1,580E+2	0,000E+0	4,561E-1	4,549E-1	0,000E+0	0	0001
80,031	38,700	40,400	7,910E+1	0,000E+0	1,575E+2	1,580E+2	0,000E+0	4,561E-1	4,549E-1	0,000E+0	0	0001
81,031	38,700	40,400	7,910E+1	0,000E+0	1,575E+2	1,580E+2	0,000E+0	4,561E-1	4,549E-1	0,000E+0	0	0001
82,031	38,700	40,400	7,910E+1	0,000E+0	1,575E+2	1,580E+2	0,000E+0	4,561E-1	4,549E-1	0,000E+0	0	0001
83,031	38,800	40,300	7,910E+1	0,000E+0	1,577E+2	1,576E+2	0,000E+0	4,560E-1	4,534E-1	0,000E+0	0	0001
84,033	38,800	40,300	7,910E+1	0,000E+0	1,577E+2	1,576E+2	0,000E+0	4,560E-1	4,534E-1	0,000E+0	0	0001
85,033	38,800	40,300	7,910E+1	0,000E+0	1,577E+2	1,576E+2	0,000E+0	4,560E-1	4,534E-1	0,000E+0	0	0001
86,034	38,800	40,300	7,910E+1	0,000E+0	1,577E+2	1,576E+2	0,000E+0	4,560E-1	4,534E-1	0,000E+0	0	0001
87,034	38,600	40,400	7,900E+1	0,000E+0	1,577E+2	1,578E+2	0,000E+0	4,557E-1	4,535E-1	0,000E+0	7	0001
88,033	38,600	40,400	7,900E+1	0,000E+0	1,577E+2	1,578E+2	0,000E+0	4,557E-1	4,535E-1	0,000E+0	7	0001
89,034	38,500	40,400	7,890E+1	0,000E+0	1,573E+2	1,575E+2	0,000E+0	4,548E-1	4,535E-1	0,000E+0	7	0001
90,033	38,500	40,400	7,890E+1	0,000E+0	1,573E+2	1,575E+2	0,000E+0	4,548E-1	4,535E-1	0,000E+0	7	0001
91,034	38,800	40,200	7,900E+1	0,000E+0	1,577E+2	1,576E+2	0,000E+0	4,573E-1	4,527E-1	0,000E+0	7	0001
92,033	38,600	40,200	7,880E+1	0,000E+0	1,577E+2	1,576E+2	0,000E+0	4,573E-1	4,548E-1	0,000E+0	7	0001
93,035	38,600	40,200	7,880E+1	0,000E+0	1,577E+2	1,576E+2	0,000E+0	4,573E-1	4,548E-1	0,000E+0	7	0001
94,036	38,600	40,200	7,880E+1	0,000E+0	1,577E+2	1,576E+2	0,000E+0	4,573E-1	4,548E-1	0,000E+0	7	0001
95,036	38,600	40,200	7,880E+1	0,000E+0	1,577E+2	1,576E+2	0,000E+0	4,573E-1	4,548E-1	0,000E+0	7	0001
96,037	38,400	40,400	7,880E+1	0,000E+0	1,576E+2	1,581E+2	0,000E+0	4,537E-1	4,545E-1	0,000E+0	7	0001
97,036	38,400	40,400	7,880E+1	0,000E+0	1,576E+2	1,581E+2	0,000E+0	4,537E-1	4,545E-1	0,000E+0	7	0001
98,038	38,400	40,400	7,880E+1	0,000E+0	1,576E+2	1,581E+2	0,000E+0	4,537E-1	4,545E-1	0,000E+0	7	0001
99,038	38,500	40,400	7,890E+1	0,000E+0	1,576E+2	1,579E+2	0,000E+0	4,551E-1	4,549E-1	0,000E+0	7	0001
100,038	38,500	40,400	7,890E+1	0,000E+0	1,576E+2	1,579E+2	0,000E+0	4,551E-1	4,549E-1	0,000E+0	7	0001
101,038	38,500	40,400	7,890E+1	0,000E+0	1,576E+2	1,579E+2	0,000E+0	4,551E-1	4,549E-1	0,000E+0	7	0001
102,037	38,600	40,400	7,900E+1	0,000E+0	1,577E+2	1,579E+2	0,000E+0	4,557E-1	4,536E-1	0,000E+0	7	0001
103,038	38,600	40,400	7,900E+1	0,000E+0	1,577E+2	1,579E+2	0,000E+0	4,557E-1	4,536E-1	0,000E+0	7	0001
104,037	38,700	40,400	7,910E+1	0,000E+0	1,576E+2	1,577E+2	0,000E+0	4,561E-1	4,542E-1	0,000E+0	7	0001
105,038	38,600	40,200	7,880E+1	0,000E+0	1,579E+2	1,576E+2	0,000E+0	4,555E-1	4,535E-1	0,000E+0	7	0001
106,037	38,500	40,300	7,880E+1	0,000E+0	1,575E+2	1,578E+2	0,000E+0	4,542E-1	4,529E-1	0,000E+0	7	0001
107,039	38,500	40,300	7,880E+1	0,000E+0	1,575E+2	1,578E+2	0,000E+0	4,542E-1	4,529E-1	0,000E+0	7	0001
108,039	38,900	40,500	7,940E+1	0,000E+0	1,576E+2	1,578E+2	0,000E+0	4,580E-1	4,559E-1	0,000E+0	7	0001
109,039	38,800	40,600	7,940E+1	0,000E+0	1,575E+2	1,579E+2	0,000E+0	4,582E-1	4,566E-1	0,000E+0	6	0001
110,039	38,700	40,600	7,930E+1	0,000E+0	1,579E+2	1,581E+2	0,000E+0	4,575E-1	4,551E-1	0,000E+0	6	0001
111,038	38,800	40,600	7,940E+1	0,000E+0	1,576E+2	1,578E+2	0,000E+0	4,578E-1	4,564E-1	0,000E+0	6	0001
112,039	38,700	40,600	7,930E+1	0,000E+0	1,576E+2	1,578E+2	0,000E+0	4,556E-1	4,557E-1	0,000E+0	6	0001
113,039	38,700	40,600	7,930E+1	0,000E+0	1,576E+2	1,578E+2	0,000E+0	4,556E-1	4,557E-1	0,000E+0	6	0001
114,040	38,700	40,600	7,930E+1	0,000E+0	1,576E+2	1,578E+2	0,000E+0	4,556E-1	4,557E-1	0,000E+0	6	0001
115,040	38,800	40,500	7,930E+1	0,000E+0	1,578E+2	1,577E+2	0,000E+0	4,591E-1	4,558E-1	0,000E+0	6	0001
116,041	38,800	40,500	7,930E+1	0,000E+0	1,578E+2	1,577E+2	0,000E+0	4,591E-1	4,558E-1	0,000E+0	6	0001
117,040	38,800	40,500	7,930E+1	0,000E+0	1,578E+2	1,577E+2	0,000E+0	4,591E-1	4,558E-1	0,000E+0	6	0001
118,041	38,800	40,500	7,930E+1	0,000E+0	1,578E+2	1,577E+2	0,000E+0	4,591E-1	4,558E-1	0,000E+0	6	0001
119,040	38,800	40,800	7,960E+1	0,000E+0	1,575E+2	1,578E+2	0,000E+0	4,587E-1	4,574E-1	0,000E+0	6	0001
120,042	38,800	40,800	7,960E+1	0,000E+0	1,575E+2	1,578E+2	0,000E+0	4,587E-1	4,574E-1	0,000E+0	6	0001
121,043	38,800	40,800	7,960E+1	0,000E+0	1,575E+2	1,578E+2	0,000E+0	4,587E-1	4,574E-1	0,000E+0	6	0001
122,042	38,700	40,600	7,930E+1	0,000E+0	1,577E+2	1,579E+2	0,000E+0	4,570E-1	4,560E-1	0,000E+0	6	0001
123,043	38,700	40,600	7,930E+1	0,000E+0	1,577E+2	1,579E+2	0,000E+0	4,570E-1	4,560E-1	0,000E+0	6	0001
124,042	38,700	40,500	7,920E+1	0,000E+0	1,578E+2	1,580E+2	0,000E+0	4,561E-1	4,549E-1	0,000E+0	6	0001
125,043	39,000	40,600	7,960E+1	0,000E+0	1,579E+2	1,578E+2	0,000E+0	4,592E-1	4,569E-1	0,000E+0	6	0001
126,043	39,100	40,600	7,970E+1	0,000E+0	1,580E+2	1,577E+2	0,000E+0	4,601E-1	4,567E-1	0,000E+0	6	0001
127,044	39,100	40,600	7,970E+1	0,000E+0	1,580E+2	1,577E+2	0,000E+0	4,601E-1	4,567E-1	0,000E+0	6	0001
128,044	39,000	40,400	7,940E+1	0,000E+0	1,578E+2	1,576E+2	0,000E+0	4,602E-1	4,542E-1	0,000E+0	6	0001
129,043	38,900	40,800	7,970E+1	0,000E+0	1,579E+2	1,580E+2	0,000E+0	4,605E-1	4,576E-1	0,000E+0	6	0001
130,044	38,800	40,800	7,960E+1	0,000E+0	1,577E+2	1,580E+2	0,000E+0	4,579E-1	4,579E-1	0,000E+0	5	0001
131,043	38,800	40,700	7,950E+1	0,000E+0	1,576E+2	1,579E+2	0,000E+0	4,589E-1	4,582E-1	0,000E+0	5	0001
132,044	39,000	40,600	7,960E+1	0,000E+0	1,579E+2	1,576E+2	0,000E+0	4,602E-1	4,563E-1	0,000E+0	5	0001
133,044	39,000	40,600	7,960E+1	0,000E+0	1,579E+2	1,576E+2	0,000E+0	4,602E-1	4,563E-1	0,000E+0	5	0001
134,045	39,000	40,700	7,970E+1	0,000E+0	1,577E+2	1,579E+2	0,000E+0	4,594E-1	4,569E-1	0,000E+0	5	0001
135,044	39,000	40,700	7,970E+1	0,000E+0	1,577E+2	1,579E+2	0,000E+0	4,594E-1	4,569E-1	0,000E+0	5	0001
136,045	39,000	40,700	7,970E+1	0,000E+0	1,577E+2	1,579E+2	0,000E+0	4,594E-1	4,569E-1	0,000E+0	5	0001
137,044	38,900	40,700	7,960E+1	0,000E+0	1,578E+2	1,579E+2	0,000E+0	4,585E-1	4,578E-1	0,000E+0	5	0001
138,046	38,900	40,700	7,960E+1	0,000E+0	1,578E+2	1,579E+2	0,000E+0	4,585E-1	4,578E-1	0,000E+0	5	0001
139,045	38,900	40,700	7,960E+1	0,000E+0	1,578E+2	1,579E+2	0,000E+0	4,585E-1	4,578E-1	0,000E+0	5	0001
140,047	38,700	40,700	7,940E+1	0,000E+0	1,578E+2	1,578E+2	0,000E+0	4,586E-1	4,571E-1	0,000E+0	5	0001
141,047	38,700	40,700	7,940E+1	0,000E+0	1,578E+2	1,578E+2	0,000E+0	4,586E-1	4,571E-1	0,000E+0	5	0001
142,047	38,700	40,700	7,940E+1	0,000E+0	1,578E+2	1,578E+2	0,000E+0	4,586E-1	4,571E-1	0,000E+0	5	0001
143,047	38,700	40,700	7,940E+1	0,000E+0	1,578E+2	1,578E+2	0,000E+0	4,586E-1	4,571E-1	0,000E+0	5	0001
144,046	38,900	40,800	7,970E+1	0,000E+0	1,579E+2	1,578E+2	0,000E+0	4,597E-1	4,583E-1	0,000E+0	5	0001
145,047	38,900	40,800	7,970E+1	0,000E+0	1,579E+2	1,578E+2	0,000E+0	4,597E-1	4,583E-1	0,000E+0	5	0001
146,046	39,000	40,600	7,960E+1	0,000E+0	1,578E+2	1,578E+2	0,000E+0	4,601E-1	4,575E-1	0,000E+0	5	0001
147,047	39,000	40,600	7,960E+1	0,000E+0	1,578E+2	1,578E+2	0,000E+0	4,601E-1	4,575E-1	0,000E+0	5	0001
148,047	38,900	40,600	7,950E+1	0,000E+0	1,575E+2	1,577E+2	0,000E+0	4,583E-1	4,563E-1	0,000E+0	5	0001
149,047	38,900	41,000	7,990E+1	0,000E+0	1,577E+2	1,580E+2	0,000E+0	4,601E-1	4,600E-1	0,000E+0	5	0001
150,049	38,900	41,000	7,990E+1	0,000E+0	1,576E+2	1,578E+2	0,000E+0	4,603E-1	4,598E-1	0,000E+0	5	0001
151,048	39,300	40,500	7,980E+1	0,000E+0	1,576E+2	1,576E+2	0,000E+0	4,611E-1	4,569E-1	0,000E+0	5	0001
152,049	38,900	40,800	7,970E+1	0,000E+0	1,578E+2	1,577E+2	0,000E+0	4,602E-1	4,577E-1	0,000E+0	5	0001
153,048	39,000	40,800	7,980E+1	0,000E+0	1,574E+2	1,581E+2	0,000E+0	4,605E-1	4,583E-1	0,000E+0	5	0001
154,049	39,000	40,800	7,980E+1	0,000E+0	1,574E+2	1,581E+2	0,000E+0	4,605E-1	4,583E-1	0,000E+0	5	0001
155,049	38,800	40,900	7,970E+1	0,000E+0	1,576E+2	1,581E+2	0,000E+0	4,595E-1	4,587E-1	0,000E+0	4	0001
156,050	39,000	41,000	8,000E+1	0,000E+0	1,576E+2	1,580E+2	0,000E+0	4,606E-1	4,600E-1	0,000E+0	4	0001
157,051	38,900	40,800	7,970E+1	0,000E+0	1,578E+2	1,578E+2	0,000E+0	4,595E-1	4,580E-1	0,000E+0	4	0001
158,051	39,000	40,800	7,980E+1	0,000E+0	1,577E+2	1,575E+2	0,000E+0	4,605E-1	4,598E-1	0,000E+0	4	0001
159,052	39,000	40,800	7,980E+1	0,000E+0	1,577E+2	1,575E+2	0,000E+0	4,605E-1	4,598E-1	0,000E+0	4	0001
160,052	39,000	40,800	7,980E+1	0,000E+0	1,577E+2	1,575E+2	0,000E+0	4,605E-1	4,598E-1	0,000E+0	4	0001
161,053	39,000	40,800	7,980E+1	0,000E+0	1,577E+2	1,575E+2	0,000E+0	4,605E-1	4,598E-1	0,000E+0	4	0001
162,053	39,000	40,800	7,980E+1	0,000E+0	1,577E+2	1,575E+2	0,000E+0	4,605E-1	4,598E-1	0,000E+0	4	0001
163,052	38,900	40,900	7,980E+1	0,000E+0	1,577E+2	1,577E+2	0,000E+0	4,597E-1	4,582E-1	0,000E+0	4	0001
164,053	38,900	40,900	7,980E+1	0,000E+0	1,577E+2	1,577E+2	0,000E+0	4,597E-1	4,582E-1	0,000E+0	4	0001
165,055	38,900	40,900	7,980E+1	0,000E+0	1,577E+2	1,577E+2	0,000E+0	4,597E-1	4,582E-1	0,000E+0	4	0001
166,054	38,900	40,900	7,980E+1	0,000E+0	1,577E+2	1,577E+2	0,000E+0	4,597E-1	4,582E-1	0,000E+0	4	0001
167,055	38,900	40,900	7,980E+1	0,000E+0	1,576E+2	1,579E+2	0,000E+0	4,601E-1	4,590E-1	0,000E+0	4	0001
168,056	39,000	41,100	8,010E+1	0,000E+0	1,579E+2	1,581E+2	0,000E+0	4,605E-1	4,602E-1	0,000E+0	4	0001
169,056	39,000	41,100	8,010E+1	0,000E+0	1,579E+2	1,581E+2	0,000E+0	4,605E-1	4,602E-1	0,000E+0	4	0001
170,056	39,000	40,800	7,980E+1	0,000E+0	1,581E+2	1,584E+2	0,000E+0	4,618E-1	4,588E-1	0,000E+0	4	0001
171,055	38,900	40,900	7,980E+1	0,000E+0	1,578E+2	1,578E+2	0,000E+0	4,598E-1	4,602E-1	0,000E+0	4	0001
172,056	39,000	40,900	7,990E+1	0,000E+0	1,576E+2	1,579E+2	0,000E+0	4,605E-1	4,606E-1	0,000E+0	4	0001
173,055	38,800	41,100	7,990E+1	0,000E+0	1,578E+2	1,582E+2	0,000E+0	4,594E-1	4,603E-1	0,000E+0	4	0001
174,056	39,000	40,700	7,970E+1	0,000E+0	1,580E+2	1,580E+2	0,000E+0	4,605E-1	4,559E-1	0,000E+0	4	0001
175,056	39,000	41,000	8,000E+1	0,000E+0	1,579E+2	1,580E+2	0,000E+0	4,610E-1	4,604E-1	0,000E+0	3	0001
176,056	39,100	41,000	8,010E+1	0,000E+0	1,577E+2	1,579E+2	0,000E+0	4,620E-1	4,603E-1	0,000E+0	3	0001
177,056	39,100	41,000	8,010E+1	0,000E+0	1,577E+2	1,579E+2	0,000E+0	4,620E-1	4,603E-1	0,000E+0	3	0001
178,056	38,900	40,700	7,960E+1	0,000E+0	1,577E+2	1,576E+2	0,000E+0	4,589E-1	4,568E-1	0,000E+0	3	0001
179,057	38,900	40,700	7,960E+1	0,000E+0	1,577E+2	1,576E+2	0,000E+0	4,589E-1	4,568E-1	0,000E+0	3	0001
180,058	38,900	40,700	7,960E+1	0,000E+0	1,577E+2	1,576E+2	0,000E+0	4,589E-1	4,568E-1	0,000E+0	3	0001
181,057	39,100	40,700	7,980E+1	0,000E+0	1,579E+2	1,576E+2	0,000E+0	4,610E-1	4,592E-1	0,000E+0	3	0001
182,059	39,100	40,700	7,980E+1	0,000E+0	1,579E+2	1,576E+2	0,000E+0	4,610E-1	4,592E-1	0,000E+0	3	0001
183,059	39,100	40,700	7,980E+1	0,000E+0	1,579E+2	1,576E+2	0,000E+0	4,610E-1	4,592E-1	0,000E+0	3	0001
184,059	39,000	40,800	7,980E+1	0,000E+0	1,578E+2	1,578E+2	0,000E+0	4,610E-1	4,592E-1	0,000E+0	3	0001
185,059	39,000	40,800	7,980E+1	0,000E+0	1,578E+2	1,578E+2	0,000E+0	4,610E-1	4,592E-1	0,000E+0	3	0001
186,060	39,000	40,800	7,980E+1	0,000E+0	1,578E+2	1,578E+2	0,000E+0	4,610E-1	4,592E-1	0,000E+0	3	0001
187,061	39,000	40,800	7,980E+1	0,000E+0	1,578E+2	1,578E+2	0,000E+0	4,610E-1	4,592E-1	0,000E+0	3	0001
188,060	39,000	40,800	7,980E+1	0,000E+0	1,577E+2	1,578E+2	0,000E+0	4,601E-1	4,599E-1	0,000E+0	3	0001
189,061	39,000	40,800	7,980E+1	0,000E+0	1,577E+2	1,578E+2	0,000E+0	4,601E-1	4,599E-1	0,000E+0	3	0001
190,060	39,000	40,800	7,980E+1	0,000E+0	1,577E+2	1,578E+2	0,000E+0	4,601E-1	4,599E-1	0,000E+0	3	0001
191,061	39,000	40,800	7,980E+1	0,000E+0	1,577E+2	1,578E+2	0,000E+0	4,601E-1	4,599E-1	0,000E+0	3	0001
192,062	39,000	40,800	7,980E+1	0,000E+0	1,577E+2	1,578E+2	0,000E+0	4,601E-1	4,599E-1	0,000E+0	3	0001
193,061	39,000	40,800	7,980E+1	0,000E+0	1,577E+2	1,578E+2	0,000E+0	4,601E-1	4,599E-1	0,000E+0	3	0001
194,063	39,000	41,000	8,000E+1	0,000E+0	1,578E+2	1,579E+2	0,000E+0	4,616E-1	4,598E-1	0,000E+0	3	0001
195,063	38,900	41,000	7,990E+1	0,000E+0	1,576E+2	1,579E+2	0,000E+0	4,594E-1	4,593E-1	0,000E+0	2	0001
196,064	38,900	41,000	7,990E+1	0,000E+0	1,576E+2	1,579E+2	0,000E+0	4,594E-1	4,593E-1	0,000E+0	2	0001
197,063	38,900	40,700	7,960E+1	0,000E+0	1,578E+2	1,574E+2	0,000E+0	4,601E-1	4,588E-1	0,000E+0	2	0001
198,064	38,900	40,700	7,960E+1	0,000E+0	1,578E+2	1,574E+2	0,000E+0	4,601E-1	4,588E-1	0,000E+0	2	0001
199,064	38,900	40,700	7,960E+1	0,000E+0	1,578E+2	1,574E+2	0,000E+0	4,601E-1	4,588E-1	0,000E+0	2	0001
200,063	38,900	40,700	7,960E+1	0,000E+0	1,578E+2	1,574E+2	0,000E+0	4,601E-1	4,588E-1	0,000E+0	2	0001
201,064	38,900	40,700	7,960E+1	0,000E+0	1,578E+2	1,574E+2	0,000E+0	4,601E-1	4,588E-1	0,000E+0	2	0001
202,065	38,900	40,700	7,960E+1	0,000E+0	1,578E+2	1,574E+2	0,000E+0	4,601E-1	4,588E-1	0,000E+0	2	0001
203,065	39,300	40,700	8,000E+1	0,000E+0	1,577E+2	1,578E+2	0,000E+0	4,633E-1	4,585E-1	0,000E+0	2	0001
204,064	39,300	40,700	8,000E+1	0,000E+0	1,577E+2	1,578E+2	0,000E+0	4,633E-1	4,585E-1	0,000E+0	2	0001
205,066	39,300	40,700	8,000E+1	0,000E+0	1,577E+2	1,578E+2	0,000E+0	4,633E-1	4,585E-1	0,000E+0	2	0001
206,066	39,000	40,900	7,990E+1	0,000E+0	1,575E+2	1,579E+2	0,000E+0	4,610E-1	4,601E-1	0,000E+0	2	0001
207,065	39,000	40,900	7,990E+1	0,000E+0	1,575E+2	1,579E+2	0,000E+0	4,610E-1	4,601E-1	0,000E+0	2	0001
208,066	39,100	40,700	7,980E+1	0,000E+0	1,574E+2	1,577E+2	0,000E+0	4,612E-1	4,596E-1	0,000E+0	2	0001
209,066	39,100	40,700	7,980E+1	0,000E+0	1,574E+2	1,577E+2	0,000E+0	4,612E-1	4,596E-1	0,000E+0	2	0001
210,068	38,900	41,000	7,990E+1	0,000E+0	1,577E+2	1,579E+2	0,000E+0	4,607E-1	4,591E-1	0,000E+0	2	0001
211,067	38,900	40,900	7,980E+1	0,000E+0	1,575E+2	1,577E+2	0,000E+0	4,606E-1	4,589E-1	0,000E+0	1	0001
212,069	39,000	41,000	8,000E+1	0,000E+0	1,576E+2	1,579E+2	0,000E+0	4,619E-1	4,611E-1	0,000E+0	1	0001
213,069	39,000	41,100	8,010E+1	0,000E+0	1,576E+2	1,579E+2	0,000E+0	4,595E-1	4,602E-1	0,000E+0	1	0001
214,069	39,100	40,700	7,980E+1	0,000E+0	1,579E+2	1,578E+2	0,000E+0	4,624E-1	4,577E-1	0,000E+0	1	0001
215,069	39,100	40,700	7,980E+1	0,000E+0	1,579E+2	1,578E+2	0,000E+0	4,624E-1	4,577E-1	0,000E+0	1	0001
216,069	39,100	40,700	7,980E+1	0,000E+0	1,579E+2	1,578E+2	0,000E+0	4,624E-1	4,577E-1	0,000E+0	1	0001
217,069	39,100	40,700	7,980E+1	0,000E+0	1,579E+2	1,578E+2	0,000E+0	4,624E-1	4,577E-1	0,000E+0	1	0001
218,068	39,100	40,700	7,980E+1	0,000E+0	1,579E+2	1,578E+2	0,000E+0	4,624E-1	4,577E-1	0,000E+0	1	0001
219,069	39,000	40,900	7,990E+1	0,000E+0	1,578E+2	1,577E+2	0,000E+0	4,617E-1	4,612E-1	0,000E+0	1	0001
220,068	39,000	40,900	7,990E+1	0,000E+0	1,578E+2	1,577E+2	0,000E+0	4,617E-1	4,612E-1	0,000E+0	1	0001
221,069	39,000	40,900	7,990E+1	0,000E+0	1,578E+2	1,577E+2	0,000E+0	4,617E-1	4,612E-1	0,000E+0	1	0001
222,069	39,000	40,900	7,990E+1	0,000E+0	1,578E+2	1,577E+2	0,000E+0	4,617E-1	4,612E-1	0,000E+0	1	0001
223,068	39,100	40,800	7,990E+1	0,000E+0	1,577E+2	1,579E+2	0,000E+0	4,610E-1	4,588E-1	0,000E+0	1	0001
224,069	39,100	40,800	7,990E+1	0,000E+0	1,577E+2	1,579E+2	0,000E+0	4,610E-1	4,588E-1	0,000E+0	1	0001
225,069	39,000	40,800	7,980E+1	0,000E+0	1,577E+2	1,580E+2	0,000E+0	4,620E-1	4,606E-1	0,000E+0	1	0001
226,068	39,000	40,800	7,980E+1	0,000E+0	1,577E+2	1,580E+2	0,000E+0	4,620E-1	4,606E-1	0,000E+0	1	0001
227,069	39,000	40,700	7,970E+1	0,000E+0	1,578E+2	1,578E+2	0,000E+0	4,608E-1	4,579E-1	0,000E+0	1	0001
228,068	39,000	40,700	7,970E+1	0,000E+0	1,577E+2	1,578E+2	0,000E+0	4,608E-1	4,584E-1	0,000E+0	1	0001
229,069	39,100	40,900	8,000E+1	0,000E+0	1,579E+2	1,581E+2	0,000E+0	4,609E-1	4,575E-1	0,000E+0	1	0001
230,068	39,000	41,000	8,000E+1	0,000E+0	1,578E+2	1,578E+2	0,000E+0	4,611E-1	4,601E-1	0,000E+0	1	0001
231,069	39,200	40,800	8,000E+1	0,000E+0	1,575E+2	1,576E+2	0,000E+0	4,619E-1	4,588E-1	0,000E+0	1	0001
232,068	39,000	40,700	7,970E+1	0,000E+0	1,577E+2	1,578E+2	0,000E+0	4,607E-1	4,583E-1	0,000E+0	1	0001
233,069	39,000	40,700	7,970E+1	0,000E+0	1,577E+2	1,578E+2	0,000E+0	4,607E-1	4,583E-1	0,000E+0	0	0001
234,069	39,200	40,700	7,990E+1	0,000E+0	1,579E+2	1,577E+2	0,000E+0	4,624E-1	4,575E-1	0,000E+0	0	0001
235,068	39,200	40,800	8,000E+1	0,000E+0	1,578E+2	1,577E+2	0,000E+0	4,616E-1	4,582E-1	0,000E+0	0	0001
236,070	39,000	40,800	7,980E+1	0,000E+0	1,576E+2	1,577E+2	0,000E+0	4,593E-1	4,587E-1	0,000E+0	0	0001
237,069	38,800	40,800	7,960E+1	0,000E+0	1,574E+2	1,576E+2	0,000E+0	4,587E-1	4,591E-1	0,000E+0	0	0001
238,070	38,800	40,800	7,960E+1	0,000E+0	1,574E+2	1,576E+2	0,000E+0	4,587E-1	4,591E-1	0,000E+0	0	0001
239,070	38,800	40,800	7,960E+1	0,000E+0	1,574E+2	1,576E+2	0,000E+0	4,587E-1	4,591E-1	0,000E+0	0	0001
240,070	38,800	40,800	7,960E+1	0,000E+0	1,574E+2	1,576E+2	0,000E+0	4,587E-1	4,591E-1	0,000E+0	0	0001
241,070	38,800	40,800	7,960E+1	0,000E+0	1,574E+2	1,576E+2	0,000E+0	4,587E-1	4,591E-1	0,000E+0	0	0001
242,069	38,800	40,800	7,960E+1	0,000E+0	1,574E+2	1,576E+2	0,000E+0	4,587E-1	4,591E-1	0,000E+0	0	0001
243,069	38,800	40,800	7,960E+1	0,000E+0	1,574E+2	1,576E+2	0,000E+0	4,587E-1	4,591E-1	0,000E+0	0	0001
244,070	38,800	40,800	7,960E+1	0,000E+0	1,574E+2	1,576E+2	0,000E+0	4,587E-1	4,591E-1	0,000E+0	0	0001
245,069	39,000	41,000	8,000E+1	0,000E+0	1,576E+2	1,580E+2	0,000E+0	4,601E-1	4,591E-1	0,000E+0	0	0001
246,070	39,000	41,000	8,000E+1	0,000E+0	1,576E+2	1,580E+2	0,000E+0	4,601E-1	4,591E-1	0,000E+0	0	0001
247,070	39,200	40,900	8,010E+1	0,000E+0	1,576E+2	1,576E+2	0,000E+0	4,630E-1	4,601E-1	0,000E+0	0	0001
248,071	39,200	40,900	8,010E+1	0,000E+0	1,576E+2	1,576E+2	0,000E+0	4,630E-1	4,601E-1	0,000E+0	0	0001
249,071	38,800	41,100	7,990E+1	0,000E+0	1,572E+2	1,578E+2	0,000E+0	4,596E-1	4,597E-1	0,000E+0	0	0001
250,070	38,800	40,900	7,970E+1	0,000E+0	1,576E+2	1,577E+2	0,000E+0	4,596E-1	4,583E-1	0,000E+0	0	0001
251,071	38,900	41,100	8,000E+1	0,000E+0	1,578E+2	1,578E+2	0,000E+0	4,613E-1	4,611E-1	0,000E+0	0	0001
252,071	39,100	40,800	7,990E+1	0,000E+0	1,578E+2	1,578E+2	0,000E+0	4,615E-1	4,584E-1	0,000E+0	0	0010
253,072	39,100	41,000	8,010E+1	0,000E+0	1,575E+2	1,576E+2	0,000E+0	4,629E-1	4,615E-1	0,000E+0	0	0010
254,071	39,000	40,800	7,980E+1	0,000E+0	1,577E+2	1,576E+2	0,000E+0	4,603E-1	4,582E-1	0,000E+0	0	0010
255,072	39,000	40,800	7,980E+1	0,000E+0	1,577E+2	1,576E+2	0,000E+0	4,603E-1	4,582E-1	0,000E+0	0	0010
256,071	39,100	40,800	7,990E+1	0,000E+0	1,576E+2	1,578E+2	0,000E+0	4,606E-1	4,584E-1	0,000E+0	0	0010
257,073	39,000	40,900	7,990E+1	0,000E+0	1,574E+2	1,577E+2	0,000E+0	4,600E-1	4,585E-1	0,000E+0	0	0010
258,073	39,000	40,800	7,980E+1	0,000E+0	1,574E+2	1,578E+2	0,000E+0	4,610E-1	4,582E-1	0,000E+0	0	0010
259,073	39,100	40,900	8,000E+1	0,000E+0	1,577E+2	1,578E+2	0,000E+0	4,613E-1	4,610E-1	0,000E+0	0	0010
260,074	39,100	40,900	8,000E+1	0,000E+0	1,575E+2	1,576E+2	0,000E+0	4,626E-1	4,596E-1	0,000E+0	0	0010
261,074	39,100	40,800	7,990E+1	0,000E+0	1,576E+2	1,574E+2	0,000E+0	4,618E-1	4,587E-1	0,000E+0	0	0010
262,075	39,100	40,800	7,990E+1	0,000E+0	1,576E+2	1,576E+2	0,000E+0	4,616E-1	4,579E-1	0,000E+0	0	0010
263,076	39,000	41,000	8,000E+1	0,000E+0	1,576E+2	1,577E+2	0,000E+0	4,615E-1	4,600E-1	0,000E+0	0	0010
264,076	39,000	41,000	8,000E+1	0,000E+0	1,576E+2	1,577E+2	0,000E+0	4,615E-1	4,600E-1	0,000E+0	0	0010
265,077	39,000	41,000	8,000E+1	0,000E+0	1,576E+2	1,577E+2	0,000E+0	4,615E-1	4,600E-1	0,000E+0	0	0010
266,076	39,000	41,000	8,000E+1	0,000E+0	1,576E+2	1,577E+2	0,000E+0	4,615E-1	4,600E-1	0,000E+0	0	0010
267,077	39,000	40,900	7,990E+1	0,000E+0	1,577E+2	1,575E+2	0,000E+0	4,615E-1	4,591E-1	0,000E+0	0	0010
268,076	39,000	40,900	7,990E+1	0,000E+0	1,577E+2	1,575E+2	0,000E+0	4,615E-1	4,591E-1	0,000E+0	0	0010
269,077	39,000	40,900	7,990E+1	0,000E+0	1,577E+2	1,575E+2	0,000E+0	4,615E-1	4,591E-1	0,000E+0	0	0010
270,077	39,000	40,900	7,990E+1	0,000E+0	1,577E+2	1,575E+2	0,000E+0	4,615E-1	4,591E-1	0,000E+0	0	0010
271,076	39,100	40,800	7,990E+1	0,000E+0	1,577E+2	1,575E+2	0,000E+0	4,599E-1	4,576E-1	0,000E+0	0	0010
272,077	39,100	40,800	7,990E+1	0,000E+0	1,577E+2	1,575E+2	0,000E+0	4,599E-1	4,576E-1	0,000E+0	0	0010
273,077	38,700	40,800	7,950E+1	0,000E+0	1,573E+2	1,578E+2	0,000E+0	4,579E-1	4,577E-1	0,000E+0	0	0010
274,078	38,700	40,800	7,950E+1	0,000E+0	1,573E+2	1,578E+2	0,000E+0	4,579E-1	4,577E-1	0,000E+0	0	0010
275,079	39,200	40,800	8,000E+1	0,000E+0	1,574E+2	1,575E+2	0,000E+0	4,630E-1	4,601E-1	0,000E+0	1	0010
276,079	38,900	40,900	7,980E+1	0,000E+0	1,576E+2	1,577E+2	0,000E+0	4,607E-1	4,595E-1	0,000E+0	1	0010
277,079	39,000	41,000	8,000E+1	0,000E+0	1,575E+2	1,580E+2	0,000E+0	4,607E-1	4,595E-1	0,000E+0	1	0010
278,078	39,000	41,100	8,010E+1	0,000E+0	1,577E+2	1,579E+2	0,000E+0	4,613E-1	4,615E-1	0,000E+0	1	0010
279,079	39,000	41,100	8,010E+1	0,000E+0	1,577E+2	1,579E+2	0,000E+0	4,613E-1	4,615E-1	0,000E+0	1	0010
280,078	39,000	41,100	8,010E+1	0,000E+0	1,577E+2	1,579E+2	0,000E+0	4,613E-1	4,615E-1	0,000E+0	1	0010
281,080	39,000	41,100	8,010E+1	0,000E+0	1,577E+2	1,579E+2	0,000E+0	4,613E-1	4,615E-1	0,000E+0	1	0010
282,080	39,000	41,100	8,010E+1	0,000E+0	1,577E+2	1,579E+2	0,000E+0	4,613E-1	4,615E-1	0,000E+0	1	0010
283,079	39,100	41,000	8,010E+1	0,000E+0	1,577E+2	1,577E+2	0,000E+0	4,633E-1	4,609E-1	0,000E+0	1	0010
284,080	39,100	41,000	8,010E+1	0,000E+0	1,577E+2	1,577E+2	0,000E+0	4,633E-1	4,609E-1	0,000E+0	1	0010
285,080	39,100	41,000	8,010E+1	0,000E+0	1,577E+2	1,577E+2	0,000E+0	4,633E-1	4,609E-1	0,000E+0	1	0010
286,079	38,800	40,800	7,960E+1	0,000E+0	1,577E+2	1,578E+2	0,000E+0	4,596E-1	4,582E-1	0,000E+0	1	0010
287,080	38,800	40,800	7,960E+1	0,000E+0	1,577E+2	1,578E+2	0,000E+0	4,596E-1	4,582E-1	0,000E+0	1	0010
288,080	39,100	40,700	7,980E+1	0,000E+0	1,578E+2	1,577E+2	0,000E+0	4,599E-1	4,577E-1	0,000E+0	1	0010
289,081	39,100	40,700	7,980E+1	0,000E+0	1,578E+2	1,577E+2	0,000E+0	4,599E-1	4,577E-1	0,000E+0	1	0010
290,081	39,200	40,700	7,990E+1	0,000E+0	1,576E+2	1,576E+2	0,000E+0	4,619E-1	4,581E-1	0,000E+0	1	0010
291,080	39,200	41,100	8,030E+1	0,000E+0	1,578E+2	1,581E+2	0,000E+0	4,622E-1	4,600E-1	0,000E+0	2	0010
292,081	39,100	40,900	8,000E+1	0,000E+0	1,579E+2	1,580E+2	0,000E+0	4,626E-1	4,589E-1	0,000E+0	2	0010
293,080	38,800	40,800	7,960E+1	0,000E+0	1,574E+2	1,579E+2	0,000E+0	4,591E-1	4,583E-1	0,000E+0	2	0010
294,082	39,200	40,900	8,010E+1	0,000E+0	1,576E+2	1,582E+2	0,000E+0	4,624E-1	4,591E-1	0,000E+0	2	0010
295,083	39,200	40,900	8,010E+1	0,000E+0	1,576E+2	1,582E+2	0,000E+0	4,624E-1	4,591E-1	0,000E+0	2	0010
296,083	39,200	40,900	8,010E+1	0,000E+0	1,576E+2	1,582E+2	0,000E+0	4,624E-1	4,591E-1	0,000E+0	2	0010
297,084	39,200	40,900	8,010E+1	0,000E+0	1,576E+2	1,582E+2	0,000E+0	4,624E-1	4,591E-1	0,000E+0	2	0010
298,083	38,900	40,700	7,960E+1	0,000E+0	1,577E+2	1,576E+2	0,000E+0	4,594E-1	4,571E-1	0,000E+0	2	0010
299,085	38,900	40,700	7,960E+1	0,000E+0	1,577E+2	1,576E+2	0,000E+0	4,594E-1	4,571E-1	0,000E+0	2	0010
300,085	38,900	40,700	7,960E+1	0,000E+0	1,577E+2	1,576E+2	0,000E+0	4,594E-1	4,571E-1	0,000E+0	2	0010
301,085	38,900	40,700	7,960E+1	0,000E+0	1,577E+2	1,576E+2	0,000E+0	4,594E-1	4,571E-1	0,000E+0	2	0010
302,085	39,200	40,900	8,010E+1	0,000E+0	1,579E+2	1,577E+2	0,000E+0	4,614E-1	4,603E-1	0,000E+0	2	0010
303,084	39,200	40,900	8,010E+1	0,000E+0	1,579E+2	1,577E+2	0,000E+0	4,614E-1	4,603E-1	0,000E+0	2	0010
304,085	39,000	41,000	8,000E+1	0,000E+0	1,577E+2	1,579E+2	0,000E+0	4,608E-1	4,603E-1	0,000E+0	2	0010
305,084	39,000	41,000	8,000E+1	0,000E+0	1,577E+2	1,579E+2	0,000E+0	4,608E-1	4,603E-1	0,000E+0	2	0010
306,085	39,200	41,000	8,020E+1	0,000E+0	1,578E+2	1,578E+2	0,000E+0	4,638E-1	4,602E-1	0,000E+0	2	0010
307,086	39,100	41,000	8,010E+1	0,000E+0	1,577E+2	1,579E+2	0,000E+0	4,614E-1	4,594E-1	0,000E+0	3	0010
308,085	38,700	40,900	7,960E+1	0,000E+0	1,576E+2	1,580E+2	0,000E+0	4,582E-1	4,585E-1	0,000E+0	3	0010
309,087	38,900	40,900	7,980E+1	0,000E+0	1,577E+2	1,578E+2	0,000E+0	4,589E-1	4,592E-1	0,000E+0	3	0010
310,087	38,800	40,900	7,970E+1	0,000E+0	1,576E+2	1,579E+2	0,000E+0	4,594E-1	4,590E-1	0,000E+0	3	0010
311,089	38,800	40,900	7,970E+1	0,000E+0	1,576E+2	1,579E+2	0,000E+0	4,594E-1	4,590E-1	0,000E+0	3	0010
312,089	38,800	40,900	7,970E+1	0,000E+0	1,576E+2	1,579E+2	0,000E+0	4,594E-1	4,590E-1	0,000E+0	3	0010
313,089	38,800	40,900	7,970E+1	0,000E+0	1,576E+2	1,579E+2	0,000E+0	4,594E-1	4,590E-1	0,000E+0	3	0010
314,090	38,800	40,900	7,970E+1	0,000E+0	1,576E+2	1,579E+2	0,000E+0	4,594E-1	4,590E-1	0,000E+0	3	0010
315,091	38,800	40,900	7,970E+1	0,000E+0	1,576E+2	1,579E+2	0,000E+0	4,594E-1	4,590E-1	0,000E+0	3	0010
316,090	38,800	40,900	7,970E+1	0,000E+0	1,576E+2	1,579E+2	0,000E+0	4,594E-1	4,590E-1	0,000E+0	3	0010
317,091	38,900	41,000	7,990E+1	0,000E+0	1,575E+2	1,576E+2	0,000E+0	4,602E-1	4,600E-1	0,000E+0	3	0010
318,091	38,900	41,000	7,990E+1	0,000E+0	1,575E+2	1,576E+2	0,000E+0	4,602E-1	4,600E-1	0,000E+0	3	0010
319,091	38,900	41,100	8,000E+1	0,000E+0	1,574E+2	1,579E+2	0,000E+0	4,602E-1	4,610E-1	0,000E+0	3	0010
320,090	38,900	41,100	8,000E+1	0,000E+0	1,574E+2	1,579E+2	0,000E+0	4,602E-1	4,610E-1	0,000E+0	3	0010
321,091	38,900	41,100	8,000E+1	0,000E+0	1,574E+2	1,579E+2	0,000E+0	4,602E-1	4,610E-1	0,000E+0	3	0010
322,090	39,000	41,000	8,000E+1	0,000E+0	1,578E+2	1,579E+2	0,000E+0	4,618E-1	4,604E-1	0,000E+0	3	0010
323,091	39,100	40,900	8,000E+1	0,000E+0	1,578E+2	1,577E+2	0,000E+0	4,621E-1	4,601E-1	0,000E+0	3	0010
324,090	39,400	40,600	8,000E+1	0,000E+0	1,577E+2	1,576E+2	0,000E+0	4,628E-1	4,580E-1	0,000E+0	3	0010
325,091	39,000	41,000	8,000E+1	0,000E+0	1,575E+2	1,577E+2	0,000E+0	4,612E-1	4,602E-1	0,000E+0	3	0010
326,091	38,900	41,000	7,990E+1	0,000E+0	1,575E+2	1,578E+2	0,000E+0	4,603E-1	4,592E-1	0,000E+0	3	0010
327,090	39,000	40,900	7,990E+1	0,000E+0	1,577E+2	1,578E+2	0,000E+0	4,619E-1	4,593E-1	0,000E+0	3	0010
328,091	38,900	40,900	7,980E+1	0,000E+0	1,577E+2	1,579E+2	0,000E+0	4,599E-1	4,580E-1	0,000E+0	3	0010
329,091	39,100	40,900	8,000E+1	0,000E+0	1,575E+2	1,576E+2	0,000E+0	4,609E-1	4,598E-1	0,000E+0	3	0010
330,092	39,200	40,800	8,000E+1	0,000E+0	1,576E+2	1,576E+2	0,000E+0	4,624E-1	4,611E-1	0,000E+0	4	0010
331,092	38,900	41,000	7,990E+1	0,000E+0	1,575E+2	1,579E+2	0,000E+0	4,610E-1	4,597E-1	0,000E+0	4	0010
332,093	39,000	41,000	8,000E+1	0,000E+0	1,578E+2	1,580E+2	0,000E+0	4,600E-1	4,604E-1	0,000E+0	4	0010
333,094	39,000	41,000	8,000E+1	0,000E+0	1,578E+2	1,580E+2	0,000E+0	4,600E-1	4,604E-1	0,000E+0	4	0010
334,093	39,100	40,800	7,990E+1	0,000E+0	1,576E+2	1,580E+2	0,000E+0	4,609E-1	4,580E-1	0,000E+0	4	0010
335,095	39,100	40,800	7,990E+1	0,000E+0	1,576E+2	1,580E+2	0,000E+0	4,609E-1	4,580E-1	0,000E+0	4	0010
336,094	39,000	41,000	8,000E+1	0,000E+0	1,579E+2	1,580E+2	0,000E+0	4,613E-1	4,586E-1	0,000E+0	4	0010
337,095	39,000	41,000	8,000E+1	0,000E+0	1,579E+2	1,580E+2	0,000E+0	4,613E-1	4,586E-1	0,000E+0	4	0010
338,094	39,100	40,900	8,000E+1	0,000E+0	1,576E+2	1,576E+2	0,000E+0	4,625E-1	4,602E-1	0,000E+0	4	0010
339,095	39,100	40,900	8,000E+1	0,000E+0	1,576E+2	1,576E+2	0,000E+0	4,625E-1	4,602E-1	0,000E+0	4	0010
340,094	39,100	40,900	8,000E+1	0,000E+0	1,576E+2	1,576E+2	0,000E+0	4,625E-1	4,602E-1	0,000E+0	4	0010
341,095	39,200	40,600	7,980E+1	0,000E+0	1,581E+2	1,576E+2	0,000E+0	4,626E-1	4,580E-1	0,000E+0	4	0010
342,095	39,200	40,600	7,980E+1	0,000E+0	1,581E+2	1,576E+2	0,000E+0	4,626E-1	4,580E-1	0,000E+0	4	0010
343,094	39,200	40,600	7,980E+1	0,000E+0	1,581E+2	1,576E+2	0,000E+0	4,626E-1	4,580E-1	0,000E+0	4	0010
344,096	39,200	40,600	7,980E+1	0,000E+0	1,581E+2	1,576E+2	0,000E+0	4,626E-1	4,580E-1	0,000E+0	4	0010
345,096	39,100	41,200	8,030E+1	0,000E+0	1,579E+2	1,580E+2	0,000E+0	4,625E-1	4,614E-1	0,000E+0	4	0010
346,095	39,200	40,800	8,000E+1	0,000E+0	1,580E+2	1,578E+2	0,000E+0	4,638E-1	4,604E-1	0,000E+0	4	0010
347,096	39,100	40,700	7,980E+1	0,000E+0	1,578E+2	1,575E+2	0,000E+0	4,606E-1	4,587E-1	0,000E+0	4	0010
348,095	39,000	40,800	7,980E+1	0,000E+0	1,579E+2	1,577E+2	0,000E+0	4,601E-1	4,588E-1	0,000E+0	4	0010
349,096	39,300	41,000	8,030E+1	0,000E+0	1,579E+2	1,580E+2	0,000E+0	4,648E-1	4,607E-1	0,000E+0	5	0010
350,096	38,900	41,000	7,990E+1	0,000E+0	1,574E+2	1,577E+2	0,000E+0	4,604E-1	4,616E-1	0,000E+0	5	0010
351,095	39,000	40,900	7,990E+1	0,000E+0	1,578E+2	1,576E+2	0,000E+0	4,626E-1	4,596E-1	0,000E+0	5	0010
352,097	39,200	40,900	8,010E+1	0,000E+0	1,580E+2	1,578E+2	0,000E+0	4,616E-1	4,593E-1	0,000E+0	5	0010
353,096	39,200	40,900	8,010E+1	0,000E+0	1,580E+2	1,578E+2	0,000E+0	4,616E-1	4,593E-1	0,000E+0	5	0010
354,098	39,200	40,900	8,010E+1	0,000E+0	1,580E+2	1,578E+2	0,000E+0	4,616E-1	4,593E-1	0,000E+0	5	0010
355,097	39,200	40,900	8,010E+1	0,000E+0	1,580E+2	1,578E+2	0,000E+0	4,616E-1	4,593E-1	0,000E+0	5	0010
356,098	39,200	40,900	8,010E+1	0,000E+0	1,580E+2	1,578E+2	0,000E+0	4,616E-1	4,593E-1	0,000E+0	5	0010
357,098	38,900	40,900	7,980E+1	0,000E+0	1,576E+2	1,579E+2	0,000E+0	4,597E-1	4,585E-1	0,000E+0	5	0010
358,097	38,900	40,900	7,980E+1	0,000E+0	1,576E+2	1,579E+2	0,000E+0	4,597E-1	4,585E-1	0,000E+0	5	0010
359,098	38,900	40,900	7,980E+1	0,000E+0	1,576E+2	1,579E+2	0,000E+0	4,597E-1	4,585E-1	0,000E+0	5	0010
360,097	38,900	41,300	8,020E+1	0,000E+0	1,577E+2	1,580E+2	0,000E+0	4,616E-1	4,622E-1	0,000E+0	5	0010
361,098	38,900	41,300	8,020E+1	0,000E+0	1,577E+2	1,580E+2	0,000E+0	4,616E-1	4,622E-1	0,000E+0	5	0010
362,098	39,100	40,800	7,990E+1	0,000E+0	1,580E+2	1,579E+2	0,000E+0	4,625E-1	4,587E-1	0,000E+0	5	0010
363,099	39,100	40,800	7,990E+1	0,000E+0	1,580E+2	1,579E+2	0,000E+0	4,625E-1	4,587E-1	0,000E+0	5	0010
364,099	39,100	40,800	7,990E+1	0,000E+0	1,575E+2	1,575E+2	0,000E+0	4,628E-1	4,608E-1	0,000E+0	5	0010
365,098	39,100	40,800	7,990E+1	0,000E+0	1,575E+2	1,575E+2	0,000E+0	4,628E-1	4,608E-1	0,000E+0	6	0010
366,099	38,700	40,900	7,960E+1	0,000E+0	1,577E+2	1,578E+2	0,000E+0	4,581E-1	4,592E-1	0,000E+0	6	0010
367,099	39,100	40,900	8,000E+1	0,000E+0	1,578E+2	1,579E+2	0,000E+0	4,619E-1	4,608E-1	0,000E+0	6	0010
368,100	39,100	41,100	8,020E+1	0,000E+0	1,578E+2	1,579E+2	0,000E+0	4,630E-1	4,613E-1	0,000E+0	6	0010
369,100	39,100	40,900	8,000E+1	0,000E+0	1,578E+2	1,581E+2	0,000E+0	4,615E-1	4,604E-1	0,000E+0	6	0010
370,099	39,100	40,900	8,000E+1	0,000E+0	1,578E+2	1,581E+2	0,000E+0	4,615E-1	4,604E-1	0,000E+0	6	0010
371,100	39,100	40,900	8,000E+1	0,000E+0	1,578E+2	1,581E+2	0,000E+0	4,615E-1	4,604E-1	0,000E+0	6	0010
372,100	39,100	40,900	8,000E+1	0,000E+0	1,578E+2	1,581E+2	0,000E+0	4,615E-1	4,604E-1	0,000E+0	6	0010
373,100	39,100	41,000	8,010E+1	0,000E+0	1,579E+2	1,578E+2	0,000E+0	4,621E-1	4,603E-1	0,000E+0	6	0010
374,101	39,100	41,000	8,010E+1	0,000E+0	1,579E+2	1,578E+2	0,000E+0	4,621E-1	4,603E-1	0,000E+0	6	0010
375,101	39,100	41,000	8,010E+1	0,000E+0	1,579E+2	1,578E+2	0,000E+0	4,621E-1	4,603E-1	0,000E+0	6	0010
376,103	39,100	41,000	8,010E+1	0,000E+0	1,579E+2	1,578E+2	0,000E+0	4,621E-1	4,603E-1	0,000E+0	6	0010
377,103	39,200	41,000	8,020E+1	0,000E+0	1,577E+2	1,581E+2	0,000E+0	4,619E-1	4,604E-1	0,000E+0	6	0010
378,104	39,200	41,000	8,020E+1	0,000E+0	1,577E+2	1,581E+2	0,000E+0	4,619E-1	4,604E-1	0,000E+0	6	0010
379,104	38,900	41,100	8,000E+1	0,000E+0	1,580E+2	1,584E+2	0,000E+0	4,599E-1	4,598E-1	0,000E+0	6	0010
380,103	39,300	40,800	8,010E+1	0,000E+0	1,578E+2	1,575E+2	0,000E+0	4,622E-1	4,590E-1	0,000E+0	6	0010
381,104	38,900	41,000	7,990E+1	0,000E+0	1,575E+2	1,577E+2	0,000E+0	4,599E-1	4,605E-1	0,000E+0	6	0010
382,103	39,300	40,700	8,000E+1	0,000E+0	1,577E+2	1,576E+2	0,000E+0	4,635E-1	4,596E-1	0,000E+0	6	0010
383,105	39,000	41,100	8,010E+1	0,000E+0	1,576E+2	1,579E+2	0,000E+0	4,610E-1	4,609E-1	0,000E+0	7	0010
384,105	38,900	41,000	7,990E+1	0,000E+0	1,577E+2	1,581E+2	0,000E+0	4,605E-1	4,598E-1	0,000E+0	7	0010
385,105	39,000	40,900	7,990E+1	0,000E+0	1,580E+2	1,582E+2	0,000E+0	4,604E-1	4,581E-1	0,000E+0	7	0010
386,105	38,800	41,000	7,980E+1	0,000E+0	1,576E+2	1,577E+2	0,000E+0	4,591E-1	4,599E-1	0,000E+0	7	0010
387,105	38,800	41,000	7,980E+1	0,000E+0	1,576E+2	1,577E+2	0,000E+0	4,591E-1	4,599E-1	0,000E+0	7	0010
388,105	38,800	41,000	7,980E+1	0,000E+0	1,576E+2	1,577E+2	0,000E+0	4,591E-1	4,599E-1	0,000E+0	7	0010
389,106	39,000	41,100	8,010E+1	0,000E+0	1,578E+2	1,581E+2	0,000E+0	4,613E-1	4,601E-1	0,000E+0	7	0010
390,105	39,000	41,100	8,010E+1	0,000E+0	1,578E+2	1,581E+2	0,000E+0	4,613E-1	4,601E-1	0,000E+0	7	0010
391,106	39,200	41,000	8,020E+1	0,000E+0	1,579E+2	1,578E+2	0,000E+0	4,624E-1	4,611E-1	0,000E+0	7	0010
392,106	39,200	41,000	8,020E+1	0,000E+0	1,579E+2	1,578E+2	0,000E+0	4,624E-1	4,611E-1	0,000E+0	7	0010
393,106	39,200	41,000	8,020E+1	0,000E+0	1,579E+2	1,578E+2	0,000E+0	4,624E-1	4,611E-1	0,000E+0	7	0010
394,107	39,100	40,800	7,990E+1	0,000E+0	1,579E+2	1,577E+2	0,000E+0	4,622E-1	4,584E-1	0,000E+0	7	0010
395,106	39,100	40,800	7,990E+1	0,000E+0	1,579E+2	1,577E+2	0,000E+0	4,622E-1	4,584E-1	0,000E+0	7	0010
396,107	39,100	40,800	7,990E+1	0,000E+0	1,579E+2	1,577E+2	0,000E+0	4,622E-1	4,584E-1	0,000E+0	7	0010
397,107	39,100	40,800	7,990E+1	0,000E+0	1,579E+2	1,577E+2	0,000E+0	4,622E-1	4,584E-1	0,000E+0	7	0010
398,106	38,900	41,000	7,990E+1	0,000E+0	1,578E+2	1,583E+2	0,000E+0	4,598E-1	4,593E-1	0,000E+0	7	0010
399,107	38,900	41,200	8,010E+1	0,000E+0	1,578E+2	1,578E+2	0,000E+0	4,616E-1	4,626E-1	0,000E+0	7	0010
400,106	39,100	41,000	8,010E+1	0,000E+0	1,578E+2	1,579E+2	0,000E+0	4,623E-1	4,600E-1	0,000E+0	7	0010
401,107	39,000	40,900	7,990E+1	0,000E+0	1,579E+2	1,580E+2	0,000E+0	4,613E-1	4,605E-1	0,000E+0	7	0010
402,107	39,000	40,900	7,990E+1	0,000E+0	1,579E+2	1,580E+2	0,000E+0	4,613E-1	4,605E-1	0,000E+0	7	0010
403,107	39,100	41,100	8,020E+1	0,000E+0	1,577E+2	1,578E+2	0,000E+0	4,631E-1	4,611E-1	0,000E+0	7	0010
404,108	39,100	41,000	8,010E+1	0,000E+0	1,577E+2	1,580E+2	0,000E+0	4,613E-1	4,595E-1	0,000E+0	7	0011
405,108	39,100	40,900	8,000E+1	0,000E+0	1,575E+2	1,576E+2	0,000E+0	4,616E-1	4,606E-1	0,000E+0	7	0011
406,107	39,000	40,900	7,990E+1	0,000E+0	1,578E+2	1,580E+2	0,000E+0	4,609E-1	4,594E-1	0,000E+0	7	0011
407,108	39,100	40,700	7,980E+1	0,000E+0	1,577E+2	1,579E+2	0,000E+0	4,626E-1	4,590E-1	0,000E+0	7	0011
408,108	39,200	40,800	8,000E+1	0,000E+0	1,577E+2	1,579E+2	0,000E+0	4,618E-1	4,595E-1	0,000E+0	7	0011
409,110	38,800	40,800	7,960E+1	0,000E+0	1,578E+2	1,581E+2	0,000E+0	4,598E-1	4,581E-1	0,000E+0	7	0011
410,110	38,900	41,100	8,000E+1	0,000E+0	1,578E+2	1,581E+2	0,000E+0	4,604E-1	4,597E-1	0,000E+0	7	0011
411,112	38,900	41,000	7,990E+1	0,000E+0	1,575E+2	1,580E+2	0,000E+0	4,597E-1	4,605E-1	0,000E+0	7	0011
412,112	38,900	41,000	7,990E+1	0,000E+0	1,575E+2	1,580E+2	0,000E+0	4,597E-1	4,605E-1	0,000E+0	7	0011
413,111	38,900	41,000	7,990E+1	0,000E+0	1,575E+2	1,580E+2	0,000E+0	4,597E-1	4,605E-1	0,000E+0	7	0011
414,112	38,900	41,000	7,990E+1	0,000E+0	1,575E+2	1,580E+2	0,000E+0	4,597E-1	4,605E-1	0,000E+0	7	0011
415,111	39,200	40,900	8,010E+1	0,000E+0	1,580E+2	1,578E+2	0,000E+0	4,630E-1	4,597E-1	0,000E+0	7	0011
416,112	39,200	40,900	8,010E+1	0,000E+0	1,580E+2	1,578E+2	0,000E+0	4,630E-1	4,597E-1	0,000E+0	7	0011
417,111	39,200	40,900	8,010E+1	0,000E+0	1,580E+2	1,578E+2	0,000E+0	4,630E-1	4,597E-1	0,000E+0	7	0011
418,112	38,900	41,100	8,000E+1	0,000E+0	1,578E+2	1,579E+2	0,000E+0	4,601E-1	4,601E-1	0,000E+0	7	0011
419,112	38,900	41,100	8,000E+1	0,000E+0	1,578E+2	1,579E+2	0,000E+0	4,601E-1	4,601E-1	0,000E+0	7	0011
420,111	39,100	40,900	8,000E+1	0,000E+0	1,574E+2	1,578E+2	0,000E+0	4,616E-1	4,609E-1	0,000E+0	7	0011
421,113	39,100	40,900	8,000E+1	0,000E+0	1,574E+2	1,578E+2	0,000E+0	4,616E-1	4,609E-1	0,000E+0	7	0011
422,113	39,200	40,900	8,010E+1	0,000E+0	1,578E+2	1,579E+2	0,000E+0	4,630E-1	4,610E-1	0,000E+0	7	0011
423,115	39,200	40,900	8,010E+1	0,000E+0	1,578E+2	1,579E+2	0,000E+0	4,630E-1	4,610E-1	0,000E+0	7	0011
424,115	38,800	40,900	7,970E+1	0,000E+0	1,578E+2	1,579E+2	0,000E+0	4,591E-1	4,598E-1	0,000E+0	6	0011
425,115	38,800	40,900	7,970E+1	0,000E+0	1,578E+2	1,579E+2	0,000E+0	4,591E-1	4,598E-1	0,000E+0	6	0011
426,115	39,000	41,200	8,020E+1	0,000E+0	1,579E+2	1,581E+2	0,000E+0	4,614E-1	4,615E-1	0,000E+0	6	0011
427,114	39,200	40,900	8,010E+1	0,000E+0	1,579E+2	1,579E+2	0,000E+0	4,625E-1	4,600E-1	0,000E+0	6	0011
428,116	39,200	40,900	8,010E+1	0,000E+0	1,579E+2	1,579E+2	0,000E+0	4,625E-1	4,600E-1	0,000E+0	6	0011
429,115	39,400	41,000	8,040E+1	0,000E+0	1,583E+2	1,583E+2	0,000E+0	4,632E-1	4,596E-1	0,000E+0	6	0011
430,116	39,400	41,000	8,040E+1	0,000E+0	1,583E+2	1,583E+2	0,000E+0	4,632E-1	4,596E-1	0,000E+0	6	0011
431,116	39,400	41,000	8,040E+1	0,000E+0	1,583E+2	1,583E+2	0,000E+0	4,632E-1	4,596E-1	0,000E+0	6	0011
432,115	39,400	41,000	8,040E+1	0,000E+0	1,583E+2	1,583E+2	0,000E+0	4,632E-1	4,596E-1	0,000E+0	6	0011
433,117	39,400	41,000	8,040E+1	0,000E+0	1,583E+2	1,583E+2	0,000E+0	4,632E-1	4,596E-1	0,000E+0	6	0011
434,116	39,400	41,000	8,040E+1	0,000E+0	1,583E+2	1,583E+2	0,000E+0	4,632E-1	4,596E-1	0,000E+0	6	0011
435,117	39,400	41,000	8,040E+1	0,000E+0	1,583E+2	1,583E+2	0,000E+0	4,632E-1	4,596E-1	0,000E+0	6	0011
436,118	38,900	41,000	7,990E+1	0,000E+0	1,580E+2	1,583E+2	0,000E+0	4,608E-1	4,614E-1	0,000E+0	6	0011
437,118	38,900	41,000	7,990E+1	0,000E+0	1,580E+2	1,583E+2	0,000E+0	4,608E-1	4,614E-1	0,000E+0	6	0011
438,119	39,000	40,500	7,950E+1	0,000E+0	1,579E+2	1,576E+2	0,000E+0	4,604E-1	4,584E-1	0,000E+0	6	0011
439,118	39,000	40,500	7,950E+1	0,000E+0	1,579E+2	1,576E+2	0,000E+0	4,604E-1	4,584E-1	0,000E+0	6	0011
440,120	38,700	40,800	7,950E+1	0,000E+0	1,574E+2	1,580E+2	0,000E+0	4,569E-1	4,585E-1	0,000E+0	6	0011
441,119	38,900	41,100	8,000E+1	0,000E+0	1,577E+2	1,581E+2	0,000E+0	4,598E-1	4,601E-1	0,000E+0	5	0011
442,120	39,100	41,000	8,010E+1	0,000E+0	1,580E+2	1,581E+2	0,000E+0	4,622E-1	4,602E-1	0,000E+0	5	0011
443,120	38,800	40,900	7,970E+1	0,000E+0	1,579E+2	1,580E+2	0,000E+0	4,596E-1	4,589E-1	0,000E+0	5	0011
444,120	39,100	41,000	8,010E+1	0,000E+0	1,579E+2	1,581E+2	0,000E+0	4,623E-1	4,609E-1	0,000E+0	5	0011
445,120	39,200	41,000	8,020E+1	0,000E+0	1,578E+2	1,579E+2	0,000E+0	4,621E-1	4,610E-1	0,000E+0	5	0011
446,119	39,200	41,000	8,020E+1	0,000E+0	1,578E+2	1,579E+2	0,000E+0	4,621E-1	4,610E-1	0,000E+0	5	0011
447,121	39,200	41,000	8,020E+1	0,000E+0	1,578E+2	1,579E+2	0,000E+0	4,621E-1	4,610E-1	0,000E+0	5	0011
448,120	39,200	41,000	8,020E+1	0,000E+0	1,578E+2	1,579E+2	0,000E+0	4,621E-1	4,610E-1	0,000E+0	5	0011
449,121	39,200	41,000	8,020E+1	0,000E+0	1,578E+2	1,579E+2	0,000E+0	4,621E-1	4,610E-1	0,000E+0	5	0011
450,121	39,200	41,000	8,020E+1	0,000E+0	1,578E+2	1,579E+2	0,000E+0	4,621E-1	4,610E-1	0,000E+0	5	0011
451,120	39,200	41,000	8,020E+1	0,000E+0	1,578E+2	1,579E+2	0,000E+0	4,621E-1	4,610E-1	0,000E+0	5	0011
452,121	39,200	41,000	8,020E+1	0,000E+0	1,578E+2	1,579E+2	0,000E+0	4,621E-1	4,610E-1	0,000E+0	5	0011
453,120	39,100	40,800	7,990E+1	0,000E+0	1,578E+2	1,578E+2	0,000E+0	4,623E-1	4,602E-1	0,000E+0	5	0011
454,121	39,100	40,800	7,990E+1	0,000E+0	1,576E+2	1,580E+2	0,000E+0	4,608E-1	4,578E-1	0,000E+0	5	0011
455,120	39,100	40,800	7,990E+1	0,000E+0	1,576E+2	1,580E+2	0,000E+0	4,608E-1	4,578E-1	0,000E+0	5	0011
456,122	39,100	40,700	7,980E+1	0,000E+0	1,580E+2	1,577E+2	0,000E+0	4,619E-1	4,593E-1	0,000E+0	5	0011
457,122	39,200	40,700	7,990E+1	0,000E+0	1,578E+2	1,578E+2	0,000E+0	4,606E-1	4,575E-1	0,000E+0	4	0011
458,121	39,200	41,000	8,020E+1	0,000E+0	1,580E+2	1,579E+2	0,000E+0	4,633E-1	4,608E-1	0,000E+0	4	0011
459,122	39,000	40,900	7,990E+1	0,000E+0	1,580E+2	1,581E+2	0,000E+0	4,611E-1	4,592E-1	0,000E+0	4	0011
460,121	39,000	40,900	7,990E+1	0,000E+0	1,580E+2	1,580E+2	0,000E+0	4,618E-1	4,604E-1	0,000E+0	4	0011
461,122	39,000	40,900	7,990E+1	0,000E+0	1,580E+2	1,580E+2	0,000E+0	4,618E-1	4,604E-1	0,000E+0	4	0011
462,122	39,000	40,900	7,990E+1	0,000E+0	1,580E+2	1,580E+2	0,000E+0	4,618E-1	4,604E-1	0,000E+0	4	0011
463,123	39,000	40,900	7,990E+1	0,000E+0	1,580E+2	1,580E+2	0,000E+0	4,618E-1	4,604E-1	0,000E+0	4	0011
464,123	39,000	40,900	7,990E+1	0,000E+0	1,580E+2	1,580E+2	0,000E+0	4,618E-1	4,604E-1	0,000E+0	4	0011
465,124	39,000	40,900	7,990E+1	0,000E+0	1,580E+2	1,580E+2	0,000E+0	4,618E-1	4,604E-1	0,000E+0	4	0011
466,124	39,000	41,000	8,000E+1	0,000E+0	1,578E+2	1,580E+2	0,000E+0	4,607E-1	4,597E-1	0,000E+0	4	0011
467,124	39,000	41,000	8,000E+1	0,000E+0	1,578E+2	1,580E+2	0,000E+0	4,607E-1	4,597E-1	0,000E+0	4	0011
468,123	39,000	41,000	8,000E+1	0,000E+0	1,578E+2	1,580E+2	0,000E+0	4,607E-1	4,597E-1	0,000E+0	4	0011
469,124	39,000	41,000	8,000E+1	0,000E+0	1,578E+2	1,580E+2	0,000E+0	4,607E-1	4,597E-1	0,000E+0	4	0011
470,123	38,900	41,000	7,990E+1	0,000E+0	1,578E+2	1,577E+2	0,000E+0	4,605E-1	4,599E-1	0,000E+0	4	0011
471,124	38,900	41,000	7,990E+1	0,000E+0	1,578E+2	1,577E+2	0,000E+0	4,605E-1	4,599E-1	0,000E+0	4	0011
472,124	38,900	41,000	7,990E+1	0,000E+0	1,577E+2	1,580E+2	0,000E+0	4,603E-1	4,593E-1	0,000E+0	4	0011
473,124	39,100	40,900	8,000E+1	0,000E+0	1,577E+2	1,578E+2	0,000E+0	4,628E-1	4,599E-1	0,000E+0	3	0011
474,124	39,100	40,900	8,000E+1	0,000E+0	1,577E+2	1,578E+2	0,000E+0	4,628E-1	4,599E-1	0,000E+0	3	0011
475,123	39,000	40,800	7,980E+1	0,000E+0	1,576E+2	1,578E+2	0,000E+0	4,618E-1	4,589E-1	0,000E+0	3	0011
476,125	39,200	40,900	8,010E+1	0,000E+0	1,578E+2	1,577E+2	0,000E+0	4,625E-1	4,601E-1	0,000E+0	3	0011
477,125	39,200	40,900	8,010E+1	0,000E+0	1,578E+2	1,577E+2	0,000E+0	4,625E-1	4,601E-1	0,000E+0	3	0011
478,124	39,200	40,900	8,010E+1	0,000E+0	1,578E+2	1,577E+2	0,000E+0	4,625E-1	4,601E-1	0,000E+0	3	0011
479,125	39,200	40,900	8,010E+1	0,000E+0	1,578E+2	1,577E+2	0,000E+0	4,625E-1	4,601E-1	0,000E+0	3	0011
480,124	39,200	40,900	8,010E+1	0,000E+0	1,578E+2	1,577E+2	0,000E+0	4,625E-1	4,601E-1	0,000E+0	3	0011
481,126	39,000	40,900	7,990E+1	0,000E+0	1,578E+2	1,578E+2	0,000E+0	4,608E-1	4,596E-1	0,000E+0	3	0011
482,126	39,000	40,900	7,990E+1	0,000E+0	1,578E+2	1,578E+2	0,000E+0	4,608E-1	4,596E-1	0,000E+0	3	0011
483,125	39,000	40,900	7,990E+1	0,000E+0	1,578E+2	1,578E+2	0,000E+0	4,608E-1	4,596E-1	0,000E+0	3	0011
484,126	38,900	41,000	7,990E+1	0,000E+0	1,580E+2	1,582E+2	0,000E+0	4,595E-1	4,602E-1	0,000E+0	3	0011
485,125	38,900	41,000	7,990E+1	0,000E+0	1,580E+2	1,582E+2	0,000E+0	4,595E-1	4,602E-1	0,000E+0	3	0011
486,126	39,100	40,800	7,990E+1	0,000E+0	1,578E+2	1,578E+2	0,000E+0	4,621E-1	4,597E-1	0,000E+0	3	0011
487,125	39,100	40,800	7,990E+1	0,000E+0	1,578E+2	1,578E+2	0,000E+0	4,621E-1	4,597E-1	0,000E+0	3	0011
488,126	39,000	41,000	8,000E+1	0,000E+0	1,576E+2	1,578E+2	0,000E+0	4,614E-1	4,605E-1	0,000E+0	2	0011
489,126	39,000	41,000	8,000E+1	0,000E+0	1,576E+2	1,578E+2	0,000E+0	4,614E-1	4,605E-1	0,000E+0	2	0011
490,125	39,200	40,800	8,000E+1	0,000E+0	1,577E+2	1,579E+2	0,000E+0	4,627E-1	4,602E-1	0,000E+0	2	0011
491,126	39,000	40,900	7,990E+1	0,000E+0	1,578E+2	1,578E+2	0,000E+0	4,608E-1	4,586E-1	0,000E+0	2	0011
492,126	39,000	40,900	7,990E+1	0,000E+0	1,578E+2	1,578E+2	0,000E+0	4,608E-1	4,586E-1	0,000E+0	2	0011
493,126	39,000	40,900	7,990E+1	0,000E+0	1,578E+2	1,578E+2	0,000E+0	4,608E-1	4,586E-1	0,000E+0	2	0011
494,128	39,200	40,600	7,980E+1	0,000E+0	1,577E+2	1,575E+2	0,000E+0	4,631E-1	4,592E-1	0,000E+0	2	0011
495,129	39,200	40,600	7,980E+1	0,000E+0	1,577E+2	1,575E+2	0,000E+0	4,631E-1	4,592E-1	0,000E+0	2	0011
496,129	39,200	40,600	7,980E+1	0,000E+0	1,577E+2	1,575E+2	0,000E+0	4,631E-1	4,592E-1	0,000E+0	2	0011
497,129	39,000	40,700	7,970E+1	0,000E+0	1,579E+2	1,576E+2	0,000E+0	4,606E-1	4,583E-1	0,000E+0	2	0011
498,128	39,000	40,700	7,970E+1	0,000E+0	1,579E+2	1,576E+2	0,000E+0	4,606E-1	4,583E-1	0,000E+0	2	0011
499,129	39,000	40,700	7,970E+1	0,000E+0	1,579E+2	1,576E+2	0,000E+0	4,606E-1	4,583E-1	0,000E+0	2	0011
500,129	39,000	40,700	7,970E+1	0,000E+0	1,579E+2	1,576E+2	0,000E+0	4,606E-1	4,583E-1	0,000E+0	2	0011
501,130	39,000	40,900	7,990E+1	0,000E+0	1,577E+2	1,577E+2	0,000E+0	4,619E-1	4,605E-1	0,000E+0	2	0011
502,130	39,100	41,300	8,040E+1	0,000E+0	1,579E+2	1,580E+2	0,000E+0	4,620E-1	4,616E-1	0,000E+0	2	0011
503,129	39,000	41,000	8,000E+1	0,000E+0	1,576E+2	1,579E+2	0,000E+0	4,616E-1	4,609E-1	0,000E+0	2	0011
504,130	39,000	41,000	8,000E+1	0,000E+0	1,576E+2	1,579E+2	0,000E+0	4,616E-1	4,609E-1	0,000E+0	2	0011
505,130	39,000	40,800	7,980E+1	0,000E+0	1,578E+2	1,578E+2	0,000E+0	4,616E-1	4,582E-1	0,000E+0	1	0011
506,132	39,200	40,900	8,010E+1	0,000E+0	1,578E+2	1,577E+2	0,000E+0	4,634E-1	4,601E-1	0,000E+0	1	0011
507,132	39,100	41,100	8,020E+1	0,000E+0	1,577E+2	1,579E+2	0,000E+0	4,621E-1	4,607E-1	0,000E+0	1	0011
508,134	39,200	40,700	7,990E+1	0,000E+0	1,578E+2	1,574E+2	0,000E+0	4,620E-1	4,575E-1	0,000E+0	1	0011
509,134	39,200	40,700	7,990E+1	0,000E+0	1,578E+2	1,574E+2	0,000E+0	4,620E-1	4,575E-1	0,000E+0	1	0011
510,133	39,200	40,700	7,990E+1	0,000E+0	1,578E+2	1,574E+2	0,000E+0	4,620E-1	4,575E-1	0,000E+0	1	0011
511,134	39,200	40,700	7,990E+1	0,000E+0	1,578E+2	1,574E+2	0,000E+0	4,620E-1	4,575E-1	0,000E+0	1	0011
512,135	38,800	41,000	7,980E+1	0,000E+0	1,576E+2	1,580E+2	0,000E+0	4,603E-1	4,599E-1	0,000E+0	1	0011
513,134	38,800	41,000	7,980E+1	0,000E+0	1,576E+2	1,580E+2	0,000E+0	4,603E-1	4,599E-1	0,000E+0	1	0011
514,135	38,800	41,000	7,980E+1	0,000E+0	1,576E+2	1,580E+2	0,000E+0	4,603E-1	4,599E-1	0,000E+0	1	0011
515,136	38,800	41,000	7,980E+1	0,000E+0	1,576E+2	1,580E+2	0,000E+0	4,603E-1	4,599E-1	0,000E+0	1	0011
516,136	39,000	41,300	8,030E+1	0,000E+0	1,577E+2	1,581E+2	0,000E+0	4,610E-1	4,622E-1	0,000E+0	1	0011
517,136	39,000	41,300	8,030E+1	0,000E+0	1,577E+2	1,581E+2	0,000E+0	4,610E-1	4,622E-1	0,000E+0	1	0011
518,138	38,900	41,000	7,990E+1	0,000E+0	1,576E+2	1,579E+2	0,000E+0	4,618E-1	4,615E-1	0,000E+0	1	0011
519,137	38,900	41,000	7,990E+1	0,000E+0	1,576E+2	1,579E+2	0,000E+0	4,618E-1	4,615E-1	0,000E+0	1	0011
520,139	38,900	40,600	7,950E+1	0,000E+0	1,576E+2	1,577E+2	0,000E+0	4,588E-1	4,577E-1	0,000E+0	0	0011
521,139	39,100	40,900	8,000E+1	0,000E+0	1,575E+2	1,574E+2	0,000E+0	4,611E-1	4,595E-1	0,000E+0	0	0011
522,140	39,000	40,800	7,980E+1	0,000E+0	1,575E+2	1,574E+2	0,000E+0	4,615E-1	4,593E-1	0,000E+0	0	0011
523,142	39,200	41,000	8,020E+1	0,000E+0	1,575E+2	1,576E+2	0,000E+0	4,649E-1	4,606E-1	0,000E+0	0	0011
524,143	39,200	41,000	8,020E+1	0,000E+0	1,575E+2	1,576E+2	0,000E+0	4,649E-1	4,606E-1	0,000E+0	0	0011
525,142	39,200	41,000	8,020E+1	0,000E+0	1,575E+2	1,576E+2	0,000E+0	4,649E-1	4,606E-1	0,000E+0	0	0011
526,143	39,200	41,000	8,020E+1	0,000E+0	1,575E+2	1,576E+2	0,000E+0	4,649E-1	4,606E-1	0,000E+0	0	0011
527,143	39,200	41,000	8,020E+1	0,000E+0	1,575E+2	1,576E+2	0,000E+0	4,649E-1	4,606E-1	0,000E+0	0	0011
528,143	39,100	41,100	8,020E+1	0,000E+0	1,576E+2	1,578E+2	0,000E+0	4,631E-1	4,624E-1	0,000E+0	0	0011
529,143	39,100	41,100	8,020E+1	0,000E+0	1,576E+2	1,578E+2	0,000E+0	4,631E-1	4,624E-1	0,000E+0	0	0011
530,142	39,100	41,100	8,020E+1	0,000E+0	1,576E+2	1,578E+2	0,000E+0	4,631E-1	4,624E-1	0,000E+0	0	0011
531,142	39,100	40,900	8,000E+1	0,000E+0	1,576E+2	1,575E+2	0,000E+0	4,621E-1	4,594E-1	0,000E+0	0	0011
532,143	39,100	40,900	8,000E+1	0,000E+0	1,576E+2	1,575E+2	0,000E+0	4,621E-1	4,594E-1	0,000E+0	0	0011
533,144	39,100	41,100	8,020E+1	0,000E+0	1,576E+2	1,579E+2	0,000E+0	4,617E-1	4,610E-1	0,000E+0	0	0011
534,144	39,100	41,100	8,020E+1	0,000E+0	1,576E+2	1,579E+2	0,000E+0	4,617E-1	4,610E-1	0,000E+0	0	0011
535,144	39,000	40,900	7,990E+1	0,000E+0	1,572E+2	1,575E+2	0,000E+0	4,625E-1	4,609E-1	0,000E+0	0	0011
536,143	39,200	40,900	8,010E+1	0,000E+0	1,575E+2	1,575E+2	0,000E+0	4,629E-1	4,589E-1	0,000E+0	0	0011
537,145	38,900	40,900	7,980E+1	0,000E+0	1,575E+2	1,576E+2	0,000E+0	4,603E-1	4,585E-1	0,000E+0	0	0011
538,144	39,200	40,900	8,010E+1	0,000E+0	1,576E+2	1,575E+2	0,000E+0	4,627E-1	4,599E-1	0,000E+0	0	0100
539,145	39,100	40,700	7,980E+1	0,000E+0	1,574E+2	1,575E+2	0,000E+0	4,614E-1	4,594E-1	0,000E+0	0	0100
540,145	39,300	40,700	8,000E+1	0,000E+0	1,574E+2	1,574E+2	0,000E+0	4,651E-1	4,606E-1	0,000E+0	0	0100
541,144	39,300	40,700	8,000E+1	0,000E+0	1,574E+2	1,574E+2	0,000E+0	4,651E-1	4,606E-1	0,000E+0	0	0100
542,145	39,000	40,900	7,990E+1	0,000E+0	1,573E+2	1,574E+2	0,000E+0	4,610E-1	4,591E-1	0,000E+0	0	0100
543,144	39,000	41,000	8,000E+1	0,000E+0	1,573E+2	1,574E+2	0,000E+0	4,621E-1	4,616E-1	0,000E+0	0	0100
544,146	39,200	41,000	8,020E+1	0,000E+0	1,574E+2	1,576E+2	0,000E+0	4,629E-1	4,617E-1	0,000E+0	0	0100
545,145	38,800	41,000	7,980E+1	0,000E+0	1,575E+2	1,576E+2	0,000E+0	4,596E-1	4,600E-1	0,000E+0	0	0100
546,146	38,800	41,000	7,980E+1	0,000E+0	1,575E+2	1,576E+2	0,000E+0	4,596E-1	4,600E-1	0,000E+0	0	0100
547,146	39,000	40,900	7,990E+1	0,000E+0	1,572E+2	1,574E+2	0,000E+0	4,626E-1	4,611E-1	0,000E+0	0	0100
548,145	38,900	41,000	7,990E+1	0,000E+0	1,573E+2	1,578E+2	0,000E+0	4,610E-1	4,609E-1	0,000E+0	0	0100
549,146	38,900	41,100	8,000E+1	0,000E+0	1,573E+2	1,578E+2	0,000E+0	4,608E-1	4,618E-1	0,000E+0	0	0100
550,145	39,000	41,000	8,000E+1	0,000E+0	1,574E+2	1,574E+2	0,000E+0	4,607E-1	4,612E-1	0,000E+0	0	0100
551,147	39,100	41,000	8,010E+1	0,000E+0	1,575E+2	1,575E+2	0,000E+0	4,608E-1	4,609E-1	0,000E+0	0	0100
552,146	39,200	41,000	8,020E+1	0,000E+0	1,572E+2	1,573E+2	0,000E+0	4,636E-1	4,615E-1	0,000E+0	0	0100
553,147	39,200	41,000	8,020E+1	0,000E+0	1,572E+2	1,573E+2	0,000E+0	4,636E-1	4,615E-1	0,000E+0	0	0100
554,147	39,200	41,000	8,020E+1	0,000E+0	1,572E+2	1,573E+2	0,000E+0	4,636E-1	4,615E-1	0,000E+0	0	0100
555,146	39,200	41,000	8,020E+1	0,000E+0	1,572E+2	1,573E+2	0,000E+0	4,636E-1	4,615E-1	0,000E+0	0	0100
556,147	39,200	41,000	8,020E+1	0,000E+0	1,572E+2	1,573E+2	0,000E+0	4,636E-1	4,615E-1	0,000E+0	0	0100
557,147	39,200	40,800	8,000E+1	0,000E+0	1,574E+2	1,574E+2	0,000E+0	4,630E-1	4,589E-1	0,000E+0	0	0100
558,148	39,200	40,800	8,000E+1	0,000E+0	1,574E+2	1,574E+2	0,000E+0	4,630E-1	4,589E-1	0,000E+0	0	0100
559,149	39,200	40,800	8,000E+1	0,000E+0	1,574E+2	1,574E+2	0,000E+0	4,630E-1	4,589E-1	0,000E+0	0	0100
560,148	39,200	40,800	8,000E+1	0,000E+0	1,574E+2	1,574E+2	0,000E+0	4,630E-1	4,589E-1	0,000E+0	0	0100
561,149	38,900	41,000	7,990E+1	0,000E+0	1,574E+2	1,577E+2	0,000E+0	4,607E-1	4,617E-1	0,000E+0	0	0100
562,148	38,900	41,000	7,990E+1	0,000E+0	1,574E+2	1,577E+2	0,000E+0	4,607E-1	4,617E-1	0,000E+0	0	0100
563,149	38,900	41,000	7,990E+1	0,000E+0	1,574E+2	1,577E+2	0,000E+0	4,607E-1	4,617E-1	0,000E+0	0	0100
564,149	39,000	40,800	7,980E+1	0,000E+0	1,575E+2	1,574E+2	0,000E+0	4,622E-1	4,597E-1	0,000E+0	0	0100
565,150	39,200	40,800	8,000E+1	0,000E+0	1,573E+2	1,575E+2	0,000E+0	4,630E-1	4,600E-1	0,000E+0	1	0100
566,151	39,000	40,800	7,980E+1	0,000E+0	1,576E+2	1,579E+2	0,000E+0	4,614E-1	4,587E-1	0,000E+0	1	0100
567,150	38,800	41,100	7,990E+1	0,000E+0	1,575E+2	1,578E+2	0,000E+0	4,598E-1	4,603E-1	0,000E+0	1	0100
568,151	38,900	41,300	8,020E+1	0,000E+0	1,580E+2	1,581E+2	0,000E+0	4,618E-1	4,622E-1	0,000E+0	1	0100
569,150	38,900	40,900	7,980E+1	0,000E+0	1,579E+2	1,579E+2	0,000E+0	4,599E-1	4,587E-1	0,000E+0	1	0100
570,151	38,900	40,900	7,980E+1	0,000E+0	1,579E+2	1,579E+2	0,000E+0	4,599E-1	4,587E-1	0,000E+0	1	0100
571,151	38,900	40,900	7,980E+1	0,000E+0	1,579E+2	1,579E+2	0,000E+0	4,599E-1	4,587E-1	0,000E+0	1	0100
572,151	38,900	40,800	7,970E+1	0,000E+0	1,575E+2	1,577E+2	0,000E+0	4,602E-1	4,580E-1	0,000E+0	1	0100
573,151	38,900	40,800	7,970E+1	0,000E+0	1,575E+2	1,577E+2	0,000E+0	4,602E-1	4,580E-1	0,000E+0	1	0100
574,150	38,900	40,800	7,970E+1	0,000E+0	1,575E+2	1,577E+2	0,000E+0	4,602E-1	4,580E-1	0,000E+0	1	0100
575,151	39,300	40,800	8,010E+1	0,000E+0	1,577E+2	1,575E+2	0,000E+0	4,639E-1	4,604E-1	0,000E+0	1	0100
576,150	39,300	40,800	8,010E+1	0,000E+0	1,577E+2	1,575E+2	0,000E+0	4,639E-1	4,604E-1	0,000E+0	1	0100
577,151	39,300	40,800	8,010E+1	0,000E+0	1,577E+2	1,575E+2	0,000E+0	4,639E-1	4,604E-1	0,000E+0	1	0100
578,151	39,300	40,800	8,010E+1	0,000E+0	1,577E+2	1,575E+2	0,000E+0	4,639E-1	4,604E-1	0,000E+0	1	0100
579,151	38,900	41,100	8,000E+1	0,000E+0	1,574E+2	1,577E+2	0,000E+0	4,610E-1	4,622E-1	0,000E+0	1	0100
580,151	39,200	41,000	8,020E+1	0,000E+0	1,575E+2	1,579E+2	0,000E+0	4,625E-1	4,608E-1	0,000E+0	1	0100
581,150	39,300	40,800	8,010E+1	0,000E+0	1,577E+2	1,576E+2	0,000E+0	4,629E-1	4,593E-1	0,000E+0	2	0100
582,151	39,100	40,900	8,000E+1	0,000E+0	1,577E+2	1,576E+2	0,000E+0	4,609E-1	4,598E-1	0,000E+0	2	0100
583,150	39,100	40,900	8,000E+1	0,000E+0	1,577E+2	1,576E+2	0,000E+0	4,609E-1	4,598E-1	0,000E+0	2	0100
584,150	39,000	41,100	8,010E+1	0,000E+0	1,575E+2	1,577E+2	0,000E+0	4,624E-1	4,620E-1	0,000E+0	2	0100
585,150	39,000	40,800	7,980E+1	0,000E+0	1,576E+2	1,578E+2	0,000E+0	4,623E-1	4,586E-1	0,000E+0	2	0100
586,151	39,000	40,800	7,980E+1	0,000E+0	1,576E+2	1,578E+2	0,000E+0	4,623E-1	4,586E-1	0,000E+0	2	0100
587,150	39,100	40,900	8,000E+1	0,000E+0	1,578E+2	1,579E+2	0,000E+0	4,617E-1	4,596E-1	0,000E+0	2	0100
588,151	39,100	40,900	8,000E+1	0,000E+0	1,578E+2	1,579E+2	0,000E+0	4,617E-1	4,596E-1	0,000E+0	2	0100
589,151	39,100	40,900	8,000E+1	0,000E+0	1,578E+2	1,579E+2	0,000E+0	4,617E-1	4,596E-1	0,000E+0	2	0100
590,151	39,100	40,900	8,000E+1	0,000E+0	1,578E+2	1,579E+2	0,000E+0	4,617E-1	4,596E-1	0,000E+0	2	0100
591,151	39,000	41,100	8,010E+1	0,000E+0	1,576E+2	1,579E+2	0,000E+0	4,615E-1	4,623E-1	0,000E+0	2	0100
592,150	39,000	41,100	8,010E+1	0,000E+0	1,576E+2	1,579E+2	0,000E+0	4,615E-1	4,623E-1	0,000E+0	2	0100
593,152	39,000	41,100	8,010E+1	0,000E+0	1,576E+2	1,579E+2	0,000E+0	4,615E-1	4,623E-1	0,000E+0	2	0100
594,151	38,900	41,100	8,000E+1	0,000E+0	1,575E+2	1,579E+2	0,000E+0	4,625E-1	4,618E-1	0,000E+0	2	0100
595,153	38,900	41,100	8,000E+1	0,000E+0	1,575E+2	1,579E+2	0,000E+0	4,625E-1	4,618E-1	0,000E+0	2	0100
596,154	38,800	41,000	7,980E+1	0,000E+0	1,576E+2	1,579E+2	0,000E+0	4,600E-1	4,591E-1	0,000E+0	2	0100
597,154	39,000	41,000	8,000E+1	0,000E+0	1,575E+2	1,577E+2	0,000E+0	4,622E-1	4,621E-1	0,000E+0	3	0100
598,154	38,900	41,000	7,990E+1	0,000E+0	1,578E+2	1,579E+2	0,000E+0	4,612E-1	4,593E-1	0,000E+0	3	0100
599,153	38,900	41,000	7,990E+1	0,000E+0	1,578E+2	1,579E+2	0,000E+0	4,612E-1	4,593E-1	0,000E+0	3	0100
600,155	39,200	40,800	8,000E+1	0,000E+0	1,578E+2	1,576E+2	0,000E+0	4,619E-1	4,596E-1	0,000E+0	3	0100
601,155	39,200	40,800	8,000E+1	0,000E+0	1,578E+2	1,576E+2	0,000E+0	4,619E-1	4,596E-1	0,000E+0	3	0100
602,156	39,200	40,800	8,000E+1	0,000E+0	1,578E+2	1,576E+2	0,000E+0	4,619E-1	4,596E-1	0,000E+0	3	0100
603,157	39,000	41,000	8,000E+1	0,000E+0	1,577E+2	1,578E+2	0,000E+0	4,625E-1	4,604E-1	0,000E+0	3	0100
604,157	39,000	41,000	8,000E+1	0,000E+0	1,577E+2	1,578E+2	0,000E+0	4,625E-1	4,604E-1	0,000E+0	3	0100
605,158	39,000	41,000	8,000E+1	0,000E+0	1,577E+2	1,578E+2	0,000E+0	4,625E-1	4,604E-1	0,000E+0	3	0100
606,157	39,000	41,100	8,010E+1	0,000E+0	1,577E+2	1,578E+2	0,000E+0	4,614E-1	4,610E-1	0,000E+0	3	0100
607,158	39,000	41,100	8,010E+1	0,000E+0	1,577E+2	1,578E+2	0,000E+0	4,614E-1	4,610E-1	0,000E+0	3	0100
608,157	39,000	41,100	8,010E+1	0,000E+0	1,577E+2	1,578E+2	0,000E+0	4,614E-1	4,610E-1	0,000E+0	3	0100
609,158	39,100	40,900	8,000E+1	0,000E+0	1,572E+2	1,576E+2	0,000E+0	4,619E-1	4,610E-1	0,000E+0	3	0100
610,157	39,100	40,900	8,000E+1	0,000E+0	1,572E+2	1,576E+2	0,000E+0	4,619E-1	4,610E-1	0,000E+0	3	0100
611,158	38,900	41,000	7,990E+1	0,000E+0	1,575E+2	1,577E+2	0,000E+0	4,597E-1	4,603E-1	0,000E+0	3	0100
612,157	39,200	40,900	8,010E+1	0,000E+0	1,579E+2	1,579E+2	0,000E+0	4,629E-1	4,596E-1	0,000E+0	4	0100
613,159	39,000	41,000	8,000E+1	0,000E+0	1,573E+2	1,576E+2	0,000E+0	4,613E-1	4,601E-1	0,000E+0	4	0100
614,159	39,000	41,000	8,000E+1	0,000E+0	1,573E+2	1,576E+2	0,000E+0	4,613E-1	4,601E-1	0,000E+0	4	0100
615,159	38,900	40,700	7,960E+1	0,000E+0	1,576E+2	1,576E+2	0,000E+0	4,598E-1	4,584E-1	0,000E+0	4	0100
616,161	38,900	40,700	7,960E+1	0,000E+0	1,576E+2	1,576E+2	0,000E+0	4,598E-1	4,584E-1	0,000E+0	4	0100
617,160	38,900	40,700	7,960E+1	0,000E+0	1,576E+2	1,576E+2	0,000E+0	4,598E-1	4,584E-1	0,000E+0	4	0100
618,162	38,900	40,700	7,960E+1	0,000E+0	1,576E+2	1,576E+2	0,000E+0	4,598E-1	4,584E-1	0,000E+0	4	0100
619,163	39,100	41,100	8,020E+1	0,000E+0	1,578E+2	1,577E+2	0,000E+0	4,623E-1	4,605E-1	0,000E+0	4	0100
620,163	39,100	41,100	8,020E+1	0,000E+0	1,578E+2	1,577E+2	0,000E+0	4,623E-1	4,605E-1	0,000E+0	4	0100
621,164	39,100	41,100	8,020E+1	0,000E+0	1,578E+2	1,577E+2	0,000E+0	4,623E-1	4,605E-1	0,000E+0	4	0100
622,163	39,100	41,000	8,010E+1	0,000E+0	1,577E+2	1,579E+2	0,000E+0	4,611E-1	4,616E-1	0,000E+0	4	0100
623,164	39,100	41,000	8,010E+1	0,000E+0	1,577E+2	1,579E+2	0,000E+0	4,611E-1	4,616E-1	0,000E+0	4	0100
624,164	39,100	41,000	8,010E+1	0,000E+0	1,577E+2	1,579E+2	0,000E+0	4,611E-1	4,616E-1	0,000E+0	4	0100
625,164	39,100	41,000	8,010E+1	0,000E+0	1,577E+2	1,579E+2	0,000E+0	4,611E-1	4,616E-1	0,000E+0	4	0100
626,164	38,900	40,600	7,950E+1	0,000E+0	1,577E+2	1,577E+2	0,000E+0	4,602E-1	4,581E-1	0,000E+0	4	0100
627,163	38,900	40,600	7,950E+1	0,000E+0	1,577E+2	1,577E+2	0,000E+0	4,602E-1	4,581E-1	0,000E+0	4	0100
628,164	39,100	40,800	7,990E+1	0,000E+0	1,577E+2	1,579E+2	0,000E+0	4,616E-1	4,591E-1	0,000E+0	4	0100
629,164	38,900	41,100	8,000E+1	0,000E+0	1,575E+2	1,577E+2	0,000E+0	4,610E-1	4,605E-1	0,000E+0	4	0100
630,165	38,900	41,100	8,000E+1	0,000E+0	1,575E+2	1,577E+2	0,000E+0	4,610E-1	4,605E-1	0,000E+0	4	0100
631,165	39,100	41,000	8,010E+1	0,000E+0	1,576E+2	1,577E+2	0,000E+0	4,607E-1	4,610E-1	0,000E+0	4	0100
632,164	39,000	40,900	7,990E+1	0,000E+0	1,578E+2	1,578E+2	0,000E+0	4,604E-1	4,610E-1	0,000E+0	4	0100
633,165	39,000	41,100	8,010E+1	0,000E+0	1,577E+2	1,578E+2	0,000E+0	4,610E-1	4,609E-1	0,000E+0	4	0100
634,164	38,800	41,100	7,990E+1	0,000E+0	1,575E+2	1,581E+2	0,000E+0	4,600E-1	4,622E-1	0,000E+0	4	0100
635,164	39,000	40,900	7,990E+1	0,000E+0	1,576E+2	1,578E+2	0,000E+0	4,619E-1	4,602E-1	0,000E+0	4	0100
636,166	39,000	40,900	7,990E+1	0,000E+0	1,576E+2	1,578E+2	0,000E+0	4,619E-1	4,602E-1	0,000E+0	4	0100
637,166	39,000	40,900	7,990E+1	0,000E+0	1,576E+2	1,578E+2	0,000E+0	4,619E-1	4,602E-1	0,000E+0	4	0100
638,167	39,100	41,000	8,010E+1	0,000E+0	1,577E+2	1,579E+2	0,000E+0	4,605E-1	4,602E-1	0,000E+0	4	0100
639,168	39,100	41,100	8,020E+1	0,000E+0	1,578E+2	1,580E+2	0,000E+0	4,625E-1	4,612E-1	0,000E+0	4	0100
640,167	39,000	40,800	7,980E+1	0,000E+0	1,577E+2	1,577E+2	0,000E+0	4,611E-1	4,585E-1	0,000E+0	4	0100
641,169	39,100	41,000	8,010E+1	0,000E+0	1,578E+2	1,577E+2	0,000E+0	4,626E-1	4,606E-1	0,000E+0	5	0100
642,168	39,300	40,700	8,000E+1	0,000E+0	1,578E+2	1,577E+2	0,000E+0	4,637E-1	4,588E-1	0,000E+0	5	0100
643,169	39,200	40,800	8,000E+1	0,000E+0	1,579E+2	1,576E+2	0,000E+0	4,609E-1	4,583E-1	0,000E+0	5	0100
644,169	39,100	40,900	8,000E+1	0,000E+0	1,578E+2	1,578E+2	0,000E+0	4,631E-1	4,597E-1	0,000E+0	5	0100
645,169	39,100	40,900	8,000E+1	0,000E+0	1,578E+2	1,578E+2	0,000E+0	4,631E-1	4,597E-1	0,000E+0	5	0100
646,171	39,100	40,900	8,000E+1	0,000E+0	1,578E+2	1,578E+2	0,000E+0	4,631E-1	4,597E-1	0,000E+0	5	0100
647,171	39,100	40,900	8,000E+1	0,000E+0	1,578E+2	1,578E+2	0,000E+0	4,631E-1	4,597E-1	0,000E+0	5	0100
648,170	39,100	40,900	8,000E+1	0,000E+0	1,578E+2	1,578E+2	0,000E+0	4,631E-1	4,597E-1	0,000E+0	5	0100
649,171	39,000	40,900	7,990E+1	0,000E+0	1,577E+2	1,579E+2	0,000E+0	4,616E-1	4,599E-1	0,000E+0	5	0100
650,171	39,000	40,900	7,990E+1	0,000E+0	1,577E+2	1,579E+2	0,000E+0	4,616E-1	4,599E-1	0,000E+0	5	0100
651,172	39,000	40,900	7,990E+1	0,000E+0	1,577E+2	1,579E+2	0,000E+0	4,616E-1	4,599E-1	0,000E+0	5	0100
652,172	39,000	40,900	7,990E+1	0,000E+0	1,577E+2	1,579E+2	0,000E+0	4,616E-1	4,599E-1	0,000E+0	5	0100
653,171	39,200	41,000	8,020E+1	0,000E+0	1,578E+2	1,580E+2	0,000E+0	4,629E-1	4,607E-1	0,000E+0	5	0100
654,172	39,100	41,000	8,010E+1	0,000E+0	1,581E+2	1,580E+2	0,000E+0	4,626E-1	4,610E-1	0,000E+0	5	0100
655,171	39,100	41,000	8,010E+1	0,000E+0	1,581E+2	1,580E+2	0,000E+0	4,626E-1	4,610E-1	0,000E+0	5	0100
656,172	38,800	40,700	7,950E+1	0,000E+0	1,578E+2	1,579E+2	0,000E+0	4,596E-1	4,584E-1	0,000E+0	5	0100
657,171	38,900	41,000	7,990E+1	0,000E+0	1,578E+2	1,581E+2	0,000E+0	4,603E-1	4,597E-1	0,000E+0	6	0100
658,172	39,000	41,000	8,000E+1	0,000E+0	1,578E+2	1,580E+2	0,000E+0	4,615E-1	4,598E-1	0,000E+0	6	0100
659,172	38,900	41,200	8,010E+1	0,000E+0	1,574E+2	1,580E+2	0,000E+0	4,603E-1	4,619E-1	0,000E+0	6	0100
660,171	39,000	41,000	8,000E+1	0,000E+0	1,577E+2	1,576E+2	0,000E+0	4,619E-1	4,603E-1	0,000E+0	6	0100
661,172	39,100	40,900	8,000E+1	0,000E+0	1,579E+2	1,577E+2	0,000E+0	4,623E-1	4,605E-1	0,000E+0	6	0100
662,171	39,100	40,900	8,000E+1	0,000E+0	1,579E+2	1,577E+2	0,000E+0	4,623E-1	4,605E-1	0,000E+0	6	0100
663,172	39,100	40,900	8,000E+1	0,000E+0	1,579E+2	1,577E+2	0,000E+0	4,623E-1	4,605E-1	0,000E+0	6	0100
664,173	39,100	40,900	8,000E+1	0,000E+0	1,579E+2	1,577E+2	0,000E+0	4,623E-1	4,605E-1	0,000E+0	6	0100
665,173	39,100	40,900	8,000E+1	0,000E+0	1,579E+2	1,577E+2	0,000E+0	4,623E-1	4,605E-1	0,000E+0	6	0100
666,173	39,200	40,800	8,000E+1	0,000E+0	1,577E+2	1,578E+2	0,000E+0	4,638E-1	4,595E-1	0,000E+0	6	0100
667,172	39,200	40,800	8,000E+1	0,000E+0	1,577E+2	1,578E+2	0,000E+0	4,638E-1	4,595E-1	0,000E+0	6	0100
668,173	39,200	40,800	8,000E+1	0,000E+0	1,577E+2	1,578E+2	0,000E+0	4,638E-1	4,595E-1	0,000E+0	6	0100
669,173	39,400	40,700	8,010E+1	0,000E+0	1,580E+2	1,576E+2	0,000E+0	4,641E-1	4,593E-1	0,000E+0	6	0100
670,174	39,400	40,700	8,010E+1	0,000E+0	1,580E+2	1,576E+2	0,000E+0	4,641E-1	4,593E-1	0,000E+0	6	0100
671,174	39,000	40,900	7,990E+1	0,000E+0	1,578E+2	1,577E+2	0,000E+0	4,615E-1	4,588E-1	0,000E+0	6	0100
672,174	39,000	40,900	7,990E+1	0,000E+0	1,578E+2	1,577E+2	0,000E+0	4,615E-1	4,588E-1	0,000E+0	6	0100
673,174	39,100	40,900	8,000E+1	0,000E+0	1,575E+2	1,574E+2	0,000E+0	4,623E-1	4,617E-1	0,000E+0	6	0100
674,173	38,900	40,800	7,970E+1	0,000E+0	1,577E+2	1,578E+2	0,000E+0	4,614E-1	4,586E-1	0,000E+0	7	0100
675,174	38,900	40,800	7,970E+1	0,000E+0	1,575E+2	1,575E+2	0,000E+0	4,613E-1	4,594E-1	0,000E+0	7	0100
676,174	39,000	41,300	8,030E+1	0,000E+0	1,574E+2	1,578E+2	0,000E+0	4,614E-1	4,622E-1	0,000E+0	7	0100
677,175	38,900	40,900	7,980E+1	0,000E+0	1,576E+2	1,578E+2	0,000E+0	4,612E-1	4,596E-1	0,000E+0	7	0100
678,176	38,900	40,900	7,980E+1	0,000E+0	1,576E+2	1,578E+2	0,000E+0	4,612E-1	4,596E-1	0,000E+0	7	0100
679,177	38,900	40,900	7,980E+1	0,000E+0	1,576E+2	1,578E+2	0,000E+0	4,612E-1	4,596E-1	0,000E+0	7	0100
680,177	38,900	40,900	7,980E+1	0,000E+0	1,576E+2	1,578E+2	0,000E+0	4,612E-1	4,596E-1	0,000E+0	7	0100
681,176	38,900	40,900	7,980E+1	0,000E+0	1,576E+2	1,578E+2	0,000E+0	4,612E-1	4,596E-1	0,000E+0	7	0100
682,177	39,000	40,900	7,990E+1	0,000E+0	1,578E+2	1,579E+2	0,000E+0	4,603E-1	4,593E-1	0,000E+0	7	0100
683,176	39,000	40,900	7,990E+1	0,000E+0	1,578E+2	1,579E+2	0,000E+0	4,603E-1	4,593E-1	0,000E+0	7	0100
684,177	39,000	40,900	7,990E+1	0,000E+0	1,578E+2	1,579E+2	0,000E+0	4,603E-1	4,593E-1	0,000E+0	7	0100
685,178	39,000	40,900	7,990E+1	0,000E+0	1,578E+2	1,579E+2	0,000E+0	4,603E-1	4,593E-1	0,000E+0	7	0100
686,178	39,000	41,100	8,010E+1	0,000E+0	1,576E+2	1,579E+2	0,000E+0	4,612E-1	4,609E-1	0,000E+0	7	0100
687,178	39,000	41,100	8,010E+1	0,000E+0	1,576E+2	1,579E+2	0,000E+0	4,612E-1	4,609E-1	0,000E+0	7	0100
688,177	39,100	41,100	8,020E+1	0,000E+0	1,576E+2	1,577E+2	0,000E+0	4,616E-1	4,614E-1	0,000E+0	7	0100
689,178	39,000	41,000	8,000E+1	0,000E+0	1,575E+2	1,578E+2	0,000E+0	4,614E-1	4,602E-1	0,000E+0	7	0100
690,178	39,000	40,900	7,990E+1	0,000E+0	1,575E+2	1,578E+2	0,000E+0	4,608E-1	4,589E-1	0,000E+0	7	0100
691,179	39,100	41,100	8,020E+1	0,000E+0	1,572E+2	1,579E+2	0,000E+0	4,621E-1	4,619E-1	0,000E+0	7	0100
692,179	39,000	41,100	8,010E+1	0,000E+0	1,576E+2	1,577E+2	0,000E+0	4,603E-1	4,603E-1	0,000E+0	7	0100
693,179	39,200	40,900	8,010E+1	0,000E+0	1,576E+2	1,576E+2	0,000E+0	4,632E-1	4,608E-1	0,000E+0	7	0101
694,180	39,100	40,900	8,000E+1	0,000E+0	1,579E+2	1,578E+2	0,000E+0	4,622E-1	4,607E-1	0,000E+0	7	0101
695,179	39,200	40,900	8,010E+1	0,000E+0	1,575E+2	1,575E+2	0,000E+0	4,627E-1	4,598E-1	0,000E+0	7	0101
696,179	39,200	40,900	8,010E+1	0,000E+0	1,575E+2	1,575E+2	0,000E+0	4,627E-1	4,598E-1	0,000E+0	7	0101
697,180	38,900	40,800	7,970E+1	0,000E+0	1,576E+2	1,576E+2	0,000E+0	4,594E-1	4,582E-1	0,000E+0	7	0101
698,180	39,100	41,000	8,010E+1	0,000E+0	1,578E+2	1,578E+2	0,000E+0	4,622E-1	4,616E-1	0,000E+0	7	0101
699,180	38,800	41,000	7,980E+1	0,000E+0	1,579E+2	1,580E+2	0,000E+0	4,606E-1	4,596E-1	0,000E+0	7	0101
700,180	38,800	41,000	7,980E+1	0,000E+0	1,579E+2	1,580E+2	0,000E+0	4,606E-1	4,596E-1	0,000E+0	7	0101
701,179	38,900	41,000	7,990E+1	0,000E+0	1,581E+2	1,582E+2	0,000E+0	4,619E-1	4,596E-1	0,000E+0	7	0101
702,181	38,900	41,000	7,990E+1	0,000E+0	1,581E+2	1,582E+2	0,000E+0	4,619E-1	4,596E-1	0,000E+0	7	0101
703,181	38,900	41,000	7,990E+1	0,000E+0	1,581E+2	1,582E+2	0,000E+0	4,619E-1	4,596E-1	0,000E+0	7	0101
704,181	38,900	41,000	7,990E+1	0,000E+0	1,581E+2	1,582E+2	0,000E+0	4,619E-1	4,596E-1	0,000E+0	7	0101
705,182	39,400	40,800	8,020E+1	0,000E+0	1,578E+2	1,578E+2	0,000E+0	4,645E-1	4,611E-1	0,000E+0	7	0101
706,181	39,400	40,800	8,020E+1	0,000E+0	1,578E+2	1,578E+2	0,000E+0	4,645E-1	4,611E-1	0,000E+0	7	0101
707,182	39,400	40,800	8,020E+1	0,000E+0	1,578E+2	1,578E+2	0,000E+0	4,645E-1	4,611E-1	0,000E+0	7	0101
708,182	39,400	40,800	8,020E+1	0,000E+0	1,578E+2	1,578E+2	0,000E+0	4,645E-1	4,611E-1	0,000E+0	7	0101
709,181	39,000	41,000	8,000E+1	0,000E+0	1,575E+2	1,575E+2	0,000E+0	4,614E-1	4,602E-1	0,000E+0	7	0101
710,182	39,000	41,000	8,000E+1	0,000E+0	1,575E+2	1,575E+2	0,000E+0	4,614E-1	4,602E-1	0,000E+0	7	0101
711,181	39,000	41,000	8,000E+1	0,000E+0	1,575E+2	1,575E+2	0,000E+0	4,614E-1	4,602E-1	0,000E+0	7	0101
712,182	39,100	41,000	8,010E+1	0,000E+0	1,575E+2	1,579E+2	0,000E+0	4,620E-1	4,611E-1	0,000E+0	7	0101
713,182	38,700	40,700	7,940E+1	0,000E+0	1,575E+2	1,579E+2	0,000E+0	4,594E-1	4,588E-1	0,000E+0	7	0101
714,183	39,200	40,900	8,010E+1	0,000E+0	1,577E+2	1,578E+2	0,000E+0	4,638E-1	4,609E-1	0,000E+0	6	0101
715,182	39,200	40,600	7,980E+1	0,000E+0	1,576E+2	1,576E+2	0,000E+0	4,635E-1	4,577E-1	0,000E+0	6	0101
716,183	38,900	41,100	8,000E+1	0,000E+0	1,575E+2	1,578E+2	0,000E+0	4,605E-1	4,612E-1	0,000E+0	6	0101
717,183	39,000	41,000	8,000E+1	0,000E+0	1,576E+2	1,578E+2	0,000E+0	4,617E-1	4,615E-1	0,000E+0	6	0101
718,184	39,000	41,000	8,000E+1	0,000E+0	1,576E+2	1,578E+2	0,000E+0	4,617E-1	4,615E-1	0,000E+0	6	0101
719,184	39,000	41,000	8,000E+1	0,000E+0	1,576E+2	1,578E+2	0,000E+0	4,617E-1	4,615E-1	0,000E+0	6	0101
720,184	39,100	40,900	8,000E+1	0,000E+0	1,577E+2	1,577E+2	0,000E+0	4,623E-1	4,597E-1	0,000E+0	6	0101
721,184	39,100	40,900	8,000E+1	0,000E+0	1,577E+2	1,577E+2	0,000E+0	4,623E-1	4,597E-1	0,000E+0	6	0101
722,183	39,100	40,900	8,000E+1	0,000E+0	1,577E+2	1,577E+2	0,000E+0	4,623E-1	4,597E-1	0,000E+0	6	0101
723,184	39,100	40,900	8,000E+1	0,000E+0	1,577E+2	1,577E+2	0,000E+0	4,623E-1	4,597E-1	0,000E+0	6	0101
724,183	39,100	41,000	8,010E+1	0,000E+0	1,577E+2	1,577E+2	0,000E+0	4,620E-1	4,623E-1	0,000E+0	6	0101
725,184	39,100	41,000	8,010E+1	0,000E+0	1,577E+2	1,577E+2	0,000E+0	4,620E-1	4,623E-1	0,000E+0	6	0101
726,184	39,100	41,000	8,010E+1	0,000E+0	1,577E+2	1,577E+2	0,000E+0	4,620E-1	4,623E-1	0,000E+0	6	0101
727,183	39,000	40,900	7,990E+1	0,000E+0	1,575E+2	1,577E+2	0,000E+0	4,622E-1	4,606E-1	0,000E+0	6	0101
728,184	39,000	40,900	7,990E+1	0,000E+0	1,575E+2	1,577E+2	0,000E+0	4,622E-1	4,606E-1	0,000E+0	6	0101
729,183	39,300	40,600	7,990E+1	0,000E+0	1,573E+2	1,576E+2	0,000E+0	4,641E-1	4,579E-1	0,000E+0	6	0101
730,185	38,900	41,100	8,000E+1	0,000E+0	1,572E+2	1,576E+2	0,000E+0	4,597E-1	4,622E-1	0,000E+0	5	0101
731,184	39,100	41,000	8,010E+1	0,000E+0	1,576E+2	1,579E+2	0,000E+0	4,615E-1	4,597E-1	0,000E+0	5	0101
732,185	39,100	41,000	8,010E+1	0,000E+0	1,576E+2	1,579E+2	0,000E+0	4,615E-1	4,597E-1	0,000E+0	5	0101
733,185	39,100	40,900	8,000E+1	0,000E+0	1,575E+2	1,574E+2	0,000E+0	4,633E-1	4,598E-1	0,000E+0	5	0101
734,184	39,100	40,900	8,000E+1	0,000E+0	1,575E+2	1,574E+2	0,000E+0	4,633E-1	4,598E-1	0,000E+0	5	0101
735,185	39,100	40,900	8,000E+1	0,000E+0	1,575E+2	1,574E+2	0,000E+0	4,633E-1	4,598E-1	0,000E+0	5	0101
736,185	39,100	40,900	8,000E+1	0,000E+0	1,575E+2	1,574E+2	0,000E+0	4,633E-1	4,598E-1	0,000E+0	5	0101
737,187	39,100	40,900	8,000E+1	0,000E+0	1,575E+2	1,574E+2	0,000E+0	4,633E-1	4,598E-1	0,000E+0	5	0101
738,187	39,100	40,800	7,990E+1	0,000E+0	1,578E+2	1,577E+2	0,000E+0	4,617E-1	4,596E-1	0,000E+0	5	0101
739,187	39,100	40,800	7,990E+1	0,000E+0	1,578E+2	1,577E+2	0,000E+0	4,617E-1	4,596E-1	0,000E+0	5	0101
740,187	39,100	40,800	7,990E+1	0,000E+0	1,578E+2	1,577E+2	0,000E+0	4,617E-1	4,596E-1	0,000E+0	5	0101
741,187	38,900	40,800	7,970E+1	0,000E+0	1,577E+2	1,578E+2	0,000E+0	4,615E-1	4,594E-1	0,000E+0	5	0101
742,188	38,900	40,800	7,970E+1	0,000E+0	1,577E+2	1,578E+2	0,000E+0	4,615E-1	4,594E-1	0,000E+0	5	0101
743,188	39,100	40,800	7,990E+1	0,000E+0	1,576E+2	1,577E+2	0,000E+0	4,615E-1	4,592E-1	0,000E+0	5	0101
744,189	39,100	40,800	7,990E+1	0,000E+0	1,576E+2	1,577E+2	0,000E+0	4,615E-1	4,592E-1	0,000E+0	5	0101
745,189	38,900	41,000	7,990E+1	0,000E+0	1,574E+2	1,578E+2	0,000E+0	4,597E-1	4,605E-1	0,000E+0	4	0101
746,189	38,800	40,900	7,970E+1	0,000E+0	1,576E+2	1,577E+2	0,000E+0	4,601E-1	4,595E-1	0,000E+0	4	0101
747,191	38,800	40,900	7,970E+1	0,000E+0	1,576E+2	1,577E+2	0,000E+0	4,601E-1	4,595E-1	0,000E+0	4	0101
748,190	38,900	41,100	8,000E+1	0,000E+0	1,578E+2	1,580E+2	0,000E+0	4,613E-1	4,607E-1	0,000E+0	4	0101
749,191	38,900	41,100	8,000E+1	0,000E+0	1,578E+2	1,580E+2	0,000E+0	4,613E-1	4,607E-1	0,000E+0	4	0101
750,190	38,900	41,100	8,000E+1	0,000E+0	1,578E+2	1,580E+2	0,000E+0	4,613E-1	4,607E-1	0,000E+0	4	0101
751,192	38,900	41,100	8,000E+1	0,000E+0	1,578E+2	1,580E+2	0,000E+0	4,613E-1	4,607E-1	0,000E+0	4	0101
752,192	38,900	41,100	8,000E+1	0,000E+0	1,578E+2	1,580E+2	0,000E+0	4,613E-1	4,607E-1	0,000E+0	4	0101
753,191	39,000	41,000	8,000E+1	0,000E+0	1,578E+2	1,579E+2	0,000E+0	4,606E-1	4,603E-1	0,000E+0	4	0101
754,193	39,000	41,000	8,000E+1	0,000E+0	1,578E+2	1,579E+2	0,000E+0	4,606E-1	4,603E-1	0,000E+0	4	0101
755,192	39,000	41,000	8,000E+1	0,000E+0	1,578E+2	1,579E+2	0,000E+0	4,606E-1	4,603E-1	0,000E+0	4	0101
756,193	38,900	41,100	8,000E+1	0,000E+0	1,578E+2	1,581E+2	0,000E+0	4,607E-1	4,611E-1	0,000E+0	4	0101
757,192	38,900	41,100	8,000E+1	0,000E+0	1,578E+2	1,581E+2	0,000E+0	4,607E-1	4,611E-1	0,000E+0	4	0101
758,194	39,200	40,700	7,990E+1	0,000E+0	1,576E+2	1,573E+2	0,000E+0	4,620E-1	4,589E-1	0,000E+0	4	0101
759,194	38,900	41,000	7,990E+1	0,000E+0	1,575E+2	1,578E+2	0,000E+0	4,617E-1	4,611E-1	0,000E+0	4	0101
760,193	39,000	41,100	8,010E+1	0,000E+0	1,576E+2	1,578E+2	0,000E+0	4,613E-1	4,616E-1	0,000E+0	3	0101
761,195	39,000	41,100	8,010E+1	0,000E+0	1,578E+2	1,578E+2	0,000E+0	4,612E-1	4,607E-1	0,000E+0	3	0101
762,194	38,800	40,900	7,970E+1	0,000E+0	1,578E+2	1,576E+2	0,000E+0	4,599E-1	4,589E-1	0,000E+0	3	0101
763,195	39,200	40,900	8,010E+1	0,000E+0	1,578E+2	1,577E+2	0,000E+0	4,648E-1	4,603E-1	0,000E+0	3	0101
764,194	39,200	40,900	8,010E+1	0,000E+0	1,578E+2	1,577E+2	0,000E+0	4,648E-1	4,603E-1	0,000E+0	3	0101
765,195	39,200	40,900	8,010E+1	0,000E+0	1,578E+2	1,577E+2	0,000E+0	4,648E-1	4,603E-1	0,000E+0	3	0101
766,194	39,200	40,900	8,010E+1	0,000E+0	1,578E+2	1,577E+2	0,000E+0	4,648E-1	4,603E-1	0,000E+0	3	0101
767,195	39,100	41,100	8,020E+1	0,000E+0	1,576E+2	1,578E+2	0,000E+0	4,622E-1	4,611E-1	0,000E+0	3	0101
768,196	39,100	41,100	8,020E+1	0,000E+0	1,576E+2	1,578E+2	0,000E+0	4,622E-1	4,611E-1	0,000E+0	3	0101
769,196	39,100	41,100	8,020E+1	0,000E+0	1,576E+2	1,578E+2	0,000E+0	4,622E-1	4,611E-1	0,000E+0	3	0101
770,196	39,100	41,100	8,020E+1	0,000E+0	1,576E+2	1,578E+2	0,000E+0	4,622E-1	4,611E-1	0,000E+0	3	0101
771,195	39,000	40,900	7,990E+1	0,000E+0	1,576E+2	1,576E+2	0,000E+0	4,609E-1	4,595E-1	0,000E+0	3	0101
772,196	39,000	40,900	7,990E+1	0,000E+0	1,576E+2	1,576E+2	0,000E+0	4,609E-1	4,595E-1	0,000E+0	3	0101
773,195	38,900	40,800	7,970E+1	0,000E+0	1,576E+2	1,577E+2	0,000E+0	4,605E-1	4,595E-1	0,000E+0	3	0101
774,197	38,900	40,800	7,970E+1	0,000E+0	1,576E+2	1,577E+2	0,000E+0	4,605E-1	4,595E-1	0,000E+0	3	0101
775,197	39,400	40,800	8,020E+1	0,000E+0	1,577E+2	1,577E+2	0,000E+0	4,641E-1	4,598E-1	0,000E+0	3	0101
776,197	39,100	40,800	7,990E+1	0,000E+0	1,574E+2	1,577E+2	0,000E+0	4,628E-1	4,606E-1	0,000E+0	2	0101
777,197	38,900	40,900	7,980E+1	0,000E+0	1,576E+2	1,578E+2	0,000E+0	4,600E-1	4,583E-1	0,000E+0	2	0101
778,196	39,000	41,000	8,000E+1	0,000E+0	1,575E+2	1,578E+2	0,000E+0	4,613E-1	4,616E-1	0,000E+0	2	0101
779,197	39,000	41,000	8,000E+1	0,000E+0	1,578E+2	1,577E+2	0,000E+0	4,630E-1	4,605E-1	0,000E+0	2	0101
780,196	39,000	41,000	8,000E+1	0,000E+0	1,578E+2	1,577E+2	0,000E+0	4,630E-1	4,605E-1	0,000E+0	2	0101
781,197	39,000	41,000	8,000E+1	0,000E+0	1,578E+2	1,577E+2	0,000E+0	4,630E-1	4,605E-1	0,000E+0	2	0101
782,197	39,000	41,000	8,000E+1	0,000E+0	1,578E+2	1,577E+2	0,000E+0	4,630E-1	4,605E-1	0,000E+0	2	0101
783,198	39,000	41,000	8,000E+1	0,000E+0	1,578E+2	1,577E+2	0,000E+0	4,630E-1	4,605E-1	0,000E+0	2	0101
784,198	39,000	41,000	8,000E+1	0,000E+0	1,578E+2	1,577E+2	0,000E+0	4,630E-1	4,605E-1	0,000E+0	2	0101
785,197	39,000	41,000	8,000E+1	0,000E+0	1,578E+2	1,577E+2	0,000E+0	4,630E-1	4,605E-1	0,000E+0	2	0101
786,198	39,000	41,000	8,000E+1	0,000E+0	1,578E+2	1,577E+2	0,000E+0	4,630E-1	4,605E-1	0,000E+0	2	0101
787,198	39,000	41,000	8,000E+1	0,000E+0	1,578E+2	1,576E+2	0,000E+0	4,630E-1	4,622E-1	0,000E+0	2	0101
788,198	39,000	41,000	8,000E+1	0,000E+0	1,578E+2	1,576E+2	0,000E+0	4,630E-1	4,622E-1	0,000E+0	2	0101
789,199	39,000	40,900	7,990E+1	0,000E+0	1,576E+2	1,574E+2	0,000E+0	4,611E-1	4,596E-1	0,000E+0	2	0101
790,199	39,000	40,900	7,990E+1	0,000E+0	1,576E+2	1,574E+2	0,000E+0	4,611E-1	4,596E-1	0,000E+0	2	0101
791,199	39,000	40,800	7,980E+1	0,000E+0	1,576E+2	1,577E+2	0,000E+0	4,623E-1	4,590E-1	0,000E+0	1	0101
792,199	39,000	41,200	8,020E+1	0,000E+0	1,576E+2	1,580E+2	0,000E+0	4,620E-1	4,617E-1	0,000E+0	1	0101
793,199	39,000	40,900	7,990E+1	0,000E+0	1,579E+2	1,578E+2	0,000E+0	4,621E-1	4,598E-1	0,000E+0	1	0101
794,198	39,000	40,900	7,990E+1	0,000E+0	1,579E+2	1,578E+2	0,000E+0	4,621E-1	4,598E-1	0,000E+0	1	0101
795,199	39,000	40,900	7,990E+1	0,000E+0	1,579E+2	1,578E+2	0,000E+0	4,621E-1	4,598E-1	0,000E+0	1	0101
796,198	39,000	40,900	7,990E+1	0,000E+0	1,579E+2	1,578E+2	0,000E+0	4,621E-1	4,598E-1	0,000E+0	1	0101
797,199	39,000	40,900	7,990E+1	0,000E+0	1,579E+2	1,578E+2	0,000E+0	4,621E-1	4,598E-1	0,000E+0	1	0101
798,198	39,000	41,200	8,020E+1	0,000E+0	1,575E+2	1,579E+2	0,000E+0	4,620E-1	4,625E-1	0,000E+0	1	0101
799,200	39,000	41,200	8,020E+1	0,000E+0	1,575E+2	1,579E+2	0,000E+0	4,620E-1	4,625E-1	0,000E+0	1	0101
800,201	39,000	41,200	8,020E+1	0,000E+0	1,575E+2	1,579E+2	0,000E+0	4,620E-1	4,625E-1	0,000E+0	1	0101
801,201	39,000	41,200	8,020E+1	0,000E+0	1,575E+2	1,579E+2	0,000E+0	4,620E-1	4,625E-1	0,000E+0	1	0101
802,202	39,100	41,000	8,010E+1	0,000E+0	1,579E+2	1,580E+2	0,000E+0	4,638E-1	4,625E-1	0,000E+0	1	0101
803,201	39,100	41,000	8,010E+1	0,000E+0	1,579E+2	1,580E+2	0,000E+0	4,638E-1	4,625E-1	0,000E+0	1	0101
804,202	39,100	41,100	8,020E+1	0,000E+0	1,577E+2	1,579E+2	0,000E+0	4,633E-1	4,631E-1	0,000E+0	1	0101
805,202	39,100	41,100	8,020E+1	0,000E+0	1,577E+2	1,579E+2	0,000E+0	4,633E-1	4,631E-1	0,000E+0	1	0101
806,202	39,100	40,800	7,990E+1	0,000E+0	1,576E+2	1,577E+2	0,000E+0	4,613E-1	4,601E-1	0,000E+0	1	0101
807,202	39,000	40,900	7,990E+1	0,000E+0	1,577E+2	1,578E+2	0,000E+0	4,610E-1	4,617E-1	0,000E+0	0	0101
808,201	38,900	41,000	7,990E+1	0,000E+0	1,577E+2	1,577E+2	0,000E+0	4,608E-1	4,603E-1	0,000E+0	0	0101
809,202	39,000	41,000	8,000E+1	0,000E+0	1,574E+2	1,574E+2	0,000E+0	4,617E-1	4,617E-1	0,000E+0	0	0101
810,202	39,000	40,900	7,990E+1	0,000E+0	1,574E+2	1,578E+2	0,000E+0	4,618E-1	4,597E-1	0,000E+0	0	0101
811,204	39,000	41,000	8,000E+1	0,000E+0	1,574E+2	1,577E+2	0,000E+0	4,623E-1	4,614E-1	0,000E+0	0	0101
812,204	39,300	40,800	8,010E+1	0,000E+0	1,575E+2	1,573E+2	0,000E+0	4,641E-1	4,609E-1	0,000E+0	0	0101
813,203	39,300	40,800	8,010E+1	0,000E+0	1,575E+2	1,573E+2	0,000E+0	4,641E-1	4,609E-1	0,000E+0	0	0101
814,204	39,000	40,900	7,990E+1	0,000E+0	1,573E+2	1,575E+2	0,000E+0	4,627E-1	4,616E-1	0,000E+0	0	0101
815,203	39,000	40,900	7,990E+1	0,000E+0	1,573E+2	1,575E+2	0,000E+0	4,627E-1	4,616E-1	0,000E+0	0	0101
816,204	39,000	40,800	7,980E+1	0,000E+0	1,574E+2	1,576E+2	0,000E+0	4,613E-1	4,591E-1	0,000E+0	0	0101
817,204	39,000	40,800	7,980E+1	0,000E+0	1,574E+2	1,576E+2	0,000E+0	4,613E-1	4,591E-1	0,000E+0	0	0101
818,206	39,000	40,800	7,980E+1	0,000E+0	1,574E+2	1,576E+2	0,000E+0	4,613E-1	4,591E-1	0,000E+0	0	0101
819,205	39,000	40,800	7,980E+1	0,000E+0	1,574E+2	1,576E+2	0,000E+0	4,613E-1	4,591E-1	0,000E+0	0	0101
820,206	39,200	41,000	8,020E+1	0,000E+0	1,576E+2	1,578E+2	0,000E+0	4,629E-1	4,602E-1	0,000E+0	0	0101
821,207	39,200	41,000	8,020E+1	0,000E+0	1,576E+2	1,578E+2	0,000E+0	4,629E-1	4,602E-1	0,000E+0	0	0101
822,207	39,200	41,000	8,020E+1	0,000E+0	1,576E+2	1,578E+2	0,000E+0	4,629E-1	4,602E-1	0,000E+0	0	0101
823,207	39,100	41,100	8,020E+1	0,000E+0	1,576E+2	1,577E+2	0,000E+0	4,642E-1	4,626E-1	0,000E+0	0	0101
824,208	39,100	41,100	8,020E+1	0,000E+0	1,576E+2	1,577E+2	0,000E+0	4,642E-1	4,626E-1	0,000E+0	0	0101
825,208	39,000	40,900	7,990E+1	0,000E+0	1,574E+2	1,575E+2	0,000E+0	4,622E-1	4,614E-1	0,000E+0	0	0101
826,209	39,000	41,000	8,000E+1	0,000E+0	1,576E+2	1,576E+2	0,000E+0	4,622E-1	4,601E-1	0,000E+0	0	0101
827,208	39,000	41,100	8,010E+1	0,000E+0	1,575E+2	1,576E+2	0,000E+0	4,625E-1	4,613E-1	0,000E+0	0	0101
828,209	39,000	41,100	8,010E+1	0,000E+0	1,576E+2	1,577E+2	0,000E+0	4,616E-1	4,616E-1	0,000E+0	0	0101
829,209	38,900	41,000	7,990E+1	0,000E+0	1,573E+2	1,574E+2	0,000E+0	4,611E-1	4,595E-1	0,000E+0	0	0101
830,209	39,200	40,900	8,010E+1	0,000E+0	1,576E+2	1,576E+2	0,000E+0	4,629E-1	4,601E-1	0,000E+0	0	0101
831,209	39,000	40,800	7,980E+1	0,000E+0	1,575E+2	1,576E+2	0,000E+0	4,615E-1	4,599E-1	0,000E+0	0	0101
832,208	39,100	40,900	8,000E+1	0,000E+0	1,574E+2	1,576E+2	0,000E+0	4,635E-1	4,610E-1	0,000E+0	0	0101
833,209	39,100	40,900	8,000E+1	0,000E+0	1,574E+2	1,576E+2	0,000E+0	4,635E-1	4,610E-1	0,000E+0	0	0110
834,208	39,000	41,000	8,000E+1	0,000E+0	1,574E+2	1,575E+2	0,000E+0	4,611E-1	4,608E-1	0,000E+0	0	0110
835,209	38,800	41,100	7,990E+1	0,000E+0	1,574E+2	1,578E+2	0,000E+0	4,608E-1	4,617E-1	0,000E+0	0	0110
836,209	39,000	41,000	8,000E+1	0,000E+0	1,576E+2	1,576E+2	0,000E+0	4,626E-1	4,613E-1	0,000E+0	0	0110
837,208	39,200	40,700	7,990E+1	0,000E+0	1,576E+2	1,574E+2	0,000E+0	4,620E-1	4,589E-1	0,000E+0	0	0110
838,209	39,200	40,900	8,010E+1	0,000E+0	1,575E+2	1,574E+2	0,000E+0	4,621E-1	4,612E-1	0,000E+0	0	0110
839,208	39,100	40,900	8,000E+1	0,000E+0	1,576E+2	1,577E+2	0,000E+0	4,620E-1	4,597E-1	0,000E+0	0	0110
840,209	38,900	41,100	8,000E+1	0,000E+0	1,574E+2	1,578E+2	0,000E+0	4,615E-1	4,610E-1	0,000E+0	0	0110
841,208	39,000	40,900	7,990E+1	0,000E+0	1,576E+2	1,576E+2	0,000E+0	4,603E-1	4,601E-1	0,000E+0	0	0110
842,209	39,200	40,900	8,010E+1	0,000E+0	1,575E+2	1,573E+2	0,000E+0	4,638E-1	4,620E-1	0,000E+0	0	0110
843,208	39,100	40,900	8,000E+1	0,000E+0	1,575E+2	1,576E+2	0,000E+0	4,613E-1	4,603E-1	0,000E+0	0	0110
844,209	39,100	40,900	8,000E+1	0,000E+0	1,575E+2	1,576E+2	0,000E+0	4,613E-1	4,603E-1	0,000E+0	0	0110
845,209	39,100	40,900	8,000E+1	0,000E+0	1,575E+2	1,576E+2	0,000E+0	4,613E-1	4,603E-1	0,000E+0	0	0110
846,208	39,000	41,200	8,020E+1	0,000E+0	1,576E+2	1,578E+2	0,000E+0	4,622E-1	4,627E-1	0,000E+0	0	0110
847,209	39,000	41,200	8,020E+1	0,000E+0	1,576E+2	1,578E+2	0,000E+0	4,622E-1	4,627E-1	0,000E+0	0	0110
848,208	39,100	41,100	8,020E+1	0,000E+0	1,578E+2	1,577E+2	0,000E+0	4,634E-1	4,616E-1	0,000E+0	0	0110
849,209	39,100	41,100	8,020E+1	0,000E+0	1,578E+2	1,577E+2	0,000E+0	4,634E-1	4,616E-1	0,000E+0	0	0110
850,209	39,100	41,100	8,020E+1	0,000E+0	1,578E+2	1,577E+2	0,000E+0	4,634E-1	4,616E-1	0,000E+0	0	0110
851,209	39,100	41,100	8,020E+1	0,000E+0	1,578E+2	1,577E+2	0,000E+0	4,634E-1	4,616E-1	0,000E+0	0	0110
852,211	39,100	40,900	8,000E+1	0,000E+0	1,578E+2	1,580E+2	0,000E+0	4,619E-1	4,591E-1	0,000E+0	0	0110
853,211	39,100	40,900	8,000E+1	0,000E+0	1,578E+2	1,580E+2	0,000E+0	4,619E-1	4,591E-1	0,000E+0	0	0110
854,211	39,100	40,900	8,000E+1	0,000E+0	1,578E+2	1,580E+2	0,000E+0	4,619E-1	4,591E-1	0,000E+0	0	0110
855,211	38,800	40,800	7,960E+1	0,000E+0	1,574E+2	1,578E+2	0,000E+0	4,599E-1	4,591E-1	0,000E+0	0	0110
856,210	39,100	41,000	8,010E+1	0,000E+0	1,577E+2	1,580E+2	0,000E+0	4,620E-1	4,604E-1	0,000E+0	0	0110
857,211	38,900	41,000	7,990E+1	0,000E+0	1,576E+2	1,579E+2	0,000E+0	4,614E-1	4,607E-1	0,000E+0	0	0110
858,210	39,200	41,000	8,020E+1	0,000E+0	1,580E+2	1,576E+2	0,000E+0	4,635E-1	4,612E-1	0,000E+0	1	0110
859,211	39,200	40,800	8,000E+1	0,000E+0	1,578E+2	1,577E+2	0,000E+0	4,631E-1	4,610E-1	0,000E+0	1	0110
860,212	38,900	41,000	7,990E+1	0,000E+0	1,577E+2	1,580E+2	0,000E+0	4,622E-1	4,610E-1	0,000E+0	1	0110
861,211	39,100	41,000	8,010E+1	0,000E+0	1,577E+2	1,576E+2	0,000E+0	4,621E-1	4,598E-1	0,000E+0	1	0110
862,212	39,100	41,000	8,010E+1	0,000E+0	1,577E+2	1,576E+2	0,000E+0	4,621E-1	4,598E-1	0,000E+0	1	0110
863,211	39,100	41,000	8,010E+1	0,000E+0	1,577E+2	1,576E+2	0,000E+0	4,621E-1	4,598E-1	0,000E+0	1	0110
864,213	39,100	41,000	8,010E+1	0,000E+0	1,577E+2	1,576E+2	0,000E+0	4,621E-1	4,598E-1	0,000E+0	1	0110
865,213	39,100	41,000	8,010E+1	0,000E+0	1,577E+2	1,576E+2	0,000E+0	4,621E-1	4,598E-1	0,000E+0	1	0110
866,214	39,200	40,700	7,990E+1	0,000E+0	1,578E+2	1,578E+2	0,000E+0	4,623E-1	4,599E-1	0,000E+0	1	0110
867,214	39,200	40,700	7,990E+1	0,000E+0	1,578E+2	1,578E+2	0,000E+0	4,623E-1	4,599E-1	0,000E+0	1	0110
868,213	39,200	40,700	7,990E+1	0,000E+0	1,578E+2	1,578E+2	0,000E+0	4,623E-1	4,599E-1	0,000E+0	1	0110
869,214	39,200	40,700	7,990E+1	0,000E+0	1,578E+2	1,578E+2	0,000E+0	4,623E-1	4,599E-1	0,000E+0	1	0110
870,213	39,100	40,700	7,980E+1	0,000E+0	1,576E+2	1,578E+2	0,000E+0	4,618E-1	4,585E-1	0,000E+0	1	0110
871,214	39,200	40,800	8,000E+1	0,000E+0	1,578E+2	1,579E+2	0,000E+0	4,630E-1	4,607E-1	0,000E+0	1	0110
872,213	39,200	40,800	8,000E+1	0,000E+0	1,578E+2	1,579E+2	0,000E+0	4,630E-1	4,607E-1	0,000E+0	1	0110
873,214	38,900	40,900	7,980E+1	0,000E+0	1,577E+2	1,578E+2	0,000E+0	4,619E-1	4,604E-1	0,000E+0	1	0110
874,214	39,100	41,000	8,010E+1	0,000E+0	1,577E+2	1,581E+2	0,000E+0	4,616E-1	4,598E-1	0,000E+0	1	0110
875,213	39,000	41,000	8,000E+1	0,000E+0	1,579E+2	1,581E+2	0,000E+0	4,615E-1	4,604E-1	0,000E+0	2	0110
876,214	39,300	40,600	7,990E+1	0,000E+0	1,580E+2	1,578E+2	0,000E+0	4,631E-1	4,574E-1	0,000E+0	2	0110
877,213	39,000	40,900	7,990E+1	0,000E+0	1,580E+2	1,578E+2	0,000E+0	4,621E-1	4,604E-1	0,000E+0	2	0110
878,215	39,000	40,900	7,990E+1	0,000E+0	1,579E+2	1,579E+2	0,000E+0	4,620E-1	4,609E-1	0,000E+0	2	0110
879,216	39,000	40,900	7,990E+1	0,000E+0	1,579E+2	1,579E+2	0,000E+0	4,620E-1	4,609E-1	0,000E+0	2	0110
880,216	39,000	40,900	7,990E+1	0,000E+0	1,579E+2	1,579E+2	0,000E+0	4,620E-1	4,609E-1	0,000E+0	2	0110
881,216	39,000	40,900	7,990E+1	0,000E+0	1,579E+2	1,579E+2	0,000E+0	4,620E-1	4,609E-1	0,000E+0	2	0110
882,215	38,900	41,100	8,000E+1	0,000E+0	1,577E+2	1,577E+2	0,000E+0	4,608E-1	4,616E-1	0,000E+0	2	0110
883,217	38,900	41,100	8,000E+1	0,000E+0	1,577E+2	1,577E+2	0,000E+0	4,608E-1	4,616E-1	0,000E+0	2	0110
884,217	38,900	41,100	8,000E+1	0,000E+0	1,577E+2	1,577E+2	0,000E+0	4,608E-1	4,616E-1	0,000E+0	2	0110
885,216	38,900	41,100	8,000E+1	0,000E+0	1,577E+2	1,577E+2	0,000E+0	4,608E-1	4,616E-1	0,000E+0	2	0110
886,217	39,300	40,500	7,980E+1	0,000E+0	1,576E+2	1,577E+2	0,000E+0	4,629E-1	4,585E-1	0,000E+0	2	0110
887,217	39,100	40,800	7,990E+1	0,000E+0	1,578E+2	1,579E+2	0,000E+0	4,614E-1	4,591E-1	0,000E+0	2	0110
888,217	39,100	40,800	7,990E+1	0,000E+0	1,578E+2	1,579E+2	0,000E+0	4,614E-1	4,591E-1	0,000E+0	2	0110
889,217	39,000	41,100	8,010E+1	0,000E+0	1,579E+2	1,583E+2	0,000E+0	4,614E-1	4,605E-1	0,000E+0	2	0110
890,216	39,000	41,100	8,010E+1	0,000E+0	1,579E+2	1,583E+2	0,000E+0	4,614E-1	4,605E-1	0,000E+0	3	0110
891,217	39,000	41,100	8,010E+1	0,000E+0	1,579E+2	1,583E+2	0,000E+0	4,614E-1	4,605E-1	0,000E+0	3	0110
892,216	38,900	40,800	7,970E+1	0,000E+0	1,578E+2	1,578E+2	0,000E+0	4,606E-1	4,594E-1	0,000E+0	3	0110
893,217	39,000	41,000	8,000E+1	0,000E+0	1,579E+2	1,584E+2	0,000E+0	4,621E-1	4,606E-1	0,000E+0	3	0110
894,218	39,000	41,000	8,000E+1	0,000E+0	1,579E+2	1,584E+2	0,000E+0	4,621E-1	4,606E-1	0,000E+0	3	0110
895,219	39,000	41,000	8,000E+1	0,000E+0	1,579E+2	1,584E+2	0,000E+0	4,621E-1	4,606E-1	0,000E+0	3	0110
896,219	39,200	40,800	8,000E+1	0,000E+0	1,578E+2	1,580E+2	0,000E+0	4,620E-1	4,590E-1	0,000E+0	3	0110
897,218	39,200	40,800	8,000E+1	0,000E+0	1,578E+2	1,580E+2	0,000E+0	4,620E-1	4,590E-1	0,000E+0	3	0110
898,219	39,200	40,800	8,000E+1	0,000E+0	1,578E+2	1,580E+2	0,000E+0	4,620E-1	4,590E-1	0,000E+0	3	0110
899,219	38,900	40,800	7,970E+1	0,000E+0	1,577E+2	1,580E+2	0,000E+0	4,598E-1	4,592E-1	0,000E+0	3	0110
900,221	38,900	40,800	7,970E+1	0,000E+0	1,577E+2	1,580E+2	0,000E+0	4,598E-1	4,592E-1	0,000E+0	3	0110
901,222	38,900	40,800	7,970E+1	0,000E+0	1,577E+2	1,580E+2	0,000E+0	4,598E-1	4,592E-1	0,000E+0	3	0110
902,221	38,900	40,800	7,970E+1	0,000E+0	1,577E+2	1,580E+2	0,000E+0	4,598E-1	4,592E-1	0,000E+0	3	0110
903,222	39,100	41,000	8,010E+1	0,000E+0	1,578E+2	1,577E+2	0,000E+0	4,624E-1	4,623E-1	0,000E+0	3	0110
904,221	39,100	41,000	8,010E+1	0,000E+0	1,578E+2	1,577E+2	0,000E+0	4,624E-1	4,623E-1	0,000E+0	3	0110
905,222	39,200	40,900	8,010E+1	0,000E+0	1,580E+2	1,578E+2	0,000E+0	4,633E-1	4,603E-1	0,000E+0	3	0110
906,222	39,200	40,900	8,010E+1	0,000E+0	1,580E+2	1,578E+2	0,000E+0	4,633E-1	4,603E-1	0,000E+0	4	0110
907,222	39,000	40,700	7,970E+1	0,000E+0	1,577E+2	1,577E+2	0,000E+0	4,608E-1	4,591E-1	0,000E+0	4	0110
908,222	39,000	40,900	7,990E+1	0,000E+0	1,581E+2	1,578E+2	0,000E+0	4,618E-1	4,607E-1	0,000E+0	4	0110
909,221	39,100	41,000	8,010E+1	0,000E+0	1,581E+2	1,579E+2	0,000E+0	4,618E-1	4,597E-1	0,000E+0	4	0110
910,222	39,100	40,800	7,990E+1	0,000E+0	1,578E+2	1,577E+2	0,000E+0	4,632E-1	4,594E-1	0,000E+0	4	0110
911,221	39,100	40,800	7,990E+1	0,000E+0	1,578E+2	1,577E+2	0,000E+0	4,632E-1	4,594E-1	0,000E+0	4	0110
912,222	39,100	40,800	7,990E+1	0,000E+0	1,578E+2	1,577E+2	0,000E+0	4,632E-1	4,594E-1	0,000E+0	4	0110
913,223	39,100	40,800	7,990E+1	0,000E+0	1,578E+2	1,577E+2	0,000E+0	4,632E-1	4,594E-1	0,000E+0	4	0110
914,223	39,100	40,800	7,990E+1	0,000E+0	1,578E+2	1,577E+2	0,000E+0	4,632E-1	4,594E-1	0,000E+0	4	0110
915,223	39,300	40,700	8,000E+1	0,000E+0	1,578E+2	1,579E+2	0,000E+0	4,639E-1	4,588E-1	0,000E+0	4	0110
916,222	39,300	40,700	8,000E+1	0,000E+0	1,578E+2	1,579E+2	0,000E+0	4,639E-1	4,588E-1	0,000E+0	4	0110
917,224	39,300	40,700	8,000E+1	0,000E+0	1,578E+2	1,579E+2	0,000E+0	4,639E-1	4,588E-1	0,000E+0	4	0110
918,223	38,900	41,100	8,000E+1	0,000E+0	1,576E+2	1,579E+2	0,000E+0	4,605E-1	4,619E-1	0,000E+0	4	0110
919,225	38,900	41,100	8,000E+1	0,000E+0	1,576E+2	1,579E+2	0,000E+0	4,605E-1	4,619E-1	0,000E+0	4	0110
920,225	38,900	40,900	7,980E+1	0,000E+0	1,576E+2	1,579E+2	0,000E+0	4,607E-1	4,597E-1	0,000E+0	4	0110
921,225	38,900	40,900	7,980E+1	0,000E+0	1,576E+2	1,579E+2	0,000E+0	4,607E-1	4,597E-1	0,000E+0	4	0110
922,225	39,000	40,800	7,980E+1	0,000E+0	1,578E+2	1,578E+2	0,000E+0	4,631E-1	4,597E-1	0,000E+0	4	0110
923,226	39,000	40,800	7,980E+1	0,000E+0	1,578E+2	1,578E+2	0,000E+0	4,631E-1	4,597E-1	0,000E+0	4	0110
924,226	38,800	41,100	7,990E+1	0,000E+0	1,578E+2	1,582E+2	0,000E+0	4,598E-1	4,597E-1	0,000E+0	5	0110
925,228	38,800	41,100	7,990E+1	0,000E+0	1,578E+2	1,582E+2	0,000E+0	4,598E-1	4,597E-1	0,000E+0	5	0110
926,228	39,100	41,000	8,010E+1	0,000E+0	1,580E+2	1,578E+2	0,000E+0	4,635E-1	4,616E-1	0,000E+0	5	0110
927,228	39,400	40,900	8,030E+1	0,000E+0	1,578E+2	1,578E+2	0,000E+0	4,650E-1	4,606E-1	0,000E+0	5	0110
928,228	39,400	40,900	8,030E+1	0,000E+0	1,578E+2	1,578E+2	0,000E+0	4,650E-1	4,606E-1	0,000E+0	5	0110
929,228	39,400	40,900	8,030E+1	0,000E+0	1,578E+2	1,578E+2	0,000E+0	4,650E-1	4,606E-1	0,000E+0	5	0110
930,229	39,400	40,900	8,030E+1	0,000E+0	1,578E+2	1,578E+2	0,000E+0	4,650E-1	4,606E-1	0,000E+0	5	0110
931,228	39,400	40,900	8,030E+1	0,000E+0	1,578E+2	1,578E+2	0,000E+0	4,650E-1	4,606E-1	0,000E+0	5	0110
932,229	39,400	40,900	8,030E+1	0,000E+0	1,578E+2	1,578E+2	0,000E+0	4,650E-1	4,606E-1	0,000E+0	5	0110
933,230	38,900	41,100	8,000E+1	0,000E+0	1,577E+2	1,580E+2	0,000E+0	4,610E-1	4,616E-1	0,000E+0	5	0110
934,229	38,900	41,100	8,000E+1	0,000E+0	1,577E+2	1,580E+2	0,000E+0	4,610E-1	4,616E-1	0,000E+0	5	0110
935,230	39,200	40,600	7,980E+1	0,000E+0	1,577E+2	1,576E+2	0,000E+0	4,621E-1	4,586E-1	0,000E+0	5	0110
936,229	39,200	40,600	7,980E+1	0,000E+0	1,577E+2	1,576E+2	0,000E+0	4,621E-1	4,586E-1	0,000E+0	5	0110
937,231	39,200	40,800	8,000E+1	0,000E+0	1,579E+2	1,579E+2	0,000E+0	4,619E-1	4,591E-1	0,000E+0	5	0110
938,231	39,200	40,800	8,000E+1	0,000E+0	1,579E+2	1,579E+2	0,000E+0	4,619E-1	4,591E-1	0,000E+0	5	0110
939,233	38,900	41,100	8,000E+1	0,000E+0	1,578E+2	1,579E+2	0,000E+0	4,618E-1	4,621E-1	0,000E+0	5	0110
940,233	39,100	40,900	8,000E+1	0,000E+0	1,579E+2	1,580E+2	0,000E+0	4,628E-1	4,606E-1	0,000E+0	5	0110
941,232	39,000	41,000	8,000E+1	0,000E+0	1,582E+2	1,580E+2	0,000E+0	4,628E-1	4,624E-1	0,000E+0	5	0110
942,234	38,800	40,900	7,970E+1	0,000E+0	1,580E+2	1,582E+2	0,000E+0	4,600E-1	4,605E-1	0,000E+0	6	0110
943,234	39,100	40,900	8,000E+1	0,000E+0	1,579E+2	1,579E+2	0,000E+0	4,634E-1	4,599E-1	0,000E+0	6	0110
944,235	39,200	40,900	8,010E+1	0,000E+0	1,580E+2	1,581E+2	0,000E+0	4,626E-1	4,600E-1	0,000E+0	6	0110
945,235	39,200	40,900	8,010E+1	0,000E+0	1,580E+2	1,581E+2	0,000E+0	4,626E-1	4,600E-1	0,000E+0	6	0110
946,234	39,200	40,900	8,010E+1	0,000E+0	1,580E+2	1,581E+2	0,000E+0	4,626E-1	4,600E-1	0,000E+0	6	0110
947,235	39,200	40,900	8,010E+1	0,000E+0	1,580E+2	1,581E+2	0,000E+0	4,626E-1	4,600E-1	0,000E+0	6	0110
948,234	39,000	40,900	7,990E+1	0,000E+0	1,576E+2	1,578E+2	0,000E+0	4,619E-1	4,607E-1	0,000E+0	6	0110
949,235	39,000	40,900	7,990E+1	0,000E+0	1,576E+2	1,578E+2	0,000E+0	4,619E-1	4,607E-1	0,000E+0	6	0110
950,235	39,000	40,900	7,990E+1	0,000E+0	1,576E+2	1,578E+2	0,000E+0	4,619E-1	4,607E-1	0,000E+0	6	0110
951,234	39,000	41,000	8,000E+1	0,000E+0	1,578E+2	1,580E+2	0,000E+0	4,627E-1	4,616E-1	0,000E+0	6	0110
952,235	39,000	41,000	8,000E+1	0,000E+0	1,578E+2	1,580E+2	0,000E+0	4,627E-1	4,616E-1	0,000E+0	6	0110
953,234	39,000	41,000	8,000E+1	0,000E+0	1,578E+2	1,580E+2	0,000E+0	4,627E-1	4,616E-1	0,000E+0	6	0110
954,235	39,000	41,000	8,000E+1	0,000E+0	1,578E+2	1,580E+2	0,000E+0	4,627E-1	4,616E-1	0,000E+0	6	0110
955,234	39,100	41,000	8,010E+1	0,000E+0	1,578E+2	1,579E+2	0,000E+0	4,629E-1	4,620E-1	0,000E+0	6	0110
956,235	39,100	41,000	8,010E+1	0,000E+0	1,578E+2	1,579E+2	0,000E+0	4,629E-1	4,620E-1	0,000E+0	6	0110
957,235	39,100	40,700	7,980E+1	0,000E+0	1,580E+2	1,579E+2	0,000E+0	4,625E-1	4,607E-1	0,000E+0	6	0110
958,236	39,100	40,700	7,980E+1	0,000E+0	1,580E+2	1,579E+2	0,000E+0	4,625E-1	4,607E-1	0,000E+0	6	0110
959,236	39,000	40,600	7,960E+1	0,000E+0	1,578E+2	1,578E+2	0,000E+0	4,616E-1	4,579E-1	0,000E+0	6	0110
960,236	38,900	41,200	8,010E+1	0,000E+0	1,577E+2	1,580E+2	0,000E+0	4,617E-1	4,640E-1	0,000E+0	7	0110
961,235	39,200	41,000	8,020E+1	0,000E+0	1,580E+2	1,580E+2	0,000E+0	4,649E-1	4,615E-1	0,000E+0	7	0110
962,236	39,000	41,000	8,000E+1	0,000E+0	1,576E+2	1,579E+2	0,000E+0	4,619E-1	4,612E-1	0,000E+0	7	0110
963,235	39,100	40,900	8,000E+1	0,000E+0	1,578E+2	1,578E+2	0,000E+0	4,640E-1	4,624E-1	0,000E+0	7	0110
964,237	39,100	40,900	8,000E+1	0,000E+0	1,578E+2	1,578E+2	0,000E+0	4,640E-1	4,624E-1	0,000E+0	7	0110
965,237	39,100	40,900	8,000E+1	0,000E+0	1,578E+2	1,578E+2	0,000E+0	4,640E-1	4,624E-1	0,000E+0	7	0110
966,237	39,100	40,900	8,000E+1	0,000E+0	1,578E+2	1,578E+2	0,000E+0	4,640E-1	4,624E-1	0,000E+0	7	0110
967,237	39,100	40,900	8,000E+1	0,000E+0	1,578E+2	1,578E+2	0,000E+0	4,640E-1	4,624E-1	0,000E+0	7	0110
968,236	39,200	41,000	8,020E+1	0,000E+0	1,576E+2	1,577E+2	0,000E+0	4,653E-1	4,623E-1	0,000E+0	7	0110
969,238	39,200	41,000	8,020E+1	0,000E+0	1,576E+2	1,577E+2	0,000E+0	4,653E-1	4,623E-1	0,000E+0	7	0110
970,237	39,200	41,000	8,020E+1	0,000E+0	1,576E+2	1,577E+2	0,000E+0	4,653E-1	4,623E-1	0,000E+0	7	0110
971,238	39,000	41,100	8,010E+1	0,000E+0	1,575E+2	1,579E+2	0,000E+0	4,623E-1	4,632E-1	0,000E+0	7	0110
972,238	39,000	41,100	8,010E+1	0,000E+0	1,575E+2	1,579E+2	0,000E+0	4,623E-1	4,632E-1	0,000E+0	7	0110
973,238	39,000	41,000	8,000E+1	0,000E+0	1,579E+2	1,581E+2	0,000E+0	4,619E-1	4,613E-1	0,000E+0	7	0110
974,238	39,000	41,000	8,000E+1	0,000E+0	1,579E+2	1,581E+2	0,000E+0	4,619E-1	4,613E-1	0,000E+0	7	0110
975,237	39,100	40,900	8,000E+1	0,000E+0	1,579E+2	1,584E+2	0,000E+0	4,632E-1	4,614E-1	0,000E+0	7	0110
976,238	39,100	40,900	8,000E+1	0,000E+0	1,579E+2	1,584E+2	0,000E+0	4,632E-1	4,614E-1	0,000E+0	7	0110
977,237	39,100	40,900	8,000E+1	0,000E+0	1,577E+2	1,582E+2	0,000E+0	4,620E-1	4,605E-1	0,000E+0	7	0110
978,238	39,100	40,900	8,000E+1	0,000E+0	1,578E+2	1,581E+2	0,000E+0	4,631E-1	4,607E-1	0,000E+0	7	0110
979,238	39,000	41,000	8,000E+1	0,000E+0	1,581E+2	1,582E+2	0,000E+0	4,626E-1	4,612E-1	0,000E+0	7	0111
980,238	39,100	40,800	7,990E+1	0,000E+0	1,581E+2	1,581E+2	0,000E+0	4,619E-1	4,597E-1	0,000E+0	7	0111
981,239	38,900	41,000	7,990E+1	0,000E+0	1,579E+2	1,578E+2	0,000E+0	4,621E-1	4,609E-1	0,000E+0	7	0111
982,239	39,000	41,100	8,010E+1	0,000E+0	1,580E+2	1,581E+2	0,000E+0	4,623E-1	4,623E-1	0,000E+0	7	0111
983,240	39,000	40,900	7,990E+1	0,000E+0	1,581E+2	1,579E+2	0,000E+0	4,602E-1	4,597E-1	0,000E+0	7	0111
984,239	39,000	40,800	7,980E+1	0,000E+0	1,575E+2	1,577E+2	0,000E+0	4,614E-1	4,610E-1	0,000E+0	7	0111
985,240	39,000	41,100	8,010E+1	0,000E+0	1,579E+2	1,579E+2	0,000E+0	4,630E-1	4,610E-1	0,000E+0	7	0111
986,240	39,200	40,900	8,010E+1	0,000E+0	1,577E+2	1,579E+2	0,000E+0	4,639E-1	4,606E-1	0,000E+0	7	0111
987,239	39,200	40,900	8,010E+1	0,000E+0	1,577E+2	1,579E+2	0,000E+0	4,639E-1	4,606E-1	0,000E+0	7	0111
988,240	39,200	40,900	8,010E+1	0,000E+0	1,577E+2	1,579E+2	0,000E+0	4,639E-1	4,606E-1	0,000E+0	7	0111
989,239	39,200	40,900	8,010E+1	0,000E+0	1,577E+2	1,579E+2	0,000E+0	4,639E-1	4,606E-1	0,000E+0	7	0111
990,240	39,200	40,900	8,010E+1	0,000E+0	1,577E+2	1,579E+2	0,000E+0	4,639E-1	4,606E-1	0,000E+0	7	0111
991,239	39,000	41,000	8,000E+1	0,000E+0	1,580E+2	1,580E+2	0,000E+0	4,620E-1	4,612E-1	0,000E+0	7	0111
992,240	39,000	40,900	7,990E+1	0,000E+0	1,579E+2	1,581E+2	0,000E+0	4,616E-1	4,601E-1	0,000E+0	7	0111
993,241	39,000	40,900	7,990E+1	0,000E+0	1,579E+2	1,581E+2	0,000E+0	4,616E-1	4,601E-1	0,000E+0	7	0111
994,240	39,000	40,900	7,990E+1	0,000E+0	1,578E+2	1,579E+2	0,000E+0	4,624E-1	4,607E-1	0,000E+0	7	0111
995,240	39,000	40,900	7,990E+1	0,000E+0	1,578E+2	1,579E+2	0,000E+0	4,624E-1	4,607E-1	0,000E+0	7	0111
996,242	39,000	40,900	7,990E+1	0,000E+0	1,578E+2	1,579E+2	0,000E+0	4,624E-1	4,607E-1	0,000E+0	7	0111
997,241	39,000	40,900	7,990E+1	0,000E+0	1,578E+2	1,579E+2	0,000E+0	4,624E-1	4,607E-1	0,000E+0	7	0111
998,242	39,000	41,000	8,000E+1	0,000E+0	1,581E+2	1,581E+2	0,000E+0	4,615E-1	4,608E-1	0,000E+0	7	0111
999,243	39,100	40,900	8,000E+1	0,000E+0	1,578E+2	1,581E+2	0,000E+0	4,628E-1	4,605E-1	0,000E+0	7	0111
1000,242	38,900	41,000	7,990E+1	0,000E+0	1,577E+2	1,581E+2	0,000E+0	4,618E-1	4,620E-1	0,000E+0	7	0111
1001,244	39,000	41,000	8,000E+1	0,000E+0	1,580E+2	1,582E+2	0,000E+0	4,615E-1	4,600E-1	0,000E+0	6	0111
1002,244	39,000	41,000	8,000E+1	0,000E+0	1,582E+2	1,582E+2	0,000E+0	4,617E-1	4,599E-1	0,000E+0	6	0111
1003,245	39,200	41,000	8,020E+1	0,000E+0	1,578E+2	1,578E+2	0,000E+0	4,640E-1	4,617E-1	0,000E+0	6	0111
1004,245	39,200	41,000	8,020E+1	0,000E+0	1,578E+2	1,578E+2	0,000E+0	4,640E-1	4,617E-1	0,000E+0	6	0111
1005,245	39,200	41,000	8,020E+1	0,000E+0	1,578E+2	1,578E+2	0,000E+0	4,640E-1	4,617E-1	0,000E+0	6	0111
1006,244	39,200	41,000	8,020E+1	0,000E+0	1,578E+2	1,578E+2	0,000E+0	4,640E-1	4,617E-1	0,000E+0	6	0111
1007,245	39,200	41,000	8,020E+1	0,000E+0	1,578E+2	1,578E+2	0,000E+0	4,640E-1	4,617E-1	0,000E+0	6	0111
1008,244	39,200	41,000	8,020E+1	0,000E+0	1,578E+2	1,578E+2	0,000E+0	4,640E-1	4,617E-1	0,000E+0	6	0111
1009,245	39,100	40,900	8,000E+1	0,000E+0	1,580E+2	1,579E+2	0,000E+0	4,625E-1	4,601E-1	0,000E+0	6	0111
1010,244	39,100	40,900	8,000E+1	0,000E+0	1,580E+2	1,579E+2	0,000E+0	4,625E-1	4,601E-1	0,000E+0	6	0111
1011,245	39,100	40,900	8,000E+1	0,000E+0	1,580E+2	1,579E+2	0,000E+0	4,625E-1	4,601E-1	0,000E+0	6	0111
1012,245	39,100	40,900	8,000E+1	0,000E+0	1,580E+2	1,579E+2	0,000E+0	4,625E-1	4,601E-1	0,000E+0	6	0111
1013,246	39,200	40,800	8,000E+1	0,000E+0	1,578E+2	1,579E+2	0,000E+0	4,618E-1	4,603E-1	0,000E+0	6	0111
1014,246	39,200	40,800	8,000E+1	0,000E+0	1,578E+2	1,579E+2	0,000E+0	4,618E-1	4,603E-1	0,000E+0	6	0111
1015,245	39,200	40,800	8,000E+1	0,000E+0	1,578E+2	1,579E+2	0,000E+0	4,618E-1	4,603E-1	0,000E+0	6	0111
1016,247	38,900	41,200	8,010E+1	0,000E+0	1,577E+2	1,582E+2	0,000E+0	4,613E-1	4,623E-1	0,000E+0	6	0111
1017,247	39,000	41,000	8,000E+1	0,000E+0	1,579E+2	1,580E+2	0,000E+0	4,622E-1	4,607E-1	0,000E+0	6	0111
1018,248	39,100	41,100	8,020E+1	0,000E+0	1,580E+2	1,581E+2	0,000E+0	4,621E-1	4,635E-1	0,000E+0	5	0111
1019,248	39,000	40,900	7,990E+1	0,000E+0	1,579E+2	1,580E+2	0,000E+0	4,618E-1	4,598E-1	0,000E+0	5	0111
1020,248	39,000	40,900	7,990E+1	0,000E+0	1,578E+2	1,581E+2	0,000E+0	4,623E-1	4,604E-1	0,000E+0	5	0111
1021,248	39,000	40,900	7,990E+1	0,000E+0	1,576E+2	1,579E+2	0,000E+0	4,618E-1	4,597E-1	0,000E+0	5	0111
1022,248	39,000	40,900	7,990E+1	0,000E+0	1,576E+2	1,579E+2	0,000E+0	4,618E-1	4,597E-1	0,000E+0	5	0111
1023,250	39,000	40,900	7,990E+1	0,000E+0	1,576E+2	1,579E+2	0,000E+0	4,618E-1	4,597E-1	0,000E+0	5	0111
1024,250	39,000	40,900	7,990E+1	0,000E+0	1,579E+2	1,579E+2	0,000E+0	4,618E-1	4,618E-1	0,000E+0	5	0111
1025,251	39,000	40,900	7,990E+1	0,000E+0	1,579E+2	1,579E+2	0,000E+0	4,618E-1	4,618E-1	0,000E+0	5	0111
1026,251	39,000	40,900	7,990E+1	0,000E+0	1,579E+2	1,579E+2	0,000E+0	4,618E-1	4,618E-1	0,000E+0	5	0111
1027,250	39,200	40,800	8,000E+1	0,000E+0	1,578E+2	1,580E+2	0,000E+0	4,634E-1	4,601E-1	0,000E+0	5	0111
1028,251	39,200	40,800	8,000E+1	0,000E+0	1,578E+2	1,580E+2	0,000E+0	4,634E-1	4,601E-1	0,000E+0	5	0111
1029,251	39,200	40,800	8,000E+1	0,000E+0	1,578E+2	1,580E+2	0,000E+0	4,634E-1	4,601E-1	0,000E+0	5	0111
1030,250	39,200	40,800	8,000E+1	0,000E+0	1,578E+2	1,580E+2	0,000E+0	4,634E-1	4,601E-1	0,000E+0	5	0111
1031,251	39,300	41,000	8,030E+1	0,000E+0	1,580E+2	1,580E+2	0,000E+0	4,650E-1	4,632E-1	0,000E+0	5	0111
1032,250	38,800	41,000	7,980E+1	0,000E+0	1,575E+2	1,579E+2	0,000E+0	4,597E-1	4,616E-1	0,000E+0	5	0111
1033,251	39,100	40,900	8,000E+1	0,000E+0	1,577E+2	1,579E+2	0,000E+0	4,638E-1	4,621E-1	0,000E+0	4	0111
1034,251	39,100	40,900	8,000E+1	0,000E+0	1,577E+2	1,579E+2	0,000E+0	4,638E-1	4,621E-1	0,000E+0	4	0111
1035,251	39,000	41,000	8,000E+1	0,000E+0	1,578E+2	1,582E+2	0,000E+0	4,610E-1	4,611E-1	0,000E+0	4	0111
1036,252	39,200	40,800	8,000E+1	0,000E+0	1,577E+2	1,579E+2	0,000E+0	4,630E-1	4,597E-1	0,000E+0	4	0111
1037,251	39,200	40,800	8,000E+1	0,000E+0	1,577E+2	1,579E+2	0,000E+0	4,630E-1	4,597E-1	0,000E+0	4	0111
1038,252	39,200	40,800	8,000E+1	0,000E+0	1,577E+2	1,579E+2	0,000E+0	4,630E-1	4,597E-1	0,000E+0	4	0111
1039,251	39,100	40,900	8,000E+1	0,000E+0	1,579E+2	1,580E+2	0,000E+0	4,633E-1	4,604E-1	0,000E+0	4	0111
1040,252	39,100	40,900	8,000E+1	0,000E+0	1,579E+2	1,580E+2	0,000E+0	4,633E-1	4,604E-1	0,000E+0	4	0111
1041,253	39,100	40,900	8,000E+1	0,000E+0	1,579E+2	1,580E+2	0,000E+0	4,633E-1	4,604E-1	0,000E+0	4	0111
1042,253	39,100	41,000	8,010E+1	0,000E+0	1,577E+2	1,582E+2	0,000E+0	4,624E-1	4,603E-1	0,000E+0	4	0111
1043,253	39,100	41,000	8,010E+1	0,000E+0	1,577E+2	1,582E+2	0,000E+0	4,624E-1	4,603E-1	0,000E+0	4	0111
1044,252	39,100	41,000	8,010E+1	0,000E+0	1,577E+2	1,582E+2	0,000E+0	4,624E-1	4,603E-1	0,000E+0	4	0111
1045,254	39,100	41,000	8,010E+1	0,000E+0	1,577E+2	1,582E+2	0,000E+0	4,624E-1	4,603E-1	0,000E+0	4	0111
1046,253	39,100	40,900	8,000E+1	0,000E+0	1,577E+2	1,580E+2	0,000E+0	4,620E-1	4,594E-1	0,000E+0	4	0111
1047,254	39,100	40,900	8,000E+1	0,000E+0	1,577E+2	1,580E+2	0,000E+0	4,620E-1	4,594E-1	0,000E+0	4	0111
1048,253	39,000	41,000	8,000E+1	0,000E+0	1,579E+2	1,579E+2	0,000E+0	4,636E-1	4,628E-1	0,000E+0	4	0111
1049,255	39,000	41,000	8,000E+1	0,000E+0	1,579E+2	1,579E+2	0,000E+0	4,636E-1	4,628E-1	0,000E+0	4	0111
1050,255	38,900	41,000	7,990E+1	0,000E+0	1,579E+2	1,581E+2	0,000E+0	4,612E-1	4,612E-1	0,000E+0	3	0111
1051,255	39,000	40,900	7,990E+1	0,000E+0	1,579E+2	1,581E+2	0,000E+0	4,616E-1	4,592E-1	0,000E+0	3	0111
1052,255	39,000	41,000	8,000E+1	0,000E+0	1,577E+2	1,580E+2	0,000E+0	4,618E-1	4,603E-1	0,000E+0	3	0111
1053,255	39,200	41,000	8,020E+1	0,000E+0	1,583E+2	1,580E+2	0,000E+0	4,639E-1	4,608E-1	0,000E+0	3	0111
1054,256	39,200	41,000	8,020E+1	0,000E+0	1,583E+2	1,580E+2	0,000E+0	4,639E-1	4,608E-1	0,000E+0	3	0111
1055,255	39,200	41,000	8,020E+1	0,000E+0	1,583E+2	1,580E+2	0,000E+0	4,639E-1	4,608E-1	0,000E+0	3	0111
1056,256	39,200	41,000	8,020E+1	0,000E+0	1,583E+2	1,580E+2	0,000E+0	4,639E-1	4,608E-1	0,000E+0	3	0111
1057,256	39,000	40,900	7,990E+1	0,000E+0	1,579E+2	1,581E+2	0,000E+0	4,626E-1	4,605E-1	0,000E+0	3	0111
1058,256	39,000	40,900	7,990E+1	0,000E+0	1,579E+2	1,581E+2	0,000E+0	4,626E-1	4,605E-1	0,000E+0	3	0111
1059,255	39,000	40,900	7,990E+1	0,000E+0	1,579E+2	1,581E+2	0,000E+0	4,626E-1	4,605E-1	0,000E+0	3	0111
1060,257	39,000	40,900	7,990E+1	0,000E+0	1,579E+2	1,581E+2	0,000E+0	4,626E-1	4,605E-1	0,000E+0	3	0111
1061,257	39,000	41,100	8,010E+1	0,000E+0	1,577E+2	1,581E+2	0,000E+0	4,614E-1	4,622E-1	0,000E+0	3	0111
1062,256	39,100	40,900	8,000E+1	0,000E+0	1,581E+2	1,580E+2	0,000E+0	4,626E-1	4,598E-1	0,000E+0	3	0111
1063,258	39,100	40,900	8,000E+1	0,000E+0	1,581E+2	1,580E+2	0,000E+0	4,626E-1	4,598E-1	0,000E+0	3	0111
1064,258	39,000	40,700	7,970E+1	0,000E+0	1,577E+2	1,578E+2	0,000E+0	4,621E-1	4,597E-1	0,000E+0	3	0111
1065,257	38,900	40,800	7,970E+1	0,000E+0	1,576E+2	1,578E+2	0,000E+0	4,609E-1	4,592E-1	0,000E+0	2	0111
1066,258	39,300	40,900	8,020E+1	0,000E+0	1,578E+2	1,579E+2	0,000E+0	4,646E-1	4,605E-1	0,000E+0	2	0111
1067,257	39,000	40,900	7,990E+1	0,000E+0	1,578E+2	1,579E+2	0,000E+0	4,619E-1	4,603E-1	0,000E+0	2	0111
1068,258	39,000	41,100	8,010E+1	0,000E+0	1,578E+2	1,581E+2	0,000E+0	4,620E-1	4,612E-1	0,000E+0	2	0111
1069,259	38,700	41,100	7,980E+1	0,000E+0	1,580E+2	1,581E+2	0,000E+0	4,598E-1	4,621E-1	0,000E+0	2	0111
1070,258	38,700	41,100	7,980E+1	0,000E+0	1,580E+2	1,581E+2	0,000E+0	4,598E-1	4,621E-1	0,000E+0	2	0111
1071,259	38,700	41,100	7,980E+1	0,000E+0	1,580E+2	1,581E+2	0,000E+0	4,598E-1	4,621E-1	0,000E+0	2	0111
1072,259	38,700	41,100	7,980E+1	0,000E+0	1,580E+2	1,581E+2	0,000E+0	4,598E-1	4,621E-1	0,000E+0	2	0111
1073,260	38,700	41,100	7,980E+1	0,000E+0	1,580E+2	1,581E+2	0,000E+0	4,598E-1	4,621E-1	0,000E+0	2	0111
1074,261	39,100	40,900	8,000E+1	0,000E+0	1,579E+2	1,580E+2	0,000E+0	4,620E-1	4,596E-1	0,000E+0	2	0111
1075,262	39,100	40,900	8,000E+1	0,000E+0	1,579E+2	1,580E+2	0,000E+0	4,620E-1	4,596E-1	0,000E+0	2	0111
1076,263	39,100	40,900	8,000E+1	0,000E+0	1,579E+2	1,580E+2	0,000E+0	4,620E-1	4,596E-1	0,000E+0	2	0111
1077,262	39,200	41,100	8,030E+1	0,000E+0	1,579E+2	1,582E+2	0,000E+0	4,642E-1	4,617E-1	0,000E+0	2	0111
1078,264	39,200	41,100	8,030E+1	0,000E+0	1,579E+2	1,582E+2	0,000E+0	4,642E-1	4,617E-1	0,000E+0	2	0111
1079,264	39,000	41,000	8,000E+1	0,000E+0	1,579E+2	1,580E+2	0,000E+0	4,618E-1	4,611E-1	0,000E+0	2	0111
1080,266	39,000	41,000	8,000E+1	0,000E+0	1,579E+2	1,580E+2	0,000E+0	4,618E-1	4,611E-1	0,000E+0	2	0111
1081,266	39,000	40,900	7,990E+1	0,000E+0	1,579E+2	1,579E+2	0,000E+0	4,624E-1	4,607E-1	0,000E+0	2	0111
1082,266	39,000	40,900	7,990E+1	0,000E+0	1,579E+2	1,579E+2	0,000E+0	4,624E-1	4,607E-1	0,000E+0	2	0111
1083,267	39,200	40,800	8,000E+1	0,000E+0	1,577E+2	1,579E+2	0,000E+0	4,632E-1	4,605E-1	0,000E+0	2	0111
1084,267	39,200	40,900	8,010E+1	0,000E+0	1,578E+2	1,577E+2	0,000E+0	4,631E-1	4,611E-1	0,000E+0	2	0111
1085,268	39,100	40,700	7,980E+1	0,000E+0	1,579E+2	1,578E+2	0,000E+0	4,630E-1	4,588E-1	0,000E+0	1	0111
1086,268	39,200	41,100	8,030E+1	0,000E+0	1,576E+2	1,580E+2	0,000E+0	4,636E-1	4,636E-1	0,000E+0	1	0111
1087,269	38,800	41,100	7,990E+1	0,000E+0	1,575E+2	1,581E+2	0,000E+0	4,613E-1	4,633E-1	0,000E+0	1	0111
1088,269	38,800	41,100	7,990E+1	0,000E+0	1,575E+2	1,581E+2	0,000E+0	4,613E-1	4,633E-1	0,000E+0	1	0111
1089,269	38,800	41,100	7,990E+1	0,000E+0	1,575E+2	1,581E+2	0,000E+0	4,613E-1	4,633E-1	0,000E+0	1	0111
1090,269	38,800	41,100	7,990E+1	0,000E+0	1,575E+2	1,581E+2	0,000E+0	4,613E-1	4,633E-1	0,000E+0	1	0111
1091,268	39,000	40,900	7,990E+1	0,000E+0	1,577E+2	1,580E+2	0,000E+0	4,626E-1	4,618E-1	0,000E+0	1	0111
1092,269	39,000	40,900	7,990E+1	0,000E+0	1,577E+2	1,580E+2	0,000E+0	4,626E-1	4,618E-1	0,000E+0	1	0111
1093,268	39,000	40,900	7,990E+1	0,000E+0	1,577E+2	1,580E+2	0,000E+0	4,626E-1	4,618E-1	0,000E+0	1	0111
1094,270	39,400	40,600	8,000E+1	0,000E+0	1,576E+2	1,580E+2	0,000E+0	4,642E-1	4,599E-1	0,000E+0	1	0111
1095,270	39,400	40,600	8,000E+1	0,000E+0	1,576E+2	1,580E+2	0,000E+0	4,642E-1	4,599E-1	0,000E+0	1	0111
1096,269	39,400	40,600	8,000E+1	0,000E+0	1,576E+2	1,580E+2	0,000E+0	4,642E-1	4,599E-1	0,000E+0	1	0111
1097,270	39,400	40,600	8,000E+1	0,000E+0	1,576E+2	1,580E+2	0,000E+0	4,642E-1	4,599E-1	0,000E+0	1	0111
1098,269	39,000	41,000	8,000E+1	0,000E+0	1,577E+2	1,580E+2	0,000E+0	4,611E-1	4,618E-1	0,000E+0	1	0111
1099,271	39,200	40,700	7,990E+1	0,000E+0	1,578E+2	1,576E+2	0,000E+0	4,629E-1	4,594E-1	0,000E+0	1	0111
1100,271	39,100	40,900	8,000E+1	0,000E+0	1,576E+2	1,580E+2	0,000E+0	4,623E-1	4,615E-1	0,000E+0	1	0111
1101,272	39,100	40,900	8,000E+1	0,000E+0	1,576E+2	1,580E+2	0,000E+0	4,623E-1	4,615E-1	0,000E+0	1	0111
1102,273	38,900	41,100	8,000E+1	0,000E+0	1,578E+2	1,578E+2	0,000E+0	4,621E-1	4,626E-1	0,000E+0	1	0111
1103,273	38,900	41,000	7,990E+1	0,000E+0	1,578E+2	1,579E+2	0,000E+0	4,616E-1	4,607E-1	0,000E+0	1	0111
1104,274	39,200	41,100	8,030E+1	0,000E+0	1,579E+2	1,579E+2	0,000E+0	4,638E-1	4,636E-1	0,000E+0	1	0111
1105,273	39,000	40,800	7,980E+1	0,000E+0	1,580E+2	1,579E+2	0,000E+0	4,621E-1	4,597E-1	0,000E+0	0	0111
1106,274	38,900	41,000	7,990E+1	0,000E+0	1,579E+2	1,578E+2	0,000E+0	4,622E-1	4,617E-1	0,000E+0	0	0111
1107,274	38,900	41,200	8,010E+1	0,000E+0	1,578E+2	1,580E+2	0,000E+0	4,614E-1	4,629E-1	0,000E+0	0	0111
1108,274	39,000	41,200	8,020E+1	0,000E+0	1,575E+2	1,579E+2	0,000E+0	4,635E-1	4,635E-1	0,000E+0	0	0111
1109,274	39,000	41,200	8,020E+1	0,000E+0	1,575E+2	1,579E+2	0,000E+0	4,635E-1	4,635E-1	0,000E+0	0	0111
1110,273	39,000	41,200	8,020E+1	0,000E+0	1,575E+2	1,579E+2	0,000E+0	4,635E-1	4,635E-1	0,000E+0	0	0111
1111,274	39,000	41,200	8,020E+1	0,000E+0	1,575E+2	1,579E+2	0,000E+0	4,635E-1	4,635E-1	0,000E+0	0	0111
1112,274	39,000	41,200	8,020E+1	0,000E+0	1,575E+2	1,579E+2	0,000E+0	4,635E-1	4,635E-1	0,000E+0	0	0111
1113,276	38,900	40,900	7,980E+1	0,000E+0	1,577E+2	1,581E+2	0,000E+0	4,617E-1	4,595E-1	0,000E+0	0	0111
1114,276	38,900	40,900	7,980E+1	0,000E+0	1,577E+2	1,581E+2	0,000E+0	4,617E-1	4,595E-1	0,000E+0	0	0111
1115,276	38,900	40,900	7,980E+1	0,000E+0	1,577E+2	1,581E+2	0,000E+0	4,617E-1	4,595E-1	0,000E+0	0	0111
1116,276	38,900	40,900	7,980E+1	0,000E+0	1,577E+2	1,581E+2	0,000E+0	4,617E-1	4,595E-1	0,000E+0	0	0111
1117,276	39,000	40,900	7,990E+1	0,000E+0	1,576E+2	1,578E+2	0,000E+0	4,610E-1	4,602E-1	0,000E+0	0	0111
1118,277	39,000	40,900	7,990E+1	0,000E+0	1,576E+2	1,578E+2	0,000E+0	4,610E-1	4,602E-1	0,000E+0	0	0111
1119,277	39,100	40,900	8,000E+1	0,000E+0	1,579E+2	1,576E+2	0,000E+0	4,628E-1	4,603E-1	0,000E+0	0	0111
1120,277	39,100	40,900	8,000E+1	0,000E+0	1,579E+2	1,576E+2	0,000E+0	4,628E-1	4,603E-1	0,000E+0	0	0111
1121,276	39,000	41,100	8,010E+1	0,000E+0	1,576E+2	1,581E+2	0,000E+0	4,624E-1	4,622E-1	0,000E+0	0	0111
1122,277	38,700	41,000	7,970E+1	0,000E+0	1,577E+2	1,579E+2	0,000E+0	4,594E-1	4,611E-1	0,000E+0	0	0111
1123,276	39,200	41,000	8,020E+1	0,000E+0	1,581E+2	1,578E+2	0,000E+0	4,654E-1	4,628E-1	0,000E+0	0	0111
1124,276	38,900	40,900	7,980E+1	0,000E+0	1,577E+2	1,577E+2	0,000E+0	4,609E-1	4,602E-1	0,000E+0	0	0111
1125,277	39,000	40,900	7,990E+1	0,000E+0	1,577E+2	1,578E+2	0,000E+0	4,622E-1	4,603E-1	0,000E+0	0	0111
1126,277	39,000	41,000	8,000E+1	0,000E+0	1,578E+2	1,579E+2	0,000E+0	4,620E-1	4,608E-1	0,000E+0	0	0111
1127,276	39,000	41,000	8,000E+1	0,000E+0	1,578E+2	1,579E+2	0,000E+0	4,620E-1	4,608E-1	0,000E+0	0	0111
1128,278	39,000	41,000	8,000E+1	0,000E+0	1,578E+2	1,578E+2	0,000E+0	4,625E-1	4,621E-1	0,000E+0	0	1000
1129,277	39,000	41,100	8,010E+1	0,000E+0	1,578E+2	1,578E+2	0,000E+0	4,624E-1	4,619E-1	0,000E+0	0	1000
1130,278	39,000	40,900	7,990E+1	0,000E+0	1,579E+2	1,579E+2	0,000E+0	4,621E-1	4,609E-1	0,000E+0	0	1000
1131,277	38,700	41,200	7,990E+1	0,000E+0	1,577E+2	1,580E+2	0,000E+0	4,599E-1	4,621E-1	0,000E+0	0	1000
1132,278	39,100	40,900	8,000E+1	0,000E+0	1,579E+2	1,579E+2	0,000E+0	4,643E-1	4,606E-1	0,000E+0	0	1000
1133,279	39,100	40,900	8,000E+1	0,000E+0	1,579E+2	1,579E+2	0,000E+0	4,643E-1	4,606E-1	0,000E+0	0	1000
1134,278	38,900	41,100	8,000E+1	0,000E+0	1,577E+2	1,580E+2	0,000E+0	4,613E-1	4,614E-1	0,000E+0	0	1000
1135,280	39,100	40,800	7,990E+1	0,000E+0	1,579E+2	1,577E+2	0,000E+0	4,633E-1	4,613E-1	0,000E+0	0	1000
1136,279	39,100	41,100	8,020E+1	0,000E+0	1,581E+2	1,581E+2	0,000E+0	4,634E-1	4,612E-1	0,000E+0	0	1000
1137,281	39,200	40,800	8,000E+1	0,000E+0	1,581E+2	1,581E+2	0,000E+0	4,634E-1	4,607E-1	0,000E+0	0	1000
1138,282	39,000	40,800	7,980E+1	0,000E+0	1,576E+2	1,578E+2	0,000E+0	4,602E-1	4,612E-1	0,000E+0	0	1000
1139,281	39,000	40,800	7,980E+1	0,000E+0	1,576E+2	1,578E+2	0,000E+0	4,602E-1	4,612E-1	0,000E+0	0	1000
1140,283	39,000	40,900	7,990E+1	0,000E+0	1,579E+2	1,580E+2	0,000E+0	4,610E-1	4,600E-1	0,000E+0	0	1000
1141,283	39,200	40,900	8,010E+1	0,000E+0	1,580E+2	1,580E+2	0,000E+0	4,638E-1	4,625E-1	0,000E+0	0	1000
1142,282	39,000	40,800	7,980E+1	0,000E+0	1,579E+2	1,577E+2	0,000E+0	4,616E-1	4,601E-1	0,000E+0	0	1000
1143,283	39,300	40,900	8,020E+1	0,000E+0	1,577E+2	1,577E+2	0,000E+0	4,647E-1	4,619E-1	0,000E+0	0	1000
1144,283	39,300	40,900	8,020E+1	0,000E+0	1,577E+2	1,577E+2	0,000E+0	4,647E-1	4,619E-1	0,000E+0	0	1000
1145,284	39,300	40,900	8,020E+1	0,000E+0	1,577E+2	1,577E+2	0,000E+0	4,647E-1	4,619E-1	0,000E+0	0	1000
1146,283	39,300	40,900	8,020E+1	0,000E+0	1,577E+2	1,577E+2	0,000E+0	4,647E-1	4,619E-1	0,000E+0	0	1000
1147,285	39,300	40,900	8,020E+1	0,000E+0	1,577E+2	1,577E+2	0,000E+0	4,647E-1	4,619E-1	0,000E+0	0	1000
1148,285	39,300	40,900	8,020E+1	0,000E+0	1,577E+2	1,577E+2	0,000E+0	4,647E-1	4,619E-1	0,000E+0	0	1000
1149,284	39,300	40,900	8,020E+1	0,000E+0	1,577E+2	1,577E+2	0,000E+0	4,647E-1	4,619E-1	0,000E+0	0	1000
1150,285	39,000	40,900	7,990E+1	0,000E+0	1,580E+2	1,579E+2	0,000E+0	4,620E-1	4,613E-1	0,000E+0	0	1000
1151,284	39,100	40,900	8,000E+1	0,000E+0	1,577E+2	1,579E+2	0,000E+0	4,636E-1	4,614E-1	0,000E+0	0	1000
1152,285	39,100	40,900	8,000E+1	0,000E+0	1,577E+2	1,579E+2	0,000E+0	4,636E-1	4,614E-1	0,000E+0	0	1000
1153,285	39,100	40,900	8,000E+1	0,000E+0	1,578E+2	1,580E+2	0,000E+0	4,630E-1	4,618E-1	0,000E+0	0	1000
1154,285	39,100	40,900	8,000E+1	0,000E+0	1,578E+2	1,580E+2	0,000E+0	4,630E-1	4,618E-1	0,000E+0	0	1000
1155,285	39,000	41,200	8,020E+1	0,000E+0	1,578E+2	1,581E+2	0,000E+0	4,624E-1	4,619E-1	0,000E+0	0	1000
1156,284	39,200	41,000	8,020E+1	0,000E+0	1,579E+2	1,579E+2	0,000E+0	4,642E-1	4,616E-1	0,000E+0	0	1000
1157,285	39,100	41,000	8,010E+1	0,000E+0	1,579E+2	1,580E+2	0,000E+0	4,615E-1	4,608E-1	0,000E+0	1	1000
1158,285	39,000	40,800	7,980E+1	0,000E+0	1,579E+2	1,580E+2	0,000E+0	4,613E-1	4,606E-1	0,000E+0	1	1000
1159,284	39,000	40,800	7,980E+1	0,000E+0	1,578E+2	1,582E+2	0,000E+0	4,617E-1	4,598E-1	0,000E+0	1	1000
1160,286	39,000	40,800	7,980E+1	0,000E+0	1,578E+2	1,582E+2	0,000E+0	4,617E-1	4,598E-1	0,000E+0	1	1000
1161,286	39,000	40,800	7,980E+1	0,000E+0	1,578E+2	1,582E+2	0,000E+0	4,617E-1	4,598E-1	0,000E+0	1	1000
1162,287	39,000	40,800	7,980E+1	0,000E+0	1,578E+2	1,582E+2	0,000E+0	4,617E-1	4,598E-1	0,000E+0	1	1000
1163,287	39,000	40,800	7,980E+1	0,000E+0	1,578E+2	1,582E+2	0,000E+0	4,617E-1	4,598E-1	0,000E+0	1	1000
1164,287	39,100	41,200	8,030E+1	0,000E+0	1,579E+2	1,584E+2	0,000E+0	4,631E-1	4,628E-1	0,000E+0	1	1000
1165,287	39,100	41,200	8,030E+1	0,000E+0	1,579E+2	1,584E+2	0,000E+0	4,631E-1	4,628E-1	0,000E+0	1	1000
1166,286	39,100	41,200	8,030E+1	0,000E+0	1,579E+2	1,584E+2	0,000E+0	4,631E-1	4,628E-1	0,000E+0	1	1000
1167,287	39,100	41,200	8,030E+1	0,000E+0	1,579E+2	1,584E+2	0,000E+0	4,631E-1	4,628E-1	0,000E+0	1	1000
1168,286	39,100	40,800	7,990E+1	0,000E+0	1,578E+2	1,580E+2	0,000E+0	4,625E-1	4,596E-1	0,000E+0	1	1000
1169,287	39,100	40,800	7,990E+1	0,000E+0	1,578E+2	1,580E+2	0,000E+0	4,625E-1	4,596E-1	0,000E+0	1	1000
1170,287	39,200	40,800	8,000E+1	0,000E+0	1,579E+2	1,583E+2	0,000E+0	4,633E-1	4,597E-1	0,000E+0	1	1000
1171,286	39,200	40,800	8,000E+1	0,000E+0	1,579E+2	1,583E+2	0,000E+0	4,633E-1	4,597E-1	0,000E+0	1	1000
1172,288	39,000	41,100	8,010E+1	0,000E+0	1,581E+2	1,582E+2	0,000E+0	4,622E-1	4,611E-1	0,000E+0	1	1000
1173,288	38,800	41,100	7,990E+1	0,000E+0	1,577E+2	1,582E+2	0,000E+0	4,608E-1	4,615E-1	0,000E+0	1	1000
1174,289	39,100	40,800	7,990E+1	0,000E+0	1,579E+2	1,579E+2	0,000E+0	4,623E-1	4,592E-1	0,000E+0	2	1000
1175,289	39,000	40,900	7,990E+1	0,000E+0	1,579E+2	1,583E+2	0,000E+0	4,617E-1	4,596E-1	0,000E+0	2	1000
1176,291	39,000	41,000	8,000E+1	0,000E+0	1,583E+2	1,581E+2	0,000E+0	4,616E-1	4,606E-1	0,000E+0	2	1000
1177,291	39,200	40,900	8,010E+1	0,000E+0	1,580E+2	1,581E+2	0,000E+0	4,627E-1	4,607E-1	0,000E+0	2	1000
1178,291	39,200	40,900	8,010E+1	0,000E+0	1,580E+2	1,581E+2	0,000E+0	4,627E-1	4,607E-1	0,000E+0	2	1000
1179,292	39,200	40,900	8,010E+1	0,000E+0	1,580E+2	1,581E+2	0,000E+0	4,627E-1	4,607E-1	0,000E+0	2	1000
1180,291	39,200	40,900	8,010E+1	0,000E+0	1,580E+2	1,581E+2	0,000E+0	4,627E-1	4,607E-1	0,000E+0	2	1000
1181,293	39,200	40,900	8,010E+1	0,000E+0	1,580E+2	1,581E+2	0,000E+0	4,627E-1	4,607E-1	0,000E+0	2	1000
1182,292	39,000	40,900	7,990E+1	0,000E+0	1,577E+2	1,580E+2	0,000E+0	4,613E-1	4,603E-1	0,000E+0	2	1000
1183,293	39,000	40,900	7,990E+1	0,000E+0	1,577E+2	1,580E+2	0,000E+0	4,613E-1	4,603E-1	0,000E+0	2	1000
1184,293	39,000	40,900	7,990E+1	0,000E+0	1,577E+2	1,580E+2	0,000E+0	4,613E-1	4,603E-1	0,000E+0	2	1000
1185,292	39,100	41,000	8,010E+1	0,000E+0	1,579E+2	1,581E+2	0,000E+0	4,628E-1	4,612E-1	0,000E+0	2	1000
1186,293	39,100	41,000	8,010E+1	0,000E+0	1,579E+2	1,581E+2	0,000E+0	4,628E-1	4,612E-1	0,000E+0	2	1000
1187,293	39,100	41,000	8,010E+1	0,000E+0	1,579E+2	1,581E+2	0,000E+0	4,628E-1	4,612E-1	0,000E+0	2	1000
1188,293	39,100	41,000	8,010E+1	0,000E+0	1,579E+2	1,581E+2	0,000E+0	4,628E-1	4,612E-1	0,000E+0	2	1000
1189,293	39,100	41,000	8,010E+1	0,000E+0	1,582E+2	1,582E+2	0,000E+0	4,627E-1	4,612E-1	0,000E+0	2	1000
1190,292	39,100	40,700	7,980E+1	0,000E+0	1,581E+2	1,582E+2	0,000E+0	4,623E-1	4,584E-1	0,000E+0	2	1000
1191,294	38,900	41,200	8,010E+1	0,000E+0	1,581E+2	1,584E+2	0,000E+0	4,619E-1	4,637E-1	0,000E+0	2	1000
1192,293	38,900	41,200	8,010E+1	0,000E+0	1,581E+2	1,584E+2	0,000E+0	4,619E-1	4,637E-1	0,000E+0	2	1000
1193,294	39,200	41,000	8,020E+1	0,000E+0	1,579E+2	1,581E+2	0,000E+0	4,633E-1	4,620E-1	0,000E+0	3	1000
1194,294	39,100	40,800	7,990E+1	0,000E+0	1,583E+2	1,580E+2	0,000E+0	4,619E-1	4,596E-1	0,000E+0	3	1000
1195,293	39,000	40,900	7,990E+1	0,000E+0	1,582E+2	1,581E+2	0,000E+0	4,620E-1	4,614E-1	0,000E+0	3	1000
1196,294	39,000	41,100	8,010E+1	0,000E+0	1,579E+2	1,581E+2	0,000E+0	4,624E-1	4,633E-1	0,000E+0	3	1000
1197,293	39,000	41,100	8,010E+1	0,000E+0	1,579E+2	1,581E+2	0,000E+0	4,624E-1	4,633E-1	0,000E+0	3	1000
1198,294	39,000	41,100	8,010E+1	0,000E+0	1,579E+2	1,581E+2	0,000E+0	4,624E-1	4,633E-1	0,000E+0	3	1000
1199,295	39,000	41,100	8,010E+1	0,000E+0	1,579E+2	1,581E+2	0,000E+0	4,624E-1	4,633E-1	0,000E+0	3	1000
1200,295	39,000	41,100	8,010E+1	0,000E+0	1,579E+2	1,581E+2	0,000E+0	4,624E-1	4,633E-1	0,000E+0	3	1000
1201,296	39,000	40,700	7,970E+1	0,000E+0	1,579E+2	1,581E+2	0,000E+0	4,616E-1	4,597E-1	0,000E+0	3	1000
1202,296	39,000	40,700	7,970E+1	0,000E+0	1,579E+2	1,581E+2	0,000E+0	4,616E-1	4,597E-1	0,000E+0	3	1000
1203,296	39,000	40,700	7,970E+1	0,000E+0	1,579E+2	1,581E+2	0,000E+0	4,616E-1	4,597E-1	0,000E+0	3	1000
1204,295	39,200	40,800	8,000E+1	0,000E+0	1,579E+2	1,580E+2	0,000E+0	4,643E-1	4,601E-1	0,000E+0	3	1000
1205,296	39,200	40,800	8,000E+1	0,000E+0	1,579E+2	1,580E+2	0,000E+0	4,643E-1	4,601E-1	0,000E+0	3	1000
1206,295	38,900	41,100	8,000E+1	0,000E+0	1,581E+2	1,585E+2	0,000E+0	4,612E-1	4,607E-1	0,000E+0	3	1000
1207,296	38,900	41,100	8,000E+1	0,000E+0	1,581E+2	1,585E+2	0,000E+0	4,612E-1	4,607E-1	0,000E+0	3	1000
1208,296	38,800	40,700	7,950E+1	0,000E+0	1,580E+2	1,579E+2	0,000E+0	4,608E-1	4,594E-1	0,000E+0	3	1000
1209,295	38,800	40,700	7,950E+1	0,000E+0	1,580E+2	1,579E+2	0,000E+0	4,608E-1	4,594E-1	0,000E+0	3	1000
1210,296	39,100	41,000	8,010E+1	0,000E+0	1,580E+2	1,582E+2	0,000E+0	4,634E-1	4,617E-1	0,000E+0	3	1000
1211,295	38,900	41,000	7,990E+1	0,000E+0	1,579E+2	1,582E+2	0,000E+0	4,608E-1	4,614E-1	0,000E+0	4	1000
1212,296	39,100	41,100	8,020E+1	0,000E+0	1,582E+2	1,582E+2	0,000E+0	4,647E-1	4,634E-1	0,000E+0	4	1000
1213,296	39,200	41,000	8,020E+1	0,000E+0	1,582E+2	1,582E+2	0,000E+0	4,636E-1	4,606E-1	0,000E+0	4	1000
1214,297	39,300	40,700	8,000E+1	0,000E+0	1,581E+2	1,580E+2	0,000E+0	4,633E-1	4,590E-1	0,000E+0	4	1000
1215,297	39,300	40,700	8,000E+1	0,000E+0	1,581E+2	1,580E+2	0,000E+0	4,633E-1	4,590E-1	0,000E+0	4	1000
1216,296	39,300	40,700	8,000E+1	0,000E+0	1,581E+2	1,580E+2	0,000E+0	4,633E-1	4,590E-1	0,000E+0	4	1000
1217,297	39,200	40,700	7,990E+1	0,000E+0	1,582E+2	1,581E+2	0,000E+0	4,637E-1	4,602E-1	0,000E+0	4	1000
1218,296	39,200	40,700	7,990E+1	0,000E+0	1,582E+2	1,581E+2	0,000E+0	4,637E-1	4,602E-1	0,000E+0	4	1000
1219,297	39,200	40,700	7,990E+1	0,000E+0	1,582E+2	1,581E+2	0,000E+0	4,637E-1	4,602E-1	0,000E+0	4	1000
1220,296	39,200	40,700	7,990E+1	0,000E+0	1,582E+2	1,581E+2	0,000E+0	4,637E-1	4,602E-1	0,000E+0	4	1000
1221,297	39,200	40,900	8,010E+1	0,000E+0	1,581E+2	1,581E+2	0,000E+0	4,639E-1	4,605E-1	0,000E+0	4	1000
1222,297	39,200	40,900	8,010E+1	0,000E+0	1,581E+2	1,581E+2	0,000E+0	4,639E-1	4,605E-1	0,000E+0	4	1000
1223,297	39,200	40,900	8,010E+1	0,000E+0	1,581E+2	1,581E+2	0,000E+0	4,639E-1	4,605E-1	0,000E+0	4	1000
1224,298	38,900	41,100	8,000E+1	0,000E+0	1,580E+2	1,583E+2	0,000E+0	4,617E-1	4,621E-1	0,000E+0	4	1000
1225,299	38,900	41,100	8,000E+1	0,000E+0	1,580E+2	1,583E+2	0,000E+0	4,617E-1	4,621E-1	0,000E+0	4	1000
1226,300	39,100	41,000	8,010E+1	0,000E+0	1,579E+2	1,583E+2	0,000E+0	4,629E-1	4,626E-1	0,000E+0	4	1000
1227,299	39,300	40,800	8,010E+1	0,000E+0	1,580E+2	1,581E+2	0,000E+0	4,637E-1	4,603E-1	0,000E+0	4	1000
1228,299	39,100	40,700	7,980E+1	0,000E+0	1,580E+2	1,578E+2	0,000E+0	4,621E-1	4,595E-1	0,000E+0	4	1000
1229,301	39,100	40,700	7,980E+1	0,000E+0	1,580E+2	1,578E+2	0,000E+0	4,621E-1	4,595E-1	0,000E+0	4	1000
1230,301	39,300	40,800	8,010E+1	0,000E+0	1,580E+2	1,581E+2	0,000E+0	4,648E-1	4,612E-1	0,000E+0	5	1000
1231,301	39,300	40,800	8,010E+1	0,000E+0	1,580E+2	1,581E+2	0,000E+0	4,648E-1	4,612E-1	0,000E+0	5	1000
1232,302	38,900	41,000	7,990E+1	0,000E+0	1,580E+2	1,581E+2	0,000E+0	4,623E-1	4,619E-1	0,000E+0	5	1000
1233,302	39,100	41,000	8,010E+1	0,000E+0	1,580E+2	1,582E+2	0,000E+0	4,628E-1	4,611E-1	0,000E+0	5	1000
1234,304	39,100	40,800	7,990E+1	0,000E+0	1,580E+2	1,580E+2	0,000E+0	4,620E-1	4,596E-1	0,000E+0	5	1000
1235,304	39,100	40,800	7,990E+1	0,000E+0	1,580E+2	1,580E+2	0,000E+0	4,620E-1	4,596E-1	0,000E+0	5	1000
1236,305	39,100	40,800	7,990E+1	0,000E+0	1,580E+2	1,580E+2	0,000E+0	4,620E-1	4,596E-1	0,000E+0	5	1000
1237,305	39,100	40,800	7,990E+1	0,000E+0	1,580E+2	1,580E+2	0,000E+0	4,620E-1	4,596E-1	0,000E+0	5	1000
1238,305	39,100	40,800	7,990E+1	0,000E+0	1,580E+2	1,580E+2	0,000E+0	4,620E-1	4,596E-1	0,000E+0	5	1000
1239,306	39,100	41,100	8,020E+1	0,000E+0	1,581E+2	1,583E+2	0,000E+0	4,621E-1	4,624E-1	0,000E+0	5	1000
1240,305	39,100	41,100	8,020E+1	0,000E+0	1,581E+2	1,583E+2	0,000E+0	4,621E-1	4,624E-1	0,000E+0	5	1000
1241,307	39,300	40,700	8,000E+1	0,000E+0	1,583E+2	1,583E+2	0,000E+0	4,639E-1	4,588E-1	0,000E+0	5	1000
1242,307	39,000	41,000	8,000E+1	0,000E+0	1,578E+2	1,582E+2	0,000E+0	4,617E-1	4,610E-1	0,000E+0	5	1000
1243,306	39,000	41,000	8,000E+1	0,000E+0	1,578E+2	1,582E+2	0,000E+0	4,617E-1	4,610E-1	0,000E+0	5	1000
1244,306	39,000	41,000	8,000E+1	0,000E+0	1,578E+2	1,582E+2	0,000E+0	4,617E-1	4,610E-1	0,000E+0	5	1000
1245,307	39,000	41,000	8,000E+1	0,000E+0	1,578E+2	1,582E+2	0,000E+0	4,617E-1	4,610E-1	0,000E+0	5	1000
1246,306	39,100	40,900	8,000E+1	0,000E+0	1,577E+2	1,582E+2	0,000E+0	4,609E-1	4,602E-1	0,000E+0	5	1000
1247,307	39,000	41,100	8,010E+1	0,000E+0	1,580E+2	1,582E+2	0,000E+0	4,627E-1	4,615E-1	0,000E+0	5	1000
1248,306	38,900	41,100	8,000E+1	0,000E+0	1,580E+2	1,581E+2	0,000E+0	4,620E-1	4,630E-1	0,000E+0	5	1000
1249,307	38,900	41,000	7,990E+1	0,000E+0	1,582E+2	1,583E+2	0,000E+0	4,616E-1	4,616E-1	0,000E+0	6	1000
1250,307	39,200	40,900	8,010E+1	0,000E+0	1,578E+2	1,579E+2	0,000E+0	4,643E-1	4,621E-1	0,000E+0	6	1000
1251,307	39,200	40,900	8,010E+1	0,000E+0	1,578E+2	1,579E+2	0,000E+0	4,643E-1	4,621E-1	0,000E+0	6	1000
1252,308	39,100	40,800	7,990E+1	0,000E+0	1,584E+2	1,580E+2	0,000E+0	4,629E-1	4,615E-1	0,000E+0	6	1000
1253,307	39,100	40,900	8,000E+1	0,000E+0	1,583E+2	1,583E+2	0,000E+0	4,625E-1	4,612E-1	0,000E+0	6	1000
1254,308	39,100	40,900	8,000E+1	0,000E+0	1,583E+2	1,583E+2	0,000E+0	4,625E-1	4,612E-1	0,000E+0	6	1000
1255,308	38,900	41,100	8,000E+1	0,000E+0	1,582E+2	1,584E+2	0,000E+0	4,627E-1	4,625E-1	0,000E+0	6	1000
1256,308	38,900	41,100	8,000E+1	0,000E+0	1,582E+2	1,584E+2	0,000E+0	4,627E-1	4,625E-1	0,000E+0	6	1000
1257,308	38,900	41,100	8,000E+1	0,000E+0	1,582E+2	1,584E+2	0,000E+0	4,627E-1	4,625E-1	0,000E+0	6	1000
1258,307	38,900	41,100	8,000E+1	0,000E+0	1,582E+2	1,584E+2	0,000E+0	4,627E-1	4,625E-1	0,000E+0	6	1000
1259,308	39,100	40,900	8,000E+1	0,000E+0	1,582E+2	1,581E+2	0,000E+0	4,633E-1	4,620E-1	0,000E+0	6	1000
1260,308	39,100	40,900	8,000E+1	0,000E+0	1,582E+2	1,581E+2	0,000E+0	4,633E-1	4,620E-1	0,000E+0	6	1000
1261,309	39,100	40,900	8,000E+1	0,000E+0	1,582E+2	1,581E+2	0,000E+0	4,633E-1	4,620E-1	0,000E+0	6	1000
1262,309	39,200	41,000	8,020E+1	0,000E+0	1,582E+2	1,583E+2	0,000E+0	4,642E-1	4,606E-1	0,000E+0	6	1000
1263,308	39,200	41,000	8,020E+1	0,000E+0	1,582E+2	1,583E+2	0,000E+0	4,642E-1	4,606E-1	0,000E+0	6	1000
1264,310	39,100	40,800	7,990E+1	0,000E+0	1,581E+2	1,582E+2	0,000E+0	4,625E-1	4,600E-1	0,000E+0	6	1000
1265,309	39,200	40,900	8,010E+1	0,000E+0	1,580E+2	1,578E+2	0,000E+0	4,638E-1	4,624E-1	0,000E+0	6	1000
1266,310	39,000	40,800	7,980E+1	0,000E+0	1,581E+2	1,584E+2	0,000E+0	4,626E-1	4,614E-1	0,000E+0	7	1000
1267,310	39,000	40,800	7,980E+1	0,000E+0	1,581E+2	1,584E+2	0,000E+0	4,626E-1	4,614E-1	0,000E+0	7	1000
1268,310	39,100	40,700	7,980E+1	0,000E+0	1,581E+2	1,582E+2	0,000E+0	4,629E-1	4,593E-1	0,000E+0	7	1000
1269,310	39,000	41,200	8,020E+1	0,000E+0	1,581E+2	1,582E+2	0,000E+0	4,611E-1	4,620E-1	0,000E+0	7	1000
1270,309	39,100	41,000	8,010E+1	0,000E+0	1,579E+2	1,581E+2	0,000E+0	4,630E-1	4,634E-1	0,000E+0	7	1000
1271,310	39,100	41,000	8,010E+1	0,000E+0	1,579E+2	1,581E+2	0,000E+0	4,630E-1	4,634E-1	0,000E+0	7	1000
1272,309	39,100	41,000	8,010E+1	0,000E+0	1,579E+2	1,581E+2	0,000E+0	4,630E-1	4,634E-1	0,000E+0	7	1000
1273,310	39,100	41,000	8,010E+1	0,000E+0	1,579E+2	1,581E+2	0,000E+0	4,630E-1	4,634E-1	0,000E+0	7	1000
1274,310	39,000	40,900	7,990E+1	0,000E+0	1,581E+2	1,582E+2	0,000E+0	4,625E-1	4,607E-1	0,000E+0	7	1000
1275,310	39,000	40,900	7,990E+1	0,000E+0	1,581E+2	1,582E+2	0,000E+0	4,625E-1	4,607E-1	0,000E+0	7	1000
1276,311	39,000	40,900	7,990E+1	0,000E+0	1,581E+2	1,582E+2	0,000E+0	4,625E-1	4,607E-1	0,000E+0	7	1000
1277,310	39,400	40,600	8,000E+1	0,000E+0	1,582E+2	1,581E+2	0,000E+0	4,656E-1	4,589E-1	0,000E+0	7	1000
1278,312	39,400	40,600	8,000E+1	0,000E+0	1,582E+2	1,581E+2	0,000E+0	4,656E-1	4,589E-1	0,000E+0	7	1000
1279,311	38,900	41,000	7,990E+1	0,000E+0	1,583E+2	1,584E+2	0,000E+0	4,619E-1	4,616E-1	0,000E+0	7	1000
1280,312	38,900	41,000	7,990E+1	0,000E+0	1,583E+2	1,584E+2	0,000E+0	4,619E-1	4,616E-1	0,000E+0	7	1000
1281,312	39,000	41,100	8,010E+1	0,000E+0	1,581E+2	1,582E+2	0,000E+0	4,619E-1	4,633E-1	0,000E+0	7	1000
1282,312	38,900	40,800	7,970E+1	0,000E+0	1,580E+2	1,581E+2	0,000E+0	4,620E-1	4,607E-1	0,000E+0	7	1000
1283,312	39,200	41,000	8,020E+1	0,000E+0	1,582E+2	1,582E+2	0,000E+0	4,632E-1	4,611E-1	0,000E+0	7	1000
1284,314	39,200	40,700	7,990E+1	0,000E+0	1,581E+2	1,579E+2	0,000E+0	4,622E-1	4,589E-1	0,000E+0	7	1000
1285,314	39,000	41,000	8,000E+1	0,000E+0	1,579E+2	1,581E+2	0,000E+0	4,620E-1	4,611E-1	0,000E+0	7	1000
1286,315	39,100	41,000	8,010E+1	0,000E+0	1,582E+2	1,583E+2	0,000E+0	4,644E-1	4,624E-1	0,000E+0	7	1000
1287,315	39,100	41,000	8,010E+1	0,000E+0	1,581E+2	1,582E+2	0,000E+0	4,622E-1	4,617E-1	0,000E+0	7	1000
1288,315	39,200	40,600	7,980E+1	0,000E+0	1,583E+2	1,580E+2	0,000E+0	4,643E-1	4,596E-1	0,000E+0	7	1000
1289,315	39,000	41,100	8,010E+1	0,000E+0	1,581E+2	1,585E+2	0,000E+0	4,620E-1	4,621E-1	0,000E+0	7	1001
1290,316	39,000	41,000	8,000E+1	0,000E+0	1,583E+2	1,584E+2	0,000E+0	4,626E-1	4,610E-1	0,000E+0	7	1001
1291,316	38,900	41,200	8,010E+1	0,000E+0	1,582E+2	1,587E+2	0,000E+0	4,620E-1	4,617E-1	0,000E+0	7	1001
1292,315	39,000	41,100	8,010E+1	0,000E+0	1,585E+2	1,589E+2	0,000E+0	4,617E-1	4,613E-1	0,000E+0	7	1001
1293,316	39,000	41,100	8,010E+1	0,000E+0	1,585E+2	1,589E+2	0,000E+0	4,617E-1	4,613E-1	0,000E+0	7	1001
1294,316	39,100	40,800	7,990E+1	0,000E+0	1,584E+2	1,586E+2	0,000E+0	4,655E-1	4,621E-1	0,000E+0	7	1001
1295,316	39,100	41,000	8,010E+1	0,000E+0	1,583E+2	1,586E+2	0,000E+0	4,625E-1	4,613E-1	0,000E+0	7	1001
1296,317	39,200	40,800	8,000E+1	0,000E+0	1,585E+2	1,585E+2	0,000E+0	4,632E-1	4,596E-1	0,000E+0	7	1001
1297,316	39,100	40,900	8,000E+1	0,000E+0	1,582E+2	1,583E+2	0,000E+0	4,631E-1	4,615E-1	0,000E+0	7	1001
1298,316	39,000	40,800	7,980E+1	0,000E+0	1,579E+2	1,580E+2	0,000E+0	4,618E-1	4,601E-1	0,000E+0	7	1001
1299,318	39,100	40,900	8,000E+1	0,000E+0	1,581E+2	1,582E+2	0,000E+0	4,624E-1	4,606E-1	0,000E+0	7	1001
1300,318	39,100	41,100	8,020E+1	0,000E+0	1,579E+2	1,581E+2	0,000E+0	4,632E-1	4,627E-1	0,000E+0	7	1001
1301,317	39,200	40,600	7,980E+1	0,000E+0	1,582E+2	1,581E+2	0,000E+0	4,637E-1	4,590E-1	0,000E+0	7	1001
1302,318	39,100	40,800	7,990E+1	0,000E+0	1,580E+2	1,582E+2	0,000E+0	4,632E-1	4,610E-1	0,000E+0	7	1001
1303,317	39,000	41,000	8,000E+1	0,000E+0	1,580E+2	1,582E+2	0,000E+0	4,635E-1	4,617E-1	0,000E+0	7	1001
1304,317	39,000	41,000	8,000E+1	0,000E+0	1,580E+2	1,582E+2	0,000E+0	4,635E-1	4,617E-1	0,000E+0	7	1001
1305,318	39,100	41,000	8,010E+1	0,000E+0	1,579E+2	1,580E+2	0,000E+0	4,638E-1	4,625E-1	0,000E+0	7	1001
1306,317	38,900	41,100	8,000E+1	0,000E+0	1,576E+2	1,581E+2	0,000E+0	4,608E-1	4,619E-1	0,000E+0	7	1001
1307,319	30,000	30,500	6,050E+1	0,000E+0	1,572E+2	1,572E+2	0,000E+0	3,763E-1	3,746E-1	0,000E+0	7	1001
1308,319	9,800	8,800	1,860E+1	0,000E+0	1,510E+2	1,509E+2	0,000E+0	1,214E-1	1,205E-1	0,000E+0	7	1001
1309,319	7,500	6,500	1,400E+1	0,000E+0	1,433E+2	1,434E+2	0,000E+0	1,003E-1	9,950E-2	0,000E+0	7	1001
1310,319	1,000	0,600	1,600E+0	0,000E+0	1,011E+2	1,013E+2	0,000E+0	2,890E-2	2,900E-2	0,000E+0	7	1001
1311,318	0,200	0,200	4,000E-1	0,000E+0	7,154E+1	7,148E+1	0,000E+0	0,000E+0	0,000E+0	0,000E+0	7	1001
1312,319	0,200	0,200	4,000E-1	0,000E+0	5,634E+1	5,631E+1	0,000E+0	0,000E+0	0,000E+0	0,000E+0	7	1001
1313,318	0,000	0,000	0,000E+0	0,000E+0	4,302E+1	4,301E+1	0,000E+0	0,000E+0	0,000E+0	0,000E+0	7	1001
1314,319	0,000	0,000	0,000E+0	0,000E+0	3,162E+1	3,164E+1	0,000E+0	0,000E+0	0,000E+0	0,000E+0	7	1001
