0,010764	0,000000	0,000000	0,000000E+0
0,004890	0,000000	0,000000	0,000000E+0
0,004890	0,000000	0,000000	0,000000E+0
0,004890	0,000000	0,000000	0,000000E+0
0,004890	0,000000	0,000000	0,000000E+0
0,004890	0,000000	0,000000	0,000000E+0
0,004890	0,000000	0,000000	0,000000E+0
0,004890	0,000000	0,000000	0,000000E+0
0,004890	0,000000	0,000000	0,000000E+0
0,004890	0,000000	0,000000	0,000000E+0
0,004890	0,000000	0,000000	0,000000E+0
1,004843	0,000000	0,000000	0,000000E+0
1,004843	0,000000	0,000000	0,000000E+0
1,004843	0,000000	0,000000	0,000000E+0
1,004843	0,000000	0,000000	0,000000E+0
1,004843	0,000000	0,000000	0,000000E+0
1,004843	0,000000	0,000000	0,000000E+0
1,004843	0,000000	0,000000	0,000000E+0
1,004843	0,000000	0,000000	0,000000E+0
1,004843	0,000000	0,000000	0,000000E+0
1,004843	0,000000	0,000000	0,000000E+0
2,006261	0,000000	0,000000	0,000000E+0
2,006261	0,000000	0,000000	0,000000E+0
2,006261	0,000000	0,000000	0,000000E+0
2,006261	0,000000	0,000000	0,000000E+0
2,006261	0,000000	0,000000	0,000000E+0
2,006261	0,000000	0,000000	0,000000E+0
2,006261	0,000000	0,000000	0,000000E+0
2,006261	0,000000	0,000000	0,000000E+0
2,006261	0,000000	0,000000	0,000000E+0
2,006261	0,000000	0,000000	0,000000E+0
3,005683	0,000000	0,000000	0,000000E+0
3,005683	0,000000	0,000000	0,000000E+0
3,005683	0,000000	0,000000	0,000000E+0
3,005683	0,000000	0,000000	0,000000E+0
3,005683	0,000000	0,000000	0,000000E+0
3,005683	0,000000	0,000000	0,000000E+0
3,005683	0,000000	0,000000	0,000000E+0
3,005683	0,000000	0,000000	0,000000E+0
3,005683	0,000000	0,000000	0,000000E+0
3,005683	0,000000	0,000000	0,000000E+0
4,006113	0,000000	0,000000	0,000000E+0
4,006113	0,000000	0,000000	0,000000E+0
4,006113	0,000000	0,000000	0,000000E+0
4,006113	0,000000	0,000000	0,000000E+0
4,006113	0,000000	0,000000	0,000000E+0
4,006113	0,000000	0,000000	0,000000E+0
4,006113	0,000000	0,000000	0,000000E+0
4,006113	0,000000	0,000000	0,000000E+0
4,006113	0,000000	0,000000	0,000000E+0
4,006113	0,000000	0,000000	0,000000E+0
5,005540	0,000000	0,000000	0,000000E+0
5,005540	0,000000	0,000000	0,000000E+0
5,005540	0,000000	0,000000	0,000000E+0
5,005540	0,000000	0,000000	0,000000E+0
5,005540	0,000000	0,000000	0,000000E+0
5,005540	0,000000	0,000000	0,000000E+0
5,005540	0,000000	0,000000	0,000000E+0
5,005540	0,000000	0,000000	0,000000E+0
5,005540	0,000000	0,000000	0,000000E+0
5,005540	0,000000	0,000000	0,000000E+0
6,006957	0,000000	0,000000	0,000000E+0
6,006957	0,000000	0,000000	0,000000E+0
6,006957	0,000000	0,000000	0,000000E+0
6,006957	0,000000	0,000000	0,000000E+0
6,006957	0,000000	0,000000	0,000000E+0
6,006957	0,000000	0,000000	0,000000E+0
6,006957	0,000000	0,000000	0,000000E+0
6,006957	0,000000	0,000000	0,000000E+0
6,006957	0,000000	0,000000	0,000000E+0
6,006957	0,000000	0,000000	0,000000E+0
7,006394	0,000000	0,000000	0,000000E+0
7,006394	0,000000	0,000000	0,000000E+0
7,006394	0,000000	0,000000	0,000000E+0
7,006394	0,000000	0,000000	0,000000E+0
7,006394	0,000000	0,000000	0,000000E+0
7,006394	0,000000	0,000000	0,000000E+0
7,006394	0,000000	0,000000	0,000000E+0
7,006394	0,000000	0,000000	0,000000E+0
7,006394	0,000000	0,000000	0,000000E+0
7,006394	0,000000	0,000000	0,000000E+0
8,006819	0,000000	0,000000	0,000000E+0
8,006819	0,000000	0,000000	0,000000E+0
8,006819	0,000000	0,000000	0,000000E+0
8,006819	0,000000	0,000000	0,000000E+0
8,006819	0,000000	0,000000	0,000000E+0
8,006819	0,000000	0,000000	0,000000E+0
8,006819	0,000000	0,000000	0,000000E+0
8,006819	0,000000	0,000000	0,000000E+0
8,006819	0,000000	0,000000	0,000000E+0
8,006819	0,000000	0,000000	0,000000E+0
9,007233	0,000000	0,000000	0,000000E+0
9,007233	0,000000	0,000000	0,000000E+0
9,007233	0,000000	0,000000	0,000000E+0
9,007233	0,000000	0,000000	0,000000E+0
9,007233	0,000000	0,000000	0,000000E+0
9,007233	0,000000	0,000000	0,000000E+0
9,007233	0,000000	0,000000	0,000000E+0
9,007233	0,000000	0,000000	0,000000E+0
9,007233	0,000000	0,000000	0,000000E+0
9,007233	0,000000	0,000000	0,000000E+0
10,006666	0,000000	0,000000	0,000000E+0
10,006666	0,000000	0,000000	0,000000E+0
10,006666	0,000000	0,000000	0,000000E+0
10,006666	0,000000	0,000000	0,000000E+0
10,006666	0,000000	0,000000	0,000000E+0
10,006666	0,000000	0,000000	0,000000E+0
10,006666	0,000000	0,000000	0,000000E+0
10,006666	0,000000	0,000000	0,000000E+0
10,006666	0,000000	0,000000	0,000000E+0
10,006666	0,000000	0,000000	0,000000E+0
11,007118	0,000000	0,000000	0,000000E+0
11,007118	0,000000	0,000000	0,000000E+0
11,007118	0,000000	0,000000	0,000000E+0
11,007118	0,000000	0,000000	0,000000E+0
11,007118	0,000000	0,000000	0,000000E+0
11,007118	0,000000	0,000000	0,000000E+0
11,007118	0,000000	0,000000	0,000000E+0
11,007118	0,000000	0,000000	0,000000E+0
11,007118	0,000000	0,000000	0,000000E+0
11,007118	0,000000	0,000000	0,000000E+0
12,007508	0,000000	0,000000	0,000000E+0
12,007508	0,000000	0,000000	0,000000E+0
12,007508	0,000000	0,000000	0,000000E+0
12,007508	0,000000	0,000000	0,000000E+0
12,007508	0,000000	0,000000	0,000000E+0
12,007508	34,000000	0,000000	0,000000E+0
12,007508	34,000000	0,000000	0,000000E+0
12,007508	34,000000	0,000000	0,000000E+0
12,007508	34,000000	0,000000	0,000000E+0
12,007508	34,000000	0,000000	0,000000E+0
13,007957	34,000000	0,000000	0,000000E+0
13,007957	34,000000	0,000000	0,000000E+0
13,007957	34,000000	0,000000	0,000000E+0
13,007957	34,000000	0,000000	0,000000E+0
13,007957	34,000000	0,000000	0,000000E+0
13,007957	34,000000	0,000000	0,000000E+0
13,007957	117,300003	0,000000	0,000000E+0
13,007957	117,300003	0,000000	0,000000E+0
13,007957	117,300003	0,000000	0,000000E+0
13,007957	117,300003	0,000000	0,000000E+0
14,007380	117,300003	0,000000	0,000000E+0
14,007380	117,300003	0,000000	0,000000E+0
14,007380	117,300003	0,000000	0,000000E+0
14,007380	117,300003	0,000000	0,000000E+0
14,007380	117,300003	0,000000	0,000000E+0
14,007380	117,300003	0,000000	0,000000E+0
14,007380	117,300003	0,000000	0,000000E+0
14,007380	117,300003	0,000000	0,000000E+0
14,007380	117,300003	0,000000	0,000000E+0
14,007380	117,300003	0,000000	0,000000E+0
15,007790	117,300003	0,000000	0,000000E+0
15,007790	117,300003	0,000000	0,000000E+0
15,007790	117,300003	0,000000	0,000000E+0
15,007790	96,500000	0,000000	0,000000E+0
15,007790	96,500000	0,000000	0,000000E+0
15,007790	96,500000	0,000000	0,000000E+0
15,007790	96,500000	0,000000	0,000000E+0
15,007790	96,500000	0,000000	0,000000E+0
15,007790	96,500000	0,000000	0,000000E+0
15,007790	96,500000	0,000000	0,000000E+0
16,008261	96,500000	0,000000	0,000000E+0
16,008261	96,500000	0,000000	0,000000E+0
16,008261	96,500000	0,000000	0,000000E+0
16,008261	21,400000	0,000000	0,000000E+0
16,008261	21,400000	0,000000	0,000000E+0
16,008261	21,400000	0,000000	0,000000E+0
16,008261	21,400000	0,000000	0,000000E+0
16,008261	21,400000	0,000000	0,000000E+0
16,008261	21,400000	0,000000	0,000000E+0
16,008261	21,400000	0,000000	0,000000E+0
17,007642	21,400000	0,000000	0,000000E+0
17,007642	21,400000	0,000000	0,000000E+0
17,007642	21,400000	0,000000	0,000000E+0
17,007642	21,099998	0,000000	0,000000E+0
17,007642	21,099998	0,000000	0,000000E+0
17,007642	21,099998	0,000000	0,000000E+0
17,007642	21,099998	0,000000	0,000000E+0
17,007642	21,099998	0,000000	0,000000E+0
17,007642	21,099998	0,000000	0,000000E+0
17,007642	21,099998	0,000000	0,000000E+0
18,009079	21,099998	0,000000	0,000000E+0
18,009079	21,099998	0,000000	0,000000E+0
18,009079	21,099998	0,000000	0,000000E+0
18,009079	33,699997	0,000000	0,000000E+0
18,009079	33,699997	0,000000	0,000000E+0
18,009079	33,699997	0,000000	0,000000E+0
18,009079	33,699997	0,000000	0,000000E+0
18,009079	33,699997	0,000000	0,000000E+0
18,009079	33,699997	0,000000	0,000000E+0
18,009079	33,699997	0,000000	0,000000E+0
19,008507	33,699997	0,000000	0,000000E+0
19,008507	33,699997	0,000000	0,000000E+0
19,008507	33,699997	0,000000	0,000000E+0
19,008507	33,699997	0,000000	0,000000E+0
19,008507	33,500000	0,000000	0,000000E+0
19,008507	33,500000	0,000000	0,000000E+0
19,008507	33,500000	0,000000	0,000000E+0
19,008507	33,500000	0,000000	0,000000E+0
19,008507	33,500000	0,000000	0,000000E+0
19,008507	33,500000	0,000000	0,000000E+0
20,008972	33,500000	0,000000	0,000000E+0
20,008972	33,500000	0,000000	0,000000E+0
20,008972	33,500000	0,000000	0,000000E+0
20,008972	33,500000	0,000000	0,000000E+0
20,008972	33,500000	0,000000	0,000000E+0
20,008972	33,500000	0,000000	0,000000E+0
20,008972	33,500000	0,000000	0,000000E+0
20,008972	33,500000	0,000000	0,000000E+0
20,008972	33,500000	0,000000	0,000000E+0
20,008972	33,500000	0,000000	0,000000E+0
21,008342	33,500000	0,000000	0,000000E+0
21,008342	33,500000	0,000000	0,000000E+0
21,008342	30,000000	0,000000	0,000000E+0
21,008342	30,000000	0,000000	0,000000E+0
21,008342	30,000000	0,000000	0,000000E+0
21,008342	30,000000	0,000000	0,000000E+0
21,008342	30,000000	0,000000	0,000000E+0
21,008342	30,000000	0,000000	0,000000E+0
21,008342	30,000000	0,000000	0,000000E+0
21,008342	30,000000	0,000000	0,000000E+0
22,008774	30,000000	0,000000	0,000000E+0
22,008774	30,000000	0,000000	0,000000E+0
22,008774	30,700001	0,000000	0,000000E+0
22,008774	30,700001	0,000000	0,000000E+0
22,008774	30,700001	0,000000	0,000000E+0
22,008774	30,700001	0,000000	0,000000E+0
22,008774	30,700001	0,000000	0,000000E+0
22,008774	30,700001	0,000000	0,000000E+0
22,008774	30,700001	0,000000	0,000000E+0
22,008774	30,700001	0,000000	0,000000E+0
23,009254	30,700001	0,000000	0,000000E+0
23,009254	29,900000	0,000000	0,000000E+0
23,009254	29,900000	0,000000	0,000000E+0
23,009254	29,900000	0,000000	0,000000E+0
23,009254	29,900000	0,000000	0,000000E+0
23,009254	29,900000	0,000000	0,000000E+0
23,009254	29,900000	0,000000	0,000000E+0
23,009254	29,900000	0,000000	0,000000E+0
23,009254	29,900000	0,000000	0,000000E+0
23,009254	29,900000	0,000000	0,000000E+0
24,008627	29,900000	0,000000	0,000000E+0
24,008627	30,200001	0,000000	0,000000E+0
24,008627	30,200001	0,000000	0,000000E+0
24,008627	30,200001	0,000000	0,000000E+0
24,008627	30,200001	0,000000	0,000000E+0
24,008627	30,200001	0,000000	0,000000E+0
24,008627	30,200001	0,000000	0,000000E+0
24,008627	30,200001	0,000000	0,000000E+0
24,008627	30,200001	0,000000	0,000000E+0
24,008627	30,200001	0,000000	0,000000E+0
25,009051	30,200001	0,000000	0,000000E+0
25,009051	30,200001	0,000000	0,000000E+0
25,009051	30,200001	0,000000	0,000000E+0
25,009051	30,200001	0,000000	0,000000E+0
25,009051	30,200001	0,000000	0,000000E+0
25,009051	30,200001	0,000000	0,000000E+0
25,009051	30,200001	0,000000	0,000000E+0
25,009051	30,200001	0,000000	0,000000E+0
25,009051	30,200001	0,000000	0,000000E+0
25,009051	30,200001	0,000000	0,000000E+0
26,008486	30,200001	0,000000	0,000000E+0
26,008486	30,200001	0,000000	0,000000E+0
26,008486	30,200001	0,000000	0,000000E+0
26,008486	30,200001	0,000000	0,000000E+0
26,008486	30,200001	0,000000	0,000000E+0
26,008486	30,200001	0,000000	0,000000E+0
26,008486	30,200001	0,000000	0,000000E+0
26,008486	30,400002	0,000000	0,000000E+0
26,008486	30,400002	0,000000	0,000000E+0
26,008486	30,400002	0,000000	0,000000E+0
27,008915	30,400002	0,000000	0,000000E+0
27,008915	30,400002	0,000000	0,000000E+0
27,008915	30,400002	0,000000	0,000000E+0
27,008915	30,400002	0,000000	0,000000E+0
27,008915	30,400002	0,000000	0,000000E+0
27,008915	30,400002	0,000000	0,000000E+0
27,008915	30,400002	0,000000	0,000000E+0
27,008915	30,200001	0,000000	0,000000E+0
27,008915	30,200001	0,000000	0,000000E+0
27,008915	30,200001	0,000000	0,000000E+0
28,008329	30,200001	0,000000	0,000000E+0
28,008329	30,200001	0,000000	0,000000E+0
28,008329	30,200001	0,000000	0,000000E+0
28,008329	30,200001	0,000000	0,000000E+0
28,008329	30,200001	0,000000	0,000000E+0
28,008329	30,200001	0,000000	0,000000E+0
28,008329	29,900000	0,000000	0,000000E+0
28,008329	29,900000	0,000000	0,000000E+0
28,008329	29,900000	0,000000	0,000000E+0
28,008329	29,900000	0,000000	0,000000E+0
29,008750	29,900000	0,000000	0,000000E+0
29,008750	29,900000	0,000000	0,000000E+0
29,008750	29,900000	0,000000	0,000000E+0
29,008750	29,900000	0,000000	0,000000E+0
29,008750	29,900000	0,000000	0,000000E+0
29,008750	29,900000	0,000000	0,000000E+0
29,008750	29,900000	0,000000	0,000000E+0
29,008750	29,500000	0,000000	0,000000E+0
29,008750	29,500000	0,000000	0,000000E+0
29,008750	29,500000	0,000000	0,000000E+0
30,009207	29,500000	0,000000	0,000000E+0
30,009207	29,500000	0,000000	0,000000E+0
30,009207	29,500000	0,000000	0,000000E+0
30,009207	29,500000	0,000000	0,000000E+0
30,009207	29,500000	0,000000	0,000000E+0
30,009207	29,500000	0,000000	0,000000E+0
30,009207	29,500000	0,000000	0,000000E+0
30,009207	29,500000	0,000000	0,000000E+0
30,009207	29,500000	0,000000	0,000000E+0
30,009207	29,500000	0,000000	0,000000E+0
31,009610	29,700001	0,000000	0,000000E+0
31,009610	29,700001	0,000000	0,000000E+0
31,009610	29,700001	0,000000	0,000000E+0
31,009610	29,700001	0,000000	0,000000E+0
31,009610	29,700001	0,000000	0,000000E+0
31,009610	29,700001	0,000000	0,000000E+0
31,009610	29,700001	0,000000	0,000000E+0
31,009610	29,700001	0,000000	0,000000E+0
31,009610	29,700001	0,000000	0,000000E+0
31,009610	29,700001	0,000000	0,000000E+0
32,010050	29,600000	0,000000	0,000000E+0
32,010050	29,600000	0,000000	0,000000E+0
32,010050	29,600000	0,000000	0,000000E+0
32,010050	29,600000	0,000000	0,000000E+0
32,010050	29,600000	0,000000	0,000000E+0
32,010050	29,600000	0,000000	0,000000E+0
32,010050	29,600000	0,000000	0,000000E+0
32,010050	29,600000	0,000000	0,000000E+0
32,010050	29,600000	0,000000	0,000000E+0
32,010050	29,600000	0,000000	0,000000E+0
33,009478	30,200001	0,000000	0,000000E+0
33,009478	30,200001	0,000000	0,000000E+0
33,009478	30,200001	0,000000	0,000000E+0
33,009478	30,200001	0,000000	0,000000E+0
33,009478	30,200001	0,000000	0,000000E+0
33,009478	30,200001	0,000000	0,000000E+0
33,009478	30,200001	0,000000	0,000000E+0
33,009478	30,200001	0,000000	0,000000E+0
33,009478	30,200001	0,000000	0,000000E+0
33,009478	30,200001	0,000000	0,000000E+0
34,010956	30,200001	0,000000	0,000000E+0
34,010956	29,799999	0,000000	0,000000E+0
34,010956	29,799999	0,000000	0,000000E+0
34,010956	29,799999	0,000000	0,000000E+0
34,010956	29,799999	0,000000	0,000000E+0
34,010956	29,799999	0,000000	0,000000E+0
34,010956	29,799999	0,000000	0,000000E+0
34,010956	29,799999	0,000000	0,000000E+0
34,010956	29,799999	0,000000	0,000000E+0
34,010956	29,799999	0,000000	0,000000E+0
35,011305	30,200001	0,000000	0,000000E+0
35,011305	30,200001	0,000000	0,000000E+0
35,011305	30,200001	0,000000	0,000000E+0
35,011305	30,200001	0,000000	0,000000E+0
35,011305	30,200001	0,000000	0,000000E+0
35,011305	30,200001	0,000000	0,000000E+0
35,011305	30,200001	0,000000	0,000000E+0
35,011305	30,200001	0,000000	0,000000E+0
35,011305	30,200001	0,000000	0,000000E+0
35,011305	30,200001	0,000000	0,000000E+0
36,010358	30,200001	0,000000	0,000000E+0
36,010358	30,100000	0,000000	0,000000E+0
36,010358	30,100000	0,000000	0,000000E+0
36,010358	30,100000	0,000000	0,000000E+0
36,010358	30,100000	0,000000	0,000000E+0
36,010358	30,100000	0,000000	0,000000E+0
36,010358	30,100000	0,000000	0,000000E+0
36,010358	30,100000	0,000000	0,000000E+0
36,010358	30,100000	0,000000	0,000000E+0
36,010358	30,100000	0,000000	0,000000E+0
37,010828	30,100000	0,000000	0,000000E+0
37,010828	30,100000	0,000000	0,000000E+0
37,010828	30,100000	0,000000	0,000000E+0
37,010828	30,100000	0,000000	0,000000E+0
37,010828	30,100000	0,000000	0,000000E+0
37,010828	30,100000	0,000000	0,000000E+0
37,010828	30,100000	0,000000	0,000000E+0
37,010828	30,100000	0,000000	0,000000E+0
37,010828	30,100000	0,000000	0,000000E+0
37,010828	30,100000	0,000000	0,000000E+0
38,011191	30,100000	0,000000	0,000000E+0
38,011191	30,100000	0,000000	0,000000E+0
38,011191	30,100000	0,000000	0,000000E+0
38,011191	29,799999	0,000000	0,000000E+0
38,011191	29,799999	0,000000	0,000000E+0
38,011191	29,799999	0,000000	0,000000E+0
38,011191	29,799999	0,000000	0,000000E+0
38,011191	29,799999	0,000000	0,000000E+0
38,011191	29,799999	0,000000	0,000000E+0
38,011191	29,799999	0,000000	0,000000E+0
39,011620	29,799999	0,000000	0,000000E+0
39,011620	29,799999	0,000000	0,000000E+0
39,011620	29,799999	0,000000	0,000000E+0
39,011620	29,599998	0,000000	0,000000E+0
39,011620	29,599998	0,000000	0,000000E+0
39,011620	29,599998	0,000000	0,000000E+0
39,011620	29,599998	0,000000	0,000000E+0
39,011620	29,599998	0,000000	0,000000E+0
39,011620	29,599998	0,000000	0,000000E+0
39,011620	29,599998	0,000000	0,000000E+0
40,012100	29,599998	0,000000	0,000000E+0
40,012100	29,599998	0,000000	0,000000E+0
40,012100	29,599998	0,000000	0,000000E+0
40,012100	29,599998	0,000000	0,000000E+0
40,012100	29,599998	0,000000	0,000000E+0
40,012100	29,500000	0,000000	0,000000E+0
40,012100	29,500000	0,000000	0,000000E+0
40,012100	29,500000	0,000000	0,000000E+0
40,012100	29,500000	0,000000	0,000000E+0
40,012100	29,500000	0,000000	0,000000E+0
41,011471	29,500000	0,000000	0,000000E+0
41,011471	29,500000	0,000000	0,000000E+0
41,011471	29,500000	0,000000	0,000000E+0
41,011471	29,500000	0,000000	0,000000E+0
41,011471	29,500000	0,000000	0,000000E+0
41,011471	29,500000	0,000000	0,000000E+0
41,011471	29,500000	0,000000	0,000000E+0
41,011471	29,500000	0,000000	0,000000E+0
41,011471	29,500000	0,000000	0,000000E+0
41,011471	29,500000	0,000000	0,000000E+0
42,011953	29,500000	0,000000	0,000000E+0
42,011953	29,500000	0,000000	0,000000E+0
42,011953	29,500000	0,000000	0,000000E+0
42,011953	29,500000	0,000000	0,000000E+0
42,011953	29,400000	0,000000	0,000000E+0
42,011953	29,400000	0,000000	0,000000E+0
42,011953	29,400000	0,000000	0,000000E+0
42,011953	29,400000	0,000000	0,000000E+0
42,011953	29,400000	0,000000	0,000000E+0
42,011953	29,400000	0,000000	0,000000E+0
43,011318	29,400000	0,000000	0,000000E+0
43,011318	29,400000	0,000000	0,000000E+0
43,011318	29,400000	0,000000	0,000000E+0
43,011318	29,400000	0,000000	0,000000E+0
43,011318	29,400000	0,000000	0,000000E+0
43,011318	29,400000	0,000000	0,000000E+0
43,011318	29,400000	0,000000	0,000000E+0
43,011318	29,400000	0,000000	0,000000E+0
43,011318	29,400000	0,000000	0,000000E+0
43,011318	29,400000	0,000000	0,000000E+0
44,011808	29,400000	0,000000	0,000000E+0
44,011808	29,400000	0,000000	0,000000E+0
44,011808	29,400000	0,000000	0,000000E+0
44,011808	29,200001	0,000000	0,000000E+0
44,011808	29,200001	0,000000	0,000000E+0
44,011808	29,200001	0,000000	0,000000E+0
44,011808	29,200001	0,000000	0,000000E+0
44,011808	29,200001	0,000000	0,000000E+0
44,011808	29,200001	0,000000	0,000000E+0
44,011808	29,200001	0,000000	0,000000E+0
45,012157	29,200001	0,000000	0,000000E+0
45,012157	29,200001	0,000000	0,000000E+0
45,012157	29,200001	0,000000	0,000000E+0
45,012157	29,299999	0,000000	0,000000E+0
45,012157	29,299999	0,000000	0,000000E+0
45,012157	29,299999	0,000000	0,000000E+0
45,012157	29,299999	0,000000	0,000000E+0
45,012157	29,299999	0,000000	0,000000E+0
45,012157	29,299999	0,000000	0,000000E+0
45,012157	29,299999	0,000000	0,000000E+0
46,011642	29,299999	0,000000	0,000000E+0
46,011642	29,299999	0,000000	0,000000E+0
46,011642	29,299999	0,000000	0,000000E+0
46,011642	29,700001	0,000000	0,000000E+0
46,011642	29,700001	0,000000	0,000000E+0
46,011642	29,700001	0,000000	0,000000E+0
46,011642	29,700001	0,000000	0,000000E+0
46,011642	29,700001	0,000000	0,000000E+0
46,011642	29,700001	0,000000	0,000000E+0
46,011642	29,700001	0,000000	0,000000E+0
47,012011	29,700001	0,000000	0,000000E+0
47,012011	29,700001	0,000000	0,000000E+0
47,012011	29,700001	0,000000	0,000000E+0
47,012011	29,900000	0,000000	0,000000E+0
47,012011	29,900000	0,000000	0,000000E+0
47,012011	29,900000	0,000000	0,000000E+0
47,012011	29,900000	0,000000	0,000000E+0
47,012011	29,900000	0,000000	0,000000E+0
47,012011	29,900000	0,000000	0,000000E+0
47,012011	29,900000	0,000000	0,000000E+0
48,011453	29,900000	0,000000	0,000000E+0
48,011453	29,900000	0,000000	0,000000E+0
48,011453	29,900000	0,000000	0,000000E+0
48,011453	29,900000	0,000000	0,000000E+0
48,011453	29,400000	0,000000	0,000000E+0
48,011453	29,400000	0,000000	0,000000E+0
48,011453	29,400000	0,000000	0,000000E+0
48,011453	29,400000	0,000000	0,000000E+0
48,011453	29,400000	0,000000	0,000000E+0
48,011453	29,400000	0,000000	0,000000E+0
49,012953	29,400000	0,000000	0,000000E+0
49,012953	29,400000	0,000000	0,000000E+0
49,012953	29,400000	0,000000	0,000000E+0
49,012953	29,400000	0,000000	0,000000E+0
49,012953	29,400000	0,000000	0,000000E+0
49,012953	29,400000	0,000000	0,000000E+0
49,012953	29,400000	0,000000	0,000000E+0
49,012953	29,400000	0,000000	0,000000E+0
49,012953	29,400000	0,000000	0,000000E+0
49,012953	29,400000	0,000000	0,000000E+0
50,014293	29,400000	0,000000	0,000000E+0
50,014293	29,400000	0,000000	0,000000E+0
50,014293	29,400000	0,000000	0,000000E+0
50,014293	29,500000	0,000000	0,000000E+0
50,014293	29,500000	0,000000	0,000000E+0
50,014293	29,500000	0,000000	0,000000E+0
50,014293	29,500000	0,000000	0,000000E+0
50,014293	29,500000	0,000000	0,000000E+0
50,014293	29,500000	0,000000	0,000000E+0
50,014293	29,500000	0,000000	0,000000E+0
51,013719	29,500000	0,000000	0,000000E+0
51,013719	29,500000	0,000000	0,000000E+0
51,013719	29,500000	0,000000	0,000000E+0
51,013719	29,500000	0,000000	0,000000E+0
51,013719	29,500000	0,000000	0,000000E+0
51,013719	29,500000	0,000000	0,000000E+0
51,013719	29,500000	0,000000	0,000000E+0
51,013719	29,500000	0,000000	0,000000E+0
51,013719	29,500000	0,000000	0,000000E+0
51,013719	29,500000	0,000000	0,000000E+0
52,014161	29,500000	0,000000	0,000000E+0
52,014161	29,500000	0,000000	0,000000E+0
52,014161	29,500000	0,000000	0,000000E+0
52,014161	29,500000	0,000000	0,000000E+0
52,014161	29,299999	0,000000	0,000000E+0
52,014161	29,299999	0,000000	0,000000E+0
52,014161	29,299999	0,000000	0,000000E+0
52,014161	29,299999	0,000000	0,000000E+0
52,014161	29,299999	0,000000	0,000000E+0
52,014161	29,299999	0,000000	0,000000E+0
53,013584	29,299999	0,000000	0,000000E+0
53,013584	29,299999	0,000000	0,000000E+0
53,013584	29,299999	0,000000	0,000000E+0
53,013584	29,900000	0,000000	0,000000E+0
53,013584	29,900000	0,000000	0,000000E+0
53,013584	29,900000	0,000000	0,000000E+0
53,013584	29,900000	0,000000	0,000000E+0
53,013584	29,900000	0,000000	0,000000E+0
53,013584	29,900000	0,000000	0,000000E+0
53,013584	29,900000	0,000000	0,000000E+0
54,014083	29,900000	0,000000	0,000000E+0
54,014083	29,900000	0,000000	0,000000E+0
54,014083	29,900000	0,000000	0,000000E+0
54,014083	29,900000	0,000000	0,000000E+0
54,014083	30,000000	0,000000	0,000000E+0
54,014083	30,000000	0,000000	0,000000E+0
54,014083	30,000000	0,000000	0,000000E+0
54,014083	30,000000	0,000000	0,000000E+0
54,014083	30,000000	0,000000	0,000000E+0
54,014083	30,000000	0,000000	0,000000E+0
55,013498	30,000000	0,000000	0,000000E+0
55,013498	30,000000	0,000000	0,000000E+0
55,013498	30,000000	0,000000	0,000000E+0
55,013498	30,000000	0,000000	0,000000E+0
55,013498	30,000000	0,000000	0,000000E+0
55,013498	30,000000	0,000000	0,000000E+0
55,013498	30,000000	0,000000	0,000000E+0
55,013498	30,000000	0,000000	0,000000E+0
55,013498	30,000000	0,000000	0,000000E+0
55,013498	30,000000	0,000000	0,000000E+0
56,014875	30,000000	0,000000	0,000000E+0
56,014875	30,000000	0,000000	0,000000E+0
56,014875	29,799999	0,000000	0,000000E+0
56,014875	29,799999	0,000000	0,000000E+0
56,014875	29,799999	0,000000	0,000000E+0
56,014875	29,799999	0,000000	0,000000E+0
56,014875	29,799999	0,000000	0,000000E+0
56,014875	29,799999	0,000000	0,000000E+0
56,014875	29,799999	0,000000	0,000000E+0
56,014875	29,799999	0,000000	0,000000E+0
57,016279	29,799999	0,000000	0,000000E+0
57,016279	29,799999	0,000000	0,000000E+0
57,016279	29,799999	0,000000	0,000000E+0
57,016279	29,600000	0,000000	0,000000E+0
57,016279	29,600000	0,000000	0,000000E+0
57,016279	29,600000	0,000000	0,000000E+0
57,016279	29,600000	0,000000	0,000000E+0
57,016279	29,600000	0,000000	0,000000E+0
57,016279	29,600000	0,000000	0,000000E+0
57,016279	29,600000	0,000000	0,000000E+0
58,015719	29,600000	0,000000	0,000000E+0
58,015719	29,600000	0,000000	0,000000E+0
58,015719	29,600000	0,000000	0,000000E+0
58,015719	29,200001	0,000000	0,000000E+0
58,015719	29,200001	0,000000	0,000000E+0
58,015719	29,200001	0,000000	0,000000E+0
58,015719	29,200001	0,000000	0,000000E+0
58,015719	29,200001	0,000000	0,000000E+0
58,015719	29,200001	0,000000	0,000000E+0
58,015719	29,200001	0,000000	0,000000E+0
59,016139	29,200001	0,000000	0,000000E+0
59,016139	29,200001	0,000000	0,000000E+0
59,016139	29,400000	0,000000	0,000000E+0
59,016139	29,400000	0,000000	0,000000E+0
59,016139	29,400000	0,000000	0,000000E+0
59,016139	29,400000	0,000000	0,000000E+0
59,016139	29,400000	0,000000	0,000000E+0
59,016139	29,400000	0,000000	0,000000E+0
59,016139	29,400000	0,000000	0,000000E+0
59,016139	29,400000	0,000000	0,000000E+0
60,015550	29,400000	0,000000	0,000000E+0
60,015550	29,400000	0,000000	0,000000E+0
60,015550	29,400000	0,000000	0,000000E+0
60,015550	29,400000	0,000000	0,000000E+0
60,015550	29,500000	0,000000	0,000000E+0
60,015550	29,500000	0,000000	0,000000E+0
60,015550	29,500000	0,000000	0,000000E+0
60,015550	29,500000	0,000000	0,000000E+0
60,015550	29,500000	0,000000	0,000000E+0
60,015550	29,500000	0,000000	0,000000E+0
61,016030	29,500000	0,000000	0,000000E+0
61,016030	29,500000	0,000000	0,000000E+0
61,016030	29,500000	0,000000	0,000000E+0
61,016030	29,500000	0,000000	0,000000E+0
61,016030	29,500000	0,000000	0,000000E+0
61,016030	29,500000	0,000000	0,000000E+0
61,016030	29,500000	0,000000	0,000000E+0
61,016030	29,500000	0,000000	0,000000E+0
61,016030	29,500000	0,000000	0,000000E+0
61,016030	29,500000	0,000000	0,000000E+0
62,015394	29,500000	0,000000	0,000000E+0
62,015394	29,500000	0,000000	0,000000E+0
62,015394	29,500000	0,000000	0,000000E+0
62,015394	29,500000	0,000000	0,000000E+0
62,015394	29,500000	0,000000	0,000000E+0
62,015394	29,500000	0,000000	0,000000E+0
62,015394	29,500000	0,000000	0,000000E+0
62,015394	29,500000	0,000000	0,000000E+0
62,015394	29,500000	0,000000	0,000000E+0
62,015394	29,500000	0,000000	0,000000E+0
63,015881	29,500000	0,000000	0,000000E+0
63,015881	29,500000	0,000000	0,000000E+0
63,015881	29,500000	0,000000	0,000000E+0
63,015881	29,500000	0,000000	0,000000E+0
63,015881	29,500000	0,000000	0,000000E+0
63,015881	29,500000	0,000000	0,000000E+0
63,015881	29,500000	0,000000	0,000000E+0
63,015881	29,500000	0,000000	0,000000E+0
63,015881	29,500000	0,000000	0,000000E+0
63,015881	29,500000	0,000000	0,000000E+0
64,016236	29,100000	0,000000	0,000000E+0
64,016236	29,100000	0,000000	0,000000E+0
64,016236	29,100000	0,000000	0,000000E+0
64,016236	29,100000	0,000000	0,000000E+0
64,016236	29,100000	0,000000	0,000000E+0
64,016236	29,100000	0,000000	0,000000E+0
64,016236	29,100000	0,000000	0,000000E+0
64,016236	29,100000	0,000000	0,000000E+0
64,016236	29,100000	0,000000	0,000000E+0
64,016236	29,100000	0,000000	0,000000E+0
65,015669	29,200001	0,000000	0,000000E+0
65,015669	29,200001	0,000000	0,000000E+0
65,015669	29,200001	0,000000	0,000000E+0
65,015669	29,200001	0,000000	0,000000E+0
65,015669	29,200001	0,000000	0,000000E+0
65,015669	29,200001	0,000000	0,000000E+0
65,015669	29,200001	0,000000	0,000000E+0
65,015669	29,200001	0,000000	0,000000E+0
65,015669	29,200001	0,000000	0,000000E+0
65,015669	29,200001	0,000000	0,000000E+0
66,016080	29,200001	0,000000	0,000000E+0
66,016080	29,200001	0,000000	0,000000E+0
66,016080	29,200001	0,000000	0,000000E+0
66,016080	29,600000	0,000000	0,000000E+0
66,016080	29,600000	0,000000	0,000000E+0
66,016080	29,600000	0,000000	0,000000E+0
66,016080	29,600000	0,000000	0,000000E+0
66,016080	29,600000	0,000000	0,000000E+0
66,016080	29,600000	0,000000	0,000000E+0
66,016080	29,600000	0,000000	0,000000E+0
67,017269	29,600000	0,000000	0,000000E+0
67,017269	29,600000	0,000000	0,000000E+0
67,017269	29,600000	0,000000	0,000000E+0
67,017269	29,600000	0,000000	0,000000E+0
67,017269	29,299999	0,000000	0,000000E+0
67,017269	29,299999	0,000000	0,000000E+0
67,017269	29,299999	0,000000	0,000000E+0
67,017269	29,299999	0,000000	0,000000E+0
67,017269	29,299999	0,000000	0,000000E+0
67,017269	29,299999	0,000000	0,000000E+0
68,016791	29,299999	0,000000	0,000000E+0
68,016791	29,299999	0,000000	0,000000E+0
68,016791	29,299999	0,000000	0,000000E+0
68,016791	29,299999	0,000000	0,000000E+0
68,016791	29,299999	0,000000	0,000000E+0
68,016791	29,100000	0,000000	0,000000E+0
68,016791	29,100000	0,000000	0,000000E+0
68,016791	29,100000	0,000000	0,000000E+0
68,016791	29,100000	0,000000	0,000000E+0
68,016791	29,100000	0,000000	0,000000E+0
69,017171	29,100000	0,000000	0,000000E+0
69,017171	29,100000	0,000000	0,000000E+0
69,017171	29,100000	0,000000	0,000000E+0
69,017171	29,100000	0,000000	0,000000E+0
69,017171	29,400000	0,000000	0,000000E+0
69,017171	29,400000	0,000000	0,000000E+0
69,017171	29,400000	0,000000	0,000000E+0
69,017171	29,400000	0,000000	0,000000E+0
69,017171	29,400000	0,000000	0,000000E+0
69,017171	29,400000	0,000000	0,000000E+0
70,016633	29,400000	0,000000	0,000000E+0
70,016633	29,400000	0,000000	0,000000E+0
70,016633	29,400000	0,000000	0,000000E+0
70,016633	29,400000	0,000000	0,000000E+0
70,016633	29,400000	0,000000	0,000000E+0
70,016633	29,299999	0,000000	0,000000E+0
70,016633	29,299999	0,000000	0,000000E+0
70,016633	29,299999	0,000000	0,000000E+0
70,016633	29,299999	0,000000	0,000000E+0
70,016633	29,299999	0,000000	0,000000E+0
71,017031	29,299999	0,000000	0,000000E+0
71,017031	29,299999	0,000000	0,000000E+0
71,017031	29,299999	0,000000	0,000000E+0
71,017031	29,299999	0,000000	0,000000E+0
71,017031	29,299999	0,000000	0,000000E+0
71,017031	29,299999	0,000000	0,000000E+0
71,017031	29,299999	0,000000	0,000000E+0
71,017031	29,299999	0,000000	0,000000E+0
71,017031	29,299999	0,000000	0,000000E+0
71,017031	29,299999	0,000000	0,000000E+0
72,017409	29,400000	0,000000	0,000000E+0
72,017409	29,400000	0,000000	0,000000E+0
72,017409	29,400000	0,000000	0,000000E+0
72,017409	29,400000	0,000000	0,000000E+0
72,017409	29,400000	0,000000	0,000000E+0
72,017409	29,400000	0,000000	0,000000E+0
72,017409	29,400000	0,000000	0,000000E+0
72,017409	29,400000	0,000000	0,000000E+0
72,017409	29,400000	0,000000	0,000000E+0
72,017409	29,400000	0,000000	0,000000E+0
73,017837	29,400000	0,000000	0,000000E+0
73,017837	29,400000	0,000000	0,000000E+0
73,017837	29,400000	0,000000	0,000000E+0
73,017837	29,400000	0,000000	0,000000E+0
73,017837	29,400000	0,000000	0,000000E+0
73,017837	29,400000	0,000000	0,000000E+0
73,017837	29,400000	0,000000	0,000000E+0
73,017837	29,400000	0,000000	0,000000E+0
73,017837	29,400000	0,000000	0,000000E+0
73,017837	29,400000	0,000000	0,000000E+0
74,018272	29,400000	0,000000	0,000000E+0
74,018272	29,400000	0,000000	0,000000E+0
74,018272	29,400000	0,000000	0,000000E+0
74,018272	29,400000	0,000000	0,000000E+0
74,018272	29,400000	0,000000	0,000000E+0
74,018272	29,400000	0,000000	0,000000E+0
74,018272	29,400000	0,000000	0,000000E+0
74,018272	29,400000	0,000000	0,000000E+0
74,018272	29,400000	0,000000	0,000000E+0
74,018272	29,400000	0,000000	0,000000E+0
75,017707	29,400000	0,000000	0,000000E+0
75,017707	29,700001	0,000000	0,000000E+0
75,017707	29,700001	0,000000	0,000000E+0
75,017707	29,700001	0,000000	0,000000E+0
75,017707	29,700001	0,000000	0,000000E+0
75,017707	29,700001	0,000000	0,000000E+0
75,017707	29,700001	0,000000	0,000000E+0
75,017707	29,700001	0,000000	0,000000E+0
75,017707	29,700001	0,000000	0,000000E+0
75,017707	29,700001	0,000000	0,000000E+0
76,019128	29,700001	0,000000	0,000000E+0
76,019128	29,700001	0,000000	0,000000E+0
76,019128	29,299999	0,000000	0,000000E+0
76,019128	29,299999	0,000000	0,000000E+0
76,019128	29,299999	0,000000	0,000000E+0
76,019128	29,299999	0,000000	0,000000E+0
76,019128	29,299999	0,000000	0,000000E+0
76,019128	29,299999	0,000000	0,000000E+0
76,019128	29,299999	0,000000	0,000000E+0
76,019128	29,299999	0,000000	0,000000E+0
77,018568	29,299999	0,000000	0,000000E+0
77,018568	29,299999	0,000000	0,000000E+0
77,018568	29,299999	0,000000	0,000000E+0
77,018568	29,299999	0,000000	0,000000E+0
77,018568	29,299999	0,000000	0,000000E+0
77,018568	29,299999	0,000000	0,000000E+0
77,018568	29,400000	0,000000	0,000000E+0
77,018568	29,400000	0,000000	0,000000E+0
77,018568	29,400000	0,000000	0,000000E+0
77,018568	29,400000	0,000000	0,000000E+0
78,019984	29,400000	0,000000	0,000000E+0
78,019984	29,400000	0,000000	0,000000E+0
78,019984	29,400000	0,000000	0,000000E+0
78,019984	29,400000	0,000000	0,000000E+0
78,019984	29,400000	0,000000	0,000000E+0
78,019984	29,400000	0,000000	0,000000E+0
78,019984	29,100000	0,000000	0,000000E+0
78,019984	29,100000	0,000000	0,000000E+0
78,019984	29,100000	0,000000	0,000000E+0
78,019984	29,100000	0,000000	0,000000E+0
79,020397	29,100000	0,000000	0,000000E+0
79,020397	29,100000	0,000000	0,000000E+0
79,020397	29,100000	0,000000	0,000000E+0
79,020397	29,100000	0,000000	0,000000E+0
79,020397	29,100000	0,000000	0,000000E+0
79,020397	29,100000	0,000000	0,000000E+0
79,020397	29,299999	0,000000	0,000000E+0
79,020397	29,299999	0,000000	0,000000E+0
79,020397	29,299999	0,000000	0,000000E+0
79,020397	29,299999	0,000000	0,000000E+0
80,020829	29,299999	0,000000	0,000000E+0
80,020829	29,299999	0,000000	0,000000E+0
80,020829	29,299999	0,000000	0,000000E+0
80,020829	29,299999	0,000000	0,000000E+0
80,020829	29,299999	0,000000	0,000000E+0
80,020829	29,200001	0,000000	0,000000E+0
80,020829	29,200001	0,000000	0,000000E+0
80,020829	29,200001	0,000000	0,000000E+0
80,020829	29,200001	0,000000	0,000000E+0
80,020829	29,200001	0,000000	0,000000E+0
81,021298	29,200001	0,000000	0,000000E+0
81,021298	29,200001	0,000000	0,000000E+0
81,021298	29,200001	0,000000	0,000000E+0
81,021298	29,200001	0,000000	0,000000E+0
81,021298	29,200001	0,000000	0,000000E+0
81,021298	29,200001	0,000000	0,000000E+0
81,021298	29,200001	0,000000	0,000000E+0
81,021298	29,200001	0,000000	0,000000E+0
81,021298	29,200001	0,000000	0,000000E+0
81,021298	29,200001	0,000000	0,000000E+0
82,020734	29,200001	0,000000	0,000000E+0
82,020734	29,200001	0,000000	0,000000E+0
82,020734	29,200001	0,000000	0,000000E+0
82,020734	29,200001	0,000000	0,000000E+0
82,020734	29,200001	0,000000	0,000000E+0
82,020734	29,200001	0,000000	0,000000E+0
82,020734	29,100000	0,000000	0,000000E+0
82,020734	29,100000	0,000000	0,000000E+0
82,020734	29,100000	0,000000	0,000000E+0
82,020734	29,100000	0,000000	0,000000E+0
83,021119	29,100000	0,000000	0,000000E+0
83,021119	29,100000	0,000000	0,000000E+0
83,021119	29,100000	0,000000	0,000000E+0
83,021119	29,100000	0,000000	0,000000E+0
83,021119	29,100000	0,000000	0,000000E+0
83,021119	29,100000	0,000000	0,000000E+0
83,021119	29,100000	0,000000	0,000000E+0
83,021119	29,100000	0,000000	0,000000E+0
83,021119	29,100000	0,000000	0,000000E+0
83,021119	29,100000	0,000000	0,000000E+0
84,020534	29,100000	0,000000	0,000000E+0
84,020534	29,100000	0,000000	0,000000E+0
84,020534	29,100000	0,000000	0,000000E+0
84,020534	29,200001	0,000000	0,000000E+0
84,020534	29,200001	0,000000	0,000000E+0
84,020534	29,200001	0,000000	0,000000E+0
84,020534	29,200001	0,000000	0,000000E+0
84,020534	29,200001	0,000000	0,000000E+0
84,020534	29,200001	0,000000	0,000000E+0
84,020534	29,200001	0,000000	0,000000E+0
85,021990	29,200001	0,000000	0,000000E+0
85,021990	29,200001	0,000000	0,000000E+0
85,021990	29,200001	0,000000	0,000000E+0
85,021990	29,200001	0,000000	0,000000E+0
85,021990	29,500000	0,000000	0,000000E+0
85,021990	29,500000	0,000000	0,000000E+0
85,021990	29,500000	0,000000	0,000000E+0
85,021990	29,500000	0,000000	0,000000E+0
85,021990	29,500000	0,000000	0,000000E+0
85,021990	29,500000	0,000000	0,000000E+0
86,021402	29,500000	0,000000	0,000000E+0
86,021402	29,500000	0,000000	0,000000E+0
86,021402	29,500000	0,000000	0,000000E+0
86,021402	29,299999	0,000000	0,000000E+0
86,021402	29,299999	0,000000	0,000000E+0
86,021402	29,299999	0,000000	0,000000E+0
86,021402	29,299999	0,000000	0,000000E+0
86,021402	29,299999	0,000000	0,000000E+0
86,021402	29,299999	0,000000	0,000000E+0
86,021402	29,299999	0,000000	0,000000E+0
87,022865	29,299999	0,000000	0,000000E+0
87,022865	29,299999	0,000000	0,000000E+0
87,022865	29,299999	0,000000	0,000000E+0
87,022865	29,299999	0,000000	0,000000E+0
87,022865	29,100000	0,000000	0,000000E+0
87,022865	29,100000	0,000000	0,000000E+0
87,022865	29,100000	0,000000	0,000000E+0
87,022865	29,100000	0,000000	0,000000E+0
87,022865	29,100000	0,000000	0,000000E+0
87,022865	29,100000	0,000000	0,000000E+0
88,023224	29,100000	0,000000	0,000000E+0
88,023224	29,100000	0,000000	0,000000E+0
88,023224	29,100000	0,000000	0,000000E+0
88,023224	29,100000	0,000000	0,000000E+0
88,023224	29,200001	0,000000	0,000000E+0
88,023224	29,200001	0,000000	0,000000E+0
88,023224	29,200001	0,000000	0,000000E+0
88,023224	29,200001	0,000000	0,000000E+0
88,023224	29,200001	0,000000	0,000000E+0
88,023224	29,200001	0,000000	0,000000E+0
89,022733	29,200001	0,000000	0,000000E+0
89,022733	29,200001	0,000000	0,000000E+0
89,022733	29,200001	0,000000	0,000000E+0
89,022733	29,200001	0,000000	0,000000E+0
89,022733	29,200001	0,000000	0,000000E+0
89,022733	29,200001	0,000000	0,000000E+0
89,022733	29,200001	0,000000	0,000000E+0
89,022733	29,200001	0,000000	0,000000E+0
89,022733	29,200001	0,000000	0,000000E+0
89,022733	29,200001	0,000000	0,000000E+0
90,024111	29,200001	0,000000	0,000000E+0
90,024111	29,200001	0,000000	0,000000E+0
90,024111	29,200001	0,000000	0,000000E+0
90,024111	29,200001	0,000000	0,000000E+0
90,024111	29,200001	0,000000	0,000000E+0
90,024111	29,200001	0,000000	0,000000E+0
90,024111	29,200001	0,000000	0,000000E+0
90,024111	29,200001	0,000000	0,000000E+0
90,024111	29,000000	0,000000	0,000000E+0
90,024111	29,000000	0,000000	0,000000E+0
91,023551	29,000000	0,000000	0,000000E+0
91,023551	29,000000	0,000000	0,000000E+0
91,023551	29,000000	0,000000	0,000000E+0
91,023551	29,000000	0,000000	0,000000E+0
91,023551	29,000000	0,000000	0,000000E+0
91,023551	29,000000	0,000000	0,000000E+0
91,023551	29,000000	0,000000	0,000000E+0
91,023551	29,000000	0,000000	0,000000E+0
91,023551	29,400000	0,000000	0,000000E+0
91,023551	29,400000	0,000000	0,000000E+0
92,023947	29,400000	0,000000	0,000000E+0
92,023947	29,400000	0,000000	0,000000E+0
92,023947	29,400000	0,000000	0,000000E+0
92,023947	29,400000	0,000000	0,000000E+0
92,023947	29,400000	0,000000	0,000000E+0
92,023947	29,400000	0,000000	0,000000E+0
92,023947	29,400000	0,000000	0,000000E+0
92,023947	29,400000	0,000000	0,000000E+0
92,023947	29,700001	0,000000	0,000000E+0
92,023947	29,700001	0,000000	0,000000E+0
93,023431	29,700001	0,000000	0,000000E+0
93,023431	29,700001	0,000000	0,000000E+0
93,023431	29,700001	0,000000	0,000000E+0
93,023431	29,700001	0,000000	0,000000E+0
93,023431	29,700001	0,000000	0,000000E+0
93,023431	29,700001	0,000000	0,000000E+0
93,023431	29,700001	0,000000	0,000000E+0
93,023431	29,700001	0,000000	0,000000E+0
93,023431	29,500000	0,000000	0,000000E+0
93,023431	29,500000	0,000000	0,000000E+0
94,023779	29,500000	0,000000	0,000000E+0
94,023779	29,500000	0,000000	0,000000E+0
94,023779	29,500000	0,000000	0,000000E+0
94,023779	29,500000	0,000000	0,000000E+0
94,023779	29,500000	0,000000	0,000000E+0
94,023779	29,500000	0,000000	0,000000E+0
94,023779	29,500000	0,000000	0,000000E+0
94,023779	29,500000	0,000000	0,000000E+0
94,023779	29,500000	0,000000	0,000000E+0
94,023779	29,500000	0,000000	0,000000E+0
95,024272	29,500000	0,000000	0,000000E+0
95,024272	29,500000	0,000000	0,000000E+0
95,024272	29,500000	0,000000	0,000000E+0
95,024272	29,200001	0,000000	0,000000E+0
95,024272	29,200001	0,000000	0,000000E+0
95,024272	29,200001	0,000000	0,000000E+0
95,024272	29,200001	0,000000	0,000000E+0
95,024272	29,200001	0,000000	0,000000E+0
95,024272	29,200001	0,000000	0,000000E+0
95,024272	29,200001	0,000000	0,000000E+0
96,023756	29,200001	0,000000	0,000000E+0
96,023756	29,200001	0,000000	0,000000E+0
96,023756	29,200001	0,000000	0,000000E+0
96,023756	29,299999	0,000000	0,000000E+0
96,023756	29,299999	0,000000	0,000000E+0
96,023756	29,299999	0,000000	0,000000E+0
96,023756	29,299999	0,000000	0,000000E+0
96,023756	29,299999	0,000000	0,000000E+0
96,023756	29,299999	0,000000	0,000000E+0
96,023756	29,299999	0,000000	0,000000E+0
97,024164	29,299999	0,000000	0,000000E+0
97,024164	29,299999	0,000000	0,000000E+0
97,024164	29,299999	0,000000	0,000000E+0
97,024164	29,100000	0,000000	0,000000E+0
97,024164	29,100000	0,000000	0,000000E+0
97,024164	29,100000	0,000000	0,000000E+0
97,024164	29,100000	0,000000	0,000000E+0
97,024164	29,100000	0,000000	0,000000E+0
97,024164	29,100000	0,000000	0,000000E+0
97,024164	29,100000	0,000000	0,000000E+0
98,024670	29,100000	0,000000	0,000000E+0
98,024670	29,100000	0,000000	0,000000E+0
98,024670	29,100000	0,000000	0,000000E+0
98,024670	29,299999	0,000000	0,000000E+0
98,024670	29,299999	0,000000	0,000000E+0
98,024670	29,299999	0,000000	0,000000E+0
98,024670	29,299999	0,000000	0,000000E+0
98,024670	29,299999	0,000000	0,000000E+0
98,024670	29,299999	0,000000	0,000000E+0
98,024670	29,299999	0,000000	0,000000E+0
99,025083	29,299999	0,000000	0,000000E+0
99,025083	29,299999	0,000000	0,000000E+0
99,025083	29,299999	0,000000	0,000000E+0
99,025083	29,299999	0,000000	0,000000E+0
99,025083	29,299999	0,000000	0,000000E+0
99,025083	29,299999	0,000000	0,000000E+0
99,025083	29,299999	0,000000	0,000000E+0
99,025083	29,000000	0,000000	0,000000E+0
99,025083	29,000000	0,000000	0,000000E+0
99,025083	29,000000	0,000000	0,000000E+0
100,024435	29,000000	0,000000	0,000000E+0
100,024435	29,000000	0,000000	0,000000E+0
100,024435	29,000000	0,000000	0,000000E+0
100,024435	29,000000	0,000000	0,000000E+0
100,024435	29,000000	0,000000	0,000000E+0
100,024435	29,000000	0,000000	0,000000E+0
100,024435	29,000000	0,000000	0,000000E+0
100,024435	29,400000	0,000000	0,000000E+0
100,024435	29,400000	0,000000	0,000000E+0
100,024435	29,400000	0,000000	0,000000E+0
101,024860	29,400000	0,000000	0,000000E+0
101,024860	29,400000	0,000000	0,000000E+0
101,024860	29,400000	0,000000	0,000000E+0
101,024860	29,400000	0,000000	0,000000E+0
101,024860	29,400000	0,000000	0,000000E+0
101,024860	29,400000	0,000000	0,000000E+0
101,024860	29,400000	0,000000	0,000000E+0
101,024860	29,100000	0,000000	0,000000E+0
101,024860	29,100000	0,000000	0,000000E+0
101,024860	29,100000	0,000000	0,000000E+0
102,025301	29,100000	0,000000	0,000000E+0
102,025301	29,100000	0,000000	0,000000E+0
102,025301	29,100000	0,000000	0,000000E+0
102,025301	29,100000	0,000000	0,000000E+0
102,025301	29,100000	0,000000	0,000000E+0
102,025301	29,100000	0,000000	0,000000E+0
102,025301	29,100000	0,000000	0,000000E+0
102,025301	28,700001	0,000000	0,000000E+0
102,025301	28,700001	0,000000	0,000000E+0
102,025301	28,700001	0,000000	0,000000E+0
103,024710	28,700001	0,000000	0,000000E+0
103,024710	28,700001	0,000000	0,000000E+0
103,024710	28,700001	0,000000	0,000000E+0
103,024710	28,700001	0,000000	0,000000E+0
103,024710	28,700001	0,000000	0,000000E+0
103,024710	28,700001	0,000000	0,000000E+0
103,024710	28,700001	0,000000	0,000000E+0
103,024710	29,400000	0,000000	0,000000E+0
103,024710	29,400000	0,000000	0,000000E+0
103,024710	29,400000	0,000000	0,000000E+0
104,025114	29,400000	0,000000	0,000000E+0
104,025114	29,400000	0,000000	0,000000E+0
104,025114	29,400000	0,000000	0,000000E+0
104,025114	29,400000	0,000000	0,000000E+0
104,025114	29,400000	0,000000	0,000000E+0
104,025114	29,400000	0,000000	0,000000E+0
104,025114	29,400000	0,000000	0,000000E+0
104,025114	29,400000	0,000000	0,000000E+0
104,025114	29,400000	0,000000	0,000000E+0
104,025114	29,400000	0,000000	0,000000E+0
105,024634	29,400000	0,000000	0,000000E+0
105,024634	29,299999	0,000000	0,000000E+0
105,024634	29,299999	0,000000	0,000000E+0
105,024634	29,299999	0,000000	0,000000E+0
105,024634	29,299999	0,000000	0,000000E+0
105,024634	29,299999	0,000000	0,000000E+0
105,024634	29,299999	0,000000	0,000000E+0
105,024634	29,299999	0,000000	0,000000E+0
105,024634	29,299999	0,000000	0,000000E+0
105,024634	29,299999	0,000000	0,000000E+0
106,025055	29,299999	0,000000	0,000000E+0
106,025055	29,299999	0,000000	0,000000E+0
106,025055	28,900000	0,000000	0,000000E+0
106,025055	28,900000	0,000000	0,000000E+0
106,025055	28,900000	0,000000	0,000000E+0
106,025055	28,900000	0,000000	0,000000E+0
106,025055	28,900000	0,000000	0,000000E+0
106,025055	28,900000	0,000000	0,000000E+0
106,025055	28,900000	0,000000	0,000000E+0
106,025055	28,900000	0,000000	0,000000E+0
107,024439	28,900000	0,000000	0,000000E+0
107,024439	28,900000	0,000000	0,000000E+0
107,024439	29,200001	0,000000	0,000000E+0
107,024439	29,200001	0,000000	0,000000E+0
107,024439	29,200001	0,000000	0,000000E+0
107,024439	29,200001	0,000000	0,000000E+0
107,024439	29,200001	0,000000	0,000000E+0
107,024439	29,200001	0,000000	0,000000E+0
107,024439	29,200001	0,000000	0,000000E+0
107,024439	29,200001	0,000000	0,000000E+0
108,024818	29,200001	0,000000	0,000000E+0
108,024818	29,200001	0,000000	0,000000E+0
108,024818	29,200001	0,000000	0,000000E+0
108,024818	28,900000	0,000000	0,000000E+0
108,024818	28,900000	0,000000	0,000000E+0
108,024818	28,900000	0,000000	0,000000E+0
108,024818	28,900000	0,000000	0,000000E+0
108,024818	28,900000	0,000000	0,000000E+0
108,024818	28,900000	0,000000	0,000000E+0
108,024818	28,900000	0,000000	0,000000E+0
109,025255	28,900000	0,000000	0,000000E+0
109,025255	28,900000	0,000000	0,000000E+0
109,025255	28,900000	0,000000	0,000000E+0
109,025255	29,200001	0,000000	0,000000E+0
109,025255	29,200001	0,000000	0,000000E+0
109,025255	29,200001	0,000000	0,000000E+0
109,025255	29,200001	0,000000	0,000000E+0
109,025255	29,200001	0,000000	0,000000E+0
109,025255	29,200001	0,000000	0,000000E+0
109,025255	29,200001	0,000000	0,000000E+0
110,025746	29,200001	0,000000	0,000000E+0
110,025746	29,200001	0,000000	0,000000E+0
110,025746	29,200001	0,000000	0,000000E+0
110,025746	29,200001	0,000000	0,000000E+0
110,025746	29,200001	0,000000	0,000000E+0
110,025746	29,200001	0,000000	0,000000E+0
110,025746	29,200001	0,000000	0,000000E+0
110,025746	29,200001	0,000000	0,000000E+0
110,025746	29,200001	0,000000	0,000000E+0
110,025746	29,200001	0,000000	0,000000E+0
111,027127	29,200001	0,000000	0,000000E+0
111,027127	29,200001	0,000000	0,000000E+0
111,027127	29,200001	0,000000	0,000000E+0
111,027127	29,200001	0,000000	0,000000E+0
111,027127	29,200001	0,000000	0,000000E+0
111,027127	29,200001	0,000000	0,000000E+0
111,027127	29,400000	0,000000	0,000000E+0
111,027127	29,400000	0,000000	0,000000E+0
111,027127	29,400000	0,000000	0,000000E+0
111,027127	29,400000	0,000000	0,000000E+0
112,027601	29,400000	0,000000	0,000000E+0
112,027601	29,400000	0,000000	0,000000E+0
112,027601	29,400000	0,000000	0,000000E+0
112,027601	29,400000	0,000000	0,000000E+0
112,027601	29,400000	0,000000	0,000000E+0
112,027601	29,400000	0,000000	0,000000E+0
112,027601	29,700001	0,000000	0,000000E+0
112,027601	29,700001	0,000000	0,000000E+0
112,027601	29,700001	0,000000	0,000000E+0
112,027601	29,700001	0,000000	0,000000E+0
113,028020	29,700001	0,000000	0,000000E+0
113,028020	29,700001	0,000000	0,000000E+0
113,028020	29,700001	0,000000	0,000000E+0
113,028020	29,700001	0,000000	0,000000E+0
113,028020	29,700001	0,000000	0,000000E+0
113,028020	29,700001	0,000000	0,000000E+0
113,028020	29,700001	0,000000	0,000000E+0
113,028020	29,100000	0,000000	0,000000E+0
113,028020	29,100000	0,000000	0,000000E+0
113,028020	29,100000	0,000000	0,000000E+0
114,028378	29,100000	0,000000	0,000000E+0
114,028378	29,100000	0,000000	0,000000E+0
114,028378	29,100000	0,000000	0,000000E+0
114,028378	29,100000	0,000000	0,000000E+0
114,028378	29,100000	0,000000	0,000000E+0
114,028378	29,100000	40,000000	0,000000E+0
114,028378	29,400000	40,000000	0,000000E+0
114,028378	29,400000	40,000000	0,000000E+0
114,028378	29,400000	40,000000	0,000000E+0
114,028378	29,400000	40,000000	0,000000E+0
115,028869	29,400000	40,000000	0,000000E+0
115,028869	29,400000	40,000000	0,000000E+0
115,028869	29,400000	40,000000	0,000000E+0
115,028869	29,400000	40,000000	0,000000E+0
115,028869	29,400000	40,000000	0,000000E+0
115,028869	29,400000	40,000000	0,000000E+0
115,028869	29,400000	40,000000	0,000000E+0
115,028869	29,299999	40,000000	1,701235E-4
115,028869	29,299999	40,000000	3,670495E-4
115,028869	29,299999	40,000000	5,387779E-4
116,029219	29,299999	40,000000	5,387779E-4
116,029219	29,299999	40,000000	7,105063E-4
116,029219	29,299999	40,000000	8,822347E-4
116,029219	29,299999	40,000000	1,053963E-3
116,029219	29,299999	40,000000	1,053963E-3
116,029219	29,299999	40,000000	1,053963E-3
116,029219	29,299999	40,000000	1,053963E-3
116,029219	29,299999	40,000000	1,053963E-3
116,029219	29,299999	40,000000	1,225692E-3
116,029219	29,299999	40,000000	1,397420E-3
117,028635	29,299999	40,000000	1,397420E-3
117,028635	29,100000	40,000000	1,569148E-3
117,028635	29,100000	40,000000	1,569148E-3
117,028635	29,100000	40,000000	1,569148E-3
117,028635	29,100000	40,000000	1,794481E-3
117,028635	29,100000	40,000000	1,969420E-3
117,028635	29,100000	40,000000	2,144358E-3
117,028635	29,100000	40,000000	2,319296E-3
117,028635	29,100000	40,000000	2,494234E-3
117,028635	29,100000	40,000000	2,494234E-3
118,029089	29,100000	40,000000	2,669173E-3
118,029089	29,100000	40,000000	2,669173E-3
118,029089	29,200001	40,000000	2,817308E-3
118,029089	29,200001	40,000000	2,817308E-3
118,029089	29,200001	40,000000	2,990642E-3
118,029089	29,200001	40,000000	3,163975E-3
118,029089	29,200001	40,000000	3,337308E-3
118,029089	29,200001	40,000000	3,510642E-3
118,029089	29,200001	40,000000	3,510642E-3
118,029089	29,200001	40,000000	3,683975E-3
119,028537	29,200001	40,000000	3,683975E-3
119,028537	29,500000	40,000000	3,857308E-3
119,028537	29,500000	40,000000	3,950234E-3
119,028537	29,500000	40,000000	3,950234E-3
119,028537	29,500000	40,000000	4,118753E-3
119,028537	29,500000	40,000000	4,118753E-3
119,028537	29,500000	40,000000	4,287271E-3
119,028537	29,500000	40,000000	4,287271E-3
119,028537	29,500000	40,000000	4,455790E-3
119,028537	29,500000	40,000000	4,624309E-3
120,028918	29,500000	40,000000	4,624309E-3
120,028918	29,500000	40,000000	4,792827E-3
120,028918	29,400000	40,000000	4,961346E-3
120,028918	29,400000	40,000000	5,156667E-3
120,028918	29,400000	40,000000	5,156667E-3
120,028918	29,400000	40,000000	5,326790E-3
120,028918	29,400000	40,000000	5,496914E-3
120,028918	29,400000	40,000000	5,496914E-3
120,028918	29,400000	40,000000	5,667037E-3
120,028918	29,400000	40,000000	5,667037E-3
121,028399	29,400000	40,000000	5,837161E-3
121,028399	29,400000	40,000000	5,837161E-3
121,028399	29,500000	40,000000	5,980481E-3
121,028399	29,500000	40,000000	6,149000E-3
121,028399	29,500000	40,000000	6,149000E-3
121,028399	29,500000	40,000000	6,149000E-3
121,028399	29,500000	40,000000	6,317518E-3
121,028399	29,500000	40,000000	6,486037E-3
121,028399	29,500000	40,000000	6,654555E-3
121,028399	29,500000	40,000000	6,823074E-3
122,028840	29,500000	40,000000	6,991593E-3
122,028840	29,500000	40,000000	7,160111E-3
122,028840	29,500000	40,000000	7,160111E-3
122,028840	29,500000	40,000000	7,328630E-3
122,028840	29,500000	40,000000	7,328630E-3
122,028840	29,500000	40,000000	7,497148E-3
122,028840	29,500000	40,000000	7,497148E-3
122,028840	29,500000	40,000000	7,665667E-3
122,028840	29,500000	40,000000	7,834185E-3
122,028840	29,500000	40,000000	7,834185E-3
123,030226	29,500000	40,000000	8,002704E-3
123,030226	29,500000	40,000000	8,171222E-3
123,030226	29,500000	40,000000	8,339741E-3
123,030226	29,500000	40,000000	8,339741E-3
123,030226	29,500000	40,000000	8,508259E-3
123,030226	29,700001	40,000000	8,676778E-3
123,030226	29,700001	40,000000	8,676778E-3
123,030226	29,700001	40,000000	8,791691E-3
123,030226	29,700001	40,000000	8,957000E-3
123,030226	29,700001	40,000000	8,957000E-3
124,029660	29,700001	40,000000	9,122308E-3
124,029660	29,700001	40,000000	9,122308E-3
124,029660	29,700001	40,000000	9,122308E-3
124,029660	29,700001	40,000000	9,287617E-3
124,029660	29,700001	40,000000	9,452926E-3
124,029660	29,700001	40,000000	9,618234E-3
124,029660	29,700001	40,000000	9,618234E-3
124,029660	29,900000	40,000000	9,783543E-3
124,029660	29,900000	40,000000	9,895247E-3
124,029660	29,900000	40,000000	1,005735E-2
125,029975	29,900000	40,000000	1,021944E-2
125,029975	29,900000	40,000000	1,038154E-2
125,029975	29,900000	40,000000	1,038154E-2
125,029975	29,900000	40,000000	1,054364E-2
125,029975	29,900000	40,000000	1,070574E-2
125,029975	29,900000	40,000000	1,070574E-2
125,029975	29,900000	40,000000	1,086784E-2
125,029975	29,299999	40,000000	1,086784E-2
125,029975	29,299999	40,000000	1,119075E-2
125,029975	29,299999	40,000000	1,119075E-2
126,029381	29,299999	40,000000	1,136248E-2
126,029381	29,299999	40,000000	1,153421E-2
126,029381	29,299999	40,000000	1,170594E-2
126,029381	29,299999	40,000000	1,170594E-2
126,029381	29,299999	40,000000	1,187767E-2
126,029381	29,299999	40,000000	1,187767E-2
126,029381	29,299999	40,000000	1,204940E-2
126,029381	29,299999	40,000000	1,222112E-2
126,029381	29,900000	40,000000	1,223204E-2
126,029381	29,900000	40,000000	1,223204E-2
127,030856	29,900000	40,000000	1,239414E-2
127,030856	29,900000	40,000000	1,239414E-2
127,030856	29,900000	40,000000	1,239414E-2
127,030856	29,900000	40,000000	1,255623E-2
127,030856	29,900000	40,000000	1,271833E-2
127,030856	29,900000	40,000000	1,271833E-2
127,030856	29,900000	40,000000	1,288043E-2
127,030856	29,900000	40,000000	1,304253E-2
127,030856	29,900000	40,000000	1,304253E-2
127,030856	29,900000	40,000000	1,320463E-2
128,032313	29,900000	40,000000	1,336673E-2
128,032313	29,900000	40,000000	1,352883E-2
128,032313	29,900000	40,000000	1,352883E-2
128,032313	29,900000	40,000000	1,369093E-2
128,032313	29,900000	40,000000	1,369093E-2
128,032313	29,900000	40,000000	1,385302E-2
128,032313	29,900000	40,000000	1,385302E-2
128,032313	29,900000	40,000000	1,401512E-2
128,032313	29,900000	40,000000	1,417722E-2
128,032313	29,900000	40,000000	1,433932E-2
129,031682	29,900000	40,000000	1,433932E-2
129,031682	29,900000	40,000000	1,450142E-2
129,031682	29,900000	40,000000	1,466352E-2
129,031682	29,900000	40,000000	1,482562E-2
129,031682	29,900000	40,000000	1,482562E-2
129,031682	30,000000	40,000000	1,498772E-2
129,031682	30,000000	40,000000	1,512301E-2
129,031682	30,000000	40,000000	1,512301E-2
129,031682	30,000000	40,000000	1,528351E-2
129,031682	30,000000	40,000000	1,528351E-2
130,032150	30,000000	40,000000	1,544400E-2
130,032150	30,000000	40,000000	1,544400E-2
130,032150	30,000000	40,000000	1,560449E-2
130,032150	30,000000	40,000000	1,560449E-2
130,032150	30,000000	40,000000	1,576499E-2
130,032150	30,200001	40,000000	1,592548E-2
130,032150	30,200001	40,000000	1,592548E-2
130,032150	30,200001	40,000000	1,603237E-2
130,032150	30,200001	40,000000	1,618965E-2
130,032150	30,200001	40,000000	1,634694E-2
131,032616	30,200001	40,000000	1,634694E-2
131,032616	30,200001	40,000000	1,650422E-2
131,032616	30,200001	40,000000	1,666151E-2
131,032616	30,200001	40,000000	1,666151E-2
131,032616	30,200001	40,000000	1,681879E-2
131,032616	30,200001	40,000000	1,681879E-2
131,032616	30,200001	40,000000	1,681879E-2
131,032616	30,000000	40,000000	1,697607E-2
131,032616	30,000000	40,000000	1,718696E-2
131,032616	30,000000	40,000000	1,718696E-2
132,032971	30,000000	40,000000	1,734746E-2
132,032971	30,000000	40,000000	1,750795E-2
132,032971	30,000000	40,000000	1,766844E-2
132,032971	30,000000	40,000000	1,766844E-2
132,032971	30,000000	40,000000	1,782894E-2
132,032971	30,000000	40,000000	1,798943E-2
132,032971	29,900000	40,000000	1,817673E-2
132,032971	29,900000	40,000000	1,833883E-2
132,032971	29,900000	40,000000	1,833883E-2
132,032971	29,900000	40,000000	1,850093E-2
133,033458	29,900000	40,000000	1,850093E-2
133,033458	29,900000	40,000000	1,850093E-2
133,033458	29,900000	40,000000	1,866302E-2
133,033458	29,900000	40,000000	1,882512E-2
133,033458	29,900000	40,000000	1,898722E-2
133,033458	29,900000	40,000000	1,914932E-2
133,033458	29,900000	40,000000	1,914932E-2
133,033458	29,900000	40,000000	1,931142E-2
133,033458	29,900000	40,000000	1,947352E-2
133,033458	29,900000	40,000000	1,947352E-2
134,033843	29,900000	40,000000	1,963562E-2
134,033843	30,299999	40,000000	1,979772E-2
134,033843	30,299999	40,000000	1,985261E-2
134,033843	30,299999	40,000000	2,000828E-2
134,033843	30,299999	40,000000	2,000828E-2
134,033843	30,299999	40,000000	2,016396E-2
134,033843	30,299999	40,000000	2,016396E-2
134,033843	30,299999	40,000000	2,031964E-2
134,033843	30,299999	40,000000	2,031964E-2
134,033843	30,299999	40,000000	2,047532E-2
135,034216	30,299999	40,000000	2,063100E-2
135,034216	30,299999	40,000000	2,078668E-2
135,034216	30,299999	40,000000	2,078668E-2
135,034216	30,299999	40,000000	2,094236E-2
135,034216	30,299999	40,000000	2,109804E-2
135,034216	30,299999	40,000000	2,125372E-2
135,034216	30,299999	40,000000	2,125372E-2
135,034216	30,299999	40,000000	2,140940E-2
135,034216	30,299999	40,000000	2,156507E-2
135,034216	30,299999	40,000000	2,156507E-2
136,033630	30,100000	40,000000	2,172075E-2
136,033630	30,100000	40,000000	2,172075E-2
136,033630	30,100000	40,000000	2,172075E-2
136,033630	30,100000	40,000000	2,193004E-2
136,033630	30,100000	40,000000	2,208893E-2
136,033630	30,100000	40,000000	2,224781E-2
136,033630	30,100000	40,000000	2,240670E-2
136,033630	30,100000	40,000000	2,256559E-2
136,033630	30,100000	40,000000	2,256559E-2
136,033630	30,100000	40,000000	2,272448E-2
137,034072	30,200001	40,000000	2,288337E-2
137,034072	30,200001	40,000000	2,288337E-2
137,034072	30,200001	40,000000	2,301546E-2
137,034072	30,200001	40,000000	2,317274E-2
137,034072	30,200001	40,000000	2,317274E-2
137,034072	30,200001	40,000000	2,333002E-2
137,034072	30,200001	40,000000	2,333002E-2
137,034072	30,200001	40,000000	2,348731E-2
137,034072	30,200001	40,000000	2,348731E-2
137,034072	30,200001	40,000000	2,364459E-2
138,033522	30,200001	40,000000	2,380188E-2
138,033522	30,200001	40,000000	2,395916E-2
138,033522	30,200001	40,000000	2,395916E-2
138,033522	30,000000	40,000000	2,411644E-2
138,033522	30,000000	40,000000	2,411644E-2
138,033522	30,000000	40,000000	2,432733E-2
138,033522	30,000000	40,000000	2,448783E-2
138,033522	30,000000	40,000000	2,464832E-2
138,033522	30,000000	40,000000	2,464832E-2
138,033522	30,000000	40,000000	2,480881E-2
139,033983	30,000000	40,000000	2,480881E-2
139,033983	30,000000	40,000000	2,480881E-2
139,033983	30,000000	40,000000	2,496931E-2
139,033983	30,000000	40,000000	2,512980E-2
139,033983	30,000000	40,000000	2,512980E-2
139,033983	30,600000	40,000000	2,529030E-2
139,033983	30,600000	40,000000	2,528998E-2
139,033983	30,600000	40,000000	2,544084E-2
139,033983	30,600000	40,000000	2,559170E-2
139,033983	30,600000	40,000000	2,574257E-2
140,033357	30,600000	40,000000	2,589343E-2
140,033357	30,600000	40,000000	2,589343E-2
140,033357	30,600000	40,000000	2,604430E-2
140,033357	30,600000	40,000000	2,619516E-2
140,033357	30,600000	40,000000	2,619516E-2
140,033357	30,200001	40,000000	2,634602E-2
140,033357	30,200001	40,000000	2,634602E-2
140,033357	30,200001	40,000000	2,660410E-2
140,033357	30,200001	40,000000	2,660410E-2
140,033357	30,200001	40,000000	2,676138E-2
141,034751	30,200001	40,000000	2,691867E-2
141,034751	30,200001	40,000000	2,707595E-2
141,034751	30,200001	40,000000	2,723323E-2
141,034751	30,200001	40,000000	2,723323E-2
141,034751	30,500000	40,000000	2,739052E-2
141,034751	30,500000	40,000000	2,746740E-2
141,034751	30,500000	40,000000	2,746740E-2
141,034751	30,500000	40,000000	2,761986E-2
141,034751	30,500000	40,000000	2,777233E-2
141,034751	30,500000	40,000000	2,777233E-2
142,035278	30,500000	40,000000	2,792480E-2
142,035278	30,500000	40,000000	2,792480E-2
142,035278	30,500000	40,000000	2,792480E-2
142,035278	30,500000	40,000000	2,807727E-2
142,035278	30,500000	40,000000	2,822974E-2
142,035278	30,400000	40,000000	2,838221E-2
142,035278	30,400000	40,000000	2,838221E-2
142,035278	30,400000	40,000000	2,856148E-2
142,035278	30,400000	40,000000	2,871556E-2
142,035278	30,400000	40,000000	2,871556E-2
143,034634	30,400000	40,000000	2,886963E-2
143,034634	30,400000	40,000000	2,902370E-2
143,034634	30,400000	40,000000	2,917778E-2
143,034634	30,400000	40,000000	2,917778E-2
143,034634	30,400000	40,000000	2,933185E-2
143,034634	30,400000	40,000000	2,933185E-2
143,034634	30,400000	40,000000	2,933185E-2
143,034634	30,400000	40,000000	2,948593E-2
143,034634	30,400000	40,000000	2,964000E-2
143,034634	31,000000	40,000000	2,964000E-2
144,035087	31,000000	40,000000	2,963326E-2
144,035087	31,000000	40,000000	2,977770E-2
144,035087	31,000000	40,000000	2,977770E-2
144,035087	31,000000	40,000000	2,992215E-2
144,035087	31,000000	40,000000	3,006659E-2
144,035087	31,000000	40,000000	3,006659E-2
144,035087	31,000000	40,000000	3,021104E-2
144,035087	31,000000	40,000000	3,035548E-2
144,035087	31,000000	40,000000	3,049993E-2
144,035087	31,000000	40,000000	3,049993E-2
145,035574	31,000000	40,000000	3,064437E-2
145,035574	31,000000	40,000000	3,064437E-2
145,035574	31,000000	40,000000	3,078881E-2
145,035574	31,000000	40,000000	3,093326E-2
145,035574	31,000000	40,000000	3,093326E-2
145,035574	31,000000	40,000000	3,107770E-2
145,035574	31,000000	40,000000	3,122215E-2
145,035574	31,000000	40,000000	3,136659E-2
145,035574	31,000000	80,000000	4,223202E-2
145,035574	31,000000	80,000000	4,223202E-2
146,035952	31,000000	80,000000	4,301844E-2
146,035952	31,000000	80,000000	4,380486E-2
146,035952	31,000000	80,000000	4,380486E-2
146,035952	31,000000	80,000000	4,459128E-2
146,035952	31,000000	80,000000	4,459128E-2
146,035952	30,799999	80,000000	4,537770E-2
146,035952	30,799999	80,000000	4,537770E-2
146,035952	30,799999	80,000000	4,621773E-2
146,035952	30,799999	80,000000	4,700736E-2
146,035952	30,799999	80,000000	4,779699E-2
147,035357	30,799999	80,000000	4,858662E-2
147,035357	30,799999	80,000000	4,858662E-2
147,035357	30,799999	80,000000	4,937625E-2
147,035357	30,799999	80,000000	4,937625E-2
147,035357	32,200001	80,000000	5,016588E-2
147,035357	32,200001	80,000000	5,058027E-2
147,035357	32,200001	80,000000	5,134743E-2
147,035357	32,200001	80,000000	5,134743E-2
147,035357	32,200001	80,000000	5,211459E-2
147,035357	32,200001	80,000000	5,211459E-2
148,035826	32,200001	80,000000	5,288175E-2
148,035826	32,200001	80,000000	5,288175E-2
148,035826	32,200001	80,000000	5,288175E-2
148,035826	32,200001	80,000000	5,364891E-2
148,035826	32,200001	80,000000	5,441607E-2
148,035826	33,000000	80,000000	5,518323E-2
148,035826	33,000000	80,000000	5,518323E-2
148,035826	33,000000	80,000000	5,573598E-2
148,035826	33,000000	80,000000	5,649030E-2
148,035826	33,000000	80,000000	5,724462E-2
149,036187	33,000000	80,000000	5,799894E-2
149,036187	33,000000	80,000000	5,875326E-2
149,036187	33,000000	80,000000	5,875326E-2
149,036187	33,000000	80,000000	5,950758E-2
149,036187	33,000000	80,000000	6,026190E-2
149,036187	33,000000	80,000000	6,026190E-2
149,036187	33,000000	80,000000	6,026190E-2
149,036187	33,000000	80,000000	6,101622E-2
149,036187	33,000000	80,000000	6,177054E-2
149,036187	33,000000	80,000000	6,177054E-2
150,035620	33,299999	80,000000	6,252486E-2
150,035620	33,299999	80,000000	6,319878E-2
150,035620	33,299999	80,000000	6,319878E-2
150,035620	33,299999	80,000000	6,394828E-2
150,035620	33,299999	80,000000	6,469779E-2
150,035620	33,299999	80,000000	6,544730E-2
150,035620	33,299999	80,000000	6,544730E-2
150,035620	33,299999	80,000000	6,619680E-2
150,035620	33,299999	80,000000	6,694631E-2
150,035620	33,299999	80,000000	6,694631E-2
151,036043	33,299999	80,000000	6,694631E-2
151,036043	33,299999	80,000000	6,769582E-2
151,036043	34,599998	80,000000	6,769582E-2
151,036043	34,599998	80,000000	6,809689E-2
151,036043	34,599998	80,000000	6,882553E-2
151,036043	34,599998	80,000000	6,955417E-2
151,036043	34,599998	80,000000	7,028282E-2
151,036043	34,599998	80,000000	7,101146E-2
151,036043	34,599998	80,000000	7,174010E-2
151,036043	34,599998	80,000000	7,246874E-2
152,036451	34,599998	80,000000	7,246874E-2
152,036451	35,599998	80,000000	7,319738E-2
152,036451	35,599998	80,000000	7,365800E-2
152,036451	35,599998	80,000000	7,365800E-2
152,036451	35,599998	80,000000	7,437059E-2
152,036451	35,599998	80,000000	7,437059E-2
152,036451	35,599998	80,000000	7,437059E-2
152,036451	35,599998	80,000000	7,508319E-2
152,036451	35,599998	80,000000	7,579578E-2
152,036451	35,599998	80,000000	7,579578E-2
153,036901	35,599998	80,000000	7,650837E-2
153,036901	36,599998	80,000000	7,722096E-2
153,036901	36,599998	80,000000	7,766553E-2
153,036901	36,599998	80,000000	7,766553E-2
153,036901	36,599998	80,000000	7,836207E-2
153,036901	36,599998	80,000000	7,905862E-2
153,036901	36,599998	80,000000	7,975516E-2
153,036901	36,599998	80,000000	7,975516E-2
153,036901	36,599998	80,000000	8,045170E-2
153,036901	36,599998	80,000000	8,045170E-2
154,037350	36,599998	80,000000	8,114825E-2
154,037350	36,599998	80,000000	8,114825E-2
154,037350	37,400002	80,000000	8,163037E-2
154,037350	37,400002	80,000000	8,231407E-2
154,037350	37,400002	80,000000	8,299778E-2
154,037350	37,400002	80,000000	8,299778E-2
154,037350	37,400002	80,000000	8,368148E-2
154,037350	37,400002	80,000000	8,436519E-2
154,037350	37,400002	80,000000	8,504889E-2
154,037350	37,400002	80,000000	8,504889E-2
155,037768	37,400002	80,000000	8,573259E-2
155,037768	37,400002	80,000000	8,641630E-2
155,037768	37,400002	80,000000	8,641630E-2
155,037768	37,400002	80,000000	8,710000E-2
155,037768	37,400002	80,000000	8,778370E-2
155,037768	38,599998	80,000000	8,778370E-2
155,037768	38,599998	80,000000	8,778370E-2
155,037768	38,599998	80,000000	8,814578E-2
155,037768	38,599998	80,000000	8,814578E-2
155,037768	38,599998	80,000000	8,881022E-2
156,037832	38,599998	80,000000	8,947467E-2
156,037832	38,599998	80,000000	9,013911E-2
156,037832	38,599998	80,000000	9,013911E-2
156,037832	38,599998	80,000000	9,080356E-2
156,037832	38,599998	80,000000	9,146800E-2
156,037832	38,599998	80,000000	9,146800E-2
156,037832	40,800003	80,000000	9,213245E-2
156,037832	40,800003	80,000000	9,213245E-2
156,037832	40,800003	80,000000	9,220723E-2
156,037832	40,800003	80,000000	9,220723E-2
157,038177	40,800003	80,000000	9,283637E-2
157,038177	40,800003	80,000000	9,283637E-2
157,038177	40,800003	80,000000	9,346551E-2
157,038177	40,800003	80,000000	9,409464E-2
157,038177	40,800003	80,000000	9,409464E-2
157,038177	40,800003	80,000000	9,472378E-2
157,038177	42,099998	80,000000	9,535291E-2
157,038177	42,099998	80,000000	9,535291E-2
157,038177	42,099998	80,000000	9,563362E-2
157,038177	42,099998	80,000000	9,624189E-2
158,038668	42,099998	80,000000	9,685016E-2
158,038668	42,099998	80,000000	9,685016E-2
158,038668	42,099998	80,000000	9,745843E-2
158,038668	42,099998	80,000000	9,806670E-2
158,038668	42,099998	80,000000	9,806670E-2
158,038668	44,099998	80,000000	9,867498E-2
158,038668	44,099998	80,000000	9,867498E-2
158,038668	44,099998	80,000000	9,874720E-2
158,038668	44,099998	80,000000	9,874720E-2
158,038668	44,099998	80,000000	9,932337E-2
159,040067	44,099998	80,000000	9,989954E-2
159,040067	44,099998	80,000000	1,004757E-1
159,040067	44,099998	80,000000	1,010519E-1
159,040067	44,099998	80,000000	1,010519E-1
159,040067	44,099998	80,000000	1,016281E-1
159,040067	46,000000	80,000000	1,022042E-1
159,040067	46,000000	80,000000	1,022042E-1
159,040067	46,000000	80,000000	1,022712E-1
159,040067	46,000000	80,000000	1,028168E-1
159,040067	46,000000	80,000000	1,028168E-1
160,039461	46,000000	80,000000	1,033625E-1
160,039461	46,000000	80,000000	1,033625E-1
160,039461	46,000000	80,000000	1,033625E-1
160,039461	46,000000	80,000000	1,039082E-1
160,039461	46,000000	80,000000	1,044539E-1
160,039461	46,000000	80,000000	1,049996E-1
160,039461	46,000000	80,000000	1,055452E-1
160,039461	46,000000	80,000000	1,055452E-1
160,039461	48,400002	80,000000	1,060909E-1
160,039461	48,400002	80,000000	1,060909E-1
161,039895	48,400002	80,000000	1,059933E-1
161,039895	48,400002	80,000000	1,065005E-1
161,039895	48,400002	80,000000	1,065005E-1
161,039895	48,400002	80,000000	1,070077E-1
161,039895	48,400002	80,000000	1,075148E-1
161,039895	48,400002	80,000000	1,075148E-1
161,039895	48,400002	80,000000	1,075148E-1
161,039895	48,400002	80,000000	1,080220E-1
161,039895	48,400002	80,000000	1,080220E-1
161,039895	51,900002	80,000000	1,085291E-1
162,041355	51,900002	80,000000	1,085291E-1
162,041355	51,900002	80,000000	1,080982E-1
162,041355	51,900002	80,000000	1,085492E-1
162,041355	51,900002	80,000000	1,090002E-1
162,041355	51,900002	80,000000	1,090002E-1
162,041355	51,900002	80,000000	1,094512E-1
162,041355	51,900002	80,000000	1,099022E-1
162,041355	51,900002	80,000000	1,099022E-1
162,041355	51,900002	80,000000	1,103531E-1
162,041355	51,900002	80,000000	1,103531E-1
163,041831	54,000000	80,000000	1,108041E-1
163,041831	54,000000	80,000000	1,108041E-1
163,041831	54,000000	80,000000	1,106923E-1
163,041831	54,000000	80,000000	1,111096E-1
163,041831	54,000000	80,000000	1,115268E-1
163,041831	54,000000	80,000000	1,115268E-1
163,041831	54,000000	80,000000	1,119441E-1
163,041831	54,000000	80,000000	1,123614E-1
163,041831	54,000000	80,000000	1,127787E-1
163,041831	54,000000	80,000000	1,127787E-1
164,043191	56,000000	80,000000	1,131960E-1
164,043191	56,000000	80,000000	1,130772E-1
164,043191	56,000000	80,000000	1,134624E-1
164,043191	56,000000	80,000000	1,138476E-1
164,043191	56,000000	80,000000	1,138476E-1
164,043191	56,000000	80,000000	1,142328E-1
164,043191	56,000000	80,000000	1,142328E-1
164,043191	56,000000	80,000000	1,146180E-1
164,043191	56,000000	80,000000	1,150031E-1
164,043191	58,400002	80,000000	1,150031E-1
165,043621	58,400002	80,000000	1,147451E-1
165,043621	58,400002	80,000000	1,150917E-1
165,043621	58,400002	80,000000	1,154384E-1
165,043621	58,400002	80,000000	1,154384E-1
165,043621	58,400002	80,000000	1,157851E-1
165,043621	58,400002	80,000000	1,161317E-1
165,043621	58,400002	80,000000	1,164784E-1
165,043621	58,400002	80,000000	1,164784E-1
165,043621	58,400002	80,000000	1,168251E-1
165,043621	58,400002	80,000000	1,168251E-1
166,044040	58,400002	80,000000	1,171717E-1
166,044040	58,400002	80,000000	1,171717E-1
166,044040	60,400002	80,000000	1,169823E-1
166,044040	60,400002	80,000000	1,172969E-1
166,044040	60,400002	80,000000	1,172969E-1
166,044040	60,400002	80,000000	1,176115E-1
166,044040	60,400002	80,000000	1,179260E-1
166,044040	60,400002	80,000000	1,182406E-1
166,044040	60,400002	80,000000	1,185552E-1
166,044040	60,400002	80,000000	1,188698E-1
167,043412	60,400002	80,000000	1,188698E-1
167,043412	60,400002	80,000000	1,191843E-1
167,043412	60,400002	80,000000	1,191843E-1
167,043412	60,400002	80,000000	1,194989E-1
167,043412	60,400002	80,000000	1,194989E-1
167,043412	60,400002	80,000000	1,198135E-1
167,043412	60,400002	80,000000	1,198135E-1
167,043412	60,400002	80,000000	1,201280E-1
167,043412	60,400002	80,000000	1,204426E-1
167,043412	60,400002	80,000000	1,207572E-1
168,043874	60,400002	80,000000	1,207572E-1
168,043874	60,400002	80,000000	1,210717E-1
168,043874	66,300003	80,000000	1,213863E-1
168,043874	66,300003	80,000000	1,213863E-1
168,043874	66,300003	80,000000	1,201195E-1
168,043874	66,300003	80,000000	1,203394E-1
168,043874	66,300003	80,000000	1,205593E-1
168,043874	66,300003	80,000000	1,205593E-1
168,043874	66,300003	80,000000	1,207791E-1
168,043874	66,300003	80,000000	1,207791E-1
169,044649	66,300003	80,000000	1,209990E-1
169,044649	66,300003	80,000000	1,209990E-1
169,044649	66,300003	80,000000	1,212189E-1
169,044649	67,800003	80,000000	1,210367E-1
169,044649	67,800003	80,000000	1,212325E-1
169,044649	67,800003	80,000000	1,212325E-1
169,044649	67,800003	80,000000	1,214283E-1
169,044649	67,800003	80,000000	1,216241E-1
169,044649	67,800003	80,000000	1,218199E-1
169,044649	67,800003	80,000000	1,218199E-1
170,045096	67,800003	80,000000	1,220158E-1
170,045096	67,800003	80,000000	1,222116E-1
170,045096	67,800003	80,000000	1,222116E-1
170,045096	68,500000	80,000000	1,224074E-1
170,045096	68,500000	80,000000	1,224155E-1
170,045096	68,500000	80,000000	1,224155E-1
170,045096	68,500000	80,000000	1,226001E-1
170,045096	68,500000	80,000000	1,226001E-1
170,045096	68,500000	80,000000	1,227847E-1
170,045096	68,500000	80,000000	1,229692E-1
171,044566	68,500000	80,000000	1,231538E-1
171,044566	68,500000	80,000000	1,231538E-1
171,044566	68,500000	80,000000	1,233384E-1
171,044566	70,000000	80,000000	1,235229E-1
171,044566	70,000000	80,000000	1,235229E-1
171,044566	70,000000	80,000000	1,233055E-1
171,044566	70,000000	80,000000	1,234660E-1
171,044566	70,000000	80,000000	1,236265E-1
171,044566	70,000000	80,000000	1,236265E-1
171,044566	70,000000	80,000000	1,236265E-1
172,044909	70,000000	80,000000	1,237870E-1
172,044909	70,000000	80,000000	1,237870E-1
172,044909	70,000000	80,000000	1,239475E-1
172,044909	71,300003	80,000000	1,237595E-1
172,044909	71,300003	80,000000	1,237595E-1
172,044909	71,300003	80,000000	1,238991E-1
172,044909	71,300003	80,000000	1,240388E-1
172,044909	71,300003	80,000000	1,241784E-1
172,044909	71,300003	80,000000	1,241784E-1
172,044909	71,300003	80,000000	1,243180E-1
173,044613	71,300003	80,000000	1,244577E-1
173,044613	71,300003	80,000000	1,244577E-1
173,044613	71,300003	80,000000	1,245973E-1
173,044613	71,300003	80,000000	1,247369E-1
173,044613	71,300003	80,000000	1,247369E-1
173,044613	71,300003	80,000000	1,248766E-1
173,044613	71,300003	80,000000	1,248766E-1
173,044613	72,599998	80,000000	1,246678E-1
173,044613	72,599998	80,000000	1,247865E-1
173,044613	72,599998	80,000000	1,247865E-1
174,045067	72,599998	80,000000	1,249053E-1
174,045067	72,599998	80,000000	1,250240E-1
174,045067	72,599998	80,000000	1,251428E-1
174,045067	72,599998	80,000000	1,251428E-1
174,045067	72,599998	80,000000	1,252616E-1
174,045067	72,599998	80,000000	1,253803E-1
174,045067	72,599998	80,000000	1,253803E-1
174,045067	73,099998	80,000000	1,254991E-1
174,045067	73,099998	80,000000	1,254839E-1
174,045067	73,099998	80,000000	1,254839E-1
175,044527	73,099998	80,000000	1,254839E-1
175,044527	73,099998	80,000000	1,255946E-1
175,044527	73,099998	80,000000	1,255946E-1
175,044527	73,099998	80,000000	1,257053E-1
175,044527	73,099998	80,000000	1,258161E-1
175,044527	73,099998	80,000000	1,259268E-1
175,044527	73,099998	80,000000	1,259268E-1
175,044527	73,099998	80,000000	1,260376E-1
175,044527	73,699997	80,000000	1,261483E-1
175,044527	73,699997	80,000000	1,261483E-1
176,045961	73,699997	80,000000	1,260982E-1
176,045961	73,699997	80,000000	1,261993E-1
176,045961	73,699997	80,000000	1,263005E-1
176,045961	73,699997	80,000000	1,263005E-1
176,045961	73,699997	80,000000	1,264016E-1
176,045961	73,699997	80,000000	1,264016E-1
176,045961	73,699997	80,000000	1,264016E-1
176,045961	73,699997	80,000000	1,265027E-1
176,045961	74,900002	80,000000	1,266038E-1
176,045961	74,900002	80,000000	1,266038E-1
177,047341	74,900002	80,000000	1,263833E-1
177,047341	74,900002	80,000000	1,264651E-1
177,047341	74,900002	80,000000	1,264651E-1
177,047341	74,900002	80,000000	1,265470E-1
177,047341	74,900002	80,000000	1,266288E-1
177,047341	74,900002	80,000000	1,267107E-1
177,047341	74,900002	80,000000	1,267107E-1
177,047341	74,900002	80,000000	1,267925E-1
177,047341	74,900002	80,000000	1,268744E-1
177,047341	74,900002	80,000000	1,268744E-1
178,047773	74,900002	80,000000	1,268744E-1
178,047773	74,900002	80,000000	1,269562E-1
178,047773	75,199997	80,000000	1,269562E-1
178,047773	75,199997	80,000000	1,269577E-1
178,047773	75,199997	80,000000	1,270347E-1
178,047773	75,199997	80,000000	1,271118E-1
178,047773	75,199997	80,000000	1,271888E-1
178,047773	75,199997	80,000000	1,271888E-1
178,047773	75,199997	80,000000	1,272658E-1
178,047773	75,199997	80,000000	1,273429E-1
179,048166	75,199997	80,000000	1,274199E-1
179,048166	75,199997	80,000000	1,274199E-1
179,048166	75,199997	80,000000	1,274969E-1
179,048166	75,800003	80,000000	1,275740E-1
179,048166	75,800003	80,000000	1,275740E-1
179,048166	75,800003	80,000000	1,274902E-1
179,048166	75,800003	80,000000	1,274902E-1
179,048166	75,800003	80,000000	1,274902E-1
179,048166	75,800003	80,000000	1,275576E-1
179,048166	75,800003	80,000000	1,276250E-1
180,047667	75,800003	80,000000	1,276924E-1
180,047667	75,800003	80,000000	1,277598E-1
180,047667	75,800003	80,000000	1,277598E-1
180,047667	75,800003	80,000000	1,278272E-1
180,047667	75,800003	80,000000	1,278272E-1
180,047667	76,500000	80,000000	1,278946E-1
180,047667	76,500000	80,000000	1,277744E-1
180,047667	76,500000	80,000000	1,278306E-1
180,047667	76,500000	80,000000	1,278306E-1
180,047667	76,500000	80,000000	1,278868E-1
181,047699	76,500000	80,000000	1,278868E-1
181,047699	76,500000	80,000000	1,278868E-1
181,047699	76,500000	80,000000	1,279429E-1
181,047699	76,500000	80,000000	1,279991E-1
181,047699	77,000000	80,000000	1,279991E-1
181,047699	77,000000	80,000000	1,279213E-1
181,047699	77,000000	80,000000	1,279694E-1
181,047699	77,000000	80,000000	1,279694E-1
181,047699	77,000000	80,000000	1,280176E-1
181,047699	77,000000	80,000000	1,280657E-1
182,048071	77,000000	80,000000	1,280657E-1
182,048071	77,000000	80,000000	1,281139E-1
182,048071	77,000000	80,000000	1,281620E-1
182,048071	77,000000	80,000000	1,282102E-1
182,048071	77,000000	80,000000	1,282102E-1
182,048071	77,000000	80,000000	1,282102E-1
182,048071	77,000000	80,000000	1,282583E-1
182,048071	77,000000	80,000000	1,282583E-1
182,048071	77,000000	80,000000	1,283065E-1
182,048071	77,000000	80,000000	1,283546E-1
183,047519	77,000000	80,000000	1,284028E-1
183,047519	77,000000	80,000000	1,284509E-1
183,047519	77,000000	80,000000	1,284509E-1
183,047519	77,000000	80,000000	1,284991E-1
183,047519	77,000000	80,000000	1,285472E-1
183,047519	77,000000	80,000000	1,285954E-1
183,047519	77,300003	80,000000	1,285954E-1
183,047519	77,300003	80,000000	1,285631E-1
183,047519	77,300003	80,000000	1,286064E-1
183,047519	77,300003	80,000000	1,286064E-1
184,047705	77,300003	80,000000	1,286498E-1
184,047705	77,300003	80,000000	1,286498E-1
184,047705	77,300003	80,000000	1,286931E-1
184,047705	77,300003	80,000000	1,286931E-1
184,047705	77,300003	80,000000	1,287364E-1
184,047705	77,300003	80,000000	1,287364E-1
184,047705	77,300003	80,000000	1,287798E-1
184,047705	77,300003	80,000000	1,288231E-1
184,047705	77,300003	80,000000	1,288664E-1
184,047705	77,300003	80,000000	1,289098E-1
185,049130	77,300003	80,000000	1,289531E-1
185,049130	77,300003	80,000000	1,289964E-1
185,049130	77,300003	80,000000	1,289964E-1
185,049130	77,300003	80,000000	1,290398E-1
185,049130	77,300003	80,000000	1,290398E-1
185,049130	77,300003	80,000000	1,290831E-1
185,049130	78,399994	80,000000	1,290831E-1
185,049130	78,399994	80,000000	1,288316E-1
185,049130	78,399994	80,000000	1,288573E-1
185,049130	78,399994	80,000000	1,288830E-1
186,049579	78,399994	80,000000	1,288830E-1
186,049579	78,399994	80,000000	1,289086E-1
186,049579	78,399994	80,000000	1,289343E-1
186,049579	78,399994	80,000000	1,289600E-1
186,049579	78,399994	80,000000	1,289600E-1
186,049579	78,099998	80,000000	1,289857E-1
186,049579	78,099998	80,000000	1,290918E-1
186,049579	78,099998	80,000000	1,290918E-1
186,049579	78,099998	80,000000	1,291223E-1
186,049579	78,099998	80,000000	1,291223E-1
187,049962	78,099998	80,000000	1,291528E-1
187,049962	78,099998	80,000000	1,291528E-1
187,049962	78,099998	80,000000	1,291832E-1
187,049962	78,099998	80,000000	1,292137E-1
187,049962	78,099998	80,000000	1,292137E-1
187,049962	78,099998	80,000000	1,292442E-1
187,049962	78,199997	80,000000	1,292747E-1
187,049962	78,199997	80,000000	1,292747E-1
187,049962	78,199997	80,000000	1,292784E-1
187,049962	78,199997	80,000000	1,293073E-1
188,049393	78,199997	80,000000	1,293362E-1
188,049393	78,199997	80,000000	1,293362E-1
188,049393	78,199997	80,000000	1,293651E-1
188,049393	78,199997	80,000000	1,293940E-1
188,049393	78,199997	80,000000	1,293940E-1
188,049393	78,400002	80,000000	1,294229E-1
188,049393	78,400002	80,000000	1,294229E-1
188,049393	78,400002	80,000000	1,293981E-1
188,049393	78,400002	80,000000	1,293981E-1
188,049393	78,400002	80,000000	1,294238E-1
189,049809	78,400002	80,000000	1,294495E-1
189,049809	78,400002	80,000000	1,294752E-1
189,049809	78,400002	80,000000	1,295009E-1
189,049809	78,400002	80,000000	1,295009E-1
189,049809	78,400002	80,000000	1,295265E-1
189,049809	78,400002	80,000000	1,295265E-1
189,049809	78,800003	80,000000	1,295522E-1
189,049809	78,800003	80,000000	1,294707E-1
189,049809	78,800003	80,000000	1,294899E-1
189,049809	78,800003	80,000000	1,294899E-1
190,051301	78,800003	80,000000	1,295092E-1
190,051301	78,800003	80,000000	1,295092E-1
190,051301	78,800003	80,000000	1,295285E-1
190,051301	78,800003	80,000000	1,295285E-1
190,051301	78,800003	80,000000	1,295477E-1
190,051301	78,800003	80,000000	1,295670E-1
190,051301	78,800003	80,000000	1,295670E-1
190,051301	78,800003	80,000000	1,295862E-1
190,051301	78,800003	80,000000	1,296055E-1
190,051301	78,800003	80,000000	1,296248E-1
191,050718	78,800003	80,000000	1,296440E-1
191,050718	78,800003	80,000000	1,296440E-1
191,050718	78,800003	80,000000	1,296633E-1
191,050718	78,800003	80,000000	1,296825E-1
191,050718	78,800003	80,000000	1,296825E-1
191,050718	78,800003	80,000000	1,297018E-1
191,050718	78,899994	80,000000	1,297018E-1
191,050718	78,899994	80,000000	1,296943E-1
191,050718	78,899994	80,000000	1,297119E-1
191,050718	78,899994	80,000000	1,297119E-1
192,051140	78,899994	80,000000	1,297296E-1
192,051140	78,899994	80,000000	1,297472E-1
192,051140	78,899994	80,000000	1,297649E-1
192,051140	78,899994	80,000000	1,297825E-1
192,051140	78,899994	80,000000	1,297825E-1
192,051140	78,800003	80,000000	1,298002E-1
192,051140	78,800003	80,000000	1,298446E-1
192,051140	78,800003	80,000000	1,298446E-1
192,051140	78,800003	80,000000	1,298639E-1
192,051140	78,800003	80,000000	1,298639E-1
193,051535	78,800003	80,000000	1,298832E-1
193,051535	78,800003	80,000000	1,298832E-1
193,051535	78,800003	80,000000	1,299024E-1
193,051535	78,800003	80,000000	1,299217E-1
193,051535	78,800003	80,000000	1,299217E-1
193,051535	78,800003	80,000000	1,299409E-1
193,051535	79,300003	80,000000	1,299602E-1
193,051535	79,300003	80,000000	1,298454E-1
193,051535	79,300003	80,000000	1,298567E-1
193,051535	79,300003	80,000000	1,298679E-1
194,052004	79,300003	80,000000	1,298679E-1
194,052004	79,300003	80,000000	1,298791E-1
194,052004	79,300003	80,000000	1,298904E-1
194,052004	79,300003	80,000000	1,299016E-1
194,052004	79,300003	80,000000	1,299016E-1
194,052004	79,300003	80,000000	1,299128E-1
194,052004	79,699997	80,000000	1,299128E-1
194,052004	79,699997	80,000000	1,299128E-1
194,052004	79,699997	80,000000	1,298169E-1
194,052004	79,699997	80,000000	1,298217E-1
195,052349	79,699997	80,000000	1,298265E-1
195,052349	79,699997	80,000000	1,298313E-1
195,052349	79,699997	80,000000	1,298361E-1
195,052349	79,699997	80,000000	1,298361E-1
195,052349	79,699997	80,000000	1,298410E-1
195,052349	79,699997	80,000000	1,298410E-1
195,052349	79,199997	80,000000	1,298458E-1
195,052349	79,199997	80,000000	1,299846E-1
195,052349	79,199997	80,000000	1,299846E-1
195,052349	79,199997	80,000000	1,299974E-1
196,053860	79,199997	80,000000	1,299974E-1
196,053860	79,199997	80,000000	1,300103E-1
196,053860	79,199997	80,000000	1,300103E-1
196,053860	79,199997	80,000000	1,300231E-1
196,053860	79,199997	80,000000	1,300360E-1
196,053860	79,199997	80,000000	1,300360E-1
196,053860	79,199997	80,000000	1,300488E-1
196,053860	79,199997	80,000000	1,300616E-1
196,053860	79,199997	80,000000	1,300745E-1
196,053860	79,199997	80,000000	1,300873E-1
197,054203	79,300003	80,000000	1,300873E-1
197,054203	79,300003	80,000000	1,300733E-1
197,054203	79,300003	80,000000	1,300846E-1
197,054203	79,300003	80,000000	1,300846E-1
197,054203	79,300003	80,000000	1,300958E-1
197,054203	79,300003	80,000000	1,300958E-1
197,054203	79,300003	80,000000	1,300958E-1
197,054203	79,300003	80,000000	1,301070E-1
197,054203	79,300003	80,000000	1,301183E-1
197,054203	79,300003	80,000000	1,301183E-1
198,054677	79,099998	80,000000	1,301295E-1
198,054677	79,099998	80,000000	1,301944E-1
198,054677	79,099998	80,000000	1,301944E-1
198,054677	79,099998	80,000000	1,302088E-1
198,054677	79,099998	80,000000	1,302232E-1
198,054677	79,099998	80,000000	1,302377E-1
198,054677	79,099998	80,000000	1,302377E-1
198,054677	79,099998	80,000000	1,302521E-1
198,054677	79,099998	80,000000	1,302666E-1
198,054677	79,099998	80,000000	1,302666E-1
199,056121	79,300003	80,000000	1,302810E-1
199,056121	79,300003	80,000000	1,302810E-1
199,056121	79,300003	80,000000	1,302419E-1
199,056121	79,300003	80,000000	1,302531E-1
199,056121	79,300003	80,000000	1,302531E-1
199,056121	79,300003	80,000000	1,302643E-1
199,056121	79,300003	80,000000	1,302756E-1
199,056121	79,300003	80,000000	1,302868E-1
199,056121	79,300003	80,000000	1,302868E-1
199,056121	79,300003	80,000000	1,302980E-1
200,055562	79,300003	80,000000	1,302980E-1
200,055562	79,500000	80,000000	1,303093E-1
200,055562	79,500000	80,000000	1,302669E-1
200,055562	79,500000	80,000000	1,302749E-1
200,055562	79,500000	80,000000	1,302749E-1
200,055562	79,500000	80,000000	1,302829E-1
200,055562	79,500000	80,000000	1,302829E-1
200,055562	79,500000	80,000000	1,302829E-1
200,055562	79,500000	80,000000	1,302910E-1
200,055562	79,500000	80,000000	1,302910E-1
201,055960	79,500000	80,000000	1,302990E-1
201,055960	79,500000	80,000000	1,303070E-1
201,055960	79,500000	80,000000	1,303070E-1
201,055960	79,199997	80,000000	1,303150E-1
201,055960	79,199997	80,000000	1,304035E-1
201,055960	79,199997	80,000000	1,304035E-1
201,055960	79,199997	80,000000	1,304163E-1
201,055960	79,199997	80,000000	1,304292E-1
201,055960	79,199997	80,000000	1,304420E-1
201,055960	79,199997	80,000000	1,304420E-1
202,056343	79,199997	80,000000	1,304420E-1
202,056343	79,199997	80,000000	1,304548E-1
202,056343	79,199997	80,000000	1,304548E-1
202,056343	79,199997	80,000000	1,304677E-1
202,056343	79,300003	80,000000	1,304537E-1
202,056343	79,300003	80,000000	1,304649E-1
202,056343	79,300003	80,000000	1,304649E-1
202,056343	79,300003	80,000000	1,304762E-1
202,056343	79,300003	80,000000	1,304874E-1
202,056343	79,300003	80,000000	1,304987E-1
203,057805	79,300003	80,000000	1,305099E-1
203,057805	79,300003	80,000000	1,305211E-1
203,057805	79,300003	80,000000	1,305324E-1
203,057805	79,300003	80,000000	1,305324E-1
203,057805	79,300003	80,000000	1,305436E-1
203,057805	79,599998	80,000000	1,305436E-1
203,057805	79,599998	80,000000	1,305436E-1
203,057805	79,599998	80,000000	1,304744E-1
203,057805	79,599998	80,000000	1,304808E-1
203,057805	79,599998	80,000000	1,304808E-1
204,058223	79,599998	80,000000	1,304873E-1
204,058223	79,599998	80,000000	1,304937E-1
204,058223	79,599998	80,000000	1,304937E-1
204,058223	79,599998	80,000000	1,305001E-1
204,058223	79,199997	80,000000	1,305065E-1
204,058223	79,199997	80,000000	1,306201E-1
204,058223	79,199997	80,000000	1,306201E-1
204,058223	79,199997	80,000000	1,306330E-1
204,058223	79,199997	80,000000	1,306458E-1
204,058223	79,199997	80,000000	1,306458E-1
205,057587	79,199997	80,000000	1,306458E-1
205,057587	79,199997	80,000000	1,306587E-1
205,057587	79,199997	80,000000	1,306587E-1
205,057587	79,199997	80,000000	1,306715E-1
205,057587	79,600006	80,000000	1,305771E-1
205,057587	79,600006	80,000000	1,305836E-1
205,057587	79,600006	80,000000	1,305836E-1
205,057587	79,600006	80,000000	1,305900E-1
205,057587	79,600006	80,000000	1,305964E-1
205,057587	79,600006	80,000000	1,306028E-1
206,058024	79,600006	80,000000	1,306028E-1
206,058024	79,600006	80,000000	1,306092E-1
206,058024	79,600006	80,000000	1,306157E-1
206,058024	79,600006	80,000000	1,306157E-1
206,058024	79,600006	80,000000	1,306221E-1
206,058024	79,600006	80,000000	1,306221E-1
206,058024	79,600006	80,000000	1,306221E-1
206,058024	79,600006	80,000000	1,306285E-1
206,058024	79,600006	80,000000	1,306285E-1
206,058024	79,600006	80,000000	1,306349E-1
207,057513	79,500000	80,000000	1,306413E-1
207,057513	79,500000	80,000000	1,306746E-1
207,057513	79,500000	80,000000	1,306746E-1
207,057513	79,500000	80,000000	1,306826E-1
207,057513	79,500000	80,000000	1,306906E-1
207,057513	79,500000	80,000000	1,306906E-1
207,057513	79,500000	80,000000	1,306986E-1
207,057513	79,500000	80,000000	1,307067E-1
207,057513	79,500000	80,000000	1,307147E-1
207,057513	79,500000	80,000000	1,307147E-1
208,058926	79,500000	80,000000	1,307147E-1
208,058926	79,500000	80,000000	1,307227E-1
208,058926	79,300003	80,000000	1,307227E-1
208,058926	79,300003	80,000000	1,307843E-1
208,058926	79,300003	80,000000	1,307956E-1
208,058926	79,300003	80,000000	1,308068E-1
208,058926	79,300003	80,000000	1,308180E-1
208,058926	79,300003	80,000000	1,308180E-1
208,058926	79,300003	80,000000	1,308293E-1
208,058926	79,300003	80,000000	1,308405E-1
209,059319	79,300003	80,000000	1,308517E-1
209,059319	79,900002	80,000000	1,308517E-1
209,059319	79,900002	80,000000	1,307022E-1
209,059319	79,900002	80,000000	1,307022E-1
209,059319	79,900002	80,000000	1,307038E-1
209,059319	79,900002	80,000000	1,307038E-1
209,059319	79,900002	80,000000	1,307038E-1
209,059319	79,900002	80,000000	1,307054E-1
209,059319	79,900002	80,000000	1,307070E-1
209,059319	79,900002	80,000000	1,307070E-1
210,060744	79,900002	80,000000	1,307086E-1
210,060744	79,399994	80,000000	1,307102E-1
210,060744	79,399994	80,000000	1,307102E-1
210,060744	79,399994	80,000000	1,308458E-1
210,060744	79,399994	80,000000	1,308554E-1
210,060744	79,399994	80,000000	1,308651E-1
210,060744	79,399994	80,000000	1,308651E-1
210,060744	79,399994	80,000000	1,308747E-1
210,060744	79,399994	80,000000	1,308843E-1
210,060744	79,399994	80,000000	1,308843E-1
211,061199	79,399994	80,000000	1,308843E-1
211,061199	79,399994	80,000000	1,308940E-1
211,061199	79,900002	80,000000	1,308940E-1
211,061199	79,900002	80,000000	1,307696E-1
211,061199	79,900002	80,000000	1,307712E-1
211,061199	79,900002	80,000000	1,307728E-1
211,061199	79,900002	80,000000	1,307744E-1
211,061199	79,900002	80,000000	1,307744E-1
211,061199	79,900002	80,000000	1,307760E-1
211,061199	79,900002	80,000000	1,307776E-1
212,060603	79,900002	80,000000	1,307792E-1
212,060603	79,900002	80,000000	1,307792E-1
212,060603	79,900002	80,000000	1,307808E-1
212,060603	79,900002	80,000000	1,307824E-1
212,060603	79,900002	80,000000	1,307824E-1
212,060603	79,900002	80,000000	1,307824E-1
212,060603	79,699997	80,000000	1,308376E-1
212,060603	79,699997	80,000000	1,308376E-1
212,060603	79,699997	80,000000	1,308376E-1
212,060603	79,699997	80,000000	1,308424E-1
213,061032	79,699997	80,000000	1,308472E-1
213,061032	79,699997	80,000000	1,308521E-1
213,061032	79,699997	80,000000	1,308569E-1
213,061032	79,699997	80,000000	1,308617E-1
213,061032	79,699997	80,000000	1,308617E-1
213,061032	79,599998	80,000000	1,308665E-1
213,061032	79,599998	80,000000	1,308665E-1
213,061032	79,599998	80,000000	1,308981E-1
213,061032	79,599998	80,000000	1,309045E-1
213,061032	79,599998	80,000000	1,309045E-1
214,060499	79,599998	80,000000	1,309110E-1
214,060499	79,599998	80,000000	1,309110E-1
214,060499	79,599998	80,000000	1,309174E-1
214,060499	79,599998	80,000000	1,309238E-1
214,060499	79,599998	80,000000	1,309238E-1
214,060499	79,599998	80,000000	1,309302E-1
214,060499	79,900002	80,000000	1,309366E-1
214,060499	79,900002	80,000000	1,308627E-1
214,060499	79,900002	80,000000	1,308643E-1
214,060499	79,900002	80,000000	1,308643E-1
215,060872	79,900002	80,000000	1,308659E-1
215,060872	79,900002	80,000000	1,308675E-1
215,060872	79,900002	80,000000	1,308691E-1
215,060872	79,900002	80,000000	1,308707E-1
215,060872	79,900002	80,000000	1,308707E-1
215,060872	79,900002	80,000000	1,308707E-1
215,060872	79,699997	80,000000	1,308723E-1
215,060872	79,699997	80,000000	1,308723E-1
215,060872	79,699997	80,000000	1,309275E-1
215,060872	79,699997	80,000000	1,309323E-1
216,061229	79,699997	80,000000	1,309371E-1
216,061229	79,699997	80,000000	1,309419E-1
216,061229	79,699997	80,000000	1,309419E-1
216,061229	79,699997	80,000000	1,309468E-1
216,061229	79,699997	80,000000	1,309516E-1
216,061229	80,000000	80,000000	1,309564E-1
216,061229	80,000000	80,000000	1,308808E-1
216,061229	80,000000	80,000000	1,308808E-1
216,061229	80,000000	80,000000	1,308808E-1
216,061229	80,000000	80,000000	1,308808E-1
217,060577	80,000000	80,000000	1,308808E-1
217,060577	80,000000	80,000000	1,308808E-1
217,060577	80,000000	80,000000	1,308808E-1
217,060577	80,000000	80,000000	1,308808E-1
217,060577	80,000000	80,000000	1,308808E-1
217,060577	80,000000	80,000000	1,308808E-1
217,060577	80,000000	80,000000	1,308808E-1
217,060577	80,000000	80,000000	1,308808E-1
217,060577	80,000000	80,000000	1,308808E-1
217,060577	80,000000	80,000000	1,308808E-1
218,061089	80,000000	80,000000	1,308808E-1
218,061089	80,000000	80,000000	1,308808E-1
218,061089	80,000000	80,000000	1,308808E-1
218,061089	80,000000	80,000000	1,308808E-1
218,061089	80,000000	80,000000	1,308808E-1
218,061089	80,000000	80,000000	1,308808E-1
218,061089	80,000000	80,000000	1,308808E-1
218,061089	80,000000	80,000000	1,308808E-1
218,061089	80,000000	80,000000	1,308808E-1
218,061089	80,000000	80,000000	1,308808E-1
219,060499	80,000000	80,000000	1,308808E-1
219,060499	80,000000	80,000000	1,308808E-1
219,060499	80,000000	80,000000	1,308808E-1
219,060499	80,000000	80,000000	1,308808E-1
219,060499	80,000000	80,000000	1,308808E-1
219,060499	80,000000	80,000000	1,308808E-1
219,060499	80,000000	80,000000	1,308808E-1
219,060499	80,000000	80,000000	1,308808E-1
219,060499	80,000000	80,000000	1,308808E-1
219,060499	80,000000	80,000000	1,308808E-1
220,060926	80,000000	80,000000	1,308808E-1
220,060926	80,000000	80,000000	1,308808E-1
220,060926	80,000000	80,000000	1,308808E-1
220,060926	80,000000	80,000000	1,308808E-1
220,060926	80,000000	80,000000	1,308808E-1
220,060926	80,000000	80,000000	1,308808E-1
220,060926	80,000000	80,000000	1,308808E-1
220,060926	80,000000	80,000000	1,308808E-1
220,060926	80,000000	80,000000	1,308808E-1
220,060926	80,000000	80,000000	1,308808E-1
221,061345	80,000000	80,000000	1,308808E-1
221,061345	80,000000	80,000000	1,308808E-1
221,061345	80,000000	80,000000	1,308808E-1
221,061345	80,000000	80,000000	1,308808E-1
221,061345	80,000000	80,000000	1,308808E-1
221,061345	80,000000	80,000000	1,308808E-1
221,061345	79,599998	80,000000	1,308808E-1
221,061345	79,599998	80,000000	1,308808E-1
221,061345	79,599998	80,000000	1,308808E-1
221,061345	79,599998	80,000000	1,308808E-1
222,060765	79,599998	80,000000	1,308808E-1
222,060765	79,599998	80,000000	1,308808E-1
222,060765	79,599998	80,000000	1,308808E-1
222,060765	79,599998	80,000000	1,308808E-1
222,060765	79,599998	80,000000	1,308808E-1
222,060765	79,599998	80,000000	1,308808E-1
222,060765	79,599998	80,000000	1,308808E-1
222,060765	79,599998	80,000000	1,308808E-1
222,060765	79,599998	80,000000	1,308808E-1
222,060765	79,599998	80,000000	1,308808E-1
223,061133	79,599998	80,000000	1,308808E-1
223,061133	79,599998	80,000000	1,309880E-1
223,061133	79,599998	80,000000	1,309880E-1
223,061133	79,599998	80,000000	1,309880E-1
223,061133	79,599998	80,000000	1,309944E-1
223,061133	79,599998	80,000000	1,309944E-1
223,061133	79,599998	80,000000	1,309944E-1
223,061133	79,599998	80,000000	1,309944E-1
223,061133	79,599998	80,000000	1,309944E-1
223,061133	79,599998	80,000000	1,309944E-1
224,060640	79,599998	80,000000	1,309944E-1
224,060640	79,599998	80,000000	1,309944E-1
224,060640	79,599998	80,000000	1,309944E-1
224,060640	79,599998	80,000000	1,309944E-1
224,060640	79,599998	80,000000	1,309944E-1
224,060640	79,599998	80,000000	1,309944E-1
224,060640	79,599998	80,000000	1,309944E-1
224,060640	79,599998	80,000000	1,309944E-1
224,060640	79,599998	80,000000	1,309944E-1
224,060640	79,400002	80,000000	1,309944E-1
225,060967	79,400002	80,000000	1,309944E-1
225,060967	79,400002	80,000000	1,309944E-1
225,060967	79,400002	80,000000	1,309944E-1
225,060967	79,400002	80,000000	1,309944E-1
225,060967	79,400002	80,000000	1,309944E-1
225,060967	79,400002	80,000000	1,309944E-1
225,060967	79,400002	80,000000	1,309944E-1
225,060967	79,400002	80,000000	1,309944E-1
225,060967	79,400002	80,000000	1,309944E-1
225,060967	79,400002	80,000000	1,309944E-1
226,060394	79,400002	80,000000	1,309944E-1
226,060394	79,400002	80,000000	1,309944E-1
226,060394	79,400002	80,000000	1,309944E-1
226,060394	79,400002	80,000000	1,309944E-1
226,060394	79,400002	80,000000	1,309944E-1
226,060394	79,400002	80,000000	1,309944E-1
226,060394	79,400002	80,000000	1,310544E-1
226,060394	79,400002	80,000000	1,310544E-1
226,060394	79,400002	80,000000	1,310544E-1
226,060394	79,400002	80,000000	1,310544E-1
227,060857	79,400002	80,000000	1,310544E-1
227,060857	79,400002	80,000000	1,310544E-1
227,060857	79,400002	80,000000	1,310544E-1
227,060857	79,400002	80,000000	1,310544E-1
227,060857	79,400002	80,000000	1,310544E-1
227,060857	79,400002	80,000000	1,310544E-1
227,060857	79,400002	80,000000	1,310544E-1
227,060857	79,400002	80,000000	1,310544E-1
227,060857	79,400002	80,000000	1,310544E-1
227,060857	79,400002	80,000000	1,310544E-1
228,061317	79,400002	80,000000	1,310544E-1
228,061317	79,400002	80,000000	1,310544E-1
228,061317	79,400002	80,000000	1,310544E-1
228,061317	79,400002	80,000000	1,310544E-1
228,061317	79,400002	80,000000	1,310641E-1
228,061317	79,400002	80,000000	1,310641E-1
228,061317	79,400002	80,000000	1,310641E-1
228,061317	79,400002	80,000000	1,310641E-1
228,061317	79,400002	80,000000	1,310641E-1
228,061317	79,400002	80,000000	1,310641E-1
229,061667	79,400002	80,000000	1,310641E-1
229,061667	79,400002	80,000000	1,310641E-1
229,061667	79,400002	80,000000	1,310641E-1
229,061667	79,400002	80,000000	1,310641E-1
229,061667	79,400002	80,000000	1,310641E-1
229,061667	79,400002	80,000000	1,310641E-1
229,061667	79,400002	80,000000	1,310641E-1
229,061667	79,400002	80,000000	1,310641E-1
229,061667	79,400002	80,000000	1,310641E-1
229,061667	79,400002	80,000000	1,310641E-1
230,062166	79,400002	80,000000	1,310641E-1
230,062166	79,400002	80,000000	1,310737E-1
230,062166	79,500000	80,000000	1,310737E-1
230,062166	79,500000	80,000000	1,310737E-1
230,062166	79,400002	80,000000	1,310565E-1
230,062166	79,400002	80,000000	1,310565E-1
230,062166	79,400002	80,000000	1,310565E-1
230,062166	79,400002	80,000000	1,310565E-1
230,062166	79,400002	80,000000	1,310914E-1
230,062166	79,300003	80,000000	1,311010E-1
231,062598	79,300003	80,000000	1,311374E-1
231,062598	79,300003	80,000000	1,311374E-1
231,062598	79,300003	80,000000	1,311487E-1
231,062598	79,300003	80,000000	1,311599E-1
231,062598	79,300003	80,000000	1,311711E-1
231,062598	79,300003	80,000000	1,311711E-1
231,062598	79,300003	80,000000	1,311824E-1
231,062598	79,300003	80,000000	1,311936E-1
231,062598	79,300003	80,000000	1,311936E-1
231,062598	79,300003	80,000000	1,312048E-1
232,062985	79,300003	80,000000	1,312048E-1
232,062985	79,300003	80,000000	1,312048E-1
232,062985	79,300003	80,000000	1,312161E-1
232,062985	79,300003	80,000000	1,312161E-1
232,062985	79,300003	80,000000	1,312273E-1
232,062985	79,699997	80,000000	1,312385E-1
232,062985	79,699997	80,000000	1,311426E-1
232,062985	79,699997	80,000000	1,311474E-1
232,062985	79,699997	80,000000	1,311474E-1
232,062985	79,699997	80,000000	1,311522E-1
233,062402	79,699997	80,000000	1,311570E-1
233,062402	79,699997	80,000000	1,311618E-1
233,062402	79,699997	80,000000	1,311666E-1
233,062402	79,699997	80,000000	1,311714E-1
233,062402	79,699997	80,000000	1,311714E-1
233,062402	79,699997	80,000000	1,311714E-1
233,062402	79,699997	80,000000	1,311763E-1
233,062402	79,599998	80,000000	1,311763E-1
233,062402	79,599998	80,000000	1,312079E-1
233,062402	79,599998	80,000000	1,312143E-1
234,062793	79,599998	80,000000	1,312207E-1
234,062793	79,599998	80,000000	1,312271E-1
234,062793	79,599998	80,000000	1,312271E-1
234,062793	79,599998	80,000000	1,312336E-1
234,062793	79,599998	80,000000	1,312400E-1
234,062793	79,599998	80,000000	1,312400E-1
234,062793	79,500000	80,000000	1,312464E-1
234,062793	79,500000	80,000000	1,312796E-1
234,062793	79,500000	80,000000	1,312796E-1
234,062793	79,500000	80,000000	1,312876E-1
235,064305	79,500000	80,000000	1,312876E-1
235,064305	79,500000	80,000000	1,312957E-1
235,064305	79,500000	80,000000	1,312957E-1
235,064305	79,500000	80,000000	1,313037E-1
235,064305	79,500000	80,000000	1,313117E-1
235,064305	79,500000	80,000000	1,313117E-1
235,064305	79,500000	80,000000	1,313197E-1
235,064305	79,400002	80,000000	1,313278E-1
235,064305	79,400002	80,000000	1,313278E-1
235,064305	79,400002	80,000000	1,313626E-1
236,063728	79,400002	80,000000	1,313722E-1
236,063728	79,400002	80,000000	1,313819E-1
236,063728	79,400002	80,000000	1,313819E-1
236,063728	79,400002	80,000000	1,313915E-1
236,063728	79,400002	80,000000	1,314011E-1
236,063728	79,400002	80,000000	1,314011E-1
236,063728	79,400002	80,000000	1,314107E-1
236,063728	79,400002	80,000000	1,314107E-1
236,063728	79,699997	80,000000	1,314107E-1
236,063728	79,699997	80,000000	1,313400E-1
237,064074	79,699997	80,000000	1,313448E-1
237,064074	79,699997	80,000000	1,313448E-1
237,064074	79,699997	80,000000	1,313496E-1
237,064074	79,699997	80,000000	1,313544E-1
237,064074	79,699997	80,000000	1,313544E-1
237,064074	79,699997	80,000000	1,313592E-1
237,064074	79,699997	80,000000	1,313592E-1
237,064074	80,000000	80,000000	1,313640E-1
237,064074	80,000000	80,000000	1,312884E-1
237,064074	80,000000	80,000000	1,312884E-1
238,063572	80,000000	80,000000	1,312884E-1
238,063572	80,000000	80,000000	1,312884E-1
238,063572	80,000000	80,000000	1,312884E-1
238,063572	80,000000	80,000000	1,312884E-1
238,063572	80,000000	80,000000	1,312884E-1
238,063572	80,000000	80,000000	1,312884E-1
238,063572	80,000000	80,000000	1,312884E-1
238,063572	80,000000	80,000000	1,312884E-1
238,063572	80,000000	80,000000	1,312884E-1
238,063572	80,000000	80,000000	1,312884E-1
239,063989	80,000000	80,000000	1,312884E-1
239,063989	79,900002	80,000000	1,312884E-1
239,063989	79,900002	80,000000	1,313152E-1
239,063989	79,900002	80,000000	1,313152E-1
239,063989	79,900002	80,000000	1,313169E-1
239,063989	79,900002	80,000000	1,313169E-1
239,063989	79,900002	80,000000	1,313185E-1
239,063989	79,900002	80,000000	1,313185E-1
239,063989	79,900002	80,000000	1,313201E-1
239,063989	79,900002	80,000000	1,313217E-1
240,063423	79,900002	80,000000	1,313217E-1
240,063423	79,800003	80,000000	1,313233E-1
240,063423	79,800003	80,000000	1,313517E-1
240,063423	79,800003	80,000000	1,313549E-1
240,063423	79,800003	80,000000	1,313549E-1
240,063423	79,800003	80,000000	1,313581E-1
240,063423	79,800003	80,000000	1,313613E-1
240,063423	79,800003	80,000000	1,313613E-1
240,063423	79,800003	80,000000	1,313645E-1
240,063423	79,800003	80,000000	1,313677E-1
241,063765	79,800003	80,000000	1,313677E-1
241,063765	80,000000	80,000000	1,313709E-1
241,063765	80,000000	80,000000	1,313709E-1
241,063765	80,000000	80,000000	1,313205E-1
241,063765	80,000000	80,000000	1,313205E-1
241,063765	80,000000	80,000000	1,313205E-1
241,063765	80,000000	80,000000	1,313205E-1
241,063765	80,000000	80,000000	1,313205E-1
241,063765	80,000000	80,000000	1,313205E-1
241,063765	80,000000	80,000000	1,313205E-1
242,064106	80,000000	80,000000	1,313205E-1
242,064106	80,000000	80,000000	1,313205E-1
242,064106	80,000000	80,000000	1,313205E-1
242,064106	80,000000	80,000000	1,313205E-1
242,064106	80,000000	80,000000	1,313205E-1
242,064106	80,000000	80,000000	1,313205E-1
242,064106	80,000000	80,000000	1,313205E-1
242,064106	80,000000	80,000000	1,313205E-1
242,064106	80,000000	80,000000	1,313205E-1
242,064106	80,000000	80,000000	1,313205E-1
243,063579	80,000000	80,000000	1,313205E-1
243,063579	80,000000	80,000000	1,313205E-1
243,063579	80,000000	80,000000	1,313205E-1
243,063579	80,000000	80,000000	1,313205E-1
243,063579	80,000000	80,000000	1,313205E-1
243,063579	80,000000	80,000000	1,313205E-1
243,063579	80,000000	80,000000	1,313205E-1
243,063579	80,000000	80,000000	1,313205E-1
243,063579	80,000000	80,000000	1,313205E-1
243,063579	80,000000	80,000000	1,313205E-1
244,064065	80,000000	80,000000	1,313205E-1
244,064065	80,000000	80,000000	1,313205E-1
244,064065	80,000000	80,000000	1,313205E-1
244,064065	80,000000	80,000000	1,313205E-1
244,064065	80,000000	80,000000	1,313205E-1
244,064065	80,000000	80,000000	1,313205E-1
244,064065	80,000000	80,000000	1,313205E-1
244,064065	80,000000	80,000000	1,313205E-1
244,064065	80,000000	80,000000	1,313205E-1
244,064065	80,000000	80,000000	1,313205E-1
245,064477	80,000000	80,000000	1,313205E-1
245,064477	80,000000	80,000000	1,313205E-1
245,064477	80,000000	80,000000	1,313205E-1
245,064477	80,000000	80,000000	1,313205E-1
245,064477	80,000000	80,000000	1,313205E-1
245,064477	80,000000	80,000000	1,313205E-1
245,064477	80,000000	80,000000	1,313205E-1
245,064477	80,000000	80,000000	1,313205E-1
245,064477	80,000000	80,000000	1,313205E-1
245,064477	80,000000	80,000000	1,313205E-1
246,064906	80,000000	80,000000	1,313205E-1
246,064906	80,000000	80,000000	1,313205E-1
246,064906	80,000000	80,000000	1,313205E-1
246,064906	80,000000	80,000000	1,313205E-1
246,064906	80,000000	80,000000	1,313205E-1
246,064906	80,000000	80,000000	1,313205E-1
246,064906	79,800003	80,000000	1,313205E-1
246,064906	79,800003	80,000000	1,313205E-1
246,064906	79,800003	80,000000	1,313741E-1
246,064906	79,800003	80,000000	1,313741E-1
247,065311	79,800003	80,000000	1,313741E-1
247,065311	79,800003	80,000000	1,313741E-1
247,065311	79,800003	80,000000	1,313741E-1
247,065311	79,800003	80,000000	1,313741E-1
247,065311	79,800003	80,000000	1,313741E-1
247,065311	79,800003	80,000000	1,313741E-1
247,065311	79,800003	80,000000	1,313741E-1
247,065311	79,800003	80,000000	1,313741E-1
247,065311	79,800003	80,000000	1,313741E-1
247,065311	79,800003	80,000000	1,313741E-1
248,065742	79,800003	80,000000	1,313741E-1
248,065742	79,800003	80,000000	1,313741E-1
248,065742	79,800003	80,000000	1,313741E-1
248,065742	79,800003	80,000000	1,313741E-1
248,065742	79,800003	80,000000	1,313741E-1
248,065742	79,800003	80,000000	1,313741E-1
248,065742	79,800003	80,000000	1,313741E-1
248,065742	79,800003	80,000000	1,313741E-1
248,065742	79,800003	80,000000	1,313741E-1
248,065742	79,800003	80,000000	1,313741E-1
249,066124	79,800003	80,000000	1,313741E-1
249,066124	79,800003	80,000000	1,313741E-1
249,066124	79,800003	80,000000	1,313741E-1
249,066124	79,800003	80,000000	1,313741E-1
249,066124	79,800003	80,000000	1,313741E-1
249,066124	79,800003	80,000000	1,313741E-1
249,066124	79,800003	80,000000	1,313741E-1
249,066124	79,800003	80,000000	1,313741E-1
249,066124	79,800003	80,000000	1,313741E-1
249,066124	79,800003	80,000000	1,313741E-1
250,065619	79,599998	80,000000	1,313774E-1
250,065619	79,599998	80,000000	1,313774E-1
250,065619	79,599998	80,000000	1,313774E-1
250,065619	79,599998	80,000000	1,313774E-1
250,065619	79,599998	80,000000	1,313774E-1
250,065619	79,599998	80,000000	1,313774E-1
250,065619	79,599998	80,000000	1,313774E-1
250,065619	79,599998	80,000000	1,313774E-1
250,065619	79,599998	80,000000	1,313774E-1
250,065619	79,599998	80,000000	1,313774E-1
251,066015	79,599998	80,000000	1,313774E-1
251,066015	79,599998	80,000000	1,313774E-1
251,066015	79,599998	80,000000	1,313774E-1
251,066015	79,599998	80,000000	1,313774E-1
251,066015	79,599998	80,000000	1,313774E-1
251,066015	79,599998	80,000000	1,313774E-1
251,066015	79,599998	80,000000	1,313774E-1
251,066015	79,599998	80,000000	1,313774E-1
251,066015	79,599998	80,000000	1,314342E-1
251,066015	79,699997	80,000000	1,314342E-1
252,065402	79,699997	80,000000	1,314342E-1
252,065402	79,699997	80,000000	1,314342E-1
252,065402	79,699997	80,000000	1,314342E-1
252,065402	79,699997	80,000000	1,314342E-1
252,065402	79,699997	80,000000	1,314342E-1
252,065402	79,699997	80,000000	1,314342E-1
252,065402	79,699997	80,000000	1,314342E-1
252,065402	79,699997	80,000000	1,314342E-1
252,065402	79,699997	80,000000	1,314342E-1
252,065402	79,699997	80,000000	1,314342E-1
253,066817	79,699997	80,000000	1,314342E-1
253,066817	79,699997	80,000000	1,314342E-1
253,066817	79,699997	80,000000	1,314342E-1
253,066817	79,699997	80,000000	1,314342E-1
253,066817	79,699997	80,000000	1,314342E-1
253,066817	79,699997	80,000000	1,314138E-1
253,066817	79,699997	80,000000	1,314138E-1
253,066817	79,699997	80,000000	1,314138E-1
253,066817	79,900002	80,000000	1,313650E-1
253,066817	79,900002	80,000000	1,313650E-1
254,067237	79,900002	80,000000	1,313650E-1
254,067237	79,900002	80,000000	1,313650E-1
254,067237	80,000000	80,000000	1,313666E-1
254,067237	80,000000	80,000000	1,313414E-1
254,067237	80,000000	80,000000	1,313414E-1
254,067237	80,000000	80,000000	1,313414E-1
254,067237	80,000000	80,000000	1,313414E-1
254,067237	80,000000	80,000000	1,313414E-1
254,067237	80,000000	80,000000	1,313414E-1
254,067237	80,000000	80,000000	1,313414E-1
255,067708	80,000000	80,000000	1,313414E-1
255,067708	80,000000	80,000000	1,313414E-1
255,067708	80,000000	80,000000	1,313414E-1
255,067708	80,000000	80,000000	1,313414E-1
255,067708	80,000000	80,000000	1,313414E-1
255,067708	79,400002	80,000000	1,313414E-1
255,067708	79,400002	80,000000	1,313414E-1
255,067708	79,400002	80,000000	1,315022E-1
255,067708	79,400002	80,000000	1,315118E-1
255,067708	79,400002	80,000000	1,315118E-1
256,068130	79,400002	80,000000	1,315215E-1
256,068130	79,400002	80,000000	1,315311E-1
256,068130	79,400002	80,000000	1,315311E-1
256,068130	79,400002	80,000000	1,315407E-1
256,068130	79,300003	80,000000	1,315504E-1
256,068130	79,300003	80,000000	1,315868E-1
256,068130	79,300003	80,000000	1,315868E-1
256,068130	79,300003	80,000000	1,315980E-1
256,068130	79,300003	80,000000	1,316093E-1
256,068130	79,300003	80,000000	1,316093E-1
257,068583	79,300003	80,000000	1,316205E-1
257,068583	79,300003	80,000000	1,316205E-1
257,068583	79,300003	80,000000	1,316205E-1
257,068583	79,300003	80,000000	1,316317E-1
257,068583	79,300003	80,000000	1,316317E-1
257,068583	79,800003	80,000000	1,316430E-1
257,068583	79,800003	80,000000	1,315202E-1
257,068583	79,800003	80,000000	1,315234E-1
257,068583	79,800003	80,000000	1,315234E-1
257,068583	79,800003	80,000000	1,315266E-1
258,068692	79,800003	80,000000	1,315298E-1
258,068692	79,800003	80,000000	1,315298E-1
258,068692	79,800003	80,000000	1,315330E-1
258,068692	79,800003	80,000000	1,315362E-1
258,068692	79,600006	80,000000	1,315362E-1
258,068692	79,600006	80,000000	1,315362E-1
258,068692	79,600006	80,000000	1,315362E-1
258,068692	79,600006	80,000000	1,315931E-1
258,068692	79,600006	80,000000	1,315995E-1
258,068692	79,600006	80,000000	1,316059E-1
259,069124	79,600006	80,000000	1,316059E-1
259,069124	79,600006	80,000000	1,316123E-1
259,069124	79,600006	80,000000	1,316187E-1
259,069124	79,600006	80,000000	1,316187E-1
259,069124	79,699997	80,000000	1,316252E-1
259,069124	79,699997	80,000000	1,316048E-1
259,069124	79,699997	80,000000	1,316048E-1
259,069124	79,699997	80,000000	1,316096E-1
259,069124	79,699997	80,000000	1,316096E-1
259,069124	79,699997	80,000000	1,316144E-1
260,068571	79,699997	80,000000	1,316144E-1
260,068571	79,699997	80,000000	1,316144E-1
260,068571	79,699997	80,000000	1,316192E-1
260,068571	79,699997	80,000000	1,316240E-1
260,068571	79,699997	80,000000	1,316288E-1
260,068571	79,699997	80,000000	1,316288E-1
260,068571	79,699997	80,000000	1,316337E-1
260,068571	79,699997	80,000000	1,316337E-1
260,068571	79,699997	80,000000	1,316385E-1
260,068571	79,699997	80,000000	1,316433E-1
261,069995	79,699997	80,000000	1,316481E-1
261,069995	79,699997	80,000000	1,316481E-1
261,069995	79,699997	80,000000	1,316529E-1
261,069995	79,699997	80,000000	1,316577E-1
261,069995	79,699997	80,000000	1,316577E-1
261,069995	79,699997	80,000000	1,316626E-1
261,069995	79,699997	80,000000	1,316626E-1
261,069995	79,699997	80,000000	1,316674E-1
261,069995	80,199997	80,000000	1,315382E-1
261,069995	80,199997	80,000000	1,315350E-1
262,069418	80,199997	80,000000	1,315350E-1
262,069418	80,199997	80,000000	1,315318E-1
262,069418	80,199997	80,000000	1,315285E-1
262,069418	80,199997	80,000000	1,315253E-1
262,069418	80,199997	80,000000	1,315253E-1
262,069418	80,199997	80,000000	1,315221E-1
262,069418	80,199997	80,000000	1,315189E-1
262,069418	80,199997	80,000000	1,315189E-1
262,069418	79,800003	80,000000	1,315157E-1
262,069418	79,800003	80,000000	1,315157E-1
263,070823	79,800003	80,000000	1,316197E-1
263,070823	79,800003	80,000000	1,316197E-1
263,070823	79,800003	80,000000	1,316229E-1
263,070823	79,800003	80,000000	1,316261E-1
263,070823	79,800003	80,000000	1,316261E-1
263,070823	79,800003	80,000000	1,316293E-1
263,070823	79,800003	80,000000	1,316325E-1
263,070823	79,800003	80,000000	1,316325E-1
263,070823	79,800003	80,000000	1,316325E-1
263,070823	79,800003	80,000000	1,316358E-1
264,071310	79,800003	80,000000	1,316358E-1
264,071310	79,800003	80,000000	1,316358E-1
264,071310	79,800003	80,000000	1,316358E-1
264,071310	79,800003	80,000000	1,316358E-1
264,071310	79,800003	80,000000	1,316358E-1
264,071310	79,800003	80,000000	1,316358E-1
264,071310	79,800003	80,000000	1,316358E-1
264,071310	79,800003	80,000000	1,316358E-1
264,071310	79,800003	80,000000	1,316358E-1
264,071310	79,800003	80,000000	1,316358E-1
265,071745	79,800003	80,000000	1,316358E-1
265,071745	79,800003	80,000000	1,316358E-1
265,071745	79,800003	80,000000	1,316358E-1
265,071745	79,800003	80,000000	1,316358E-1
265,071745	79,800003	80,000000	1,316358E-1
265,071745	79,800003	80,000000	1,316358E-1
265,071745	79,800003	80,000000	1,316358E-1
265,071745	79,800003	80,000000	1,316358E-1
265,071745	79,800003	80,000000	1,316358E-1
265,071745	79,800003	80,000000	1,316358E-1
266,072133	79,800003	80,000000	1,316358E-1
266,072133	79,800003	80,000000	1,316358E-1
266,072133	79,800003	80,000000	1,316358E-1
266,072133	79,400002	80,000000	1,317462E-1
266,072133	79,400002	80,000000	1,317462E-1
266,072133	79,400002	80,000000	1,317462E-1
266,072133	79,400002	80,000000	1,317462E-1
266,072133	79,400002	80,000000	1,317462E-1
266,072133	79,400002	80,000000	1,317462E-1
266,072133	79,400002	80,000000	1,317462E-1
267,071617	79,400002	80,000000	1,317462E-1
267,071617	79,400002	80,000000	1,317462E-1
267,071617	79,400002	80,000000	1,317462E-1
267,071617	79,400002	80,000000	1,317462E-1
267,071617	79,400002	80,000000	1,317462E-1
267,071617	79,400002	80,000000	1,317462E-1
267,071617	79,400002	80,000000	1,317462E-1
267,071617	79,400002	80,000000	1,317462E-1
267,071617	79,400002	80,000000	1,317462E-1
267,071617	79,400002	80,000000	1,317462E-1
268,072023	79,400002	80,000000	1,317558E-1
268,072023	79,400002	80,000000	1,317558E-1
268,072023	79,400002	80,000000	1,317558E-1
268,072023	80,000000	80,000000	1,317558E-1
268,072023	80,000000	80,000000	1,317558E-1
268,072023	80,000000	80,000000	1,317558E-1
268,072023	80,000000	80,000000	1,317558E-1
268,072023	80,000000	80,000000	1,317558E-1
268,072023	80,000000	80,000000	1,317558E-1
268,072023	80,000000	80,000000	1,317558E-1
269,071416	80,000000	80,000000	1,317558E-1
269,071416	80,000000	80,000000	1,317558E-1
269,071416	80,000000	80,000000	1,317558E-1
269,071416	80,000000	80,000000	1,317558E-1
269,071416	80,000000	80,000000	1,317558E-1
269,071416	80,000000	80,000000	1,317558E-1
269,071416	80,000000	80,000000	1,317558E-1
269,071416	80,000000	80,000000	1,316046E-1
269,071416	80,000000	80,000000	1,316046E-1
269,071416	80,000000	80,000000	1,316046E-1
270,071886	80,000000	80,000000	1,316046E-1
270,071886	80,000000	80,000000	1,316046E-1
270,071886	80,000000	80,000000	1,316046E-1
270,071886	80,000000	80,000000	1,316046E-1
270,071886	80,000000	80,000000	1,316046E-1
270,071886	80,000000	80,000000	1,316046E-1
270,071886	80,000000	80,000000	1,316046E-1
270,071886	80,000000	80,000000	1,316046E-1
270,071886	80,000000	80,000000	1,316046E-1
270,071886	80,000000	80,000000	1,316046E-1
271,072317	80,000000	80,000000	1,316046E-1
271,072317	80,000000	80,000000	1,316046E-1
271,072317	80,000000	80,000000	1,316046E-1
271,072317	80,000000	80,000000	1,316046E-1
271,072317	80,000000	80,000000	1,316046E-1
271,072317	80,000000	80,000000	1,316046E-1
271,072317	80,000000	80,000000	1,316046E-1
271,072317	79,199997	80,000000	1,316046E-1
271,072317	79,199997	80,000000	1,316046E-1
271,072317	79,199997	80,000000	1,316046E-1
272,071697	79,199997	80,000000	1,316046E-1
272,071697	79,199997	80,000000	1,316046E-1
272,071697	79,199997	80,000000	1,316046E-1
272,071697	79,199997	80,000000	1,316046E-1
272,071697	79,199997	80,000000	1,316046E-1
272,071697	79,199997	80,000000	1,316046E-1
272,071697	79,199997	80,000000	1,316046E-1
272,071697	79,199997	80,000000	1,316046E-1
272,071697	79,199997	80,000000	1,316046E-1
272,071697	79,199997	80,000000	1,316046E-1
273,072108	79,199997	80,000000	1,316046E-1
273,072108	79,199997	80,000000	1,316046E-1
273,072108	79,199997	80,000000	1,316046E-1
273,072108	79,199997	80,000000	1,318190E-1
273,072108	79,199997	80,000000	1,318190E-1
273,072108	79,399994	80,000000	1,318190E-1
273,072108	79,399994	80,000000	1,317783E-1
273,072108	79,399994	80,000000	1,317783E-1
273,072108	79,399994	80,000000	1,317783E-1
273,072108	79,399994	80,000000	1,317783E-1
274,072535	79,399994	80,000000	1,317783E-1
274,072535	79,399994	80,000000	1,317783E-1
274,072535	79,399994	80,000000	1,317783E-1
274,072535	79,399994	80,000000	1,317783E-1
274,072535	79,399994	80,000000	1,317783E-1
274,072535	79,399994	80,000000	1,317783E-1
274,072535	79,399994	80,000000	1,317783E-1
274,072535	79,399994	80,000000	1,317783E-1
274,072535	79,399994	80,000000	1,317783E-1
274,072535	79,399994	80,000000	1,317783E-1
275,072931	79,399994	80,000000	1,317783E-1
275,072931	79,399994	80,000000	1,317783E-1
275,072931	79,399994	80,000000	1,317783E-1
275,072931	79,399994	80,000000	1,317783E-1
275,072931	79,399994	80,000000	1,317879E-1
275,072931	80,000000	80,000000	1,317879E-1
275,072931	80,000000	80,000000	1,317879E-1
275,072931	80,000000	80,000000	1,316367E-1
275,072931	79,900002	80,000000	1,316635E-1
275,072931	79,900002	80,000000	1,316651E-1
276,073098	79,900002	80,000000	1,316651E-1
276,073098	79,900002	80,000000	1,316667E-1
276,073098	79,900002	80,000000	1,316683E-1
276,073098	79,900002	80,000000	1,316699E-1
276,073098	79,900002	80,000000	1,316699E-1
276,073098	79,900002	80,000000	1,316715E-1
276,073098	79,900002	80,000000	1,316731E-1
276,073098	79,900002	80,000000	1,316748E-1
276,073098	79,900002	80,000000	1,316764E-1
276,073098	79,900002	80,000000	1,316764E-1
277,072527	79,699997	80,000000	1,317316E-1
277,072527	79,699997	80,000000	1,317316E-1
277,072527	79,699997	80,000000	1,317364E-1
277,072527	79,699997	80,000000	1,317364E-1
277,072527	79,699997	80,000000	1,317412E-1
277,072527	79,699997	80,000000	1,317460E-1
277,072527	79,699997	80,000000	1,317508E-1
277,072527	79,699997	80,000000	1,317556E-1
277,072527	79,699997	80,000000	1,317556E-1
277,072527	80,099998	80,000000	1,317605E-1
278,072977	80,099998	80,000000	1,316581E-1
278,072977	80,099998	80,000000	1,316565E-1
278,072977	80,099998	80,000000	1,316549E-1
278,072977	80,099998	80,000000	1,316549E-1
278,072977	80,099998	80,000000	1,316532E-1
278,072977	80,099998	80,000000	1,316532E-1
278,072977	80,099998	80,000000	1,316516E-1
278,072977	80,099998	80,000000	1,316516E-1
278,072977	80,099998	80,000000	1,316500E-1
278,072977	79,500000	80,000000	1,316484E-1
279,072387	79,500000	80,000000	1,318076E-1
279,072387	79,500000	80,000000	1,318076E-1
279,072387	79,500000	80,000000	1,318157E-1
279,072387	79,500000	80,000000	1,318237E-1
279,072387	79,500000	80,000000	1,318237E-1
279,072387	79,500000	80,000000	1,318317E-1
279,072387	79,500000	80,000000	1,318397E-1
279,072387	79,500000	80,000000	1,318478E-1
279,072387	79,500000	80,000000	1,318478E-1
279,072387	79,500000	80,000000	1,318558E-1
280,072807	79,699997	80,000000	1,318558E-1
280,072807	79,699997	80,000000	1,318558E-1
280,072807	79,699997	80,000000	1,318102E-1
280,072807	79,699997	80,000000	1,318150E-1
280,072807	79,699997	80,000000	1,318150E-1
280,072807	79,699997	80,000000	1,318198E-1
280,072807	79,699997	80,000000	1,318247E-1
280,072807	79,699997	80,000000	1,318247E-1
280,072807	79,699997	80,000000	1,318295E-1
280,072807	79,699997	80,000000	1,318295E-1
281,074276	79,800003	80,000000	1,318343E-1
281,074276	79,800003	80,000000	1,318123E-1
281,074276	79,800003	80,000000	1,318155E-1
281,074276	79,800003	80,000000	1,318187E-1
281,074276	79,800003	80,000000	1,318187E-1
281,074276	79,800003	80,000000	1,318187E-1
281,074276	79,800003	80,000000	1,318219E-1
281,074276	79,800003	80,000000	1,318219E-1
281,074276	79,800003	80,000000	1,318251E-1
281,074276	79,800003	80,000000	1,318283E-1
282,073685	79,800003	80,000000	1,318316E-1
282,073685	79,800003	80,000000	1,318348E-1
282,073685	79,800003	80,000000	1,318348E-1
282,073685	79,800003	80,000000	1,318380E-1
282,073685	79,800003	80,000000	1,318412E-1
282,073685	79,800003	80,000000	1,318444E-1
282,073685	79,800003	80,000000	1,318444E-1
282,073685	79,800003	80,000000	1,318476E-1
282,073685	79,800003	80,000000	1,318508E-1
282,073685	79,800003	80,000000	1,318508E-1
283,074054	79,800003	80,000000	1,318540E-1
283,074054	79,800003	80,000000	1,318540E-1
283,074054	79,800003	80,000000	1,318572E-1
283,074054	79,800003	80,000000	1,318572E-1
283,074054	79,800003	80,000000	1,318604E-1
283,074054	79,800003	80,000000	1,318637E-1
283,074054	79,800003	80,000000	1,318637E-1
283,074054	79,800003	80,000000	1,318669E-1
283,074054	79,900002	80,000000	1,318701E-1
283,074054	79,900002	80,000000	1,318465E-1
284,074555	79,900002	80,000000	1,318481E-1
284,074555	79,900002	80,000000	1,318497E-1
284,074555	79,900002	80,000000	1,318497E-1
284,074555	79,900002	80,000000	1,318513E-1
284,074555	79,900002	80,000000	1,318529E-1
284,074555	79,900002	80,000000	1,318529E-1
284,074555	79,900002	80,000000	1,318529E-1
284,074555	79,900002	80,000000	1,318545E-1
284,074555	79,900002	80,000000	1,318561E-1
284,074555	80,400002	80,000000	1,318561E-1
285,074930	80,400002	80,000000	1,317237E-1
285,074930	80,400002	80,000000	1,317173E-1
285,074930	80,400002	80,000000	1,317173E-1
285,074930	80,400002	80,000000	1,317109E-1
285,074930	80,400002	80,000000	1,317044E-1
285,074930	80,400002	80,000000	1,317044E-1
285,074930	80,400002	80,000000	1,316980E-1
285,074930	80,400002	80,000000	1,316916E-1
285,074930	80,400002	80,000000	1,316852E-1
285,074930	80,400002	80,000000	1,316852E-1
286,075335	80,400002	80,000000	1,316852E-1
286,075335	80,400002	80,000000	1,316852E-1
286,075335	80,000000	80,000000	1,316852E-1
286,075335	80,000000	80,000000	1,317860E-1
286,075335	80,000000	80,000000	1,317860E-1
286,075335	80,000000	80,000000	1,317860E-1
286,075335	80,000000	80,000000	1,317860E-1
286,075335	80,000000	80,000000	1,317860E-1
286,075335	80,000000	80,000000	1,317860E-1
286,075335	80,000000	80,000000	1,317860E-1
287,074744	80,000000	80,000000	1,317860E-1
287,074744	80,000000	80,000000	1,317860E-1
287,074744	80,000000	80,000000	1,317860E-1
287,074744	80,000000	80,000000	1,317860E-1
287,074744	80,000000	80,000000	1,317860E-1
287,074744	80,000000	80,000000	1,317860E-1
287,074744	80,000000	80,000000	1,317860E-1
287,074744	80,000000	80,000000	1,317860E-1
287,074744	80,000000	80,000000	1,317860E-1
287,074744	80,000000	80,000000	1,317860E-1
288,075218	80,000000	80,000000	1,317860E-1
288,075218	80,000000	80,000000	1,317860E-1
288,075218	80,000000	80,000000	1,317860E-1
288,075218	80,000000	80,000000	1,317860E-1
288,075218	80,000000	80,000000	1,317860E-1
288,075218	80,000000	80,000000	1,317860E-1
288,075218	80,000000	80,000000	1,317860E-1
288,075218	80,000000	80,000000	1,317860E-1
288,075218	80,000000	80,000000	1,317860E-1
288,075218	80,000000	80,000000	1,317860E-1
289,074603	80,000000	80,000000	1,317860E-1
289,074603	80,000000	80,000000	1,317860E-1
289,074603	80,000000	80,000000	1,317860E-1
289,074603	80,000000	80,000000	1,317860E-1
289,074603	80,000000	80,000000	1,317860E-1
289,074603	80,000000	80,000000	1,317860E-1
289,074603	80,000000	80,000000	1,317860E-1
289,074603	80,000000	80,000000	1,317860E-1
289,074603	80,000000	80,000000	1,317860E-1
289,074603	80,000000	80,000000	1,317860E-1
290,075063	80,000000	80,000000	1,317860E-1
290,075063	80,000000	80,000000	1,317860E-1
290,075063	80,000000	80,000000	1,317860E-1
290,075063	80,000000	80,000000	1,317860E-1
290,075063	80,000000	80,000000	1,317860E-1
290,075063	80,000000	80,000000	1,317860E-1
290,075063	80,000000	80,000000	1,317860E-1
290,075063	80,199997	80,000000	1,317860E-1
290,075063	80,199997	80,000000	1,317860E-1
290,075063	80,199997	80,000000	1,317860E-1
291,074504	80,199997	80,000000	1,317860E-1
291,074504	80,199997	80,000000	1,317860E-1
291,074504	80,199997	80,000000	1,317860E-1
291,074504	80,199997	80,000000	1,317860E-1
291,074504	80,199997	80,000000	1,317860E-1
291,074504	80,199997	80,000000	1,317860E-1
291,074504	80,199997	80,000000	1,317860E-1
291,074504	80,199997	80,000000	1,317860E-1
291,074504	80,199997	80,000000	1,317860E-1
291,074504	80,199997	80,000000	1,317860E-1
292,075940	80,199997	80,000000	1,317860E-1
292,075940	80,199997	80,000000	1,317860E-1
292,075940	80,199997	80,000000	1,317324E-1
292,075940	80,199997	80,000000	1,317324E-1
292,075940	80,199997	80,000000	1,317324E-1
292,075940	80,199997	80,000000	1,317292E-1
292,075940	80,199997	80,000000	1,317292E-1
292,075940	80,199997	80,000000	1,317292E-1
292,075940	80,199997	80,000000	1,317292E-1
292,075940	80,199997	80,000000	1,317292E-1
293,076326	80,199997	80,000000	1,317292E-1
293,076326	80,199997	80,000000	1,317292E-1
293,076326	80,199997	80,000000	1,317292E-1
293,076326	80,199997	80,000000	1,317292E-1
293,076326	80,199997	80,000000	1,317292E-1
293,076326	80,199997	80,000000	1,317292E-1
293,076326	80,199997	80,000000	1,317292E-1
293,076326	80,199997	80,000000	1,317292E-1
293,076326	80,199997	80,000000	1,317292E-1
293,076326	80,199997	80,000000	1,317292E-1
294,075789	80,199997	80,000000	1,317292E-1
294,075789	80,199997	80,000000	1,317292E-1
294,075789	79,800003	80,000000	1,317292E-1
294,075789	79,800003	80,000000	1,317292E-1
294,075789	79,800003	80,000000	1,317292E-1
294,075789	79,800003	80,000000	1,317292E-1
294,075789	79,800003	80,000000	1,317292E-1
294,075789	79,800003	80,000000	1,317292E-1
294,075789	79,800003	80,000000	1,317292E-1
294,075789	79,800003	80,000000	1,317292E-1
295,076158	79,800003	80,000000	1,317292E-1
295,076158	79,800003	80,000000	1,317292E-1
295,076158	79,800003	80,000000	1,317292E-1
295,076158	79,800003	80,000000	1,317292E-1
295,076158	79,800003	80,000000	1,317292E-1
295,076158	79,800003	80,000000	1,317292E-1
295,076158	79,800003	80,000000	1,317292E-1
295,076158	79,800003	80,000000	1,317292E-1
295,076158	79,800003	80,000000	1,318332E-1
295,076158	79,800003	80,000000	1,318332E-1
296,075805	79,600006	80,000000	1,318332E-1
296,075805	79,600006	80,000000	1,318332E-1
296,075805	79,600006	80,000000	1,318332E-1
296,075805	79,600006	80,000000	1,318332E-1
296,075805	79,600006	80,000000	1,318332E-1
296,075805	79,600006	80,000000	1,318332E-1
296,075805	79,600006	80,000000	1,318332E-1
296,075805	79,600006	80,000000	1,318332E-1
296,075805	79,600006	80,000000	1,318332E-1
296,075805	79,600006	80,000000	1,318332E-1
297,076235	79,600006	80,000000	1,318332E-1
297,076235	79,600006	80,000000	1,318332E-1
297,076235	79,600006	80,000000	1,318332E-1
297,076235	79,600006	80,000000	1,318332E-1
297,076235	79,600006	80,000000	1,318332E-1
297,076235	79,600006	80,000000	1,318900E-1
297,076235	79,600006	80,000000	1,318900E-1
297,076235	79,800003	80,000000	1,318900E-1
297,076235	79,800003	80,000000	1,318428E-1
297,076235	79,800003	80,000000	1,318428E-1
298,076619	79,800003	80,000000	1,318428E-1
298,076619	79,800003	80,000000	1,318460E-1
298,076619	79,699997	80,000000	1,318460E-1
298,076619	79,699997	80,000000	1,318760E-1
298,076619	79,699997	80,000000	1,318808E-1
298,076619	79,699997	80,000000	1,318808E-1
298,076619	79,699997	80,000000	1,318856E-1
298,076619	79,699997	80,000000	1,318905E-1
298,076619	79,699997	80,000000	1,318905E-1
298,076619	79,699997	80,000000	1,318953E-1
299,077078	79,699997	80,000000	1,319001E-1
299,077078	79,699997	80,000000	1,319049E-1
299,077078	79,699997	80,000000	1,319049E-1
299,077078	79,699997	80,000000	1,319097E-1
299,077078	79,699997	80,000000	1,319097E-1
299,077078	79,699997	80,000000	1,319145E-1
299,077078	79,699997	80,000000	1,319145E-1
299,077078	80,000000	80,000000	1,318389E-1
299,077078	80,000000	80,000000	1,318389E-1
299,077078	80,000000	80,000000	1,318389E-1
300,076510	80,000000	80,000000	1,318389E-1
300,076510	80,000000	80,000000	1,318389E-1
300,076510	80,000000	80,000000	1,318389E-1
300,076510	80,000000	80,000000	1,318389E-1
300,076510	80,000000	80,000000	1,318389E-1
300,076510	79,600006	80,000000	1,318389E-1
300,076510	79,600006	80,000000	1,318389E-1
300,076510	79,600006	80,000000	1,319461E-1
300,076510	79,600006	80,000000	1,319526E-1
300,076510	79,600006	80,000000	1,319526E-1
301,076909	79,600006	80,000000	1,319590E-1
301,076909	79,600006	80,000000	1,319590E-1
301,076909	79,600006	80,000000	1,319590E-1
301,076909	79,600006	80,000000	1,319654E-1
301,076909	79,600006	80,000000	1,319718E-1
301,076909	79,600006	80,000000	1,319782E-1
301,076909	79,600006	80,000000	1,319782E-1
301,076909	79,699997	80,000000	1,319847E-1
301,076909	79,699997	80,000000	1,319643E-1
301,076909	79,699997	80,000000	1,319691E-1
302,078306	79,699997	80,000000	1,319691E-1
302,078306	79,699997	80,000000	1,319739E-1
302,078306	79,699997	80,000000	1,319787E-1
302,078306	79,699997	80,000000	1,319787E-1
302,078306	79,699997	80,000000	1,319835E-1
302,078306	79,699997	80,000000	1,319835E-1
302,078306	79,800003	80,000000	1,319616E-1
302,078306	79,800003	80,000000	1,319616E-1
302,078306	79,800003	80,000000	1,319648E-1
302,078306	79,800003	80,000000	1,319680E-1
303,078740	79,800003	80,000000	1,319712E-1
303,078740	79,800003	80,000000	1,319744E-1
303,078740	79,800003	80,000000	1,319744E-1
303,078740	79,800003	80,000000	1,319776E-1
303,078740	79,800003	80,000000	1,319808E-1
303,078740	79,800003	80,000000	1,319840E-1
303,078740	80,100006	80,000000	1,319068E-1
303,078740	80,100006	80,000000	1,319052E-1
303,078740	80,100006	80,000000	1,319052E-1
303,078740	80,100006	80,000000	1,319036E-1
304,079190	80,100006	80,000000	1,319036E-1
304,079190	80,100006	80,000000	1,319036E-1
304,079190	80,100006	80,000000	1,319020E-1
304,079190	80,100006	80,000000	1,319004E-1
304,079190	80,100006	80,000000	1,318988E-1
304,079190	80,100006	80,000000	1,318988E-1
304,079190	80,100006	80,000000	1,318972E-1
304,079190	80,100006	80,000000	1,318956E-1
304,079190	80,100006	80,000000	1,318940E-1
304,079190	80,100006	80,000000	1,318940E-1
305,078627	80,100006	80,000000	1,318924E-1
305,078627	80,000000	80,000000	1,318908E-1
305,078627	80,000000	80,000000	1,319160E-1
305,078627	80,000000	80,000000	1,319160E-1
305,078627	80,000000	80,000000	1,319160E-1
305,078627	80,000000	80,000000	1,319160E-1
305,078627	80,000000	80,000000	1,319160E-1
305,078627	80,000000	80,000000	1,319160E-1
305,078627	80,000000	80,000000	1,319160E-1
305,078627	80,000000	80,000000	1,319160E-1
306,079007	80,000000	80,000000	1,319160E-1
306,079007	80,000000	80,000000	1,319160E-1
306,079007	80,000000	80,000000	1,319160E-1
306,079007	80,000000	80,000000	1,319160E-1
306,079007	80,000000	80,000000	1,319160E-1
306,079007	80,000000	80,000000	1,319160E-1
306,079007	80,000000	80,000000	1,319160E-1
306,079007	80,000000	80,000000	1,319160E-1
306,079007	80,000000	80,000000	1,319160E-1
306,079007	80,000000	80,000000	1,319160E-1
307,078523	80,000000	80,000000	1,319160E-1
307,078523	80,199997	80,000000	1,319160E-1
307,078523	80,199997	80,000000	1,319160E-1
307,078523	80,199997	80,000000	1,318624E-1
307,078523	80,199997	80,000000	1,318624E-1
307,078523	80,199997	80,000000	1,318624E-1
307,078523	80,199997	80,000000	1,318624E-1
307,078523	80,199997	80,000000	1,318624E-1
307,078523	80,199997	80,000000	1,318624E-1
307,078523	80,199997	80,000000	1,318624E-1
308,078942	80,199997	80,000000	1,318624E-1
308,078942	80,199997	80,000000	1,318624E-1
308,078942	80,199997	80,000000	1,318624E-1
308,078942	80,199997	80,000000	1,318624E-1
308,078942	80,199997	80,000000	1,318624E-1
308,078942	80,199997	80,000000	1,318624E-1
308,078942	80,199997	80,000000	1,318624E-1
308,078942	80,199997	80,000000	1,318624E-1
308,078942	80,199997	80,000000	1,318624E-1
308,078942	80,199997	80,000000	1,318624E-1
309,079306	80,199997	80,000000	1,318624E-1
309,079306	80,199997	80,000000	1,318624E-1
309,079306	80,199997	80,000000	1,318624E-1
309,079306	80,199997	80,000000	1,318624E-1
309,079306	80,199997	80,000000	1,318624E-1
309,079306	80,199997	80,000000	1,318624E-1
309,079306	80,199997	80,000000	1,318624E-1
309,079306	80,199997	80,000000	1,318624E-1
309,079306	80,199997	80,000000	1,318592E-1
309,079306	80,199997	80,000000	1,318592E-1
310,078809	80,199997	80,000000	1,318592E-1
310,078809	80,199997	80,000000	1,318592E-1
310,078809	80,199997	80,000000	1,318592E-1
310,078809	80,199997	80,000000	1,318592E-1
310,078809	80,199997	80,000000	1,318592E-1
310,078809	80,199997	80,000000	1,318592E-1
310,078809	80,199997	80,000000	1,318592E-1
310,078809	80,199997	80,000000	1,318592E-1
310,078809	80,199997	80,000000	1,318592E-1
310,078809	80,199997	80,000000	1,318592E-1
311,079157	80,199997	80,000000	1,318592E-1
311,079157	80,199997	80,000000	1,318592E-1
311,079157	80,199997	80,000000	1,318592E-1
311,079157	80,199997	80,000000	1,318592E-1
311,079157	80,199997	80,000000	1,318592E-1
311,079157	80,199997	80,000000	1,318559E-1
311,079157	79,800003	80,000000	1,318559E-1
311,079157	79,800003	80,000000	1,318559E-1
311,079157	79,800003	80,000000	1,318559E-1
311,079157	79,800003	80,000000	1,318559E-1
312,079591	79,800003	80,000000	1,318559E-1
312,079591	79,800003	80,000000	1,318559E-1
312,079591	79,800003	80,000000	1,318559E-1
312,079591	79,800003	80,000000	1,318559E-1
312,079591	79,800003	80,000000	1,318559E-1
312,079591	79,800003	80,000000	1,318559E-1
312,079591	79,800003	80,000000	1,318559E-1
312,079591	79,800003	80,000000	1,318559E-1
312,079591	79,800003	80,000000	1,318559E-1
312,079591	79,800003	80,000000	1,318559E-1
313,080011	79,800003	80,000000	1,318559E-1
313,080011	79,800003	80,000000	1,318559E-1
313,080011	79,800003	80,000000	1,318559E-1
313,080011	79,800003	80,000000	1,319599E-1
313,080011	79,800003	80,000000	1,319599E-1
313,080011	79,800003	80,000000	1,319599E-1
313,080011	79,800003	80,000000	1,319599E-1
313,080011	79,800003	80,000000	1,319599E-1
313,080011	79,800003	80,000000	1,319599E-1
313,080011	79,800003	80,000000	1,319599E-1
314,079445	79,800003	80,000000	1,319599E-1
314,079445	79,800003	80,000000	1,319599E-1
314,079445	79,800003	80,000000	1,319599E-1
314,079445	79,800003	80,000000	1,319599E-1
314,079445	79,800003	80,000000	1,319599E-1
314,079445	79,800003	80,000000	1,319599E-1
314,079445	79,800003	80,000000	1,319599E-1
314,079445	79,800003	80,000000	1,319599E-1
314,079445	79,800003	80,000000	1,319599E-1
314,079445	79,800003	80,000000	1,319599E-1
315,079868	79,800003	80,000000	1,319632E-1
315,079868	79,800003	80,000000	1,319632E-1
315,079868	79,800003	80,000000	1,319632E-1
315,079868	79,800003	80,000000	1,319632E-1
315,079868	79,800003	80,000000	1,319632E-1
315,079868	79,800003	80,000000	1,319632E-1
315,079868	79,800003	80,000000	1,319632E-1
315,079868	79,800003	80,000000	1,319632E-1
315,079868	79,800003	80,000000	1,319632E-1
315,079868	79,800003	80,000000	1,319632E-1
316,080342	79,800003	80,000000	1,319632E-1
316,080342	79,800003	80,000000	1,319632E-1
316,080342	79,800003	80,000000	1,319632E-1
316,080342	79,800003	80,000000	1,319632E-1
316,080342	79,800003	80,000000	1,319632E-1
316,080342	79,800003	80,000000	1,319632E-1
316,080342	79,800003	80,000000	1,319632E-1
316,080342	79,800003	80,000000	1,319632E-1
316,080342	79,800003	80,000000	1,319664E-1
316,080342	79,600006	80,000000	1,319664E-1
317,080720	79,600006	80,000000	1,319664E-1
317,080720	79,600006	80,000000	1,319664E-1
317,080720	79,600006	80,000000	1,319664E-1
317,080720	79,600006	80,000000	1,319664E-1
317,080720	79,600006	80,000000	1,319664E-1
317,080720	79,600006	80,000000	1,319664E-1
317,080720	79,600006	80,000000	1,319664E-1
317,080720	79,600006	80,000000	1,319664E-1
317,080720	79,600006	80,000000	1,319664E-1
317,080720	79,600006	80,000000	1,319664E-1
318,081154	79,600006	80,000000	1,319664E-1
318,081154	79,600006	80,000000	1,319664E-1
318,081154	79,600006	80,000000	1,319664E-1
318,081154	79,600006	80,000000	1,319664E-1
318,081154	79,600006	80,000000	1,319664E-1
318,081154	79,600006	80,000000	1,320232E-1
318,081154	79,600006	80,000000	1,320232E-1
318,081154	79,600006	80,000000	1,320232E-1
318,081154	80,000000	80,000000	1,319224E-1
318,081154	80,000000	80,000000	1,319224E-1
319,081590	80,000000	80,000000	1,319224E-1
319,081590	80,000000	80,000000	1,319224E-1
319,081590	79,800003	80,000000	1,319224E-1
319,081590	79,800003	80,000000	1,319760E-1
319,081590	79,800003	80,000000	1,319792E-1
319,081590	79,800003	80,000000	1,319824E-1
319,081590	79,800003	80,000000	1,319856E-1
319,081590	79,800003	80,000000	1,319856E-1
319,081590	79,800003	80,000000	1,319888E-1
319,081590	79,800003	80,000000	1,319920E-1
320,082001	79,800003	80,000000	1,319953E-1
320,082001	79,800003	80,000000	1,319953E-1
320,082001	79,800003	80,000000	1,319985E-1
320,082001	79,800003	80,000000	1,320017E-1
320,082001	80,000000	80,000000	1,320017E-1
320,082001	80,000000	80,000000	1,320017E-1
320,082001	80,000000	80,000000	1,319513E-1
320,082001	80,000000	80,000000	1,319513E-1
320,082001	80,000000	80,000000	1,319513E-1
320,082001	80,000000	80,000000	1,319513E-1
321,082377	80,000000	80,000000	1,319513E-1
321,082377	80,000000	80,000000	1,319513E-1
321,082377	80,000000	80,000000	1,319513E-1
321,082377	80,000000	80,000000	1,319513E-1
321,082377	79,699997	80,000000	1,319513E-1
321,082377	79,699997	80,000000	1,320317E-1
321,082377	79,699997	80,000000	1,320365E-1
321,082377	79,699997	80,000000	1,320365E-1
321,082377	79,699997	80,000000	1,320413E-1
321,082377	79,699997	80,000000	1,320413E-1
322,083818	79,699997	80,000000	1,320461E-1
322,083818	79,699997	80,000000	1,320461E-1
322,083818	79,699997	80,000000	1,320509E-1
322,083818	79,500000	80,000000	1,320558E-1
322,083818	79,500000	80,000000	1,320558E-1
322,083818	79,500000	80,000000	1,321142E-1
322,083818	79,500000	80,000000	1,321222E-1
322,083818	79,500000	80,000000	1,321222E-1
322,083818	79,500000	80,000000	1,321302E-1
322,083818	79,500000	80,000000	1,321383E-1
323,084337	79,500000	80,000000	1,321463E-1
323,084337	79,500000	80,000000	1,321463E-1
323,084337	79,500000	80,000000	1,321543E-1
323,084337	79,500000	80,000000	1,321623E-1
323,084337	80,099998	80,000000	1,321623E-1
323,084337	80,099998	80,000000	1,321623E-1
323,084337	80,099998	80,000000	1,320095E-1
323,084337	80,099998	80,000000	1,320095E-1
323,084337	80,099998	80,000000	1,320079E-1
323,084337	80,099998	80,000000	1,320063E-1
324,084699	80,099998	80,000000	1,320063E-1
324,084699	80,099998	80,000000	1,320047E-1
324,084699	80,099998	80,000000	1,320031E-1
324,084699	80,099998	80,000000	1,320031E-1
324,084699	79,899994	80,000000	1,320015E-1
324,084699	79,899994	80,000000	1,320535E-1
324,084699	79,899994	80,000000	1,320551E-1
324,084699	79,899994	80,000000	1,320551E-1
324,084699	79,899994	80,000000	1,320567E-1
324,084699	79,899994	80,000000	1,320567E-1
325,086144	79,899994	80,000000	1,320583E-1
325,086144	79,899994	80,000000	1,320583E-1
325,086144	79,899994	80,000000	1,320599E-1
325,086144	79,899994	80,000000	1,320615E-1
325,086144	79,899994	80,000000	1,320631E-1
325,086144	79,899994	80,000000	1,320631E-1
325,086144	79,899994	80,000000	1,320648E-1
325,086144	79,899994	80,000000	1,320664E-1
325,086144	79,899994	80,000000	1,320680E-1
325,086144	79,899994	80,000000	1,320696E-1
326,085548	79,899994	80,000000	1,320696E-1
326,085548	79,899994	80,000000	1,320712E-1
326,085548	79,899994	80,000000	1,320728E-1
326,085548	79,900002	80,000000	1,320744E-1
326,085548	79,900002	80,000000	1,320744E-1
326,085548	79,900002	80,000000	1,320760E-1
326,085548	79,900002	80,000000	1,320760E-1
326,085548	79,900002	80,000000	1,320776E-1
326,085548	79,900002	80,000000	1,320776E-1
326,085548	79,900002	80,000000	1,320792E-1
327,085937	79,900002	80,000000	1,320808E-1
327,085937	79,900002	80,000000	1,320824E-1
327,085937	79,900002	80,000000	1,320824E-1
327,085937	80,300003	80,000000	1,320840E-1
327,085937	80,300003	80,000000	1,319784E-1
327,085937	80,300003	80,000000	1,319784E-1
327,085937	80,300003	80,000000	1,319736E-1
327,085937	80,300003	80,000000	1,319688E-1
327,085937	80,300003	80,000000	1,319640E-1
327,085937	80,300003	80,000000	1,319640E-1
328,086404	80,300003	80,000000	1,319640E-1
328,086404	80,300003	80,000000	1,319591E-1
328,086404	80,300003	80,000000	1,319591E-1
328,086404	80,400002	80,000000	1,319543E-1
328,086404	80,400002	80,000000	1,319227E-1
328,086404	80,400002	80,000000	1,319227E-1
328,086404	80,400002	80,000000	1,319163E-1
328,086404	80,400002	80,000000	1,319099E-1
328,086404	80,400002	80,000000	1,319099E-1
328,086404	80,400002	80,000000	1,319035E-1
329,086836	80,400002	80,000000	1,318970E-1
329,086836	80,400002	80,000000	1,318906E-1
329,086836	80,400002	80,000000	1,318906E-1
329,086836	80,400002	80,000000	1,318906E-1
329,086836	80,400002	80,000000	1,318842E-1
329,086836	80,400002	80,000000	1,318842E-1
329,086836	80,400002	80,000000	1,318842E-1
329,086836	80,100006	80,000000	1,318842E-1
329,086836	80,100006	80,000000	1,319582E-1
329,086836	80,100006	80,000000	1,319582E-1
330,088289	80,100006	80,000000	1,319582E-1
330,088289	80,100006	80,000000	1,319582E-1
330,088289	80,100006	80,000000	1,319582E-1
330,088289	80,100006	80,000000	1,319582E-1
330,088289	80,100006	80,000000	1,319582E-1
330,088289	80,100006	80,000000	1,319582E-1
330,088289	80,100006	80,000000	1,319582E-1
330,088289	80,100006	80,000000	1,319582E-1
330,088289	80,100006	80,000000	1,319582E-1
330,088289	80,100006	80,000000	1,319582E-1
331,087661	80,100006	80,000000	1,319582E-1
331,087661	80,100006	80,000000	1,319582E-1
331,087661	80,100006	80,000000	1,319582E-1
331,087661	80,100006	80,000000	1,319582E-1
331,087661	80,100006	80,000000	1,319582E-1
331,087661	80,100006	80,000000	1,319582E-1
331,087661	80,100006	80,000000	1,319582E-1
331,087661	80,100006	80,000000	1,319582E-1
331,087661	80,100006	80,000000	1,319582E-1
331,087661	80,100006	80,000000	1,319582E-1
332,088112	80,100006	80,000000	1,319582E-1
332,088112	80,100006	80,000000	1,319582E-1
332,088112	80,100006	80,000000	1,319582E-1
332,088112	80,100006	80,000000	1,319566E-1
332,088112	80,100006	80,000000	1,319566E-1
332,088112	80,100006	80,000000	1,319566E-1
332,088112	80,100006	80,000000	1,319566E-1
332,088112	80,100006	80,000000	1,319566E-1
332,088112	80,100006	80,000000	1,319566E-1
332,088112	80,100006	80,000000	1,319566E-1
333,087647	80,100006	80,000000	1,319566E-1
333,087647	80,100006	80,000000	1,319566E-1
333,087647	80,100006	80,000000	1,319566E-1
333,087647	80,100006	80,000000	1,319566E-1
333,087647	80,100006	80,000000	1,319566E-1
333,087647	80,100006	80,000000	1,319566E-1
333,087647	80,100006	80,000000	1,319566E-1
333,087647	80,100006	80,000000	1,319566E-1
333,087647	80,100006	80,000000	1,319566E-1
333,087647	79,800003	80,000000	1,319566E-1
334,088097	79,800003	80,000000	1,320354E-1
334,088097	79,800003	80,000000	1,320354E-1
334,088097	79,800003	80,000000	1,320354E-1
334,088097	79,800003	80,000000	1,320354E-1
334,088097	79,800003	80,000000	1,320354E-1
334,088097	79,800003	80,000000	1,320354E-1
334,088097	79,800003	80,000000	1,320354E-1
334,088097	79,800003	80,000000	1,320354E-1
334,088097	79,800003	80,000000	1,320354E-1
334,088097	79,800003	80,000000	1,320354E-1
335,088486	79,800003	80,000000	1,320354E-1
335,088486	79,800003	80,000000	1,320354E-1
335,088486	79,800003	80,000000	1,320354E-1
335,088486	79,800003	80,000000	1,320354E-1
335,088486	79,800003	80,000000	1,320354E-1
335,088486	79,800003	80,000000	1,320354E-1
335,088486	79,800003	80,000000	1,320386E-1
335,088486	79,800003	80,000000	1,320386E-1
335,088486	79,800003	80,000000	1,320386E-1
335,088486	79,800003	80,000000	1,320386E-1
336,088557	79,800003	80,000000	1,320386E-1
336,088557	79,800003	80,000000	1,320386E-1
336,088557	79,800003	80,000000	1,320386E-1
336,088557	79,800003	80,000000	1,320386E-1
336,088557	79,800003	80,000000	1,320386E-1
336,088557	79,800003	80,000000	1,320386E-1
336,088557	79,800003	80,000000	1,320386E-1
336,088557	79,800003	80,000000	1,320386E-1
336,088557	79,800003	80,000000	1,320386E-1
336,088557	79,800003	80,000000	1,320386E-1
337,088917	79,800003	80,000000	1,320386E-1
337,088917	79,800003	80,000000	1,320386E-1
337,088917	79,800003	80,000000	1,320386E-1
337,088917	79,699997	80,000000	1,320686E-1
337,088917	79,699997	80,000000	1,320686E-1
337,088917	79,699997	80,000000	1,320686E-1
337,088917	79,699997	80,000000	1,320686E-1
337,088917	79,699997	80,000000	1,320686E-1
337,088917	79,699997	80,000000	1,320686E-1
337,088917	79,699997	80,000000	1,320686E-1
338,088656	79,699997	80,000000	1,320686E-1
338,088656	79,699997	80,000000	1,320686E-1
338,088656	79,699997	80,000000	1,320686E-1
338,088656	79,699997	80,000000	1,320686E-1
338,088656	79,699997	80,000000	1,320686E-1
338,088656	79,699997	80,000000	1,320686E-1
338,088656	79,699997	80,000000	1,320686E-1
338,088656	79,699997	80,000000	1,320686E-1
338,088656	79,699997	80,000000	1,320686E-1
338,088656	79,699997	80,000000	1,320686E-1
339,089098	79,599998	80,000000	1,321002E-1
339,089098	79,599998	80,000000	1,321002E-1
339,089098	79,599998	80,000000	1,321002E-1
339,089098	79,599998	80,000000	1,321002E-1
339,089098	79,599998	80,000000	1,321002E-1
339,089098	79,599998	80,000000	1,321002E-1
339,089098	79,599998	80,000000	1,321002E-1
339,089098	79,599998	80,000000	1,321002E-1
339,089098	79,599998	80,000000	1,321002E-1
339,089098	79,599998	80,000000	1,321002E-1
340,088509	79,599998	80,000000	1,321002E-1
340,088509	79,599998	80,000000	1,321002E-1
340,088509	79,599998	80,000000	1,321002E-1
340,088509	79,599998	80,000000	1,321002E-1
340,088509	79,599998	80,000000	1,321002E-1
340,088509	79,599998	80,000000	1,321002E-1
340,088509	79,599998	80,000000	1,321002E-1
340,088509	79,500000	80,000000	1,321334E-1
340,088509	79,500000	80,000000	1,321334E-1
340,088509	80,000000	80,000000	1,320075E-1
341,088981	80,000000	80,000000	1,320075E-1
341,088981	80,000000	80,000000	1,320075E-1
341,088981	80,000000	80,000000	1,320075E-1
341,088981	80,000000	80,000000	1,320075E-1
341,088981	80,000000	80,000000	1,320075E-1
341,088981	80,000000	80,000000	1,320075E-1
341,088981	80,000000	80,000000	1,320075E-1
341,088981	80,000000	80,000000	1,320075E-1
341,088981	80,000000	80,000000	1,320075E-1
341,088981	80,000000	80,000000	1,320075E-1
342,088389	80,000000	80,000000	1,320075E-1
342,088389	80,000000	80,000000	1,320075E-1
342,088389	80,000000	80,000000	1,320075E-1
342,088389	80,099998	80,000000	1,320075E-1
342,088389	80,099998	80,000000	1,319807E-1
342,088389	80,099998	80,000000	1,319807E-1
342,088389	80,099998	80,000000	1,319790E-1
342,088389	80,099998	80,000000	1,319774E-1
342,088389	80,099998	80,000000	1,319774E-1
342,088389	80,099998	80,000000	1,319758E-1
343,089767	80,099998	80,000000	1,319742E-1
343,089767	80,099998	80,000000	1,319726E-1
343,089767	80,099998	80,000000	1,319710E-1
343,089767	79,500000	80,000000	1,321302E-1
343,089767	79,500000	80,000000	1,321302E-1
343,089767	79,500000	80,000000	1,321383E-1
343,089767	79,500000	80,000000	1,321383E-1
343,089767	79,500000	80,000000	1,321463E-1
343,089767	79,500000	80,000000	1,321463E-1
343,089767	79,500000	80,000000	1,321543E-1
344,091302	79,500000	80,000000	1,321623E-1
344,091302	79,500000	80,000000	1,321704E-1
344,091302	79,500000	80,000000	1,321704E-1
344,091302	79,600006	80,000000	1,321784E-1
344,091302	79,600006	80,000000	1,321596E-1
344,091302	79,600006	80,000000	1,321660E-1
344,091302	79,600006	80,000000	1,321724E-1
344,091302	79,600006	80,000000	1,321724E-1
344,091302	79,600006	80,000000	1,321789E-1
344,091302	79,600006	80,000000	1,321853E-1
345,090674	79,600006	80,000000	1,321853E-1
345,090674	79,600006	80,000000	1,321853E-1
345,090674	79,600006	80,000000	1,321917E-1
345,090674	79,900002	80,000000	1,321917E-1
345,090674	79,900002	80,000000	1,321177E-1
345,090674	79,900002	80,000000	1,321193E-1
345,090674	79,900002	80,000000	1,321209E-1
345,090674	79,900002	80,000000	1,321225E-1
345,090674	79,900002	80,000000	1,321225E-1
345,090674	79,900002	80,000000	1,321241E-1
346,092067	79,900002	80,000000	1,321257E-1
346,092067	79,900002	80,000000	1,321273E-1
346,092067	79,900002	80,000000	1,321289E-1
346,092067	79,900002	80,000000	1,321289E-1
346,092067	79,900002	80,000000	1,321306E-1
346,092067	79,900002	80,000000	1,321306E-1
346,092067	79,900002	80,000000	1,321322E-1
346,092067	80,000000	80,000000	1,321322E-1
346,092067	80,000000	80,000000	1,321322E-1
346,092067	80,000000	80,000000	1,321070E-1
347,091505	80,000000	80,000000	1,321070E-1
347,091505	80,000000	80,000000	1,321070E-1
347,091505	80,000000	80,000000	1,321070E-1
347,091505	80,000000	80,000000	1,321070E-1
347,091505	80,000000	80,000000	1,321070E-1
347,091505	80,000000	80,000000	1,321070E-1
347,091505	80,000000	80,000000	1,321070E-1
347,091505	80,000000	80,000000	1,321070E-1
347,091505	80,000000	80,000000	1,321070E-1
347,091505	80,000000	80,000000	1,321070E-1
348,091884	80,000000	80,000000	1,321070E-1
348,091884	80,000000	80,000000	1,321070E-1
348,091884	80,000000	80,000000	1,321070E-1
348,091884	80,000000	80,000000	1,321070E-1
348,091884	80,000000	80,000000	1,321070E-1
348,091884	80,000000	80,000000	1,321070E-1
348,091884	80,000000	80,000000	1,321070E-1
348,091884	80,100006	80,000000	1,320802E-1
348,091884	80,100006	80,000000	1,320785E-1
348,091884	80,100006	80,000000	1,320785E-1
349,092391	80,100006	80,000000	1,320769E-1
349,092391	80,100006	80,000000	1,320753E-1
349,092391	80,100006	80,000000	1,320753E-1
349,092391	80,100006	80,000000	1,320737E-1
349,092391	80,100006	80,000000	1,320721E-1
349,092391	80,100006	80,000000	1,320721E-1
349,092391	80,100006	80,000000	1,320705E-1
349,092391	80,100006	80,000000	1,320705E-1
349,092391	80,300003	80,000000	1,320153E-1
349,092391	80,300003	80,000000	1,320153E-1
350,091926	80,300003	80,000000	1,320105E-1
350,091926	80,300003	80,000000	1,320057E-1
350,091926	80,300003	80,000000	1,320009E-1
350,091926	80,300003	80,000000	1,319961E-1
350,091926	80,300003	80,000000	1,319912E-1
350,091926	80,300003	80,000000	1,319912E-1
350,091926	80,300003	80,000000	1,319912E-1
350,091926	80,000000	80,000000	1,319864E-1
350,091926	80,000000	80,000000	1,320620E-1
350,091926	80,000000	80,000000	1,320620E-1
351,093340	80,000000	80,000000	1,320620E-1
351,093340	80,000000	80,000000	1,320620E-1
351,093340	80,000000	80,000000	1,320620E-1
351,093340	80,000000	80,000000	1,320620E-1
351,093340	80,000000	80,000000	1,320620E-1
351,093340	80,000000	80,000000	1,320620E-1
351,093340	80,000000	80,000000	1,320620E-1
351,093340	80,000000	80,000000	1,320620E-1
351,093340	80,000000	80,000000	1,320620E-1
351,093340	80,000000	80,000000	1,320620E-1
352,092751	80,000000	80,000000	1,320620E-1
352,092751	80,000000	80,000000	1,320620E-1
352,092751	80,000000	80,000000	1,320620E-1
352,092751	80,000000	80,000000	1,320620E-1
352,092751	80,000000	80,000000	1,320620E-1
352,092751	80,000000	80,000000	1,320620E-1
352,092751	80,000000	80,000000	1,320620E-1
352,092751	80,000000	80,000000	1,320620E-1
352,092751	80,000000	80,000000	1,320620E-1
352,092751	80,000000	80,000000	1,320620E-1
353,093191	80,000000	80,000000	1,320620E-1
353,093191	79,900002	80,000000	1,320620E-1
353,093191	79,900002	80,000000	1,320888E-1
353,093191	79,900002	80,000000	1,320888E-1
353,093191	79,900002	80,000000	1,320904E-1
353,093191	79,900002	80,000000	1,320920E-1
353,093191	79,900002	80,000000	1,320936E-1
353,093191	79,900002	80,000000	1,320936E-1
353,093191	79,900002	80,000000	1,320952E-1
353,093191	79,900002	80,000000	1,320968E-1
354,092630	79,900002	80,000000	1,320968E-1
354,092630	79,900002	80,000000	1,320985E-1
354,092630	79,699997	80,000000	1,320985E-1
354,092630	79,699997	80,000000	1,320985E-1
354,092630	79,699997	80,000000	1,320985E-1
354,092630	79,699997	80,000000	1,321537E-1
354,092630	79,699997	80,000000	1,321537E-1
354,092630	79,699997	80,000000	1,321537E-1
354,092630	79,699997	80,000000	1,321537E-1
354,092630	79,699997	80,000000	1,321537E-1
355,093023	79,699997	80,000000	1,321537E-1
355,093023	79,699997	80,000000	1,321537E-1
355,093023	79,699997	80,000000	1,321537E-1
355,093023	79,699997	80,000000	1,321537E-1
355,093023	79,699997	80,000000	1,321537E-1
355,093023	79,699997	80,000000	1,321537E-1
355,093023	79,699997	80,000000	1,321537E-1
355,093023	79,699997	80,000000	1,321537E-1
355,093023	79,699997	80,000000	1,321537E-1
355,093023	79,699997	80,000000	1,321537E-1
356,092511	79,699997	80,000000	1,321537E-1
356,092511	79,699997	80,000000	1,321537E-1
356,092511	79,699997	80,000000	1,321537E-1
356,092511	79,699997	80,000000	1,321537E-1
356,092511	79,699997	80,000000	1,321537E-1
356,092511	79,699997	80,000000	1,321537E-1
356,092511	79,699997	80,000000	1,321537E-1
356,092511	79,699997	80,000000	1,321537E-1
356,092511	79,699997	80,000000	1,321537E-1
356,092511	79,699997	80,000000	1,321585E-1
357,092959	79,699997	80,000000	1,321585E-1
357,092959	79,699997	80,000000	1,321585E-1
357,092959	79,699997	80,000000	1,321585E-1
357,092959	79,699997	80,000000	1,321585E-1
357,092959	79,699997	80,000000	1,321585E-1
357,092959	79,699997	80,000000	1,321585E-1
357,092959	79,699997	80,000000	1,321585E-1
357,092959	79,699997	80,000000	1,321585E-1
357,092959	79,699997	80,000000	1,321585E-1
357,092959	79,699997	80,000000	1,321585E-1
358,093364	79,699997	80,000000	1,321585E-1
358,093364	79,699997	80,000000	1,321585E-1
358,093364	79,699997	80,000000	1,321585E-1
358,093364	79,699997	80,000000	1,321585E-1
358,093364	79,699997	80,000000	1,321585E-1
358,093364	79,699997	80,000000	1,321585E-1
358,093364	79,699997	80,000000	1,321585E-1
358,093364	79,699997	80,000000	1,321633E-1
358,093364	79,699997	80,000000	1,321633E-1
358,093364	79,699997	80,000000	1,321633E-1
359,093398	79,699997	80,000000	1,321633E-1
359,093398	79,699997	80,000000	1,321633E-1
359,093398	79,699997	80,000000	1,321633E-1
359,093398	79,699997	80,000000	1,321633E-1
359,093398	79,699997	80,000000	1,321633E-1
359,093398	79,699997	80,000000	1,321633E-1
359,093398	79,699997	80,000000	1,321633E-1
359,093398	79,699997	80,000000	1,321633E-1
359,093398	79,699997	80,000000	1,321633E-1
359,093398	79,699997	80,000000	1,321633E-1
360,094779	79,699997	80,000000	1,321633E-1
360,094779	79,699997	80,000000	1,321633E-1
360,094779	79,699997	80,000000	1,321633E-1
360,094779	79,699997	80,000000	1,321633E-1
360,094779	79,699997	80,000000	1,321681E-1
360,094779	79,699997	80,000000	1,321681E-1
360,094779	79,699997	80,000000	1,321681E-1
360,094779	79,699997	80,000000	1,321681E-1
360,094779	79,699997	80,000000	1,321681E-1
360,094779	79,699997	80,000000	1,321681E-1
361,096213	79,699997	80,000000	1,321681E-1
361,096213	79,699997	80,000000	1,321681E-1
361,096213	79,699997	80,000000	1,321681E-1
361,096213	79,699997	80,000000	1,321681E-1
361,096213	79,699997	80,000000	1,321681E-1
361,096213	79,699997	80,000000	1,321681E-1
361,096213	79,699997	80,000000	1,321681E-1
361,096213	79,699997	80,000000	1,321681E-1
361,096213	79,699997	80,000000	1,321681E-1
361,096213	79,699997	80,000000	1,321681E-1
362,095669	79,699997	80,000000	1,321681E-1
362,095669	79,699997	80,000000	1,321729E-1
362,095669	79,900002	80,000000	1,321729E-1
362,095669	79,900002	80,000000	1,321729E-1
362,095669	79,900002	80,000000	1,321729E-1
362,095669	79,900002	80,000000	1,321729E-1
362,095669	79,900002	80,000000	1,321729E-1
362,095669	79,900002	80,000000	1,321729E-1
362,095669	79,900002	80,000000	1,321729E-1
362,095669	79,900002	80,000000	1,321729E-1
363,096052	79,900002	80,000000	1,321729E-1
363,096052	79,900002	80,000000	1,321729E-1
363,096052	79,900002	80,000000	1,321729E-1
363,096052	79,900002	80,000000	1,321729E-1
363,096052	79,900002	80,000000	1,321729E-1
363,096052	79,900002	80,000000	1,321729E-1
363,096052	79,900002	80,000000	1,321729E-1
363,096052	79,900002	80,000000	1,321729E-1
363,096052	79,900002	80,000000	1,321729E-1
363,096052	79,900002	80,000000	1,321241E-1
364,095482	79,600006	80,000000	1,321241E-1
364,095482	79,600006	80,000000	1,321241E-1
364,095482	79,600006	80,000000	1,321241E-1
364,095482	79,600006	80,000000	1,321241E-1
364,095482	79,600006	80,000000	1,321241E-1
364,095482	79,600006	80,000000	1,321241E-1
364,095482	79,600006	80,000000	1,321241E-1
364,095482	79,600006	80,000000	1,321241E-1
364,095482	79,600006	80,000000	1,321241E-1
364,095482	79,600006	80,000000	1,321241E-1
365,096928	79,600006	80,000000	1,321241E-1
365,096928	79,600006	80,000000	1,321241E-1
365,096928	79,600006	80,000000	1,321241E-1
365,096928	79,600006	80,000000	1,321241E-1
365,096928	79,600006	80,000000	1,321241E-1
365,096928	79,600006	80,000000	1,321241E-1
365,096928	79,600006	80,000000	1,322061E-1
365,096928	79,600006	80,000000	1,322061E-1
365,096928	79,600006	80,000000	1,322061E-1
365,096928	79,699997	80,000000	1,321858E-1
366,096314	79,699997	80,000000	1,321858E-1
366,096314	79,699997	80,000000	1,321858E-1
366,096314	79,699997	80,000000	1,321906E-1
366,096314	79,699997	80,000000	1,321906E-1
366,096314	79,699997	80,000000	1,321954E-1
366,096314	79,699997	80,000000	1,322002E-1
366,096314	79,699997	80,000000	1,322050E-1
366,096314	79,699997	80,000000	1,322098E-1
366,096314	79,699997	80,000000	1,322146E-1
366,096314	79,699997	80,000000	1,322146E-1
367,096773	79,699997	80,000000	1,322195E-1
367,096773	79,699997	80,000000	1,322243E-1
367,096773	79,699997	80,000000	1,322291E-1
367,096773	79,699997	80,000000	1,322291E-1
367,096773	80,099998	80,000000	1,322339E-1
367,096773	80,099998	80,000000	1,322339E-1
367,096773	80,099998	80,000000	1,321315E-1
367,096773	80,099998	80,000000	1,321315E-1
367,096773	80,099998	80,000000	1,321299E-1
367,096773	80,099998	80,000000	1,321299E-1
368,097229	80,099998	80,000000	1,321283E-1
368,097229	80,099998	80,000000	1,321267E-1
368,097229	80,099998	80,000000	1,321251E-1
368,097229	80,099998	80,000000	1,321235E-1
368,097229	80,099998	80,000000	1,321235E-1
368,097229	79,800003	80,000000	1,321219E-1
368,097229	79,800003	80,000000	1,322007E-1
368,097229	79,800003	80,000000	1,322007E-1
368,097229	79,800003	80,000000	1,322039E-1
368,097229	79,800003	80,000000	1,322071E-1
369,096677	79,800003	80,000000	1,322071E-1
369,096677	79,800003	80,000000	1,322103E-1
369,096677	79,800003	80,000000	1,322103E-1
369,096677	79,800003	80,000000	1,322135E-1
369,096677	79,800003	80,000000	1,322167E-1
369,096677	79,800003	80,000000	1,322167E-1
369,096677	79,800003	80,000000	1,322199E-1
369,096677	79,800003	80,000000	1,322232E-1
369,096677	79,800003	80,000000	1,322264E-1
369,096677	79,800003	80,000000	1,322264E-1
370,097114	79,800003	80,000000	1,322296E-1
370,097114	79,800003	80,000000	1,322328E-1
370,097114	79,800003	80,000000	1,322328E-1
370,097114	79,800003	80,000000	1,322360E-1
370,097114	80,300003	80,000000	1,322392E-1
370,097114	80,300003	80,000000	1,322392E-1
370,097114	80,300003	80,000000	1,321084E-1
370,097114	80,300003	80,000000	1,321084E-1
370,097114	80,300003	80,000000	1,321036E-1
370,097114	80,300003	80,000000	1,321036E-1
371,096562	80,300003	80,000000	1,320988E-1
371,096562	80,300003	80,000000	1,320940E-1
371,096562	80,300003	80,000000	1,320891E-1
371,096562	80,300003	80,000000	1,320891E-1
371,096562	80,300003	80,000000	1,320843E-1
371,096562	80,300003	80,000000	1,320795E-1
371,096562	80,300003	80,000000	1,320747E-1
371,096562	80,000000	80,000000	1,320699E-1
371,096562	80,000000	80,000000	1,321455E-1
371,096562	80,000000	80,000000	1,321455E-1
372,096900	80,000000	80,000000	1,321455E-1
372,096900	80,000000	80,000000	1,321455E-1
372,096900	80,000000	80,000000	1,321455E-1
372,096900	80,000000	80,000000	1,321455E-1
372,096900	80,000000	80,000000	1,321455E-1
372,096900	80,000000	80,000000	1,321455E-1
372,096900	80,000000	80,000000	1,321455E-1
372,096900	80,000000	80,000000	1,321455E-1
372,096900	80,000000	80,000000	1,321455E-1
372,096900	80,000000	80,000000	1,321455E-1
373,096387	79,599998	80,000000	1,321455E-1
373,096387	79,599998	80,000000	1,322527E-1
373,096387	79,599998	80,000000	1,322591E-1
373,096387	79,599998	80,000000	1,322591E-1
373,096387	79,599998	80,000000	1,322655E-1
373,096387	79,599998	80,000000	1,322655E-1
373,096387	79,599998	80,000000	1,322719E-1
373,096387	79,599998	80,000000	1,322719E-1
373,096387	79,599998	80,000000	1,322784E-1
373,096387	79,599998	80,000000	1,322784E-1
374,097825	79,599998	80,000000	1,322848E-1
374,097825	80,100006	80,000000	1,322848E-1
374,097825	80,100006	80,000000	1,322848E-1
374,097825	80,100006	80,000000	1,322848E-1
374,097825	80,100006	80,000000	1,322848E-1
374,097825	80,100006	80,000000	1,322848E-1
374,097825	80,100006	80,000000	1,322848E-1
374,097825	80,100006	80,000000	1,322848E-1
374,097825	80,100006	80,000000	1,322848E-1
374,097825	80,100006	80,000000	1,322848E-1
375,098196	80,100006	80,000000	1,322848E-1
375,098196	80,100006	80,000000	1,322848E-1
375,098196	80,100006	80,000000	1,322848E-1
375,098196	80,100006	80,000000	1,322848E-1
375,098196	80,100006	80,000000	1,322848E-1
375,098196	80,100006	80,000000	1,322848E-1
375,098196	80,100006	80,000000	1,322848E-1
375,098196	80,100006	80,000000	1,322848E-1
375,098196	80,100006	80,000000	1,322848E-1
375,098196	80,100006	80,000000	1,322848E-1
376,097629	80,100006	80,000000	1,322848E-1
376,097629	80,100006	80,000000	1,322848E-1
376,097629	80,100006	80,000000	1,322848E-1
376,097629	80,100006	80,000000	1,322848E-1
376,097629	80,100006	80,000000	1,322848E-1
376,097629	80,100006	80,000000	1,321572E-1
376,097629	80,100006	80,000000	1,321572E-1
376,097629	80,099998	80,000000	1,321572E-1
376,097629	80,099998	80,000000	1,321572E-1
376,097629	80,099998	80,000000	1,321572E-1
377,098083	80,099998	80,000000	1,321572E-1
377,098083	80,099998	80,000000	1,321572E-1
377,098083	80,099998	80,000000	1,321572E-1
377,098083	80,099998	80,000000	1,321572E-1
377,098083	80,099998	80,000000	1,321572E-1
377,098083	80,099998	80,000000	1,321572E-1
377,098083	80,099998	80,000000	1,321572E-1
377,098083	80,099998	80,000000	1,321572E-1
377,098083	80,099998	80,000000	1,321572E-1
377,098083	80,099998	80,000000	1,321572E-1
378,097506	80,099998	80,000000	1,321572E-1
378,097506	80,099998	80,000000	1,321572E-1
378,097506	80,099998	80,000000	1,321556E-1
378,097506	80,099998	80,000000	1,321556E-1
378,097506	80,099998	80,000000	1,321556E-1
378,097506	80,099998	80,000000	1,321556E-1
378,097506	80,099998	80,000000	1,321556E-1
378,097506	80,099998	80,000000	1,321556E-1
378,097506	80,099998	80,000000	1,321556E-1
378,097506	80,099998	80,000000	1,321556E-1
379,097889	80,099998	80,000000	1,321556E-1
379,097889	80,099998	80,000000	1,321556E-1
379,097889	80,099998	80,000000	1,321556E-1
379,097889	80,099998	80,000000	1,321556E-1
379,097889	80,099998	80,000000	1,321556E-1
379,097889	80,099998	80,000000	1,321556E-1
379,097889	80,099998	80,000000	1,321556E-1
379,097889	80,099998	80,000000	1,321556E-1
379,097889	80,099998	80,000000	1,321556E-1
379,097889	80,099998	80,000000	1,321540E-1
380,098303	79,800003	80,000000	1,321540E-1
380,098303	79,800003	80,000000	1,321540E-1
380,098303	79,800003	80,000000	1,321540E-1
380,098303	79,800003	80,000000	1,321540E-1
380,098303	79,800003	80,000000	1,321540E-1
380,098303	79,800003	80,000000	1,321540E-1
380,098303	79,800003	80,000000	1,321540E-1
380,098303	79,800003	80,000000	1,321540E-1
380,098303	79,800003	80,000000	1,321540E-1
380,098303	79,800003	80,000000	1,321540E-1
381,097790	79,800003	80,000000	1,321540E-1
381,097790	79,800003	80,000000	1,321540E-1
381,097790	79,800003	80,000000	1,321540E-1
381,097790	79,800003	80,000000	1,321540E-1
381,097790	79,800003	80,000000	1,321540E-1
381,097790	79,800003	80,000000	1,321540E-1
381,097790	79,800003	80,000000	1,321540E-1
381,097790	79,800003	80,000000	1,322328E-1
381,097790	79,800003	80,000000	1,322328E-1
381,097790	79,800003	80,000000	1,322328E-1
382,098188	79,800003	80,000000	1,322328E-1
382,098188	79,800003	80,000000	1,322328E-1
382,098188	79,800003	80,000000	1,322328E-1
382,098188	79,800003	80,000000	1,322328E-1
382,098188	79,800003	80,000000	1,322328E-1
382,098188	79,800003	80,000000	1,322328E-1
382,098188	79,800003	80,000000	1,322328E-1
382,098188	79,800003	80,000000	1,322328E-1
382,098188	79,800003	80,000000	1,322328E-1
382,098188	79,800003	80,000000	1,322328E-1
383,097619	79,800003	80,000000	1,322328E-1
383,097619	79,800003	80,000000	1,322328E-1
383,097619	79,800003	80,000000	1,322328E-1
383,097619	79,800003	80,000000	1,322328E-1
383,097619	79,800003	80,000000	1,322360E-1
383,097619	79,699997	80,000000	1,322360E-1
383,097619	79,699997	80,000000	1,322360E-1
383,097619	79,699997	80,000000	1,322360E-1
383,097619	79,699997	80,000000	1,322360E-1
383,097619	79,699997	80,000000	1,322360E-1
384,097988	79,699997	80,000000	1,322360E-1
384,097988	79,699997	80,000000	1,322360E-1
384,097988	79,699997	80,000000	1,322360E-1
384,097988	79,699997	80,000000	1,322360E-1
384,097988	79,699997	80,000000	1,322360E-1
384,097988	79,699997	80,000000	1,322360E-1
384,097988	79,699997	80,000000	1,322360E-1
384,097988	79,699997	80,000000	1,322360E-1
384,097988	79,699997	80,000000	1,322360E-1
384,097988	79,699997	80,000000	1,322360E-1
385,098448	79,699997	80,000000	1,322360E-1
385,098448	79,699997	80,000000	1,322360E-1
385,098448	79,699997	80,000000	1,322660E-1
385,098448	80,000000	80,000000	1,322660E-1
385,098448	80,000000	80,000000	1,322660E-1
385,098448	80,000000	80,000000	1,321904E-1
385,098448	80,000000	80,000000	1,321904E-1
385,098448	80,000000	80,000000	1,321904E-1
385,098448	80,000000	80,000000	1,321904E-1
385,098448	80,099998	80,000000	1,321904E-1
385,098448	80,099998	80,000000	1,321904E-1
386,099889	80,099998	80,000000	1,321636E-1
386,099889	80,099998	80,000000	1,321620E-1
386,099889	80,099998	80,000000	1,321620E-1
386,099889	80,099998	80,000000	1,321604E-1
386,099889	80,099998	80,000000	1,321588E-1
386,099889	80,099998	80,000000	1,321572E-1
386,099889	80,099998	80,000000	1,321572E-1
386,099889	80,099998	80,000000	1,321556E-1
386,099889	80,099998	80,000000	1,321556E-1
386,099889	80,099998	80,000000	1,321540E-1
387,100288	80,099998	80,000000	1,321540E-1
387,100288	80,099998	80,000000	1,321540E-1
387,100288	80,099998	80,000000	1,321524E-1
387,100288	80,099998	80,000000	1,321508E-1
387,100288	80,099998	80,000000	1,321508E-1
387,100288	79,800003	80,000000	1,321492E-1
387,100288	79,800003	80,000000	1,322280E-1
387,100288	79,800003	80,000000	1,322312E-1
387,100288	79,800003	80,000000	1,322312E-1
387,100288	79,800003	80,000000	1,322344E-1
388,099718	79,800003	80,000000	1,322376E-1
388,099718	79,800003	80,000000	1,322376E-1
388,099718	79,800003	80,000000	1,322408E-1
388,099718	79,800003	80,000000	1,322440E-1
388,099718	79,800003	80,000000	1,322440E-1
388,099718	79,800003	80,000000	1,322472E-1
388,099718	79,800003	80,000000	1,322472E-1
388,099718	80,100006	80,000000	1,321700E-1
388,099718	80,100006	80,000000	1,321700E-1
388,099718	80,100006	80,000000	1,321684E-1
389,100156	80,100006	80,000000	1,321668E-1
389,100156	80,100006	80,000000	1,321652E-1
389,100156	80,100006	80,000000	1,321636E-1
389,100156	80,100006	80,000000	1,321636E-1
389,100156	80,100006	80,000000	1,321620E-1
389,100156	80,100006	80,000000	1,321604E-1
389,100156	80,000000	80,000000	1,321856E-1
389,100156	80,000000	80,000000	1,321856E-1
389,100156	80,000000	80,000000	1,321856E-1
389,100156	80,000000	80,000000	1,321856E-1
390,099545	80,000000	80,000000	1,321856E-1
390,099545	80,000000	80,000000	1,321856E-1
390,099545	80,000000	80,000000	1,321856E-1
390,099545	80,000000	80,000000	1,321856E-1
390,099545	80,000000	80,000000	1,321856E-1
390,099545	80,000000	80,000000	1,321856E-1
390,099545	80,000000	80,000000	1,321856E-1
390,099545	80,399994	80,000000	1,321856E-1
390,099545	80,399994	80,000000	1,320784E-1
390,099545	80,399994	80,000000	1,320784E-1
391,100965	80,399994	80,000000	1,320720E-1
391,100965	80,399994	80,000000	1,320656E-1
391,100965	80,399994	80,000000	1,320591E-1
391,100965	80,399994	80,000000	1,320591E-1
391,100965	80,399994	80,000000	1,320527E-1
391,100965	80,399994	80,000000	1,320527E-1
391,100965	80,399994	80,000000	1,320527E-1
391,100965	79,900002	80,000000	1,320463E-1
391,100965	79,900002	80,000000	1,321739E-1
391,100965	79,900002	80,000000	1,321739E-1
392,101425	79,900002	80,000000	1,321755E-1
392,101425	79,900002	80,000000	1,321771E-1
392,101425	79,900002	80,000000	1,321771E-1
392,101425	79,900002	80,000000	1,321787E-1
392,101425	79,900002	80,000000	1,321803E-1
392,101425	79,900002	80,000000	1,321803E-1
392,101425	79,900002	80,000000	1,321819E-1
392,101425	79,900002	80,000000	1,321835E-1
392,101425	79,900002	80,000000	1,321835E-1
392,101425	79,900002	80,000000	1,321851E-1
393,101830	79,800003	80,000000	1,321851E-1
393,101830	79,800003	80,000000	1,321851E-1
393,101830	79,800003	80,000000	1,322135E-1
393,101830	79,800003	80,000000	1,322167E-1
393,101830	79,800003	80,000000	1,322167E-1
393,101830	79,800003	80,000000	1,322199E-1
393,101830	79,800003	80,000000	1,322232E-1
393,101830	79,800003	80,000000	1,322232E-1
393,101830	79,800003	80,000000	1,322264E-1
393,101830	79,800003	80,000000	1,322264E-1
394,102266	79,800003	80,000000	1,322296E-1
394,102266	79,800003	80,000000	1,322328E-1
394,102266	79,800003	80,000000	1,322360E-1
394,102266	79,800003	80,000000	1,322360E-1
394,102266	79,800003	80,000000	1,322392E-1
394,102266	79,800003	80,000000	1,322392E-1
394,102266	79,800003	80,000000	1,322424E-1
394,102266	79,800003	80,000000	1,322424E-1
394,102266	79,800003	80,000000	1,322456E-1
394,102266	79,800003	80,000000	1,322488E-1
395,101663	80,000000	80,000000	1,321984E-1
395,101663	80,000000	80,000000	1,321984E-1
395,101663	80,000000	80,000000	1,321984E-1
395,101663	80,000000	80,000000	1,321984E-1
395,101663	80,000000	80,000000	1,321984E-1
395,101663	80,000000	80,000000	1,321984E-1
395,101663	80,000000	80,000000	1,321984E-1
395,101663	80,000000	80,000000	1,321984E-1
395,101663	80,000000	80,000000	1,321984E-1
395,101663	80,000000	80,000000	1,321984E-1
396,101707	80,000000	80,000000	1,321984E-1
396,101707	80,099998	80,000000	1,321984E-1
396,101707	80,099998	80,000000	1,321984E-1
396,101707	80,099998	80,000000	1,321716E-1
396,101707	80,099998	80,000000	1,321700E-1
396,101707	80,099998	80,000000	1,321684E-1
396,101707	80,099998	80,000000	1,321668E-1
396,101707	80,099998	80,000000	1,321668E-1
396,101707	80,099998	80,000000	1,321652E-1
396,101707	80,099998	80,000000	1,321636E-1
397,102179	79,800003	80,000000	1,321620E-1
397,102179	79,800003	80,000000	1,321620E-1
397,102179	79,800003	80,000000	1,322408E-1
397,102179	79,800003	80,000000	1,322440E-1
397,102179	79,800003	80,000000	1,322440E-1
397,102179	79,800003	80,000000	1,322472E-1
397,102179	79,800003	80,000000	1,322472E-1
397,102179	79,800003	80,000000	1,322504E-1
397,102179	79,800003	80,000000	1,322504E-1
397,102179	79,800003	80,000000	1,322536E-1
398,101564	79,800003	80,000000	1,322569E-1
398,101564	79,800003	80,000000	1,322569E-1
398,101564	79,800003	80,000000	1,322601E-1
398,101564	79,800003	80,000000	1,322633E-1
398,101564	79,800003	80,000000	1,322633E-1
398,101564	79,800003	80,000000	1,322665E-1
398,101564	79,800003	80,000000	1,322697E-1
398,101564	79,800003	80,000000	1,322729E-1
398,101564	79,800003	80,000000	1,322729E-1
398,101564	79,800003	80,000000	1,322761E-1
399,101986	79,800003	80,000000	1,322761E-1
399,101986	79,800003	80,000000	1,322761E-1
399,101986	79,800003	80,000000	1,322793E-1
399,101986	79,800003	80,000000	1,322793E-1
399,101986	80,000000	80,000000	1,322825E-1
399,101986	80,000000	80,000000	1,322321E-1
399,101986	80,000000	80,000000	1,322321E-1
399,101986	80,000000	80,000000	1,322321E-1
399,101986	80,000000	80,000000	1,322321E-1
399,101986	80,000000	80,000000	1,322321E-1
400,101482	80,000000	80,000000	1,322321E-1
400,101482	80,000000	80,000000	1,322321E-1
400,101482	80,000000	80,000000	1,322321E-1
400,101482	80,000000	80,000000	1,322321E-1
400,101482	80,000000	80,000000	1,322321E-1
400,101482	80,000000	80,000000	1,322321E-1
400,101482	80,000000	80,000000	1,322321E-1
400,101482	80,000000	80,000000	1,322321E-1
400,101482	80,000000	80,000000	1,322321E-1
400,101482	80,000000	80,000000	1,322321E-1
401,101843	80,000000	80,000000	1,322321E-1
401,101843	80,000000	80,000000	1,322321E-1
401,101843	80,000000	80,000000	1,322321E-1
401,101843	80,000000	80,000000	1,322321E-1
401,101843	79,800003	80,000000	1,322321E-1
401,101843	79,800003	80,000000	1,322857E-1
401,101843	79,800003	80,000000	1,322857E-1
401,101843	79,800003	80,000000	1,322890E-1
401,101843	79,800003	80,000000	1,322922E-1
401,101843	79,800003	80,000000	1,322922E-1
402,102293	79,800003	80,000000	1,322954E-1
402,102293	79,800003	80,000000	1,322954E-1
402,102293	79,800003	80,000000	1,322954E-1
402,102293	79,800003	80,000000	1,322986E-1
402,102293	79,800003	80,000000	1,323018E-1
402,102293	80,000000	80,000000	1,323050E-1
402,102293	80,000000	80,000000	1,323050E-1
402,102293	80,000000	80,000000	1,322546E-1
402,102293	80,000000	80,000000	1,322546E-1
402,102293	80,000000	80,000000	1,322546E-1
403,101756	80,000000	80,000000	1,322546E-1
403,101756	80,000000	80,000000	1,322546E-1
403,101756	80,000000	80,000000	1,322546E-1
403,101756	80,000000	80,000000	1,322546E-1
403,101756	80,000000	80,000000	1,322546E-1
403,101756	80,000000	80,000000	1,322546E-1
403,101756	80,000000	80,000000	1,322546E-1
403,101756	80,000000	80,000000	1,322546E-1
403,101756	80,000000	80,000000	1,322546E-1
403,101756	79,900002	80,000000	1,322546E-1
404,103158	79,900002	80,000000	1,322814E-1
404,103158	79,900002	80,000000	1,322830E-1
404,103158	79,900002	80,000000	1,322846E-1
404,103158	79,900002	80,000000	1,322846E-1
404,103158	79,900002	80,000000	1,322862E-1
404,103158	79,900002	80,000000	1,322878E-1
404,103158	79,900002	80,000000	1,322878E-1
404,103158	79,900002	80,000000	1,322894E-1
404,103158	79,900002	80,000000	1,322910E-1
404,103158	79,900002	80,000000	1,322910E-1
405,102568	79,900002	80,000000	1,322926E-1
405,102568	79,900002	80,000000	1,322926E-1
405,102568	79,900002	80,000000	1,322943E-1
405,102568	79,900002	80,000000	1,322959E-1
405,102568	79,900002	80,000000	1,322959E-1
405,102568	79,900002	80,000000	1,322975E-1
405,102568	79,900002	80,000000	1,322991E-1
405,102568	79,900002	80,000000	1,322991E-1
405,102568	79,800003	80,000000	1,323007E-1
405,102568	79,800003	80,000000	1,323291E-1
406,104024	79,800003	80,000000	1,323323E-1
406,104024	79,800003	80,000000	1,323323E-1
406,104024	79,800003	80,000000	1,323355E-1
406,104024	79,800003	80,000000	1,323387E-1
406,104024	79,800003	80,000000	1,323387E-1
406,104024	79,800003	80,000000	1,323419E-1
406,104024	79,800003	80,000000	1,323419E-1
406,104024	79,800003	80,000000	1,323451E-1
406,104024	79,800003	80,000000	1,323451E-1
406,104024	80,000000	80,000000	1,323483E-1
407,104441	80,000000	80,000000	1,322979E-1
407,104441	80,000000	80,000000	1,322979E-1
407,104441	80,000000	80,000000	1,322979E-1
407,104441	80,000000	80,000000	1,322979E-1
407,104441	80,000000	80,000000	1,322979E-1
407,104441	80,000000	80,000000	1,322979E-1
407,104441	80,000000	80,000000	1,322979E-1
407,104441	80,000000	80,000000	1,322979E-1
407,104441	80,199997	80,000000	1,322979E-1
407,104441	80,199997	80,000000	1,322979E-1
408,105884	80,199997	80,000000	1,322443E-1
408,105884	80,199997	80,000000	1,322443E-1
408,105884	80,199997	80,000000	1,322411E-1
408,105884	80,199997	80,000000	1,322379E-1
408,105884	80,199997	80,000000	1,322379E-1
408,105884	80,199997	80,000000	1,322347E-1
408,105884	80,199997	80,000000	1,322315E-1
408,105884	80,199997	80,000000	1,322315E-1
408,105884	80,199997	80,000000	1,322283E-1
408,105884	80,199997	80,000000	1,322251E-1
409,107222	80,199997	80,000000	1,322219E-1
409,107222	80,199997	80,000000	1,322219E-1
409,107222	80,199997	80,000000	1,322187E-1
409,107222	80,199997	80,000000	1,322154E-1
409,107222	80,199997	80,000000	1,322154E-1
409,107222	80,199997	80,000000	1,322122E-1
409,107222	80,199997	80,000000	1,322122E-1
409,107222	80,199997	80,000000	1,322122E-1
409,107222	80,199997	80,000000	1,322090E-1
409,107222	80,199997	80,000000	1,322058E-1
410,106857	80,199997	80,000000	1,322026E-1
410,106857	80,199997	80,000000	1,322026E-1
410,106857	80,199997	80,000000	1,321994E-1
410,106857	80,199997	80,000000	1,321962E-1
410,106857	80,199997	80,000000	1,321962E-1
410,106857	80,199997	80,000000	1,321930E-1
410,106857	80,199997	80,000000	1,321898E-1
410,106857	80,199997	80,000000	1,321898E-1
410,106857	80,199997	80,000000	1,321866E-1
410,106857	80,199997	80,000000	1,321866E-1
411,107256	80,199997	80,000000	1,321834E-1
411,107256	80,199997	80,000000	1,321834E-1
411,107256	80,199997	80,000000	1,321801E-1
411,107256	80,199997	80,000000	1,321769E-1
411,107256	80,199997	80,000000	1,321737E-1
411,107256	80,199997	80,000000	1,321737E-1
411,107256	80,000000	80,000000	1,321705E-1
411,107256	80,000000	80,000000	1,322209E-1
411,107256	80,000000	80,000000	1,322209E-1
411,107256	80,000000	80,000000	1,322209E-1
412,107758	80,000000	80,000000	1,322209E-1
412,107758	80,000000	80,000000	1,322209E-1
412,107758	80,000000	80,000000	1,322209E-1
412,107758	80,000000	80,000000	1,322209E-1
412,107758	80,000000	80,000000	1,322209E-1
412,107758	80,000000	80,000000	1,322209E-1
412,107758	79,699997	80,000000	1,322209E-1
412,107758	79,699997	80,000000	1,323013E-1
412,107758	79,699997	80,000000	1,323061E-1
412,107758	79,699997	80,000000	1,323109E-1
413,108157	79,699997	80,000000	1,323158E-1
413,108157	79,699997	80,000000	1,323158E-1
413,108157	79,699997	80,000000	1,323206E-1
413,108157	79,699997	80,000000	1,323254E-1
413,108157	79,699997	80,000000	1,323254E-1
413,108157	79,699997	80,000000	1,323302E-1
413,108157	80,099998	80,000000	1,323350E-1
413,108157	80,099998	80,000000	1,323350E-1
413,108157	80,099998	80,000000	1,322326E-1
413,108157	80,099998	80,000000	1,322326E-1
414,107590	80,099998	80,000000	1,322310E-1
414,107590	80,099998	80,000000	1,322310E-1
414,107590	80,099998	80,000000	1,322294E-1
414,107590	80,099998	80,000000	1,322278E-1
414,107590	80,099998	80,000000	1,322262E-1
414,107590	80,099998	80,000000	1,322262E-1
414,107590	79,699997	80,000000	1,322246E-1
414,107590	79,699997	80,000000	1,323302E-1
414,107590	79,699997	80,000000	1,323350E-1
414,107590	79,699997	80,000000	1,323350E-1
415,108028	79,699997	80,000000	1,323398E-1
415,108028	79,699997	80,000000	1,323446E-1
415,108028	79,699997	80,000000	1,323446E-1
415,108028	79,699997	80,000000	1,323495E-1
415,108028	79,699997	80,000000	1,323495E-1
415,108028	79,699997	80,000000	1,323543E-1
415,108028	79,699997	80,000000	1,323543E-1
415,108028	79,900002	80,000000	1,323055E-1
415,108028	79,900002	80,000000	1,323071E-1
415,108028	79,900002	80,000000	1,323071E-1
416,107385	79,900002	80,000000	1,323087E-1
416,107385	79,900002	80,000000	1,323103E-1
416,107385	79,900002	80,000000	1,323119E-1
416,107385	79,900002	80,000000	1,323135E-1
416,107385	79,900002	80,000000	1,323135E-1
416,107385	79,900002	80,000000	1,323151E-1
416,107385	79,900002	80,000000	1,323167E-1
416,107385	79,900002	80,000000	1,323167E-1
416,107385	79,900002	80,000000	1,323183E-1
416,107385	79,900002	80,000000	1,323183E-1
417,107811	79,900002	80,000000	1,323199E-1
417,107811	79,900002	80,000000	1,323199E-1
417,107811	79,900002	80,000000	1,323215E-1
417,107811	79,900002	80,000000	1,323215E-1
417,107811	79,900002	80,000000	1,323231E-1
417,107811	79,900002	80,000000	1,323247E-1
417,107811	79,900002	80,000000	1,323247E-1
417,107811	79,900002	80,000000	1,323264E-1
417,107811	79,800003	80,000000	1,323280E-1
417,107811	79,800003	80,000000	1,323564E-1
418,108273	79,800003	80,000000	1,323564E-1
418,108273	79,800003	80,000000	1,323596E-1
418,108273	79,800003	80,000000	1,323628E-1
418,108273	79,800003	80,000000	1,323628E-1
418,108273	79,800003	80,000000	1,323660E-1
418,108273	79,800003	80,000000	1,323660E-1
418,108273	79,800003	80,000000	1,323660E-1
418,108273	79,800003	80,000000	1,323692E-1
418,108273	79,900002	80,000000	1,323724E-1
418,108273	79,900002	80,000000	1,323488E-1
419,107756	79,900002	80,000000	1,323488E-1
419,107756	79,900002	80,000000	1,323504E-1
419,107756	79,900002	80,000000	1,323520E-1
419,107756	79,900002	80,000000	1,323536E-1
419,107756	79,900002	80,000000	1,323552E-1
419,107756	79,900002	80,000000	1,323568E-1
419,107756	79,900002	80,000000	1,323568E-1
419,107756	79,900002	80,000000	1,323584E-1
419,107756	79,900002	80,000000	1,323584E-1
419,107756	79,900002	80,000000	1,323601E-1
420,108117	80,000000	80,000000	1,323601E-1
420,108117	80,000000	80,000000	1,323601E-1
420,108117	80,000000	80,000000	1,323349E-1
420,108117	80,000000	80,000000	1,323349E-1
420,108117	80,000000	80,000000	1,323349E-1
420,108117	80,000000	80,000000	1,323349E-1
420,108117	80,000000	80,000000	1,323349E-1
420,108117	79,699997	80,000000	1,323349E-1
420,108117	79,699997	80,000000	1,323349E-1
420,108117	79,699997	80,000000	1,324153E-1
421,107538	79,699997	80,000000	1,324201E-1
421,107538	79,699997	80,000000	1,324201E-1
421,107538	79,699997	80,000000	1,324201E-1
421,107538	79,699997	80,000000	1,324249E-1
421,107538	79,699997	80,000000	1,324249E-1
421,107538	79,699997	80,000000	1,324297E-1
421,107538	79,699997	80,000000	1,324297E-1
421,107538	79,699997	80,000000	1,324297E-1
421,107538	79,699997	80,000000	1,324297E-1
421,107538	79,699997	80,000000	1,324297E-1
422,108941	79,699997	80,000000	1,324297E-1
422,108941	79,699997	80,000000	1,324297E-1
422,108941	79,699997	80,000000	1,324297E-1
422,108941	79,699997	80,000000	1,324297E-1
422,108941	79,699997	80,000000	1,324297E-1
422,108941	79,699997	80,000000	1,324297E-1
422,108941	79,699997	80,000000	1,324297E-1
422,108941	79,699997	80,000000	1,324297E-1
422,108941	79,699997	80,000000	1,324297E-1
422,108941	79,699997	80,000000	1,324297E-1
423,108432	79,699997	80,000000	1,324297E-1
423,108432	79,699997	80,000000	1,324297E-1
423,108432	79,699997	80,000000	1,324297E-1
423,108432	79,699997	80,000000	1,324297E-1
423,108432	79,699997	80,000000	1,324297E-1
423,108432	79,699997	80,000000	1,324297E-1
423,108432	79,699997	80,000000	1,324297E-1
423,108432	79,699997	80,000000	1,324297E-1
423,108432	79,699997	80,000000	1,324297E-1
423,108432	79,699997	80,000000	1,324297E-1
424,108856	79,699997	80,000000	1,324297E-1
424,108856	79,699997	80,000000	1,324297E-1
424,108856	79,699997	80,000000	1,324345E-1
424,108856	79,699997	80,000000	1,324345E-1
424,108856	79,699997	80,000000	1,324345E-1
424,108856	79,699997	80,000000	1,324345E-1
424,108856	79,699997	80,000000	1,324345E-1
424,108856	79,699997	80,000000	1,324345E-1
424,108856	79,699997	80,000000	1,324345E-1
424,108856	79,699997	80,000000	1,324345E-1
425,109241	79,699997	80,000000	1,324345E-1
425,109241	79,699997	80,000000	1,324345E-1
425,109241	79,699997	80,000000	1,324345E-1
425,109241	79,699997	80,000000	1,324345E-1
425,109241	79,699997	80,000000	1,324345E-1
425,109241	79,699997	80,000000	1,324345E-1
425,109241	79,699997	80,000000	1,324345E-1
425,109241	79,699997	80,000000	1,324345E-1
425,109241	79,699997	80,000000	1,324345E-1
425,109241	79,699997	80,000000	1,324345E-1
426,109652	79,699997	80,000000	1,324345E-1
426,109652	79,699997	80,000000	1,324345E-1
426,109652	79,699997	80,000000	1,324345E-1
426,109652	79,699997	80,000000	1,324345E-1
426,109652	79,699997	80,000000	1,324345E-1
426,109652	79,699997	80,000000	1,324345E-1
426,109652	79,699997	80,000000	1,324345E-1
426,109652	79,699997	80,000000	1,324345E-1
426,109652	79,699997	80,000000	1,324345E-1
426,109652	79,699997	80,000000	1,324345E-1
427,111109	79,699997	80,000000	1,324345E-1
427,111109	79,699997	80,000000	1,324345E-1
427,111109	79,699997	80,000000	1,324345E-1
427,111109	79,699997	80,000000	1,324345E-1
427,111109	79,699997	80,000000	1,324345E-1
427,111109	79,699997	80,000000	1,324345E-1
427,111109	79,699997	80,000000	1,324345E-1
427,111109	79,699997	80,000000	1,324345E-1
427,111109	79,699997	80,000000	1,324345E-1
427,111109	79,699997	80,000000	1,324345E-1
428,110725	79,699997	80,000000	1,324345E-1
428,110725	79,699997	80,000000	1,324345E-1
428,110725	79,699997	80,000000	1,324345E-1
428,110725	79,699997	80,000000	1,324345E-1
428,110725	79,699997	80,000000	1,324345E-1
428,110725	79,699997	80,000000	1,324345E-1
428,110725	79,699997	80,000000	1,324345E-1
428,110725	79,699997	80,000000	1,324345E-1
428,110725	79,699997	80,000000	1,324345E-1
428,110725	79,699997	80,000000	1,324345E-1
429,112178	79,699997	80,000000	1,324345E-1
429,112178	79,699997	80,000000	1,324345E-1
429,112178	79,699997	80,000000	1,324345E-1
429,112178	79,699997	80,000000	1,324345E-1
429,112178	79,699997	80,000000	1,324345E-1
429,112178	79,699997	80,000000	1,324345E-1
429,112178	79,699997	80,000000	1,324345E-1
429,112178	79,699997	80,000000	1,324345E-1
429,112178	79,699997	80,000000	1,324345E-1
429,112178	79,699997	80,000000	1,324393E-1
430,111622	79,699997	80,000000	1,324393E-1
430,111622	79,699997	80,000000	1,324393E-1
430,111622	79,699997	80,000000	1,324393E-1
430,111622	79,699997	80,000000	1,324393E-1
430,111622	79,699997	80,000000	1,324393E-1
430,111622	79,699997	80,000000	1,324393E-1
430,111622	79,699997	80,000000	1,324393E-1
430,111622	79,699997	80,000000	1,324393E-1
430,111622	79,699997	80,000000	1,324393E-1
430,111622	79,699997	80,000000	1,324393E-1
431,112998	79,699997	80,000000	1,324393E-1
431,112998	79,699997	80,000000	1,324393E-1
431,112998	79,699997	80,000000	1,324393E-1
431,112998	79,699997	80,000000	1,324393E-1
431,112998	79,699997	80,000000	1,324393E-1
431,112998	79,699997	80,000000	1,324442E-1
431,112998	79,699997	80,000000	1,324442E-1
431,112998	80,300003	80,000000	1,324490E-1
431,112998	80,300003	80,000000	1,324490E-1
431,112998	80,300003	80,000000	1,324490E-1
432,112388	80,300003	80,000000	1,324490E-1
432,112388	80,300003	80,000000	1,324490E-1
432,112388	80,300003	80,000000	1,324490E-1
432,112388	80,300003	80,000000	1,324490E-1
432,112388	80,300003	80,000000	1,324490E-1
432,112388	80,300003	80,000000	1,324490E-1
432,112388	80,300003	80,000000	1,324490E-1
432,112388	80,300003	80,000000	1,324490E-1
432,112388	80,300003	80,000000	1,324490E-1
432,112388	80,300003	80,000000	1,324490E-1
433,112812	80,300003	80,000000	1,324490E-1
433,112812	80,300003	80,000000	1,324490E-1
433,112812	80,300003	80,000000	1,324490E-1
433,112812	80,300003	80,000000	1,324490E-1
433,112812	80,300003	80,000000	1,324490E-1
433,112812	80,300003	80,000000	1,322930E-1
433,112812	80,300003	80,000000	1,322930E-1
433,112812	80,300003	80,000000	1,322930E-1
433,112812	80,300003	80,000000	1,322930E-1
433,112812	80,300003	80,000000	1,322930E-1
434,113295	80,300003	80,000000	1,322930E-1
434,113295	80,300003	80,000000	1,322930E-1
434,113295	80,300003	80,000000	1,322930E-1
434,113295	80,300003	80,000000	1,322930E-1
434,113295	80,300003	80,000000	1,322930E-1
434,113295	80,300003	80,000000	1,322930E-1
434,113295	80,300003	80,000000	1,322930E-1
434,113295	80,300003	80,000000	1,322930E-1
434,113295	80,300003	80,000000	1,322930E-1
434,113295	80,300003	80,000000	1,322930E-1
435,113664	80,300003	80,000000	1,322930E-1
435,113664	80,300003	80,000000	1,322930E-1
435,113664	80,300003	80,000000	1,322930E-1
435,113664	80,300003	80,000000	1,322882E-1
435,113664	80,300003	80,000000	1,322882E-1
435,113664	80,300003	80,000000	1,322882E-1
435,113664	80,300003	80,000000	1,322882E-1
435,113664	80,300003	80,000000	1,322882E-1
435,113664	80,300003	80,000000	1,322882E-1
435,113664	80,300003	80,000000	1,322882E-1
436,115133	80,300003	80,000000	1,322882E-1
436,115133	80,300003	80,000000	1,322882E-1
436,115133	80,300003	80,000000	1,322882E-1
436,115133	80,300003	80,000000	1,322882E-1
436,115133	80,300003	80,000000	1,322882E-1
436,115133	80,300003	80,000000	1,322882E-1
436,115133	80,300003	80,000000	1,322882E-1
436,115133	80,300003	80,000000	1,322882E-1
436,115133	80,300003	80,000000	1,322882E-1
436,115133	80,300003	80,000000	1,322882E-1
437,114518	80,300003	80,000000	1,322882E-1
437,114518	80,300003	80,000000	1,322833E-1
437,114518	79,800003	80,000000	1,322833E-1
437,114518	79,800003	80,000000	1,324125E-1
437,114518	79,800003	80,000000	1,324157E-1
437,114518	79,800003	80,000000	1,324190E-1
437,114518	79,800003	80,000000	1,324222E-1
437,114518	79,800003	80,000000	1,324222E-1
437,114518	79,800003	80,000000	1,324254E-1
437,114518	79,800003	80,000000	1,324286E-1
438,114999	79,800003	80,000000	1,324286E-1
438,114999	79,800003	80,000000	1,324318E-1
438,114999	79,800003	80,000000	1,324350E-1
438,114999	79,800003	80,000000	1,324382E-1
438,114999	79,800003	80,000000	1,324382E-1
438,114999	79,800003	80,000000	1,324382E-1
438,114999	79,800003	80,000000	1,324414E-1
438,114999	79,800003	80,000000	1,324414E-1
438,114999	79,800003	80,000000	1,324446E-1
438,114999	79,800003	80,000000	1,324478E-1
439,114425	79,800003	80,000000	1,324511E-1
439,114425	79,800003	80,000000	1,324543E-1
439,114425	79,800003	80,000000	1,324543E-1
439,114425	79,800003	80,000000	1,324543E-1
439,114425	79,800003	80,000000	1,324575E-1
439,114425	79,800003	80,000000	1,324575E-1
439,114425	79,800003	80,000000	1,324575E-1
439,114425	79,800003	80,000000	1,324575E-1
439,114425	79,800003	80,000000	1,324575E-1
439,114425	79,800003	80,000000	1,324575E-1
440,114898	79,800003	80,000000	1,324575E-1
440,114898	79,800003	80,000000	1,324575E-1
440,114898	79,800003	80,000000	1,324575E-1
440,114898	79,800003	80,000000	1,324575E-1
440,114898	79,800003	80,000000	1,324575E-1
440,114898	79,800003	80,000000	1,324575E-1
440,114898	79,800003	80,000000	1,324575E-1
440,114898	79,800003	80,000000	1,324575E-1
440,114898	79,800003	80,000000	1,324575E-1
440,114898	79,800003	80,000000	1,324575E-1
441,115252	79,800003	80,000000	1,324575E-1
441,115252	79,800003	80,000000	1,324575E-1
441,115252	79,800003	80,000000	1,324575E-1
441,115252	79,800003	80,000000	1,324575E-1
441,115252	79,800003	80,000000	1,324575E-1
441,115252	79,800003	80,000000	1,324575E-1
441,115252	79,800003	80,000000	1,324575E-1
441,115252	79,800003	80,000000	1,324575E-1
441,115252	79,800003	80,000000	1,324575E-1
441,115252	79,800003	80,000000	1,324607E-1
442,115687	79,800003	80,000000	1,324607E-1
442,115687	80,199997	80,000000	1,324607E-1
442,115687	80,199997	80,000000	1,324607E-1
442,115687	80,199997	80,000000	1,324607E-1
442,115687	80,199997	80,000000	1,324607E-1
442,115687	80,199997	80,000000	1,324607E-1
442,115687	80,199997	80,000000	1,324607E-1
442,115687	80,199997	80,000000	1,324607E-1
442,115687	80,199997	80,000000	1,324607E-1
442,115687	80,199997	80,000000	1,324607E-1
443,116061	80,199997	80,000000	1,324607E-1
443,116061	80,199997	80,000000	1,324607E-1
443,116061	80,199997	80,000000	1,324607E-1
443,116061	80,199997	80,000000	1,324607E-1
443,116061	80,199997	80,000000	1,324607E-1
443,116061	80,199997	80,000000	1,324607E-1
443,116061	80,199997	80,000000	1,323567E-1
443,116061	80,199997	80,000000	1,323567E-1
443,116061	80,199997	80,000000	1,323567E-1
443,116061	80,199997	80,000000	1,323567E-1
444,115551	80,199997	80,000000	1,323567E-1
444,115551	80,199997	80,000000	1,323567E-1
444,115551	80,199997	80,000000	1,323567E-1
444,115551	80,199997	80,000000	1,323567E-1
444,115551	80,199997	80,000000	1,323567E-1
444,115551	80,199997	80,000000	1,323567E-1
444,115551	80,199997	80,000000	1,323567E-1
444,115551	80,199997	80,000000	1,323567E-1
444,115551	80,199997	80,000000	1,323567E-1
444,115551	80,199997	80,000000	1,323567E-1
445,116013	80,199997	80,000000	1,323567E-1
445,116013	80,199997	80,000000	1,323567E-1
445,116013	80,199997	80,000000	1,323567E-1
445,116013	80,199997	80,000000	1,323535E-1
445,116013	79,900002	80,000000	1,323535E-1
445,116013	79,900002	80,000000	1,323535E-1
445,116013	79,900002	80,000000	1,323535E-1
445,116013	79,900002	80,000000	1,323535E-1
445,116013	79,900002	80,000000	1,323535E-1
445,116013	79,900002	80,000000	1,323535E-1
446,115424	79,900002	80,000000	1,323535E-1
446,115424	79,900002	80,000000	1,323535E-1
446,115424	79,900002	80,000000	1,323535E-1
446,115424	79,900002	80,000000	1,323535E-1
446,115424	79,900002	80,000000	1,323535E-1
446,115424	79,900002	80,000000	1,323535E-1
446,115424	79,900002	80,000000	1,323535E-1
446,115424	79,900002	80,000000	1,323535E-1
446,115424	79,900002	80,000000	1,323535E-1
446,115424	79,900002	80,000000	1,323535E-1
447,115827	79,900002	80,000000	1,323535E-1
447,115827	79,900002	80,000000	1,324307E-1
447,115827	79,900002	80,000000	1,324307E-1
447,115827	79,900002	80,000000	1,324307E-1
447,115827	79,900002	80,000000	1,324307E-1
447,115827	79,900002	80,000000	1,324307E-1
447,115827	79,900002	80,000000	1,324307E-1
447,115827	79,900002	80,000000	1,324307E-1
447,115827	79,900002	80,000000	1,324307E-1
447,115827	79,900002	80,000000	1,324307E-1
448,117207	79,900002	80,000000	1,324307E-1
448,117207	79,900002	80,000000	1,324307E-1
448,117207	79,900002	80,000000	1,324307E-1
448,117207	79,900002	80,000000	1,324307E-1
448,117207	79,900002	80,000000	1,324307E-1
448,117207	79,900002	80,000000	1,324307E-1
448,117207	79,900002	80,000000	1,324307E-1
448,117207	79,900002	80,000000	1,324307E-1
448,117207	79,900002	80,000000	1,324323E-1
448,117207	80,000000	80,000000	1,324323E-1
449,116601	80,000000	80,000000	1,324323E-1
449,116601	80,000000	80,000000	1,324323E-1
449,116601	80,000000	80,000000	1,324323E-1
449,116601	80,000000	80,000000	1,324323E-1
449,116601	80,000000	80,000000	1,324323E-1
449,116601	80,000000	80,000000	1,324323E-1
449,116601	80,000000	80,000000	1,324323E-1
449,116601	80,000000	80,000000	1,324323E-1
449,116601	80,000000	80,000000	1,324323E-1
449,116601	80,000000	80,000000	1,324323E-1
450,118113	80,000000	80,000000	1,324323E-1
450,118113	80,000000	80,000000	1,324323E-1
450,118113	80,000000	80,000000	1,324323E-1
450,118113	80,000000	80,000000	1,324323E-1
450,118113	80,000000	80,000000	1,324323E-1
450,118113	80,000000	80,000000	1,324323E-1
450,118113	80,000000	80,000000	1,324071E-1
450,118113	80,099998	80,000000	1,324071E-1
450,118113	80,099998	80,000000	1,324071E-1
450,118113	80,199997	80,000000	1,323803E-1
451,117474	80,199997	80,000000	1,323803E-1
451,117474	80,199997	80,000000	1,323803E-1
451,117474	80,199997	80,000000	1,323519E-1
451,117474	80,199997	80,000000	1,323519E-1
451,117474	80,399994	80,000000	1,323487E-1
451,117474	80,399994	80,000000	1,322918E-1
451,117474	80,399994	80,000000	1,322854E-1
451,117474	80,399994	80,000000	1,322854E-1
451,117474	80,399994	80,000000	1,322790E-1
451,117474	80,399994	80,000000	1,322726E-1
452,117902	80,399994	80,000000	1,322726E-1
452,117902	80,399994	80,000000	1,322662E-1
452,117902	80,399994	80,000000	1,322597E-1
452,117902	80,399994	80,000000	1,322597E-1
452,117902	80,399994	80,000000	1,322533E-1
452,117902	80,399994	80,000000	1,322533E-1
452,117902	80,399994	80,000000	1,322533E-1
452,117902	80,399994	80,000000	1,322469E-1
452,117902	80,399994	80,000000	1,322405E-1
452,117902	79,900002	80,000000	1,323681E-1
453,117342	79,900002	80,000000	1,323697E-1
453,117342	79,900002	80,000000	1,323697E-1
453,117342	79,900002	80,000000	1,323713E-1
453,117342	79,900002	80,000000	1,323729E-1
453,117342	79,900002	80,000000	1,323729E-1
453,117342	79,900002	80,000000	1,323745E-1
453,117342	79,900002	80,000000	1,323761E-1
453,117342	79,900002	80,000000	1,323777E-1
453,117342	79,900002	80,000000	1,323777E-1
453,117342	79,900002	80,000000	1,323793E-1
454,117738	79,900002	80,000000	1,323793E-1
454,117738	79,900002	80,000000	1,323809E-1
454,117738	79,900002	80,000000	1,323809E-1
454,117738	79,900002	80,000000	1,323825E-1
454,117738	79,900002	80,000000	1,323841E-1
454,117738	79,900002	80,000000	1,323841E-1
454,117738	79,900002	80,000000	1,323857E-1
454,117738	79,900002	80,000000	1,323873E-1
454,117738	79,900002	80,000000	1,323889E-1
454,117738	79,900002	80,000000	1,323905E-1
455,119184	79,900002	80,000000	1,323905E-1
455,119184	79,900002	80,000000	1,323905E-1
455,119184	79,900002	80,000000	1,323922E-1
455,119184	79,900002	80,000000	1,323938E-1
455,119184	79,900002	80,000000	1,323938E-1
455,119184	79,900002	80,000000	1,323954E-1
455,119184	79,900002	80,000000	1,323954E-1
455,119184	79,900002	80,000000	1,323970E-1
455,119184	79,900002	80,000000	1,323970E-1
455,119184	79,900002	80,000000	1,323986E-1
456,119214	79,900002	80,000000	1,323986E-1
456,119214	79,900002	80,000000	1,323986E-1
456,119214	79,900002	80,000000	1,324002E-1
456,119214	79,600006	80,000000	1,324002E-1
456,119214	79,600006	80,000000	1,324002E-1
456,119214	79,600006	80,000000	1,324002E-1
456,119214	79,600006	80,000000	1,324002E-1
456,119214	79,600006	80,000000	1,324002E-1
456,119214	79,600006	80,000000	1,324002E-1
456,119214	79,600006	80,000000	1,324002E-1
457,118696	79,600006	80,000000	1,324002E-1
457,118696	79,600006	80,000000	1,324002E-1
457,118696	79,600006	80,000000	1,324002E-1
457,118696	79,600006	80,000000	1,324002E-1
457,118696	79,600006	80,000000	1,324002E-1
457,118696	79,600006	80,000000	1,324002E-1
457,118696	79,600006	80,000000	1,324002E-1
457,118696	79,600006	80,000000	1,324002E-1
457,118696	79,600006	80,000000	1,324002E-1
457,118696	79,600006	80,000000	1,324002E-1
458,119111	79,600006	80,000000	1,324002E-1
458,119111	79,600006	80,000000	1,324002E-1
458,119111	79,600006	80,000000	1,324002E-1
458,119111	79,600006	80,000000	1,324822E-1
458,119111	79,600006	80,000000	1,324822E-1
458,119111	79,600006	80,000000	1,324822E-1
458,119111	79,600006	80,000000	1,324822E-1
458,119111	79,600006	80,000000	1,324822E-1
458,119111	79,600006	80,000000	1,324822E-1
458,119111	79,600006	80,000000	1,324822E-1
459,119492	79,600006	80,000000	1,324822E-1
459,119492	79,600006	80,000000	1,324822E-1
459,119492	79,600006	80,000000	1,324822E-1
459,119492	79,600006	80,000000	1,324822E-1
459,119492	79,600006	80,000000	1,324822E-1
459,119492	79,600006	80,000000	1,324822E-1
459,119492	79,600006	80,000000	1,324822E-1
459,119492	79,600006	80,000000	1,324822E-1
459,119492	79,600006	80,000000	1,324822E-1
459,119492	79,600006	80,000000	1,324822E-1
460,120163	79,600006	80,000000	1,324822E-1
460,120163	79,600006	80,000000	1,324822E-1
460,120163	79,600006	80,000000	1,324822E-1
460,120163	79,600006	80,000000	1,324822E-1
460,120163	79,600006	80,000000	1,324822E-1
460,120163	79,600006	80,000000	1,324822E-1
460,120163	79,600006	80,000000	1,324822E-1
460,120163	79,600006	80,000000	1,324822E-1
460,120163	79,600006	80,000000	1,324822E-1
460,120163	79,600006	80,000000	1,324822E-1
461,119552	79,600006	80,000000	1,324822E-1
461,119552	79,600006	80,000000	1,324822E-1
461,119552	79,600006	80,000000	1,324822E-1
461,119552	80,000000	80,000000	1,324886E-1
461,119552	80,000000	80,000000	1,324886E-1
461,119552	80,000000	80,000000	1,324886E-1
461,119552	80,000000	80,000000	1,324886E-1
461,119552	80,000000	80,000000	1,324886E-1
461,119552	80,000000	80,000000	1,324886E-1
461,119552	80,000000	80,000000	1,324886E-1
462,119982	80,000000	80,000000	1,324886E-1
462,119982	80,000000	80,000000	1,324886E-1
462,119982	80,000000	80,000000	1,324886E-1
462,119982	80,000000	80,000000	1,324886E-1
462,119982	80,000000	80,000000	1,324886E-1
462,119982	80,000000	80,000000	1,324886E-1
462,119982	80,000000	80,000000	1,324886E-1
462,119982	80,000000	80,000000	1,324886E-1
462,119982	80,000000	80,000000	1,324886E-1
462,119982	80,000000	80,000000	1,324886E-1
463,119390	80,000000	80,000000	1,323878E-1
463,119390	80,000000	80,000000	1,323878E-1
463,119390	80,000000	80,000000	1,323878E-1
463,119390	80,000000	80,000000	1,323878E-1
463,119390	80,000000	80,000000	1,323878E-1
463,119390	80,000000	80,000000	1,323878E-1
463,119390	80,000000	80,000000	1,323878E-1
463,119390	80,000000	80,000000	1,323878E-1
463,119390	80,000000	80,000000	1,323878E-1
463,119390	80,000000	80,000000	1,323878E-1
464,119817	80,000000	80,000000	1,323878E-1
464,119817	80,000000	80,000000	1,323878E-1
464,119817	80,000000	80,000000	1,323878E-1
464,119817	80,000000	80,000000	1,323878E-1
464,119817	80,000000	80,000000	1,323878E-1
464,119817	80,000000	80,000000	1,323878E-1
464,119817	80,000000	80,000000	1,323878E-1
464,119817	80,000000	80,000000	1,323878E-1
464,119817	80,199997	80,000000	1,323878E-1
464,119817	80,199997	80,000000	1,323878E-1
465,121120	80,199997	80,000000	1,323878E-1
465,121120	80,199997	80,000000	1,323878E-1
465,121120	80,199997	80,000000	1,323878E-1
465,121120	80,199997	80,000000	1,323878E-1
465,121120	80,199997	80,000000	1,323878E-1
465,121120	80,199997	80,000000	1,323878E-1
465,121120	80,199997	80,000000	1,323878E-1
465,121120	80,199997	80,000000	1,323878E-1
465,121120	80,199997	80,000000	1,323878E-1
465,121120	80,199997	80,000000	1,323878E-1
466,120513	80,199997	80,000000	1,323878E-1
466,120513	80,199997	80,000000	1,323878E-1
466,120513	80,199997	80,000000	1,323878E-1
466,120513	80,199997	80,000000	1,323878E-1
466,120513	80,199997	80,000000	1,323342E-1
466,120513	80,000000	80,000000	1,323342E-1
466,120513	80,000000	80,000000	1,323342E-1
466,120513	80,000000	80,000000	1,323342E-1
466,120513	80,000000	80,000000	1,323342E-1
466,120513	80,000000	80,000000	1,323342E-1
467,120994	80,000000	80,000000	1,323342E-1
467,120994	80,000000	80,000000	1,323342E-1
467,120994	80,000000	80,000000	1,323342E-1
467,120994	80,000000	80,000000	1,323342E-1
467,120994	80,000000	80,000000	1,323342E-1
467,120994	80,000000	80,000000	1,323342E-1
467,120994	80,000000	80,000000	1,323342E-1
467,120994	80,000000	80,000000	1,323342E-1
467,120994	80,000000	80,000000	1,323342E-1
467,120994	80,000000	80,000000	1,323342E-1
468,121370	80,000000	80,000000	1,323342E-1
468,121370	80,000000	80,000000	1,323342E-1
468,121370	80,000000	80,000000	1,323846E-1
468,121370	79,699997	80,000000	1,323846E-1
468,121370	79,699997	80,000000	1,323846E-1
468,121370	79,699997	80,000000	1,324650E-1
468,121370	79,699997	80,000000	1,324650E-1
468,121370	79,699997	80,000000	1,324650E-1
468,121370	79,899994	80,000000	1,324162E-1
468,121370	79,899994	80,000000	1,324178E-1
469,121766	79,899994	80,000000	1,324194E-1
469,121766	79,899994	80,000000	1,324194E-1
469,121766	79,899994	80,000000	1,324210E-1
469,121766	79,899994	80,000000	1,324226E-1
469,121766	79,899994	80,000000	1,324226E-1
469,121766	79,899994	80,000000	1,324243E-1
469,121766	79,899994	80,000000	1,324259E-1
469,121766	79,899994	80,000000	1,324275E-1
469,121766	79,899994	80,000000	1,324275E-1
469,121766	79,899994	80,000000	1,324291E-1
470,122189	79,899994	80,000000	1,324291E-1
470,122189	79,899994	80,000000	1,324307E-1
470,122189	80,400002	80,000000	1,324307E-1
470,122189	80,400002	80,000000	1,322983E-1
470,122189	80,400002	80,000000	1,322918E-1
470,122189	80,400002	80,000000	1,322854E-1
470,122189	80,400002	80,000000	1,322854E-1
470,122189	80,400002	80,000000	1,322790E-1
470,122189	80,400002	80,000000	1,322726E-1
470,122189	80,400002	80,000000	1,322662E-1
471,122646	80,400002	80,000000	1,322597E-1
471,122646	80,000000	80,000000	1,322597E-1
471,122646	80,000000	80,000000	1,323605E-1
471,122646	80,000000	80,000000	1,323605E-1
471,122646	80,000000	80,000000	1,323605E-1
471,122646	80,000000	80,000000	1,323605E-1
471,122646	80,000000	80,000000	1,323605E-1
471,122646	80,000000	80,000000	1,323605E-1
471,122646	80,000000	80,000000	1,323605E-1
471,122646	80,000000	80,000000	1,323605E-1
472,123108	80,000000	80,000000	1,323605E-1
472,123108	80,000000	80,000000	1,323605E-1
472,123108	80,000000	80,000000	1,323605E-1
472,123108	80,000000	80,000000	1,323605E-1
472,123108	80,000000	80,000000	1,323605E-1
472,123108	80,000000	80,000000	1,323605E-1
472,123108	80,000000	80,000000	1,323605E-1
472,123108	80,000000	80,000000	1,323605E-1
472,123108	80,000000	80,000000	1,323605E-1
472,123108	80,000000	80,000000	1,323605E-1
473,122478	80,000000	80,000000	1,323605E-1
473,122478	80,000000	80,000000	1,323605E-1
473,122478	79,900002	80,000000	1,323605E-1
473,122478	79,900002	80,000000	1,323605E-1
473,122478	79,900002	80,000000	1,323873E-1
473,122478	79,900002	80,000000	1,323889E-1
473,122478	79,900002	80,000000	1,323905E-1
473,122478	79,900002	80,000000	1,323922E-1
473,122478	79,900002	80,000000	1,323922E-1
473,122478	79,900002	80,000000	1,323938E-1
474,122901	79,900002	80,000000	1,323954E-1
474,122901	79,900002	80,000000	1,323954E-1
474,122901	80,000000	80,000000	1,323970E-1
474,122901	80,000000	80,000000	1,323718E-1
474,122901	80,000000	80,000000	1,323718E-1
474,122901	80,000000	80,000000	1,323718E-1
474,122901	80,000000	80,000000	1,323718E-1
474,122901	80,000000	80,000000	1,323718E-1
474,122901	80,000000	80,000000	1,323718E-1
474,122901	80,000000	80,000000	1,323718E-1
475,123388	80,000000	80,000000	1,323718E-1
475,123388	80,000000	80,000000	1,323718E-1
475,123388	80,000000	80,000000	1,323718E-1
475,123388	80,000000	80,000000	1,323718E-1
475,123388	80,000000	80,000000	1,323718E-1
475,123388	80,000000	80,000000	1,323718E-1
475,123388	80,000000	80,000000	1,323718E-1
475,123388	79,899994	80,000000	1,323718E-1
475,123388	79,899994	80,000000	1,323986E-1
475,123388	79,899994	80,000000	1,323986E-1
476,122763	79,899994	80,000000	1,324002E-1
476,122763	79,899994	80,000000	1,324002E-1
476,122763	79,899994	80,000000	1,324002E-1
476,122763	79,899994	80,000000	1,324018E-1
476,122763	79,899994	80,000000	1,324018E-1
476,122763	79,899994	80,000000	1,324034E-1
476,122763	79,699997	80,000000	1,324050E-1
476,122763	79,699997	80,000000	1,324602E-1
476,122763	79,699997	80,000000	1,324602E-1
476,122763	79,699997	80,000000	1,324650E-1
477,124208	79,699997	80,000000	1,324650E-1
477,124208	79,699997	80,000000	1,324698E-1
477,124208	79,699997	80,000000	1,324698E-1
477,124208	79,699997	80,000000	1,324698E-1
477,124208	79,699997	80,000000	1,324698E-1
477,124208	79,699997	80,000000	1,324698E-1
477,124208	79,699997	80,000000	1,324698E-1
477,124208	79,699997	80,000000	1,324698E-1
477,124208	79,699997	80,000000	1,324698E-1
477,124208	79,699997	80,000000	1,324698E-1
478,123639	79,699997	80,000000	1,324698E-1
478,123639	79,699997	80,000000	1,324698E-1
478,123639	79,699997	80,000000	1,324698E-1
478,123639	79,699997	80,000000	1,324698E-1
478,123639	79,699997	80,000000	1,324698E-1
478,123639	79,699997	80,000000	1,324698E-1
478,123639	79,699997	80,000000	1,324698E-1
478,123639	79,699997	80,000000	1,324698E-1
478,123639	79,699997	80,000000	1,324698E-1
478,123639	79,699997	80,000000	1,324698E-1
479,124090	79,699997	80,000000	1,324698E-1
479,124090	79,699997	80,000000	1,324698E-1
479,124090	79,699997	80,000000	1,324698E-1
479,124090	79,699997	80,000000	1,324698E-1
479,124090	79,699997	80,000000	1,324698E-1
479,124090	79,699997	80,000000	1,324698E-1
479,124090	79,699997	80,000000	1,324746E-1
479,124090	79,699997	80,000000	1,324746E-1
479,124090	79,699997	80,000000	1,324746E-1
479,124090	79,699997	80,000000	1,324746E-1
480,124484	79,699997	80,000000	1,324746E-1
480,124484	79,699997	80,000000	1,324746E-1
480,124484	79,699997	80,000000	1,324746E-1
480,124484	79,699997	80,000000	1,324746E-1
480,124484	79,699997	80,000000	1,324746E-1
480,124484	79,699997	80,000000	1,324746E-1
480,124484	79,699997	80,000000	1,324746E-1
480,124484	79,699997	80,000000	1,324746E-1
480,124484	79,699997	80,000000	1,324746E-1
480,124484	79,699997	80,000000	1,324746E-1
481,124869	79,699997	80,000000	1,324746E-1
481,124869	79,699997	80,000000	1,324746E-1
481,124869	79,699997	80,000000	1,324746E-1
481,124869	79,699997	80,000000	1,324795E-1
481,124869	80,099998	80,000000	1,324795E-1
481,124869	80,099998	80,000000	1,324795E-1
481,124869	80,099998	80,000000	1,324795E-1
481,124869	80,099998	80,000000	1,324795E-1
481,124869	80,099998	80,000000	1,324795E-1
481,124869	80,099998	80,000000	1,324795E-1
482,125384	80,099998	80,000000	1,324795E-1
482,125384	80,099998	80,000000	1,324795E-1
482,125384	80,099998	80,000000	1,324795E-1
482,125384	80,099998	80,000000	1,324795E-1
482,125384	80,099998	80,000000	1,324795E-1
482,125384	80,099998	80,000000	1,324795E-1
482,125384	80,099998	80,000000	1,324795E-1
482,125384	80,099998	80,000000	1,324795E-1
482,125384	80,099998	80,000000	1,324795E-1
482,125384	80,099998	80,000000	1,324795E-1
483,124712	80,099998	80,000000	1,324795E-1
483,124712	80,099998	80,000000	1,323771E-1
483,124712	80,099998	80,000000	1,323771E-1
483,124712	80,099998	80,000000	1,323771E-1
483,124712	80,099998	80,000000	1,323771E-1
483,124712	80,099998	80,000000	1,323771E-1
483,124712	80,099998	80,000000	1,323771E-1
483,124712	80,099998	80,000000	1,323771E-1
483,124712	80,099998	80,000000	1,323771E-1
483,124712	80,099998	80,000000	1,323771E-1
484,125250	80,099998	80,000000	1,323771E-1
484,125250	80,099998	80,000000	1,323771E-1
484,125250	80,099998	80,000000	1,323771E-1
484,125250	80,099998	80,000000	1,323771E-1
484,125250	80,099998	80,000000	1,323771E-1
484,125250	80,099998	80,000000	1,323771E-1
484,125250	80,099998	80,000000	1,323771E-1
484,125250	80,099998	80,000000	1,323771E-1
484,125250	80,099998	80,000000	1,323771E-1
484,125250	80,099998	80,000000	1,323755E-1
485,124558	80,300003	80,000000	1,323755E-1
485,124558	80,300003	80,000000	1,323755E-1
485,124558	80,300003	80,000000	1,323755E-1
485,124558	80,300003	80,000000	1,323755E-1
485,124558	80,300003	80,000000	1,323755E-1
485,124558	80,300003	80,000000	1,323755E-1
485,124558	80,300003	80,000000	1,323755E-1
485,124558	80,300003	80,000000	1,323755E-1
485,124558	80,300003	80,000000	1,323755E-1
485,124558	80,300003	80,000000	1,323755E-1
486,125019	80,300003	80,000000	1,323755E-1
486,125019	80,300003	80,000000	1,323755E-1
486,125019	80,300003	80,000000	1,323755E-1
486,125019	80,300003	80,000000	1,323755E-1
486,125019	80,300003	80,000000	1,323755E-1
486,125019	80,300003	80,000000	1,323755E-1
486,125019	80,300003	80,000000	1,323203E-1
486,125019	79,800003	80,000000	1,323203E-1
486,125019	79,800003	80,000000	1,323203E-1
486,125019	79,800003	80,000000	1,323203E-1
487,124478	79,800003	80,000000	1,323203E-1
487,124478	79,800003	80,000000	1,323203E-1
487,124478	79,800003	80,000000	1,323203E-1
487,124478	79,800003	80,000000	1,323203E-1
487,124478	79,800003	80,000000	1,323203E-1
487,124478	79,800003	80,000000	1,323203E-1
487,124478	79,800003	80,000000	1,323203E-1
487,124478	79,800003	80,000000	1,323203E-1
487,124478	79,800003	80,000000	1,323203E-1
487,124478	79,800003	80,000000	1,323203E-1
488,124863	79,800003	80,000000	1,323203E-1
488,124863	79,800003	80,000000	1,323203E-1
488,124863	79,800003	80,000000	1,323203E-1
488,124863	79,800003	80,000000	1,324494E-1
488,124863	79,800003	80,000000	1,324494E-1
488,124863	79,800003	80,000000	1,324494E-1
488,124863	80,000000	80,000000	1,323991E-1
488,124863	80,000000	80,000000	1,323991E-1
488,124863	80,000000	80,000000	1,323991E-1
488,124863	80,000000	80,000000	1,323991E-1
489,124967	80,100006	80,000000	1,323723E-1
489,124967	80,100006	80,000000	1,323706E-1
489,124967	80,100006	80,000000	1,323706E-1
489,124967	80,100006	80,000000	1,323690E-1
489,124967	80,100006	80,000000	1,323674E-1
489,124967	80,100006	80,000000	1,323658E-1
489,124967	80,100006	80,000000	1,323658E-1
489,124967	80,100006	80,000000	1,323642E-1
489,124967	80,100006	80,000000	1,323626E-1
489,124967	80,100006	80,000000	1,323610E-1
490,124386	80,100006	80,000000	1,323610E-1
490,124386	80,100006	80,000000	1,323594E-1
490,124386	80,000000	80,000000	1,323594E-1
490,124386	80,000000	80,000000	1,323594E-1
490,124386	80,000000	80,000000	1,323846E-1
490,124386	80,000000	80,000000	1,323846E-1
490,124386	80,000000	80,000000	1,323846E-1
490,124386	80,000000	80,000000	1,323846E-1
490,124386	80,000000	80,000000	1,323846E-1
490,124386	80,000000	80,000000	1,323846E-1
491,125846	80,000000	80,000000	1,323846E-1
491,125846	80,099998	80,000000	1,323846E-1
491,125846	80,099998	80,000000	1,323578E-1
491,125846	80,099998	80,000000	1,323578E-1
491,125846	80,099998	80,000000	1,323562E-1
491,125846	80,099998	80,000000	1,323546E-1
491,125846	80,099998	80,000000	1,323546E-1
491,125846	80,099998	80,000000	1,323530E-1
491,125846	80,099998	80,000000	1,323530E-1
491,125846	80,099998	80,000000	1,323530E-1
492,126254	80,099998	80,000000	1,323514E-1
492,126254	80,099998	80,000000	1,323498E-1
492,126254	79,900002	80,000000	1,323482E-1
492,126254	79,900002	80,000000	1,323482E-1
492,126254	79,900002	80,000000	1,324002E-1
492,126254	79,900002	80,000000	1,324018E-1
492,126254	79,900002	80,000000	1,324018E-1
492,126254	79,900002	80,000000	1,324034E-1
492,126254	79,900002	80,000000	1,324050E-1
492,126254	79,900002	80,000000	1,324066E-1
493,126641	79,900002	80,000000	1,324066E-1
493,126641	79,900002	80,000000	1,324082E-1
493,126641	80,000000	80,000000	1,324082E-1
493,126641	80,000000	80,000000	1,324082E-1
493,126641	80,000000	80,000000	1,323830E-1
493,126641	80,000000	80,000000	1,323830E-1
493,126641	80,000000	80,000000	1,323830E-1
493,126641	80,000000	80,000000	1,323830E-1
493,126641	80,000000	80,000000	1,323830E-1
493,126641	80,000000	80,000000	1,323830E-1
494,127134	80,000000	80,000000	1,323830E-1
494,127134	80,000000	80,000000	1,323830E-1
494,127134	80,000000	80,000000	1,323830E-1
494,127134	80,000000	80,000000	1,323830E-1
494,127134	80,000000	80,000000	1,323830E-1
494,127134	79,899994	80,000000	1,323830E-1
494,127134	79,899994	80,000000	1,324098E-1
494,127134	79,899994	80,000000	1,324098E-1
494,127134	79,899994	80,000000	1,324098E-1
494,127134	79,899994	80,000000	1,324114E-1
495,126526	79,899994	80,000000	1,324114E-1
495,126526	79,899994	80,000000	1,324130E-1
495,126526	79,899994	80,000000	1,324146E-1
495,126526	79,899994	80,000000	1,324162E-1
495,126526	79,899994	80,000000	1,324162E-1
495,126526	79,899994	80,000000	1,324178E-1
495,126526	79,899994	80,000000	1,324194E-1
495,126526	79,800003	80,000000	1,324194E-1
495,126526	79,800003	80,000000	1,324478E-1
495,126526	79,800003	80,000000	1,324478E-1
496,127183	79,800003	80,000000	1,324478E-1
496,127183	79,800003	80,000000	1,324511E-1
496,127183	79,800003	80,000000	1,324511E-1
496,127183	79,800003	80,000000	1,324543E-1
496,127183	79,800003	80,000000	1,324543E-1
496,127183	79,800003	80,000000	1,324543E-1
496,127183	79,800003	80,000000	1,324543E-1
496,127183	79,800003	80,000000	1,324543E-1
496,127183	79,800003	80,000000	1,324543E-1
496,127183	79,800003	80,000000	1,324543E-1
497,126595	79,800003	80,000000	1,324543E-1
497,126595	79,800003	80,000000	1,324543E-1
497,126595	79,800003	80,000000	1,324543E-1
497,126595	79,800003	80,000000	1,324543E-1
497,126595	79,800003	80,000000	1,324543E-1
497,126595	79,800003	80,000000	1,324543E-1
497,126595	79,800003	80,000000	1,324543E-1
497,126595	79,800003	80,000000	1,324543E-1
497,126595	79,800003	80,000000	1,324543E-1
497,126595	79,800003	80,000000	1,324543E-1
498,127030	79,800003	80,000000	1,324543E-1
498,127030	79,800003	80,000000	1,324543E-1
498,127030	79,800003	80,000000	1,324543E-1
498,127030	79,800003	80,000000	1,324543E-1
498,127030	79,800003	80,000000	1,324543E-1
498,127030	79,800003	80,000000	1,324543E-1
498,127030	79,800003	80,000000	1,324543E-1
498,127030	79,800003	80,000000	1,324543E-1
498,127030	79,800003	80,000000	1,324543E-1
498,127030	79,800003	80,000000	1,324543E-1
499,126430	79,500000	80,000000	1,325379E-1
499,126430	79,500000	80,000000	1,325379E-1
499,126430	79,500000	80,000000	1,325379E-1
499,126430	79,500000	80,000000	1,325379E-1
499,126430	79,500000	80,000000	1,325379E-1
499,126430	79,500000	80,000000	1,325379E-1
499,126430	79,500000	80,000000	1,325379E-1
499,126430	79,500000	80,000000	1,325379E-1
499,126430	79,500000	80,000000	1,325379E-1
499,126430	79,500000	80,000000	1,325379E-1
500,126992	79,500000	80,000000	1,325379E-1
500,126992	79,500000	80,000000	1,325379E-1
500,126992	79,500000	80,000000	1,325379E-1
500,126992	79,500000	80,000000	1,325379E-1
500,126992	79,500000	80,000000	1,325379E-1
500,126992	79,500000	80,000000	1,325379E-1
500,126992	79,500000	80,000000	1,325379E-1
500,126992	79,500000	80,000000	1,325379E-1
500,126992	79,500000	80,000000	1,325459E-1
500,126992	79,500000	80,000000	1,325459E-1
501,127321	79,500000	80,000000	1,325459E-1
501,127321	79,500000	80,000000	1,325459E-1
501,127321	79,500000	80,000000	1,325459E-1
501,127321	79,500000	80,000000	1,325459E-1
501,127321	79,500000	80,000000	1,325459E-1
501,127321	79,500000	80,000000	1,325459E-1
501,127321	79,500000	80,000000	1,325459E-1
501,127321	79,500000	80,000000	1,325459E-1
501,127321	79,500000	80,000000	1,325459E-1
501,127321	79,500000	80,000000	1,325459E-1
502,126720	79,500000	80,000000	1,325459E-1
502,126720	79,500000	80,000000	1,325459E-1
502,126720	79,500000	80,000000	1,325459E-1
502,126720	80,099998	80,000000	1,325459E-1
502,126720	80,099998	80,000000	1,325459E-1
502,126720	80,099998	80,000000	1,323931E-1
502,126720	80,099998	80,000000	1,323931E-1
502,126720	80,099998	80,000000	1,323931E-1
502,126720	80,099998	80,000000	1,323931E-1
502,126720	80,099998	80,000000	1,323931E-1
503,127130	80,099998	80,000000	1,323931E-1
503,127130	80,099998	80,000000	1,323931E-1
503,127130	80,099998	80,000000	1,323931E-1
503,127130	80,099998	80,000000	1,323931E-1
503,127130	80,099998	80,000000	1,323931E-1
503,127130	80,099998	80,000000	1,323931E-1
503,127130	80,099998	80,000000	1,323931E-1
503,127130	80,099998	80,000000	1,323931E-1
503,127130	80,099998	80,000000	1,323931E-1
503,127130	80,099998	80,000000	1,323931E-1
504,127605	80,099998	80,000000	1,323931E-1
504,127605	80,099998	80,000000	1,323931E-1
504,127605	80,099998	80,000000	1,323931E-1
504,127605	80,099998	80,000000	1,323915E-1
504,127605	80,099998	80,000000	1,323915E-1
504,127605	80,099998	80,000000	1,323915E-1
504,127605	80,099998	80,000000	1,323915E-1
504,127605	80,099998	80,000000	1,323915E-1
504,127605	80,099998	80,000000	1,323915E-1
504,127605	80,099998	80,000000	1,323915E-1
505,127968	80,099998	80,000000	1,323915E-1
505,127968	80,099998	80,000000	1,323915E-1
505,127968	80,099998	80,000000	1,323915E-1
505,127968	80,099998	80,000000	1,323915E-1
505,127968	80,099998	80,000000	1,323915E-1
505,127968	80,099998	80,000000	1,323915E-1
505,127968	80,099998	80,000000	1,323915E-1
505,127968	80,099998	80,000000	1,323915E-1
505,127968	80,000000	80,000000	1,323915E-1
505,127968	80,000000	80,000000	1,323915E-1
506,127440	80,000000	80,000000	1,323915E-1
506,127440	80,000000	80,000000	1,323915E-1
506,127440	80,000000	80,000000	1,323915E-1
506,127440	80,000000	80,000000	1,323915E-1
506,127440	80,000000	80,000000	1,323915E-1
506,127440	80,000000	80,000000	1,323915E-1
506,127440	80,000000	80,000000	1,323915E-1
506,127440	80,000000	80,000000	1,323915E-1
506,127440	80,000000	80,000000	1,323915E-1
506,127440	80,000000	80,000000	1,323915E-1
507,127872	80,000000	80,000000	1,323915E-1
507,127872	80,000000	80,000000	1,323915E-1
507,127872	80,000000	80,000000	1,323915E-1
507,127872	80,000000	80,000000	1,323915E-1
507,127872	80,000000	80,000000	1,323915E-1
507,127872	79,899994	80,000000	1,324167E-1
507,127872	79,899994	80,000000	1,324167E-1
507,127872	79,899994	80,000000	1,324167E-1
507,127872	80,000000	80,000000	1,324167E-1
507,127872	80,000000	80,000000	1,324167E-1
508,128346	80,000000	80,000000	1,324167E-1
508,128346	80,000000	80,000000	1,324167E-1
508,128346	80,000000	80,000000	1,324167E-1
508,128346	80,199997	80,000000	1,324167E-1
508,128346	80,199997	80,000000	1,323631E-1
508,128346	80,199997	80,000000	1,323599E-1
508,128346	80,199997	80,000000	1,323599E-1
508,128346	80,199997	80,000000	1,323567E-1
508,128346	80,199997	80,000000	1,323535E-1
508,128346	80,199997	80,000000	1,323535E-1
509,128676	80,199997	80,000000	1,323503E-1
509,128676	80,199997	80,000000	1,323471E-1
509,128676	80,199997	80,000000	1,323471E-1
509,128676	80,199997	80,000000	1,323438E-1
509,128676	80,199997	80,000000	1,323438E-1
509,128676	80,199997	80,000000	1,323406E-1
509,128676	80,199997	80,000000	1,323406E-1
509,128676	80,300003	80,000000	1,323374E-1
509,128676	80,300003	80,000000	1,323374E-1
509,128676	80,300003	80,000000	1,323074E-1
510,129108	80,300003	80,000000	1,323026E-1
510,129108	80,300003	80,000000	1,323026E-1
510,129108	80,300003	80,000000	1,322978E-1
510,129108	80,300003	80,000000	1,322930E-1
510,129108	80,300003	80,000000	1,322882E-1
510,129108	80,300003	80,000000	1,322882E-1
510,129108	80,300003	80,000000	1,322833E-1
510,129108	80,300003	80,000000	1,322833E-1
510,129108	80,300003	80,000000	1,322785E-1
510,129108	80,100006	80,000000	1,322785E-1
511,128535	80,100006	80,000000	1,323273E-1
511,128535	80,100006	80,000000	1,323257E-1
511,128535	80,100006	80,000000	1,323241E-1
511,128535	80,100006	80,000000	1,323241E-1
511,128535	80,100006	80,000000	1,323225E-1
511,128535	80,100006	80,000000	1,323209E-1
511,128535	80,100006	80,000000	1,323193E-1
511,128535	80,100006	80,000000	1,323177E-1
511,128535	80,000000	80,000000	1,323161E-1
511,128535	80,000000	80,000000	1,323161E-1
512,129954	80,000000	80,000000	1,323413E-1
512,129954	80,000000	80,000000	1,323413E-1
512,129954	80,000000	80,000000	1,323413E-1
512,129954	80,000000	80,000000	1,323413E-1
512,129954	80,000000	80,000000	1,323413E-1
512,129954	80,000000	80,000000	1,323413E-1
512,129954	80,000000	80,000000	1,323413E-1
512,129954	80,000000	80,000000	1,323413E-1
512,129954	80,000000	80,000000	1,323413E-1
512,129954	79,900002	80,000000	1,323681E-1
513,129371	79,900002	80,000000	1,323697E-1
513,129371	79,900002	80,000000	1,323713E-1
513,129371	79,900002	80,000000	1,323713E-1
513,129371	79,900002	80,000000	1,323729E-1
513,129371	79,900002	80,000000	1,323745E-1
513,129371	79,900002	80,000000	1,323761E-1
513,129371	79,900002	80,000000	1,323761E-1
513,129371	79,900002	80,000000	1,323777E-1
513,129371	79,900002	80,000000	1,323777E-1
513,129371	79,900002	80,000000	1,323777E-1
514,129816	79,900002	80,000000	1,323777E-1
514,129816	79,900002	80,000000	1,323793E-1
514,129816	79,900002	80,000000	1,323809E-1
514,129816	79,900002	80,000000	1,323809E-1
514,129816	79,900002	80,000000	1,323825E-1
514,129816	79,900002	80,000000	1,323841E-1
514,129816	79,900002	80,000000	1,323857E-1
514,129816	79,900002	80,000000	1,323857E-1
514,129816	79,900002	80,000000	1,323873E-1
514,129816	79,900002	80,000000	1,323889E-1
515,130252	79,900002	80,000000	1,323889E-1
515,130252	79,900002	80,000000	1,323905E-1
515,130252	79,900002	80,000000	1,323905E-1
515,130252	79,900002	80,000000	1,323905E-1
515,130252	79,599998	80,000000	1,324726E-1
515,130252	79,599998	80,000000	1,324726E-1
515,130252	79,599998	80,000000	1,324790E-1
515,130252	79,599998	80,000000	1,324854E-1
515,130252	79,599998	80,000000	1,324918E-1
515,130252	79,599998	80,000000	1,324982E-1
516,130260	79,599998	80,000000	1,324982E-1
516,130260	79,599998	80,000000	1,325047E-1
516,130260	79,599998	80,000000	1,325047E-1
516,130260	79,599998	80,000000	1,325111E-1
516,130260	79,599998	80,000000	1,325175E-1
516,130260	79,599998	80,000000	1,325239E-1
516,130260	79,599998	80,000000	1,325239E-1
516,130260	79,599998	80,000000	1,325303E-1
516,130260	79,599998	80,000000	1,325303E-1
516,130260	79,599998	80,000000	1,325303E-1
517,129695	79,599998	80,000000	1,325368E-1
517,129695	79,599998	80,000000	1,325432E-1
517,129695	79,599998	80,000000	1,325496E-1
517,129695	79,599998	80,000000	1,325496E-1
517,129695	79,800003	80,000000	1,325560E-1
517,129695	79,800003	80,000000	1,325088E-1
517,129695	79,800003	80,000000	1,325120E-1
517,129695	79,800003	80,000000	1,325120E-1
517,129695	79,800003	80,000000	1,325153E-1
517,129695	79,800003	80,000000	1,325185E-1
518,130090	79,800003	80,000000	1,325185E-1
518,130090	79,800003	80,000000	1,325185E-1
518,130090	79,800003	80,000000	1,325217E-1
518,130090	79,800003	80,000000	1,325217E-1
518,130090	79,899994	80,000000	1,325217E-1
518,130090	79,899994	80,000000	1,324981E-1
518,130090	79,899994	80,000000	1,324981E-1
518,130090	79,899994	80,000000	1,324981E-1
518,130090	79,899994	80,000000	1,324981E-1
518,130090	79,899994	80,000000	1,324981E-1
519,130588	79,899994	80,000000	1,324981E-1
519,130588	79,899994	80,000000	1,324981E-1
519,130588	79,899994	80,000000	1,324981E-1
519,130588	79,899994	80,000000	1,324981E-1
519,130588	79,899994	80,000000	1,324981E-1
519,130588	79,899994	80,000000	1,324981E-1
519,130588	79,899994	80,000000	1,324981E-1
519,130588	79,899994	80,000000	1,324981E-1
519,130588	79,899994	80,000000	1,324981E-1
519,130588	79,899994	80,000000	1,324981E-1
520,130957	79,899994	80,000000	1,324981E-1
520,130957	79,899994	80,000000	1,324981E-1
520,130957	79,899994	80,000000	1,324981E-1
520,130957	79,899994	80,000000	1,324981E-1
520,130957	79,899994	80,000000	1,324981E-1
520,130957	79,899994	80,000000	1,324981E-1
520,130957	79,899994	80,000000	1,324981E-1
520,130957	79,899994	80,000000	1,324981E-1
520,130957	79,899994	80,000000	1,324981E-1
520,130957	79,899994	80,000000	1,324981E-1
521,131391	79,899994	80,000000	1,324981E-1
521,131391	79,899994	80,000000	1,324997E-1
521,131391	79,899994	80,000000	1,324997E-1
521,131391	79,899994	80,000000	1,324997E-1
521,131391	79,899994	80,000000	1,324997E-1
521,131391	79,899994	80,000000	1,324997E-1
521,131391	79,899994	80,000000	1,324997E-1
521,131391	79,899994	80,000000	1,324997E-1
521,131391	79,899994	80,000000	1,324997E-1
521,131391	79,899994	80,000000	1,324997E-1
522,131861	79,899994	80,000000	1,324997E-1
522,131861	79,899994	80,000000	1,324997E-1
522,131861	79,899994	80,000000	1,324997E-1
522,131861	79,899994	80,000000	1,324997E-1
522,131861	79,899994	80,000000	1,324997E-1
522,131861	79,899994	80,000000	1,324997E-1
522,131861	79,899994	80,000000	1,324997E-1
522,131861	79,899994	80,000000	1,325013E-1
522,131861	79,899994	80,000000	1,325013E-1
522,131861	79,899994	80,000000	1,325013E-1
523,132295	79,899994	80,000000	1,325013E-1
523,132295	79,899994	80,000000	1,325013E-1
523,132295	79,899994	80,000000	1,325013E-1
523,132295	79,899994	80,000000	1,325013E-1
523,132295	79,899994	80,000000	1,325013E-1
523,132295	79,899994	80,000000	1,325013E-1
523,132295	79,899994	80,000000	1,325013E-1
523,132295	79,899994	80,000000	1,325013E-1
523,132295	79,899994	80,000000	1,325013E-1
523,132295	79,899994	80,000000	1,325013E-1
524,132707	79,899994	80,000000	1,325013E-1
524,132707	79,899994	80,000000	1,325013E-1
524,132707	79,899994	80,000000	1,325013E-1
524,132707	79,899994	80,000000	1,325029E-1
524,132707	79,899994	80,000000	1,325029E-1
524,132707	79,699997	80,000000	1,325029E-1
524,132707	79,699997	80,000000	1,325029E-1
524,132707	79,699997	80,000000	1,325029E-1
524,132707	79,699997	80,000000	1,325029E-1
524,132707	79,699997	80,000000	1,325029E-1
525,133094	79,699997	80,000000	1,325029E-1
525,133094	79,699997	80,000000	1,325029E-1
525,133094	79,699997	80,000000	1,325029E-1
525,133094	79,699997	80,000000	1,325029E-1
525,133094	79,699997	80,000000	1,325029E-1
525,133094	79,699997	80,000000	1,325029E-1
525,133094	79,699997	80,000000	1,325029E-1
525,133094	79,699997	80,000000	1,325029E-1
525,133094	79,699997	80,000000	1,325029E-1
525,133094	79,699997	80,000000	1,325029E-1
526,132544	79,899994	80,000000	1,325581E-1
526,132544	79,899994	80,000000	1,325581E-1
526,132544	79,899994	80,000000	1,325581E-1
526,132544	79,899994	80,000000	1,325581E-1
526,132544	79,899994	80,000000	1,325581E-1
526,132544	79,899994	80,000000	1,325581E-1
526,132544	79,899994	80,000000	1,325581E-1
526,132544	79,899994	80,000000	1,325581E-1
526,132544	79,899994	80,000000	1,325581E-1
526,132544	79,899994	80,000000	1,325581E-1
527,134000	79,899994	80,000000	1,325581E-1
527,134000	79,899994	80,000000	1,325581E-1
527,134000	79,899994	80,000000	1,325581E-1
527,134000	79,899994	80,000000	1,325581E-1
527,134000	79,899994	80,000000	1,325581E-1
527,134000	79,899994	80,000000	1,325581E-1
527,134000	79,899994	80,000000	1,325581E-1
527,134000	80,500000	80,000000	1,325093E-1
527,134000	80,500000	80,000000	1,325093E-1
527,134000	80,500000	80,000000	1,325093E-1
528,133393	80,500000	80,000000	1,325093E-1
528,133393	80,500000	80,000000	1,325093E-1
528,133393	80,500000	80,000000	1,325093E-1
528,133393	80,500000	80,000000	1,325093E-1
528,133393	80,500000	80,000000	1,325093E-1
528,133393	80,500000	80,000000	1,325093E-1
528,133393	80,500000	80,000000	1,325093E-1
528,133393	80,500000	80,000000	1,325093E-1
528,133393	80,500000	80,000000	1,325093E-1
528,133393	80,500000	80,000000	1,325093E-1
529,133818	80,500000	80,000000	1,325093E-1
529,133818	80,500000	80,000000	1,325093E-1
529,133818	80,500000	80,000000	1,325093E-1
529,133818	80,500000	80,000000	1,323501E-1
529,133818	80,500000	80,000000	1,323501E-1
529,133818	80,500000	80,000000	1,323501E-1
529,133818	80,500000	80,000000	1,323501E-1
529,133818	80,399994	80,000000	1,323689E-1
529,133818	80,399994	80,000000	1,323689E-1
529,133818	80,300003	80,000000	1,323893E-1
530,133461	80,300003	80,000000	1,323844E-1
530,133461	80,300003	80,000000	1,323844E-1
530,133461	80,300003	80,000000	1,323796E-1
530,133461	80,300003	80,000000	1,323748E-1
530,133461	80,300003	80,000000	1,323700E-1
530,133461	80,300003	80,000000	1,323700E-1
530,133461	80,300003	80,000000	1,323652E-1
530,133461	80,300003	80,000000	1,323604E-1
530,133461	80,300003	80,000000	1,323604E-1
530,133461	80,300003	80,000000	1,323556E-1
531,134011	80,300003	80,000000	1,323556E-1
531,134011	80,300003	80,000000	1,323507E-1
531,134011	80,300003	80,000000	1,323507E-1
531,134011	80,300003	80,000000	1,323459E-1
531,134011	79,899994	80,000000	1,324483E-1
531,134011	79,899994	80,000000	1,324483E-1
531,134011	79,899994	80,000000	1,324499E-1
531,134011	79,899994	80,000000	1,324515E-1
531,134011	79,899994	80,000000	1,324531E-1
531,134011	79,899994	80,000000	1,324531E-1
532,133512	79,899994	80,000000	1,324547E-1
532,133512	79,899994	80,000000	1,324564E-1
532,133512	79,899994	80,000000	1,324580E-1
532,133512	79,899994	80,000000	1,324580E-1
532,133512	80,000000	80,000000	1,324596E-1
532,133512	80,000000	80,000000	1,324596E-1
532,133512	80,000000	80,000000	1,324344E-1
532,133512	80,000000	80,000000	1,324344E-1
532,133512	80,000000	80,000000	1,324344E-1
532,133512	80,000000	80,000000	1,324344E-1
533,133874	80,000000	80,000000	1,324344E-1
533,133874	80,000000	80,000000	1,324344E-1
533,133874	80,000000	80,000000	1,324344E-1
533,133874	80,000000	80,000000	1,324344E-1
533,133874	80,000000	80,000000	1,324344E-1
533,133874	80,099998	80,000000	1,324344E-1
533,133874	80,099998	80,000000	1,324344E-1
533,133874	80,099998	80,000000	1,324076E-1
533,133874	80,099998	80,000000	1,324060E-1
533,133874	80,099998	80,000000	1,324044E-1
534,134720	80,099998	80,000000	1,324044E-1
534,134720	80,099998	80,000000	1,324044E-1
534,134720	80,099998	80,000000	1,324027E-1
534,134720	80,099998	80,000000	1,324027E-1
534,134720	80,099998	80,000000	1,324011E-1
534,134720	79,900002	80,000000	1,323995E-1
534,134720	79,900002	80,000000	1,324515E-1
534,134720	79,900002	80,000000	1,324515E-1
534,134720	79,900002	80,000000	1,324531E-1
534,134720	79,900002	80,000000	1,324547E-1
535,135122	79,900002	80,000000	1,324547E-1
535,135122	79,900002	80,000000	1,324564E-1
535,135122	79,900002	80,000000	1,324580E-1
535,135122	79,900002	80,000000	1,324580E-1
535,135122	79,900002	80,000000	1,324596E-1
535,135122	79,900002	80,000000	1,324612E-1
535,135122	79,900002	80,000000	1,324612E-1
535,135122	79,900002	80,000000	1,324628E-1
535,135122	79,500000	80,000000	1,324628E-1
535,135122	79,500000	80,000000	1,325716E-1
536,135546	79,500000	80,000000	1,325796E-1
536,135546	79,500000	80,000000	1,325876E-1
536,135546	79,500000	80,000000	1,325876E-1
536,135546	79,500000	80,000000	1,325957E-1
536,135546	79,500000	80,000000	1,326037E-1
536,135546	79,500000	80,000000	1,326117E-1
536,135546	79,500000	80,000000	1,326117E-1
536,135546	79,500000	80,000000	1,326197E-1
536,135546	79,500000	80,000000	1,326278E-1
536,135546	79,500000	80,000000	1,326278E-1
537,135965	79,899994	80,000000	1,326358E-1
537,135965	79,899994	80,000000	1,326358E-1
537,135965	79,899994	80,000000	1,325366E-1
537,135965	79,899994	80,000000	1,325366E-1
537,135965	79,899994	80,000000	1,325382E-1
537,135965	79,899994	80,000000	1,325382E-1
537,135965	79,899994	80,000000	1,325382E-1
537,135965	79,899994	80,000000	1,325398E-1
537,135965	79,899994	80,000000	1,325398E-1
537,135965	79,899994	80,000000	1,325398E-1
538,135445	79,899994	80,000000	1,325398E-1
538,135445	79,899994	80,000000	1,325398E-1
538,135445	79,899994	80,000000	1,325398E-1
538,135445	79,899994	80,000000	1,325398E-1
538,135445	79,899994	80,000000	1,325398E-1
538,135445	79,899994	80,000000	1,325398E-1
538,135445	79,899994	80,000000	1,325398E-1
538,135445	79,899994	80,000000	1,325398E-1
538,135445	79,899994	80,000000	1,325398E-1
538,135445	79,899994	80,000000	1,325398E-1
539,135813	79,899994	80,000000	1,325398E-1
539,135813	79,899994	80,000000	1,325398E-1
539,135813	79,899994	80,000000	1,325398E-1
539,135813	79,899994	80,000000	1,325398E-1
539,135813	79,899994	80,000000	1,325398E-1
539,135813	79,899994	80,000000	1,325398E-1
539,135813	79,899994	80,000000	1,325398E-1
539,135813	79,899994	80,000000	1,325398E-1
539,135813	79,899994	80,000000	1,325398E-1
539,135813	79,899994	80,000000	1,325398E-1
540,137296	79,899994	80,000000	1,325414E-1
540,137296	79,899994	80,000000	1,325414E-1
540,137296	79,899994	80,000000	1,325414E-1
540,137296	79,699997	80,000000	1,325414E-1
540,137296	79,699997	80,000000	1,325414E-1
540,137296	79,699997	80,000000	1,325414E-1
540,137296	79,699997	80,000000	1,325414E-1
540,137296	79,699997	80,000000	1,325414E-1
540,137296	79,699997	80,000000	1,325414E-1
540,137296	79,699997	80,000000	1,325414E-1
541,136725	79,699997	80,000000	1,325414E-1
541,136725	79,699997	80,000000	1,325414E-1
541,136725	79,699997	80,000000	1,325414E-1
541,136725	79,699997	80,000000	1,325414E-1
541,136725	79,699997	80,000000	1,325414E-1
541,136725	79,699997	80,000000	1,325414E-1
541,136725	79,699997	80,000000	1,325414E-1
541,136725	79,699997	80,000000	1,325414E-1
541,136725	79,699997	80,000000	1,325966E-1
541,136725	79,699997	80,000000	1,325966E-1
542,137077	79,699997	80,000000	1,325966E-1
542,137077	79,699997	80,000000	1,326014E-1
542,137077	79,699997	80,000000	1,326014E-1
542,137077	79,699997	80,000000	1,326014E-1
542,137077	79,699997	80,000000	1,326014E-1
542,137077	79,699997	80,000000	1,326014E-1
542,137077	79,699997	80,000000	1,326014E-1
542,137077	79,699997	80,000000	1,326014E-1
542,137077	79,699997	80,000000	1,326014E-1
542,137077	79,699997	80,000000	1,326014E-1
543,136548	79,699997	80,000000	1,326014E-1
543,136548	79,699997	80,000000	1,326014E-1
543,136548	79,699997	80,000000	1,326014E-1
543,136548	79,699997	80,000000	1,326014E-1
543,136548	79,699997	80,000000	1,326014E-1
543,136548	79,699997	80,000000	1,326014E-1
543,136548	80,400002	80,000000	1,326014E-1
543,136548	80,400002	80,000000	1,326014E-1
543,136548	80,400002	80,000000	1,326014E-1
543,136548	80,400002	80,000000	1,326014E-1
544,136937	80,400002	80,000000	1,326014E-1
544,136937	80,400002	80,000000	1,326014E-1
544,136937	80,400002	80,000000	1,326014E-1
544,136937	80,400002	80,000000	1,326014E-1
544,136937	80,400002	80,000000	1,326014E-1
544,136937	80,400002	80,000000	1,326014E-1
544,136937	80,400002	80,000000	1,326014E-1
544,136937	80,400002	80,000000	1,326014E-1
544,136937	80,400002	80,000000	1,326014E-1
544,136937	80,400002	80,000000	1,326014E-1
545,137424	80,400002	80,000000	1,326014E-1
545,137424	80,400002	80,000000	1,326014E-1
545,137424	80,400002	80,000000	1,326014E-1
545,137424	80,400002	80,000000	1,324186E-1
545,137424	80,400002	80,000000	1,324186E-1
545,137424	80,400002	80,000000	1,324186E-1
545,137424	80,400002	80,000000	1,324186E-1
545,137424	80,400002	80,000000	1,324186E-1
545,137424	80,400002	80,000000	1,324186E-1
545,137424	80,400002	80,000000	1,324186E-1
546,137778	80,400002	80,000000	1,324186E-1
546,137778	80,400002	80,000000	1,324186E-1
546,137778	80,400002	80,000000	1,324186E-1
546,137778	80,400002	80,000000	1,324186E-1
546,137778	80,400002	80,000000	1,324186E-1
546,137778	80,400002	80,000000	1,324186E-1
546,137778	80,400002	80,000000	1,324186E-1
546,137778	80,400002	80,000000	1,324186E-1
546,137778	80,400002	80,000000	1,324186E-1
546,137778	80,400002	80,000000	1,324186E-1
547,138236	80,400002	80,000000	1,324186E-1
547,138236	80,400002	80,000000	1,324122E-1
547,138236	80,000000	80,000000	1,324122E-1
547,138236	80,000000	80,000000	1,324122E-1
547,138236	80,000000	80,000000	1,324122E-1
547,138236	80,000000	80,000000	1,324122E-1
547,138236	80,000000	80,000000	1,324122E-1
547,138236	80,000000	80,000000	1,324122E-1
547,138236	80,000000	80,000000	1,324122E-1
547,138236	80,000000	80,000000	1,324122E-1
548,138707	80,000000	80,000000	1,324122E-1
548,138707	80,000000	80,000000	1,324122E-1
548,138707	80,000000	80,000000	1,324122E-1
548,138707	80,000000	80,000000	1,324122E-1
548,138707	80,000000	80,000000	1,324122E-1
548,138707	80,000000	80,000000	1,324122E-1
548,138707	80,000000	80,000000	1,324122E-1
548,138707	80,000000	80,000000	1,324122E-1
548,138707	80,000000	80,000000	1,325130E-1
548,138707	80,000000	80,000000	1,325130E-1
549,139055	80,000000	80,000000	1,325130E-1
549,139055	80,000000	80,000000	1,325130E-1
549,139055	80,500000	80,000000	1,325130E-1
549,139055	80,500000	80,000000	1,325130E-1
549,139055	80,500000	80,000000	1,325130E-1
549,139055	80,500000	80,000000	1,323790E-1
549,139055	80,199997	80,000000	1,323710E-1
549,139055	80,199997	80,000000	1,323710E-1
549,139055	80,199997	80,000000	1,324434E-1
549,139055	80,199997	80,000000	1,324401E-1
550,139519	80,199997	80,000000	1,324369E-1
550,139519	80,199997	80,000000	1,324369E-1
550,139519	80,199997	80,000000	1,324337E-1
550,139519	80,199997	80,000000	1,324305E-1
550,139519	80,199997	80,000000	1,324305E-1
550,139519	80,199997	80,000000	1,324273E-1
550,139519	80,199997	80,000000	1,324241E-1
550,139519	80,199997	80,000000	1,324241E-1
550,139519	80,199997	80,000000	1,324241E-1
550,139519	79,800003	80,000000	1,325281E-1
551,139929	79,800003	80,000000	1,325281E-1
551,139929	79,800003	80,000000	1,325313E-1
551,139929	79,800003	80,000000	1,325345E-1
551,139929	79,800003	80,000000	1,325345E-1
551,139929	79,800003	80,000000	1,325377E-1
551,139929	79,800003	80,000000	1,325377E-1
551,139929	79,800003	80,000000	1,325409E-1
551,139929	79,800003	80,000000	1,325441E-1
551,139929	79,800003	80,000000	1,325474E-1
551,139929	79,800003	80,000000	1,325474E-1
552,140415	79,800003	80,000000	1,325506E-1
552,140415	79,800003	80,000000	1,325538E-1
552,140415	79,800003	80,000000	1,325538E-1
552,140415	79,699997	80,000000	1,325570E-1
552,140415	79,699997	80,000000	1,325570E-1
552,140415	79,699997	80,000000	1,325870E-1
552,140415	79,699997	80,000000	1,325870E-1
552,140415	79,699997	80,000000	1,325918E-1
552,140415	79,699997	80,000000	1,325966E-1
552,140415	79,699997	80,000000	1,326014E-1
553,140782	79,699997	80,000000	1,326063E-1
553,140782	79,699997	80,000000	1,326111E-1
553,140782	80,000000	80,000000	1,326111E-1
553,140782	80,000000	80,000000	1,326111E-1
553,140782	80,000000	80,000000	1,325355E-1
553,140782	80,000000	80,000000	1,325355E-1
553,140782	80,000000	80,000000	1,325355E-1
553,140782	80,000000	80,000000	1,325355E-1
553,140782	80,000000	80,000000	1,325355E-1
553,140782	80,000000	80,000000	1,325355E-1
554,142186	80,000000	80,000000	1,325355E-1
554,142186	80,000000	80,000000	1,325355E-1
554,142186	80,000000	80,000000	1,325355E-1
554,142186	79,699997	80,000000	1,325355E-1
554,142186	79,699997	80,000000	1,326159E-1
554,142186	79,699997	80,000000	1,326159E-1
554,142186	79,699997	80,000000	1,326207E-1
554,142186	79,699997	80,000000	1,326255E-1
554,142186	79,699997	80,000000	1,326303E-1
554,142186	79,699997	80,000000	1,326303E-1
555,141600	79,699997	80,000000	1,326351E-1
555,141600	79,699997	80,000000	1,326400E-1
555,141600	79,699997	80,000000	1,326400E-1
555,141600	80,199997	80,000000	1,326448E-1
555,141600	80,199997	80,000000	1,326448E-1
555,141600	80,199997	80,000000	1,325156E-1
555,141600	80,199997	80,000000	1,325156E-1
555,141600	80,199997	80,000000	1,325124E-1
555,141600	80,199997	80,000000	1,325092E-1
555,141600	80,199997	80,000000	1,325059E-1
556,143069	80,199997	80,000000	1,325027E-1
556,143069	80,199997	80,000000	1,325027E-1
556,143069	80,199997	80,000000	1,324995E-1
556,143069	80,199997	80,000000	1,324963E-1
556,143069	80,199997	80,000000	1,324963E-1
556,143069	80,199997	80,000000	1,324931E-1
556,143069	79,800003	80,000000	1,324931E-1
556,143069	79,800003	80,000000	1,324931E-1
556,143069	79,800003	80,000000	1,325971E-1
556,143069	79,800003	80,000000	1,325971E-1
557,143459	79,800003	80,000000	1,326003E-1
557,143459	79,800003	80,000000	1,326035E-1
557,143459	79,800003	80,000000	1,326067E-1
557,143459	79,800003	80,000000	1,326099E-1
557,143459	79,800003	80,000000	1,326099E-1
557,143459	79,800003	80,000000	1,326132E-1
557,143459	79,800003	80,000000	1,326132E-1
557,143459	80,000000	80,000000	1,326164E-1
557,143459	80,000000	80,000000	1,325660E-1
557,143459	80,000000	80,000000	1,325660E-1
558,143876	80,000000	80,000000	1,325660E-1
558,143876	80,000000	80,000000	1,325660E-1
558,143876	80,000000	80,000000	1,325660E-1
558,143876	80,000000	80,000000	1,325660E-1
558,143876	80,000000	80,000000	1,325660E-1
558,143876	80,000000	80,000000	1,325660E-1
558,143876	80,000000	80,000000	1,325660E-1
558,143876	80,000000	80,000000	1,325660E-1
558,143876	80,000000	80,000000	1,325660E-1
558,143876	80,000000	80,000000	1,325660E-1
559,144343	80,000000	80,000000	1,325660E-1
559,144343	80,000000	80,000000	1,325660E-1
559,144343	80,000000	80,000000	1,325660E-1
559,144343	80,000000	80,000000	1,325660E-1
559,144343	80,000000	80,000000	1,325660E-1
559,144343	80,000000	80,000000	1,325660E-1
559,144343	80,000000	80,000000	1,325660E-1
559,144343	80,000000	80,000000	1,325660E-1
559,144343	80,000000	80,000000	1,325660E-1
559,144343	80,000000	80,000000	1,325660E-1
560,143761	80,000000	80,000000	1,325660E-1
560,143761	80,000000	80,000000	1,325660E-1
560,143761	80,000000	80,000000	1,325660E-1
560,143761	80,000000	80,000000	1,325660E-1
560,143761	80,000000	80,000000	1,325660E-1
560,143761	80,000000	80,000000	1,325660E-1
560,143761	80,000000	80,000000	1,325660E-1
560,143761	80,000000	80,000000	1,325660E-1
560,143761	80,000000	80,000000	1,325660E-1
560,143761	80,000000	80,000000	1,325660E-1
561,144615	80,000000	80,000000	1,325660E-1
561,144615	80,000000	80,000000	1,325660E-1
561,144615	80,000000	80,000000	1,325660E-1
561,144615	80,000000	80,000000	1,325660E-1
561,144615	80,000000	80,000000	1,325660E-1
561,144615	80,000000	80,000000	1,325660E-1
561,144615	80,000000	80,000000	1,325660E-1
561,144615	80,000000	80,000000	1,325660E-1
561,144615	80,000000	80,000000	1,325660E-1
561,144615	80,000000	80,000000	1,325660E-1
562,144969	80,000000	80,000000	1,325660E-1
562,144969	80,000000	80,000000	1,325660E-1
562,144969	80,000000	80,000000	1,325660E-1
562,144969	80,000000	80,000000	1,325660E-1
562,144969	80,000000	80,000000	1,325660E-1
562,144969	80,000000	80,000000	1,325660E-1
562,144969	80,000000	80,000000	1,325660E-1
562,144969	80,000000	80,000000	1,325660E-1
562,144969	80,000000	80,000000	1,325660E-1
562,144969	80,000000	80,000000	1,325660E-1
563,144428	80,000000	80,000000	1,325660E-1
563,144428	80,000000	80,000000	1,325660E-1
563,144428	80,000000	80,000000	1,325660E-1
563,144428	80,400002	80,000000	1,325660E-1
563,144428	80,400002	80,000000	1,325660E-1
563,144428	80,400002	80,000000	1,325660E-1
563,144428	80,400002	80,000000	1,325660E-1
563,144428	80,400002	80,000000	1,325660E-1
563,144428	80,400002	80,000000	1,325660E-1
563,144428	80,400002	80,000000	1,325660E-1
564,145892	80,400002	80,000000	1,325660E-1
564,145892	80,400002	80,000000	1,325660E-1
564,145892	80,400002	80,000000	1,325660E-1
564,145892	80,400002	80,000000	1,325660E-1
564,145892	80,400002	80,000000	1,325660E-1
564,145892	80,400002	80,000000	1,325660E-1
564,145892	80,400002	80,000000	1,325660E-1
564,145892	80,400002	80,000000	1,325660E-1
564,145892	80,400002	80,000000	1,325660E-1
564,145892	80,400002	80,000000	1,325660E-1
565,146283	80,400002	80,000000	1,324588E-1
565,146283	80,400002	80,000000	1,324588E-1
565,146283	80,400002	80,000000	1,324588E-1
565,146283	80,400002	80,000000	1,324588E-1
565,146283	80,400002	80,000000	1,324588E-1
565,146283	80,400002	80,000000	1,324588E-1
565,146283	80,400002	80,000000	1,324588E-1
565,146283	80,400002	80,000000	1,324588E-1
565,146283	80,400002	80,000000	1,324588E-1
565,146283	80,400002	80,000000	1,324588E-1
566,145709	80,400002	80,000000	1,324588E-1
566,145709	80,400002	80,000000	1,324588E-1
566,145709	80,400002	80,000000	1,324588E-1
566,145709	80,400002	80,000000	1,324588E-1
566,145709	80,400002	80,000000	1,324588E-1
566,145709	80,400002	80,000000	1,324588E-1
566,145709	80,400002	80,000000	1,324588E-1
566,145709	80,400002	80,000000	1,324588E-1
566,145709	80,400002	80,000000	1,324523E-1
566,145709	80,199997	80,000000	1,324523E-1
567,146142	80,199997	80,000000	1,324523E-1
567,146142	80,199997	80,000000	1,324523E-1
567,146142	80,199997	80,000000	1,324523E-1
567,146142	80,199997	80,000000	1,324523E-1
567,146142	80,199997	80,000000	1,324523E-1
567,146142	80,199997	80,000000	1,324523E-1
567,146142	80,199997	80,000000	1,324523E-1
567,146142	80,199997	80,000000	1,324523E-1
567,146142	80,199997	80,000000	1,324523E-1
567,146142	80,199997	80,000000	1,324523E-1
568,145609	80,199997	80,000000	1,324523E-1
568,145609	80,199997	80,000000	1,324523E-1
568,145609	80,199997	80,000000	1,324523E-1
568,145609	80,199997	80,000000	1,324523E-1
568,145609	80,199997	80,000000	1,324523E-1
568,145609	80,199997	80,000000	1,324995E-1
568,145609	80,300003	80,000000	1,324995E-1
568,145609	80,300003	80,000000	1,324995E-1
568,145609	80,300003	80,000000	1,324995E-1
568,145609	80,300003	80,000000	1,324995E-1
569,145984	80,300003	80,000000	1,324995E-1
569,145984	80,300003	80,000000	1,324995E-1
569,145984	80,300003	80,000000	1,324995E-1
569,145984	80,300003	80,000000	1,324995E-1
569,145984	80,300003	80,000000	1,324995E-1
569,145984	80,300003	80,000000	1,324995E-1
569,145984	80,300003	80,000000	1,324995E-1
569,145984	80,300003	80,000000	1,324995E-1
569,145984	80,300003	80,000000	1,324995E-1
569,145984	80,300003	80,000000	1,324995E-1
570,145436	80,300003	80,000000	1,324995E-1
570,145436	80,300003	80,000000	1,324995E-1
570,145436	80,300003	80,000000	1,324695E-1
570,145436	80,300003	80,000000	1,324695E-1
570,145436	80,300003	80,000000	1,324695E-1
570,145436	80,099998	80,000000	1,325183E-1
570,145436	80,099998	80,000000	1,325183E-1
570,145436	80,099998	80,000000	1,325183E-1
570,145436	80,099998	80,000000	1,325183E-1
570,145436	79,800003	80,000000	1,325167E-1
571,145784	79,800003	80,000000	1,325167E-1
571,145784	79,800003	80,000000	1,325955E-1
571,145784	79,800003	80,000000	1,325987E-1
571,145784	79,800003	80,000000	1,326019E-1
571,145784	79,800003	80,000000	1,326019E-1
571,145784	79,800003	80,000000	1,326051E-1
571,145784	79,800003	80,000000	1,326083E-1
571,145784	79,800003	80,000000	1,326083E-1
571,145784	79,800003	80,000000	1,326115E-1
571,145784	79,800003	80,000000	1,326148E-1
572,146211	79,800003	80,000000	1,326180E-1
572,146211	80,300003	80,000000	1,326180E-1
572,146211	80,300003	80,000000	1,326180E-1
572,146211	80,300003	80,000000	1,326180E-1
572,146211	80,300003	80,000000	1,324872E-1
572,146211	80,300003	80,000000	1,324824E-1
572,146211	80,300003	80,000000	1,324775E-1
572,146211	80,300003	80,000000	1,324775E-1
572,146211	80,300003	80,000000	1,324727E-1
572,146211	80,300003	80,000000	1,324679E-1
573,146664	80,300003	80,000000	1,324679E-1
573,146664	80,000000	80,000000	1,324631E-1
573,146664	80,000000	80,000000	1,325387E-1
573,146664	80,000000	80,000000	1,325387E-1
573,146664	80,000000	80,000000	1,325387E-1
573,146664	80,000000	80,000000	1,325387E-1
573,146664	80,000000	80,000000	1,325387E-1
573,146664	80,000000	80,000000	1,325387E-1
573,146664	80,000000	80,000000	1,325387E-1
573,146664	80,000000	80,000000	1,325387E-1
574,148147	80,300003	80,000000	1,325387E-1
574,148147	80,300003	80,000000	1,325387E-1
574,148147	80,300003	80,000000	1,324583E-1
574,148147	80,300003	80,000000	1,324535E-1
574,148147	80,300003	80,000000	1,324535E-1
574,148147	80,300003	80,000000	1,324486E-1
574,148147	80,300003	80,000000	1,324438E-1
574,148147	80,300003	80,000000	1,324390E-1
574,148147	80,300003	80,000000	1,324342E-1
574,148147	80,300003	80,000000	1,324294E-1
575,147535	80,300003	80,000000	1,324246E-1
575,147535	79,699997	80,000000	1,324246E-1
575,147535	79,699997	80,000000	1,324246E-1
575,147535	79,699997	80,000000	1,324246E-1
575,147535	79,699997	80,000000	1,325806E-1
575,147535	79,699997	80,000000	1,325854E-1
575,147535	79,699997	80,000000	1,325902E-1
575,147535	79,699997	80,000000	1,325902E-1
575,147535	79,699997	80,000000	1,325950E-1
575,147535	79,699997	80,000000	1,325998E-1
576,147593	79,699997	80,000000	1,326046E-1
576,147593	79,800003	80,000000	1,326046E-1
576,147593	79,800003	80,000000	1,325827E-1
576,147593	79,800003	80,000000	1,325827E-1
576,147593	79,800003	80,000000	1,325859E-1
576,147593	79,800003	80,000000	1,325891E-1
576,147593	79,800003	80,000000	1,325891E-1
576,147593	79,800003	80,000000	1,325891E-1
576,147593	79,800003	80,000000	1,325923E-1
576,147593	79,800003	80,000000	1,325923E-1
577,149065	79,800003	80,000000	1,325955E-1
577,149065	79,800003	80,000000	1,325955E-1
577,149065	79,800003	80,000000	1,325987E-1
577,149065	79,800003	80,000000	1,326019E-1
577,149065	79,800003	80,000000	1,326019E-1
577,149065	80,000000	80,000000	1,326051E-1
577,149065	80,000000	80,000000	1,325547E-1
577,149065	80,000000	80,000000	1,325547E-1
577,149065	80,000000	80,000000	1,325547E-1
577,149065	80,000000	80,000000	1,325547E-1
578,148483	80,000000	80,000000	1,325547E-1
578,148483	80,000000	80,000000	1,325547E-1
578,148483	80,000000	80,000000	1,325547E-1
578,148483	80,000000	80,000000	1,325547E-1
578,148483	80,000000	80,000000	1,325547E-1
578,148483	80,000000	80,000000	1,325547E-1
578,148483	80,000000	80,000000	1,325547E-1
578,148483	80,000000	80,000000	1,325547E-1
578,148483	80,000000	80,000000	1,325547E-1
578,148483	80,000000	80,000000	1,325547E-1
579,149864	80,000000	80,000000	1,325547E-1
579,149864	80,000000	80,000000	1,325547E-1
579,149864	80,000000	80,000000	1,325547E-1
579,149864	80,000000	80,000000	1,325547E-1
579,149864	80,000000	80,000000	1,325547E-1
579,149864	80,000000	80,000000	1,325547E-1
579,149864	80,000000	80,000000	1,325547E-1
579,149864	80,000000	80,000000	1,325547E-1
579,149864	80,000000	80,000000	1,325547E-1
579,149864	80,000000	80,000000	1,325547E-1
580,151310	80,000000	80,000000	1,325547E-1
580,151310	80,000000	80,000000	1,325547E-1
580,151310	80,000000	80,000000	1,325547E-1
580,151310	80,000000	80,000000	1,325547E-1
580,151310	80,000000	80,000000	1,325547E-1
580,151310	80,000000	80,000000	1,325547E-1
580,151310	80,000000	80,000000	1,325547E-1
580,151310	80,000000	80,000000	1,325547E-1
580,151310	80,000000	80,000000	1,325547E-1
580,151310	80,000000	80,000000	1,325547E-1
581,151779	80,000000	80,000000	1,325547E-1
581,151779	80,000000	80,000000	1,325547E-1
581,151779	80,000000	80,000000	1,325547E-1
581,151779	80,000000	80,000000	1,325547E-1
581,151779	80,000000	80,000000	1,325547E-1
581,151779	80,000000	80,000000	1,325547E-1
581,151779	80,000000	80,000000	1,325547E-1
581,151779	80,000000	80,000000	1,325547E-1
581,151779	80,000000	80,000000	1,325547E-1
581,151779	80,000000	80,000000	1,325547E-1
582,153126	80,000000	80,000000	1,325547E-1
582,153126	80,000000	80,000000	1,325547E-1
582,153126	80,000000	80,000000	1,325547E-1
582,153126	80,000000	80,000000	1,325547E-1
582,153126	80,000000	80,000000	1,325547E-1
582,153126	80,000000	80,000000	1,325547E-1
582,153126	80,000000	80,000000	1,325547E-1
582,153126	80,000000	80,000000	1,325547E-1
582,153126	80,000000	80,000000	1,325547E-1
582,153126	80,000000	80,000000	1,325547E-1
583,152541	80,000000	80,000000	1,325547E-1
583,152541	80,000000	80,000000	1,325547E-1
583,152541	80,000000	80,000000	1,325547E-1
583,152541	79,900002	80,000000	1,325547E-1
583,152541	79,900002	80,000000	1,325547E-1
583,152541	79,900002	80,000000	1,325547E-1
583,152541	79,900002	80,000000	1,325547E-1
583,152541	79,900002	80,000000	1,325547E-1
583,152541	79,900002	80,000000	1,325547E-1
583,152541	79,900002	80,000000	1,325547E-1
584,154023	79,900002	80,000000	1,325547E-1
584,154023	79,900002	80,000000	1,325547E-1
584,154023	79,900002	80,000000	1,325547E-1
584,154023	79,900002	80,000000	1,325547E-1
584,154023	79,900002	80,000000	1,325547E-1
584,154023	79,900002	80,000000	1,325547E-1
584,154023	79,900002	80,000000	1,325547E-1
584,154023	79,900002	80,000000	1,325547E-1
584,154023	79,900002	80,000000	1,325547E-1
584,154023	79,900002	80,000000	1,325815E-1
585,153386	79,900002	80,000000	1,325815E-1
585,153386	79,900002	80,000000	1,325815E-1
585,153386	79,900002	80,000000	1,325815E-1
585,153386	79,900002	80,000000	1,325815E-1
585,153386	79,900002	80,000000	1,325815E-1
585,153386	79,900002	80,000000	1,325815E-1
585,153386	79,900002	80,000000	1,325815E-1
585,153386	79,900002	80,000000	1,325815E-1
585,153386	79,900002	80,000000	1,325815E-1
585,153386	79,900002	80,000000	1,325815E-1
586,153892	79,900002	80,000000	1,325815E-1
586,153892	79,900002	80,000000	1,325815E-1
586,153892	79,900002	80,000000	1,325815E-1
586,153892	79,900002	80,000000	1,325815E-1
586,153892	79,900002	80,000000	1,325815E-1
586,153892	79,900002	80,000000	1,325815E-1
586,153892	79,900002	80,000000	1,325815E-1
586,153892	79,900002	80,000000	1,325831E-1
586,153892	79,699997	80,000000	1,325831E-1
586,153892	79,699997	80,000000	1,325831E-1
587,155337	79,699997	80,000000	1,325831E-1
587,155337	79,699997	80,000000	1,325831E-1
587,155337	79,699997	80,000000	1,325831E-1
587,155337	79,699997	80,000000	1,325831E-1
587,155337	79,699997	80,000000	1,325831E-1
587,155337	79,699997	80,000000	1,325831E-1
587,155337	79,699997	80,000000	1,325831E-1
587,155337	79,699997	80,000000	1,325831E-1
587,155337	79,699997	80,000000	1,325831E-1
587,155337	79,699997	80,000000	1,325831E-1
588,154747	79,699997	80,000000	1,325831E-1
588,154747	79,699997	80,000000	1,325831E-1
588,154747	79,699997	80,000000	1,325831E-1
588,154747	79,699997	80,000000	1,325831E-1
588,154747	79,699997	80,000000	1,326384E-1
588,154747	79,800003	80,000000	1,326384E-1
588,154747	79,800003	80,000000	1,326384E-1
588,154747	79,800003	80,000000	1,326384E-1
588,154747	79,800003	80,000000	1,326384E-1
588,154747	79,800003	80,000000	1,326384E-1
589,156135	79,800003	80,000000	1,326384E-1
589,156135	79,800003	80,000000	1,326384E-1
589,156135	79,800003	80,000000	1,326384E-1
589,156135	79,800003	80,000000	1,326384E-1
589,156135	79,800003	80,000000	1,326384E-1
589,156135	79,800003	80,000000	1,326384E-1
589,156135	79,800003	80,000000	1,326384E-1
589,156135	79,800003	80,000000	1,326384E-1
589,156135	79,800003	80,000000	1,326384E-1
589,156135	79,800003	80,000000	1,326384E-1
590,155556	79,800003	80,000000	1,326384E-1
590,155556	79,800003	80,000000	1,326384E-1
590,155556	79,800003	80,000000	1,326164E-1
590,155556	79,800003	80,000000	1,326164E-1
590,155556	79,800003	80,000000	1,326164E-1
590,155556	80,099998	80,000000	1,325392E-1
590,155556	80,099998	80,000000	1,325392E-1
590,155556	80,099998	80,000000	1,325392E-1
590,155556	80,000000	80,000000	1,325376E-1
590,155556	80,000000	80,000000	1,325628E-1
591,155949	80,000000	80,000000	1,325628E-1
591,155949	80,000000	80,000000	1,325628E-1
591,155949	80,000000	80,000000	1,325628E-1
591,155949	80,000000	80,000000	1,325628E-1
591,155949	80,000000	80,000000	1,325628E-1
591,155949	80,000000	80,000000	1,325628E-1
591,155949	80,000000	80,000000	1,325628E-1
591,155949	80,000000	80,000000	1,325628E-1
591,155949	80,000000	80,000000	1,325628E-1
591,155949	80,000000	80,000000	1,325628E-1
592,155371	80,000000	80,000000	1,325628E-1
592,155371	80,099998	80,000000	1,325628E-1
592,155371	80,099998	80,000000	1,325628E-1
592,155371	80,099998	80,000000	1,325360E-1
592,155371	80,099998	80,000000	1,325344E-1
592,155371	80,099998	80,000000	1,325344E-1
592,155371	80,099998	80,000000	1,325327E-1
592,155371	80,099998	80,000000	1,325311E-1
592,155371	80,099998	80,000000	1,325295E-1
592,155371	80,099998	80,000000	1,325295E-1
593,156860	80,099998	80,000000	1,325279E-1
593,156860	80,099998	80,000000	1,325263E-1
593,156860	80,099998	80,000000	1,325263E-1
593,156860	80,099998	80,000000	1,325247E-1
593,156860	80,099998	80,000000	1,325231E-1
593,156860	80,099998	80,000000	1,325231E-1
593,156860	80,099998	80,000000	1,325215E-1
593,156860	80,099998	80,000000	1,325215E-1
593,156860	80,099998	80,000000	1,325215E-1
593,156860	80,099998	80,000000	1,325199E-1
594,158273	79,699997	80,000000	1,325183E-1
594,158273	79,699997	80,000000	1,325183E-1
594,158273	79,699997	80,000000	1,326239E-1
594,158273	79,699997	80,000000	1,326287E-1
594,158273	79,699997	80,000000	1,326335E-1
594,158273	79,699997	80,000000	1,326335E-1
594,158273	79,699997	80,000000	1,326384E-1
594,158273	79,699997	80,000000	1,326432E-1
594,158273	79,699997	80,000000	1,326432E-1
594,158273	79,699997	80,000000	1,326480E-1
595,157665	79,699997	80,000000	1,326480E-1
595,157665	80,000000	80,000000	1,325724E-1
595,157665	80,000000	80,000000	1,325724E-1
595,157665	80,000000	80,000000	1,325724E-1
595,157665	80,000000	80,000000	1,325724E-1
595,157665	80,000000	80,000000	1,325724E-1
595,157665	80,000000	80,000000	1,325724E-1
595,157665	80,000000	80,000000	1,325724E-1
595,157665	80,000000	80,000000	1,325724E-1
595,157665	80,000000	80,000000	1,325724E-1
596,159156	80,000000	80,000000	1,325724E-1
596,159156	80,000000	80,000000	1,325724E-1
596,159156	80,199997	80,000000	1,325724E-1
596,159156	80,199997	80,000000	1,325188E-1
596,159156	80,199997	80,000000	1,325156E-1
596,159156	80,199997	80,000000	1,325156E-1
596,159156	80,199997	80,000000	1,325124E-1
596,159156	80,199997	80,000000	1,325124E-1
596,159156	80,199997	80,000000	1,325092E-1
596,159156	80,199997	80,000000	1,325059E-1
597,159577	80,199997	80,000000	1,325027E-1
597,159577	80,199997	80,000000	1,325027E-1
597,159577	80,199997	80,000000	1,324995E-1
597,159577	80,199997	80,000000	1,324963E-1
597,159577	80,199997	80,000000	1,324931E-1
597,159577	80,199997	80,000000	1,324931E-1
597,159577	80,199997	80,000000	1,324899E-1
597,159577	80,199997	80,000000	1,324867E-1
597,159577	80,199997	80,000000	1,324835E-1
597,159577	80,000000	80,000000	1,325339E-1
598,159994	80,000000	80,000000	1,325339E-1
598,159994	80,000000	80,000000	1,325339E-1
598,159994	80,000000	80,000000	1,325339E-1
598,159994	80,000000	80,000000	1,325339E-1
598,159994	80,000000	80,000000	1,325339E-1
598,159994	80,000000	80,000000	1,325339E-1
598,159994	80,000000	80,000000	1,325339E-1
598,159994	80,000000	80,000000	1,325339E-1
598,159994	80,000000	80,000000	1,325339E-1
598,159994	80,000000	80,000000	1,325339E-1
599,160470	80,000000	80,000000	1,325339E-1
599,160470	80,000000	80,000000	1,325339E-1
599,160470	80,000000	80,000000	1,325339E-1
599,160470	80,000000	80,000000	1,325339E-1
599,160470	80,000000	80,000000	1,325339E-1
599,160470	80,000000	80,000000	1,325339E-1
599,160470	80,000000	80,000000	1,325339E-1
599,160470	80,000000	80,000000	1,325339E-1
599,160470	80,000000	80,000000	1,325339E-1
599,160470	80,000000	80,000000	1,325339E-1
600,160857	80,000000	80,000000	1,325339E-1
600,160857	80,000000	80,000000	1,325339E-1
600,160857	80,000000	80,000000	1,325339E-1
600,160857	80,000000	80,000000	1,325339E-1
600,160857	80,000000	80,000000	1,325339E-1
600,160857	80,000000	80,000000	1,325339E-1
600,160857	80,000000	80,000000	1,325339E-1
600,160857	80,000000	80,000000	1,325339E-1
600,160857	80,000000	80,000000	1,325339E-1
600,160857	80,000000	80,000000	1,325339E-1
601,162331	80,000000	80,000000	1,325339E-1
601,162331	80,000000	80,000000	1,325339E-1
601,162331	80,000000	80,000000	1,325339E-1
601,162331	80,000000	80,000000	1,325339E-1
601,162331	79,500000	80,000000	1,325339E-1
601,162331	79,500000	80,000000	1,325339E-1
601,162331	79,500000	80,000000	1,325339E-1
601,162331	79,500000	80,000000	1,325339E-1
601,162331	79,500000	80,000000	1,325339E-1
601,162331	79,500000	80,000000	1,325339E-1
602,161761	79,500000	80,000000	1,325339E-1
602,161761	79,500000	80,000000	1,325339E-1
602,161761	79,500000	80,000000	1,325339E-1
602,161761	79,500000	80,000000	1,325339E-1
602,161761	79,500000	80,000000	1,325339E-1
602,161761	79,500000	80,000000	1,325339E-1
602,161761	79,500000	80,000000	1,325339E-1
602,161761	79,500000	80,000000	1,325339E-1
602,161761	79,500000	80,000000	1,325339E-1
602,161761	79,500000	80,000000	1,326679E-1
603,161841	79,500000	80,000000	1,326679E-1
603,161841	79,500000	80,000000	1,326679E-1
603,161841	79,500000	80,000000	1,326759E-1
603,161841	79,500000	80,000000	1,326759E-1
603,161841	79,500000	80,000000	1,326759E-1
603,161841	79,500000	80,000000	1,326759E-1
603,161841	79,500000	80,000000	1,326759E-1
603,161841	79,500000	80,000000	1,326759E-1
603,161841	79,500000	80,000000	1,326759E-1
603,161841	79,500000	80,000000	1,326759E-1
604,162239	79,500000	80,000000	1,326759E-1
604,162239	79,500000	80,000000	1,326759E-1
604,162239	79,500000	80,000000	1,326759E-1
604,162239	79,500000	80,000000	1,326759E-1
604,162239	79,500000	80,000000	1,326759E-1
604,162239	79,500000	80,000000	1,326759E-1
604,162239	79,500000	80,000000	1,326759E-1
604,162239	79,899994	80,000000	1,326759E-1
604,162239	79,899994	80,000000	1,326759E-1
604,162239	79,899994	80,000000	1,326759E-1
605,161669	79,899994	80,000000	1,326759E-1
605,161669	79,899994	80,000000	1,326759E-1
605,161669	79,899994	80,000000	1,326759E-1
605,161669	79,899994	80,000000	1,326759E-1
605,161669	79,899994	80,000000	1,326759E-1
605,161669	79,899994	80,000000	1,326759E-1
605,161669	79,899994	80,000000	1,326759E-1
605,161669	79,899994	80,000000	1,326759E-1
605,161669	79,899994	80,000000	1,326759E-1
605,161669	79,899994	80,000000	1,326759E-1
606,162080	79,899994	80,000000	1,326759E-1
606,162080	79,899994	80,000000	1,326759E-1
606,162080	79,899994	80,000000	1,326759E-1
606,162080	79,899994	80,000000	1,326759E-1
606,162080	79,899994	80,000000	1,325767E-1
606,162080	79,899994	80,000000	1,325767E-1
606,162080	79,899994	80,000000	1,325767E-1
606,162080	79,899994	80,000000	1,325767E-1
606,162080	79,899994	80,000000	1,325767E-1
606,162080	79,899994	80,000000	1,325767E-1
607,162534	79,899994	80,000000	1,325767E-1
607,162534	79,899994	80,000000	1,325767E-1
607,162534	79,899994	80,000000	1,325767E-1
607,162534	79,899994	80,000000	1,325767E-1
607,162534	79,899994	80,000000	1,325767E-1
607,162534	79,899994	80,000000	1,325767E-1
607,162534	79,899994	80,000000	1,325767E-1
607,162534	79,899994	80,000000	1,325767E-1
607,162534	79,899994	80,000000	1,325767E-1
607,162534	79,899994	80,000000	1,325767E-1
608,162609	79,899994	80,000000	1,325767E-1
608,162609	79,899994	80,000000	1,325767E-1
608,162609	79,899994	80,000000	1,325783E-1
608,162609	80,099998	80,000000	1,325783E-1
608,162609	80,099998	80,000000	1,325783E-1
608,162609	80,099998	80,000000	1,325783E-1
608,162609	80,099998	80,000000	1,325783E-1
608,162609	80,099998	80,000000	1,325783E-1
608,162609	80,099998	80,000000	1,325783E-1
608,162609	80,099998	80,000000	1,325783E-1
609,163092	80,099998	80,000000	1,325783E-1
609,163092	80,099998	80,000000	1,325783E-1
609,163092	80,099998	80,000000	1,325783E-1
609,163092	80,099998	80,000000	1,325783E-1
609,163092	80,099998	80,000000	1,325783E-1
609,163092	80,099998	80,000000	1,325783E-1
609,163092	80,099998	80,000000	1,325783E-1
609,163092	80,099998	80,000000	1,325783E-1
609,163092	80,099998	80,000000	1,325783E-1
609,163092	80,099998	80,000000	1,325263E-1
610,163312	80,199997	80,000000	1,325263E-1
610,163312	80,199997	80,000000	1,325263E-1
610,163312	80,099998	80,000000	1,324979E-1
610,163312	80,099998	80,000000	1,324979E-1
610,163312	80,099998	80,000000	1,324979E-1
610,163312	80,099998	80,000000	1,324979E-1
610,163312	80,099998	80,000000	1,325215E-1
610,163312	80,099998	80,000000	1,325199E-1
610,163312	80,099998	80,000000	1,325183E-1
610,163312	80,099998	80,000000	1,325183E-1
611,163738	80,099998	80,000000	1,325167E-1
611,163738	80,099998	80,000000	1,325151E-1
611,163738	80,099998	80,000000	1,325151E-1
611,163738	80,099998	80,000000	1,325135E-1
611,163738	80,099998	80,000000	1,325119E-1
611,163738	80,099998	80,000000	1,325103E-1
611,163738	80,099998	80,000000	1,325103E-1
611,163738	80,099998	80,000000	1,325087E-1
611,163738	80,099998	80,000000	1,325087E-1
611,163738	80,099998	80,000000	1,325087E-1
612,165163	80,099998	80,000000	1,325071E-1
612,165163	80,099998	80,000000	1,325055E-1
612,165163	80,099998	80,000000	1,325055E-1
612,165163	79,599998	80,000000	1,325039E-1
612,165163	79,599998	80,000000	1,326363E-1
612,165163	79,599998	80,000000	1,326363E-1
612,165163	79,599998	80,000000	1,326427E-1
612,165163	79,599998	80,000000	1,326491E-1
612,165163	79,599998	80,000000	1,326491E-1
612,165163	79,599998	80,000000	1,326555E-1
613,165676	79,599998	80,000000	1,326619E-1
613,165676	79,599998	80,000000	1,326684E-1
613,165676	79,599998	80,000000	1,326684E-1
613,165676	79,599998	80,000000	1,326748E-1
613,165676	79,599998	80,000000	1,326748E-1
613,165676	79,699997	80,000000	1,326544E-1
613,165676	79,699997	80,000000	1,326544E-1
613,165676	79,699997	80,000000	1,326592E-1
613,165676	79,699997	80,000000	1,326640E-1
613,165676	79,699997	80,000000	1,326688E-1
614,166050	79,699997	80,000000	1,326737E-1
614,166050	79,699997	80,000000	1,326737E-1
614,166050	79,699997	80,000000	1,326785E-1
614,166050	79,699997	80,000000	1,326833E-1
614,166050	80,000000	80,000000	1,326833E-1
614,166050	80,000000	80,000000	1,326077E-1
614,166050	80,000000	80,000000	1,326077E-1
614,166050	80,000000	80,000000	1,326077E-1
614,166050	80,000000	80,000000	1,326077E-1
614,166050	80,000000	80,000000	1,326077E-1
615,166462	80,000000	80,000000	1,326077E-1
615,166462	80,000000	80,000000	1,326077E-1
615,166462	80,000000	80,000000	1,326077E-1
615,166462	80,000000	80,000000	1,326077E-1
615,166462	80,000000	80,000000	1,326077E-1
615,166462	79,699997	80,000000	1,326077E-1
615,166462	79,699997	80,000000	1,326881E-1
615,166462	79,699997	80,000000	1,326881E-1
615,166462	79,699997	80,000000	1,326929E-1
615,166462	79,699997	80,000000	1,326977E-1
616,166896	79,699997	80,000000	1,326977E-1
616,166896	79,699997	80,000000	1,327026E-1
616,166896	79,699997	80,000000	1,327074E-1
616,166896	79,699997	80,000000	1,327074E-1
616,166896	79,699997	80,000000	1,327122E-1
616,166896	80,100006	80,000000	1,327122E-1
616,166896	80,100006	80,000000	1,327122E-1
616,166896	80,100006	80,000000	1,326098E-1
616,166896	80,100006	80,000000	1,326082E-1
616,166896	80,100006	80,000000	1,326066E-1
617,167334	80,100006	80,000000	1,326050E-1
617,167334	80,100006	80,000000	1,326034E-1
617,167334	80,100006	80,000000	1,326034E-1
617,167334	80,100006	80,000000	1,326018E-1
617,167334	80,100006	80,000000	1,326002E-1
617,167334	79,800003	80,000000	1,326002E-1
617,167334	79,800003	80,000000	1,326790E-1
617,167334	79,800003	80,000000	1,326822E-1
617,167334	79,800003	80,000000	1,326822E-1
617,167334	79,800003	80,000000	1,326854E-1
618,166726	79,800003	80,000000	1,326854E-1
618,166726	79,800003	80,000000	1,326886E-1
618,166726	79,800003	80,000000	1,326886E-1
618,166726	79,800003	80,000000	1,326918E-1
618,166726	79,800003	80,000000	1,326950E-1
618,166726	79,800003	80,000000	1,326950E-1
618,166726	79,800003	80,000000	1,326982E-1
618,166726	79,800003	80,000000	1,327014E-1
618,166726	79,800003	80,000000	1,327014E-1
618,166726	79,800003	80,000000	1,327046E-1
619,167193	79,800003	80,000000	1,327078E-1
619,167193	79,800003	80,000000	1,327111E-1
619,167193	79,800003	80,000000	1,327143E-1
619,167193	79,800003	80,000000	1,327143E-1
619,167193	80,000000	80,000000	1,327175E-1
619,167193	80,000000	80,000000	1,327175E-1
619,167193	80,000000	80,000000	1,326671E-1
619,167193	80,000000	80,000000	1,326671E-1
619,167193	80,000000	80,000000	1,326671E-1
619,167193	80,000000	80,000000	1,326671E-1
620,166618	80,000000	80,000000	1,326671E-1
620,166618	80,000000	80,000000	1,326671E-1
620,166618	80,000000	80,000000	1,326671E-1
620,166618	80,000000	80,000000	1,326671E-1
620,166618	80,000000	80,000000	1,326671E-1
620,166618	80,000000	80,000000	1,326671E-1
620,166618	80,000000	80,000000	1,326671E-1
620,166618	80,000000	80,000000	1,326671E-1
620,166618	80,000000	80,000000	1,326671E-1
620,166618	80,000000	80,000000	1,326671E-1
621,167023	80,000000	80,000000	1,326671E-1
621,167023	80,000000	80,000000	1,326671E-1
621,167023	80,000000	80,000000	1,326671E-1
621,167023	80,000000	80,000000	1,326671E-1
621,167023	80,000000	80,000000	1,326671E-1
621,167023	80,000000	80,000000	1,326671E-1
621,167023	80,000000	80,000000	1,326671E-1
621,167023	80,000000	80,000000	1,326671E-1
621,167023	80,000000	80,000000	1,326671E-1
621,167023	80,000000	80,000000	1,326671E-1
622,166469	80,000000	80,000000	1,326671E-1
622,166469	80,000000	80,000000	1,326671E-1
622,166469	80,000000	80,000000	1,326671E-1
622,166469	80,000000	80,000000	1,326671E-1
622,166469	80,000000	80,000000	1,326671E-1
622,166469	80,000000	80,000000	1,326671E-1
622,166469	80,000000	80,000000	1,326671E-1
622,166469	80,000000	80,000000	1,326671E-1
622,166469	80,000000	80,000000	1,326671E-1
622,166469	80,000000	80,000000	1,326671E-1
623,166878	80,000000	80,000000	1,326671E-1
623,166878	80,000000	80,000000	1,326671E-1
623,166878	80,000000	80,000000	1,326671E-1
623,166878	80,000000	80,000000	1,326671E-1
623,166878	80,000000	80,000000	1,326671E-1
623,166878	80,000000	80,000000	1,326671E-1
623,166878	80,099998	80,000000	1,326671E-1
623,166878	80,099998	80,000000	1,326671E-1
623,166878	80,099998	80,000000	1,326403E-1
623,166878	80,099998	80,000000	1,326403E-1
624,168305	80,099998	80,000000	1,326403E-1
624,168305	80,099998	80,000000	1,326387E-1
624,168305	80,099998	80,000000	1,326371E-1
624,168305	80,099998	80,000000	1,326355E-1
624,168305	80,099998	80,000000	1,326355E-1
624,168305	80,099998	80,000000	1,326339E-1
624,168305	80,099998	80,000000	1,326323E-1
624,168305	80,099998	80,000000	1,326323E-1
624,168305	80,099998	80,000000	1,326306E-1
624,168305	80,099998	80,000000	1,326290E-1
625,167704	80,099998	80,000000	1,326274E-1
625,167704	80,099998	80,000000	1,326274E-1
625,167704	80,099998	80,000000	1,326258E-1
625,167704	80,099998	80,000000	1,326258E-1
625,167704	80,099998	80,000000	1,326242E-1
625,167704	80,300003	80,000000	1,326242E-1
625,167704	80,300003	80,000000	1,325690E-1
625,167704	80,300003	80,000000	1,325642E-1
625,167704	80,300003	80,000000	1,325594E-1
625,167704	80,300003	80,000000	1,325594E-1
626,169124	80,300003	80,000000	1,325546E-1
626,169124	80,300003	80,000000	1,325498E-1
626,169124	80,300003	80,000000	1,325449E-1
626,169124	80,300003	80,000000	1,325449E-1
626,169124	80,599998	80,000000	1,325401E-1
626,169124	80,599998	80,000000	1,325401E-1
626,169124	80,599998	80,000000	1,324549E-1
626,169124	80,599998	80,000000	1,324453E-1
626,169124	80,599998	80,000000	1,324453E-1
626,169124	80,599998	80,000000	1,324356E-1
627,168568	80,599998	80,000000	1,324356E-1
627,168568	80,599998	80,000000	1,324260E-1
627,168568	80,599998	80,000000	1,324260E-1
627,168568	80,599998	80,000000	1,324164E-1
627,168568	80,599998	80,000000	1,324068E-1
627,168568	80,400002	80,000000	1,323971E-1
627,168568	80,400002	80,000000	1,323971E-1
627,168568	80,400002	80,000000	1,324411E-1
627,168568	80,400002	80,000000	1,324347E-1
627,168568	80,400002	80,000000	1,324347E-1
628,169017	80,400002	80,000000	1,324283E-1
628,169017	80,400002	80,000000	1,324218E-1
628,169017	80,400002	80,000000	1,324154E-1
628,169017	80,400002	80,000000	1,324154E-1
628,169017	80,400002	80,000000	1,324154E-1
628,169017	80,400002	80,000000	1,324154E-1
628,169017	79,699997	80,000000	1,324090E-1
628,169017	79,699997	80,000000	1,325902E-1
628,169017	79,699997	80,000000	1,325950E-1
628,169017	79,699997	80,000000	1,325998E-1
629,168443	79,699997	80,000000	1,325998E-1
629,168443	79,699997	80,000000	1,326046E-1
629,168443	79,699997	80,000000	1,326095E-1
629,168443	79,699997	80,000000	1,326143E-1
629,168443	79,699997	80,000000	1,326143E-1
629,168443	79,699997	80,000000	1,326191E-1
629,168443	79,699997	80,000000	1,326239E-1
629,168443	79,699997	80,000000	1,326239E-1
629,168443	79,699997	80,000000	1,326287E-1
629,168443	79,800003	80,000000	1,326287E-1
630,169002	79,800003	80,000000	1,326287E-1
630,169002	79,800003	80,000000	1,326067E-1
630,169002	79,800003	80,000000	1,326099E-1
630,169002	79,800003	80,000000	1,326099E-1
630,169002	79,800003	80,000000	1,326132E-1
630,169002	79,800003	80,000000	1,326164E-1
630,169002	79,800003	80,000000	1,326196E-1
630,169002	79,800003	80,000000	1,326196E-1
630,169002	79,800003	80,000000	1,326228E-1
630,169002	79,800003	80,000000	1,326228E-1
631,169449	80,100006	80,000000	1,326260E-1
631,169449	80,100006	80,000000	1,325488E-1
631,169449	80,100006	80,000000	1,325488E-1
631,169449	80,100006	80,000000	1,325472E-1
631,169449	80,100006	80,000000	1,325472E-1
631,169449	80,100006	80,000000	1,325472E-1
631,169449	80,100006	80,000000	1,325456E-1
631,169449	80,100006	80,000000	1,325440E-1
631,169449	80,100006	80,000000	1,325440E-1
631,169449	79,800003	80,000000	1,325424E-1
632,169850	79,800003	80,000000	1,326212E-1
632,169850	79,800003	80,000000	1,326244E-1
632,169850	79,800003	80,000000	1,326244E-1
632,169850	79,800003	80,000000	1,326276E-1
632,169850	79,800003	80,000000	1,326308E-1
632,169850	79,800003	80,000000	1,326308E-1
632,169850	79,800003	80,000000	1,326340E-1
632,169850	79,800003	80,000000	1,326372E-1
632,169850	79,800003	80,000000	1,326372E-1
632,169850	80,099998	80,000000	1,326404E-1
633,171296	80,099998	80,000000	1,326404E-1
633,171296	80,099998	80,000000	1,325632E-1
633,171296	80,099998	80,000000	1,325632E-1
633,171296	80,099998	80,000000	1,325616E-1
633,171296	80,099998	80,000000	1,325600E-1
633,171296	80,099998	80,000000	1,325584E-1
633,171296	80,099998	80,000000	1,325568E-1
633,171296	80,099998	80,000000	1,325568E-1
633,171296	80,099998	80,000000	1,325552E-1
633,171296	79,900002	80,000000	1,325536E-1
634,170748	79,900002	80,000000	1,326056E-1
634,170748	79,900002	80,000000	1,326056E-1
634,170748	79,900002	80,000000	1,326072E-1
634,170748	79,900002	80,000000	1,326072E-1
634,170748	79,900002	80,000000	1,326088E-1
634,170748	79,900002	80,000000	1,326088E-1
634,170748	79,900002	80,000000	1,326104E-1
634,170748	79,900002	80,000000	1,326120E-1
634,170748	79,900002	80,000000	1,326120E-1
634,170748	79,900002	80,000000	1,326136E-1
635,171182	79,900002	80,000000	1,326152E-1
635,171182	79,900002	80,000000	1,326152E-1
635,171182	79,699997	80,000000	1,326168E-1
635,171182	79,699997	80,000000	1,326721E-1
635,171182	79,699997	80,000000	1,326721E-1
635,171182	79,699997	80,000000	1,326769E-1
635,171182	79,699997	80,000000	1,326817E-1
635,171182	79,699997	80,000000	1,326865E-1
635,171182	79,699997	80,000000	1,326865E-1
635,171182	79,699997	80,000000	1,326865E-1
636,171171	79,699997	80,000000	1,326913E-1
636,171171	79,699997	80,000000	1,326913E-1
636,171171	79,699997	80,000000	1,326961E-1
636,171171	80,000000	80,000000	1,327009E-1
636,171171	80,000000	80,000000	1,327009E-1
636,171171	80,000000	80,000000	1,326254E-1
636,171171	80,000000	80,000000	1,326254E-1
636,171171	80,000000	80,000000	1,326254E-1
636,171171	80,000000	80,000000	1,326254E-1
636,171171	80,000000	80,000000	1,326254E-1
637,171638	80,000000	80,000000	1,326254E-1
637,171638	80,000000	80,000000	1,326254E-1
637,171638	80,000000	80,000000	1,326254E-1
637,171638	80,000000	80,000000	1,326254E-1
637,171638	80,000000	80,000000	1,326254E-1
637,171638	80,000000	80,000000	1,326254E-1
637,171638	80,000000	80,000000	1,326254E-1
637,171638	80,000000	80,000000	1,326254E-1
637,171638	80,000000	80,000000	1,326254E-1
637,171638	80,000000	80,000000	1,326254E-1
638,172013	80,000000	80,000000	1,326254E-1
638,172013	80,000000	80,000000	1,326254E-1
638,172013	80,000000	80,000000	1,326254E-1
638,172013	80,000000	80,000000	1,326254E-1
638,172013	80,199997	80,000000	1,326254E-1
638,172013	80,199997	80,000000	1,326254E-1
638,172013	80,199997	80,000000	1,325717E-1
638,172013	80,199997	80,000000	1,325685E-1
638,172013	80,199997	80,000000	1,325685E-1
638,172013	80,199997	80,000000	1,325653E-1
639,171500	80,199997	80,000000	1,325653E-1
639,171500	80,199997	80,000000	1,325621E-1
639,171500	80,199997	80,000000	1,325621E-1
639,171500	79,899994	80,000000	1,325589E-1
639,171500	79,899994	80,000000	1,326361E-1
639,171500	79,899994	80,000000	1,326377E-1
639,171500	79,899994	80,000000	1,326393E-1
639,171500	79,899994	80,000000	1,326393E-1
639,171500	79,899994	80,000000	1,326409E-1
639,171500	79,899994	80,000000	1,326425E-1
640,171822	79,899994	80,000000	1,326441E-1
640,171822	79,899994	80,000000	1,326441E-1
640,171822	79,899994	80,000000	1,326457E-1
640,171822	79,899994	80,000000	1,326457E-1
640,171822	79,899994	80,000000	1,326473E-1
640,171822	79,800003	80,000000	1,326473E-1
640,171822	79,800003	80,000000	1,326757E-1
640,171822	79,800003	80,000000	1,326790E-1
640,171822	79,800003	80,000000	1,326790E-1
640,171822	79,800003	80,000000	1,326790E-1
641,172278	79,800003	80,000000	1,326790E-1
641,172278	79,800003	80,000000	1,326822E-1
641,172278	79,800003	80,000000	1,326822E-1
641,172278	79,800003	80,000000	1,326822E-1
641,172278	79,800003	80,000000	1,326822E-1
641,172278	79,800003	80,000000	1,326822E-1
641,172278	79,800003	80,000000	1,326822E-1
641,172278	79,800003	80,000000	1,326822E-1
641,172278	79,800003	80,000000	1,326822E-1
641,172278	79,800003	80,000000	1,326822E-1
642,171697	79,800003	80,000000	1,326822E-1
642,171697	79,800003	80,000000	1,326822E-1
642,171697	79,800003	80,000000	1,326822E-1
642,171697	79,800003	80,000000	1,326822E-1
642,171697	79,800003	80,000000	1,326822E-1
642,171697	79,800003	80,000000	1,326822E-1
642,171697	79,800003	80,000000	1,326822E-1
642,171697	79,800003	80,000000	1,326822E-1
642,171697	79,800003	80,000000	1,326822E-1
642,171697	79,800003	80,000000	1,326822E-1
643,172183	79,800003	80,000000	1,326822E-1
643,172183	79,800003	80,000000	1,326822E-1
643,172183	79,800003	80,000000	1,326822E-1
643,172183	79,800003	80,000000	1,326822E-1
643,172183	79,800003	80,000000	1,326822E-1
643,172183	79,800003	80,000000	1,326822E-1
643,172183	79,800003	80,000000	1,326854E-1
643,172183	79,800003	80,000000	1,326854E-1
643,172183	79,800003	80,000000	1,326854E-1
643,172183	79,800003	80,000000	1,326854E-1
644,171614	79,800003	80,000000	1,326854E-1
644,171614	79,800003	80,000000	1,326854E-1
644,171614	79,800003	80,000000	1,326854E-1
644,171614	79,800003	80,000000	1,326854E-1
644,171614	79,800003	80,000000	1,326854E-1
644,171614	79,800003	80,000000	1,326854E-1
644,171614	79,800003	80,000000	1,326854E-1
644,171614	79,800003	80,000000	1,326854E-1
644,171614	79,800003	80,000000	1,326854E-1
644,171614	79,800003	80,000000	1,326854E-1
645,171970	79,800003	80,000000	1,326854E-1
645,171970	79,800003	80,000000	1,326854E-1
645,171970	79,800003	80,000000	1,326854E-1
645,171970	79,800003	80,000000	1,326886E-1
645,171970	79,800003	80,000000	1,326886E-1
645,171970	80,699997	80,000000	1,326886E-1
645,171970	80,699997	80,000000	1,326886E-1
645,171970	80,699997	80,000000	1,326886E-1
645,171970	80,699997	80,000000	1,326886E-1
645,171970	80,699997	80,000000	1,326886E-1
646,171469	80,699997	80,000000	1,326886E-1
646,171469	80,699997	80,000000	1,326886E-1
646,171469	80,699997	80,000000	1,326886E-1
646,171469	80,699997	80,000000	1,326886E-1
646,171469	80,699997	80,000000	1,326886E-1
646,171469	80,699997	80,000000	1,326886E-1
646,171469	80,699997	80,000000	1,326886E-1
646,171469	80,699997	80,000000	1,326886E-1
646,171469	80,699997	80,000000	1,326886E-1
646,171469	80,699997	80,000000	1,326886E-1
647,172877	80,699997	80,000000	1,324506E-1
647,172877	80,699997	80,000000	1,324506E-1
647,172877	80,699997	80,000000	1,324506E-1
647,172877	80,699997	80,000000	1,324506E-1
647,172877	80,699997	80,000000	1,324506E-1
647,172877	80,699997	80,000000	1,324506E-1
647,172877	80,699997	80,000000	1,324506E-1
647,172877	80,699997	80,000000	1,324506E-1
647,172877	80,699997	80,000000	1,324506E-1
647,172877	80,699997	80,000000	1,324506E-1
648,174264	80,699997	80,000000	1,324506E-1
648,174264	80,699997	80,000000	1,324506E-1
648,174264	80,699997	80,000000	1,324506E-1
648,174264	80,699997	80,000000	1,324506E-1
648,174264	80,699997	80,000000	1,324506E-1
648,174264	80,699997	80,000000	1,324506E-1
648,174264	80,699997	80,000000	1,324506E-1
648,174264	80,699997	80,000000	1,324506E-1
648,174264	80,699997	80,000000	1,324393E-1
648,174264	80,400002	80,000000	1,324393E-1
649,173760	80,400002	80,000000	1,324393E-1
649,173760	80,400002	80,000000	1,324393E-1
649,173760	80,400002	80,000000	1,324393E-1
649,173760	80,400002	80,000000	1,324393E-1
649,173760	80,400002	80,000000	1,324393E-1
649,173760	80,400002	80,000000	1,324393E-1
649,173760	80,400002	80,000000	1,324393E-1
649,173760	80,400002	80,000000	1,324393E-1
649,173760	80,400002	80,000000	1,324393E-1
649,173760	80,400002	80,000000	1,324393E-1
650,173845	80,400002	80,000000	1,324393E-1
650,173845	80,400002	80,000000	1,324393E-1
650,173845	80,400002	80,000000	1,324393E-1
650,173845	80,400002	80,000000	1,324393E-1
650,173845	80,400002	80,000000	1,324393E-1
650,173845	80,400002	80,000000	1,324393E-1
650,173845	80,400002	80,000000	1,325085E-1
650,173845	80,400002	80,000000	1,325085E-1
650,173845	80,400002	80,000000	1,325085E-1
650,173845	80,400002	80,000000	1,325085E-1
651,174268	80,400002	80,000000	1,325085E-1
651,174268	80,400002	80,000000	1,325085E-1
651,174268	80,400002	80,000000	1,325085E-1
651,174268	80,400002	80,000000	1,325085E-1
651,174268	80,400002	80,000000	1,325085E-1
651,174268	80,400002	80,000000	1,325085E-1
651,174268	80,400002	80,000000	1,325085E-1
651,174268	80,400002	80,000000	1,325085E-1
651,174268	80,400002	80,000000	1,325085E-1
651,174268	80,400002	80,000000	1,325085E-1
652,174721	80,400002	80,000000	1,325085E-1
652,174721	80,400002	80,000000	1,325085E-1
652,174721	80,400002	80,000000	1,325085E-1
652,174721	80,400002	80,000000	1,325085E-1
652,174721	80,400002	80,000000	1,325021E-1
652,174721	79,800003	80,000000	1,325021E-1
652,174721	79,800003	80,000000	1,325021E-1
652,174721	79,800003	80,000000	1,326565E-1
652,174721	79,800003	80,000000	1,326565E-1
652,174721	79,800003	80,000000	1,326565E-1
653,176133	79,500000	80,000000	1,326597E-1
653,176133	79,500000	80,000000	1,327433E-1
653,176133	79,500000	80,000000	1,327513E-1
653,176133	79,500000	80,000000	1,327513E-1
653,176133	79,500000	80,000000	1,327594E-1
653,176133	79,500000	80,000000	1,327674E-1
653,176133	79,500000	80,000000	1,327754E-1
653,176133	79,500000	80,000000	1,327834E-1
653,176133	79,500000	80,000000	1,327834E-1
653,176133	79,900002	80,000000	1,327915E-1
654,175590	79,900002	80,000000	1,326923E-1
654,175590	79,900002	80,000000	1,326923E-1
654,175590	79,900002	80,000000	1,326939E-1
654,175590	79,900002	80,000000	1,326939E-1
654,175590	79,900002	80,000000	1,326939E-1
654,175590	79,900002	80,000000	1,326955E-1
654,175590	79,900002	80,000000	1,326955E-1
654,175590	79,900002	80,000000	1,326971E-1
654,175590	79,900002	80,000000	1,326987E-1
654,175590	79,900002	80,000000	1,327003E-1
655,175961	80,000000	80,000000	1,327003E-1
655,175961	80,000000	80,000000	1,326751E-1
655,175961	80,000000	80,000000	1,326751E-1
655,175961	80,000000	80,000000	1,326751E-1
655,175961	80,000000	80,000000	1,326751E-1
655,175961	80,000000	80,000000	1,326751E-1
655,175961	80,000000	80,000000	1,326751E-1
655,175961	80,000000	80,000000	1,326751E-1
655,175961	80,000000	80,000000	1,326751E-1
655,175961	80,000000	80,000000	1,326751E-1
656,175374	80,000000	80,000000	1,326751E-1
656,175374	80,000000	80,000000	1,326751E-1
656,175374	80,000000	80,000000	1,326751E-1
656,175374	80,000000	80,000000	1,326751E-1
656,175374	80,000000	80,000000	1,326751E-1
656,175374	80,000000	80,000000	1,326751E-1
656,175374	80,000000	80,000000	1,326751E-1
656,175374	80,000000	80,000000	1,326751E-1
656,175374	80,000000	80,000000	1,326751E-1
656,175374	80,000000	80,000000	1,326751E-1
657,175849	80,000000	80,000000	1,326751E-1
657,175849	80,000000	80,000000	1,326751E-1
657,175849	80,000000	80,000000	1,326751E-1
657,175849	80,000000	80,000000	1,326751E-1
657,175849	80,000000	80,000000	1,326751E-1
657,175849	80,000000	80,000000	1,326751E-1
657,175849	80,000000	80,000000	1,326751E-1
657,175849	80,000000	80,000000	1,326751E-1
657,175849	80,000000	80,000000	1,326751E-1
657,175849	80,000000	80,000000	1,326751E-1
658,176274	80,000000	80,000000	1,326751E-1
658,176274	80,000000	80,000000	1,326751E-1
658,176274	80,000000	80,000000	1,326751E-1
658,176274	80,000000	80,000000	1,326751E-1
658,176274	80,000000	80,000000	1,326751E-1
658,176274	80,000000	80,000000	1,326751E-1
658,176274	80,000000	80,000000	1,326751E-1
658,176274	80,000000	80,000000	1,326751E-1
658,176274	80,000000	80,000000	1,326751E-1
658,176274	80,000000	80,000000	1,326751E-1
659,175711	80,000000	80,000000	1,326751E-1
659,175711	80,000000	80,000000	1,326751E-1
659,175711	80,199997	80,000000	1,326751E-1
659,175711	80,199997	80,000000	1,326215E-1
659,175711	80,199997	80,000000	1,326215E-1
659,175711	80,199997	80,000000	1,326183E-1
659,175711	80,199997	80,000000	1,326151E-1
659,175711	80,199997	80,000000	1,326119E-1
659,175711	80,199997	80,000000	1,326087E-1
659,175711	80,199997	80,000000	1,326087E-1
660,176125	80,199997	80,000000	1,326055E-1
660,176125	80,100006	80,000000	1,326290E-1
660,176125	80,100006	80,000000	1,326274E-1
660,176125	80,100006	80,000000	1,326274E-1
660,176125	80,100006	80,000000	1,326274E-1
660,176125	80,100006	80,000000	1,326258E-1
660,176125	80,100006	80,000000	1,326258E-1
660,176125	80,100006	80,000000	1,326242E-1
660,176125	80,100006	80,000000	1,326226E-1
660,176125	80,100006	80,000000	1,326210E-1
661,175483	80,100006	80,000000	1,326210E-1
661,175483	80,000000	80,000000	1,326194E-1
661,175483	80,000000	80,000000	1,326446E-1
661,175483	80,000000	80,000000	1,326446E-1
661,175483	80,000000	80,000000	1,326446E-1
661,175483	80,000000	80,000000	1,326446E-1
661,175483	80,000000	80,000000	1,326446E-1
661,175483	80,000000	80,000000	1,326446E-1
661,175483	80,000000	80,000000	1,326446E-1
661,175483	80,000000	80,000000	1,326446E-1
662,175970	80,000000	80,000000	1,326446E-1
662,175970	80,000000	80,000000	1,326446E-1
662,175970	80,000000	80,000000	1,326446E-1
662,175970	80,000000	80,000000	1,326446E-1
662,175970	79,900002	80,000000	1,326446E-1
662,175970	79,900002	80,000000	1,326714E-1
662,175970	79,900002	80,000000	1,326714E-1
662,175970	79,900002	80,000000	1,326730E-1
662,175970	79,900002	80,000000	1,326746E-1
662,175970	79,900002	80,000000	1,326762E-1
663,176395	79,900002	80,000000	1,326762E-1
663,176395	79,900002	80,000000	1,326778E-1
663,176395	79,900002	80,000000	1,326778E-1
663,176395	79,900002	80,000000	1,326794E-1
663,176395	79,900002	80,000000	1,326794E-1
663,176395	80,099998	80,000000	1,326274E-1
663,176395	80,099998	80,000000	1,326258E-1
663,176395	80,099998	80,000000	1,326258E-1
663,176395	80,099998	80,000000	1,326242E-1
663,176395	80,099998	80,000000	1,326226E-1
664,176770	80,099998	80,000000	1,326210E-1
664,176770	80,099998	80,000000	1,326194E-1
664,176770	80,099998	80,000000	1,326178E-1
664,176770	80,099998	80,000000	1,326178E-1
664,176770	80,099998	80,000000	1,326162E-1
664,176770	80,300003	80,000000	1,325610E-1
664,176770	80,300003	80,000000	1,325562E-1
664,176770	80,300003	80,000000	1,325562E-1
664,176770	80,300003	80,000000	1,325514E-1
664,176770	80,300003	80,000000	1,325514E-1
665,177257	80,300003	80,000000	1,325514E-1
665,177257	80,300003	80,000000	1,325465E-1
665,177257	80,300003	80,000000	1,325417E-1
665,177257	80,300003	80,000000	1,325369E-1
665,177257	80,300003	80,000000	1,325369E-1
665,177257	80,300003	80,000000	1,325321E-1
665,177257	80,399994	80,000000	1,325273E-1
665,177257	80,399994	80,000000	1,324957E-1
665,177257	80,399994	80,000000	1,324957E-1
665,177257	80,399994	80,000000	1,324893E-1
666,176671	80,399994	80,000000	1,324828E-1
666,176671	80,399994	80,000000	1,324828E-1
666,176671	80,399994	80,000000	1,324764E-1
666,176671	80,399994	80,000000	1,324764E-1
666,176671	80,399994	80,000000	1,324700E-1
666,176671	80,399994	80,000000	1,324700E-1
666,176671	80,099998	80,000000	1,324636E-1
666,176671	80,099998	80,000000	1,324636E-1
666,176671	80,099998	80,000000	1,325376E-1
666,176671	80,099998	80,000000	1,325360E-1
667,177066	80,099998	80,000000	1,325344E-1
667,177066	80,099998	80,000000	1,325344E-1
667,177066	80,099998	80,000000	1,325327E-1
667,177066	80,099998	80,000000	1,325311E-1
667,177066	80,099998	80,000000	1,325311E-1
667,177066	80,099998	80,000000	1,325295E-1
667,177066	80,099998	80,000000	1,325279E-1
667,177066	80,099998	80,000000	1,325279E-1
667,177066	80,099998	80,000000	1,325263E-1
667,177066	80,099998	80,000000	1,325263E-1
668,176525	79,699997	80,000000	1,325263E-1
668,176525	79,699997	80,000000	1,326319E-1
668,176525	79,699997	80,000000	1,326367E-1
668,176525	79,699997	80,000000	1,326416E-1
668,176525	79,699997	80,000000	1,326464E-1
668,176525	79,699997	80,000000	1,326464E-1
668,176525	79,699997	80,000000	1,326512E-1
668,176525	79,699997	80,000000	1,326560E-1
668,176525	79,699997	80,000000	1,326608E-1
668,176525	79,699997	80,000000	1,326656E-1
669,177956	79,699997	80,000000	1,326656E-1
669,177956	79,599998	80,000000	1,326705E-1
669,177956	79,599998	80,000000	1,326705E-1
669,177956	79,599998	80,000000	1,327021E-1
669,177956	79,599998	80,000000	1,327021E-1
669,177956	79,599998	80,000000	1,327085E-1
669,177956	79,599998	80,000000	1,327085E-1
669,177956	79,599998	80,000000	1,327149E-1
669,177956	79,599998	80,000000	1,327213E-1
669,177956	79,599998	80,000000	1,327277E-1
670,178340	80,199997	80,000000	1,325734E-1
670,178340	80,199997	80,000000	1,325734E-1
670,178340	80,199997	80,000000	1,325734E-1
670,178340	80,199997	80,000000	1,325701E-1
670,178340	80,199997	80,000000	1,325701E-1
670,178340	80,199997	80,000000	1,325701E-1
670,178340	80,199997	80,000000	1,325701E-1
670,178340	80,199997	80,000000	1,325701E-1
670,178340	80,199997	80,000000	1,325701E-1
670,178340	80,199997	80,000000	1,325701E-1
671,177752	80,199997	80,000000	1,325701E-1
671,177752	80,199997	80,000000	1,325701E-1
671,177752	80,199997	80,000000	1,325701E-1
671,177752	80,199997	80,000000	1,325701E-1
671,177752	80,199997	80,000000	1,325701E-1
671,177752	80,199997	80,000000	1,325701E-1
671,177752	80,199997	80,000000	1,325701E-1
671,177752	80,199997	80,000000	1,325701E-1
671,177752	80,199997	80,000000	1,325701E-1
671,177752	80,199997	80,000000	1,325701E-1
672,177590	80,199997	80,000000	1,325701E-1
672,177590	80,199997	80,000000	1,325701E-1
672,177590	80,199997	80,000000	1,325701E-1
672,177590	80,199997	80,000000	1,325701E-1
672,177590	80,199997	80,000000	1,325701E-1
672,177590	80,199997	80,000000	1,325701E-1
672,177590	80,199997	80,000000	1,325701E-1
672,177590	80,199997	80,000000	1,325701E-1
672,177590	80,199997	80,000000	1,325669E-1
672,177590	80,199997	80,000000	1,325669E-1
673,178041	79,899994	80,000000	1,325669E-1
673,178041	79,899994	80,000000	1,325669E-1
673,178041	79,899994	80,000000	1,325669E-1
673,178041	79,899994	80,000000	1,325669E-1
673,178041	79,899994	80,000000	1,325669E-1
673,178041	79,899994	80,000000	1,325669E-1
673,178041	79,899994	80,000000	1,325669E-1
673,178041	79,899994	80,000000	1,325669E-1
673,178041	79,899994	80,000000	1,325669E-1
673,178041	79,899994	80,000000	1,325669E-1
674,177463	79,899994	80,000000	1,325669E-1
674,177463	79,899994	80,000000	1,325669E-1
674,177463	79,899994	80,000000	1,325669E-1
674,177463	79,899994	80,000000	1,325669E-1
674,177463	79,899994	80,000000	1,325669E-1
674,177463	79,899994	80,000000	1,326441E-1
674,177463	79,899994	80,000000	1,326441E-1
674,177463	79,899994	80,000000	1,326441E-1
674,177463	79,899994	80,000000	1,326441E-1
674,177463	79,899994	80,000000	1,326457E-1
675,177880	79,899994	80,000000	1,326457E-1
675,177880	79,899994	80,000000	1,326457E-1
675,177880	79,899994	80,000000	1,326457E-1
675,177880	79,899994	80,000000	1,326457E-1
675,177880	79,899994	80,000000	1,326457E-1
675,177880	79,899994	80,000000	1,326457E-1
675,177880	79,899994	80,000000	1,326457E-1
675,177880	79,899994	80,000000	1,326457E-1
675,177880	79,899994	80,000000	1,326457E-1
675,177880	79,899994	80,000000	1,326457E-1
676,178342	79,899994	80,000000	1,326457E-1
676,178342	79,899994	80,000000	1,326457E-1
676,178342	79,899994	80,000000	1,326457E-1
676,178342	79,500000	80,000000	1,326457E-1
676,178342	79,500000	80,000000	1,326457E-1
676,178342	79,500000	80,000000	1,326457E-1
676,178342	79,500000	80,000000	1,326457E-1
676,178342	79,500000	80,000000	1,326457E-1
676,178342	79,500000	80,000000	1,326457E-1
676,178342	79,500000	80,000000	1,326457E-1
677,177976	79,500000	80,000000	1,326457E-1
677,177976	79,500000	80,000000	1,326457E-1
677,177976	79,500000	80,000000	1,326457E-1
677,177976	79,500000	80,000000	1,326457E-1
677,177976	79,500000	80,000000	1,326457E-1
677,177976	79,500000	80,000000	1,326457E-1
677,177976	79,500000	80,000000	1,326457E-1
677,177976	79,500000	80,000000	1,326457E-1
677,177976	79,500000	80,000000	1,326457E-1
677,177976	79,500000	80,000000	1,326457E-1
678,177467	79,500000	80,000000	1,326457E-1
678,177467	79,500000	80,000000	1,327546E-1
678,177467	79,500000	80,000000	1,327546E-1
678,177467	79,500000	80,000000	1,327546E-1
678,177467	79,500000	80,000000	1,327546E-1
678,177467	79,500000	80,000000	1,327546E-1
678,177467	79,500000	80,000000	1,327546E-1
678,177467	79,500000	80,000000	1,327546E-1
678,177467	79,500000	80,000000	1,327546E-1
678,177467	79,500000	80,000000	1,327546E-1
679,177886	79,500000	80,000000	1,327546E-1
679,177886	79,500000	80,000000	1,327546E-1
679,177886	79,500000	80,000000	1,327546E-1
679,177886	79,500000	80,000000	1,327546E-1
679,177886	79,500000	80,000000	1,327546E-1
679,177886	79,500000	80,000000	1,327546E-1
679,177886	79,500000	80,000000	1,327546E-1
679,177886	79,500000	80,000000	1,327546E-1
679,177886	79,500000	80,000000	1,327626E-1
679,177886	79,900002	80,000000	1,327626E-1
680,179238	79,900002	80,000000	1,327626E-1
680,179238	79,900002	80,000000	1,327626E-1
680,179238	79,900002	80,000000	1,327626E-1
680,179238	79,900002	80,000000	1,327626E-1
680,179238	79,900002	80,000000	1,327626E-1
680,179238	79,900002	80,000000	1,327626E-1
680,179238	79,900002	80,000000	1,327626E-1
680,179238	79,900002	80,000000	1,327626E-1
680,179238	79,900002	80,000000	1,327626E-1
680,179238	79,900002	80,000000	1,327626E-1
681,178666	79,900002	80,000000	1,327626E-1
681,178666	79,900002	80,000000	1,327626E-1
681,178666	79,900002	80,000000	1,327626E-1
681,178666	79,900002	80,000000	1,327626E-1
681,178666	79,900002	80,000000	1,327626E-1
681,178666	79,900002	80,000000	1,326634E-1
681,178666	79,900002	80,000000	1,326634E-1
681,178666	79,900002	80,000000	1,326634E-1
681,178666	79,900002	80,000000	1,326634E-1
681,178666	79,900002	80,000000	1,326650E-1
682,180120	79,900002	80,000000	1,326650E-1
682,180120	79,900002	80,000000	1,326650E-1
682,180120	79,900002	80,000000	1,326666E-1
682,180120	79,900002	80,000000	1,326666E-1
682,180120	80,300003	80,000000	1,326682E-1
682,180120	80,300003	80,000000	1,325626E-1
682,180120	80,300003	80,000000	1,325578E-1
682,180120	80,300003	80,000000	1,325578E-1
682,180120	80,300003	80,000000	1,325530E-1
682,180120	80,300003	80,000000	1,325482E-1
683,179542	80,300003	80,000000	1,325482E-1
683,179542	80,300003	80,000000	1,325433E-1
683,179542	80,300003	80,000000	1,325385E-1
683,179542	80,300003	80,000000	1,325385E-1
683,179542	80,300003	80,000000	1,325337E-1
683,179542	80,300003	80,000000	1,325337E-1
683,179542	80,300003	80,000000	1,325337E-1
683,179542	80,300003	80,000000	1,325289E-1
683,179542	80,300003	80,000000	1,325289E-1
683,179542	80,300003	80,000000	1,325241E-1
684,179959	80,199997	80,000000	1,325241E-1
684,179959	80,199997	80,000000	1,325461E-1
684,179959	80,199997	80,000000	1,325461E-1
684,179959	80,199997	80,000000	1,325429E-1
684,179959	80,199997	80,000000	1,325397E-1
684,179959	80,199997	80,000000	1,325364E-1
684,179959	80,199997	80,000000	1,325364E-1
684,179959	80,199997	80,000000	1,325332E-1
684,179959	80,199997	80,000000	1,325300E-1
684,179959	80,199997	80,000000	1,325300E-1
685,179379	80,199997	80,000000	1,325268E-1
685,179379	80,199997	80,000000	1,325268E-1
685,179379	80,099998	80,000000	1,325268E-1
685,179379	80,099998	80,000000	1,325504E-1
685,179379	80,099998	80,000000	1,325488E-1
685,179379	80,099998	80,000000	1,325472E-1
685,179379	80,099998	80,000000	1,325456E-1
685,179379	80,099998	80,000000	1,325440E-1
685,179379	80,099998	80,000000	1,325440E-1
685,179379	80,099998	80,000000	1,325424E-1
686,180871	80,099998	80,000000	1,325424E-1
686,180871	80,199997	80,000000	1,325408E-1
686,180871	80,199997	80,000000	1,325124E-1
686,180871	80,199997	80,000000	1,325092E-1
686,180871	80,199997	80,000000	1,325092E-1
686,180871	80,199997	80,000000	1,325092E-1
686,180871	80,199997	80,000000	1,325059E-1
686,180871	80,199997	80,000000	1,325059E-1
686,180871	80,199997	80,000000	1,325027E-1
686,180871	80,199997	80,000000	1,324995E-1
687,182287	80,199997	80,000000	1,324995E-1
687,182287	80,199997	80,000000	1,324963E-1
687,182287	79,599998	80,000000	1,324931E-1
687,182287	79,599998	80,000000	1,326507E-1
687,182287	79,599998	80,000000	1,326507E-1
687,182287	79,599998	80,000000	1,326571E-1
687,182287	79,599998	80,000000	1,326636E-1
687,182287	79,599998	80,000000	1,326636E-1
687,182287	79,599998	80,000000	1,326700E-1
687,182287	79,599998	80,000000	1,326700E-1
688,181697	79,599998	80,000000	1,326764E-1
688,181697	80,000000	80,000000	1,326764E-1
688,181697	80,000000	80,000000	1,325756E-1
688,181697	80,000000	80,000000	1,325756E-1
688,181697	80,000000	80,000000	1,325756E-1
688,181697	80,000000	80,000000	1,325756E-1
688,181697	80,000000	80,000000	1,325756E-1
688,181697	80,000000	80,000000	1,325756E-1
688,181697	80,000000	80,000000	1,325756E-1
688,181697	80,000000	80,000000	1,325756E-1
689,182085	80,000000	80,000000	1,325756E-1
689,182085	80,000000	80,000000	1,325756E-1
689,182085	79,800003	80,000000	1,326292E-1
689,182085	79,800003	80,000000	1,326292E-1
689,182085	79,800003	80,000000	1,326324E-1
689,182085	79,800003	80,000000	1,326324E-1
689,182085	79,800003	80,000000	1,326324E-1
689,182085	79,800003	80,000000	1,326324E-1
689,182085	79,800003	80,000000	1,326356E-1
689,182085	79,800003	80,000000	1,326388E-1
690,182465	79,800003	80,000000	1,326420E-1
690,182465	79,800003	80,000000	1,326453E-1
690,182465	79,800003	80,000000	1,326485E-1
690,182465	79,800003	80,000000	1,326485E-1
690,182465	79,800003	80,000000	1,326517E-1
690,182465	79,900002	80,000000	1,326549E-1
690,182465	79,900002	80,000000	1,326549E-1
690,182465	79,900002	80,000000	1,326313E-1
690,182465	79,900002	80,000000	1,326329E-1
690,182465	79,900002	80,000000	1,326329E-1
691,183898	79,900002	80,000000	1,326345E-1
691,183898	79,900002	80,000000	1,326345E-1
691,183898	79,900002	80,000000	1,326361E-1
691,183898	79,900002	80,000000	1,326361E-1
691,183898	79,900002	80,000000	1,326377E-1
691,183898	79,900002	80,000000	1,326393E-1
691,183898	79,900002	80,000000	1,326409E-1
691,183898	79,899994	80,000000	1,326409E-1
691,183898	79,899994	80,000000	1,326409E-1
691,183898	79,899994	80,000000	1,326425E-1
692,184277	79,899994	80,000000	1,326425E-1
692,184277	79,899994	80,000000	1,326425E-1
692,184277	79,899994	80,000000	1,326425E-1
692,184277	79,899994	80,000000	1,326425E-1
692,184277	79,899994	80,000000	1,326425E-1
692,184277	79,899994	80,000000	1,326425E-1
692,184277	79,899994	80,000000	1,326425E-1
692,184277	79,899994	80,000000	1,326425E-1
692,184277	79,899994	80,000000	1,326425E-1
692,184277	79,899994	80,000000	1,326425E-1
693,183672	79,899994	80,000000	1,326425E-1
693,183672	79,899994	80,000000	1,326425E-1
693,183672	79,899994	80,000000	1,326425E-1
693,183672	79,899994	80,000000	1,326425E-1
693,183672	79,899994	80,000000	1,326425E-1
693,183672	79,899994	80,000000	1,326425E-1
693,183672	79,899994	80,000000	1,326425E-1
693,183672	79,899994	80,000000	1,326425E-1
693,183672	79,899994	80,000000	1,326425E-1
693,183672	79,899994	80,000000	1,326425E-1
694,184106	79,899994	80,000000	1,326425E-1
694,184106	79,899994	80,000000	1,326425E-1
694,184106	79,899994	80,000000	1,326425E-1
694,184106	79,899994	80,000000	1,326425E-1
694,184106	79,899994	80,000000	1,326441E-1
694,184106	79,899994	80,000000	1,326441E-1
694,184106	79,899994	80,000000	1,326441E-1
694,184106	79,899994	80,000000	1,326441E-1
694,184106	79,899994	80,000000	1,326441E-1
694,184106	79,899994	80,000000	1,326441E-1
695,183570	79,899994	80,000000	1,326441E-1
695,183570	79,899994	80,000000	1,326441E-1
695,183570	79,899994	80,000000	1,326441E-1
695,183570	79,899994	80,000000	1,326441E-1
695,183570	79,899994	80,000000	1,326441E-1
695,183570	79,899994	80,000000	1,326441E-1
695,183570	79,899994	80,000000	1,326441E-1
695,183570	79,899994	80,000000	1,326441E-1
695,183570	79,899994	80,000000	1,326441E-1
695,183570	79,899994	80,000000	1,326441E-1
696,183502	79,899994	80,000000	1,326441E-1
696,183502	79,899994	80,000000	1,326441E-1
696,183502	79,800003	80,000000	1,326457E-1
696,183502	79,800003	80,000000	1,326457E-1
696,183502	79,800003	80,000000	1,326457E-1
696,183502	79,800003	80,000000	1,326457E-1
696,183502	79,800003	80,000000	1,326457E-1
696,183502	79,800003	80,000000	1,326457E-1
696,183502	79,800003	80,000000	1,326457E-1
696,183502	79,800003	80,000000	1,326457E-1
697,183929	79,800003	80,000000	1,326457E-1
697,183929	79,800003	80,000000	1,326457E-1
697,183929	79,800003	80,000000	1,326457E-1
697,183929	79,800003	80,000000	1,326457E-1
697,183929	79,800003	80,000000	1,326457E-1
697,183929	79,800003	80,000000	1,326457E-1
697,183929	79,800003	80,000000	1,326457E-1
697,183929	79,800003	80,000000	1,326457E-1
697,183929	79,800003	80,000000	1,326457E-1
697,183929	79,800003	80,000000	1,326741E-1
698,185331	79,800003	80,000000	1,326741E-1
698,185331	79,800003	80,000000	1,326741E-1
698,185331	79,800003	80,000000	1,326741E-1
698,185331	79,800003	80,000000	1,326741E-1
698,185331	79,800003	80,000000	1,326741E-1
698,185331	79,800003	80,000000	1,326741E-1
698,185331	79,800003	80,000000	1,326741E-1
698,185331	79,800003	80,000000	1,326741E-1
698,185331	79,800003	80,000000	1,326741E-1
698,185331	79,800003	80,000000	1,326741E-1
699,184773	79,800003	80,000000	1,326741E-1
699,184773	79,800003	80,000000	1,326741E-1
699,184773	79,800003	80,000000	1,326741E-1
699,184773	79,800003	80,000000	1,326741E-1
699,184773	79,800003	80,000000	1,326741E-1
699,184773	79,800003	80,000000	1,326741E-1
699,184773	79,800003	80,000000	1,326774E-1
699,184773	80,199997	80,000000	1,326774E-1
699,184773	80,199997	80,000000	1,326774E-1
699,184773	80,199997	80,000000	1,326774E-1
700,185209	80,199997	80,000000	1,326774E-1
700,185209	80,199997	80,000000	1,326774E-1
700,185209	80,199997	80,000000	1,326774E-1
700,185209	80,199997	80,000000	1,326774E-1
700,185209	80,199997	80,000000	1,326774E-1
700,185209	80,199997	80,000000	1,326774E-1
700,185209	80,199997	80,000000	1,326774E-1
700,185209	80,199997	80,000000	1,326774E-1
700,185209	80,199997	80,000000	1,326774E-1
700,185209	80,199997	80,000000	1,326774E-1
701,185639	80,199997	80,000000	1,326774E-1
701,185639	80,199997	80,000000	1,326774E-1
701,185639	80,199997	80,000000	1,326774E-1
701,185639	80,199997	80,000000	1,326774E-1
701,185639	80,199997	80,000000	1,325734E-1
701,185639	79,800003	80,000000	1,325734E-1
701,185639	79,800003	80,000000	1,325734E-1
701,185639	79,800003	80,000000	1,325734E-1
701,185639	79,800003	80,000000	1,325734E-1
701,185639	79,800003	80,000000	1,325734E-1
702,186029	79,800003	80,000000	1,325734E-1
702,186029	79,800003	80,000000	1,325734E-1
702,186029	79,800003	80,000000	1,325734E-1
702,186029	79,800003	80,000000	1,325734E-1
702,186029	79,800003	80,000000	1,325734E-1
702,186029	79,800003	80,000000	1,325734E-1
702,186029	79,800003	80,000000	1,325734E-1
702,186029	79,800003	80,000000	1,325734E-1
702,186029	79,800003	80,000000	1,325734E-1
702,186029	79,800003	80,000000	1,325734E-1
703,185484	79,800003	80,000000	1,325734E-1
703,185484	79,800003	80,000000	1,326774E-1
703,185484	79,800003	80,000000	1,326774E-1
703,185484	79,800003	80,000000	1,326774E-1
703,185484	79,900002	80,000000	1,326538E-1
703,185484	79,900002	80,000000	1,326538E-1
703,185484	79,900002	80,000000	1,326538E-1
703,185484	79,900002	80,000000	1,326554E-1
703,185484	79,800003	80,000000	1,326554E-1
703,185484	79,800003	80,000000	1,326838E-1
704,186850	79,800003	80,000000	1,326870E-1
704,186850	79,800003	80,000000	1,326902E-1
704,186850	79,800003	80,000000	1,326934E-1
704,186850	79,800003	80,000000	1,326966E-1
704,186850	79,800003	80,000000	1,326966E-1
704,186850	79,800003	80,000000	1,326998E-1
704,186850	79,800003	80,000000	1,327030E-1
704,186850	79,800003	80,000000	1,327030E-1
704,186850	79,800003	80,000000	1,327062E-1
704,186850	79,800003	80,000000	1,327095E-1
705,187333	79,800003	80,000000	1,327095E-1
705,187333	79,800003	80,000000	1,327095E-1
705,187333	79,800003	80,000000	1,327127E-1
705,187333	79,800003	80,000000	1,327127E-1
705,187333	79,800003	80,000000	1,327159E-1
705,187333	79,800003	80,000000	1,327191E-1
705,187333	79,800003	80,000000	1,327191E-1
705,187333	79,800003	80,000000	1,327223E-1
705,187333	79,800003	80,000000	1,327255E-1
705,187333	79,900002	80,000000	1,327287E-1
706,186721	79,900002	80,000000	1,327287E-1
706,186721	79,900002	80,000000	1,327051E-1
706,186721	79,900002	80,000000	1,327067E-1
706,186721	79,900002	80,000000	1,327067E-1
706,186721	79,900002	80,000000	1,327083E-1
706,186721	79,900002	80,000000	1,327083E-1
706,186721	79,900002	80,000000	1,327099E-1
706,186721	79,900002	80,000000	1,327099E-1
706,186721	79,900002	80,000000	1,327115E-1
706,186721	79,800003	80,000000	1,327131E-1
707,187125	79,800003	80,000000	1,327131E-1
707,187125	79,800003	80,000000	1,327415E-1
707,187125	79,800003	80,000000	1,327448E-1
707,187125	79,800003	80,000000	1,327480E-1
707,187125	79,800003	80,000000	1,327480E-1
707,187125	79,800003	80,000000	1,327512E-1
707,187125	79,800003	80,000000	1,327544E-1
707,187125	79,800003	80,000000	1,327544E-1
707,187125	79,800003	80,000000	1,327576E-1
707,187125	79,800003	80,000000	1,327608E-1
708,187579	80,000000	80,000000	1,327608E-1
708,187579	80,000000	80,000000	1,327608E-1
708,187579	80,000000	80,000000	1,327104E-1
708,187579	80,000000	80,000000	1,327104E-1
708,187579	80,000000	80,000000	1,327104E-1
708,187579	80,000000	80,000000	1,327104E-1
708,187579	80,000000	80,000000	1,327104E-1
708,187579	80,000000	80,000000	1,327104E-1
708,187579	80,000000	80,000000	1,327104E-1
708,187579	80,000000	80,000000	1,327104E-1
709,187776	80,199997	80,000000	1,327104E-1
709,187776	80,199997	80,000000	1,326568E-1
709,187776	80,199997	80,000000	1,326536E-1
709,187776	80,199997	80,000000	1,326504E-1
709,187776	80,199997	80,000000	1,326504E-1
709,187776	80,199997	80,000000	1,326504E-1
709,187776	80,199997	80,000000	1,326472E-1
709,187776	80,199997	80,000000	1,326472E-1
709,187776	80,199997	80,000000	1,326440E-1
709,187776	80,199997	80,000000	1,326440E-1
710,188273	80,199997	80,000000	1,326440E-1
710,188273	80,199997	80,000000	1,326408E-1
710,188273	80,199997	80,000000	1,326408E-1
710,188273	80,199997	80,000000	1,326408E-1
710,188273	80,199997	80,000000	1,326408E-1
710,188273	80,199997	80,000000	1,326408E-1
710,188273	80,199997	80,000000	1,326408E-1
710,188273	80,199997	80,000000	1,326408E-1
710,188273	80,199997	80,000000	1,326408E-1
710,188273	80,199997	80,000000	1,326408E-1
711,188710	80,199997	80,000000	1,326408E-1
711,188710	80,199997	80,000000	1,326408E-1
711,188710	80,199997	80,000000	1,326408E-1
711,188710	80,199997	80,000000	1,326408E-1
711,188710	80,199997	80,000000	1,326408E-1
711,188710	80,199997	80,000000	1,326408E-1
711,188710	80,199997	80,000000	1,326408E-1
711,188710	80,199997	80,000000	1,326408E-1
711,188710	80,199997	80,000000	1,326408E-1
711,188710	80,199997	80,000000	1,326408E-1
712,190053	80,199997	80,000000	1,326408E-1
712,190053	80,199997	80,000000	1,326408E-1
712,190053	80,199997	80,000000	1,326408E-1
712,190053	80,199997	80,000000	1,326408E-1
712,190053	80,199997	80,000000	1,326408E-1
712,190053	80,199997	80,000000	1,326408E-1
712,190053	80,199997	80,000000	1,326376E-1
712,190053	80,199997	80,000000	1,326376E-1
712,190053	79,900002	80,000000	1,326376E-1
712,190053	79,900002	80,000000	1,326376E-1
713,190525	79,900002	80,000000	1,326376E-1
713,190525	79,900002	80,000000	1,326376E-1
713,190525	79,900002	80,000000	1,326376E-1
713,190525	79,900002	80,000000	1,326376E-1
713,190525	79,900002	80,000000	1,326376E-1
713,190525	79,900002	80,000000	1,326376E-1
713,190525	79,900002	80,000000	1,326376E-1
713,190525	79,900002	80,000000	1,326376E-1
713,190525	79,900002	80,000000	1,326376E-1
713,190525	79,900002	80,000000	1,326376E-1
714,190903	79,900002	80,000000	1,326376E-1
714,190903	79,900002	80,000000	1,326376E-1
714,190903	79,900002	80,000000	1,326376E-1
714,190903	79,900002	80,000000	1,327147E-1
714,190903	79,900002	80,000000	1,327147E-1
714,190903	79,900002	80,000000	1,327147E-1
714,190903	79,699997	80,000000	1,327147E-1
714,190903	79,699997	80,000000	1,327700E-1
714,190903	79,699997	80,000000	1,327700E-1
714,190903	79,699997	80,000000	1,327700E-1
715,191401	79,699997	80,000000	1,327700E-1
715,191401	79,699997	80,000000	1,327700E-1
715,191401	79,699997	80,000000	1,327700E-1
715,191401	79,699997	80,000000	1,327700E-1
715,191401	79,699997	80,000000	1,327700E-1
715,191401	79,699997	80,000000	1,327700E-1
715,191401	79,699997	80,000000	1,327700E-1
715,191401	79,699997	80,000000	1,327700E-1
715,191401	79,699997	80,000000	1,327700E-1
715,191401	79,699997	80,000000	1,327700E-1
716,191819	79,699997	80,000000	1,327700E-1
716,191819	79,699997	80,000000	1,327700E-1
716,191819	79,699997	80,000000	1,327700E-1
716,191819	79,699997	80,000000	1,327700E-1
716,191819	79,699997	80,000000	1,327700E-1
716,191819	79,699997	80,000000	1,327700E-1
716,191819	79,699997	80,000000	1,327700E-1
716,191819	79,699997	80,000000	1,327700E-1
716,191819	79,699997	80,000000	1,327700E-1
716,191819	79,699997	80,000000	1,327700E-1
717,192207	79,699997	80,000000	1,327700E-1
717,192207	79,699997	80,000000	1,327700E-1
717,192207	79,699997	80,000000	1,327700E-1
717,192207	79,699997	80,000000	1,327700E-1
717,192207	79,699997	80,000000	1,327700E-1
717,192207	79,699997	80,000000	1,327700E-1
717,192207	79,699997	80,000000	1,327700E-1
717,192207	79,699997	80,000000	1,327700E-1
717,192207	79,699997	80,000000	1,327700E-1
717,192207	79,899994	80,000000	1,327748E-1
718,191661	79,899994	80,000000	1,327748E-1
718,191661	79,899994	80,000000	1,327748E-1
718,191661	79,899994	80,000000	1,327748E-1
718,191661	79,899994	80,000000	1,327748E-1
718,191661	79,899994	80,000000	1,327748E-1
718,191661	79,899994	80,000000	1,327748E-1
718,191661	79,899994	80,000000	1,327748E-1
718,191661	79,899994	80,000000	1,327748E-1
718,191661	79,899994	80,000000	1,327748E-1
718,191661	79,899994	80,000000	1,327748E-1
719,192043	79,899994	80,000000	1,327748E-1
719,192043	79,899994	80,000000	1,327748E-1
719,192043	79,899994	80,000000	1,327748E-1
719,192043	79,899994	80,000000	1,327748E-1
719,192043	79,899994	80,000000	1,327748E-1
719,192043	79,899994	80,000000	1,327748E-1
719,192043	79,899994	80,000000	1,327748E-1
719,192043	79,899994	80,000000	1,327260E-1
719,192043	79,899994	80,000000	1,327260E-1
719,192043	79,899994	80,000000	1,327260E-1
720,192462	79,899994	80,000000	1,327260E-1
720,192462	79,899994	80,000000	1,327260E-1
720,192462	79,899994	80,000000	1,327260E-1
720,192462	79,899994	80,000000	1,327260E-1
720,192462	79,899994	80,000000	1,327260E-1
720,192462	79,899994	80,000000	1,327260E-1
720,192462	79,899994	80,000000	1,327260E-1
720,192462	79,899994	80,000000	1,327260E-1
720,192462	79,899994	80,000000	1,327260E-1
720,192462	79,899994	80,000000	1,327260E-1
721,193904	79,899994	80,000000	1,327260E-1
721,193904	79,899994	80,000000	1,327260E-1
721,193904	79,899994	80,000000	1,327260E-1
721,193904	79,899994	80,000000	1,327260E-1
721,193904	79,899994	80,000000	1,327276E-1
721,193904	80,000000	80,000000	1,327276E-1
721,193904	80,000000	80,000000	1,327276E-1
721,193904	80,099998	80,000000	1,327024E-1
721,193904	80,099998	80,000000	1,327024E-1
721,193904	80,099998	80,000000	1,327024E-1
722,194299	80,099998	80,000000	1,326756E-1
722,194299	80,099998	80,000000	1,326756E-1
722,194299	80,099998	80,000000	1,326740E-1
722,194299	80,099998	80,000000	1,326724E-1
722,194299	80,099998	80,000000	1,326708E-1
722,194299	80,099998	80,000000	1,326708E-1
722,194299	80,099998	80,000000	1,326692E-1
722,194299	80,099998	80,000000	1,326676E-1
722,194299	80,099998	80,000000	1,326676E-1
722,194299	80,000000	80,000000	1,326660E-1
723,193805	80,000000	80,000000	1,326660E-1
723,193805	80,000000	80,000000	1,326912E-1
723,193805	80,000000	80,000000	1,326912E-1
723,193805	80,000000	80,000000	1,326912E-1
723,193805	80,000000	80,000000	1,326912E-1
723,193805	80,000000	80,000000	1,326912E-1
723,193805	80,000000	80,000000	1,326912E-1
723,193805	80,000000	80,000000	1,326912E-1
723,193805	80,000000	80,000000	1,326912E-1
723,193805	80,000000	80,000000	1,326912E-1
724,195166	79,500000	80,000000	1,326912E-1
724,195166	79,500000	80,000000	1,326912E-1
724,195166	79,500000	80,000000	1,328252E-1
724,195166	79,500000	80,000000	1,328332E-1
724,195166	79,500000	80,000000	1,328332E-1
724,195166	79,500000	80,000000	1,328412E-1
724,195166	79,500000	80,000000	1,328492E-1
724,195166	79,500000	80,000000	1,328573E-1
724,195166	79,500000	80,000000	1,328573E-1
724,195166	79,500000	80,000000	1,328653E-1
725,194620	79,500000	80,000000	1,328653E-1
725,194620	79,600006	80,000000	1,328465E-1
725,194620	79,600006	80,000000	1,328529E-1
725,194620	79,600006	80,000000	1,328529E-1
725,194620	79,600006	80,000000	1,328529E-1
725,194620	79,600006	80,000000	1,328594E-1
725,194620	79,600006	80,000000	1,328658E-1
725,194620	79,600006	80,000000	1,328658E-1
725,194620	79,600006	80,000000	1,328722E-1
725,194620	79,600006	80,000000	1,328786E-1
726,196092	79,600006	80,000000	1,328850E-1
726,196092	79,600006	80,000000	1,328850E-1
726,196092	79,600006	80,000000	1,328914E-1
726,196092	79,600006	80,000000	1,328914E-1
726,196092	79,600006	80,000000	1,328979E-1
726,196092	80,099998	80,000000	1,328979E-1
726,196092	80,099998	80,000000	1,327703E-1
726,196092	80,099998	80,000000	1,327687E-1
726,196092	80,099998	80,000000	1,327671E-1
726,196092	80,099998	80,000000	1,327671E-1
727,195455	80,099998	80,000000	1,327655E-1
727,195455	80,099998	80,000000	1,327639E-1
727,195455	80,099998	80,000000	1,327623E-1
727,195455	80,099998	80,000000	1,327606E-1
727,195455	80,099998	80,000000	1,327590E-1
727,195455	80,099998	80,000000	1,327590E-1
727,195455	80,099998	80,000000	1,327574E-1
727,195455	80,099998	80,000000	1,327558E-1
727,195455	80,099998	80,000000	1,327558E-1
727,195455	80,099998	80,000000	1,327542E-1
728,195881	80,099998	80,000000	1,327542E-1
728,195881	80,099998	80,000000	1,327526E-1
728,195881	80,099998	80,000000	1,327526E-1
728,195881	80,099998	80,000000	1,327510E-1
728,195881	80,099998	80,000000	1,327494E-1
728,195881	80,099998	80,000000	1,327478E-1
728,195881	80,099998	80,000000	1,327478E-1
728,195881	80,099998	80,000000	1,327462E-1
728,195881	80,099998	80,000000	1,327446E-1
728,195881	80,099998	80,000000	1,327446E-1
729,197300	80,099998	80,000000	1,327430E-1
729,197300	80,099998	80,000000	1,327414E-1
729,197300	80,099998	80,000000	1,327414E-1
729,197300	80,099998	80,000000	1,327398E-1
729,197300	80,099998	80,000000	1,327398E-1
729,197300	80,000000	80,000000	1,327398E-1
729,197300	80,000000	80,000000	1,327650E-1
729,197300	80,000000	80,000000	1,327650E-1
729,197300	80,000000	80,000000	1,327650E-1
729,197300	80,000000	80,000000	1,327650E-1
730,196696	80,000000	80,000000	1,327650E-1
730,196696	80,000000	80,000000	1,327650E-1
730,196696	80,000000	80,000000	1,327650E-1
730,196696	80,000000	80,000000	1,327650E-1
730,196696	80,000000	80,000000	1,327650E-1
730,196696	80,000000	80,000000	1,327650E-1
730,196696	80,000000	80,000000	1,327650E-1
730,196696	80,000000	80,000000	1,327650E-1
730,196696	80,000000	80,000000	1,327650E-1
730,196696	80,000000	80,000000	1,327650E-1
731,197156	80,000000	80,000000	1,327650E-1
731,197156	80,000000	80,000000	1,327650E-1
731,197156	80,000000	80,000000	1,327650E-1
731,197156	80,000000	80,000000	1,327650E-1
731,197156	80,000000	80,000000	1,327650E-1
731,197156	80,000000	80,000000	1,327650E-1
731,197156	80,000000	80,000000	1,327650E-1
731,197156	80,000000	80,000000	1,327650E-1
731,197156	80,000000	80,000000	1,327650E-1
731,197156	80,000000	80,000000	1,327650E-1
732,197580	80,000000	80,000000	1,327650E-1
732,197580	80,000000	80,000000	1,327650E-1
732,197580	80,000000	80,000000	1,327650E-1
732,197580	80,000000	80,000000	1,327650E-1
732,197580	80,000000	80,000000	1,327650E-1
732,197580	80,000000	80,000000	1,327650E-1
732,197580	80,000000	80,000000	1,327650E-1
732,197580	80,000000	80,000000	1,327650E-1
732,197580	80,000000	80,000000	1,327650E-1
732,197580	79,900002	80,000000	1,327650E-1
733,198009	79,900002	80,000000	1,327650E-1
733,198009	79,900002	80,000000	1,327650E-1
733,198009	79,900002	80,000000	1,327650E-1
733,198009	79,900002	80,000000	1,327650E-1
733,198009	79,900002	80,000000	1,327650E-1
733,198009	79,900002	80,000000	1,327650E-1
733,198009	79,900002	80,000000	1,327650E-1
733,198009	79,900002	80,000000	1,327650E-1
733,198009	79,900002	80,000000	1,327650E-1
733,198009	79,900002	80,000000	1,327650E-1
734,198470	79,900002	80,000000	1,327650E-1
734,198470	79,900002	80,000000	1,327650E-1
734,198470	79,900002	80,000000	1,327650E-1
734,198470	79,900002	80,000000	1,327650E-1
734,198470	79,900002	80,000000	1,327650E-1
734,198470	79,900002	80,000000	1,327650E-1
734,198470	79,900002	80,000000	1,327650E-1
734,198470	79,900002	80,000000	1,327650E-1
734,198470	79,900002	80,000000	1,327650E-1
734,198470	79,900002	80,000000	1,327650E-1
735,198862	79,900002	80,000000	1,327650E-1
735,198862	79,900002	80,000000	1,327650E-1
735,198862	79,900002	80,000000	1,327650E-1
735,198862	79,900002	80,000000	1,327918E-1
735,198862	79,900002	80,000000	1,327918E-1
735,198862	79,900002	80,000000	1,327918E-1
735,198862	79,900002	80,000000	1,327918E-1
735,198862	79,900002	80,000000	1,327918E-1
735,198862	79,900002	80,000000	1,327918E-1
735,198862	79,900002	80,000000	1,327918E-1
736,199071	79,900002	80,000000	1,327918E-1
736,199071	79,900002	80,000000	1,327918E-1
736,199071	79,900002	80,000000	1,327918E-1
736,199071	79,900002	80,000000	1,327918E-1
736,199071	79,900002	80,000000	1,327918E-1
736,199071	79,900002	80,000000	1,327918E-1
736,199071	79,900002	80,000000	1,327918E-1
736,199071	79,900002	80,000000	1,327918E-1
736,199071	79,900002	80,000000	1,327918E-1
736,199071	79,900002	80,000000	1,327918E-1
737,198479	79,900002	80,000000	1,327918E-1
737,198479	79,900002	80,000000	1,327934E-1
737,198479	79,900002	80,000000	1,327934E-1
737,198479	79,900002	80,000000	1,327934E-1
737,198479	79,900002	80,000000	1,327934E-1
737,198479	79,900002	80,000000	1,327934E-1
737,198479	79,900002	80,000000	1,327934E-1
737,198479	79,900002	80,000000	1,327934E-1
737,198479	79,900002	80,000000	1,327934E-1
737,198479	79,900002	80,000000	1,327934E-1
738,198858	79,900002	80,000000	1,327934E-1
738,198858	79,900002	80,000000	1,327934E-1
738,198858	79,900002	80,000000	1,327934E-1
738,198858	79,900002	80,000000	1,327934E-1
738,198858	79,900002	80,000000	1,327934E-1
738,198858	79,900002	80,000000	1,327934E-1
738,198858	79,900002	80,000000	1,327934E-1
738,198858	79,900002	80,000000	1,327934E-1
738,198858	80,000000	80,000000	1,327950E-1
738,198858	80,000000	80,000000	1,327950E-1
738,198858	80,000000	80,000000	1,327950E-1
739,200328	80,000000	80,000000	1,327950E-1
739,200328	80,000000	80,000000	1,327950E-1
739,200328	80,000000	80,000000	1,327950E-1
739,200328	80,000000	80,000000	1,327950E-1
739,200328	80,000000	80,000000	1,327950E-1
739,200328	80,000000	80,000000	1,327950E-1
739,200328	80,000000	80,000000	1,327950E-1
739,200328	80,000000	80,000000	1,327950E-1
739,200328	80,000000	80,000000	1,327950E-1
740,199747	80,000000	80,000000	1,327950E-1
740,199747	80,000000	80,000000	1,327950E-1
740,199747	80,000000	80,000000	1,327950E-1
740,199747	80,000000	80,000000	1,327950E-1
740,199747	80,000000	80,000000	1,327950E-1
740,199747	80,000000	80,000000	1,327698E-1
740,199747	80,000000	80,000000	1,327698E-1
740,199747	80,000000	80,000000	1,327698E-1
740,199747	80,000000	80,000000	1,327698E-1
740,199747	80,000000	80,000000	1,327698E-1
740,199747	80,000000	80,000000	1,327698E-1
741,200189	80,000000	80,000000	1,327698E-1
741,200189	80,000000	80,000000	1,327698E-1
741,200189	80,000000	80,000000	1,327698E-1
741,200189	80,000000	80,000000	1,327698E-1
741,200189	80,000000	80,000000	1,327698E-1
741,200189	80,000000	80,000000	1,327698E-1
741,200189	80,000000	80,000000	1,327698E-1
741,200189	80,000000	80,000000	1,327698E-1
741,200189	80,000000	80,000000	1,327698E-1
741,200189	80,000000	80,000000	1,327698E-1
742,199508	80,000000	80,000000	1,327698E-1
742,199508	80,000000	80,000000	1,327698E-1
742,199508	80,000000	80,000000	1,327698E-1
742,199508	80,099998	80,000000	1,327698E-1
742,199508	80,099998	80,000000	1,327698E-1
742,199508	80,099998	80,000000	1,327698E-1
742,199508	80,099998	80,000000	1,327698E-1
742,199508	80,099998	80,000000	1,327698E-1
742,199508	80,099998	80,000000	1,327698E-1
742,199508	80,099998	80,000000	1,327698E-1
743,199817	80,099998	80,000000	1,327698E-1
743,199817	80,099998	80,000000	1,327698E-1
743,199817	80,099998	80,000000	1,327698E-1
743,199817	80,099998	80,000000	1,327698E-1
743,199817	80,099998	80,000000	1,327698E-1
743,199817	80,099998	80,000000	1,327698E-1
743,199817	80,099998	80,000000	1,327698E-1
743,199817	80,099998	80,000000	1,327698E-1
743,199817	80,099998	80,000000	1,327698E-1
743,199817	80,099998	80,000000	1,327430E-1
744,200288	79,900002	80,000000	1,327430E-1
744,200288	79,900002	80,000000	1,327430E-1
744,200288	80,300003	80,000000	1,327950E-1
744,200288	80,300003	80,000000	1,327950E-1
744,200288	80,300003	80,000000	1,327950E-1
744,200288	80,300003	80,000000	1,327950E-1
744,200288	80,300003	80,000000	1,326894E-1
744,200288	80,599998	80,000000	1,326846E-1
744,200288	80,599998	80,000000	1,325994E-1
744,200288	80,599998	80,000000	1,325994E-1
745,200692	80,599998	80,000000	1,325897E-1
745,200692	80,599998	80,000000	1,325801E-1
745,200692	80,599998	80,000000	1,325801E-1
745,200692	80,599998	80,000000	1,325705E-1
745,200692	80,599998	80,000000	1,325608E-1
745,200692	80,599998	80,000000	1,325512E-1
745,200692	80,599998	80,000000	1,325512E-1
745,200692	80,599998	80,000000	1,325416E-1
745,200692	80,599998	80,000000	1,325416E-1
745,200692	80,599998	80,000000	1,325416E-1
746,201602	80,599998	80,000000	1,325319E-1
746,201602	80,599998	80,000000	1,325319E-1
746,201602	80,199997	80,000000	1,325223E-1
746,201602	80,199997	80,000000	1,326199E-1
746,201602	80,199997	80,000000	1,326199E-1
746,201602	80,199997	80,000000	1,326167E-1
746,201602	80,199997	80,000000	1,326135E-1
746,201602	80,199997	80,000000	1,326135E-1
746,201602	80,199997	80,000000	1,326103E-1
746,201602	80,199997	80,000000	1,326071E-1
747,202106	80,199997	80,000000	1,326071E-1
747,202106	80,199997	80,000000	1,326038E-1
747,202106	80,199997	80,000000	1,326006E-1
747,202106	80,199997	80,000000	1,326006E-1
747,202106	80,199997	80,000000	1,325974E-1
747,202106	80,199997	80,000000	1,325974E-1
747,202106	80,199997	80,000000	1,325942E-1
747,202106	79,800003	80,000000	1,325942E-1
747,202106	79,800003	80,000000	1,326982E-1
747,202106	79,800003	80,000000	1,327014E-1
748,201511	79,800003	80,000000	1,327046E-1
748,201511	79,800003	80,000000	1,327046E-1
748,201511	79,800003	80,000000	1,327078E-1
748,201511	79,800003	80,000000	1,327111E-1
748,201511	79,800003	80,000000	1,327143E-1
748,201511	79,800003	80,000000	1,327143E-1
748,201511	79,800003	80,000000	1,327175E-1
748,201511	79,800003	80,000000	1,327207E-1
748,201511	79,899994	80,000000	1,327207E-1
748,201511	79,899994	80,000000	1,327207E-1
749,202891	79,899994	80,000000	1,327207E-1
749,202891	79,899994	80,000000	1,326971E-1
749,202891	79,899994	80,000000	1,326987E-1
749,202891	79,899994	80,000000	1,327003E-1
749,202891	79,899994	80,000000	1,327003E-1
749,202891	79,899994	80,000000	1,327019E-1
749,202891	79,899994	80,000000	1,327035E-1
749,202891	79,899994	80,000000	1,327051E-1
749,202891	80,099998	80,000000	1,326531E-1
749,202891	80,099998	80,000000	1,326515E-1
750,203328	80,099998	80,000000	1,326499E-1
750,203328	80,099998	80,000000	1,326499E-1
750,203328	80,099998	80,000000	1,326483E-1
750,203328	80,099998	80,000000	1,326483E-1
750,203328	80,099998	80,000000	1,326467E-1
750,203328	80,099998	80,000000	1,326467E-1
750,203328	80,099998	80,000000	1,326451E-1
750,203328	79,800003	80,000000	1,326435E-1
750,203328	79,800003	80,000000	1,326435E-1
750,203328	79,800003	80,000000	1,327223E-1
751,202784	79,800003	80,000000	1,327255E-1
751,202784	79,800003	80,000000	1,327255E-1
751,202784	79,800003	80,000000	1,327287E-1
751,202784	79,800003	80,000000	1,327319E-1
751,202784	79,800003	80,000000	1,327351E-1
751,202784	79,800003	80,000000	1,327351E-1
751,202784	79,800003	80,000000	1,327383E-1
751,202784	79,800003	80,000000	1,327416E-1
751,202784	79,800003	80,000000	1,327416E-1
751,202784	79,800003	80,000000	1,327448E-1
752,203151	79,800003	80,000000	1,327448E-1
752,203151	79,800003	80,000000	1,327448E-1
752,203151	79,800003	80,000000	1,327480E-1
752,203151	79,800003	80,000000	1,327480E-1
752,203151	79,800003	80,000000	1,327480E-1
752,203151	79,800003	80,000000	1,327480E-1
752,203151	79,800003	80,000000	1,327480E-1
752,203151	79,800003	80,000000	1,327480E-1
752,203151	79,800003	80,000000	1,327480E-1
752,203151	79,800003	80,000000	1,327480E-1
753,202607	79,800003	80,000000	1,327480E-1
753,202607	79,800003	80,000000	1,327480E-1
753,202607	79,800003	80,000000	1,327480E-1
753,202607	79,800003	80,000000	1,327480E-1
753,202607	79,800003	80,000000	1,327480E-1
753,202607	79,800003	80,000000	1,327480E-1
753,202607	79,800003	80,000000	1,327480E-1
753,202607	79,800003	80,000000	1,327480E-1
753,202607	79,800003	80,000000	1,327480E-1
753,202607	79,800003	80,000000	1,327480E-1
754,203037	79,800003	80,000000	1,327480E-1
754,203037	79,800003	80,000000	1,327480E-1
754,203037	79,800003	80,000000	1,327480E-1
754,203037	79,800003	80,000000	1,327480E-1
754,203037	79,800003	80,000000	1,327480E-1
754,203037	79,800003	80,000000	1,327480E-1
754,203037	79,800003	80,000000	1,327480E-1
754,203037	79,800003	80,000000	1,327512E-1
754,203037	80,100006	80,000000	1,327512E-1
754,203037	80,100006	80,000000	1,327512E-1
755,202462	80,100006	80,000000	1,327512E-1
755,202462	80,100006	80,000000	1,327512E-1
755,202462	80,100006	80,000000	1,327512E-1
755,202462	80,100006	80,000000	1,327512E-1
755,202462	80,100006	80,000000	1,327512E-1
755,202462	80,100006	80,000000	1,327512E-1
755,202462	80,100006	80,000000	1,327512E-1
755,202462	80,100006	80,000000	1,327512E-1
755,202462	80,100006	80,000000	1,327512E-1
755,202462	80,100006	80,000000	1,327512E-1
756,202434	80,100006	80,000000	1,327512E-1
756,202434	80,100006	80,000000	1,327512E-1
756,202434	80,100006	80,000000	1,327512E-1
756,202434	80,100006	80,000000	1,327512E-1
756,202434	80,100006	80,000000	1,326740E-1
756,202434	80,000000	80,000000	1,326740E-1
756,202434	80,000000	80,000000	1,326740E-1
756,202434	80,000000	80,000000	1,326740E-1
756,202434	80,000000	80,000000	1,326740E-1
756,202434	80,000000	80,000000	1,326740E-1
757,203913	80,000000	80,000000	1,326740E-1
757,203913	80,000000	80,000000	1,326740E-1
757,203913	80,000000	80,000000	1,326740E-1
757,203913	80,000000	80,000000	1,326740E-1
757,203913	80,000000	80,000000	1,326740E-1
757,203913	80,000000	80,000000	1,326740E-1
757,203913	80,000000	80,000000	1,326740E-1
757,203913	80,000000	80,000000	1,326740E-1
757,203913	80,000000	80,000000	1,326740E-1
757,203913	80,000000	80,000000	1,326740E-1
758,204318	80,000000	80,000000	1,326740E-1
758,204318	80,000000	80,000000	1,326740E-1
758,204318	80,000000	80,000000	1,326992E-1
758,204318	80,000000	80,000000	1,326992E-1
758,204318	80,000000	80,000000	1,326992E-1
758,204318	80,000000	80,000000	1,326992E-1
758,204318	80,000000	80,000000	1,326992E-1
758,204318	80,000000	80,000000	1,326992E-1
758,204318	80,000000	80,000000	1,326992E-1
758,204318	80,000000	80,000000	1,326992E-1
759,203762	80,000000	80,000000	1,326992E-1
759,203762	80,000000	80,000000	1,326992E-1
759,203762	80,000000	80,000000	1,326992E-1
759,203762	80,000000	80,000000	1,326992E-1
759,203762	80,000000	80,000000	1,326992E-1
759,203762	80,000000	80,000000	1,326992E-1
759,203762	80,000000	80,000000	1,326992E-1
759,203762	80,000000	80,000000	1,326992E-1
759,203762	80,000000	80,000000	1,326992E-1
759,203762	80,099998	80,000000	1,326724E-1
760,204209	80,099998	80,000000	1,326724E-1
760,204209	80,099998	80,000000	1,326724E-1
760,204209	80,099998	80,000000	1,326724E-1
760,204209	80,099998	80,000000	1,326724E-1
760,204209	80,099998	80,000000	1,326724E-1
760,204209	80,099998	80,000000	1,326724E-1
760,204209	80,099998	80,000000	1,326724E-1
760,204209	80,099998	80,000000	1,326724E-1
760,204209	80,099998	80,000000	1,326724E-1
760,204209	80,099998	80,000000	1,326724E-1
761,203614	80,099998	80,000000	1,326724E-1
761,203614	80,099998	80,000000	1,326724E-1
761,203614	80,099998	80,000000	1,326724E-1
761,203614	80,099998	80,000000	1,326724E-1
761,203614	80,099998	80,000000	1,326724E-1
761,203614	80,099998	80,000000	1,326724E-1
761,203614	80,099998	80,000000	1,326724E-1
761,203614	80,099998	80,000000	1,326708E-1
761,203614	80,099998	80,000000	1,326708E-1
761,203614	80,099998	80,000000	1,326708E-1
762,203347	80,099998	80,000000	1,326708E-1
762,203347	80,099998	80,000000	1,326708E-1
762,203347	80,099998	80,000000	1,326708E-1
762,203347	80,099998	80,000000	1,326708E-1
762,203347	80,099998	80,000000	1,326708E-1
762,203347	80,099998	80,000000	1,326708E-1
762,203347	80,099998	80,000000	1,326708E-1
762,203347	80,099998	80,000000	1,326708E-1
762,203347	80,099998	80,000000	1,326708E-1
762,203347	80,099998	80,000000	1,326708E-1
763,203828	80,099998	80,000000	1,326708E-1
763,203828	80,099998	80,000000	1,326708E-1
763,203828	80,099998	80,000000	1,326708E-1
763,203828	80,099998	80,000000	1,326708E-1
763,203828	79,699997	80,000000	1,326692E-1
763,203828	79,699997	80,000000	1,326692E-1
763,203828	79,699997	80,000000	1,326692E-1
763,203828	80,300003	80,000000	1,327748E-1
763,203828	80,300003	80,000000	1,327748E-1
763,203828	80,300003	80,000000	1,327748E-1
764,204218	80,199997	80,000000	1,326456E-1
764,204218	80,199997	80,000000	1,326424E-1
764,204218	80,199997	80,000000	1,326424E-1
764,204218	80,199997	80,000000	1,326392E-1
764,204218	80,199997	80,000000	1,326359E-1
764,204218	80,199997	80,000000	1,326359E-1
764,204218	80,199997	80,000000	1,326327E-1
764,204218	80,199997	80,000000	1,326295E-1
764,204218	80,099998	80,000000	1,326263E-1
764,204218	80,099998	80,000000	1,326263E-1
765,203708	80,099998	80,000000	1,326499E-1
765,203708	80,099998	80,000000	1,326483E-1
765,203708	80,099998	80,000000	1,326483E-1
765,203708	80,099998	80,000000	1,326483E-1
765,203708	80,099998	80,000000	1,326467E-1
765,203708	80,099998	80,000000	1,326467E-1
765,203708	80,099998	80,000000	1,326451E-1
765,203708	80,099998	80,000000	1,326435E-1
765,203708	80,099998	80,000000	1,326419E-1
765,203708	80,099998	80,000000	1,326403E-1
766,205120	79,800003	80,000000	1,326403E-1
766,205120	79,800003	80,000000	1,327191E-1
766,205120	79,800003	80,000000	1,327223E-1
766,205120	79,800003	80,000000	1,327255E-1
766,205120	79,800003	80,000000	1,327287E-1
766,205120	79,800003	80,000000	1,327319E-1
766,205120	79,800003	80,000000	1,327319E-1
766,205120	79,800003	80,000000	1,327351E-1
766,205120	79,800003	80,000000	1,327351E-1
766,205120	79,800003	80,000000	1,327383E-1
767,204498	79,800003	80,000000	1,327383E-1
767,204498	79,800003	80,000000	1,327416E-1
767,204498	79,800003	80,000000	1,327416E-1
767,204498	79,900002	80,000000	1,327448E-1
767,204498	79,900002	80,000000	1,327212E-1
767,204498	79,900002	80,000000	1,327228E-1
767,204498	79,900002	80,000000	1,327228E-1
767,204498	79,900002	80,000000	1,327244E-1
767,204498	79,900002	80,000000	1,327260E-1
767,204498	79,900002	80,000000	1,327276E-1
768,204986	79,900002	80,000000	1,327292E-1
768,204986	79,900002	80,000000	1,327292E-1
768,204986	79,900002	80,000000	1,327308E-1
768,204986	79,900002	80,000000	1,327308E-1
768,204986	79,900002	80,000000	1,327324E-1
768,204986	80,199997	80,000000	1,327324E-1
768,204986	80,199997	80,000000	1,326536E-1
768,204986	80,199997	80,000000	1,326504E-1
768,204986	80,199997	80,000000	1,326472E-1
768,204986	80,199997	80,000000	1,326440E-1
769,204349	80,199997	80,000000	1,326440E-1
769,204349	80,199997	80,000000	1,326408E-1
769,204349	80,199997	80,000000	1,326376E-1
769,204349	80,199997	80,000000	1,326376E-1
769,204349	79,800003	80,000000	1,326343E-1
769,204349	79,800003	80,000000	1,327383E-1
769,204349	79,800003	80,000000	1,327383E-1
769,204349	79,800003	80,000000	1,327416E-1
769,204349	79,800003	80,000000	1,327416E-1
769,204349	79,800003	80,000000	1,327448E-1
770,204811	79,800003	80,000000	1,327448E-1
770,204811	79,800003	80,000000	1,327448E-1
770,204811	79,800003	80,000000	1,327448E-1
770,204811	79,800003	80,000000	1,327480E-1
770,204811	79,599998	80,000000	1,327480E-1
770,204811	79,599998	80,000000	1,327480E-1
770,204811	79,599998	80,000000	1,327480E-1
770,204811	79,599998	80,000000	1,327480E-1
770,204811	79,599998	80,000000	1,327480E-1
770,204811	79,599998	80,000000	1,327480E-1
771,205173	79,599998	80,000000	1,327480E-1
771,205173	79,599998	80,000000	1,327480E-1
771,205173	79,599998	80,000000	1,327480E-1
771,205173	79,599998	80,000000	1,327480E-1
771,205173	79,599998	80,000000	1,327480E-1
771,205173	79,599998	80,000000	1,327480E-1
771,205173	79,599998	80,000000	1,327480E-1
771,205173	79,599998	80,000000	1,327480E-1
771,205173	79,599998	80,000000	1,327480E-1
771,205173	79,599998	80,000000	1,327480E-1
772,204674	79,599998	80,000000	1,327480E-1
772,204674	79,599998	80,000000	1,327480E-1
772,204674	79,599998	80,000000	1,327480E-1
772,204674	79,599998	80,000000	1,327480E-1
772,204674	79,599998	80,000000	1,327480E-1
772,204674	79,599998	80,000000	1,327480E-1
772,204674	79,599998	80,000000	1,327480E-1
772,204674	79,599998	80,000000	1,327480E-1
772,204674	79,599998	80,000000	1,328048E-1
772,204674	79,599998	80,000000	1,328048E-1
773,204422	79,599998	80,000000	1,328048E-1
773,204422	79,599998	80,000000	1,328048E-1
773,204422	79,599998	80,000000	1,328048E-1
773,204422	79,599998	80,000000	1,328048E-1
773,204422	79,599998	80,000000	1,328048E-1
773,204422	79,599998	80,000000	1,328048E-1
773,204422	79,599998	80,000000	1,328048E-1
773,204422	79,599998	80,000000	1,328048E-1
773,204422	79,599998	80,000000	1,328048E-1
773,204422	79,599998	80,000000	1,328048E-1
774,204835	79,599998	80,000000	1,328048E-1
774,204835	79,599998	80,000000	1,328048E-1
774,204835	79,599998	80,000000	1,328048E-1
774,204835	79,599998	80,000000	1,328048E-1
774,204835	79,599998	80,000000	1,328048E-1
774,204835	79,599998	80,000000	1,328112E-1
774,204835	79,699997	80,000000	1,328112E-1
774,204835	79,699997	80,000000	1,328112E-1
774,204835	79,699997	80,000000	1,328112E-1
774,204835	79,699997	80,000000	1,328112E-1
775,205261	79,699997	80,000000	1,328112E-1
775,205261	79,699997	80,000000	1,328112E-1
775,205261	79,699997	80,000000	1,328112E-1
775,205261	79,699997	80,000000	1,328112E-1
775,205261	79,699997	80,000000	1,328112E-1
775,205261	79,699997	80,000000	1,328112E-1
775,205261	79,699997	80,000000	1,328112E-1
775,205261	79,699997	80,000000	1,328112E-1
775,205261	79,699997	80,000000	1,328112E-1
775,205261	79,699997	80,000000	1,328112E-1
776,204731	79,699997	80,000000	1,328112E-1
776,204731	79,699997	80,000000	1,328112E-1
776,204731	79,699997	80,000000	1,328112E-1
776,204731	79,699997	80,000000	1,327908E-1
776,204731	79,699997	80,000000	1,327908E-1
776,204731	79,699997	80,000000	1,327908E-1
776,204731	79,699997	80,000000	1,327908E-1
776,204731	79,699997	80,000000	1,327908E-1
776,204731	79,699997	80,000000	1,327908E-1
776,204731	79,699997	80,000000	1,327908E-1
777,204929	79,699997	80,000000	1,327908E-1
777,204929	79,699997	80,000000	1,327908E-1
777,204929	79,699997	80,000000	1,327908E-1
777,204929	79,699997	80,000000	1,327908E-1
777,204929	79,699997	80,000000	1,327908E-1
777,204929	79,699997	80,000000	1,327908E-1
777,204929	79,699997	80,000000	1,327908E-1
777,204929	79,699997	80,000000	1,327908E-1
777,204929	79,699997	80,000000	1,327908E-1
777,204929	79,699997	80,000000	1,327908E-1
778,204532	79,699997	80,000000	1,327956E-1
778,204532	79,800003	80,000000	1,327956E-1
778,204532	79,800003	80,000000	1,327956E-1
778,204532	79,800003	80,000000	1,327956E-1
778,204532	79,800003	80,000000	1,327956E-1
778,204532	79,800003	80,000000	1,327956E-1
778,204532	79,800003	80,000000	1,327956E-1
778,204532	79,800003	80,000000	1,327956E-1
778,204532	79,800003	80,000000	1,327956E-1
778,204532	79,800003	80,000000	1,327956E-1
779,205042	79,800003	80,000000	1,327956E-1
779,205042	79,800003	80,000000	1,327956E-1
779,205042	79,800003	80,000000	1,327956E-1
779,205042	79,800003	80,000000	1,327956E-1
779,205042	79,800003	80,000000	1,327956E-1
779,205042	79,800003	80,000000	1,327956E-1
779,205042	79,800003	80,000000	1,327956E-1
779,205042	79,800003	80,000000	1,327956E-1
779,205042	79,800003	80,000000	1,327736E-1
779,205042	80,099998	80,000000	1,327736E-1
780,204410	80,099998	80,000000	1,327736E-1
780,204410	80,099998	80,000000	1,327736E-1
780,204410	80,099998	80,000000	1,327736E-1
780,204410	80,099998	80,000000	1,327736E-1
780,204410	80,099998	80,000000	1,327736E-1
780,204410	80,099998	80,000000	1,327736E-1
780,204410	80,099998	80,000000	1,327736E-1
780,204410	80,099998	80,000000	1,327736E-1
780,204410	80,099998	80,000000	1,327736E-1
780,204410	80,099998	80,000000	1,327736E-1
781,204849	80,099998	80,000000	1,327736E-1
781,204849	80,099998	80,000000	1,327736E-1
781,204849	80,099998	80,000000	1,327736E-1
781,204849	80,099998	80,000000	1,327736E-1
781,204849	80,099998	80,000000	1,327736E-1
781,204849	80,099998	80,000000	1,326965E-1
781,204849	80,099998	80,000000	1,326965E-1
781,204849	80,099998	80,000000	1,326965E-1
781,204849	79,899994	80,000000	1,327485E-1
781,204849	79,899994	80,000000	1,327485E-1
782,205219	79,899994	80,000000	1,327485E-1
782,205219	79,899994	80,000000	1,327501E-1
782,205219	80,000000	80,000000	1,327249E-1
782,205219	80,000000	80,000000	1,327249E-1
782,205219	80,000000	80,000000	1,327249E-1
782,205219	80,000000	80,000000	1,327249E-1
782,205219	80,000000	80,000000	1,327249E-1
782,205219	80,000000	80,000000	1,327249E-1
782,205219	80,000000	80,000000	1,327249E-1
782,205219	80,000000	80,000000	1,327249E-1
783,204583	80,000000	80,000000	1,327249E-1
783,204583	80,000000	80,000000	1,327249E-1
783,204583	80,000000	80,000000	1,327249E-1
783,204583	80,300003	80,000000	1,327249E-1
783,204583	80,300003	80,000000	1,327249E-1
783,204583	80,300003	80,000000	1,326445E-1
783,204583	80,300003	80,000000	1,326445E-1
783,204583	80,300003	80,000000	1,326445E-1
783,204583	80,300003	80,000000	1,326396E-1
783,204583	80,300003	80,000000	1,326348E-1
784,205045	80,300003	80,000000	1,326300E-1
784,205045	80,300003	80,000000	1,326252E-1
784,205045	80,300003	80,000000	1,326252E-1
784,205045	80,300003	80,000000	1,326204E-1
784,205045	80,099998	80,000000	1,326156E-1
784,205045	80,099998	80,000000	1,326156E-1
784,205045	80,099998	80,000000	1,326644E-1
784,205045	80,099998	80,000000	1,326627E-1
784,205045	80,099998	80,000000	1,326627E-1
784,205045	80,099998	80,000000	1,326611E-1
785,204435	80,099998	80,000000	1,326611E-1
785,204435	80,099998	80,000000	1,326611E-1
785,204435	80,099998	80,000000	1,326595E-1
785,204435	80,099998	80,000000	1,326579E-1
785,204435	80,100006	80,000000	1,326563E-1
785,204435	80,100006	80,000000	1,326563E-1
785,204435	80,100006	80,000000	1,326547E-1
785,204435	80,100006	80,000000	1,326531E-1
785,204435	80,100006	80,000000	1,326515E-1
785,204435	80,100006	80,000000	1,326515E-1
786,205987	80,100006	80,000000	1,326499E-1
786,205987	80,100006	80,000000	1,326483E-1
786,205987	80,100006	80,000000	1,326483E-1
786,205987	80,000000	80,000000	1,326467E-1
786,205987	80,000000	80,000000	1,326467E-1
786,205987	80,000000	80,000000	1,326719E-1
786,205987	80,000000	80,000000	1,326719E-1
786,205987	80,000000	80,000000	1,326719E-1
786,205987	80,000000	80,000000	1,326719E-1
786,205987	80,000000	80,000000	1,326719E-1
787,205421	80,000000	80,000000	1,326719E-1
787,205421	80,000000	80,000000	1,326719E-1
787,205421	80,000000	80,000000	1,326719E-1
787,205421	80,000000	80,000000	1,326719E-1
787,205421	80,000000	80,000000	1,326719E-1
787,205421	80,000000	80,000000	1,326719E-1
787,205421	79,800003	80,000000	1,326719E-1
787,205421	79,800003	80,000000	1,326719E-1
787,205421	79,800003	80,000000	1,327255E-1
787,205421	79,800003	80,000000	1,327255E-1
788,205784	79,800003	80,000000	1,327287E-1
788,205784	79,800003	80,000000	1,327287E-1
788,205784	79,800003	80,000000	1,327319E-1
788,205784	79,800003	80,000000	1,327351E-1
788,205784	79,800003	80,000000	1,327383E-1
788,205784	79,800003	80,000000	1,327415E-1
788,205784	79,800003	80,000000	1,327415E-1
788,205784	80,000000	80,000000	1,327448E-1
788,205784	80,000000	80,000000	1,326944E-1
788,205784	80,000000	80,000000	1,326944E-1
789,206213	80,000000	80,000000	1,326944E-1
789,206213	80,000000	80,000000	1,326944E-1
789,206213	80,000000	80,000000	1,326944E-1
789,206213	80,000000	80,000000	1,326944E-1
789,206213	80,000000	80,000000	1,326944E-1
789,206213	80,000000	80,000000	1,326944E-1
789,206213	80,000000	80,000000	1,326944E-1
789,206213	80,000000	80,000000	1,326944E-1
789,206213	79,599998	80,000000	1,326944E-1
789,206213	79,599998	80,000000	1,326944E-1
790,205623	79,599998	80,000000	1,328016E-1
790,205623	79,599998	80,000000	1,328080E-1
790,205623	79,599998	80,000000	1,328144E-1
790,205623	79,599998	80,000000	1,328144E-1
790,205623	79,599998	80,000000	1,328208E-1
790,205623	79,599998	80,000000	1,328273E-1
790,205623	79,599998	80,000000	1,328273E-1
790,205623	80,000000	80,000000	1,328337E-1
790,205623	80,000000	80,000000	1,328337E-1
790,205623	80,000000	80,000000	1,327329E-1
791,205872	80,000000	80,000000	1,327329E-1
791,205872	80,000000	80,000000	1,327329E-1
791,205872	80,000000	80,000000	1,327329E-1
791,205872	80,000000	80,000000	1,327329E-1
791,205872	80,000000	80,000000	1,327329E-1
791,205872	80,000000	80,000000	1,327329E-1
791,205872	80,000000	80,000000	1,327329E-1
791,205872	80,000000	80,000000	1,327329E-1
791,205872	80,000000	80,000000	1,327329E-1
791,205872	80,000000	80,000000	1,327329E-1
792,207325	80,000000	80,000000	1,327329E-1
792,207325	80,000000	80,000000	1,327329E-1
792,207325	80,000000	80,000000	1,327329E-1
792,207325	80,000000	80,000000	1,327329E-1
792,207325	80,000000	80,000000	1,327329E-1
792,207325	80,000000	80,000000	1,327329E-1
792,207325	80,000000	80,000000	1,327329E-1
792,207325	80,000000	80,000000	1,327329E-1
792,207325	80,000000	80,000000	1,327329E-1
792,207325	80,000000	80,000000	1,327329E-1
793,206725	80,000000	80,000000	1,327329E-1
793,206725	80,000000	80,000000	1,327329E-1
793,206725	80,000000	80,000000	1,327329E-1
793,206725	80,000000	80,000000	1,327329E-1
793,206725	80,000000	80,000000	1,327329E-1
793,206725	80,000000	80,000000	1,327329E-1
793,206725	80,000000	80,000000	1,327329E-1
793,206725	80,000000	80,000000	1,327329E-1
793,206725	80,000000	80,000000	1,327329E-1
793,206725	80,000000	80,000000	1,327329E-1
794,207115	80,000000	80,000000	1,327329E-1
794,207115	80,000000	80,000000	1,327329E-1
794,207115	80,000000	80,000000	1,327329E-1
794,207115	80,000000	80,000000	1,327329E-1
794,207115	80,000000	80,000000	1,327329E-1
794,207115	80,000000	80,000000	1,327329E-1
794,207115	80,000000	80,000000	1,327329E-1
794,207115	80,000000	80,000000	1,327329E-1
794,207115	80,000000	80,000000	1,327329E-1
794,207115	80,000000	80,000000	1,327329E-1
795,206531	80,000000	80,000000	1,327329E-1
795,206531	80,000000	80,000000	1,327329E-1
795,206531	80,000000	80,000000	1,327329E-1
795,206531	80,000000	80,000000	1,327329E-1
795,206531	80,000000	80,000000	1,327329E-1
795,206531	80,000000	80,000000	1,327329E-1
795,206531	80,000000	80,000000	1,327329E-1
795,206531	79,800003	80,000000	1,327329E-1
795,206531	79,800003	80,000000	1,327329E-1
795,206531	79,800003	80,000000	1,327329E-1
796,207020	79,800003	80,000000	1,327329E-1
796,207020	79,800003	80,000000	1,327329E-1
796,207020	79,800003	80,000000	1,327329E-1
796,207020	79,800003	80,000000	1,327329E-1
796,207020	79,800003	80,000000	1,327329E-1
796,207020	79,800003	80,000000	1,327329E-1
796,207020	79,800003	80,000000	1,327329E-1
796,207020	79,800003	80,000000	1,327329E-1
796,207020	79,800003	80,000000	1,327329E-1
796,207020	79,800003	80,000000	1,327329E-1
797,206398	79,800003	80,000000	1,327329E-1
797,206398	79,800003	80,000000	1,327329E-1
797,206398	79,800003	80,000000	1,327329E-1
797,206398	79,800003	80,000000	1,327865E-1
797,206398	79,800003	80,000000	1,327865E-1
797,206398	79,800003	80,000000	1,327865E-1
797,206398	79,800003	80,000000	1,327865E-1
797,206398	79,800003	80,000000	1,327865E-1
797,206398	79,800003	80,000000	1,327865E-1
797,206398	79,800003	80,000000	1,327865E-1
798,206844	79,800003	80,000000	1,327865E-1
798,206844	79,800003	80,000000	1,327865E-1
798,206844	79,800003	80,000000	1,327865E-1
798,206844	79,800003	80,000000	1,327865E-1
798,206844	79,800003	80,000000	1,327865E-1
798,206844	79,800003	80,000000	1,327865E-1
798,206844	79,800003	80,000000	1,327865E-1
798,206844	79,800003	80,000000	1,327865E-1
798,206844	79,800003	80,000000	1,327865E-1
798,206844	79,800003	80,000000	1,327865E-1
799,207638	79,800003	80,000000	1,327865E-1
799,207638	79,800003	80,000000	1,327897E-1
799,207638	79,600006	80,000000	1,327897E-1
799,207638	79,600006	80,000000	1,327897E-1
799,207638	79,600006	80,000000	1,327897E-1
799,207638	79,600006	80,000000	1,327897E-1
799,207638	79,600006	80,000000	1,327897E-1
799,207638	79,600006	80,000000	1,327897E-1
799,207638	79,600006	80,000000	1,327897E-1
799,207638	79,600006	80,000000	1,327897E-1
800,208142	79,600006	80,000000	1,327897E-1
800,208142	79,600006	80,000000	1,327897E-1
800,208142	79,600006	80,000000	1,327897E-1
800,208142	79,600006	80,000000	1,327897E-1
800,208142	79,600006	80,000000	1,327897E-1
800,208142	79,600006	80,000000	1,327897E-1
800,208142	79,600006	80,000000	1,327897E-1
800,208142	79,600006	80,000000	1,327897E-1
800,208142	79,600006	80,000000	1,328465E-1
800,208142	79,699997	80,000000	1,328465E-1
801,207551	79,699997	80,000000	1,328465E-1
801,207551	79,699997	80,000000	1,328465E-1
801,207551	79,699997	80,000000	1,328465E-1
801,207551	79,699997	80,000000	1,328465E-1
801,207551	79,699997	80,000000	1,328465E-1
801,207551	79,699997	80,000000	1,328465E-1
801,207551	79,699997	80,000000	1,328465E-1
801,207551	79,699997	80,000000	1,328465E-1
801,207551	79,699997	80,000000	1,328465E-1
801,207551	79,699997	80,000000	1,328465E-1
802,207997	79,699997	80,000000	1,328465E-1
802,207997	79,699997	80,000000	1,328465E-1
802,207997	79,699997	80,000000	1,328465E-1
802,207997	79,699997	80,000000	1,328465E-1
802,207997	79,699997	80,000000	1,328465E-1
802,207997	79,699997	80,000000	1,328465E-1
802,207997	79,699997	80,000000	1,328261E-1
802,207997	79,699997	80,000000	1,328261E-1
802,207997	79,699997	80,000000	1,328261E-1
802,207997	80,000000	80,000000	1,327505E-1
803,207376	80,000000	80,000000	1,327505E-1
803,207376	80,000000	80,000000	1,327505E-1
803,207376	80,000000	80,000000	1,327505E-1
803,207376	80,300003	80,000000	1,326701E-1
803,207376	80,300003	80,000000	1,326701E-1
803,207376	80,300003	80,000000	1,326653E-1
803,207376	80,300003	80,000000	1,326605E-1
803,207376	80,300003	80,000000	1,326557E-1
803,207376	80,300003	80,000000	1,326509E-1
803,207376	80,300003	80,000000	1,326509E-1
804,207832	80,300003	80,000000	1,326461E-1
804,207832	80,300003	80,000000	1,326412E-1
804,207832	80,300003	80,000000	1,326364E-1
804,207832	80,300003	80,000000	1,326364E-1
804,207832	80,300003	80,000000	1,326316E-1
804,207832	80,199997	80,000000	1,326316E-1
804,207832	80,199997	80,000000	1,326316E-1
804,207832	80,199997	80,000000	1,326536E-1
804,207832	80,199997	80,000000	1,326536E-1
804,207832	80,199997	80,000000	1,326504E-1
805,208267	80,199997	80,000000	1,326472E-1
805,208267	80,199997	80,000000	1,326440E-1
805,208267	80,199997	80,000000	1,326408E-1
805,208267	80,199997	80,000000	1,326408E-1
805,208267	79,699997	80,000000	1,326376E-1
805,208267	79,699997	80,000000	1,327684E-1
805,208267	79,699997	80,000000	1,327732E-1
805,208267	79,699997	80,000000	1,327780E-1
805,208267	79,699997	80,000000	1,327780E-1
805,208267	79,699997	80,000000	1,327828E-1
806,207670	79,699997	80,000000	1,327828E-1
806,207670	79,699997	80,000000	1,327876E-1
806,207670	79,699997	80,000000	1,327876E-1
806,207670	79,699997	80,000000	1,327924E-1
806,207670	80,000000	80,000000	1,327972E-1
806,207670	80,000000	80,000000	1,327216E-1
806,207670	80,000000	80,000000	1,327216E-1
806,207670	80,000000	80,000000	1,327216E-1
806,207670	80,000000	80,000000	1,327216E-1
806,207670	80,000000	80,000000	1,327216E-1
807,208059	80,000000	80,000000	1,327216E-1
807,208059	80,000000	80,000000	1,327216E-1
807,208059	80,000000	80,000000	1,327216E-1
807,208059	80,000000	80,000000	1,327216E-1
807,208059	80,000000	80,000000	1,327216E-1
807,208059	79,500000	80,000000	1,328557E-1
807,208059	79,500000	80,000000	1,328557E-1
807,208059	79,500000	80,000000	1,328557E-1
807,208059	79,500000	80,000000	1,328637E-1
807,208059	79,500000	80,000000	1,328717E-1
808,207540	79,500000	80,000000	1,328797E-1
808,207540	79,500000	80,000000	1,328878E-1
808,207540	79,500000	80,000000	1,328958E-1
808,207540	79,500000	80,000000	1,328958E-1
808,207540	79,500000	80,000000	1,329038E-1
808,207540	79,500000	80,000000	1,329038E-1
808,207540	79,500000	80,000000	1,329118E-1
808,207540	79,500000	80,000000	1,329199E-1
808,207540	80,099998	80,000000	1,329199E-1
808,207540	80,099998	80,000000	1,327671E-1
809,208942	80,099998	80,000000	1,327671E-1
809,208942	80,099998	80,000000	1,327655E-1
809,208942	80,099998	80,000000	1,327655E-1
809,208942	80,099998	80,000000	1,327639E-1
809,208942	80,099998	80,000000	1,327639E-1
809,208942	80,099998	80,000000	1,327623E-1
809,208942	80,099998	80,000000	1,327606E-1
809,208942	80,099998	80,000000	1,327590E-1
809,208942	79,800003	80,000000	1,327574E-1
809,208942	79,800003	80,000000	1,328362E-1
810,208408	79,800003	80,000000	1,328395E-1
810,208408	79,800003	80,000000	1,328395E-1
810,208408	79,800003	80,000000	1,328427E-1
810,208408	79,800003	80,000000	1,328459E-1
810,208408	79,800003	80,000000	1,328491E-1
810,208408	79,800003	80,000000	1,328491E-1
810,208408	79,800003	80,000000	1,328491E-1
810,208408	79,800003	80,000000	1,328523E-1
810,208408	79,900002	80,000000	1,328555E-1
810,208408	79,900002	80,000000	1,328555E-1
811,208762	79,900002	80,000000	1,328319E-1
811,208762	79,900002	80,000000	1,328335E-1
811,208762	79,900002	80,000000	1,328335E-1
811,208762	79,900002	80,000000	1,328351E-1
811,208762	79,900002	80,000000	1,328367E-1
811,208762	79,900002	80,000000	1,328383E-1
811,208762	79,900002	80,000000	1,328383E-1
811,208762	79,900002	80,000000	1,328399E-1
811,208762	79,699997	80,000000	1,328415E-1
811,208762	79,699997	80,000000	1,328415E-1
812,209193	79,699997	80,000000	1,328415E-1
812,209193	79,699997	80,000000	1,328967E-1
812,209193	79,699997	80,000000	1,328967E-1
812,209193	79,699997	80,000000	1,329016E-1
812,209193	79,699997	80,000000	1,329064E-1
812,209193	79,699997	80,000000	1,329112E-1
812,209193	79,699997	80,000000	1,329160E-1
812,209193	79,699997	80,000000	1,329208E-1
812,209193	79,699997	80,000000	1,329208E-1
812,209193	79,699997	80,000000	1,329256E-1
813,208625	80,100006	80,000000	1,329256E-1
813,208625	80,100006	80,000000	1,328232E-1
813,208625	80,100006	80,000000	1,328232E-1
813,208625	80,100006	80,000000	1,328216E-1
813,208625	80,100006	80,000000	1,328200E-1
813,208625	80,100006	80,000000	1,328200E-1
813,208625	80,100006	80,000000	1,328200E-1
813,208625	80,100006	80,000000	1,328184E-1
813,208625	80,100006	80,000000	1,328184E-1
813,208625	80,000000	80,000000	1,328168E-1
814,209052	80,000000	80,000000	1,328420E-1
814,209052	80,000000	80,000000	1,328420E-1
814,209052	80,000000	80,000000	1,328420E-1
814,209052	80,000000	80,000000	1,328420E-1
814,209052	80,000000	80,000000	1,328420E-1
814,209052	80,000000	80,000000	1,328420E-1
814,209052	80,000000	80,000000	1,328420E-1
814,209052	80,000000	80,000000	1,328420E-1
814,209052	80,000000	80,000000	1,328420E-1
814,209052	80,000000	80,000000	1,328420E-1
815,208458	80,000000	80,000000	1,328420E-1
815,208458	80,000000	80,000000	1,328420E-1
815,208458	80,000000	80,000000	1,328420E-1
815,208458	80,000000	80,000000	1,328420E-1
815,208458	80,000000	80,000000	1,328420E-1
815,208458	80,000000	80,000000	1,328420E-1
815,208458	80,000000	80,000000	1,328420E-1
815,208458	80,000000	80,000000	1,328420E-1
815,208458	80,000000	80,000000	1,328420E-1
815,208458	80,000000	80,000000	1,328420E-1
816,209493	80,000000	80,000000	1,328420E-1
816,209493	80,000000	80,000000	1,328420E-1
816,209493	80,000000	80,000000	1,328420E-1
816,209493	80,000000	80,000000	1,328420E-1
816,209493	80,000000	80,000000	1,328420E-1
816,209493	80,000000	80,000000	1,328420E-1
816,209493	80,000000	80,000000	1,328420E-1
816,209493	80,000000	80,000000	1,328420E-1
816,209493	80,000000	80,000000	1,328420E-1
816,209493	79,800003	80,000000	1,328420E-1
817,209914	79,800003	80,000000	1,328420E-1
817,209914	79,800003	80,000000	1,328420E-1
817,209914	79,800003	80,000000	1,328420E-1
817,209914	79,800003	80,000000	1,328420E-1
817,209914	79,800003	80,000000	1,328420E-1
817,209914	79,800003	80,000000	1,328420E-1
817,209914	79,800003	80,000000	1,328420E-1
817,209914	79,800003	80,000000	1,328420E-1
817,209914	79,800003	80,000000	1,328420E-1
817,209914	79,800003	80,000000	1,328420E-1
818,209347	79,800003	80,000000	1,328420E-1
818,209347	79,800003	80,000000	1,328420E-1
818,209347	79,800003	80,000000	1,328420E-1
818,209347	79,800003	80,000000	1,328420E-1
818,209347	79,800003	80,000000	1,328420E-1
818,209347	79,800003	80,000000	1,328420E-1
818,209347	79,800003	80,000000	1,328420E-1
818,209347	79,800003	80,000000	1,328420E-1
818,209347	79,800003	80,000000	1,328420E-1
818,209347	79,800003	80,000000	1,328420E-1
819,209759	79,800003	80,000000	1,328420E-1
819,209759	79,800003	80,000000	1,328420E-1
819,209759	79,800003	80,000000	1,328956E-1
819,209759	79,800003	80,000000	1,328956E-1
819,209759	79,899994	80,000000	1,328956E-1
819,209759	79,899994	80,000000	1,328956E-1
819,209759	79,899994	80,000000	1,328956E-1
819,209759	79,899994	80,000000	1,328956E-1
819,209759	79,899994	80,000000	1,328956E-1
819,209759	79,899994	80,000000	1,328956E-1
820,210194	79,899994	80,000000	1,328956E-1
820,210194	79,899994	80,000000	1,328956E-1
820,210194	79,899994	80,000000	1,328956E-1
820,210194	79,899994	80,000000	1,328956E-1
820,210194	79,899994	80,000000	1,328956E-1
820,210194	79,899994	80,000000	1,328956E-1
820,210194	79,899994	80,000000	1,328956E-1
820,210194	79,899994	80,000000	1,328956E-1
820,210194	79,899994	80,000000	1,328956E-1
820,210194	79,899994	80,000000	1,328956E-1
821,209453	79,899994	80,000000	1,328720E-1
821,209453	79,899994	80,000000	1,328720E-1
821,209453	79,899994	80,000000	1,328720E-1
821,209453	79,899994	80,000000	1,328720E-1
821,209453	79,899994	80,000000	1,328720E-1
821,209453	79,899994	80,000000	1,328720E-1
821,209453	79,899994	80,000000	1,328720E-1
821,209453	79,899994	80,000000	1,328720E-1
821,209453	79,899994	80,000000	1,328720E-1
821,209453	79,899994	80,000000	1,328720E-1
822,209870	79,899994	80,000000	1,328720E-1
822,209870	79,899994	80,000000	1,328720E-1
822,209870	79,899994	80,000000	1,328720E-1
822,209870	79,899994	80,000000	1,328720E-1
822,209870	79,899994	80,000000	1,328720E-1
822,209870	79,899994	80,000000	1,328720E-1
822,209870	79,899994	80,000000	1,328720E-1
822,209870	79,600006	80,000000	1,328736E-1
822,209870	79,600006	80,000000	1,328736E-1
822,209870	79,600006	80,000000	1,328736E-1
823,211278	79,600006	80,000000	1,328736E-1
823,211278	79,600006	80,000000	1,328736E-1
823,211278	79,600006	80,000000	1,328736E-1
823,211278	79,600006	80,000000	1,328736E-1
823,211278	79,600006	80,000000	1,328736E-1
823,211278	79,600006	80,000000	1,328736E-1
823,211278	79,600006	80,000000	1,328736E-1
823,211278	79,600006	80,000000	1,328736E-1
823,211278	79,600006	80,000000	1,328736E-1
823,211278	79,600006	80,000000	1,328736E-1
824,210752	79,600006	80,000000	1,328736E-1
824,210752	79,600006	80,000000	1,328736E-1
824,210752	79,600006	80,000000	1,328736E-1
824,210752	79,600006	80,000000	1,328736E-1
824,210752	79,600006	80,000000	1,329556E-1
824,210752	79,600006	80,000000	1,329556E-1
824,210752	79,600006	80,000000	1,329556E-1
824,210752	79,600006	80,000000	1,329556E-1
824,210752	79,600006	80,000000	1,329556E-1
824,210752	79,600006	80,000000	1,329556E-1
825,211164	79,600006	80,000000	1,329556E-1
825,211164	79,600006	80,000000	1,329556E-1
825,211164	79,600006	80,000000	1,329556E-1
825,211164	79,600006	80,000000	1,329556E-1
825,211164	79,600006	80,000000	1,329556E-1
825,211164	79,600006	80,000000	1,329556E-1
825,211164	79,600006	80,000000	1,329556E-1
825,211164	79,600006	80,000000	1,329556E-1
825,211164	79,600006	80,000000	1,329556E-1
825,211164	79,600006	80,000000	1,329556E-1
826,210567	79,600006	80,000000	1,329556E-1
826,210567	79,600006	80,000000	1,329556E-1
826,210567	79,600006	80,000000	1,329621E-1
826,210567	79,900002	80,000000	1,329621E-1
826,210567	79,900002	80,000000	1,329621E-1
826,210567	79,900002	80,000000	1,329621E-1
826,210567	79,900002	80,000000	1,329621E-1
826,210567	79,900002	80,000000	1,329621E-1
826,210567	79,900002	80,000000	1,329621E-1
826,210567	79,900002	80,000000	1,329621E-1
827,210990	79,900002	80,000000	1,329621E-1
827,210990	79,900002	80,000000	1,329621E-1
827,210990	79,900002	80,000000	1,329621E-1
827,210990	79,900002	80,000000	1,329621E-1
827,210990	79,900002	80,000000	1,329621E-1
827,210990	79,900002	80,000000	1,329621E-1
827,210990	79,900002	80,000000	1,329621E-1
827,210990	79,900002	80,000000	1,329621E-1
827,210990	79,900002	80,000000	1,329621E-1
827,210990	79,900002	80,000000	1,328881E-1
828,210392	80,000000	80,000000	1,328881E-1
828,210392	80,000000	80,000000	1,328881E-1
828,210392	80,000000	80,000000	1,328629E-1
828,210392	80,000000	80,000000	1,328629E-1
828,210392	80,000000	80,000000	1,328629E-1
828,210392	80,000000	80,000000	1,328629E-1
828,210392	80,000000	80,000000	1,328629E-1
828,210392	80,099998	80,000000	1,328629E-1
828,210392	80,099998	80,000000	1,328629E-1
828,210392	80,099998	80,000000	1,328361E-1
829,210835	80,099998	80,000000	1,328345E-1
829,210835	80,099998	80,000000	1,328329E-1
829,210835	80,099998	80,000000	1,328329E-1
829,210835	80,099998	80,000000	1,328313E-1
829,210835	80,099998	80,000000	1,328297E-1
829,210835	80,099998	80,000000	1,328297E-1
829,210835	80,099998	80,000000	1,328281E-1
829,210835	80,099998	80,000000	1,328265E-1
829,210835	80,099998	80,000000	1,328265E-1
829,210835	80,099998	80,000000	1,328265E-1
830,212291	80,099998	80,000000	1,328248E-1
830,212291	80,099998	80,000000	1,328248E-1
830,212291	80,099998	80,000000	1,328232E-1
830,212291	79,899994	80,000000	1,328752E-1
830,212291	79,899994	80,000000	1,328768E-1
830,212291	79,899994	80,000000	1,328785E-1
830,212291	79,899994	80,000000	1,328785E-1
830,212291	79,899994	80,000000	1,328801E-1
830,212291	79,899994	80,000000	1,328817E-1
830,212291	79,899994	80,000000	1,328833E-1
831,211710	79,899994	80,000000	1,328849E-1
831,211710	79,899994	80,000000	1,328865E-1
831,211710	79,899994	80,000000	1,328881E-1
831,211710	79,899994	80,000000	1,328881E-1
831,211710	79,899994	80,000000	1,328881E-1
831,211710	79,899994	80,000000	1,328881E-1
831,211710	80,100006	80,000000	1,328897E-1
831,211710	80,100006	80,000000	1,328377E-1
831,211710	80,100006	80,000000	1,328361E-1
831,211710	80,100006	80,000000	1,328361E-1
832,212140	80,100006	80,000000	1,328345E-1
832,212140	80,100006	80,000000	1,328329E-1
832,212140	80,100006	80,000000	1,328329E-1
832,212140	80,100006	80,000000	1,328313E-1
832,212140	80,000000	80,000000	1,328297E-1
832,212140	80,000000	80,000000	1,328549E-1
832,212140	80,000000	80,000000	1,328549E-1
832,212140	80,000000	80,000000	1,328549E-1
832,212140	80,000000	80,000000	1,328549E-1
832,212140	80,000000	80,000000	1,328549E-1
833,211613	80,000000	80,000000	1,328549E-1
833,211613	80,000000	80,000000	1,328549E-1
833,211613	80,000000	80,000000	1,328549E-1
833,211613	80,000000	80,000000	1,328549E-1
833,211613	79,900002	80,000000	1,328549E-1
833,211613	79,900002	80,000000	1,328817E-1
833,211613	79,900002	80,000000	1,328817E-1
833,211613	79,900002	80,000000	1,328833E-1
833,211613	79,900002	80,000000	1,328849E-1
833,211613	79,900002	80,000000	1,328865E-1
834,211843	79,900002	80,000000	1,328881E-1
834,211843	79,900002	80,000000	1,328897E-1
834,211843	79,900002	80,000000	1,328897E-1
834,211843	79,900002	80,000000	1,328913E-1
834,211843	79,900002	80,000000	1,328913E-1
834,211843	79,800003	80,000000	1,328913E-1
834,211843	79,800003	80,000000	1,328913E-1
834,211843	79,800003	80,000000	1,328913E-1
834,211843	79,800003	80,000000	1,329197E-1
834,211843	79,800003	80,000000	1,329197E-1
835,213308	79,800003	80,000000	1,329197E-1
835,213308	79,800003	80,000000	1,329197E-1
835,213308	79,800003	80,000000	1,329197E-1
835,213308	79,800003	80,000000	1,329197E-1
835,213308	79,800003	80,000000	1,329197E-1
835,213308	79,800003	80,000000	1,329197E-1
835,213308	79,800003	80,000000	1,329197E-1
835,213308	79,800003	80,000000	1,329197E-1
835,213308	79,800003	80,000000	1,329197E-1
835,213308	79,800003	80,000000	1,329197E-1
836,213667	79,800003	80,000000	1,329197E-1
836,213667	79,800003	80,000000	1,329197E-1
836,213667	79,800003	80,000000	1,329197E-1
836,213667	79,800003	80,000000	1,329197E-1
836,213667	79,800003	80,000000	1,329197E-1
836,213667	79,800003	80,000000	1,329197E-1
836,213667	79,800003	80,000000	1,329197E-1
836,213667	79,800003	80,000000	1,329197E-1
836,213667	79,800003	80,000000	1,329197E-1
836,213667	79,800003	80,000000	1,329197E-1
837,214074	79,800003	80,000000	1,329197E-1
837,214074	79,800003	80,000000	1,329197E-1
837,214074	79,800003	80,000000	1,329197E-1
837,214074	79,800003	80,000000	1,329229E-1
837,214074	79,800003	80,000000	1,329229E-1
837,214074	79,800003	80,000000	1,329229E-1
837,214074	79,800003	80,000000	1,329229E-1
837,214074	79,800003	80,000000	1,329229E-1
837,214074	79,800003	80,000000	1,329229E-1
837,214074	79,800003	80,000000	1,329229E-1
838,213553	79,800003	80,000000	1,329229E-1
838,213553	79,800003	80,000000	1,329229E-1
838,213553	79,800003	80,000000	1,329229E-1
838,213553	79,800003	80,000000	1,329229E-1
838,213553	79,800003	80,000000	1,329229E-1
838,213553	79,800003	80,000000	1,329229E-1
838,213553	79,800003	80,000000	1,329229E-1
838,213553	79,800003	80,000000	1,329229E-1
838,213553	79,800003	80,000000	1,329229E-1
838,213553	79,800003	80,000000	1,329229E-1
839,213979	79,800003	80,000000	1,329261E-1
839,213979	80,099998	80,000000	1,329261E-1
839,213979	80,099998	80,000000	1,329261E-1
839,213979	80,099998	80,000000	1,329261E-1
839,213979	80,099998	80,000000	1,329261E-1
839,213979	80,099998	80,000000	1,329261E-1
839,213979	80,099998	80,000000	1,329261E-1
839,213979	80,099998	80,000000	1,329261E-1
839,213979	80,099998	80,000000	1,329261E-1
839,213979	80,099998	80,000000	1,329261E-1
840,214359	80,099998	80,000000	1,329261E-1
840,214359	80,099998	80,000000	1,329261E-1
840,214359	80,099998	80,000000	1,329261E-1
840,214359	80,099998	80,000000	1,329261E-1
840,214359	80,099998	80,000000	1,329261E-1
840,214359	80,099998	80,000000	1,329261E-1
840,214359	80,099998	80,000000	1,329261E-1
840,214359	80,099998	80,000000	1,329261E-1
840,214359	80,099998	80,000000	1,328489E-1
840,214359	80,099998	80,000000	1,328489E-1
841,214813	80,099998	80,000000	1,328489E-1
841,214813	80,099998	80,000000	1,328489E-1
841,214813	80,099998	80,000000	1,328489E-1
841,214813	80,099998	80,000000	1,328489E-1
841,214813	80,099998	80,000000	1,328489E-1
841,214813	80,099998	80,000000	1,328489E-1
841,214813	80,099998	80,000000	1,328489E-1
841,214813	80,099998	80,000000	1,328489E-1
841,214813	80,099998	80,000000	1,328489E-1
841,214813	80,099998	80,000000	1,328489E-1
842,215216	80,099998	80,000000	1,328489E-1
842,215216	80,099998	80,000000	1,328489E-1
842,215216	80,099998	80,000000	1,328489E-1
842,215216	80,099998	80,000000	1,328489E-1
842,215216	80,099998	80,000000	1,328489E-1
842,215216	80,099998	80,000000	1,328489E-1
842,215216	80,099998	80,000000	1,328473E-1
842,215216	80,300003	80,000000	1,328473E-1
842,215216	80,300003	80,000000	1,328473E-1
842,215216	80,300003	80,000000	1,328473E-1
843,214684	80,300003	80,000000	1,328473E-1
843,214684	80,300003	80,000000	1,328473E-1
843,214684	80,300003	80,000000	1,328473E-1
843,214684	80,300003	80,000000	1,328473E-1
843,214684	80,300003	80,000000	1,328473E-1
843,214684	80,300003	80,000000	1,328473E-1
843,214684	80,300003	80,000000	1,328473E-1
843,214684	80,300003	80,000000	1,328473E-1
843,214684	80,300003	80,000000	1,328473E-1
843,214684	80,300003	80,000000	1,328473E-1
844,215059	80,300003	80,000000	1,328473E-1
844,215059	80,300003	80,000000	1,328473E-1
844,215059	80,300003	80,000000	1,328473E-1
844,215059	80,300003	80,000000	1,327921E-1
844,215059	80,199997	80,000000	1,327921E-1
844,215059	80,199997	80,000000	1,327921E-1
844,215059	80,199997	80,000000	1,327921E-1
844,215059	80,199997	80,000000	1,327921E-1
844,215059	80,199997	80,000000	1,327921E-1
844,215059	80,199997	80,000000	1,327921E-1
845,214537	80,199997	80,000000	1,327921E-1
845,214537	80,199997	80,000000	1,327921E-1
845,214537	80,199997	80,000000	1,327921E-1
845,214537	80,199997	80,000000	1,327921E-1
845,214537	80,199997	80,000000	1,327921E-1
845,214537	80,199997	80,000000	1,327921E-1
845,214537	80,199997	80,000000	1,327921E-1
845,214537	80,199997	80,000000	1,327921E-1
845,214537	80,199997	80,000000	1,327921E-1
845,214537	80,199997	80,000000	1,327921E-1
846,214945	80,199997	80,000000	1,327921E-1
846,214945	80,199997	80,000000	1,328141E-1
846,214945	80,199997	80,000000	1,328141E-1
846,214945	80,199997	80,000000	1,328141E-1
846,214945	80,199997	80,000000	1,328109E-1
846,214945	80,199997	80,000000	1,328109E-1
846,214945	80,199997	80,000000	1,328109E-1
846,214945	80,199997	80,000000	1,328077E-1
846,214945	80,099998	80,000000	1,328313E-1
846,214945	80,099998	80,000000	1,328313E-1
847,214328	80,099998	80,000000	1,328297E-1
847,214328	80,099998	80,000000	1,328281E-1
847,214328	80,099998	80,000000	1,328265E-1
847,214328	80,099998	80,000000	1,328248E-1
847,214328	80,099998	80,000000	1,328248E-1
847,214328	80,099998	80,000000	1,328232E-1
847,214328	80,099998	80,000000	1,328216E-1
847,214328	80,099998	80,000000	1,328200E-1
847,214328	80,099998	80,000000	1,328200E-1
847,214328	80,099998	80,000000	1,328184E-1
848,214767	79,800003	80,000000	1,328184E-1
848,214767	79,800003	80,000000	1,328184E-1
848,214767	79,800003	80,000000	1,328972E-1
848,214767	79,800003	80,000000	1,329004E-1
848,214767	79,800003	80,000000	1,329004E-1
848,214767	79,800003	80,000000	1,329036E-1
848,214767	79,800003	80,000000	1,329069E-1
848,214767	79,800003	80,000000	1,329069E-1
848,214767	79,800003	80,000000	1,329101E-1
848,214767	79,900002	80,000000	1,329133E-1
849,215225	79,900002	80,000000	1,328897E-1
849,215225	79,900002	80,000000	1,328897E-1
849,215225	79,900002	80,000000	1,328913E-1
849,215225	79,900002	80,000000	1,328929E-1
849,215225	79,900002	80,000000	1,328929E-1
849,215225	79,900002	80,000000	1,328945E-1
849,215225	79,900002	80,000000	1,328945E-1
849,215225	79,900002	80,000000	1,328945E-1
849,215225	79,900002	80,000000	1,328961E-1
849,215225	80,000000	80,000000	1,328977E-1
850,214625	80,000000	80,000000	1,328725E-1
850,214625	80,000000	80,000000	1,328725E-1
850,214625	80,000000	80,000000	1,328725E-1
850,214625	80,000000	80,000000	1,328725E-1
850,214625	80,000000	80,000000	1,328725E-1
850,214625	80,000000	80,000000	1,328725E-1
850,214625	80,000000	80,000000	1,328725E-1
850,214625	80,000000	80,000000	1,328725E-1
850,214625	80,000000	80,000000	1,328725E-1
850,214625	80,000000	80,000000	1,328725E-1
851,215072	79,900002	80,000000	1,328725E-1
851,215072	79,900002	80,000000	1,328725E-1
851,215072	79,900002	80,000000	1,328993E-1
851,215072	79,900002	80,000000	1,329009E-1
851,215072	79,900002	80,000000	1,329009E-1
851,215072	79,900002	80,000000	1,329025E-1
851,215072	79,900002	80,000000	1,329041E-1
851,215072	79,900002	80,000000	1,329041E-1
851,215072	79,900002	80,000000	1,329057E-1
851,215072	79,900002	80,000000	1,329057E-1
852,215448	79,900002	80,000000	1,329073E-1
852,215448	79,900002	80,000000	1,329089E-1
852,215448	79,900002	80,000000	1,329105E-1
852,215448	79,900002	80,000000	1,329122E-1
852,215448	79,900002	80,000000	1,329122E-1
852,215448	79,900002	80,000000	1,329138E-1
852,215448	79,900002	80,000000	1,329138E-1
852,215448	79,900002	80,000000	1,329138E-1
852,215448	79,900002	80,000000	1,329154E-1
852,215448	79,900002	80,000000	1,329154E-1
853,216895	79,900002	80,000000	1,329170E-1
853,216895	79,900002	80,000000	1,329170E-1
853,216895	79,900002	80,000000	1,329170E-1
853,216895	79,900002	80,000000	1,329170E-1
853,216895	79,900002	80,000000	1,329170E-1
853,216895	79,900002	80,000000	1,329170E-1
853,216895	79,900002	80,000000	1,329170E-1
853,216895	79,900002	80,000000	1,329170E-1
853,216895	79,900002	80,000000	1,329170E-1
853,216895	79,900002	80,000000	1,329170E-1
854,217347	79,900002	80,000000	1,329170E-1
854,217347	79,900002	80,000000	1,329170E-1
854,217347	79,900002	80,000000	1,329170E-1
854,217347	79,900002	80,000000	1,329170E-1
854,217347	79,900002	80,000000	1,329170E-1
854,217347	79,900002	80,000000	1,329170E-1
854,217347	79,900002	80,000000	1,329170E-1
854,217347	79,900002	80,000000	1,329170E-1
854,217347	79,900002	80,000000	1,329170E-1
854,217347	79,900002	80,000000	1,329170E-1
855,216757	79,900002	80,000000	1,329170E-1
855,216757	79,900002	80,000000	1,329170E-1
855,216757	79,900002	80,000000	1,329170E-1
855,216757	79,900002	80,000000	1,329170E-1
855,216757	79,900002	80,000000	1,329186E-1
855,216757	79,900002	80,000000	1,329186E-1
855,216757	79,900002	80,000000	1,329186E-1
855,216757	79,900002	80,000000	1,329186E-1
855,216757	79,900002	80,000000	1,329186E-1
855,216757	79,900002	80,000000	1,329186E-1
856,218249	79,900002	80,000000	1,329186E-1
856,218249	79,900002	80,000000	1,329186E-1
856,218249	79,900002	80,000000	1,329186E-1
856,218249	79,900002	80,000000	1,329186E-1
856,218249	79,900002	80,000000	1,329186E-1
856,218249	79,900002	80,000000	1,329186E-1
856,218249	79,900002	80,000000	1,329186E-1
856,218249	79,900002	80,000000	1,329186E-1
856,218249	79,900002	80,000000	1,329186E-1
856,218249	79,900002	80,000000	1,329186E-1
857,217666	79,900002	80,000000	1,329186E-1
857,217666	79,900002	80,000000	1,329186E-1
857,217666	79,900002	80,000000	1,329202E-1
857,217666	79,900002	80,000000	1,329202E-1
857,217666	79,900002	80,000000	1,329202E-1
857,217666	79,900002	80,000000	1,329218E-1
857,217666	79,900002	80,000000	1,329218E-1
857,217666	79,900002	80,000000	1,329218E-1
857,217666	79,900002	80,000000	1,329218E-1
857,217666	79,900002	80,000000	1,329218E-1
858,218058	79,900002	80,000000	1,329218E-1
858,218058	79,900002	80,000000	1,329218E-1
858,218058	79,900002	80,000000	1,329218E-1
858,218058	79,900002	80,000000	1,329218E-1
858,218058	79,900002	80,000000	1,329218E-1
858,218058	79,900002	80,000000	1,329218E-1
858,218058	79,900002	80,000000	1,329218E-1
858,218058	79,900002	80,000000	1,329218E-1
858,218058	79,900002	80,000000	1,329218E-1
858,218058	79,900002	80,000000	1,329218E-1
859,217492	79,900002	80,000000	1,329218E-1
859,217492	79,900002	80,000000	1,329218E-1
859,217492	79,900002	80,000000	1,329218E-1
859,217492	79,900002	80,000000	1,329234E-1
859,217492	79,900002	80,000000	1,329234E-1
859,217492	79,900002	80,000000	1,329234E-1
859,217492	79,900002	80,000000	1,329234E-1
859,217492	79,900002	80,000000	1,329234E-1
859,217492	79,900002	80,000000	1,329234E-1
859,217492	79,900002	80,000000	1,329234E-1
860,217884	79,900002	80,000000	1,329234E-1
860,217884	79,900002	80,000000	1,329234E-1
860,217884	79,900002	80,000000	1,329234E-1
860,217884	79,900002	80,000000	1,329234E-1
860,217884	79,900002	80,000000	1,329234E-1
860,217884	79,900002	80,000000	1,329234E-1
860,217884	79,900002	80,000000	1,329234E-1
860,217884	79,900002	80,000000	1,329234E-1
860,217884	79,900002	80,000000	1,329234E-1
860,217884	80,000000	80,000000	1,329234E-1
861,219306	80,000000	80,000000	1,329234E-1
861,219306	80,000000	80,000000	1,328982E-1
861,219306	80,000000	80,000000	1,328982E-1
861,219306	80,000000	80,000000	1,328982E-1
861,219306	80,000000	80,000000	1,328982E-1
861,219306	80,000000	80,000000	1,328982E-1
861,219306	80,000000	80,000000	1,328982E-1
861,219306	80,000000	80,000000	1,328982E-1
861,219306	80,000000	80,000000	1,328982E-1
861,219306	80,000000	80,000000	1,328982E-1
862,218792	80,000000	80,000000	1,328982E-1
862,218792	80,000000	80,000000	1,328982E-1
862,218792	80,000000	80,000000	1,328982E-1
862,218792	80,000000	80,000000	1,328982E-1
862,218792	80,000000	80,000000	1,328982E-1
862,218792	80,000000	80,000000	1,328982E-1
862,218792	80,000000	80,000000	1,328982E-1
862,218792	80,000000	80,000000	1,328982E-1
862,218792	80,000000	80,000000	1,328982E-1
862,218792	80,000000	80,000000	1,328982E-1
863,220203	80,000000	80,000000	1,328982E-1
863,220203	80,000000	80,000000	1,328982E-1
863,220203	80,000000	80,000000	1,328982E-1
863,220203	80,000000	80,000000	1,328982E-1
863,220203	80,000000	80,000000	1,328982E-1
863,220203	80,000000	80,000000	1,328982E-1
863,220203	80,000000	80,000000	1,328982E-1
863,220203	80,000000	80,000000	1,328982E-1
863,220203	80,000000	80,000000	1,328982E-1
863,220203	80,000000	80,000000	1,328982E-1
864,220627	80,000000	80,000000	1,328982E-1
864,220627	80,000000	80,000000	1,328982E-1
864,220627	80,000000	80,000000	1,328982E-1
864,220627	80,000000	80,000000	1,328982E-1
864,220627	80,000000	80,000000	1,328982E-1
864,220627	80,000000	80,000000	1,328982E-1
864,220627	79,599998	80,000000	1,328982E-1
864,220627	79,599998	80,000000	1,328982E-1
864,220627	79,599998	80,000000	1,328982E-1
864,220627	79,599998	80,000000	1,330054E-1
865,220973	79,599998	80,000000	1,330054E-1
865,220973	80,000000	80,000000	1,330118E-1
865,220973	80,000000	80,000000	1,329110E-1
865,220973	80,000000	80,000000	1,329110E-1
865,220973	80,000000	80,000000	1,329110E-1
865,220973	80,000000	80,000000	1,329110E-1
865,220973	80,000000	80,000000	1,329110E-1
865,220973	80,000000	80,000000	1,329110E-1
865,220973	80,000000	80,000000	1,329110E-1
865,220973	80,000000	80,000000	1,329110E-1
866,220441	80,000000	80,000000	1,329110E-1
866,220441	80,000000	80,000000	1,329110E-1
866,220441	80,000000	80,000000	1,329110E-1
866,220441	80,000000	80,000000	1,329110E-1
866,220441	80,000000	80,000000	1,329110E-1
866,220441	80,000000	80,000000	1,329110E-1
866,220441	80,000000	80,000000	1,329110E-1
866,220441	80,000000	80,000000	1,329110E-1
866,220441	80,000000	80,000000	1,329110E-1
866,220441	79,900002	80,000000	1,329110E-1
867,220825	79,900002	80,000000	1,329378E-1
867,220825	79,900002	80,000000	1,329394E-1
867,220825	79,900002	80,000000	1,329394E-1
867,220825	79,900002	80,000000	1,329410E-1
867,220825	79,900002	80,000000	1,329426E-1
867,220825	79,900002	80,000000	1,329426E-1
867,220825	79,900002	80,000000	1,329443E-1
867,220825	79,900002	80,000000	1,329443E-1
867,220825	79,900002	80,000000	1,329459E-1
867,220825	79,900002	80,000000	1,329459E-1
868,222248	79,900002	80,000000	1,329475E-1
868,222248	80,000000	80,000000	1,329223E-1
868,222248	80,000000	80,000000	1,329223E-1
868,222248	80,000000	80,000000	1,329223E-1
868,222248	80,000000	80,000000	1,329223E-1
868,222248	80,000000	80,000000	1,329223E-1
868,222248	80,000000	80,000000	1,329223E-1
868,222248	80,000000	80,000000	1,329223E-1
868,222248	80,000000	80,000000	1,329223E-1
868,222248	80,000000	80,000000	1,329223E-1
869,221757	80,000000	80,000000	1,329223E-1
869,221757	80,000000	80,000000	1,329223E-1
869,221757	80,000000	80,000000	1,329223E-1
869,221757	80,000000	80,000000	1,329223E-1
869,221757	80,000000	80,000000	1,329223E-1
869,221757	80,000000	80,000000	1,329223E-1
869,221757	80,000000	80,000000	1,329223E-1
869,221757	80,000000	80,000000	1,329223E-1
869,221757	80,000000	80,000000	1,329223E-1
869,221757	80,000000	80,000000	1,329223E-1
870,223179	80,000000	80,000000	1,329223E-1
870,223179	80,000000	80,000000	1,329223E-1
870,223179	80,000000	80,000000	1,329223E-1
870,223179	80,000000	80,000000	1,329223E-1
870,223179	80,000000	80,000000	1,329223E-1
870,223179	80,000000	80,000000	1,329223E-1
870,223179	79,899994	80,000000	1,329223E-1
870,223179	79,899994	80,000000	1,329223E-1
870,223179	79,899994	80,000000	1,329491E-1
870,223179	79,899994	80,000000	1,329491E-1
871,222542	79,899994	80,000000	1,329491E-1
871,222542	79,899994	80,000000	1,329507E-1
871,222542	79,899994	80,000000	1,329507E-1
871,222542	79,899994	80,000000	1,329507E-1
871,222542	79,899994	80,000000	1,329523E-1
871,222542	79,899994	80,000000	1,329523E-1
871,222542	79,899994	80,000000	1,329523E-1
871,222542	79,899994	80,000000	1,329523E-1
871,222542	79,899994	80,000000	1,329523E-1
871,222542	79,899994	80,000000	1,329523E-1
872,223022	79,899994	80,000000	1,329523E-1
872,223022	79,899994	80,000000	1,329523E-1
872,223022	79,899994	80,000000	1,329523E-1
872,223022	79,899994	80,000000	1,329523E-1
872,223022	79,899994	80,000000	1,329523E-1
872,223022	79,899994	80,000000	1,329523E-1
872,223022	79,899994	80,000000	1,329523E-1
872,223022	79,899994	80,000000	1,329523E-1
872,223022	79,899994	80,000000	1,329523E-1
872,223022	79,899994	80,000000	1,329523E-1
873,222411	79,899994	80,000000	1,329523E-1
873,222411	79,899994	80,000000	1,329523E-1
873,222411	79,899994	80,000000	1,329523E-1
873,222411	79,899994	80,000000	1,329523E-1
873,222411	79,899994	80,000000	1,329523E-1
873,222411	79,899994	80,000000	1,329523E-1
873,222411	79,899994	80,000000	1,329523E-1
873,222411	79,899994	80,000000	1,329523E-1
873,222411	79,899994	80,000000	1,329523E-1
873,222411	79,899994	80,000000	1,329539E-1
874,222843	79,899994	80,000000	1,329539E-1
874,222843	79,800003	80,000000	1,329539E-1
874,222843	79,800003	80,000000	1,329539E-1
874,222843	79,800003	80,000000	1,329539E-1
874,222843	79,800003	80,000000	1,329539E-1
874,222843	79,800003	80,000000	1,329539E-1
874,222843	79,800003	80,000000	1,329539E-1
874,222843	79,800003	80,000000	1,329539E-1
874,222843	79,800003	80,000000	1,329539E-1
874,222843	79,800003	80,000000	1,329539E-1
875,223243	79,800003	80,000000	1,329539E-1
875,223243	79,800003	80,000000	1,329539E-1
875,223243	79,800003	80,000000	1,329539E-1
875,223243	79,800003	80,000000	1,329539E-1
875,223243	79,800003	80,000000	1,329539E-1
875,223243	79,800003	80,000000	1,329539E-1
875,223243	79,800003	80,000000	1,329823E-1
875,223243	79,800003	80,000000	1,329823E-1
875,223243	79,800003	80,000000	1,329823E-1
875,223243	79,800003	80,000000	1,329855E-1
876,222691	79,800003	80,000000	1,329855E-1
876,222691	79,800003	80,000000	1,329855E-1
876,222691	79,800003	80,000000	1,329855E-1
876,222691	79,800003	80,000000	1,329855E-1
876,222691	79,800003	80,000000	1,329855E-1
876,222691	79,800003	80,000000	1,329855E-1
876,222691	79,800003	80,000000	1,329855E-1
876,222691	79,800003	80,000000	1,329855E-1
876,222691	79,800003	80,000000	1,329855E-1
876,222691	79,800003	80,000000	1,329855E-1
877,223078	79,800003	80,000000	1,329855E-1
877,223078	79,800003	80,000000	1,329855E-1
877,223078	79,800003	80,000000	1,329855E-1
877,223078	79,800003	80,000000	1,329855E-1
877,223078	80,000000	80,000000	1,329855E-1
877,223078	80,000000	80,000000	1,329855E-1
877,223078	80,000000	80,000000	1,329855E-1
877,223078	80,000000	80,000000	1,329351E-1
877,223078	80,000000	80,000000	1,329351E-1
877,223078	80,000000	80,000000	1,329351E-1
878,222565	80,000000	80,000000	1,329351E-1
878,222565	80,000000	80,000000	1,329351E-1
878,222565	80,000000	80,000000	1,329351E-1
878,222565	80,000000	80,000000	1,329351E-1
878,222565	80,000000	80,000000	1,329351E-1
878,222565	80,000000	80,000000	1,329351E-1
878,222565	80,000000	80,000000	1,329351E-1
878,222565	80,000000	80,000000	1,329351E-1
878,222565	80,000000	80,000000	1,329351E-1
878,222565	80,000000	80,000000	1,329351E-1
879,222973	80,000000	80,000000	1,329351E-1
879,222973	80,000000	80,000000	1,329351E-1
879,222973	80,000000	80,000000	1,329351E-1
879,222973	80,000000	80,000000	1,329351E-1
879,222973	80,000000	80,000000	1,329351E-1
879,222973	80,000000	80,000000	1,329351E-1
879,222973	80,000000	80,000000	1,329351E-1
879,222973	80,000000	80,000000	1,329351E-1
879,222973	80,000000	80,000000	1,329351E-1
879,222973	80,000000	80,000000	1,329351E-1
880,222374	80,000000	80,000000	1,329351E-1
880,222374	80,000000	80,000000	1,329351E-1
880,222374	80,000000	80,000000	1,329351E-1
880,222374	80,000000	80,000000	1,329351E-1
880,222374	80,000000	80,000000	1,329351E-1
880,222374	80,000000	80,000000	1,329351E-1
880,222374	80,000000	80,000000	1,329351E-1
880,222374	80,000000	80,000000	1,329351E-1
880,222374	80,000000	80,000000	1,329351E-1
880,222374	79,900002	80,000000	1,329351E-1
881,223816	79,900002	80,000000	1,329351E-1
881,223816	79,900002	80,000000	1,329351E-1
881,223816	79,900002	80,000000	1,329351E-1
881,223816	79,900002	80,000000	1,329351E-1
881,223816	79,900002	80,000000	1,329351E-1
881,223816	79,900002	80,000000	1,329351E-1
881,223816	79,900002	80,000000	1,329351E-1
881,223816	79,900002	80,000000	1,329351E-1
881,223816	79,900002	80,000000	1,329351E-1
881,223816	79,900002	80,000000	1,329351E-1
882,225232	79,900002	80,000000	1,329351E-1
882,225232	79,900002	80,000000	1,329351E-1
882,225232	79,900002	80,000000	1,329351E-1
882,225232	79,900002	80,000000	1,329351E-1
882,225232	79,900002	80,000000	1,329351E-1
882,225232	79,900002	80,000000	1,329351E-1
882,225232	79,900002	80,000000	1,329619E-1
882,225232	80,199997	80,000000	1,329619E-1
882,225232	80,199997	80,000000	1,329619E-1
882,225232	80,199997	80,000000	1,328831E-1
883,224594	79,900002	80,000000	1,328831E-1
883,224594	79,900002	80,000000	1,328831E-1
883,224594	79,900002	80,000000	1,328831E-1
883,224594	79,900002	80,000000	1,329603E-1
883,224594	80,199997	80,000000	1,329619E-1
883,224594	80,199997	80,000000	1,328831E-1
883,224594	80,199997	80,000000	1,328799E-1
883,224594	80,199997	80,000000	1,328767E-1
883,224594	80,199997	80,000000	1,328767E-1
883,224594	80,199997	80,000000	1,328735E-1
884,225015	80,199997	80,000000	1,328703E-1
884,225015	80,199997	80,000000	1,328671E-1
884,225015	80,199997	80,000000	1,328671E-1
884,225015	80,199997	80,000000	1,328638E-1
884,225015	80,199997	80,000000	1,328638E-1
884,225015	80,199997	80,000000	1,328606E-1
884,225015	80,199997	80,000000	1,328606E-1
884,225015	80,199997	80,000000	1,328606E-1
884,225015	80,199997	80,000000	1,328574E-1
884,225015	80,199997	80,000000	1,328542E-1
885,225484	80,300003	80,000000	1,328510E-1
885,225484	80,300003	80,000000	1,328510E-1
885,225484	80,300003	80,000000	1,328210E-1
885,225484	80,300003	80,000000	1,328162E-1
885,225484	80,300003	80,000000	1,328162E-1
885,225484	80,300003	80,000000	1,328114E-1
885,225484	80,300003	80,000000	1,328065E-1
885,225484	80,300003	80,000000	1,328017E-1
885,225484	80,300003	80,000000	1,328017E-1
885,225484	80,300003	80,000000	1,327969E-1
886,225779	80,300003	80,000000	1,327969E-1
886,225779	80,300003	80,000000	1,327921E-1
886,225779	79,899994	80,000000	1,327921E-1
886,225779	79,899994	80,000000	1,328945E-1
886,225779	79,899994	80,000000	1,328961E-1
886,225779	79,899994	80,000000	1,328977E-1
886,225779	79,899994	80,000000	1,328977E-1
886,225779	79,899994	80,000000	1,328993E-1
886,225779	79,899994	80,000000	1,329009E-1
886,225779	79,899994	80,000000	1,329025E-1
887,226156	79,899994	80,000000	1,329025E-1
887,226156	80,199997	80,000000	1,329041E-1
887,226156	80,199997	80,000000	1,329041E-1
887,226156	80,199997	80,000000	1,328253E-1
887,226156	80,199997	80,000000	1,328221E-1
887,226156	80,199997	80,000000	1,328221E-1
887,226156	80,199997	80,000000	1,328189E-1
887,226156	80,199997	80,000000	1,328189E-1
887,226156	80,199997	80,000000	1,328157E-1
887,226156	80,199997	80,000000	1,328125E-1
888,225598	80,199997	80,000000	1,328125E-1
888,225598	80,199997	80,000000	1,328093E-1
888,225598	79,600006	80,000000	1,328061E-1
888,225598	79,600006	80,000000	1,328061E-1
888,225598	79,600006	80,000000	1,329637E-1
888,225598	79,600006	80,000000	1,329701E-1
888,225598	79,600006	80,000000	1,329701E-1
888,225598	79,600006	80,000000	1,329765E-1
888,225598	79,600006	80,000000	1,329829E-1
888,225598	79,600006	80,000000	1,329894E-1
889,225999	79,600006	80,000000	1,329894E-1
889,225999	79,600006	80,000000	1,329894E-1
889,225999	79,900002	80,000000	1,329958E-1
889,225999	79,900002	80,000000	1,329958E-1
889,225999	79,900002	80,000000	1,329218E-1
889,225999	79,900002	80,000000	1,329234E-1
889,225999	79,900002	80,000000	1,329250E-1
889,225999	79,900002	80,000000	1,329266E-1
889,225999	79,900002	80,000000	1,329266E-1
889,225999	79,900002	80,000000	1,329282E-1
890,225465	79,900002	80,000000	1,329298E-1
890,225465	79,900002	80,000000	1,329298E-1
890,225465	79,800003	80,000000	1,329314E-1
890,225465	79,800003	80,000000	1,329598E-1
890,225465	79,800003	80,000000	1,329630E-1
890,225465	79,800003	80,000000	1,329630E-1
890,225465	79,800003	80,000000	1,329662E-1
890,225465	79,800003	80,000000	1,329662E-1
890,225465	79,800003	80,000000	1,329662E-1
890,225465	79,800003	80,000000	1,329695E-1
891,226892	79,800003	80,000000	1,329695E-1
891,226892	79,800003	80,000000	1,329727E-1
891,226892	79,800003	80,000000	1,329727E-1
891,226892	79,800003	80,000000	1,329727E-1
891,226892	79,800003	80,000000	1,329759E-1
891,226892	79,800003	80,000000	1,329759E-1
891,226892	79,800003	80,000000	1,329759E-1
891,226892	79,800003	80,000000	1,329759E-1
891,226892	79,800003	80,000000	1,329759E-1
891,226892	79,800003	80,000000	1,329759E-1
892,226570	79,800003	80,000000	1,329759E-1
892,226570	79,800003	80,000000	1,329759E-1
892,226570	79,800003	80,000000	1,329759E-1
892,226570	79,800003	80,000000	1,329759E-1
892,226570	79,800003	80,000000	1,329759E-1
892,226570	79,800003	80,000000	1,329759E-1
892,226570	79,800003	80,000000	1,329759E-1
892,226570	79,800003	80,000000	1,329759E-1
892,226570	79,800003	80,000000	1,329759E-1
892,226570	79,800003	80,000000	1,329759E-1
893,226974	79,800003	80,000000	1,329759E-1
893,226974	79,800003	80,000000	1,329759E-1
893,226974	79,800003	80,000000	1,329759E-1
893,226974	79,800003	80,000000	1,329759E-1
893,226974	79,800003	80,000000	1,329759E-1
893,226974	79,800003	80,000000	1,329759E-1
893,226974	79,800003	80,000000	1,329759E-1
893,226974	79,800003	80,000000	1,329759E-1
893,226974	79,800003	80,000000	1,329759E-1
893,226974	79,800003	80,000000	1,329791E-1
894,226407	79,800003	80,000000	1,329791E-1
894,226407	79,699997	80,000000	1,329791E-1
894,226407	79,699997	80,000000	1,329791E-1
894,226407	79,699997	80,000000	1,329791E-1
894,226407	79,699997	80,000000	1,329791E-1
894,226407	79,699997	80,000000	1,329791E-1
894,226407	79,699997	80,000000	1,329791E-1
894,226407	79,699997	80,000000	1,329791E-1
894,226407	79,699997	80,000000	1,329791E-1
894,226407	79,699997	80,000000	1,329791E-1
895,226916	79,699997	80,000000	1,329791E-1
895,226916	79,699997	80,000000	1,329791E-1
895,226916	79,699997	80,000000	1,329791E-1
895,226916	79,699997	80,000000	1,329791E-1
895,226916	79,699997	80,000000	1,329791E-1
895,226916	79,699997	80,000000	1,329791E-1
895,226916	79,699997	80,000000	1,330091E-1
895,226916	79,699997	80,000000	1,330091E-1
895,226916	80,099998	80,000000	1,330091E-1
895,226916	80,099998	80,000000	1,330091E-1
896,226744	80,099998	80,000000	1,330091E-1
896,226744	80,099998	80,000000	1,330091E-1
896,226744	80,099998	80,000000	1,330091E-1
896,226744	80,099998	80,000000	1,330091E-1
896,226744	80,099998	80,000000	1,330091E-1
896,226744	80,099998	80,000000	1,330091E-1
896,226744	80,099998	80,000000	1,330091E-1
896,226744	80,099998	80,000000	1,330091E-1
896,226744	80,099998	80,000000	1,330091E-1
896,226744	80,099998	80,000000	1,330091E-1
897,227237	80,099998	80,000000	1,330091E-1
897,227237	80,099998	80,000000	1,330091E-1
897,227237	80,099998	80,000000	1,330091E-1
897,227237	80,099998	80,000000	1,330091E-1
897,227237	80,099998	80,000000	1,329067E-1
897,227237	80,099998	80,000000	1,329067E-1
897,227237	80,099998	80,000000	1,329067E-1
897,227237	80,099998	80,000000	1,329067E-1
897,227237	80,099998	80,000000	1,329067E-1
897,227237	80,099998	80,000000	1,329067E-1
898,226603	80,099998	80,000000	1,329067E-1
898,226603	80,099998	80,000000	1,329067E-1
898,226603	80,099998	80,000000	1,329067E-1
898,226603	80,099998	80,000000	1,329067E-1
898,226603	80,099998	80,000000	1,329067E-1
898,226603	80,099998	80,000000	1,329067E-1
898,226603	80,099998	80,000000	1,329067E-1
898,226603	80,099998	80,000000	1,329067E-1
898,226603	80,099998	80,000000	1,329067E-1
898,226603	80,099998	80,000000	1,329067E-1
899,227016	80,099998	80,000000	1,329067E-1
899,227016	80,099998	80,000000	1,329051E-1
899,227016	79,800003	80,000000	1,329051E-1
899,227016	79,800003	80,000000	1,329051E-1
899,227016	79,800003	80,000000	1,329051E-1
899,227016	79,800003	80,000000	1,329051E-1
899,227016	79,800003	80,000000	1,329051E-1
899,227016	79,800003	80,000000	1,329051E-1
899,227016	79,800003	80,000000	1,329051E-1
899,227016	79,800003	80,000000	1,329051E-1
900,226449	79,800003	80,000000	1,329051E-1
900,226449	79,800003	80,000000	1,329051E-1
900,226449	79,800003	80,000000	1,329051E-1
900,226449	79,800003	80,000000	1,329051E-1
900,226449	79,800003	80,000000	1,329051E-1
900,226449	79,800003	80,000000	1,329051E-1
900,226449	79,800003	80,000000	1,329051E-1
900,226449	79,800003	80,000000	1,329051E-1
900,226449	79,800003	80,000000	1,329051E-1
900,226449	79,800003	80,000000	1,329839E-1
901,226873	79,800003	80,000000	1,329839E-1
901,226873	79,800003	80,000000	1,329839E-1
901,226873	79,800003	80,000000	1,329839E-1
901,226873	79,800003	80,000000	1,329839E-1
901,226873	79,800003	80,000000	1,329839E-1
901,226873	79,800003	80,000000	1,329839E-1
901,226873	79,800003	80,000000	1,329839E-1
901,226873	79,800003	80,000000	1,329839E-1
901,226873	79,800003	80,000000	1,329839E-1
901,226873	79,800003	80,000000	1,329839E-1
902,228356	79,800003	80,000000	1,329839E-1
902,228356	79,800003	80,000000	1,329839E-1
902,228356	79,800003	80,000000	1,329839E-1
902,228356	79,800003	80,000000	1,329839E-1
902,228356	79,800003	80,000000	1,329839E-1
902,228356	79,800003	80,000000	1,329839E-1
902,228356	79,800003	80,000000	1,329871E-1
902,228356	79,800003	80,000000	1,329871E-1
902,228356	79,800003	80,000000	1,329871E-1
902,228356	79,699997	80,000000	1,329903E-1
903,227697	79,699997	80,000000	1,329903E-1
903,227697	79,699997	80,000000	1,329903E-1
903,227697	80,099998	80,000000	1,330203E-1
903,227697	80,099998	80,000000	1,330203E-1
903,227697	80,099998	80,000000	1,329179E-1
903,227697	80,099998	80,000000	1,329163E-1
903,227697	80,099998	80,000000	1,329163E-1
903,227697	80,099998	80,000000	1,329147E-1
903,227697	80,099998	80,000000	1,329131E-1
903,227697	80,099998	80,000000	1,329115E-1
904,229135	80,099998	80,000000	1,329099E-1
904,229135	80,099998	80,000000	1,329083E-1
904,229135	80,099998	80,000000	1,329083E-1
904,229135	79,699997	80,000000	1,329067E-1
904,229135	79,699997	80,000000	1,330123E-1
904,229135	79,699997	80,000000	1,330123E-1
904,229135	79,699997	80,000000	1,330123E-1
904,229135	79,699997	80,000000	1,330171E-1
904,229135	79,699997	80,000000	1,330171E-1
904,229135	79,699997	80,000000	1,330219E-1
905,228556	79,699997	80,000000	1,330267E-1
905,228556	79,699997	80,000000	1,330267E-1
905,228556	79,800003	80,000000	1,330316E-1
905,228556	79,800003	80,000000	1,330096E-1
905,228556	79,800003	80,000000	1,330128E-1
905,228556	79,800003	80,000000	1,330128E-1
905,228556	79,800003	80,000000	1,330160E-1
905,228556	79,800003	80,000000	1,330192E-1
905,228556	79,800003	80,000000	1,330192E-1
905,228556	79,800003	80,000000	1,330224E-1
906,229037	79,800003	80,000000	1,330224E-1
906,229037	79,800003	80,000000	1,330256E-1
906,229037	79,800003	80,000000	1,330256E-1
906,229037	79,800003	80,000000	1,330288E-1
906,229037	79,899994	80,000000	1,330052E-1
906,229037	79,899994	80,000000	1,330068E-1
906,229037	79,899994	80,000000	1,330068E-1
906,229037	79,899994	80,000000	1,330085E-1
906,229037	79,899994	80,000000	1,330085E-1
906,229037	79,899994	80,000000	1,330101E-1
907,228390	79,899994	80,000000	1,330117E-1
907,228390	79,899994	80,000000	1,330133E-1
907,228390	79,899994	80,000000	1,330133E-1
907,228390	79,899994	80,000000	1,330149E-1
907,228390	79,899994	80,000000	1,330165E-1
907,228390	79,899994	80,000000	1,330165E-1
907,228390	79,899994	80,000000	1,330165E-1
907,228390	79,899994	80,000000	1,330181E-1
907,228390	79,899994	80,000000	1,330197E-1
907,228390	79,899994	80,000000	1,330197E-1
908,228847	79,899994	80,000000	1,330197E-1
908,228847	80,000000	80,000000	1,330213E-1
908,228847	80,000000	80,000000	1,329961E-1
908,228847	80,000000	80,000000	1,329961E-1
908,228847	80,000000	80,000000	1,329961E-1
908,228847	80,000000	80,000000	1,329961E-1
908,228847	80,000000	80,000000	1,329961E-1
908,228847	80,000000	80,000000	1,329961E-1
908,228847	80,000000	80,000000	1,329961E-1
908,228847	80,000000	80,000000	1,329961E-1
909,230255	80,000000	80,000000	1,329961E-1
909,230255	79,900002	80,000000	1,329961E-1
909,230255	79,900002	80,000000	1,329961E-1
909,230255	79,900002	80,000000	1,330229E-1
909,230255	79,900002	80,000000	1,330245E-1
909,230255	79,900002	80,000000	1,330261E-1
909,230255	79,900002	80,000000	1,330261E-1
909,230255	79,900002	80,000000	1,330277E-1
909,230255	79,900002	80,000000	1,330293E-1
909,230255	79,900002	80,000000	1,330293E-1
910,229688	80,199997	80,000000	1,330309E-1
910,229688	80,199997	80,000000	1,329521E-1
910,229688	80,199997	80,000000	1,329489E-1
910,229688	80,199997	80,000000	1,329457E-1
910,229688	80,199997	80,000000	1,329457E-1
910,229688	80,199997	80,000000	1,329457E-1
910,229688	80,199997	80,000000	1,329425E-1
910,229688	80,199997	80,000000	1,329425E-1
910,229688	80,199997	80,000000	1,329393E-1
910,229688	80,199997	80,000000	1,329393E-1
911,230179	79,800003	80,000000	1,329361E-1
911,230179	79,800003	80,000000	1,330401E-1
911,230179	79,800003	80,000000	1,330433E-1
911,230179	79,800003	80,000000	1,330433E-1
911,230179	79,800003	80,000000	1,330465E-1
911,230179	79,800003	80,000000	1,330497E-1
911,230179	79,800003	80,000000	1,330497E-1
911,230179	79,800003	80,000000	1,330529E-1
911,230179	79,800003	80,000000	1,330561E-1
911,230179	79,800003	80,000000	1,330561E-1
912,229542	79,800003	80,000000	1,330561E-1
912,229542	79,800003	80,000000	1,330593E-1
912,229542	79,800003	80,000000	1,330593E-1
912,229542	79,800003	80,000000	1,330593E-1
912,229542	79,800003	80,000000	1,330593E-1
912,229542	79,800003	80,000000	1,330625E-1
912,229542	79,800003	80,000000	1,330625E-1
912,229542	79,800003	80,000000	1,330625E-1
912,229542	79,800003	80,000000	1,330625E-1
912,229542	79,800003	80,000000	1,330625E-1
913,229993	79,800003	80,000000	1,330625E-1
913,229993	79,800003	80,000000	1,330625E-1
913,229993	79,800003	80,000000	1,330625E-1
913,229993	79,800003	80,000000	1,330625E-1
913,229993	79,800003	80,000000	1,330625E-1
913,229993	79,800003	80,000000	1,330625E-1
913,229993	79,800003	80,000000	1,330625E-1
913,229993	79,800003	80,000000	1,330625E-1
913,229993	79,800003	80,000000	1,330625E-1
913,229993	79,800003	80,000000	1,330625E-1
914,229406	79,800003	80,000000	1,330625E-1
914,229406	79,800003	80,000000	1,330625E-1
914,229406	79,800003	80,000000	1,330625E-1
914,229406	79,800003	80,000000	1,330625E-1
914,229406	79,800003	80,000000	1,330625E-1
914,229406	79,800003	80,000000	1,330625E-1
914,229406	79,800003	80,000000	1,330625E-1
914,229406	79,800003	80,000000	1,330625E-1
914,229406	79,800003	80,000000	1,330625E-1
914,229406	79,800003	80,000000	1,330625E-1
915,229806	79,800003	80,000000	1,330657E-1
915,229806	80,000000	80,000000	1,330657E-1
915,229806	80,000000	80,000000	1,330657E-1
915,229806	80,000000	80,000000	1,330657E-1
915,229806	80,000000	80,000000	1,330657E-1
915,229806	80,000000	80,000000	1,330657E-1
915,229806	80,000000	80,000000	1,330657E-1
915,229806	80,000000	80,000000	1,330657E-1
915,229806	80,000000	80,000000	1,330657E-1
915,229806	80,000000	80,000000	1,330657E-1
916,230238	80,000000	80,000000	1,330657E-1
916,230238	80,000000	80,000000	1,330657E-1
916,230238	80,000000	80,000000	1,330657E-1
916,230238	80,000000	80,000000	1,330657E-1
916,230238	80,000000	80,000000	1,330657E-1
916,230238	80,000000	80,000000	1,330657E-1
916,230238	80,000000	80,000000	1,330657E-1
916,230238	80,000000	80,000000	1,330657E-1
916,230238	80,000000	80,000000	1,330154E-1
916,230238	79,900002	80,000000	1,330154E-1
917,229639	79,900002	80,000000	1,330154E-1
917,229639	79,900002	80,000000	1,330154E-1
917,229639	79,900002	80,000000	1,330154E-1
917,229639	79,900002	80,000000	1,330154E-1
917,229639	79,900002	80,000000	1,330154E-1
917,229639	79,900002	80,000000	1,330154E-1
917,229639	79,900002	80,000000	1,330154E-1
917,229639	79,900002	80,000000	1,330154E-1
917,229639	79,900002	80,000000	1,330154E-1
917,229639	79,900002	80,000000	1,330154E-1
918,230254	79,900002	80,000000	1,330154E-1
918,230254	79,900002	80,000000	1,330154E-1
918,230254	79,900002	80,000000	1,330154E-1
918,230254	79,900002	80,000000	1,330154E-1
918,230254	79,900002	80,000000	1,330154E-1
918,230254	79,900002	80,000000	1,330422E-1
918,230254	79,900002	80,000000	1,330422E-1
918,230254	79,900002	80,000000	1,330422E-1
918,230254	79,900002	80,000000	1,330422E-1
918,230254	79,900002	80,000000	1,330422E-1
919,229527	79,900002	80,000000	1,330422E-1
919,229527	79,900002	80,000000	1,330422E-1
919,229527	79,900002	80,000000	1,330422E-1
919,229527	79,900002	80,000000	1,330422E-1
919,229527	79,900002	80,000000	1,330422E-1
919,229527	79,900002	80,000000	1,330422E-1
919,229527	79,900002	80,000000	1,330422E-1
919,229527	79,900002	80,000000	1,330422E-1
919,229527	79,900002	80,000000	1,330422E-1
919,229527	79,900002	80,000000	1,330422E-1
920,229922	79,900002	80,000000	1,330422E-1
920,229922	79,900002	80,000000	1,330422E-1
920,229922	80,000000	80,000000	1,330170E-1
920,229922	80,000000	80,000000	1,330170E-1
920,229922	80,000000	80,000000	1,330170E-1
920,229922	80,000000	80,000000	1,330170E-1
920,229922	80,000000	80,000000	1,330170E-1
920,229922	80,000000	80,000000	1,330170E-1
920,229922	80,000000	80,000000	1,330170E-1
920,229922	80,000000	80,000000	1,330170E-1
921,229356	80,000000	80,000000	1,330170E-1
921,229356	80,000000	80,000000	1,330170E-1
921,229356	80,000000	80,000000	1,330170E-1
921,229356	80,000000	80,000000	1,330170E-1
921,229356	80,000000	80,000000	1,330170E-1
921,229356	80,000000	80,000000	1,330170E-1
921,229356	80,000000	80,000000	1,330170E-1
921,229356	80,000000	80,000000	1,330170E-1
921,229356	80,000000	80,000000	1,330170E-1
921,229356	80,000000	80,000000	1,330170E-1
922,229800	80,000000	80,000000	1,330170E-1
922,229800	80,000000	80,000000	1,330170E-1
922,229800	80,000000	80,000000	1,330170E-1
922,229800	80,000000	80,000000	1,330170E-1
922,229800	80,000000	80,000000	1,330170E-1
922,229800	80,000000	80,000000	1,330170E-1
922,229800	80,000000	80,000000	1,330170E-1
922,229800	80,000000	80,000000	1,330170E-1
922,229800	80,000000	80,000000	1,330170E-1
922,229800	80,000000	80,000000	1,330170E-1
923,231253	80,000000	80,000000	1,330170E-1
923,231253	80,000000	80,000000	1,330170E-1
923,231253	80,000000	80,000000	1,330170E-1
923,231253	80,000000	80,000000	1,330170E-1
923,231253	80,000000	80,000000	1,330170E-1
923,231253	80,000000	80,000000	1,330170E-1
923,231253	80,000000	80,000000	1,330170E-1
923,231253	80,000000	80,000000	1,330170E-1
923,231253	79,900002	80,000000	1,330170E-1
923,231253	79,900002	80,000000	1,330170E-1
924,231612	79,900002	80,000000	1,330170E-1
924,231612	80,199997	80,000000	1,330438E-1
924,231612	80,199997	80,000000	1,330438E-1
924,231612	80,199997	80,000000	1,330438E-1
924,231612	79,800003	80,000000	1,329650E-1
924,231612	79,800003	80,000000	1,330690E-1
924,231612	79,800003	80,000000	1,330722E-1
924,231612	79,800003	80,000000	1,330722E-1
924,231612	79,800003	80,000000	1,330754E-1
924,231612	79,800003	80,000000	1,330786E-1
925,232052	79,800003	80,000000	1,330818E-1
925,232052	79,800003	80,000000	1,330818E-1
925,232052	79,899994	80,000000	1,330850E-1
925,232052	79,899994	80,000000	1,330614E-1
925,232052	79,899994	80,000000	1,330614E-1
925,232052	79,899994	80,000000	1,330630E-1
925,232052	79,899994	80,000000	1,330630E-1
925,232052	79,899994	80,000000	1,330646E-1
925,232052	79,899994	80,000000	1,330646E-1
925,232052	79,899994	80,000000	1,330662E-1
926,231565	79,899994	80,000000	1,330678E-1
926,231565	79,899994	80,000000	1,330678E-1
926,231565	80,000000	80,000000	1,330694E-1
926,231565	80,000000	80,000000	1,330442E-1
926,231565	80,000000	80,000000	1,330442E-1
926,231565	80,000000	80,000000	1,330442E-1
926,231565	80,000000	80,000000	1,330442E-1
926,231565	80,000000	80,000000	1,330442E-1
926,231565	80,000000	80,000000	1,330442E-1
926,231565	80,000000	80,000000	1,330442E-1
927,232477	80,000000	80,000000	1,330442E-1
927,232477	80,000000	80,000000	1,330442E-1
927,232477	80,000000	80,000000	1,330442E-1
927,232477	80,000000	80,000000	1,330442E-1
927,232477	80,000000	80,000000	1,330442E-1
927,232477	80,000000	80,000000	1,330442E-1
927,232477	80,000000	80,000000	1,330442E-1
927,232477	80,000000	80,000000	1,330442E-1
927,232477	80,000000	80,000000	1,330442E-1
927,232477	80,000000	80,000000	1,330442E-1
928,232873	80,000000	80,000000	1,330442E-1
928,232873	80,000000	80,000000	1,330442E-1
928,232873	80,000000	80,000000	1,330442E-1
928,232873	80,000000	80,000000	1,330442E-1
928,232873	80,000000	80,000000	1,330442E-1
928,232873	80,000000	80,000000	1,330442E-1
928,232873	80,000000	80,000000	1,330442E-1
928,232873	80,000000	80,000000	1,330442E-1
928,232873	80,000000	80,000000	1,330442E-1
928,232873	80,000000	80,000000	1,330442E-1
929,233380	80,000000	80,000000	1,330442E-1
929,233380	80,000000	80,000000	1,330442E-1
929,233380	80,000000	80,000000	1,330442E-1
929,233380	80,000000	80,000000	1,330442E-1
929,233380	80,000000	80,000000	1,330442E-1
929,233380	80,000000	80,000000	1,330442E-1
929,233380	80,000000	80,000000	1,330442E-1
929,233380	80,000000	80,000000	1,330442E-1
929,233380	80,099998	80,000000	1,330174E-1
929,233380	80,099998	80,000000	1,330158E-1
930,232354	80,099998	80,000000	1,330158E-1
930,232354	80,099998	80,000000	1,330142E-1
930,232354	80,099998	80,000000	1,330142E-1
930,232354	80,099998	80,000000	1,330126E-1
930,232354	80,099998	80,000000	1,330126E-1
930,232354	80,099998	80,000000	1,330110E-1
930,232354	80,099998	80,000000	1,330094E-1
930,232354	80,099998	80,000000	1,330078E-1
930,232354	80,099998	80,000000	1,330078E-1
930,232354	79,800003	80,000000	1,330062E-1
931,232880	79,800003	80,000000	1,330850E-1
931,232880	79,800003	80,000000	1,330850E-1
931,232880	79,800003	80,000000	1,330882E-1
931,232880	79,800003	80,000000	1,330914E-1
931,232880	79,800003	80,000000	1,330946E-1
931,232880	79,800003	80,000000	1,330946E-1
931,232880	79,800003	80,000000	1,330978E-1
931,232880	79,800003	80,000000	1,330978E-1
931,232880	79,800003	80,000000	1,330978E-1
931,232880	79,900002	80,000000	1,331011E-1
932,232921	79,900002	80,000000	1,330775E-1
932,232921	79,900002	80,000000	1,330791E-1
932,232921	79,900002	80,000000	1,330791E-1
932,232921	79,900002	80,000000	1,330807E-1
932,232921	79,900002	80,000000	1,330823E-1
932,232921	79,900002	80,000000	1,330839E-1
932,232921	79,900002	80,000000	1,330855E-1
932,232921	79,900002	80,000000	1,330855E-1
932,232921	79,900002	80,000000	1,330871E-1
932,232921	79,900002	80,000000	1,330887E-1
933,232408	79,899994	80,000000	1,330887E-1
933,232408	79,899994	80,000000	1,330903E-1
933,232408	79,899994	80,000000	1,330903E-1
933,232408	79,899994	80,000000	1,330919E-1
933,232408	79,899994	80,000000	1,330919E-1
933,232408	79,899994	80,000000	1,330935E-1
933,232408	79,899994	80,000000	1,330935E-1
933,232408	79,899994	80,000000	1,330951E-1
933,232408	79,899994	80,000000	1,330967E-1
933,232408	79,899994	80,000000	1,330983E-1
934,233784	79,899994	80,000000	1,330999E-1
934,233784	79,899994	80,000000	1,331015E-1
934,233784	79,899994	80,000000	1,331015E-1
934,233784	79,899994	80,000000	1,331031E-1
934,233784	79,899994	80,000000	1,331048E-1
934,233784	79,899994	80,000000	1,331064E-1
934,233784	79,899994	80,000000	1,331064E-1
934,233784	79,899994	80,000000	1,331080E-1
934,233784	79,899994	80,000000	1,331080E-1
934,233784	79,900002	80,000000	1,331080E-1
935,234202	79,900002	80,000000	1,331096E-1
935,234202	79,900002	80,000000	1,331112E-1
935,234202	79,900002	80,000000	1,331128E-1
935,234202	79,900002	80,000000	1,331144E-1
935,234202	79,900002	80,000000	1,331160E-1
935,234202	79,900002	80,000000	1,331160E-1
935,234202	79,900002	80,000000	1,331176E-1
935,234202	79,900002	80,000000	1,331176E-1
935,234202	79,900002	80,000000	1,331192E-1
935,234202	79,900002	80,000000	1,331208E-1
936,235289	79,900002	80,000000	1,331224E-1
936,235289	79,900002	80,000000	1,331224E-1
936,235289	79,900002	80,000000	1,331224E-1
936,235289	79,900002	80,000000	1,331240E-1
936,235289	79,900002	80,000000	1,331240E-1
936,235289	79,900002	80,000000	1,331256E-1
936,235289	79,900002	80,000000	1,331272E-1
936,235289	79,900002	80,000000	1,331288E-1
936,235289	79,900002	80,000000	1,331288E-1
936,235289	80,199997	80,000000	1,331304E-1
937,235189	80,199997	80,000000	1,330516E-1
937,235189	80,199997	80,000000	1,330516E-1
937,235189	80,199997	80,000000	1,330484E-1
937,235189	80,199997	80,000000	1,330452E-1
937,235189	80,199997	80,000000	1,330420E-1
937,235189	80,199997	80,000000	1,330388E-1
937,235189	80,199997	80,000000	1,330388E-1
937,235189	80,199997	80,000000	1,330388E-1
937,235189	80,199997	80,000000	1,330356E-1
937,235189	79,800003	80,000000	1,330356E-1
938,235686	79,800003	80,000000	1,331396E-1
938,235686	79,800003	80,000000	1,331428E-1
938,235686	79,800003	80,000000	1,331460E-1
938,235686	79,800003	80,000000	1,331492E-1
938,235686	79,800003	80,000000	1,331492E-1
938,235686	79,800003	80,000000	1,331524E-1
938,235686	79,800003	80,000000	1,331556E-1
938,235686	79,800003	80,000000	1,331556E-1
938,235686	79,800003	80,000000	1,331588E-1
938,235686	79,800003	80,000000	1,331620E-1
939,236082	79,800003	80,000000	1,331620E-1
939,236082	79,800003	80,000000	1,331653E-1
939,236082	79,800003	80,000000	1,331653E-1
939,236082	79,800003	80,000000	1,331653E-1
939,236082	79,800003	80,000000	1,331685E-1
939,236082	79,800003	80,000000	1,331685E-1
939,236082	79,800003	80,000000	1,331717E-1
939,236082	79,800003	80,000000	1,331749E-1
939,236082	79,800003	80,000000	1,331781E-1
939,236082	79,800003	80,000000	1,331781E-1
940,235519	79,800003	80,000000	1,331813E-1
940,235519	79,800003	80,000000	1,331813E-1
940,235519	79,800003	80,000000	1,331845E-1
940,235519	80,000000	80,000000	1,331877E-1
940,235519	80,000000	80,000000	1,331877E-1
940,235519	80,000000	80,000000	1,331373E-1
940,235519	80,000000	80,000000	1,331373E-1
940,235519	80,000000	80,000000	1,331373E-1
940,235519	80,000000	80,000000	1,331373E-1
940,235519	80,000000	80,000000	1,331373E-1
941,235914	80,000000	80,000000	1,331373E-1
941,235914	80,000000	80,000000	1,331373E-1
941,235914	80,000000	80,000000	1,331373E-1
941,235914	80,300003	80,000000	1,331373E-1
941,235914	80,300003	80,000000	1,330569E-1
941,235914	80,300003	80,000000	1,330521E-1
941,235914	80,300003	80,000000	1,330473E-1
941,235914	80,300003	80,000000	1,330473E-1
941,235914	80,300003	80,000000	1,330425E-1
941,235914	80,300003	80,000000	1,330377E-1
942,237348	80,300003	80,000000	1,330328E-1
942,237348	80,300003	80,000000	1,330328E-1
942,237348	80,300003	80,000000	1,330280E-1
942,237348	80,100006	80,000000	1,330280E-1
942,237348	80,100006	80,000000	1,330280E-1
942,237348	80,100006	80,000000	1,330768E-1
942,237348	80,100006	80,000000	1,330752E-1
942,237348	80,100006	80,000000	1,330736E-1
942,237348	80,100006	80,000000	1,330736E-1
942,237348	80,100006	80,000000	1,330736E-1
943,237784	80,100006	80,000000	1,330720E-1
943,237784	80,100006	80,000000	1,330720E-1
943,237784	80,100006	80,000000	1,330720E-1
943,237784	80,100006	80,000000	1,330720E-1
943,237784	80,100006	80,000000	1,330720E-1
943,237784	80,100006	80,000000	1,330720E-1
943,237784	80,100006	80,000000	1,330720E-1
943,237784	80,100006	80,000000	1,330720E-1
943,237784	80,100006	80,000000	1,330720E-1
943,237784	80,100006	80,000000	1,330720E-1
944,238173	80,100006	80,000000	1,330720E-1
944,238173	80,100006	80,000000	1,330720E-1
944,238173	80,100006	80,000000	1,330720E-1
944,238173	80,100006	80,000000	1,330720E-1
944,238173	80,100006	80,000000	1,330720E-1
944,238173	80,100006	80,000000	1,330720E-1
944,238173	80,100006	80,000000	1,330720E-1
944,238173	80,100006	80,000000	1,330720E-1
944,238173	80,100006	80,000000	1,330720E-1
944,238173	80,100006	80,000000	1,330720E-1
945,237617	80,100006	80,000000	1,330720E-1
945,237617	80,100006	80,000000	1,330720E-1
945,237617	80,100006	80,000000	1,330720E-1
945,237617	80,100006	80,000000	1,330720E-1
945,237617	80,100006	80,000000	1,330704E-1
945,237617	80,100006	80,000000	1,330704E-1
945,237617	80,100006	80,000000	1,330704E-1
945,237617	80,100006	80,000000	1,330704E-1
945,237617	80,100006	80,000000	1,330704E-1
945,237617	80,100006	80,000000	1,330704E-1
946,239088	80,100006	80,000000	1,330704E-1
946,239088	80,100006	80,000000	1,330704E-1
946,239088	80,100006	80,000000	1,330704E-1
946,239088	80,100006	80,000000	1,330704E-1
946,239088	80,100006	80,000000	1,330704E-1
946,239088	80,100006	80,000000	1,330704E-1
946,239088	80,100006	80,000000	1,330704E-1
946,239088	80,100006	80,000000	1,330704E-1
946,239088	80,100006	80,000000	1,330704E-1
946,239088	80,100006	80,000000	1,330704E-1
947,239450	80,100006	80,000000	1,330704E-1
947,239450	80,100006	80,000000	1,330704E-1
947,239450	80,100006	80,000000	1,330688E-1
947,239450	80,100006	80,000000	1,330688E-1
947,239450	79,800003	80,000000	1,330688E-1
947,239450	79,800003	80,000000	1,330688E-1
947,239450	79,800003	80,000000	1,330688E-1
947,239450	79,800003	80,000000	1,330688E-1
947,239450	79,800003	80,000000	1,330688E-1
947,239450	79,800003	80,000000	1,330688E-1
948,239878	79,800003	80,000000	1,330688E-1
948,239878	79,800003	80,000000	1,330688E-1
948,239878	79,800003	80,000000	1,330688E-1
948,239878	79,800003	80,000000	1,330688E-1
948,239878	79,800003	80,000000	1,330688E-1
948,239878	79,800003	80,000000	1,330688E-1
948,239878	79,800003	80,000000	1,330688E-1
948,239878	79,800003	80,000000	1,330688E-1
948,239878	79,800003	80,000000	1,330688E-1
948,239878	79,800003	80,000000	1,331476E-1
949,240346	79,800003	80,000000	1,331476E-1
949,240346	79,800003	80,000000	1,331476E-1
949,240346	79,800003	80,000000	1,331508E-1
949,240346	79,800003	80,000000	1,331508E-1
949,240346	79,800003	80,000000	1,331508E-1
949,240346	79,800003	80,000000	1,331508E-1
949,240346	79,800003	80,000000	1,331508E-1
949,240346	79,800003	80,000000	1,331508E-1
949,240346	79,800003	80,000000	1,331508E-1
949,240346	79,800003	80,000000	1,331508E-1
950,241773	79,800003	80,000000	1,331508E-1
950,241773	79,800003	80,000000	1,331508E-1
950,241773	79,800003	80,000000	1,331508E-1
950,241773	79,800003	80,000000	1,331508E-1
950,241773	79,800003	80,000000	1,331508E-1
950,241773	79,800003	80,000000	1,331508E-1
950,241773	79,800003	80,000000	1,331508E-1
950,241773	79,800003	80,000000	1,331508E-1
950,241773	79,800003	80,000000	1,331508E-1
950,241773	80,199997	80,000000	1,331508E-1
951,243218	80,199997	80,000000	1,330468E-1
951,243218	80,199997	80,000000	1,330468E-1
951,243218	80,199997	80,000000	1,330468E-1
951,243218	80,199997	80,000000	1,330468E-1
951,243218	80,199997	80,000000	1,330468E-1
951,243218	80,199997	80,000000	1,330468E-1
951,243218	80,199997	80,000000	1,330468E-1
951,243218	80,199997	80,000000	1,330468E-1
951,243218	80,199997	80,000000	1,330468E-1
951,243218	80,199997	80,000000	1,330468E-1
952,243635	80,199997	80,000000	1,330468E-1
952,243635	80,199997	80,000000	1,330468E-1
952,243635	80,199997	80,000000	1,330468E-1
952,243635	80,199997	80,000000	1,330468E-1
952,243635	80,199997	80,000000	1,330468E-1
952,243635	80,199997	80,000000	1,330468E-1
952,243635	80,199997	80,000000	1,330468E-1
952,243635	80,199997	80,000000	1,330468E-1
952,243635	80,000000	80,000000	1,330972E-1
952,243635	80,000000	80,000000	1,330972E-1
953,244005	80,000000	80,000000	1,330972E-1
953,244005	80,000000	80,000000	1,330972E-1
953,244005	80,000000	80,000000	1,330972E-1
953,244005	80,000000	80,000000	1,330972E-1
953,244005	80,000000	80,000000	1,330972E-1
953,244005	80,000000	80,000000	1,330972E-1
953,244005	80,000000	80,000000	1,330972E-1
953,244005	80,000000	80,000000	1,330972E-1
953,244005	80,000000	80,000000	1,330972E-1
953,244005	80,000000	80,000000	1,330972E-1
954,243444	80,000000	80,000000	1,330972E-1
954,243444	80,000000	80,000000	1,330972E-1
954,243444	80,000000	80,000000	1,330972E-1
954,243444	80,000000	80,000000	1,330972E-1
954,243444	80,000000	80,000000	1,330972E-1
954,243444	80,000000	80,000000	1,330972E-1
954,243444	80,000000	80,000000	1,330972E-1
954,243444	79,800003	80,000000	1,330972E-1
954,243444	79,800003	80,000000	1,330972E-1
954,243444	79,900002	80,000000	1,331508E-1
955,243884	79,900002	80,000000	1,331272E-1
955,243884	79,900002	80,000000	1,331288E-1
955,243884	79,900002	80,000000	1,331304E-1
955,243884	79,900002	80,000000	1,331320E-1
955,243884	79,900002	80,000000	1,331336E-1
955,243884	79,900002	80,000000	1,331352E-1
955,243884	79,900002	80,000000	1,331352E-1
955,243884	79,900002	80,000000	1,331368E-1
955,243884	79,900002	80,000000	1,331385E-1
955,243884	79,900002	80,000000	1,331401E-1
956,244287	79,900002	80,000000	1,331401E-1
956,244287	79,900002	80,000000	1,331417E-1
956,244287	79,800003	80,000000	1,331417E-1
956,244287	79,800003	80,000000	1,331417E-1
956,244287	79,800003	80,000000	1,331701E-1
956,244287	79,800003	80,000000	1,331733E-1
956,244287	79,800003	80,000000	1,331765E-1
956,244287	79,800003	80,000000	1,331765E-1
956,244287	79,800003	80,000000	1,331797E-1
956,244287	79,800003	80,000000	1,331829E-1
957,243767	79,800003	80,000000	1,331829E-1
957,243767	79,800003	80,000000	1,331861E-1
957,243767	79,800003	80,000000	1,331893E-1
957,243767	79,800003	80,000000	1,331925E-1
957,243767	79,800003	80,000000	1,331925E-1
957,243767	79,800003	80,000000	1,331957E-1
957,243767	79,800003	80,000000	1,331957E-1
957,243767	79,800003	80,000000	1,331990E-1
957,243767	79,800003	80,000000	1,331990E-1
957,243767	79,800003	80,000000	1,332022E-1
958,244134	79,800003	80,000000	1,332054E-1
958,244134	79,800003	80,000000	1,332054E-1
958,244134	80,000000	80,000000	1,332086E-1
958,244134	80,000000	80,000000	1,331582E-1
958,244134	80,000000	80,000000	1,331582E-1
958,244134	80,000000	80,000000	1,331582E-1
958,244134	80,000000	80,000000	1,331582E-1
958,244134	80,000000	80,000000	1,331582E-1
958,244134	80,000000	80,000000	1,331582E-1
958,244134	80,000000	80,000000	1,331582E-1
959,244540	80,000000	80,000000	1,331582E-1
959,244540	80,000000	80,000000	1,331582E-1
959,244540	80,199997	80,000000	1,331582E-1
959,244540	80,199997	80,000000	1,331582E-1
959,244540	80,199997	80,000000	1,331046E-1
959,244540	80,199997	80,000000	1,331014E-1
959,244540	80,199997	80,000000	1,330982E-1
959,244540	80,199997	80,000000	1,330982E-1
959,244540	80,199997	80,000000	1,330950E-1
959,244540	80,199997	80,000000	1,330950E-1
960,246040	80,199997	80,000000	1,330917E-1
960,246040	80,199997	80,000000	1,330885E-1
960,246040	79,900002	80,000000	1,331657E-1
960,246040	79,900002	80,000000	1,331657E-1
960,246040	79,900002	80,000000	1,331673E-1
960,246040	79,900002	80,000000	1,331673E-1
960,246040	79,900002	80,000000	1,331689E-1
960,246040	79,900002	80,000000	1,331689E-1
960,246040	79,900002	80,000000	1,331689E-1
960,246040	79,900002	80,000000	1,331689E-1
961,245466	79,900002	80,000000	1,331705E-1
961,245466	79,900002	80,000000	1,331705E-1
961,245466	79,900002	80,000000	1,331705E-1
961,245466	79,900002	80,000000	1,331705E-1
961,245466	79,900002	80,000000	1,331705E-1
961,245466	79,900002	80,000000	1,331705E-1
961,245466	79,900002	80,000000	1,331705E-1
961,245466	79,900002	80,000000	1,331705E-1
961,245466	79,900002	80,000000	1,331705E-1
961,245466	79,900002	80,000000	1,331705E-1
962,245881	79,900002	80,000000	1,331705E-1
962,245881	79,900002	80,000000	1,331705E-1
962,245881	79,900002	80,000000	1,331705E-1
962,245881	79,900002	80,000000	1,331705E-1
962,245881	79,900002	80,000000	1,331705E-1
962,245881	79,900002	80,000000	1,331705E-1
962,245881	79,900002	80,000000	1,331705E-1
962,245881	79,900002	80,000000	1,331705E-1
962,245881	79,900002	80,000000	1,331705E-1
962,245881	79,900002	80,000000	1,331705E-1
963,246290	79,900002	80,000000	1,331705E-1
963,246290	79,900002	80,000000	1,331705E-1
963,246290	79,900002	80,000000	1,331705E-1
963,246290	79,900002	80,000000	1,331705E-1
963,246290	79,900002	80,000000	1,331722E-1
963,246290	79,900002	80,000000	1,331722E-1
963,246290	79,900002	80,000000	1,331722E-1
963,246290	79,600006	80,000000	1,331722E-1
963,246290	79,600006	80,000000	1,331722E-1
963,246290	79,600006	80,000000	1,331722E-1
964,245677	79,600006	80,000000	1,331722E-1
964,245677	79,600006	80,000000	1,331722E-1
964,245677	79,600006	80,000000	1,331722E-1
964,245677	79,600006	80,000000	1,331722E-1
964,245677	79,600006	80,000000	1,331722E-1
964,245677	79,600006	80,000000	1,331722E-1
964,245677	79,600006	80,000000	1,331722E-1
964,245677	79,600006	80,000000	1,331722E-1
964,245677	79,600006	80,000000	1,331722E-1
964,245677	79,600006	80,000000	1,331722E-1
965,246087	79,600006	80,000000	1,331722E-1
965,246087	79,600006	80,000000	1,331722E-1
965,246087	79,600006	80,000000	1,332542E-1
965,246087	79,600006	80,000000	1,332542E-1
965,246087	79,599998	80,000000	1,332542E-1
965,246087	79,599998	80,000000	1,332542E-1
965,246087	79,599998	80,000000	1,332542E-1
965,246087	79,599998	80,000000	1,332542E-1
965,246087	79,599998	80,000000	1,332542E-1
965,246087	79,599998	80,000000	1,332542E-1
966,245556	79,599998	80,000000	1,332542E-1
966,245556	79,599998	80,000000	1,332542E-1
966,245556	79,599998	80,000000	1,332542E-1
966,245556	79,599998	80,000000	1,332542E-1
966,245556	79,599998	80,000000	1,332542E-1
966,245556	79,599998	80,000000	1,332542E-1
966,245556	79,599998	80,000000	1,332542E-1
966,245556	79,599998	80,000000	1,332542E-1
966,245556	79,599998	80,000000	1,332542E-1
966,245556	79,599998	80,000000	1,332606E-1
967,245934	79,599998	80,000000	1,332606E-1
967,245934	79,599998	80,000000	1,332606E-1
967,245934	79,599998	80,000000	1,332606E-1
967,245934	79,599998	80,000000	1,332606E-1
967,245934	79,599998	80,000000	1,332606E-1
967,245934	79,599998	80,000000	1,332606E-1
967,245934	79,599998	80,000000	1,332606E-1
967,245934	79,599998	80,000000	1,332606E-1
967,245934	79,599998	80,000000	1,332606E-1
967,245934	79,599998	80,000000	1,332606E-1
968,245370	79,599998	80,000000	1,332606E-1
968,245370	79,599998	80,000000	1,332606E-1
968,245370	79,599998	80,000000	1,332606E-1
968,245370	79,599998	80,000000	1,332606E-1
968,245370	79,599998	80,000000	1,332606E-1
968,245370	79,599998	80,000000	1,332606E-1
968,245370	79,599998	80,000000	1,332606E-1
968,245370	80,000000	80,000000	1,332670E-1
968,245370	80,000000	80,000000	1,332670E-1
968,245370	80,000000	80,000000	1,332670E-1
969,245888	80,000000	80,000000	1,332670E-1
969,245888	80,000000	80,000000	1,332670E-1
969,245888	80,000000	80,000000	1,332670E-1
969,245888	80,000000	80,000000	1,332670E-1
969,245888	80,000000	80,000000	1,332670E-1
969,245888	80,000000	80,000000	1,332670E-1
969,245888	80,000000	80,000000	1,332670E-1
969,245888	80,000000	80,000000	1,332670E-1
969,245888	80,000000	80,000000	1,332670E-1
969,245888	80,000000	80,000000	1,332670E-1
970,246279	80,000000	80,000000	1,332670E-1
970,246279	80,000000	80,000000	1,332670E-1
970,246279	80,000000	80,000000	1,332670E-1
970,246279	80,000000	80,000000	1,332670E-1
970,246279	80,000000	80,000000	1,332670E-1
970,246279	80,000000	80,000000	1,331662E-1
970,246279	80,000000	80,000000	1,331662E-1
970,246279	80,000000	80,000000	1,331662E-1
970,246279	80,000000	80,000000	1,331662E-1
970,246279	80,000000	80,000000	1,331662E-1
971,245682	80,000000	80,000000	1,331662E-1
971,245682	80,000000	80,000000	1,331662E-1
971,245682	80,000000	80,000000	1,331662E-1
971,245682	80,000000	80,000000	1,331662E-1
971,245682	80,000000	80,000000	1,331662E-1
971,245682	80,000000	80,000000	1,331662E-1
971,245682	80,000000	80,000000	1,331662E-1
971,245682	80,000000	80,000000	1,331662E-1
971,245682	80,000000	80,000000	1,331662E-1
971,245682	80,000000	80,000000	1,331662E-1
972,246191	80,000000	80,000000	1,331662E-1
972,246191	80,000000	80,000000	1,331662E-1
972,246191	80,000000	80,000000	1,331662E-1
972,246191	80,000000	80,000000	1,331662E-1
972,246191	80,199997	80,000000	1,331662E-1
972,246191	80,199997	80,000000	1,331662E-1
972,246191	79,900002	80,000000	1,331126E-1
972,246191	79,900002	80,000000	1,331126E-1
972,246191	79,900002	80,000000	1,331126E-1
972,246191	79,900002	80,000000	1,331898E-1
973,245711	80,199997	80,000000	1,331914E-1
973,245711	80,199997	80,000000	1,331914E-1
973,245711	80,199997	80,000000	1,331126E-1
973,245711	80,199997	80,000000	1,331094E-1
973,245711	80,199997	80,000000	1,331062E-1
973,245711	80,199997	80,000000	1,331062E-1
973,245711	80,199997	80,000000	1,331030E-1
973,245711	80,199997	80,000000	1,331030E-1
973,245711	79,900002	80,000000	1,330998E-1
973,245711	79,900002	80,000000	1,331770E-1
974,247029	79,900002	80,000000	1,331786E-1
974,247029	79,900002	80,000000	1,331786E-1
974,247029	79,900002	80,000000	1,331786E-1
974,247029	79,900002	80,000000	1,331802E-1
974,247029	79,900002	80,000000	1,331802E-1
974,247029	79,900002	80,000000	1,331818E-1
974,247029	79,900002	80,000000	1,331834E-1
974,247029	79,900002	80,000000	1,331850E-1
974,247029	79,900002	80,000000	1,331850E-1
974,247029	80,300003	80,000000	1,331866E-1
975,247489	80,300003	80,000000	1,330810E-1
975,247489	80,300003	80,000000	1,330810E-1
975,247489	80,300003	80,000000	1,330762E-1
975,247489	80,300003	80,000000	1,330714E-1
975,247489	80,300003	80,000000	1,330665E-1
975,247489	80,300003	80,000000	1,330617E-1
975,247489	80,300003	80,000000	1,330617E-1
975,247489	80,300003	80,000000	1,330617E-1
975,247489	80,300003	80,000000	1,330569E-1
975,247489	80,300003	80,000000	1,330569E-1
976,247885	80,300003	80,000000	1,330521E-1
976,247885	80,300003	80,000000	1,330521E-1
976,247885	79,800003	80,000000	1,330473E-1
976,247885	79,800003	80,000000	1,331765E-1
976,247885	79,800003	80,000000	1,331797E-1
976,247885	79,800003	80,000000	1,331797E-1
976,247885	79,800003	80,000000	1,331829E-1
976,247885	79,800003	80,000000	1,331861E-1
976,247885	79,800003	80,000000	1,331893E-1
976,247885	79,800003	80,000000	1,331893E-1
977,249323	79,800003	80,000000	1,331925E-1
977,249323	79,800003	80,000000	1,331925E-1
977,249323	79,800003	80,000000	1,331957E-1
977,249323	79,800003	80,000000	1,331957E-1
977,249323	79,699997	80,000000	1,331957E-1
977,249323	79,699997	80,000000	1,332258E-1
977,249323	79,699997	80,000000	1,332306E-1
977,249323	79,699997	80,000000	1,332354E-1
977,249323	79,699997	80,000000	1,332402E-1
977,249323	79,699997	80,000000	1,332450E-1
978,248746	79,699997	80,000000	1,332450E-1
978,248746	79,699997	80,000000	1,332498E-1
978,248746	79,699997	80,000000	1,332546E-1
978,248746	80,099998	80,000000	1,332546E-1
978,248746	80,099998	80,000000	1,331523E-1
978,248746	80,099998	80,000000	1,331506E-1
978,248746	80,099998	80,000000	1,331506E-1
978,248746	80,099998	80,000000	1,331506E-1
978,248746	80,099998	80,000000	1,331490E-1
978,248746	80,099998	80,000000	1,331490E-1
979,249195	80,099998	80,000000	1,331474E-1
979,249195	80,099998	80,000000	1,331458E-1
979,249195	80,099998	80,000000	1,331442E-1
979,249195	80,099998	80,000000	1,331442E-1
979,249195	79,800003	80,000000	1,331426E-1
979,249195	79,800003	80,000000	1,332214E-1
979,249195	79,800003	80,000000	1,332214E-1
979,249195	79,800003	80,000000	1,332246E-1
979,249195	79,800003	80,000000	1,332278E-1
979,249195	79,800003	80,000000	1,332278E-1
980,248624	79,800003	80,000000	1,332311E-1
980,248624	79,800003	80,000000	1,332311E-1
980,248624	79,800003	80,000000	1,332343E-1
980,248624	79,800003	80,000000	1,332343E-1
980,248624	79,800003	80,000000	1,332375E-1
980,248624	79,800003	80,000000	1,332407E-1
980,248624	79,800003	80,000000	1,332407E-1
980,248624	79,800003	80,000000	1,332439E-1
980,248624	79,800003	80,000000	1,332471E-1
980,248624	79,800003	80,000000	1,332471E-1
981,249074	79,800003	80,000000	1,332503E-1
981,249074	79,800003	80,000000	1,332535E-1
981,249074	79,800003	80,000000	1,332535E-1
981,249074	79,800003	80,000000	1,332567E-1
981,249074	79,800003	80,000000	1,332599E-1
981,249074	79,800003	80,000000	1,332599E-1
981,249074	79,800003	80,000000	1,332632E-1
981,249074	80,099998	80,000000	1,332632E-1
981,249074	80,099998	80,000000	1,332632E-1
981,249074	80,099998	80,000000	1,331860E-1
982,248462	80,099998	80,000000	1,331860E-1
982,248462	80,099998	80,000000	1,331844E-1
982,248462	80,099998	80,000000	1,331827E-1
982,248462	80,099998	80,000000	1,331811E-1
982,248462	80,099998	80,000000	1,331795E-1
982,248462	80,099998	80,000000	1,331795E-1
982,248462	80,099998	80,000000	1,331779E-1
982,248462	79,800003	80,000000	1,331763E-1
982,248462	79,800003	80,000000	1,332551E-1
982,248462	79,800003	80,000000	1,332551E-1
983,248820	79,800003	80,000000	1,332583E-1
983,248820	79,800003	80,000000	1,332583E-1
983,248820	79,800003	80,000000	1,332615E-1
983,248820	79,800003	80,000000	1,332615E-1
983,248820	79,800003	80,000000	1,332648E-1
983,248820	79,800003	80,000000	1,332680E-1
983,248820	79,800003	80,000000	1,332680E-1
983,248820	79,800003	80,000000	1,332712E-1
983,248820	80,099998	80,000000	1,332744E-1
983,248820	80,099998	80,000000	1,331972E-1
984,249188	80,099998	80,000000	1,331972E-1
984,249188	80,099998	80,000000	1,331956E-1
984,249188	80,099998	80,000000	1,331940E-1
984,249188	80,099998	80,000000	1,331940E-1
984,249188	80,099998	80,000000	1,331924E-1
984,249188	80,099998	80,000000	1,331908E-1
984,249188	80,099998	80,000000	1,331908E-1
984,249188	79,900002	80,000000	1,331892E-1
984,249188	79,900002	80,000000	1,331892E-1
984,249188	79,900002	80,000000	1,332412E-1
985,248613	79,900002	80,000000	1,332428E-1
985,248613	79,900002	80,000000	1,332428E-1
985,248613	79,900002	80,000000	1,332444E-1
985,248613	79,900002	80,000000	1,332460E-1
985,248613	79,900002	80,000000	1,332476E-1
985,248613	79,900002	80,000000	1,332476E-1
985,248613	79,900002	80,000000	1,332492E-1
985,248613	79,800003	80,000000	1,332508E-1
985,248613	79,800003	80,000000	1,332508E-1
985,248613	79,800003	80,000000	1,332792E-1
986,249105	79,800003	80,000000	1,332824E-1
986,249105	79,800003	80,000000	1,332824E-1
986,249105	79,800003	80,000000	1,332856E-1
986,249105	79,800003	80,000000	1,332856E-1
986,249105	79,800003	80,000000	1,332888E-1
986,249105	79,800003	80,000000	1,332920E-1
986,249105	79,800003	80,000000	1,332953E-1
986,249105	79,800003	80,000000	1,332985E-1
986,249105	79,800003	80,000000	1,332985E-1
986,249105	79,800003	80,000000	1,333017E-1
987,248493	80,099998	80,000000	1,333017E-1
987,248493	80,099998	80,000000	1,332245E-1
987,248493	80,099998	80,000000	1,332229E-1
987,248493	80,099998	80,000000	1,332213E-1
987,248493	80,099998	80,000000	1,332213E-1
987,248493	80,099998	80,000000	1,332197E-1
987,248493	80,099998	80,000000	1,332181E-1
987,248493	80,099998	80,000000	1,332181E-1
987,248493	80,099998	80,000000	1,332181E-1
987,248493	80,099998	80,000000	1,332164E-1
988,248911	80,099998	80,000000	1,332164E-1
988,248911	80,099998	80,000000	1,332148E-1
988,248911	80,000000	80,000000	1,332132E-1
988,248911	80,000000	80,000000	1,332384E-1
988,248911	80,000000	80,000000	1,332384E-1
988,248911	80,000000	80,000000	1,332384E-1
988,248911	80,000000	80,000000	1,332384E-1
988,248911	80,000000	80,000000	1,332384E-1
988,248911	80,000000	80,000000	1,332384E-1
988,248911	80,000000	80,000000	1,332384E-1
989,250333	80,000000	80,000000	1,332384E-1
989,250333	80,000000	80,000000	1,332384E-1
989,250333	80,000000	80,000000	1,332384E-1
989,250333	80,000000	80,000000	1,332384E-1
989,250333	80,000000	80,000000	1,332384E-1
989,250333	80,000000	80,000000	1,332384E-1
989,250333	80,000000	80,000000	1,332384E-1
989,250333	80,000000	80,000000	1,332384E-1
989,250333	80,000000	80,000000	1,332384E-1
989,250333	80,000000	80,000000	1,332384E-1
990,250320	80,000000	80,000000	1,332384E-1
990,250320	79,899994	80,000000	1,332384E-1
990,250320	79,899994	80,000000	1,332652E-1
990,250320	79,899994	80,000000	1,332668E-1
990,250320	79,899994	80,000000	1,332685E-1
990,250320	79,899994	80,000000	1,332701E-1
990,250320	79,899994	80,000000	1,332701E-1
990,250320	79,899994	80,000000	1,332717E-1
990,250320	79,899994	80,000000	1,332717E-1
990,250320	79,899994	80,000000	1,332733E-1
991,251813	79,899994	80,000000	1,332733E-1
991,251813	79,899994	80,000000	1,332749E-1
991,251813	80,300003	80,000000	1,332765E-1
991,251813	80,300003	80,000000	1,332765E-1
991,251813	80,300003	80,000000	1,331709E-1
991,251813	80,300003	80,000000	1,331661E-1
991,251813	80,300003	80,000000	1,331612E-1
991,251813	80,300003	80,000000	1,331612E-1
991,251813	80,300003	80,000000	1,331564E-1
991,251813	80,300003	80,000000	1,331516E-1
992,252219	80,300003	80,000000	1,331516E-1
992,252219	80,300003	80,000000	1,331468E-1
992,252219	80,300003	80,000000	1,331468E-1
992,252219	80,300003	80,000000	1,331468E-1
992,252219	80,300003	80,000000	1,331468E-1
992,252219	80,300003	80,000000	1,331420E-1
992,252219	80,300003	80,000000	1,331372E-1
992,252219	80,100006	80,000000	1,331323E-1
992,252219	80,100006	80,000000	1,331811E-1
992,252219	80,100006	80,000000	1,331811E-1
993,252643	80,100006	80,000000	1,331795E-1
993,252643	80,100006	80,000000	1,331779E-1
993,252643	80,100006	80,000000	1,331779E-1
993,252643	80,100006	80,000000	1,331763E-1
993,252643	80,100006	80,000000	1,331747E-1
993,252643	80,100006	80,000000	1,331731E-1
993,252643	80,100006	80,000000	1,331731E-1
993,252643	80,100006	80,000000	1,331731E-1
993,252643	80,100006	80,000000	1,331715E-1
993,252643	80,099998	80,000000	1,331715E-1
994,254077	80,099998	80,000000	1,331699E-1
994,254077	80,099998	80,000000	1,331683E-1
994,254077	80,099998	80,000000	1,331667E-1
994,254077	80,099998	80,000000	1,331651E-1
994,254077	80,099998	80,000000	1,331651E-1
994,254077	80,099998	80,000000	1,331635E-1
994,254077	80,099998	80,000000	1,331619E-1
994,254077	80,099998	80,000000	1,331619E-1
994,254077	80,100006	80,000000	1,331603E-1
994,254077	80,100006	80,000000	1,331587E-1
995,254516	80,100006	80,000000	1,331587E-1
995,254516	80,100006	80,000000	1,331587E-1
995,254516	80,100006	80,000000	1,331571E-1
995,254516	80,100006	80,000000	1,331571E-1
995,254516	80,100006	80,000000	1,331555E-1
995,254516	80,100006	80,000000	1,331539E-1
995,254516	80,100006	80,000000	1,331522E-1
995,254516	80,100006	80,000000	1,331522E-1
995,254516	79,899994	80,000000	1,331506E-1
995,254516	79,899994	80,000000	1,331506E-1
996,255222	79,899994	80,000000	1,332026E-1
996,255222	79,899994	80,000000	1,332043E-1
996,255222	79,899994	80,000000	1,332059E-1
996,255222	79,899994	80,000000	1,332059E-1
996,255222	79,899994	80,000000	1,332075E-1
996,255222	79,899994	80,000000	1,332091E-1
996,255222	79,899994	80,000000	1,332091E-1
996,255222	79,899994	80,000000	1,332107E-1
996,255222	79,899994	80,000000	1,332107E-1
996,255222	79,900002	80,000000	1,332107E-1
997,255658	79,900002	80,000000	1,332123E-1
997,255658	79,900002	80,000000	1,332123E-1
997,255658	79,900002	80,000000	1,332139E-1
997,255658	79,900002	80,000000	1,332155E-1
997,255658	79,900002	80,000000	1,332155E-1
997,255658	79,900002	80,000000	1,332171E-1
997,255658	79,900002	80,000000	1,332187E-1
997,255658	79,900002	80,000000	1,332187E-1
997,255658	79,900002	80,000000	1,332203E-1
997,255658	79,900002	80,000000	1,332219E-1
998,257119	79,900002	80,000000	1,332235E-1
998,257119	79,900002	80,000000	1,332235E-1
998,257119	79,900002	80,000000	1,332235E-1
998,257119	79,699997	80,000000	1,332787E-1
998,257119	79,699997	80,000000	1,332787E-1
998,257119	79,699997	80,000000	1,332835E-1
998,257119	79,699997	80,000000	1,332884E-1
998,257119	79,699997	80,000000	1,332884E-1
998,257119	79,699997	80,000000	1,332932E-1
998,257119	79,699997	80,000000	1,332980E-1
999,256502	79,699997	80,000000	1,333028E-1
999,256502	79,699997	80,000000	1,333028E-1
999,256502	79,699997	80,000000	1,333076E-1
999,256502	79,699997	80,000000	1,333076E-1
999,256502	79,699997	80,000000	1,333124E-1
999,256502	79,699997	80,000000	1,333172E-1
999,256502	79,699997	80,000000	1,333172E-1
999,256502	79,699997	80,000000	1,333221E-1
999,256502	79,699997	80,000000	1,333221E-1
999,256502	79,699997	80,000000	1,333269E-1
1000,256974	79,699997	80,000000	1,333269E-1
1000,256974	79,699997	80,000000	1,333317E-1
1000,256974	79,699997	80,000000	1,333365E-1
1000,256974	79,699997	80,000000	1,333413E-1
1000,256974	80,100006	80,000000	1,333413E-1
1000,256974	80,100006	80,000000	1,332389E-1
1000,256974	80,100006	80,000000	1,332373E-1
1000,256974	80,100006	80,000000	1,332357E-1
1000,256974	80,100006	80,000000	1,332341E-1
1000,256974	80,100006	80,000000	1,332325E-1
1001,256492	80,100006	80,000000	1,332325E-1
1001,256492	80,100006	80,000000	1,332325E-1
1001,256492	80,100006	80,000000	1,332309E-1
1001,256492	80,099998	80,000000	1,332309E-1
1001,256492	80,099998	80,000000	1,332293E-1
1001,256492	80,099998	80,000000	1,332277E-1
1001,256492	80,099998	80,000000	1,332277E-1
1001,256492	80,099998	80,000000	1,332261E-1
1001,256492	80,099998	80,000000	1,332245E-1
1001,256492	80,099998	80,000000	1,332245E-1
1002,256900	80,099998	80,000000	1,332229E-1
1002,256900	80,099998	80,000000	1,332213E-1
1002,256900	80,300003	80,000000	1,332197E-1
1002,256900	80,300003	80,000000	1,332197E-1
1002,256900	80,300003	80,000000	1,331644E-1
1002,256900	80,300003	80,000000	1,331596E-1
1002,256900	80,300003	80,000000	1,331596E-1
1002,256900	80,300003	80,000000	1,331548E-1
1002,256900	80,300003	80,000000	1,331548E-1
1002,256900	80,300003	80,000000	1,331548E-1
1003,256359	80,300003	80,000000	1,331500E-1
1003,256359	80,300003	80,000000	1,331452E-1
1003,256359	80,300003	80,000000	1,331452E-1
1003,256359	80,300003	80,000000	1,331404E-1
1003,256359	80,300003	80,000000	1,331404E-1
1003,256359	80,300003	80,000000	1,331356E-1
1003,256359	79,699997	80,000000	1,331356E-1
1003,256359	79,699997	80,000000	1,332916E-1
1003,256359	79,699997	80,000000	1,332964E-1
1003,256359	79,699997	80,000000	1,332964E-1
1004,257748	79,699997	80,000000	1,333012E-1
1004,257748	79,699997	80,000000	1,333012E-1
1004,257748	79,699997	80,000000	1,333060E-1
1004,257748	79,699997	80,000000	1,333060E-1
1004,257748	79,699997	80,000000	1,333108E-1
1004,257748	79,699997	80,000000	1,333156E-1
1004,257748	80,099998	80,000000	1,332132E-1
1004,257748	80,099998	80,000000	1,332132E-1
1004,257748	80,099998	80,000000	1,332116E-1
1004,257748	80,099998	80,000000	1,332100E-1
1005,258163	80,099998	80,000000	1,332100E-1
1005,258163	80,099998	80,000000	1,332100E-1
1005,258163	80,099998	80,000000	1,332084E-1
1005,258163	80,099998	80,000000	1,332084E-1
1005,258163	80,099998	80,000000	1,332084E-1
1005,258163	80,099998	80,000000	1,332084E-1
1005,258163	80,099998	80,000000	1,332084E-1
1005,258163	80,099998	80,000000	1,332084E-1
1005,258163	80,099998	80,000000	1,332084E-1
1005,258163	80,099998	80,000000	1,332084E-1
1006,257599	80,099998	80,000000	1,332084E-1
1006,257599	80,099998	80,000000	1,332084E-1
1006,257599	80,099998	80,000000	1,332084E-1
1006,257599	80,099998	80,000000	1,332084E-1
1006,257599	80,099998	80,000000	1,332084E-1
1006,257599	80,099998	80,000000	1,332084E-1
1006,257599	80,099998	80,000000	1,332084E-1
1006,257599	80,099998	80,000000	1,332084E-1
1006,257599	80,099998	80,000000	1,332084E-1
1006,257599	80,099998	80,000000	1,332084E-1
1007,258089	80,099998	80,000000	1,332084E-1
1007,258089	80,099998	80,000000	1,332084E-1
1007,258089	80,099998	80,000000	1,332084E-1
1007,258089	80,099998	80,000000	1,332084E-1
1007,258089	80,099998	80,000000	1,332084E-1
1007,258089	80,099998	80,000000	1,332084E-1
1007,258089	80,099998	80,000000	1,332084E-1
1007,258089	80,099998	80,000000	1,332068E-1
1007,258089	80,099998	80,000000	1,332068E-1
1007,258089	80,099998	80,000000	1,332068E-1
1008,257509	80,000000	80,000000	1,332068E-1
1008,257509	80,000000	80,000000	1,332068E-1
1008,257509	80,000000	80,000000	1,332068E-1
1008,257509	80,000000	80,000000	1,332068E-1
1008,257509	80,000000	80,000000	1,332068E-1
1008,257509	80,000000	80,000000	1,332068E-1
1008,257509	80,000000	80,000000	1,332068E-1
1008,257509	80,000000	80,000000	1,332068E-1
1008,257509	80,000000	80,000000	1,332068E-1
1008,257509	80,000000	80,000000	1,332068E-1
1009,257911	80,000000	80,000000	1,332068E-1
1009,257911	80,000000	80,000000	1,332068E-1
1009,257911	80,000000	80,000000	1,332068E-1
1009,257911	80,000000	80,000000	1,332068E-1
1009,257911	80,000000	80,000000	1,332068E-1
1009,257911	80,000000	80,000000	1,332320E-1
1009,257911	80,000000	80,000000	1,332320E-1
1009,257911	80,000000	80,000000	1,332320E-1
1009,257911	80,000000	80,000000	1,332320E-1
1009,257911	80,000000	80,000000	1,332320E-1
1010,258241	80,000000	80,000000	1,332320E-1
1010,258241	80,000000	80,000000	1,332320E-1
1010,258241	80,000000	80,000000	1,332320E-1
1010,258241	80,000000	80,000000	1,332320E-1
1010,258241	80,000000	80,000000	1,332320E-1
1010,258241	80,000000	80,000000	1,332320E-1
1010,258241	80,000000	80,000000	1,332320E-1
1010,258241	80,000000	80,000000	1,332320E-1
1010,258241	80,000000	80,000000	1,332320E-1
1010,258241	80,000000	80,000000	1,332320E-1
1011,257620	80,000000	80,000000	1,332320E-1
1011,257620	80,000000	80,000000	1,332320E-1
1011,257620	80,000000	80,000000	1,332320E-1
1011,257620	80,100006	80,000000	1,332320E-1
1011,257620	80,100006	80,000000	1,332320E-1
1011,257620	80,100006	80,000000	1,332320E-1
1011,257620	80,100006	80,000000	1,332320E-1
1011,257620	80,100006	80,000000	1,332320E-1
1011,257620	80,100006	80,000000	1,332320E-1
1011,257620	80,100006	80,000000	1,332320E-1
1012,259085	80,100006	80,000000	1,332320E-1
1012,259085	80,100006	80,000000	1,332320E-1
1012,259085	80,100006	80,000000	1,332320E-1
1012,259085	80,100006	80,000000	1,332320E-1
1012,259085	80,100006	80,000000	1,332320E-1
1012,259085	80,100006	80,000000	1,332320E-1
1012,259085	80,100006	80,000000	1,332320E-1
1012,259085	80,100006	80,000000	1,332320E-1
1012,259085	80,100006	80,000000	1,332320E-1
1012,259085	80,100006	80,000000	1,332320E-1
1013,258521	80,100006	80,000000	1,332052E-1
1013,258521	80,100006	80,000000	1,332052E-1
1013,258521	80,100006	80,000000	1,332052E-1
1013,258521	80,100006	80,000000	1,332052E-1
1013,258521	80,100006	80,000000	1,332052E-1
1013,258521	80,100006	80,000000	1,332052E-1
1013,258521	80,100006	80,000000	1,332052E-1
1013,258521	80,100006	80,000000	1,332052E-1
1013,258521	80,100006	80,000000	1,332052E-1
1013,258521	80,100006	80,000000	1,332052E-1
1014,258943	80,100006	80,000000	1,332052E-1
1014,258943	80,100006	80,000000	1,332052E-1
1014,258943	80,100006	80,000000	1,332052E-1
1014,258943	80,100006	80,000000	1,332052E-1
1014,258943	80,100006	80,000000	1,332052E-1
1014,258943	80,100006	80,000000	1,332052E-1
1014,258943	80,100006	80,000000	1,332052E-1
1014,258943	80,100006	80,000000	1,332052E-1
1014,258943	80,100006	80,000000	1,332036E-1
1014,258943	80,099998	80,000000	1,332036E-1
1015,259160	80,099998	80,000000	1,332036E-1
1015,259160	80,099998	80,000000	1,332036E-1
1015,259160	80,099998	80,000000	1,332036E-1
1015,259160	80,099998	80,000000	1,332036E-1
1015,259160	80,099998	80,000000	1,332036E-1
1015,259160	80,099998	80,000000	1,332036E-1
1015,259160	80,099998	80,000000	1,332036E-1
1015,259160	80,099998	80,000000	1,332036E-1
1015,259160	80,099998	80,000000	1,332036E-1
1015,259160	80,099998	80,000000	1,332036E-1
1016,258646	80,099998	80,000000	1,332036E-1
1016,258646	80,099998	80,000000	1,332036E-1
1016,258646	80,099998	80,000000	1,332036E-1
1016,258646	80,099998	80,000000	1,332036E-1
1016,258646	80,099998	80,000000	1,332036E-1
1016,258646	80,099998	80,000000	1,332020E-1
1016,258646	80,100006	80,000000	1,332020E-1
1016,258646	80,100006	80,000000	1,332020E-1
1016,258646	80,099998	80,000000	1,332004E-1
1016,258646	80,099998	80,000000	1,332004E-1
1017,258787	80,099998	80,000000	1,332004E-1
1017,258787	80,099998	80,000000	1,331988E-1
1017,258787	80,099998	80,000000	1,331988E-1
1017,258787	79,699997	80,000000	1,331972E-1
1017,258787	79,699997	80,000000	1,331972E-1
1017,258787	79,699997	80,000000	1,333028E-1
1017,258787	79,699997	80,000000	1,333076E-1
1017,258787	79,699997	80,000000	1,333124E-1
1017,258787	79,699997	80,000000	1,333124E-1
1017,258787	79,699997	80,000000	1,333172E-1
1018,260213	79,699997	80,000000	1,333221E-1
1018,260213	79,699997	80,000000	1,333221E-1
1018,260213	79,699997	80,000000	1,333269E-1
1018,260213	79,699997	80,000000	1,333317E-1
1018,260213	79,699997	80,000000	1,333317E-1
1018,260213	79,699997	80,000000	1,333317E-1
1018,260213	79,699997	80,000000	1,333317E-1
1018,260213	79,699997	80,000000	1,333365E-1
1018,260213	80,100006	80,000000	1,333413E-1
1018,260213	80,100006	80,000000	1,333413E-1
1019,259649	80,100006	80,000000	1,332389E-1
1019,259649	80,100006	80,000000	1,332373E-1
1019,259649	80,100006	80,000000	1,332373E-1
1019,259649	80,100006	80,000000	1,332357E-1
1019,259649	80,100006	80,000000	1,332341E-1
1019,259649	80,100006	80,000000	1,332341E-1
1019,259649	80,100006	80,000000	1,332325E-1
1019,259649	80,100006	80,000000	1,332309E-1
1019,259649	80,100006	80,000000	1,332293E-1
1019,259649	80,100006	80,000000	1,332293E-1
1020,260121	80,100006	80,000000	1,332293E-1
1020,260121	80,100006	80,000000	1,332277E-1
1020,260121	80,100006	80,000000	1,332277E-1
1020,260121	80,100006	80,000000	1,332261E-1
1020,260121	80,100006	80,000000	1,332261E-1
1020,260121	79,699997	80,000000	1,332245E-1
1020,260121	79,699997	80,000000	1,333301E-1
1020,260121	79,699997	80,000000	1,333349E-1
1020,260121	79,699997	80,000000	1,333397E-1
1020,260121	79,699997	80,000000	1,333397E-1
1021,260555	79,699997	80,000000	1,333445E-1
1021,260555	79,699997	80,000000	1,333493E-1
1021,260555	79,699997	80,000000	1,333542E-1
1021,260555	79,699997	80,000000	1,333542E-1
1021,260555	79,699997	80,000000	1,333590E-1
1021,260555	79,900002	80,000000	1,333590E-1
1021,260555	79,900002	80,000000	1,333590E-1
1021,260555	79,900002	80,000000	1,333102E-1
1021,260555	79,900002	80,000000	1,333118E-1
1021,260555	79,900002	80,000000	1,333118E-1
1022,260892	79,900002	80,000000	1,333134E-1
1022,260892	79,900002	80,000000	1,333150E-1
1022,260892	79,900002	80,000000	1,333166E-1
1022,260892	79,900002	80,000000	1,333182E-1
1022,260892	80,199997	80,000000	1,332394E-1
1022,260892	80,199997	80,000000	1,332394E-1
1022,260892	80,199997	80,000000	1,332362E-1
1022,260892	80,199997	80,000000	1,332330E-1
1022,260892	80,199997	80,000000	1,332298E-1
1022,260892	80,199997	80,000000	1,332298E-1
1023,260364	80,199997	80,000000	1,332266E-1
1023,260364	80,199997	80,000000	1,332266E-1
1023,260364	80,199997	80,000000	1,332234E-1
1023,260364	80,199997	80,000000	1,332234E-1
1023,260364	79,900002	80,000000	1,332201E-1
1023,260364	79,900002	80,000000	1,332973E-1
1023,260364	79,900002	80,000000	1,332989E-1
1023,260364	79,900002	80,000000	1,332989E-1
1023,260364	79,900002	80,000000	1,333005E-1
1023,260364	79,900002	80,000000	1,333022E-1
1024,261793	79,900002	80,000000	1,333022E-1
1024,261793	79,900002	80,000000	1,333038E-1
1024,261793	79,900002	80,000000	1,333054E-1
1024,261793	79,900002	80,000000	1,333054E-1
1024,261793	79,900002	80,000000	1,333070E-1
1024,261793	79,900002	80,000000	1,333070E-1
1024,261793	79,900002	80,000000	1,333070E-1
1024,261793	80,100006	80,000000	1,333086E-1
1024,261793	80,100006	80,000000	1,333086E-1
1024,261793	80,100006	80,000000	1,333086E-1
1025,262212	80,100006	80,000000	1,332566E-1
1025,262212	80,100006	80,000000	1,332566E-1
1025,262212	80,100006	80,000000	1,332566E-1
1025,262212	80,100006	80,000000	1,332566E-1
1025,262212	80,100006	80,000000	1,332566E-1
1025,262212	80,100006	80,000000	1,332566E-1
1025,262212	80,100006	80,000000	1,332566E-1
1025,262212	80,100006	80,000000	1,332566E-1
1025,262212	80,100006	80,000000	1,332566E-1
1025,262212	80,100006	80,000000	1,332566E-1
1026,262670	80,100006	80,000000	1,332566E-1
1026,262670	80,100006	80,000000	1,332566E-1
1026,262670	80,100006	80,000000	1,332566E-1
1026,262670	80,100006	80,000000	1,332566E-1
1026,262670	80,100006	80,000000	1,332566E-1
1026,262670	80,100006	80,000000	1,332566E-1
1026,262670	80,100006	80,000000	1,332566E-1
1026,262670	80,100006	80,000000	1,332566E-1
1026,262670	80,100006	80,000000	1,332566E-1
1026,262670	80,100006	80,000000	1,332566E-1
1027,263040	80,100006	80,000000	1,332566E-1
1027,263040	80,100006	80,000000	1,332566E-1
1027,263040	80,100006	80,000000	1,332566E-1
1027,263040	80,100006	80,000000	1,332566E-1
1027,263040	80,100006	80,000000	1,332566E-1
1027,263040	80,100006	80,000000	1,332550E-1
1027,263040	80,100006	80,000000	1,332550E-1
1027,263040	80,100006	80,000000	1,332550E-1
1027,263040	80,100006	80,000000	1,332550E-1
1027,263040	80,100006	80,000000	1,332550E-1
1028,262489	80,100006	80,000000	1,332550E-1
1028,262489	80,100006	80,000000	1,332550E-1
1028,262489	80,100006	80,000000	1,332550E-1
1028,262489	80,100006	80,000000	1,332550E-1
1028,262489	80,100006	80,000000	1,332550E-1
1028,262489	80,100006	80,000000	1,332550E-1
1028,262489	80,100006	80,000000	1,332550E-1
1028,262489	80,100006	80,000000	1,332550E-1
1028,262489	80,100006	80,000000	1,332550E-1
1028,262489	80,100006	80,000000	1,332550E-1
1029,262911	80,100006	80,000000	1,332550E-1
1029,262911	80,100006	80,000000	1,332550E-1
1029,262911	80,100006	80,000000	1,332550E-1
1029,262911	80,100006	80,000000	1,332534E-1
1029,262911	80,100006	80,000000	1,332534E-1
1029,262911	80,100006	80,000000	1,332534E-1
1029,262911	80,100006	80,000000	1,332534E-1
1029,262911	80,100006	80,000000	1,332534E-1
1029,262911	80,100006	80,000000	1,332534E-1
1029,262911	80,100006	80,000000	1,332534E-1
1030,262396	80,100006	80,000000	1,332534E-1
1030,262396	80,100006	80,000000	1,332534E-1
1030,262396	80,100006	80,000000	1,332534E-1
1030,262396	80,100006	80,000000	1,332534E-1
1030,262396	80,100006	80,000000	1,332534E-1
1030,262396	80,100006	80,000000	1,332534E-1
1030,262396	80,100006	80,000000	1,332534E-1
1030,262396	80,100006	80,000000	1,332534E-1
1030,262396	80,100006	80,000000	1,332534E-1
1030,262396	80,100006	80,000000	1,332534E-1
1031,263721	79,800003	80,000000	1,332518E-1
1031,263721	79,800003	80,000000	1,332518E-1
1031,263721	79,800003	80,000000	1,332518E-1
1031,263721	79,800003	80,000000	1,332518E-1
1031,263721	79,800003	80,000000	1,332518E-1
1031,263721	79,800003	80,000000	1,332518E-1
1031,263721	79,800003	80,000000	1,332518E-1
1031,263721	79,800003	80,000000	1,332518E-1
1031,263721	79,800003	80,000000	1,332518E-1
1031,263721	79,800003	80,000000	1,332518E-1
1032,264183	79,800003	80,000000	1,332518E-1
1032,264183	79,800003	80,000000	1,332518E-1
1032,264183	79,800003	80,000000	1,332518E-1
1032,264183	79,800003	80,000000	1,332518E-1
1032,264183	79,800003	80,000000	1,332518E-1
1032,264183	79,800003	80,000000	1,332518E-1
1032,264183	79,800003	80,000000	1,332518E-1
1032,264183	79,800003	80,000000	1,333306E-1
1032,264183	79,900002	80,000000	1,333306E-1
1032,264183	79,900002	80,000000	1,333306E-1
1033,263799	79,900002	80,000000	1,333306E-1
1033,263799	79,900002	80,000000	1,333306E-1
1033,263799	79,900002	80,000000	1,333306E-1
1033,263799	79,900002	80,000000	1,333306E-1
1033,263799	79,900002	80,000000	1,333306E-1
1033,263799	79,900002	80,000000	1,333306E-1
1033,263799	79,900002	80,000000	1,333306E-1
1033,263799	79,900002	80,000000	1,333306E-1
1033,263799	79,900002	80,000000	1,333306E-1
1033,263799	79,900002	80,000000	1,333306E-1
1034,264229	79,900002	80,000000	1,333306E-1
1034,264229	79,900002	80,000000	1,333306E-1
1034,264229	79,900002	80,000000	1,333306E-1
1034,264229	79,900002	80,000000	1,333306E-1
1034,264229	79,900002	80,000000	1,333306E-1
1034,264229	79,900002	80,000000	1,333070E-1
1034,264229	79,900002	80,000000	1,333070E-1
1034,264229	79,900002	80,000000	1,333070E-1
1034,264229	79,900002	80,000000	1,333070E-1
1034,264229	79,900002	80,000000	1,333070E-1
1035,264579	79,900002	80,000000	1,333070E-1
1035,264579	79,900002	80,000000	1,333070E-1
1035,264579	79,900002	80,000000	1,333070E-1
1035,264579	79,900002	80,000000	1,333070E-1
1035,264579	79,900002	80,000000	1,333070E-1
1035,264579	79,900002	80,000000	1,333070E-1
1035,264579	79,900002	80,000000	1,333070E-1
1035,264579	79,900002	80,000000	1,333070E-1
1035,264579	79,900002	80,000000	1,333070E-1
1035,264579	79,900002	80,000000	1,333070E-1
1036,265085	79,900002	80,000000	1,333070E-1
1036,265085	79,900002	80,000000	1,333070E-1
1036,265085	79,800003	80,000000	1,333354E-1
1036,265085	79,800003	80,000000	1,333354E-1
1036,265085	79,800003	80,000000	1,333354E-1
1036,265085	79,800003	80,000000	1,333386E-1
1036,265085	79,800003	80,000000	1,333386E-1
1036,265085	79,800003	80,000000	1,333386E-1
1036,265085	79,900002	80,000000	1,333150E-1
1036,265085	79,900002	80,000000	1,333150E-1
1037,264456	79,900002	80,000000	1,333166E-1
1037,264456	79,900002	80,000000	1,333182E-1
1037,264456	79,900002	80,000000	1,333198E-1
1037,264456	79,900002	80,000000	1,333198E-1
1037,264456	79,900002	80,000000	1,333214E-1
1037,264456	79,900002	80,000000	1,333230E-1
1037,264456	79,900002	80,000000	1,333230E-1
1037,264456	79,900002	80,000000	1,333246E-1
1037,264456	79,900002	80,000000	1,333262E-1
1037,264456	79,900002	80,000000	1,333262E-1
1038,264825	79,900002	80,000000	1,333278E-1
1038,264825	79,900002	80,000000	1,333278E-1
1038,264825	79,900002	80,000000	1,333294E-1
1038,264825	79,900002	80,000000	1,333294E-1
1038,264825	79,900002	80,000000	1,333310E-1
1038,264825	79,900002	80,000000	1,333326E-1
1038,264825	79,900002	80,000000	1,333326E-1
1038,264825	79,899994	80,000000	1,333342E-1
1038,264825	79,899994	80,000000	1,333359E-1
1038,264825	79,899994	80,000000	1,333359E-1
1039,265226	79,899994	80,000000	1,333375E-1
1039,265226	79,899994	80,000000	1,333391E-1
1039,265226	79,899994	80,000000	1,333407E-1
1039,265226	79,899994	80,000000	1,333407E-1
1039,265226	79,899994	80,000000	1,333423E-1
1039,265226	79,899994	80,000000	1,333439E-1
1039,265226	79,899994	80,000000	1,333439E-1
1039,265226	79,899994	80,000000	1,333439E-1
1039,265226	80,000000	80,000000	1,333455E-1
1039,265226	80,000000	80,000000	1,333455E-1
1040,264669	80,000000	80,000000	1,333203E-1
1040,264669	80,000000	80,000000	1,333203E-1
1040,264669	80,000000	80,000000	1,333203E-1
1040,264669	80,000000	80,000000	1,333203E-1
1040,264669	80,000000	80,000000	1,333203E-1
1040,264669	80,000000	80,000000	1,333203E-1
1040,264669	80,000000	80,000000	1,333203E-1
1040,264669	80,000000	80,000000	1,333203E-1
1040,264669	80,000000	80,000000	1,333203E-1
1040,264669	80,000000	80,000000	1,333203E-1
1041,265067	80,000000	80,000000	1,333203E-1
1041,265067	80,000000	80,000000	1,333203E-1
1041,265067	80,000000	80,000000	1,333203E-1
1041,265067	80,000000	80,000000	1,333203E-1
1041,265067	80,000000	80,000000	1,333203E-1
1041,265067	80,000000	80,000000	1,333203E-1
1041,265067	80,000000	80,000000	1,333203E-1
1041,265067	80,000000	80,000000	1,333203E-1
1041,265067	80,000000	80,000000	1,333203E-1
1041,265067	79,900002	80,000000	1,333203E-1
1042,265468	79,900002	80,000000	1,333203E-1
1042,265468	79,900002	80,000000	1,333471E-1
1042,265468	79,900002	80,000000	1,333487E-1
1042,265468	79,900002	80,000000	1,333487E-1
1042,265468	79,900002	80,000000	1,333487E-1
1042,265468	79,900002	80,000000	1,333503E-1
1042,265468	79,900002	80,000000	1,333503E-1
1042,265468	79,900002	80,000000	1,333503E-1
1042,265468	79,900002	80,000000	1,333519E-1
1042,265468	79,900002	80,000000	1,333519E-1
1043,265860	79,900002	80,000000	1,333519E-1
1043,265860	79,900002	80,000000	1,333519E-1
1043,265860	79,900002	80,000000	1,333519E-1
1043,265860	79,900002	80,000000	1,333519E-1
1043,265860	79,900002	80,000000	1,333519E-1
1043,265860	79,900002	80,000000	1,333519E-1
1043,265860	79,900002	80,000000	1,333519E-1
1043,265860	79,900002	80,000000	1,333519E-1
1043,265860	79,900002	80,000000	1,333519E-1
1043,265860	79,900002	80,000000	1,333519E-1
1044,266344	79,900002	80,000000	1,333519E-1
1044,266344	79,900002	80,000000	1,333519E-1
1044,266344	79,900002	80,000000	1,333519E-1
1044,266344	79,900002	80,000000	1,333519E-1
1044,266344	79,900002	80,000000	1,333519E-1
1044,266344	79,900002	80,000000	1,333519E-1
1044,266344	79,900002	80,000000	1,333519E-1
1044,266344	79,900002	80,000000	1,333519E-1
1044,266344	79,900002	80,000000	1,333519E-1
1044,266344	79,900002	80,000000	1,333519E-1
1045,265810	79,900002	80,000000	1,333519E-1
1045,265810	79,900002	80,000000	1,333519E-1
1045,265810	79,900002	80,000000	1,333519E-1
1045,265810	79,900002	80,000000	1,333519E-1
1045,265810	80,199997	80,000000	1,333535E-1
1045,265810	80,199997	80,000000	1,333535E-1
1045,265810	80,199997	80,000000	1,333535E-1
1045,265810	80,199997	80,000000	1,333535E-1
1045,265810	80,199997	80,000000	1,333535E-1
1045,265810	80,199997	80,000000	1,333535E-1
1046,266183	80,199997	80,000000	1,333535E-1
1046,266183	80,199997	80,000000	1,333535E-1
1046,266183	80,199997	80,000000	1,333535E-1
1046,266183	80,199997	80,000000	1,333535E-1
1046,266183	80,199997	80,000000	1,333535E-1
1046,266183	80,199997	80,000000	1,333535E-1
1046,266183	80,199997	80,000000	1,333535E-1
1046,266183	80,199997	80,000000	1,333535E-1
1046,266183	80,199997	80,000000	1,333535E-1
1046,266183	80,199997	80,000000	1,333535E-1
1047,265637	80,199997	80,000000	1,333535E-1
1047,265637	80,000000	80,000000	1,332747E-1
1047,265637	80,000000	80,000000	1,332747E-1
1047,265637	80,000000	80,000000	1,332747E-1
1047,265637	80,000000	80,000000	1,332747E-1
1047,265637	80,000000	80,000000	1,332747E-1
1047,265637	80,000000	80,000000	1,332747E-1
1047,265637	80,000000	80,000000	1,332747E-1
1047,265637	80,000000	80,000000	1,332747E-1
1047,265637	80,000000	80,000000	1,332747E-1
1048,266006	80,000000	80,000000	1,332747E-1
1048,266006	80,000000	80,000000	1,332747E-1
1048,266006	80,000000	80,000000	1,332747E-1
1048,266006	80,000000	80,000000	1,332747E-1
1048,266006	80,000000	80,000000	1,332747E-1
1048,266006	80,000000	80,000000	1,332747E-1
1048,266006	80,000000	80,000000	1,332747E-1
1048,266006	80,000000	80,000000	1,333251E-1
1048,266006	80,000000	80,000000	1,333251E-1
1048,266006	80,000000	80,000000	1,333251E-1
1049,266457	80,000000	80,000000	1,333251E-1
1049,266457	80,000000	80,000000	1,333251E-1
1049,266457	80,000000	80,000000	1,333251E-1
1049,266457	80,000000	80,000000	1,333251E-1
1049,266457	80,000000	80,000000	1,333251E-1
1049,266457	80,000000	80,000000	1,333251E-1
1049,266457	80,000000	80,000000	1,333251E-1
1049,266457	80,000000	80,000000	1,333251E-1
1049,266457	80,000000	80,000000	1,333251E-1
1049,266457	80,000000	80,000000	1,333251E-1
1050,266893	80,000000	80,000000	1,333251E-1
1050,266893	80,000000	80,000000	1,333251E-1
1050,266893	80,000000	80,000000	1,333251E-1
1050,266893	80,100006	80,000000	1,332983E-1
1050,266893	80,100006	80,000000	1,332983E-1
1050,266893	80,100006	80,000000	1,332983E-1
1050,266893	80,100006	80,000000	1,332983E-1
1050,266893	80,100006	80,000000	1,332983E-1
1050,266893	80,100006	80,000000	1,332983E-1
1050,266893	80,100006	80,000000	1,332983E-1
1051,267298	80,100006	80,000000	1,332983E-1
1051,267298	80,100006	80,000000	1,332983E-1
1051,267298	80,100006	80,000000	1,332983E-1
1051,267298	80,100006	80,000000	1,332983E-1
1051,267298	80,100006	80,000000	1,332983E-1
1051,267298	80,100006	80,000000	1,332983E-1
1051,267298	80,100006	80,000000	1,332983E-1
1051,267298	80,100006	80,000000	1,332983E-1
1051,267298	80,100006	80,000000	1,332983E-1
1051,267298	80,100006	80,000000	1,332967E-1
1052,266769	80,100006	80,000000	1,332967E-1
1052,266769	80,100006	80,000000	1,332967E-1
1052,266769	80,100006	80,000000	1,332967E-1
1052,266769	80,100006	80,000000	1,332967E-1
1052,266769	80,100006	80,000000	1,332967E-1
1052,266769	80,100006	80,000000	1,332967E-1
1052,266769	80,100006	80,000000	1,332967E-1
1052,266769	80,100006	80,000000	1,332967E-1
1052,266769	80,100006	80,000000	1,332967E-1
1052,266769	80,100006	80,000000	1,332967E-1
1053,267188	80,100006	80,000000	1,332967E-1
1053,267188	80,100006	80,000000	1,332967E-1
1053,267188	80,100006	80,000000	1,332967E-1
1053,267188	80,100006	80,000000	1,332967E-1
1053,267188	80,100006	80,000000	1,332967E-1
1053,267188	80,100006	80,000000	1,332967E-1
1053,267188	80,100006	80,000000	1,332951E-1
1053,267188	80,100006	80,000000	1,332951E-1
1053,267188	80,100006	80,000000	1,332951E-1
1053,267188	80,100006	80,000000	1,332935E-1
1054,266555	80,100006	80,000000	1,332935E-1
1054,266555	80,100006	80,000000	1,332919E-1
1054,266555	79,699997	80,000000	1,333975E-1
1054,266555	79,699997	80,000000	1,334023E-1
1054,266555	79,699997	80,000000	1,334071E-1
1054,266555	79,699997	80,000000	1,334071E-1
1054,266555	79,699997	80,000000	1,334119E-1
1054,266555	79,699997	80,000000	1,334167E-1
1054,266555	79,699997	80,000000	1,334216E-1
1054,266555	79,699997	80,000000	1,334216E-1
1055,267844	79,699997	80,000000	1,334264E-1
1055,267844	80,199997	80,000000	1,334312E-1
1055,267844	80,199997	80,000000	1,334312E-1
1055,267844	80,199997	80,000000	1,333020E-1
1055,267844	80,199997	80,000000	1,333020E-1
1055,267844	80,199997	80,000000	1,333020E-1
1055,267844	80,199997	80,000000	1,332988E-1
1055,267844	80,199997	80,000000	1,332956E-1
1055,267844	80,199997	80,000000	1,332924E-1
1055,267844	80,199997	80,000000	1,332892E-1
1056,267891	80,199997	80,000000	1,332892E-1
1056,267891	80,199997	80,000000	1,332859E-1
1056,267891	80,199997	80,000000	1,332859E-1
1056,267891	79,900002	80,000000	1,332827E-1
1056,267891	79,900002	80,000000	1,333599E-1
1056,267891	79,900002	80,000000	1,333615E-1
1056,267891	79,900002	80,000000	1,333631E-1
1056,267891	79,900002	80,000000	1,333631E-1
1056,267891	79,900002	80,000000	1,333631E-1
1056,267891	79,900002	80,000000	1,333647E-1
1057,268351	79,900002	80,000000	1,333647E-1
1057,268351	79,900002	80,000000	1,333647E-1
1057,268351	79,900002	80,000000	1,333663E-1
1057,268351	79,900002	80,000000	1,333680E-1
1057,268351	80,199997	80,000000	1,333680E-1
1057,268351	80,199997	80,000000	1,333680E-1
1057,268351	80,199997	80,000000	1,332892E-1
1057,268351	80,199997	80,000000	1,332859E-1
1057,268351	80,199997	80,000000	1,332859E-1
1057,268351	80,199997	80,000000	1,332827E-1
1058,268782	80,199997	80,000000	1,332795E-1
1058,268782	80,199997	80,000000	1,332763E-1
1058,268782	80,199997	80,000000	1,332763E-1
1058,268782	80,199997	80,000000	1,332763E-1
1058,268782	80,199997	80,000000	1,332731E-1
1058,268782	80,300003	80,000000	1,332731E-1
1058,268782	80,300003	80,000000	1,332431E-1
1058,268782	80,300003	80,000000	1,332383E-1
1058,268782	80,300003	80,000000	1,332335E-1
1058,268782	80,300003	80,000000	1,332335E-1
1059,269151	80,300003	80,000000	1,332286E-1
1059,269151	80,300003	80,000000	1,332238E-1
1059,269151	80,300003	80,000000	1,332190E-1
1059,269151	80,300003	80,000000	1,332190E-1
1059,269151	80,300003	80,000000	1,332142E-1
1059,269151	79,800003	80,000000	1,332094E-1
1059,269151	79,800003	80,000000	1,332094E-1
1059,269151	79,800003	80,000000	1,333386E-1
1059,269151	79,800003	80,000000	1,333386E-1
1059,269151	79,800003	80,000000	1,333386E-1
1060,268602	79,800003	80,000000	1,333418E-1
1060,268602	79,800003	80,000000	1,333450E-1
1060,268602	79,800003	80,000000	1,333450E-1
1060,268602	79,800003	80,000000	1,333482E-1
1060,268602	79,800003	80,000000	1,333514E-1
1060,268602	79,900002	80,000000	1,333546E-1
1060,268602	79,900002	80,000000	1,333546E-1
1060,268602	79,900002	80,000000	1,333310E-1
1060,268602	79,900002	80,000000	1,333326E-1
1060,268602	79,900002	80,000000	1,333343E-1
1061,269014	79,900002	80,000000	1,333359E-1
1061,269014	79,900002	80,000000	1,333359E-1
1061,269014	79,900002	80,000000	1,333359E-1
1061,269014	79,900002	80,000000	1,333375E-1
1061,269014	79,900002	80,000000	1,333375E-1
1061,269014	79,900002	80,000000	1,333391E-1
1061,269014	79,900002	80,000000	1,333391E-1
1061,269014	79,900002	80,000000	1,333391E-1
1061,269014	80,000000	80,000000	1,333391E-1
1061,269014	80,000000	80,000000	1,333139E-1
1062,268524	80,000000	80,000000	1,333139E-1
1062,268524	80,000000	80,000000	1,333139E-1
1062,268524	80,000000	80,000000	1,333139E-1
1062,268524	80,000000	80,000000	1,333139E-1
1062,268524	80,000000	80,000000	1,333139E-1
1062,268524	80,000000	80,000000	1,333139E-1
1062,268524	80,000000	80,000000	1,333139E-1
1062,268524	80,000000	80,000000	1,333139E-1
1062,268524	80,000000	80,000000	1,333139E-1
1062,268524	80,000000	80,000000	1,333139E-1
1063,269874	80,000000	80,000000	1,333139E-1
1063,269874	80,000000	80,000000	1,333139E-1
1063,269874	80,000000	80,000000	1,333139E-1
1063,269874	80,000000	80,000000	1,333139E-1
1063,269874	80,000000	80,000000	1,333139E-1
1063,269874	80,000000	80,000000	1,333139E-1
1063,269874	80,000000	80,000000	1,333139E-1
1063,269874	80,000000	80,000000	1,333139E-1
1063,269874	80,000000	80,000000	1,333139E-1
1063,269874	80,000000	80,000000	1,333139E-1
1064,270292	80,000000	80,000000	1,333139E-1
1064,270292	80,000000	80,000000	1,333139E-1
1064,270292	80,000000	80,000000	1,333139E-1
1064,270292	80,000000	80,000000	1,333139E-1
1064,270292	80,000000	80,000000	1,333139E-1
1064,270292	80,000000	80,000000	1,333139E-1
1064,270292	80,000000	80,000000	1,333139E-1
1064,270292	80,000000	80,000000	1,333139E-1
1064,270292	80,000000	80,000000	1,333139E-1
1064,270292	80,000000	80,000000	1,333139E-1
1065,270705	80,000000	80,000000	1,333139E-1
1065,270705	80,000000	80,000000	1,333139E-1
1065,270705	80,000000	80,000000	1,333139E-1
1065,270705	80,000000	80,000000	1,333139E-1
1065,270705	80,000000	80,000000	1,333139E-1
1065,270705	80,000000	80,000000	1,333139E-1
1065,270705	80,000000	80,000000	1,333139E-1
1065,270705	80,000000	80,000000	1,333139E-1
1065,270705	80,000000	80,000000	1,333139E-1
1065,270705	80,000000	80,000000	1,333139E-1
1066,271159	79,900002	80,000000	1,333139E-1
1066,271159	79,900002	80,000000	1,333139E-1
1066,271159	79,900002	80,000000	1,333139E-1
1066,271159	79,900002	80,000000	1,333139E-1
1066,271159	79,900002	80,000000	1,333139E-1
1066,271159	79,900002	80,000000	1,333139E-1
1066,271159	79,900002	80,000000	1,333139E-1
1066,271159	79,900002	80,000000	1,333139E-1
1066,271159	79,900002	80,000000	1,333139E-1
1066,271159	79,900002	80,000000	1,333139E-1
1067,271590	79,900002	80,000000	1,333139E-1
1067,271590	79,900002	80,000000	1,333139E-1
1067,271590	79,900002	80,000000	1,333139E-1
1067,271590	79,900002	80,000000	1,333139E-1
1067,271590	79,900002	80,000000	1,333139E-1
1067,271590	79,900002	80,000000	1,333139E-1
1067,271590	79,900002	80,000000	1,333139E-1
1067,271590	79,900002	80,000000	1,333407E-1
1067,271590	79,900002	80,000000	1,333407E-1
1067,271590	79,900002	80,000000	1,333407E-1
1068,272036	79,900002	80,000000	1,333407E-1
1068,272036	79,900002	80,000000	1,333407E-1
1068,272036	79,900002	80,000000	1,333407E-1
1068,272036	79,900002	80,000000	1,333407E-1
1068,272036	79,900002	80,000000	1,333407E-1
1068,272036	79,900002	80,000000	1,333407E-1
1068,272036	79,900002	80,000000	1,333407E-1
1068,272036	79,900002	80,000000	1,333407E-1
1068,272036	79,900002	80,000000	1,333407E-1
1068,272036	79,900002	80,000000	1,333407E-1
1069,272459	79,900002	80,000000	1,333407E-1
1069,272459	79,900002	80,000000	1,333407E-1
1069,272459	79,900002	80,000000	1,333407E-1
1069,272459	79,900002	80,000000	1,333407E-1
1069,272459	79,900002	80,000000	1,333407E-1
1069,272459	79,900002	80,000000	1,333423E-1
1069,272459	80,300003	80,000000	1,333423E-1
1069,272459	80,300003	80,000000	1,333423E-1
1069,272459	80,300003	80,000000	1,333423E-1
1069,272459	80,300003	80,000000	1,333423E-1
1070,272841	80,300003	80,000000	1,333423E-1
1070,272841	80,300003	80,000000	1,333423E-1
1070,272841	80,300003	80,000000	1,333423E-1
1070,272841	80,300003	80,000000	1,333423E-1
1070,272841	80,300003	80,000000	1,333423E-1
1070,272841	80,300003	80,000000	1,333423E-1
1070,272841	80,300003	80,000000	1,333423E-1
1070,272841	80,300003	80,000000	1,333423E-1
1070,272841	80,300003	80,000000	1,333423E-1
1070,272841	80,300003	80,000000	1,333423E-1
1071,273291	80,300003	80,000000	1,333423E-1
1071,273291	80,300003	80,000000	1,333423E-1
1071,273291	80,300003	80,000000	1,333423E-1
1071,273291	80,300003	80,000000	1,332367E-1
1071,273291	80,100006	80,000000	1,332367E-1
1071,273291	80,100006	80,000000	1,332367E-1
1071,273291	80,100006	80,000000	1,332367E-1
1071,273291	80,100006	80,000000	1,332367E-1
1071,273291	80,100006	80,000000	1,332367E-1
1071,273291	80,100006	80,000000	1,332367E-1
1072,272663	80,100006	80,000000	1,332367E-1
1072,272663	80,100006	80,000000	1,332367E-1
1072,272663	80,100006	80,000000	1,332367E-1
1072,272663	80,100006	80,000000	1,332367E-1
1072,272663	80,100006	80,000000	1,332367E-1
1072,272663	80,100006	80,000000	1,332367E-1
1072,272663	80,100006	80,000000	1,332367E-1
1072,272663	80,100006	80,000000	1,332367E-1
1072,272663	80,100006	80,000000	1,332367E-1
1072,272663	80,100006	80,000000	1,332367E-1
1073,273106	80,100006	80,000000	1,332855E-1
1073,273106	80,100006	80,000000	1,332855E-1
1073,273106	80,100006	80,000000	1,332855E-1
1073,273106	79,900002	80,000000	1,333375E-1
1073,273106	79,900002	80,000000	1,333375E-1
1073,273106	79,900002	80,000000	1,333375E-1
1073,273106	79,900002	80,000000	1,333391E-1
1073,273106	79,900002	80,000000	1,333407E-1
1073,273106	79,900002	80,000000	1,333407E-1
1073,273106	79,900002	80,000000	1,333423E-1
1074,272586	79,900002	80,000000	1,333439E-1
1074,272586	79,900002	80,000000	1,333455E-1
1074,272586	79,900002	80,000000	1,333471E-1
1074,272586	79,900002	80,000000	1,333471E-1
1074,272586	79,900002	80,000000	1,333487E-1
1074,272586	79,900002	80,000000	1,333503E-1
1074,272586	79,900002	80,000000	1,333519E-1
1074,272586	79,900002	80,000000	1,333519E-1
1074,272586	79,900002	80,000000	1,333535E-1
1074,272586	80,000000	80,000000	1,333535E-1
1075,272939	80,000000	80,000000	1,333535E-1
1075,272939	80,000000	80,000000	1,333283E-1
1075,272939	80,000000	80,000000	1,333283E-1
1075,272939	80,000000	80,000000	1,333283E-1
1075,272939	80,000000	80,000000	1,333283E-1
1075,272939	80,000000	80,000000	1,333283E-1
1075,272939	80,000000	80,000000	1,333283E-1
1075,272939	80,000000	80,000000	1,333283E-1
1075,272939	79,899994	80,000000	1,333283E-1
1075,272939	79,899994	80,000000	1,333551E-1
1076,273424	79,899994	80,000000	1,333551E-1
1076,273424	79,899994	80,000000	1,333567E-1
1076,273424	79,899994	80,000000	1,333583E-1
1076,273424	79,899994	80,000000	1,333583E-1
1076,273424	79,899994	80,000000	1,333599E-1
1076,273424	79,899994	80,000000	1,333599E-1
1076,273424	79,899994	80,000000	1,333615E-1
1076,273424	79,899994	80,000000	1,333615E-1
1076,273424	79,899994	80,000000	1,333631E-1
1076,273424	79,900002	80,000000	1,333647E-1
1077,273871	79,900002	80,000000	1,333663E-1
1077,273871	79,900002	80,000000	1,333663E-1
1077,273871	79,900002	80,000000	1,333680E-1
1077,273871	79,900002	80,000000	1,333696E-1
1077,273871	79,900002	80,000000	1,333696E-1
1077,273871	79,900002	80,000000	1,333712E-1
1077,273871	79,900002	80,000000	1,333728E-1
1077,273871	79,900002	80,000000	1,333728E-1
1077,273871	79,900002	80,000000	1,333744E-1
1077,273871	80,300003	80,000000	1,333744E-1
1078,274228	80,300003	80,000000	1,333744E-1
1078,274228	80,300003	80,000000	1,332688E-1
1078,274228	80,300003	80,000000	1,332640E-1
1078,274228	80,300003	80,000000	1,332640E-1
1078,274228	80,300003	80,000000	1,332591E-1
1078,274228	80,300003	80,000000	1,332543E-1
1078,274228	80,300003	80,000000	1,332543E-1
1078,274228	80,300003	80,000000	1,332495E-1
1078,274228	80,300003	80,000000	1,332447E-1
1078,274228	80,000000	80,000000	1,332447E-1
1079,274720	80,000000	80,000000	1,333203E-1
1079,274720	80,000000	80,000000	1,333203E-1
1079,274720	80,000000	80,000000	1,333203E-1
1079,274720	80,000000	80,000000	1,333203E-1
1079,274720	80,000000	80,000000	1,333203E-1
1079,274720	80,000000	80,000000	1,333203E-1
1079,274720	80,000000	80,000000	1,333203E-1
1079,274720	80,000000	80,000000	1,333203E-1
1079,274720	80,000000	80,000000	1,333203E-1
1079,274720	80,000000	80,000000	1,333203E-1
1080,275094	80,000000	80,000000	1,333203E-1
1080,275094	80,000000	80,000000	1,333203E-1
1080,275094	80,000000	80,000000	1,333203E-1
1080,275094	80,000000	80,000000	1,333203E-1
1080,275094	80,000000	80,000000	1,333203E-1
1080,275094	80,000000	80,000000	1,333203E-1
1080,275094	80,000000	80,000000	1,333203E-1
1080,275094	80,000000	80,000000	1,333203E-1
1080,275094	80,000000	80,000000	1,333203E-1
1080,275094	80,000000	80,000000	1,333203E-1
1081,275346	80,000000	80,000000	1,333203E-1
1081,275346	80,000000	80,000000	1,333203E-1
1081,275346	80,000000	80,000000	1,333203E-1
1081,275346	80,000000	80,000000	1,333203E-1
1081,275346	80,000000	80,000000	1,333203E-1
1081,275346	80,000000	80,000000	1,333203E-1
1081,275346	80,000000	80,000000	1,333203E-1
1081,275346	80,000000	80,000000	1,333203E-1
1081,275346	80,000000	80,000000	1,333203E-1
1081,275346	80,000000	80,000000	1,333203E-1
1082,274726	80,000000	80,000000	1,333203E-1
1082,274726	80,000000	80,000000	1,333203E-1
1082,274726	80,000000	80,000000	1,333203E-1
1082,274726	80,000000	80,000000	1,333203E-1
1082,274726	80,000000	80,000000	1,333203E-1
1082,274726	80,000000	80,000000	1,333203E-1
1082,274726	80,000000	80,000000	1,333203E-1
1082,274726	80,000000	80,000000	1,333203E-1
1082,274726	80,000000	80,000000	1,333203E-1
1082,274726	80,000000	80,000000	1,333203E-1
1083,275194	80,000000	80,000000	1,333203E-1
1083,275194	80,000000	80,000000	1,333203E-1
1083,275194	80,000000	80,000000	1,333203E-1
1083,275194	80,000000	80,000000	1,333203E-1
1083,275194	80,000000	80,000000	1,333203E-1
1083,275194	80,000000	80,000000	1,333203E-1
1083,275194	80,000000	80,000000	1,333203E-1
1083,275194	80,000000	80,000000	1,333203E-1
1083,275194	80,000000	80,000000	1,333203E-1
1083,275194	80,000000	80,000000	1,333203E-1
1084,274598	80,000000	80,000000	1,333203E-1
1084,274598	80,000000	80,000000	1,333203E-1
1084,274598	80,000000	80,000000	1,333203E-1
1084,274598	80,000000	80,000000	1,333203E-1
1084,274598	80,000000	80,000000	1,333203E-1
1084,274598	80,000000	80,000000	1,333203E-1
1084,274598	80,000000	80,000000	1,333203E-1
1084,274598	80,000000	80,000000	1,333203E-1
1084,274598	80,000000	80,000000	1,333203E-1
1084,274598	80,000000	80,000000	1,333203E-1
1085,275029	80,000000	80,000000	1,333203E-1
1085,275029	80,000000	80,000000	1,333203E-1
1085,275029	80,000000	80,000000	1,333203E-1
1085,275029	80,000000	80,000000	1,333203E-1
1085,275029	80,000000	80,000000	1,333203E-1
1085,275029	80,000000	80,000000	1,333203E-1
1085,275029	80,000000	80,000000	1,333203E-1
1085,275029	80,000000	80,000000	1,333203E-1
1085,275029	80,000000	80,000000	1,333203E-1
1085,275029	80,000000	80,000000	1,333203E-1
1086,274427	80,000000	80,000000	1,333203E-1
1086,274427	80,000000	80,000000	1,333203E-1
1086,274427	80,000000	80,000000	1,333203E-1
1086,274427	80,000000	80,000000	1,333203E-1
1086,274427	80,000000	80,000000	1,333203E-1
1086,274427	80,000000	80,000000	1,333203E-1
1086,274427	80,000000	80,000000	1,333203E-1
1086,274427	80,000000	80,000000	1,333203E-1
1086,274427	80,000000	80,000000	1,333203E-1
1086,274427	80,000000	80,000000	1,333203E-1
1087,274911	80,000000	80,000000	1,333203E-1
1087,274911	80,000000	80,000000	1,333203E-1
1087,274911	80,199997	80,000000	1,333203E-1
1087,274911	80,199997	80,000000	1,333203E-1
1087,274911	80,199997	80,000000	1,333203E-1
1087,274911	80,199997	80,000000	1,333203E-1
1087,274911	80,199997	80,000000	1,333203E-1
1087,274911	80,199997	80,000000	1,333203E-1
1087,274911	80,199997	80,000000	1,333203E-1
1087,274911	80,199997	80,000000	1,333203E-1
1088,275353	80,199997	80,000000	1,333203E-1
1088,275353	80,199997	80,000000	1,333203E-1
1088,275353	80,199997	80,000000	1,333203E-1
1088,275353	80,199997	80,000000	1,333203E-1
1088,275353	80,199997	80,000000	1,333203E-1
1088,275353	80,199997	80,000000	1,333203E-1
1088,275353	80,199997	80,000000	1,333203E-1
1088,275353	80,199997	80,000000	1,333203E-1
1088,275353	80,199997	80,000000	1,333203E-1
1088,275353	80,099998	80,000000	1,332667E-1
1089,275781	80,099998	80,000000	1,332667E-1
1089,275781	80,099998	80,000000	1,332667E-1
1089,275781	80,099998	80,000000	1,332667E-1
1089,275781	80,099998	80,000000	1,332667E-1
1089,275781	80,099998	80,000000	1,332667E-1
1089,275781	80,099998	80,000000	1,332667E-1
1089,275781	80,099998	80,000000	1,332667E-1
1089,275781	80,099998	80,000000	1,332667E-1
1089,275781	80,099998	80,000000	1,332667E-1
1089,275781	80,099998	80,000000	1,332667E-1
1090,276183	80,099998	80,000000	1,332667E-1
1090,276183	80,099998	80,000000	1,332667E-1
1090,276183	80,099998	80,000000	1,332667E-1
1090,276183	80,099998	80,000000	1,332667E-1
1090,276183	80,099998	80,000000	1,332667E-1
1090,276183	80,099998	80,000000	1,332667E-1
1090,276183	80,099998	80,000000	1,332903E-1
1090,276183	79,800003	80,000000	1,332903E-1
1090,276183	79,800003	80,000000	1,333691E-1
1090,276183	79,800003	80,000000	1,333691E-1
1091,276541	79,800003	80,000000	1,333723E-1
1091,276541	79,800003	80,000000	1,333755E-1
1091,276541	79,800003	80,000000	1,333787E-1
1091,276541	79,800003	80,000000	1,333787E-1
1091,276541	79,800003	80,000000	1,333819E-1
1091,276541	79,800003	80,000000	1,333851E-1
1091,276541	79,800003	80,000000	1,333851E-1
1091,276541	79,800003	80,000000	1,333883E-1
1091,276541	79,800003	80,000000	1,333915E-1
1091,276541	79,800003	80,000000	1,333915E-1
1092,276998	79,800003	80,000000	1,333948E-1
1092,276998	79,800003	80,000000	1,333948E-1
1092,276998	80,099998	80,000000	1,333176E-1
1092,276998	80,099998	80,000000	1,333160E-1
1092,276998	80,099998	80,000000	1,333160E-1
1092,276998	80,099998	80,000000	1,333143E-1
1092,276998	80,099998	80,000000	1,333127E-1
1092,276998	80,099998	80,000000	1,333111E-1
1092,276998	80,099998	80,000000	1,333111E-1
1092,276998	80,099998	80,000000	1,333095E-1
1093,276448	80,099998	80,000000	1,333079E-1
1093,276448	80,099998	80,000000	1,333079E-1
1093,276448	80,099998	80,000000	1,333063E-1
1093,276448	80,099998	80,000000	1,333047E-1
1093,276448	80,099998	80,000000	1,333047E-1
1093,276448	80,099998	80,000000	1,333047E-1
1093,276448	80,099998	80,000000	1,333031E-1
1093,276448	80,099998	80,000000	1,333031E-1
1093,276448	80,099998	80,000000	1,333015E-1
1093,276448	80,099998	80,000000	1,332999E-1
1094,276873	80,099998	80,000000	1,332983E-1
1094,276873	80,099998	80,000000	1,332983E-1
1094,276873	79,900002	80,000000	1,332967E-1
1094,276873	79,900002	80,000000	1,333487E-1
1094,276873	79,900002	80,000000	1,333487E-1
1094,276873	79,900002	80,000000	1,333503E-1
1094,276873	79,900002	80,000000	1,333519E-1
1094,276873	79,900002	80,000000	1,333535E-1
1094,276873	79,900002	80,000000	1,333551E-1
1094,276873	79,900002	80,000000	1,333551E-1
1095,277360	79,900002	80,000000	1,333551E-1
1095,277360	79,900002	80,000000	1,333567E-1
1095,277360	79,900002	80,000000	1,333567E-1
1095,277360	80,099998	80,000000	1,333047E-1
1095,277360	80,099998	80,000000	1,333031E-1
1095,277360	80,099998	80,000000	1,333031E-1
1095,277360	80,099998	80,000000	1,333015E-1
1095,277360	80,099998	80,000000	1,332999E-1
1095,277360	80,099998	80,000000	1,332983E-1
1095,277360	80,099998	80,000000	1,332983E-1
1096,276957	80,099998	80,000000	1,332967E-1
1096,276957	80,099998	80,000000	1,332951E-1
1096,276957	79,899994	80,000000	1,333471E-1
1096,276957	79,899994	80,000000	1,333487E-1
1096,276957	79,899994	80,000000	1,333487E-1
1096,276957	79,899994	80,000000	1,333487E-1
1096,276957	79,899994	80,000000	1,333503E-1
1096,276957	79,899994	80,000000	1,333503E-1
1096,276957	79,899994	80,000000	1,333519E-1
1096,276957	79,899994	80,000000	1,333535E-1
1097,276468	79,899994	80,000000	1,333535E-1
1097,276468	79,899994	80,000000	1,333551E-1
1097,276468	79,899994	80,000000	1,333567E-1
1097,276468	79,899994	80,000000	1,333567E-1
1097,276468	79,899994	80,000000	1,333583E-1
1097,276468	79,899994	80,000000	1,333599E-1
1097,276468	79,899994	80,000000	1,333615E-1
1097,276468	79,899994	80,000000	1,333615E-1
1097,276468	79,899994	80,000000	1,333631E-1
1097,276468	79,899994	80,000000	1,333631E-1
1098,276824	79,899994	80,000000	1,333647E-1
1098,276824	79,899994	80,000000	1,333647E-1
1098,276824	79,800003	80,000000	1,333932E-1
1098,276824	79,800003	80,000000	1,333964E-1
1098,276824	79,800003	80,000000	1,333996E-1
1098,276824	79,800003	80,000000	1,333996E-1
1098,276824	79,800003	80,000000	1,334028E-1
1098,276824	79,800003	80,000000	1,334060E-1
1098,276824	79,800003	80,000000	1,334060E-1
1098,276824	79,800003	80,000000	1,334060E-1
1099,277298	79,800003	80,000000	1,334092E-1
1099,277298	79,800003	80,000000	1,334092E-1
1099,277298	80,400002	80,000000	1,334092E-1
1099,277298	80,400002	80,000000	1,334092E-1
1099,277298	80,400002	80,000000	1,334092E-1
1099,277298	80,400002	80,000000	1,334092E-1
1099,277298	80,400002	80,000000	1,334092E-1
1099,277298	80,400002	80,000000	1,334092E-1
1099,277298	80,400002	80,000000	1,334092E-1
1099,277298	80,400002	80,000000	1,334092E-1
1100,276678	80,400002	80,000000	1,334092E-1
1100,276678	80,400002	80,000000	1,334092E-1
1100,276678	80,400002	80,000000	1,334092E-1
1100,276678	80,400002	80,000000	1,334092E-1
1100,276678	80,400002	80,000000	1,334092E-1
1100,276678	80,400002	80,000000	1,334092E-1
1100,276678	80,400002	80,000000	1,334092E-1
1100,276678	80,400002	80,000000	1,334092E-1
1100,276678	80,400002	80,000000	1,334092E-1
1100,276678	80,400002	80,000000	1,334092E-1
1101,278157	80,400002	80,000000	1,334092E-1
1101,278157	80,400002	80,000000	1,334092E-1
1101,278157	80,400002	80,000000	1,334092E-1
1101,278157	80,400002	80,000000	1,334092E-1
1101,278157	80,400002	80,000000	1,334092E-1
1101,278157	80,400002	80,000000	1,332516E-1
1101,278157	80,400002	80,000000	1,332516E-1
1101,278157	80,400002	80,000000	1,332516E-1
1101,278157	80,199997	80,000000	1,332516E-1
1101,278157	80,199997	80,000000	1,332516E-1
1102,278560	80,199997	80,000000	1,332516E-1
1102,278560	80,199997	80,000000	1,332516E-1
1102,278560	80,199997	80,000000	1,332516E-1
1102,278560	80,199997	80,000000	1,332516E-1
1102,278560	80,199997	80,000000	1,332516E-1
1102,278560	80,199997	80,000000	1,332516E-1
1102,278560	80,199997	80,000000	1,332516E-1
1102,278560	80,199997	80,000000	1,332516E-1
1102,278560	80,199997	80,000000	1,332516E-1
1102,278560	80,199997	80,000000	1,332516E-1
1103,279018	80,199997	80,000000	1,332516E-1
1103,279018	80,199997	80,000000	1,332516E-1
1103,279018	80,199997	80,000000	1,332516E-1
1103,279018	80,199997	80,000000	1,332988E-1
1103,279018	80,199997	80,000000	1,332988E-1
1103,279018	80,199997	80,000000	1,332988E-1
1103,279018	80,199997	80,000000	1,332956E-1
1103,279018	80,199997	80,000000	1,332956E-1
1103,279018	80,199997	80,000000	1,332956E-1
1103,279018	80,199997	80,000000	1,332956E-1
1104,278421	80,199997	80,000000	1,332956E-1
1104,278421	80,199997	80,000000	1,332956E-1
1104,278421	80,199997	80,000000	1,332956E-1
1104,278421	80,199997	80,000000	1,332956E-1
1104,278421	80,199997	80,000000	1,332956E-1
1104,278421	80,199997	80,000000	1,332956E-1
1104,278421	80,199997	80,000000	1,332956E-1
1104,278421	80,199997	80,000000	1,332956E-1
1104,278421	80,199997	80,000000	1,332956E-1
1104,278421	80,199997	80,000000	1,332956E-1
1105,278856	80,199997	80,000000	1,332956E-1
1105,278856	79,900002	80,000000	1,332956E-1
1105,278856	79,900002	80,000000	1,332956E-1
1105,278856	79,900002	80,000000	1,332956E-1
1105,278856	79,900002	80,000000	1,332956E-1
1105,278856	79,900002	80,000000	1,332956E-1
1105,278856	79,900002	80,000000	1,332956E-1
1105,278856	79,900002	80,000000	1,332956E-1
1105,278856	79,900002	80,000000	1,332956E-1
1105,278856	79,900002	80,000000	1,332956E-1
1106,279216	79,900002	80,000000	1,332956E-1
1106,279216	79,900002	80,000000	1,332956E-1
1106,279216	79,900002	80,000000	1,332956E-1
1106,279216	79,900002	80,000000	1,332956E-1
1106,279216	79,900002	80,000000	1,332956E-1
1106,279216	79,900002	80,000000	1,332956E-1
1106,279216	79,900002	80,000000	1,332956E-1
1106,279216	79,900002	80,000000	1,332956E-1
1106,279216	79,900002	80,000000	1,333728E-1
1106,279216	79,900002	80,000000	1,333728E-1
1107,278617	79,900002	80,000000	1,333728E-1
1107,278617	79,900002	80,000000	1,333728E-1
1107,278617	79,900002	80,000000	1,333728E-1
1107,278617	79,900002	80,000000	1,333728E-1
1107,278617	79,900002	80,000000	1,333728E-1
1107,278617	79,900002	80,000000	1,333728E-1
1107,278617	79,900002	80,000000	1,333728E-1
1107,278617	79,900002	80,000000	1,333728E-1
1107,278617	79,900002	80,000000	1,333728E-1
1107,278617	79,900002	80,000000	1,333728E-1
1108,280066	79,900002	80,000000	1,333728E-1
1108,280066	79,900002	80,000000	1,333728E-1
1108,280066	79,900002	80,000000	1,333728E-1
1108,280066	79,900002	80,000000	1,333728E-1
1108,280066	79,900002	80,000000	1,333728E-1
1108,280066	79,900002	80,000000	1,333744E-1
1108,280066	79,899994	80,000000	1,333744E-1
1108,280066	79,899994	80,000000	1,333744E-1
1108,280066	79,899994	80,000000	1,333744E-1
1108,280066	79,899994	80,000000	1,333744E-1
1109,279516	79,899994	80,000000	1,333744E-1
1109,279516	79,899994	80,000000	1,333744E-1
1109,279516	79,899994	80,000000	1,333744E-1
1109,279516	79,899994	80,000000	1,333744E-1
1109,279516	79,899994	80,000000	1,333744E-1
1109,279516	79,899994	80,000000	1,333744E-1
1109,279516	79,899994	80,000000	1,333744E-1
1109,279516	79,899994	80,000000	1,333744E-1
1109,279516	79,899994	80,000000	1,333744E-1
1109,279516	79,899994	80,000000	1,333744E-1
1110,279929	79,899994	80,000000	1,333744E-1
1110,279929	79,899994	80,000000	1,333744E-1
1110,279929	79,899994	80,000000	1,333744E-1
1110,279929	79,899994	80,000000	1,333760E-1
1110,279929	80,100006	80,000000	1,333760E-1
1110,279929	80,100006	80,000000	1,333760E-1
1110,279929	80,000000	80,000000	1,333240E-1
1110,279929	80,000000	80,000000	1,333240E-1
1110,279929	80,000000	80,000000	1,333240E-1
1110,279929	80,000000	80,000000	1,333492E-1
1111,280344	80,000000	80,000000	1,333492E-1
1111,280344	80,199997	80,000000	1,333492E-1
1111,280344	80,199997	80,000000	1,332956E-1
1111,280344	80,199997	80,000000	1,332924E-1
1111,280344	80,199997	80,000000	1,332924E-1
1111,280344	80,199997	80,000000	1,332892E-1
1111,280344	80,199997	80,000000	1,332859E-1
1111,280344	80,199997	80,000000	1,332859E-1
1111,280344	80,199997	80,000000	1,332827E-1
1111,280344	80,199997	80,000000	1,332795E-1
1112,280771	80,199997	80,000000	1,332795E-1
1112,280771	80,199997	80,000000	1,332763E-1
1112,280771	80,199997	80,000000	1,332763E-1
1112,280771	80,199997	80,000000	1,332763E-1
1112,280771	80,199997	80,000000	1,332731E-1
1112,280771	80,199997	80,000000	1,332699E-1
1112,280771	80,199997	80,000000	1,332699E-1
1112,280771	79,800003	80,000000	1,332667E-1
1112,280771	79,800003	80,000000	1,333707E-1
1112,280771	79,800003	80,000000	1,333739E-1
1113,281192	79,800003	80,000000	1,333739E-1
1113,281192	79,800003	80,000000	1,333771E-1
1113,281192	79,800003	80,000000	1,333803E-1
1113,281192	79,800003	80,000000	1,333803E-1
1113,281192	79,800003	80,000000	1,333835E-1
1113,281192	79,800003	80,000000	1,333867E-1
1113,281192	79,800003	80,000000	1,333867E-1
1113,281192	79,800003	80,000000	1,333899E-1
1113,281192	79,800003	80,000000	1,333899E-1
1113,281192	79,900002	80,000000	1,333663E-1
1114,280618	79,900002	80,000000	1,333663E-1
1114,280618	79,900002	80,000000	1,333680E-1
1114,280618	79,900002	80,000000	1,333696E-1
1114,280618	79,900002	80,000000	1,333712E-1
1114,280618	79,900002	80,000000	1,333728E-1
1114,280618	79,900002	80,000000	1,333728E-1
1114,280618	79,900002	80,000000	1,333744E-1
1114,280618	79,900002	80,000000	1,333744E-1
1114,280618	80,099998	80,000000	1,333760E-1
1114,280618	80,099998	80,000000	1,333240E-1
1115,281076	80,099998	80,000000	1,333224E-1
1115,281076	80,099998	80,000000	1,333224E-1
1115,281076	80,099998	80,000000	1,333224E-1
1115,281076	80,099998	80,000000	1,333208E-1
1115,281076	80,099998	80,000000	1,333208E-1
1115,281076	80,099998	80,000000	1,333192E-1
1115,281076	80,099998	80,000000	1,333176E-1
1115,281076	80,099998	80,000000	1,333160E-1
1115,281076	80,099998	80,000000	1,333144E-1
1115,281076	79,900002	80,000000	1,333144E-1
1116,282072	79,900002	80,000000	1,333663E-1
1116,282072	79,900002	80,000000	1,333663E-1
1116,282072	79,900002	80,000000	1,333680E-1
1116,282072	79,900002	80,000000	1,333696E-1
1116,282072	79,900002	80,000000	1,333712E-1
1116,282072	79,900002	80,000000	1,333712E-1
1116,282072	79,900002	80,000000	1,333728E-1
1116,282072	79,900002	80,000000	1,333728E-1
1116,282072	79,900002	80,000000	1,333728E-1
1116,282072	80,000000	80,000000	1,333744E-1
1117,281495	80,000000	80,000000	1,333492E-1
1117,281495	80,000000	80,000000	1,333492E-1
1117,281495	80,000000	80,000000	1,333492E-1
1117,281495	80,000000	80,000000	1,333492E-1
1117,281495	80,000000	80,000000	1,333492E-1
1117,281495	80,000000	80,000000	1,333492E-1
1117,281495	80,000000	80,000000	1,333492E-1
1117,281495	80,000000	80,000000	1,333492E-1
1117,281495	80,000000	80,000000	1,333492E-1
1117,281495	80,000000	80,000000	1,333492E-1
1118,281401	80,199997	80,000000	1,332956E-1
1118,281401	80,199997	80,000000	1,332956E-1
1118,281401	80,199997	80,000000	1,332956E-1
1118,281401	80,199997	80,000000	1,332924E-1
1118,281401	80,199997	80,000000	1,332924E-1
1118,281401	80,199997	80,000000	1,332924E-1
1118,281401	80,199997	80,000000	1,332924E-1
1118,281401	80,199997	80,000000	1,332924E-1
1118,281401	80,199997	80,000000	1,332924E-1
1118,281401	80,199997	80,000000	1,332924E-1
1119,281822	80,199997	80,000000	1,332924E-1
1119,281822	80,199997	80,000000	1,332924E-1
1119,281822	80,199997	80,000000	1,332924E-1
1119,281822	80,199997	80,000000	1,332924E-1
1119,281822	80,199997	80,000000	1,332924E-1
1119,281822	80,199997	80,000000	1,332924E-1
1119,281822	80,199997	80,000000	1,332924E-1
1119,281822	80,199997	80,000000	1,332924E-1
1119,281822	80,199997	80,000000	1,332924E-1
1119,281822	80,199997	80,000000	1,332924E-1
1120,283233	80,199997	80,000000	1,332924E-1
1120,283233	80,199997	80,000000	1,332924E-1
1120,283233	80,199997	80,000000	1,332924E-1
1120,283233	80,199997	80,000000	1,332924E-1
1120,283233	80,199997	80,000000	1,332924E-1
1120,283233	80,199997	80,000000	1,332924E-1
1120,283233	80,199997	80,000000	1,332924E-1
1120,283233	80,199997	80,000000	1,332924E-1
1120,283233	80,000000	80,000000	1,332892E-1
1120,283233	80,000000	80,000000	1,332892E-1
1121,282728	80,000000	80,000000	1,332892E-1
1121,282728	80,000000	80,000000	1,332892E-1
1121,282728	80,000000	80,000000	1,332892E-1
1121,282728	80,000000	80,000000	1,332892E-1
1121,282728	80,000000	80,000000	1,332892E-1
1121,282728	80,000000	80,000000	1,332892E-1
1121,282728	80,000000	80,000000	1,332892E-1
1121,282728	80,000000	80,000000	1,332892E-1
1121,282728	80,000000	80,000000	1,332892E-1
1121,282728	80,000000	80,000000	1,332892E-1
1122,283098	80,000000	80,000000	1,332892E-1
1122,283098	80,000000	80,000000	1,332892E-1
1122,283098	80,000000	80,000000	1,332892E-1
1122,283098	80,000000	80,000000	1,332892E-1
1122,283098	80,000000	80,000000	1,332892E-1
1122,283098	80,100006	80,000000	1,333127E-1
1122,283098	80,100006	80,000000	1,333127E-1
1122,283098	80,100006	80,000000	1,333127E-1
1122,283098	80,100006	80,000000	1,333127E-1
1122,283098	80,100006	80,000000	1,333127E-1
1123,282499	80,100006	80,000000	1,333127E-1
1123,282499	80,100006	80,000000	1,333127E-1
1123,282499	80,100006	80,000000	1,333127E-1
1123,282499	80,100006	80,000000	1,333127E-1
1123,282499	80,100006	80,000000	1,333127E-1
1123,282499	80,100006	80,000000	1,333127E-1
1123,282499	80,100006	80,000000	1,333127E-1
1123,282499	80,100006	80,000000	1,333127E-1
1123,282499	80,100006	80,000000	1,333127E-1
1123,282499	80,100006	80,000000	1,333127E-1
1124,283947	80,100006	80,000000	1,333127E-1
1124,283947	80,100006	80,000000	1,333127E-1
1124,283947	79,900002	80,000000	1,333647E-1
1124,283947	79,900002	80,000000	1,333647E-1
1124,283947	79,900002	80,000000	1,333647E-1
1124,283947	79,900002	80,000000	1,333647E-1
1124,283947	79,900002	80,000000	1,333647E-1
1124,283947	79,900002	80,000000	1,333647E-1
1124,283947	79,900002	80,000000	1,333647E-1
1124,283947	79,900002	80,000000	1,333647E-1
1125,285385	79,900002	80,000000	1,333647E-1
1125,285385	79,900002	80,000000	1,333647E-1
1125,285385	79,900002	80,000000	1,333647E-1
1125,285385	79,900002	80,000000	1,333647E-1
1125,285385	79,900002	80,000000	1,333647E-1
1125,285385	79,900002	80,000000	1,333647E-1
1125,285385	79,900002	80,000000	1,333647E-1
1125,285385	79,900002	80,000000	1,333647E-1
1125,285385	79,900002	80,000000	1,333647E-1
1125,285385	79,900002	80,000000	1,333663E-1
1126,284732	79,900002	80,000000	1,333663E-1
1126,284732	79,900002	80,000000	1,333663E-1
1126,284732	79,900002	80,000000	1,333663E-1
1126,284732	79,900002	80,000000	1,333663E-1
1126,284732	79,900002	80,000000	1,333663E-1
1126,284732	79,900002	80,000000	1,333663E-1
1126,284732	79,900002	80,000000	1,333663E-1
1126,284732	79,900002	80,000000	1,333663E-1
1126,284732	79,900002	80,000000	1,333663E-1
1126,284732	79,900002	80,000000	1,333663E-1
1127,285187	79,900002	80,000000	1,333663E-1
1127,285187	79,900002	80,000000	1,333663E-1
1127,285187	79,900002	80,000000	1,333663E-1
1127,285187	79,900002	80,000000	1,333663E-1
1127,285187	79,900002	80,000000	1,333663E-1
1127,285187	80,100006	80,000000	1,333663E-1
1127,285187	80,100006	80,000000	1,333143E-1
1127,285187	80,100006	80,000000	1,333143E-1
1127,285187	80,100006	80,000000	1,333143E-1
1127,285187	80,100006	80,000000	1,333143E-1
1128,284590	80,100006	80,000000	1,333143E-1
1128,284590	80,100006	80,000000	1,333143E-1
1128,284590	80,100006	80,000000	1,333143E-1
1128,284590	80,100006	80,000000	1,333143E-1
1128,284590	80,100006	80,000000	1,333143E-1
1128,284590	80,100006	80,000000	1,333143E-1
1128,284590	80,100006	80,000000	1,333143E-1
1128,284590	80,100006	80,000000	1,333143E-1
1128,284590	80,100006	80,000000	1,333143E-1
1128,284590	80,100006	80,000000	1,333143E-1
1129,286048	80,100006	80,000000	1,333143E-1
1129,286048	80,100006	80,000000	1,333143E-1
1129,286048	80,100006	80,000000	1,333143E-1
1129,286048	80,100006	80,000000	1,333143E-1
1129,286048	80,100006	80,000000	1,333143E-1
1129,286048	80,100006	80,000000	1,333143E-1
1129,286048	80,100006	80,000000	1,333143E-1
1129,286048	80,100006	80,000000	1,333143E-1
1129,286048	80,100006	80,000000	1,333143E-1
1129,286048	80,100006	80,000000	1,333143E-1
1130,286094	80,100006	80,000000	1,333143E-1
1130,286094	80,100006	80,000000	1,333143E-1
1130,286094	80,100006	80,000000	1,333143E-1
1130,286094	80,100006	80,000000	1,333143E-1
1130,286094	80,100006	80,000000	1,333143E-1
1130,286094	80,100006	80,000000	1,333143E-1
1130,286094	80,100006	80,000000	1,333143E-1
1130,286094	80,100006	80,000000	1,333143E-1
1130,286094	80,100006	80,000000	1,333143E-1
1130,286094	80,100006	80,000000	1,333143E-1
1131,285501	80,100006	80,000000	1,333143E-1
1131,285501	80,100006	80,000000	1,333143E-1
1131,285501	80,100006	80,000000	1,333143E-1
1131,285501	80,100006	80,000000	1,333143E-1
1131,285501	80,100006	80,000000	1,333143E-1
1131,285501	80,100006	80,000000	1,333143E-1
1131,285501	80,100006	80,000000	1,333143E-1
1131,285501	80,100006	80,000000	1,333143E-1
1131,285501	80,100006	80,000000	1,333143E-1
1131,285501	80,100006	80,000000	1,333143E-1
1132,285929	80,100006	80,000000	1,333143E-1
1132,285929	80,100006	80,000000	1,333143E-1
1132,285929	80,100006	80,000000	1,333143E-1
1132,285929	80,100006	80,000000	1,333143E-1
1132,285929	80,100006	80,000000	1,333143E-1
1132,285929	80,100006	80,000000	1,333143E-1
1132,285929	80,100006	80,000000	1,333143E-1
1132,285929	80,100006	80,000000	1,333143E-1
1132,285929	80,100006	80,000000	1,333143E-1
1132,285929	80,100006	80,000000	1,333143E-1
1133,285346	80,100006	80,000000	1,333143E-1
1133,285346	80,100006	80,000000	1,333143E-1
1133,285346	80,100006	80,000000	1,333143E-1
1133,285346	80,100006	80,000000	1,333127E-1
1133,285346	80,100006	80,000000	1,333127E-1
1133,285346	80,100006	80,000000	1,333127E-1
1133,285346	80,000000	80,000000	1,333111E-1
1133,285346	80,000000	80,000000	1,333111E-1
1133,285346	80,000000	80,000000	1,333111E-1
1133,285346	80,000000	80,000000	1,333363E-1
1134,285636	80,000000	80,000000	1,333363E-1
1134,285636	80,000000	80,000000	1,333363E-1
1134,285636	80,000000	80,000000	1,333363E-1
1134,285636	80,000000	80,000000	1,333363E-1
1134,285636	80,000000	80,000000	1,333363E-1
1134,285636	80,000000	80,000000	1,333363E-1
1134,285636	80,000000	80,000000	1,333363E-1
1134,285636	79,699997	80,000000	1,333363E-1
1134,285636	79,699997	80,000000	1,334167E-1
1134,285636	79,699997	80,000000	1,334216E-1
1135,286094	79,699997	80,000000	1,334216E-1
1135,286094	79,699997	80,000000	1,334264E-1
1135,286094	79,699997	80,000000	1,334264E-1
1135,286094	79,699997	80,000000	1,334264E-1
1135,286094	79,699997	80,000000	1,334312E-1
1135,286094	79,699997	80,000000	1,334312E-1
1135,286094	79,699997	80,000000	1,334312E-1
1135,286094	79,699997	80,000000	1,334360E-1
1135,286094	79,699997	80,000000	1,334360E-1
1135,286094	80,100006	80,000000	1,334360E-1
1136,285486	80,100006	80,000000	1,334360E-1
1136,285486	80,100006	80,000000	1,334360E-1
1136,285486	80,100006	80,000000	1,334360E-1
1136,285486	80,100006	80,000000	1,334360E-1
1136,285486	80,100006	80,000000	1,334360E-1
1136,285486	80,100006	80,000000	1,334360E-1
1136,285486	80,100006	80,000000	1,334360E-1
1136,285486	80,100006	80,000000	1,334360E-1
1136,285486	80,100006	80,000000	1,334360E-1
1136,285486	80,100006	80,000000	1,334360E-1
1137,285927	80,100006	80,000000	1,334360E-1
1137,285927	80,100006	80,000000	1,334360E-1
1137,285927	80,100006	80,000000	1,334360E-1
1137,285927	80,100006	80,000000	1,334360E-1
1137,285927	80,100006	80,000000	1,334360E-1
1137,285927	80,100006	80,000000	1,334360E-1
1137,285927	80,100006	80,000000	1,334360E-1
1137,285927	80,100006	80,000000	1,334360E-1
1137,285927	80,100006	80,000000	1,334360E-1
1137,285927	80,100006	80,000000	1,334360E-1
1138,285381	80,100006	80,000000	1,334360E-1
1138,285381	80,100006	80,000000	1,334360E-1
1138,285381	80,100006	80,000000	1,333336E-1
1138,285381	80,100006	80,000000	1,333336E-1
1138,285381	80,100006	80,000000	1,333336E-1
1138,285381	80,100006	80,000000	1,333336E-1
1138,285381	80,100006	80,000000	1,333336E-1
1138,285381	80,100006	80,000000	1,333336E-1
1138,285381	80,100006	80,000000	1,333336E-1
1138,285381	80,100006	80,000000	1,333336E-1
1139,285757	80,100006	80,000000	1,333336E-1
1139,285757	80,100006	80,000000	1,333336E-1
1139,285757	80,100006	80,000000	1,333336E-1
1139,285757	80,100006	80,000000	1,333336E-1
1139,285757	80,100006	80,000000	1,333336E-1
1139,285757	80,100006	80,000000	1,333336E-1
1139,285757	80,100006	80,000000	1,333336E-1
1139,285757	80,100006	80,000000	1,333336E-1
1139,285757	80,100006	80,000000	1,333336E-1
1139,285757	80,100006	80,000000	1,333336E-1
1140,286237	80,100006	80,000000	1,333320E-1
1140,286237	80,100006	80,000000	1,333320E-1
1140,286237	80,100006	80,000000	1,333320E-1
1140,286237	80,100006	80,000000	1,333320E-1
1140,286237	80,100006	80,000000	1,333320E-1
1140,286237	80,100006	80,000000	1,333320E-1
1140,286237	80,100006	80,000000	1,333320E-1
1140,286237	80,100006	80,000000	1,333320E-1
1140,286237	80,100006	80,000000	1,333320E-1
1140,286237	80,100006	80,000000	1,333320E-1
1141,285695	80,100006	80,000000	1,333320E-1
1141,285695	80,100006	80,000000	1,333320E-1
1141,285695	80,100006	80,000000	1,333320E-1
1141,285695	80,100006	80,000000	1,333320E-1
1141,285695	80,100006	80,000000	1,333320E-1
1141,285695	80,100006	80,000000	1,333320E-1
1141,285695	80,100006	80,000000	1,333320E-1
1141,285695	79,900002	80,000000	1,333304E-1
1141,285695	79,900002	80,000000	1,333304E-1
1141,285695	79,900002	80,000000	1,333304E-1
1142,286071	79,900002	80,000000	1,333304E-1
1142,286071	79,900002	80,000000	1,333304E-1
1142,286071	79,900002	80,000000	1,333304E-1
1142,286071	79,900002	80,000000	1,333304E-1
1142,286071	79,900002	80,000000	1,333304E-1
1142,286071	79,900002	80,000000	1,333304E-1
1142,286071	79,900002	80,000000	1,333304E-1
1142,286071	79,900002	80,000000	1,333304E-1
1142,286071	79,900002	80,000000	1,333304E-1
1142,286071	79,900002	80,000000	1,333304E-1
1143,285560	79,900002	80,000000	1,333304E-1
1143,285560	79,900002	80,000000	1,333304E-1
1143,285560	79,900002	80,000000	1,333304E-1
1143,285560	79,900002	80,000000	1,333304E-1
1143,285560	79,900002	80,000000	1,333304E-1
1143,285560	79,900002	80,000000	1,333824E-1
1143,285560	79,900002	80,000000	1,333824E-1
1143,285560	79,900002	80,000000	1,333824E-1
1143,285560	79,900002	80,000000	1,333824E-1
1143,285560	79,900002	80,000000	1,333824E-1
1144,285892	79,900002	80,000000	1,333824E-1
1144,285892	79,900002	80,000000	1,333824E-1
1144,285892	79,900002	80,000000	1,333824E-1
1144,285892	79,900002	80,000000	1,333824E-1
1144,285892	79,900002	80,000000	1,333824E-1
1144,285892	79,900002	80,000000	1,333824E-1
1144,285892	79,900002	80,000000	1,333824E-1
1144,285892	79,900002	80,000000	1,333824E-1
1144,285892	79,900002	80,000000	1,333824E-1
1144,285892	79,900002	80,000000	1,333824E-1
1145,286332	79,900002	80,000000	1,333824E-1
1145,286332	79,900002	80,000000	1,333824E-1
1145,286332	79,900002	80,000000	1,333840E-1
1145,286332	80,400002	80,000000	1,333840E-1
1145,286332	80,400002	80,000000	1,333840E-1
1145,286332	80,400002	80,000000	1,333840E-1
1145,286332	80,400002	80,000000	1,333840E-1
1145,286332	80,400002	80,000000	1,333840E-1
1145,286332	80,400002	80,000000	1,333840E-1
1145,286332	80,400002	80,000000	1,333840E-1
1146,285740	80,400002	80,000000	1,333840E-1
1146,285740	80,400002	80,000000	1,333840E-1
1146,285740	80,400002	80,000000	1,333840E-1
1146,285740	80,400002	80,000000	1,333840E-1
1146,285740	80,400002	80,000000	1,333840E-1
1146,285740	80,400002	80,000000	1,333840E-1
1146,285740	80,400002	80,000000	1,333840E-1
1146,285740	80,400002	80,000000	1,333840E-1
1146,285740	80,400002	80,000000	1,333840E-1
1146,285740	80,400002	80,000000	1,333840E-1
1147,286162	80,199997	80,000000	1,332516E-1
1147,286162	80,199997	80,000000	1,332516E-1
1147,286162	80,199997	80,000000	1,332516E-1
1147,286162	79,900002	80,000000	1,332988E-1
1147,286162	79,900002	80,000000	1,332988E-1
1147,286162	79,900002	80,000000	1,332988E-1
1147,286162	79,900002	80,000000	1,333760E-1
1147,286162	80,000000	80,000000	1,333776E-1
1147,286162	80,000000	80,000000	1,333776E-1
1147,286162	80,000000	80,000000	1,333524E-1
1148,285622	80,000000	80,000000	1,333524E-1
1148,285622	80,000000	80,000000	1,333524E-1
1148,285622	80,000000	80,000000	1,333524E-1
1148,285622	80,000000	80,000000	1,333524E-1
1148,285622	80,000000	80,000000	1,333524E-1
1148,285622	80,000000	80,000000	1,333524E-1
1148,285622	80,000000	80,000000	1,333524E-1
1148,285622	80,000000	80,000000	1,333524E-1
1148,285622	80,000000	80,000000	1,333524E-1
1148,285622	80,000000	80,000000	1,333524E-1
1149,286076	80,000000	80,000000	1,333524E-1
1149,286076	80,000000	80,000000	1,333524E-1
1149,286076	80,000000	80,000000	1,333524E-1
1149,286076	80,000000	80,000000	1,333524E-1
1149,286076	79,800003	80,000000	1,333524E-1
1149,286076	79,800003	80,000000	1,334060E-1
1149,286076	79,800003	80,000000	1,334092E-1
1149,286076	79,800003	80,000000	1,334092E-1
1149,286076	79,800003	80,000000	1,334124E-1
1149,286076	79,800003	80,000000	1,334156E-1
1150,286478	79,800003	80,000000	1,334188E-1
1150,286478	79,800003	80,000000	1,334188E-1
1150,286478	79,800003	80,000000	1,334220E-1
1150,286478	79,800003	80,000000	1,334220E-1
1150,286478	79,800003	80,000000	1,334252E-1
1150,286478	79,800003	80,000000	1,334252E-1
1150,286478	80,199997	80,000000	1,333213E-1
1150,286478	80,199997	80,000000	1,333180E-1
1150,286478	80,199997	80,000000	1,333148E-1
1150,286478	80,199997	80,000000	1,333148E-1
1151,286909	80,199997	80,000000	1,333116E-1
1151,286909	80,199997	80,000000	1,333084E-1
1151,286909	80,199997	80,000000	1,333052E-1
1151,286909	80,199997	80,000000	1,333052E-1
1151,286909	79,600006	80,000000	1,333020E-1
1151,286909	79,600006	80,000000	1,333020E-1
1151,286909	79,600006	80,000000	1,334596E-1
1151,286909	79,600006	80,000000	1,334660E-1
1151,286909	79,600006	80,000000	1,334660E-1
1151,286909	79,600006	80,000000	1,334724E-1
1152,287347	79,600006	80,000000	1,334724E-1
1152,287347	79,600006	80,000000	1,334789E-1
1152,287347	79,600006	80,000000	1,334789E-1
1152,287347	79,600006	80,000000	1,334853E-1
1152,287347	79,600006	80,000000	1,334917E-1
1152,287347	79,600006	80,000000	1,334917E-1
1152,287347	80,099998	80,000000	1,334981E-1
1152,287347	80,099998	80,000000	1,333705E-1
1152,287347	80,099998	80,000000	1,333689E-1
1152,287347	80,099998	80,000000	1,333689E-1
1153,286717	80,099998	80,000000	1,333673E-1
1153,286717	80,099998	80,000000	1,333657E-1
1153,286717	80,099998	80,000000	1,333657E-1
1153,286717	80,099998	80,000000	1,333641E-1
1153,286717	80,099998	80,000000	1,333641E-1
1153,286717	80,099998	80,000000	1,333625E-1
1153,286717	80,099998	80,000000	1,333625E-1
1153,286717	80,099998	80,000000	1,333609E-1
1153,286717	80,099998	80,000000	1,333609E-1
1153,286717	80,099998	80,000000	1,333593E-1
1154,287178	80,099998	80,000000	1,333577E-1
1154,287178	80,099998	80,000000	1,333561E-1
1154,287178	80,099998	80,000000	1,333561E-1
1154,287178	80,099998	80,000000	1,333545E-1
1154,287178	80,099998	80,000000	1,333529E-1
1154,287178	80,100006	80,000000	1,333513E-1
1154,287178	80,100006	80,000000	1,333497E-1
1154,287178	80,100006	80,000000	1,333481E-1
1154,287178	80,100006	80,000000	1,333481E-1
1154,287178	80,100006	80,000000	1,333464E-1
1155,288067	80,100006	80,000000	1,333464E-1
1155,288067	80,100006	80,000000	1,333464E-1
1155,288067	80,100006	80,000000	1,333448E-1
1155,288067	80,100006	80,000000	1,333432E-1
1155,288067	80,100006	80,000000	1,333432E-1
1155,288067	80,100006	80,000000	1,333416E-1
1155,288067	80,100006	80,000000	1,333400E-1
1155,288067	80,100006	80,000000	1,333400E-1
1155,288067	80,100006	80,000000	1,333384E-1
1155,288067	80,100006	80,000000	1,333368E-1
1156,287558	80,100006	80,000000	1,333368E-1
1156,287558	80,100006	80,000000	1,333352E-1
1156,287558	80,100006	80,000000	1,333336E-1
1156,287558	80,100006	80,000000	1,333336E-1
1156,287558	80,100006	80,000000	1,333320E-1
1156,287558	80,100006	80,000000	1,333320E-1
1156,287558	80,099998	80,000000	1,333304E-1
1156,287558	80,099998	80,000000	1,333288E-1
1156,287558	80,099998	80,000000	1,333288E-1
1156,287558	80,099998	80,000000	1,333272E-1
1157,287770	80,099998	80,000000	1,333256E-1
1157,287770	80,099998	80,000000	1,333240E-1
1157,287770	80,099998	80,000000	1,333240E-1
1157,287770	80,099998	80,000000	1,333224E-1
1157,287770	79,900002	80,000000	1,333208E-1
1157,287770	79,900002	80,000000	1,333208E-1
1157,287770	79,900002	80,000000	1,333728E-1
1157,287770	79,900002	80,000000	1,333744E-1
1157,287770	79,900002	80,000000	1,333744E-1
1157,287770	79,900002	80,000000	1,333760E-1
1158,289106	79,900002	80,000000	1,333760E-1
1158,289106	79,900002	80,000000	1,333776E-1
1158,289106	79,900002	80,000000	1,333776E-1
1158,289106	79,900002	80,000000	1,333792E-1
1158,289106	79,900002	80,000000	1,333808E-1
1158,289106	79,900002	80,000000	1,333808E-1
1158,289106	80,099998	80,000000	1,333824E-1
1158,289106	80,099998	80,000000	1,333304E-1
1158,289106	80,099998	80,000000	1,333288E-1
1158,289106	80,099998	80,000000	1,333288E-1
1159,289543	80,099998	80,000000	1,333272E-1
1159,289543	80,099998	80,000000	1,333256E-1
1159,289543	80,099998	80,000000	1,333256E-1
1159,289543	80,099998	80,000000	1,333240E-1
1159,289543	80,099998	80,000000	1,333240E-1
1159,289543	79,800003	80,000000	1,333224E-1
1159,289543	79,800003	80,000000	1,333224E-1
1159,289543	79,800003	80,000000	1,334012E-1
1159,289543	79,800003	80,000000	1,334044E-1
1159,289543	79,800003	80,000000	1,334076E-1
1160,289949	79,800003	80,000000	1,334076E-1
1160,289949	79,800003	80,000000	1,334108E-1
1160,289949	79,800003	80,000000	1,334140E-1
1160,289949	79,800003	80,000000	1,334172E-1
1160,289949	79,800003	80,000000	1,334172E-1
1160,289949	80,199997	80,000000	1,334204E-1
1160,289949	80,199997	80,000000	1,333164E-1
1160,289949	80,199997	80,000000	1,333164E-1
1160,289949	80,199997	80,000000	1,333132E-1
1160,289949	80,199997	80,000000	1,333132E-1
1161,289389	80,199997	80,000000	1,333132E-1
1161,289389	80,199997	80,000000	1,333100E-1
1161,289389	80,199997	80,000000	1,333100E-1
1161,289389	80,199997	80,000000	1,333068E-1
1161,289389	80,199997	80,000000	1,333036E-1
1161,289389	80,199997	80,000000	1,333036E-1
1161,289389	80,199997	80,000000	1,333004E-1
1161,289389	80,199997	80,000000	1,332972E-1
1161,289389	80,199997	80,000000	1,332972E-1
1161,289389	80,199997	80,000000	1,332940E-1
1162,289804	80,000000	80,000000	1,332908E-1
1162,289804	80,000000	80,000000	1,332908E-1
1162,289804	80,000000	80,000000	1,333412E-1
1162,289804	80,000000	80,000000	1,333412E-1
1162,289804	80,000000	80,000000	1,333412E-1
1162,289804	80,000000	80,000000	1,333412E-1
1162,289804	80,000000	80,000000	1,333412E-1
1162,289804	80,000000	80,000000	1,333412E-1
1162,289804	80,000000	80,000000	1,333412E-1
1162,289804	80,000000	80,000000	1,333412E-1
1163,290256	80,000000	80,000000	1,333412E-1
1163,290256	80,000000	80,000000	1,333412E-1
1163,290256	80,000000	80,000000	1,333412E-1
1163,290256	80,000000	80,000000	1,333412E-1
1163,290256	80,000000	80,000000	1,333412E-1
1163,290256	80,000000	80,000000	1,333412E-1
1163,290256	80,000000	80,000000	1,333412E-1
1163,290256	80,000000	80,000000	1,333412E-1
1163,290256	80,000000	80,000000	1,333412E-1
1163,290256	80,000000	80,000000	1,333412E-1
1164,289665	80,000000	80,000000	1,333412E-1
1164,289665	80,000000	80,000000	1,333412E-1
1164,289665	80,000000	80,000000	1,333412E-1
1164,289665	80,000000	80,000000	1,333412E-1
1164,289665	80,000000	80,000000	1,333412E-1
1164,289665	80,000000	80,000000	1,333412E-1
1164,289665	80,000000	80,000000	1,333412E-1
1164,289665	80,000000	80,000000	1,333412E-1
1164,289665	80,000000	80,000000	1,333412E-1
1164,289665	80,000000	80,000000	1,333412E-1
1165,290099	80,000000	80,000000	1,333412E-1
1165,290099	80,000000	80,000000	1,333412E-1
1165,290099	80,000000	80,000000	1,333412E-1
1165,290099	80,000000	80,000000	1,333412E-1
1165,290099	80,000000	80,000000	1,333412E-1
1165,290099	80,000000	80,000000	1,333412E-1
1165,290099	80,000000	80,000000	1,333412E-1
1165,290099	80,000000	80,000000	1,333412E-1
1165,290099	80,100006	80,000000	1,333412E-1
1165,290099	80,100006	80,000000	1,333412E-1
1166,290117	80,100006	80,000000	1,333412E-1
1166,290117	80,100006	80,000000	1,333412E-1
1166,290117	80,100006	80,000000	1,333412E-1
1166,290117	80,100006	80,000000	1,333412E-1
1166,290117	80,100006	80,000000	1,333412E-1
1166,290117	80,100006	80,000000	1,333412E-1
1166,290117	80,100006	80,000000	1,333412E-1
1166,290117	80,100006	80,000000	1,333412E-1
1166,290117	80,100006	80,000000	1,333412E-1
1166,290117	80,100006	80,000000	1,333412E-1
1167,289546	80,100006	80,000000	1,333412E-1
1167,289546	80,100006	80,000000	1,333412E-1
1167,289546	80,100006	80,000000	1,333412E-1
1167,289546	80,100006	80,000000	1,333143E-1
1167,289546	80,100006	80,000000	1,333143E-1
1167,289546	80,100006	80,000000	1,333143E-1
1167,289546	80,100006	80,000000	1,333127E-1
1167,289546	80,100006	80,000000	1,333127E-1
1167,289546	80,100006	80,000000	1,333127E-1
1167,289546	80,100006	80,000000	1,333127E-1
1168,289972	80,100006	80,000000	1,333127E-1
1168,289972	80,100006	80,000000	1,333127E-1
1168,289972	80,100006	80,000000	1,333127E-1
1168,289972	80,100006	80,000000	1,333127E-1
1168,289972	80,100006	80,000000	1,333127E-1
1168,289972	80,100006	80,000000	1,333127E-1
1168,289972	80,100006	80,000000	1,333127E-1
1168,289972	80,100006	80,000000	1,333127E-1
1168,289972	80,100006	80,000000	1,333127E-1
1168,289972	80,100006	80,000000	1,333127E-1
1169,289376	80,100006	80,000000	1,333127E-1
1169,289376	80,199997	80,000000	1,333127E-1
1169,289376	80,199997	80,000000	1,333127E-1
1169,289376	80,199997	80,000000	1,333127E-1
1169,289376	80,199997	80,000000	1,333127E-1
1169,289376	80,199997	80,000000	1,333127E-1
1169,289376	80,199997	80,000000	1,333127E-1
1169,289376	80,199997	80,000000	1,333127E-1
1169,289376	80,199997	80,000000	1,333127E-1
1169,289376	80,199997	80,000000	1,333127E-1
1170,289850	80,199997	80,000000	1,333127E-1
1170,289850	80,199997	80,000000	1,333127E-1
1170,289850	80,199997	80,000000	1,333127E-1
1170,289850	80,199997	80,000000	1,333127E-1
1170,289850	80,199997	80,000000	1,333127E-1
1170,289850	80,199997	80,000000	1,333127E-1
1170,289850	80,199997	80,000000	1,333127E-1
1170,289850	80,199997	80,000000	1,333127E-1
1170,289850	80,199997	80,000000	1,333127E-1
1170,289850	80,199997	80,000000	1,332843E-1
1171,289687	80,199997	80,000000	1,332843E-1
1171,289687	80,199997	80,000000	1,332843E-1
1171,289687	80,199997	80,000000	1,332843E-1
1171,289687	80,199997	80,000000	1,332843E-1
1171,289687	80,199997	80,000000	1,332843E-1
1171,289687	80,199997	80,000000	1,332843E-1
1171,289687	80,199997	80,000000	1,332843E-1
1171,289687	80,199997	80,000000	1,332843E-1
1171,289687	80,199997	80,000000	1,332843E-1
1171,289687	80,199997	80,000000	1,332843E-1
1172,290150	80,199997	80,000000	1,332843E-1
1172,290150	80,199997	80,000000	1,332843E-1
1172,290150	80,199997	80,000000	1,332843E-1
1172,290150	80,199997	80,000000	1,332843E-1
1172,290150	80,199997	80,000000	1,332843E-1
1172,290150	80,199997	80,000000	1,332843E-1
1172,290150	80,199997	80,000000	1,332811E-1
1172,290150	79,900002	80,000000	1,332811E-1
1172,290150	79,900002	80,000000	1,332811E-1
1172,290150	79,900002	80,000000	1,332811E-1
1173,289542	79,900002	80,000000	1,332811E-1
1173,289542	79,900002	80,000000	1,332811E-1
1173,289542	79,900002	80,000000	1,332811E-1
1173,289542	79,900002	80,000000	1,332811E-1
1173,289542	79,900002	80,000000	1,332811E-1
1173,289542	79,900002	80,000000	1,332811E-1
1173,289542	79,900002	80,000000	1,332811E-1
1173,289542	79,900002	80,000000	1,332811E-1
1173,289542	79,900002	80,000000	1,332811E-1
1173,289542	79,900002	80,000000	1,332811E-1
1174,289995	79,900002	80,000000	1,332811E-1
1174,289995	79,900002	80,000000	1,332811E-1
1174,289995	79,900002	80,000000	1,332811E-1
1174,289995	79,900002	80,000000	1,333583E-1
1174,289995	79,699997	80,000000	1,333583E-1
1174,289995	79,699997	80,000000	1,333583E-1
1174,289995	79,699997	80,000000	1,333583E-1
1174,289995	80,099998	80,000000	1,334135E-1
1174,289995	80,099998	80,000000	1,334135E-1
1174,289995	80,099998	80,000000	1,334135E-1
1175,290457	80,099998	80,000000	1,333111E-1
1175,290457	79,800003	80,000000	1,333095E-1
1175,290457	79,800003	80,000000	1,333095E-1
1175,290457	79,800003	80,000000	1,333883E-1
1175,290457	79,800003	80,000000	1,333915E-1
1175,290457	79,800003	80,000000	1,333915E-1
1175,290457	79,800003	80,000000	1,333948E-1
1175,290457	79,800003	80,000000	1,333980E-1
1175,290457	79,800003	80,000000	1,334012E-1
1175,290457	79,800003	80,000000	1,334012E-1
1176,291964	79,800003	80,000000	1,334044E-1
1176,291964	79,800003	80,000000	1,334044E-1
1176,291964	79,800003	80,000000	1,334076E-1
1176,291964	79,800003	80,000000	1,334076E-1
1176,291964	79,800003	80,000000	1,334076E-1
1176,291964	79,800003	80,000000	1,334108E-1
1176,291964	79,800003	80,000000	1,334140E-1
1176,291964	80,300003	80,000000	1,334172E-1
1176,291964	80,300003	80,000000	1,332864E-1
1176,291964	80,300003	80,000000	1,332864E-1
1177,292445	80,300003	80,000000	1,332816E-1
1177,292445	80,300003	80,000000	1,332768E-1
1177,292445	80,300003	80,000000	1,332720E-1
1177,292445	80,300003	80,000000	1,332672E-1
1177,292445	80,300003	80,000000	1,332672E-1
1177,292445	80,300003	80,000000	1,332623E-1
1177,292445	80,300003	80,000000	1,332575E-1
1177,292445	80,300003	80,000000	1,332575E-1
1177,292445	80,300003	80,000000	1,332527E-1
1177,292445	80,300003	80,000000	1,332527E-1
1178,292874	80,199997	80,000000	1,332479E-1
1178,292874	80,199997	80,000000	1,332479E-1
1178,292874	80,199997	80,000000	1,332699E-1
1178,292874	80,199997	80,000000	1,332667E-1
1178,292874	80,199997	80,000000	1,332635E-1
1178,292874	80,199997	80,000000	1,332635E-1
1178,292874	80,199997	80,000000	1,332603E-1
1178,292874	80,199997	80,000000	1,332603E-1
1178,292874	80,199997	80,000000	1,332571E-1
1178,292874	80,000000	80,000000	1,332538E-1
1179,294074	80,000000	80,000000	1,332538E-1
1179,294074	80,000000	80,000000	1,333042E-1
1179,294074	80,000000	80,000000	1,333042E-1
1179,294074	80,000000	80,000000	1,333042E-1
1179,294074	80,000000	80,000000	1,333042E-1
1179,294074	80,000000	80,000000	1,333042E-1
1179,294074	80,000000	80,000000	1,333042E-1
1179,294074	80,000000	80,000000	1,333042E-1
1179,294074	80,000000	80,000000	1,333042E-1
1179,294074	80,000000	80,000000	1,333042E-1
1180,294500	80,000000	80,000000	1,333042E-1
1180,294500	80,000000	80,000000	1,333042E-1
1180,294500	80,000000	80,000000	1,333042E-1
1180,294500	80,000000	80,000000	1,333042E-1
1180,294500	80,000000	80,000000	1,333042E-1
1180,294500	80,000000	80,000000	1,333042E-1
1180,294500	80,000000	80,000000	1,333042E-1
1180,294500	80,000000	80,000000	1,333042E-1
1180,294500	80,000000	80,000000	1,333042E-1
1180,294500	79,800003	80,000000	1,333042E-1
1181,294884	79,800003	80,000000	1,333578E-1
1181,294884	79,800003	80,000000	1,333611E-1
1181,294884	79,800003	80,000000	1,333643E-1
1181,294884	79,800003	80,000000	1,333675E-1
1181,294884	79,800003	80,000000	1,333675E-1
1181,294884	79,800003	80,000000	1,333675E-1
1181,294884	79,800003	80,000000	1,333675E-1
1181,294884	79,800003	80,000000	1,333707E-1
1181,294884	79,800003	80,000000	1,333707E-1
1181,294884	79,800003	80,000000	1,333707E-1
1182,294398	79,800003	80,000000	1,333707E-1
1182,294398	79,800003	80,000000	1,333707E-1
1182,294398	79,800003	80,000000	1,333707E-1
1182,294398	79,800003	80,000000	1,333707E-1
1182,294398	79,800003	80,000000	1,333707E-1
1182,294398	79,800003	80,000000	1,333707E-1
1182,294398	79,800003	80,000000	1,333707E-1
1182,294398	79,800003	80,000000	1,333707E-1
1182,294398	79,800003	80,000000	1,333707E-1
1182,294398	79,800003	80,000000	1,333707E-1
1183,295820	79,800003	80,000000	1,333707E-1
1183,295820	79,800003	80,000000	1,333707E-1
1183,295820	79,800003	80,000000	1,333707E-1
1183,295820	79,800003	80,000000	1,333707E-1
1183,295820	79,800003	80,000000	1,333707E-1
1183,295820	79,800003	80,000000	1,333707E-1
1183,295820	79,800003	80,000000	1,333707E-1
1183,295820	79,800003	80,000000	1,333707E-1
1183,295820	79,800003	80,000000	1,333707E-1
1183,295820	79,800003	80,000000	1,333707E-1
1184,296274	79,800003	80,000000	1,333707E-1
1184,296274	79,800003	80,000000	1,333707E-1
1184,296274	79,800003	80,000000	1,333739E-1
1184,296274	79,800003	80,000000	1,333739E-1
1184,296274	79,800003	80,000000	1,333739E-1
1184,296274	79,800003	80,000000	1,333739E-1
1184,296274	79,800003	80,000000	1,333739E-1
1184,296274	79,800003	80,000000	1,333739E-1
1184,296274	79,800003	80,000000	1,333739E-1
1184,296274	79,800003	80,000000	1,333739E-1
1185,295720	79,800003	80,000000	1,333739E-1
1185,295720	79,800003	80,000000	1,333739E-1
1185,295720	79,800003	80,000000	1,333739E-1
1185,295720	79,800003	80,000000	1,333739E-1
1185,295720	79,800003	80,000000	1,333739E-1
1185,295720	79,800003	80,000000	1,333739E-1
1185,295720	79,800003	80,000000	1,333739E-1
1185,295720	79,800003	80,000000	1,333739E-1
1185,295720	79,800003	80,000000	1,333739E-1
1185,295720	79,800003	80,000000	1,333771E-1
1186,296146	79,800003	80,000000	1,333771E-1
1186,296146	79,800003	80,000000	1,333771E-1
1186,296146	79,800003	80,000000	1,333771E-1
1186,296146	79,800003	80,000000	1,333771E-1
1186,296146	79,800003	80,000000	1,333771E-1
1186,296146	79,800003	80,000000	1,333771E-1
1186,296146	79,800003	80,000000	1,333771E-1
1186,296146	79,800003	80,000000	1,333771E-1
1186,296146	79,800003	80,000000	1,333771E-1
1186,296146	79,800003	80,000000	1,333771E-1
1187,295433	79,800003	80,000000	1,333771E-1
1187,295433	79,800003	80,000000	1,333771E-1
1187,295433	79,800003	80,000000	1,333771E-1
1187,295433	79,800003	80,000000	1,333771E-1
1187,295433	79,800003	80,000000	1,333771E-1
1187,295433	79,800003	80,000000	1,333771E-1
1187,295433	80,099998	80,000000	1,333803E-1
1187,295433	80,099998	80,000000	1,333803E-1
1187,295433	80,099998	80,000000	1,333803E-1
1187,295433	80,099998	80,000000	1,333803E-1
1188,295844	80,099998	80,000000	1,333803E-1
1188,295844	80,099998	80,000000	1,333803E-1
1188,295844	80,099998	80,000000	1,333803E-1
1188,295844	80,099998	80,000000	1,333803E-1
1188,295844	80,099998	80,000000	1,333803E-1
1188,295844	80,099998	80,000000	1,333803E-1
1188,295844	80,099998	80,000000	1,333803E-1
1188,295844	80,099998	80,000000	1,333803E-1
1188,295844	80,099998	80,000000	1,333803E-1
1188,295844	80,099998	80,000000	1,333803E-1
1189,296270	80,099998	80,000000	1,333803E-1
1189,296270	80,099998	80,000000	1,333803E-1
1189,296270	80,099998	80,000000	1,333803E-1
1189,296270	80,099998	80,000000	1,333803E-1
1189,296270	80,099998	80,000000	1,333031E-1
1189,296270	79,800003	80,000000	1,333031E-1
1189,296270	79,800003	80,000000	1,333031E-1
1189,296270	79,800003	80,000000	1,333031E-1
1189,296270	79,800003	80,000000	1,333031E-1
1189,296270	79,800003	80,000000	1,333031E-1
1190,295690	79,800003	80,000000	1,333031E-1
1190,295690	79,800003	80,000000	1,333031E-1
1190,295690	79,800003	80,000000	1,333031E-1
1190,295690	79,800003	80,000000	1,333031E-1
1190,295690	79,800003	80,000000	1,333031E-1
1190,295690	79,800003	80,000000	1,333031E-1
1190,295690	79,800003	80,000000	1,333031E-1
1190,295690	79,800003	80,000000	1,333031E-1
1190,295690	79,800003	80,000000	1,333031E-1
1190,295690	79,800003	80,000000	1,333031E-1
1191,296093	79,800003	80,000000	1,333031E-1
1191,296093	79,800003	80,000000	1,333819E-1
1191,296093	79,800003	80,000000	1,333819E-1
1191,296093	79,800003	80,000000	1,333819E-1
1191,296093	79,800003	80,000000	1,333819E-1
1191,296093	79,800003	80,000000	1,333819E-1
1191,296093	79,800003	80,000000	1,333819E-1
1191,296093	79,800003	80,000000	1,333819E-1
1191,296093	79,800003	80,000000	1,333819E-1
1191,296093	79,800003	80,000000	1,333819E-1
1192,295528	79,800003	80,000000	1,333819E-1
1192,295528	79,800003	80,000000	1,333819E-1
1192,295528	79,800003	80,000000	1,333819E-1
1192,295528	79,800003	80,000000	1,333819E-1
1192,295528	79,800003	80,000000	1,333819E-1
1192,295528	79,800003	80,000000	1,333819E-1
1192,295528	79,800003	80,000000	1,333819E-1
1192,295528	79,800003	80,000000	1,333819E-1
1192,295528	79,800003	80,000000	1,333819E-1
1192,295528	80,199997	80,000000	1,332779E-1
1193,295903	80,199997	80,000000	1,332779E-1
1193,295903	80,199997	80,000000	1,332779E-1
1193,295903	80,199997	80,000000	1,332747E-1
1193,295903	80,199997	80,000000	1,332747E-1
1193,295903	80,199997	80,000000	1,332747E-1
1193,295903	80,000000	80,000000	1,333251E-1
1193,295903	80,000000	80,000000	1,333251E-1
1193,295903	80,000000	80,000000	1,333251E-1
1193,295903	80,000000	80,000000	1,333251E-1
1193,295903	80,000000	80,000000	1,333251E-1
1194,295377	80,000000	80,000000	1,333251E-1
1194,295377	80,000000	80,000000	1,333251E-1
1194,295377	80,000000	80,000000	1,333251E-1
1194,295377	79,699997	80,000000	1,333251E-1
1194,295377	79,699997	80,000000	1,334055E-1
1194,295377	79,699997	80,000000	1,334055E-1
1194,295377	79,699997	80,000000	1,334103E-1
1194,295377	79,699997	80,000000	1,334103E-1
1194,295377	79,699997	80,000000	1,334151E-1
1194,295377	79,699997	80,000000	1,334151E-1
1195,295772	79,699997	80,000000	1,334200E-1
1195,295772	79,699997	80,000000	1,334200E-1
1195,295772	79,699997	80,000000	1,334200E-1
1195,295772	79,699997	80,000000	1,334248E-1
1195,295772	79,699997	80,000000	1,334248E-1
1195,295772	80,099998	80,000000	1,334248E-1
1195,295772	80,099998	80,000000	1,334248E-1
1195,295772	80,099998	80,000000	1,334248E-1
1195,295772	80,099998	80,000000	1,334248E-1
1195,295772	80,099998	80,000000	1,334248E-1
1196,295528	80,099998	80,000000	1,334248E-1
1196,295528	80,099998	80,000000	1,334248E-1
1196,295528	80,099998	80,000000	1,334248E-1
1196,295528	80,099998	80,000000	1,334248E-1
1196,295528	80,099998	80,000000	1,334248E-1
1196,295528	80,099998	80,000000	1,334248E-1
1196,295528	80,099998	80,000000	1,334248E-1
1196,295528	80,099998	80,000000	1,334248E-1
1196,295528	80,099998	80,000000	1,334248E-1
1196,295528	80,099998	80,000000	1,334248E-1
1197,295913	80,099998	80,000000	1,334248E-1
1197,295913	80,099998	80,000000	1,334248E-1
1197,295913	80,099998	80,000000	1,334248E-1
1197,295913	80,099998	80,000000	1,334248E-1
1197,295913	80,099998	80,000000	1,334248E-1
1197,295913	80,099998	80,000000	1,334248E-1
1197,295913	80,099998	80,000000	1,334248E-1
1197,295913	80,099998	80,000000	1,334248E-1
1197,295913	80,099998	80,000000	1,333224E-1
1197,295913	80,099998	80,000000	1,333224E-1
1198,296359	80,100006	80,000000	1,333224E-1
1198,296359	80,100006	80,000000	1,333224E-1
1198,296359	80,100006	80,000000	1,333224E-1
1198,296359	80,100006	80,000000	1,333224E-1
1198,296359	80,100006	80,000000	1,333224E-1
1198,296359	80,100006	80,000000	1,333224E-1
1198,296359	80,100006	80,000000	1,333224E-1
1198,296359	80,100006	80,000000	1,333224E-1
1198,296359	80,100006	80,000000	1,333224E-1
1198,296359	80,100006	80,000000	1,333224E-1
1199,296809	80,100006	80,000000	1,333224E-1
1199,296809	80,100006	80,000000	1,333224E-1
1199,296809	80,100006	80,000000	1,333224E-1
1199,296809	80,100006	80,000000	1,333224E-1
1199,296809	80,100006	80,000000	1,333224E-1
1199,296809	80,100006	80,000000	1,333208E-1
1199,296809	80,100006	80,000000	1,333208E-1
1199,296809	80,100006	80,000000	1,333208E-1
1199,296809	80,100006	80,000000	1,333192E-1
1199,296809	80,100006	80,000000	1,333192E-1
1200,298283	80,100006	80,000000	1,333192E-1
1200,298283	80,100006	80,000000	1,333192E-1
1200,298283	80,100006	80,000000	1,333192E-1
1200,298283	80,100006	80,000000	1,333192E-1
1200,298283	80,100006	80,000000	1,333192E-1
1200,298283	80,100006	80,000000	1,333192E-1
1200,298283	80,100006	80,000000	1,333192E-1
1200,298283	80,100006	80,000000	1,333192E-1
1200,298283	80,100006	80,000000	1,333192E-1
1200,298283	80,100006	80,000000	1,333192E-1
1201,297641	80,100006	80,000000	1,333192E-1
1201,297641	80,100006	80,000000	1,333192E-1
1201,297641	80,100006	80,000000	1,333192E-1
1201,297641	80,000000	80,000000	1,333192E-1
1201,297641	80,000000	80,000000	1,333192E-1
1201,297641	80,000000	80,000000	1,333192E-1
1201,297641	80,000000	80,000000	1,333192E-1
1201,297641	80,000000	80,000000	1,333192E-1
1201,297641	80,000000	80,000000	1,333192E-1
1201,297641	80,000000	80,000000	1,333192E-1
1202,299068	80,000000	80,000000	1,333192E-1
1202,299068	80,000000	80,000000	1,333192E-1
1202,299068	80,000000	80,000000	1,333192E-1
1202,299068	80,000000	80,000000	1,333192E-1
1202,299068	80,000000	80,000000	1,333192E-1
1202,299068	80,000000	80,000000	1,333192E-1
1202,299068	80,000000	80,000000	1,333192E-1
1202,299068	80,000000	80,000000	1,333192E-1
1202,299068	80,000000	80,000000	1,333192E-1
1202,299068	80,000000	80,000000	1,333192E-1
1203,298489	80,000000	80,000000	1,333192E-1
1203,298489	80,000000	80,000000	1,333444E-1
1203,298489	80,000000	80,000000	1,333444E-1
1203,298489	80,000000	80,000000	1,333444E-1
1203,298489	80,000000	80,000000	1,333444E-1
1203,298489	80,000000	80,000000	1,333444E-1
1203,298489	80,000000	80,000000	1,333444E-1
1203,298489	80,000000	80,000000	1,333444E-1
1203,298489	80,000000	80,000000	1,333444E-1
1203,298489	80,000000	80,000000	1,333444E-1
1203,298489	80,000000	80,000000	1,333444E-1
1204,299947	80,000000	80,000000	1,333444E-1
1204,299947	80,000000	80,000000	1,333444E-1
1204,299947	80,000000	80,000000	1,333444E-1
1204,299947	80,000000	80,000000	1,333444E-1
1204,299947	80,000000	80,000000	1,333444E-1
1204,299947	80,000000	80,000000	1,333444E-1
1204,299947	80,000000	80,000000	1,333444E-1
1204,299947	80,000000	80,000000	1,333444E-1
1204,299947	80,000000	80,000000	1,333444E-1
1204,299947	80,000000	80,000000	1,333444E-1
1205,299413	80,000000	80,000000	1,333444E-1
1205,299413	80,000000	80,000000	1,333444E-1
1205,299413	80,000000	80,000000	1,333444E-1
1205,299413	80,000000	80,000000	1,333444E-1
1205,299413	80,000000	80,000000	1,333444E-1
1205,299413	80,000000	80,000000	1,333444E-1
1205,299413	80,000000	80,000000	1,333444E-1
1205,299413	80,000000	80,000000	1,333444E-1
1205,299413	80,000000	80,000000	1,333444E-1
1205,299413	80,000000	80,000000	1,333444E-1
1206,299852	80,000000	80,000000	1,333444E-1
1206,299852	80,000000	80,000000	1,333444E-1
1206,299852	80,000000	80,000000	1,333444E-1
1206,299852	80,000000	80,000000	1,333444E-1
1206,299852	80,000000	80,000000	1,333444E-1
1206,299852	80,000000	80,000000	1,333444E-1
1206,299852	80,000000	80,000000	1,333444E-1
1206,299852	79,800003	80,000000	1,333444E-1
1206,299852	79,800003	80,000000	1,333444E-1
1206,299852	79,800003	80,000000	1,333444E-1
1207,300312	79,800003	80,000000	1,333980E-1
1207,300312	79,800003	80,000000	1,333980E-1
1207,300312	79,800003	80,000000	1,334012E-1
1207,300312	79,800003	80,000000	1,334012E-1
1207,300312	80,199997	80,000000	1,334044E-1
1207,300312	80,199997	80,000000	1,333004E-1
1207,300312	80,199997	80,000000	1,332972E-1
1207,300312	80,199997	80,000000	1,332972E-1
1207,300312	80,199997	80,000000	1,332940E-1
1207,300312	80,199997	80,000000	1,332908E-1
1208,299676	80,199997	80,000000	1,332908E-1
1208,299676	80,199997	80,000000	1,332875E-1
1208,299676	80,199997	80,000000	1,332843E-1
1208,299676	80,199997	80,000000	1,332843E-1
1208,299676	80,199997	80,000000	1,332811E-1
1208,299676	80,199997	80,000000	1,332811E-1
1208,299676	80,199997	80,000000	1,332779E-1
1208,299676	80,199997	80,000000	1,332747E-1
1208,299676	80,199997	80,000000	1,332747E-1
1208,299676	80,199997	80,000000	1,332715E-1
1209,300118	80,199997	80,000000	1,332715E-1
1209,300118	80,199997	80,000000	1,332715E-1
1209,300118	80,199997	80,000000	1,332683E-1
1209,300118	80,199997	80,000000	1,332651E-1
1209,300118	80,199997	80,000000	1,332651E-1
1209,300118	80,199997	80,000000	1,332619E-1
1209,300118	80,199997	80,000000	1,332587E-1
1209,300118	80,199997	80,000000	1,332554E-1
1209,300118	80,199997	80,000000	1,332554E-1
1209,300118	80,199997	80,000000	1,332554E-1
1210,299542	80,199997	80,000000	1,332522E-1
1210,299542	80,199997	80,000000	1,332522E-1
1210,299542	79,899994	80,000000	1,332490E-1
1210,299542	79,899994	80,000000	1,333262E-1
1210,299542	79,899994	80,000000	1,333262E-1
1210,299542	79,899994	80,000000	1,333278E-1
1210,299542	79,899994	80,000000	1,333294E-1
1210,299542	79,899994	80,000000	1,333310E-1
1210,299542	79,899994	80,000000	1,333310E-1
1210,299542	79,899994	80,000000	1,333326E-1
1211,299949	79,899994	80,000000	1,333343E-1
1211,299949	79,899994	80,000000	1,333343E-1
1211,299949	80,099998	80,000000	1,333359E-1
1211,299949	80,099998	80,000000	1,333359E-1
1211,299949	80,099998	80,000000	1,332839E-1
1211,299949	80,099998	80,000000	1,332839E-1
1211,299949	80,099998	80,000000	1,332823E-1
1211,299949	80,099998	80,000000	1,332806E-1
1211,299949	80,099998	80,000000	1,332790E-1
1212,299398	80,099998	80,000000	1,332790E-1
1212,299398	80,099998	80,000000	1,332774E-1
1212,299398	80,100006	80,000000	1,332758E-1
1212,299398	80,100006	80,000000	1,332758E-1
1212,299398	80,100006	80,000000	1,332742E-1
1212,299398	80,100006	80,000000	1,332726E-1
1212,299398	80,100006	80,000000	1,332710E-1
1212,299398	80,100006	80,000000	1,332710E-1
1212,299398	80,100006	80,000000	1,332694E-1
1212,299398	80,100006	80,000000	1,332694E-1
1212,299398	80,100006	80,000000	1,332678E-1
1213,299809	80,100006	80,000000	1,332678E-1
1213,299809	79,599998	80,000000	1,332678E-1
1213,299809	79,599998	80,000000	1,334002E-1
1213,299809	79,599998	80,000000	1,334002E-1
1213,299809	79,599998	80,000000	1,334002E-1
1213,299809	79,599998	80,000000	1,334066E-1
1213,299809	79,599998	80,000000	1,334066E-1
1213,299809	79,599998	80,000000	1,334066E-1
1213,299809	79,599998	80,000000	1,334066E-1
1213,299809	79,599998	80,000000	1,334066E-1
1214,300304	79,599998	80,000000	1,334066E-1
1214,300304	79,599998	80,000000	1,334066E-1
1214,300304	79,599998	80,000000	1,334066E-1
1214,300304	79,599998	80,000000	1,334066E-1
1214,300304	79,599998	80,000000	1,334066E-1
1214,300304	79,599998	80,000000	1,334066E-1
1214,300304	79,599998	80,000000	1,334066E-1
1214,300304	79,599998	80,000000	1,334066E-1
1214,300304	79,599998	80,000000	1,334066E-1
1214,300304	79,599998	80,000000	1,334066E-1
1215,299685	79,599998	80,000000	1,334066E-1
1215,299685	79,599998	80,000000	1,334066E-1
1215,299685	79,599998	80,000000	1,334066E-1
1215,299685	79,599998	80,000000	1,334066E-1
1215,299685	79,599998	80,000000	1,334066E-1
1215,299685	79,599998	80,000000	1,334066E-1
1215,299685	79,599998	80,000000	1,334066E-1
1215,299685	79,599998	80,000000	1,334066E-1
1215,299685	79,599998	80,000000	1,334131E-1
1215,299685	79,599998	80,000000	1,334131E-1
1216,300098	79,599998	80,000000	1,334131E-1
1216,300098	79,599998	80,000000	1,334131E-1
1216,300098	79,599998	80,000000	1,334131E-1
1216,300098	79,599998	80,000000	1,334131E-1
1216,300098	79,599998	80,000000	1,334131E-1
1216,300098	79,599998	80,000000	1,334131E-1
1216,300098	79,599998	80,000000	1,334131E-1
1216,300098	79,599998	80,000000	1,334131E-1
1216,300098	79,599998	80,000000	1,334131E-1
1216,300098	79,599998	80,000000	1,334131E-1
1217,299538	79,599998	80,000000	1,334131E-1
1217,299538	79,599998	80,000000	1,334131E-1
1217,299538	79,599998	80,000000	1,334131E-1
1217,299538	79,599998	80,000000	1,334131E-1
1217,299538	79,599998	80,000000	1,334131E-1
1217,299538	79,599998	80,000000	1,334131E-1
1217,299538	80,000000	80,000000	1,334195E-1
1217,299538	80,000000	80,000000	1,334195E-1
1217,299538	80,000000	80,000000	1,334195E-1
1217,299538	80,000000	80,000000	1,334195E-1
1218,299943	80,000000	80,000000	1,334195E-1
1218,299943	80,000000	80,000000	1,334195E-1
1218,299943	80,000000	80,000000	1,334195E-1
1218,299943	80,000000	80,000000	1,334195E-1
1218,299943	80,000000	80,000000	1,334195E-1
1218,299943	80,000000	80,000000	1,334195E-1
1218,299943	80,000000	80,000000	1,334195E-1
1218,299943	80,000000	80,000000	1,334195E-1
1218,299943	80,000000	80,000000	1,334195E-1
1218,299943	80,000000	80,000000	1,334195E-1
1219,299381	80,000000	80,000000	1,334195E-1
1219,299381	80,000000	80,000000	1,334195E-1
1219,299381	80,000000	80,000000	1,334195E-1
1219,299381	80,000000	80,000000	1,333187E-1
1219,299381	80,000000	80,000000	1,333187E-1
1219,299381	80,000000	80,000000	1,333187E-1
1219,299381	80,000000	80,000000	1,333187E-1
1219,299381	80,000000	80,000000	1,333187E-1
1219,299381	80,000000	80,000000	1,333187E-1
1219,299381	80,000000	80,000000	1,333187E-1
1220,300870	80,000000	80,000000	1,333187E-1
1220,300870	80,000000	80,000000	1,333187E-1
1220,300870	80,000000	80,000000	1,333187E-1
1220,300870	80,000000	80,000000	1,333187E-1
1220,300870	80,000000	80,000000	1,333187E-1
1220,300870	80,000000	80,000000	1,333187E-1
1220,300870	80,000000	80,000000	1,333187E-1
1220,300870	80,000000	80,000000	1,333187E-1
1220,300870	80,000000	80,000000	1,333187E-1
1220,300870	80,000000	80,000000	1,333187E-1
1221,301259	80,000000	80,000000	1,333187E-1
1221,301259	80,000000	80,000000	1,333187E-1
1221,301259	80,300003	80,000000	1,333187E-1
1221,301259	80,300003	80,000000	1,333187E-1
1221,301259	80,300003	80,000000	1,333187E-1
1221,301259	80,300003	80,000000	1,333187E-1
1221,301259	80,300003	80,000000	1,333187E-1
1221,301259	80,300003	80,000000	1,333187E-1
1221,301259	80,300003	80,000000	1,333187E-1
1221,301259	80,300003	80,000000	1,333187E-1
1222,300678	80,300003	80,000000	1,333187E-1
1222,300678	80,300003	80,000000	1,333187E-1
1222,300678	80,300003	80,000000	1,333187E-1
1222,300678	80,300003	80,000000	1,333187E-1
1222,300678	80,300003	80,000000	1,333187E-1
1222,300678	80,300003	80,000000	1,333187E-1
1222,300678	80,300003	80,000000	1,333187E-1
1222,300678	80,300003	80,000000	1,333187E-1
1222,300678	80,300003	80,000000	1,332383E-1
1222,300678	80,199997	80,000000	1,332383E-1
1223,302141	80,199997	80,000000	1,332383E-1
1223,302141	80,199997	80,000000	1,332383E-1
1223,302141	80,199997	80,000000	1,332383E-1
1223,302141	80,199997	80,000000	1,332383E-1
1223,302141	80,199997	80,000000	1,332383E-1
1223,302141	80,199997	80,000000	1,332383E-1
1223,302141	80,199997	80,000000	1,332383E-1
1223,302141	80,199997	80,000000	1,332383E-1
1223,302141	80,199997	80,000000	1,332383E-1
1223,302141	80,199997	80,000000	1,332383E-1
1224,301609	80,199997	80,000000	1,332383E-1
1224,301609	80,199997	80,000000	1,332383E-1
1224,301609	80,199997	80,000000	1,332383E-1
1224,301609	80,199997	80,000000	1,332383E-1
1224,301609	80,199997	80,000000	1,332383E-1
1224,301609	80,199997	80,000000	1,332603E-1
1224,301609	80,199997	80,000000	1,332603E-1
1224,301609	80,199997	80,000000	1,332603E-1
1224,301609	80,199997	80,000000	1,332603E-1
1224,301609	79,900002	80,000000	1,333375E-1
1225,302021	79,900002	80,000000	1,333375E-1
1225,302021	79,900002	80,000000	1,333375E-1
1225,302021	79,899994	80,000000	1,333391E-1
1225,302021	79,899994	80,000000	1,333391E-1
1225,302021	79,899994	80,000000	1,333407E-1
1225,302021	79,899994	80,000000	1,333423E-1
1225,302021	79,899994	80,000000	1,333423E-1
1225,302021	79,899994	80,000000	1,333439E-1
1225,302021	79,899994	80,000000	1,333455E-1
1225,302021	79,899994	80,000000	1,333471E-1
1226,301463	79,899994	80,000000	1,333471E-1
1226,301463	79,899994	80,000000	1,333487E-1
1226,301463	79,899994	80,000000	1,333503E-1
1226,301463	79,899994	80,000000	1,333503E-1
1226,301463	79,699997	80,000000	1,333519E-1
1226,301463	79,699997	80,000000	1,333519E-1
1226,301463	79,699997	80,000000	1,333519E-1
1226,301463	79,699997	80,000000	1,334071E-1
1226,301463	79,699997	80,000000	1,334119E-1
1226,301463	79,699997	80,000000	1,334119E-1
1227,302883	79,699997	80,000000	1,334167E-1
1227,302883	79,699997	80,000000	1,334216E-1
1227,302883	79,699997	80,000000	1,334264E-1
1227,302883	79,699997	80,000000	1,334264E-1
1227,302883	80,000000	80,000000	1,334312E-1
1227,302883	80,000000	80,000000	1,333556E-1
1227,302883	80,000000	80,000000	1,333556E-1
1227,302883	80,000000	80,000000	1,333556E-1
1227,302883	80,000000	80,000000	1,333556E-1
1227,302883	80,000000	80,000000	1,333556E-1
1228,304401	80,000000	80,000000	1,333556E-1
1228,304401	80,000000	80,000000	1,333556E-1
1228,304401	80,000000	80,000000	1,333556E-1
1228,304401	80,000000	80,000000	1,333556E-1
1228,304401	80,099998	80,000000	1,333556E-1
1228,304401	80,099998	80,000000	1,333288E-1
1228,304401	80,099998	80,000000	1,333272E-1
1228,304401	80,099998	80,000000	1,333256E-1
1228,304401	80,099998	80,000000	1,333240E-1
1228,304401	80,099998	80,000000	1,333224E-1
1229,303711	80,099998	80,000000	1,333224E-1
1229,303711	80,099998	80,000000	1,333208E-1
1229,303711	80,099998	80,000000	1,333192E-1
1229,303711	80,099998	80,000000	1,333192E-1
1229,303711	80,099998	80,000000	1,333176E-1
1229,303711	80,199997	80,000000	1,333176E-1
1229,303711	80,199997	80,000000	1,333176E-1
1229,303711	80,199997	80,000000	1,332892E-1
1229,303711	80,199997	80,000000	1,332859E-1
1229,303711	80,199997	80,000000	1,332859E-1
1230,304151	80,199997	80,000000	1,332827E-1
1230,304151	80,199997	80,000000	1,332795E-1
1230,304151	80,199997	80,000000	1,332763E-1
1230,304151	80,199997	80,000000	1,332763E-1
1230,304151	80,199997	80,000000	1,332731E-1
1230,304151	79,899994	80,000000	1,333503E-1
1230,304151	79,899994	80,000000	1,333503E-1
1230,304151	79,899994	80,000000	1,333519E-1
1230,304151	79,899994	80,000000	1,333535E-1
1230,304151	79,899994	80,000000	1,333535E-1
1231,303613	79,899994	80,000000	1,333551E-1
1231,303613	79,899994	80,000000	1,333551E-1
1231,303613	79,899994	80,000000	1,333567E-1
1231,303613	79,899994	80,000000	1,333583E-1
1231,303613	79,899994	80,000000	1,333583E-1
1231,303613	79,899994	80,000000	1,333599E-1
1231,303613	79,899994	80,000000	1,333615E-1
1231,303613	79,899994	80,000000	1,333631E-1
1231,303613	79,899994	80,000000	1,333631E-1
1231,303613	79,899994	80,000000	1,333647E-1
1232,304082	79,899994	80,000000	1,333664E-1
1232,304082	79,899994	80,000000	1,333680E-1
1232,304082	79,899994	80,000000	1,333680E-1
1232,304082	80,099998	80,000000	1,333696E-1
1232,304082	80,099998	80,000000	1,333696E-1
1232,304082	80,099998	80,000000	1,333176E-1
1232,304082	80,099998	80,000000	1,333176E-1
1232,304082	80,099998	80,000000	1,333160E-1
1232,304082	80,099998	80,000000	1,333144E-1
1232,304082	80,099998	80,000000	1,333144E-1
1233,303501	80,099998	80,000000	1,333127E-1
1233,303501	80,099998	80,000000	1,333111E-1
1233,303501	80,099998	80,000000	1,333095E-1
1233,303501	80,099998	80,000000	1,333079E-1
1233,303501	80,000000	80,000000	1,333079E-1
1233,303501	80,000000	80,000000	1,333331E-1
1233,303501	80,000000	80,000000	1,333331E-1
1233,303501	80,000000	80,000000	1,333331E-1
1233,303501	80,000000	80,000000	1,333331E-1
1233,303501	80,000000	80,000000	1,333331E-1
1234,303848	80,000000	80,000000	1,333331E-1
1234,303848	80,000000	80,000000	1,333331E-1
1234,303848	80,000000	80,000000	1,333331E-1
1234,303848	80,000000	80,000000	1,333331E-1
1234,303848	79,800003	80,000000	1,333867E-1
1234,303848	79,800003	80,000000	1,333899E-1
1234,303848	79,800003	80,000000	1,333932E-1
1234,303848	79,800003	80,000000	1,333932E-1
1234,303848	79,800003	80,000000	1,333964E-1
1234,303848	79,800003	80,000000	1,333996E-1
1235,304290	79,800003	80,000000	1,334028E-1
1235,304290	79,800003	80,000000	1,334028E-1
1235,304290	79,800003	80,000000	1,334060E-1
1235,304290	79,899994	80,000000	1,334092E-1
1235,304290	79,899994	80,000000	1,333856E-1
1235,304290	79,899994	80,000000	1,333856E-1
1235,304290	79,899994	80,000000	1,333872E-1
1235,304290	79,899994	80,000000	1,333872E-1
1235,304290	79,899994	80,000000	1,333872E-1
1235,304290	79,899994	80,000000	1,333872E-1
1236,303885	79,899994	80,000000	1,333888E-1
1236,303885	79,899994	80,000000	1,333888E-1
1236,303885	79,899994	80,000000	1,333888E-1
1236,303885	79,899994	80,000000	1,333888E-1
1236,303885	79,899994	80,000000	1,333888E-1
1236,303885	79,899994	80,000000	1,333888E-1
1236,303885	79,899994	80,000000	1,333888E-1
1236,303885	79,899994	80,000000	1,333888E-1
1236,303885	79,899994	80,000000	1,333888E-1
1236,303885	79,899994	80,000000	1,333888E-1
1237,305364	79,899994	80,000000	1,333888E-1
1237,305364	79,899994	80,000000	1,333888E-1
1237,305364	79,899994	80,000000	1,333888E-1
1237,305364	79,899994	80,000000	1,333888E-1
1237,305364	79,899994	80,000000	1,333888E-1
1237,305364	79,899994	80,000000	1,333888E-1
1237,305364	79,899994	80,000000	1,333888E-1
1237,305364	79,899994	80,000000	1,333888E-1
1237,305364	79,899994	80,000000	1,333888E-1
1237,305364	79,899994	80,000000	1,333888E-1
1238,305739	79,899994	80,000000	1,333888E-1
1238,305739	79,899994	80,000000	1,333888E-1
1238,305739	79,899994	80,000000	1,333888E-1
1238,305739	79,899994	80,000000	1,333888E-1
1238,305739	79,899994	80,000000	1,333888E-1
1238,305739	79,899994	80,000000	1,333904E-1
1238,305739	79,899994	80,000000	1,333904E-1
1238,305739	79,899994	80,000000	1,333904E-1
1238,305739	79,899994	80,000000	1,333904E-1
1238,305739	79,899994	80,000000	1,333904E-1
1239,307221	79,899994	80,000000	1,333904E-1
1239,307221	79,899994	80,000000	1,333904E-1
1239,307221	79,899994	80,000000	1,333904E-1
1239,307221	79,899994	80,000000	1,333904E-1
1239,307221	79,899994	80,000000	1,333904E-1
1239,307221	79,899994	80,000000	1,333904E-1
1239,307221	79,899994	80,000000	1,333904E-1
1239,307221	79,899994	80,000000	1,333904E-1
1239,307221	79,899994	80,000000	1,333904E-1
1239,307221	79,899994	80,000000	1,333904E-1
1240,306593	79,899994	80,000000	1,333904E-1
1240,306593	79,899994	80,000000	1,333904E-1
1240,306593	79,899994	80,000000	1,333904E-1
1240,306593	80,000000	80,000000	1,333920E-1
1240,306593	80,000000	80,000000	1,333920E-1
1240,306593	80,000000	80,000000	1,333920E-1
1240,306593	80,000000	80,000000	1,333920E-1
1240,306593	80,000000	80,000000	1,333920E-1
1240,306593	80,000000	80,000000	1,333920E-1
1240,306593	80,000000	80,000000	1,333920E-1
1241,307076	80,000000	80,000000	1,333920E-1
1241,307076	80,000000	80,000000	1,333920E-1
1241,307076	80,000000	80,000000	1,333920E-1
1241,307076	80,000000	80,000000	1,333920E-1
1241,307076	80,000000	80,000000	1,333920E-1
1241,307076	80,000000	80,000000	1,333920E-1
1241,307076	80,000000	80,000000	1,333920E-1
1241,307076	80,000000	80,000000	1,333920E-1
1241,307076	80,000000	80,000000	1,333920E-1
1241,307076	80,000000	80,000000	1,333920E-1
1242,306448	80,000000	80,000000	1,333668E-1
1242,306448	80,000000	80,000000	1,333668E-1
1242,306448	80,000000	80,000000	1,333668E-1
1242,306448	80,000000	80,000000	1,333668E-1
1242,306448	80,000000	80,000000	1,333668E-1
1242,306448	80,000000	80,000000	1,333668E-1
1242,306448	80,000000	80,000000	1,333668E-1
1242,306448	80,000000	80,000000	1,333668E-1
1242,306448	80,000000	80,000000	1,333668E-1
1242,306448	80,000000	80,000000	1,333668E-1
1243,306918	80,000000	80,000000	1,333668E-1
1243,306918	80,000000	80,000000	1,333668E-1
1243,306918	80,000000	80,000000	1,333668E-1
1243,306918	80,000000	80,000000	1,333668E-1
1243,306918	80,000000	80,000000	1,333668E-1
1243,306918	80,000000	80,000000	1,333668E-1
1243,306918	80,000000	80,000000	1,333668E-1
1243,306918	80,000000	80,000000	1,333668E-1
1243,306918	80,000000	80,000000	1,333668E-1
1243,306918	80,000000	80,000000	1,333668E-1
1244,308353	80,000000	80,000000	1,333668E-1
1244,308353	80,000000	80,000000	1,333668E-1
1244,308353	80,000000	80,000000	1,333668E-1
1244,308353	80,000000	80,000000	1,333668E-1
1244,308353	80,000000	80,000000	1,333668E-1
1244,308353	80,000000	80,000000	1,333668E-1
1244,308353	80,000000	80,000000	1,333668E-1
1244,308353	80,000000	80,000000	1,333668E-1
1244,308353	80,000000	80,000000	1,333668E-1
1244,308353	80,000000	80,000000	1,333668E-1
1245,307838	80,000000	80,000000	1,333668E-1
1245,307838	80,000000	80,000000	1,333668E-1
1245,307838	80,000000	80,000000	1,333668E-1
1245,307838	80,000000	80,000000	1,333668E-1
1245,307838	80,000000	80,000000	1,333668E-1
1245,307838	80,000000	80,000000	1,333668E-1
1245,307838	79,699997	80,000000	1,333668E-1
1245,307838	79,699997	80,000000	1,333668E-1
1245,307838	79,699997	80,000000	1,333668E-1
1245,307838	79,699997	80,000000	1,333668E-1
1246,308221	79,699997	80,000000	1,333668E-1
1246,308221	79,699997	80,000000	1,333668E-1
1246,308221	79,699997	80,000000	1,333668E-1
1246,308221	79,699997	80,000000	1,333668E-1
1246,308221	79,699997	80,000000	1,333668E-1
1246,308221	79,699997	80,000000	1,333668E-1
1246,308221	79,699997	80,000000	1,333668E-1
1246,308221	79,699997	80,000000	1,333668E-1
1246,308221	79,699997	80,000000	1,333668E-1
1246,308221	79,699997	80,000000	1,333668E-1
1247,308598	79,699997	80,000000	1,333668E-1
1247,308598	79,699997	80,000000	1,333668E-1
1247,308598	79,699997	80,000000	1,334472E-1
1247,308598	79,699997	80,000000	1,334472E-1
1247,308598	79,699997	80,000000	1,334472E-1
1247,308598	80,000000	80,000000	1,333716E-1
1247,308598	80,000000	80,000000	1,333716E-1
1247,308598	80,000000	80,000000	1,333716E-1
1247,308598	80,000000	80,000000	1,333716E-1
1247,308598	80,199997	80,000000	1,333716E-1
1248,309037	80,199997	80,000000	1,333180E-1
1248,309037	80,199997	80,000000	1,333148E-1
1248,309037	80,199997	80,000000	1,333116E-1
1248,309037	80,199997	80,000000	1,333084E-1
1248,309037	80,199997	80,000000	1,333084E-1
1248,309037	80,199997	80,000000	1,333052E-1
1248,309037	80,199997	80,000000	1,333020E-1
1248,309037	80,199997	80,000000	1,332988E-1
1248,309037	80,199997	80,000000	1,332956E-1
1248,309037	80,199997	80,000000	1,332956E-1
1249,308468	80,199997	80,000000	1,332924E-1
1249,308468	80,199997	80,000000	1,332924E-1
1249,308468	79,899994	80,000000	1,333696E-1
1249,308468	79,899994	80,000000	1,333696E-1
1249,308468	79,899994	80,000000	1,333712E-1
1249,308468	79,899994	80,000000	1,333728E-1
1249,308468	79,899994	80,000000	1,333744E-1
1249,308468	79,899994	80,000000	1,333760E-1
1249,308468	79,899994	80,000000	1,333760E-1
1249,308468	79,899994	80,000000	1,333776E-1
1250,309856	80,000000	80,000000	1,333792E-1
1250,309856	80,000000	80,000000	1,333792E-1
1250,309856	80,000000	80,000000	1,333540E-1
1250,309856	80,000000	80,000000	1,333540E-1
1250,309856	80,000000	80,000000	1,333540E-1
1250,309856	80,000000	80,000000	1,333540E-1
1250,309856	80,000000	80,000000	1,333540E-1
1250,309856	80,000000	80,000000	1,333540E-1
1250,309856	80,000000	80,000000	1,333540E-1
1250,309856	80,000000	80,000000	1,333540E-1
1251,310272	80,000000	80,000000	1,333540E-1
1251,310272	80,000000	80,000000	1,333540E-1
1251,310272	80,099998	80,000000	1,333540E-1
1251,310272	80,099998	80,000000	1,333272E-1
1251,310272	80,099998	80,000000	1,333256E-1
1251,310272	80,099998	80,000000	1,333240E-1
1251,310272	80,099998	80,000000	1,333224E-1
1251,310272	80,099998	80,000000	1,333208E-1
1251,310272	80,099998	80,000000	1,333192E-1
1251,310272	80,099998	80,000000	1,333192E-1
1252,310750	80,099998	80,000000	1,333176E-1
1252,310750	80,000000	80,000000	1,333176E-1
1252,310750	80,000000	80,000000	1,333176E-1
1252,310750	80,000000	80,000000	1,333428E-1
1252,310750	80,000000	80,000000	1,333428E-1
1252,310750	80,000000	80,000000	1,333428E-1
1252,310750	80,000000	80,000000	1,333428E-1
1252,310750	80,000000	80,000000	1,333428E-1
1252,310750	80,000000	80,000000	1,333428E-1
1252,310750	80,000000	80,000000	1,333428E-1
1253,311151	80,000000	80,000000	1,333428E-1
1253,311151	80,099998	80,000000	1,333428E-1
1253,311151	80,099998	80,000000	1,333160E-1
1253,311151	80,099998	80,000000	1,333160E-1
1253,311151	80,099998	80,000000	1,333144E-1
1253,311151	80,099998	80,000000	1,333127E-1
1253,311151	80,099998	80,000000	1,333127E-1
1253,311151	80,099998	80,000000	1,333127E-1
1253,311151	80,099998	80,000000	1,333127E-1
1253,311151	80,099998	80,000000	1,333111E-1
1254,310561	80,099998	80,000000	1,333095E-1
1254,310561	80,099998	80,000000	1,333079E-1
1254,310561	80,099998	80,000000	1,333079E-1
1254,310561	80,099998	80,000000	1,333063E-1
1254,310561	80,099998	80,000000	1,333063E-1
1254,310561	80,099998	80,000000	1,333047E-1
1254,310561	79,800003	80,000000	1,333031E-1
1254,310561	79,800003	80,000000	1,333031E-1
1254,310561	79,800003	80,000000	1,333819E-1
1254,310561	79,800003	80,000000	1,333851E-1
1255,311037	79,800003	80,000000	1,333883E-1
1255,311037	79,800003	80,000000	1,333883E-1
1255,311037	79,800003	80,000000	1,333883E-1
1255,311037	79,800003	80,000000	1,333915E-1
1255,311037	79,800003	80,000000	1,333915E-1
1255,311037	79,800003	80,000000	1,333915E-1
1255,311037	79,800003	80,000000	1,333948E-1
1255,311037	79,800003	80,000000	1,333948E-1
1255,311037	80,000000	80,000000	1,333948E-1
1255,311037	80,000000	80,000000	1,333948E-1
1256,310392	80,000000	80,000000	1,333948E-1
1256,310392	80,000000	80,000000	1,333948E-1
1256,310392	80,000000	80,000000	1,333948E-1
1256,310392	80,000000	80,000000	1,333948E-1
1256,310392	80,000000	80,000000	1,333948E-1
1256,310392	80,000000	80,000000	1,333948E-1
1256,310392	80,000000	80,000000	1,333948E-1
1256,310392	80,000000	80,000000	1,333948E-1
1256,310392	80,000000	80,000000	1,333948E-1
1256,310392	80,000000	80,000000	1,333948E-1
1257,310971	80,000000	80,000000	1,333948E-1
1257,310971	80,000000	80,000000	1,333948E-1
1257,310971	80,000000	80,000000	1,333948E-1
1257,310971	80,000000	80,000000	1,333948E-1
1257,310971	80,000000	80,000000	1,333948E-1
1257,310971	80,000000	80,000000	1,333948E-1
1257,310971	80,000000	80,000000	1,333948E-1
1257,310971	80,000000	80,000000	1,333948E-1
1257,310971	80,000000	80,000000	1,333948E-1
1257,310971	80,000000	80,000000	1,333948E-1
1258,311360	80,000000	80,000000	1,333948E-1
1258,311360	80,000000	80,000000	1,333444E-1
1258,311360	80,000000	80,000000	1,333444E-1
1258,311360	79,899994	80,000000	1,333444E-1
1258,311360	79,899994	80,000000	1,333444E-1
1258,311360	79,899994	80,000000	1,333444E-1
1258,311360	79,899994	80,000000	1,333444E-1
1258,311360	79,899994	80,000000	1,333444E-1
1258,311360	79,899994	80,000000	1,333444E-1
1258,311360	79,899994	80,000000	1,333444E-1
1259,310810	79,899994	80,000000	1,333444E-1
1259,310810	79,899994	80,000000	1,333444E-1
1259,310810	79,899994	80,000000	1,333444E-1
1259,310810	79,899994	80,000000	1,333444E-1
1259,310810	79,899994	80,000000	1,333444E-1
1259,310810	79,899994	80,000000	1,333444E-1
1259,310810	79,899994	80,000000	1,333444E-1
1259,310810	79,899994	80,000000	1,333444E-1
1259,310810	79,899994	80,000000	1,333712E-1
1259,310810	79,899994	80,000000	1,333712E-1
1260,311251	79,899994	80,000000	1,333712E-1
1260,311251	79,899994	80,000000	1,333712E-1
1260,311251	79,899994	80,000000	1,333712E-1
1260,311251	79,899994	80,000000	1,333712E-1
1260,311251	79,899994	80,000000	1,333712E-1
1260,311251	79,899994	80,000000	1,333712E-1
1260,311251	79,899994	80,000000	1,333712E-1
1260,311251	79,899994	80,000000	1,333712E-1
1260,311251	79,899994	80,000000	1,333712E-1
1260,311251	79,899994	80,000000	1,333712E-1
1261,310633	79,899994	80,000000	1,333712E-1
1261,310633	79,899994	80,000000	1,333712E-1
1261,310633	79,899994	80,000000	1,333712E-1
1261,310633	79,899994	80,000000	1,333712E-1
1261,310633	79,899994	80,000000	1,333712E-1
1261,310633	79,899994	80,000000	1,333712E-1
1261,310633	80,099998	80,000000	1,333728E-1
1261,310633	80,099998	80,000000	1,333728E-1
1261,310633	80,099998	80,000000	1,333728E-1
1261,310633	80,099998	80,000000	1,333728E-1
1262,311043	80,099998	80,000000	1,333728E-1
1262,311043	80,099998	80,000000	1,333728E-1
1262,311043	80,099998	80,000000	1,333728E-1
1262,311043	80,099998	80,000000	1,333728E-1
1262,311043	80,099998	80,000000	1,333728E-1
1262,311043	80,099998	80,000000	1,333728E-1
1262,311043	80,099998	80,000000	1,333728E-1
1262,311043	80,099998	80,000000	1,333728E-1
1262,311043	80,099998	80,000000	1,333728E-1
1262,311043	80,099998	80,000000	1,333728E-1
1263,311516	80,099998	80,000000	1,333728E-1
1263,311516	80,099998	80,000000	1,333728E-1
1263,311516	80,099998	80,000000	1,333728E-1
1263,311516	80,099998	80,000000	1,333728E-1
1263,311516	80,099998	80,000000	1,333208E-1
1263,311516	80,099998	80,000000	1,333208E-1
1263,311516	80,099998	80,000000	1,333208E-1
1263,311516	80,099998	80,000000	1,333208E-1
1263,311516	80,099998	80,000000	1,333208E-1
1263,311516	80,099998	80,000000	1,333208E-1
1264,311868	80,099998	80,000000	1,333208E-1
1264,311868	80,099998	80,000000	1,333208E-1
1264,311868	80,099998	80,000000	1,333208E-1
1264,311868	80,099998	80,000000	1,333208E-1
1264,311868	80,099998	80,000000	1,333208E-1
1264,311868	80,099998	80,000000	1,333208E-1
1264,311868	80,099998	80,000000	1,333208E-1
1264,311868	80,099998	80,000000	1,333208E-1
1264,311868	80,099998	80,000000	1,333208E-1
1264,311868	80,099998	80,000000	1,333208E-1
1265,312333	80,099998	80,000000	1,333208E-1
1265,312333	80,099998	80,000000	1,333192E-1
1265,312333	79,900002	80,000000	1,333192E-1
1265,312333	79,900002	80,000000	1,333192E-1
1265,312333	79,900002	80,000000	1,333192E-1
1265,312333	79,900002	80,000000	1,333192E-1
1265,312333	79,900002	80,000000	1,333192E-1
1265,312333	79,900002	80,000000	1,333192E-1
1265,312333	79,900002	80,000000	1,333192E-1
1265,312333	79,900002	80,000000	1,333192E-1
1266,311717	79,900002	80,000000	1,333192E-1
1266,311717	79,900002	80,000000	1,333192E-1
1266,311717	79,900002	80,000000	1,333192E-1
1266,311717	79,900002	80,000000	1,333192E-1
1266,311717	79,900002	80,000000	1,333192E-1
1266,311717	79,900002	80,000000	1,333192E-1
1266,311717	79,900002	80,000000	1,333192E-1
1266,311717	79,900002	80,000000	1,333192E-1
1266,311717	79,900002	80,000000	1,333712E-1
1266,311717	80,199997	80,000000	1,333712E-1
1267,312149	80,199997	80,000000	1,333712E-1
1267,312149	80,199997	80,000000	1,333712E-1
1267,312149	79,899994	80,000000	1,332924E-1
1267,312149	79,899994	80,000000	1,332924E-1
1267,312149	79,899994	80,000000	1,332924E-1
1267,312149	79,899994	80,000000	1,333696E-1
1267,312149	79,899994	80,000000	1,333712E-1
1267,312149	80,099998	80,000000	1,333712E-1
1267,312149	80,099998	80,000000	1,333192E-1
1267,312149	80,099998	80,000000	1,333176E-1
1268,311612	80,099998	80,000000	1,333160E-1
1268,311612	80,099998	80,000000	1,333160E-1
1268,311612	80,099998	80,000000	1,333144E-1
1268,311612	80,099998	80,000000	1,333127E-1
1268,311612	80,099998	80,000000	1,333111E-1
1268,311612	80,099998	80,000000	1,333095E-1
1268,311612	80,099998	80,000000	1,333095E-1
1268,311612	80,099998	80,000000	1,333079E-1
1268,311612	80,099998	80,000000	1,333079E-1
1268,311612	80,099998	80,000000	1,333079E-1
1269,312058	80,099998	80,000000	1,333063E-1
1269,312058	80,099998	80,000000	1,333063E-1
1269,312058	80,099998	80,000000	1,333047E-1
1269,312058	79,699997	80,000000	1,333047E-1
1269,312058	79,699997	80,000000	1,334103E-1
1269,312058	79,699997	80,000000	1,334103E-1
1269,312058	79,699997	80,000000	1,334151E-1
1269,312058	79,699997	80,000000	1,334200E-1
1269,312058	79,699997	80,000000	1,334248E-1
1269,312058	79,699997	80,000000	1,334248E-1
1270,311410	79,699997	80,000000	1,334296E-1
1270,311410	79,699997	80,000000	1,334344E-1
1270,311410	79,699997	80,000000	1,334344E-1
1270,311410	79,699997	80,000000	1,334392E-1
1270,311410	79,699997	80,000000	1,334392E-1
1270,311410	79,800003	80,000000	1,334392E-1
1270,311410	79,800003	80,000000	1,334172E-1
1270,311410	79,800003	80,000000	1,334204E-1
1270,311410	79,800003	80,000000	1,334236E-1
1270,311410	79,800003	80,000000	1,334269E-1
1271,311844	79,800003	80,000000	1,334301E-1
1271,311844	79,800003	80,000000	1,334301E-1
1271,311844	79,800003	80,000000	1,334333E-1
1271,311844	79,800003	80,000000	1,334333E-1
1271,311844	80,199997	80,000000	1,334365E-1
1271,311844	80,199997	80,000000	1,333325E-1
1271,311844	80,199997	80,000000	1,333293E-1
1271,311844	80,199997	80,000000	1,333293E-1
1271,311844	80,199997	80,000000	1,333293E-1
1271,311844	80,199997	80,000000	1,333261E-1
1272,312310	80,199997	80,000000	1,333261E-1
1272,312310	80,199997	80,000000	1,333229E-1
1272,312310	80,199997	80,000000	1,333197E-1
1272,312310	80,199997	80,000000	1,333164E-1
1272,312310	80,099998	80,000000	1,333132E-1
1272,312310	80,099998	80,000000	1,333132E-1
1272,312310	80,099998	80,000000	1,333368E-1
1272,312310	80,099998	80,000000	1,333352E-1
1272,312310	80,099998	80,000000	1,333336E-1
1272,312310	80,099998	80,000000	1,333336E-1
1273,311715	80,099998	80,000000	1,333320E-1
1273,311715	80,099998	80,000000	1,333304E-1
1273,311715	80,099998	80,000000	1,333304E-1
1273,311715	80,099998	80,000000	1,333288E-1
1273,311715	80,099998	80,000000	1,333288E-1
1273,311715	80,000000	80,000000	1,333288E-1
1273,311715	80,000000	80,000000	1,333540E-1
1273,311715	80,000000	80,000000	1,333540E-1
1273,311715	80,000000	80,000000	1,333540E-1
1273,311715	80,000000	80,000000	1,333540E-1
1274,312156	80,000000	80,000000	1,333540E-1
1274,312156	80,000000	80,000000	1,333540E-1
1274,312156	80,000000	80,000000	1,333540E-1
1274,312156	80,000000	80,000000	1,333540E-1
1274,312156	80,000000	80,000000	1,333540E-1
1274,312156	80,000000	80,000000	1,333540E-1
1274,312156	80,000000	80,000000	1,333540E-1
1274,312156	80,000000	80,000000	1,333540E-1
1274,312156	80,000000	80,000000	1,333540E-1
1274,312156	79,900002	80,000000	1,333808E-1
1275,312623	79,900002	80,000000	1,333808E-1
1275,312623	79,900002	80,000000	1,333824E-1
1275,312623	79,900002	80,000000	1,333824E-1
1275,312623	79,900002	80,000000	1,333840E-1
1275,312623	79,900002	80,000000	1,333856E-1
1275,312623	79,900002	80,000000	1,333872E-1
1275,312623	79,900002	80,000000	1,333888E-1
1275,312623	79,900002	80,000000	1,333888E-1
1275,312623	80,000000	80,000000	1,333904E-1
1275,312623	80,000000	80,000000	1,333652E-1
1276,313005	80,000000	80,000000	1,333652E-1
1276,313005	80,000000	80,000000	1,333652E-1
1276,313005	80,000000	80,000000	1,333652E-1
1276,313005	80,000000	80,000000	1,333652E-1
1276,313005	80,000000	80,000000	1,333652E-1
1276,313005	80,000000	80,000000	1,333652E-1
1276,313005	80,000000	80,000000	1,333652E-1
1276,313005	80,000000	80,000000	1,333652E-1
1276,313005	80,000000	80,000000	1,333652E-1
1276,313005	79,900002	80,000000	1,333652E-1
1277,313368	79,900002	80,000000	1,333920E-1
1277,313368	79,900002	80,000000	1,333936E-1
1277,313368	79,900002	80,000000	1,333952E-1
1277,313368	79,900002	80,000000	1,333968E-1
1277,313368	79,900002	80,000000	1,333968E-1
1277,313368	79,900002	80,000000	1,333985E-1
1277,313368	79,900002	80,000000	1,334001E-1
1277,313368	79,900002	80,000000	1,334001E-1
1277,313368	79,899994	80,000000	1,334017E-1
1277,313368	79,899994	80,000000	1,334017E-1
1278,312767	79,899994	80,000000	1,334033E-1
1278,312767	79,899994	80,000000	1,334033E-1
1278,312767	79,899994	80,000000	1,334049E-1
1278,312767	79,899994	80,000000	1,334065E-1
1278,312767	79,899994	80,000000	1,334081E-1
1278,312767	79,899994	80,000000	1,334097E-1
1278,312767	79,899994	80,000000	1,334097E-1
1278,312767	79,899994	80,000000	1,334113E-1
1278,312767	79,900002	80,000000	1,334129E-1
1278,312767	79,900002	80,000000	1,334129E-1
1279,314140	79,900002	80,000000	1,334145E-1
1279,314140	79,900002	80,000000	1,334161E-1
1279,314140	79,900002	80,000000	1,334161E-1
1279,314140	79,900002	80,000000	1,334177E-1
1279,314140	79,900002	80,000000	1,334177E-1
1279,314140	79,900002	80,000000	1,334193E-1
1279,314140	79,900002	80,000000	1,334209E-1
1279,314140	79,900002	80,000000	1,334225E-1
1279,314140	79,900002	80,000000	1,334225E-1
1279,314140	79,900002	80,000000	1,334241E-1
1280,314559	80,000000	80,000000	1,334257E-1
1280,314559	80,000000	80,000000	1,334005E-1
1280,314559	80,000000	80,000000	1,334005E-1
1280,314559	80,000000	80,000000	1,334005E-1
1280,314559	80,000000	80,000000	1,334005E-1
1280,314559	80,000000	80,000000	1,334005E-1
1280,314559	80,000000	80,000000	1,334005E-1
1280,314559	80,000000	80,000000	1,334005E-1
1280,314559	80,000000	80,000000	1,334005E-1
1280,314559	80,000000	80,000000	1,334005E-1
1281,316011	80,000000	80,000000	1,334005E-1
1281,316011	80,000000	80,000000	1,334005E-1
1281,316011	80,000000	80,000000	1,334005E-1
1281,316011	80,000000	80,000000	1,334005E-1
1281,316011	80,000000	80,000000	1,334005E-1
1281,316011	80,000000	80,000000	1,334005E-1
1281,316011	80,000000	80,000000	1,334005E-1
1281,316011	80,000000	80,000000	1,334005E-1
1281,316011	80,000000	80,000000	1,334005E-1
1281,316011	80,000000	80,000000	1,334005E-1
1282,316404	80,000000	80,000000	1,334005E-1
1282,316404	80,000000	80,000000	1,334005E-1
1282,316404	80,000000	80,000000	1,334005E-1
1282,316404	80,000000	80,000000	1,334005E-1
1282,316404	80,000000	80,000000	1,334005E-1
1282,316404	80,000000	80,000000	1,334005E-1
1282,316404	80,000000	80,000000	1,334005E-1
1282,316404	80,000000	80,000000	1,334005E-1
1282,316404	80,000000	80,000000	1,334005E-1
1282,316404	80,000000	80,000000	1,334005E-1
1283,316837	80,000000	80,000000	1,334005E-1
1283,316837	80,000000	80,000000	1,334005E-1
1283,316837	80,000000	80,000000	1,334005E-1
1283,316837	80,000000	80,000000	1,334005E-1
1283,316837	80,000000	80,000000	1,334005E-1
1283,316837	80,000000	80,000000	1,334005E-1
1283,316837	80,000000	80,000000	1,334005E-1
1283,316837	80,000000	80,000000	1,334005E-1
1283,316837	80,000000	80,000000	1,334005E-1
1283,316837	80,000000	80,000000	1,334005E-1
1284,317322	80,000000	80,000000	1,334005E-1
1284,317322	80,000000	80,000000	1,334005E-1
1284,317322	80,000000	80,000000	1,334005E-1
1284,317322	80,000000	80,000000	1,334005E-1
1284,317322	80,000000	80,000000	1,334005E-1
1284,317322	80,000000	80,000000	1,334005E-1
1284,317322	80,000000	80,000000	1,334005E-1
1284,317322	80,000000	80,000000	1,334005E-1
1284,317322	80,000000	80,000000	1,334005E-1
1284,317322	80,000000	80,000000	1,334005E-1
1285,316669	79,800003	80,000000	1,334005E-1
1285,316669	79,800003	80,000000	1,334005E-1
1285,316669	79,800003	80,000000	1,334005E-1
1285,316669	79,800003	80,000000	1,334005E-1
1285,316669	79,800003	80,000000	1,334005E-1
1285,316669	79,800003	80,000000	1,334005E-1
1285,316669	79,800003	80,000000	1,334005E-1
1285,316669	79,800003	80,000000	1,334005E-1
1285,316669	79,800003	80,000000	1,334005E-1
1285,316669	79,800003	80,000000	1,334005E-1
1286,317172	79,800003	80,000000	1,334005E-1
1286,317172	79,800003	80,000000	1,334005E-1
1286,317172	79,800003	80,000000	1,334005E-1
1286,317172	79,800003	80,000000	1,334005E-1
1286,317172	79,800003	80,000000	1,334005E-1
1286,317172	79,800003	80,000000	1,334005E-1
1286,317172	79,800003	80,000000	1,334541E-1
1286,317172	79,800003	80,000000	1,334541E-1
1286,317172	79,800003	80,000000	1,334541E-1
1286,317172	79,800003	80,000000	1,334541E-1
1287,317534	79,800003	80,000000	1,334541E-1
1287,317534	79,800003	80,000000	1,334541E-1
1287,317534	79,800003	80,000000	1,334541E-1
1287,317534	79,800003	80,000000	1,334541E-1
1287,317534	79,800003	80,000000	1,334541E-1
1287,317534	79,800003	80,000000	1,334541E-1
1287,317534	79,800003	80,000000	1,334541E-1
1287,317534	79,800003	80,000000	1,334541E-1
1287,317534	79,800003	80,000000	1,334541E-1
1287,317534	79,800003	80,000000	1,334541E-1
1288,318029	79,800003	80,000000	1,334541E-1
1288,318029	79,800003	80,000000	1,334541E-1
1288,318029	79,800003	80,000000	1,334541E-1
1288,318029	79,800003	80,000000	1,334541E-1
1288,318029	79,900002	80,000000	1,334574E-1
1288,318029	79,900002	80,000000	1,334574E-1
1288,318029	79,900002	80,000000	1,334574E-1
1288,318029	79,900002	80,000000	1,334574E-1
1288,318029	79,900002	80,000000	1,334574E-1
1288,318029	79,900002	80,000000	1,334574E-1
1289,317458	79,900002	80,000000	1,334574E-1
1289,317458	79,900002	80,000000	1,334574E-1
1289,317458	79,900002	80,000000	1,334574E-1
1289,317458	79,900002	80,000000	1,334574E-1
1289,317458	79,900002	80,000000	1,334574E-1
1289,317458	79,900002	80,000000	1,334574E-1
1289,317458	79,900002	80,000000	1,334574E-1
1289,317458	79,900002	80,000000	1,334574E-1
1289,317458	79,900002	80,000000	1,334574E-1
1289,317458	79,900002	80,000000	1,334574E-1
1290,318836	79,900002	80,000000	1,334574E-1
1290,318836	79,900002	80,000000	1,334574E-1
1290,318836	79,900002	80,000000	1,334338E-1
1290,318836	79,900002	80,000000	1,334338E-1
1290,318836	79,900002	80,000000	1,334338E-1
1290,318836	79,900002	80,000000	1,334338E-1
1290,318836	79,900002	80,000000	1,334338E-1
1290,318836	79,900002	80,000000	1,334338E-1
1290,318836	79,900002	80,000000	1,334338E-1
1290,318836	79,900002	80,000000	1,334338E-1
1291,320291	79,900002	80,000000	1,334338E-1
1291,320291	79,900002	80,000000	1,334338E-1
1291,320291	79,900002	80,000000	1,334338E-1
1291,320291	79,900002	80,000000	1,334338E-1
1291,320291	79,900002	80,000000	1,334338E-1
1291,320291	79,900002	80,000000	1,334338E-1
1291,320291	79,900002	80,000000	1,334338E-1
1291,320291	79,900002	80,000000	1,334338E-1
1291,320291	79,900002	80,000000	1,334338E-1
1291,320291	79,900002	80,000000	1,334354E-1
1292,319666	80,000000	80,000000	1,334354E-1
1292,319666	80,000000	80,000000	1,334354E-1
1292,319666	80,000000	80,000000	1,334354E-1
1292,319666	79,900002	80,000000	1,334370E-1
1292,319666	80,199997	80,000000	1,334370E-1
1292,319666	80,199997	80,000000	1,333582E-1
1292,319666	80,199997	80,000000	1,333550E-1
1292,319666	80,199997	80,000000	1,333517E-1
1292,319666	80,199997	80,000000	1,333485E-1
1292,319666	80,199997	80,000000	1,333485E-1
1293,320099	80,199997	80,000000	1,333453E-1
1293,320099	80,199997	80,000000	1,333421E-1
1293,320099	80,199997	80,000000	1,333421E-1
1293,320099	80,199997	80,000000	1,333389E-1
1293,320099	80,000000	80,000000	1,333357E-1
1293,320099	80,000000	80,000000	1,333861E-1
1293,320099	80,000000	80,000000	1,333861E-1
1293,320099	80,000000	80,000000	1,333861E-1
1293,320099	80,000000	80,000000	1,333861E-1
1293,320099	80,000000	80,000000	1,333861E-1
1294,320516	80,000000	80,000000	1,333861E-1
1294,320516	80,000000	80,000000	1,333861E-1
1294,320516	80,000000	80,000000	1,333861E-1
1294,320516	80,000000	80,000000	1,333861E-1
1294,320516	80,000000	80,000000	1,333861E-1
1294,320516	80,000000	80,000000	1,333861E-1
1294,320516	80,000000	80,000000	1,333861E-1
1294,320516	80,000000	80,000000	1,333861E-1
1294,320516	80,000000	80,000000	1,333861E-1
1294,320516	80,000000	80,000000	1,333861E-1
1295,322012	80,000000	80,000000	1,333861E-1
1295,322012	80,000000	80,000000	1,333861E-1
1295,322012	80,000000	80,000000	1,333861E-1
1295,322012	80,000000	80,000000	1,333861E-1
1295,322012	80,000000	80,000000	1,333861E-1
1295,322012	80,000000	80,000000	1,333861E-1
1295,322012	80,000000	80,000000	1,333861E-1
1295,322012	80,199997	80,000000	1,333861E-1
1295,322012	80,199997	80,000000	1,333325E-1
1295,322012	80,199997	80,000000	1,333325E-1
1296,322121	80,199997	80,000000	1,333293E-1
1296,322121	80,199997	80,000000	1,333261E-1
1296,322121	80,199997	80,000000	1,333261E-1
1296,322121	80,199997	80,000000	1,333229E-1
1296,322121	80,199997	80,000000	1,333197E-1
1296,322121	80,199997	80,000000	1,333164E-1
1296,322121	80,199997	80,000000	1,333164E-1
1296,322121	80,199997	80,000000	1,333132E-1
1296,322121	80,199997	80,000000	1,333132E-1
1296,322121	79,699997	80,000000	1,333132E-1
1297,321525	79,699997	80,000000	1,334440E-1
1297,321525	79,699997	80,000000	1,334488E-1
1297,321525	79,699997	80,000000	1,334537E-1
1297,321525	79,699997	80,000000	1,334585E-1
1297,321525	79,699997	80,000000	1,334633E-1
1297,321525	79,699997	80,000000	1,334633E-1
1297,321525	79,699997	80,000000	1,334681E-1
1297,321525	79,699997	80,000000	1,334681E-1
1297,321525	79,900002	80,000000	1,334729E-1
1297,321525	79,900002	80,000000	1,334241E-1
1298,322131	79,900002	80,000000	1,334241E-1
1298,322131	79,900002	80,000000	1,334257E-1
1298,322131	79,900002	80,000000	1,334257E-1
1298,322131	79,900002	80,000000	1,334257E-1
1298,322131	79,900002	80,000000	1,334273E-1
1298,322131	79,900002	80,000000	1,334289E-1
1298,322131	79,900002	80,000000	1,334306E-1
1298,322131	79,900002	80,000000	1,334306E-1
1298,322131	79,900002	80,000000	1,334306E-1
1298,322131	79,900002	80,000000	1,334306E-1
1299,321577	79,900002	80,000000	1,334322E-1
1299,321577	79,900002	80,000000	1,334322E-1
1299,321577	79,900002	80,000000	1,334322E-1
1299,321577	79,900002	80,000000	1,334322E-1
1299,321577	79,900002	80,000000	1,334322E-1
1299,321577	79,900002	80,000000	1,334322E-1
1299,321577	79,900002	80,000000	1,334322E-1
1299,321577	79,900002	80,000000	1,334322E-1
1299,321577	79,900002	80,000000	1,334322E-1
1299,321577	79,900002	80,000000	1,334322E-1
1300,322055	79,900002	80,000000	1,334322E-1
1300,322055	79,900002	80,000000	1,334322E-1
1300,322055	79,900002	80,000000	1,334322E-1
1300,322055	79,900002	80,000000	1,334322E-1
1300,322055	79,900002	80,000000	1,334322E-1
1300,322055	79,900002	80,000000	1,334322E-1
1300,322055	79,900002	80,000000	1,334322E-1
1300,322055	79,900002	80,000000	1,334322E-1
1300,322055	79,900002	80,000000	1,334322E-1
1300,322055	79,900002	80,000000	1,334322E-1
1301,322461	79,900002	80,000000	1,334322E-1
1301,322461	79,900002	80,000000	1,334322E-1
1301,322461	79,900002	80,000000	1,334322E-1
1301,322461	79,900002	80,000000	1,334338E-1
1301,322461	79,900002	80,000000	1,334338E-1
1301,322461	79,900002	80,000000	1,334338E-1
1301,322461	79,900002	80,000000	1,334338E-1
1301,322461	79,900002	80,000000	1,334338E-1
1301,322461	79,900002	80,000000	1,334338E-1
1301,322461	79,900002	80,000000	1,334338E-1
1302,322901	79,900002	80,000000	1,334338E-1
1302,322901	79,900002	80,000000	1,334338E-1
1302,322901	79,900002	80,000000	1,334338E-1
1302,322901	79,900002	80,000000	1,334338E-1
1302,322901	79,900002	80,000000	1,334338E-1
1302,322901	79,900002	80,000000	1,334338E-1
1302,322901	79,900002	80,000000	1,334338E-1
1302,322901	79,900002	80,000000	1,334338E-1
1302,322901	79,900002	80,000000	1,334338E-1
1302,322901	79,900002	80,000000	1,334338E-1
1303,324335	79,900002	80,000000	1,334338E-1
1303,324335	79,899994	80,000000	1,334354E-1
1303,324335	79,899994	80,000000	1,334354E-1
1303,324335	79,899994	80,000000	1,334354E-1
1303,324335	79,899994	80,000000	1,334354E-1
1303,324335	79,899994	80,000000	1,334354E-1
1303,324335	79,899994	80,000000	1,334354E-1
1303,324335	79,899994	80,000000	1,334354E-1
1303,324335	79,899994	80,000000	1,334354E-1
1303,324335	79,899994	80,000000	1,334354E-1
1304,323704	79,899994	80,000000	1,334354E-1
1304,323704	79,899994	80,000000	1,334354E-1
1304,323704	79,899994	80,000000	1,334354E-1
1304,323704	79,899994	80,000000	1,334354E-1
1304,323704	79,899994	80,000000	1,334354E-1
1304,323704	79,899994	80,000000	1,334354E-1
1304,323704	79,899994	80,000000	1,334354E-1
1304,323704	79,899994	80,000000	1,334354E-1
1304,323704	79,899994	80,000000	1,334370E-1
1304,323704	79,899994	80,000000	1,334370E-1
1305,324113	79,899994	80,000000	1,334370E-1
1305,324113	79,899994	80,000000	1,334370E-1
1305,324113	79,899994	80,000000	1,334370E-1
1305,324113	79,899994	80,000000	1,334370E-1
1305,324113	79,899994	80,000000	1,334370E-1
1305,324113	79,899994	80,000000	1,334370E-1
1305,324113	79,899994	80,000000	1,334370E-1
1305,324113	79,899994	80,000000	1,334370E-1
1305,324113	79,899994	80,000000	1,334370E-1
1305,324113	79,899994	80,000000	1,334370E-1
1306,323577	79,899994	80,000000	1,334370E-1
1306,323577	79,899994	80,000000	1,334370E-1
1306,323577	79,899994	80,000000	1,334370E-1
1306,323577	79,899994	80,000000	1,334370E-1
1306,323577	79,899994	80,000000	1,334370E-1
1306,323577	79,899994	80,000000	1,334386E-1
1306,323577	80,000000	80,000000	1,334386E-1
1306,323577	80,000000	80,000000	1,334386E-1
1306,323577	80,000000	80,000000	1,334386E-1
1306,323577	80,000000	80,000000	1,334386E-1
1307,325000	80,000000	80,000000	1,334386E-1
1307,325000	80,000000	80,000000	1,334386E-1
1307,325000	80,000000	80,000000	1,334386E-1
1307,325000	80,000000	80,000000	1,334386E-1
1307,325000	80,000000	80,000000	1,334386E-1
1307,325000	80,000000	80,000000	1,334386E-1
1307,325000	80,000000	80,000000	1,334386E-1
1307,325000	80,000000	80,000000	1,334386E-1
1307,325000	80,000000	80,000000	1,334386E-1
1307,325000	80,000000	80,000000	1,334386E-1
1308,324410	80,000000	80,000000	1,334386E-1
1308,324410	80,000000	80,000000	1,334386E-1
1308,324410	80,000000	80,000000	1,334386E-1
1308,324410	80,000000	80,000000	1,334134E-1
1308,324410	79,899994	80,000000	1,334134E-1
1308,324410	79,899994	80,000000	1,334134E-1
1308,324410	79,899994	80,000000	1,334134E-1
1308,324410	79,899994	80,000000	1,334134E-1
1308,324410	79,899994	80,000000	1,334134E-1
1308,324410	79,899994	80,000000	1,334134E-1
1309,324449	79,899994	80,000000	1,334134E-1
1309,324449	79,899994	80,000000	1,334134E-1
1309,324449	79,899994	80,000000	1,334134E-1
1309,324449	79,899994	80,000000	1,334134E-1
1309,324449	79,899994	80,000000	1,334134E-1
1309,324449	79,899994	80,000000	1,334134E-1
1309,324449	79,899994	80,000000	1,334134E-1
1309,324449	79,899994	80,000000	1,334134E-1
1309,324449	79,899994	80,000000	1,334134E-1
1309,324449	79,899994	80,000000	1,334134E-1
1310,324862	79,899994	80,000000	1,334402E-1
1310,324862	79,899994	80,000000	1,334402E-1
1310,324862	79,899994	80,000000	1,334402E-1
1310,324862	79,899994	80,000000	1,334402E-1
1310,324862	79,699997	80,000000	1,334954E-1
1310,324862	79,699997	80,000000	1,334954E-1
1310,324862	79,699997	80,000000	1,334954E-1
1310,324862	79,699997	80,000000	1,335002E-1
1310,324862	80,000000	80,000000	1,335002E-1
1310,324862	80,000000	80,000000	1,334246E-1
1311,325224	80,000000	80,000000	1,334246E-1
1311,325224	80,000000	80,000000	1,334246E-1
1311,325224	80,000000	80,000000	1,334246E-1
1311,325224	80,000000	80,000000	1,334246E-1
1311,325224	80,000000	80,000000	1,334246E-1
1311,325224	80,000000	80,000000	1,334246E-1
1311,325224	80,000000	80,000000	1,334246E-1
1311,325224	80,000000	80,000000	1,334246E-1
1311,325224	80,000000	80,000000	1,334246E-1
1311,325224	80,000000	80,000000	1,334246E-1
1312,325699	79,800003	80,000000	1,334246E-1
1312,325699	79,800003	80,000000	1,334246E-1
1312,325699	79,800003	80,000000	1,334782E-1
1312,325699	79,800003	80,000000	1,334814E-1
1312,325699	79,800003	80,000000	1,334814E-1
1312,325699	79,800003	80,000000	1,334846E-1
1312,325699	79,800003	80,000000	1,334878E-1
1312,325699	79,800003	80,000000	1,334911E-1
1312,325699	79,800003	80,000000	1,334911E-1
1312,325699	80,000000	80,000000	1,334943E-1
1313,326067	80,000000	80,000000	1,334439E-1
1313,326067	80,000000	80,000000	1,334439E-1
1313,326067	80,000000	80,000000	1,334439E-1
1313,326067	80,000000	80,000000	1,334439E-1
1313,326067	80,000000	80,000000	1,334439E-1
1313,326067	80,000000	80,000000	1,334439E-1
1313,326067	80,000000	80,000000	1,334439E-1
1313,326067	80,000000	80,000000	1,334439E-1
1313,326067	80,000000	80,000000	1,334439E-1
1313,326067	80,000000	80,000000	1,334439E-1
1314,325552	80,199997	80,000000	1,334439E-1
1314,325552	80,199997	80,000000	1,333903E-1
1314,325552	80,199997	80,000000	1,333903E-1
1314,325552	80,199997	80,000000	1,333871E-1
1314,325552	80,199997	80,000000	1,333838E-1
1314,325552	80,199997	80,000000	1,333838E-1
1314,325552	80,199997	80,000000	1,333806E-1
1314,325552	80,199997	80,000000	1,333774E-1
1314,325552	80,199997	80,000000	1,333774E-1
1314,325552	80,199997	80,000000	1,333742E-1
1315,326913	80,099998	80,000000	1,333742E-1
1315,326913	80,099998	80,000000	1,333742E-1
1315,326913	80,099998	80,000000	1,333978E-1
1315,326913	80,099998	80,000000	1,333962E-1
1315,326913	80,099998	80,000000	1,333962E-1
1315,326913	80,099998	80,000000	1,333946E-1
1315,326913	80,099998	80,000000	1,333930E-1
1315,326913	80,099998	80,000000	1,333930E-1
1315,326913	80,099998	80,000000	1,333914E-1
1315,326913	80,099998	80,000000	1,333898E-1
1316,327390	80,199997	80,000000	1,333898E-1
1316,327390	80,199997	80,000000	1,333614E-1
1316,327390	80,199997	80,000000	1,333614E-1
1316,327390	80,199997	80,000000	1,333614E-1
1316,327390	80,199997	80,000000	1,333582E-1
1316,327390	80,199997	80,000000	1,333582E-1
1316,327390	80,199997	80,000000	1,333582E-1
1316,327390	80,199997	80,000000	1,333550E-1
1316,327390	80,199997	80,000000	1,333550E-1
1316,327390	80,199997	80,000000	1,333550E-1
1317,328831	80,199997	80,000000	1,333550E-1
1317,328831	80,199997	80,000000	1,333550E-1
1317,328831	80,199997	80,000000	1,333550E-1
1317,328831	80,199997	80,000000	1,333550E-1
1317,328831	80,199997	80,000000	1,333550E-1
1317,328831	80,199997	80,000000	1,333550E-1
1317,328831	80,199997	80,000000	1,333550E-1
1317,328831	80,199997	80,000000	1,333550E-1
1317,328831	80,199997	80,000000	1,333550E-1
1317,328831	80,199997	80,000000	1,333550E-1
1318,329217	80,199997	80,000000	1,333550E-1
1318,329217	80,199997	80,000000	1,333550E-1
1318,329217	80,199997	80,000000	1,333550E-1
1318,329217	80,199997	80,000000	1,333550E-1
1318,329217	80,199997	80,000000	1,333550E-1
1318,329217	80,199997	80,000000	1,333550E-1
1318,329217	80,199997	80,000000	1,333550E-1
1318,329217	80,199997	80,000000	1,333550E-1
1318,329217	80,199997	80,000000	1,333550E-1
1318,329217	80,199997	80,000000	1,333550E-1
1319,328614	80,199997	80,000000	1,333550E-1
1319,328614	80,199997	80,000000	1,333550E-1
1319,328614	79,800003	80,000000	1,333518E-1
1319,328614	79,800003	80,000000	1,333518E-1
1319,328614	79,800003	80,000000	1,333518E-1
1319,328614	79,800003	80,000000	1,333518E-1
1319,328614	79,800003	80,000000	1,333518E-1
1319,328614	79,800003	80,000000	1,333518E-1
1319,328614	79,800003	80,000000	1,333518E-1
1319,328614	79,800003	80,000000	1,333518E-1
1320,330045	79,800003	80,000000	1,333518E-1
1320,330045	79,800003	80,000000	1,333518E-1
1320,330045	79,800003	80,000000	1,333518E-1
1320,330045	79,800003	80,000000	1,333518E-1
1320,330045	79,800003	80,000000	1,333518E-1
1320,330045	79,800003	80,000000	1,333518E-1
1320,330045	79,800003	80,000000	1,333518E-1
1320,330045	79,800003	80,000000	1,333518E-1
1320,330045	79,800003	80,000000	1,333518E-1
1320,330045	79,699997	80,000000	1,334557E-1
1321,329389	79,699997	80,000000	1,334557E-1
1321,329389	79,699997	80,000000	1,334557E-1
1321,329389	79,699997	80,000000	1,334557E-1
1321,329389	79,699997	80,000000	1,334557E-1
1321,329389	79,699997	80,000000	1,334557E-1
1321,329389	79,699997	80,000000	1,334557E-1
1321,329389	79,699997	80,000000	1,334557E-1
1321,329389	79,699997	80,000000	1,334557E-1
1321,329389	79,699997	80,000000	1,334557E-1
1321,329389	79,699997	80,000000	1,334557E-1
1322,329810	79,699997	80,000000	1,334557E-1
1322,329810	79,699997	80,000000	1,334557E-1
1322,329810	79,699997	80,000000	1,334557E-1
1322,329810	79,699997	80,000000	1,334557E-1
1322,329810	79,699997	80,000000	1,334557E-1
1322,329810	79,699997	80,000000	1,334557E-1
1322,329810	79,699997	80,000000	1,334858E-1
1322,329810	79,699997	80,000000	1,334858E-1
1322,329810	79,699997	80,000000	1,334858E-1
1322,329810	79,699997	80,000000	1,334858E-1
1323,330240	79,699997	80,000000	1,334858E-1
1323,330240	79,699997	80,000000	1,334858E-1
1323,330240	79,699997	80,000000	1,334858E-1
1323,330240	79,699997	80,000000	1,334858E-1
1323,330240	79,699997	80,000000	1,334858E-1
1323,330240	79,699997	80,000000	1,334858E-1
1323,330240	79,699997	80,000000	1,334858E-1
1323,330240	79,699997	80,000000	1,334858E-1
1323,330240	79,699997	80,000000	1,334858E-1
1323,330240	79,699997	80,000000	1,334858E-1
1324,329642	79,699997	80,000000	1,334858E-1
1324,329642	79,699997	80,000000	1,334858E-1
1324,329642	80,000000	80,000000	1,334858E-1
1324,329642	80,000000	80,000000	1,334102E-1
1324,329642	80,000000	80,000000	1,334102E-1
1324,329642	80,000000	80,000000	1,334102E-1
1324,329642	80,000000	80,000000	1,334102E-1
1324,329642	80,000000	80,000000	1,334102E-1
1324,329642	80,000000	80,000000	1,334102E-1
1324,329642	80,000000	80,000000	1,334102E-1
1325,330041	80,000000	80,000000	1,334102E-1
1325,330041	80,000000	80,000000	1,334102E-1
1325,330041	80,000000	80,000000	1,334102E-1
1325,330041	80,000000	80,000000	1,334102E-1
1325,330041	80,000000	80,000000	1,334102E-1
1325,330041	80,000000	80,000000	1,334102E-1
1325,330041	80,000000	80,000000	1,334102E-1
1325,330041	80,000000	80,000000	1,334102E-1
1325,330041	80,000000	80,000000	1,334102E-1
1325,330041	80,000000	80,000000	1,334102E-1
1326,329487	80,000000	80,000000	1,334102E-1
1326,329487	80,000000	80,000000	1,334102E-1
1326,329487	80,000000	80,000000	1,334102E-1
1326,329487	80,000000	80,000000	1,334102E-1
1326,329487	80,000000	80,000000	1,334102E-1
1326,329487	80,000000	80,000000	1,334102E-1
1326,329487	80,000000	80,000000	1,334102E-1
1326,329487	80,000000	80,000000	1,334102E-1
1326,329487	80,000000	80,000000	1,334102E-1
1326,329487	80,000000	80,000000	1,334102E-1
1327,329923	80,000000	80,000000	1,334102E-1
1327,329923	80,000000	80,000000	1,334102E-1
1327,329923	80,000000	80,000000	1,334102E-1
1327,329923	80,000000	80,000000	1,334102E-1
1327,329923	80,000000	80,000000	1,334102E-1
1327,329923	79,800003	80,000000	1,334102E-1
1327,329923	79,800003	80,000000	1,334102E-1
1327,329923	79,800003	80,000000	1,334102E-1
1327,329923	79,800003	80,000000	1,334638E-1
1327,329923	79,800003	80,000000	1,334638E-1
1328,330368	79,800003	80,000000	1,334670E-1
1328,330368	79,899994	80,000000	1,334702E-1
1328,330368	79,899994	80,000000	1,334702E-1
1328,330368	79,899994	80,000000	1,334466E-1
1328,330368	79,899994	80,000000	1,334482E-1
1328,330368	79,899994	80,000000	1,334498E-1
1328,330368	79,899994	80,000000	1,334498E-1
1328,330368	79,899994	80,000000	1,334514E-1
1328,330368	79,899994	80,000000	1,334530E-1
1328,330368	79,899994	80,000000	1,334530E-1
1329,331753	79,899994	80,000000	1,334546E-1
1329,331753	79,899994	80,000000	1,334546E-1
1329,331753	79,899994	80,000000	1,334562E-1
1329,331753	80,099998	80,000000	1,334562E-1
1329,331753	80,099998	80,000000	1,334042E-1
1329,331753	80,099998	80,000000	1,334042E-1
1329,331753	80,099998	80,000000	1,334026E-1
1329,331753	80,099998	80,000000	1,334010E-1
1329,331753	80,099998	80,000000	1,333994E-1
1329,331753	80,099998	80,000000	1,333994E-1
1330,332183	80,099998	80,000000	1,333978E-1
1330,332183	79,900002	80,000000	1,333962E-1
1330,332183	79,900002	80,000000	1,333962E-1
1330,332183	79,900002	80,000000	1,334482E-1
1330,332183	79,900002	80,000000	1,334498E-1
1330,332183	79,900002	80,000000	1,334514E-1
1330,332183	79,900002	80,000000	1,334514E-1
1330,332183	79,900002	80,000000	1,334514E-1
1330,332183	79,900002	80,000000	1,334514E-1
1330,332183	79,900002	80,000000	1,334530E-1
1331,332680	79,900002	80,000000	1,334546E-1
1331,332680	79,900002	80,000000	1,334562E-1
1331,332680	79,900002	80,000000	1,334562E-1
1331,332680	79,900002	80,000000	1,334578E-1
1331,332680	80,000000	80,000000	1,334594E-1
1331,332680	80,000000	80,000000	1,334342E-1
1331,332680	80,000000	80,000000	1,334342E-1
1331,332680	80,000000	80,000000	1,334342E-1
1331,332680	80,000000	80,000000	1,334342E-1
1331,332680	80,000000	80,000000	1,334342E-1
1332,333052	80,000000	80,000000	1,334342E-1
1332,333052	80,000000	80,000000	1,334342E-1
1332,333052	80,000000	80,000000	1,334342E-1
1332,333052	80,000000	80,000000	1,334342E-1
1332,333052	80,000000	80,000000	1,334342E-1
1332,333052	80,100006	80,000000	1,334342E-1
1332,333052	80,100006	80,000000	1,334074E-1
1332,333052	80,100006	80,000000	1,334074E-1
1332,333052	80,100006	80,000000	1,334058E-1
1332,333052	80,100006	80,000000	1,334042E-1
1333,333449	80,100006	80,000000	1,334042E-1
1333,333449	80,100006	80,000000	1,334026E-1
1333,333449	80,100006	80,000000	1,334010E-1
1333,333449	80,100006	80,000000	1,333994E-1
1333,333449	80,100006	80,000000	1,333978E-1
1333,333449	79,699997	80,000000	1,333978E-1
1333,333449	79,699997	80,000000	1,335034E-1
1333,333449	79,699997	80,000000	1,335034E-1
1333,333449	79,699997	80,000000	1,335034E-1
1333,333449	79,699997	80,000000	1,335034E-1
1334,333943	79,699997	80,000000	1,335034E-1
1334,333943	79,699997	80,000000	1,335082E-1
1334,333943	79,699997	80,000000	1,335082E-1
1334,333943	79,699997	80,000000	1,335082E-1
1334,333943	79,699997	80,000000	1,335082E-1
1334,333943	79,699997	80,000000	1,335082E-1
1334,333943	79,699997	80,000000	1,335082E-1
1334,333943	79,699997	80,000000	1,335082E-1
1334,333943	79,699997	80,000000	1,335082E-1
1334,333943	79,699997	80,000000	1,335082E-1
1335,334280	79,699997	80,000000	1,335082E-1
1335,334280	79,699997	80,000000	1,335082E-1
1335,334280	79,699997	80,000000	1,335082E-1
1335,334280	79,699997	80,000000	1,335082E-1
1335,334280	79,699997	80,000000	1,335082E-1
1335,334280	79,699997	80,000000	1,335082E-1
1335,334280	79,699997	80,000000	1,335082E-1
1335,334280	79,699997	80,000000	1,335082E-1
1335,334280	79,699997	80,000000	1,335082E-1
1335,334280	79,699997	80,000000	1,335082E-1
1336,333800	79,699997	80,000000	1,335082E-1
1336,333800	79,699997	80,000000	1,335082E-1
1336,333800	79,699997	80,000000	1,335082E-1
1336,333800	79,699997	80,000000	1,335082E-1
1336,333800	79,699997	80,000000	1,335082E-1
1336,333800	79,699997	80,000000	1,335130E-1
1336,333800	79,699997	80,000000	1,335130E-1
1336,333800	79,699997	80,000000	1,335130E-1
1336,333800	79,699997	80,000000	1,335130E-1
1336,333800	79,699997	80,000000	1,335130E-1
1337,334198	79,699997	80,000000	1,335130E-1
1337,334198	79,699997	80,000000	1,335130E-1
1337,334198	79,699997	80,000000	1,335130E-1
1337,334198	79,699997	80,000000	1,335130E-1
1337,334198	79,699997	80,000000	1,335130E-1
1337,334198	79,699997	80,000000	1,335130E-1
1337,334198	79,699997	80,000000	1,335130E-1
1337,334198	79,699997	80,000000	1,335130E-1
1337,334198	79,699997	80,000000	1,335130E-1
1337,334198	79,699997	80,000000	1,335130E-1
1338,333570	79,699997	80,000000	1,335130E-1
1338,333570	79,699997	80,000000	1,335130E-1
1338,333570	79,699997	80,000000	1,335130E-1
1338,333570	79,800003	80,000000	1,335179E-1
1338,333570	79,800003	80,000000	1,335179E-1
1338,333570	79,800003	80,000000	1,335179E-1
1338,333570	79,800003	80,000000	1,335179E-1
1338,333570	79,800003	80,000000	1,335179E-1
1338,333570	79,800003	80,000000	1,335179E-1
1338,333570	79,800003	80,000000	1,335179E-1
1339,334002	79,800003	80,000000	1,335179E-1
1339,334002	79,800003	80,000000	1,335179E-1
1339,334002	79,800003	80,000000	1,335179E-1
1339,334002	79,800003	80,000000	1,335179E-1
1339,334002	79,800003	80,000000	1,335179E-1
1339,334002	79,800003	80,000000	1,335179E-1
1339,334002	79,800003	80,000000	1,335179E-1
1339,334002	79,800003	80,000000	1,335179E-1
1339,334002	79,800003	80,000000	1,335179E-1
1339,334002	79,800003	80,000000	1,335179E-1
1340,334458	79,800003	80,000000	1,334959E-1
1340,334458	79,800003	80,000000	1,334959E-1
1340,334458	79,800003	80,000000	1,334959E-1
1340,334458	79,800003	80,000000	1,334959E-1
1340,334458	79,800003	80,000000	1,334959E-1
1340,334458	79,800003	80,000000	1,334959E-1
1340,334458	79,800003	80,000000	1,334959E-1
1340,334458	79,800003	80,000000	1,334959E-1
1340,334458	79,800003	80,000000	1,334959E-1
1340,334458	79,800003	80,000000	1,334959E-1
1341,335885	79,800003	80,000000	1,334959E-1
1341,335885	79,800003	80,000000	1,334959E-1
1341,335885	79,800003	80,000000	1,334959E-1
1341,335885	79,800003	80,000000	1,334959E-1
1341,335885	79,800003	80,000000	1,334959E-1
1341,335885	79,800003	80,000000	1,334959E-1
1341,335885	79,800003	80,000000	1,334959E-1
1341,335885	79,800003	80,000000	1,334959E-1
1341,335885	79,800003	80,000000	1,334991E-1
1341,335885	80,000000	80,000000	1,334991E-1
1342,336259	80,000000	80,000000	1,334991E-1
1342,336259	80,000000	80,000000	1,334991E-1
1342,336259	80,000000	80,000000	1,334991E-1
1342,336259	80,000000	80,000000	1,334991E-1
1342,336259	80,000000	80,000000	1,334991E-1
1342,336259	80,000000	80,000000	1,334991E-1
1342,336259	80,000000	80,000000	1,334991E-1
1342,336259	80,000000	80,000000	1,334991E-1
1342,336259	80,000000	80,000000	1,334991E-1
1342,336259	80,000000	80,000000	1,334991E-1
1343,335737	80,000000	80,000000	1,334991E-1
1343,335737	80,000000	80,000000	1,334991E-1
1343,335737	80,000000	80,000000	1,334991E-1
1343,335737	80,000000	80,000000	1,334991E-1
1343,335737	80,000000	80,000000	1,334991E-1
1343,335737	80,000000	80,000000	1,334487E-1
1343,335737	79,699997	80,000000	1,334487E-1
1343,335737	79,699997	80,000000	1,334487E-1
1343,335737	79,699997	80,000000	1,334487E-1
1343,335737	79,699997	80,000000	1,334487E-1
1344,336134	79,699997	80,000000	1,334487E-1
1344,336134	79,699997	80,000000	1,334487E-1
1344,336134	79,699997	80,000000	1,334487E-1
1344,336134	79,699997	80,000000	1,334487E-1
1344,336134	79,699997	80,000000	1,334487E-1
1344,336134	79,699997	80,000000	1,334487E-1
1344,336134	79,699997	80,000000	1,334487E-1
1344,336134	79,699997	80,000000	1,334487E-1
1344,336134	79,699997	80,000000	1,334487E-1
1344,336134	79,699997	80,000000	1,334487E-1
1345,335597	79,699997	80,000000	1,334487E-1
1345,335597	79,699997	80,000000	1,334487E-1
1345,335597	79,699997	80,000000	1,335291E-1
1345,335597	79,699997	80,000000	1,335291E-1
1345,335597	79,699997	80,000000	1,335291E-1
1345,335597	79,699997	80,000000	1,335291E-1
1345,335597	79,900002	80,000000	1,334803E-1
1345,335597	79,900002	80,000000	1,334803E-1
1345,335597	79,900002	80,000000	1,334803E-1
1345,335597	79,900002	80,000000	1,334819E-1
1346,335945	80,099998	80,000000	1,334299E-1
1346,335945	80,099998	80,000000	1,334283E-1
1346,335945	80,099998	80,000000	1,334283E-1
1346,335945	80,099998	80,000000	1,334267E-1
1346,335945	80,099998	80,000000	1,334251E-1
1346,335945	80,099998	80,000000	1,334235E-1
1346,335945	80,099998	80,000000	1,334235E-1
1346,335945	80,099998	80,000000	1,334219E-1
1346,335945	80,099998	80,000000	1,334203E-1
1346,335945	80,099998	80,000000	1,334187E-1
1347,336387	80,099998	80,000000	1,334187E-1
1347,336387	80,099998	80,000000	1,334171E-1
1347,336387	79,900002	80,000000	1,334171E-1
1347,336387	79,900002	80,000000	1,334171E-1
1347,336387	79,900002	80,000000	1,334691E-1
1347,336387	79,900002	80,000000	1,334707E-1
1347,336387	79,900002	80,000000	1,334707E-1
1347,336387	79,900002	80,000000	1,334723E-1
1347,336387	79,900002	80,000000	1,334739E-1
1347,336387	79,900002	80,000000	1,334739E-1
1348,337867	79,900002	80,000000	1,334755E-1
1348,337867	79,900002	80,000000	1,334771E-1
1348,337867	79,900002	80,000000	1,334787E-1
1348,337867	79,900002	80,000000	1,334787E-1
1348,337867	79,900002	80,000000	1,334803E-1
1348,337867	79,900002	80,000000	1,334819E-1
1348,337867	79,900002	80,000000	1,334819E-1
1348,337867	79,900002	80,000000	1,334819E-1
1348,337867	79,900002	80,000000	1,334835E-1
1348,337867	79,900002	80,000000	1,334835E-1
1349,339242	79,900002	80,000000	1,334851E-1
1349,339242	79,899994	80,000000	1,334867E-1
1349,339242	79,899994	80,000000	1,334883E-1
1349,339242	79,899994	80,000000	1,334883E-1
1349,339242	79,899994	80,000000	1,334899E-1
1349,339242	79,899994	80,000000	1,334915E-1
1349,339242	79,899994	80,000000	1,334931E-1
1349,339242	79,899994	80,000000	1,334931E-1
1349,339242	79,899994	80,000000	1,334948E-1
1349,339242	79,899994	80,000000	1,334964E-1
1350,338711	79,899994	80,000000	1,334964E-1
1350,338711	79,899994	80,000000	1,334980E-1
1350,338711	79,800003	80,000000	1,334980E-1
1350,338711	79,800003	80,000000	1,334980E-1
1350,338711	79,800003	80,000000	1,335264E-1
1350,338711	79,800003	80,000000	1,335296E-1
1350,338711	79,800003	80,000000	1,335328E-1
1350,338711	79,800003	80,000000	1,335328E-1
1350,338711	79,800003	80,000000	1,335360E-1
1350,338711	79,800003	80,000000	1,335360E-1
1351,340098	79,800003	80,000000	1,335392E-1
1351,340098	79,800003	80,000000	1,335424E-1
1351,340098	80,099998	80,000000	1,334652E-1
1351,340098	80,099998	80,000000	1,334652E-1
1351,340098	80,099998	80,000000	1,334652E-1
1351,340098	80,099998	80,000000	1,334636E-1
1351,340098	80,099998	80,000000	1,334620E-1
1351,340098	80,099998	80,000000	1,334620E-1
1351,340098	80,099998	80,000000	1,334620E-1
1351,340098	80,099998	80,000000	1,334604E-1
1352,339513	80,099998	80,000000	1,334588E-1
1352,339513	80,099998	80,000000	1,334588E-1
1352,339513	80,099998	80,000000	1,334572E-1
1352,339513	80,099998	80,000000	1,334556E-1
1352,339513	80,099998	80,000000	1,334540E-1
1352,339513	80,099998	80,000000	1,334524E-1
1352,339513	80,099998	80,000000	1,334524E-1
1352,339513	80,199997	80,000000	1,334240E-1
1352,339513	80,199997	80,000000	1,334208E-1
1352,339513	80,199997	80,000000	1,334176E-1
1353,339941	80,199997	80,000000	1,334176E-1
1353,339941	80,199997	80,000000	1,334143E-1
1353,339941	80,199997	80,000000	1,334143E-1
1353,339941	80,199997	80,000000	1,334111E-1
1353,339941	80,199997	80,000000	1,334111E-1
1353,339941	80,199997	80,000000	1,334079E-1
1353,339941	79,900002	80,000000	1,334851E-1
1353,339941	79,900002	80,000000	1,334867E-1
1353,339941	79,900002	80,000000	1,334883E-1
1353,339941	79,900002	80,000000	1,334883E-1
1354,340451	79,900002	80,000000	1,334899E-1
1354,340451	79,900002	80,000000	1,334915E-1
1354,340451	79,900002	80,000000	1,334915E-1
1354,340451	79,900002	80,000000	1,334931E-1
1354,340451	79,900002	80,000000	1,334948E-1
1354,340451	79,900002	80,000000	1,334964E-1
1354,340451	79,699997	80,000000	1,334964E-1
1354,340451	79,699997	80,000000	1,334964E-1
1354,340451	79,699997	80,000000	1,335516E-1
1354,340451	79,699997	80,000000	1,335516E-1
1355,341790	79,699997	80,000000	1,335564E-1
1355,341790	79,699997	80,000000	1,335612E-1
1355,341790	79,699997	80,000000	1,335660E-1
1355,341790	79,699997	80,000000	1,335660E-1
1355,341790	79,699997	80,000000	1,335708E-1
1355,341790	79,699997	80,000000	1,335756E-1
1355,341790	79,699997	80,000000	1,335756E-1
1355,341790	80,000000	80,000000	1,335805E-1
1355,341790	80,000000	80,000000	1,335049E-1
1355,341790	80,000000	80,000000	1,335049E-1
1356,342864	80,000000	80,000000	1,335049E-1
1356,342864	80,000000	80,000000	1,335049E-1
1356,342864	80,000000	80,000000	1,335049E-1
1356,342864	80,000000	80,000000	1,335049E-1
1356,342864	80,000000	80,000000	1,335049E-1
1356,342864	80,000000	80,000000	1,335049E-1
1356,342864	80,000000	80,000000	1,335049E-1
1356,342864	80,000000	80,000000	1,335049E-1
1356,342864	80,100006	80,000000	1,334781E-1
1356,342864	80,100006	80,000000	1,334781E-1
1357,343211	80,100006	80,000000	1,334765E-1
1357,343211	80,100006	80,000000	1,334748E-1
1357,343211	80,100006	80,000000	1,334748E-1
1357,343211	80,100006	80,000000	1,334732E-1
1357,343211	80,100006	80,000000	1,334716E-1
1357,343211	80,100006	80,000000	1,334700E-1
1357,343211	80,100006	80,000000	1,334700E-1
1357,343211	80,100006	80,000000	1,334700E-1
1357,343211	80,100006	80,000000	1,334684E-1
1357,343211	80,100006	80,000000	1,334684E-1
1358,343666	80,100006	80,000000	1,334668E-1
1358,343666	80,100006	80,000000	1,334652E-1
1358,343666	80,100006	80,000000	1,334636E-1
1358,343666	80,100006	80,000000	1,334620E-1
1358,343666	80,100006	80,000000	1,334620E-1
1358,343666	80,100006	80,000000	1,334604E-1
1358,343666	80,100006	80,000000	1,334588E-1
1358,343666	80,100006	80,000000	1,334588E-1
1358,343666	80,100006	80,000000	1,334572E-1
1358,343666	80,100006	80,000000	1,334556E-1
1359,345148	80,100006	80,000000	1,334540E-1
1359,345148	80,100006	80,000000	1,334540E-1
1359,345148	80,100006	80,000000	1,334540E-1
1359,345148	80,100006	80,000000	1,334524E-1
1359,345148	80,100006	80,000000	1,334524E-1
1359,345148	80,099998	80,000000	1,334508E-1
1359,345148	80,099998	80,000000	1,334508E-1
1359,345148	80,099998	80,000000	1,334492E-1
1359,345148	80,099998	80,000000	1,334476E-1
1359,345148	80,099998	80,000000	1,334460E-1
1360,344490	80,099998	80,000000	1,334460E-1
1360,344490	80,099998	80,000000	1,334444E-1
1360,344490	80,099998	80,000000	1,334428E-1
1360,344490	80,099998	80,000000	1,334428E-1
1360,344490	79,699997	80,000000	1,334411E-1
1360,344490	79,699997	80,000000	1,335468E-1
1360,344490	79,699997	80,000000	1,335468E-1
1360,344490	79,699997	80,000000	1,335516E-1
1360,344490	79,699997	80,000000	1,335516E-1
1360,344490	79,699997	80,000000	1,335564E-1
1361,344962	79,699997	80,000000	1,335612E-1
1361,344962	79,699997	80,000000	1,335660E-1
1361,344962	79,699997	80,000000	1,335660E-1
1361,344962	79,699997	80,000000	1,335708E-1
1361,344962	79,800003	80,000000	1,335708E-1
1361,344962	79,800003	80,000000	1,335488E-1
1361,344962	79,800003	80,000000	1,335520E-1
1361,344962	79,800003	80,000000	1,335520E-1
1361,344962	79,800003	80,000000	1,335553E-1
1361,344962	79,800003	80,000000	1,335585E-1
1362,344362	79,800003	80,000000	1,335617E-1
1362,344362	79,800003	80,000000	1,335617E-1
1362,344362	79,800003	80,000000	1,335617E-1
1362,344362	79,800003	80,000000	1,335649E-1
1362,344362	79,800003	80,000000	1,335649E-1
1362,344362	79,800003	80,000000	1,335681E-1
1362,344362	80,000000	80,000000	1,335177E-1
1362,344362	80,000000	80,000000	1,335177E-1
1362,344362	80,000000	80,000000	1,335177E-1
1362,344362	80,000000	80,000000	1,335177E-1
1363,344781	80,000000	80,000000	1,335177E-1
1363,344781	80,000000	80,000000	1,335177E-1
1363,344781	80,000000	80,000000	1,335177E-1
1363,344781	80,000000	80,000000	1,335177E-1
1363,344781	80,000000	80,000000	1,335177E-1
1363,344781	80,000000	80,000000	1,335177E-1
1363,344781	80,000000	80,000000	1,335177E-1
1363,344781	80,000000	80,000000	1,335177E-1
1363,344781	80,000000	80,000000	1,335177E-1
1363,344781	80,000000	80,000000	1,335177E-1
1364,345274	80,000000	80,000000	1,335177E-1
1364,345274	80,000000	80,000000	1,335177E-1
1364,345274	80,000000	80,000000	1,335177E-1
1364,345274	80,000000	80,000000	1,335177E-1
1364,345274	80,000000	80,000000	1,335177E-1
1364,345274	80,000000	80,000000	1,335177E-1
1364,345274	80,000000	80,000000	1,335177E-1
1364,345274	80,000000	80,000000	1,335177E-1
1364,345274	80,000000	80,000000	1,335177E-1
1364,345274	80,000000	80,000000	1,335177E-1
1365,345682	80,000000	80,000000	1,335177E-1
1365,345682	80,000000	80,000000	1,335177E-1
1365,345682	80,000000	80,000000	1,335177E-1
1365,345682	80,000000	80,000000	1,335177E-1
1365,345682	80,000000	80,000000	1,335177E-1
1365,345682	80,000000	80,000000	1,335177E-1
1365,345682	80,000000	80,000000	1,335177E-1
1365,345682	80,000000	80,000000	1,335177E-1
1365,345682	80,000000	80,000000	1,335177E-1
1365,345682	80,000000	80,000000	1,335177E-1
1366,346083	80,000000	80,000000	1,335177E-1
1366,346083	80,000000	80,000000	1,335177E-1
1366,346083	80,000000	80,000000	1,335177E-1
1366,346083	80,000000	80,000000	1,335177E-1
1366,346083	80,000000	80,000000	1,335177E-1
1366,346083	80,000000	80,000000	1,335177E-1
1366,346083	80,000000	80,000000	1,335177E-1
1366,346083	80,000000	80,000000	1,335177E-1
1366,346083	80,000000	80,000000	1,335177E-1
1366,346083	80,000000	80,000000	1,335177E-1
1367,346144	80,000000	80,000000	1,335177E-1
1367,346144	80,000000	80,000000	1,335177E-1
1367,346144	80,000000	80,000000	1,335177E-1
1367,346144	80,000000	80,000000	1,335177E-1
1367,346144	80,000000	80,000000	1,335177E-1
1367,346144	80,000000	80,000000	1,335177E-1
1367,346144	80,000000	80,000000	1,335177E-1
1367,346144	80,000000	80,000000	1,335177E-1
1367,346144	80,000000	80,000000	1,335177E-1
1367,346144	80,000000	80,000000	1,335177E-1
1368,345600	80,000000	80,000000	1,335177E-1
1368,345600	80,000000	80,000000	1,335177E-1
1368,345600	80,000000	80,000000	1,335177E-1
1368,345600	80,000000	80,000000	1,335177E-1
1368,345600	80,000000	80,000000	1,335177E-1
1368,345600	80,000000	80,000000	1,335177E-1
1368,345600	80,000000	80,000000	1,335177E-1
1368,345600	80,000000	80,000000	1,335177E-1
1368,345600	80,000000	80,000000	1,335177E-1
1368,345600	80,000000	80,000000	1,335177E-1
1369,347023	80,000000	80,000000	1,335177E-1
1369,347023	80,000000	80,000000	1,335177E-1
1369,347023	80,000000	80,000000	1,335177E-1
1369,347023	80,000000	80,000000	1,335177E-1
1369,347023	80,000000	80,000000	1,335177E-1
1369,347023	80,000000	80,000000	1,335177E-1
1369,347023	80,000000	80,000000	1,335177E-1
1369,347023	80,000000	80,000000	1,335177E-1
1369,347023	80,000000	80,000000	1,335177E-1
1369,347023	80,000000	80,000000	1,335177E-1
1370,347505	80,000000	80,000000	1,335177E-1
1370,347505	80,000000	80,000000	1,335177E-1
1370,347505	80,199997	80,000000	1,335177E-1
1370,347505	80,199997	80,000000	1,335177E-1
1370,347505	80,199997	80,000000	1,335177E-1
1370,347505	80,199997	80,000000	1,335177E-1
1370,347505	80,199997	80,000000	1,335177E-1
1370,347505	80,199997	80,000000	1,335177E-1
1370,347505	80,199997	80,000000	1,335177E-1
1370,347505	80,199997	80,000000	1,335177E-1
1371,347908	80,199997	80,000000	1,335177E-1
1371,347908	80,199997	80,000000	1,335177E-1
1371,347908	80,199997	80,000000	1,335177E-1
1371,347908	80,199997	80,000000	1,335177E-1
1371,347908	80,199997	80,000000	1,335177E-1
1371,347908	80,199997	80,000000	1,335177E-1
1371,347908	80,199997	80,000000	1,335177E-1
1371,347908	80,199997	80,000000	1,335177E-1
1371,347908	80,199997	80,000000	1,335177E-1
1371,347908	80,199997	80,000000	1,334641E-1
1372,348302	80,199997	80,000000	1,334641E-1
1372,348302	80,199997	80,000000	1,334641E-1
1372,348302	80,199997	80,000000	1,334641E-1
1372,348302	80,199997	80,000000	1,334641E-1
1372,348302	80,199997	80,000000	1,334641E-1
1372,348302	80,199997	80,000000	1,334641E-1
1372,348302	80,199997	80,000000	1,334641E-1
1372,348302	80,199997	80,000000	1,334641E-1
1372,348302	80,199997	80,000000	1,334641E-1
1372,348302	80,199997	80,000000	1,334641E-1
1373,347696	80,199997	80,000000	1,334641E-1
1373,347696	80,199997	80,000000	1,334641E-1
1373,347696	80,199997	80,000000	1,334641E-1
1373,347696	80,199997	80,000000	1,334641E-1
1373,347696	80,199997	80,000000	1,334641E-1
1373,347696	80,199997	80,000000	1,334641E-1
1373,347696	80,199997	80,000000	1,334641E-1
1373,347696	80,199997	80,000000	1,334609E-1
1373,347696	80,099998	80,000000	1,334609E-1
1373,347696	80,099998	80,000000	1,334609E-1
1374,348130	80,099998	80,000000	1,334609E-1
1374,348130	80,099998	80,000000	1,334609E-1
1374,348130	80,099998	80,000000	1,334609E-1
1374,348130	80,099998	80,000000	1,334609E-1
1374,348130	80,099998	80,000000	1,334609E-1
1374,348130	80,099998	80,000000	1,334609E-1
1374,348130	80,099998	80,000000	1,334609E-1
1374,348130	80,099998	80,000000	1,334609E-1
1374,348130	80,099998	80,000000	1,334609E-1
1374,348130	80,099998	80,000000	1,334609E-1
1375,347580	80,099998	80,000000	1,334609E-1
1375,347580	80,099998	80,000000	1,334609E-1
1375,347580	80,099998	80,000000	1,334609E-1
1375,347580	80,099998	80,000000	1,334609E-1
1375,347580	80,099998	80,000000	1,334845E-1
1375,347580	80,199997	80,000000	1,334845E-1
1375,347580	80,199997	80,000000	1,334845E-1
1375,347580	80,199997	80,000000	1,334561E-1
1375,347580	79,699997	80,000000	1,334561E-1
1375,347580	79,699997	80,000000	1,334561E-1
1376,347982	79,699997	80,000000	1,334561E-1
1376,347982	79,699997	80,000000	1,335869E-1
1376,347982	79,899994	80,000000	1,335917E-1
1376,347982	79,899994	80,000000	1,335917E-1
1376,347982	79,899994	80,000000	1,335429E-1
1376,347982	79,899994	80,000000	1,335445E-1
1376,347982	79,899994	80,000000	1,335461E-1
1376,347982	79,899994	80,000000	1,335461E-1
1376,347982	79,899994	80,000000	1,335477E-1
1376,347982	79,899994	80,000000	1,335493E-1
1377,347410	79,899994	80,000000	1,335493E-1
1377,347410	79,899994	80,000000	1,335509E-1
1377,347410	79,899994	80,000000	1,335509E-1
1377,347410	79,899994	80,000000	1,335525E-1
1377,347410	79,899994	80,000000	1,335525E-1
1377,347410	79,899994	80,000000	1,335525E-1
1377,347410	79,899994	80,000000	1,335541E-1
1377,347410	79,899994	80,000000	1,335557E-1
1377,347410	80,000000	80,000000	1,335573E-1
1377,347410	80,000000	80,000000	1,335321E-1
1378,348827	80,000000	80,000000	1,335321E-1
1378,348827	80,000000	80,000000	1,335321E-1
1378,348827	80,000000	80,000000	1,335321E-1
1378,348827	80,000000	80,000000	1,335321E-1
1378,348827	80,000000	80,000000	1,335321E-1
1378,348827	80,000000	80,000000	1,335321E-1
1378,348827	80,000000	80,000000	1,335321E-1
1378,348827	80,000000	80,000000	1,335321E-1
1378,348827	80,000000	80,000000	1,335321E-1
1378,348827	80,000000	80,000000	1,335321E-1
1379,350326	80,000000	80,000000	1,335321E-1
1379,350326	80,000000	80,000000	1,335321E-1
1379,350326	80,000000	80,000000	1,335321E-1
1379,350326	80,000000	80,000000	1,335321E-1
1379,350326	80,000000	80,000000	1,335321E-1
1379,350326	80,000000	80,000000	1,335321E-1
1379,350326	80,000000	80,000000	1,335321E-1
1379,350326	80,000000	80,000000	1,335321E-1
1379,350326	80,000000	80,000000	1,335321E-1
1379,350326	80,300003	80,000000	1,335321E-1
1380,350707	80,300003	80,000000	1,334517E-1
1380,350707	80,300003	80,000000	1,334517E-1
1380,350707	80,300003	80,000000	1,334469E-1
1380,350707	80,300003	80,000000	1,334469E-1
1380,350707	80,300003	80,000000	1,334421E-1
1380,350707	80,300003	80,000000	1,334421E-1
1380,350707	80,300003	80,000000	1,334373E-1
1380,350707	80,300003	80,000000	1,334325E-1
1380,350707	80,300003	80,000000	1,334325E-1
1380,350707	80,300003	80,000000	1,334277E-1
1381,351163	80,000000	80,000000	1,334228E-1
1381,351163	80,000000	80,000000	1,334228E-1
1381,351163	80,000000	80,000000	1,334984E-1
1381,351163	80,000000	80,000000	1,334984E-1
1381,351163	80,000000	80,000000	1,334984E-1
1381,351163	80,000000	80,000000	1,334984E-1
1381,351163	80,000000	80,000000	1,334984E-1
1381,351163	80,000000	80,000000	1,334984E-1
1381,351163	80,000000	80,000000	1,334984E-1
1381,351163	79,800003	80,000000	1,334984E-1
1382,350537	79,800003	80,000000	1,334984E-1
1382,350537	79,800003	80,000000	1,335520E-1
1382,350537	79,800003	80,000000	1,335520E-1
1382,350537	79,800003	80,000000	1,335520E-1
1382,350537	79,800003	80,000000	1,335520E-1
1382,350537	79,800003	80,000000	1,335520E-1
1382,350537	79,800003	80,000000	1,335553E-1
1382,350537	79,800003	80,000000	1,335553E-1
1382,350537	79,800003	80,000000	1,335553E-1
1382,350537	79,800003	80,000000	1,335553E-1
1383,350416	79,800003	80,000000	1,335553E-1
1383,350416	79,800003	80,000000	1,335553E-1
1383,350416	79,800003	80,000000	1,335553E-1
1383,350416	79,800003	80,000000	1,335553E-1
1383,350416	79,800003	80,000000	1,335553E-1
1383,350416	79,800003	80,000000	1,335553E-1
1383,350416	79,800003	80,000000	1,335553E-1
1383,350416	79,800003	80,000000	1,335553E-1
1383,350416	79,800003	80,000000	1,335553E-1
1383,350416	79,800003	80,000000	1,335553E-1
1384,350885	79,800003	80,000000	1,335553E-1
1384,350885	79,800003	80,000000	1,335553E-1
1384,350885	79,800003	80,000000	1,335553E-1
1384,350885	79,800003	80,000000	1,335553E-1
1384,350885	79,800003	80,000000	1,335553E-1
1384,350885	79,800003	80,000000	1,335553E-1
1384,350885	79,800003	80,000000	1,335553E-1
1384,350885	79,800003	80,000000	1,335553E-1
1384,350885	79,800003	80,000000	1,335553E-1
1384,350885	79,800003	80,000000	1,335585E-1
1385,351300	79,800003	80,000000	1,335585E-1
1385,351300	79,800003	80,000000	1,335585E-1
1385,351300	79,800003	80,000000	1,335585E-1
1385,351300	79,800003	80,000000	1,335585E-1
1385,351300	79,800003	80,000000	1,335585E-1
1385,351300	79,800003	80,000000	1,335585E-1
1385,351300	79,800003	80,000000	1,335585E-1
1385,351300	79,800003	80,000000	1,335585E-1
1385,351300	79,800003	80,000000	1,335585E-1
1385,351300	79,800003	80,000000	1,335585E-1
1386,350837	79,800003	80,000000	1,335585E-1
1386,350837	79,800003	80,000000	1,335585E-1
1386,350837	79,800003	80,000000	1,335585E-1
1386,350837	79,800003	80,000000	1,335585E-1
1386,350837	79,800003	80,000000	1,335585E-1
1386,350837	79,800003	80,000000	1,335585E-1
1386,350837	79,800003	80,000000	1,335617E-1
1386,350837	80,000000	80,000000	1,335617E-1
1386,350837	80,000000	80,000000	1,335617E-1
1386,350837	80,000000	80,000000	1,335617E-1
1387,352255	80,000000	80,000000	1,335617E-1
1387,352255	80,000000	80,000000	1,335617E-1
1387,352255	80,000000	80,000000	1,335617E-1
1387,352255	80,000000	80,000000	1,335617E-1
1387,352255	80,000000	80,000000	1,335617E-1
1387,352255	80,000000	80,000000	1,335617E-1
1387,352255	80,000000	80,000000	1,335617E-1
1387,352255	80,000000	80,000000	1,335617E-1
1387,352255	80,000000	80,000000	1,335617E-1
1387,352255	80,000000	80,000000	1,335617E-1
1388,351601	80,000000	80,000000	1,335617E-1
1388,351601	80,000000	80,000000	1,335617E-1
1388,351601	80,000000	80,000000	1,335617E-1
1388,351601	80,000000	80,000000	1,335617E-1
1388,351601	80,000000	80,000000	1,335113E-1
1388,351601	80,000000	80,000000	1,335113E-1
1388,351601	80,000000	80,000000	1,335113E-1
1388,351601	80,000000	80,000000	1,335113E-1
1388,351601	80,000000	80,000000	1,335113E-1
1388,351601	80,000000	80,000000	1,335113E-1
1389,353065	80,000000	80,000000	1,335113E-1
1389,353065	80,000000	80,000000	1,335113E-1
1389,353065	80,000000	80,000000	1,335113E-1
1389,353065	80,000000	80,000000	1,335113E-1
1389,353065	80,000000	80,000000	1,335113E-1
1389,353065	80,000000	80,000000	1,335113E-1
1389,353065	80,000000	80,000000	1,335113E-1
1389,353065	80,000000	80,000000	1,335113E-1
1389,353065	80,000000	80,000000	1,335113E-1
1389,353065	80,000000	80,000000	1,335113E-1
1390,352532	80,000000	80,000000	1,335113E-1
1390,352532	80,000000	80,000000	1,335113E-1
1390,352532	79,899994	80,000000	1,335113E-1
1390,352532	79,899994	80,000000	1,335113E-1
1390,352532	79,899994	80,000000	1,335113E-1
1390,352532	79,899994	80,000000	1,335113E-1
1390,352532	79,899994	80,000000	1,335113E-1
1390,352532	79,899994	80,000000	1,335113E-1
1390,352532	79,899994	80,000000	1,335113E-1
1390,352532	79,899994	80,000000	1,335113E-1
1391,353930	79,899994	80,000000	1,335113E-1
1391,353930	79,899994	80,000000	1,335113E-1
1391,353930	79,899994	80,000000	1,335113E-1
1391,353930	79,899994	80,000000	1,335113E-1
1391,353930	79,899994	80,000000	1,335113E-1
1391,353930	79,899994	80,000000	1,335113E-1
1391,353930	79,899994	80,000000	1,335113E-1
1391,353930	79,899994	80,000000	1,335113E-1
1391,353930	79,899994	80,000000	1,335113E-1
1391,353930	79,899994	80,000000	1,335381E-1
1392,354316	80,000000	80,000000	1,335381E-1
1392,354316	80,000000	80,000000	1,335381E-1
1392,354316	80,000000	80,000000	1,335381E-1
1392,354316	80,000000	80,000000	1,335381E-1
1392,354316	80,000000	80,000000	1,335381E-1
1392,354316	80,000000	80,000000	1,335381E-1
1392,354316	80,000000	80,000000	1,335381E-1
1392,354316	80,000000	80,000000	1,335381E-1
1392,354316	80,000000	80,000000	1,335381E-1
1392,354316	80,000000	80,000000	1,335381E-1
1393,354757	80,000000	80,000000	1,335381E-1
1393,354757	80,000000	80,000000	1,335381E-1
1393,354757	80,000000	80,000000	1,335381E-1
1393,354757	80,000000	80,000000	1,335381E-1
1393,354757	80,000000	80,000000	1,335381E-1
1393,354757	80,000000	80,000000	1,335381E-1
1393,354757	80,000000	80,000000	1,335129E-1
1393,354757	80,000000	80,000000	1,335129E-1
1393,354757	80,000000	80,000000	1,335129E-1
1393,354757	80,100006	80,000000	1,334861E-1
1394,355153	80,100006	80,000000	1,334861E-1
1394,355153	80,100006	80,000000	1,334861E-1
1394,355153	80,100006	80,000000	1,334845E-1
1394,355153	79,800003	80,000000	1,335633E-1
1394,355153	79,800003	80,000000	1,335665E-1
1394,355153	79,800003	80,000000	1,335697E-1
1394,355153	79,800003	80,000000	1,335697E-1
1394,355153	79,800003	80,000000	1,335729E-1
1394,355153	79,800003	80,000000	1,335761E-1
1394,355153	79,800003	80,000000	1,335793E-1
1395,354572	79,800003	80,000000	1,335793E-1
1395,354572	79,800003	80,000000	1,335825E-1
1395,354572	79,800003	80,000000	1,335857E-1
1395,354572	79,800003	80,000000	1,335890E-1
1395,354572	80,000000	80,000000	1,335890E-1
1395,354572	80,000000	80,000000	1,335386E-1
1395,354572	80,000000	80,000000	1,335386E-1
1395,354572	80,000000	80,000000	1,335386E-1
1395,354572	80,000000	80,000000	1,335386E-1
1395,354572	80,000000	80,000000	1,335386E-1
1396,355148	80,000000	80,000000	1,335386E-1
1396,355148	80,000000	80,000000	1,335386E-1
1396,355148	80,000000	80,000000	1,335386E-1
1396,355148	80,000000	80,000000	1,335386E-1
1396,355148	80,199997	80,000000	1,335386E-1
1396,355148	80,199997	80,000000	1,334850E-1
1396,355148	80,199997	80,000000	1,334818E-1
1396,355148	80,199997	80,000000	1,334818E-1
1396,355148	80,199997	80,000000	1,334785E-1
1396,355148	80,199997	80,000000	1,334785E-1
1397,355615	80,199997	80,000000	1,334753E-1
1397,355615	80,199997	80,000000	1,334753E-1
1397,355615	80,199997	80,000000	1,334753E-1
1397,355615	80,199997	80,000000	1,334721E-1
1397,355615	80,199997	80,000000	1,334689E-1
1397,355615	80,000000	80,000000	1,334657E-1
1397,355615	80,000000	80,000000	1,334657E-1
1397,355615	80,000000	80,000000	1,335161E-1
1397,355615	80,000000	80,000000	1,335161E-1
1397,355615	80,000000	80,000000	1,335161E-1
1398,356010	80,000000	80,000000	1,335161E-1
1398,356010	80,000000	80,000000	1,335161E-1
1398,356010	80,000000	80,000000	1,335161E-1
1398,356010	80,000000	80,000000	1,335161E-1
1398,356010	79,800003	80,000000	1,335161E-1
1398,356010	79,800003	80,000000	1,335161E-1
1398,356010	79,800003	80,000000	1,335697E-1
1398,356010	79,800003	80,000000	1,335697E-1
1398,356010	79,800003	80,000000	1,335729E-1
1398,356010	79,800003	80,000000	1,335761E-1
1399,355481	79,800003	80,000000	1,335761E-1
1399,355481	79,800003	80,000000	1,335793E-1
1399,355481	79,800003	80,000000	1,335825E-1
1399,355481	79,800003	80,000000	1,335857E-1
1399,355481	79,800003	80,000000	1,335857E-1
1399,355481	79,800003	80,000000	1,335890E-1
1399,355481	79,800003	80,000000	1,335922E-1
1399,355481	80,199997	80,000000	1,335922E-1
1399,355481	80,199997	80,000000	1,334882E-1
1399,355481	80,199997	80,000000	1,334882E-1
1400,355872	80,199997	80,000000	1,334882E-1
1400,355872	80,199997	80,000000	1,334850E-1
1400,355872	80,199997	80,000000	1,334850E-1
1400,355872	80,199997	80,000000	1,334818E-1
1400,355872	80,199997	80,000000	1,334785E-1
1400,355872	80,199997	80,000000	1,334753E-1
1400,355872	80,199997	80,000000	1,334753E-1
1400,355872	80,199997	80,000000	1,334753E-1
1400,355872	80,199997	80,000000	1,334753E-1
1400,355872	80,199997	80,000000	1,334721E-1
1401,356312	80,000000	80,000000	1,334721E-1
1401,356312	80,000000	80,000000	1,334721E-1
1401,356312	80,000000	80,000000	1,334721E-1
1401,356312	80,000000	80,000000	1,334721E-1
1401,356312	80,000000	80,000000	1,334721E-1
1401,356312	80,000000	80,000000	1,334721E-1
1401,356312	80,000000	80,000000	1,334721E-1
1401,356312	80,000000	80,000000	1,334721E-1
1401,356312	80,000000	80,000000	1,334721E-1
1401,356312	80,000000	80,000000	1,334721E-1
1402,355762	80,000000	80,000000	1,334721E-1
1402,355762	80,000000	80,000000	1,334721E-1
1402,355762	80,000000	80,000000	1,334721E-1
1402,355762	80,000000	80,000000	1,334721E-1
1402,355762	80,000000	80,000000	1,334721E-1
1402,355762	80,000000	80,000000	1,334721E-1
1402,355762	80,000000	80,000000	1,334721E-1
1402,355762	80,000000	80,000000	1,334721E-1
1402,355762	80,000000	80,000000	1,334721E-1
1402,355762	80,000000	80,000000	1,334721E-1
1403,357134	80,000000	80,000000	1,334721E-1
1403,357134	80,000000	80,000000	1,334721E-1
1403,357134	80,000000	80,000000	1,334721E-1
1403,357134	80,000000	80,000000	1,334721E-1
1403,357134	80,000000	80,000000	1,335225E-1
1403,357134	80,000000	80,000000	1,335225E-1
1403,357134	80,199997	80,000000	1,335225E-1
1403,357134	80,199997	80,000000	1,335225E-1
1403,357134	80,199997	80,000000	1,335225E-1
1403,357134	80,199997	80,000000	1,335225E-1
1404,356547	80,199997	80,000000	1,335225E-1
1404,356547	80,199997	80,000000	1,335225E-1
1404,356547	80,199997	80,000000	1,335225E-1
1404,356547	80,199997	80,000000	1,335225E-1
1404,356547	80,199997	80,000000	1,335225E-1
1404,356547	80,199997	80,000000	1,335225E-1
1404,356547	80,199997	80,000000	1,335225E-1
1404,356547	80,199997	80,000000	1,335225E-1
1404,356547	80,199997	80,000000	1,335225E-1
1404,356547	80,199997	80,000000	1,335225E-1
1405,356999	80,199997	80,000000	1,335225E-1
1405,356999	80,199997	80,000000	1,334689E-1
1405,356999	80,199997	80,000000	1,334689E-1
1405,356999	80,199997	80,000000	1,334689E-1
1405,356999	80,199997	80,000000	1,334689E-1
1405,356999	80,199997	80,000000	1,334689E-1
1405,356999	80,199997	80,000000	1,334689E-1
1405,356999	80,199997	80,000000	1,334689E-1
1405,356999	80,199997	80,000000	1,334689E-1
1405,356999	80,199997	80,000000	1,334689E-1
1406,356441	80,199997	80,000000	1,334689E-1
1406,356441	80,199997	80,000000	1,334689E-1
1406,356441	80,199997	80,000000	1,334689E-1
1406,356441	80,199997	80,000000	1,334689E-1
1406,356441	80,199997	80,000000	1,334689E-1
1406,356441	80,199997	80,000000	1,334689E-1
1406,356441	80,199997	80,000000	1,334689E-1
1406,356441	80,199997	80,000000	1,334689E-1
1406,356441	80,199997	80,000000	1,334689E-1
1406,356441	80,099998	80,000000	1,334657E-1
1407,356840	80,099998	80,000000	1,334657E-1
1407,356840	80,099998	80,000000	1,334657E-1
1407,356840	80,099998	80,000000	1,334657E-1
1407,356840	80,099998	80,000000	1,334657E-1
1407,356840	80,099998	80,000000	1,334657E-1
1407,356840	80,099998	80,000000	1,334657E-1
1407,356840	80,099998	80,000000	1,334657E-1
1407,356840	80,099998	80,000000	1,334657E-1
1407,356840	80,099998	80,000000	1,334657E-1
1407,356840	80,099998	80,000000	1,334657E-1
1408,358257	80,099998	80,000000	1,334657E-1
1408,358257	80,099998	80,000000	1,334657E-1
1408,358257	80,099998	80,000000	1,334657E-1
1408,358257	80,099998	80,000000	1,334657E-1
1408,358257	80,099998	80,000000	1,334657E-1
1408,358257	80,099998	80,000000	1,334657E-1
1408,358257	80,099998	80,000000	1,334893E-1
1408,358257	80,099998	80,000000	1,334893E-1
1408,358257	80,099998	80,000000	1,334893E-1
1408,358257	80,099998	80,000000	1,334893E-1
1409,357653	80,099998	80,000000	1,334893E-1
1409,357653	80,099998	80,000000	1,334893E-1
1409,357653	80,099998	80,000000	1,334893E-1
1409,357653	80,099998	80,000000	1,334893E-1
1409,357653	80,099998	80,000000	1,334893E-1
1409,357653	80,099998	80,000000	1,334893E-1
1409,357653	80,099998	80,000000	1,334893E-1
1409,357653	80,099998	80,000000	1,334893E-1
1409,357653	80,099998	80,000000	1,334893E-1
1409,357653	80,099998	80,000000	1,334893E-1
1410,358204	80,099998	80,000000	1,334893E-1
1410,358204	80,099998	80,000000	1,334893E-1
1410,358204	80,099998	80,000000	1,334893E-1
1410,358204	80,099998	80,000000	1,334877E-1
1410,358204	80,000000	80,000000	1,334877E-1
1410,358204	80,000000	80,000000	1,334877E-1
1410,358204	80,000000	80,000000	1,334877E-1
1410,358204	80,000000	80,000000	1,334877E-1
1410,358204	80,000000	80,000000	1,334877E-1
1410,358204	80,000000	80,000000	1,334877E-1
1411,357532	80,000000	80,000000	1,334877E-1
1411,357532	80,000000	80,000000	1,334877E-1
1411,357532	80,000000	80,000000	1,334877E-1
1411,357532	80,000000	80,000000	1,334877E-1
1411,357532	80,000000	80,000000	1,334877E-1
1411,357532	80,000000	80,000000	1,334877E-1
1411,357532	80,000000	80,000000	1,334877E-1
1411,357532	80,000000	80,000000	1,334877E-1
1411,357532	80,000000	80,000000	1,334877E-1
1411,357532	80,000000	80,000000	1,334877E-1
1412,358000	80,000000	80,000000	1,335129E-1
1412,358000	80,000000	80,000000	1,335129E-1
1412,358000	80,199997	80,000000	1,335129E-1
1412,358000	80,199997	80,000000	1,335129E-1
1412,358000	80,000000	80,000000	1,334593E-1
1412,358000	80,000000	80,000000	1,334593E-1
1412,358000	80,000000	80,000000	1,334593E-1
1412,358000	80,000000	80,000000	1,335097E-1
1412,358000	80,000000	80,000000	1,335097E-1
1412,358000	79,800003	80,000000	1,335097E-1
1413,358387	79,800003	80,000000	1,335633E-1
1413,358387	79,800003	80,000000	1,335665E-1
1413,358387	79,800003	80,000000	1,335665E-1
1413,358387	79,800003	80,000000	1,335697E-1
1413,358387	79,800003	80,000000	1,335729E-1
1413,358387	79,800003	80,000000	1,335729E-1
1413,358387	79,800003	80,000000	1,335761E-1
1413,358387	79,800003	80,000000	1,335793E-1
1413,358387	79,800003	80,000000	1,335793E-1
1413,358387	79,800003	80,000000	1,335825E-1
1414,358833	79,800003	80,000000	1,335825E-1
1414,358833	79,800003	80,000000	1,335825E-1
1414,358833	79,800003	80,000000	1,335857E-1
1414,358833	79,800003	80,000000	1,335890E-1
1414,358833	79,800003	80,000000	1,335890E-1
1414,358833	80,000000	80,000000	1,335922E-1
1414,358833	80,000000	80,000000	1,335418E-1
1414,358833	80,000000	80,000000	1,335418E-1
1414,358833	80,000000	80,000000	1,335418E-1
1414,358833	80,000000	80,000000	1,335418E-1
1415,360231	80,000000	80,000000	1,335418E-1
1415,360231	80,000000	80,000000	1,335418E-1
1415,360231	80,000000	80,000000	1,335418E-1
1415,360231	80,000000	80,000000	1,335418E-1
1415,360231	80,000000	80,000000	1,335418E-1
1415,360231	80,000000	80,000000	1,335418E-1
1415,360231	80,000000	80,000000	1,335418E-1
1415,360231	79,899994	80,000000	1,335418E-1
1415,360231	79,899994	80,000000	1,335686E-1
1415,360231	79,899994	80,000000	1,335702E-1
1416,361248	79,899994	80,000000	1,335718E-1
1416,361248	79,899994	80,000000	1,335734E-1
1416,361248	79,899994	80,000000	1,335750E-1
1416,361248	79,899994	80,000000	1,335750E-1
1416,361248	79,899994	80,000000	1,335766E-1
1416,361248	79,899994	80,000000	1,335766E-1
1416,361248	80,199997	80,000000	1,335782E-1
1416,361248	80,199997	80,000000	1,334994E-1
1416,361248	80,199997	80,000000	1,334994E-1
1416,361248	80,199997	80,000000	1,334962E-1
1417,360701	80,199997	80,000000	1,334962E-1
1417,360701	80,199997	80,000000	1,334930E-1
1417,360701	80,199997	80,000000	1,334930E-1
1417,360701	80,199997	80,000000	1,334898E-1
1417,360701	80,199997	80,000000	1,334866E-1
1417,360701	80,199997	80,000000	1,334866E-1
1417,360701	80,199997	80,000000	1,334834E-1
1417,360701	79,800003	80,000000	1,334801E-1
1417,360701	79,800003	80,000000	1,335841E-1
1417,360701	79,800003	80,000000	1,335841E-1
1418,361163	79,800003	80,000000	1,335874E-1
1418,361163	79,800003	80,000000	1,335906E-1
1418,361163	79,800003	80,000000	1,335906E-1
1418,361163	79,800003	80,000000	1,335938E-1
1418,361163	79,800003	80,000000	1,335938E-1
1418,361163	79,800003	80,000000	1,335970E-1
1418,361163	79,800003	80,000000	1,335970E-1
1418,361163	80,199997	80,000000	1,334930E-1
1418,361163	80,199997	80,000000	1,334898E-1
1418,361163	80,199997	80,000000	1,334898E-1
1419,360543	80,199997	80,000000	1,334866E-1
1419,360543	80,199997	80,000000	1,334834E-1
1419,360543	80,199997	80,000000	1,334801E-1
1419,360543	80,199997	80,000000	1,334769E-1
1419,360543	80,199997	80,000000	1,334769E-1
1419,360543	80,199997	80,000000	1,334737E-1
1419,360543	80,199997	80,000000	1,334705E-1
1419,360543	79,900002	80,000000	1,335477E-1
1419,360543	79,900002	80,000000	1,335477E-1
1419,360543	79,900002	80,000000	1,335493E-1
1420,360957	79,900002	80,000000	1,335493E-1
1420,360957	79,900002	80,000000	1,335493E-1
1420,360957	79,900002	80,000000	1,335493E-1
1420,360957	79,900002	80,000000	1,335509E-1
1420,360957	79,900002	80,000000	1,335525E-1
1420,360957	79,900002	80,000000	1,335541E-1
1420,360957	79,900002	80,000000	1,335541E-1
1420,360957	79,900002	80,000000	1,335557E-1
1420,360957	79,900002	80,000000	1,335573E-1
1420,360957	79,900002	80,000000	1,335573E-1
1421,360408	80,300003	80,000000	1,335589E-1
1421,360408	80,300003	80,000000	1,335589E-1
1421,360408	80,300003	80,000000	1,334533E-1
1421,360408	80,300003	80,000000	1,334485E-1
1421,360408	80,300003	80,000000	1,334485E-1
1421,360408	80,300003	80,000000	1,334437E-1
1421,360408	80,300003	80,000000	1,334437E-1
1421,360408	80,300003	80,000000	1,334437E-1
1421,360408	80,300003	80,000000	1,334389E-1
1421,360408	80,300003	80,000000	1,334341E-1
1422,361861	80,300003	80,000000	1,334293E-1
1422,361861	80,300003	80,000000	1,334245E-1
1422,361861	79,800003	80,000000	1,335537E-1
1422,361861	79,800003	80,000000	1,335537E-1
1422,361861	79,800003	80,000000	1,335569E-1
1422,361861	79,800003	80,000000	1,335601E-1
1422,361861	79,800003	80,000000	1,335633E-1
1422,361861	79,800003	80,000000	1,335665E-1
1422,361861	79,800003	80,000000	1,335665E-1
1422,361861	79,800003	80,000000	1,335697E-1
1423,363300	79,800003	80,000000	1,335697E-1
1423,363300	80,300003	80,000000	1,335729E-1
1423,363300	80,300003	80,000000	1,335729E-1
1423,363300	80,300003	80,000000	1,334421E-1
1423,363300	80,300003	80,000000	1,334373E-1
1423,363300	80,300003	80,000000	1,334373E-1
1423,363300	80,300003	80,000000	1,334325E-1
1423,363300	80,300003	80,000000	1,334277E-1
1423,363300	80,300003	80,000000	1,334228E-1
1423,363300	80,300003	80,000000	1,334180E-1
1424,362729	80,300003	80,000000	1,334180E-1
1424,362729	80,099998	80,000000	1,334132E-1
1424,362729	80,099998	80,000000	1,334620E-1
1424,362729	80,099998	80,000000	1,334604E-1
1424,362729	80,099998	80,000000	1,334604E-1
1424,362729	80,099998	80,000000	1,334604E-1
1424,362729	80,099998	80,000000	1,334588E-1
1424,362729	80,099998	80,000000	1,334588E-1
1424,362729	80,099998	80,000000	1,334572E-1
1424,362729	80,099998	80,000000	1,334556E-1
1425,364128	80,099998	80,000000	1,334540E-1
1425,364128	80,099998	80,000000	1,334524E-1
1425,364128	80,099998	80,000000	1,334524E-1
1425,364128	80,099998	80,000000	1,334508E-1
1425,364128	79,699997	80,000000	1,334508E-1
1425,364128	79,699997	80,000000	1,335564E-1
1425,364128	79,699997	80,000000	1,335612E-1
1425,364128	79,699997	80,000000	1,335612E-1
1425,364128	79,699997	80,000000	1,335660E-1
1425,364128	79,699997	80,000000	1,335660E-1
1426,363563	79,699997	80,000000	1,335708E-1
1426,363563	79,699997	80,000000	1,335708E-1
1426,363563	79,699997	80,000000	1,335756E-1
1426,363563	79,699997	80,000000	1,335805E-1
1426,363563	79,699997	80,000000	1,335805E-1
1426,363563	80,000000	80,000000	1,335853E-1
1426,363563	80,000000	80,000000	1,335097E-1
1426,363563	80,000000	80,000000	1,335097E-1
1426,363563	80,000000	80,000000	1,335097E-1
1426,363563	80,000000	80,000000	1,335097E-1
1427,364966	80,000000	80,000000	1,335097E-1
1427,364966	80,000000	80,000000	1,335097E-1
1427,364966	80,000000	80,000000	1,335097E-1
1427,364966	80,000000	80,000000	1,335097E-1
1427,364966	80,000000	80,000000	1,335097E-1
1427,364966	80,000000	80,000000	1,335097E-1
1427,364966	80,000000	80,000000	1,335097E-1
1427,364966	80,000000	80,000000	1,335097E-1
1427,364966	80,000000	80,000000	1,335097E-1
1427,364966	80,000000	80,000000	1,335097E-1
1428,364373	80,000000	80,000000	1,335097E-1
1428,364373	80,000000	80,000000	1,335097E-1
1428,364373	80,000000	80,000000	1,335097E-1
1428,364373	80,000000	80,000000	1,335097E-1
1428,364373	80,000000	80,000000	1,335097E-1
1428,364373	80,000000	80,000000	1,335097E-1
1428,364373	80,000000	80,000000	1,335097E-1
1428,364373	80,000000	80,000000	1,335097E-1
1428,364373	80,000000	80,000000	1,335097E-1
1428,364373	80,000000	80,000000	1,335097E-1
1429,364956	80,000000	80,000000	1,335097E-1
1429,364956	80,000000	80,000000	1,335097E-1
1429,364956	80,000000	80,000000	1,335097E-1
1429,364956	80,000000	80,000000	1,335097E-1
1429,364956	80,000000	80,000000	1,335097E-1
1429,364956	80,000000	80,000000	1,335097E-1
1429,364956	80,000000	80,000000	1,335097E-1
1429,364956	80,000000	80,000000	1,335097E-1
1429,364956	80,000000	80,000000	1,335097E-1
1429,364956	80,000000	80,000000	1,335097E-1
1430,364396	80,000000	80,000000	1,335097E-1
1430,364396	80,000000	80,000000	1,335097E-1
1430,364396	80,000000	80,000000	1,335097E-1
1430,364396	80,000000	80,000000	1,335097E-1
1430,364396	80,000000	80,000000	1,335097E-1
1430,364396	80,000000	80,000000	1,335097E-1
1430,364396	80,000000	80,000000	1,335097E-1
1430,364396	80,000000	80,000000	1,335097E-1
1430,364396	80,000000	80,000000	1,335097E-1
1430,364396	80,000000	80,000000	1,335097E-1
1431,364822	80,000000	80,000000	1,335097E-1
1431,364822	80,000000	80,000000	1,335097E-1
1431,364822	80,000000	80,000000	1,335097E-1
1431,364822	80,000000	80,000000	1,335097E-1
1431,364822	80,000000	80,000000	1,335097E-1
1431,364822	80,000000	80,000000	1,335097E-1
1431,364822	80,000000	80,000000	1,335097E-1
1431,364822	80,000000	80,000000	1,335097E-1
1431,364822	80,000000	80,000000	1,335097E-1
1431,364822	80,000000	80,000000	1,335097E-1
1432,365061	80,000000	80,000000	1,335097E-1
1432,365061	80,000000	80,000000	1,335097E-1
1432,365061	80,000000	80,000000	1,335097E-1
1432,365061	80,000000	80,000000	1,335097E-1
1432,365061	80,000000	80,000000	1,335097E-1
1432,365061	80,000000	80,000000	1,335097E-1
1432,365061	80,000000	80,000000	1,335097E-1
1432,365061	80,000000	80,000000	1,335097E-1
1432,365061	80,000000	80,000000	1,335097E-1
1432,365061	80,000000	80,000000	1,335097E-1
1433,364478	80,000000	80,000000	1,335097E-1
1433,364478	79,900002	80,000000	1,335097E-1
1433,364478	79,900002	80,000000	1,335097E-1
1433,364478	79,900002	80,000000	1,335097E-1
1433,364478	79,900002	80,000000	1,335097E-1
1433,364478	79,900002	80,000000	1,335097E-1
1433,364478	79,900002	80,000000	1,335097E-1
1433,364478	79,900002	80,000000	1,335097E-1
1433,364478	79,900002	80,000000	1,335097E-1
1433,364478	79,900002	80,000000	1,335097E-1
1434,364968	79,900002	80,000000	1,335097E-1
1434,364968	79,900002	80,000000	1,335097E-1
1434,364968	79,900002	80,000000	1,335097E-1
1434,364968	79,900002	80,000000	1,335097E-1
1434,364968	79,900002	80,000000	1,335097E-1
1434,364968	79,900002	80,000000	1,335097E-1
1434,364968	79,900002	80,000000	1,335097E-1
1434,364968	79,900002	80,000000	1,335097E-1
1434,364968	79,900002	80,000000	1,335097E-1
1434,364968	79,900002	80,000000	1,335365E-1
1435,365312	79,900002	80,000000	1,335365E-1
1435,365312	79,900002	80,000000	1,335365E-1
1435,365312	79,900002	80,000000	1,335365E-1
1435,365312	79,900002	80,000000	1,335365E-1
1435,365312	79,900002	80,000000	1,335365E-1
1435,365312	79,900002	80,000000	1,335365E-1
1435,365312	79,900002	80,000000	1,335365E-1
1435,365312	79,900002	80,000000	1,335365E-1
1435,365312	79,900002	80,000000	1,335365E-1
1435,365312	79,900002	80,000000	1,335365E-1
1436,364593	79,900002	80,000000	1,335365E-1
1436,364593	79,900002	80,000000	1,335365E-1
1436,364593	79,900002	80,000000	1,335365E-1
1436,364593	79,900002	80,000000	1,335365E-1
1436,364593	79,900002	80,000000	1,335365E-1
1436,364593	79,900002	80,000000	1,335365E-1
1436,364593	79,900002	80,000000	1,335381E-1
1436,364593	79,800003	80,000000	1,335381E-1
1436,364593	79,800003	80,000000	1,335381E-1
1436,364593	79,800003	80,000000	1,335381E-1
1437,366045	79,800003	80,000000	1,335381E-1
1437,366045	79,800003	80,000000	1,335381E-1
1437,366045	79,800003	80,000000	1,335381E-1
1437,366045	79,800003	80,000000	1,335381E-1
1437,366045	79,800003	80,000000	1,335381E-1
1437,366045	79,800003	80,000000	1,335381E-1
1437,366045	79,800003	80,000000	1,335381E-1
1437,366045	79,800003	80,000000	1,335381E-1
1437,366045	79,800003	80,000000	1,335381E-1
1437,366045	79,800003	80,000000	1,335381E-1
1438,365464	79,800003	80,000000	1,335381E-1
1438,365464	79,800003	80,000000	1,335381E-1
1438,365464	79,800003	80,000000	1,335381E-1
1438,365464	79,800003	80,000000	1,335381E-1
1438,365464	79,800003	80,000000	1,335665E-1
1438,365464	79,900002	80,000000	1,335665E-1
1438,365464	79,900002	80,000000	1,335665E-1
1438,365464	80,099998	80,000000	1,335429E-1
1438,365464	80,099998	80,000000	1,335429E-1
1438,365464	80,099998	80,000000	1,335429E-1
1439,365848	80,099998	80,000000	1,334909E-1
1439,365848	80,099998	80,000000	1,334909E-1
1439,365848	80,199997	80,000000	1,334893E-1
1439,365848	80,199997	80,000000	1,334609E-1
1439,365848	80,199997	80,000000	1,334577E-1
1439,365848	80,199997	80,000000	1,334577E-1
1439,365848	80,199997	80,000000	1,334545E-1
1439,365848	80,199997	80,000000	1,334513E-1
1439,365848	80,199997	80,000000	1,334480E-1
1439,365848	80,199997	80,000000	1,334448E-1
1440,366270	80,199997	80,000000	1,334416E-1
1440,366270	80,199997	80,000000	1,334416E-1
1440,366270	80,199997	80,000000	1,334384E-1
1440,366270	80,199997	80,000000	1,334384E-1
1440,366270	80,199997	80,000000	1,334384E-1
1440,366270	80,199997	80,000000	1,334352E-1
1440,366270	80,199997	80,000000	1,334320E-1
1440,366270	80,199997	80,000000	1,334320E-1
1440,366270	80,000000	80,000000	1,334288E-1
1440,366270	80,000000	80,000000	1,334792E-1
1441,366712	80,000000	80,000000	1,334792E-1
1441,366712	80,000000	80,000000	1,334792E-1
1441,366712	80,000000	80,000000	1,334792E-1
1441,366712	80,000000	80,000000	1,334792E-1
1441,366712	80,000000	80,000000	1,334792E-1
1441,366712	80,000000	80,000000	1,334792E-1
1441,366712	80,000000	80,000000	1,334792E-1
1441,366712	80,000000	80,000000	1,334792E-1
1441,366712	80,000000	80,000000	1,334792E-1
1441,366712	80,000000	80,000000	1,334792E-1
1442,367149	79,900002	80,000000	1,334792E-1
1442,367149	79,900002	80,000000	1,335060E-1
1442,367149	79,900002	80,000000	1,335076E-1
1442,367149	79,900002	80,000000	1,335076E-1
1442,367149	79,900002	80,000000	1,335092E-1
1442,367149	79,900002	80,000000	1,335108E-1
1442,367149	79,900002	80,000000	1,335108E-1
1442,367149	79,900002	80,000000	1,335124E-1
1442,367149	79,900002	80,000000	1,335124E-1
1442,367149	79,900002	80,000000	1,335140E-1
1443,366542	80,000000	80,000000	1,335156E-1
1443,366542	80,000000	80,000000	1,334904E-1
1443,366542	80,000000	80,000000	1,334904E-1
1443,366542	80,000000	80,000000	1,334904E-1
1443,366542	80,000000	80,000000	1,334904E-1
1443,366542	80,000000	80,000000	1,334904E-1
1443,366542	80,000000	80,000000	1,334904E-1
1443,366542	80,000000	80,000000	1,334904E-1
1443,366542	80,000000	80,000000	1,334904E-1
1443,366542	80,000000	80,000000	1,334904E-1
1444,366963	79,800003	80,000000	1,334904E-1
1444,366963	79,800003	80,000000	1,335440E-1
1444,366963	79,800003	80,000000	1,335472E-1
1444,366963	79,800003	80,000000	1,335504E-1
1444,366963	79,800003	80,000000	1,335537E-1
1444,366963	79,800003	80,000000	1,335537E-1
1444,366963	79,800003	80,000000	1,335569E-1
1444,366963	79,800003	80,000000	1,335569E-1
1444,366963	79,800003	80,000000	1,335601E-1
1444,366963	80,000000	80,000000	1,335601E-1
1445,367285	80,000000	80,000000	1,335097E-1
1445,367285	80,000000	80,000000	1,335097E-1
1445,367285	80,000000	80,000000	1,335097E-1
1445,367285	80,000000	80,000000	1,335097E-1
1445,367285	80,000000	80,000000	1,335097E-1
1445,367285	80,000000	80,000000	1,335097E-1
1445,367285	80,000000	80,000000	1,335097E-1
1445,367285	80,000000	80,000000	1,335097E-1
1445,367285	80,000000	80,000000	1,335097E-1
1445,367285	80,000000	80,000000	1,335097E-1
1446,366657	80,000000	80,000000	1,335097E-1
1446,366657	80,000000	80,000000	1,335097E-1
1446,366657	80,000000	80,000000	1,335097E-1
1446,366657	80,000000	80,000000	1,335097E-1
1446,366657	80,000000	80,000000	1,335097E-1
1446,366657	80,000000	80,000000	1,335097E-1
1446,366657	80,000000	80,000000	1,335097E-1
1446,366657	80,000000	80,000000	1,335097E-1
1446,366657	80,000000	80,000000	1,335097E-1
1446,366657	80,000000	80,000000	1,335097E-1
1447,367052	80,000000	80,000000	1,335097E-1
1447,367052	80,000000	80,000000	1,335097E-1
1447,367052	80,000000	80,000000	1,335097E-1
1447,367052	80,000000	80,000000	1,335097E-1
1447,367052	80,000000	80,000000	1,335097E-1
1447,367052	80,000000	80,000000	1,335097E-1
1447,367052	80,000000	80,000000	1,335097E-1
1447,367052	80,000000	80,000000	1,335097E-1
1447,367052	80,000000	80,000000	1,335097E-1
1447,367052	80,000000	80,000000	1,335097E-1
1448,366469	79,699997	80,000000	1,335097E-1
1448,366469	79,699997	80,000000	1,335901E-1
1448,366469	79,699997	80,000000	1,335949E-1
1448,366469	79,699997	80,000000	1,335997E-1
1448,366469	79,699997	80,000000	1,336045E-1
1448,366469	79,699997	80,000000	1,336093E-1
1448,366469	79,699997	80,000000	1,336093E-1
1448,366469	79,699997	80,000000	1,336142E-1
1448,366469	79,699997	80,000000	1,336190E-1
1448,366469	80,000000	80,000000	1,336190E-1
1449,366921	80,000000	80,000000	1,335434E-1
1449,366921	80,000000	80,000000	1,335434E-1
1449,366921	80,000000	80,000000	1,335434E-1
1449,366921	80,000000	80,000000	1,335434E-1
1449,366921	80,000000	80,000000	1,335434E-1
1449,366921	80,000000	80,000000	1,335434E-1
1449,366921	80,000000	80,000000	1,335434E-1
1449,366921	80,000000	80,000000	1,335434E-1
1449,366921	80,000000	80,000000	1,335434E-1
1449,366921	80,000000	80,000000	1,335434E-1
1450,366348	80,000000	80,000000	1,335434E-1
1450,366348	80,000000	80,000000	1,335434E-1
1450,366348	80,000000	80,000000	1,335434E-1
1450,366348	80,000000	80,000000	1,335434E-1
1450,366348	80,000000	80,000000	1,335434E-1
1450,366348	80,000000	80,000000	1,335434E-1
1450,366348	80,000000	80,000000	1,335434E-1
1450,366348	80,000000	80,000000	1,335434E-1
1450,366348	80,000000	80,000000	1,335434E-1
1450,366348	79,699997	80,000000	1,335434E-1
1451,366780	79,699997	80,000000	1,336238E-1
1451,366780	79,699997	80,000000	1,336286E-1
1451,366780	79,699997	80,000000	1,336334E-1
1451,366780	79,699997	80,000000	1,336334E-1
1451,366780	79,699997	80,000000	1,336382E-1
1451,366780	79,699997	80,000000	1,336430E-1
1451,366780	79,699997	80,000000	1,336479E-1
1451,366780	79,699997	80,000000	1,336479E-1
1451,366780	79,699997	80,000000	1,336527E-1
1451,366780	79,699997	80,000000	1,336575E-1
1452,367746	80,099998	80,000000	1,336575E-1
1452,367746	80,099998	80,000000	1,335551E-1
1452,367746	80,099998	80,000000	1,335535E-1
1452,367746	80,099998	80,000000	1,335535E-1
1452,367746	80,099998	80,000000	1,335535E-1
1452,367746	80,099998	80,000000	1,335519E-1
1452,367746	80,099998	80,000000	1,335519E-1
1452,367746	80,099998	80,000000	1,335519E-1
1452,367746	80,099998	80,000000	1,335519E-1
1452,367746	80,099998	80,000000	1,335519E-1
1453,368199	80,099998	80,000000	1,335519E-1
1453,368199	80,099998	80,000000	1,335519E-1
1453,368199	80,099998	80,000000	1,335519E-1
1453,368199	80,099998	80,000000	1,335519E-1
1453,368199	80,099998	80,000000	1,335519E-1
1453,368199	80,099998	80,000000	1,335519E-1
1453,368199	80,099998	80,000000	1,335519E-1
1453,368199	80,099998	80,000000	1,335519E-1
1453,368199	80,099998	80,000000	1,335519E-1
1453,368199	80,099998	80,000000	1,335519E-1
1454,367619	80,099998	80,000000	1,335519E-1
1454,367619	80,099998	80,000000	1,335519E-1
1454,367619	80,099998	80,000000	1,335519E-1
1454,367619	80,099998	80,000000	1,335519E-1
1454,367619	80,099998	80,000000	1,335519E-1
1454,367619	80,099998	80,000000	1,335519E-1
1454,367619	80,099998	80,000000	1,335519E-1
1454,367619	80,099998	80,000000	1,335519E-1
1454,367619	80,099998	80,000000	1,335519E-1
1454,367619	80,099998	80,000000	1,335503E-1
1455,368031	80,099998	80,000000	1,335503E-1
1455,368031	79,900002	80,000000	1,335503E-1
1455,368031	79,900002	80,000000	1,335503E-1
1455,368031	79,900002	80,000000	1,335503E-1
1455,368031	79,900002	80,000000	1,335503E-1
1455,368031	79,900002	80,000000	1,335503E-1
1455,368031	79,900002	80,000000	1,335503E-1
1455,368031	79,900002	80,000000	1,335503E-1
1455,368031	79,900002	80,000000	1,335503E-1
1455,368031	79,900002	80,000000	1,335503E-1
1456,368318	79,900002	80,000000	1,335503E-1
1456,368318	79,900002	80,000000	1,335503E-1
1456,368318	79,900002	80,000000	1,335503E-1
1456,368318	79,900002	80,000000	1,335503E-1
1456,368318	79,900002	80,000000	1,335503E-1
1456,368318	79,900002	80,000000	1,335503E-1
1456,368318	79,900002	80,000000	1,336023E-1
1456,368318	79,900002	80,000000	1,336023E-1
1456,368318	80,000000	80,000000	1,336023E-1
1456,368318	80,000000	80,000000	1,336023E-1
1457,367732	80,000000	80,000000	1,336023E-1
1457,367732	80,000000	80,000000	1,336023E-1
1457,367732	80,000000	80,000000	1,336023E-1
1457,367732	80,000000	80,000000	1,336023E-1
1457,367732	80,000000	80,000000	1,336023E-1
1457,367732	80,000000	80,000000	1,336023E-1
1457,367732	80,000000	80,000000	1,336023E-1
1457,367732	80,000000	80,000000	1,336023E-1
1457,367732	80,000000	80,000000	1,336023E-1
1457,367732	80,000000	80,000000	1,336023E-1
1458,368190	80,000000	80,000000	1,336023E-1
1458,368190	80,000000	80,000000	1,336023E-1
1458,368190	80,000000	80,000000	1,336023E-1
1458,368190	80,000000	80,000000	1,336023E-1
1458,368190	80,000000	80,000000	1,335771E-1
1458,368190	80,000000	80,000000	1,335771E-1
1458,368190	80,000000	80,000000	1,335771E-1
1458,368190	80,000000	80,000000	1,335771E-1
1458,368190	80,000000	80,000000	1,335771E-1
1458,368190	80,000000	80,000000	1,335771E-1
1459,367640	80,000000	80,000000	1,335771E-1
1459,367640	80,000000	80,000000	1,335771E-1
1459,367640	80,000000	80,000000	1,335771E-1
1459,367640	80,000000	80,000000	1,335771E-1
1459,367640	80,000000	80,000000	1,335771E-1
1459,367640	80,000000	80,000000	1,335771E-1
1459,367640	80,000000	80,000000	1,335771E-1
1459,367640	80,000000	80,000000	1,335771E-1
1459,367640	80,000000	80,000000	1,335771E-1
1459,367640	80,000000	80,000000	1,335771E-1
1460,369071	80,000000	80,000000	1,335771E-1
1460,369071	80,000000	80,000000	1,335771E-1
1460,369071	80,100006	80,000000	1,335771E-1
1460,369071	80,100006	80,000000	1,335771E-1
1460,369071	80,100006	80,000000	1,335771E-1
1460,369071	80,100006	80,000000	1,335771E-1
1460,369071	80,100006	80,000000	1,335771E-1
1460,369071	80,100006	80,000000	1,335771E-1
1460,369071	80,100006	80,000000	1,335771E-1
1460,369071	80,100006	80,000000	1,335771E-1
1461,369453	80,100006	80,000000	1,335771E-1
1461,369453	80,100006	80,000000	1,335771E-1
1461,369453	80,100006	80,000000	1,335771E-1
1461,369453	80,100006	80,000000	1,335771E-1
1461,369453	80,100006	80,000000	1,335771E-1
1461,369453	80,100006	80,000000	1,335771E-1
1461,369453	80,100006	80,000000	1,335771E-1
1461,369453	80,100006	80,000000	1,335771E-1
1461,369453	80,100006	80,000000	1,335771E-1
1461,369453	80,100006	80,000000	1,335503E-1
1462,370927	80,100006	80,000000	1,335503E-1
1462,370927	80,100006	80,000000	1,335503E-1
1462,370927	80,100006	80,000000	1,335503E-1
1462,370927	80,100006	80,000000	1,335503E-1
1462,370927	80,100006	80,000000	1,335503E-1
1462,370927	80,100006	80,000000	1,335503E-1
1462,370927	80,100006	80,000000	1,335503E-1
1462,370927	80,100006	80,000000	1,335503E-1
1462,370927	80,100006	80,000000	1,335503E-1
1462,370927	80,100006	80,000000	1,335503E-1
1463,371340	80,100006	80,000000	1,335503E-1
1463,371340	80,100006	80,000000	1,335503E-1
1463,371340	80,100006	80,000000	1,335503E-1
1463,371340	80,100006	80,000000	1,335503E-1
1463,371340	80,100006	80,000000	1,335503E-1
1463,371340	80,100006	80,000000	1,335503E-1
1463,371340	80,100006	80,000000	1,335487E-1
1463,371340	80,000000	80,000000	1,335487E-1
1463,371340	80,000000	80,000000	1,335487E-1
1463,371340	79,800003	80,000000	1,335739E-1
1464,370723	79,800003	80,000000	1,335739E-1
1464,370723	79,800003	80,000000	1,335739E-1
1464,370723	79,800003	80,000000	1,335739E-1
1464,370723	80,199997	80,000000	1,336275E-1
1464,370723	80,199997	80,000000	1,335235E-1
1464,370723	80,199997	80,000000	1,335203E-1
1464,370723	80,199997	80,000000	1,335203E-1
1464,370723	80,199997	80,000000	1,335171E-1
1464,370723	80,199997	80,000000	1,335139E-1
1464,370723	80,199997	80,000000	1,335106E-1
1465,371157	80,199997	80,000000	1,335074E-1
1465,371157	80,199997	80,000000	1,335074E-1
1465,371157	79,800003	80,000000	1,336114E-1
1465,371157	79,800003	80,000000	1,336146E-1
1465,371157	79,800003	80,000000	1,336178E-1
1465,371157	79,800003	80,000000	1,336178E-1
1465,371157	79,800003	80,000000	1,336178E-1
1465,371157	79,800003	80,000000	1,336178E-1
1465,371157	79,800003	80,000000	1,336211E-1
1465,371157	79,800003	80,000000	1,336243E-1
1466,370561	79,800003	80,000000	1,336275E-1
1466,370561	79,800003	80,000000	1,336275E-1
1466,370561	79,900002	80,000000	1,336307E-1
1466,370561	79,900002	80,000000	1,336071E-1
1466,370561	79,900002	80,000000	1,336071E-1
1466,370561	79,900002	80,000000	1,336087E-1
1466,370561	79,900002	80,000000	1,336103E-1
1466,370561	79,900002	80,000000	1,336119E-1
1466,370561	79,900002	80,000000	1,336119E-1
1466,370561	79,900002	80,000000	1,336135E-1
1467,371032	79,900002	80,000000	1,336135E-1
1467,371032	79,900002	80,000000	1,336151E-1
1467,371032	79,900002	80,000000	1,336151E-1
1467,371032	79,900002	80,000000	1,336167E-1
1467,371032	80,099998	80,000000	1,335647E-1
1467,371032	80,099998	80,000000	1,335647E-1
1467,371032	80,099998	80,000000	1,335631E-1
1467,371032	80,099998	80,000000	1,335615E-1
1467,371032	80,099998	80,000000	1,335615E-1
1467,371032	80,099998	80,000000	1,335599E-1
1468,370424	80,099998	80,000000	1,335583E-1
1468,370424	80,099998	80,000000	1,335583E-1
1468,370424	80,099998	80,000000	1,335567E-1
1468,370424	80,099998	80,000000	1,335551E-1
1468,370424	80,099998	80,000000	1,335535E-1
1468,370424	80,099998	80,000000	1,335535E-1
1468,370424	80,099998	80,000000	1,335535E-1
1468,370424	80,099998	80,000000	1,335519E-1
1468,370424	80,099998	80,000000	1,335519E-1
1468,370424	80,099998	80,000000	1,335503E-1
1469,371845	80,099998	80,000000	1,335503E-1
1469,371845	79,800003	80,000000	1,335487E-1
1469,371845	79,800003	80,000000	1,336275E-1
1469,371845	79,800003	80,000000	1,336275E-1
1469,371845	79,800003	80,000000	1,336307E-1
1469,371845	79,800003	80,000000	1,336339E-1
1469,371845	79,800003	80,000000	1,336371E-1
1469,371845	79,800003	80,000000	1,336371E-1
1469,371845	79,800003	80,000000	1,336403E-1
1469,371845	79,800003	80,000000	1,336435E-1
1470,372320	79,800003	80,000000	1,336435E-1
1470,372320	79,899994	80,000000	1,336199E-1
1470,372320	79,899994	80,000000	1,336199E-1
1470,372320	79,899994	80,000000	1,336199E-1
1470,372320	79,899994	80,000000	1,336199E-1
1470,372320	79,899994	80,000000	1,336199E-1
1470,372320	79,899994	80,000000	1,336215E-1
1470,372320	79,899994	80,000000	1,336215E-1
1470,372320	79,899994	80,000000	1,336215E-1
1470,372320	79,899994	80,000000	1,336215E-1
1471,371746	79,899994	80,000000	1,336215E-1
1471,371746	79,899994	80,000000	1,336215E-1
1471,371746	79,899994	80,000000	1,336215E-1
1471,371746	79,899994	80,000000	1,336215E-1
1471,371746	79,899994	80,000000	1,336215E-1
1471,371746	79,899994	80,000000	1,336215E-1
1471,371746	79,899994	80,000000	1,336215E-1
1471,371746	79,899994	80,000000	1,336215E-1
1471,371746	79,899994	80,000000	1,336215E-1
1471,371746	79,899994	80,000000	1,336215E-1
1472,372099	79,899994	80,000000	1,336215E-1
1472,372099	79,899994	80,000000	1,336215E-1
1472,372099	79,899994	80,000000	1,336215E-1
1472,372099	79,899994	80,000000	1,336215E-1
1472,372099	79,899994	80,000000	1,336215E-1
1472,372099	79,899994	80,000000	1,336215E-1
1472,372099	79,899994	80,000000	1,336215E-1
1472,372099	79,899994	80,000000	1,336215E-1
1472,372099	79,899994	80,000000	1,336215E-1
1472,372099	79,899994	80,000000	1,336215E-1
1473,371517	79,899994	80,000000	1,336231E-1
1473,371517	79,899994	80,000000	1,336231E-1
1473,371517	79,899994	80,000000	1,336231E-1
1473,371517	79,899994	80,000000	1,336231E-1
1473,371517	79,899994	80,000000	1,336231E-1
1473,371517	79,899994	80,000000	1,336231E-1
1473,371517	79,899994	80,000000	1,336231E-1
1473,371517	79,899994	80,000000	1,336231E-1
1473,371517	79,899994	80,000000	1,336231E-1
1473,371517	79,899994	80,000000	1,336231E-1
1474,371986	79,899994	80,000000	1,336231E-1
1474,371986	79,899994	80,000000	1,336231E-1
1474,371986	79,899994	80,000000	1,336231E-1
1474,371986	79,899994	80,000000	1,336231E-1
1474,371986	79,899994	80,000000	1,336231E-1
1474,371986	79,899994	80,000000	1,336231E-1
1474,371986	79,899994	80,000000	1,336231E-1
1474,371986	79,899994	80,000000	1,336231E-1
1474,371986	80,000000	80,000000	1,336248E-1
1474,371986	80,000000	80,000000	1,336248E-1
1475,372453	80,000000	80,000000	1,336248E-1
1475,372453	80,000000	80,000000	1,336248E-1
1475,372453	80,000000	80,000000	1,336248E-1
1475,372453	80,000000	80,000000	1,336248E-1
1475,372453	80,000000	80,000000	1,336248E-1
1475,372453	80,000000	80,000000	1,336248E-1
1475,372453	80,000000	80,000000	1,336248E-1
1475,372453	80,000000	80,000000	1,336248E-1
1475,372453	80,000000	80,000000	1,336248E-1
1475,372453	80,000000	80,000000	1,336248E-1
1476,373447	80,000000	80,000000	1,336248E-1
1476,373447	80,000000	80,000000	1,336248E-1
1476,373447	80,000000	80,000000	1,336248E-1
1476,373447	80,000000	80,000000	1,336248E-1
1476,373447	80,000000	80,000000	1,336248E-1
1476,373447	80,000000	80,000000	1,335996E-1
1476,373447	80,000000	80,000000	1,335996E-1
1476,373447	80,000000	80,000000	1,335996E-1
1476,373447	80,000000	80,000000	1,335996E-1
1476,373447	80,000000	80,000000	1,335996E-1
1477,373818	80,000000	80,000000	1,335996E-1
1477,373818	80,000000	80,000000	1,335996E-1
1477,373818	80,000000	80,000000	1,335996E-1
1477,373818	80,000000	80,000000	1,335996E-1
1477,373818	80,000000	80,000000	1,335996E-1
1477,373818	80,000000	80,000000	1,335996E-1
1477,373818	80,000000	80,000000	1,335996E-1
1477,373818	80,000000	80,000000	1,335996E-1
1477,373818	80,000000	80,000000	1,335996E-1
1477,373818	80,000000	80,000000	1,335996E-1
1478,374231	80,000000	80,000000	1,335996E-1
1478,374231	80,000000	80,000000	1,335996E-1
1478,374231	80,000000	80,000000	1,335996E-1
1478,374231	80,000000	80,000000	1,335996E-1
1478,374231	80,199997	80,000000	1,335996E-1
1478,374231	80,199997	80,000000	1,335996E-1
1478,374231	80,199997	80,000000	1,335996E-1
1478,374231	80,199997	80,000000	1,335996E-1
1478,374231	80,199997	80,000000	1,335996E-1
1478,374231	80,199997	80,000000	1,335996E-1
1479,373700	80,199997	80,000000	1,335996E-1
1479,373700	80,199997	80,000000	1,335996E-1
1479,373700	80,199997	80,000000	1,335996E-1
1479,373700	80,199997	80,000000	1,335996E-1
1479,373700	80,199997	80,000000	1,335996E-1
1479,373700	80,199997	80,000000	1,335996E-1
1479,373700	80,199997	80,000000	1,335996E-1
1479,373700	80,199997	80,000000	1,335996E-1
1479,373700	80,199997	80,000000	1,335996E-1
1479,373700	80,199997	80,000000	1,335996E-1
1480,374151	80,199997	80,000000	1,335459E-1
1480,374151	80,099998	80,000000	1,335459E-1
1480,374151	80,099998	80,000000	1,335459E-1
1480,374151	80,099998	80,000000	1,335459E-1
1480,374151	80,099998	80,000000	1,335459E-1
1480,374151	80,099998	80,000000	1,335459E-1
1480,374151	80,099998	80,000000	1,335459E-1
1480,374151	80,099998	80,000000	1,335459E-1
1480,374151	80,099998	80,000000	1,335459E-1
1480,374151	80,099998	80,000000	1,335459E-1
1481,373525	80,099998	80,000000	1,335459E-1
1481,373525	80,099998	80,000000	1,335459E-1
1481,373525	80,099998	80,000000	1,335459E-1
1481,373525	80,099998	80,000000	1,335459E-1
1481,373525	80,099998	80,000000	1,335459E-1
1481,373525	80,099998	80,000000	1,335459E-1
1481,373525	80,099998	80,000000	1,335459E-1
1481,373525	80,099998	80,000000	1,335695E-1
1481,373525	80,099998	80,000000	1,335695E-1
1481,373525	80,099998	80,000000	1,335695E-1
1482,373920	80,099998	80,000000	1,335695E-1
1482,373920	79,800003	80,000000	1,336483E-1
1482,373920	79,800003	80,000000	1,336483E-1
1482,373920	79,800003	80,000000	1,336483E-1
1482,373920	79,900002	80,000000	1,336516E-1
1482,373920	79,900002	80,000000	1,336280E-1
1482,373920	79,900002	80,000000	1,336296E-1
1482,373920	79,900002	80,000000	1,336312E-1
1482,373920	79,900002	80,000000	1,336328E-1
1482,373920	79,900002	80,000000	1,336328E-1
1483,373411	79,900002	80,000000	1,336344E-1
1483,373411	79,900002	80,000000	1,336360E-1
1483,373411	79,900002	80,000000	1,336376E-1
1483,373411	79,900002	80,000000	1,336392E-1
1483,373411	79,900002	80,000000	1,336408E-1
1483,373411	79,900002	80,000000	1,336408E-1
1483,373411	79,900002	80,000000	1,336424E-1
1483,373411	80,300003	80,000000	1,336424E-1
1483,373411	80,300003	80,000000	1,336424E-1
1483,373411	80,300003	80,000000	1,335368E-1
1484,374210	80,300003	80,000000	1,335320E-1
1484,374210	80,300003	80,000000	1,335272E-1
1484,374210	80,300003	80,000000	1,335272E-1
1484,374210	80,300003	80,000000	1,335224E-1
1484,374210	80,300003	80,000000	1,335175E-1
1484,374210	80,300003	80,000000	1,335175E-1
1484,374210	79,800003	80,000000	1,335127E-1
1484,374210	79,800003	80,000000	1,336419E-1
1484,374210	79,800003	80,000000	1,336451E-1
1484,374210	79,800003	80,000000	1,336451E-1
1485,373637	79,800003	80,000000	1,336483E-1
1485,373637	79,800003	80,000000	1,336483E-1
1485,373637	79,800003	80,000000	1,336516E-1
1485,373637	79,800003	80,000000	1,336516E-1
1485,373637	79,800003	80,000000	1,336548E-1
1485,373637	79,800003	80,000000	1,336580E-1
1485,373637	79,800003	80,000000	1,336580E-1
1485,373637	79,900002	80,000000	1,336612E-1
1485,373637	79,900002	80,000000	1,336376E-1
1485,373637	79,900002	80,000000	1,336392E-1
1486,374060	79,900002	80,000000	1,336392E-1
1486,374060	79,900002	80,000000	1,336408E-1
1486,374060	79,900002	80,000000	1,336424E-1
1486,374060	79,900002	80,000000	1,336440E-1
1486,374060	79,900002	80,000000	1,336440E-1
1486,374060	79,900002	80,000000	1,336456E-1
1486,374060	79,900002	80,000000	1,336456E-1
1486,374060	80,199997	80,000000	1,335668E-1
1486,374060	80,199997	80,000000	1,335668E-1
1486,374060	80,199997	80,000000	1,335636E-1
1487,373511	80,199997	80,000000	1,335604E-1
1487,373511	80,199997	80,000000	1,335604E-1
1487,373511	80,199997	80,000000	1,335572E-1
1487,373511	80,199997	80,000000	1,335540E-1
1487,373511	80,199997	80,000000	1,335508E-1
1487,373511	80,199997	80,000000	1,335476E-1
1487,373511	80,199997	80,000000	1,335443E-1
1487,373511	80,199997	80,000000	1,335443E-1
1487,373511	80,099998	80,000000	1,335411E-1
1487,373511	80,099998	80,000000	1,335647E-1
1488,373952	80,099998	80,000000	1,335647E-1
1488,373952	80,099998	80,000000	1,335647E-1
1488,373952	80,099998	80,000000	1,335631E-1
1488,373952	80,099998	80,000000	1,335631E-1
1488,373952	80,099998	80,000000	1,335615E-1
1488,373952	80,099998	80,000000	1,335599E-1
1488,373952	80,099998	80,000000	1,335583E-1
1488,373952	80,099998	80,000000	1,335567E-1
1488,373952	80,099998	80,000000	1,335567E-1
1488,373952	80,099998	80,000000	1,335567E-1
1489,374301	80,099998	80,000000	1,335551E-1
1489,374301	80,099998	80,000000	1,335551E-1
1489,374301	80,099998	80,000000	1,335551E-1
1489,374301	80,099998	80,000000	1,335551E-1
1489,374301	80,099998	80,000000	1,335551E-1
1489,374301	80,099998	80,000000	1,335551E-1
1489,374301	80,099998	80,000000	1,335551E-1
1489,374301	80,099998	80,000000	1,335551E-1
1489,374301	80,099998	80,000000	1,335551E-1
1489,374301	80,099998	80,000000	1,335551E-1
1490,373801	80,099998	80,000000	1,335551E-1
1490,373801	80,099998	80,000000	1,335551E-1
1490,373801	80,099998	80,000000	1,335551E-1
1490,373801	80,099998	80,000000	1,335551E-1
1490,373801	80,099998	80,000000	1,335551E-1
1490,373801	80,099998	80,000000	1,335551E-1
1490,373801	80,099998	80,000000	1,335551E-1
1490,373801	80,099998	80,000000	1,335551E-1
1490,373801	80,099998	80,000000	1,335551E-1
1490,373801	80,099998	80,000000	1,335551E-1
1491,375191	80,099998	80,000000	1,335551E-1
1491,375191	80,099998	80,000000	1,335551E-1
1491,375191	80,099998	80,000000	1,335551E-1
1491,375191	80,099998	80,000000	1,335551E-1
1491,375191	80,099998	80,000000	1,335551E-1
1491,375191	80,099998	80,000000	1,335535E-1
1491,375191	80,099998	80,000000	1,335535E-1
1491,375191	80,100006	80,000000	1,335535E-1
1491,375191	80,100006	80,000000	1,335535E-1
1491,375191	80,100006	80,000000	1,335535E-1
1492,374600	80,100006	80,000000	1,335535E-1
1492,374600	80,100006	80,000000	1,335535E-1
1492,374600	80,100006	80,000000	1,335535E-1
1492,374600	80,100006	80,000000	1,335535E-1
1492,374600	80,100006	80,000000	1,335535E-1
1492,374600	80,100006	80,000000	1,335535E-1
1492,374600	80,100006	80,000000	1,335535E-1
1492,374600	80,100006	80,000000	1,335535E-1
1492,374600	80,100006	80,000000	1,335535E-1
1492,374600	80,100006	80,000000	1,335535E-1
1493,375011	80,100006	80,000000	1,335535E-1
1493,375011	80,100006	80,000000	1,335535E-1
1493,375011	80,100006	80,000000	1,335535E-1
1493,375011	80,100006	80,000000	1,335519E-1
1493,375011	80,100006	80,000000	1,335519E-1
1493,375011	80,100006	80,000000	1,335519E-1
1493,375011	80,100006	80,000000	1,335519E-1
1493,375011	80,100006	80,000000	1,335519E-1
1493,375011	80,100006	80,000000	1,335519E-1
1493,375011	80,100006	80,000000	1,335519E-1
1494,375443	80,100006	80,000000	1,335519E-1
1494,375443	80,100006	80,000000	1,335519E-1
1494,375443	80,100006	80,000000	1,335519E-1
1494,375443	80,100006	80,000000	1,335519E-1
1494,375443	80,100006	80,000000	1,335519E-1
1494,375443	80,100006	80,000000	1,335519E-1
1494,375443	80,100006	80,000000	1,335519E-1
1494,375443	80,100006	80,000000	1,335519E-1
1494,375443	80,100006	80,000000	1,335519E-1
1494,375443	80,100006	80,000000	1,335519E-1
1495,375925	79,900002	80,000000	1,335503E-1
1495,375925	79,900002	80,000000	1,335503E-1
1495,375925	79,900002	80,000000	1,335503E-1
1495,375925	79,900002	80,000000	1,335503E-1
1495,375925	79,900002	80,000000	1,335503E-1
1495,375925	79,900002	80,000000	1,335503E-1
1495,375925	79,900002	80,000000	1,335503E-1
1495,375925	79,900002	80,000000	1,335503E-1
1495,375925	79,900002	80,000000	1,335503E-1
1495,375925	79,900002	80,000000	1,335503E-1
1496,376322	79,900002	80,000000	1,335503E-1
1496,376322	79,900002	80,000000	1,335503E-1
1496,376322	79,900002	80,000000	1,335503E-1
1496,376322	79,900002	80,000000	1,335503E-1
1496,376322	79,900002	80,000000	1,335503E-1
1496,376322	79,900002	80,000000	1,335503E-1
1496,376322	79,900002	80,000000	1,335503E-1
1496,376322	79,900002	80,000000	1,335503E-1
1496,376322	79,900002	80,000000	1,336023E-1
1496,376322	79,900002	80,000000	1,336023E-1
1497,375786	79,900002	80,000000	1,336023E-1
1497,375786	79,900002	80,000000	1,336023E-1
1497,375786	79,900002	80,000000	1,336023E-1
1497,375786	79,900002	80,000000	1,336023E-1
1497,375786	79,900002	80,000000	1,336023E-1
1497,375786	79,900002	80,000000	1,336023E-1
1497,375786	79,900002	80,000000	1,336023E-1
1497,375786	79,900002	80,000000	1,336023E-1
1497,375786	79,900002	80,000000	1,336023E-1
1497,375786	79,900002	80,000000	1,336023E-1
1498,377217	79,900002	80,000000	1,336023E-1
1498,377217	79,900002	80,000000	1,336023E-1
1498,377217	79,900002	80,000000	1,336023E-1
1498,377217	79,900002	80,000000	1,336023E-1
1498,377217	79,900002	80,000000	1,336023E-1
1498,377217	79,900002	80,000000	1,336039E-1
1498,377217	80,000000	80,000000	1,336039E-1
1498,377217	80,000000	80,000000	1,336039E-1
1498,377217	80,000000	80,000000	1,336039E-1
1498,377217	80,000000	80,000000	1,336039E-1
1499,376596	80,000000	80,000000	1,336039E-1
1499,376596	80,000000	80,000000	1,336039E-1
1499,376596	80,000000	80,000000	1,336039E-1
1499,376596	80,000000	80,000000	1,336039E-1
1499,376596	80,000000	80,000000	1,336039E-1
1499,376596	80,000000	80,000000	1,336039E-1
1499,376596	80,000000	80,000000	1,336039E-1
1499,376596	80,000000	80,000000	1,336039E-1
1499,376596	80,000000	80,000000	1,336039E-1
1499,376596	80,000000	80,000000	1,336039E-1
1500,376451	80,000000	80,000000	1,336039E-1
1500,376451	80,000000	80,000000	1,336039E-1
1500,376451	80,000000	80,000000	1,335787E-1
1500,376451	80,100006	80,000000	1,335787E-1
1500,376451	80,100006	80,000000	1,335787E-1
1500,376451	80,100006	80,000000	1,335787E-1
1500,376451	80,099998	80,000000	1,335519E-1
1500,376451	80,099998	80,000000	1,335519E-1
1500,376451	80,099998	80,000000	1,335519E-1
1500,376451	80,099998	80,000000	1,335503E-1
1501,376826	80,099998	80,000000	1,335487E-1
1501,376826	80,099998	80,000000	1,335471E-1
1501,376826	80,099998	80,000000	1,335471E-1
1501,376826	80,099998	80,000000	1,335455E-1
1501,376826	80,099998	80,000000	1,335439E-1
1501,376826	80,099998	80,000000	1,335423E-1
1501,376826	80,099998	80,000000	1,335407E-1
1501,376826	80,099998	80,000000	1,335390E-1
1501,376826	80,099998	80,000000	1,335390E-1
1501,376826	80,099998	80,000000	1,335374E-1
1502,377309	80,099998	80,000000	1,335374E-1
1502,377309	80,099998	80,000000	1,335358E-1
1502,377309	80,099998	80,000000	1,335358E-1
1502,377309	80,099998	80,000000	1,335358E-1
1502,377309	80,099998	80,000000	1,335342E-1
1502,377309	80,099998	80,000000	1,335326E-1
1502,377309	79,900002	80,000000	1,335310E-1
1502,377309	79,900002	80,000000	1,335310E-1
1502,377309	79,900002	80,000000	1,335830E-1
1502,377309	79,900002	80,000000	1,335846E-1
1503,376713	79,900002	80,000000	1,335862E-1
1503,376713	79,900002	80,000000	1,335862E-1
1503,376713	79,900002	80,000000	1,335878E-1
1503,376713	79,900002	80,000000	1,335894E-1
1503,376713	79,900002	80,000000	1,335894E-1
1503,376713	79,900002	80,000000	1,335910E-1
1503,376713	79,900002	80,000000	1,335910E-1
1503,376713	79,900002	80,000000	1,335927E-1
1503,376713	80,199997	80,000000	1,335927E-1
1503,376713	80,199997	80,000000	1,335139E-1
1504,377156	80,199997	80,000000	1,335106E-1
1504,377156	80,199997	80,000000	1,335074E-1
1504,377156	80,199997	80,000000	1,335042E-1
1504,377156	80,199997	80,000000	1,335042E-1
1504,377156	80,199997	80,000000	1,335010E-1
1504,377156	80,199997	80,000000	1,334978E-1
1504,377156	80,199997	80,000000	1,334978E-1
1504,377156	79,800003	80,000000	1,334946E-1
1504,377156	79,800003	80,000000	1,334946E-1
1504,377156	79,800003	80,000000	1,335986E-1
1505,376524	79,800003	80,000000	1,336018E-1
1505,376524	79,800003	80,000000	1,336018E-1
1505,376524	79,800003	80,000000	1,336050E-1
1505,376524	79,800003	80,000000	1,336050E-1
1505,376524	79,800003	80,000000	1,336082E-1
1505,376524	79,800003	80,000000	1,336114E-1
1505,376524	79,800003	80,000000	1,336114E-1
1505,376524	79,800003	80,000000	1,336146E-1
1505,376524	79,900002	80,000000	1,336178E-1
1505,376524	79,900002	80,000000	1,335943E-1
1506,378000	79,900002	80,000000	1,335959E-1
1506,378000	79,900002	80,000000	1,335975E-1
1506,378000	79,900002	80,000000	1,335975E-1
1506,378000	79,900002	80,000000	1,335991E-1
1506,378000	79,900002	80,000000	1,336007E-1
1506,378000	79,900002	80,000000	1,336023E-1
1506,378000	79,900002	80,000000	1,336023E-1
1506,378000	79,900002	80,000000	1,336023E-1
1506,378000	80,099998	80,000000	1,336039E-1
1506,378000	80,099998	80,000000	1,336039E-1
1507,377448	80,099998	80,000000	1,336039E-1
1507,377448	80,099998	80,000000	1,335519E-1
1507,377448	80,099998	80,000000	1,335519E-1
1507,377448	80,099998	80,000000	1,335519E-1
1507,377448	80,099998	80,000000	1,335519E-1
1507,377448	80,099998	80,000000	1,335519E-1
1507,377448	80,099998	80,000000	1,335519E-1
1507,377448	80,099998	80,000000	1,335519E-1
1507,377448	80,099998	80,000000	1,335519E-1
1507,377448	80,099998	80,000000	1,335519E-1
1508,377851	80,099998	80,000000	1,335519E-1
1508,377851	80,099998	80,000000	1,335519E-1
1508,377851	80,099998	80,000000	1,335519E-1
1508,377851	80,099998	80,000000	1,335519E-1
1508,377851	80,099998	80,000000	1,335519E-1
1508,377851	80,099998	80,000000	1,335519E-1
1508,377851	80,099998	80,000000	1,335519E-1
1508,377851	80,099998	80,000000	1,335519E-1
1508,377851	80,099998	80,000000	1,335519E-1
1508,377851	80,099998	80,000000	1,335519E-1
1509,378184	80,099998	80,000000	1,335519E-1
1509,378184	80,099998	80,000000	1,335519E-1
1509,378184	80,099998	80,000000	1,335519E-1
1509,378184	80,099998	80,000000	1,335519E-1
1509,378184	80,099998	80,000000	1,335519E-1
1509,378184	80,099998	80,000000	1,335503E-1
1509,378184	80,099998	80,000000	1,335503E-1
1509,378184	80,099998	80,000000	1,335503E-1
1509,378184	80,099998	80,000000	1,335503E-1
1509,378184	80,099998	80,000000	1,335503E-1
1510,377584	80,099998	80,000000	1,335503E-1
1510,377584	80,099998	80,000000	1,335503E-1
1510,377584	80,099998	80,000000	1,335503E-1
1510,377584	80,099998	80,000000	1,335503E-1
1510,377584	80,099998	80,000000	1,335503E-1
1510,377584	80,099998	80,000000	1,335503E-1
1510,377584	80,099998	80,000000	1,335503E-1
1510,377584	80,099998	80,000000	1,335503E-1
1510,377584	80,099998	80,000000	1,335503E-1
1510,377584	80,099998	80,000000	1,335503E-1
1511,378069	80,099998	80,000000	1,335503E-1
1511,378069	80,099998	80,000000	1,335503E-1
1511,378069	80,099998	80,000000	1,335503E-1
1511,378069	80,100006	80,000000	1,335487E-1
1511,378069	80,100006	80,000000	1,335487E-1
1511,378069	80,100006	80,000000	1,335487E-1
1511,378069	80,100006	80,000000	1,335487E-1
1511,378069	80,100006	80,000000	1,335487E-1
1511,378069	80,100006	80,000000	1,335487E-1
1511,378069	80,100006	80,000000	1,335487E-1
1512,377424	80,100006	80,000000	1,335487E-1
1512,377424	80,100006	80,000000	1,335487E-1
1512,377424	80,100006	80,000000	1,335487E-1
1512,377424	80,100006	80,000000	1,335487E-1
1512,377424	80,100006	80,000000	1,335487E-1
1512,377424	80,100006	80,000000	1,335487E-1
1512,377424	80,100006	80,000000	1,335487E-1
1512,377424	80,100006	80,000000	1,335487E-1
1512,377424	80,100006	80,000000	1,335487E-1
1512,377424	80,100006	80,000000	1,335487E-1
1513,377836	80,100006	80,000000	1,335471E-1
1513,377836	80,100006	80,000000	1,335471E-1
1513,377836	80,100006	80,000000	1,335471E-1
1513,377836	80,100006	80,000000	1,335471E-1
1513,377836	80,100006	80,000000	1,335471E-1
1513,377836	80,100006	80,000000	1,335471E-1
1513,377836	80,100006	80,000000	1,335471E-1
1513,377836	80,100006	80,000000	1,335471E-1
1513,377836	80,100006	80,000000	1,335471E-1
1513,377836	80,100006	80,000000	1,335471E-1
1514,378324	80,100006	80,000000	1,335471E-1
1514,378324	80,100006	80,000000	1,335471E-1
1514,378324	80,100006	80,000000	1,335471E-1
1514,378324	80,100006	80,000000	1,335471E-1
1514,378324	80,100006	80,000000	1,335471E-1
1514,378324	80,100006	80,000000	1,335471E-1
1514,378324	80,100006	80,000000	1,335471E-1
1514,378324	80,100006	80,000000	1,335471E-1
1514,378324	80,100006	80,000000	1,335455E-1
1514,378324	79,599998	80,000000	1,335455E-1
1515,377685	79,599998	80,000000	1,335455E-1
1515,377685	79,599998	80,000000	1,335455E-1
1515,377685	79,599998	80,000000	1,335455E-1
1515,377685	79,599998	80,000000	1,335455E-1
1515,377685	79,599998	80,000000	1,335455E-1
1515,377685	79,599998	80,000000	1,335455E-1
1515,377685	79,599998	80,000000	1,335455E-1
1515,377685	79,599998	80,000000	1,335455E-1
1515,377685	79,599998	80,000000	1,335455E-1
1515,377685	79,599998	80,000000	1,335455E-1
1516,379125	79,599998	80,000000	1,335455E-1
1516,379125	79,599998	80,000000	1,335455E-1
1516,379125	79,599998	80,000000	1,335455E-1
1516,379125	79,599998	80,000000	1,335455E-1
1516,379125	79,599998	80,000000	1,335455E-1
1516,379125	79,599998	80,000000	1,336779E-1
1516,379125	79,800003	80,000000	1,336779E-1
1516,379125	79,800003	80,000000	1,336779E-1
1516,379125	79,800003	80,000000	1,336779E-1
1516,379125	79,800003	80,000000	1,336779E-1
1517,378609	79,800003	80,000000	1,336779E-1
1517,378609	79,800003	80,000000	1,336779E-1
1517,378609	79,800003	80,000000	1,336779E-1
1517,378609	79,800003	80,000000	1,336779E-1
1517,378609	79,800003	80,000000	1,336779E-1
1517,378609	79,800003	80,000000	1,336779E-1
1517,378609	79,800003	80,000000	1,336779E-1
1517,378609	79,800003	80,000000	1,336779E-1
1517,378609	79,800003	80,000000	1,336779E-1
1517,378609	79,800003	80,000000	1,336779E-1
1518,379032	79,800003	80,000000	1,336779E-1
1518,379032	79,800003	80,000000	1,336779E-1
1518,379032	79,800003	80,000000	1,336779E-1
1518,379032	79,800003	80,000000	1,336307E-1
1518,379032	79,800003	80,000000	1,336307E-1
1518,379032	79,800003	80,000000	1,336307E-1
1518,379032	79,900002	80,000000	1,336071E-1
1518,379032	79,900002	80,000000	1,336071E-1
1518,379032	79,900002	80,000000	1,336071E-1
1518,379032	80,300003	80,000000	1,336087E-1
1519,378364	80,300003	80,000000	1,335031E-1
1519,378364	80,300003	80,000000	1,334983E-1
1519,378364	80,300003	80,000000	1,334935E-1
1519,378364	80,300003	80,000000	1,334935E-1
1519,378364	80,300003	80,000000	1,334887E-1
1519,378364	80,300003	80,000000	1,334838E-1
1519,378364	80,300003	80,000000	1,334790E-1
1519,378364	80,300003	80,000000	1,334790E-1
1519,378364	80,300003	80,000000	1,334742E-1
1519,378364	80,300003	80,000000	1,334694E-1
1520,379845	80,300003	80,000000	1,334694E-1
1520,379845	80,300003	80,000000	1,334646E-1
1520,379845	80,100006	80,000000	1,334646E-1
1520,379845	80,100006	80,000000	1,334646E-1
1520,379845	80,100006	80,000000	1,335134E-1
1520,379845	80,100006	80,000000	1,335134E-1
1520,379845	80,100006	80,000000	1,335118E-1
1520,379845	80,100006	80,000000	1,335102E-1
1520,379845	80,100006	80,000000	1,335086E-1
1520,379845	80,100006	80,000000	1,335086E-1
1521,381253	80,100006	80,000000	1,335069E-1
1521,381253	79,600006	80,000000	1,335053E-1
1521,381253	79,600006	80,000000	1,335053E-1
1521,381253	79,600006	80,000000	1,336377E-1
1521,381253	79,600006	80,000000	1,336442E-1
1521,381253	79,600006	80,000000	1,336442E-1
1521,381253	79,600006	80,000000	1,336506E-1
1521,381253	79,600006	80,000000	1,336506E-1
1521,381253	79,600006	80,000000	1,336570E-1
1521,381253	79,600006	80,000000	1,336570E-1
1522,381760	79,600006	80,000000	1,336634E-1
1522,381760	80,000000	80,000000	1,335626E-1
1522,381760	80,000000	80,000000	1,335626E-1
1522,381760	80,000000	80,000000	1,335626E-1
1522,381760	80,000000	80,000000	1,335626E-1
1522,381760	80,000000	80,000000	1,335626E-1
1522,381760	80,000000	80,000000	1,335626E-1
1522,381760	80,000000	80,000000	1,335626E-1
1522,381760	80,000000	80,000000	1,335626E-1
1522,381760	80,000000	80,000000	1,335626E-1
1523,382085	80,000000	80,000000	1,335626E-1
1523,382085	80,000000	80,000000	1,335626E-1
1523,382085	80,099998	80,000000	1,335626E-1
1523,382085	80,099998	80,000000	1,335626E-1
1523,382085	80,099998	80,000000	1,335358E-1
1523,382085	80,099998	80,000000	1,335342E-1
1523,382085	80,099998	80,000000	1,335342E-1
1523,382085	80,099998	80,000000	1,335326E-1
1523,382085	80,099998	80,000000	1,335310E-1
1523,382085	80,099998	80,000000	1,335294E-1
1524,382575	80,099998	80,000000	1,335294E-1
1524,382575	80,099998	80,000000	1,335278E-1
1524,382575	80,099998	80,000000	1,335278E-1
1524,382575	80,099998	80,000000	1,335262E-1
1524,382575	79,699997	80,000000	1,335246E-1
1524,382575	79,699997	80,000000	1,335246E-1
1524,382575	79,699997	80,000000	1,336302E-1
1524,382575	79,699997	80,000000	1,336302E-1
1524,382575	79,699997	80,000000	1,336302E-1
1524,382575	79,699997	80,000000	1,336350E-1
1525,383021	79,699997	80,000000	1,336398E-1
1525,383021	79,699997	80,000000	1,336398E-1
1525,383021	79,699997	80,000000	1,336447E-1
1525,383021	79,699997	80,000000	1,336495E-1
1525,383021	79,699997	80,000000	1,336495E-1
1525,383021	79,699997	80,000000	1,336543E-1
1525,383021	79,699997	80,000000	1,336543E-1
1525,383021	79,900002	80,000000	1,336591E-1
1525,383021	79,900002	80,000000	1,336103E-1
1525,383021	79,900002	80,000000	1,336119E-1
1526,383368	79,900002	80,000000	1,336119E-1
1526,383368	79,900002	80,000000	1,336135E-1
1526,383368	79,900002	80,000000	1,336135E-1
1526,383368	79,900002	80,000000	1,336135E-1
1526,383368	79,900002	80,000000	1,336151E-1
1526,383368	80,100006	80,000000	1,336167E-1
1526,383368	80,100006	80,000000	1,336167E-1
1526,383368	80,100006	80,000000	1,335647E-1
1526,383368	80,100006	80,000000	1,335631E-1
1526,383368	80,100006	80,000000	1,335615E-1
1527,384874	80,100006	80,000000	1,335599E-1
1527,384874	80,100006	80,000000	1,335583E-1
1527,384874	80,100006	80,000000	1,335567E-1
1527,384874	80,100006	80,000000	1,335567E-1
1527,384874	80,100006	80,000000	1,335551E-1
1527,384874	79,900002	80,000000	1,335535E-1
1527,384874	79,900002	80,000000	1,335535E-1
1527,384874	79,900002	80,000000	1,336055E-1
1527,384874	79,900002	80,000000	1,336055E-1
1527,384874	79,900002	80,000000	1,336055E-1
1528,385291	79,900002	80,000000	1,336071E-1
1528,385291	79,900002	80,000000	1,336087E-1
1528,385291	79,900002	80,000000	1,336103E-1
1528,385291	79,900002	80,000000	1,336119E-1
1528,385291	79,900002	80,000000	1,336119E-1
1528,385291	79,900002	80,000000	1,336135E-1
1528,385291	79,900002	80,000000	1,336151E-1
1528,385291	79,800003	80,000000	1,336151E-1
1528,385291	79,800003	80,000000	1,336435E-1
1528,385291	79,800003	80,000000	1,336467E-1
1529,384677	79,800003	80,000000	1,336467E-1
1529,384677	79,800003	80,000000	1,336499E-1
1529,384677	79,800003	80,000000	1,336499E-1
1529,384677	79,800003	80,000000	1,336532E-1
1529,384677	79,800003	80,000000	1,336532E-1
1529,384677	79,800003	80,000000	1,336564E-1
1529,384677	79,900002	80,000000	1,336328E-1
1529,384677	79,900002	80,000000	1,336328E-1
1529,384677	79,900002	80,000000	1,336344E-1
1529,384677	79,900002	80,000000	1,336344E-1
1530,385063	79,900002	80,000000	1,336360E-1
1530,385063	79,900002	80,000000	1,336376E-1
1530,385063	79,900002	80,000000	1,336376E-1
1530,385063	79,900002	80,000000	1,336392E-1
1530,385063	79,900002	80,000000	1,336408E-1
1530,385063	79,900002	80,000000	1,336424E-1
1530,385063	79,900002	80,000000	1,336424E-1
1530,385063	79,900002	80,000000	1,336440E-1
1530,385063	79,900002	80,000000	1,336440E-1
1530,385063	79,900002	80,000000	1,336456E-1
1531,385542	79,899994	80,000000	1,336472E-1
1531,385542	79,899994	80,000000	1,336488E-1
1531,385542	79,899994	80,000000	1,336488E-1
1531,385542	79,899994	80,000000	1,336504E-1
1531,385542	79,899994	80,000000	1,336520E-1
1531,385542	79,899994	80,000000	1,336520E-1
1531,385542	79,899994	80,000000	1,336520E-1
1531,385542	79,899994	80,000000	1,336536E-1
1531,385542	79,899994	80,000000	1,336536E-1
1531,385542	79,899994	80,000000	1,336536E-1
1532,386000	79,899994	80,000000	1,336536E-1
1532,386000	79,899994	80,000000	1,336536E-1
1532,386000	79,899994	80,000000	1,336536E-1
1532,386000	79,899994	80,000000	1,336536E-1
1532,386000	79,899994	80,000000	1,336536E-1
1532,386000	79,899994	80,000000	1,336536E-1
1532,386000	79,899994	80,000000	1,336536E-1
1532,386000	79,899994	80,000000	1,336536E-1
1532,386000	79,899994	80,000000	1,336536E-1
1532,386000	79,899994	80,000000	1,336536E-1
1533,385413	79,899994	80,000000	1,336536E-1
1533,385413	79,899994	80,000000	1,336536E-1
1533,385413	79,899994	80,000000	1,336536E-1
1533,385413	79,899994	80,000000	1,336536E-1
1533,385413	79,899994	80,000000	1,336536E-1
1533,385413	79,899994	80,000000	1,336536E-1
1533,385413	79,899994	80,000000	1,336536E-1
1533,385413	79,899994	80,000000	1,336536E-1
1533,385413	79,899994	80,000000	1,336536E-1
1533,385413	79,899994	80,000000	1,336536E-1
1534,385763	79,899994	80,000000	1,336536E-1
1534,385763	79,899994	80,000000	1,336536E-1
1534,385763	79,899994	80,000000	1,336552E-1
1534,385763	79,899994	80,000000	1,336552E-1
1534,385763	79,900002	80,000000	1,336552E-1
1534,385763	79,900002	80,000000	1,336552E-1
1534,385763	79,900002	80,000000	1,336552E-1
1534,385763	79,900002	80,000000	1,336552E-1
1534,385763	79,900002	80,000000	1,336552E-1
1534,385763	79,900002	80,000000	1,336552E-1
1535,387215	79,900002	80,000000	1,336552E-1
1535,387215	79,900002	80,000000	1,336552E-1
1535,387215	79,900002	80,000000	1,336552E-1
1535,387215	79,900002	80,000000	1,336552E-1
1535,387215	79,900002	80,000000	1,336552E-1
1535,387215	79,900002	80,000000	1,336552E-1
1535,387215	79,900002	80,000000	1,336552E-1
1535,387215	79,900002	80,000000	1,336552E-1
1535,387215	79,900002	80,000000	1,336552E-1
1535,387215	79,900002	80,000000	1,336568E-1
1536,387346	79,900002	80,000000	1,336568E-1
1536,387346	79,900002	80,000000	1,336568E-1
1536,387346	79,900002	80,000000	1,336585E-1
1536,387346	79,900002	80,000000	1,336585E-1
1536,387346	79,900002	80,000000	1,336585E-1
1536,387346	79,900002	80,000000	1,336585E-1
1536,387346	79,900002	80,000000	1,336585E-1
1536,387346	79,900002	80,000000	1,336585E-1
1536,387346	79,900002	80,000000	1,336585E-1
1536,387346	79,900002	80,000000	1,336585E-1
1537,387775	79,900002	80,000000	1,336585E-1
1537,387775	79,900002	80,000000	1,336585E-1
1537,387775	79,900002	80,000000	1,336585E-1
1537,387775	79,900002	80,000000	1,336585E-1
1537,387775	79,900002	80,000000	1,336585E-1
1537,387775	79,900002	80,000000	1,336585E-1
1537,387775	79,900002	80,000000	1,336585E-1
1537,387775	80,100006	80,000000	1,336585E-1
1537,387775	80,100006	80,000000	1,336585E-1
1537,387775	80,100006	80,000000	1,336585E-1
1538,388164	80,100006	80,000000	1,336585E-1
1538,388164	80,100006	80,000000	1,336585E-1
1538,388164	80,100006	80,000000	1,336585E-1
1538,388164	80,100006	80,000000	1,336585E-1
1538,388164	80,100006	80,000000	1,336585E-1
1538,388164	80,100006	80,000000	1,336585E-1
1538,388164	80,100006	80,000000	1,336585E-1
1538,388164	80,100006	80,000000	1,336585E-1
1538,388164	80,100006	80,000000	1,336585E-1
1538,388164	80,100006	80,000000	1,336585E-1
1539,387574	80,100006	80,000000	1,336585E-1
1539,387574	80,100006	80,000000	1,336585E-1
1539,387574	80,100006	80,000000	1,336585E-1
1539,387574	80,100006	80,000000	1,336585E-1
1539,387574	80,100006	80,000000	1,336065E-1
1539,387574	80,100006	80,000000	1,336065E-1
1539,387574	80,100006	80,000000	1,336065E-1
1539,387574	80,100006	80,000000	1,336065E-1
1539,387574	80,100006	80,000000	1,336065E-1
1539,387574	80,100006	80,000000	1,336065E-1
1540,388009	80,100006	80,000000	1,336065E-1
1540,388009	80,100006	80,000000	1,336065E-1
1540,388009	80,100006	80,000000	1,336065E-1
1540,388009	80,100006	80,000000	1,336065E-1
1540,388009	80,100006	80,000000	1,336065E-1
1540,388009	80,100006	80,000000	1,336065E-1
1540,388009	80,100006	80,000000	1,336065E-1
1540,388009	80,100006	80,000000	1,336065E-1
1540,388009	80,100006	80,000000	1,336065E-1
1540,388009	80,100006	80,000000	1,336065E-1
1541,388467	80,100006	80,000000	1,336065E-1
1541,388467	80,100006	80,000000	1,336065E-1
1541,388467	80,100006	80,000000	1,336048E-1
1541,388467	80,000000	80,000000	1,336048E-1
1541,388467	80,000000	80,000000	1,336048E-1
1541,388467	80,000000	80,000000	1,336048E-1
1541,388467	80,000000	80,000000	1,336048E-1
1541,388467	80,000000	80,000000	1,336048E-1
1541,388467	80,000000	80,000000	1,336048E-1
1541,388467	80,000000	80,000000	1,336048E-1
1542,388817	80,000000	80,000000	1,336048E-1
1542,388817	80,000000	80,000000	1,336048E-1
1542,388817	80,000000	80,000000	1,336048E-1
1542,388817	80,000000	80,000000	1,336048E-1
1542,388817	80,000000	80,000000	1,336048E-1
1542,388817	80,000000	80,000000	1,336048E-1
1542,388817	80,000000	80,000000	1,336048E-1
1542,388817	80,000000	80,000000	1,336048E-1
1542,388817	80,000000	80,000000	1,336048E-1
1542,388817	80,000000	80,000000	1,336300E-1
1543,389241	80,000000	80,000000	1,336300E-1
1543,389241	80,000000	80,000000	1,336300E-1
1543,389241	80,300003	80,000000	1,336300E-1
1543,389241	80,300003	80,000000	1,336300E-1
1543,389241	80,300003	80,000000	1,336300E-1
1543,389241	80,300003	80,000000	1,336300E-1
1543,389241	80,300003	80,000000	1,335496E-1
1543,389241	80,000000	80,000000	1,335448E-1
1543,389241	80,000000	80,000000	1,335448E-1
1543,389241	80,000000	80,000000	1,336204E-1
1544,388661	80,000000	80,000000	1,336204E-1
1544,388661	80,000000	80,000000	1,336204E-1
1544,388661	80,000000	80,000000	1,336204E-1
1544,388661	80,000000	80,000000	1,336204E-1
1544,388661	80,000000	80,000000	1,336204E-1
1544,388661	80,000000	80,000000	1,336204E-1
1544,388661	80,000000	80,000000	1,336204E-1
1544,388661	80,000000	80,000000	1,336204E-1
1544,388661	80,000000	80,000000	1,336204E-1
1544,388661	80,000000	80,000000	1,336204E-1
1545,389161	80,000000	80,000000	1,336204E-1
1545,389161	80,000000	80,000000	1,336204E-1
1545,389161	80,000000	80,000000	1,336204E-1
1545,389161	80,199997	80,000000	1,336204E-1
1545,389161	80,199997	80,000000	1,336204E-1
1545,389161	80,199997	80,000000	1,335668E-1
1545,389161	80,199997	80,000000	1,335636E-1
1545,389161	80,199997	80,000000	1,335604E-1
1545,389161	80,199997	80,000000	1,335604E-1
1545,389161	80,199997	80,000000	1,335572E-1
1546,388626	80,199997	80,000000	1,335540E-1
1546,388626	80,199997	80,000000	1,335508E-1
1546,388626	80,199997	80,000000	1,335476E-1
1546,388626	80,199997	80,000000	1,335476E-1
1546,388626	80,199997	80,000000	1,335443E-1
1546,388626	80,199997	80,000000	1,335443E-1
1546,388626	79,900002	80,000000	1,336215E-1
1546,388626	79,900002	80,000000	1,336215E-1
1546,388626	79,900002	80,000000	1,336231E-1
1546,388626	79,900002	80,000000	1,336247E-1
1547,389000	79,900002	80,000000	1,336264E-1
1547,389000	79,900002	80,000000	1,336280E-1
1547,389000	79,900002	80,000000	1,336280E-1
1547,389000	79,900002	80,000000	1,336296E-1
1547,389000	80,300003	80,000000	1,336312E-1
1547,389000	80,300003	80,000000	1,336312E-1
1547,389000	80,300003	80,000000	1,335256E-1
1547,389000	80,300003	80,000000	1,335207E-1
1547,389000	80,300003	80,000000	1,335207E-1
1547,389000	80,300003	80,000000	1,335159E-1
1548,389389	80,300003	80,000000	1,335159E-1
1548,389389	80,300003	80,000000	1,335111E-1
1548,389389	80,300003	80,000000	1,335111E-1
1548,389389	80,300003	80,000000	1,335063E-1
1548,389389	80,300003	80,000000	1,335015E-1
1548,389389	80,300003	80,000000	1,334967E-1
1548,389389	80,000000	80,000000	1,334967E-1
1548,389389	80,000000	80,000000	1,335723E-1
1548,389389	80,000000	80,000000	1,335723E-1
1548,389389	80,000000	80,000000	1,335723E-1
1549,390830	80,000000	80,000000	1,335723E-1
1549,390830	80,000000	80,000000	1,335723E-1
1549,390830	80,000000	80,000000	1,335723E-1
1549,390830	80,000000	80,000000	1,335723E-1
1549,390830	80,000000	80,000000	1,335723E-1
1549,390830	80,000000	80,000000	1,335723E-1
1549,390830	80,000000	80,000000	1,335723E-1
1549,390830	80,000000	80,000000	1,335723E-1
1549,390830	80,000000	80,000000	1,335723E-1
1549,390830	80,000000	80,000000	1,335723E-1
1550,392293	80,000000	80,000000	1,335723E-1
1550,392293	80,000000	80,000000	1,335723E-1
1550,392293	80,000000	80,000000	1,335723E-1
1550,392293	80,000000	80,000000	1,335723E-1
1550,392293	80,000000	80,000000	1,335723E-1
1550,392293	80,000000	80,000000	1,335723E-1
1550,392293	80,000000	80,000000	1,335723E-1
1550,392293	80,000000	80,000000	1,335723E-1
1550,392293	80,000000	80,000000	1,335723E-1
1550,392293	80,000000	80,000000	1,335723E-1
1551,392739	80,000000	80,000000	1,335723E-1
1551,392739	80,000000	80,000000	1,335723E-1
1551,392739	80,000000	80,000000	1,335723E-1
1551,392739	80,000000	80,000000	1,335723E-1
1551,392739	80,000000	80,000000	1,335723E-1
1551,392739	80,000000	80,000000	1,335723E-1
1551,392739	80,000000	80,000000	1,335723E-1
1551,392739	80,000000	80,000000	1,335723E-1
1551,392739	80,000000	80,000000	1,335723E-1
1551,392739	80,000000	80,000000	1,335723E-1
1552,392493	80,000000	80,000000	1,335723E-1
1552,392493	80,000000	80,000000	1,335723E-1
1552,392493	80,000000	80,000000	1,335723E-1
1552,392493	80,000000	80,000000	1,335723E-1
1552,392493	80,000000	80,000000	1,335723E-1
1552,392493	80,000000	80,000000	1,335723E-1
1552,392493	80,000000	80,000000	1,335723E-1
1552,392493	80,000000	80,000000	1,335723E-1
1552,392493	80,000000	80,000000	1,335723E-1
1552,392493	80,000000	80,000000	1,335723E-1
1553,392891	80,000000	80,000000	1,335723E-1
1553,392891	80,000000	80,000000	1,335723E-1
1553,392891	80,000000	80,000000	1,335723E-1
1553,392891	80,000000	80,000000	1,335723E-1
1553,392891	80,000000	80,000000	1,335723E-1
1553,392891	80,000000	80,000000	1,335723E-1
1553,392891	80,000000	80,000000	1,335723E-1
1553,392891	80,000000	80,000000	1,335723E-1
1553,392891	80,000000	80,000000	1,335723E-1
1553,392891	80,000000	80,000000	1,335723E-1
1554,393352	80,000000	80,000000	1,335723E-1
1554,393352	80,000000	80,000000	1,335723E-1
1554,393352	80,000000	80,000000	1,335723E-1
1554,393352	80,000000	80,000000	1,335723E-1
1554,393352	80,000000	80,000000	1,335723E-1
1554,393352	79,900002	80,000000	1,335723E-1
1554,393352	79,900002	80,000000	1,335723E-1
1554,393352	79,900002	80,000000	1,335723E-1
1554,393352	79,900002	80,000000	1,335723E-1
1554,393352	79,900002	80,000000	1,335723E-1
1555,393816	79,900002	80,000000	1,335723E-1
1555,393816	79,900002	80,000000	1,335723E-1
1555,393816	79,900002	80,000000	1,335723E-1
1555,393816	79,900002	80,000000	1,335723E-1
1555,393816	79,900002	80,000000	1,335723E-1
1555,393816	79,900002	80,000000	1,335723E-1
1555,393816	79,900002	80,000000	1,335723E-1
1555,393816	79,900002	80,000000	1,335723E-1
1555,393816	79,900002	80,000000	1,335723E-1
1555,393816	79,900002	80,000000	1,335723E-1
1556,394000	79,900002	80,000000	1,335991E-1
1556,394000	79,900002	80,000000	1,335991E-1
1556,394000	79,900002	80,000000	1,335991E-1
1556,394000	79,900002	80,000000	1,336007E-1
1556,394000	79,900002	80,000000	1,336007E-1
1556,394000	79,900002	80,000000	1,336007E-1
1556,394000	79,900002	80,000000	1,336007E-1
1556,394000	79,900002	80,000000	1,336007E-1
1556,394000	79,900002	80,000000	1,336007E-1
1556,394000	79,900002	80,000000	1,336007E-1
1557,393440	79,900002	80,000000	1,336007E-1
1557,393440	79,900002	80,000000	1,336007E-1
1557,393440	79,900002	80,000000	1,336007E-1
1557,393440	79,900002	80,000000	1,336007E-1
1557,393440	79,900002	80,000000	1,336007E-1
1557,393440	79,900002	80,000000	1,336007E-1
1557,393440	79,900002	80,000000	1,336007E-1
1557,393440	79,900002	80,000000	1,336007E-1
1557,393440	79,900002	80,000000	1,336007E-1
1557,393440	79,900002	80,000000	1,336007E-1
1558,393767	80,000000	80,000000	1,336007E-1
1558,393767	80,000000	80,000000	1,336007E-1
1558,393767	80,000000	80,000000	1,336007E-1
1558,393767	80,000000	80,000000	1,336007E-1
1558,393767	80,000000	80,000000	1,336007E-1
1558,393767	80,000000	80,000000	1,336007E-1
1558,393767	80,000000	80,000000	1,336007E-1
1558,393767	80,000000	80,000000	1,336007E-1
1558,393767	80,000000	80,000000	1,336007E-1
1558,393767	80,000000	80,000000	1,336007E-1
1559,394302	80,000000	80,000000	1,336007E-1
1559,394302	80,000000	80,000000	1,336007E-1
1559,394302	80,000000	80,000000	1,336007E-1
1559,394302	80,000000	80,000000	1,336007E-1
1559,394302	80,000000	80,000000	1,336007E-1
1559,394302	80,000000	80,000000	1,335755E-1
1559,394302	80,000000	80,000000	1,335755E-1
1559,394302	80,099998	80,000000	1,335755E-1
1559,394302	80,099998	80,000000	1,335487E-1
1559,394302	80,099998	80,000000	1,335487E-1
1560,394672	80,099998	80,000000	1,335487E-1
1560,394672	80,099998	80,000000	1,335487E-1
1560,394672	80,099998	80,000000	1,335487E-1
1560,394672	80,099998	80,000000	1,335487E-1
1560,394672	80,099998	80,000000	1,335487E-1
1560,394672	80,099998	80,000000	1,335487E-1
1560,394672	80,099998	80,000000	1,335487E-1
1560,394672	80,099998	80,000000	1,335487E-1
1560,394672	80,099998	80,000000	1,335487E-1
1560,394672	80,099998	80,000000	1,335487E-1
1561,395105	80,099998	80,000000	1,335487E-1
1561,395105	80,099998	80,000000	1,335487E-1
1561,395105	80,099998	80,000000	1,335487E-1
1561,395105	80,099998	80,000000	1,335487E-1
1561,395105	80,099998	80,000000	1,335487E-1
1561,395105	80,099998	80,000000	1,335487E-1
1561,395105	80,099998	80,000000	1,335471E-1
1561,395105	80,100006	80,000000	1,335471E-1
1561,395105	80,100006	80,000000	1,335471E-1
1561,395105	80,100006	80,000000	1,335455E-1
1562,394561	79,800003	80,000000	1,335455E-1
1562,394561	79,800003	80,000000	1,336243E-1
1562,394561	79,800003	80,000000	1,336275E-1
1562,394561	79,800003	80,000000	1,336307E-1
1562,394561	79,800003	80,000000	1,336339E-1
1562,394561	79,800003	80,000000	1,336339E-1
1562,394561	79,800003	80,000000	1,336371E-1
1562,394561	79,800003	80,000000	1,336403E-1
1562,394561	79,800003	80,000000	1,336435E-1
1562,394561	79,800003	80,000000	1,336435E-1
1563,394985	79,800003	80,000000	1,336467E-1
1563,394985	79,800003	80,000000	1,336499E-1
1563,394985	80,199997	80,000000	1,336499E-1
1563,394985	80,199997	80,000000	1,336499E-1
1563,394985	80,199997	80,000000	1,335459E-1
1563,394985	80,199997	80,000000	1,335459E-1
1563,394985	80,199997	80,000000	1,335427E-1
1563,394985	80,199997	80,000000	1,335395E-1
1563,394985	80,199997	80,000000	1,335395E-1
1563,394985	80,199997	80,000000	1,335363E-1
1564,394344	80,199997	80,000000	1,335331E-1
1564,394344	80,000000	80,000000	1,335299E-1
1564,394344	80,000000	80,000000	1,335299E-1
1564,394344	80,000000	80,000000	1,335803E-1
1564,394344	80,000000	80,000000	1,335803E-1
1564,394344	80,000000	80,000000	1,335803E-1
1564,394344	80,000000	80,000000	1,335803E-1
1564,394344	80,000000	80,000000	1,335803E-1
1564,394344	80,000000	80,000000	1,335803E-1
1564,394344	80,000000	80,000000	1,335803E-1
1565,395793	80,000000	80,000000	1,335803E-1
1565,395793	80,000000	80,000000	1,335803E-1
1565,395793	80,000000	80,000000	1,335803E-1
1565,395793	79,899994	80,000000	1,335803E-1
1565,395793	79,899994	80,000000	1,336071E-1
1565,395793	79,899994	80,000000	1,336087E-1
1565,395793	79,899994	80,000000	1,336087E-1
1565,395793	79,899994	80,000000	1,336103E-1
1565,395793	79,899994	80,000000	1,336119E-1
1565,395793	79,899994	80,000000	1,336135E-1
1566,396200	79,899994	80,000000	1,336135E-1
1566,396200	79,899994	80,000000	1,336151E-1
1566,396200	79,800003	80,000000	1,336151E-1
1566,396200	79,800003	80,000000	1,336151E-1
1566,396200	79,800003	80,000000	1,336435E-1
1566,396200	79,800003	80,000000	1,336435E-1
1566,396200	79,800003	80,000000	1,336467E-1
1566,396200	79,800003	80,000000	1,336499E-1
1566,396200	79,800003	80,000000	1,336499E-1
1566,396200	79,800003	80,000000	1,336532E-1
1567,396621	79,800003	80,000000	1,336564E-1
1567,396621	79,800003	80,000000	1,336564E-1
1567,396621	80,300003	80,000000	1,336596E-1
1567,396621	80,300003	80,000000	1,335288E-1
1567,396621	80,300003	80,000000	1,335288E-1
1567,396621	80,300003	80,000000	1,335240E-1
1567,396621	80,300003	80,000000	1,335191E-1
1567,396621	80,300003	80,000000	1,335191E-1
1567,396621	80,300003	80,000000	1,335191E-1
1567,396621	80,300003	80,000000	1,335191E-1
1568,397104	80,300003	80,000000	1,335143E-1
1568,397104	80,300003	80,000000	1,335095E-1
1568,397104	80,300003	80,000000	1,335047E-1
1568,397104	80,300003	80,000000	1,335047E-1
1568,397104	80,300003	80,000000	1,334999E-1
1568,397104	80,300003	80,000000	1,334999E-1
1568,397104	80,300003	80,000000	1,334951E-1
1568,397104	80,099998	80,000000	1,334903E-1
1568,397104	80,099998	80,000000	1,334903E-1
1568,397104	80,099998	80,000000	1,335390E-1
1569,396499	80,099998	80,000000	1,335374E-1
1569,396499	80,099998	80,000000	1,335358E-1
1569,396499	80,099998	80,000000	1,335358E-1
1569,396499	80,099998	80,000000	1,335358E-1
1569,396499	80,099998	80,000000	1,335358E-1
1569,396499	80,099998	80,000000	1,335342E-1
1569,396499	79,899994	80,000000	1,335326E-1
1569,396499	79,899994	80,000000	1,335326E-1
1569,396499	79,899994	80,000000	1,335846E-1
1569,396499	79,899994	80,000000	1,335862E-1
1570,396908	79,899994	80,000000	1,335878E-1
1570,396908	79,899994	80,000000	1,335878E-1
1570,396908	79,899994	80,000000	1,335894E-1
1570,396908	79,899994	80,000000	1,335910E-1
1570,396908	79,899994	80,000000	1,335927E-1
1570,396908	79,899994	80,000000	1,335927E-1
1570,396908	80,000000	80,000000	1,335943E-1
1570,396908	80,000000	80,000000	1,335943E-1
1570,396908	80,000000	80,000000	1,335691E-1
1570,396908	80,000000	80,000000	1,335691E-1
1571,396353	80,000000	80,000000	1,335691E-1
1571,396353	80,000000	80,000000	1,335691E-1
1571,396353	80,000000	80,000000	1,335691E-1
1571,396353	80,000000	80,000000	1,335691E-1
1571,396353	80,000000	80,000000	1,335691E-1
1571,396353	80,000000	80,000000	1,335691E-1
1571,396353	80,000000	80,000000	1,335691E-1
1571,396353	80,000000	80,000000	1,335691E-1
1571,396353	80,000000	80,000000	1,335691E-1
1571,396353	80,000000	80,000000	1,335691E-1
1572,396767	80,000000	80,000000	1,335691E-1
1572,396767	80,000000	80,000000	1,335691E-1
1572,396767	80,000000	80,000000	1,335691E-1
1572,396767	80,000000	80,000000	1,335691E-1
1572,396767	80,000000	80,000000	1,335691E-1
1572,396767	80,000000	80,000000	1,335691E-1
1572,396767	80,000000	80,000000	1,335691E-1
1572,396767	80,000000	80,000000	1,335691E-1
1572,396767	80,000000	80,000000	1,335691E-1
1572,396767	80,000000	80,000000	1,335691E-1
1573,398137	80,000000	80,000000	1,335691E-1
1573,398137	80,000000	80,000000	1,335691E-1
1573,398137	80,000000	80,000000	1,335691E-1
1573,398137	80,000000	80,000000	1,335691E-1
1573,398137	80,000000	80,000000	1,335691E-1
1573,398137	80,000000	80,000000	1,335691E-1
1573,398137	80,000000	80,000000	1,335691E-1
1573,398137	80,000000	80,000000	1,335691E-1
1573,398137	80,000000	80,000000	1,335691E-1
1573,398137	80,000000	80,000000	1,335691E-1
1574,397480	80,000000	80,000000	1,335691E-1
1574,397480	80,000000	80,000000	1,335691E-1
1574,397480	80,000000	80,000000	1,335691E-1
1574,397480	80,000000	80,000000	1,335691E-1
1574,397480	80,000000	80,000000	1,335691E-1
1574,397480	80,000000	80,000000	1,335691E-1
1574,397480	80,000000	80,000000	1,335691E-1
1574,397480	80,000000	80,000000	1,335691E-1
1574,397480	80,000000	80,000000	1,335691E-1
1574,397480	80,000000	80,000000	1,335691E-1
1575,397943	80,000000	80,000000	1,335691E-1
1575,397943	80,000000	80,000000	1,335691E-1
1575,397943	80,000000	80,000000	1,335691E-1
1575,397943	80,000000	80,000000	1,335691E-1
1575,397943	80,199997	80,000000	1,335691E-1
1575,397943	80,199997	80,000000	1,335691E-1
1575,397943	80,199997	80,000000	1,335691E-1
1575,397943	80,199997	80,000000	1,335691E-1
1575,397943	80,199997	80,000000	1,335691E-1
1575,397943	80,199997	80,000000	1,335691E-1
1576,397338	80,199997	80,000000	1,335691E-1
1576,397338	80,199997	80,000000	1,335691E-1
1576,397338	80,199997	80,000000	1,335691E-1
1576,397338	80,199997	80,000000	1,335691E-1
1576,397338	80,199997	80,000000	1,335691E-1
1576,397338	80,199997	80,000000	1,335691E-1
1576,397338	80,199997	80,000000	1,335691E-1
1576,397338	80,199997	80,000000	1,335691E-1
1576,397338	80,199997	80,000000	1,335691E-1
1576,397338	80,199997	80,000000	1,335691E-1
1577,397791	80,199997	80,000000	1,335691E-1
1577,397791	80,199997	80,000000	1,335155E-1
1577,397791	80,199997	80,000000	1,335155E-1
1577,397791	80,199997	80,000000	1,335155E-1
1577,397791	80,199997	80,000000	1,335155E-1
1577,397791	80,199997	80,000000	1,335155E-1
1577,397791	80,199997	80,000000	1,335155E-1
1577,397791	80,199997	80,000000	1,335155E-1
1577,397791	80,199997	80,000000	1,335155E-1
1577,397791	80,199997	80,000000	1,335155E-1
1578,399188	80,199997	80,000000	1,335155E-1
1578,399188	80,199997	80,000000	1,335155E-1
1578,399188	80,199997	80,000000	1,335155E-1
1578,399188	80,199997	80,000000	1,335155E-1
1578,399188	80,199997	80,000000	1,335155E-1
1578,399188	80,199997	80,000000	1,335155E-1
1578,399188	80,199997	80,000000	1,335155E-1
1578,399188	80,199997	80,000000	1,335155E-1
1578,399188	80,199997	80,000000	1,335155E-1
1578,399188	80,199997	80,000000	1,335122E-1
1579,398641	80,100006	80,000000	1,335122E-1
1579,398641	80,100006	80,000000	1,335122E-1
1579,398641	80,100006	80,000000	1,335122E-1
1579,398641	80,100006	80,000000	1,335122E-1
1579,398641	80,100006	80,000000	1,335122E-1
1579,398641	80,100006	80,000000	1,335122E-1
1579,398641	80,100006	80,000000	1,335122E-1
1579,398641	80,100006	80,000000	1,335122E-1
1579,398641	80,100006	80,000000	1,335122E-1
1579,398641	80,100006	80,000000	1,335122E-1
1580,399083	80,100006	80,000000	1,335122E-1
1580,399083	80,100006	80,000000	1,335122E-1
1580,399083	80,100006	80,000000	1,335122E-1
1580,399083	80,100006	80,000000	1,335122E-1
1580,399083	80,100006	80,000000	1,335122E-1
1580,399083	80,100006	80,000000	1,335122E-1
1580,399083	80,100006	80,000000	1,335358E-1
1580,399083	79,599998	80,000000	1,335358E-1
1580,399083	79,599998	80,000000	1,335358E-1
1580,399083	79,599998	80,000000	1,335358E-1
1581,398505	79,599998	80,000000	1,335358E-1
1581,398505	79,599998	80,000000	1,335358E-1
1581,398505	79,599998	80,000000	1,335358E-1
1581,398505	79,599998	80,000000	1,335358E-1
1581,398505	79,599998	80,000000	1,335358E-1
1581,398505	79,599998	80,000000	1,335358E-1
1581,398505	79,599998	80,000000	1,335358E-1
1581,398505	79,599998	80,000000	1,335358E-1
1581,398505	79,599998	80,000000	1,335358E-1
1581,398505	79,599998	80,000000	1,335358E-1
1582,398952	79,599998	80,000000	1,335358E-1
1582,398952	79,599998	80,000000	1,335358E-1
1582,398952	79,599998	80,000000	1,335358E-1
1582,398952	79,599998	80,000000	1,335358E-1
1582,398952	79,599998	80,000000	1,336682E-1
1582,398952	79,599998	80,000000	1,336682E-1
1582,398952	80,000000	80,000000	1,335675E-1
1582,398952	80,000000	80,000000	1,335675E-1
1582,398952	80,000000	80,000000	1,335675E-1
1582,398952	80,000000	80,000000	1,335675E-1
1583,399327	79,800003	80,000000	1,335675E-1
1583,399327	79,800003	80,000000	1,336211E-1
1583,399327	79,800003	80,000000	1,336243E-1
1583,399327	79,800003	80,000000	1,336275E-1
1583,399327	79,800003	80,000000	1,336307E-1
1583,399327	79,800003	80,000000	1,336307E-1
1583,399327	79,800003	80,000000	1,336339E-1
1583,399327	79,800003	80,000000	1,336371E-1
1583,399327	79,800003	80,000000	1,336403E-1
1583,399327	79,800003	80,000000	1,336403E-1
1583,399327	79,800003	80,000000	1,336435E-1
1584,399762	79,800003	80,000000	1,336467E-1
1584,399762	79,800003	80,000000	1,336467E-1
1584,399762	79,800003	80,000000	1,336467E-1
1584,399762	79,800003	80,000000	1,336499E-1
1584,399762	79,800003	80,000000	1,336499E-1
1584,399762	79,800003	80,000000	1,336532E-1
1584,399762	79,800003	80,000000	1,336532E-1
1584,399762	79,800003	80,000000	1,336564E-1
1584,399762	79,800003	80,000000	1,336596E-1
1584,399762	79,800003	80,000000	1,336628E-1
1585,400236	79,800003	80,000000	1,336628E-1
1585,400236	80,100006	80,000000	1,336660E-1
1585,400236	80,100006	80,000000	1,335888E-1
1585,400236	80,100006	80,000000	1,335888E-1
1585,400236	80,100006	80,000000	1,335872E-1
1585,400236	80,100006	80,000000	1,335856E-1
1585,400236	80,100006	80,000000	1,335856E-1
1585,400236	80,100006	80,000000	1,335840E-1
1585,400236	80,100006	80,000000	1,335840E-1
1586,400664	80,100006	80,000000	1,335824E-1
1586,400664	80,100006	80,000000	1,335808E-1
1586,400664	80,099998	80,000000	1,335792E-1
1586,400664	80,099998	80,000000	1,335792E-1
1586,400664	80,099998	80,000000	1,335776E-1
1586,400664	80,099998	80,000000	1,335760E-1
1586,400664	80,099998	80,000000	1,335744E-1
1586,400664	80,099998	80,000000	1,335727E-1
1586,400664	80,099998	80,000000	1,335711E-1
1586,400664	80,099998	80,000000	1,335711E-1
1586,400664	80,099998	80,000000	1,335695E-1
1587,401076	80,099998	80,000000	1,335679E-1
1587,401076	79,800003	80,000000	1,335679E-1
1587,401076	79,800003	80,000000	1,335679E-1
1587,401076	79,800003	80,000000	1,336467E-1
1587,401076	79,800003	80,000000	1,336467E-1
1587,401076	79,800003	80,000000	1,336499E-1
1587,401076	79,800003	80,000000	1,336499E-1
1587,401076	79,800003	80,000000	1,336532E-1
1587,401076	79,800003	80,000000	1,336564E-1
1587,401076	79,800003	80,000000	1,336564E-1
1588,400413	79,800003	80,000000	1,336596E-1
1588,400413	79,800003	80,000000	1,336628E-1
1588,400413	79,800003	80,000000	1,336660E-1
1588,400413	79,800003	80,000000	1,336660E-1
1588,400413	80,000000	80,000000	1,336692E-1
1588,400413	80,000000	80,000000	1,336188E-1
1588,400413	80,000000	80,000000	1,336188E-1
1588,400413	80,000000	80,000000	1,336188E-1
1588,400413	80,000000	80,000000	1,336188E-1
1588,400413	80,000000	80,000000	1,336188E-1
1589,401892	80,000000	80,000000	1,336188E-1
1589,401892	80,000000	80,000000	1,336188E-1
1589,401892	80,000000	80,000000	1,336188E-1
1589,401892	80,000000	80,000000	1,336188E-1
1589,401892	80,000000	80,000000	1,336188E-1
1589,401892	80,000000	80,000000	1,336188E-1
1589,401892	80,000000	80,000000	1,336188E-1
1589,401892	80,000000	80,000000	1,336188E-1
1589,401892	80,000000	80,000000	1,336188E-1
1589,401892	80,000000	80,000000	1,336188E-1
1590,402321	80,000000	80,000000	1,336188E-1
1590,402321	80,000000	80,000000	1,336188E-1
1590,402321	80,000000	80,000000	1,336188E-1
1590,402321	80,000000	80,000000	1,336188E-1
1590,402321	80,000000	80,000000	1,336188E-1
1590,402321	80,000000	80,000000	1,336188E-1
1590,402321	80,000000	80,000000	1,336188E-1
1590,402321	80,000000	80,000000	1,336188E-1
1590,402321	80,000000	80,000000	1,336188E-1
1590,402321	80,000000	80,000000	1,336188E-1
1591,401694	80,000000	80,000000	1,336188E-1
1591,401694	80,000000	80,000000	1,336188E-1
1591,401694	80,000000	80,000000	1,336188E-1
1591,401694	80,000000	80,000000	1,336188E-1
1591,401694	80,000000	80,000000	1,336188E-1
1591,401694	80,000000	80,000000	1,336188E-1
1591,401694	80,000000	80,000000	1,336188E-1
1591,401694	80,000000	80,000000	1,336188E-1
1591,401694	80,000000	80,000000	1,336188E-1
1591,401694	80,000000	80,000000	1,336188E-1
1592,402140	79,900002	80,000000	1,336188E-1
1592,402140	79,900002	80,000000	1,336188E-1
1592,402140	79,900002	80,000000	1,336188E-1
1592,402140	79,900002	80,000000	1,336188E-1
1592,402140	79,900002	80,000000	1,336188E-1
1592,402140	79,900002	80,000000	1,336188E-1
1592,402140	79,900002	80,000000	1,336188E-1
1592,402140	79,900002	80,000000	1,336188E-1
1592,402140	79,900002	80,000000	1,336188E-1
1592,402140	79,900002	80,000000	1,336188E-1
1593,402478	79,900002	80,000000	1,336188E-1
1593,402478	79,900002	80,000000	1,336188E-1
1593,402478	79,900002	80,000000	1,336188E-1
1593,402478	79,900002	80,000000	1,336188E-1
1593,402478	79,900002	80,000000	1,336188E-1
1593,402478	79,900002	80,000000	1,336456E-1
1593,402478	79,900002	80,000000	1,336456E-1
1593,402478	79,900002	80,000000	1,336456E-1
1593,402478	79,900002	80,000000	1,336472E-1
1593,402478	79,900002	80,000000	1,336472E-1
1594,402966	79,900002	80,000000	1,336472E-1
1594,402966	79,900002	80,000000	1,336472E-1
1594,402966	79,900002	80,000000	1,336472E-1
1594,402966	79,900002	80,000000	1,336472E-1
1594,402966	79,900002	80,000000	1,336472E-1
1594,402966	79,900002	80,000000	1,336472E-1
1594,402966	79,900002	80,000000	1,336472E-1
1594,402966	79,900002	80,000000	1,336472E-1
1594,402966	79,900002	80,000000	1,336472E-1
1594,402966	79,900002	80,000000	1,336472E-1
1595,403314	79,900002	80,000000	1,336472E-1
1595,403314	79,900002	80,000000	1,336472E-1
1595,403314	79,900002	80,000000	1,336472E-1
1595,403314	80,000000	80,000000	1,336472E-1
1595,403314	80,000000	80,000000	1,336472E-1
1595,403314	80,000000	80,000000	1,336472E-1
1595,403314	80,000000	80,000000	1,336472E-1
1595,403314	80,000000	80,000000	1,336472E-1
1595,403314	80,000000	80,000000	1,336472E-1
1595,403314	80,000000	80,000000	1,336472E-1
1596,403280	80,000000	80,000000	1,336472E-1
1596,403280	80,000000	80,000000	1,336472E-1
1596,403280	80,000000	80,000000	1,336472E-1
1596,403280	80,000000	80,000000	1,336472E-1
1596,403280	80,000000	80,000000	1,336472E-1
1596,403280	80,000000	80,000000	1,336472E-1
1596,403280	80,000000	80,000000	1,336472E-1
1596,403280	80,000000	80,000000	1,336472E-1
1596,403280	80,000000	80,000000	1,336472E-1
1596,403280	80,000000	80,000000	1,336472E-1
1597,402747	80,000000	80,000000	1,336220E-1
1597,402747	80,000000	80,000000	1,336220E-1
1597,402747	80,000000	80,000000	1,336220E-1
1597,402747	80,000000	80,000000	1,336220E-1
1597,402747	80,000000	80,000000	1,336220E-1
1597,402747	80,000000	80,000000	1,336220E-1
1597,402747	80,000000	80,000000	1,336220E-1
1597,402747	80,000000	80,000000	1,336220E-1
1597,402747	80,000000	80,000000	1,336220E-1
1597,402747	80,000000	80,000000	1,336220E-1
1598,404211	80,000000	80,000000	1,336220E-1
1598,404211	80,000000	80,000000	1,336220E-1
1598,404211	80,000000	80,000000	1,336220E-1
1598,404211	80,000000	80,000000	1,336220E-1
1598,404211	80,000000	80,000000	1,336220E-1
1598,404211	80,000000	80,000000	1,336220E-1
1598,404211	80,000000	80,000000	1,336220E-1
1598,404211	80,000000	80,000000	1,336220E-1
1598,404211	80,000000	80,000000	1,336220E-1
1598,404211	80,099998	80,000000	1,336220E-1
1599,404590	80,099998	80,000000	1,336220E-1
1599,404590	80,099998	80,000000	1,336220E-1
1599,404590	80,099998	80,000000	1,336220E-1
1599,404590	80,099998	80,000000	1,336220E-1
1599,404590	80,099998	80,000000	1,336220E-1
1599,404590	80,099998	80,000000	1,336220E-1
1599,404590	80,099998	80,000000	1,336220E-1
1599,404590	80,099998	80,000000	1,336220E-1
1599,404590	80,099998	80,000000	1,336220E-1
1599,404590	80,099998	80,000000	1,336220E-1
1600,405089	80,099998	80,000000	1,336220E-1
1600,405089	80,099998	80,000000	1,336220E-1
1600,405089	80,099998	80,000000	1,336220E-1
1600,405089	80,099998	80,000000	1,336220E-1
1600,405089	80,099998	80,000000	1,336220E-1
1600,405089	80,099998	80,000000	1,335952E-1
1600,405089	80,000000	80,000000	1,335952E-1
1600,405089	80,000000	80,000000	1,335952E-1
1600,405089	80,199997	80,000000	1,336204E-1
1600,405089	80,199997	80,000000	1,336204E-1
1601,405403	80,199997	80,000000	1,336204E-1
1601,405403	80,199997	80,000000	1,335668E-1
1601,405403	80,199997	80,000000	1,335668E-1
1601,405403	80,000000	80,000000	1,335636E-1
1601,405403	80,000000	80,000000	1,336140E-1
1601,405403	80,000000	80,000000	1,336140E-1
1601,405403	80,000000	80,000000	1,336140E-1
1601,405403	80,000000	80,000000	1,336140E-1
1601,405403	80,000000	80,000000	1,336140E-1
1601,405403	80,000000	80,000000	1,336140E-1
1602,405832	80,000000	80,000000	1,336140E-1
1602,405832	80,000000	80,000000	1,336140E-1
1602,405832	80,000000	80,000000	1,336140E-1
1602,405832	80,000000	80,000000	1,336140E-1
1602,405832	80,000000	80,000000	1,336140E-1
1602,405832	80,000000	80,000000	1,336140E-1
1602,405832	80,000000	80,000000	1,336140E-1
1602,405832	80,000000	80,000000	1,336140E-1
1602,405832	80,000000	80,000000	1,336140E-1
1602,405832	79,699997	80,000000	1,336140E-1
1603,407277	79,699997	80,000000	1,336944E-1
1603,407277	79,699997	80,000000	1,336944E-1
1603,407277	79,699997	80,000000	1,336992E-1
1603,407277	79,699997	80,000000	1,337040E-1
1603,407277	79,699997	80,000000	1,337088E-1
1603,407277	79,699997	80,000000	1,337088E-1
1603,407277	79,699997	80,000000	1,337137E-1
1603,407277	79,699997	80,000000	1,337185E-1
1603,407277	79,699997	80,000000	1,337185E-1
1603,407277	79,699997	80,000000	1,337233E-1
1604,406703	79,699997	80,000000	1,337233E-1
1604,406703	80,100006	80,000000	1,337233E-1
1604,406703	80,100006	80,000000	1,336209E-1
1604,406703	80,100006	80,000000	1,336193E-1
1604,406703	80,100006	80,000000	1,336177E-1
1604,406703	80,100006	80,000000	1,336161E-1
1604,406703	80,100006	80,000000	1,336161E-1
1604,406703	80,100006	80,000000	1,336145E-1
1604,406703	80,100006	80,000000	1,336129E-1
1604,406703	80,100006	80,000000	1,336129E-1
1605,407150	79,600006	80,000000	1,336113E-1
1605,407150	79,600006	80,000000	1,337437E-1
1605,407150	79,600006	80,000000	1,337437E-1
1605,407150	79,600006	80,000000	1,337501E-1
1605,407150	79,600006	80,000000	1,337501E-1
1605,407150	79,600006	80,000000	1,337565E-1
1605,407150	79,600006	80,000000	1,337565E-1
1605,407150	79,600006	80,000000	1,337629E-1
1605,407150	79,600006	80,000000	1,337693E-1
1605,407150	79,600006	80,000000	1,337693E-1
1606,406538	79,600006	80,000000	1,337758E-1
1606,406538	80,300003	80,000000	1,337822E-1
1606,406538	80,300003	80,000000	1,336010E-1
1606,406538	80,300003	80,000000	1,335962E-1
1606,406538	80,300003	80,000000	1,335914E-1
1606,406538	80,300003	80,000000	1,335865E-1
1606,406538	80,300003	80,000000	1,335865E-1
1606,406538	80,300003	80,000000	1,335817E-1
1606,406538	80,300003	80,000000	1,335769E-1
1606,406538	80,300003	80,000000	1,335769E-1
1607,408014	80,000000	80,000000	1,335721E-1
1607,408014	80,000000	80,000000	1,335721E-1
1607,408014	80,000000	80,000000	1,335721E-1
1607,408014	80,000000	80,000000	1,336477E-1
1607,408014	80,000000	80,000000	1,336477E-1
1607,408014	80,000000	80,000000	1,336477E-1
1607,408014	80,000000	80,000000	1,336477E-1
1607,408014	80,000000	80,000000	1,336477E-1
1607,408014	80,000000	80,000000	1,336477E-1
1607,408014	80,000000	80,000000	1,336477E-1
1608,407426	80,000000	80,000000	1,336477E-1
1608,407426	79,800003	80,000000	1,337013E-1
1608,407426	79,800003	80,000000	1,337013E-1
1608,407426	79,800003	80,000000	1,337045E-1
1608,407426	79,800003	80,000000	1,337045E-1
1608,407426	79,800003	80,000000	1,337077E-1
1608,407426	79,800003	80,000000	1,337077E-1
1608,407426	79,800003	80,000000	1,337109E-1
1608,407426	79,800003	80,000000	1,337109E-1
1608,407426	79,800003	80,000000	1,337141E-1
1609,407858	79,800003	80,000000	1,337173E-1
1609,407858	79,800003	80,000000	1,337206E-1
1609,407858	79,800003	80,000000	1,337206E-1
1609,407858	79,800003	80,000000	1,337238E-1
1609,407858	79,800003	80,000000	1,337270E-1
1609,407858	79,800003	80,000000	1,337270E-1
1609,407858	79,800003	80,000000	1,337302E-1
1609,407858	79,800003	80,000000	1,337334E-1
1609,407858	79,800003	80,000000	1,337366E-1
1609,407858	79,800003	80,000000	1,337366E-1
1610,409253	79,800003	80,000000	1,337398E-1
1610,409253	79,800003	80,000000	1,337398E-1
1610,409253	79,800003	80,000000	1,337430E-1
1610,409253	79,800003	80,000000	1,337462E-1
1610,409253	80,199997	80,000000	1,336422E-1
1610,409253	80,199997	80,000000	1,336422E-1
1610,409253	80,199997	80,000000	1,336390E-1
1610,409253	80,199997	80,000000	1,336358E-1
1610,409253	80,199997	80,000000	1,336326E-1
1610,409253	80,199997	80,000000	1,336326E-1
1611,408659	80,199997	80,000000	1,336294E-1
1611,408659	80,199997	80,000000	1,336262E-1
1611,408659	80,199997	80,000000	1,336262E-1
1611,408659	80,199997	80,000000	1,336230E-1
1611,408659	80,199997	80,000000	1,336230E-1
1611,408659	80,199997	80,000000	1,336198E-1
1611,408659	80,199997	80,000000	1,336198E-1
1611,408659	80,199997	80,000000	1,336166E-1
1611,408659	80,199997	80,000000	1,336134E-1
1611,408659	80,199997	80,000000	1,336101E-1
1612,409151	80,199997	80,000000	1,336069E-1
1612,409151	80,199997	80,000000	1,336037E-1
1612,409151	80,199997	80,000000	1,336037E-1
1612,409151	80,199997	80,000000	1,336037E-1
1612,409151	80,099998	80,000000	1,336005E-1
1612,409151	80,099998	80,000000	1,336241E-1
1612,409151	80,099998	80,000000	1,336225E-1
1612,409151	80,099998	80,000000	1,336225E-1
1612,409151	80,099998	80,000000	1,336209E-1
1612,409151	80,099998	80,000000	1,336209E-1
1613,408606	80,099998	80,000000	1,336193E-1
1613,408606	80,099998	80,000000	1,336193E-1
1613,408606	80,099998	80,000000	1,336177E-1
1613,408606	80,099998	80,000000	1,336161E-1
1613,408606	80,099998	80,000000	1,336161E-1
1613,408606	80,000000	80,000000	1,336145E-1
1613,408606	80,000000	80,000000	1,336397E-1
1613,408606	80,000000	80,000000	1,336397E-1
1613,408606	80,000000	80,000000	1,336397E-1
1613,408606	80,000000	80,000000	1,336397E-1
1614,408934	80,000000	80,000000	1,336397E-1
1614,408934	80,000000	80,000000	1,336397E-1
1614,408934	80,000000	80,000000	1,336397E-1
1614,408934	80,000000	80,000000	1,336397E-1
1614,408934	80,000000	80,000000	1,336397E-1
1614,408934	80,000000	80,000000	1,336397E-1
1614,408934	80,000000	80,000000	1,336397E-1
1614,408934	80,000000	80,000000	1,336397E-1
1614,408934	80,000000	80,000000	1,336397E-1
1614,408934	79,900002	80,000000	1,336397E-1
1615,408421	79,900002	80,000000	1,336665E-1
1615,408421	79,900002	80,000000	1,336665E-1
1615,408421	79,900002	80,000000	1,336681E-1
1615,408421	79,900002	80,000000	1,336697E-1
1615,408421	79,900002	80,000000	1,336713E-1
1615,408421	79,900002	80,000000	1,336729E-1
1615,408421	79,900002	80,000000	1,336729E-1
1615,408421	79,900002	80,000000	1,336745E-1
1615,408421	79,900002	80,000000	1,336761E-1
1615,408421	79,900002	80,000000	1,336761E-1
1616,408873	79,900002	80,000000	1,336777E-1
1616,408873	79,900002	80,000000	1,336777E-1
1616,408873	79,900002	80,000000	1,336793E-1
1616,408873	79,900002	80,000000	1,336809E-1
1616,408873	79,900002	80,000000	1,336825E-1
1616,408873	79,900002	80,000000	1,336825E-1
1616,408873	79,900002	80,000000	1,336841E-1
1616,408873	79,900002	80,000000	1,336857E-1
1616,408873	79,900002	80,000000	1,336873E-1
1616,408873	79,900002	80,000000	1,336889E-1
1617,409218	80,099998	80,000000	1,336369E-1
1617,409218	80,099998	80,000000	1,336353E-1
1617,409218	80,099998	80,000000	1,336353E-1
1617,409218	80,099998	80,000000	1,336337E-1
1617,409218	80,099998	80,000000	1,336337E-1
1617,409218	80,099998	80,000000	1,336321E-1
1617,409218	80,099998	80,000000	1,336321E-1
1617,409218	80,099998	80,000000	1,336305E-1
1617,409218	80,099998	80,000000	1,336289E-1
1617,409218	80,099998	80,000000	1,336289E-1
1618,408705	80,099998	80,000000	1,336273E-1
1618,408705	80,000000	80,000000	1,336257E-1
1618,408705	80,000000	80,000000	1,336509E-1
1618,408705	80,000000	80,000000	1,336509E-1
1618,408705	80,000000	80,000000	1,336509E-1
1618,408705	80,000000	80,000000	1,336509E-1
1618,408705	80,000000	80,000000	1,336509E-1
1618,408705	80,000000	80,000000	1,336509E-1
1618,408705	80,000000	80,000000	1,336509E-1
1618,408705	80,000000	80,000000	1,336509E-1
1619,409142	80,000000	80,000000	1,336509E-1
1619,409142	80,000000	80,000000	1,336509E-1
1619,409142	80,000000	80,000000	1,336509E-1
1619,409142	80,000000	80,000000	1,336509E-1
1619,409142	80,000000	80,000000	1,336509E-1
1619,409142	80,000000	80,000000	1,336509E-1
1619,409142	80,000000	80,000000	1,336509E-1
1619,409142	80,000000	80,000000	1,336509E-1
1619,409142	80,000000	80,000000	1,336509E-1
1619,409142	80,000000	80,000000	1,336509E-1
1620,408579	80,000000	80,000000	1,336509E-1
1620,408579	80,000000	80,000000	1,336509E-1
1620,408579	80,000000	80,000000	1,336509E-1
1620,408579	80,000000	80,000000	1,336509E-1
1620,408579	80,000000	80,000000	1,336509E-1
1620,408579	80,000000	80,000000	1,336509E-1
1620,408579	80,000000	80,000000	1,336509E-1
1620,408579	80,000000	80,000000	1,336509E-1
1620,408579	80,000000	80,000000	1,336509E-1
1620,408579	80,000000	80,000000	1,336509E-1
1621,409929	80,000000	80,000000	1,336509E-1
1621,409929	80,000000	80,000000	1,336509E-1
1621,409929	80,000000	80,000000	1,336509E-1
1621,409929	80,000000	80,000000	1,336509E-1
1621,409929	80,000000	80,000000	1,336509E-1
1621,409929	79,899994	80,000000	1,336509E-1
1621,409929	79,899994	80,000000	1,336777E-1
1621,409929	79,899994	80,000000	1,336777E-1
1621,409929	79,899994	80,000000	1,336793E-1
1621,409929	79,899994	80,000000	1,336793E-1
1622,409367	79,899994	80,000000	1,336809E-1
1622,409367	79,899994	80,000000	1,336809E-1
1622,409367	79,899994	80,000000	1,336825E-1
1622,409367	79,899994	80,000000	1,336841E-1
1622,409367	79,899994	80,000000	1,336841E-1
1622,409367	79,899994	80,000000	1,336841E-1
1622,409367	79,899994	80,000000	1,336857E-1
1622,409367	80,300003	80,000000	1,336857E-1
1622,409367	80,300003	80,000000	1,336857E-1
1622,409367	80,300003	80,000000	1,336857E-1
1623,409789	80,300003	80,000000	1,336857E-1
1623,409789	80,300003	80,000000	1,336857E-1
1623,409789	80,300003	80,000000	1,336857E-1
1623,409789	80,300003	80,000000	1,336857E-1
1623,409789	80,300003	80,000000	1,336857E-1
1623,409789	80,300003	80,000000	1,336857E-1
1623,409789	80,300003	80,000000	1,336857E-1
1623,409789	80,300003	80,000000	1,336857E-1
1623,409789	80,300003	80,000000	1,336857E-1
1623,409789	80,300003	80,000000	1,336857E-1
1624,410257	80,300003	80,000000	1,336857E-1
1624,410257	80,300003	80,000000	1,336857E-1
1624,410257	80,300003	80,000000	1,336857E-1
1624,410257	80,300003	80,000000	1,336857E-1
1624,410257	80,300003	80,000000	1,336857E-1
1624,410257	80,300003	80,000000	1,336857E-1
1624,410257	80,300003	80,000000	1,336857E-1
1624,410257	80,300003	80,000000	1,336857E-1
1624,410257	80,300003	80,000000	1,336857E-1
1624,410257	80,300003	80,000000	1,336857E-1
1625,409634	80,300003	80,000000	1,335801E-1
1625,409634	80,300003	80,000000	1,335801E-1
1625,409634	80,000000	80,000000	1,335801E-1
1625,409634	80,000000	80,000000	1,335801E-1
1625,409634	80,000000	80,000000	1,335801E-1
1625,409634	80,000000	80,000000	1,335801E-1
1625,409634	80,000000	80,000000	1,335801E-1
1625,409634	80,000000	80,000000	1,335801E-1
1625,409634	80,000000	80,000000	1,335801E-1
1625,409634	80,000000	80,000000	1,335801E-1
1626,411109	80,000000	80,000000	1,335801E-1
1626,411109	80,000000	80,000000	1,335801E-1
1626,411109	80,000000	80,000000	1,335801E-1
1626,411109	80,000000	80,000000	1,335801E-1
1626,411109	80,000000	80,000000	1,335801E-1
1626,411109	80,000000	80,000000	1,335801E-1
1626,411109	80,000000	80,000000	1,335801E-1
1626,411109	80,000000	80,000000	1,336557E-1
1626,411109	80,000000	80,000000	1,336557E-1
1626,411109	80,000000	80,000000	1,336557E-1
1627,410485	80,000000	80,000000	1,336557E-1
1627,410485	80,000000	80,000000	1,336557E-1
1627,410485	80,000000	80,000000	1,336557E-1
1627,410485	80,000000	80,000000	1,336557E-1
1627,410485	80,000000	80,000000	1,336557E-1
1627,410485	80,000000	80,000000	1,336557E-1
1627,410485	80,000000	80,000000	1,336557E-1
1627,410485	80,000000	80,000000	1,336557E-1
1627,410485	80,000000	80,000000	1,336557E-1
1627,410485	80,000000	80,000000	1,336557E-1
1628,411934	80,000000	80,000000	1,336557E-1
1628,411934	80,000000	80,000000	1,336557E-1
1628,411934	80,000000	80,000000	1,336557E-1
1628,411934	80,000000	80,000000	1,336557E-1
1628,411934	80,000000	80,000000	1,336557E-1
1628,411934	79,900002	80,000000	1,336557E-1
1628,411934	79,900002	80,000000	1,336557E-1
1628,411934	79,900002	80,000000	1,336557E-1
1628,411934	79,900002	80,000000	1,336557E-1
1628,411934	79,900002	80,000000	1,336557E-1
1629,412347	79,900002	80,000000	1,336557E-1
1629,412347	79,900002	80,000000	1,336557E-1
1629,412347	79,900002	80,000000	1,336557E-1
1629,412347	79,900002	80,000000	1,336557E-1
1629,412347	79,900002	80,000000	1,336557E-1
1629,412347	79,900002	80,000000	1,336557E-1
1629,412347	79,900002	80,000000	1,336557E-1
1629,412347	79,900002	80,000000	1,336557E-1
1629,412347	79,900002	80,000000	1,336557E-1
1629,412347	79,900002	80,000000	1,336557E-1
1630,411744	79,900002	80,000000	1,336557E-1
1630,411744	79,900002	80,000000	1,336557E-1
1630,411744	79,900002	80,000000	1,336825E-1
1630,411744	79,900002	80,000000	1,336825E-1
1630,411744	79,900002	80,000000	1,336825E-1
1630,411744	79,900002	80,000000	1,336825E-1
1630,411744	79,900002	80,000000	1,336825E-1
1630,411744	79,900002	80,000000	1,336825E-1
1630,411744	79,900002	80,000000	1,336825E-1
1630,411744	79,900002	80,000000	1,336825E-1
1631,413240	79,900002	80,000000	1,336825E-1
1631,413240	79,900002	80,000000	1,336825E-1
1631,413240	79,900002	80,000000	1,336825E-1
1631,413240	79,900002	80,000000	1,336825E-1
1631,413240	79,900002	80,000000	1,336825E-1
1631,413240	79,900002	80,000000	1,336825E-1
1631,413240	79,900002	80,000000	1,336825E-1
1631,413240	79,900002	80,000000	1,336825E-1
1631,413240	79,900002	80,000000	1,336825E-1
1631,413240	79,900002	80,000000	1,336825E-1
1632,412636	79,900002	80,000000	1,336841E-1
1632,412636	80,100006	80,000000	1,336841E-1
1632,412636	80,100006	80,000000	1,336841E-1
1632,412636	80,100006	80,000000	1,336841E-1
1632,412636	80,100006	80,000000	1,336841E-1
1632,412636	80,100006	80,000000	1,336841E-1
1632,412636	80,100006	80,000000	1,336841E-1
1632,412636	80,100006	80,000000	1,336841E-1
1632,412636	80,100006	80,000000	1,336841E-1
1632,412636	80,100006	80,000000	1,336841E-1
1633,413106	80,100006	80,000000	1,336841E-1
1633,413106	80,100006	80,000000	1,336841E-1
1633,413106	80,100006	80,000000	1,336841E-1
1633,413106	80,100006	80,000000	1,336841E-1
1633,413106	80,100006	80,000000	1,336841E-1
1633,413106	80,100006	80,000000	1,336841E-1
1633,413106	80,100006	80,000000	1,336841E-1
1633,413106	80,100006	80,000000	1,336321E-1
1633,413106	80,000000	80,000000	1,336321E-1
1633,413106	80,000000	80,000000	1,336321E-1
1634,412426	80,000000	80,000000	1,336573E-1
1634,412426	80,100006	80,000000	1,336573E-1
1634,412426	80,100006	80,000000	1,336573E-1
1634,412426	80,100006	80,000000	1,336573E-1
1634,412426	80,100006	80,000000	1,336305E-1
1634,412426	79,900002	80,000000	1,336289E-1
1634,412426	79,900002	80,000000	1,336289E-1
1634,412426	79,900002	80,000000	1,336809E-1
1634,412426	79,900002	80,000000	1,336825E-1
1634,412426	79,900002	80,000000	1,336841E-1
1635,412916	79,900002	80,000000	1,336857E-1
1635,412916	79,900002	80,000000	1,336857E-1
1635,412916	79,900002	80,000000	1,336873E-1
1635,412916	79,900002	80,000000	1,336889E-1
1635,412916	79,900002	80,000000	1,336905E-1
1635,412916	79,900002	80,000000	1,336905E-1
1635,412916	79,900002	80,000000	1,336922E-1
1635,412916	79,900002	80,000000	1,336922E-1
1635,412916	79,900002	80,000000	1,336922E-1
1635,412916	79,900002	80,000000	1,336938E-1
1636,413349	79,900002	80,000000	1,336954E-1
1636,413349	79,899994	80,000000	1,336970E-1
1636,413349	79,899994	80,000000	1,336970E-1
1636,413349	79,899994	80,000000	1,336986E-1
1636,413349	79,899994	80,000000	1,337002E-1
1636,413349	79,899994	80,000000	1,337018E-1
1636,413349	79,899994	80,000000	1,337018E-1
1636,413349	79,899994	80,000000	1,337034E-1
1636,413349	79,899994	80,000000	1,337050E-1
1636,413349	79,899994	80,000000	1,337066E-1
1637,412756	79,899994	80,000000	1,337066E-1
1637,412756	79,899994	80,000000	1,337066E-1
1637,412756	79,899994	80,000000	1,337082E-1
1637,412756	80,099998	80,000000	1,337082E-1
1637,412756	80,099998	80,000000	1,336562E-1
1637,412756	80,099998	80,000000	1,336546E-1
1637,412756	80,099998	80,000000	1,336530E-1
1637,412756	80,099998	80,000000	1,336514E-1
1637,412756	80,099998	80,000000	1,336514E-1
1637,412756	80,099998	80,000000	1,336498E-1
1638,413161	80,099998	80,000000	1,336482E-1
1638,413161	80,099998	80,000000	1,336482E-1
1638,413161	79,900002	80,000000	1,336466E-1
1638,413161	79,900002	80,000000	1,336986E-1
1638,413161	79,900002	80,000000	1,336986E-1
1638,413161	79,900002	80,000000	1,337002E-1
1638,413161	79,900002	80,000000	1,337002E-1
1638,413161	79,900002	80,000000	1,337018E-1
1638,413161	79,900002	80,000000	1,337018E-1
1638,413161	79,900002	80,000000	1,337034E-1
1639,413675	79,900002	80,000000	1,337050E-1
1639,413675	79,900002	80,000000	1,337066E-1
1639,413675	79,900002	80,000000	1,337066E-1
1639,413675	80,000000	80,000000	1,337082E-1
1639,413675	80,000000	80,000000	1,336830E-1
1639,413675	80,000000	80,000000	1,336830E-1
1639,413675	80,000000	80,000000	1,336830E-1
1639,413675	80,000000	80,000000	1,336830E-1
1639,413675	80,000000	80,000000	1,336830E-1
1639,413675	80,000000	80,000000	1,336830E-1
1640,414039	80,000000	80,000000	1,336830E-1
1640,414039	80,000000	80,000000	1,336830E-1
1640,414039	80,000000	80,000000	1,336830E-1
1640,414039	80,000000	80,000000	1,336830E-1
1640,414039	80,099998	80,000000	1,336830E-1
1640,414039	80,099998	80,000000	1,336830E-1
1640,414039	80,099998	80,000000	1,336830E-1
1640,414039	80,099998	80,000000	1,336830E-1
1640,414039	80,099998	80,000000	1,336830E-1
1640,414039	80,099998	80,000000	1,336830E-1
1641,413491	80,099998	80,000000	1,336830E-1
1641,413491	80,099998	80,000000	1,336830E-1
1641,413491	80,099998	80,000000	1,336830E-1
1641,413491	80,099998	80,000000	1,336830E-1
1641,413491	80,099998	80,000000	1,336830E-1
1641,413491	80,099998	80,000000	1,336830E-1
1641,413491	80,099998	80,000000	1,336830E-1
1641,413491	80,099998	80,000000	1,336830E-1
1641,413491	80,099998	80,000000	1,336830E-1
1641,413491	80,099998	80,000000	1,336830E-1
1642,413908	80,099998	80,000000	1,336830E-1
1642,413908	80,099998	80,000000	1,336830E-1
1642,413908	80,099998	80,000000	1,336830E-1
1642,413908	80,099998	80,000000	1,336830E-1
1642,413908	80,099998	80,000000	1,336830E-1
1642,413908	80,099998	80,000000	1,336830E-1
1642,413908	80,099998	80,000000	1,336830E-1
1642,413908	80,099998	80,000000	1,336830E-1
1642,413908	80,099998	80,000000	1,336562E-1
1642,413908	80,099998	80,000000	1,336562E-1
1643,415262	80,099998	80,000000	1,336562E-1
1643,415262	80,099998	80,000000	1,336562E-1
1643,415262	80,099998	80,000000	1,336562E-1
1643,415262	80,099998	80,000000	1,336562E-1
1643,415262	80,099998	80,000000	1,336562E-1
1643,415262	80,099998	80,000000	1,336562E-1
1643,415262	80,099998	80,000000	1,336562E-1
1643,415262	80,099998	80,000000	1,336562E-1
1643,415262	80,099998	80,000000	1,336562E-1
1643,415262	80,099998	80,000000	1,336562E-1
1644,414758	80,099998	80,000000	1,336562E-1
1644,414758	80,099998	80,000000	1,336562E-1
1644,414758	80,099998	80,000000	1,336562E-1
1644,414758	80,099998	80,000000	1,336562E-1
1644,414758	80,099998	80,000000	1,336562E-1
1644,414758	80,099998	80,000000	1,336546E-1
1644,414758	80,300003	80,000000	1,336546E-1
1644,414758	80,300003	80,000000	1,336546E-1
1644,414758	80,300003	80,000000	1,336546E-1
1644,414758	80,300003	80,000000	1,336546E-1
1645,416160	80,300003	80,000000	1,336546E-1
1645,416160	80,300003	80,000000	1,336546E-1
1645,416160	80,300003	80,000000	1,336546E-1
1645,416160	80,300003	80,000000	1,336546E-1
1645,416160	80,300003	80,000000	1,336546E-1
1645,416160	80,300003	80,000000	1,336546E-1
1645,416160	80,300003	80,000000	1,336546E-1
1645,416160	80,300003	80,000000	1,336546E-1
1645,416160	80,300003	80,000000	1,336546E-1
1645,416160	80,300003	80,000000	1,336546E-1
1646,415607	80,300003	80,000000	1,336546E-1
1646,415607	80,300003	80,000000	1,336546E-1
1646,415607	80,300003	80,000000	1,336546E-1
1646,415607	80,300003	80,000000	1,335994E-1
1646,415607	80,300003	80,000000	1,335994E-1
1646,415607	80,300003	80,000000	1,335994E-1
1646,415607	80,300003	80,000000	1,335994E-1
1646,415607	80,300003	80,000000	1,335994E-1
1646,415607	80,300003	80,000000	1,335994E-1
1646,415607	80,300003	80,000000	1,335994E-1
1647,416057	80,300003	80,000000	1,335994E-1
1647,416057	80,300003	80,000000	1,335994E-1
1647,416057	80,300003	80,000000	1,335994E-1
1647,416057	80,300003	80,000000	1,335994E-1
1647,416057	80,300003	80,000000	1,335994E-1
1647,416057	80,300003	80,000000	1,335994E-1
1647,416057	80,300003	80,000000	1,335994E-1
1647,416057	80,300003	80,000000	1,335994E-1
1647,416057	80,300003	80,000000	1,335994E-1
1647,416057	80,300003	80,000000	1,335994E-1
1648,415466	80,300003	80,000000	1,335946E-1
1648,415466	79,699997	80,000000	1,335946E-1
1648,415466	79,699997	80,000000	1,335946E-1
1648,415466	79,699997	80,000000	1,335946E-1
1648,415466	79,699997	80,000000	1,335946E-1
1648,415466	79,699997	80,000000	1,335946E-1
1648,415466	79,699997	80,000000	1,335946E-1
1648,415466	79,699997	80,000000	1,335946E-1
1648,415466	79,699997	80,000000	1,335946E-1
1648,415466	79,699997	80,000000	1,335946E-1
1649,415906	79,699997	80,000000	1,335946E-1
1649,415906	79,699997	80,000000	1,335946E-1
1649,415906	79,699997	80,000000	1,335946E-1
1649,415906	79,699997	80,000000	1,335946E-1
1649,415906	79,699997	80,000000	1,335946E-1
1649,415906	79,699997	80,000000	1,335946E-1
1649,415906	79,699997	80,000000	1,335946E-1
1649,415906	79,699997	80,000000	1,335946E-1
1649,415906	79,699997	80,000000	1,337506E-1
1649,415906	79,800003	80,000000	1,337506E-1
1650,416278	79,800003	80,000000	1,337506E-1
1650,416278	79,800003	80,000000	1,337506E-1
1650,416278	79,800003	80,000000	1,337506E-1
1650,416278	79,800003	80,000000	1,337506E-1
1650,416278	79,800003	80,000000	1,337506E-1
1650,416278	79,800003	80,000000	1,337506E-1
1650,416278	79,800003	80,000000	1,337506E-1
1650,416278	79,800003	80,000000	1,337506E-1
1650,416278	79,800003	80,000000	1,337506E-1
1650,416278	79,800003	80,000000	1,337506E-1
1651,415678	79,800003	80,000000	1,337506E-1
1651,415678	79,800003	80,000000	1,337506E-1
1651,415678	79,800003	80,000000	1,337506E-1
1651,415678	79,800003	80,000000	1,337506E-1
1651,415678	79,800003	80,000000	1,337506E-1
1651,415678	79,800003	80,000000	1,337286E-1
1651,415678	79,800003	80,000000	1,337286E-1
1651,415678	79,800003	80,000000	1,337286E-1
1651,415678	79,900002	80,000000	1,337050E-1
1651,415678	79,900002	80,000000	1,337050E-1
1652,416137	79,900002	80,000000	1,337050E-1
1652,416137	79,900002	80,000000	1,337050E-1
1652,416137	80,000000	80,000000	1,337066E-1
1652,416137	80,000000	80,000000	1,336814E-1
1652,416137	80,000000	80,000000	1,336814E-1
1652,416137	80,000000	80,000000	1,336814E-1
1652,416137	80,000000	80,000000	1,336814E-1
1652,416137	80,000000	80,000000	1,336814E-1
1652,416137	80,000000	80,000000	1,336814E-1
1652,416137	80,000000	80,000000	1,336814E-1
1653,415561	80,000000	80,000000	1,336814E-1
1653,415561	80,000000	80,000000	1,336814E-1
1653,415561	80,000000	80,000000	1,336814E-1
1653,415561	80,000000	80,000000	1,336814E-1
1653,415561	79,599998	80,000000	1,336814E-1
1653,415561	79,599998	80,000000	1,336814E-1
1653,415561	79,599998	80,000000	1,337886E-1
1653,415561	79,599998	80,000000	1,337886E-1
1653,415561	79,599998	80,000000	1,337950E-1
1653,415561	79,599998	80,000000	1,338015E-1
1654,416971	79,599998	80,000000	1,338015E-1
1654,416971	79,599998	80,000000	1,338079E-1
1654,416971	79,599998	80,000000	1,338143E-1
1654,416971	79,599998	80,000000	1,338207E-1
1654,416971	80,199997	80,000000	1,338207E-1
1654,416971	80,199997	80,000000	1,336663E-1
1654,416971	80,199997	80,000000	1,336631E-1
1654,416971	80,199997	80,000000	1,336631E-1
1654,416971	80,199997	80,000000	1,336599E-1
1654,416971	80,199997	80,000000	1,336599E-1
1655,416392	80,199997	80,000000	1,336567E-1
1655,416392	80,199997	80,000000	1,336567E-1
1655,416392	80,199997	80,000000	1,336535E-1
1655,416392	80,199997	80,000000	1,336503E-1
1655,416392	80,199997	80,000000	1,336503E-1
1655,416392	79,900002	80,000000	1,336471E-1
1655,416392	79,900002	80,000000	1,337243E-1
1655,416392	79,900002	80,000000	1,337259E-1
1655,416392	79,900002	80,000000	1,337259E-1
1655,416392	79,900002	80,000000	1,337275E-1
1656,416514	79,900002	80,000000	1,337291E-1
1656,416514	79,900002	80,000000	1,337291E-1
1656,416514	79,900002	80,000000	1,337307E-1
1656,416514	79,900002	80,000000	1,337323E-1
1656,416514	80,099998	80,000000	1,337323E-1
1656,416514	80,099998	80,000000	1,337323E-1
1656,416514	80,099998	80,000000	1,337323E-1
1656,416514	80,099998	80,000000	1,336803E-1
1656,416514	80,099998	80,000000	1,336787E-1
1656,416514	80,099998	80,000000	1,336771E-1
1657,416883	80,099998	80,000000	1,336771E-1
1657,416883	80,099998	80,000000	1,336755E-1
1657,416883	80,099998	80,000000	1,336739E-1
1657,416883	80,099998	80,000000	1,336723E-1
1657,416883	80,099998	80,000000	1,336706E-1
1657,416883	80,099998	80,000000	1,336706E-1
1657,416883	80,099998	80,000000	1,336690E-1
1657,416883	80,099998	80,000000	1,336690E-1
1657,416883	80,099998	80,000000	1,336674E-1
1657,416883	80,099998	80,000000	1,336674E-1
1658,418292	80,099998	80,000000	1,336674E-1
1658,418292	80,099998	80,000000	1,336674E-1
1658,418292	80,099998	80,000000	1,336658E-1
1658,418292	80,099998	80,000000	1,336642E-1
1658,418292	80,099998	80,000000	1,336626E-1
1658,418292	80,099998	80,000000	1,336610E-1
1658,418292	80,099998	80,000000	1,336594E-1
1658,418292	80,099998	80,000000	1,336594E-1
1658,418292	80,099998	80,000000	1,336578E-1
1658,418292	80,099998	80,000000	1,336578E-1
1659,418789	80,099998	80,000000	1,336578E-1
1659,418789	80,099998	80,000000	1,336562E-1
1659,418789	80,000000	80,000000	1,336562E-1
1659,418789	80,000000	80,000000	1,336562E-1
1659,418789	80,000000	80,000000	1,336562E-1
1659,418789	80,000000	80,000000	1,336562E-1
1659,418789	80,000000	80,000000	1,336562E-1
1659,418789	80,000000	80,000000	1,336562E-1
1659,418789	80,000000	80,000000	1,336562E-1
1659,418789	80,000000	80,000000	1,336562E-1
1660,419123	80,000000	80,000000	1,336562E-1
1660,419123	80,000000	80,000000	1,336562E-1
1660,419123	80,000000	80,000000	1,336562E-1
1660,419123	80,000000	80,000000	1,336562E-1
1660,419123	80,000000	80,000000	1,336562E-1
1660,419123	80,000000	80,000000	1,336562E-1
1660,419123	80,000000	80,000000	1,336562E-1
1660,419123	80,000000	80,000000	1,336562E-1
1660,419123	80,000000	80,000000	1,336562E-1
1660,419123	80,000000	80,000000	1,336562E-1
1661,418584	80,000000	80,000000	1,336562E-1
1661,418584	80,000000	80,000000	1,336562E-1
1661,418584	80,000000	80,000000	1,336562E-1
1661,418584	80,000000	80,000000	1,336562E-1
1661,418584	80,000000	80,000000	1,336562E-1
1661,418584	80,000000	80,000000	1,336562E-1
1661,418584	80,000000	80,000000	1,336814E-1
1661,418584	80,000000	80,000000	1,336814E-1
1661,418584	80,099998	80,000000	1,336814E-1
1661,418584	80,099998	80,000000	1,336814E-1
1662,418994	80,099998	80,000000	1,336814E-1
1662,418994	80,099998	80,000000	1,336814E-1
1662,418994	80,099998	80,000000	1,336814E-1
1662,418994	80,099998	80,000000	1,336814E-1
1662,418994	80,099998	80,000000	1,336814E-1
1662,418994	80,099998	80,000000	1,336814E-1
1662,418994	80,099998	80,000000	1,336814E-1
1662,418994	80,099998	80,000000	1,336814E-1
1662,418994	80,099998	80,000000	1,336814E-1
1662,418994	80,099998	80,000000	1,336814E-1
1663,418423	80,099998	80,000000	1,336814E-1
1663,418423	80,099998	80,000000	1,336814E-1
1663,418423	80,099998	80,000000	1,336814E-1
1663,418423	80,099998	80,000000	1,336814E-1
1663,418423	80,099998	80,000000	1,336546E-1
1663,418423	80,099998	80,000000	1,336546E-1
1663,418423	80,099998	80,000000	1,336546E-1
1663,418423	80,099998	80,000000	1,336546E-1
1663,418423	80,099998	80,000000	1,336546E-1
1663,418423	80,099998	80,000000	1,336546E-1
1664,418840	80,099998	80,000000	1,336546E-1
1664,418840	80,099998	80,000000	1,336546E-1
1664,418840	80,099998	80,000000	1,336546E-1
1664,418840	80,099998	80,000000	1,336546E-1
1664,418840	80,099998	80,000000	1,336546E-1
1664,418840	80,099998	80,000000	1,336546E-1
1664,418840	80,099998	80,000000	1,336546E-1
1664,418840	80,099998	80,000000	1,336546E-1
1664,418840	80,099998	80,000000	1,336546E-1
1664,418840	80,099998	80,000000	1,336546E-1
1665,419257	80,099998	80,000000	1,336546E-1
1665,419257	80,199997	80,000000	1,336530E-1
1665,419257	80,199997	80,000000	1,336530E-1
1665,419257	80,199997	80,000000	1,336530E-1
1665,419257	80,199997	80,000000	1,336530E-1
1665,419257	80,199997	80,000000	1,336530E-1
1665,419257	80,199997	80,000000	1,336530E-1
1665,419257	80,199997	80,000000	1,336530E-1
1665,419257	80,199997	80,000000	1,336530E-1
1665,419257	80,199997	80,000000	1,336530E-1
1666,418702	80,199997	80,000000	1,336530E-1
1666,418702	80,199997	80,000000	1,336530E-1
1666,418702	80,199997	80,000000	1,336530E-1
1666,418702	80,199997	80,000000	1,336530E-1
1666,418702	80,199997	80,000000	1,336530E-1
1666,418702	80,199997	80,000000	1,336530E-1
1666,418702	80,199997	80,000000	1,336530E-1
1666,418702	80,199997	80,000000	1,336530E-1
1666,418702	80,199997	80,000000	1,336246E-1
1666,418702	80,199997	80,000000	1,336246E-1
1667,419138	80,199997	80,000000	1,336246E-1
1667,419138	80,199997	80,000000	1,336246E-1
1667,419138	80,199997	80,000000	1,336246E-1
1667,419138	80,199997	80,000000	1,336246E-1
1667,419138	80,199997	80,000000	1,336246E-1
1667,419138	80,199997	80,000000	1,336246E-1
1667,419138	80,199997	80,000000	1,336246E-1
1667,419138	80,199997	80,000000	1,336246E-1
1667,419138	80,199997	80,000000	1,336246E-1
1667,419138	80,199997	80,000000	1,336246E-1
1668,418573	80,199997	80,000000	1,336246E-1
1668,418573	80,199997	80,000000	1,336246E-1
1668,418573	80,199997	80,000000	1,336246E-1
1668,418573	80,199997	80,000000	1,336246E-1
1668,418573	80,199997	80,000000	1,336246E-1
1668,418573	80,199997	80,000000	1,336246E-1
1668,418573	80,199997	80,000000	1,336214E-1
1668,418573	79,900002	80,000000	1,336214E-1
1668,418573	79,900002	80,000000	1,336214E-1
1668,418573	79,900002	80,000000	1,336214E-1
1669,419026	79,900002	80,000000	1,336214E-1
1669,419026	79,900002	80,000000	1,336214E-1
1669,419026	79,900002	80,000000	1,336214E-1
1669,419026	79,900002	80,000000	1,336214E-1
1669,419026	79,900002	80,000000	1,336214E-1
1669,419026	79,900002	80,000000	1,336214E-1
1669,419026	79,900002	80,000000	1,336214E-1
1669,419026	79,900002	80,000000	1,336214E-1
1669,419026	79,900002	80,000000	1,336214E-1
1669,419026	79,900002	80,000000	1,336214E-1
1670,419236	79,900002	80,000000	1,336214E-1
1670,419236	79,900002	80,000000	1,336214E-1
1670,419236	79,900002	80,000000	1,336214E-1
1670,419236	79,900002	80,000000	1,336986E-1
1670,419236	79,899994	80,000000	1,336986E-1
1670,419236	79,899994	80,000000	1,336986E-1
1670,419236	79,899994	80,000000	1,337002E-1
1670,419236	79,899994	80,000000	1,337002E-1
1670,419236	79,899994	80,000000	1,337002E-1
1670,419236	79,899994	80,000000	1,337018E-1
1671,418653	79,899994	80,000000	1,337018E-1
1671,418653	80,300003	80,000000	1,337034E-1
1671,418653	80,300003	80,000000	1,335978E-1
1671,418653	80,300003	80,000000	1,335978E-1
1671,418653	80,300003	80,000000	1,335930E-1
1671,418653	80,300003	80,000000	1,335882E-1
1671,418653	80,300003	80,000000	1,335833E-1
1671,418653	80,300003	80,000000	1,335833E-1
1671,418653	80,300003	80,000000	1,335785E-1
1671,418653	80,300003	80,000000	1,335737E-1
1672,419058	80,300003	80,000000	1,335737E-1
1672,419058	80,300003	80,000000	1,335689E-1
1672,419058	80,300003	80,000000	1,335689E-1
1672,419058	80,300003	80,000000	1,335689E-1
1672,419058	80,300003	80,000000	1,335641E-1
1672,419058	80,300003	80,000000	1,335593E-1
1672,419058	80,300003	80,000000	1,335593E-1
1672,419058	79,900002	80,000000	1,335544E-1
1672,419058	79,900002	80,000000	1,336568E-1
1672,419058	79,900002	80,000000	1,336568E-1
1673,418523	79,900002	80,000000	1,336584E-1
1673,418523	79,900002	80,000000	1,336601E-1
1673,418523	79,900002	80,000000	1,336617E-1
1673,418523	79,900002	80,000000	1,336617E-1
1673,418523	79,900002	80,000000	1,336633E-1
1673,418523	79,900002	80,000000	1,336649E-1
1673,418523	79,900002	80,000000	1,336649E-1
1673,418523	79,900002	80,000000	1,336665E-1
1673,418523	79,900002	80,000000	1,336665E-1
1673,418523	80,000000	80,000000	1,336413E-1
1674,418914	80,000000	80,000000	1,336413E-1
1674,418914	80,000000	80,000000	1,336413E-1
1674,418914	80,000000	80,000000	1,336413E-1
1674,418914	80,000000	80,000000	1,336413E-1
1674,418914	80,000000	80,000000	1,336413E-1
1674,418914	80,000000	80,000000	1,336413E-1
1674,418914	80,000000	80,000000	1,336413E-1
1674,418914	80,000000	80,000000	1,336413E-1
1674,418914	79,899994	80,000000	1,336413E-1
1674,418914	79,899994	80,000000	1,336681E-1
1675,418663	79,899994	80,000000	1,336697E-1
1675,418663	79,899994	80,000000	1,336697E-1
1675,418663	79,899994	80,000000	1,336697E-1
1675,418663	79,899994	80,000000	1,336713E-1
1675,418663	79,899994	80,000000	1,336713E-1
1675,418663	79,899994	80,000000	1,336729E-1
1675,418663	79,899994	80,000000	1,336745E-1
1675,418663	79,899994	80,000000	1,336761E-1
1675,418663	79,899994	80,000000	1,336761E-1
1675,418663	80,199997	80,000000	1,336777E-1
1676,419057	80,199997	80,000000	1,335989E-1
1676,419057	80,199997	80,000000	1,335989E-1
1676,419057	80,199997	80,000000	1,335957E-1
1676,419057	80,199997	80,000000	1,335925E-1
1676,419057	80,199997	80,000000	1,335893E-1
1676,419057	80,199997	80,000000	1,335893E-1
1676,419057	80,199997	80,000000	1,335861E-1
1676,419057	80,199997	80,000000	1,335861E-1
1676,419057	80,000000	80,000000	1,335829E-1
1676,419057	80,000000	80,000000	1,335829E-1
1677,418541	80,000000	80,000000	1,336333E-1
1677,418541	80,000000	80,000000	1,336333E-1
1677,418541	80,000000	80,000000	1,336333E-1
1677,418541	80,000000	80,000000	1,336333E-1
1677,418541	80,000000	80,000000	1,336333E-1
1677,418541	80,000000	80,000000	1,336333E-1
1677,418541	80,000000	80,000000	1,336333E-1
1677,418541	80,000000	80,000000	1,336333E-1
1677,418541	80,000000	80,000000	1,336333E-1
1677,418541	80,000000	80,000000	1,336333E-1
1678,419050	80,000000	80,000000	1,336333E-1
1678,419050	80,000000	80,000000	1,336333E-1
1678,419050	80,000000	80,000000	1,336333E-1
1678,419050	80,000000	80,000000	1,336333E-1
1678,419050	80,000000	80,000000	1,336333E-1
1678,419050	80,000000	80,000000	1,336333E-1
1678,419050	80,000000	80,000000	1,336333E-1
1678,419050	80,000000	80,000000	1,336333E-1
1678,419050	80,000000	80,000000	1,336333E-1
1678,419050	80,000000	80,000000	1,336333E-1
1679,419480	80,000000	80,000000	1,336333E-1
1679,419480	80,000000	80,000000	1,336333E-1
1679,419480	80,000000	80,000000	1,336333E-1
1679,419480	80,000000	80,000000	1,336333E-1
1679,419480	80,000000	80,000000	1,336333E-1
1679,419480	80,000000	80,000000	1,336333E-1
1679,419480	80,000000	80,000000	1,336333E-1
1679,419480	80,000000	80,000000	1,336333E-1
1679,419480	80,000000	80,000000	1,336333E-1
1679,419480	80,000000	80,000000	1,336333E-1
1680,419887	80,000000	80,000000	1,336333E-1
1680,419887	80,000000	80,000000	1,336333E-1
1680,419887	80,000000	80,000000	1,336333E-1
1680,419887	80,000000	80,000000	1,336333E-1
1680,419887	80,000000	80,000000	1,336333E-1
1680,419887	80,000000	80,000000	1,336333E-1
1680,419887	80,000000	80,000000	1,336333E-1
1680,419887	80,000000	80,000000	1,336333E-1
1680,419887	80,000000	80,000000	1,336333E-1
1680,419887	80,000000	80,000000	1,336333E-1
1681,420352	80,000000	80,000000	1,336333E-1
1681,420352	80,000000	80,000000	1,336333E-1
1681,420352	80,000000	80,000000	1,336333E-1
1681,420352	80,000000	80,000000	1,336333E-1
1681,420352	80,000000	80,000000	1,336333E-1
1681,420352	80,000000	80,000000	1,336333E-1
1681,420352	80,000000	80,000000	1,336333E-1
1681,420352	80,000000	80,000000	1,336333E-1
1681,420352	80,000000	80,000000	1,336333E-1
1681,420352	79,900002	80,000000	1,336333E-1
1682,419771	79,900002	80,000000	1,336333E-1
1682,419771	79,900002	80,000000	1,336333E-1
1682,419771	79,900002	80,000000	1,336333E-1
1682,419771	79,900002	80,000000	1,336333E-1
1682,419771	79,900002	80,000000	1,336333E-1
1682,419771	79,900002	80,000000	1,336333E-1
1682,419771	79,900002	80,000000	1,336333E-1
1682,419771	79,900002	80,000000	1,336333E-1
1682,419771	79,900002	80,000000	1,336333E-1
1682,419771	79,900002	80,000000	1,336333E-1
1683,420226	79,900002	80,000000	1,336333E-1
1683,420226	79,900002	80,000000	1,336333E-1
1683,420226	79,900002	80,000000	1,336333E-1
1683,420226	79,900002	80,000000	1,336333E-1
1683,420226	79,900002	80,000000	1,336601E-1
1683,420226	79,900002	80,000000	1,336601E-1
1683,420226	79,900002	80,000000	1,336601E-1
1683,420226	79,900002	80,000000	1,336601E-1
1683,420226	79,900002	80,000000	1,336601E-1
1683,420226	79,900002	80,000000	1,336601E-1
1684,419596	79,900002	80,000000	1,336601E-1
1684,419596	79,900002	80,000000	1,336601E-1
1684,419596	79,900002	80,000000	1,336601E-1
1684,419596	79,900002	80,000000	1,336601E-1
1684,419596	79,900002	80,000000	1,336601E-1
1684,419596	79,900002	80,000000	1,336601E-1
1684,419596	79,900002	80,000000	1,336601E-1
1684,419596	79,900002	80,000000	1,336601E-1
1684,419596	79,900002	80,000000	1,336601E-1
1684,419596	79,900002	80,000000	1,336601E-1
1685,420009	79,900002	80,000000	1,336601E-1
1685,420009	79,900002	80,000000	1,336601E-1
1685,420009	79,900002	80,000000	1,336617E-1
1685,420009	79,900002	80,000000	1,336617E-1
1685,420009	80,000000	80,000000	1,336617E-1
1685,420009	80,000000	80,000000	1,336617E-1
1685,420009	80,000000	80,000000	1,336617E-1
1685,420009	80,000000	80,000000	1,336617E-1
1685,420009	80,000000	80,000000	1,336617E-1
1685,420009	80,000000	80,000000	1,336617E-1
1686,420102	80,000000	80,000000	1,336617E-1
1686,420102	80,000000	80,000000	1,336617E-1
1686,420102	80,000000	80,000000	1,336617E-1
1686,420102	80,000000	80,000000	1,336617E-1
1686,420102	80,000000	80,000000	1,336617E-1
1686,420102	80,000000	80,000000	1,336617E-1
1686,420102	80,000000	80,000000	1,336617E-1
1686,420102	80,000000	80,000000	1,336617E-1
1686,420102	80,000000	80,000000	1,336617E-1
1686,420102	80,000000	80,000000	1,336365E-1
1687,419546	80,000000	80,000000	1,336365E-1
1687,419546	80,000000	80,000000	1,336365E-1
1687,419546	79,800003	80,000000	1,336365E-1
1687,419546	79,800003	80,000000	1,336901E-1
1687,419546	79,800003	80,000000	1,336901E-1
1687,419546	79,800003	80,000000	1,336901E-1
1687,419546	79,800003	80,000000	1,336901E-1
1687,419546	79,800003	80,000000	1,336901E-1
1687,419546	79,800003	80,000000	1,336901E-1
1687,419546	79,800003	80,000000	1,336901E-1
1688,421037	79,800003	80,000000	1,336901E-1
1688,421037	79,800003	80,000000	1,336901E-1
1688,421037	79,800003	80,000000	1,336901E-1
1688,421037	79,800003	80,000000	1,336901E-1
1688,421037	79,800003	80,000000	1,336901E-1
1688,421037	79,800003	80,000000	1,336901E-1
1688,421037	79,800003	80,000000	1,336901E-1
1688,421037	79,800003	80,000000	1,336901E-1
1688,421037	79,800003	80,000000	1,336901E-1
1688,421037	79,800003	80,000000	1,336901E-1
1689,420356	80,000000	80,000000	1,336901E-1
1689,420356	80,000000	80,000000	1,336397E-1
1689,420356	80,000000	80,000000	1,336397E-1
1689,420356	80,000000	80,000000	1,336397E-1
1689,420356	79,900002	80,000000	1,336665E-1
1689,420356	79,900002	80,000000	1,336681E-1
1689,420356	79,900002	80,000000	1,336681E-1
1689,420356	79,900002	80,000000	1,336697E-1
1689,420356	79,900002	80,000000	1,336713E-1
1689,420356	79,900002	80,000000	1,336729E-1
1690,420830	79,900002	80,000000	1,336729E-1
1690,420830	79,900002	80,000000	1,336745E-1
1690,420830	79,900002	80,000000	1,336761E-1
1690,420830	79,900002	80,000000	1,336761E-1
1690,420830	79,900002	80,000000	1,336777E-1
1690,420830	79,900002	80,000000	1,336793E-1
1690,420830	79,900002	80,000000	1,336793E-1
1690,420830	79,900002	80,000000	1,336809E-1
1690,420830	79,900002	80,000000	1,336809E-1
1690,420830	80,000000	80,000000	1,336557E-1
1691,422244	80,000000	80,000000	1,336557E-1
1691,422244	80,000000	80,000000	1,336557E-1
1691,422244	80,000000	80,000000	1,336557E-1
1691,422244	80,000000	80,000000	1,336557E-1
1691,422244	80,000000	80,000000	1,336557E-1
1691,422244	80,000000	80,000000	1,336557E-1
1691,422244	80,000000	80,000000	1,336557E-1
1691,422244	79,899994	80,000000	1,336557E-1
1691,422244	79,899994	80,000000	1,336557E-1
1691,422244	79,899994	80,000000	1,336825E-1
1692,421646	79,899994	80,000000	1,336841E-1
1692,421646	79,899994	80,000000	1,336841E-1
1692,421646	79,899994	80,000000	1,336857E-1
1692,421646	79,899994	80,000000	1,336857E-1
1692,421646	79,899994	80,000000	1,336873E-1
1692,421646	79,899994	80,000000	1,336873E-1
1692,421646	79,899994	80,000000	1,336889E-1
1692,421646	79,899994	80,000000	1,336906E-1
1692,421646	80,199997	80,000000	1,336922E-1
1692,421646	80,199997	80,000000	1,336134E-1
1693,422101	80,199997	80,000000	1,336134E-1
1693,422101	80,199997	80,000000	1,336101E-1
1693,422101	80,199997	80,000000	1,336069E-1
1693,422101	80,199997	80,000000	1,336069E-1
1693,422101	80,199997	80,000000	1,336037E-1
1693,422101	80,199997	80,000000	1,336005E-1
1693,422101	80,199997	80,000000	1,336005E-1
1693,422101	80,199997	80,000000	1,335973E-1
1693,422101	80,199997	80,000000	1,335973E-1
1693,422101	80,199997	80,000000	1,335941E-1
1694,421503	80,199997	80,000000	1,335909E-1
1694,421503	80,199997	80,000000	1,335877E-1
1694,421503	80,199997	80,000000	1,335877E-1
1694,421503	80,199997	80,000000	1,335845E-1
1694,421503	80,199997	80,000000	1,335813E-1
1694,421503	80,199997	80,000000	1,335813E-1
1694,421503	80,199997	80,000000	1,335780E-1
1694,421503	80,199997	80,000000	1,335748E-1
1694,421503	80,199997	80,000000	1,335716E-1
1694,421503	80,199997	80,000000	1,335716E-1
1695,421936	80,199997	80,000000	1,335684E-1
1695,421936	80,199997	80,000000	1,335684E-1
1695,421936	80,199997	80,000000	1,335684E-1
1695,421936	80,099998	80,000000	1,335920E-1
1695,421936	80,099998	80,000000	1,335920E-1
1695,421936	80,099998	80,000000	1,335904E-1
1695,421936	80,099998	80,000000	1,335888E-1
1695,421936	80,099998	80,000000	1,335872E-1
1695,421936	80,099998	80,000000	1,335856E-1
1695,421936	80,099998	80,000000	1,335856E-1
1696,422356	80,099998	80,000000	1,335840E-1
1696,422356	80,099998	80,000000	1,335840E-1
1696,422356	80,199997	80,000000	1,335824E-1
1696,422356	80,199997	80,000000	1,335540E-1
1696,422356	80,199997	80,000000	1,335508E-1
1696,422356	80,199997	80,000000	1,335508E-1
1696,422356	80,199997	80,000000	1,335508E-1
1696,422356	80,199997	80,000000	1,335476E-1
1696,422356	80,199997	80,000000	1,335476E-1
1696,422356	80,199997	80,000000	1,335443E-1
1697,423812	80,199997	80,000000	1,335411E-1
1697,423812	80,199997	80,000000	1,335411E-1
1697,423812	79,800003	80,000000	1,335379E-1
1697,423812	79,800003	80,000000	1,336419E-1
1697,423812	79,800003	80,000000	1,336451E-1
1697,423812	79,800003	80,000000	1,336451E-1
1697,423812	79,800003	80,000000	1,336483E-1
1697,423812	79,800003	80,000000	1,336516E-1
1697,423812	79,800003	80,000000	1,336548E-1
1697,423812	79,800003	80,000000	1,336580E-1
1698,425273	79,800003	80,000000	1,336612E-1
1698,425273	79,800003	80,000000	1,336612E-1
1698,425273	79,800003	80,000000	1,336612E-1
1698,425273	80,100006	80,000000	1,336644E-1
1698,425273	80,100006	80,000000	1,336644E-1
1698,425273	80,100006	80,000000	1,335872E-1
1698,425273	80,100006	80,000000	1,335856E-1
1698,425273	80,100006	80,000000	1,335840E-1
1698,425273	80,100006	80,000000	1,335824E-1
1698,425273	80,100006	80,000000	1,335824E-1
1699,425618	80,100006	80,000000	1,335808E-1
1699,425618	80,100006	80,000000	1,335808E-1
1699,425618	80,000000	80,000000	1,335792E-1
1699,425618	80,000000	80,000000	1,336044E-1
1699,425618	80,000000	80,000000	1,336044E-1
1699,425618	80,000000	80,000000	1,336044E-1
1699,425618	80,000000	80,000000	1,336044E-1
1699,425618	80,000000	80,000000	1,336044E-1
1699,425618	80,000000	80,000000	1,336044E-1
1699,425618	80,000000	80,000000	1,336044E-1
1700,426096	80,000000	80,000000	1,336044E-1
1700,426096	80,000000	80,000000	1,336044E-1
1700,426096	80,000000	80,000000	1,336044E-1
1700,426096	79,900002	80,000000	1,336044E-1
1700,426096	79,900002	80,000000	1,336312E-1
1700,426096	79,900002	80,000000	1,336328E-1
1700,426096	79,900002	80,000000	1,336344E-1
1700,426096	79,900002	80,000000	1,336360E-1
1700,426096	79,900002	80,000000	1,336360E-1
1700,426096	79,900002	80,000000	1,336376E-1
1701,426463	79,900002	80,000000	1,336392E-1
1701,426463	79,900002	80,000000	1,336392E-1
1701,426463	79,900002	80,000000	1,336408E-1
1701,426463	79,900002	80,000000	1,336408E-1
1701,426463	79,900002	80,000000	1,336424E-1
1701,426463	79,900002	80,000000	1,336440E-1
1701,426463	79,900002	80,000000	1,336456E-1
1701,426463	79,900002	80,000000	1,336456E-1
1701,426463	79,900002	80,000000	1,336472E-1
1701,426463	79,900002	80,000000	1,336488E-1
1702,427962	79,900002	80,000000	1,336488E-1
1702,427962	80,099998	80,000000	1,336504E-1
1702,427962	80,099998	80,000000	1,335984E-1
1702,427962	80,099998	80,000000	1,335984E-1
1702,427962	80,099998	80,000000	1,335968E-1
1702,427962	80,099998	80,000000	1,335952E-1
1702,427962	80,099998	80,000000	1,335952E-1
1702,427962	80,099998	80,000000	1,335936E-1
1702,427962	80,099998	80,000000	1,335936E-1
1702,427962	80,099998	80,000000	1,335920E-1
1703,427381	79,900002	80,000000	1,335920E-1
1703,427381	79,900002	80,000000	1,336440E-1
1703,427381	79,900002	80,000000	1,336456E-1
1703,427381	79,900002	80,000000	1,336472E-1
1703,427381	79,900002	80,000000	1,336488E-1
1703,427381	79,900002	80,000000	1,336488E-1
1703,427381	79,900002	80,000000	1,336504E-1
1703,427381	79,900002	80,000000	1,336520E-1
1703,427381	79,900002	80,000000	1,336520E-1
1703,427381	79,900002	80,000000	1,336536E-1
1704,427788	79,600006	80,000000	1,336552E-1
1704,427788	79,600006	80,000000	1,336552E-1
1704,427788	79,600006	80,000000	1,337373E-1
1704,427788	79,600006	80,000000	1,337373E-1
1704,427788	79,600006	80,000000	1,337437E-1
1704,427788	79,600006	80,000000	1,337437E-1
1704,427788	79,600006	80,000000	1,337501E-1
1704,427788	79,600006	80,000000	1,337565E-1
1704,427788	79,600006	80,000000	1,337629E-1
1704,427788	79,600006	80,000000	1,337694E-1
1705,429181	80,199997	80,000000	1,337694E-1
1705,429181	80,199997	80,000000	1,336150E-1
1705,429181	80,199997	80,000000	1,336117E-1
1705,429181	80,199997	80,000000	1,336085E-1
1705,429181	80,199997	80,000000	1,336053E-1
1705,429181	80,199997	80,000000	1,336053E-1
1705,429181	80,199997	80,000000	1,336053E-1
1705,429181	80,199997	80,000000	1,336021E-1
1705,429181	80,199997	80,000000	1,336021E-1
1705,429181	80,199997	80,000000	1,335989E-1
1706,428642	80,199997	80,000000	1,335989E-1
1706,428642	80,199997	80,000000	1,335957E-1
1706,428642	80,199997	80,000000	1,335925E-1
1706,428642	80,099998	80,000000	1,335925E-1
1706,428642	80,099998	80,000000	1,336161E-1
1706,428642	80,099998	80,000000	1,336161E-1
1706,428642	80,099998	80,000000	1,336145E-1
1706,428642	80,099998	80,000000	1,336129E-1
1706,428642	80,099998	80,000000	1,336129E-1
1706,428642	80,099998	80,000000	1,336113E-1
1707,429085	80,099998	80,000000	1,336097E-1
1707,429085	80,099998	80,000000	1,336097E-1
1707,429085	80,099998	80,000000	1,336081E-1
1707,429085	80,099998	80,000000	1,336081E-1
1707,429085	79,900002	80,000000	1,336601E-1
1707,429085	79,900002	80,000000	1,336601E-1
1707,429085	79,900002	80,000000	1,336617E-1
1707,429085	79,900002	80,000000	1,336633E-1
1707,429085	79,900002	80,000000	1,336649E-1
1707,429085	79,900002	80,000000	1,336665E-1
1708,428544	79,900002	80,000000	1,336665E-1
1708,428544	79,900002	80,000000	1,336681E-1
1708,428544	79,900002	80,000000	1,336697E-1
1708,428544	79,900002	80,000000	1,336697E-1
1708,428544	80,099998	80,000000	1,336713E-1
1708,428544	80,099998	80,000000	1,336193E-1
1708,428544	80,099998	80,000000	1,336193E-1
1708,428544	80,099998	80,000000	1,336193E-1
1708,428544	80,099998	80,000000	1,336177E-1
1708,428544	80,099998	80,000000	1,336177E-1
1709,429035	80,099998	80,000000	1,336161E-1
1709,429035	80,099998	80,000000	1,336145E-1
1709,429035	80,099998	80,000000	1,336129E-1
1709,429035	80,099998	80,000000	1,336129E-1
1709,429035	80,099998	80,000000	1,336113E-1
1709,429035	79,900002	80,000000	1,336097E-1
1709,429035	79,900002	80,000000	1,336097E-1
1709,429035	79,900002	80,000000	1,336617E-1
1709,429035	79,900002	80,000000	1,336633E-1
1709,429035	79,900002	80,000000	1,336649E-1
1710,428453	79,900002	80,000000	1,336649E-1
1710,428453	79,900002	80,000000	1,336649E-1
1710,428453	79,900002	80,000000	1,336665E-1
1710,428453	79,900002	80,000000	1,336665E-1
1710,428453	79,900002	80,000000	1,336681E-1
1710,428453	79,800003	80,000000	1,336697E-1
1710,428453	79,800003	80,000000	1,336697E-1
1710,428453	79,800003	80,000000	1,336981E-1
1710,428453	79,800003	80,000000	1,337013E-1
1710,428453	79,800003	80,000000	1,337045E-1
1711,428898	79,800003	80,000000	1,337045E-1
1711,428898	79,800003	80,000000	1,337077E-1
1711,428898	79,800003	80,000000	1,337109E-1
1711,428898	79,800003	80,000000	1,337109E-1
1711,428898	79,800003	80,000000	1,337141E-1
1711,428898	79,800003	80,000000	1,337174E-1
1711,428898	79,800003	80,000000	1,337174E-1
1711,428898	79,800003	80,000000	1,337206E-1
1711,428898	80,000000	80,000000	1,337206E-1
1711,428898	80,000000	80,000000	1,337206E-1
1712,429260	80,000000	80,000000	1,336702E-1
1712,429260	80,000000	80,000000	1,336702E-1
1712,429260	80,000000	80,000000	1,336702E-1
1712,429260	80,000000	80,000000	1,336702E-1
1712,429260	80,000000	80,000000	1,336702E-1
1712,429260	80,000000	80,000000	1,336702E-1
1712,429260	80,000000	80,000000	1,336702E-1
1712,429260	80,000000	80,000000	1,336702E-1
1712,429260	80,000000	80,000000	1,336702E-1
1712,429260	80,000000	80,000000	1,336702E-1
1713,428657	80,000000	80,000000	1,336702E-1
1713,428657	80,000000	80,000000	1,336702E-1
1713,428657	80,000000	80,000000	1,336702E-1
1713,428657	80,000000	80,000000	1,336702E-1
1713,428657	80,000000	80,000000	1,336702E-1
1713,428657	80,000000	80,000000	1,336702E-1
1713,428657	80,000000	80,000000	1,336702E-1
1713,428657	80,000000	80,000000	1,336702E-1
1713,428657	80,000000	80,000000	1,336702E-1
1713,428657	80,000000	80,000000	1,336702E-1
1714,430170	80,000000	80,000000	1,336702E-1
1714,430170	80,000000	80,000000	1,336702E-1
1714,430170	80,000000	80,000000	1,336702E-1
1714,430170	80,000000	80,000000	1,336702E-1
1714,430170	80,000000	80,000000	1,336702E-1
1714,430170	80,000000	80,000000	1,336702E-1
1714,430170	80,000000	80,000000	1,336702E-1
1714,430170	80,199997	80,000000	1,336702E-1
1714,430170	80,199997	80,000000	1,336702E-1
1714,430170	80,199997	80,000000	1,336702E-1
1715,429510	80,199997	80,000000	1,336702E-1
1715,429510	80,199997	80,000000	1,336702E-1
1715,429510	80,199997	80,000000	1,336702E-1
1715,429510	80,199997	80,000000	1,336702E-1
1715,429510	80,199997	80,000000	1,336702E-1
1715,429510	80,199997	80,000000	1,336702E-1
1715,429510	80,199997	80,000000	1,336702E-1
1715,429510	80,199997	80,000000	1,336702E-1
1715,429510	80,199997	80,000000	1,336702E-1
1715,429510	80,199997	80,000000	1,336702E-1
1716,429567	80,199997	80,000000	1,336702E-1
1716,429567	80,199997	80,000000	1,336702E-1
1716,429567	80,199997	80,000000	1,336166E-1
1716,429567	80,199997	80,000000	1,336166E-1
1716,429567	80,199997	80,000000	1,336166E-1
1716,429567	80,100006	80,000000	1,336166E-1
1716,429567	80,100006	80,000000	1,336402E-1
1716,429567	80,100006	80,000000	1,336402E-1
1716,429567	80,100006	80,000000	1,336402E-1
1716,429567	80,100006	80,000000	1,336402E-1
1717,429961	80,100006	80,000000	1,336402E-1
1717,429961	80,100006	80,000000	1,336402E-1
1717,429961	80,100006	80,000000	1,336402E-1
1717,429961	80,100006	80,000000	1,336402E-1
1717,429961	80,100006	80,000000	1,336402E-1
1717,429961	80,100006	80,000000	1,336402E-1
1717,429961	80,100006	80,000000	1,336402E-1
1717,429961	80,100006	80,000000	1,336402E-1
1717,429961	80,100006	80,000000	1,336402E-1
1717,429961	80,100006	80,000000	1,336402E-1
1718,429444	80,100006	80,000000	1,336402E-1
1718,429444	80,100006	80,000000	1,336402E-1
1718,429444	80,100006	80,000000	1,336402E-1
1718,429444	80,100006	80,000000	1,336385E-1
1718,429444	80,100006	80,000000	1,336385E-1
1718,429444	80,100006	80,000000	1,336385E-1
1718,429444	80,100006	80,000000	1,336385E-1
1718,429444	80,100006	80,000000	1,336385E-1
1718,429444	80,100006	80,000000	1,336385E-1
1718,429444	80,100006	80,000000	1,336385E-1
1719,429861	80,100006	80,000000	1,336385E-1
1719,429861	80,100006	80,000000	1,336385E-1
1719,429861	80,100006	80,000000	1,336385E-1
1719,429861	80,100006	80,000000	1,336385E-1
1719,429861	80,100006	80,000000	1,336385E-1
1719,429861	80,100006	80,000000	1,336385E-1
1719,429861	80,100006	80,000000	1,336385E-1
1719,429861	80,100006	80,000000	1,336385E-1
1719,429861	79,800003	80,000000	1,336385E-1
1719,429861	79,800003	80,000000	1,336385E-1
1720,430326	79,800003	80,000000	1,336385E-1
1720,430326	79,800003	80,000000	1,336385E-1
1720,430326	79,800003	80,000000	1,336385E-1
1720,430326	79,800003	80,000000	1,336385E-1
1720,430326	79,800003	80,000000	1,336385E-1
1720,430326	79,800003	80,000000	1,336385E-1
1720,430326	79,800003	80,000000	1,336385E-1
1720,430326	79,800003	80,000000	1,336385E-1
1720,430326	79,800003	80,000000	1,336385E-1
1720,430326	79,800003	80,000000	1,336385E-1
1721,429687	79,800003	80,000000	1,336385E-1
1721,429687	79,800003	80,000000	1,336385E-1
1721,429687	79,800003	80,000000	1,336385E-1
1721,429687	79,800003	80,000000	1,336385E-1
1721,429687	79,800003	80,000000	1,336385E-1
1721,429687	79,800003	80,000000	1,337174E-1
1721,429687	79,800003	80,000000	1,337174E-1
1721,429687	79,800003	80,000000	1,337174E-1
1721,429687	79,800003	80,000000	1,337174E-1
1721,429687	79,800003	80,000000	1,337174E-1
1722,430120	79,800003	80,000000	1,337174E-1
1722,430120	79,800003	80,000000	1,337174E-1
1722,430120	79,800003	80,000000	1,337174E-1
1722,430120	79,800003	80,000000	1,337174E-1
1722,430120	79,800003	80,000000	1,337174E-1
1722,430120	79,800003	80,000000	1,337174E-1
1722,430120	79,800003	80,000000	1,337174E-1
1722,430120	79,800003	80,000000	1,337174E-1
1722,430120	79,800003	80,000000	1,337174E-1
1722,430120	79,800003	80,000000	1,337174E-1
1723,429953	79,800003	80,000000	1,337174E-1
1723,429953	79,800003	80,000000	1,337174E-1
1723,429953	79,800003	80,000000	1,337174E-1
1723,429953	79,800003	80,000000	1,337206E-1
1723,429953	80,199997	80,000000	1,337206E-1
1723,429953	80,199997	80,000000	1,337206E-1
1723,429953	80,199997	80,000000	1,336166E-1
1723,429953	80,199997	80,000000	1,336166E-1
1723,429953	80,199997	80,000000	1,336166E-1
1723,429953	80,000000	80,000000	1,336670E-1
1724,429417	80,000000	80,000000	1,336670E-1
1724,429417	80,000000	80,000000	1,336670E-1
1724,429417	80,000000	80,000000	1,336670E-1
1724,429417	80,000000	80,000000	1,336670E-1
1724,429417	80,000000	80,000000	1,336670E-1
1724,429417	80,000000	80,000000	1,336670E-1
1724,429417	80,000000	80,000000	1,336670E-1
1724,429417	80,000000	80,000000	1,336670E-1
1724,429417	79,800003	80,000000	1,336670E-1
1724,429417	79,800003	80,000000	1,337206E-1
1725,429808	79,800003	80,000000	1,337206E-1
1725,429808	79,800003	80,000000	1,337238E-1
1725,429808	79,800003	80,000000	1,337238E-1
1725,429808	79,800003	80,000000	1,337270E-1
1725,429808	79,800003	80,000000	1,337270E-1
1725,429808	79,800003	80,000000	1,337302E-1
1725,429808	79,800003	80,000000	1,337334E-1
1725,429808	79,800003	80,000000	1,337334E-1
1725,429808	79,800003	80,000000	1,337366E-1
1725,429808	79,899994	80,000000	1,337398E-1
1726,430236	79,899994	80,000000	1,337162E-1
1726,430236	79,899994	80,000000	1,337162E-1
1726,430236	79,899994	80,000000	1,337178E-1
1726,430236	79,899994	80,000000	1,337194E-1
1726,430236	79,899994	80,000000	1,337194E-1
1726,430236	79,899994	80,000000	1,337210E-1
1726,430236	79,899994	80,000000	1,337226E-1
1726,430236	79,899994	80,000000	1,337226E-1
1726,430236	79,899994	80,000000	1,337243E-1
1726,430236	79,899994	80,000000	1,337243E-1
1727,429644	79,899994	80,000000	1,337259E-1
1727,429644	80,099998	80,000000	1,337259E-1
1727,429644	80,099998	80,000000	1,336739E-1
1727,429644	80,099998	80,000000	1,336723E-1
1727,429644	80,099998	80,000000	1,336706E-1
1727,429644	80,099998	80,000000	1,336706E-1
1727,429644	80,099998	80,000000	1,336690E-1
1727,429644	80,099998	80,000000	1,336674E-1
1727,429644	80,099998	80,000000	1,336674E-1
1727,429644	80,099998	80,000000	1,336658E-1
1728,430093	80,099998	80,000000	1,336642E-1
1728,430093	80,099998	80,000000	1,336642E-1
1728,430093	80,099998	80,000000	1,336626E-1
1728,430093	80,099998	80,000000	1,336626E-1
1728,430093	80,099998	80,000000	1,336626E-1
1728,430093	80,099998	80,000000	1,336610E-1
1728,430093	80,099998	80,000000	1,336594E-1
1728,430093	80,000000	80,000000	1,336578E-1
1728,430093	80,000000	80,000000	1,336830E-1
1728,430093	80,000000	80,000000	1,336830E-1
1729,430554	80,000000	80,000000	1,336830E-1
1729,430554	80,000000	80,000000	1,336830E-1
1729,430554	80,000000	80,000000	1,336830E-1
1729,430554	80,000000	80,000000	1,336830E-1
1729,430554	80,000000	80,000000	1,336830E-1
1729,430554	80,000000	80,000000	1,336830E-1
1729,430554	80,000000	80,000000	1,336830E-1
1729,430554	80,000000	80,000000	1,336830E-1
1729,430554	80,000000	80,000000	1,336830E-1
1729,430554	80,000000	80,000000	1,336830E-1
1730,430916	80,000000	80,000000	1,336830E-1
1730,430916	80,000000	80,000000	1,336830E-1
1730,430916	80,000000	80,000000	1,336830E-1
1730,430916	80,000000	80,000000	1,336830E-1
1730,430916	80,000000	80,000000	1,336830E-1
1730,430916	80,000000	80,000000	1,336830E-1
1730,430916	80,000000	80,000000	1,336830E-1
1730,430916	80,000000	80,000000	1,336830E-1
1730,430916	80,000000	80,000000	1,336830E-1
1730,430916	80,000000	80,000000	1,336830E-1
1731,430401	80,000000	80,000000	1,336830E-1
1731,430401	80,000000	80,000000	1,336830E-1
1731,430401	80,000000	80,000000	1,336830E-1
1731,430401	80,000000	80,000000	1,336830E-1
1731,430401	80,000000	80,000000	1,336830E-1
1731,430401	80,000000	80,000000	1,336830E-1
1731,430401	80,000000	80,000000	1,336830E-1
1731,430401	80,000000	80,000000	1,336830E-1
1731,430401	80,000000	80,000000	1,336830E-1
1731,430401	80,000000	80,000000	1,336830E-1
1732,430837	80,000000	80,000000	1,336830E-1
1732,430837	80,000000	80,000000	1,336830E-1
1732,430837	80,000000	80,000000	1,336830E-1
1732,430837	80,000000	80,000000	1,336830E-1
1732,430837	80,000000	80,000000	1,336830E-1
1732,430837	80,000000	80,000000	1,336830E-1
1732,430837	80,000000	80,000000	1,336830E-1
1732,430837	80,000000	80,000000	1,336830E-1
1732,430837	80,000000	80,000000	1,336830E-1
1732,430837	80,000000	80,000000	1,336830E-1
1733,431198	80,000000	80,000000	1,336830E-1
1733,431198	80,000000	80,000000	1,336830E-1
1733,431198	80,000000	80,000000	1,336830E-1
1733,431198	80,000000	80,000000	1,336830E-1
1733,431198	80,000000	80,000000	1,336830E-1
1733,431198	80,000000	80,000000	1,336830E-1
1733,431198	80,000000	80,000000	1,336830E-1
1733,431198	80,000000	80,000000	1,336830E-1
1733,431198	80,000000	80,000000	1,336830E-1
1733,431198	80,000000	80,000000	1,336830E-1
1734,430663	80,000000	80,000000	1,336830E-1
1734,430663	80,000000	80,000000	1,336830E-1
1734,430663	80,000000	80,000000	1,336830E-1
1734,430663	80,000000	80,000000	1,336830E-1
1734,430663	80,000000	80,000000	1,336830E-1
1734,430663	79,900002	80,000000	1,336830E-1
1734,430663	79,900002	80,000000	1,336830E-1
1734,430663	79,900002	80,000000	1,336830E-1
1734,430663	79,900002	80,000000	1,336830E-1
1734,430663	79,900002	80,000000	1,336830E-1
1735,431055	79,900002	80,000000	1,336830E-1
1735,431055	79,900002	80,000000	1,336830E-1
1735,431055	79,900002	80,000000	1,336830E-1
1735,431055	79,900002	80,000000	1,336830E-1
1735,431055	79,900002	80,000000	1,336830E-1
1735,431055	79,900002	80,000000	1,336830E-1
1735,431055	79,900002	80,000000	1,336830E-1
1735,431055	79,900002	80,000000	1,336830E-1
1735,431055	79,900002	80,000000	1,336830E-1
1735,431055	79,900002	80,000000	1,336830E-1
1736,431542	79,900002	80,000000	1,336830E-1
1736,431542	79,900002	80,000000	1,336830E-1
1736,431542	79,900002	80,000000	1,337098E-1
1736,431542	79,900002	80,000000	1,337098E-1
1736,431542	79,900002	80,000000	1,337098E-1
1736,431542	79,900002	80,000000	1,337098E-1
1736,431542	79,900002	80,000000	1,337098E-1
1736,431542	79,900002	80,000000	1,337098E-1
1736,431542	79,900002	80,000000	1,337098E-1
1736,431542	79,900002	80,000000	1,337098E-1
1737,432967	79,900002	80,000000	1,337098E-1
1737,432967	79,900002	80,000000	1,337098E-1
1737,432967	79,900002	80,000000	1,337098E-1
1737,432967	79,900002	80,000000	1,337098E-1
1737,432967	79,900002	80,000000	1,337098E-1
1737,432967	79,900002	80,000000	1,337098E-1
1737,432967	79,900002	80,000000	1,337098E-1
1737,432967	79,900002	80,000000	1,337098E-1
1737,432967	79,900002	80,000000	1,337098E-1
1737,432967	79,900002	80,000000	1,337114E-1
1738,433390	80,199997	80,000000	1,337114E-1
1738,433390	80,199997	80,000000	1,337114E-1
1738,433390	80,199997	80,000000	1,337114E-1
1738,433390	80,199997	80,000000	1,337114E-1
1738,433390	80,199997	80,000000	1,337114E-1
1738,433390	80,199997	80,000000	1,337114E-1
1738,433390	80,199997	80,000000	1,337114E-1
1738,433390	80,199997	80,000000	1,337114E-1
1738,433390	80,199997	80,000000	1,337114E-1
1738,433390	80,199997	80,000000	1,337114E-1
1739,433783	80,199997	80,000000	1,337114E-1
1739,433783	80,199997	80,000000	1,337114E-1
1739,433783	80,199997	80,000000	1,337114E-1
1739,433783	80,199997	80,000000	1,337114E-1
1739,433783	80,199997	80,000000	1,337114E-1
1739,433783	80,199997	80,000000	1,337114E-1
1739,433783	80,199997	80,000000	1,336326E-1
1739,433783	80,199997	80,000000	1,336326E-1
1739,433783	79,900002	80,000000	1,336326E-1
1739,433783	79,900002	80,000000	1,336326E-1
1740,435254	79,900002	80,000000	1,336326E-1
1740,435254	79,900002	80,000000	1,336326E-1
1740,435254	79,900002	80,000000	1,336326E-1
1740,435254	79,900002	80,000000	1,336326E-1
1740,435254	79,900002	80,000000	1,336326E-1
1740,435254	79,900002	80,000000	1,336326E-1
1740,435254	79,900002	80,000000	1,336326E-1
1740,435254	79,900002	80,000000	1,336326E-1
1740,435254	79,900002	80,000000	1,336326E-1
1740,435254	79,900002	80,000000	1,336326E-1
1741,434634	79,900002	80,000000	1,336326E-1
1741,434634	79,900002	80,000000	1,336326E-1
1741,434634	79,900002	80,000000	1,336326E-1
1741,434634	79,900002	80,000000	1,336326E-1
1741,434634	79,900002	80,000000	1,337098E-1
1741,434634	79,900002	80,000000	1,337098E-1
1741,434634	79,900002	80,000000	1,337098E-1
1741,434634	80,000000	80,000000	1,336846E-1
1741,434634	80,000000	80,000000	1,336846E-1
1741,434634	80,000000	80,000000	1,336846E-1
1742,435043	80,000000	80,000000	1,336846E-1
1742,435043	79,900002	80,000000	1,336846E-1
1742,435043	79,900002	80,000000	1,337114E-1
1742,435043	79,900002	80,000000	1,337130E-1
1742,435043	79,900002	80,000000	1,337146E-1
1742,435043	79,900002	80,000000	1,337162E-1
1742,435043	79,900002	80,000000	1,337162E-1
1742,435043	79,900002	80,000000	1,337178E-1
1742,435043	79,900002	80,000000	1,337194E-1
1742,435043	79,900002	80,000000	1,337210E-1
1743,435483	79,900002	80,000000	1,337210E-1
1743,435483	79,900002	80,000000	1,337226E-1
1743,435483	79,900002	80,000000	1,337243E-1
1743,435483	80,099998	80,000000	1,337243E-1
1743,435483	80,099998	80,000000	1,337243E-1
1743,435483	80,099998	80,000000	1,337243E-1
1743,435483	80,099998	80,000000	1,336723E-1
1743,435483	80,099998	80,000000	1,336706E-1
1743,435483	80,099998	80,000000	1,336690E-1
1743,435483	80,099998	80,000000	1,336690E-1
1744,435894	80,099998	80,000000	1,336674E-1
1744,435894	80,099998	80,000000	1,336658E-1
1744,435894	80,099998	80,000000	1,336658E-1
1744,435894	80,100006	80,000000	1,336642E-1
1744,435894	80,100006	80,000000	1,336626E-1
1744,435894	80,100006	80,000000	1,336610E-1
1744,435894	80,100006	80,000000	1,336594E-1
1744,435894	80,100006	80,000000	1,336594E-1
1744,435894	80,100006	80,000000	1,336578E-1
1744,435894	80,100006	80,000000	1,336578E-1
1745,437330	80,100006	80,000000	1,336578E-1
1745,437330	80,100006	80,000000	1,336562E-1
1745,437330	79,900002	80,000000	1,336546E-1
1745,437330	79,900002	80,000000	1,336546E-1
1745,437330	79,900002	80,000000	1,337066E-1
1745,437330	79,900002	80,000000	1,337082E-1
1745,437330	79,900002	80,000000	1,337082E-1
1745,437330	79,900002	80,000000	1,337098E-1
1745,437330	79,900002	80,000000	1,337114E-1
1745,437330	79,900002	80,000000	1,337130E-1
1746,436728	79,900002	80,000000	1,337130E-1
1746,436728	79,900002	80,000000	1,337146E-1
1746,436728	79,900002	80,000000	1,337162E-1
1746,436728	80,000000	80,000000	1,337162E-1
1746,436728	80,000000	80,000000	1,337162E-1
1746,436728	80,000000	80,000000	1,336910E-1
1746,436728	80,000000	80,000000	1,336910E-1
1746,436728	80,000000	80,000000	1,336910E-1
1746,436728	80,000000	80,000000	1,336910E-1
1746,436728	80,000000	80,000000	1,336910E-1
1747,437216	80,000000	80,000000	1,336910E-1
1747,437216	80,000000	80,000000	1,336910E-1
1747,437216	80,000000	80,000000	1,336910E-1
1747,437216	80,000000	80,000000	1,336910E-1
1747,437216	80,000000	80,000000	1,336910E-1
1747,437216	80,000000	80,000000	1,336910E-1
1747,437216	79,800003	80,000000	1,336910E-1
1747,437216	79,800003	80,000000	1,336910E-1
1747,437216	79,800003	80,000000	1,336910E-1
1747,437216	79,800003	80,000000	1,336910E-1
1748,437607	79,800003	80,000000	1,336910E-1
1748,437607	79,800003	80,000000	1,336910E-1
1748,437607	79,800003	80,000000	1,336910E-1
1748,437607	79,800003	80,000000	1,336910E-1
1748,437607	79,800003	80,000000	1,336910E-1
1748,437607	79,800003	80,000000	1,336910E-1
1748,437607	79,800003	80,000000	1,336910E-1
1748,437607	79,800003	80,000000	1,336910E-1
1748,437607	79,800003	80,000000	1,336910E-1
1748,437607	79,800003	80,000000	1,336910E-1
1749,437994	79,800003	80,000000	1,336910E-1
1749,437994	79,800003	80,000000	1,336910E-1
1749,437994	79,800003	80,000000	1,336910E-1
1749,437994	79,800003	80,000000	1,336910E-1
1749,437994	79,800003	80,000000	1,336910E-1
1749,437994	79,800003	80,000000	1,336910E-1
1749,437994	79,800003	80,000000	1,336910E-1
1749,437994	79,800003	80,000000	1,336910E-1
1749,437994	79,800003	80,000000	1,336910E-1
1749,437994	79,800003	80,000000	1,337446E-1
1750,437470	79,800003	80,000000	1,337446E-1
1750,437470	79,800003	80,000000	1,337446E-1
1750,437470	79,800003	80,000000	1,337446E-1
1750,437470	79,800003	80,000000	1,337446E-1
1750,437470	79,800003	80,000000	1,337446E-1
1750,437470	79,800003	80,000000	1,337446E-1
1750,437470	79,800003	80,000000	1,337446E-1
1750,437470	79,800003	80,000000	1,337446E-1
1750,437470	79,800003	80,000000	1,337446E-1
1750,437470	79,800003	80,000000	1,337446E-1
1751,437919	79,800003	80,000000	1,337446E-1
1751,437919	79,800003	80,000000	1,337446E-1
1751,437919	79,800003	80,000000	1,337446E-1
1751,437919	79,800003	80,000000	1,337446E-1
1751,437919	79,800003	80,000000	1,337446E-1
1751,437919	79,800003	80,000000	1,337446E-1
1751,437919	79,800003	80,000000	1,337446E-1
1751,437919	79,800003	80,000000	1,337478E-1
1751,437919	79,800003	80,000000	1,337478E-1
1751,437919	80,099998	80,000000	1,337478E-1
1752,438656	80,099998	80,000000	1,337478E-1
1752,438656	80,099998	80,000000	1,337478E-1
1752,438656	80,099998	80,000000	1,337478E-1
1752,438656	80,099998	80,000000	1,337478E-1
1752,438656	80,099998	80,000000	1,337478E-1
1752,438656	80,099998	80,000000	1,337478E-1
1752,438656	80,099998	80,000000	1,337478E-1
1752,438656	80,099998	80,000000	1,337478E-1
1752,438656	80,099998	80,000000	1,337478E-1
1752,438656	80,099998	80,000000	1,337478E-1
1753,439079	80,099998	80,000000	1,337478E-1
1753,439079	80,099998	80,000000	1,337478E-1
1753,439079	80,099998	80,000000	1,337478E-1
1753,439079	80,099998	80,000000	1,337478E-1
1753,439079	80,099998	80,000000	1,337478E-1
1753,439079	80,099998	80,000000	1,336706E-1
1753,439079	80,099998	80,000000	1,336706E-1
1753,439079	79,600006	80,000000	1,336706E-1
1753,439079	79,600006	80,000000	1,338031E-1
1753,439079	79,600006	80,000000	1,338031E-1
1754,438563	79,600006	80,000000	1,338031E-1
1754,438563	79,600006	80,000000	1,338031E-1
1754,438563	79,600006	80,000000	1,338031E-1
1754,438563	79,600006	80,000000	1,338031E-1
1754,438563	79,600006	80,000000	1,338031E-1
1754,438563	79,600006	80,000000	1,338031E-1
1754,438563	79,600006	80,000000	1,338031E-1
1754,438563	79,600006	80,000000	1,338031E-1
1754,438563	79,600006	80,000000	1,338031E-1
1754,438563	79,600006	80,000000	1,338031E-1
1755,440275	79,600006	80,000000	1,338031E-1
1755,440275	79,600006	80,000000	1,338031E-1
1755,440275	79,600006	80,000000	1,338031E-1
1755,440275	79,600006	80,000000	1,338031E-1
1755,440275	79,600006	80,000000	1,338031E-1
1755,440275	79,600006	80,000000	1,338031E-1
1755,440275	79,600006	80,000000	1,338095E-1
1755,440275	79,600006	80,000000	1,338095E-1
1755,440275	79,600006	80,000000	1,338095E-1
1755,440275	79,600006	80,000000	1,338095E-1
1756,439669	79,600006	80,000000	1,338095E-1
1756,439669	79,600006	80,000000	1,338095E-1
1756,439669	79,600006	80,000000	1,338095E-1
1756,439669	79,600006	80,000000	1,338095E-1
1756,439669	79,600006	80,000000	1,338095E-1
1756,439669	79,600006	80,000000	1,338095E-1
1756,439669	79,600006	80,000000	1,338095E-1
1756,439669	79,600006	80,000000	1,338095E-1
1756,439669	79,600006	80,000000	1,338095E-1
1756,439669	79,600006	80,000000	1,338095E-1
1757,440103	79,600006	80,000000	1,338095E-1
1757,440103	79,600006	80,000000	1,338095E-1
1757,440103	80,000000	80,000000	1,338095E-1
1757,440103	80,000000	80,000000	1,338095E-1
1757,440103	80,000000	80,000000	1,337087E-1
1757,440103	80,000000	80,000000	1,337087E-1
1757,440103	80,000000	80,000000	1,337087E-1
1757,440103	80,000000	80,000000	1,337087E-1
1757,440103	80,000000	80,000000	1,337087E-1
1757,440103	80,000000	80,000000	1,337087E-1
1758,439534	80,000000	80,000000	1,337087E-1
1758,439534	80,000000	80,000000	1,337087E-1
1758,439534	80,000000	80,000000	1,337087E-1
1758,439534	80,000000	80,000000	1,337087E-1
1758,439534	80,000000	80,000000	1,337087E-1
1758,439534	80,000000	80,000000	1,337087E-1
1758,439534	80,000000	80,000000	1,337087E-1
1758,439534	80,000000	80,000000	1,337087E-1
1758,439534	80,000000	80,000000	1,337087E-1
1758,439534	80,000000	80,000000	1,337087E-1
1759,440955	80,000000	80,000000	1,337087E-1
1759,440955	80,000000	80,000000	1,337087E-1
1759,440955	80,000000	80,000000	1,337087E-1
1759,440955	80,000000	80,000000	1,337087E-1
1759,440955	80,000000	80,000000	1,337087E-1
1759,440955	80,000000	80,000000	1,337087E-1
1759,440955	80,000000	80,000000	1,337087E-1
1759,440955	80,000000	80,000000	1,337087E-1
1759,440955	80,000000	80,000000	1,337087E-1
1759,440955	80,000000	80,000000	1,337087E-1
1760,441350	80,000000	80,000000	1,337087E-1
1760,441350	80,000000	80,000000	1,337087E-1
1760,441350	80,000000	80,000000	1,337087E-1
1760,441350	80,000000	80,000000	1,337087E-1
1760,441350	80,000000	80,000000	1,337087E-1
1760,441350	80,000000	80,000000	1,337087E-1
1760,441350	80,000000	80,000000	1,337087E-1
1760,441350	80,000000	80,000000	1,337087E-1
1760,441350	80,000000	80,000000	1,337087E-1
1760,441350	80,000000	80,000000	1,337087E-1
1761,442803	80,000000	80,000000	1,337087E-1
1761,442803	80,000000	80,000000	1,337087E-1
1761,442803	80,000000	80,000000	1,337087E-1
1761,442803	80,000000	80,000000	1,337087E-1
1761,442803	80,000000	80,000000	1,337087E-1
1761,442803	80,000000	80,000000	1,337087E-1
1761,442803	80,000000	80,000000	1,337087E-1
1761,442803	80,000000	80,000000	1,337087E-1
1761,442803	80,000000	80,000000	1,337087E-1
1761,442803	80,000000	80,000000	1,337087E-1
1762,443123	80,000000	80,000000	1,337087E-1
1762,443123	79,899994	80,000000	1,337087E-1
1762,443123	79,899994	80,000000	1,337087E-1
1762,443123	79,899994	80,000000	1,337355E-1
1762,443123	79,899994	80,000000	1,337355E-1
1762,443123	79,899994	80,000000	1,337355E-1
1762,443123	79,899994	80,000000	1,337371E-1
1762,443123	79,899994	80,000000	1,337387E-1
1762,443123	79,899994	80,000000	1,337403E-1
1762,443123	79,899994	80,000000	1,337419E-1
1763,442564	79,899994	80,000000	1,337419E-1
1763,442564	80,000000	80,000000	1,337435E-1
1763,442564	80,000000	80,000000	1,337183E-1
1763,442564	80,000000	80,000000	1,337183E-1
1763,442564	80,000000	80,000000	1,337183E-1
1763,442564	80,000000	80,000000	1,337183E-1
1763,442564	80,000000	80,000000	1,337183E-1
1763,442564	80,000000	80,000000	1,337183E-1
1763,442564	80,000000	80,000000	1,337183E-1
1763,442564	80,000000	80,000000	1,337183E-1
1764,443962	80,000000	80,000000	1,337183E-1
1764,443962	80,000000	80,000000	1,337183E-1
1764,443962	80,000000	80,000000	1,337183E-1
1764,443962	80,000000	80,000000	1,337183E-1
1764,443962	80,199997	80,000000	1,337183E-1
1764,443962	80,199997	80,000000	1,337183E-1
1764,443962	80,199997	80,000000	1,336647E-1
1764,443962	80,199997	80,000000	1,336615E-1
1764,443962	80,199997	80,000000	1,336583E-1
1764,443962	80,199997	80,000000	1,336583E-1
1765,443717	80,199997	80,000000	1,336551E-1
1765,443717	80,199997	80,000000	1,336519E-1
1765,443717	80,199997	80,000000	1,336519E-1
1765,443717	80,199997	80,000000	1,336487E-1
1765,443717	80,199997	80,000000	1,336487E-1
1765,443717	80,000000	80,000000	1,336487E-1
1765,443717	80,000000	80,000000	1,336991E-1
1765,443717	80,000000	80,000000	1,336991E-1
1765,443717	80,000000	80,000000	1,336991E-1
1765,443717	80,000000	80,000000	1,336991E-1
1766,444173	80,000000	80,000000	1,336991E-1
1766,444173	80,000000	80,000000	1,336991E-1
1766,444173	80,000000	80,000000	1,336991E-1
1766,444173	80,000000	80,000000	1,336991E-1
1766,444173	80,000000	80,000000	1,336991E-1
1766,444173	79,900002	80,000000	1,336991E-1
1766,444173	79,900002	80,000000	1,336991E-1
1766,444173	79,900002	80,000000	1,337259E-1
1766,444173	79,900002	80,000000	1,337259E-1
1766,444173	79,900002	80,000000	1,337275E-1
1767,443668	79,900002	80,000000	1,337275E-1
1767,443668	79,900002	80,000000	1,337291E-1
1767,443668	79,900002	80,000000	1,337291E-1
1767,443668	79,900002	80,000000	1,337291E-1
1767,443668	79,900002	80,000000	1,337307E-1
1767,443668	79,900002	80,000000	1,337307E-1
1767,443668	79,900002	80,000000	1,337307E-1
1767,443668	79,900002	80,000000	1,337307E-1
1767,443668	79,900002	80,000000	1,337307E-1
1767,443668	79,900002	80,000000	1,337307E-1
1768,444054	79,900002	80,000000	1,337307E-1
1768,444054	79,900002	80,000000	1,337307E-1
1768,444054	79,900002	80,000000	1,337307E-1
1768,444054	79,900002	80,000000	1,337307E-1
1768,444054	79,900002	80,000000	1,337307E-1
1768,444054	79,900002	80,000000	1,337307E-1
1768,444054	79,900002	80,000000	1,337307E-1
1768,444054	79,900002	80,000000	1,337307E-1
1768,444054	79,900002	80,000000	1,337307E-1
1768,444054	79,900002	80,000000	1,337307E-1
1769,443499	79,900002	80,000000	1,337307E-1
1769,443499	79,900002	80,000000	1,337307E-1
1769,443499	79,900002	80,000000	1,337307E-1
1769,443499	79,900002	80,000000	1,337307E-1
1769,443499	79,900002	80,000000	1,337307E-1
1769,443499	79,900002	80,000000	1,337307E-1
1769,443499	79,900002	80,000000	1,337307E-1
1769,443499	79,900002	80,000000	1,337307E-1
1769,443499	79,900002	80,000000	1,337323E-1
1769,443499	79,900002	80,000000	1,337323E-1
1770,443929	79,900002	80,000000	1,337323E-1
1770,443929	79,900002	80,000000	1,337323E-1
1770,443929	79,900002	80,000000	1,337323E-1
1770,443929	79,900002	80,000000	1,337323E-1
1770,443929	79,900002	80,000000	1,337323E-1
1770,443929	79,900002	80,000000	1,337323E-1
1770,443929	79,900002	80,000000	1,337323E-1
1770,443929	79,900002	80,000000	1,337323E-1
1770,443929	79,900002	80,000000	1,337323E-1
1770,443929	79,900002	80,000000	1,337323E-1
1771,443407	79,900002	80,000000	1,337323E-1
1771,443407	79,900002	80,000000	1,337323E-1
1771,443407	79,900002	80,000000	1,337323E-1
1771,443407	79,900002	80,000000	1,337323E-1
1771,443407	79,900002	80,000000	1,337323E-1
1771,443407	79,900002	80,000000	1,337339E-1
1771,443407	80,199997	80,000000	1,337339E-1
1771,443407	80,199997	80,000000	1,337339E-1
1771,443407	80,199997	80,000000	1,337339E-1
1771,443407	80,199997	80,000000	1,337339E-1
1772,443568	80,199997	80,000000	1,337339E-1
1772,443568	80,199997	80,000000	1,337339E-1
1772,443568	80,199997	80,000000	1,337339E-1
1772,443568	80,199997	80,000000	1,337339E-1
1772,443568	80,199997	80,000000	1,337339E-1
1772,443568	80,199997	80,000000	1,337339E-1
1772,443568	80,199997	80,000000	1,337339E-1
1772,443568	80,199997	80,000000	1,337339E-1
1772,443568	80,199997	80,000000	1,337339E-1
1772,443568	80,199997	80,000000	1,337339E-1
1773,443868	80,199997	80,000000	1,337339E-1
1773,443868	80,199997	80,000000	1,337339E-1
1773,443868	80,199997	80,000000	1,336551E-1
1773,443868	80,199997	80,000000	1,336551E-1
1773,443868	80,199997	80,000000	1,336551E-1
1773,443868	80,199997	80,000000	1,336551E-1
1773,443868	80,199997	80,000000	1,336551E-1
1773,443868	80,199997	80,000000	1,336551E-1
1773,443868	80,199997	80,000000	1,336551E-1
1773,443868	80,199997	80,000000	1,336551E-1
1774,445342	80,199997	80,000000	1,336551E-1
1774,445342	80,199997	80,000000	1,336551E-1
1774,445342	80,199997	80,000000	1,336551E-1
1774,445342	80,199997	80,000000	1,336551E-1
1774,445342	80,199997	80,000000	1,336551E-1
1774,445342	80,199997	80,000000	1,336551E-1
1774,445342	80,199997	80,000000	1,336551E-1
1774,445342	80,199997	80,000000	1,336551E-1
1774,445342	80,199997	80,000000	1,336551E-1
1774,445342	80,199997	80,000000	1,336551E-1
1775,445721	80,199997	80,000000	1,336519E-1
1775,445721	80,199997	80,000000	1,336519E-1
1775,445721	80,199997	80,000000	1,336519E-1
1775,445721	80,199997	80,000000	1,336519E-1
1775,445721	80,199997	80,000000	1,336519E-1
1775,445721	80,199997	80,000000	1,336519E-1
1775,445721	80,199997	80,000000	1,336519E-1
1775,445721	80,199997	80,000000	1,336519E-1
1775,445721	80,199997	80,000000	1,336519E-1
1775,445721	80,199997	80,000000	1,336519E-1
1776,445799	80,199997	80,000000	1,336519E-1
1776,445799	80,199997	80,000000	1,336519E-1
1776,445799	80,199997	80,000000	1,336519E-1
1776,445799	80,199997	80,000000	1,336519E-1
1776,445799	80,199997	80,000000	1,336519E-1
1776,445799	80,199997	80,000000	1,336519E-1
1776,445799	80,199997	80,000000	1,336519E-1
1776,445799	80,199997	80,000000	1,336519E-1
1776,445799	80,199997	80,000000	1,336487E-1
1776,445799	79,800003	80,000000	1,336487E-1
1777,446240	79,800003	80,000000	1,336487E-1
1777,446240	79,800003	80,000000	1,336487E-1
1777,446240	79,800003	80,000000	1,336487E-1
1777,446240	79,800003	80,000000	1,336487E-1
1777,446240	79,800003	80,000000	1,336487E-1
1777,446240	79,800003	80,000000	1,336487E-1
1777,446240	79,800003	80,000000	1,336487E-1
1777,446240	79,800003	80,000000	1,336487E-1
1777,446240	79,800003	80,000000	1,336487E-1
1777,446240	79,800003	80,000000	1,336487E-1
1778,445713	79,800003	80,000000	1,336487E-1
1778,445713	79,800003	80,000000	1,336487E-1
1778,445713	79,800003	80,000000	1,336487E-1
1778,445713	79,800003	80,000000	1,336487E-1
1778,445713	79,800003	80,000000	1,336487E-1
1778,445713	79,800003	80,000000	1,336487E-1
1778,445713	79,800003	80,000000	1,337527E-1
1778,445713	79,800003	80,000000	1,337527E-1
1778,445713	79,800003	80,000000	1,337527E-1
1778,445713	79,900002	80,000000	1,337291E-1
1779,447053	79,900002	80,000000	1,337291E-1
1779,447053	79,900002	80,000000	1,337291E-1
1779,447053	79,900002	80,000000	1,337307E-1
1779,447053	79,899994	80,000000	1,337307E-1
1779,447053	79,899994	80,000000	1,337323E-1
1779,447053	79,899994	80,000000	1,337339E-1
1779,447053	79,899994	80,000000	1,337339E-1
1779,447053	79,899994	80,000000	1,337355E-1
1779,447053	79,899994	80,000000	1,337371E-1
1779,447053	79,899994	80,000000	1,337387E-1
1780,446485	79,899994	80,000000	1,337387E-1
1780,446485	79,899994	80,000000	1,337403E-1
1780,446485	79,899994	80,000000	1,337419E-1
1780,446485	79,899994	80,000000	1,337419E-1
1780,446485	79,899994	80,000000	1,337435E-1
1780,446485	80,199997	80,000000	1,337435E-1
1780,446485	80,199997	80,000000	1,337435E-1
1780,446485	80,199997	80,000000	1,336647E-1
1780,446485	80,199997	80,000000	1,336615E-1
1780,446485	80,199997	80,000000	1,336615E-1
1781,446879	80,199997	80,000000	1,336583E-1
1781,446879	80,199997	80,000000	1,336551E-1
1781,446879	80,199997	80,000000	1,336519E-1
1781,446879	80,199997	80,000000	1,336519E-1
1781,446879	80,100006	80,000000	1,336487E-1
1781,446879	80,100006	80,000000	1,336723E-1
1781,446879	80,100006	80,000000	1,336723E-1
1781,446879	80,100006	80,000000	1,336706E-1
1781,446879	80,100006	80,000000	1,336690E-1
1781,446879	80,100006	80,000000	1,336690E-1
1782,446342	80,100006	80,000000	1,336674E-1
1782,446342	80,100006	80,000000	1,336674E-1
1782,446342	80,100006	80,000000	1,336674E-1
1782,446342	80,100006	80,000000	1,336658E-1
1782,446342	80,100006	80,000000	1,336642E-1
1782,446342	80,099998	80,000000	1,336626E-1
1782,446342	80,099998	80,000000	1,336626E-1
1782,446342	80,099998	80,000000	1,336610E-1
1782,446342	80,099998	80,000000	1,336594E-1
1782,446342	80,099998	80,000000	1,336578E-1
1783,446836	80,099998	80,000000	1,336578E-1
1783,446836	80,099998	80,000000	1,336562E-1
1783,446836	80,099998	80,000000	1,336546E-1
1783,446836	80,099998	80,000000	1,336546E-1
1783,446836	80,099998	80,000000	1,336530E-1
1783,446836	79,900002	80,000000	1,336530E-1
1783,446836	79,900002	80,000000	1,336530E-1
1783,446836	79,900002	80,000000	1,337050E-1
1783,446836	79,900002	80,000000	1,337066E-1
1783,446836	79,900002	80,000000	1,337066E-1
1784,447200	79,900002	80,000000	1,337082E-1
1784,447200	79,900002	80,000000	1,337098E-1
1784,447200	79,900002	80,000000	1,337098E-1
1784,447200	79,900002	80,000000	1,337114E-1
1784,447200	79,900002	80,000000	1,337130E-1
1784,447200	80,000000	80,000000	1,337130E-1
1784,447200	80,000000	80,000000	1,336878E-1
1784,447200	80,000000	80,000000	1,336878E-1
1784,447200	80,000000	80,000000	1,336878E-1
1784,447200	80,000000	80,000000	1,336878E-1
1785,446645	80,000000	80,000000	1,336878E-1
1785,446645	80,000000	80,000000	1,336878E-1
1785,446645	80,000000	80,000000	1,336878E-1
1785,446645	80,000000	80,000000	1,336878E-1
1785,446645	80,000000	80,000000	1,336878E-1
1785,446645	80,000000	80,000000	1,336878E-1
1785,446645	80,000000	80,000000	1,336878E-1
1785,446645	80,000000	80,000000	1,336878E-1
1785,446645	80,000000	80,000000	1,336878E-1
1785,446645	80,000000	80,000000	1,336878E-1
1786,448029	80,000000	80,000000	1,336878E-1
1786,448029	80,000000	80,000000	1,336878E-1
1786,448029	80,000000	80,000000	1,336878E-1
1786,448029	80,000000	80,000000	1,336878E-1
1786,448029	80,000000	80,000000	1,336878E-1
1786,448029	80,000000	80,000000	1,336878E-1
1786,448029	80,000000	80,000000	1,336878E-1
1786,448029	80,000000	80,000000	1,336878E-1
1786,448029	80,000000	80,000000	1,336878E-1
1786,448029	80,000000	80,000000	1,336878E-1
1787,448446	80,000000	80,000000	1,336878E-1
1787,448446	80,000000	80,000000	1,336878E-1
1787,448446	80,000000	80,000000	1,336878E-1
1787,448446	80,000000	80,000000	1,336878E-1
1787,448446	80,000000	80,000000	1,336878E-1
1787,448446	80,000000	80,000000	1,336878E-1
1787,448446	80,000000	80,000000	1,336878E-1
1787,448446	80,000000	80,000000	1,336878E-1
1787,448446	80,000000	80,000000	1,336878E-1
1787,448446	80,000000	80,000000	1,336878E-1
1788,448950	80,000000	80,000000	1,336878E-1
1788,448950	80,000000	80,000000	1,336878E-1
1788,448950	80,000000	80,000000	1,336878E-1
1788,448950	80,000000	80,000000	1,336878E-1
1788,448950	80,000000	80,000000	1,336878E-1
1788,448950	80,000000	80,000000	1,336878E-1
1788,448950	80,000000	80,000000	1,336878E-1
1788,448950	80,000000	80,000000	1,336878E-1
1788,448950	80,000000	80,000000	1,336878E-1
1788,448950	80,000000	80,000000	1,336878E-1
1789,450336	80,000000	80,000000	1,336878E-1
1789,450336	80,000000	80,000000	1,336878E-1
1789,450336	80,000000	80,000000	1,336878E-1
1789,450336	80,000000	80,000000	1,336878E-1
1789,450336	80,000000	80,000000	1,336878E-1
1789,450336	80,099998	80,000000	1,336878E-1
1789,450336	80,099998	80,000000	1,336878E-1
1789,450336	80,099998	80,000000	1,336878E-1
1789,450336	80,099998	80,000000	1,336878E-1
1789,450336	80,099998	80,000000	1,336878E-1
1790,450812	80,099998	80,000000	1,336878E-1
1790,450812	80,099998	80,000000	1,336878E-1
1790,450812	80,099998	80,000000	1,336878E-1
1790,450812	80,099998	80,000000	1,336878E-1
1790,450812	80,099998	80,000000	1,336878E-1
1790,450812	80,099998	80,000000	1,336878E-1
1790,450812	80,099998	80,000000	1,336878E-1
1790,450812	80,099998	80,000000	1,336878E-1
1790,450812	80,099998	80,000000	1,336878E-1
1790,450812	80,099998	80,000000	1,336878E-1
1791,451186	80,099998	80,000000	1,336878E-1
1791,451186	80,099998	80,000000	1,336610E-1
1791,451186	80,000000	80,000000	1,336610E-1
1791,451186	80,000000	80,000000	1,336610E-1
1791,451186	80,000000	80,000000	1,336610E-1
1791,451186	80,000000	80,000000	1,336610E-1
1791,451186	80,000000	80,000000	1,336610E-1
1791,451186	80,000000	80,000000	1,336610E-1
1791,451186	80,000000	80,000000	1,336610E-1
1791,451186	80,000000	80,000000	1,336610E-1
1792,450615	80,000000	80,000000	1,336610E-1
1792,450615	80,000000	80,000000	1,336610E-1
1792,450615	80,000000	80,000000	1,336610E-1
1792,450615	80,000000	80,000000	1,336610E-1
1792,450615	80,000000	80,000000	1,336610E-1
1792,450615	80,000000	80,000000	1,336610E-1
1792,450615	80,000000	80,000000	1,336610E-1
1792,450615	80,000000	80,000000	1,336610E-1
1792,450615	80,000000	80,000000	1,336610E-1
1792,450615	80,000000	80,000000	1,336862E-1
1793,451088	80,000000	80,000000	1,336862E-1
1793,451088	80,000000	80,000000	1,336862E-1
1793,451088	80,000000	80,000000	1,336862E-1
1793,451088	80,000000	80,000000	1,336862E-1
1793,451088	80,000000	80,000000	1,336862E-1
1793,451088	80,000000	80,000000	1,336862E-1
1793,451088	80,000000	80,000000	1,336862E-1
1793,451088	80,000000	80,000000	1,336862E-1
1793,451088	80,000000	80,000000	1,336862E-1
1793,451088	80,000000	80,000000	1,336862E-1
1794,450469	80,000000	80,000000	1,336862E-1
1794,450469	80,000000	80,000000	1,336862E-1
1794,450469	80,000000	80,000000	1,336862E-1
1794,450469	80,000000	80,000000	1,336862E-1
1794,450469	80,000000	80,000000	1,336862E-1
1794,450469	80,000000	80,000000	1,336862E-1
1794,450469	80,199997	80,000000	1,336326E-1
1794,450469	80,199997	80,000000	1,336326E-1
1794,450469	80,199997	80,000000	1,336326E-1
1794,450469	80,199997	80,000000	1,336326E-1
1795,450919	80,199997	80,000000	1,336326E-1
1795,450919	80,199997	80,000000	1,336326E-1
1795,450919	80,199997	80,000000	1,336326E-1
1795,450919	80,199997	80,000000	1,336326E-1
1795,450919	80,199997	80,000000	1,336326E-1
1795,450919	80,199997	80,000000	1,336326E-1
1795,450919	80,199997	80,000000	1,336326E-1
1795,450919	80,199997	80,000000	1,336326E-1
1795,450919	80,199997	80,000000	1,336326E-1
1795,450919	80,199997	80,000000	1,336326E-1
1796,451351	80,199997	80,000000	1,336326E-1
1796,451351	80,199997	80,000000	1,336326E-1
1796,451351	80,199997	80,000000	1,336326E-1
1796,451351	80,199997	80,000000	1,336294E-1
1796,451351	80,199997	80,000000	1,336294E-1
1796,451351	80,199997	80,000000	1,336294E-1
1796,451351	80,199997	80,000000	1,336294E-1
1796,451351	79,899994	80,000000	1,337066E-1
1796,451351	79,899994	80,000000	1,337066E-1
1796,451351	79,899994	80,000000	1,337066E-1
1797,450694	79,899994	80,000000	1,337082E-1
1797,450694	79,899994	80,000000	1,337098E-1
1797,450694	79,899994	80,000000	1,337098E-1
1797,450694	79,899994	80,000000	1,337114E-1
1797,450694	79,899994	80,000000	1,337130E-1
1797,450694	79,899994	80,000000	1,337146E-1
1797,450694	79,699997	80,000000	1,337698E-1
1797,450694	79,699997	80,000000	1,337747E-1
1797,450694	79,699997	80,000000	1,337795E-1
1797,450694	79,699997	80,000000	1,337795E-1
1798,452213	79,699997	80,000000	1,337843E-1
1798,452213	79,699997	80,000000	1,337891E-1
1798,452213	79,699997	80,000000	1,337891E-1
1798,452213	79,699997	80,000000	1,337939E-1
1798,452213	79,699997	80,000000	1,337939E-1
1798,452213	80,000000	80,000000	1,337183E-1
1798,452213	80,000000	80,000000	1,337183E-1
1798,452213	80,000000	80,000000	1,337183E-1
1798,452213	80,000000	80,000000	1,337183E-1
1798,452213	80,000000	80,000000	1,337183E-1
1799,452638	80,000000	80,000000	1,337183E-1
1799,452638	80,000000	80,000000	1,337183E-1
1799,452638	80,000000	80,000000	1,337183E-1
1799,452638	80,000000	80,000000	1,337183E-1
1799,452638	80,000000	80,000000	1,337183E-1
1799,452638	80,100006	80,000000	1,337183E-1
1799,452638	80,100006	80,000000	1,337183E-1
1799,452638	80,100006	80,000000	1,336915E-1
1799,452638	80,100006	80,000000	1,336915E-1
1799,452638	80,100006	80,000000	1,336899E-1
1800,453006	80,100006	80,000000	1,336899E-1
1800,453006	80,100006	80,000000	1,336899E-1
1800,453006	80,100006	80,000000	1,336883E-1
1800,453006	80,100006	80,000000	1,336867E-1
1800,453006	80,100006	80,000000	1,336851E-1
1800,453006	80,100006	80,000000	1,336851E-1
1800,453006	79,800003	80,000000	1,336835E-1
1800,453006	79,800003	80,000000	1,337623E-1
1800,453006	79,800003	80,000000	1,337655E-1
1800,453006	79,800003	80,000000	1,337687E-1
1801,453487	79,800003	80,000000	1,337687E-1
1801,453487	79,800003	80,000000	1,337719E-1
1801,453487	79,800003	80,000000	1,337719E-1
1801,453487	79,800003	80,000000	1,337751E-1
1801,453487	79,800003	80,000000	1,337751E-1
1801,453487	79,800003	80,000000	1,337751E-1
1801,453487	80,099998	80,000000	1,337783E-1
1801,453487	80,099998	80,000000	1,337011E-1
1801,453487	80,099998	80,000000	1,336995E-1
1801,453487	80,099998	80,000000	1,336979E-1
1802,453809	80,099998	80,000000	1,336979E-1
1802,453809	80,099998	80,000000	1,336979E-1
1802,453809	80,099998	80,000000	1,336979E-1
1802,453809	80,099998	80,000000	1,336963E-1
1802,453809	80,099998	80,000000	1,336963E-1
1802,453809	80,099998	80,000000	1,336963E-1
1802,453809	80,099998	80,000000	1,336963E-1
1802,453809	80,099998	80,000000	1,336963E-1
1802,453809	80,099998	80,000000	1,336963E-1
1802,453809	80,099998	80,000000	1,336963E-1
1803,455315	80,099998	80,000000	1,336963E-1
1803,455315	80,099998	80,000000	1,336963E-1
1803,455315	80,099998	80,000000	1,336963E-1
1803,455315	80,099998	80,000000	1,336963E-1
1803,455315	80,099998	80,000000	1,336963E-1
1803,455315	80,099998	80,000000	1,336963E-1
1803,455315	80,099998	80,000000	1,336963E-1
1803,455315	80,099998	80,000000	1,336963E-1
1803,455315	80,099998	80,000000	1,336963E-1
1803,455315	80,099998	80,000000	1,336963E-1
1804,454762	80,099998	80,000000	1,336963E-1
1804,454762	80,099998	80,000000	1,336963E-1
1804,454762	80,099998	80,000000	1,336963E-1
1804,454762	80,099998	80,000000	1,336963E-1
1804,454762	80,099998	80,000000	1,336963E-1
1804,454762	80,099998	80,000000	1,336963E-1
1804,454762	80,099998	80,000000	1,336963E-1
1804,454762	80,099998	80,000000	1,336963E-1
1804,454762	80,099998	80,000000	1,336947E-1
1804,454762	80,099998	80,000000	1,336947E-1
1805,455113	80,099998	80,000000	1,336947E-1
1805,455113	80,099998	80,000000	1,336947E-1
1805,455113	80,099998	80,000000	1,336947E-1
1805,455113	80,099998	80,000000	1,336947E-1
1805,455113	80,099998	80,000000	1,336947E-1
1805,455113	80,099998	80,000000	1,336947E-1
1805,455113	80,099998	80,000000	1,336947E-1
1805,455113	80,099998	80,000000	1,336947E-1
1805,455113	80,099998	80,000000	1,336947E-1
1805,455113	80,099998	80,000000	1,336947E-1
1806,454572	80,099998	80,000000	1,336947E-1
1806,454572	80,099998	80,000000	1,336947E-1
1806,454572	80,099998	80,000000	1,336947E-1
1806,454572	80,099998	80,000000	1,336947E-1
1806,454572	80,099998	80,000000	1,336947E-1
1806,454572	80,099998	80,000000	1,336931E-1
1806,454572	80,099998	80,000000	1,336931E-1
1806,454572	80,199997	80,000000	1,336931E-1
1806,454572	80,199997	80,000000	1,336931E-1
1806,454572	80,199997	80,000000	1,336931E-1
1807,454995	80,199997	80,000000	1,336931E-1
1807,454995	80,199997	80,000000	1,336931E-1
1807,454995	80,199997	80,000000	1,336931E-1
1807,454995	80,199997	80,000000	1,336931E-1
1807,454995	80,199997	80,000000	1,336931E-1
1807,454995	80,199997	80,000000	1,336931E-1
1807,454995	80,199997	80,000000	1,336931E-1
1807,454995	80,199997	80,000000	1,336931E-1
1807,454995	80,199997	80,000000	1,336931E-1
1807,454995	80,199997	80,000000	1,336931E-1
1808,454401	80,199997	80,000000	1,336931E-1
1808,454401	80,199997	80,000000	1,336931E-1
1808,454401	80,199997	80,000000	1,336931E-1
1808,454401	80,199997	80,000000	1,336647E-1
1808,454401	80,199997	80,000000	1,336647E-1
1808,454401	80,199997	80,000000	1,336647E-1
1808,454401	80,199997	80,000000	1,336647E-1
1808,454401	80,199997	80,000000	1,336647E-1
1808,454401	80,199997	80,000000	1,336647E-1
1808,454401	80,199997	80,000000	1,336647E-1
1809,454882	80,199997	80,000000	1,336647E-1
1809,454882	80,199997	80,000000	1,336647E-1
1809,454882	80,199997	80,000000	1,336647E-1
1809,454882	80,199997	80,000000	1,336647E-1
1809,454882	80,199997	80,000000	1,336647E-1
1809,454882	80,199997	80,000000	1,336647E-1
1809,454882	80,199997	80,000000	1,336647E-1
1809,454882	80,199997	80,000000	1,336647E-1
1809,454882	80,199997	80,000000	1,336647E-1
1809,454882	80,199997	80,000000	1,336647E-1
1810,455281	79,900002	80,000000	1,337419E-1
1810,455281	79,900002	80,000000	1,337419E-1
1810,455281	79,900002	80,000000	1,337419E-1
1810,455281	79,900002	80,000000	1,337419E-1
1810,455281	79,900002	80,000000	1,337419E-1
1810,455281	79,900002	80,000000	1,337419E-1
1810,455281	79,900002	80,000000	1,337419E-1
1810,455281	79,900002	80,000000	1,337419E-1
1810,455281	79,900002	80,000000	1,337419E-1
1810,455281	79,900002	80,000000	1,337419E-1
1811,454694	79,900002	80,000000	1,337419E-1
1811,454694	79,900002	80,000000	1,337419E-1
1811,454694	79,900002	80,000000	1,337419E-1
1811,454694	79,900002	80,000000	1,337419E-1
1811,454694	79,900002	80,000000	1,337419E-1
1811,454694	79,900002	80,000000	1,337419E-1
1811,454694	79,900002	80,000000	1,337419E-1
1811,454694	79,900002	80,000000	1,337435E-1
1811,454694	79,900002	80,000000	1,337435E-1
1811,454694	79,900002	80,000000	1,337435E-1
1812,455092	79,900002	80,000000	1,337435E-1
1812,455092	79,900002	80,000000	1,337435E-1
1812,455092	79,900002	80,000000	1,337435E-1
1812,455092	79,900002	80,000000	1,337435E-1
1812,455092	79,900002	80,000000	1,337435E-1
1812,455092	79,900002	80,000000	1,337435E-1
1812,455092	79,900002	80,000000	1,337435E-1
1812,455092	79,900002	80,000000	1,337435E-1
1812,455092	79,900002	80,000000	1,337435E-1
1812,455092	79,900002	80,000000	1,337435E-1
1813,455568	79,900002	80,000000	1,337435E-1
1813,455568	79,900002	80,000000	1,337435E-1
1813,455568	79,900002	80,000000	1,337435E-1
1813,455568	79,900002	80,000000	1,337435E-1
1813,455568	79,900002	80,000000	1,337435E-1
1813,455568	80,199997	80,000000	1,337451E-1
1813,455568	80,199997	80,000000	1,337451E-1
1813,455568	80,199997	80,000000	1,337451E-1
1813,455568	80,199997	80,000000	1,336663E-1
1813,455568	80,199997	80,000000	1,336663E-1
1814,455916	80,199997	80,000000	1,336663E-1
1814,455916	80,199997	80,000000	1,336631E-1
1814,455916	80,199997	80,000000	1,336599E-1
1814,455916	79,900002	80,000000	1,336599E-1
1814,455916	79,900002	80,000000	1,337371E-1
1814,455916	79,900002	80,000000	1,337387E-1
1814,455916	79,900002	80,000000	1,337387E-1
1814,455916	79,900002	80,000000	1,337403E-1
1814,455916	79,900002	80,000000	1,337419E-1
1814,455916	79,900002	80,000000	1,337435E-1
1815,455417	79,899994	80,000000	1,337451E-1
1815,455417	79,899994	80,000000	1,337467E-1
1815,455417	79,899994	80,000000	1,337467E-1
1815,455417	79,899994	80,000000	1,337483E-1
1815,455417	79,899994	80,000000	1,337483E-1
1815,455417	79,899994	80,000000	1,337499E-1
1815,455417	79,899994	80,000000	1,337499E-1
1815,455417	79,899994	80,000000	1,337515E-1
1815,455417	79,899994	80,000000	1,337531E-1
1815,455417	79,899994	80,000000	1,337531E-1
1816,455832	79,899994	80,000000	1,337547E-1
1816,455832	80,099998	80,000000	1,337564E-1
1816,455832	80,099998	80,000000	1,337564E-1
1816,455832	80,099998	80,000000	1,337044E-1
1816,455832	80,099998	80,000000	1,337027E-1
1816,455832	80,099998	80,000000	1,337027E-1
1816,455832	80,099998	80,000000	1,337011E-1
1816,455832	80,099998	80,000000	1,336995E-1
1816,455832	80,099998	80,000000	1,336995E-1
1816,455832	80,099998	80,000000	1,336979E-1
1817,457275	80,099998	80,000000	1,336979E-1
1817,457275	80,100006	80,000000	1,336963E-1
1817,457275	80,100006	80,000000	1,336963E-1
1817,457275	80,100006	80,000000	1,336947E-1
1817,457275	80,100006	80,000000	1,336931E-1
1817,457275	80,100006	80,000000	1,336915E-1
1817,457275	80,100006	80,000000	1,336915E-1
1817,457275	80,100006	80,000000	1,336899E-1
1817,457275	80,100006	80,000000	1,336899E-1
1817,457275	80,100006	80,000000	1,336883E-1
1818,456782	80,100006	80,000000	1,336867E-1
1818,456782	80,100006	80,000000	1,336851E-1
1818,456782	80,100006	80,000000	1,336851E-1
1818,456782	80,100006	80,000000	1,336835E-1
1818,456782	80,100006	80,000000	1,336835E-1
1818,456782	80,100006	80,000000	1,336819E-1
1818,456782	80,100006	80,000000	1,336819E-1
1818,456782	80,100006	80,000000	1,336803E-1
1818,456782	80,000000	80,000000	1,337055E-1
1818,456782	80,000000	80,000000	1,337055E-1
1819,458293	80,000000	80,000000	1,337055E-1
1819,458293	80,000000	80,000000	1,337055E-1
1819,458293	80,000000	80,000000	1,337055E-1
1819,458293	80,000000	80,000000	1,337055E-1
1819,458293	80,000000	80,000000	1,337055E-1
1819,458293	80,000000	80,000000	1,337055E-1
1819,458293	80,000000	80,000000	1,337055E-1
1819,458293	80,000000	80,000000	1,337055E-1
1819,458293	80,000000	80,000000	1,337055E-1
1819,458293	79,699997	80,000000	1,337055E-1
1820,457675	79,699997	80,000000	1,337055E-1
1820,457675	79,699997	80,000000	1,337859E-1
1820,457675	79,699997	80,000000	1,337859E-1
1820,457675	79,699997	80,000000	1,337907E-1
1820,457675	79,699997	80,000000	1,337955E-1
1820,457675	79,699997	80,000000	1,338003E-1
1820,457675	79,699997	80,000000	1,338003E-1
1820,457675	79,699997	80,000000	1,338051E-1
1820,457675	80,300003	80,000000	1,338100E-1
1820,457675	80,300003	80,000000	1,338100E-1
1821,458075	80,300003	80,000000	1,336540E-1
1821,458075	80,300003	80,000000	1,336491E-1
1821,458075	80,300003	80,000000	1,336443E-1
1821,458075	80,300003	80,000000	1,336443E-1
1821,458075	80,300003	80,000000	1,336443E-1
1821,458075	80,300003	80,000000	1,336395E-1
1821,458075	80,300003	80,000000	1,336395E-1
1821,458075	80,300003	80,000000	1,336395E-1
1821,458075	80,300003	80,000000	1,336347E-1
1821,458075	79,800003	80,000000	1,336347E-1
1822,457575	79,800003	80,000000	1,336347E-1
1822,457575	79,800003	80,000000	1,336347E-1
1822,457575	79,800003	80,000000	1,336347E-1
1822,457575	79,800003	80,000000	1,336347E-1
1822,457575	79,800003	80,000000	1,336347E-1
1822,457575	79,800003	80,000000	1,336347E-1
1822,457575	79,800003	80,000000	1,336347E-1
1822,457575	79,800003	80,000000	1,336347E-1
1822,457575	79,800003	80,000000	1,336347E-1
1822,457575	79,800003	80,000000	1,336347E-1
1823,457926	79,800003	80,000000	1,336347E-1
1823,457926	79,800003	80,000000	1,336347E-1
1823,457926	79,800003	80,000000	1,336347E-1
1823,457926	79,800003	80,000000	1,336347E-1
1823,457926	79,800003	80,000000	1,336347E-1
1823,457926	79,800003	80,000000	1,336347E-1
1823,457926	79,800003	80,000000	1,336347E-1
1823,457926	79,800003	80,000000	1,336347E-1
1823,457926	79,800003	80,000000	1,336347E-1
1823,457926	79,800003	80,000000	1,336347E-1
1824,457412	79,800003	80,000000	1,336347E-1
1824,457412	79,800003	80,000000	1,336347E-1
1824,457412	79,800003	80,000000	1,337639E-1
1824,457412	79,800003	80,000000	1,337639E-1
1824,457412	79,800003	80,000000	1,337639E-1
1824,457412	79,800003	80,000000	1,337639E-1
1824,457412	79,800003	80,000000	1,337639E-1
1824,457412	79,800003	80,000000	1,337639E-1
1824,457412	79,800003	80,000000	1,337639E-1
1824,457412	79,800003	80,000000	1,337639E-1
1825,457866	79,800003	80,000000	1,337639E-1
1825,457866	79,800003	80,000000	1,337639E-1
1825,457866	79,800003	80,000000	1,337639E-1
1825,457866	79,800003	80,000000	1,337639E-1
1825,457866	79,800003	80,000000	1,337639E-1
1825,457866	79,800003	80,000000	1,337639E-1
1825,457866	79,800003	80,000000	1,337639E-1
1825,457866	79,800003	80,000000	1,337639E-1
1825,457866	79,800003	80,000000	1,337639E-1
1825,457866	79,800003	80,000000	1,337639E-1
1826,458268	79,900002	80,000000	1,337671E-1
1826,458268	79,900002	80,000000	1,337671E-1
1826,458268	79,900002	80,000000	1,337671E-1
1826,458268	79,900002	80,000000	1,337671E-1
1826,458268	79,900002	80,000000	1,337671E-1
1826,458268	79,900002	80,000000	1,337671E-1
1826,458268	79,900002	80,000000	1,337671E-1
1826,458268	79,900002	80,000000	1,337671E-1
1826,458268	79,900002	80,000000	1,337671E-1
1826,458268	79,900002	80,000000	1,337671E-1
1827,457714	79,900002	80,000000	1,337671E-1
1827,457714	79,900002	80,000000	1,337671E-1
1827,457714	79,900002	80,000000	1,337671E-1
1827,457714	79,900002	80,000000	1,337671E-1
1827,457714	79,900002	80,000000	1,337671E-1
1827,457714	79,900002	80,000000	1,337671E-1
1827,457714	79,900002	80,000000	1,337671E-1
1827,457714	79,900002	80,000000	1,337435E-1
1827,457714	79,900002	80,000000	1,337435E-1
1827,457714	79,900002	80,000000	1,337435E-1
1828,458085	79,900002	80,000000	1,337435E-1
1828,458085	79,900002	80,000000	1,337435E-1
1828,458085	79,900002	80,000000	1,337435E-1
1828,458085	79,900002	80,000000	1,337435E-1
1828,458085	79,900002	80,000000	1,337435E-1
1828,458085	79,900002	80,000000	1,337435E-1
1828,458085	79,900002	80,000000	1,337435E-1
1828,458085	79,900002	80,000000	1,337435E-1
1828,458085	79,900002	80,000000	1,337435E-1
1828,458085	79,900002	80,000000	1,337435E-1
1829,458093	79,900002	80,000000	1,337435E-1
1829,458093	79,900002	80,000000	1,337435E-1
1829,458093	79,900002	80,000000	1,337435E-1
1829,458093	79,900002	80,000000	1,337435E-1
1829,458093	79,900002	80,000000	1,337451E-1
1829,458093	80,100006	80,000000	1,337451E-1
1829,458093	80,100006	80,000000	1,337451E-1
1829,458093	80,100006	80,000000	1,337451E-1
1829,458093	80,100006	80,000000	1,337451E-1
1829,458093	80,100006	80,000000	1,337451E-1
1830,457529	80,100006	80,000000	1,337451E-1
1830,457529	80,100006	80,000000	1,337451E-1
1830,457529	80,100006	80,000000	1,337451E-1
1830,457529	80,100006	80,000000	1,337451E-1
1830,457529	80,100006	80,000000	1,337451E-1
1830,457529	80,100006	80,000000	1,337451E-1
1830,457529	80,100006	80,000000	1,337451E-1
1830,457529	80,100006	80,000000	1,337451E-1
1830,457529	80,100006	80,000000	1,337451E-1
1830,457529	80,100006	80,000000	1,337451E-1
1831,457959	80,100006	80,000000	1,337451E-1
1831,457959	80,100006	80,000000	1,337451E-1
1831,457959	80,100006	80,000000	1,336931E-1
1831,457959	80,199997	80,000000	1,336931E-1
1831,457959	80,199997	80,000000	1,336931E-1
1831,457959	80,199997	80,000000	1,336931E-1
1831,457959	80,199997	80,000000	1,336931E-1
1831,457959	80,199997	80,000000	1,336931E-1
1831,457959	80,199997	80,000000	1,336931E-1
1831,457959	80,199997	80,000000	1,336931E-1
1832,457360	80,199997	80,000000	1,336931E-1
1832,457360	80,199997	80,000000	1,336931E-1
1832,457360	80,199997	80,000000	1,336931E-1
1832,457360	80,199997	80,000000	1,336931E-1
1832,457360	80,199997	80,000000	1,336931E-1
1832,457360	80,199997	80,000000	1,336931E-1
1832,457360	80,199997	80,000000	1,336931E-1
1832,457360	80,199997	80,000000	1,336931E-1
1832,457360	80,199997	80,000000	1,336931E-1
1832,457360	80,199997	80,000000	1,336647E-1
1833,457780	80,199997	80,000000	1,336647E-1
1833,457780	80,199997	80,000000	1,336647E-1
1833,457780	80,199997	80,000000	1,336615E-1
1833,457780	80,199997	80,000000	1,336615E-1
1833,457780	80,199997	80,000000	1,336615E-1
1833,457780	80,199997	80,000000	1,336615E-1
1833,457780	80,100006	80,000000	1,336583E-1
1833,457780	80,100006	80,000000	1,336819E-1
1833,457780	80,100006	80,000000	1,336803E-1
1833,457780	80,100006	80,000000	1,336787E-1
1834,458190	80,100006	80,000000	1,336771E-1
1834,458190	80,100006	80,000000	1,336755E-1
1834,458190	80,100006	80,000000	1,336739E-1
1834,458190	80,100006	80,000000	1,336739E-1
1834,458190	80,100006	80,000000	1,336723E-1
1834,458190	80,100006	80,000000	1,336706E-1
1834,458190	80,100006	80,000000	1,336690E-1
1834,458190	80,100006	80,000000	1,336674E-1
1834,458190	80,100006	80,000000	1,336674E-1
1834,458190	79,800003	80,000000	1,336674E-1
1835,457661	79,800003	80,000000	1,336674E-1
1835,457661	79,800003	80,000000	1,337462E-1
1835,457661	79,800003	80,000000	1,337494E-1
1835,457661	79,800003	80,000000	1,337494E-1
1835,457661	79,800003	80,000000	1,337527E-1
1835,457661	79,800003	80,000000	1,337559E-1
1835,457661	79,800003	80,000000	1,337591E-1
1835,457661	79,800003	80,000000	1,337591E-1
1835,457661	79,900002	80,000000	1,337623E-1
1835,457661	79,900002	80,000000	1,337387E-1
1836,457639	79,900002	80,000000	1,337387E-1
1836,457639	79,900002	80,000000	1,337403E-1
1836,457639	79,900002	80,000000	1,337419E-1
1836,457639	79,900002	80,000000	1,337419E-1
1836,457639	79,900002	80,000000	1,337435E-1
1836,457639	79,900002	80,000000	1,337435E-1
1836,457639	79,900002	80,000000	1,337435E-1
1836,457639	80,300003	80,000000	1,337451E-1
1836,457639	80,300003	80,000000	1,336395E-1
1836,457639	80,300003	80,000000	1,336347E-1
1837,459155	80,300003	80,000000	1,336299E-1
1837,459155	80,300003	80,000000	1,336299E-1
1837,459155	80,300003	80,000000	1,336251E-1
1837,459155	80,300003	80,000000	1,336203E-1
1837,459155	80,300003	80,000000	1,336154E-1
1837,459155	80,300003	80,000000	1,336106E-1
1837,459155	80,300003	80,000000	1,336058E-1
1837,459155	80,300003	80,000000	1,336058E-1
1837,459155	79,800003	80,000000	1,337350E-1
1837,459155	79,800003	80,000000	1,337350E-1
1838,458521	79,800003	80,000000	1,337350E-1
1838,458521	79,800003	80,000000	1,337382E-1
1838,458521	79,800003	80,000000	1,337414E-1
1838,458521	79,800003	80,000000	1,337446E-1
1838,458521	79,800003	80,000000	1,337478E-1
1838,458521	79,800003	80,000000	1,337478E-1
1838,458521	79,800003	80,000000	1,337511E-1
1838,458521	79,800003	80,000000	1,337511E-1
1838,458521	79,800003	80,000000	1,337543E-1
1838,458521	79,800003	80,000000	1,337575E-1
1839,458910	79,800003	80,000000	1,337575E-1
1839,458910	80,000000	80,000000	1,337607E-1
1839,458910	80,000000	80,000000	1,337103E-1
1839,458910	80,000000	80,000000	1,337103E-1
1839,458910	80,000000	80,000000	1,337103E-1
1839,458910	80,000000	80,000000	1,337103E-1
1839,458910	80,000000	80,000000	1,337103E-1
1839,458910	80,000000	80,000000	1,337103E-1
1839,458910	80,000000	80,000000	1,337103E-1
1839,458910	80,000000	80,000000	1,337103E-1
1840,459342	80,000000	80,000000	1,337103E-1
1840,459342	80,000000	80,000000	1,337103E-1
1840,459342	80,000000	80,000000	1,337103E-1
1840,459342	80,000000	80,000000	1,337103E-1
1840,459342	80,000000	80,000000	1,337103E-1
1840,459342	80,000000	80,000000	1,337103E-1
1840,459342	80,000000	80,000000	1,337103E-1
1840,459342	80,000000	80,000000	1,337103E-1
1840,459342	80,000000	80,000000	1,337103E-1
1840,459342	80,000000	80,000000	1,337103E-1
1841,458772	80,000000	80,000000	1,337103E-1
1841,458772	80,000000	80,000000	1,337103E-1
1841,458772	80,000000	80,000000	1,337103E-1
1841,458772	80,000000	80,000000	1,337103E-1
1841,458772	80,000000	80,000000	1,337103E-1
1841,458772	80,000000	80,000000	1,337103E-1
1841,458772	80,000000	80,000000	1,337103E-1
1841,458772	80,000000	80,000000	1,337103E-1
1841,458772	80,000000	80,000000	1,337103E-1
1841,458772	80,000000	80,000000	1,337103E-1
1842,459177	80,000000	80,000000	1,337103E-1
1842,459177	80,000000	80,000000	1,337103E-1
1842,459177	80,000000	80,000000	1,337103E-1
1842,459177	80,000000	80,000000	1,337103E-1
1842,459177	80,000000	80,000000	1,337103E-1
1842,459177	80,000000	80,000000	1,337103E-1
1842,459177	80,000000	80,000000	1,337103E-1
1842,459177	80,000000	80,000000	1,337103E-1
1842,459177	80,000000	80,000000	1,337103E-1
1842,459177	80,000000	80,000000	1,337103E-1
1843,458617	80,000000	80,000000	1,337103E-1
1843,458617	80,000000	80,000000	1,337103E-1
1843,458617	80,000000	80,000000	1,337103E-1
1843,458617	80,000000	80,000000	1,337103E-1
1843,458617	80,000000	80,000000	1,337103E-1
1843,458617	80,000000	80,000000	1,337103E-1
1843,458617	80,000000	80,000000	1,337103E-1
1843,458617	80,000000	80,000000	1,337103E-1
1843,458617	80,000000	80,000000	1,337103E-1
1843,458617	80,000000	80,000000	1,337103E-1
1844,459003	79,900002	80,000000	1,337103E-1
1844,459003	79,900002	80,000000	1,337103E-1
1844,459003	79,900002	80,000000	1,337103E-1
1844,459003	79,900002	80,000000	1,337103E-1
1844,459003	79,900002	80,000000	1,337103E-1
1844,459003	79,900002	80,000000	1,337103E-1
1844,459003	79,900002	80,000000	1,337103E-1
1844,459003	79,900002	80,000000	1,337103E-1
1844,459003	79,900002	80,000000	1,337103E-1
1844,459003	79,900002	80,000000	1,337103E-1
1845,458471	79,900002	80,000000	1,337103E-1
1845,458471	79,900002	80,000000	1,337103E-1
1845,458471	79,900002	80,000000	1,337103E-1
1845,458471	79,900002	80,000000	1,337103E-1
1845,458471	79,900002	80,000000	1,337103E-1
1845,458471	79,900002	80,000000	1,337103E-1
1845,458471	79,900002	80,000000	1,337103E-1
1845,458471	79,900002	80,000000	1,337371E-1
1845,458471	79,900002	80,000000	1,337371E-1
1845,458471	79,699997	80,000000	1,337371E-1
1846,458866	79,699997	80,000000	1,337371E-1
1846,458866	79,699997	80,000000	1,337371E-1
1846,458866	79,699997	80,000000	1,337371E-1
1846,458866	79,699997	80,000000	1,337371E-1
1846,458866	79,699997	80,000000	1,337371E-1
1846,458866	79,699997	80,000000	1,337371E-1
1846,458866	79,699997	80,000000	1,337371E-1
1846,458866	79,699997	80,000000	1,337371E-1
1846,458866	79,699997	80,000000	1,337371E-1
1846,458866	79,699997	80,000000	1,337371E-1
1847,460302	79,699997	80,000000	1,337371E-1
1847,460302	79,699997	80,000000	1,337371E-1
1847,460302	79,699997	80,000000	1,337371E-1
1847,460302	79,699997	80,000000	1,337371E-1
1847,460302	79,699997	80,000000	1,337371E-1
1847,460302	79,699997	80,000000	1,337923E-1
1847,460302	79,699997	80,000000	1,337923E-1
1847,460302	79,699997	80,000000	1,337923E-1
1847,460302	79,699997	80,000000	1,337971E-1
1847,460302	79,699997	80,000000	1,337971E-1
1848,459724	79,699997	80,000000	1,337971E-1
1848,459724	79,699997	80,000000	1,337971E-1
1848,459724	79,699997	80,000000	1,337971E-1
1848,459724	79,699997	80,000000	1,337971E-1
1848,459724	79,699997	80,000000	1,337971E-1
1848,459724	79,699997	80,000000	1,337971E-1
1848,459724	79,699997	80,000000	1,337971E-1
1848,459724	79,699997	80,000000	1,337971E-1
1848,459724	79,699997	80,000000	1,337971E-1
1848,459724	79,699997	80,000000	1,337971E-1
1849,460204	79,699997	80,000000	1,337971E-1
1849,460204	79,699997	80,000000	1,337971E-1
1849,460204	79,699997	80,000000	1,337971E-1
1849,460204	79,699997	80,000000	1,337971E-1
1849,460204	80,000000	80,000000	1,337971E-1
1849,460204	80,000000	80,000000	1,337971E-1
1849,460204	80,000000	80,000000	1,337215E-1
1849,460204	80,000000	80,000000	1,337215E-1
1849,460204	80,000000	80,000000	1,337215E-1
1849,460204	80,000000	80,000000	1,337215E-1
1850,459613	80,000000	80,000000	1,337215E-1
1850,459613	80,000000	80,000000	1,337215E-1
1850,459613	80,000000	80,000000	1,337215E-1
1850,459613	80,000000	80,000000	1,337215E-1
1850,459613	80,000000	80,000000	1,337215E-1
1850,459613	80,000000	80,000000	1,337215E-1
1850,459613	80,000000	80,000000	1,337215E-1
1850,459613	80,000000	80,000000	1,337215E-1
1850,459613	80,000000	80,000000	1,337215E-1
1850,459613	80,000000	80,000000	1,337215E-1
1851,460035	80,000000	80,000000	1,337215E-1
1851,460035	80,000000	80,000000	1,337215E-1
1851,460035	80,000000	80,000000	1,337215E-1
1851,460035	80,000000	80,000000	1,337215E-1
1851,460035	80,099998	80,000000	1,337215E-1
1851,460035	80,099998	80,000000	1,337215E-1
1851,460035	80,099998	80,000000	1,337215E-1
1851,460035	80,099998	80,000000	1,336947E-1
1851,460035	80,099998	80,000000	1,336947E-1
1851,460035	80,099998	80,000000	1,336931E-1
1852,459461	80,100006	80,000000	1,336915E-1
1852,459461	80,100006	80,000000	1,336899E-1
1852,459461	80,100006	80,000000	1,336899E-1
1852,459461	80,100006	80,000000	1,336883E-1
1852,459461	80,100006	80,000000	1,336867E-1
1852,459461	80,100006	80,000000	1,336867E-1
1852,459461	80,100006	80,000000	1,336851E-1
1852,459461	80,100006	80,000000	1,336835E-1
1852,459461	80,100006	80,000000	1,336819E-1
1852,459461	80,100006	80,000000	1,336819E-1
1853,460848	80,100006	80,000000	1,336819E-1
1853,460848	80,100006	80,000000	1,336803E-1
1853,460848	80,000000	80,000000	1,336803E-1
1853,460848	80,000000	80,000000	1,337055E-1
1853,460848	80,000000	80,000000	1,337055E-1
1853,460848	80,000000	80,000000	1,337055E-1
1853,460848	80,000000	80,000000	1,337055E-1
1853,460848	80,000000	80,000000	1,337055E-1
1853,460848	80,000000	80,000000	1,337055E-1
1853,460848	80,000000	80,000000	1,337055E-1
1854,462270	80,000000	80,000000	1,337055E-1
1854,462270	80,000000	80,000000	1,337055E-1
1854,462270	80,000000	80,000000	1,337055E-1
1854,462270	80,000000	80,000000	1,337055E-1
1854,462270	80,000000	80,000000	1,337055E-1
1854,462270	80,000000	80,000000	1,337055E-1
1854,462270	80,000000	80,000000	1,337055E-1
1854,462270	79,800003	80,000000	1,337055E-1
1854,462270	79,800003	80,000000	1,337591E-1
1854,462270	79,800003	80,000000	1,337623E-1
1855,461381	79,800003	80,000000	1,337655E-1
1855,461381	79,800003	80,000000	1,337687E-1
1855,461381	79,800003	80,000000	1,337687E-1
1855,461381	79,800003	80,000000	1,337719E-1
1855,461381	79,800003	80,000000	1,337751E-1
1855,461381	79,800003	80,000000	1,337751E-1
1855,461381	79,900002	80,000000	1,337783E-1
1855,461381	79,900002	80,000000	1,337547E-1
1855,461381	79,900002	80,000000	1,337563E-1
1855,461381	79,900002	80,000000	1,337563E-1
1856,461833	79,900002	80,000000	1,337580E-1
1856,461833	79,900002	80,000000	1,337580E-1
1856,461833	79,900002	80,000000	1,337580E-1
1856,461833	79,900002	80,000000	1,337596E-1
1856,461833	79,900002	80,000000	1,337612E-1
1856,461833	79,900002	80,000000	1,337612E-1
1856,461833	79,900002	80,000000	1,337628E-1
1856,461833	79,900002	80,000000	1,337644E-1
1856,461833	79,900002	80,000000	1,337644E-1
1856,461833	79,900002	80,000000	1,337660E-1
1857,462261	79,900002	80,000000	1,337676E-1
1857,462261	79,900002	80,000000	1,337692E-1
1857,462261	79,900002	80,000000	1,337708E-1
1857,462261	79,900002	80,000000	1,337724E-1
1857,462261	79,900002	80,000000	1,337724E-1
1857,462261	79,900002	80,000000	1,337740E-1
1857,462261	79,900002	80,000000	1,337740E-1
1857,462261	80,000000	80,000000	1,337740E-1
1857,462261	80,000000	80,000000	1,337488E-1
1857,462261	80,000000	80,000000	1,337488E-1
1858,461697	80,000000	80,000000	1,337488E-1
1858,461697	80,000000	80,000000	1,337488E-1
1858,461697	80,000000	80,000000	1,337488E-1
1858,461697	80,000000	80,000000	1,337488E-1
1858,461697	80,000000	80,000000	1,337488E-1
1858,461697	80,000000	80,000000	1,337488E-1
1858,461697	80,000000	80,000000	1,337488E-1
1858,461697	80,000000	80,000000	1,337488E-1
1858,461697	80,000000	80,000000	1,337488E-1
1858,461697	80,000000	80,000000	1,337488E-1
1859,462139	80,000000	80,000000	1,337488E-1
1859,462139	80,000000	80,000000	1,337488E-1
1859,462139	80,000000	80,000000	1,337488E-1
1859,462139	80,000000	80,000000	1,337488E-1
1859,462139	80,000000	80,000000	1,337488E-1
1859,462139	80,000000	80,000000	1,337488E-1
1859,462139	80,000000	80,000000	1,337488E-1
1859,462139	80,000000	80,000000	1,337488E-1
1859,462139	80,000000	80,000000	1,337488E-1
1859,462139	80,000000	80,000000	1,337488E-1
1860,461590	80,199997	80,000000	1,337488E-1
1860,461590	80,199997	80,000000	1,336952E-1
1860,461590	80,199997	80,000000	1,336920E-1
1860,461590	80,199997	80,000000	1,336888E-1
1860,461590	80,199997	80,000000	1,336888E-1
1860,461590	80,199997	80,000000	1,336888E-1
1860,461590	80,199997	80,000000	1,336856E-1
1860,461590	80,199997	80,000000	1,336856E-1
1860,461590	80,199997	80,000000	1,336824E-1
1860,461590	80,199997	80,000000	1,336792E-1
1861,462040	79,900002	80,000000	1,337563E-1
1861,462040	79,900002	80,000000	1,337563E-1
1861,462040	79,900002	80,000000	1,337580E-1
1861,462040	79,900002	80,000000	1,337596E-1
1861,462040	79,900002	80,000000	1,337612E-1
1861,462040	79,900002	80,000000	1,337612E-1
1861,462040	79,900002	80,000000	1,337628E-1
1861,462040	79,900002	80,000000	1,337644E-1
1861,462040	79,900002	80,000000	1,337644E-1
1861,462040	79,900002	80,000000	1,337660E-1
1862,461437	79,900002	80,000000	1,337660E-1
1862,461437	80,000000	80,000000	1,337676E-1
1862,461437	80,000000	80,000000	1,337676E-1
1862,461437	80,000000	80,000000	1,337424E-1
1862,461437	80,000000	80,000000	1,337424E-1
1862,461437	80,000000	80,000000	1,337424E-1
1862,461437	80,000000	80,000000	1,337424E-1
1862,461437	80,000000	80,000000	1,337424E-1
1862,461437	80,000000	80,000000	1,337424E-1
1862,461437	80,000000	80,000000	1,337424E-1
1863,461857	80,000000	80,000000	1,337424E-1
1863,461857	79,800003	80,000000	1,337424E-1
1863,461857	79,800003	80,000000	1,337960E-1
1863,461857	79,800003	80,000000	1,337992E-1
1863,461857	79,800003	80,000000	1,337992E-1
1863,461857	79,800003	80,000000	1,337992E-1
1863,461857	79,800003	80,000000	1,338024E-1
1863,461857	79,800003	80,000000	1,338024E-1
1863,461857	79,800003	80,000000	1,338056E-1
1863,461857	79,800003	80,000000	1,338088E-1
1864,462280	79,800003	80,000000	1,338120E-1
1864,462280	79,800003	80,000000	1,338120E-1
1864,462280	79,800003	80,000000	1,338152E-1
1864,462280	80,000000	80,000000	1,337649E-1
1864,462280	80,000000	80,000000	1,337649E-1
1864,462280	80,000000	80,000000	1,337649E-1
1864,462280	80,000000	80,000000	1,337649E-1
1864,462280	80,000000	80,000000	1,337649E-1
1864,462280	80,000000	80,000000	1,337649E-1
1864,462280	80,000000	80,000000	1,337649E-1
1865,461694	80,000000	80,000000	1,337649E-1
1865,461694	80,000000	80,000000	1,337649E-1
1865,461694	80,000000	80,000000	1,337649E-1
1865,461694	80,000000	80,000000	1,337649E-1
1865,461694	80,000000	80,000000	1,337649E-1
1865,461694	80,000000	80,000000	1,337649E-1
1865,461694	80,000000	80,000000	1,337649E-1
1865,461694	80,000000	80,000000	1,337649E-1
1865,461694	80,000000	80,000000	1,337649E-1
1865,461694	80,000000	80,000000	1,337649E-1
1866,462177	80,000000	80,000000	1,337649E-1
1866,462177	80,000000	80,000000	1,337649E-1
1866,462177	80,000000	80,000000	1,337649E-1
1866,462177	80,000000	80,000000	1,337649E-1
1866,462177	79,800003	80,000000	1,337649E-1
1866,462177	79,800003	80,000000	1,337649E-1
1866,462177	79,800003	80,000000	1,338185E-1
1866,462177	79,800003	80,000000	1,338185E-1
1866,462177	79,800003	80,000000	1,338217E-1
1866,462177	79,800003	80,000000	1,338249E-1
1867,461611	79,800003	80,000000	1,338249E-1
1867,461611	79,800003	80,000000	1,338281E-1
1867,461611	79,800003	80,000000	1,338313E-1
1867,461611	79,800003	80,000000	1,338313E-1
1867,461611	80,100006	80,000000	1,338345E-1
1867,461611	80,100006	80,000000	1,337573E-1
1867,461611	80,100006	80,000000	1,337573E-1
1867,461611	80,100006	80,000000	1,337557E-1
1867,461611	80,100006	80,000000	1,337541E-1
1867,461611	80,100006	80,000000	1,337541E-1
1868,462022	80,100006	80,000000	1,337525E-1
1868,462022	80,100006	80,000000	1,337525E-1
1868,462022	80,100006	80,000000	1,337509E-1
1868,462022	80,100006	80,000000	1,337493E-1
1868,462022	80,000000	80,000000	1,337477E-1
1868,462022	80,000000	80,000000	1,337477E-1
1868,462022	80,000000	80,000000	1,337477E-1
1868,462022	80,000000	80,000000	1,337477E-1
1868,462022	80,000000	80,000000	1,337729E-1
1868,462022	80,000000	80,000000	1,337729E-1
1869,461418	80,000000	80,000000	1,337729E-1
1869,461418	80,000000	80,000000	1,337729E-1
1869,461418	80,000000	80,000000	1,337729E-1
1869,461418	80,000000	80,000000	1,337729E-1
1869,461418	80,000000	80,000000	1,337729E-1
1869,461418	80,000000	80,000000	1,337729E-1
1869,461418	80,000000	80,000000	1,337729E-1
1869,461418	80,000000	80,000000	1,337729E-1
1869,461418	80,000000	80,000000	1,337729E-1
1869,461418	80,000000	80,000000	1,337729E-1
1870,461857	80,000000	80,000000	1,337729E-1
1870,461857	80,000000	80,000000	1,337729E-1
1870,461857	80,000000	80,000000	1,337729E-1
1870,461857	80,000000	80,000000	1,337729E-1
1870,461857	80,000000	80,000000	1,337729E-1
1870,461857	80,000000	80,000000	1,337729E-1
1870,461857	80,000000	80,000000	1,337729E-1
1870,461857	80,000000	80,000000	1,337729E-1
1870,461857	80,000000	80,000000	1,337729E-1
1870,461857	80,000000	80,000000	1,337729E-1
1871,462214	80,000000	80,000000	1,337729E-1
1871,462214	80,000000	80,000000	1,337729E-1
1871,462214	80,000000	80,000000	1,337729E-1
1871,462214	80,000000	80,000000	1,337729E-1
1871,462214	80,000000	80,000000	1,337729E-1
1871,462214	80,000000	80,000000	1,337729E-1
1871,462214	80,000000	80,000000	1,337729E-1
1871,462214	80,000000	80,000000	1,337729E-1
1871,462214	80,000000	80,000000	1,337729E-1
1871,462214	80,000000	80,000000	1,337729E-1
1872,461683	80,000000	80,000000	1,337729E-1
1872,461683	80,000000	80,000000	1,337729E-1
1872,461683	80,000000	80,000000	1,337729E-1
1872,461683	80,000000	80,000000	1,337729E-1
1872,461683	80,000000	80,000000	1,337729E-1
1872,461683	80,000000	80,000000	1,337729E-1
1872,461683	80,000000	80,000000	1,337729E-1
1872,461683	80,000000	80,000000	1,337729E-1
1872,461683	80,000000	80,000000	1,337729E-1
1872,461683	80,000000	80,000000	1,337729E-1
1873,463142	80,000000	80,000000	1,337729E-1
1873,463142	80,000000	80,000000	1,337729E-1
1873,463142	80,000000	80,000000	1,337729E-1
1873,463142	80,000000	80,000000	1,337729E-1
1873,463142	80,000000	80,000000	1,337729E-1
1873,463142	80,000000	80,000000	1,337729E-1
1873,463142	80,000000	80,000000	1,337729E-1
1873,463142	80,000000	80,000000	1,337729E-1
1873,463142	80,000000	80,000000	1,337729E-1
1873,463142	80,000000	80,000000	1,337729E-1
1874,463529	80,000000	80,000000	1,337729E-1
1874,463529	80,000000	80,000000	1,337729E-1
1874,463529	80,000000	80,000000	1,337729E-1
1874,463529	80,000000	80,000000	1,337729E-1
1874,463529	80,000000	80,000000	1,337729E-1
1874,463529	80,000000	80,000000	1,337729E-1
1874,463529	80,000000	80,000000	1,337729E-1
1874,463529	80,000000	80,000000	1,337729E-1
1874,463529	80,000000	80,000000	1,337729E-1
1874,463529	80,000000	80,000000	1,337729E-1
1875,463971	80,000000	80,000000	1,337729E-1
1875,463971	80,000000	80,000000	1,337729E-1
1875,463971	80,000000	80,000000	1,337729E-1
1875,463971	80,000000	80,000000	1,337729E-1
1875,463971	80,000000	80,000000	1,337729E-1
1875,463971	80,000000	80,000000	1,337729E-1
1875,463971	80,000000	80,000000	1,337729E-1
1875,463971	80,000000	80,000000	1,337729E-1
1875,463971	80,000000	80,000000	1,337729E-1
1875,463971	80,000000	80,000000	1,337729E-1
1876,463408	80,000000	80,000000	1,337729E-1
1876,463408	80,000000	80,000000	1,337729E-1
1876,463408	80,000000	80,000000	1,337729E-1
1876,463408	80,000000	80,000000	1,337729E-1
1876,463408	80,000000	80,000000	1,337729E-1
1876,463408	80,000000	80,000000	1,337729E-1
1876,463408	80,199997	80,000000	1,337729E-1
1876,463408	80,199997	80,000000	1,337729E-1
1876,463408	80,199997	80,000000	1,337729E-1
1876,463408	80,199997	80,000000	1,337729E-1
1877,464585	80,199997	80,000000	1,337729E-1
1877,464585	80,199997	80,000000	1,337729E-1
1877,464585	80,199997	80,000000	1,337729E-1
1877,464585	80,199997	80,000000	1,337729E-1
1877,464585	80,199997	80,000000	1,337729E-1
1877,464585	80,199997	80,000000	1,337729E-1
1877,464585	80,199997	80,000000	1,337729E-1
1877,464585	80,199997	80,000000	1,337729E-1
1877,464585	80,199997	80,000000	1,337729E-1
1877,464585	80,199997	80,000000	1,337729E-1
1878,465072	80,199997	80,000000	1,337729E-1
1878,465072	80,199997	80,000000	1,337729E-1
1878,465072	80,199997	80,000000	1,337729E-1
1878,465072	80,199997	80,000000	1,337193E-1
1878,465072	80,100006	80,000000	1,337193E-1
1878,465072	80,100006	80,000000	1,337193E-1
1878,465072	80,100006	80,000000	1,337193E-1
1878,465072	80,100006	80,000000	1,337193E-1
1878,465072	80,100006	80,000000	1,337193E-1
1878,465072	80,100006	80,000000	1,337193E-1
1879,464556	80,100006	80,000000	1,337193E-1
1879,464556	80,100006	80,000000	1,337193E-1
1879,464556	80,100006	80,000000	1,337193E-1
1879,464556	80,100006	80,000000	1,337193E-1
1879,464556	80,100006	80,000000	1,337193E-1
1879,464556	80,100006	80,000000	1,337193E-1
1879,464556	80,100006	80,000000	1,337193E-1
1879,464556	80,100006	80,000000	1,337193E-1
1879,464556	80,100006	80,000000	1,337193E-1
1879,464556	80,100006	80,000000	1,337193E-1
1880,464858	80,100006	80,000000	1,337429E-1
1880,464858	80,100006	80,000000	1,337429E-1
1880,464858	80,100006	80,000000	1,337429E-1
1880,464858	80,000000	80,000000	1,337681E-1
1880,464858	80,000000	80,000000	1,337681E-1
1880,464858	80,000000	80,000000	1,337681E-1
1880,464858	80,000000	80,000000	1,337681E-1
1880,464858	79,900002	80,000000	1,337949E-1
1880,464858	79,900002	80,000000	1,337949E-1
1880,464858	79,900002	80,000000	1,337965E-1
1881,465326	79,900002	80,000000	1,337981E-1
1881,465326	79,900002	80,000000	1,337997E-1
1881,465326	79,900002	80,000000	1,338013E-1
1881,465326	79,900002	80,000000	1,338013E-1
1881,465326	79,900002	80,000000	1,338029E-1
1881,465326	79,900002	80,000000	1,338045E-1
1881,465326	79,900002	80,000000	1,338045E-1
1881,465326	79,900002	80,000000	1,338061E-1
1881,465326	79,900002	80,000000	1,338077E-1
1881,465326	80,199997	80,000000	1,338077E-1
1882,464703	80,199997	80,000000	1,338077E-1
1882,464703	80,199997	80,000000	1,337289E-1
1882,464703	80,199997	80,000000	1,337289E-1
1882,464703	80,199997	80,000000	1,337257E-1
1882,464703	80,199997	80,000000	1,337225E-1
1882,464703	80,199997	80,000000	1,337225E-1
1882,464703	80,199997	80,000000	1,337193E-1
1882,464703	80,199997	80,000000	1,337161E-1
1882,464703	80,000000	80,000000	1,337129E-1
1882,464703	80,000000	80,000000	1,337632E-1
1883,466135	80,000000	80,000000	1,337632E-1
1883,466135	80,000000	80,000000	1,337632E-1
1883,466135	80,000000	80,000000	1,337632E-1
1883,466135	80,000000	80,000000	1,337632E-1
1883,466135	80,000000	80,000000	1,337632E-1
1883,466135	80,000000	80,000000	1,337632E-1
1883,466135	80,000000	80,000000	1,337632E-1
1883,466135	80,000000	80,000000	1,337632E-1
1883,466135	79,900002	80,000000	1,337901E-1
1883,466135	79,900002	80,000000	1,337901E-1
1884,465645	79,900002	80,000000	1,337917E-1
1884,465645	79,900002	80,000000	1,337933E-1
1884,465645	79,900002	80,000000	1,337949E-1
1884,465645	79,900002	80,000000	1,337949E-1
1884,465645	79,900002	80,000000	1,337965E-1
1884,465645	79,900002	80,000000	1,337981E-1
1884,465645	79,900002	80,000000	1,337981E-1
1884,465645	79,900002	80,000000	1,337997E-1
1884,465645	79,900002	80,000000	1,338013E-1
1884,465645	79,899994	80,000000	1,338013E-1
1885,467019	79,899994	80,000000	1,338013E-1
1885,467019	79,899994	80,000000	1,338029E-1
1885,467019	79,899994	80,000000	1,338029E-1
1885,467019	79,899994	80,000000	1,338045E-1
1885,467019	79,899994	80,000000	1,338061E-1
1885,467019	79,899994	80,000000	1,338077E-1
1885,467019	79,899994	80,000000	1,338077E-1
1885,467019	79,899994	80,000000	1,338093E-1
1885,467019	79,899994	80,000000	1,338093E-1
1885,467019	79,900002	80,000000	1,338109E-1
1886,466379	79,900002	80,000000	1,338125E-1
1886,466379	79,900002	80,000000	1,338141E-1
1886,466379	79,900002	80,000000	1,338157E-1
1886,466379	79,900002	80,000000	1,338157E-1
1886,466379	79,900002	80,000000	1,338173E-1
1886,466379	79,900002	80,000000	1,338173E-1
1886,466379	79,900002	80,000000	1,338173E-1
1886,466379	79,900002	80,000000	1,338189E-1
1886,466379	79,900002	80,000000	1,338205E-1
1886,466379	79,900002	80,000000	1,338222E-1
1887,466836	79,900002	80,000000	1,338238E-1
1887,466836	79,900002	80,000000	1,338238E-1
1887,466836	79,900002	80,000000	1,338254E-1
1887,466836	79,900002	80,000000	1,338270E-1
1887,466836	79,900002	80,000000	1,338286E-1
1887,466836	79,900002	80,000000	1,338302E-1
1887,466836	79,900002	80,000000	1,338302E-1
1887,466836	79,900002	80,000000	1,338318E-1
1887,466836	79,800003	80,000000	1,338318E-1
1887,466836	79,800003	80,000000	1,338318E-1
1888,467263	79,800003	80,000000	1,338602E-1
1888,467263	79,800003	80,000000	1,338602E-1
1888,467263	79,800003	80,000000	1,338602E-1
1888,467263	79,800003	80,000000	1,338634E-1
1888,467263	79,800003	80,000000	1,338634E-1
1888,467263	79,800003	80,000000	1,338634E-1
1888,467263	79,800003	80,000000	1,338634E-1
1888,467263	79,800003	80,000000	1,338634E-1
1888,467263	79,800003	80,000000	1,338634E-1
1888,467263	79,800003	80,000000	1,338634E-1
1889,466760	79,800003	80,000000	1,338634E-1
1889,466760	79,800003	80,000000	1,338634E-1
1889,466760	79,800003	80,000000	1,338634E-1
1889,466760	79,800003	80,000000	1,338634E-1
1889,466760	79,800003	80,000000	1,338634E-1
1889,466760	79,800003	80,000000	1,338634E-1
1889,466760	79,800003	80,000000	1,338634E-1
1889,466760	79,800003	80,000000	1,338634E-1
1889,466760	79,800003	80,000000	1,338634E-1
1889,466760	79,800003	80,000000	1,338634E-1
1890,467176	79,800003	80,000000	1,338634E-1
1890,467176	79,800003	80,000000	1,338634E-1
1890,467176	79,800003	80,000000	1,338634E-1
1890,467176	79,800003	80,000000	1,338634E-1
1890,467176	79,800003	80,000000	1,338634E-1
1890,467176	79,800003	80,000000	1,338634E-1
1890,467176	79,800003	80,000000	1,338634E-1
1890,467176	79,800003	80,000000	1,338634E-1
1890,467176	79,800003	80,000000	1,338634E-1
1890,467176	79,800003	80,000000	1,338666E-1
1891,466526	79,800003	80,000000	1,338666E-1
1891,466526	79,800003	80,000000	1,338666E-1
1891,466526	79,800003	80,000000	1,338666E-1
1891,466526	79,800003	80,000000	1,338666E-1
1891,466526	79,800003	80,000000	1,338666E-1
1891,466526	79,800003	80,000000	1,338666E-1
1891,466526	79,800003	80,000000	1,338666E-1
1891,466526	79,800003	80,000000	1,338666E-1
1891,466526	79,800003	80,000000	1,338666E-1
1891,466526	79,800003	80,000000	1,338666E-1
1892,466991	79,800003	80,000000	1,338666E-1
1892,466991	79,800003	80,000000	1,338666E-1
1892,466991	79,800003	80,000000	1,338666E-1
1892,466991	79,800003	80,000000	1,338666E-1
1892,466991	79,800003	80,000000	1,338666E-1
1892,466991	79,800003	80,000000	1,338698E-1
1892,466991	79,800003	80,000000	1,338698E-1
1892,466991	79,800003	80,000000	1,338698E-1
1892,466991	79,800003	80,000000	1,338698E-1
1892,466991	79,800003	80,000000	1,338698E-1
1893,466413	79,800003	80,000000	1,338698E-1
1893,466413	79,800003	80,000000	1,338698E-1
1893,466413	79,800003	80,000000	1,338698E-1
1893,466413	79,800003	80,000000	1,338698E-1
1893,466413	79,800003	80,000000	1,338698E-1
1893,466413	79,800003	80,000000	1,338698E-1
1893,466413	79,800003	80,000000	1,338698E-1
1893,466413	79,800003	80,000000	1,338698E-1
1893,466413	79,800003	80,000000	1,338698E-1
1893,466413	79,800003	80,000000	1,338698E-1
1894,466782	79,800003	80,000000	1,338698E-1
1894,466782	80,000000	80,000000	1,338698E-1
1894,466782	80,000000	80,000000	1,338194E-1
1894,466782	80,000000	80,000000	1,338194E-1
1894,466782	80,000000	80,000000	1,338194E-1
1894,466782	80,000000	80,000000	1,338194E-1
1894,466782	80,000000	80,000000	1,338194E-1
1894,466782	80,000000	80,000000	1,338194E-1
1894,466782	80,000000	80,000000	1,338194E-1
1894,466782	80,000000	80,000000	1,338194E-1
1895,467315	80,000000	80,000000	1,338194E-1
1895,467315	80,000000	80,000000	1,338194E-1
1895,467315	80,000000	80,000000	1,338194E-1
1895,467315	80,000000	80,000000	1,338194E-1
1895,467315	80,000000	80,000000	1,338194E-1
1895,467315	80,000000	80,000000	1,338194E-1
1895,467315	80,000000	80,000000	1,338194E-1
1895,467315	80,000000	80,000000	1,338194E-1
1895,467315	80,000000	80,000000	1,338194E-1
1895,467315	80,000000	80,000000	1,338194E-1
1896,467557	80,000000	80,000000	1,338194E-1
1896,467557	80,000000	80,000000	1,338194E-1
1896,467557	80,000000	80,000000	1,338194E-1
1896,467557	80,000000	80,000000	1,338194E-1
1896,467557	80,000000	80,000000	1,338194E-1
1896,467557	80,000000	80,000000	1,338194E-1
1896,467557	80,000000	80,000000	1,338194E-1
1896,467557	80,000000	80,000000	1,338194E-1
1896,467557	80,000000	80,000000	1,338194E-1
1896,467557	80,000000	80,000000	1,338194E-1
1897,467924	80,000000	80,000000	1,338194E-1
1897,467924	80,000000	80,000000	1,338194E-1
1897,467924	80,000000	80,000000	1,338194E-1
1897,467924	80,000000	80,000000	1,338194E-1
1897,467924	80,099998	80,000000	1,338194E-1
1897,467924	80,099998	80,000000	1,338194E-1
1897,467924	80,099998	80,000000	1,337926E-1
1897,467924	80,099998	80,000000	1,337926E-1
1897,467924	80,099998	80,000000	1,337926E-1
1897,467924	80,099998	80,000000	1,337926E-1
1898,468435	80,099998	80,000000	1,337926E-1
1898,468435	80,099998	80,000000	1,337926E-1
1898,468435	80,099998	80,000000	1,337926E-1
1898,468435	80,099998	80,000000	1,337926E-1
1898,468435	80,099998	80,000000	1,337926E-1
1898,468435	80,099998	80,000000	1,337926E-1
1898,468435	80,099998	80,000000	1,337926E-1
1898,468435	80,099998	80,000000	1,337926E-1
1898,468435	80,099998	80,000000	1,337926E-1
1898,468435	80,099998	80,000000	1,337926E-1
1899,468814	80,099998	80,000000	1,337926E-1
1899,468814	80,199997	80,000000	1,337926E-1
1899,468814	80,199997	80,000000	1,337926E-1
1899,468814	80,199997	80,000000	1,337926E-1
1899,468814	79,800003	80,000000	1,337642E-1
1899,468814	79,800003	80,000000	1,337642E-1
1899,468814	79,800003	80,000000	1,338682E-1
1899,468814	79,800003	80,000000	1,338714E-1
1899,468814	79,800003	80,000000	1,338746E-1
1899,468814	79,800003	80,000000	1,338746E-1
1900,469196	80,100006	80,000000	1,338778E-1
1900,469196	80,100006	80,000000	1,338006E-1
1900,469196	80,100006	80,000000	1,337990E-1
1900,469196	80,100006	80,000000	1,337990E-1
1900,469196	80,100006	80,000000	1,337974E-1
1900,469196	80,100006	80,000000	1,337958E-1
1900,469196	80,100006	80,000000	1,337958E-1
1900,469196	80,100006	80,000000	1,337942E-1
1900,469196	80,100006	80,000000	1,337942E-1
1900,469196	80,100006	80,000000	1,337942E-1
1901,468662	80,100006	80,000000	1,337926E-1
1901,468662	80,100006	80,000000	1,337910E-1
1901,468662	80,100006	80,000000	1,337910E-1
1901,468662	80,000000	80,000000	1,337894E-1
1901,468662	80,000000	80,000000	1,338146E-1
1901,468662	80,000000	80,000000	1,338146E-1
1901,468662	80,000000	80,000000	1,338146E-1
1901,468662	80,000000	80,000000	1,338146E-1
1901,468662	80,000000	80,000000	1,338146E-1
1901,468662	80,000000	80,000000	1,338146E-1
1902,469101	80,000000	80,000000	1,338146E-1
1902,469101	80,000000	80,000000	1,338146E-1
1902,469101	80,000000	80,000000	1,338146E-1
1902,469101	80,000000	80,000000	1,338146E-1
1902,469101	80,000000	80,000000	1,338146E-1
1902,469101	80,199997	80,000000	1,338146E-1
1902,469101	80,199997	80,000000	1,337610E-1
1902,469101	80,199997	80,000000	1,337578E-1
1902,469101	80,199997	80,000000	1,337546E-1
1902,469101	80,199997	80,000000	1,337514E-1
1903,468468	80,199997	80,000000	1,337514E-1
1903,468468	80,199997	80,000000	1,337482E-1
1903,468468	80,199997	80,000000	1,337450E-1
1903,468468	80,199997	80,000000	1,337450E-1
1903,468468	80,099998	80,000000	1,337417E-1
1903,468468	80,099998	80,000000	1,337653E-1
1903,468468	80,099998	80,000000	1,337653E-1
1903,468468	80,099998	80,000000	1,337637E-1
1903,468468	80,099998	80,000000	1,337637E-1
1903,468468	80,099998	80,000000	1,337637E-1
1904,469887	80,099998	80,000000	1,337621E-1
1904,469887	80,099998	80,000000	1,337605E-1
1904,469887	80,099998	80,000000	1,337605E-1
1904,469887	80,099998	80,000000	1,337589E-1
1904,469887	80,000000	80,000000	1,337573E-1
1904,469887	80,000000	80,000000	1,337825E-1
1904,469887	80,000000	80,000000	1,337825E-1
1904,469887	80,000000	80,000000	1,337825E-1
1904,469887	80,000000	80,000000	1,337825E-1
1904,469887	80,000000	80,000000	1,337825E-1
1905,470325	80,000000	80,000000	1,337825E-1
1905,470325	80,000000	80,000000	1,337825E-1
1905,470325	80,000000	80,000000	1,337825E-1
1905,470325	80,000000	80,000000	1,337825E-1
1905,470325	80,000000	80,000000	1,337825E-1
1905,470325	80,199997	80,000000	1,337825E-1
1905,470325	80,199997	80,000000	1,337289E-1
1905,470325	80,199997	80,000000	1,337289E-1
1905,470325	80,199997	80,000000	1,337257E-1
1905,470325	80,199997	80,000000	1,337225E-1
1906,471762	80,199997	80,000000	1,337193E-1
1906,471762	80,199997	80,000000	1,337193E-1
1906,471762	80,199997	80,000000	1,337161E-1
1906,471762	80,199997	80,000000	1,337129E-1
1906,471762	80,199997	80,000000	1,337096E-1
1906,471762	80,199997	80,000000	1,337096E-1
1906,471762	80,199997	80,000000	1,337064E-1
1906,471762	80,199997	80,000000	1,337064E-1
1906,471762	79,900002	80,000000	1,337836E-1
1906,471762	79,900002	80,000000	1,337836E-1
1907,472199	79,900002	80,000000	1,337852E-1
1907,472199	79,900002	80,000000	1,337868E-1
1907,472199	79,900002	80,000000	1,337884E-1
1907,472199	79,900002	80,000000	1,337884E-1
1907,472199	79,900002	80,000000	1,337901E-1
1907,472199	79,900002	80,000000	1,337917E-1
1907,472199	79,900002	80,000000	1,337933E-1
1907,472199	79,900002	80,000000	1,337933E-1
1907,472199	80,000000	80,000000	1,337949E-1
1907,472199	80,000000	80,000000	1,337697E-1
1908,471658	80,000000	80,000000	1,337697E-1
1908,471658	80,000000	80,000000	1,337697E-1
1908,471658	80,000000	80,000000	1,337697E-1
1908,471658	80,000000	80,000000	1,337697E-1
1908,471658	80,000000	80,000000	1,337697E-1
1908,471658	80,000000	80,000000	1,337697E-1
1908,471658	80,000000	80,000000	1,337697E-1
1908,471658	80,000000	80,000000	1,337697E-1
1908,471658	79,899994	80,000000	1,337697E-1
1908,471658	79,899994	80,000000	1,337965E-1
1909,472101	79,899994	80,000000	1,337965E-1
1909,472101	79,899994	80,000000	1,337981E-1
1909,472101	79,899994	80,000000	1,337997E-1
1909,472101	79,899994	80,000000	1,338013E-1
1909,472101	79,899994	80,000000	1,338029E-1
1909,472101	79,899994	80,000000	1,338029E-1
1909,472101	79,899994	80,000000	1,338045E-1
1909,472101	79,899994	80,000000	1,338045E-1
1909,472101	79,899994	80,000000	1,338061E-1
1909,472101	80,100006	80,000000	1,338061E-1
1910,472472	80,100006	80,000000	1,337541E-1
1910,472472	80,100006	80,000000	1,337541E-1
1910,472472	80,100006	80,000000	1,337525E-1
1910,472472	80,100006	80,000000	1,337509E-1
1910,472472	80,100006	80,000000	1,337493E-1
1910,472472	80,100006	80,000000	1,337493E-1
1910,472472	80,100006	80,000000	1,337477E-1
1910,472472	80,100006	80,000000	1,337477E-1
1910,472472	80,000000	80,000000	1,337461E-1
1910,472472	80,000000	80,000000	1,337713E-1
1911,472928	80,000000	80,000000	1,337713E-1
1911,472928	80,000000	80,000000	1,337713E-1
1911,472928	80,000000	80,000000	1,337713E-1
1911,472928	80,000000	80,000000	1,337713E-1
1911,472928	80,000000	80,000000	1,337713E-1
1911,472928	80,000000	80,000000	1,337713E-1
1911,472928	80,000000	80,000000	1,337713E-1
1911,472928	80,000000	80,000000	1,337713E-1
1911,472928	80,000000	80,000000	1,337713E-1
1911,472928	80,000000	80,000000	1,337713E-1
1912,474354	80,000000	80,000000	1,337713E-1
1912,474354	79,900002	80,000000	1,337713E-1
1912,474354	79,900002	80,000000	1,337981E-1
1912,474354	79,900002	80,000000	1,337981E-1
1912,474354	79,900002	80,000000	1,337997E-1
1912,474354	79,900002	80,000000	1,338013E-1
1912,474354	79,900002	80,000000	1,338013E-1
1912,474354	79,900002	80,000000	1,338029E-1
1912,474354	79,900002	80,000000	1,338029E-1
1912,474354	79,900002	80,000000	1,338029E-1
1913,473747	79,900002	80,000000	1,338045E-1
1913,473747	79,900002	80,000000	1,338045E-1
1913,473747	79,900002	80,000000	1,338061E-1
1913,473747	79,699997	80,000000	1,338077E-1
1913,473747	79,699997	80,000000	1,338077E-1
1913,473747	79,699997	80,000000	1,338629E-1
1913,473747	79,699997	80,000000	1,338677E-1
1913,473747	79,699997	80,000000	1,338725E-1
1913,473747	79,699997	80,000000	1,338725E-1
1913,473747	79,699997	80,000000	1,338774E-1
1914,474159	79,699997	80,000000	1,338822E-1
1914,474159	79,699997	80,000000	1,338822E-1
1914,474159	79,699997	80,000000	1,338870E-1
1914,474159	80,000000	80,000000	1,338870E-1
1914,474159	80,000000	80,000000	1,338870E-1
1914,474159	80,000000	80,000000	1,338114E-1
1914,474159	80,000000	80,000000	1,338114E-1
1914,474159	80,000000	80,000000	1,338114E-1
1914,474159	80,000000	80,000000	1,338114E-1
1914,474159	80,000000	80,000000	1,338114E-1
1915,473606	80,000000	80,000000	1,338114E-1
1915,473606	80,000000	80,000000	1,338114E-1
1915,473606	79,900002	80,000000	1,338114E-1
1915,473606	79,900002	80,000000	1,338382E-1
1915,473606	79,900002	80,000000	1,338398E-1
1915,473606	79,900002	80,000000	1,338414E-1
1915,473606	79,900002	80,000000	1,338430E-1
1915,473606	79,900002	80,000000	1,338430E-1
1915,473606	79,900002	80,000000	1,338430E-1
1915,473606	79,900002	80,000000	1,338446E-1
1916,474041	79,900002	80,000000	1,338446E-1
1916,474041	79,900002	80,000000	1,338462E-1
1916,474041	80,199997	80,000000	1,338478E-1
1916,474041	80,199997	80,000000	1,337690E-1
1916,474041	80,199997	80,000000	1,337690E-1
1916,474041	80,199997	80,000000	1,337658E-1
1916,474041	80,199997	80,000000	1,337626E-1
1916,474041	80,199997	80,000000	1,337626E-1
1916,474041	80,199997	80,000000	1,337594E-1
1916,474041	80,199997	80,000000	1,337562E-1
1917,473489	80,199997	80,000000	1,337530E-1
1917,473489	80,199997	80,000000	1,337530E-1
1917,473489	80,199997	80,000000	1,337498E-1
1917,473489	80,199997	80,000000	1,337498E-1
1917,473489	80,199997	80,000000	1,337498E-1
1917,473489	80,199997	80,000000	1,337466E-1
1917,473489	80,199997	80,000000	1,337433E-1
1917,473489	80,199997	80,000000	1,337433E-1
1917,473489	79,900002	80,000000	1,337401E-1
1917,473489	79,900002	80,000000	1,338173E-1
1918,473888	79,900002	80,000000	1,338173E-1
1918,473888	79,900002	80,000000	1,338189E-1
1918,473888	79,900002	80,000000	1,338205E-1
1918,473888	79,900002	80,000000	1,338205E-1
1918,473888	79,900002	80,000000	1,338221E-1
1918,473888	79,900002	80,000000	1,338238E-1
1918,473888	79,900002	80,000000	1,338254E-1
1918,473888	79,900002	80,000000	1,338254E-1
1918,473888	79,900002	80,000000	1,338270E-1
1918,473888	79,900002	80,000000	1,338270E-1
1919,474290	79,900002	80,000000	1,338270E-1
1919,474290	80,199997	80,000000	1,338286E-1
1919,474290	80,199997	80,000000	1,338286E-1
1919,474290	80,199997	80,000000	1,337498E-1
1919,474290	80,199997	80,000000	1,337466E-1
1919,474290	80,199997	80,000000	1,337433E-1
1919,474290	80,199997	80,000000	1,337433E-1
1919,474290	80,199997	80,000000	1,337401E-1
1919,474290	80,199997	80,000000	1,337401E-1
1919,474290	80,199997	80,000000	1,337401E-1
1920,473788	80,199997	80,000000	1,337369E-1
1920,473788	79,800003	80,000000	1,337369E-1
1920,473788	79,800003	80,000000	1,337369E-1
1920,473788	79,800003	80,000000	1,337369E-1
1920,473788	79,800003	80,000000	1,337369E-1
1920,473788	79,800003	80,000000	1,337369E-1
1920,473788	79,800003	80,000000	1,337369E-1
1920,473788	79,800003	80,000000	1,337369E-1
1920,473788	79,800003	80,000000	1,337369E-1
1920,473788	79,800003	80,000000	1,337369E-1
1921,474225	79,800003	80,000000	1,337369E-1
1921,474225	79,800003	80,000000	1,337369E-1
1921,474225	79,800003	80,000000	1,337369E-1
1921,474225	79,800003	80,000000	1,337369E-1
1921,474225	79,800003	80,000000	1,337369E-1
1921,474225	79,800003	80,000000	1,337369E-1
1921,474225	79,800003	80,000000	1,337369E-1
1921,474225	79,800003	80,000000	1,337369E-1
1921,474225	79,800003	80,000000	1,337369E-1
1921,474225	79,800003	80,000000	1,337369E-1
1922,474672	79,800003	80,000000	1,337369E-1
1922,474672	79,800003	80,000000	1,337369E-1
1922,474672	79,800003	80,000000	1,337369E-1
1922,474672	79,800003	80,000000	1,337369E-1
1922,474672	79,800003	80,000000	1,337369E-1
1922,474672	79,800003	80,000000	1,338409E-1
1922,474672	79,800003	80,000000	1,338409E-1
1922,474672	79,800003	80,000000	1,338441E-1
1922,474672	79,800003	80,000000	1,338441E-1
1922,474672	79,800003	80,000000	1,338441E-1
1923,475804	79,800003	80,000000	1,338441E-1
1923,475804	79,800003	80,000000	1,338441E-1
1923,475804	79,800003	80,000000	1,338441E-1
1923,475804	79,800003	80,000000	1,338441E-1
1923,475804	79,800003	80,000000	1,338441E-1
1923,475804	79,800003	80,000000	1,338441E-1
1923,475804	79,800003	80,000000	1,338441E-1
1923,475804	79,800003	80,000000	1,338441E-1
1923,475804	79,800003	80,000000	1,338441E-1
1923,475804	79,800003	80,000000	1,338441E-1
1924,476147	79,800003	80,000000	1,338441E-1
1924,476147	79,800003	80,000000	1,338441E-1
1924,476147	79,800003	80,000000	1,338441E-1
1924,476147	79,800003	80,000000	1,338441E-1
1924,476147	79,800003	80,000000	1,338473E-1
1924,476147	79,800003	80,000000	1,338473E-1
1924,476147	79,800003	80,000000	1,338473E-1
1924,476147	79,800003	80,000000	1,338473E-1
1924,476147	79,800003	80,000000	1,338473E-1
1924,476147	79,800003	80,000000	1,338473E-1
1925,475555	79,800003	80,000000	1,338473E-1
1925,475555	79,800003	80,000000	1,338473E-1
1925,475555	79,800003	80,000000	1,338473E-1
1925,475555	79,800003	80,000000	1,338473E-1
1925,475555	79,800003	80,000000	1,338473E-1
1925,475555	79,800003	80,000000	1,338473E-1
1925,475555	79,800003	80,000000	1,338473E-1
1925,475555	79,800003	80,000000	1,338473E-1
1925,475555	79,800003	80,000000	1,338473E-1
1925,475555	79,800003	80,000000	1,338473E-1
1926,476015	80,099998	80,000000	1,338473E-1
1926,476015	80,099998	80,000000	1,338473E-1
1926,476015	80,099998	80,000000	1,337702E-1
1926,476015	80,099998	80,000000	1,337702E-1
1926,476015	80,099998	80,000000	1,337702E-1
1926,476015	80,099998	80,000000	1,337702E-1
1926,476015	80,099998	80,000000	1,337702E-1
1926,476015	80,099998	80,000000	1,337702E-1
1926,476015	80,099998	80,000000	1,337702E-1
1926,476015	80,099998	80,000000	1,337702E-1
1927,476466	80,099998	80,000000	1,337702E-1
1927,476466	80,099998	80,000000	1,337702E-1
1927,476466	80,099998	80,000000	1,337702E-1
1927,476466	80,099998	80,000000	1,337702E-1
1927,476466	80,099998	80,000000	1,337702E-1
1927,476466	80,099998	80,000000	1,337702E-1
1927,476466	80,099998	80,000000	1,337702E-1
1927,476466	80,099998	80,000000	1,337702E-1
1927,476466	80,099998	80,000000	1,337702E-1
1927,476466	80,099998	80,000000	1,337702E-1
1928,476839	80,099998	80,000000	1,337685E-1
1928,476839	80,099998	80,000000	1,337685E-1
1928,476839	80,099998	80,000000	1,337685E-1
1928,476839	80,099998	80,000000	1,337685E-1
1928,476839	80,099998	80,000000	1,337685E-1
1928,476839	80,099998	80,000000	1,337685E-1
1928,476839	80,099998	80,000000	1,337685E-1
1928,476839	80,099998	80,000000	1,337685E-1
1928,476839	80,099998	80,000000	1,337685E-1
1928,476839	80,099998	80,000000	1,337685E-1
1929,477304	80,099998	80,000000	1,337685E-1
1929,477304	80,099998	80,000000	1,337685E-1
1929,477304	80,099998	80,000000	1,337685E-1
1929,477304	80,099998	80,000000	1,337685E-1
1929,477304	80,099998	80,000000	1,337685E-1
1929,477304	80,099998	80,000000	1,337685E-1
1929,477304	80,000000	80,000000	1,337685E-1
1929,477304	80,000000	80,000000	1,337937E-1
1929,477304	80,000000	80,000000	1,337937E-1
1929,477304	80,000000	80,000000	1,337937E-1
1930,476645	80,000000	80,000000	1,337937E-1
1930,476645	80,000000	80,000000	1,337937E-1
1930,476645	80,000000	80,000000	1,337937E-1
1930,476645	80,000000	80,000000	1,337937E-1
1930,476645	80,000000	80,000000	1,337937E-1
1930,476645	80,000000	80,000000	1,337937E-1
1930,476645	80,000000	80,000000	1,337937E-1
1930,476645	80,000000	80,000000	1,337937E-1
1930,476645	80,000000	80,000000	1,337937E-1
1930,476645	80,000000	80,000000	1,337937E-1
1931,477106	80,000000	80,000000	1,337937E-1
1931,477106	80,000000	80,000000	1,337937E-1
1931,477106	80,000000	80,000000	1,337937E-1
1931,477106	80,000000	80,000000	1,337937E-1
1931,477106	80,000000	80,000000	1,337937E-1
1931,477106	79,699997	80,000000	1,338742E-1
1931,477106	79,699997	80,000000	1,338742E-1
1931,477106	79,699997	80,000000	1,338742E-1
1931,477106	79,699997	80,000000	1,338790E-1
1931,477106	79,699997	80,000000	1,338838E-1
1932,476514	79,699997	80,000000	1,338838E-1
1932,476514	80,100006	80,000000	1,338886E-1
1932,476514	80,100006	80,000000	1,338886E-1
1932,476514	80,100006	80,000000	1,337862E-1
1932,476514	80,100006	80,000000	1,337846E-1
1932,476514	80,100006	80,000000	1,337830E-1
1932,476514	80,100006	80,000000	1,337830E-1
1932,476514	80,100006	80,000000	1,337814E-1
1932,476514	80,100006	80,000000	1,337798E-1
1932,476514	80,100006	80,000000	1,337798E-1
1933,477961	80,100006	80,000000	1,337782E-1
1933,477961	80,100006	80,000000	1,337782E-1
1933,477961	80,100006	80,000000	1,337766E-1
1933,477961	79,900002	80,000000	1,337766E-1
1933,477961	79,900002	80,000000	1,338286E-1
1933,477961	79,900002	80,000000	1,338302E-1
1933,477961	79,900002	80,000000	1,338318E-1
1933,477961	79,900002	80,000000	1,338318E-1
1933,477961	79,900002	80,000000	1,338334E-1
1933,477961	79,900002	80,000000	1,338350E-1
1934,477419	79,900002	80,000000	1,338350E-1
1934,477419	79,900002	80,000000	1,338366E-1
1934,477419	79,900002	80,000000	1,338382E-1
1934,477419	79,900002	80,000000	1,338382E-1
1934,477419	79,900002	80,000000	1,338398E-1
1934,477419	79,900002	80,000000	1,338414E-1
1934,477419	79,900002	80,000000	1,338414E-1
1934,477419	79,900002	80,000000	1,338430E-1
1934,477419	79,900002	80,000000	1,338430E-1
1934,477419	79,900002	80,000000	1,338446E-1
1935,477759	79,900002	80,000000	1,338462E-1
1935,477759	80,199997	80,000000	1,338478E-1
1935,477759	80,199997	80,000000	1,338478E-1
1935,477759	80,199997	80,000000	1,337690E-1
1935,477759	80,199997	80,000000	1,337658E-1
1935,477759	80,199997	80,000000	1,337658E-1
1935,477759	80,199997	80,000000	1,337626E-1
1935,477759	80,199997	80,000000	1,337594E-1
1935,477759	80,199997	80,000000	1,337562E-1
1935,477759	80,199997	80,000000	1,337530E-1
1936,478264	80,199997	80,000000	1,337498E-1
1936,478264	79,899994	80,000000	1,337498E-1
1936,478264	79,899994	80,000000	1,337498E-1
1936,478264	79,899994	80,000000	1,338270E-1
1936,478264	79,899994	80,000000	1,338270E-1
1936,478264	79,899994	80,000000	1,338286E-1
1936,478264	79,899994	80,000000	1,338302E-1
1936,478264	79,899994	80,000000	1,338318E-1
1936,478264	79,899994	80,000000	1,338334E-1
1936,478264	79,899994	80,000000	1,338350E-1
1937,477665	79,899994	80,000000	1,338366E-1
1937,477665	80,099998	80,000000	1,338366E-1
1937,477665	80,099998	80,000000	1,337846E-1
1937,477665	80,099998	80,000000	1,337846E-1
1937,477665	80,099998	80,000000	1,337846E-1
1937,477665	80,099998	80,000000	1,337830E-1
1937,477665	80,099998	80,000000	1,337830E-1
1937,477665	80,099998	80,000000	1,337830E-1
1937,477665	80,099998	80,000000	1,337814E-1
1937,477665	80,099998	80,000000	1,337814E-1
1938,478070	80,099998	80,000000	1,337814E-1
1938,478070	80,099998	80,000000	1,337814E-1
1938,478070	80,099998	80,000000	1,337814E-1
1938,478070	80,099998	80,000000	1,337814E-1
1938,478070	80,099998	80,000000	1,337814E-1
1938,478070	80,099998	80,000000	1,337814E-1
1938,478070	80,099998	80,000000	1,337814E-1
1938,478070	80,099998	80,000000	1,337814E-1
1938,478070	80,099998	80,000000	1,337814E-1
1938,478070	80,099998	80,000000	1,337814E-1
1939,477501	80,099998	80,000000	1,337814E-1
1939,477501	80,099998	80,000000	1,337814E-1
1939,477501	80,099998	80,000000	1,337814E-1
1939,477501	80,099998	80,000000	1,337814E-1
1939,477501	80,099998	80,000000	1,337814E-1
1939,477501	80,099998	80,000000	1,337814E-1
1939,477501	80,099998	80,000000	1,337814E-1
1939,477501	80,099998	80,000000	1,337814E-1
1939,477501	80,099998	80,000000	1,337814E-1
1939,477501	80,099998	80,000000	1,337814E-1
1940,478973	80,099998	80,000000	1,337814E-1
1940,478973	80,099998	80,000000	1,337814E-1
1940,478973	80,099998	80,000000	1,337814E-1
1940,478973	80,099998	80,000000	1,337798E-1
1940,478973	80,099998	80,000000	1,337798E-1
1940,478973	80,099998	80,000000	1,337798E-1
1940,478973	80,099998	80,000000	1,337798E-1
1940,478973	80,099998	80,000000	1,337798E-1
1940,478973	80,099998	80,000000	1,337798E-1
1940,478973	80,099998	80,000000	1,337798E-1
1941,478404	80,099998	80,000000	1,337798E-1
1941,478404	80,099998	80,000000	1,337798E-1
1941,478404	80,099998	80,000000	1,337798E-1
1941,478404	80,099998	80,000000	1,337798E-1
1941,478404	80,099998	80,000000	1,337798E-1
1941,478404	80,099998	80,000000	1,337798E-1
1941,478404	80,099998	80,000000	1,337798E-1
1941,478404	80,099998	80,000000	1,337798E-1
1941,478404	79,900002	80,000000	1,337798E-1
1941,478404	79,900002	80,000000	1,337798E-1
1942,478776	79,900002	80,000000	1,338318E-1
1942,478776	79,900002	80,000000	1,338318E-1
1942,478776	79,900002	80,000000	1,338318E-1
1942,478776	79,900002	80,000000	1,338318E-1
1942,478776	79,900002	80,000000	1,338318E-1
1942,478776	79,900002	80,000000	1,338318E-1
1942,478776	79,900002	80,000000	1,338318E-1
1942,478776	79,900002	80,000000	1,338318E-1
1942,478776	79,900002	80,000000	1,338318E-1
1942,478776	79,900002	80,000000	1,338318E-1
1943,479183	79,900002	80,000000	1,338318E-1
1943,479183	79,900002	80,000000	1,338318E-1
1943,479183	79,900002	80,000000	1,338318E-1
1943,479183	79,900002	80,000000	1,338318E-1
1943,479183	79,900002	80,000000	1,338318E-1
1943,479183	79,900002	80,000000	1,338318E-1
1943,479183	79,900002	80,000000	1,338318E-1
1943,479183	79,900002	80,000000	1,338318E-1
1943,479183	79,900002	80,000000	1,338318E-1
1943,479183	79,900002	80,000000	1,338318E-1
1944,479601	79,900002	80,000000	1,338318E-1
1944,479601	79,900002	80,000000	1,338318E-1
1944,479601	79,900002	80,000000	1,338318E-1
1944,479601	79,900002	80,000000	1,338318E-1
1944,479601	79,900002	80,000000	1,338318E-1
1944,479601	79,900002	80,000000	1,338318E-1
1944,479601	79,900002	80,000000	1,338318E-1
1944,479601	79,900002	80,000000	1,338318E-1
1944,479601	79,900002	80,000000	1,338318E-1
1944,479601	79,900002	80,000000	1,338318E-1
1945,480035	79,900002	80,000000	1,338318E-1
1945,480035	79,900002	80,000000	1,338318E-1
1945,480035	79,900002	80,000000	1,338334E-1
1945,480035	79,800003	80,000000	1,338334E-1
1945,480035	79,800003	80,000000	1,338334E-1
1945,480035	79,800003	80,000000	1,338334E-1
1945,480035	79,800003	80,000000	1,338334E-1
1945,480035	79,800003	80,000000	1,338334E-1
1945,480035	79,800003	80,000000	1,338334E-1
1945,480035	79,800003	80,000000	1,338334E-1
1946,479480	79,800003	80,000000	1,338334E-1
1946,479480	79,800003	80,000000	1,338334E-1
1946,479480	79,800003	80,000000	1,338334E-1
1946,479480	79,800003	80,000000	1,338334E-1
1946,479480	79,800003	80,000000	1,338334E-1
1946,479480	79,800003	80,000000	1,338334E-1
1946,479480	79,800003	80,000000	1,338334E-1
1946,479480	79,800003	80,000000	1,338334E-1
1946,479480	79,800003	80,000000	1,338334E-1
1946,479480	79,800003	80,000000	1,338334E-1
1947,480948	79,800003	80,000000	1,338618E-1
1947,480948	80,199997	80,000000	1,338618E-1
1947,480948	80,199997	80,000000	1,338618E-1
1947,480948	80,199997	80,000000	1,338618E-1
1947,480948	80,199997	80,000000	1,338618E-1
1947,480948	80,199997	80,000000	1,338618E-1
1947,480948	80,199997	80,000000	1,338618E-1
1947,480948	80,199997	80,000000	1,338618E-1
1947,480948	80,199997	80,000000	1,338618E-1
1947,480948	80,199997	80,000000	1,338618E-1
1948,481336	80,199997	80,000000	1,338618E-1
1948,481336	80,199997	80,000000	1,338618E-1
1948,481336	80,199997	80,000000	1,338618E-1
1948,481336	80,199997	80,000000	1,338618E-1
1948,481336	80,199997	80,000000	1,338618E-1
1948,481336	80,199997	80,000000	1,338618E-1
1948,481336	80,199997	80,000000	1,338618E-1
1948,481336	80,199997	80,000000	1,337578E-1
1948,481336	80,099998	80,000000	1,337578E-1
1948,481336	80,099998	80,000000	1,337578E-1
1949,480713	80,099998	80,000000	1,337814E-1
1949,480713	80,099998	80,000000	1,337814E-1
1949,480713	79,900002	80,000000	1,338334E-1
1949,480713	79,900002	80,000000	1,338350E-1
1949,480713	79,900002	80,000000	1,338350E-1
1949,480713	79,900002	80,000000	1,338366E-1
1949,480713	79,900002	80,000000	1,338382E-1
1949,480713	79,900002	80,000000	1,338398E-1
1949,480713	79,900002	80,000000	1,338398E-1
1949,480713	79,900002	80,000000	1,338414E-1
1950,481226	79,900002	80,000000	1,338430E-1
1950,481226	79,900002	80,000000	1,338446E-1
1950,481226	79,900002	80,000000	1,338446E-1
1950,481226	79,900002	80,000000	1,338462E-1
1950,481226	79,900002	80,000000	1,338462E-1
1950,481226	79,900002	80,000000	1,338478E-1
1950,481226	79,900002	80,000000	1,338478E-1
1950,481226	79,900002	80,000000	1,338494E-1
1950,481226	79,900002	80,000000	1,338510E-1
1950,481226	79,900002	80,000000	1,338510E-1
1951,480572	79,900002	80,000000	1,338526E-1
1951,480572	79,900002	80,000000	1,338542E-1
1951,480572	80,199997	80,000000	1,338559E-1
1951,480572	80,199997	80,000000	1,338559E-1
1951,480572	80,199997	80,000000	1,337771E-1
1951,480572	80,199997	80,000000	1,337738E-1
1951,480572	80,199997	80,000000	1,337738E-1
1951,480572	80,199997	80,000000	1,337706E-1
1951,480572	80,199997	80,000000	1,337674E-1
1951,480572	80,199997	80,000000	1,337674E-1
1952,480397	80,199997	80,000000	1,337642E-1
1952,480397	80,199997	80,000000	1,337642E-1
1952,480397	80,199997	80,000000	1,337642E-1
1952,480397	79,899994	80,000000	1,337610E-1
1952,480397	79,899994	80,000000	1,338382E-1
1952,480397	79,899994	80,000000	1,338382E-1
1952,480397	79,899994	80,000000	1,338398E-1
1952,480397	79,899994	80,000000	1,338414E-1
1952,480397	79,899994	80,000000	1,338430E-1
1952,480397	79,899994	80,000000	1,338446E-1
1953,480819	79,899994	80,000000	1,338446E-1
1953,480819	79,899994	80,000000	1,338462E-1
1953,480819	79,899994	80,000000	1,338478E-1
1953,480819	79,800003	80,000000	1,338478E-1
1953,480819	79,800003	80,000000	1,338762E-1
1953,480819	79,800003	80,000000	1,338762E-1
1953,480819	79,800003	80,000000	1,338762E-1
1953,480819	79,800003	80,000000	1,338794E-1
1953,480819	79,800003	80,000000	1,338827E-1
1953,480819	79,800003	80,000000	1,338827E-1
1954,482296	79,800003	80,000000	1,338827E-1
1954,482296	79,800003	80,000000	1,338859E-1
1954,482296	79,800003	80,000000	1,338859E-1
1954,482296	80,000000	80,000000	1,338859E-1
1954,482296	80,000000	80,000000	1,338859E-1
1954,482296	80,000000	80,000000	1,338859E-1
1954,482296	80,000000	80,000000	1,338859E-1
1954,482296	80,000000	80,000000	1,338859E-1
1954,482296	80,000000	80,000000	1,338859E-1
1954,482296	80,000000	80,000000	1,338859E-1
1955,481706	80,000000	80,000000	1,338859E-1
1955,481706	80,000000	80,000000	1,338859E-1
1955,481706	80,000000	80,000000	1,338859E-1
1955,481706	80,000000	80,000000	1,338859E-1
1955,481706	80,000000	80,000000	1,338859E-1
1955,481706	80,000000	80,000000	1,338859E-1
1955,481706	80,000000	80,000000	1,338859E-1
1955,481706	80,000000	80,000000	1,338859E-1
1955,481706	80,000000	80,000000	1,338859E-1
1955,481706	80,000000	80,000000	1,338859E-1
1956,481782	80,000000	80,000000	1,338859E-1
1956,481782	80,000000	80,000000	1,338859E-1
1956,481782	80,000000	80,000000	1,338859E-1
1956,481782	80,000000	80,000000	1,338859E-1
1956,481782	80,000000	80,000000	1,338859E-1
1956,481782	80,000000	80,000000	1,338859E-1
1956,481782	80,000000	80,000000	1,338355E-1
1956,481782	80,000000	80,000000	1,338355E-1
1956,481782	80,000000	80,000000	1,338355E-1
1956,481782	80,000000	80,000000	1,338355E-1
1957,482146	80,000000	80,000000	1,338355E-1
1957,482146	80,000000	80,000000	1,338355E-1
1957,482146	80,000000	80,000000	1,338355E-1
1957,482146	80,000000	80,000000	1,338355E-1
1957,482146	80,000000	80,000000	1,338355E-1
1957,482146	80,000000	80,000000	1,338355E-1
1957,482146	80,000000	80,000000	1,338355E-1
1957,482146	80,000000	80,000000	1,338355E-1
1957,482146	80,000000	80,000000	1,338355E-1
1957,482146	80,000000	80,000000	1,338355E-1
1958,481513	80,000000	80,000000	1,338355E-1
1958,481513	80,000000	80,000000	1,338355E-1
1958,481513	80,000000	80,000000	1,338355E-1
1958,481513	80,000000	80,000000	1,338355E-1
1958,481513	79,800003	80,000000	1,338355E-1
1958,481513	79,800003	80,000000	1,338355E-1
1958,481513	79,800003	80,000000	1,338355E-1
1958,481513	79,800003	80,000000	1,338355E-1
1958,481513	79,800003	80,000000	1,338355E-1
1958,481513	79,800003	80,000000	1,338355E-1
1959,481981	79,800003	80,000000	1,338355E-1
1959,481981	79,800003	80,000000	1,338355E-1
1959,481981	79,800003	80,000000	1,338355E-1
1959,481981	79,800003	80,000000	1,338355E-1
1959,481981	79,800003	80,000000	1,338355E-1
1959,481981	79,800003	80,000000	1,338355E-1
1959,481981	79,800003	80,000000	1,338355E-1
1959,481981	79,800003	80,000000	1,338355E-1
1959,481981	79,800003	80,000000	1,338355E-1
1959,481981	79,800003	80,000000	1,338355E-1
1960,481392	79,800003	80,000000	1,338355E-1
1960,481392	79,800003	80,000000	1,338891E-1
1960,481392	79,800003	80,000000	1,338891E-1
1960,481392	79,800003	80,000000	1,338891E-1
1960,481392	79,800003	80,000000	1,338891E-1
1960,481392	79,800003	80,000000	1,338891E-1
1960,481392	79,800003	80,000000	1,338891E-1
1960,481392	79,800003	80,000000	1,338891E-1
1960,481392	79,800003	80,000000	1,338891E-1
1960,481392	79,800003	80,000000	1,338891E-1
1961,481828	79,800003	80,000000	1,338891E-1
1961,481828	79,800003	80,000000	1,338891E-1
1961,481828	79,800003	80,000000	1,338891E-1
1961,481828	79,800003	80,000000	1,338891E-1
1961,481828	79,800003	80,000000	1,338891E-1
1961,481828	79,800003	80,000000	1,338891E-1
1961,481828	79,800003	80,000000	1,338891E-1
1961,481828	79,800003	80,000000	1,338891E-1
1961,481828	79,800003	80,000000	1,338923E-1
1961,481828	80,099998	80,000000	1,338923E-1
1962,482266	80,099998	80,000000	1,338923E-1
1962,482266	80,099998	80,000000	1,338923E-1
1962,482266	80,099998	80,000000	1,338923E-1
1962,482266	80,099998	80,000000	1,338923E-1
1962,482266	80,099998	80,000000	1,338923E-1
1962,482266	80,099998	80,000000	1,338923E-1
1962,482266	80,099998	80,000000	1,338923E-1
1962,482266	80,099998	80,000000	1,338923E-1
1962,482266	80,099998	80,000000	1,338923E-1
1962,482266	80,099998	80,000000	1,338923E-1
1963,482723	80,099998	80,000000	1,338923E-1
1963,482723	80,099998	80,000000	1,338923E-1
1963,482723	80,099998	80,000000	1,338923E-1
1963,482723	80,099998	80,000000	1,338923E-1
1963,482723	80,099998	80,000000	1,338923E-1
1963,482723	80,099998	80,000000	1,338923E-1
1963,482723	80,099998	80,000000	1,338151E-1
1963,482723	80,000000	80,000000	1,338151E-1
1963,482723	80,000000	80,000000	1,338151E-1
1963,482723	80,000000	80,000000	1,338151E-1
1964,483099	80,000000	80,000000	1,338151E-1
1964,483099	80,000000	80,000000	1,338151E-1
1964,483099	80,000000	80,000000	1,338151E-1
1964,483099	80,000000	80,000000	1,338151E-1
1964,483099	80,000000	80,000000	1,338151E-1
1964,483099	80,000000	80,000000	1,338151E-1
1964,483099	80,000000	80,000000	1,338151E-1
1964,483099	80,000000	80,000000	1,338151E-1
1964,483099	80,000000	80,000000	1,338151E-1
1964,483099	80,000000	80,000000	1,338151E-1
1965,483625	80,000000	80,000000	1,338151E-1
1965,483625	80,000000	80,000000	1,338151E-1
1965,483625	80,000000	80,000000	1,338151E-1
1965,483625	80,000000	80,000000	1,338403E-1
1965,483625	80,000000	80,000000	1,338403E-1
1965,483625	80,000000	80,000000	1,338403E-1
1965,483625	79,899994	80,000000	1,338671E-1
1965,483625	79,899994	80,000000	1,338671E-1
1965,483625	79,899994	80,000000	1,338671E-1
1965,483625	79,899994	80,000000	1,338687E-1
1966,483981	80,199997	80,000000	1,337899E-1
1966,483981	80,199997	80,000000	1,337899E-1
1966,483981	80,199997	80,000000	1,337867E-1
1966,483981	80,199997	80,000000	1,337835E-1
1966,483981	80,199997	80,000000	1,337803E-1
1966,483981	80,199997	80,000000	1,337771E-1
1966,483981	80,199997	80,000000	1,337738E-1
1966,483981	80,199997	80,000000	1,337738E-1
1966,483981	80,199997	80,000000	1,337706E-1
1966,483981	80,199997	80,000000	1,337674E-1
1967,483396	80,199997	80,000000	1,337642E-1
1967,483396	80,100006	80,000000	1,337610E-1
1967,483396	80,100006	80,000000	1,337610E-1
1967,483396	80,100006	80,000000	1,337846E-1
1967,483396	80,100006	80,000000	1,337846E-1
1967,483396	80,100006	80,000000	1,337830E-1
1967,483396	80,100006	80,000000	1,337814E-1
1967,483396	80,100006	80,000000	1,337798E-1
1967,483396	80,100006	80,000000	1,337798E-1
1967,483396	80,100006	80,000000	1,337782E-1
1968,483855	80,100006	80,000000	1,337766E-1
1968,483855	80,100006	80,000000	1,337750E-1
1968,483855	79,600006	80,000000	1,339074E-1
1968,483855	79,600006	80,000000	1,339138E-1
1968,483855	79,600006	80,000000	1,339138E-1
1968,483855	79,600006	80,000000	1,339202E-1
1968,483855	79,600006	80,000000	1,339266E-1
1968,483855	79,600006	80,000000	1,339266E-1
1968,483855	79,600006	80,000000	1,339331E-1
1968,483855	79,600006	80,000000	1,339331E-1
1969,484264	79,600006	80,000000	1,339395E-1
1969,484264	80,199997	80,000000	1,339395E-1
1969,484264	80,199997	80,000000	1,337851E-1
1969,484264	80,199997	80,000000	1,337819E-1
1969,484264	80,199997	80,000000	1,337787E-1
1969,484264	80,199997	80,000000	1,337754E-1
1969,484264	80,199997	80,000000	1,337754E-1
1969,484264	80,199997	80,000000	1,337722E-1
1969,484264	80,199997	80,000000	1,337690E-1
1969,484264	80,199997	80,000000	1,337690E-1
1970,484745	80,199997	80,000000	1,337658E-1
1970,484745	80,100006	80,000000	1,337626E-1
1970,484745	80,100006	80,000000	1,337626E-1
1970,484745	80,100006	80,000000	1,337862E-1
1970,484745	80,100006	80,000000	1,337862E-1
1970,484745	80,100006	80,000000	1,337862E-1
1970,484745	80,100006	80,000000	1,337846E-1
1970,484745	80,100006	80,000000	1,337830E-1
1970,484745	80,100006	80,000000	1,337814E-1
1970,484745	80,100006	80,000000	1,337798E-1
1971,485113	80,100006	80,000000	1,337798E-1
1971,485113	80,100006	80,000000	1,337782E-1
1971,485113	80,100006	80,000000	1,337766E-1
1971,485113	80,100006	80,000000	1,337750E-1
1971,485113	79,800003	80,000000	1,337734E-1
1971,485113	79,800003	80,000000	1,337734E-1
1971,485113	79,800003	80,000000	1,337734E-1
1971,485113	79,800003	80,000000	1,337734E-1
1971,485113	79,800003	80,000000	1,338522E-1
1971,485113	79,800003	80,000000	1,338522E-1
1972,484539	79,800003	80,000000	1,338522E-1
1972,484539	79,800003	80,000000	1,338554E-1
1972,484539	79,800003	80,000000	1,338554E-1
1972,484539	79,800003	80,000000	1,338554E-1
1972,484539	79,800003	80,000000	1,338554E-1
1972,484539	79,800003	80,000000	1,338554E-1
1972,484539	79,800003	80,000000	1,338554E-1
1972,484539	79,800003	80,000000	1,338554E-1
1972,484539	79,800003	80,000000	1,338554E-1
1972,484539	79,800003	80,000000	1,338554E-1
1973,484944	79,800003	80,000000	1,338554E-1
1973,484944	79,800003	80,000000	1,338554E-1
1973,484944	79,800003	80,000000	1,338554E-1
1973,484944	79,800003	80,000000	1,338554E-1
1973,484944	79,800003	80,000000	1,338554E-1
1973,484944	79,800003	80,000000	1,338554E-1
1973,484944	79,800003	80,000000	1,338554E-1
1973,484944	79,800003	80,000000	1,338554E-1
1973,484944	79,800003	80,000000	1,338554E-1
1973,484944	79,800003	80,000000	1,338554E-1
1974,484383	79,800003	80,000000	1,338554E-1
1974,484383	79,800003	80,000000	1,338554E-1
1974,484383	79,800003	80,000000	1,338554E-1
1974,484383	79,800003	80,000000	1,338554E-1
1974,484383	79,800003	80,000000	1,338554E-1
1974,484383	79,800003	80,000000	1,338554E-1
1974,484383	79,900002	80,000000	1,338586E-1
1974,484383	79,900002	80,000000	1,338586E-1
1974,484383	79,900002	80,000000	1,338586E-1
1974,484383	79,900002	80,000000	1,338586E-1
1975,484842	79,900002	80,000000	1,338586E-1
1975,484842	79,900002	80,000000	1,338586E-1
1975,484842	79,900002	80,000000	1,338586E-1
1975,484842	79,900002	80,000000	1,338586E-1
1975,484842	79,900002	80,000000	1,338586E-1
1975,484842	79,900002	80,000000	1,338586E-1
1975,484842	79,900002	80,000000	1,338586E-1
1975,484842	79,900002	80,000000	1,338586E-1
1975,484842	79,900002	80,000000	1,338586E-1
1975,484842	79,900002	80,000000	1,338586E-1
1976,484862	79,900002	80,000000	1,338586E-1
1976,484862	79,900002	80,000000	1,338586E-1
1976,484862	79,900002	80,000000	1,338350E-1
1976,484862	79,900002	80,000000	1,338350E-1
1976,484862	79,900002	80,000000	1,338350E-1
1976,484862	79,900002	80,000000	1,338350E-1
1976,484862	79,900002	80,000000	1,338350E-1
1976,484862	79,900002	80,000000	1,338350E-1
1976,484862	79,900002	80,000000	1,338350E-1
1976,484862	79,900002	80,000000	1,338350E-1
1977,485258	79,900002	80,000000	1,338350E-1
1977,485258	79,900002	80,000000	1,338350E-1
1977,485258	79,900002	80,000000	1,338350E-1
1977,485258	79,900002	80,000000	1,338350E-1
1977,485258	79,900002	80,000000	1,338350E-1
1977,485258	79,900002	80,000000	1,338350E-1
1977,485258	79,900002	80,000000	1,338350E-1
1977,485258	79,900002	80,000000	1,338350E-1
1977,485258	79,900002	80,000000	1,338350E-1
1977,485258	79,900002	80,000000	1,338366E-1
1978,484725	79,900002	80,000000	1,338366E-1
1978,484725	79,900002	80,000000	1,338366E-1
1978,484725	79,900002	80,000000	1,338366E-1
1978,484725	79,900002	80,000000	1,338366E-1
1978,484725	79,900002	80,000000	1,338366E-1
1978,484725	79,900002	80,000000	1,338366E-1
1978,484725	79,900002	80,000000	1,338366E-1
1978,484725	79,900002	80,000000	1,338366E-1
1978,484725	79,900002	80,000000	1,338366E-1
1978,484725	79,900002	80,000000	1,338366E-1
1979,485146	79,900002	80,000000	1,338366E-1
1979,485146	79,900002	80,000000	1,338366E-1
1979,485146	79,900002	80,000000	1,338366E-1
1979,485146	79,900002	80,000000	1,338366E-1
1979,485146	79,900002	80,000000	1,338366E-1
1979,485146	80,100006	80,000000	1,337846E-1
1979,485146	80,100006	80,000000	1,337846E-1
1979,485146	80,100006	80,000000	1,337846E-1
1979,485146	80,100006	80,000000	1,337846E-1
1979,485146	80,100006	80,000000	1,337846E-1
1980,485561	80,100006	80,000000	1,337846E-1
1980,485561	80,100006	80,000000	1,337846E-1
1980,485561	80,100006	80,000000	1,337846E-1
1980,485561	80,100006	80,000000	1,337846E-1
1980,485561	80,100006	80,000000	1,337846E-1
1980,485561	80,100006	80,000000	1,337846E-1
1980,485561	80,100006	80,000000	1,337846E-1
1980,485561	80,100006	80,000000	1,337846E-1
1980,485561	80,100006	80,000000	1,337846E-1
1980,485561	80,100006	80,000000	1,337846E-1
1981,486028	80,100006	80,000000	1,337846E-1
1981,486028	80,100006	80,000000	1,337846E-1
1981,486028	80,100006	80,000000	1,337830E-1
1981,486028	80,100006	80,000000	1,337830E-1
1981,486028	80,100006	80,000000	1,337830E-1
1981,486028	80,100006	80,000000	1,337830E-1
1981,486028	80,100006	80,000000	1,337830E-1
1981,486028	80,100006	80,000000	1,337830E-1
1981,486028	80,100006	80,000000	1,337830E-1
1981,486028	80,100006	80,000000	1,337830E-1
1982,485431	80,100006	80,000000	1,337830E-1
1982,485431	80,100006	80,000000	1,337830E-1
1982,485431	80,100006	80,000000	1,337830E-1
1982,485431	80,100006	80,000000	1,337830E-1
1982,485431	80,100006	80,000000	1,337830E-1
1982,485431	80,100006	80,000000	1,337830E-1
1982,485431	80,100006	80,000000	1,337830E-1
1982,485431	80,100006	80,000000	1,337830E-1
1982,485431	80,100006	80,000000	1,337814E-1
1982,485431	79,800003	80,000000	1,337814E-1
1983,485789	79,800003	80,000000	1,337814E-1
1983,485789	79,800003	80,000000	1,337814E-1
1983,485789	79,800003	80,000000	1,338602E-1
1983,485789	79,800003	80,000000	1,338602E-1
1983,485789	79,800003	80,000000	1,338634E-1
1983,485789	80,099998	80,000000	1,337862E-1
1983,485789	80,099998	80,000000	1,337846E-1
1983,485789	80,099998	80,000000	1,337846E-1
1983,485789	80,099998	80,000000	1,337830E-1
1983,485789	80,099998	80,000000	1,337814E-1
1984,486253	80,099998	80,000000	1,337798E-1
1984,486253	80,099998	80,000000	1,337798E-1
1984,486253	80,099998	80,000000	1,337782E-1
1984,486253	80,099998	80,000000	1,337766E-1
1984,486253	80,099998	80,000000	1,337766E-1
1984,486253	80,099998	80,000000	1,337750E-1
1984,486253	79,699997	80,000000	1,337750E-1
1984,486253	79,699997	80,000000	1,337750E-1
1984,486253	79,699997	80,000000	1,338806E-1
1984,486253	79,699997	80,000000	1,338854E-1
1985,485639	79,699997	80,000000	1,338854E-1
1985,485639	79,699997	80,000000	1,338902E-1
1985,485639	79,699997	80,000000	1,338950E-1
1985,485639	79,699997	80,000000	1,338998E-1
1985,485639	79,699997	80,000000	1,338998E-1
1985,485639	79,800003	80,000000	1,339046E-1
1985,485639	79,800003	80,000000	1,338827E-1
1985,485639	79,800003	80,000000	1,338827E-1
1985,485639	79,800003	80,000000	1,338859E-1
1985,485639	79,800003	80,000000	1,338891E-1
1986,486102	79,800003	80,000000	1,338891E-1
1986,486102	79,800003	80,000000	1,338923E-1
1986,486102	79,800003	80,000000	1,338923E-1
1986,486102	79,800003	80,000000	1,338955E-1
1986,486102	79,800003	80,000000	1,338955E-1
1986,486102	79,800003	80,000000	1,338987E-1
1986,486102	79,800003	80,000000	1,338987E-1
1986,486102	80,100006	80,000000	1,339019E-1
1986,486102	80,100006	80,000000	1,339019E-1
1986,486102	80,100006	80,000000	1,338247E-1
1987,486542	80,100006	80,000000	1,338231E-1
1987,486542	80,100006	80,000000	1,338231E-1
1987,486542	80,100006	80,000000	1,338215E-1
1987,486542	80,100006	80,000000	1,338199E-1
1987,486542	80,100006	80,000000	1,338183E-1
1987,486542	80,100006	80,000000	1,338183E-1
1987,486542	80,100006	80,000000	1,338167E-1
1987,486542	80,100006	80,000000	1,338167E-1
1987,486542	80,100006	80,000000	1,338167E-1
1987,486542	80,100006	80,000000	1,338151E-1
1988,486928	80,100006	80,000000	1,338135E-1
1988,486928	80,100006	80,000000	1,338119E-1
1988,486928	80,100006	80,000000	1,338119E-1
1988,486928	79,900002	80,000000	1,338103E-1
1988,486928	79,900002	80,000000	1,338623E-1
1988,486928	79,900002	80,000000	1,338623E-1
1988,486928	79,900002	80,000000	1,338623E-1
1988,486928	79,900002	80,000000	1,338639E-1
1988,486928	79,900002	80,000000	1,338639E-1
1988,486928	79,900002	80,000000	1,338639E-1
1989,486377	79,900002	80,000000	1,338639E-1
1989,486377	79,900002	80,000000	1,338639E-1
1989,486377	79,900002	80,000000	1,338639E-1
1989,486377	79,900002	80,000000	1,338639E-1
1989,486377	79,900002	80,000000	1,338639E-1
1989,486377	79,900002	80,000000	1,338639E-1
1989,486377	79,900002	80,000000	1,338639E-1
1989,486377	79,900002	80,000000	1,338639E-1
1989,486377	79,900002	80,000000	1,338639E-1
1989,486377	79,900002	80,000000	1,338639E-1
1990,486866	79,900002	80,000000	1,338639E-1
1990,486866	79,900002	80,000000	1,338639E-1
1990,486866	79,900002	80,000000	1,338639E-1
1990,486866	79,900002	80,000000	1,338639E-1
1990,486866	79,900002	80,000000	1,338639E-1
1990,486866	79,900002	80,000000	1,338639E-1
1990,486866	79,900002	80,000000	1,338639E-1
1990,486866	79,900002	80,000000	1,338639E-1
1990,486866	79,900002	80,000000	1,338639E-1
1990,486866	79,900002	80,000000	1,338639E-1
1991,487212	79,900002	80,000000	1,338639E-1
1991,487212	79,900002	80,000000	1,338639E-1
1991,487212	79,900002	80,000000	1,338655E-1
1991,487212	79,900002	80,000000	1,338655E-1
1991,487212	80,000000	80,000000	1,338655E-1
1991,487212	80,000000	80,000000	1,338403E-1
1991,487212	80,000000	80,000000	1,338403E-1
1991,487212	80,000000	80,000000	1,338403E-1
1991,487212	80,000000	80,000000	1,338403E-1
1991,487212	80,000000	80,000000	1,338403E-1
1992,486641	80,000000	80,000000	1,338403E-1
1992,486641	80,000000	80,000000	1,338403E-1
1992,486641	80,000000	80,000000	1,338403E-1
1992,486641	80,000000	80,000000	1,338403E-1
1992,486641	80,000000	80,000000	1,338403E-1
1992,486641	80,000000	80,000000	1,338403E-1
1992,486641	80,000000	80,000000	1,338403E-1
1992,486641	80,000000	80,000000	1,338403E-1
1992,486641	80,000000	80,000000	1,338403E-1
1992,486641	80,000000	80,000000	1,338403E-1
1993,488057	80,000000	80,000000	1,338403E-1
1993,488057	80,000000	80,000000	1,338403E-1
1993,488057	80,000000	80,000000	1,338403E-1
1993,488057	80,000000	80,000000	1,338403E-1
1993,488057	80,000000	80,000000	1,338403E-1
1993,488057	80,000000	80,000000	1,338403E-1
1993,488057	80,000000	80,000000	1,338403E-1
1993,488057	80,000000	80,000000	1,338403E-1
1993,488057	80,000000	80,000000	1,338403E-1
1993,488057	80,000000	80,000000	1,338403E-1
1994,489245	80,000000	80,000000	1,338403E-1
1994,489245	80,000000	80,000000	1,338403E-1
1994,489245	80,000000	80,000000	1,338403E-1
1994,489245	80,000000	80,000000	1,338403E-1
1994,489245	80,000000	80,000000	1,338403E-1
1994,489245	80,000000	80,000000	1,338403E-1
1994,489245	80,000000	80,000000	1,338403E-1
1994,489245	80,000000	80,000000	1,338403E-1
1994,489245	79,699997	80,000000	1,338403E-1
1994,489245	79,699997	80,000000	1,338403E-1
1995,489667	79,699997	80,000000	1,339207E-1
1995,489667	79,699997	80,000000	1,339207E-1
1995,489667	79,699997	80,000000	1,339207E-1
1995,489667	79,699997	80,000000	1,339207E-1
1995,489667	79,699997	80,000000	1,339207E-1
1995,489667	79,699997	80,000000	1,339207E-1
1995,489667	79,699997	80,000000	1,339207E-1
1995,489667	79,699997	80,000000	1,339207E-1
1995,489667	79,699997	80,000000	1,339207E-1
1995,489667	79,699997	80,000000	1,339207E-1
1996,490122	79,699997	80,000000	1,339207E-1
1996,490122	79,699997	80,000000	1,339207E-1
1996,490122	79,699997	80,000000	1,339207E-1
1996,490122	79,699997	80,000000	1,339207E-1
1996,490122	79,699997	80,000000	1,339207E-1
1996,490122	79,699997	80,000000	1,339207E-1
1996,490122	79,699997	80,000000	1,339207E-1
1996,490122	79,699997	80,000000	1,339207E-1
1996,490122	79,699997	80,000000	1,339207E-1
1996,490122	79,699997	80,000000	1,339207E-1
1997,489500	79,699997	80,000000	1,339207E-1
1997,489500	79,699997	80,000000	1,339207E-1
1997,489500	79,699997	80,000000	1,339207E-1
1997,489500	79,699997	80,000000	1,339207E-1
1997,489500	79,699997	80,000000	1,339207E-1
1997,489500	79,699997	80,000000	1,339207E-1
1997,489500	79,699997	80,000000	1,339207E-1
1997,489500	79,699997	80,000000	1,339207E-1
1997,489500	79,699997	80,000000	1,339207E-1
1997,489500	79,699997	80,000000	1,339207E-1
1998,489942	79,699997	80,000000	1,339207E-1
1998,489942	79,699997	80,000000	1,339207E-1
1998,489942	79,699997	80,000000	1,339207E-1
1998,489942	79,699997	80,000000	1,339255E-1
1998,489942	80,000000	80,000000	1,339255E-1
1998,489942	80,000000	80,000000	1,339255E-1
1998,489942	80,000000	80,000000	1,339255E-1
1998,489942	80,000000	80,000000	1,339255E-1
1998,489942	80,000000	80,000000	1,339255E-1
1998,489942	80,000000	80,000000	1,339255E-1
1999,489367	80,000000	80,000000	1,339255E-1
1999,489367	80,000000	80,000000	1,339255E-1
1999,489367	80,000000	80,000000	1,339255E-1
1999,489367	80,000000	80,000000	1,339255E-1
1999,489367	80,000000	80,000000	1,339255E-1
1999,489367	80,000000	80,000000	1,339255E-1
1999,489367	80,000000	80,000000	1,339255E-1
1999,489367	80,000000	80,000000	1,339255E-1
1999,489367	80,000000	80,000000	1,339255E-1
1999,489367	80,000000	80,000000	1,339255E-1
2000,489803	80,000000	80,000000	1,338499E-1
2000,489803	80,099998	80,000000	1,338499E-1
2000,489803	80,099998	80,000000	1,338499E-1
2000,489803	80,000000	80,000000	1,338231E-1
2000,489803	80,000000	80,000000	1,338231E-1
2000,489803	80,000000	80,000000	1,338231E-1
2000,489803	80,000000	80,000000	1,338483E-1
2000,489803	80,000000	80,000000	1,338483E-1
2000,489803	80,000000	80,000000	1,338483E-1
2000,489803	80,099998	80,000000	1,338483E-1
2001,490265	80,099998	80,000000	1,338215E-1
2001,490265	80,099998	80,000000	1,338215E-1
2001,490265	80,099998	80,000000	1,338199E-1
2001,490265	80,099998	80,000000	1,338183E-1
2001,490265	80,099998	80,000000	1,338183E-1
2001,490265	80,099998	80,000000	1,338167E-1
2001,490265	80,099998	80,000000	1,338151E-1
2001,490265	80,099998	80,000000	1,338151E-1
2001,490265	80,099998	80,000000	1,338135E-1
2001,490265	80,099998	80,000000	1,338135E-1
2002,489635	80,099998	80,000000	1,338119E-1
2002,489635	79,600006	80,000000	1,338119E-1
2002,489635	79,600006	80,000000	1,339443E-1
2002,489635	79,600006	80,000000	1,339443E-1
2002,489635	79,600006	80,000000	1,339507E-1
2002,489635	79,600006	80,000000	1,339507E-1
2002,489635	79,600006	80,000000	1,339571E-1
2002,489635	79,600006	80,000000	1,339635E-1
2002,489635	79,600006	80,000000	1,339700E-1
2002,489635	79,600006	80,000000	1,339700E-1
2003,490055	79,600006	80,000000	1,339764E-1
2003,490055	79,600006	80,000000	1,339828E-1
2003,490055	79,600006	80,000000	1,339828E-1
2003,490055	79,600006	80,000000	1,339892E-1
2003,490055	79,600006	80,000000	1,339892E-1
2003,490055	79,600006	80,000000	1,339956E-1
2003,490055	80,099998	80,000000	1,339956E-1
2003,490055	80,099998	80,000000	1,338680E-1
2003,490055	80,099998	80,000000	1,338664E-1
2003,490055	80,099998	80,000000	1,338648E-1
2004,489468	80,099998	80,000000	1,338632E-1
2004,489468	80,099998	80,000000	1,338632E-1
2004,489468	80,099998	80,000000	1,338616E-1
2004,489468	80,099998	80,000000	1,338600E-1
2004,489468	80,099998	80,000000	1,338600E-1
2004,489468	80,099998	80,000000	1,338584E-1
2004,489468	80,099998	80,000000	1,338568E-1
2004,489468	80,099998	80,000000	1,338568E-1
2004,489468	80,099998	80,000000	1,338552E-1
2004,489468	80,099998	80,000000	1,338552E-1
2005,489922	80,099998	80,000000	1,338536E-1
2005,489922	80,099998	80,000000	1,338536E-1
2005,489922	80,099998	80,000000	1,338520E-1
2005,489922	80,099998	80,000000	1,338504E-1
2005,489922	80,099998	80,000000	1,338504E-1
2005,489922	80,099998	80,000000	1,338488E-1
2005,489922	80,100006	80,000000	1,338472E-1
2005,489922	80,100006	80,000000	1,338472E-1
2005,489922	80,100006	80,000000	1,338456E-1
2005,489922	80,100006	80,000000	1,338440E-1
2006,489335	80,100006	80,000000	1,338424E-1
2006,489335	80,100006	80,000000	1,338424E-1
2006,489335	80,100006	80,000000	1,338424E-1
2006,489335	80,100006	80,000000	1,338408E-1
2006,489335	80,100006	80,000000	1,338408E-1
2006,489335	80,100006	80,000000	1,338408E-1
2006,489335	80,100006	80,000000	1,338392E-1
2006,489335	80,100006	80,000000	1,338392E-1
2006,489335	80,100006	80,000000	1,338392E-1
2006,489335	80,100006	80,000000	1,338392E-1
2007,489769	80,100006	80,000000	1,338392E-1
2007,489769	80,100006	80,000000	1,338392E-1
2007,489769	80,100006	80,000000	1,338392E-1
2007,489769	80,100006	80,000000	1,338392E-1
2007,489769	80,100006	80,000000	1,338392E-1
2007,489769	80,100006	80,000000	1,338392E-1
2007,489769	80,100006	80,000000	1,338392E-1
2007,489769	80,100006	80,000000	1,338392E-1
2007,489769	80,100006	80,000000	1,338392E-1
2007,489769	80,100006	80,000000	1,338392E-1
2008,490263	80,100006	80,000000	1,338392E-1
2008,490263	80,100006	80,000000	1,338392E-1
2008,490263	80,100006	80,000000	1,338392E-1
2008,490263	80,100006	80,000000	1,338392E-1
2008,490263	80,100006	80,000000	1,338392E-1
2008,490263	80,100006	80,000000	1,338392E-1
2008,490263	80,100006	80,000000	1,338392E-1
2008,490263	80,100006	80,000000	1,338392E-1
2008,490263	80,100006	80,000000	1,338392E-1
2008,490263	80,100006	80,000000	1,338392E-1
2009,490670	80,100006	80,000000	1,338392E-1
2009,490670	80,100006	80,000000	1,338392E-1
2009,490670	80,100006	80,000000	1,338376E-1
2009,490670	80,100006	80,000000	1,338376E-1
2009,490670	80,100006	80,000000	1,338376E-1
2009,490670	80,100006	80,000000	1,338376E-1
2009,490670	80,100006	80,000000	1,338376E-1
2009,490670	80,100006	80,000000	1,338376E-1
2009,490670	80,100006	80,000000	1,338376E-1
2009,490670	80,100006	80,000000	1,338376E-1
2010,491072	80,100006	80,000000	1,338376E-1
2010,491072	80,100006	80,000000	1,338376E-1
2010,491072	80,100006	80,000000	1,338376E-1
2010,491072	80,100006	80,000000	1,338376E-1
2010,491072	80,100006	80,000000	1,338376E-1
2010,491072	80,100006	80,000000	1,338376E-1
2010,491072	80,100006	80,000000	1,338376E-1
2010,491072	79,699997	80,000000	1,338376E-1
2010,491072	79,699997	80,000000	1,339432E-1
2010,491072	79,699997	80,000000	1,339432E-1
2011,490493	79,699997	80,000000	1,339432E-1
2011,490493	79,699997	80,000000	1,339432E-1
2011,490493	79,699997	80,000000	1,339432E-1
2011,490493	79,699997	80,000000	1,339432E-1
2011,490493	79,699997	80,000000	1,339432E-1
2011,490493	79,699997	80,000000	1,339432E-1
2011,490493	79,699997	80,000000	1,339432E-1
2011,490493	79,699997	80,000000	1,339432E-1
2011,490493	79,699997	80,000000	1,339432E-1
2011,490493	79,699997	80,000000	1,339432E-1
2012,490947	79,699997	80,000000	1,339432E-1
2012,490947	79,699997	80,000000	1,339432E-1
2012,490947	79,699997	80,000000	1,339432E-1
2012,490947	79,699997	80,000000	1,339432E-1
2012,490947	79,699997	80,000000	1,339432E-1
2012,490947	79,699997	80,000000	1,339432E-1
2012,490947	79,699997	80,000000	1,339480E-1
2012,490947	79,699997	80,000000	1,339480E-1
2012,490947	79,699997	80,000000	1,339480E-1
2012,490947	79,699997	80,000000	1,339480E-1
2013,491335	79,699997	80,000000	1,339480E-1
2013,491335	79,699997	80,000000	1,339480E-1
2013,491335	79,699997	80,000000	1,339480E-1
2013,491335	79,699997	80,000000	1,339480E-1
2013,491335	79,699997	80,000000	1,339480E-1
2013,491335	79,699997	80,000000	1,339480E-1
2013,491335	79,699997	80,000000	1,339480E-1
2013,491335	79,699997	80,000000	1,339480E-1
2013,491335	79,699997	80,000000	1,339480E-1
2013,491335	79,699997	80,000000	1,339480E-1
2014,490731	79,699997	80,000000	1,339480E-1
2014,490731	79,699997	80,000000	1,339480E-1
2014,490731	79,699997	80,000000	1,339480E-1
2014,490731	80,000000	80,000000	1,339480E-1
2014,490731	80,000000	80,000000	1,339480E-1
2014,490731	80,000000	80,000000	1,339480E-1
2014,490731	80,000000	80,000000	1,339480E-1
2014,490731	80,000000	80,000000	1,339480E-1
2014,490731	80,000000	80,000000	1,339480E-1
2014,490731	80,000000	80,000000	1,339480E-1
2015,491182	80,000000	80,000000	1,339480E-1
2015,491182	80,000000	80,000000	1,339480E-1
2015,491182	80,000000	80,000000	1,339480E-1
2015,491182	80,000000	80,000000	1,339480E-1
2015,491182	80,000000	80,000000	1,339480E-1
2015,491182	80,000000	80,000000	1,339480E-1
2015,491182	80,000000	80,000000	1,339480E-1
2015,491182	80,000000	80,000000	1,339480E-1
2015,491182	80,000000	80,000000	1,339480E-1
2015,491182	80,000000	80,000000	1,338724E-1
2016,490783	80,000000	80,000000	1,338724E-1
2016,490783	79,900002	80,000000	1,338724E-1
2016,490783	79,900002	80,000000	1,338724E-1
2016,490783	79,900002	80,000000	1,338724E-1
2016,490783	79,900002	80,000000	1,338724E-1
2016,490783	79,900002	80,000000	1,338724E-1
2016,490783	79,900002	80,000000	1,338724E-1
2016,490783	79,900002	80,000000	1,338724E-1
2016,490783	79,900002	80,000000	1,338724E-1
2016,490783	79,900002	80,000000	1,338724E-1
2017,491090	79,900002	80,000000	1,338724E-1
2017,491090	79,900002	80,000000	1,338724E-1
2017,491090	79,900002	80,000000	1,338724E-1
2017,491090	79,900002	80,000000	1,338724E-1
2017,491090	79,900002	80,000000	1,338724E-1
2017,491090	79,900002	80,000000	1,338724E-1
2017,491090	79,900002	80,000000	1,338992E-1
2017,491090	79,900002	80,000000	1,338992E-1
2017,491090	79,899994	80,000000	1,338992E-1
2017,491090	79,899994	80,000000	1,339008E-1
2018,490538	79,899994	80,000000	1,339008E-1
2018,490538	80,000000	80,000000	1,338756E-1
2018,490538	80,000000	80,000000	1,338756E-1
2018,490538	80,000000	80,000000	1,338756E-1
2018,490538	80,000000	80,000000	1,338756E-1
2018,490538	80,000000	80,000000	1,338756E-1
2018,490538	80,000000	80,000000	1,338756E-1
2018,490538	80,000000	80,000000	1,338756E-1
2018,490538	80,000000	80,000000	1,338756E-1
2018,490538	80,000000	80,000000	1,338756E-1
2019,490987	80,000000	80,000000	1,338756E-1
2019,490987	80,000000	80,000000	1,338756E-1
2019,490987	80,000000	80,000000	1,338756E-1
2019,490987	80,000000	80,000000	1,338756E-1
2019,490987	80,000000	80,000000	1,338756E-1
2019,490987	80,000000	80,000000	1,338756E-1
2019,490987	80,100006	80,000000	1,338488E-1
2019,490987	80,100006	80,000000	1,338472E-1
2019,490987	80,100006	80,000000	1,338456E-1
2019,490987	80,100006	80,000000	1,338456E-1
2020,490376	80,100006	80,000000	1,338440E-1
2020,490376	80,100006	80,000000	1,338424E-1
2020,490376	80,100006	80,000000	1,338408E-1
2020,490376	80,100006	80,000000	1,338392E-1
2020,490376	80,000000	80,000000	1,338392E-1
2020,490376	80,000000	80,000000	1,338644E-1
2020,490376	80,000000	80,000000	1,338644E-1
2020,490376	80,000000	80,000000	1,338644E-1
2020,490376	80,000000	80,000000	1,338644E-1
2020,490376	80,000000	80,000000	1,338644E-1
2021,490851	80,000000	80,000000	1,338644E-1
2021,490851	80,000000	80,000000	1,338644E-1
2021,490851	80,000000	80,000000	1,338644E-1
2021,490851	80,000000	80,000000	1,338644E-1
2021,490851	80,000000	80,000000	1,338644E-1
2021,490851	80,300003	80,000000	1,338644E-1
2021,490851	80,300003	80,000000	1,337839E-1
2021,490851	80,300003	80,000000	1,337791E-1
2021,490851	80,300003	80,000000	1,337791E-1
2021,490851	80,300003	80,000000	1,337743E-1
2022,491259	80,300003	80,000000	1,337695E-1
2022,491259	80,300003	80,000000	1,337695E-1
2022,491259	80,300003	80,000000	1,337647E-1
2022,491259	80,300003	80,000000	1,337647E-1
2022,491259	80,300003	80,000000	1,337599E-1
2022,491259	79,699997	80,000000	1,337599E-1
2022,491259	79,699997	80,000000	1,339159E-1
2022,491259	79,699997	80,000000	1,339207E-1
2022,491259	79,699997	80,000000	1,339207E-1
2022,491259	79,699997	80,000000	1,339255E-1
2023,490678	79,699997	80,000000	1,339303E-1
2023,490678	79,699997	80,000000	1,339351E-1
2023,490678	79,699997	80,000000	1,339400E-1
2023,490678	79,699997	80,000000	1,339400E-1
2023,490678	79,699997	80,000000	1,339448E-1
2023,490678	79,699997	80,000000	1,339496E-1
2023,490678	79,699997	80,000000	1,339496E-1
2023,490678	79,699997	80,000000	1,339544E-1
2023,490678	79,699997	80,000000	1,339544E-1
2023,490678	80,100006	80,000000	1,338520E-1
2024,492179	80,100006	80,000000	1,338520E-1
2024,492179	80,100006	80,000000	1,338520E-1
2024,492179	80,100006	80,000000	1,338504E-1
2024,492179	80,100006	80,000000	1,338488E-1
2024,492179	80,100006	80,000000	1,338472E-1
2024,492179	80,100006	80,000000	1,338456E-1
2024,492179	80,100006	80,000000	1,338440E-1
2024,492179	80,100006	80,000000	1,338440E-1
2024,492179	80,100006	80,000000	1,338424E-1
2024,492179	80,100006	80,000000	1,338424E-1
2025,491514	80,300003	80,000000	1,338408E-1
2025,491514	80,300003	80,000000	1,337856E-1
2025,491514	80,300003	80,000000	1,337856E-1
2025,491514	80,300003	80,000000	1,337807E-1
2025,491514	80,300003	80,000000	1,337807E-1
2025,491514	80,300003	80,000000	1,337759E-1
2025,491514	80,300003	80,000000	1,337711E-1
2025,491514	80,300003	80,000000	1,337663E-1
2025,491514	80,300003	80,000000	1,337663E-1
2025,491514	79,800003	80,000000	1,337615E-1
2026,491430	79,800003	80,000000	1,338907E-1
2026,491430	79,800003	80,000000	1,338907E-1
2026,491430	79,800003	80,000000	1,338939E-1
2026,491430	79,800003	80,000000	1,338971E-1
2026,491430	79,800003	80,000000	1,338971E-1
2026,491430	79,800003	80,000000	1,339003E-1
2026,491430	79,800003	80,000000	1,339035E-1
2026,491430	79,800003	80,000000	1,339035E-1
2026,491430	79,800003	80,000000	1,339067E-1
2026,491430	79,800003	80,000000	1,339067E-1
2027,491885	80,000000	80,000000	1,339067E-1
2027,491885	80,000000	80,000000	1,338563E-1
2027,491885	80,000000	80,000000	1,338563E-1
2027,491885	80,000000	80,000000	1,338563E-1
2027,491885	80,000000	80,000000	1,338563E-1
2027,491885	80,000000	80,000000	1,338563E-1
2027,491885	80,000000	80,000000	1,338563E-1
2027,491885	80,000000	80,000000	1,338563E-1
2027,491885	80,099998	80,000000	1,338563E-1
2027,491885	80,099998	80,000000	1,338563E-1
2028,492275	80,099998	80,000000	1,338295E-1
2028,492275	80,099998	80,000000	1,338279E-1
2028,492275	80,099998	80,000000	1,338279E-1
2028,492275	80,099998	80,000000	1,338279E-1
2028,492275	80,099998	80,000000	1,338263E-1
2028,492275	80,099998	80,000000	1,338263E-1
2028,492275	80,099998	80,000000	1,338247E-1
2028,492275	80,099998	80,000000	1,338231E-1
2028,492275	80,099998	80,000000	1,338215E-1
2028,492275	80,099998	80,000000	1,338199E-1
2029,491759	80,099998	80,000000	1,338199E-1
2029,491759	80,099998	80,000000	1,338183E-1
2029,491759	79,800003	80,000000	1,338183E-1
2029,491759	79,800003	80,000000	1,338971E-1
2029,491759	79,800003	80,000000	1,339003E-1
2029,491759	79,800003	80,000000	1,339003E-1
2029,491759	79,800003	80,000000	1,339035E-1
2029,491759	79,800003	80,000000	1,339067E-1
2029,491759	79,800003	80,000000	1,339067E-1
2029,491759	79,800003	80,000000	1,339067E-1
2030,492087	79,800003	80,000000	1,339099E-1
2030,492087	79,800003	80,000000	1,339099E-1
2030,492087	79,800003	80,000000	1,339131E-1
2030,492087	79,800003	80,000000	1,339131E-1
2030,492087	79,899994	80,000000	1,339164E-1
2030,492087	79,899994	80,000000	1,338928E-1
2030,492087	79,899994	80,000000	1,338928E-1
2030,492087	79,899994	80,000000	1,338944E-1
2030,492087	79,899994	80,000000	1,338960E-1
2030,492087	79,899994	80,000000	1,338976E-1
2031,491517	79,899994	80,000000	1,338976E-1
2031,491517	79,899994	80,000000	1,338992E-1
2031,491517	79,899994	80,000000	1,338992E-1
2031,491517	80,000000	80,000000	1,339008E-1
2031,491517	80,000000	80,000000	1,339008E-1
2031,491517	80,000000	80,000000	1,339008E-1
2031,491517	80,000000	80,000000	1,338756E-1
2031,491517	80,000000	80,000000	1,338756E-1
2031,491517	80,000000	80,000000	1,338756E-1
2031,491517	80,000000	80,000000	1,338756E-1
2032,491619	80,000000	80,000000	1,338756E-1
2032,491619	80,000000	80,000000	1,338756E-1
2032,491619	80,000000	80,000000	1,338756E-1
2032,491619	80,099998	80,000000	1,338756E-1
2032,491619	80,099998	80,000000	1,338488E-1
2032,491619	80,099998	80,000000	1,338472E-1
2032,491619	80,099998	80,000000	1,338456E-1
2032,491619	80,099998	80,000000	1,338456E-1
2032,491619	80,099998	80,000000	1,338440E-1
2032,491619	80,099998	80,000000	1,338440E-1
2033,493082	80,099998	80,000000	1,338440E-1
2033,493082	80,099998	80,000000	1,338424E-1
2033,493082	80,099998	80,000000	1,338424E-1
2033,493082	80,000000	80,000000	1,338408E-1
2033,493082	80,000000	80,000000	1,338660E-1
2033,493082	80,000000	80,000000	1,338660E-1
2033,493082	80,000000	80,000000	1,338660E-1
2033,493082	80,000000	80,000000	1,338660E-1
2033,493082	80,000000	80,000000	1,338660E-1
2033,493082	80,000000	80,000000	1,338660E-1
2034,492480	80,000000	80,000000	1,338660E-1
2034,492480	80,000000	80,000000	1,338660E-1
2034,492480	80,000000	80,000000	1,338660E-1
2034,492480	80,000000	80,000000	1,338660E-1
2034,492480	80,000000	80,000000	1,338660E-1
2034,492480	80,000000	80,000000	1,338660E-1
2034,492480	80,000000	80,000000	1,338660E-1
2034,492480	80,000000	80,000000	1,338660E-1
2034,492480	80,000000	80,000000	1,338660E-1
2034,492480	80,000000	80,000000	1,338660E-1
2035,493946	80,000000	80,000000	1,338660E-1
2035,493946	80,000000	80,000000	1,338660E-1
2035,493946	80,000000	80,000000	1,338660E-1
2035,493946	80,000000	80,000000	1,338660E-1
2035,493946	80,000000	80,000000	1,338660E-1
2035,493946	80,000000	80,000000	1,338660E-1
2035,493946	80,000000	80,000000	1,338660E-1
2035,493946	80,000000	80,000000	1,338660E-1
2035,493946	80,000000	80,000000	1,338660E-1
2035,493946	80,000000	80,000000	1,338660E-1
2036,493519	80,000000	80,000000	1,338660E-1
2036,493519	80,000000	80,000000	1,338660E-1
2036,493519	80,000000	80,000000	1,338660E-1
2036,493519	80,000000	80,000000	1,338660E-1
2036,493519	80,000000	80,000000	1,338660E-1
2036,493519	80,000000	80,000000	1,338660E-1
2036,493519	80,000000	80,000000	1,338660E-1
2036,493519	80,000000	80,000000	1,338660E-1
2036,493519	80,000000	80,000000	1,338660E-1
2036,493519	80,000000	80,000000	1,338660E-1
2037,494000	80,000000	80,000000	1,338660E-1
2037,494000	80,000000	80,000000	1,338660E-1
2037,494000	80,000000	80,000000	1,338660E-1
2037,494000	80,000000	80,000000	1,338660E-1
2037,494000	80,000000	80,000000	1,338660E-1
2037,494000	80,000000	80,000000	1,338660E-1
2037,494000	80,000000	80,000000	1,338660E-1
2037,494000	80,000000	80,000000	1,338660E-1
2037,494000	80,000000	80,000000	1,338660E-1
2037,494000	80,000000	80,000000	1,338660E-1
2038,494420	80,000000	80,000000	1,338660E-1
2038,494420	80,000000	80,000000	1,338660E-1
2038,494420	80,000000	80,000000	1,338660E-1
2038,494420	80,000000	80,000000	1,338660E-1
2038,494420	80,000000	80,000000	1,338660E-1
2038,494420	80,000000	80,000000	1,338660E-1
2038,494420	80,000000	80,000000	1,338660E-1
2038,494420	80,000000	80,000000	1,338660E-1
2038,494420	80,000000	80,000000	1,338660E-1
2038,494420	80,000000	80,000000	1,338660E-1
2039,494839	80,000000	80,000000	1,338660E-1
2039,494839	80,000000	80,000000	1,338660E-1
2039,494839	79,900002	80,000000	1,338660E-1
2039,494839	79,900002	80,000000	1,338660E-1
2039,494839	79,900002	80,000000	1,338660E-1
2039,494839	79,900002	80,000000	1,338660E-1
2039,494839	79,900002	80,000000	1,338660E-1
2039,494839	79,900002	80,000000	1,338660E-1
2039,494839	79,900002	80,000000	1,338660E-1
2039,494839	79,900002	80,000000	1,338660E-1
2040,495256	79,900002	80,000000	1,338660E-1
2040,495256	79,900002	80,000000	1,338660E-1
2040,495256	79,900002	80,000000	1,338660E-1
2040,495256	79,900002	80,000000	1,338660E-1
2040,495256	79,900002	80,000000	1,338660E-1
2040,495256	79,900002	80,000000	1,338660E-1
2040,495256	79,900002	80,000000	1,338660E-1
2040,495256	79,900002	80,000000	1,338928E-1
2040,495256	79,900002	80,000000	1,338928E-1
2040,495256	79,900002	80,000000	1,338928E-1
2041,494682	79,900002	80,000000	1,338928E-1
2041,494682	79,900002	80,000000	1,338928E-1
2041,494682	79,900002	80,000000	1,338928E-1
2041,494682	79,900002	80,000000	1,338928E-1
2041,494682	79,900002	80,000000	1,338928E-1
2041,494682	79,900002	80,000000	1,338928E-1
2041,494682	79,900002	80,000000	1,338928E-1
2041,494682	79,900002	80,000000	1,338928E-1
2041,494682	79,900002	80,000000	1,338928E-1
2041,494682	79,900002	80,000000	1,338928E-1
2042,495140	79,900002	80,000000	1,338928E-1
2042,495140	79,900002	80,000000	1,338928E-1
2042,495140	79,900002	80,000000	1,338928E-1
2042,495140	79,900002	80,000000	1,338928E-1
2042,495140	79,900002	80,000000	1,338928E-1
2042,495140	80,100006	80,000000	1,338944E-1
2042,495140	80,100006	80,000000	1,338944E-1
2042,495140	80,100006	80,000000	1,338944E-1
2042,495140	80,100006	80,000000	1,338944E-1
2042,495140	80,100006	80,000000	1,338944E-1
2043,494532	80,100006	80,000000	1,338944E-1
2043,494532	80,100006	80,000000	1,338944E-1
2043,494532	80,100006	80,000000	1,338944E-1
2043,494532	80,100006	80,000000	1,338944E-1
2043,494532	80,100006	80,000000	1,338944E-1
2043,494532	80,100006	80,000000	1,338944E-1
2043,494532	80,100006	80,000000	1,338944E-1
2043,494532	80,100006	80,000000	1,338944E-1
2043,494532	80,100006	80,000000	1,338944E-1
2043,494532	80,100006	80,000000	1,338944E-1
2044,495942	80,100006	80,000000	1,338944E-1
2044,495942	80,100006	80,000000	1,338944E-1
2044,495942	80,100006	80,000000	1,338424E-1
2044,495942	80,100006	80,000000	1,338424E-1
2044,495942	80,100006	80,000000	1,338424E-1
2044,495942	80,100006	80,000000	1,338424E-1
2044,495942	80,100006	80,000000	1,338424E-1
2044,495942	80,100006	80,000000	1,338424E-1
2044,495942	80,100006	80,000000	1,338424E-1
2044,495942	80,100006	80,000000	1,338424E-1
2045,496382	80,100006	80,000000	1,338424E-1
2045,496382	80,100006	80,000000	1,338424E-1
2045,496382	80,100006	80,000000	1,338424E-1
2045,496382	80,100006	80,000000	1,338424E-1
2045,496382	80,100006	80,000000	1,338424E-1
2045,496382	80,100006	80,000000	1,338424E-1
2045,496382	80,100006	80,000000	1,338424E-1
2045,496382	80,100006	80,000000	1,338424E-1
2045,496382	80,100006	80,000000	1,338424E-1
2045,496382	80,100006	80,000000	1,338424E-1
2046,496784	80,100006	80,000000	1,338408E-1
2046,496784	80,099998	80,000000	1,338408E-1
2046,496784	80,099998	80,000000	1,338408E-1
2046,496784	80,099998	80,000000	1,338408E-1
2046,496784	80,099998	80,000000	1,338408E-1
2046,496784	80,099998	80,000000	1,338408E-1
2046,496784	80,099998	80,000000	1,338408E-1
2046,496784	80,099998	80,000000	1,338408E-1
2046,496784	80,099998	80,000000	1,338408E-1
2046,496784	80,099998	80,000000	1,338408E-1
2047,497230	80,099998	80,000000	1,338408E-1
2047,497230	80,099998	80,000000	1,338408E-1
2047,497230	80,099998	80,000000	1,338408E-1
2047,497230	80,099998	80,000000	1,338408E-1
2047,497230	80,099998	80,000000	1,338408E-1
2047,497230	80,099998	80,000000	1,338408E-1
2047,497230	80,099998	80,000000	1,338408E-1
2047,497230	80,099998	80,000000	1,338392E-1
2047,497230	80,099998	80,000000	1,338392E-1
2047,497230	80,099998	80,000000	1,338392E-1
2048,496604	80,100006	80,000000	1,338376E-1
2048,496604	80,100006	80,000000	1,338376E-1
2048,496604	80,100006	80,000000	1,338376E-1
2048,496604	80,100006	80,000000	1,338359E-1
2048,496604	80,100006	80,000000	1,338359E-1
2048,496604	79,900002	80,000000	1,338343E-1
2048,496604	79,900002	80,000000	1,338863E-1
2048,496604	79,900002	80,000000	1,338863E-1
2048,496604	79,900002	80,000000	1,338879E-1
2048,496604	79,900002	80,000000	1,338896E-1
2049,497053	79,900002	80,000000	1,338912E-1
2049,497053	79,900002	80,000000	1,338928E-1
2049,497053	79,900002	80,000000	1,338928E-1
2049,497053	79,900002	80,000000	1,338944E-1
2049,497053	79,900002	80,000000	1,338960E-1
2049,497053	79,900002	80,000000	1,338976E-1
2049,497053	79,900002	80,000000	1,338976E-1
2049,497053	79,900002	80,000000	1,338976E-1
2049,497053	79,900002	80,000000	1,338992E-1
2049,497053	79,900002	80,000000	1,338992E-1
2050,497538	79,900002	80,000000	1,339008E-1
2050,497538	80,300003	80,000000	1,339024E-1
2050,497538	80,300003	80,000000	1,337968E-1
2050,497538	80,300003	80,000000	1,337920E-1
2050,497538	80,300003	80,000000	1,337872E-1
2050,497538	80,300003	80,000000	1,337823E-1
2050,497538	80,300003	80,000000	1,337823E-1
2050,497538	80,300003	80,000000	1,337775E-1
2050,497538	80,300003	80,000000	1,337727E-1
2050,497538	80,300003	80,000000	1,337679E-1
2051,498928	80,300003	80,000000	1,337679E-1
2051,498928	80,300003	80,000000	1,337679E-1
2051,498928	80,300003	80,000000	1,337631E-1
2051,498928	80,000000	80,000000	1,337631E-1
2051,498928	80,000000	80,000000	1,338387E-1
2051,498928	80,000000	80,000000	1,338387E-1
2051,498928	80,000000	80,000000	1,338387E-1
2051,498928	80,000000	80,000000	1,338387E-1
2051,498928	80,000000	80,000000	1,338387E-1
2051,498928	80,000000	80,000000	1,338387E-1
2052,498340	80,000000	80,000000	1,338387E-1
2052,498340	80,000000	80,000000	1,338387E-1
2052,498340	79,699997	80,000000	1,338387E-1
2052,498340	79,699997	80,000000	1,339191E-1
2052,498340	79,699997	80,000000	1,339191E-1
2052,498340	79,699997	80,000000	1,339239E-1
2052,498340	79,699997	80,000000	1,339239E-1
2052,498340	79,699997	80,000000	1,339287E-1
2052,498340	79,699997	80,000000	1,339287E-1
2052,498340	79,699997	80,000000	1,339335E-1
2053,498823	79,699997	80,000000	1,339383E-1
2053,498823	79,699997	80,000000	1,339383E-1
2053,498823	79,699997	80,000000	1,339432E-1
2053,498823	79,900002	80,000000	1,339480E-1
2053,498823	79,900002	80,000000	1,339480E-1
2053,498823	79,900002	80,000000	1,338992E-1
2053,498823	79,900002	80,000000	1,339008E-1
2053,498823	79,900002	80,000000	1,339024E-1
2053,498823	79,900002	80,000000	1,339024E-1
2053,498823	79,900002	80,000000	1,339040E-1
2054,499187	79,900002	80,000000	1,339056E-1
2054,499187	79,900002	80,000000	1,339056E-1
2054,499187	79,900002	80,000000	1,339056E-1
2054,499187	80,000000	80,000000	1,339072E-1
2054,499187	80,000000	80,000000	1,339072E-1
2054,499187	80,000000	80,000000	1,338820E-1
2054,499187	80,000000	80,000000	1,338820E-1
2054,499187	80,000000	80,000000	1,338820E-1
2054,499187	80,000000	80,000000	1,338820E-1
2054,499187	80,000000	80,000000	1,338820E-1
2054,499187	80,000000	80,000000	1,338820E-1
2055,499616	80,000000	80,000000	1,338820E-1
2055,499616	80,000000	80,000000	1,338820E-1
2055,499616	80,000000	80,000000	1,338820E-1
2055,499616	80,000000	80,000000	1,338820E-1
2055,499616	80,000000	80,000000	1,338820E-1
2055,499616	80,000000	80,000000	1,338820E-1
2055,499616	80,000000	80,000000	1,338820E-1
2055,499616	80,000000	80,000000	1,338820E-1
2055,499616	80,000000	80,000000	1,338820E-1
2055,499616	80,000000	80,000000	1,338820E-1
2056,500035	80,000000	80,000000	1,338820E-1
2056,500035	80,000000	80,000000	1,338820E-1
2056,500035	80,000000	80,000000	1,338820E-1
2056,500035	80,000000	80,000000	1,338820E-1
2056,500035	80,000000	80,000000	1,338820E-1
2056,500035	80,000000	80,000000	1,338820E-1
2056,500035	80,000000	80,000000	1,338820E-1
2056,500035	79,899994	80,000000	1,338820E-1
2056,500035	79,899994	80,000000	1,339088E-1
2056,500035	79,899994	80,000000	1,339088E-1
2057,499445	79,899994	80,000000	1,339104E-1
2057,499445	79,899994	80,000000	1,339104E-1
2057,499445	79,899994	80,000000	1,339120E-1
2057,499445	79,899994	80,000000	1,339136E-1
2057,499445	79,899994	80,000000	1,339136E-1
2057,499445	79,899994	80,000000	1,339152E-1
2057,499445	80,300003	80,000000	1,339168E-1
2057,499445	80,300003	80,000000	1,338112E-1
2057,499445	80,300003	80,000000	1,338064E-1
2057,499445	80,300003	80,000000	1,338064E-1
2058,500962	80,300003	80,000000	1,338016E-1
2058,500962	80,300003	80,000000	1,337968E-1
2058,500962	80,300003	80,000000	1,337920E-1
2058,500962	80,300003	80,000000	1,337872E-1
2058,500962	80,300003	80,000000	1,337872E-1
2058,500962	80,300003	80,000000	1,337872E-1
2058,500962	80,300003	80,000000	1,337872E-1
2058,500962	80,300003	80,000000	1,337872E-1
2058,500962	79,699997	80,000000	1,337823E-1
2058,500962	79,699997	80,000000	1,337823E-1
2059,502359	79,699997	80,000000	1,337823E-1
2059,502359	79,699997	80,000000	1,337823E-1
2059,502359	79,699997	80,000000	1,337823E-1
2059,502359	79,699997	80,000000	1,337823E-1
2059,502359	79,699997	80,000000	1,337823E-1
2059,502359	79,699997	80,000000	1,337823E-1
2059,502359	79,699997	80,000000	1,337823E-1
2059,502359	79,699997	80,000000	1,337823E-1
2059,502359	79,699997	80,000000	1,337823E-1
2059,502359	79,699997	80,000000	1,337823E-1
2060,501779	79,699997	80,000000	1,337823E-1
2060,501779	79,699997	80,000000	1,337823E-1
2060,501779	79,699997	80,000000	1,337823E-1
2060,501779	79,699997	80,000000	1,337823E-1
2060,501779	79,699997	80,000000	1,337823E-1
2060,501779	79,699997	80,000000	1,337823E-1
2060,501779	79,699997	80,000000	1,337823E-1
2060,501779	79,699997	80,000000	1,337823E-1
2060,501779	79,699997	80,000000	1,337823E-1
2060,501779	79,699997	80,000000	1,337823E-1
2061,503219	79,699997	80,000000	1,337823E-1
2061,503219	79,699997	80,000000	1,337823E-1
2061,503219	79,699997	80,000000	1,339383E-1
2061,503219	79,699997	80,000000	1,339383E-1
2061,503219	79,699997	80,000000	1,339383E-1
2061,503219	79,699997	80,000000	1,339383E-1
2061,503219	79,699997	80,000000	1,339383E-1
2061,503219	79,699997	80,000000	1,339383E-1
2061,503219	79,699997	80,000000	1,339383E-1
2061,503219	79,699997	80,000000	1,339383E-1
2062,502640	79,699997	80,000000	1,339383E-1
2062,502640	79,699997	80,000000	1,339383E-1
2062,502640	79,699997	80,000000	1,339383E-1
2062,502640	79,699997	80,000000	1,339383E-1
2062,502640	79,699997	80,000000	1,339383E-1
2062,502640	79,699997	80,000000	1,339383E-1
2062,502640	79,699997	80,000000	1,339383E-1
2062,502640	79,699997	80,000000	1,339383E-1
2062,502640	79,699997	80,000000	1,339383E-1
2062,502640	79,699997	80,000000	1,339383E-1
2063,503107	79,699997	80,000000	1,339432E-1
2063,503107	79,699997	80,000000	1,339432E-1
2063,503107	79,699997	80,000000	1,339432E-1
2063,503107	79,699997	80,000000	1,339432E-1
2063,503107	79,699997	80,000000	1,339432E-1
2063,503107	79,699997	80,000000	1,339432E-1
2063,503107	79,699997	80,000000	1,339432E-1
2063,503107	79,699997	80,000000	1,339432E-1
2063,503107	79,699997	80,000000	1,339432E-1
2063,503107	79,699997	80,000000	1,339432E-1
2064,502476	79,699997	80,000000	1,339432E-1
2064,502476	79,699997	80,000000	1,339432E-1
2064,502476	79,699997	80,000000	1,339432E-1
2064,502476	79,699997	80,000000	1,339432E-1
2064,502476	79,699997	80,000000	1,339432E-1
2064,502476	79,699997	80,000000	1,339432E-1
2064,502476	79,699997	80,000000	1,339432E-1
2064,502476	79,699997	80,000000	1,339432E-1
2064,502476	79,699997	80,000000	1,339480E-1
2064,502476	79,699997	80,000000	1,339480E-1
2065,503965	79,699997	80,000000	1,339480E-1
2065,503965	79,699997	80,000000	1,339480E-1
2065,503965	79,699997	80,000000	1,339480E-1
2065,503965	79,699997	80,000000	1,339480E-1
2065,503965	79,699997	80,000000	1,339480E-1
2065,503965	79,699997	80,000000	1,339480E-1
2065,503965	79,699997	80,000000	1,339480E-1
2065,503965	79,699997	80,000000	1,339480E-1
2065,503965	79,699997	80,000000	1,339480E-1
2065,503965	79,699997	80,000000	1,339480E-1
2066,504332	79,699997	80,000000	1,339480E-1
2066,504332	79,699997	80,000000	1,339480E-1
2066,504332	79,699997	80,000000	1,339480E-1
2066,504332	79,699997	80,000000	1,339480E-1
2066,504332	79,699997	80,000000	1,339480E-1
2066,504332	80,199997	80,000000	1,339528E-1
2066,504332	80,199997	80,000000	1,339528E-1
2066,504332	80,199997	80,000000	1,339528E-1
2066,504332	80,199997	80,000000	1,339528E-1
2066,504332	80,199997	80,000000	1,339528E-1
2067,504811	80,199997	80,000000	1,339528E-1
2067,504811	80,199997	80,000000	1,339528E-1
2067,504811	80,199997	80,000000	1,339528E-1
2067,504811	80,199997	80,000000	1,339528E-1
2067,504811	80,199997	80,000000	1,339528E-1
2067,504811	80,199997	80,000000	1,339528E-1
2067,504811	80,199997	80,000000	1,339528E-1
2067,504811	80,199997	80,000000	1,339528E-1
2067,504811	80,199997	80,000000	1,339528E-1
2067,504811	80,199997	80,000000	1,339528E-1
2068,504731	80,199997	80,000000	1,339528E-1
2068,504731	80,199997	80,000000	1,339528E-1
2068,504731	80,199997	80,000000	1,339528E-1
2068,504731	80,400002	80,000000	1,338236E-1
2068,504731	80,400002	80,000000	1,338236E-1
2068,504731	80,400002	80,000000	1,338236E-1
2068,504731	80,400002	80,000000	1,338236E-1
2068,504731	80,400002	80,000000	1,338236E-1
2068,504731	80,400002	80,000000	1,338236E-1
2068,504731	80,400002	80,000000	1,338236E-1
2069,506162	80,400002	80,000000	1,338236E-1
2069,506162	80,400002	80,000000	1,338236E-1
2069,506162	80,400002	80,000000	1,338236E-1
2069,506162	80,400002	80,000000	1,338236E-1
2069,506162	80,400002	80,000000	1,338236E-1
2069,506162	80,400002	80,000000	1,338236E-1
2069,506162	80,400002	80,000000	1,338236E-1
2069,506162	80,400002	80,000000	1,338236E-1
2069,506162	80,400002	80,000000	1,338236E-1
2069,506162	80,400002	80,000000	1,338236E-1
2070,505567	80,400002	80,000000	1,337668E-1
2070,505567	80,400002	80,000000	1,337668E-1
2070,505567	80,400002	80,000000	1,337668E-1
2070,505567	80,100006	80,000000	1,338408E-1
2070,505567	80,100006	80,000000	1,338408E-1
2070,505567	80,100006	80,000000	1,338408E-1
2070,505567	80,100006	80,000000	1,338392E-1
2070,505567	80,000000	80,000000	1,338644E-1
2070,505567	80,000000	80,000000	1,338644E-1
2070,505567	80,000000	80,000000	1,338644E-1
2071,507034	80,000000	80,000000	1,338644E-1
2071,507034	80,000000	80,000000	1,338644E-1
2071,507034	80,000000	80,000000	1,338644E-1
2071,507034	80,000000	80,000000	1,338644E-1
2071,507034	80,000000	80,000000	1,338644E-1
2071,507034	80,000000	80,000000	1,338644E-1
2071,507034	80,000000	80,000000	1,338644E-1
2071,507034	80,000000	80,000000	1,338644E-1
2071,507034	80,199997	80,000000	1,338644E-1
2071,507034	80,199997	80,000000	1,338644E-1
2072,506393	80,199997	80,000000	1,338108E-1
2072,506393	80,199997	80,000000	1,338108E-1
2072,506393	80,199997	80,000000	1,338075E-1
2072,506393	80,199997	80,000000	1,338075E-1
2072,506393	80,199997	80,000000	1,338043E-1
2072,506393	80,199997	80,000000	1,338011E-1
2072,506393	80,199997	80,000000	1,338011E-1
2072,506393	80,199997	80,000000	1,337979E-1
2072,506393	79,899994	80,000000	1,337947E-1
2072,506393	79,899994	80,000000	1,338719E-1
2073,506806	79,899994	80,000000	1,338719E-1
2073,506806	79,899994	80,000000	1,338735E-1
2073,506806	79,899994	80,000000	1,338751E-1
2073,506806	79,899994	80,000000	1,338751E-1
2073,506806	79,899994	80,000000	1,338751E-1
2073,506806	79,899994	80,000000	1,338767E-1
2073,506806	79,899994	80,000000	1,338767E-1
2073,506806	79,899994	80,000000	1,338783E-1
2073,506806	79,800003	80,000000	1,338799E-1
2073,506806	79,800003	80,000000	1,339083E-1
2074,507240	79,800003	80,000000	1,339083E-1
2074,507240	79,800003	80,000000	1,339115E-1
2074,507240	79,800003	80,000000	1,339148E-1
2074,507240	79,800003	80,000000	1,339180E-1
2074,507240	79,800003	80,000000	1,339180E-1
2074,507240	79,800003	80,000000	1,339212E-1
2074,507240	79,800003	80,000000	1,339244E-1
2074,507240	79,800003	80,000000	1,339244E-1
2074,507240	79,900002	80,000000	1,339276E-1
2074,507240	79,900002	80,000000	1,339276E-1
2075,507717	79,900002	80,000000	1,339040E-1
2075,507717	79,900002	80,000000	1,339040E-1
2075,507717	79,900002	80,000000	1,339040E-1
2075,507717	79,900002	80,000000	1,339056E-1
2075,507717	79,900002	80,000000	1,339072E-1
2075,507717	79,900002	80,000000	1,339072E-1
2075,507717	79,900002	80,000000	1,339088E-1
2075,507717	79,900002	80,000000	1,339104E-1
2075,507717	79,900002	80,000000	1,339120E-1
2075,507717	80,000000	80,000000	1,339120E-1
2076,507804	80,000000	80,000000	1,338868E-1
2076,507804	80,000000	80,000000	1,338868E-1
2076,507804	80,000000	80,000000	1,338868E-1
2076,507804	80,000000	80,000000	1,338868E-1
2076,507804	80,000000	80,000000	1,338868E-1
2076,507804	80,000000	80,000000	1,338868E-1
2076,507804	80,000000	80,000000	1,338868E-1
2076,507804	80,000000	80,000000	1,338868E-1
2076,507804	80,000000	80,000000	1,338868E-1
2076,507804	80,000000	80,000000	1,338868E-1
2077,509187	80,000000	80,000000	1,338868E-1
2077,509187	80,000000	80,000000	1,338868E-1
2077,509187	80,000000	80,000000	1,338868E-1
2077,509187	80,000000	80,000000	1,338868E-1
2077,509187	80,000000	80,000000	1,338868E-1
2077,509187	80,000000	80,000000	1,338868E-1
2077,509187	80,000000	80,000000	1,338868E-1
2077,509187	80,000000	80,000000	1,338868E-1
2077,509187	80,000000	80,000000	1,338868E-1
2077,509187	80,000000	80,000000	1,338868E-1
2078,508675	80,000000	80,000000	1,338868E-1
2078,508675	80,000000	80,000000	1,338868E-1
2078,508675	80,000000	80,000000	1,338868E-1
2078,508675	80,000000	80,000000	1,338868E-1
2078,508675	80,000000	80,000000	1,338868E-1
2078,508675	80,000000	80,000000	1,338868E-1
2078,508675	80,000000	80,000000	1,338868E-1
2078,508675	80,000000	80,000000	1,338868E-1
2078,508675	80,000000	80,000000	1,338868E-1
2078,508675	80,000000	80,000000	1,338868E-1
2079,509073	80,000000	80,000000	1,338868E-1
2079,509073	80,000000	80,000000	1,338868E-1
2079,509073	80,000000	80,000000	1,338868E-1
2079,509073	80,000000	80,000000	1,338868E-1
2079,509073	80,000000	80,000000	1,338868E-1
2079,509073	80,000000	80,000000	1,338868E-1
2079,509073	80,000000	80,000000	1,338868E-1
2079,509073	80,000000	80,000000	1,338868E-1
2079,509073	80,000000	80,000000	1,338868E-1
2079,509073	80,000000	80,000000	1,338868E-1
2080,509450	80,000000	80,000000	1,338868E-1
2080,509450	80,000000	80,000000	1,338868E-1
2080,509450	80,000000	80,000000	1,338868E-1
2080,509450	80,000000	80,000000	1,338868E-1
2080,509450	80,000000	80,000000	1,338868E-1
2080,509450	80,000000	80,000000	1,338868E-1
2080,509450	80,000000	80,000000	1,338868E-1
2080,509450	80,000000	80,000000	1,338868E-1
2080,509450	80,000000	80,000000	1,338868E-1
2080,509450	80,000000	80,000000	1,338868E-1
2081,509886	79,800003	80,000000	1,338868E-1
2081,509886	79,800003	80,000000	1,339404E-1
2081,509886	79,800003	80,000000	1,339404E-1
2081,509886	79,800003	80,000000	1,339404E-1
2081,509886	79,800003	80,000000	1,339404E-1
2081,509886	79,800003	80,000000	1,339404E-1
2081,509886	79,800003	80,000000	1,339404E-1
2081,509886	79,800003	80,000000	1,339404E-1
2081,509886	79,800003	80,000000	1,339404E-1
2081,509886	79,800003	80,000000	1,339404E-1
2082,511319	79,800003	80,000000	1,339404E-1
2082,511319	79,800003	80,000000	1,339404E-1
2082,511319	79,800003	80,000000	1,339404E-1
2082,511319	79,800003	80,000000	1,339404E-1
2082,511319	79,800003	80,000000	1,339404E-1
2082,511319	79,800003	80,000000	1,339404E-1
2082,511319	79,800003	80,000000	1,339404E-1
2082,511319	79,800003	80,000000	1,339404E-1
2082,511319	79,800003	80,000000	1,339436E-1
2082,511319	79,800003	80,000000	1,339436E-1
2083,510769	79,800003	80,000000	1,339436E-1
2083,510769	79,800003	80,000000	1,339436E-1
2083,510769	79,800003	80,000000	1,339436E-1
2083,510769	79,800003	80,000000	1,339436E-1
2083,510769	79,800003	80,000000	1,339436E-1
2083,510769	79,800003	80,000000	1,339436E-1
2083,510769	79,800003	80,000000	1,339436E-1
2083,510769	79,800003	80,000000	1,339436E-1
2083,510769	79,800003	80,000000	1,339436E-1
2083,510769	79,800003	80,000000	1,339436E-1
2084,510547	79,800003	80,000000	1,339436E-1
2084,510547	79,800003	80,000000	1,339436E-1
2084,510547	79,800003	80,000000	1,339436E-1
2084,510547	79,800003	80,000000	1,339436E-1
2084,510547	80,099998	80,000000	1,338664E-1
2084,510547	80,099998	80,000000	1,338664E-1
2084,510547	80,099998	80,000000	1,338664E-1
2084,510547	80,099998	80,000000	1,338664E-1
2084,510547	80,099998	80,000000	1,338664E-1
2084,510547	80,099998	80,000000	1,338664E-1
2085,511942	80,099998	80,000000	1,338664E-1
2085,511942	80,099998	80,000000	1,338664E-1
2085,511942	80,099998	80,000000	1,338664E-1
2085,511942	80,099998	80,000000	1,338664E-1
2085,511942	80,099998	80,000000	1,338664E-1
2085,511942	80,099998	80,000000	1,338664E-1
2085,511942	80,099998	80,000000	1,338664E-1
2085,511942	80,099998	80,000000	1,338664E-1
2085,511942	80,099998	80,000000	1,338664E-1
2085,511942	80,099998	80,000000	1,338664E-1
2086,511406	80,099998	80,000000	1,338664E-1
2086,511406	80,099998	80,000000	1,338648E-1
2086,511406	80,099998	80,000000	1,338648E-1
2086,511406	80,099998	80,000000	1,338648E-1
2086,511406	80,099998	80,000000	1,338648E-1
2086,511406	80,099998	80,000000	1,338648E-1
2086,511406	80,099998	80,000000	1,338648E-1
2086,511406	80,099998	80,000000	1,338648E-1
2086,511406	80,099998	80,000000	1,338648E-1
2086,511406	80,099998	80,000000	1,338648E-1
2087,511804	80,099998	80,000000	1,338648E-1
2087,511804	80,099998	80,000000	1,338648E-1
2087,511804	80,099998	80,000000	1,338648E-1
2087,511804	80,099998	80,000000	1,338648E-1
2087,511804	80,099998	80,000000	1,338648E-1
2087,511804	80,099998	80,000000	1,338648E-1
2087,511804	80,099998	80,000000	1,338648E-1
2087,511804	79,899994	80,000000	1,338632E-1
2087,511804	79,899994	80,000000	1,338632E-1
2087,511804	79,899994	80,000000	1,338632E-1
2088,512200	79,899994	80,000000	1,338632E-1
2088,512200	79,899994	80,000000	1,339152E-1
2088,512200	79,899994	80,000000	1,339152E-1
2088,512200	79,899994	80,000000	1,339168E-1
2088,512200	79,800003	80,000000	1,339184E-1
2088,512200	79,800003	80,000000	1,339468E-1
2088,512200	79,800003	80,000000	1,339468E-1
2088,512200	79,800003	80,000000	1,339501E-1
2088,512200	79,800003	80,000000	1,339533E-1
2088,512200	79,800003	80,000000	1,339533E-1
2089,511626	79,800003	80,000000	1,339565E-1
2089,511626	79,800003	80,000000	1,339597E-1
2089,511626	79,800003	80,000000	1,339597E-1
2089,511626	80,100006	80,000000	1,339629E-1
2089,511626	80,100006	80,000000	1,339629E-1
2089,511626	80,100006	80,000000	1,338857E-1
2089,511626	80,100006	80,000000	1,338857E-1
2089,511626	80,100006	80,000000	1,338841E-1
2089,511626	80,100006	80,000000	1,338825E-1
2089,511626	80,100006	80,000000	1,338809E-1
2090,512067	80,100006	80,000000	1,338793E-1
2090,512067	80,100006	80,000000	1,338793E-1
2090,512067	80,100006	80,000000	1,338777E-1
2090,512067	80,100006	80,000000	1,338777E-1
2090,512067	80,199997	80,000000	1,338761E-1
2090,512067	80,199997	80,000000	1,338477E-1
2090,512067	80,199997	80,000000	1,338445E-1
2090,512067	80,199997	80,000000	1,338412E-1
2090,512067	80,199997	80,000000	1,338380E-1
2090,512067	80,199997	80,000000	1,338380E-1
2091,511539	80,199997	80,000000	1,338380E-1
2091,511539	80,199997	80,000000	1,338348E-1
2091,511539	80,199997	80,000000	1,338348E-1
2091,511539	80,199997	80,000000	1,338316E-1
2091,511539	80,199997	80,000000	1,338284E-1
2091,511539	80,000000	80,000000	1,338284E-1
2091,511539	80,000000	80,000000	1,338788E-1
2091,511539	80,000000	80,000000	1,338788E-1
2091,511539	80,000000	80,000000	1,338788E-1
2091,511539	80,000000	80,000000	1,338788E-1
2092,511929	80,000000	80,000000	1,338788E-1
2092,511929	80,000000	80,000000	1,338788E-1
2092,511929	80,000000	80,000000	1,338788E-1
2092,511929	80,000000	80,000000	1,338788E-1
2092,511929	80,000000	80,000000	1,338788E-1
2092,511929	80,000000	80,000000	1,338788E-1
2092,511929	80,000000	80,000000	1,338788E-1
2092,511929	80,099998	80,000000	1,338788E-1
2092,511929	80,099998	80,000000	1,338520E-1
2092,511929	80,099998	80,000000	1,338504E-1
2093,511412	80,099998	80,000000	1,338488E-1
2093,511412	80,099998	80,000000	1,338472E-1
2093,511412	80,099998	80,000000	1,338456E-1
2093,511412	80,099998	80,000000	1,338456E-1
2093,511412	80,099998	80,000000	1,338440E-1
2093,511412	80,099998	80,000000	1,338424E-1
2093,511412	80,099998	80,000000	1,338424E-1
2093,511412	80,000000	80,000000	1,338408E-1
2093,511412	80,000000	80,000000	1,338660E-1
2093,511412	80,000000	80,000000	1,338660E-1
2094,511815	80,000000	80,000000	1,338660E-1
2094,511815	80,000000	80,000000	1,338660E-1
2094,511815	80,000000	80,000000	1,338660E-1
2094,511815	80,000000	80,000000	1,338660E-1
2094,511815	80,000000	80,000000	1,338660E-1
2094,511815	80,000000	80,000000	1,338660E-1
2094,511815	80,000000	80,000000	1,338660E-1
2094,511815	80,000000	80,000000	1,338660E-1
2094,511815	79,800003	80,000000	1,338660E-1
2094,511815	79,800003	80,000000	1,339196E-1
2095,512259	79,800003	80,000000	1,339196E-1
2095,512259	79,800003	80,000000	1,339228E-1
2095,512259	79,800003	80,000000	1,339260E-1
2095,512259	79,800003	80,000000	1,339260E-1
2095,512259	79,800003	80,000000	1,339292E-1
2095,512259	79,800003	80,000000	1,339292E-1
2095,512259	79,800003	80,000000	1,339292E-1
2095,512259	79,800003	80,000000	1,339324E-1
2095,512259	80,099998	80,000000	1,339356E-1
2095,512259	80,099998	80,000000	1,338584E-1
2096,511704	80,099998	80,000000	1,338584E-1
2096,511704	80,099998	80,000000	1,338568E-1
2096,511704	80,099998	80,000000	1,338552E-1
2096,511704	80,099998	80,000000	1,338552E-1
2096,511704	80,099998	80,000000	1,338536E-1
2096,511704	80,099998	80,000000	1,338520E-1
2096,511704	80,099998	80,000000	1,338504E-1
2096,511704	80,099998	80,000000	1,338488E-1
2096,511704	80,099998	80,000000	1,338488E-1
2096,511704	80,099998	80,000000	1,338472E-1
2097,512084	80,099998	80,000000	1,338472E-1
2097,512084	80,000000	80,000000	1,338472E-1
2097,512084	80,000000	80,000000	1,338724E-1
2097,512084	80,000000	80,000000	1,338724E-1
2097,512084	80,000000	80,000000	1,338724E-1
2097,512084	80,000000	80,000000	1,338724E-1
2097,512084	80,000000	80,000000	1,338724E-1
2097,512084	80,000000	80,000000	1,338724E-1
2097,512084	80,000000	80,000000	1,338724E-1
2097,512084	80,000000	80,000000	1,338724E-1
2098,511562	80,000000	80,000000	1,338724E-1
2098,511562	80,000000	80,000000	1,338724E-1
2098,511562	80,000000	80,000000	1,338724E-1
2098,511562	79,800003	80,000000	1,339260E-1
2098,511562	79,800003	80,000000	1,339260E-1
2098,511562	79,800003	80,000000	1,339292E-1
2098,511562	79,800003	80,000000	1,339292E-1
2098,511562	79,800003	80,000000	1,339292E-1
2098,511562	79,800003	80,000000	1,339324E-1
2098,511562	79,800003	80,000000	1,339356E-1
2099,511985	79,800003	80,000000	1,339388E-1
2099,511985	80,000000	80,000000	1,339420E-1
2099,511985	80,000000	80,000000	1,339420E-1
2099,511985	80,000000	80,000000	1,338916E-1
2099,511985	80,000000	80,000000	1,338916E-1
2099,511985	80,000000	80,000000	1,338916E-1
2099,511985	80,000000	80,000000	1,338916E-1
2099,511985	80,000000	80,000000	1,338916E-1
2099,511985	80,000000	80,000000	1,338916E-1
2099,511985	80,000000	80,000000	1,338916E-1
2100,512387	80,000000	80,000000	1,338916E-1
2100,512387	80,000000	80,000000	1,338916E-1
2100,512387	79,900002	80,000000	1,339184E-1
2100,512387	79,900002	80,000000	1,339184E-1
2100,512387	79,900002	80,000000	1,339184E-1
2100,512387	79,900002	80,000000	1,339200E-1
2100,512387	79,900002	80,000000	1,339200E-1
2100,512387	79,900002	80,000000	1,339200E-1
2100,512387	79,900002	80,000000	1,339200E-1
2100,512387	79,900002	80,000000	1,339200E-1
2101,512813	79,900002	80,000000	1,339200E-1
2101,512813	79,900002	80,000000	1,339200E-1
2101,512813	79,900002	80,000000	1,339200E-1
2101,512813	79,900002	80,000000	1,339200E-1
2101,512813	79,900002	80,000000	1,339200E-1
2101,512813	79,900002	80,000000	1,339200E-1
2101,512813	79,900002	80,000000	1,339200E-1
2101,512813	79,900002	80,000000	1,339200E-1
2101,512813	79,900002	80,000000	1,339200E-1
2101,512813	79,900002	80,000000	1,339200E-1
2102,513231	79,900002	80,000000	1,339200E-1
2102,513231	79,900002	80,000000	1,339200E-1
2102,513231	79,900002	80,000000	1,339200E-1
2102,513231	79,900002	80,000000	1,339200E-1
2102,513231	79,900002	80,000000	1,339200E-1
2102,513231	79,900002	80,000000	1,339200E-1
2102,513231	79,900002	80,000000	1,339200E-1
2102,513231	79,900002	80,000000	1,339200E-1
2102,513231	79,900002	80,000000	1,339200E-1
2102,513231	79,900002	80,000000	1,339200E-1
2103,513352	79,900002	80,000000	1,339217E-1
2103,513352	79,900002	80,000000	1,339217E-1
2103,513352	79,900002	80,000000	1,339217E-1
2103,513352	79,900002	80,000000	1,339217E-1
2103,513352	79,900002	80,000000	1,339217E-1
2103,513352	79,900002	80,000000	1,339217E-1
2103,513352	79,900002	80,000000	1,339217E-1
2103,513352	79,900002	80,000000	1,339217E-1
2103,513352	79,900002	80,000000	1,339217E-1
2103,513352	79,900002	80,000000	1,339217E-1
2104,512783	79,900002	80,000000	1,339217E-1
2104,512783	79,900002	80,000000	1,339217E-1
2104,512783	79,900002	80,000000	1,339217E-1
2104,512783	79,900002	80,000000	1,339217E-1
2104,512783	79,900002	80,000000	1,339217E-1
2104,512783	79,900002	80,000000	1,339217E-1
2104,512783	79,900002	80,000000	1,339217E-1
2104,512783	79,699997	80,000000	1,339233E-1
2104,512783	79,699997	80,000000	1,339233E-1
2104,512783	79,699997	80,000000	1,339233E-1
2105,513124	79,699997	80,000000	1,339233E-1
2105,513124	79,699997	80,000000	1,339233E-1
2105,513124	79,699997	80,000000	1,339233E-1
2105,513124	79,699997	80,000000	1,339233E-1
2105,513124	79,699997	80,000000	1,339233E-1
2105,513124	79,699997	80,000000	1,339233E-1
2105,513124	79,699997	80,000000	1,339233E-1
2105,513124	79,699997	80,000000	1,339233E-1
2105,513124	79,699997	80,000000	1,339233E-1
2105,513124	79,699997	80,000000	1,339233E-1
2106,512563	79,699997	80,000000	1,339233E-1
2106,512563	79,699997	80,000000	1,339233E-1
2106,512563	79,699997	80,000000	1,339233E-1
2106,512563	79,699997	80,000000	1,339233E-1
2106,512563	79,699997	80,000000	1,339785E-1
2106,512563	79,699997	80,000000	1,339785E-1
2106,512563	79,699997	80,000000	1,339785E-1
2106,512563	79,699997	80,000000	1,339785E-1
2106,512563	79,699997	80,000000	1,339785E-1
2106,512563	79,699997	80,000000	1,339785E-1
2107,513019	79,699997	80,000000	1,339785E-1
2107,513019	79,699997	80,000000	1,339785E-1
2107,513019	79,699997	80,000000	1,339785E-1
2107,513019	79,699997	80,000000	1,339785E-1
2107,513019	79,699997	80,000000	1,339785E-1
2107,513019	79,699997	80,000000	1,339785E-1
2107,513019	79,699997	80,000000	1,339785E-1
2107,513019	79,699997	80,000000	1,339785E-1
2107,513019	79,699997	80,000000	1,339785E-1
2107,513019	79,699997	80,000000	1,339785E-1
2108,512456	79,699997	80,000000	1,339785E-1
2108,512456	79,699997	80,000000	1,339833E-1
2108,512456	79,800003	80,000000	1,339833E-1
2108,512456	79,800003	80,000000	1,339833E-1
2108,512456	79,800003	80,000000	1,339833E-1
2108,512456	79,800003	80,000000	1,339833E-1
2108,512456	79,800003	80,000000	1,339833E-1
2108,512456	79,800003	80,000000	1,339833E-1
2108,512456	79,800003	80,000000	1,339833E-1
2108,512456	79,800003	80,000000	1,339833E-1
2109,512890	79,800003	80,000000	1,339833E-1
2109,512890	79,800003	80,000000	1,339833E-1
2109,512890	79,800003	80,000000	1,339833E-1
2109,512890	79,800003	80,000000	1,339833E-1
2109,512890	79,800003	80,000000	1,339833E-1
2109,512890	79,800003	80,000000	1,339833E-1
2109,512890	79,800003	80,000000	1,339833E-1
2109,512890	79,800003	80,000000	1,339833E-1
2109,512890	79,800003	80,000000	1,339833E-1
2109,512890	79,800003	80,000000	1,339613E-1
2110,513338	80,099998	80,000000	1,339613E-1
2110,513338	80,099998	80,000000	1,339613E-1
2110,513338	80,099998	80,000000	1,339613E-1
2110,513338	80,099998	80,000000	1,339613E-1
2110,513338	80,099998	80,000000	1,339613E-1
2110,513338	80,099998	80,000000	1,339613E-1
2110,513338	80,099998	80,000000	1,339613E-1
2110,513338	80,099998	80,000000	1,339613E-1
2110,513338	80,099998	80,000000	1,339613E-1
2110,513338	80,099998	80,000000	1,339613E-1
2111,512689	80,099998	80,000000	1,339613E-1
2111,512689	80,099998	80,000000	1,339613E-1
2111,512689	80,099998	80,000000	1,339613E-1
2111,512689	80,099998	80,000000	1,339613E-1
2111,512689	80,099998	80,000000	1,339613E-1
2111,512689	80,099998	80,000000	1,339613E-1
2111,512689	80,099998	80,000000	1,338841E-1
2111,512689	80,099998	80,000000	1,338841E-1
2111,512689	80,099998	80,000000	1,338841E-1
2111,512689	80,100006	80,000000	1,338825E-1
2112,513114	80,100006	80,000000	1,338825E-1
2112,513114	80,100006	80,000000	1,338825E-1
2112,513114	80,100006	80,000000	1,338825E-1
2112,513114	80,199997	80,000000	1,338809E-1
2112,513114	80,199997	80,000000	1,338525E-1
2112,513114	80,199997	80,000000	1,338493E-1
2112,513114	80,199997	80,000000	1,338461E-1
2112,513114	80,199997	80,000000	1,338429E-1
2112,513114	80,199997	80,000000	1,338429E-1
2112,513114	80,199997	80,000000	1,338396E-1
2113,512521	80,199997	80,000000	1,338364E-1
2113,512521	80,199997	80,000000	1,338364E-1
2113,512521	80,199997	80,000000	1,338332E-1
2113,512521	80,199997	80,000000	1,338300E-1
2113,512521	80,199997	80,000000	1,338300E-1
2113,512521	80,199997	80,000000	1,338268E-1
2113,512521	79,900002	80,000000	1,338268E-1
2113,512521	79,900002	80,000000	1,338268E-1
2113,512521	79,900002	80,000000	1,339040E-1
2113,512521	79,900002	80,000000	1,339056E-1
2114,512973	79,900002	80,000000	1,339056E-1
2114,512973	79,900002	80,000000	1,339072E-1
2114,512973	79,900002	80,000000	1,339088E-1
2114,512973	79,900002	80,000000	1,339104E-1
2114,512973	79,900002	80,000000	1,339120E-1
2114,512973	79,900002	80,000000	1,339136E-1
2114,512973	79,900002	80,000000	1,339152E-1
2114,512973	79,900002	80,000000	1,339152E-1
2114,512973	79,900002	80,000000	1,339168E-1
2114,512973	79,900002	80,000000	1,339184E-1
2115,512395	79,900002	80,000000	1,339184E-1
2115,512395	79,900002	80,000000	1,339200E-1
2115,512395	79,900002	80,000000	1,339200E-1
2115,512395	79,900002	80,000000	1,339217E-1
2115,512395	79,900002	80,000000	1,339217E-1
2115,512395	80,000000	80,000000	1,339233E-1
2115,512395	80,000000	80,000000	1,338981E-1
2115,512395	80,000000	80,000000	1,338981E-1
2115,512395	80,000000	80,000000	1,338981E-1
2115,512395	80,000000	80,000000	1,338981E-1
2116,512868	80,000000	80,000000	1,338981E-1
2116,512868	80,000000	80,000000	1,338981E-1
2116,512868	80,000000	80,000000	1,338981E-1
2116,512868	80,000000	80,000000	1,338981E-1
2116,512868	80,000000	80,000000	1,338981E-1
2116,512868	80,000000	80,000000	1,338981E-1
2116,512868	80,000000	80,000000	1,338981E-1
2116,512868	80,000000	80,000000	1,338981E-1
2116,512868	80,000000	80,000000	1,338981E-1
2116,512868	80,000000	80,000000	1,338981E-1
2117,513382	80,000000	80,000000	1,338981E-1
2117,513382	80,000000	80,000000	1,338981E-1
2117,513382	80,000000	80,000000	1,338981E-1
2117,513382	80,000000	80,000000	1,338981E-1
2117,513382	80,000000	80,000000	1,338981E-1
2117,513382	80,000000	80,000000	1,338981E-1
2117,513382	80,000000	80,000000	1,338981E-1
2117,513382	80,000000	80,000000	1,338981E-1
2117,513382	80,000000	80,000000	1,338981E-1
2117,513382	80,000000	80,000000	1,338981E-1
2118,512736	80,000000	80,000000	1,338981E-1
2118,512736	80,000000	80,000000	1,338981E-1
2118,512736	80,000000	80,000000	1,338981E-1
2118,512736	80,000000	80,000000	1,338981E-1
2118,512736	80,000000	80,000000	1,338981E-1
2118,512736	80,000000	80,000000	1,338981E-1
2118,512736	80,000000	80,000000	1,338981E-1
2118,512736	80,000000	80,000000	1,338981E-1
2118,512736	80,000000	80,000000	1,338981E-1
2118,512736	80,000000	80,000000	1,338981E-1
2119,513144	80,000000	80,000000	1,338981E-1
2119,513144	80,000000	80,000000	1,338981E-1
2119,513144	80,000000	80,000000	1,338981E-1
2119,513144	80,000000	80,000000	1,338981E-1
2119,513144	80,000000	80,000000	1,338981E-1
2119,513144	80,000000	80,000000	1,338981E-1
2119,513144	80,000000	80,000000	1,338981E-1
2119,513144	80,000000	80,000000	1,338981E-1
2119,513144	80,000000	80,000000	1,338981E-1
2119,513144	80,000000	80,000000	1,338981E-1
2120,512751	80,000000	80,000000	1,338981E-1
2120,512751	80,000000	80,000000	1,338981E-1
2120,512751	80,000000	80,000000	1,338981E-1
2120,512751	80,000000	80,000000	1,338981E-1
2120,512751	80,000000	80,000000	1,338981E-1
2120,512751	80,000000	80,000000	1,338981E-1
2120,512751	80,000000	80,000000	1,338981E-1
2120,512751	80,000000	80,000000	1,338981E-1
2120,512751	80,000000	80,000000	1,338981E-1
2120,512751	80,000000	80,000000	1,338981E-1
2121,513209	80,000000	80,000000	1,338981E-1
2121,513209	80,000000	80,000000	1,338981E-1
2121,513209	80,000000	80,000000	1,338981E-1
2121,513209	80,000000	80,000000	1,338981E-1
2121,513209	80,300003	80,000000	1,338177E-1
2121,513209	80,300003	80,000000	1,338177E-1
2121,513209	80,300003	80,000000	1,338177E-1
2121,513209	80,300003	80,000000	1,338128E-1
2121,513209	80,300003	80,000000	1,338128E-1
2121,513209	80,300003	80,000000	1,338128E-1
2122,512616	80,300003	80,000000	1,338128E-1
2122,512616	80,300003	80,000000	1,338128E-1
2122,512616	80,300003	80,000000	1,338128E-1
2122,512616	80,300003	80,000000	1,338128E-1
2122,512616	80,300003	80,000000	1,338128E-1
2122,512616	80,300003	80,000000	1,338128E-1
2122,512616	80,300003	80,000000	1,338128E-1
2122,512616	80,300003	80,000000	1,338128E-1
2122,512616	80,300003	80,000000	1,338128E-1
2122,512616	80,300003	80,000000	1,338128E-1
2123,513018	80,300003	80,000000	1,338128E-1
2123,513018	80,300003	80,000000	1,338128E-1
2123,513018	80,300003	80,000000	1,338128E-1
2123,513018	80,300003	80,000000	1,338128E-1
2123,513018	80,300003	80,000000	1,338128E-1
2123,513018	80,300003	80,000000	1,338128E-1
2123,513018	80,300003	80,000000	1,338128E-1
2123,513018	80,300003	80,000000	1,338128E-1
2123,513018	80,300003	80,000000	1,338128E-1
2123,513018	80,300003	80,000000	1,338128E-1
2124,512478	80,300003	80,000000	1,338128E-1
2124,512478	80,300003	80,000000	1,338080E-1
2124,512478	80,300003	80,000000	1,338080E-1
2124,512478	80,300003	80,000000	1,338080E-1
2124,512478	80,300003	80,000000	1,338080E-1
2124,512478	80,300003	80,000000	1,338080E-1
2124,512478	80,300003	80,000000	1,338080E-1
2124,512478	80,300003	80,000000	1,338080E-1
2124,512478	80,300003	80,000000	1,338080E-1
2124,512478	80,300003	80,000000	1,338080E-1
2125,512939	80,300003	80,000000	1,338080E-1
2125,512939	80,300003	80,000000	1,338080E-1
2125,512939	80,300003	80,000000	1,338080E-1
2125,512939	80,300003	80,000000	1,338080E-1
2125,512939	80,300003	80,000000	1,338080E-1
2125,512939	80,300003	80,000000	1,338080E-1
2125,512939	80,300003	80,000000	1,338080E-1
2125,512939	80,300003	80,000000	1,338080E-1
2125,512939	80,300003	80,000000	1,338032E-1
2125,512939	79,699997	80,000000	1,338032E-1
2126,513273	79,699997	80,000000	1,338032E-1
2126,513273	79,699997	80,000000	1,338032E-1
2126,513273	79,699997	80,000000	1,338032E-1
2126,513273	79,699997	80,000000	1,338032E-1
2126,513273	79,699997	80,000000	1,338032E-1
2126,513273	79,699997	80,000000	1,338032E-1
2126,513273	79,699997	80,000000	1,338032E-1
2126,513273	79,699997	80,000000	1,338032E-1
2126,513273	79,699997	80,000000	1,338032E-1
2126,513273	79,699997	80,000000	1,338032E-1
2127,512480	79,699997	80,000000	1,338032E-1
2127,512480	79,699997	80,000000	1,338032E-1
2127,512480	79,699997	80,000000	1,338032E-1
2127,512480	79,699997	80,000000	1,338032E-1
2127,512480	79,699997	80,000000	1,338032E-1
2127,512480	79,699997	80,000000	1,338032E-1
2127,512480	79,699997	80,000000	1,339592E-1
2127,512480	79,699997	80,000000	1,339592E-1
2127,512480	79,699997	80,000000	1,339592E-1
2127,512480	79,699997	80,000000	1,339592E-1
2128,512989	79,699997	80,000000	1,339592E-1
2128,512989	79,699997	80,000000	1,339592E-1
2128,512989	79,699997	80,000000	1,339592E-1
2128,512989	79,699997	80,000000	1,339592E-1
2128,512989	79,699997	80,000000	1,339592E-1
2128,512989	79,699997	80,000000	1,339592E-1
2128,512989	79,699997	80,000000	1,339592E-1
2128,512989	79,699997	80,000000	1,339592E-1
2128,512989	79,699997	80,000000	1,339592E-1
2128,512989	79,699997	80,000000	1,339592E-1
2129,513421	79,699997	80,000000	1,339592E-1
2129,513421	79,699997	80,000000	1,339592E-1
2129,513421	79,699997	80,000000	1,339592E-1
2129,513421	79,699997	80,000000	1,339640E-1
2129,513421	79,699997	80,000000	1,339640E-1
2129,513421	79,699997	80,000000	1,339640E-1
2129,513421	79,699997	80,000000	1,339640E-1
2129,513421	79,699997	80,000000	1,339640E-1
2129,513421	79,699997	80,000000	1,339640E-1
2129,513421	79,699997	80,000000	1,339640E-1
2130,513731	79,699997	80,000000	1,339640E-1
2130,513731	79,699997	80,000000	1,339640E-1
2130,513731	79,699997	80,000000	1,339640E-1
2130,513731	79,699997	80,000000	1,339640E-1
2130,513731	79,699997	80,000000	1,339640E-1
2130,513731	79,699997	80,000000	1,339640E-1
2130,513731	79,699997	80,000000	1,339640E-1
2130,513731	79,699997	80,000000	1,339640E-1
2130,513731	79,699997	80,000000	1,339640E-1
2130,513731	79,699997	80,000000	1,339640E-1
2131,514119	79,699997	80,000000	1,339640E-1
2131,514119	79,699997	80,000000	1,339688E-1
2131,514119	79,900002	80,000000	1,339688E-1
2131,514119	79,900002	80,000000	1,339688E-1
2131,514119	79,900002	80,000000	1,339688E-1
2131,514119	79,900002	80,000000	1,339688E-1
2131,514119	79,900002	80,000000	1,339688E-1
2131,514119	79,900002	80,000000	1,339688E-1
2131,514119	79,900002	80,000000	1,339688E-1
2131,514119	79,900002	80,000000	1,339688E-1
2132,514579	79,900002	80,000000	1,339688E-1
2132,514579	79,900002	80,000000	1,339688E-1
2132,514579	79,900002	80,000000	1,339688E-1
2132,514579	79,900002	80,000000	1,339688E-1
2132,514579	79,900002	80,000000	1,339688E-1
2132,514579	79,900002	80,000000	1,339688E-1
2132,514579	79,900002	80,000000	1,339688E-1
2132,514579	79,900002	80,000000	1,339688E-1
2132,514579	79,900002	80,000000	1,339200E-1
2132,514579	79,900002	80,000000	1,339200E-1
2133,514954	79,900002	80,000000	1,339200E-1
2133,514954	80,099998	80,000000	1,338680E-1
2133,514954	80,099998	80,000000	1,338680E-1
2133,514954	80,099998	80,000000	1,338680E-1
2133,514954	80,099998	80,000000	1,338680E-1
2133,514954	80,199997	80,000000	1,338664E-1
2133,514954	80,199997	80,000000	1,338380E-1
2133,514954	80,199997	80,000000	1,338348E-1
2133,514954	80,199997	80,000000	1,338316E-1
2133,514954	80,199997	80,000000	1,338284E-1
2134,515474	80,199997	80,000000	1,338252E-1
2134,515474	80,199997	80,000000	1,338252E-1
2134,515474	80,199997	80,000000	1,338220E-1
2134,515474	80,199997	80,000000	1,338188E-1
2134,515474	80,199997	80,000000	1,338188E-1
2134,515474	80,199997	80,000000	1,338156E-1
2134,515474	80,199997	80,000000	1,338124E-1
2134,515474	79,800003	80,000000	1,338124E-1
2134,515474	79,800003	80,000000	1,338124E-1
2134,515474	79,800003	80,000000	1,339164E-1
2135,516895	79,800003	80,000000	1,339164E-1
2135,516895	79,800003	80,000000	1,339196E-1
2135,516895	79,800003	80,000000	1,339228E-1
2135,516895	79,800003	80,000000	1,339228E-1
2135,516895	79,800003	80,000000	1,339260E-1
2135,516895	79,800003	80,000000	1,339292E-1
2135,516895	79,800003	80,000000	1,339324E-1
2135,516895	80,000000	80,000000	1,339324E-1
2135,516895	80,000000	80,000000	1,338820E-1
2135,516895	80,000000	80,000000	1,338820E-1
2136,516989	80,000000	80,000000	1,338820E-1
2136,516989	80,000000	80,000000	1,338820E-1
2136,516989	80,000000	80,000000	1,338820E-1
2136,516989	80,000000	80,000000	1,338820E-1
2136,516989	80,000000	80,000000	1,338820E-1
2136,516989	80,000000	80,000000	1,338820E-1
2136,516989	80,000000	80,000000	1,338820E-1
2136,516989	80,000000	80,000000	1,338820E-1
2136,516989	80,000000	80,000000	1,338820E-1
2136,516989	80,000000	80,000000	1,338820E-1
2137,516372	80,000000	80,000000	1,338820E-1
2137,516372	80,000000	80,000000	1,338820E-1
2137,516372	80,000000	80,000000	1,338820E-1
2137,516372	80,000000	80,000000	1,338820E-1
2137,516372	80,000000	80,000000	1,338820E-1
2137,516372	80,000000	80,000000	1,338820E-1
2137,516372	80,000000	80,000000	1,338820E-1
2137,516372	80,000000	80,000000	1,338820E-1
2137,516372	80,000000	80,000000	1,338820E-1
2137,516372	80,000000	80,000000	1,338820E-1
2138,516815	80,000000	80,000000	1,338820E-1
2138,516815	80,000000	80,000000	1,338820E-1
2138,516815	80,000000	80,000000	1,338820E-1
2138,516815	80,000000	80,000000	1,338820E-1
2138,516815	80,000000	80,000000	1,338820E-1
2138,516815	80,000000	80,000000	1,338820E-1
2138,516815	80,000000	80,000000	1,338820E-1
2138,516815	80,199997	80,000000	1,338820E-1
2138,516815	80,199997	80,000000	1,338284E-1
2138,516815	80,199997	80,000000	1,338252E-1
2139,517205	80,199997	80,000000	1,338220E-1
2139,517205	80,199997	80,000000	1,338220E-1
2139,517205	80,199997	80,000000	1,338220E-1
2139,517205	80,199997	80,000000	1,338188E-1
2139,517205	80,199997	80,000000	1,338188E-1
2139,517205	80,199997	80,000000	1,338156E-1
2139,517205	80,199997	80,000000	1,338124E-1
2139,517205	80,199997	80,000000	1,338091E-1
2139,517205	80,199997	80,000000	1,338059E-1
2139,517205	80,199997	80,000000	1,338059E-1
2140,516692	80,199997	80,000000	1,338027E-1
2140,516692	80,199997	80,000000	1,337995E-1
2140,516692	80,199997	80,000000	1,337995E-1
2140,516692	80,199997	80,000000	1,337963E-1
2140,516692	80,199997	80,000000	1,337931E-1
2140,516692	80,199997	80,000000	1,337899E-1
2140,516692	79,800003	80,000000	1,338939E-1
2140,516692	79,800003	80,000000	1,338939E-1
2140,516692	79,800003	80,000000	1,338971E-1
2140,516692	79,800003	80,000000	1,338971E-1
2141,517132	79,800003	80,000000	1,339003E-1
2141,517132	79,800003	80,000000	1,339035E-1
2141,517132	79,800003	80,000000	1,339067E-1
2141,517132	79,800003	80,000000	1,339067E-1
2141,517132	79,800003	80,000000	1,339099E-1
2141,517132	79,800003	80,000000	1,339099E-1
2141,517132	80,099998	80,000000	1,339131E-1
2141,517132	80,099998	80,000000	1,338359E-1
2141,517132	80,099998	80,000000	1,338343E-1
2141,517132	80,099998	80,000000	1,338343E-1
2142,517535	80,099998	80,000000	1,338327E-1
2142,517535	80,099998	80,000000	1,338311E-1
2142,517535	80,099998	80,000000	1,338311E-1
2142,517535	80,099998	80,000000	1,338311E-1
2142,517535	80,099998	80,000000	1,338295E-1
2142,517535	80,099998	80,000000	1,338295E-1
2142,517535	80,000000	80,000000	1,338547E-1
2142,517535	80,000000	80,000000	1,338547E-1
2142,517535	80,000000	80,000000	1,338547E-1
2142,517535	80,000000	80,000000	1,338547E-1
2143,517934	80,000000	80,000000	1,338547E-1
2143,517934	80,000000	80,000000	1,338547E-1
2143,517934	80,000000	80,000000	1,338547E-1
2143,517934	80,000000	80,000000	1,338547E-1
2143,517934	80,000000	80,000000	1,338547E-1
2143,517934	80,000000	80,000000	1,338547E-1
2143,517934	80,099998	80,000000	1,338547E-1
2143,517934	80,099998	80,000000	1,338547E-1
2143,517934	80,099998	80,000000	1,338279E-1
2143,517934	80,099998	80,000000	1,338279E-1
2144,517408	80,099998	80,000000	1,338263E-1
2144,517408	80,099998	80,000000	1,338263E-1
2144,517408	80,099998	80,000000	1,338247E-1
2144,517408	80,099998	80,000000	1,338231E-1
2144,517408	80,099998	80,000000	1,338231E-1
2144,517408	80,099998	80,000000	1,338215E-1
2144,517408	80,099998	80,000000	1,338199E-1
2144,517408	80,000000	80,000000	1,338451E-1
2144,517408	80,000000	80,000000	1,338451E-1
2144,517408	80,000000	80,000000	1,338451E-1
2145,517840	80,000000	80,000000	1,338451E-1
2145,517840	80,000000	80,000000	1,338451E-1
2145,517840	80,000000	80,000000	1,338451E-1
2145,517840	80,000000	80,000000	1,338451E-1
2145,517840	80,000000	80,000000	1,338451E-1
2145,517840	80,000000	80,000000	1,338451E-1
2145,517840	80,000000	80,000000	1,338451E-1
2145,517840	80,000000	80,000000	1,338451E-1
2145,517840	80,000000	80,000000	1,338451E-1
2145,517840	80,000000	80,000000	1,338451E-1
2146,518269	80,000000	80,000000	1,338451E-1
2146,518269	80,000000	80,000000	1,338451E-1
2146,518269	80,000000	80,000000	1,338451E-1
2146,518269	80,000000	80,000000	1,338451E-1
2146,518269	80,000000	80,000000	1,338451E-1
2146,518269	80,000000	80,000000	1,338451E-1
2146,518269	80,000000	80,000000	1,338451E-1
2146,518269	80,000000	80,000000	1,338451E-1
2146,518269	80,000000	80,000000	1,338451E-1
2146,518269	80,000000	80,000000	1,338451E-1
2147,518425	80,000000	80,000000	1,338451E-1
2147,518425	80,000000	80,000000	1,338451E-1
2147,518425	80,000000	80,000000	1,338451E-1
2147,518425	80,000000	80,000000	1,338451E-1
2147,518425	80,000000	80,000000	1,338451E-1
2147,518425	80,000000	80,000000	1,338451E-1
2147,518425	79,800003	80,000000	1,338451E-1
2147,518425	79,800003	80,000000	1,338987E-1
2147,518425	79,800003	80,000000	1,338987E-1
2147,518425	79,800003	80,000000	1,339019E-1
2148,519845	79,800003	80,000000	1,339051E-1
2148,519845	79,800003	80,000000	1,339051E-1
2148,519845	79,800003	80,000000	1,339083E-1
2148,519845	79,800003	80,000000	1,339083E-1
2148,519845	79,800003	80,000000	1,339083E-1
2148,519845	79,800003	80,000000	1,339115E-1
2148,519845	79,800003	80,000000	1,339148E-1
2148,519845	79,800003	80,000000	1,339180E-1
2148,519845	79,800003	80,000000	1,339180E-1
2148,519845	79,800003	80,000000	1,339212E-1
2149,520196	79,800003	80,000000	1,339244E-1
2149,520196	79,800003	80,000000	1,339276E-1
2149,520196	79,800003	80,000000	1,339308E-1
2149,520196	79,800003	80,000000	1,339308E-1
2149,520196	79,800003	80,000000	1,339340E-1
2149,520196	79,900002	80,000000	1,339372E-1
2149,520196	79,900002	80,000000	1,339136E-1
2149,520196	79,900002	80,000000	1,339136E-1
2149,520196	79,900002	80,000000	1,339152E-1
2149,520196	79,900002	80,000000	1,339152E-1
2150,519657	79,900002	80,000000	1,339168E-1
2150,519657	79,900002	80,000000	1,339168E-1
2150,519657	79,900002	80,000000	1,339184E-1
2150,519657	79,900002	80,000000	1,339200E-1
2150,519657	79,900002	80,000000	1,339217E-1
2150,519657	79,900002	80,000000	1,339233E-1
2150,519657	79,900002	80,000000	1,339249E-1
2150,519657	80,099998	80,000000	1,339249E-1
2150,519657	80,099998	80,000000	1,338729E-1
2150,519657	80,099998	80,000000	1,338713E-1
2151,520043	80,099998	80,000000	1,338713E-1
2151,520043	80,099998	80,000000	1,338697E-1
2151,520043	80,099998	80,000000	1,338697E-1
2151,520043	80,099998	80,000000	1,338680E-1
2151,520043	80,099998	80,000000	1,338680E-1
2151,520043	80,099998	80,000000	1,338680E-1
2151,520043	80,099998	80,000000	1,338664E-1
2151,520043	80,099998	80,000000	1,338648E-1
2151,520043	80,099998	80,000000	1,338648E-1
2151,520043	80,099998	80,000000	1,338632E-1
2152,519669	80,099998	80,000000	1,338616E-1
2152,519669	80,099998	80,000000	1,338616E-1
2152,519669	80,099998	80,000000	1,338600E-1
2152,519669	80,099998	80,000000	1,338600E-1
2152,519669	80,099998	80,000000	1,338584E-1
2152,519669	80,099998	80,000000	1,338568E-1
2152,519669	80,099998	80,000000	1,338552E-1
2152,519669	80,099998	80,000000	1,338552E-1
2152,519669	80,099998	80,000000	1,338552E-1
2152,519669	80,099998	80,000000	1,338536E-1
2153,520047	80,099998	80,000000	1,338536E-1
2153,520047	80,099998	80,000000	1,338520E-1
2153,520047	80,099998	80,000000	1,338504E-1
2153,520047	80,099998	80,000000	1,338504E-1
2153,520047	80,099998	80,000000	1,338488E-1
2153,520047	80,099998	80,000000	1,338472E-1
2153,520047	80,099998	80,000000	1,338456E-1
2153,520047	80,099998	80,000000	1,338456E-1
2153,520047	80,099998	80,000000	1,338440E-1
2153,520047	80,099998	80,000000	1,338424E-1
2154,519506	80,099998	80,000000	1,338424E-1
2154,519506	80,099998	80,000000	1,338408E-1
2154,519506	80,099998	80,000000	1,338408E-1
2154,519506	80,099998	80,000000	1,338392E-1
2154,519506	80,000000	80,000000	1,338392E-1
2154,519506	80,000000	80,000000	1,338392E-1
2154,519506	80,000000	80,000000	1,338392E-1
2154,519506	80,000000	80,000000	1,338644E-1
2154,519506	80,000000	80,000000	1,338644E-1
2154,519506	80,000000	80,000000	1,338644E-1
2155,519953	80,000000	80,000000	1,338644E-1
2155,519953	80,000000	80,000000	1,338644E-1
2155,519953	80,000000	80,000000	1,338644E-1
2155,519953	80,000000	80,000000	1,338644E-1
2155,519953	80,000000	80,000000	1,338644E-1
2155,519953	80,000000	80,000000	1,338644E-1
2155,519953	80,000000	80,000000	1,338644E-1
2155,519953	80,000000	80,000000	1,338644E-1
2155,519953	80,000000	80,000000	1,338644E-1
2155,519953	80,000000	80,000000	1,338644E-1
2156,519872	80,000000	80,000000	1,338644E-1
2156,519872	80,000000	80,000000	1,338644E-1
2156,519872	80,000000	80,000000	1,338644E-1
2156,519872	80,000000	80,000000	1,338644E-1
2156,519872	80,000000	80,000000	1,338644E-1
2156,519872	80,000000	80,000000	1,338644E-1
2156,519872	80,000000	80,000000	1,338644E-1
2156,519872	80,000000	80,000000	1,338644E-1
2156,519872	80,000000	80,000000	1,338644E-1
2156,519872	80,000000	80,000000	1,338644E-1
2157,520320	80,000000	80,000000	1,338644E-1
2157,520320	80,000000	80,000000	1,338644E-1
2157,520320	80,000000	80,000000	1,338644E-1
2157,520320	80,000000	80,000000	1,338644E-1
2157,520320	80,000000	80,000000	1,338644E-1
2157,520320	80,000000	80,000000	1,338644E-1
2157,520320	80,000000	80,000000	1,338644E-1
2157,520320	80,000000	80,000000	1,338644E-1
2157,520320	80,000000	80,000000	1,338644E-1
2157,520320	80,000000	80,000000	1,338644E-1
2158,519743	80,000000	80,000000	1,338644E-1
2158,519743	80,000000	80,000000	1,338644E-1
2158,519743	80,000000	80,000000	1,338644E-1
2158,519743	80,000000	80,000000	1,338644E-1
2158,519743	80,000000	80,000000	1,338644E-1
2158,519743	80,000000	80,000000	1,338644E-1
2158,519743	80,000000	80,000000	1,338644E-1
2158,519743	80,000000	80,000000	1,338644E-1
2158,519743	80,000000	80,000000	1,338644E-1
2158,519743	80,000000	80,000000	1,338644E-1
2159,520196	80,099998	80,000000	1,338644E-1
2159,520196	80,099998	80,000000	1,338644E-1
2159,520196	80,099998	80,000000	1,338644E-1
2159,520196	80,099998	80,000000	1,338644E-1
2159,520196	80,099998	80,000000	1,338644E-1
2159,520196	80,099998	80,000000	1,338644E-1
2159,520196	80,099998	80,000000	1,338644E-1
2159,520196	80,099998	80,000000	1,338644E-1
2159,520196	80,099998	80,000000	1,338644E-1
2159,520196	80,099998	80,000000	1,338644E-1
2160,519570	80,099998	80,000000	1,338644E-1
2160,519570	80,099998	80,000000	1,338644E-1
2160,519570	80,099998	80,000000	1,338644E-1
2160,519570	80,099998	80,000000	1,338644E-1
2160,519570	80,099998	80,000000	1,338644E-1
2160,519570	80,099998	80,000000	1,338644E-1
2160,519570	80,099998	80,000000	1,338644E-1
2160,519570	80,099998	80,000000	1,338376E-1
2160,519570	80,099998	80,000000	1,338376E-1
2160,519570	80,099998	80,000000	1,338376E-1
2161,519998	80,099998	80,000000	1,338376E-1
2161,519998	80,099998	80,000000	1,338376E-1
2161,519998	80,099998	80,000000	1,338376E-1
2161,519998	80,099998	80,000000	1,338376E-1
2161,519998	80,099998	80,000000	1,338376E-1
2161,519998	80,099998	80,000000	1,338376E-1
2161,519998	80,099998	80,000000	1,338376E-1
2161,519998	80,099998	80,000000	1,338376E-1
2161,519998	80,099998	80,000000	1,338376E-1
2161,519998	80,099998	80,000000	1,338376E-1
2162,519471	80,099998	80,000000	1,338376E-1
2162,519471	80,099998	80,000000	1,338376E-1
2162,519471	80,099998	80,000000	1,338376E-1
2162,519471	80,099998	80,000000	1,338376E-1
2162,519471	80,099998	80,000000	1,338359E-1
2162,519471	80,000000	80,000000	1,338359E-1
2162,519471	80,000000	80,000000	1,338359E-1
2162,519471	80,000000	80,000000	1,338359E-1
2162,519471	80,000000	80,000000	1,338359E-1
2162,519471	80,000000	80,000000	1,338359E-1
2163,519865	80,000000	80,000000	1,338359E-1
2163,519865	80,000000	80,000000	1,338359E-1
2163,519865	80,000000	80,000000	1,338359E-1
2163,519865	80,000000	80,000000	1,338359E-1
2163,519865	80,000000	80,000000	1,338359E-1
2163,519865	80,000000	80,000000	1,338359E-1
2163,519865	80,000000	80,000000	1,338359E-1
2163,519865	80,000000	80,000000	1,338359E-1
2163,519865	80,000000	80,000000	1,338359E-1
2163,519865	80,000000	80,000000	1,338359E-1
2164,520344	80,000000	80,000000	1,338359E-1
2164,520344	80,000000	80,000000	1,338359E-1
2164,520344	80,000000	80,000000	1,338611E-1
2164,520344	79,800003	80,000000	1,338611E-1
2164,520344	79,800003	80,000000	1,338611E-1
2164,520344	79,800003	80,000000	1,338611E-1
2164,520344	79,800003	80,000000	1,338611E-1
2164,520344	79,800003	80,000000	1,338611E-1
2164,520344	79,800003	80,000000	1,338611E-1
2164,520344	79,800003	80,000000	1,338611E-1
2165,519741	79,800003	80,000000	1,338611E-1
2165,519741	79,800003	80,000000	1,338611E-1
2165,519741	79,800003	80,000000	1,338611E-1
2165,519741	79,800003	80,000000	1,338611E-1
2165,519741	79,800003	80,000000	1,338611E-1
2165,519741	79,800003	80,000000	1,338611E-1
2165,519741	79,800003	80,000000	1,338611E-1
2165,519741	79,800003	80,000000	1,338611E-1
2165,519741	79,800003	80,000000	1,338611E-1
2165,519741	79,800003	80,000000	1,339148E-1
2166,520121	80,100006	80,000000	1,339148E-1
2166,520121	80,100006	80,000000	1,339148E-1
2166,520121	80,100006	80,000000	1,338376E-1
2166,520121	80,100006	80,000000	1,338376E-1
2166,520121	80,100006	80,000000	1,338376E-1
2166,520121	80,099998	80,000000	1,338359E-1
2166,520121	80,099998	80,000000	1,338343E-1
2166,520121	80,099998	80,000000	1,338343E-1
2166,520121	80,099998	80,000000	1,338327E-1
2166,520121	80,099998	80,000000	1,338311E-1
2167,519546	80,099998	80,000000	1,338311E-1
2167,519546	80,099998	80,000000	1,338295E-1
2167,519546	80,099998	80,000000	1,338279E-1
2167,519546	80,099998	80,000000	1,338263E-1
2167,519546	80,099998	80,000000	1,338263E-1
2167,519546	80,099998	80,000000	1,338247E-1
2167,519546	80,099998	80,000000	1,338231E-1
2167,519546	80,099998	80,000000	1,338231E-1
2167,519546	80,099998	80,000000	1,338215E-1
2167,519546	80,099998	80,000000	1,338215E-1
2168,519956	79,800003	80,000000	1,339003E-1
2168,519956	79,800003	80,000000	1,339003E-1
2168,519956	79,800003	80,000000	1,339035E-1
2168,519956	79,800003	80,000000	1,339067E-1
2168,519956	79,800003	80,000000	1,339099E-1
2168,519956	79,800003	80,000000	1,339131E-1
2168,519956	79,800003	80,000000	1,339164E-1
2168,519956	79,800003	80,000000	1,339196E-1
2168,519956	79,800003	80,000000	1,339196E-1
2168,519956	79,900002	80,000000	1,339228E-1
2169,519399	79,900002	80,000000	1,338992E-1
2169,519399	79,900002	80,000000	1,339008E-1
2169,519399	79,900002	80,000000	1,339008E-1
2169,519399	79,900002	80,000000	1,339008E-1
2169,519399	79,900002	80,000000	1,339024E-1
2169,519399	79,900002	80,000000	1,339024E-1
2169,519399	79,900002	80,000000	1,339040E-1
2169,519399	79,900002	80,000000	1,339056E-1
2169,519399	79,900002	80,000000	1,339072E-1
2169,519399	79,900002	80,000000	1,339072E-1
2170,520869	79,800003	80,000000	1,339088E-1
2170,520869	79,800003	80,000000	1,339372E-1
2170,520869	79,800003	80,000000	1,339372E-1
2170,520869	79,800003	80,000000	1,339404E-1
2170,520869	79,800003	80,000000	1,339436E-1
2170,520869	79,800003	80,000000	1,339468E-1
2170,520869	79,800003	80,000000	1,339468E-1
2170,520869	79,800003	80,000000	1,339501E-1
2170,520869	79,800003	80,000000	1,339501E-1
2170,520869	80,000000	80,000000	1,339533E-1
2171,521255	80,000000	80,000000	1,339533E-1
2171,521255	80,000000	80,000000	1,339029E-1
2171,521255	80,000000	80,000000	1,339029E-1
2171,521255	80,000000	80,000000	1,339029E-1
2171,521255	80,000000	80,000000	1,339029E-1
2171,521255	80,000000	80,000000	1,339029E-1
2171,521255	80,000000	80,000000	1,339029E-1
2171,521255	80,000000	80,000000	1,339029E-1
2171,521255	80,000000	80,000000	1,339029E-1
2171,521255	80,000000	80,000000	1,339029E-1
2172,520727	79,899994	80,000000	1,339297E-1
2172,520727	79,899994	80,000000	1,339313E-1
2172,520727	79,899994	80,000000	1,339313E-1
2172,520727	79,899994	80,000000	1,339313E-1
2172,520727	79,899994	80,000000	1,339329E-1
2172,520727	79,899994	80,000000	1,339329E-1
2172,520727	79,899994	80,000000	1,339345E-1
2172,520727	79,899994	80,000000	1,339361E-1
2172,520727	79,899994	80,000000	1,339361E-1
2172,520727	79,899994	80,000000	1,339377E-1
2173,522141	79,899994	80,000000	1,339393E-1
2173,522141	79,899994	80,000000	1,339393E-1
2173,522141	79,899994	80,000000	1,339409E-1
2173,522141	79,899994	80,000000	1,339425E-1
2173,522141	79,899994	80,000000	1,339441E-1
2173,522141	79,899994	80,000000	1,339441E-1
2173,522141	79,899994	80,000000	1,339457E-1
2173,522141	79,899994	80,000000	1,339457E-1
2173,522141	79,899994	80,000000	1,339473E-1
2173,522141	80,000000	80,000000	1,339473E-1
2174,522527	80,000000	80,000000	1,339221E-1
2174,522527	80,000000	80,000000	1,339221E-1
2174,522527	80,000000	80,000000	1,339221E-1
2174,522527	80,000000	80,000000	1,339221E-1
2174,522527	80,000000	80,000000	1,339221E-1
2174,522527	80,000000	80,000000	1,339221E-1
2174,522527	80,000000	80,000000	1,339221E-1
2174,522527	80,000000	80,000000	1,339221E-1
2174,522527	80,000000	80,000000	1,339221E-1
2174,522527	80,000000	80,000000	1,339221E-1
2175,522962	80,000000	80,000000	1,339221E-1
2175,522962	80,000000	80,000000	1,339221E-1
2175,522962	80,000000	80,000000	1,339221E-1
2175,522962	80,000000	80,000000	1,339221E-1
2175,522962	80,000000	80,000000	1,339221E-1
2175,522962	80,000000	80,000000	1,339221E-1
2175,522962	80,000000	80,000000	1,339221E-1
2175,522962	80,000000	80,000000	1,339221E-1
2175,522962	80,000000	80,000000	1,339221E-1
2175,522962	80,000000	80,000000	1,339221E-1
2176,522421	80,000000	80,000000	1,339221E-1
2176,522421	80,000000	80,000000	1,339221E-1
2176,522421	80,000000	80,000000	1,339221E-1
2176,522421	80,000000	80,000000	1,339221E-1
2176,522421	80,000000	80,000000	1,339221E-1
2176,522421	80,000000	80,000000	1,339221E-1
2176,522421	80,000000	80,000000	1,339221E-1
2176,522421	80,000000	80,000000	1,339221E-1
2176,522421	80,000000	80,000000	1,339221E-1
2176,522421	80,000000	80,000000	1,339221E-1
2177,522837	80,000000	80,000000	1,339221E-1
2177,522837	80,000000	80,000000	1,339221E-1
2177,522837	80,000000	80,000000	1,339221E-1
2177,522837	80,000000	80,000000	1,339221E-1
2177,522837	80,000000	80,000000	1,339221E-1
2177,522837	80,000000	80,000000	1,339221E-1
2177,522837	80,000000	80,000000	1,339221E-1
2177,522837	80,000000	80,000000	1,339221E-1
2177,522837	80,000000	80,000000	1,339221E-1
2177,522837	80,000000	80,000000	1,339221E-1
2178,523259	80,000000	80,000000	1,339221E-1
2178,523259	80,000000	80,000000	1,339221E-1
2178,523259	80,000000	80,000000	1,339221E-1
2178,523259	80,000000	80,000000	1,339221E-1
2178,523259	80,000000	80,000000	1,339221E-1
2178,523259	80,000000	80,000000	1,339221E-1
2178,523259	80,000000	80,000000	1,339221E-1
2178,523259	80,000000	80,000000	1,339221E-1
2178,523259	80,000000	80,000000	1,339221E-1
2178,523259	80,000000	80,000000	1,339221E-1
2179,522692	80,000000	80,000000	1,339221E-1
2179,522692	80,000000	80,000000	1,339221E-1
2179,522692	80,000000	80,000000	1,339221E-1
2179,522692	80,000000	80,000000	1,339221E-1
2179,522692	80,000000	80,000000	1,339221E-1
2179,522692	80,000000	80,000000	1,339221E-1
2179,522692	80,000000	80,000000	1,339221E-1
2179,522692	80,000000	80,000000	1,339221E-1
2179,522692	80,000000	80,000000	1,339221E-1
2179,522692	80,000000	80,000000	1,339221E-1
2180,523106	80,000000	80,000000	1,339221E-1
2180,523106	80,000000	80,000000	1,339221E-1
2180,523106	80,000000	80,000000	1,339221E-1
2180,523106	80,000000	80,000000	1,339221E-1
2180,523106	80,000000	80,000000	1,339221E-1
2180,523106	80,000000	80,000000	1,339221E-1
2180,523106	80,000000	80,000000	1,339221E-1
2180,523106	79,800003	80,000000	1,339221E-1
2180,523106	79,800003	80,000000	1,339221E-1
2180,523106	79,800003	80,000000	1,339221E-1
2181,522564	79,800003	80,000000	1,339221E-1
2181,522564	79,800003	80,000000	1,339221E-1
2181,522564	79,800003	80,000000	1,339221E-1
2181,522564	79,800003	80,000000	1,339221E-1
2181,522564	79,800003	80,000000	1,339221E-1
2181,522564	79,800003	80,000000	1,339221E-1
2181,522564	79,800003	80,000000	1,339221E-1
2181,522564	79,800003	80,000000	1,339221E-1
2181,522564	79,800003	80,000000	1,339221E-1
2181,522564	79,800003	80,000000	1,339221E-1
2182,522953	79,800003	80,000000	1,339221E-1
2182,522953	79,800003	80,000000	1,339221E-1
2182,522953	79,800003	80,000000	1,339221E-1
2182,522953	79,800003	80,000000	1,339221E-1
2182,522953	79,800003	80,000000	1,339757E-1
2182,522953	79,800003	80,000000	1,339757E-1
2182,522953	79,800003	80,000000	1,339757E-1
2182,522953	79,800003	80,000000	1,339757E-1
2182,522953	79,800003	80,000000	1,339757E-1
2182,522953	79,800003	80,000000	1,339757E-1
2183,522400	79,800003	80,000000	1,339757E-1
2183,522400	79,800003	80,000000	1,339757E-1
2183,522400	79,800003	80,000000	1,339757E-1
2183,522400	79,800003	80,000000	1,339757E-1
2183,522400	79,800003	80,000000	1,339757E-1
2183,522400	79,800003	80,000000	1,339757E-1
2183,522400	79,800003	80,000000	1,339757E-1
2183,522400	79,800003	80,000000	1,339757E-1
2183,522400	79,800003	80,000000	1,339757E-1
2183,522400	79,800003	80,000000	1,339757E-1
2184,523854	79,800003	80,000000	1,339757E-1
2184,523854	79,800003	80,000000	1,339757E-1
2184,523854	79,800003	80,000000	1,339789E-1
2184,523854	80,000000	80,000000	1,339789E-1
2184,523854	80,000000	80,000000	1,339789E-1
2184,523854	80,000000	80,000000	1,339789E-1
2184,523854	80,000000	80,000000	1,339789E-1
2184,523854	80,000000	80,000000	1,339789E-1
2184,523854	80,000000	80,000000	1,339789E-1
2184,523854	80,000000	80,000000	1,339789E-1
2185,524259	80,000000	80,000000	1,339789E-1
2185,524259	80,000000	80,000000	1,339789E-1
2185,524259	80,000000	80,000000	1,339789E-1
2185,524259	80,000000	80,000000	1,339789E-1
2185,524259	80,000000	80,000000	1,339789E-1
2185,524259	80,000000	80,000000	1,339789E-1
2185,524259	80,000000	80,000000	1,339789E-1
2185,524259	80,000000	80,000000	1,339789E-1
2185,524259	80,000000	80,000000	1,339789E-1
2185,524259	80,000000	80,000000	1,339286E-1
2186,523616	79,899994	80,000000	1,339286E-1
2186,523616	79,899994	80,000000	1,339286E-1
2186,523616	80,000000	80,000000	1,339554E-1
2186,523616	80,000000	80,000000	1,339554E-1
2186,523616	80,000000	80,000000	1,339554E-1
2186,523616	80,000000	80,000000	1,339302E-1
2186,523616	80,000000	80,000000	1,339302E-1
2186,523616	80,000000	80,000000	1,339302E-1
2186,523616	80,000000	80,000000	1,339302E-1
2186,523616	80,000000	80,000000	1,339302E-1
2187,524124	80,000000	80,000000	1,339302E-1
2187,524124	80,000000	80,000000	1,339302E-1
2187,524124	80,000000	80,000000	1,339302E-1
2187,524124	80,000000	80,000000	1,339302E-1
2187,524124	80,000000	80,000000	1,339302E-1
2187,524124	80,000000	80,000000	1,339302E-1
2187,524124	80,000000	80,000000	1,339302E-1
2187,524124	80,000000	80,000000	1,339302E-1
2187,524124	80,000000	80,000000	1,339302E-1
2187,524124	79,899994	80,000000	1,339570E-1
2188,524478	79,899994	80,000000	1,339570E-1
2188,524478	79,899994	80,000000	1,339570E-1
2188,524478	79,899994	80,000000	1,339586E-1
2188,524478	79,899994	80,000000	1,339602E-1
2188,524478	79,899994	80,000000	1,339602E-1
2188,524478	79,899994	80,000000	1,339618E-1
2188,524478	79,899994	80,000000	1,339634E-1
2188,524478	79,899994	80,000000	1,339634E-1
2188,524478	79,899994	80,000000	1,339650E-1
2188,524478	79,899994	80,000000	1,339666E-1
2189,524973	79,899994	80,000000	1,339682E-1
2189,524973	79,899994	80,000000	1,339682E-1
2189,524973	79,899994	80,000000	1,339698E-1
2189,524973	79,899994	80,000000	1,339698E-1
2189,524973	80,199997	80,000000	1,339714E-1
2189,524973	80,199997	80,000000	1,339714E-1
2189,524973	80,199997	80,000000	1,338926E-1
2189,524973	80,199997	80,000000	1,338894E-1
2189,524973	80,199997	80,000000	1,338862E-1
2189,524973	80,199997	80,000000	1,338862E-1
2190,524324	80,199997	80,000000	1,338830E-1
2190,524324	80,199997	80,000000	1,338798E-1
2190,524324	80,199997	80,000000	1,338798E-1
2190,524324	79,699997	80,000000	1,338766E-1
2190,524324	79,699997	80,000000	1,340074E-1
2190,524324	79,699997	80,000000	1,340074E-1
2190,524324	79,699997	80,000000	1,340122E-1
2190,524324	79,699997	80,000000	1,340170E-1
2190,524324	79,699997	80,000000	1,340170E-1
2190,524324	79,699997	80,000000	1,340218E-1
2191,524783	79,699997	80,000000	1,340218E-1
2191,524783	79,699997	80,000000	1,340266E-1
2191,524783	79,699997	80,000000	1,340266E-1
2191,524783	79,699997	80,000000	1,340314E-1
2191,524783	80,000000	80,000000	1,340362E-1
2191,524783	80,000000	80,000000	1,340362E-1
2191,524783	80,000000	80,000000	1,339607E-1
2191,524783	80,000000	80,000000	1,339607E-1
2191,524783	80,000000	80,000000	1,339607E-1
2191,524783	80,000000	80,000000	1,339607E-1
2192,524862	80,000000	80,000000	1,339607E-1
2192,524862	80,000000	80,000000	1,339607E-1
2192,524862	80,000000	80,000000	1,339607E-1
2192,524862	80,000000	80,000000	1,339607E-1
2192,524862	79,800003	80,000000	1,340143E-1
2192,524862	79,800003	80,000000	1,340143E-1
2192,524862	79,800003	80,000000	1,340175E-1
2192,524862	79,800003	80,000000	1,340207E-1
2192,524862	79,800003	80,000000	1,340239E-1
2192,524862	79,800003	80,000000	1,340239E-1
2193,525339	79,800003	80,000000	1,340271E-1
2193,525339	79,800003	80,000000	1,340303E-1
2193,525339	79,800003	80,000000	1,340335E-1
2193,525339	79,800003	80,000000	1,340335E-1
2193,525339	79,800003	80,000000	1,340367E-1
2193,525339	79,800003	80,000000	1,340367E-1
2193,525339	79,800003	80,000000	1,340399E-1
2193,525339	79,800003	80,000000	1,340399E-1
2193,525339	79,800003	80,000000	1,340399E-1
2193,525339	79,800003	80,000000	1,340399E-1
2194,524717	79,800003	80,000000	1,340431E-1
2194,524717	79,800003	80,000000	1,340431E-1
2194,524717	79,800003	80,000000	1,340431E-1
2194,524717	79,800003	80,000000	1,340431E-1
2194,524717	79,800003	80,000000	1,340431E-1
2194,524717	79,800003	80,000000	1,340431E-1
2194,524717	79,800003	80,000000	1,340431E-1
2194,524717	79,800003	80,000000	1,340431E-1
2194,524717	79,800003	80,000000	1,340431E-1
2194,524717	79,800003	80,000000	1,340431E-1
2195,525984	79,800003	80,000000	1,340431E-1
2195,525984	79,800003	80,000000	1,340431E-1
2195,525984	79,800003	80,000000	1,340431E-1
2195,525984	79,800003	80,000000	1,340431E-1
2195,525984	79,800003	80,000000	1,340431E-1
2195,525984	79,800003	80,000000	1,340431E-1
2195,525984	79,800003	80,000000	1,340431E-1
2195,525984	79,800003	80,000000	1,340431E-1
2195,525984	79,800003	80,000000	1,340431E-1
2195,525984	79,800003	80,000000	1,340431E-1
2196,526070	79,800003	80,000000	1,340431E-1
2196,526070	79,800003	80,000000	1,340431E-1
2196,526070	79,800003	80,000000	1,340431E-1
2196,526070	79,800003	80,000000	1,340431E-1
2196,526070	80,000000	80,000000	1,340431E-1
2196,526070	80,000000	80,000000	1,339928E-1
2196,526070	80,000000	80,000000	1,339928E-1
2196,526070	80,000000	80,000000	1,339928E-1
2196,526070	80,000000	80,000000	1,339928E-1
2196,526070	80,000000	80,000000	1,339928E-1
2197,525471	80,000000	80,000000	1,339928E-1
2197,525471	80,000000	80,000000	1,339928E-1
2197,525471	80,000000	80,000000	1,339928E-1
2197,525471	80,000000	80,000000	1,339928E-1
2197,525471	80,000000	80,000000	1,339928E-1
2197,525471	80,000000	80,000000	1,339928E-1
2197,525471	80,000000	80,000000	1,339928E-1
2197,525471	80,000000	80,000000	1,339928E-1
2197,525471	80,000000	80,000000	1,339928E-1
2197,525471	80,000000	80,000000	1,339928E-1
2198,525927	80,000000	80,000000	1,339928E-1
2198,525927	80,000000	80,000000	1,339928E-1
2198,525927	80,000000	80,000000	1,339928E-1
2198,525927	80,300003	80,000000	1,339123E-1
2198,525927	80,300003	80,000000	1,339123E-1
2198,525927	80,300003	80,000000	1,339123E-1
2198,525927	80,300003	80,000000	1,339123E-1
2198,525927	80,300003	80,000000	1,339123E-1
2198,525927	80,300003	80,000000	1,339123E-1
2198,525927	80,300003	80,000000	1,339123E-1
2199,526318	80,300003	80,000000	1,339123E-1
2199,526318	80,300003	80,000000	1,339123E-1
2199,526318	80,300003	80,000000	1,339123E-1
2199,526318	80,300003	80,000000	1,339123E-1
2199,526318	80,300003	80,000000	1,339123E-1
2199,526318	80,300003	80,000000	1,339123E-1
2199,526318	80,300003	80,000000	1,339123E-1
2199,526318	80,300003	80,000000	1,339123E-1
2199,526318	80,300003	80,000000	1,339123E-1
2199,526318	80,300003	80,000000	1,339123E-1
2200,525733	80,300003	80,000000	1,339123E-1
2200,525733	80,300003	80,000000	1,339075E-1
2200,525733	80,300003	80,000000	1,339075E-1
2200,525733	80,300003	80,000000	1,339075E-1
2200,525733	80,300003	80,000000	1,339075E-1
2200,525733	80,300003	80,000000	1,339075E-1
2200,525733	80,300003	80,000000	1,339075E-1
2200,525733	80,300003	80,000000	1,339075E-1
2200,525733	80,300003	80,000000	1,339075E-1
2200,525733	80,300003	80,000000	1,339075E-1
2201,527172	80,300003	80,000000	1,339075E-1
2201,527172	80,300003	80,000000	1,339075E-1
2201,527172	80,300003	80,000000	1,339075E-1
2201,527172	80,300003	80,000000	1,339075E-1
2201,527172	80,300003	80,000000	1,339075E-1
2201,527172	80,300003	80,000000	1,339075E-1
2201,527172	80,300003	80,000000	1,339075E-1
2201,527172	80,199997	80,000000	1,339075E-1
2201,527172	80,199997	80,000000	1,339075E-1
2201,527172	80,199997	80,000000	1,339295E-1
2202,526598	80,199997	80,000000	1,339295E-1
2202,526598	80,199997	80,000000	1,339295E-1
2202,526598	80,199997	80,000000	1,339295E-1
2202,526598	80,199997	80,000000	1,339295E-1
2202,526598	80,199997	80,000000	1,339295E-1
2202,526598	80,199997	80,000000	1,339295E-1
2202,526598	80,199997	80,000000	1,339295E-1
2202,526598	80,199997	80,000000	1,339295E-1
2202,526598	80,199997	80,000000	1,339295E-1
2202,526598	80,199997	80,000000	1,339295E-1
2203,528057	80,199997	80,000000	1,339295E-1
2203,528057	80,199997	80,000000	1,339295E-1
2203,528057	80,199997	80,000000	1,339295E-1
2203,528057	80,199997	80,000000	1,339295E-1
2203,528057	80,199997	80,000000	1,339295E-1
2203,528057	80,199997	80,000000	1,339295E-1
2203,528057	80,199997	80,000000	1,339295E-1
2203,528057	80,199997	80,000000	1,339295E-1
2203,528057	80,199997	80,000000	1,339295E-1
2203,528057	80,199997	80,000000	1,339295E-1
2204,527431	80,199997	80,000000	1,339295E-1
2204,527431	80,199997	80,000000	1,339295E-1
2204,527431	80,199997	80,000000	1,339295E-1
2204,527431	80,199997	80,000000	1,339295E-1
2204,527431	80,199997	80,000000	1,339295E-1
2204,527431	80,199997	80,000000	1,339295E-1
2204,527431	80,199997	80,000000	1,339295E-1
2204,527431	80,199997	80,000000	1,339295E-1
2204,527431	80,199997	80,000000	1,339295E-1
2204,527431	80,199997	80,000000	1,339295E-1
2205,527905	80,199997	80,000000	1,339295E-1
2205,527905	80,199997	80,000000	1,339295E-1
2205,527905	80,099998	80,000000	1,339263E-1
2205,527905	80,099998	80,000000	1,339263E-1
2205,527905	80,099998	80,000000	1,339263E-1
2205,527905	80,099998	80,000000	1,339499E-1
2205,527905	80,099998	80,000000	1,339499E-1
2205,527905	79,800003	80,000000	1,340287E-1
2205,527905	79,800003	80,000000	1,340319E-1
2205,527905	79,800003	80,000000	1,340351E-1
2206,529277	79,800003	80,000000	1,340351E-1
2206,529277	79,800003	80,000000	1,340383E-1
2206,529277	79,800003	80,000000	1,340415E-1
2206,529277	79,800003	80,000000	1,340415E-1
2206,529277	79,800003	80,000000	1,340448E-1
2206,529277	79,800003	80,000000	1,340480E-1
2206,529277	79,800003	80,000000	1,340512E-1
2206,529277	80,199997	80,000000	1,339472E-1
2206,529277	80,199997	80,000000	1,339472E-1
2206,529277	80,199997	80,000000	1,339440E-1
2207,528739	80,199997	80,000000	1,339440E-1
2207,528739	80,199997	80,000000	1,339408E-1
2207,528739	80,199997	80,000000	1,339375E-1
2207,528739	80,199997	80,000000	1,339375E-1
2207,528739	80,199997	80,000000	1,339343E-1
2207,528739	80,199997	80,000000	1,339311E-1
2207,528739	80,199997	80,000000	1,339311E-1
2207,528739	79,800003	80,000000	1,339279E-1
2207,528739	79,800003	80,000000	1,340319E-1
2207,528739	79,800003	80,000000	1,340351E-1
2208,530105	79,800003	80,000000	1,340351E-1
2208,530105	79,800003	80,000000	1,340383E-1
2208,530105	79,800003	80,000000	1,340415E-1
2208,530105	79,800003	80,000000	1,340415E-1
2208,530105	79,800003	80,000000	1,340448E-1
2208,530105	79,800003	80,000000	1,340448E-1
2208,530105	79,800003	80,000000	1,340448E-1
2208,530105	79,800003	80,000000	1,340480E-1
2208,530105	79,800003	80,000000	1,340512E-1
2208,530105	79,800003	80,000000	1,340512E-1
2209,529557	80,300003	80,000000	1,340544E-1
2209,529557	80,300003	80,000000	1,339236E-1
2209,529557	80,300003	80,000000	1,339236E-1
2209,529557	80,300003	80,000000	1,339188E-1
2209,529557	80,300003	80,000000	1,339139E-1
2209,529557	80,300003	80,000000	1,339091E-1
2209,529557	80,300003	80,000000	1,339091E-1
2209,529557	80,300003	80,000000	1,339043E-1
2209,529557	80,300003	80,000000	1,339043E-1
2209,529557	80,300003	80,000000	1,338995E-1
2210,529953	80,300003	80,000000	1,338995E-1
2210,529953	80,000000	80,000000	1,339751E-1
2210,529953	80,000000	80,000000	1,339751E-1
2210,529953	80,000000	80,000000	1,339751E-1
2210,529953	80,000000	80,000000	1,339751E-1
2210,529953	80,000000	80,000000	1,339751E-1
2210,529953	80,000000	80,000000	1,339751E-1
2210,529953	80,000000	80,000000	1,339751E-1
2210,529953	80,000000	80,000000	1,339751E-1
2210,529953	80,000000	80,000000	1,339751E-1
2211,529407	80,000000	80,000000	1,339751E-1
2211,529407	79,900002	80,000000	1,339751E-1
2211,529407	79,900002	80,000000	1,340019E-1
2211,529407	79,900002	80,000000	1,340019E-1
2211,529407	79,900002	80,000000	1,340035E-1
2211,529407	79,900002	80,000000	1,340035E-1
2211,529407	79,900002	80,000000	1,340051E-1
2211,529407	79,900002	80,000000	1,340051E-1
2211,529407	79,900002	80,000000	1,340067E-1
2211,529407	79,900002	80,000000	1,340083E-1
2212,529828	79,900002	80,000000	1,340083E-1
2212,529828	79,900002	80,000000	1,340099E-1
2212,529828	80,099998	80,000000	1,340115E-1
2212,529828	80,099998	80,000000	1,339595E-1
2212,529828	80,099998	80,000000	1,339595E-1
2212,529828	80,099998	80,000000	1,339579E-1
2212,529828	80,099998	80,000000	1,339563E-1
2212,529828	80,099998	80,000000	1,339563E-1
2212,529828	80,099998	80,000000	1,339547E-1
2212,529828	80,099998	80,000000	1,339547E-1
2213,530242	80,099998	80,000000	1,339531E-1
2213,530242	79,800003	80,000000	1,339531E-1
2213,530242	79,800003	80,000000	1,340319E-1
2213,530242	79,800003	80,000000	1,340351E-1
2213,530242	79,800003	80,000000	1,340383E-1
2213,530242	79,800003	80,000000	1,340415E-1
2213,530242	79,800003	80,000000	1,340415E-1
2213,530242	79,800003	80,000000	1,340448E-1
2213,530242	79,800003	50,000000	1,260072E-1
2213,530242	79,800003	50,000000	1,260072E-1
2214,529675	79,800003	50,000000	1,255289E-1
2214,529675	79,800003	50,000000	1,250507E-1
2214,529675	80,000000	50,000000	1,245188E-1
2214,529675	80,000000	50,000000	1,245188E-1
2214,529675	80,000000	50,000000	1,245188E-1
2214,529675	80,000000	50,000000	1,240373E-1
2214,529675	80,000000	50,000000	1,240373E-1
2214,529675	80,000000	50,000000	1,235558E-1
2214,529675	80,000000	50,000000	1,230744E-1
2214,529675	80,000000	50,000000	1,225929E-1
2215,530090	80,000000	50,000000	1,221114E-1
2215,530090	80,000000	50,000000	1,216299E-1
2215,530090	80,000000	50,000000	1,216299E-1
2215,530090	80,000000	50,000000	1,211484E-1
2215,530090	80,000000	50,000000	1,206669E-1
2215,530090	80,000000	50,000000	1,201855E-1
2215,530090	80,000000	50,000000	1,197040E-1
2215,530090	80,000000	50,000000	1,192225E-1
2215,530090	67,599998	50,000000	1,192225E-1
2215,530090	67,599998	50,000000	1,192225E-1
2216,529523	67,599998	50,000000	1,220645E-1
2216,529523	67,599998	50,000000	1,220645E-1
2216,529523	67,599998	50,000000	1,217821E-1
2216,529523	67,599998	50,000000	1,214996E-1
2216,529523	67,599998	50,000000	1,212171E-1
2216,529523	67,599998	50,000000	1,209347E-1
2216,529523	67,599998	50,000000	1,206522E-1
2216,529523	67,599998	50,000000	1,203697E-1
2216,529523	67,599998	50,000000	1,203697E-1
2216,529523	65,500000	50,000000	1,200872E-1
2217,529684	65,500000	50,000000	1,203676E-1
2217,529684	65,500000	50,000000	1,201189E-1
2217,529684	65,500000	50,000000	1,201189E-1
2217,529684	65,500000	50,000000	1,198701E-1
2217,529684	65,500000	50,000000	1,198701E-1
2217,529684	65,500000	50,000000	1,198701E-1
2217,529684	65,500000	50,000000	1,196213E-1
2217,529684	65,500000	50,000000	1,193726E-1
2217,529684	65,500000	50,000000	1,193726E-1
2217,529684	65,500000	50,000000	1,191238E-1
2218,530159	65,500000	50,000000	1,188750E-1
2218,530159	65,500000	50,000000	1,186263E-1
2218,530159	65,500000	50,000000	1,186263E-1
2218,530159	65,500000	50,000000	1,183775E-1
2218,530159	65,500000	50,000000	1,183775E-1
2218,530159	65,500000	50,000000	1,181287E-1
2218,530159	65,500000	50,000000	1,178800E-1
2218,530159	65,500000	50,000000	1,178800E-1
2218,530159	64,699997	50,000000	1,176312E-1
2218,530159	64,699997	50,000000	1,176312E-1
2219,530563	64,699997	50,000000	1,175969E-1
2219,530563	64,699997	50,000000	1,175969E-1
2219,530563	64,699997	50,000000	1,173609E-1
2219,530563	64,699997	50,000000	1,171250E-1
2219,530563	64,699997	50,000000	1,168891E-1
2219,530563	64,699997	50,000000	1,166532E-1
2219,530563	64,699997	50,000000	1,166532E-1
2219,530563	64,699997	50,000000	1,164172E-1
2219,530563	64,699997	50,000000	1,161813E-1
2219,530563	64,699997	50,000000	1,159454E-1
2220,531968	64,699997	50,000000	1,159454E-1
2220,531968	63,000000	50,000000	1,157095E-1
2220,531968	63,000000	50,000000	1,159292E-1
2220,531968	63,000000	50,000000	1,159292E-1
2220,531968	63,000000	50,000000	1,157205E-1
2220,531968	63,000000	50,000000	1,157205E-1
2220,531968	63,000000	50,000000	1,155119E-1
2220,531968	63,000000	50,000000	1,155119E-1
2220,531968	63,000000	50,000000	1,153032E-1
2220,531968	63,000000	50,000000	1,150946E-1
2221,531404	63,000000	50,000000	1,148860E-1
2221,531404	63,000000	50,000000	1,148860E-1
2221,531404	61,500000	50,000000	1,146773E-1
2221,531404	61,500000	50,000000	1,148707E-1
2221,531404	61,500000	50,000000	1,146861E-1
2221,531404	61,500000	50,000000	1,146861E-1
2221,531404	61,500000	50,000000	1,145016E-1
2221,531404	61,500000	50,000000	1,143170E-1
2221,531404	61,500000	50,000000	1,143170E-1
2221,531404	61,500000	50,000000	1,143170E-1
2222,531832	61,500000	50,000000	1,141324E-1
2222,531832	61,500000	50,000000	1,141324E-1
2222,531832	61,500000	50,000000	1,139479E-1
2222,531832	60,400002	50,000000	1,137633E-1
2222,531832	60,400002	50,000000	1,138736E-1
2222,531832	60,400002	50,000000	1,137067E-1
2222,531832	60,400002	50,000000	1,137067E-1
2222,531832	60,400002	50,000000	1,135397E-1
2222,531832	60,400002	50,000000	1,135397E-1
2222,531832	60,400002	50,000000	1,133728E-1
2223,532255	60,400002	50,000000	1,132059E-1
2223,532255	60,400002	50,000000	1,132059E-1
2223,532255	59,799999	50,000000	1,130390E-1
2223,532255	59,799999	50,000000	1,130390E-1
2223,532255	59,799999	50,000000	1,130329E-1
2223,532255	59,799999	50,000000	1,130329E-1
2223,532255	59,799999	50,000000	1,128756E-1
2223,532255	59,799999	50,000000	1,127183E-1
2223,532255	59,799999	50,000000	1,125610E-1
2223,532255	59,799999	50,000000	1,125610E-1
2224,531711	59,799999	50,000000	1,124038E-1
2224,531711	59,799999	50,000000	1,124038E-1
2224,531711	59,099998	50,000000	1,122465E-1
2224,531711	59,099998	50,000000	1,122768E-1
2224,531711	59,099998	50,000000	1,121308E-1
2224,531711	59,099998	50,000000	1,121308E-1
2224,531711	59,099998	50,000000	1,119847E-1
2224,531711	59,099998	50,000000	1,118387E-1
2224,531711	59,099998	50,000000	1,118387E-1
2224,531711	59,099998	50,000000	1,116926E-1
2225,532090	59,099998	50,000000	1,116926E-1
2225,532090	59,099998	50,000000	1,115466E-1
2225,532090	59,099998	50,000000	1,115466E-1
2225,532090	58,299999	50,000000	1,116149E-1
2225,532090	58,299999	50,000000	1,114817E-1
2225,532090	58,299999	50,000000	1,113485E-1
2225,532090	58,299999	50,000000	1,113485E-1
2225,532090	58,299999	50,000000	1,112153E-1
2225,532090	58,299999	50,000000	1,110821E-1
2225,532090	58,299999	50,000000	1,109489E-1
2226,531583	58,299999	50,000000	1,109489E-1
2226,531583	58,299999	50,000000	1,108157E-1
2226,531583	58,299999	50,000000	1,106825E-1
2226,531583	58,299999	50,000000	1,106825E-1
2226,531583	58,299999	50,000000	1,105493E-1
2226,531583	58,299999	50,000000	1,105493E-1
2226,531583	57,400002	50,000000	1,105493E-1
2226,531583	57,400002	50,000000	1,106573E-1
2226,531583	57,400002	50,000000	1,105385E-1
2226,531583	57,400002	50,000000	1,104197E-1
2227,531904	57,400002	50,000000	1,103010E-1
2227,531904	57,400002	50,000000	1,103010E-1
2227,531904	57,400002	50,000000	1,101822E-1
2227,531904	57,400002	50,000000	1,100634E-1
2227,531904	57,400002	50,000000	1,099447E-1
2227,531904	57,400002	50,000000	1,099447E-1
2227,531904	57,000000	50,000000	1,098259E-1
2227,531904	57,000000	50,000000	1,098144E-1
2227,531904	57,000000	50,000000	1,098144E-1
2227,531904	57,000000	50,000000	1,098144E-1
2228,531426	57,000000	50,000000	1,097020E-1
2228,531426	57,000000	50,000000	1,097020E-1
2228,531426	57,000000	50,000000	1,095897E-1
2228,531426	57,000000	50,000000	1,094773E-1
2228,531426	57,000000	50,000000	1,093650E-1
2228,531426	57,000000	50,000000	1,092526E-1
2228,531426	57,000000	50,000000	1,092526E-1
2228,531426	56,299999	50,000000	1,091403E-1
2228,531426	56,299999	50,000000	1,092156E-1
2228,531426	56,299999	50,000000	1,091144E-1
2229,531862	56,299999	50,000000	1,091144E-1
2229,531862	56,299999	50,000000	1,090133E-1
2229,531862	56,299999	50,000000	1,089122E-1
2229,531862	56,299999	50,000000	1,089122E-1
2229,531862	56,299999	50,000000	1,088111E-1
2229,531862	56,299999	50,000000	1,088111E-1
2229,531862	56,000000	50,000000	1,088111E-1
2229,531862	56,000000	50,000000	1,087904E-1
2229,531862	56,000000	50,000000	1,086941E-1
2229,531862	56,000000	50,000000	1,085978E-1
2230,533262	56,000000	50,000000	1,085015E-1
2230,533262	56,000000	50,000000	1,084052E-1
2230,533262	56,000000	50,000000	1,084052E-1
2230,533262	56,000000	50,000000	1,083089E-1
2230,533262	56,000000	50,000000	1,082126E-1
2230,533262	56,000000	50,000000	1,081163E-1
2230,533262	56,000000	50,000000	1,081163E-1
2230,533262	56,000000	50,000000	1,080200E-1
2230,533262	56,000000	50,000000	1,079237E-1
2230,533262	56,000000	50,000000	1,079237E-1
2231,532651	56,000000	50,000000	1,078274E-1
2231,532651	55,500000	50,000000	1,078274E-1
2231,532651	55,500000	50,000000	1,078652E-1
2231,532651	55,500000	50,000000	1,077769E-1
2231,532651	55,500000	50,000000	1,076886E-1
2231,532651	55,500000	50,000000	1,076003E-1
2231,532651	55,500000	50,000000	1,076003E-1
2231,532651	55,500000	50,000000	1,075121E-1
2231,532651	55,500000	50,000000	1,074238E-1
2231,532651	55,500000	50,000000	1,074238E-1
2232,533082	55,500000	50,000000	1,073355E-1
2232,533082	55,500000	50,000000	1,072473E-1
2232,533082	55,500000	50,000000	1,072473E-1
2232,533082	54,800003	50,000000	1,071590E-1
2232,533082	54,800003	50,000000	1,071590E-1
2232,533082	54,800003	50,000000	1,072583E-1
2232,533082	54,800003	50,000000	1,072583E-1
2232,533082	54,800003	50,000000	1,071813E-1
2232,533082	54,800003	50,000000	1,071813E-1
2232,533082	54,800003	50,000000	1,071043E-1
2233,532486	54,800003	50,000000	1,070272E-1
2233,532486	54,800003	20,000000	1,070272E-1
2233,532486	54,800003	20,000000	9,890944E-2
2233,532486	54,299999	20,000000	9,835092E-2
2233,532486	54,299999	20,000000	9,792642E-2
2233,532486	54,299999	20,000000	9,792642E-2
2233,532486	54,299999	20,000000	9,737592E-2
2233,532486	54,299999	20,000000	9,682543E-2
2233,532486	54,299999	20,000000	9,682543E-2
2233,532486	54,299999	20,000000	9,627494E-2
2234,532925	54,299999	20,000000	9,627494E-2
2234,532925	54,299999	20,000000	9,572444E-2
2234,532925	54,299999	20,000000	9,572444E-2
2234,532925	48,300003	20,000000	9,517395E-2
2234,532925	48,300003	20,000000	9,623160E-2
2234,532925	48,300003	20,000000	9,623160E-2
2234,532925	48,300003	20,000000	9,577741E-2
2234,532925	48,300003	20,000000	9,532321E-2
2234,532925	48,300003	20,000000	9,486901E-2
2234,532925	48,300003	20,000000	9,486901E-2
2235,533393	48,300003	20,000000	9,441481E-2
2235,533393	48,300003	20,000000	9,396061E-2
2235,533393	48,300003	20,000000	9,396061E-2
2235,533393	46,200001	20,000000	9,350642E-2
2235,533393	46,200001	20,000000	9,350642E-2
2235,533393	46,200001	20,000000	9,361507E-2
2235,533393	46,200001	20,000000	9,361507E-2
2235,533393	46,200001	20,000000	9,319458E-2
2235,533393	46,200001	20,000000	9,319458E-2
2235,533393	46,200001	20,000000	9,277408E-2
2236,533755	46,200001	20,000000	9,235359E-2
2236,533755	46,200001	20,000000	9,235359E-2
2236,533755	46,200001	20,000000	9,193310E-2
2236,533755	46,200001	20,000000	9,151260E-2
2236,533755	44,500000	20,000000	9,154775E-2
2236,533755	44,500000	20,000000	9,154775E-2
2236,533755	44,500000	20,000000	9,115454E-2
2236,533755	44,500000	20,000000	9,076133E-2
2236,533755	44,500000	20,000000	9,076133E-2
2236,533755	44,500000	20,000000	9,036812E-2
2237,534185	44,500000	20,000000	9,036812E-2
2237,534185	44,500000	20,000000	8,997491E-2
2237,534185	44,500000	20,000000	8,958170E-2
2237,534185	44,500000	20,000000	8,958170E-2
2237,534185	44,500000	20,000000	8,918849E-2
2237,534185	44,500000	20,000000	8,879528E-2
2237,534185	44,500000	20,000000	8,840207E-2
2237,534185	44,500000	20,000000	8,840207E-2
2237,534185	44,500000	20,000000	8,800886E-2
2237,534185	44,500000	20,000000	8,761565E-2
2238,533669	44,500000	20,000000	8,722244E-2
2238,533669	44,500000	20,000000	8,722244E-2
2238,533669	42,500000	20,000000	8,682923E-2
2238,533669	42,500000	20,000000	8,682923E-2
2238,533669	42,500000	20,000000	8,697207E-2
2238,533669	42,500000	20,000000	8,697207E-2
2238,533669	42,500000	20,000000	8,697207E-2
2238,533669	42,500000	20,000000	8,661096E-2
2238,533669	42,500000	20,000000	8,624985E-2
2238,533669	42,500000	20,000000	8,588874E-2
2239,534071	42,500000	20,000000	8,588874E-2
2239,534071	42,500000	20,000000	8,552763E-2
2239,534071	41,400002	20,000000	8,516652E-2
2239,534071	41,400002	20,000000	8,510023E-2
2239,534071	41,400002	20,000000	8,510023E-2
2239,534071	41,400002	20,000000	8,475678E-2
2239,534071	41,400002	20,000000	8,441332E-2
2239,534071	41,400002	20,000000	8,441332E-2
2239,534071	41,400002	20,000000	8,406986E-2
2239,534071	41,400002	20,000000	8,406986E-2
2240,533496	41,400002	20,000000	8,406986E-2
2240,533496	41,400002	20,000000	8,372641E-2
2240,533496	40,500000	20,000000	8,338295E-2
2240,533496	40,500000	20,000000	8,338295E-2
2240,533496	40,500000	20,000000	8,328071E-2
2240,533496	40,500000	20,000000	8,295170E-2
2240,533496	40,500000	20,000000	8,262269E-2
2240,533496	40,500000	20,000000	8,262269E-2
2240,533496	40,500000	20,000000	8,229368E-2
2240,533496	40,500000	20,000000	8,196466E-2
2241,533954	40,500000	20,000000	8,163565E-2
2241,533954	40,500000	20,000000	8,163565E-2
2241,533954	39,800003	20,000000	8,130664E-2
2241,533954	39,800003	20,000000	8,130664E-2
2241,533954	39,800003	20,000000	8,116524E-2
2241,533954	39,800003	20,000000	8,116524E-2
2241,533954	39,800003	20,000000	8,084747E-2
2241,533954	39,800003	20,000000	8,052969E-2
2241,533954	39,800003	20,000000	8,021191E-2
2241,533954	39,800003	20,000000	7,989413E-2
2242,534319	39,800003	20,000000	7,989413E-2
2242,534319	39,800003	20,000000	7,957636E-2
2242,534319	39,800003	20,000000	7,925858E-2
2242,534319	39,099998	20,000000	7,925858E-2
2242,534319	39,099998	20,000000	7,912842E-2
2242,534319	39,099998	20,000000	7,882187E-2
2242,534319	39,099998	20,000000	7,851533E-2
2242,534319	39,099998	20,000000	7,820879E-2
2242,534319	39,099998	20,000000	7,820879E-2
2242,534319	39,099998	20,000000	7,820879E-2
2243,533725	39,099998	20,000000	7,790225E-2
2243,533725	39,099998	20,000000	7,790225E-2
2243,533725	39,099998	20,000000	7,759570E-2
2243,533725	39,099998	20,000000	7,759570E-2
2243,533725	39,099998	20,000000	7,728916E-2
2243,533725	39,099998	20,000000	7,698262E-2
2243,533725	39,099998	20,000000	7,698262E-2
2243,533725	39,099998	20,000000	7,667607E-2
2243,533725	39,099998	20,000000	7,636953E-2
2243,533725	39,099998	20,000000	7,636953E-2
2244,534184	39,099998	20,000000	7,606299E-2
2244,534184	37,800003	20,000000	7,575644E-2
2244,534184	37,800003	20,000000	7,575644E-2
2244,534184	37,800003	20,000000	7,579833E-2
2244,534184	37,800003	20,000000	7,579833E-2
2244,534184	37,800003	20,000000	7,579833E-2
2244,534184	37,800003	20,000000	7,551265E-2
2244,534184	37,800003	20,000000	7,522697E-2
2244,534184	37,800003	20,000000	7,522697E-2
2244,534184	37,800003	20,000000	7,494129E-2
2245,533648	37,199997	20,000000	7,465561E-2
2245,533648	37,199997	20,000000	7,465561E-2
2245,533648	37,199997	20,000000	7,453075E-2
2245,533648	37,199997	20,000000	7,425470E-2
2245,533648	37,199997	20,000000	7,397865E-2
2245,533648	37,199997	20,000000	7,397865E-2
2245,533648	37,199997	20,000000	7,370260E-2
2245,533648	37,199997	20,000000	7,342655E-2
2245,533648	37,199997	20,000000	7,342655E-2
2245,533648	37,199997	20,000000	7,315051E-2
2246,535102	37,199997	20,000000	7,315051E-2
2246,535102	36,700001	20,000000	7,300847E-2
2246,535102	36,700001	20,000000	7,300847E-2
2246,535102	36,700001	20,000000	7,274044E-2
2246,535102	36,700001	20,000000	7,247242E-2
2246,535102	36,700001	20,000000	7,220439E-2
2246,535102	36,700001	20,000000	7,193637E-2
2246,535102	36,700001	20,000000	7,193637E-2
2246,535102	36,700001	20,000000	7,166834E-2
2246,535102	36,700001	20,000000	7,166834E-2
2247,535515	36,700001	20,000000	7,140032E-2
2247,535515	36,099998	20,000000	7,113229E-2
2247,535515	36,099998	20,000000	7,113229E-2
2247,535515	36,099998	20,000000	7,102508E-2
2247,535515	36,099998	20,000000	7,102508E-2
2247,535515	36,099998	20,000000	7,076669E-2
2247,535515	36,099998	20,000000	7,076669E-2
2247,535515	36,099998	20,000000	7,050829E-2
2247,535515	36,099998	20,000000	7,024990E-2
2247,535515	36,099998	20,000000	6,999150E-2
2248,535890	36,099998	20,000000	6,999150E-2
2248,535890	35,700001	20,000000	6,973311E-2
2248,535890	35,700001	20,000000	6,958192E-2
2248,535890	35,700001	20,000000	6,932995E-2
2248,535890	35,700001	20,000000	6,907797E-2
2248,535890	35,700001	20,000000	6,907797E-2
2248,535890	35,700001	20,000000	6,882600E-2
2248,535890	35,700001	20,000000	6,857402E-2
2248,535890	35,700001	20,000000	6,857402E-2
2248,535890	35,700001	20,000000	6,832205E-2
2249,536274	35,700001	20,000000	6,832205E-2
2249,536274	35,700001	20,000000	6,807007E-2
2249,536274	35,700001	20,000000	6,807007E-2
2249,536274	35,700001	20,000000	6,781810E-2
2249,536274	35,700001	20,000000	6,756612E-2
2249,536274	35,700001	20,000000	6,731415E-2
2249,536274	35,700001	20,000000	6,706217E-2
2249,536274	35,700001	20,000000	6,706217E-2
2249,536274	34,900002	20,000000	6,681020E-2
2249,536274	34,900002	20,000000	6,681020E-2
2250,536704	34,900002	20,000000	6,677264E-2
2250,536704	34,900002	20,000000	6,653350E-2
2250,536704	34,900002	20,000000	6,629437E-2
2250,536704	34,900002	20,000000	6,629437E-2
2250,536704	34,900002	20,000000	6,629437E-2
2250,536704	34,900002	20,000000	6,605523E-2
2250,536704	34,900002	20,000000	6,605523E-2
2250,536704	34,900002	20,000000	6,581610E-2
2250,536704	34,900002	20,000000	0,000000E+0
2250,536704	34,800003	20,000000	0,000000E+0
2251,538134	34,800003	20,000000	0,000000E+0
2251,538134	34,800003	20,000000	0,000000E+0
2251,538134	34,800003	20,000000	0,000000E+0
2251,538134	34,800003	20,000000	0,000000E+0
2251,538134	34,800003	20,000000	0,000000E+0
2251,538134	34,800003	20,000000	0,000000E+0
2251,538134	34,800003	20,000000	0,000000E+0
2251,538134	34,800003	20,000000	0,000000E+0
2251,538134	34,800003	20,000000	0,000000E+0
2251,538134	30,900000	20,000000	0,000000E+0
2252,537572	30,900000	20,000000	0,000000E+0
2252,537572	30,900000	20,000000	0,000000E+0
2252,537572	30,900000	20,000000	0,000000E+0
2252,537572	30,900000	20,000000	0,000000E+0
2252,537572	30,900000	20,000000	0,000000E+0
2252,537572	30,900000	20,000000	0,000000E+0
2252,537572	30,900000	20,000000	0,000000E+0
2252,537572	30,900000	20,000000	0,000000E+0
2252,537572	30,900000	20,000000	0,000000E+0
2252,537572	30,900000	20,000000	0,000000E+0
2253,537924	25,400002	20,000000	0,000000E+0
2253,537924	25,400002	20,000000	0,000000E+0
2253,537924	25,400002	20,000000	0,000000E+0
2253,537924	25,400002	20,000000	0,000000E+0
2253,537924	25,400002	20,000000	0,000000E+0
2253,537924	25,400002	20,000000	0,000000E+0
2253,537924	25,400002	20,000000	0,000000E+0
2253,537924	25,400002	20,000000	0,000000E+0
2253,537924	25,400002	20,000000	0,000000E+0
2253,537924	25,400002	20,000000	0,000000E+0
2254,538266	25,400002	20,000000	0,000000E+0
2254,538266	24,700001	20,000000	0,000000E+0
2254,538266	24,700001	20,000000	0,000000E+0
2254,538266	24,700001	20,000000	0,000000E+0
2254,538266	24,700001	20,000000	0,000000E+0
2254,538266	24,700001	20,000000	0,000000E+0
2254,538266	24,700001	20,000000	0,000000E+0
2254,538266	24,700001	20,000000	0,000000E+0
2254,538266	24,700001	20,000000	0,000000E+0
2254,538266	24,700001	20,000000	0,000000E+0
2255,537710	24,700001	20,000000	0,000000E+0
2255,537710	24,700001	20,000000	0,000000E+0
2255,537710	24,700001	20,000000	0,000000E+0
2255,537710	24,700001	20,000000	0,000000E+0
2255,537710	27,200001	20,000000	0,000000E+0
2255,537710	27,200001	20,000000	0,000000E+0
2255,537710	27,200001	20,000000	0,000000E+0
2255,537710	27,200001	20,000000	0,000000E+0
2255,537710	27,200001	20,000000	0,000000E+0
2255,537710	27,200001	20,000000	0,000000E+0
2256,537750	27,200001	20,000000	0,000000E+0
2256,537750	27,200001	20,000000	0,000000E+0
2256,537750	27,200001	20,000000	0,000000E+0
2256,537750	27,200001	20,000000	0,000000E+0
2256,537750	26,799999	20,000000	0,000000E+0
2256,537750	26,799999	20,000000	0,000000E+0
2256,537750	26,799999	20,000000	0,000000E+0
2256,537750	26,799999	20,000000	0,000000E+0
2256,537750	26,799999	20,000000	0,000000E+0
2256,537750	26,799999	20,000000	0,000000E+0
2257,538129	26,799999	20,000000	0,000000E+0
2257,538129	26,799999	20,000000	0,000000E+0
2257,538129	26,799999	20,000000	0,000000E+0
2257,538129	26,000000	20,000000	0,000000E+0
2257,538129	26,000000	20,000000	0,000000E+0
2257,538129	26,000000	20,000000	0,000000E+0
2257,538129	26,000000	20,000000	0,000000E+0
2257,538129	26,000000	20,000000	0,000000E+0
2257,538129	26,000000	20,000000	0,000000E+0
2257,538129	26,000000	20,000000	0,000000E+0
2258,537568	26,000000	20,000000	0,000000E+0
2258,537568	26,000000	20,000000	0,000000E+0
2258,537568	26,000000	20,000000	0,000000E+0
2258,537568	26,299999	20,000000	0,000000E+0
2258,537568	26,299999	20,000000	0,000000E+0
2258,537568	26,299999	20,000000	0,000000E+0
2258,537568	26,299999	20,000000	0,000000E+0
2258,537568	26,299999	20,000000	0,000000E+0
2258,537568	26,299999	20,000000	0,000000E+0
2258,537568	26,299999	20,000000	0,000000E+0
2259,537957	26,299999	20,000000	0,000000E+0
2259,537957	26,299999	20,000000	0,000000E+0
2259,537957	26,299999	20,000000	0,000000E+0
2259,537957	26,299999	20,000000	0,000000E+0
2259,537957	26,299999	20,000000	0,000000E+0
2259,537957	26,400000	20,000000	0,000000E+0
2259,537957	26,400000	20,000000	0,000000E+0
2259,537957	26,400000	20,000000	0,000000E+0
2259,537957	26,400000	20,000000	0,000000E+0
2259,537957	26,400000	20,000000	0,000000E+0
2260,538468	26,400000	20,000000	0,000000E+0
2260,538468	26,400000	20,000000	0,000000E+0
2260,538468	26,400000	20,000000	0,000000E+0
2260,538468	26,400000	20,000000	0,000000E+0
2260,538468	26,400000	20,000000	0,000000E+0
2260,538468	26,400000	20,000000	0,000000E+0
2260,538468	26,400000	20,000000	0,000000E+0
2260,538468	26,400000	20,000000	0,000000E+0
2260,538468	26,400000	20,000000	0,000000E+0
2260,538468	26,400000	20,000000	0,000000E+0
2261,538866	26,400000	20,000000	0,000000E+0
2261,538866	25,900000	20,000000	0,000000E+0
2261,538866	25,900000	20,000000	0,000000E+0
2261,538866	25,900000	20,000000	0,000000E+0
2261,538866	25,900000	20,000000	0,000000E+0
2261,538866	25,900000	20,000000	0,000000E+0
2261,538866	25,900000	20,000000	0,000000E+0
2261,538866	25,900000	20,000000	0,000000E+0
2261,538866	25,900000	20,000000	0,000000E+0
2261,538866	26,400000	20,000000	0,000000E+0
2262,539250	26,400000	20,000000	0,000000E+0
2262,539250	26,400000	20,000000	0,000000E+0
2262,539250	26,400000	20,000000	0,000000E+0
2262,539250	26,400000	20,000000	0,000000E+0
2262,539250	26,400000	20,000000	0,000000E+0
2262,539250	26,400000	20,000000	0,000000E+0
2262,539250	26,400000	20,000000	0,000000E+0
2262,539250	26,400000	20,000000	0,000000E+0
2262,539250	26,400000	20,000000	0,000000E+0
2262,539250	26,400000	20,000000	0,000000E+0
2263,538756	26,400000	20,000000	0,000000E+0
2263,538756	26,400000	20,000000	0,000000E+0
2263,538756	26,400000	20,000000	0,000000E+0
2263,538756	26,400000	20,000000	0,000000E+0
2263,538756	26,400000	20,000000	0,000000E+0
2263,538756	26,400000	20,000000	0,000000E+0
2263,538756	26,400000	20,000000	0,000000E+0
2263,538756	26,400000	20,000000	0,000000E+0
2263,538756	26,400000	20,000000	0,000000E+0
2263,538756	26,000000	20,000000	0,000000E+0
2264,539121	26,000000	20,000000	0,000000E+0
2264,539121	26,000000	20,000000	0,000000E+0
2264,539121	26,000000	20,000000	0,000000E+0
2264,539121	26,000000	20,000000	0,000000E+0
2264,539121	26,000000	20,000000	0,000000E+0
2264,539121	26,000000	20,000000	0,000000E+0
2264,539121	26,000000	20,000000	0,000000E+0
2264,539121	26,000000	20,000000	0,000000E+0
2264,539121	26,000000	20,000000	0,000000E+0
2264,539121	26,000000	20,000000	0,000000E+0
2265,538553	26,400000	20,000000	0,000000E+0
2265,538553	26,400000	20,000000	0,000000E+0
2265,538553	26,400000	20,000000	0,000000E+0
2265,538553	26,400000	20,000000	0,000000E+0
2265,538553	26,400000	20,000000	0,000000E+0
2265,538553	26,400000	20,000000	0,000000E+0
2265,538553	26,400000	20,000000	0,000000E+0
2265,538553	26,400000	20,000000	0,000000E+0
2265,538553	26,400000	20,000000	0,000000E+0
2265,538553	26,400000	20,000000	0,000000E+0
2266,538992	26,400000	20,000000	0,000000E+0
2266,538992	26,400000	20,000000	0,000000E+0
2266,538992	26,400000	20,000000	0,000000E+0
2266,538992	26,400000	20,000000	0,000000E+0
2266,538992	26,400000	20,000000	0,000000E+0
2266,538992	26,299999	20,000000	0,000000E+0
2266,538992	26,299999	20,000000	0,000000E+0
2266,538992	26,299999	20,000000	0,000000E+0
2266,538992	26,299999	20,000000	0,000000E+0
2266,538992	26,299999	20,000000	0,000000E+0
2267,539397	26,299999	20,000000	0,000000E+0
2267,539397	26,299999	20,000000	0,000000E+0
2267,539397	26,299999	20,000000	0,000000E+0
2267,539397	26,299999	20,000000	0,000000E+0
2267,539397	26,299999	20,000000	0,000000E+0
2267,539397	26,299999	20,000000	0,000000E+0
2267,539397	26,299999	20,000000	0,000000E+0
2267,539397	26,299999	20,000000	0,000000E+0
2267,539397	26,299999	20,000000	0,000000E+0
2267,539397	26,299999	20,000000	0,000000E+0
2268,539800	26,299999	20,000000	0,000000E+0
2268,539800	26,299999	20,000000	0,000000E+0
2268,539800	26,299999	20,000000	0,000000E+0
2268,539800	26,299999	20,000000	0,000000E+0
2268,539800	24,299999	20,000000	0,000000E+0
2268,539800	24,299999	20,000000	0,000000E+0
2268,539800	24,299999	20,000000	0,000000E+0
2268,539800	24,299999	20,000000	0,000000E+0
2268,539800	24,299999	20,000000	0,000000E+0
2268,539800	24,299999	20,000000	0,000000E+0
2269,541237	24,299999	20,000000	0,000000E+0
2269,541237	24,299999	20,000000	0,000000E+0
2269,541237	24,299999	20,000000	0,000000E+0
2269,541237	24,299999	20,000000	0,000000E+0
2269,541237	24,299999	20,000000	0,000000E+0
2269,541237	4,200000	20,000000	0,000000E+0
2269,541237	4,200000	20,000000	0,000000E+0
2269,541237	4,200000	20,000000	0,000000E+0
2269,541237	4,200000	20,000000	0,000000E+0
2269,541237	4,200000	20,000000	0,000000E+0
2270,540645	4,200000	20,000000	0,000000E+0
2270,540645	4,200000	20,000000	0,000000E+0
2270,540645	4,200000	20,000000	0,000000E+0
2270,540645	4,200000	20,000000	0,000000E+0
2270,540645	0,300000	20,000000	0,000000E+0
2270,540645	0,300000	20,000000	0,000000E+0
2270,540645	0,300000	20,000000	0,000000E+0
2270,540645	0,300000	20,000000	0,000000E+0
2270,540645	0,300000	20,000000	0,000000E+0
2270,540645	0,300000	20,000000	0,000000E+0
2271,541075	0,300000	20,000000	0,000000E+0
2271,541075	0,300000	20,000000	0,000000E+0
2271,541075	0,300000	20,000000	0,000000E+0
2271,541075	0,300000	20,000000	0,000000E+0
2271,541075	0,300000	20,000000	0,000000E+0
2271,541075	0,300000	20,000000	0,000000E+0
2271,541075	0,300000	20,000000	0,000000E+0
2271,541075	0,300000	20,000000	0,000000E+0
2271,541075	0,400000	20,000000	0,000000E+0
2271,541075	0,400000	20,000000	0,000000E+0
2272,540481	0,400000	20,000000	0,000000E+0
2272,540481	0,400000	20,000000	0,000000E+0
2272,540481	0,400000	20,000000	0,000000E+0
2272,540481	0,400000	20,000000	0,000000E+0
2272,540481	0,400000	20,000000	0,000000E+0
2272,540481	0,400000	20,000000	0,000000E+0
2272,540481	0,400000	20,000000	0,000000E+0
2272,540481	0,400000	20,000000	0,000000E+0
2272,540481	0,400000	20,000000	0,000000E+0
2272,540481	0,400000	20,000000	0,000000E+0
2273,540931	0,400000	20,000000	0,000000E+0
2273,540931	0,400000	20,000000	0,000000E+0
2273,540931	0,400000	20,000000	0,000000E+0
2273,540931	0,400000	20,000000	0,000000E+0
2273,540931	0,400000	20,000000	0,000000E+0
2273,540931	0,400000	20,000000	0,000000E+0
2273,540931	0,400000	20,000000	0,000000E+0
2273,540931	0,400000	20,000000	0,000000E+0
2273,540931	0,400000	20,000000	0,000000E+0
2273,540931	0,000000	20,000000	0,000000E+0
2274,540360	0,000000	20,000000	0,000000E+0
2274,540360	0,000000	20,000000	0,000000E+0
