t	IF	IR	VF	VR	VelSP	VelRE
110,028	0,000	0,000	3,000E-1	2,400E+1	0,000E+0	2,039E+3
0,006	0,000	0,000	3,000E-1	2,400E+1	0,000E+0	0,000E+0
1,005	0,000	0,000	3,000E-1	2,400E+1	0,000E+0	0,000E+0
2,005	0,000	0,000	3,000E-1	2,400E+1	0,000E+0	0,000E+0
3,005	0,000	0,000	3,000E-1	2,400E+1	0,000E+0	0,000E+0
4,005	0,000	0,000	3,000E-1	2,400E+1	0,000E+0	0,000E+0
5,005	0,000	0,000	3,000E-1	2,400E+1	0,000E+0	0,000E+0
6,005	0,000	0,000	3,000E-1	2,400E+1	0,000E+0	0,000E+0
7,005	0,000	0,000	3,000E-1	2,400E+1	0,000E+0	0,000E+0
8,005	0,000	0,000	3,000E-1	2,400E+1	0,000E+0	0,000E+0
9,006	0,000	0,000	3,000E-1	2,400E+1	0,000E+0	0,000E+0
10,007	0,000	0,000	3,000E-1	2,400E+1	0,000E+0	0,000E+0
11,007	0,000	0,000	3,000E-1	2,400E+1	0,000E+0	0,000E+0
12,008	0,000	0,000	3,000E-1	2,400E+1	0,000E+0	0,000E+0
13,008	0,000	0,000	3,000E-1	2,400E+1	0,000E+0	0,000E+0
14,009	0,000	0,000	3,000E-1	2,400E+1	0,000E+0	0,000E+0
15,009	0,000	0,000	3,000E-1	2,400E+1	0,000E+0	0,000E+0
16,009	0,000	0,000	3,000E-1	2,400E+1	3,500E+3	0,000E+0
17,009	0,000	0,100	3,000E-1	2,400E+1	3,500E+3	0,000E+0
18,010	0,000	0,100	3,000E-1	2,400E+1	3,500E+3	0,000E+0
19,011	0,000	0,100	3,000E-1	2,400E+1	3,500E+3	0,000E+0
20,011	0,000	0,100	3,000E-1	2,400E+1	3,500E+3	0,000E+0
21,011	0,000	0,100	3,000E-1	2,400E+1	3,500E+3	0,000E+0
22,011	0,000	0,100	3,000E-1	2,400E+1	3,500E+3	0,000E+0
23,011	0,000	0,100	3,000E-1	2,400E+1	3,500E+3	0,000E+0
24,010	0,000	0,100	3,000E-1	2,400E+1	3,500E+3	5,160E+2
25,011	0,000	0,100	3,000E-1	2,400E+1	3,500E+3	3,087E+3
26,011	0,000	0,100	3,000E-1	2,400E+1	3,500E+3	3,750E+3
27,011	0,000	0,100	3,000E-1	2,400E+1	3,500E+3	3,423E+3
28,011	0,000	0,100	3,000E-1	2,400E+1	3,500E+3	3,357E+3
29,012	0,000	0,100	3,000E-1	2,400E+1	3,500E+3	3,522E+3
30,013	0,000	0,100	3,000E-1	2,400E+1	3,500E+3	3,498E+3
31,014	0,000	0,100	3,000E-1	2,400E+1	3,500E+3	3,507E+3
32,015	0,000	0,100	3,000E-1	2,400E+1	3,500E+3	3,504E+3
33,015	0,000	0,100	3,000E-1	2,400E+1	3,500E+3	3,492E+3
34,016	0,000	0,100	3,000E-1	2,400E+1	3,500E+3	3,494E+3
35,017	0,000	0,100	3,000E-1	2,400E+1	3,500E+3	3,493E+3
36,017	0,000	0,100	3,000E-1	2,400E+1	3,500E+3	3,512E+3
37,017	0,000	0,100	3,000E-1	2,400E+1	3,500E+3	3,487E+3
38,017	0,000	0,100	3,000E-1	2,400E+1	3,500E+3	3,520E+3
39,018	0,000	0,100	3,000E-1	2,400E+1	3,500E+3	3,486E+3
40,018	0,000	0,100	3,000E-1	2,400E+1	3,500E+3	3,494E+3
41,018	0,000	0,100	3,000E-1	2,400E+1	3,500E+3	3,499E+3
42,019	0,000	0,100	3,000E-1	2,400E+1	3,500E+3	3,495E+3
43,020	0,000	0,100	3,000E-1	2,400E+1	3,500E+3	3,498E+3
44,020	0,000	0,100	3,000E-1	2,400E+1	3,500E+3	3,502E+3
45,020	0,000	0,100	3,000E-1	2,400E+1	3,500E+3	3,503E+3
46,020	0,000	0,100	3,000E-1	2,400E+1	3,500E+3	3,531E+3
47,020	0,000	0,100	3,000E-1	2,400E+1	3,500E+3	3,500E+3
48,020	0,000	0,100	3,000E-1	2,400E+1	3,500E+3	3,498E+3
49,020	0,000	0,100	3,000E-1	2,400E+1	3,500E+3	3,458E+3
50,021	0,000	0,100	3,000E-1	2,400E+1	3,500E+3	3,497E+3
51,023	0,000	0,100	3,000E-1	2,400E+1	3,500E+3	3,494E+3
52,023	0,000	0,100	3,000E-1	2,400E+1	3,500E+3	3,501E+3
53,023	0,000	0,100	3,000E-1	2,400E+1	2,700E+3	3,217E+3
54,023	0,000	0,100	3,000E-1	2,400E+1	2,700E+3	2,708E+3
55,023	0,000	0,100	3,000E-1	2,400E+1	2,700E+3	2,295E+3
56,023	0,000	0,100	3,000E-1	2,400E+1	2,700E+3	2,324E+3
57,024	0,000	0,100	3,000E-1	2,400E+1	2,700E+3	2,709E+3
58,024	0,000	0,100	3,000E-1	2,400E+1	2,700E+3	2,749E+3
59,024	0,000	0,100	3,000E-1	2,400E+1	2,700E+3	2,706E+3
60,024	0,000	0,100	3,000E-1	2,400E+1	2,700E+3	2,684E+3
61,024	0,000	0,100	3,000E-1	2,400E+1	2,700E+3	2,706E+3
62,024	0,000	0,100	3,000E-1	2,400E+1	2,700E+3	2,701E+3
63,024	0,000	0,100	3,000E-1	2,400E+1	2,700E+3	2,699E+3
64,025	0,000	0,100	3,000E-1	2,400E+1	2,700E+3	2,701E+3
65,026	0,000	0,100	3,000E-1	2,400E+1	2,700E+3	2,694E+3
66,026	0,000	0,100	3,000E-1	2,400E+1	2,700E+3	2,697E+3
67,026	0,000	0,100	3,000E-1	2,400E+1	2,700E+3	2,692E+3
68,027	0,000	0,100	3,000E-1	2,400E+1	2,700E+3	2,706E+3
69,027	0,000	0,100	3,000E-1	2,400E+1	2,700E+3	2,702E+3
70,028	0,000	0,100	3,000E-1	2,400E+1	2,700E+3	2,707E+3
71,029	0,000	0,100	3,000E-1	2,400E+1	2,700E+3	2,703E+3
72,029	0,000	0,100	3,000E-1	2,400E+1	2,700E+3	2,702E+3
73,029	0,000	0,100	3,000E-1	2,400E+1	2,700E+3	2,710E+3
74,029	0,000	0,100	3,000E-1	2,400E+1	2,700E+3	2,695E+3
75,029	0,000	0,100	3,000E-1	2,400E+1	2,700E+3	2,692E+3
76,030	0,000	0,100	3,000E-1	2,400E+1	2,700E+3	2,696E+3
77,030	0,000	0,100	3,000E-1	2,400E+1	2,700E+3	2,703E+3
78,031	0,000	0,100	3,000E-1	2,400E+1	2,700E+3	2,592E+3
79,031	0,000	0,100	1,198E+1	2,400E+1	2,700E+3	2,684E+3
80,032	0,100	0,100	5,400E+0	2,400E+1	2,700E+3	2,697E+3
81,033	0,100	0,100	5,400E+0	2,400E+1	2,700E+3	2,697E+3
82,033	0,100	0,100	5,400E+0	2,400E+1	2,700E+3	2,705E+3
83,033	0,100	0,100	5,410E+0	2,400E+1	2,700E+3	2,701E+3
84,033	0,100	0,100	5,400E+0	2,400E+1	2,700E+3	2,699E+3
85,034	0,100	0,100	5,400E+0	2,400E+1	2,700E+3	2,702E+3
86,034	0,100	0,100	5,400E+0	2,400E+1	2,700E+3	2,697E+3
87,034	0,104	0,100	5,400E+0	2,400E+1	2,700E+3	2,697E+3
88,034	0,104	0,100	5,710E+0	2,400E+1	2,700E+3	2,711E+3
89,035	0,110	0,100	5,940E+0	2,400E+1	2,700E+3	2,707E+3
90,036	0,114	0,100	5,940E+0	2,400E+1	2,700E+3	2,692E+3
91,037	0,114	0,100	6,180E+0	2,400E+1	2,700E+3	2,705E+3
92,037	0,120	0,100	6,530E+0	2,400E+1	2,700E+3	2,706E+3
93,037	0,122	0,100	6,530E+0	2,400E+1	2,700E+3	2,701E+3
94,038	0,122	0,100	6,600E+0	2,400E+1	2,700E+3	2,691E+3
95,038	0,126	0,100	6,790E+0	2,400E+1	2,700E+3	2,692E+3
96,037	0,128	0,100	6,790E+0	2,400E+1	2,700E+3	2,706E+3
97,038	0,128	0,100	6,910E+0	2,400E+1	2,700E+3	2,705E+3
98,039	0,130	0,100	6,970E+0	2,400E+1	2,700E+3	2,716E+3
99,040	0,132	0,100	6,970E+0	2,400E+1	2,700E+3	2,693E+3
100,041	0,132	0,100	7,070E+0	2,400E+1	2,700E+3	2,701E+3
101,042	0,133	0,100	7,120E+0	2,400E+1	2,700E+3	2,699E+3
102,042	0,135	0,100	7,200E+0	2,400E+1	2,700E+3	2,701E+3
103,042	0,135	0,100	7,200E+0	2,400E+1	2,700E+3	2,701E+3
104,042	0,136	0,100	7,260E+0	2,400E+1	2,700E+3	2,702E+3
105,042	0,137	0,100	7,260E+0	2,400E+1	2,700E+3	2,697E+3
106,042	0,137	0,100	7,290E+0	2,400E+1	2,700E+3	2,690E+3
107,043	0,137	0,100	7,340E+0	2,400E+1	2,700E+3	2,701E+3
108,043	0,138	0,100	7,380E+0	2,400E+1	2,700E+3	2,697E+3
109,043	0,138	0,100	7,380E+0	2,400E+1	2,700E+3	2,697E+3
110,043	0,138	0,100	7,400E+0	2,400E+1	2,700E+3	2,702E+3
111,043	0,139	0,100	7,420E+0	2,400E+1	2,700E+3	2,704E+3
112,044	0,139	0,100	7,420E+0	2,400E+1	2,700E+3	2,700E+3
113,044	0,139	0,100	7,440E+0	2,400E+1	2,700E+3	2,605E+3
114,044	0,162	0,100	7,440E+0	2,400E+1	2,700E+3	2,683E+3
115,044	0,162	0,100	8,680E+0	2,400E+1	2,700E+3	2,714E+3
116,045	0,158	0,100	8,440E+0	2,400E+1	2,700E+3	2,692E+3
117,046	0,164	0,100	8,740E+0	2,400E+1	2,700E+3	2,705E+3
118,046	0,164	0,100	8,740E+0	2,400E+1	2,700E+3	2,684E+3
119,046	0,167	0,100	8,890E+0	2,400E+1	2,700E+3	2,708E+3
120,047	0,168	0,100	8,890E+0	2,400E+1	2,700E+3	2,701E+3
121,047	0,168	0,100	8,950E+0	2,400E+1	2,700E+3	2,700E+3
122,047	0,170	0,100	9,020E+0	2,400E+1	2,700E+3	2,706E+3
123,048	0,171	0,100	9,020E+0	2,400E+1	2,700E+3	2,692E+3
124,048	0,171	0,100	9,110E+0	2,400E+1	2,700E+3	2,701E+3
125,048	0,172	0,100	9,160E+0	2,400E+1	2,700E+3	2,708E+3
126,049	0,173	0,100	9,180E+0	2,400E+1	2,700E+3	2,697E+3
127,050	0,173	0,100	9,180E+0	2,400E+1	2,700E+3	2,701E+3
128,051	0,173	0,100	9,200E+0	2,400E+1	2,700E+3	2,702E+3
129,051	0,174	0,100	9,200E+0	2,400E+1	2,700E+3	2,708E+3
130,052	0,174	0,100	9,240E+0	2,400E+1	2,700E+3	2,703E+3
131,052	0,174	0,100	9,260E+0	2,400E+1	2,700E+3	2,698E+3
132,052	0,175	0,100	9,260E+0	2,400E+1	2,700E+3	2,706E+3
133,053	0,175	0,100	9,290E+0	2,400E+1	2,700E+3	2,713E+3
134,054	0,175	0,100	9,300E+0	2,400E+1	2,700E+3	2,686E+3
135,054	0,176	0,100	9,300E+0	2,400E+1	2,700E+3	2,702E+3
136,054	0,176	0,100	9,320E+0	2,400E+1	2,700E+3	2,704E+3
137,054	0,176	0,100	9,330E+0	2,400E+1	2,700E+3	2,703E+3
138,054	0,176	0,100	9,330E+0	2,400E+1	2,700E+3	2,700E+3
139,054	0,176	0,100	9,330E+0	2,400E+1	2,700E+3	2,700E+3
140,054	0,176	0,100	9,350E+0	2,400E+1	2,700E+3	2,703E+3
141,054	0,176	0,100	9,360E+0	2,400E+1	2,700E+3	2,697E+3
142,056	0,176	0,100	9,360E+0	2,400E+1	2,700E+3	2,698E+3
143,055	0,177	0,100	9,370E+0	2,400E+1	2,700E+3	2,693E+3
144,055	0,177	0,100	9,370E+0	2,400E+1	2,700E+3	2,701E+3
145,055	0,177	0,100	9,380E+0	2,400E+1	2,700E+3	2,693E+3
146,056	0,177	0,100	9,380E+0	2,400E+1	2,700E+3	2,692E+3
147,056	0,177	0,100	9,390E+0	2,400E+1	2,700E+3	2,703E+3
148,056	0,177	0,100	9,390E+0	2,400E+1	2,700E+3	2,701E+3
149,058	0,177	0,100	9,400E+0	2,400E+1	2,700E+3	2,707E+3
150,058	0,177	0,100	9,400E+0	2,400E+1	2,700E+3	2,702E+3
151,059	0,177	0,100	9,400E+0	2,400E+1	2,700E+3	2,691E+3
152,059	0,177	0,100	9,410E+0	2,400E+1	2,700E+3	2,705E+3
153,060	0,177	0,100	9,420E+0	2,400E+1	2,700E+3	2,708E+3
154,060	0,177	0,100	9,420E+0	2,400E+1	2,700E+3	2,705E+3
155,061	0,177	0,100	9,410E+0	2,400E+1	2,700E+3	2,701E+3
156,061	0,177	0,100	9,410E+0	2,400E+1	2,700E+3	2,704E+3
157,061	0,177	0,100	9,420E+0	2,400E+1	2,700E+3	2,696E+3
158,062	0,177	0,100	9,420E+0	2,400E+1	2,700E+3	2,706E+3
159,062	0,177	0,100	9,420E+0	2,400E+1	2,700E+3	2,694E+3
160,062	0,177	0,100	9,430E+0	2,400E+1	2,700E+3	2,702E+3
161,063	0,177	0,100	9,430E+0	2,400E+1	2,700E+3	2,702E+3
162,064	0,177	0,100	9,430E+0	2,400E+1	2,700E+3	2,703E+3
163,065	0,177	0,100	9,430E+0	2,400E+1	2,700E+3	2,695E+3
164,066	0,178	0,100	9,430E+0	2,400E+1	2,700E+3	2,700E+3
165,066	0,178	0,100	9,430E+0	2,400E+1	2,700E+3	2,709E+3
166,066	0,178	0,100	9,440E+0	2,400E+1	2,700E+3	2,698E+3
167,066	0,178	0,100	9,440E+0	2,400E+1	2,700E+3	2,692E+3
168,066	0,178	0,100	9,440E+0	2,400E+1	2,700E+3	2,700E+3
169,066	0,178	0,100	9,440E+0	2,400E+1	2,700E+3	2,699E+3
170,066	0,178	0,100	9,440E+0	2,400E+1	2,700E+3	2,693E+3
171,067	0,178	0,100	9,450E+0	2,400E+1	2,700E+3	2,707E+3
172,068	0,178	0,100	9,450E+0	2,400E+1	2,700E+3	2,697E+3
173,069	0,178	0,100	9,460E+0	2,400E+1	2,700E+3	2,701E+3
174,068	0,178	0,100	9,460E+0	2,400E+1	2,700E+3	2,703E+3
175,068	0,178	0,100	9,460E+0	2,400E+1	2,700E+3	2,689E+3
176,068	0,178	0,100	9,460E+0	2,400E+1	2,700E+3	2,700E+3
177,068	0,178	0,100	9,460E+0	2,400E+1	2,700E+3	2,712E+3
178,068	0,178	0,100	9,460E+0	2,400E+1	2,700E+3	2,692E+3
179,068	0,178	0,100	9,460E+0	2,400E+1	2,700E+3	2,697E+3
180,068	0,178	0,100	9,460E+0	2,400E+1	2,700E+3	2,703E+3
181,069	0,178	0,100	9,460E+0	2,400E+1	2,700E+3	2,705E+3
182,069	0,178	0,100	9,460E+0	2,400E+1	2,700E+3	2,703E+3
183,069	0,178	0,100	9,460E+0	2,400E+1	2,700E+3	2,705E+3
184,069	0,178	0,100	9,460E+0	2,400E+1	2,700E+3	2,698E+3
185,069	0,178	0,100	9,460E+0	2,400E+1	2,700E+3	2,712E+3
186,070	0,178	0,100	9,470E+0	2,400E+1	2,700E+3	2,704E+3
187,070	0,178	0,100	9,470E+0	2,400E+1	2,700E+3	2,700E+3
188,070	0,178	0,100	9,480E+0	2,400E+1	2,700E+3	2,694E+3
189,070	0,178	0,100	9,480E+0	2,400E+1	2,700E+3	2,696E+3
190,070	0,178	0,100	9,480E+0	2,400E+1	2,700E+3	2,704E+3
191,070	0,178	0,100	9,480E+0	2,400E+1	2,700E+3	2,702E+3
192,070	0,178	0,100	9,490E+0	2,400E+1	2,700E+3	2,706E+3
193,070	0,178	0,100	9,490E+0	2,400E+1	2,700E+3	2,704E+3
194,070	0,178	0,100	9,500E+0	2,400E+1	2,700E+3	2,702E+3
195,070	0,178	0,100	9,500E+0	2,400E+1	2,700E+3	2,698E+3
196,070	0,178	0,100	9,490E+0	2,400E+1	2,700E+3	2,697E+3
197,071	0,178	0,100	9,490E+0	2,400E+1	2,700E+3	2,703E+3
198,071	0,178	0,100	9,490E+0	2,400E+1	2,700E+3	2,701E+3
199,072	0,178	0,100	9,490E+0	2,400E+1	2,700E+3	2,705E+3
200,071	0,178	0,100	9,490E+0	2,400E+1	2,700E+3	2,697E+3
201,072	0,178	0,100	9,490E+0	2,400E+1	2,700E+3	2,708E+3
202,072	0,178	0,100	9,490E+0	2,400E+1	2,700E+3	2,704E+3
203,072	0,178	0,100	9,490E+0	2,400E+1	2,700E+3	2,705E+3
204,072	0,178	0,100	9,490E+0	2,400E+1	2,700E+3	2,699E+3
205,072	0,178	0,100	9,500E+0	2,400E+1	2,700E+3	2,703E+3
206,072	0,178	0,100	9,500E+0	2,400E+1	2,700E+3	2,700E+3
207,072	0,178	0,100	9,510E+0	2,400E+1	2,700E+3	2,703E+3
208,073	0,178	0,100	9,510E+0	2,400E+1	2,700E+3	2,696E+3
209,073	0,178	0,100	9,510E+0	2,400E+1	2,700E+3	2,715E+3
210,073	0,178	0,100	9,510E+0	2,400E+1	2,700E+3	2,707E+3
211,073	0,178	0,100	9,510E+0	2,400E+1	2,700E+3	2,691E+3
212,073	0,178	0,100	9,510E+0	2,400E+1	2,700E+3	2,696E+3
213,073	0,178	0,100	9,510E+0	2,400E+1	2,700E+3	2,696E+3
214,073	0,178	0,100	9,520E+0	2,400E+1	2,700E+3	2,705E+3
215,073	0,178	0,100	9,520E+0	2,400E+1	2,700E+3	2,702E+3
216,074	0,178	0,100	9,520E+0	2,400E+1	2,700E+3	2,698E+3
217,074	0,178	0,100	9,520E+0	2,400E+1	2,700E+3	2,712E+3
218,074	0,178	0,100	9,510E+0	2,400E+1	2,700E+3	2,702E+3
219,074	0,178	0,100	9,510E+0	2,400E+1	2,700E+3	2,709E+3
220,074	0,178	0,100	9,520E+0	2,400E+1	2,700E+3	2,704E+3
221,074	0,178	0,100	9,520E+0	2,400E+1	2,700E+3	2,708E+3
222,074	0,178	0,100	9,520E+0	2,400E+1	2,700E+3	2,698E+3
223,074	0,178	0,100	9,520E+0	2,400E+1	2,700E+3	2,704E+3
224,075	0,178	0,100	9,520E+0	2,400E+1	2,700E+3	2,696E+3
225,076	0,178	0,100	9,520E+0	2,400E+1	2,700E+3	2,701E+3
226,076	0,178	0,100	9,530E+0	2,400E+1	2,700E+3	2,706E+3
227,076	0,178	0,100	9,530E+0	2,400E+1	2,700E+3	2,688E+3
228,076	0,178	0,100	9,530E+0	2,400E+1	2,700E+3	2,697E+3
229,076	0,178	0,100	9,530E+0	2,400E+1	2,700E+3	2,707E+3
230,076	0,178	0,100	9,530E+0	2,400E+1	2,700E+3	2,705E+3
231,076	0,179	0,100	9,530E+0	2,400E+1	2,700E+3	2,691E+3
232,076	0,179	0,100	9,530E+0	2,400E+1	2,700E+3	2,707E+3
233,076	0,179	0,100	9,530E+0	2,400E+1	2,700E+3	2,703E+3
234,076	0,179	0,100	9,540E+0	2,400E+1	2,700E+3	2,696E+3
235,076	0,179	0,100	9,540E+0	2,400E+1	2,700E+3	2,705E+3
236,076	0,179	0,100	9,540E+0	2,400E+1	2,700E+3	2,702E+3
237,076	0,179	0,100	9,540E+0	2,400E+1	2,700E+3	2,706E+3
238,076	0,179	0,100	9,540E+0	2,400E+1	2,700E+3	2,698E+3
239,076	0,179	0,100	9,540E+0	2,400E+1	2,700E+3	2,693E+3
240,076	0,178	0,100	9,540E+0	2,400E+1	2,700E+3	2,702E+3
241,076	0,178	0,100	9,540E+0	2,400E+1	2,700E+3	2,706E+3
242,076	0,178	0,100	9,550E+0	2,400E+1	2,700E+3	2,693E+3
243,077	0,178	0,100	9,550E+0	2,400E+1	2,700E+3	2,701E+3
244,077	0,179	0,100	9,540E+0	2,400E+1	2,700E+3	2,692E+3
245,077	0,179	0,100	9,560E+0	2,400E+1	2,700E+3	2,706E+3
246,078	0,179	0,100	9,560E+0	2,400E+1	2,700E+3	2,715E+3
247,079	0,179	0,100	9,550E+0	2,400E+1	2,700E+3	2,706E+3
248,079	0,179	0,100	9,550E+0	2,400E+1	2,700E+3	2,704E+3
249,079	0,179	0,100	9,550E+0	2,400E+1	2,700E+3	2,697E+3
250,079	0,178	0,100	9,550E+0	2,400E+1	2,700E+3	2,695E+3
251,079	0,178	0,100	9,550E+0	2,400E+1	2,700E+3	2,699E+3
252,080	0,178	0,100	9,550E+0	2,400E+1	2,700E+3	2,696E+3
253,081	0,178	0,100	9,550E+0	2,400E+1	2,700E+3	2,701E+3
254,081	0,178	0,100	9,560E+0	2,400E+1	2,700E+3	2,699E+3
255,081	0,178	0,100	9,560E+0	2,400E+1	2,700E+3	2,704E+3
256,081	0,179	0,100	9,560E+0	2,400E+1	2,700E+3	2,706E+3
257,082	0,179	0,100	9,560E+0	2,400E+1	2,700E+3	2,700E+3
258,082	0,179	0,100	9,560E+0	2,400E+1	2,700E+3	2,692E+3
259,082	0,178	0,100	9,560E+0	2,400E+1	2,700E+3	2,697E+3
260,082	0,178	0,100	9,560E+0	2,400E+1	2,700E+3	2,703E+3
261,082	0,179	0,100	9,560E+0	2,400E+1	2,700E+3	2,690E+3
262,083	0,179	0,100	9,560E+0	2,400E+1	2,700E+3	2,697E+3
263,083	0,179	0,100	9,570E+0	2,400E+1	2,700E+3	2,703E+3
264,083	0,179	0,100	9,570E+0	2,400E+1	2,700E+3	2,706E+3
265,084	0,179	0,100	9,570E+0	2,400E+1	2,700E+3	2,700E+3
266,084	0,179	0,100	9,570E+0	2,400E+1	2,700E+3	2,685E+3
267,084	0,178	0,100	9,560E+0	2,400E+1	2,700E+3	2,699E+3
268,085	0,178	0,100	9,560E+0	2,400E+1	2,700E+3	2,701E+3
269,085	0,179	0,100	9,580E+0	2,400E+1	2,700E+3	2,703E+3
270,085	0,179	0,100	9,580E+0	2,400E+1	2,700E+3	2,705E+3
271,086	0,179	0,100	9,580E+0	2,400E+1	2,700E+3	2,689E+3
272,086	0,179	0,100	9,580E+0	2,400E+1	2,700E+3	2,699E+3
273,086	0,179	0,100	9,580E+0	2,400E+1	2,700E+3	2,692E+3
274,086	0,179	0,100	9,580E+0	2,400E+1	2,700E+3	2,698E+3
275,086	0,179	0,100	9,580E+0	2,400E+1	2,700E+3	2,697E+3
276,086	0,179	0,100	9,580E+0	2,400E+1	2,700E+3	2,690E+3
277,087	0,179	0,100	9,580E+0	2,400E+1	2,700E+3	2,699E+3
278,087	0,179	0,100	9,590E+0	2,400E+1	2,700E+3	2,694E+3
279,087	0,179	0,100	9,590E+0	2,400E+1	2,700E+3	2,711E+3
280,087	0,179	0,100	9,580E+0	2,400E+1	2,700E+3	2,701E+3
281,088	0,179	0,100	9,580E+0	2,400E+1	2,700E+3	2,687E+3
282,087	0,179	0,100	9,590E+0	2,400E+1	2,700E+3	2,703E+3
283,087	0,179	0,100	9,590E+0	2,400E+1	2,700E+3	2,705E+3
284,087	0,179	0,100	9,590E+0	2,400E+1	2,700E+3	2,693E+3
285,087	0,179	0,100	9,580E+0	2,400E+1	2,700E+3	2,704E+3
286,087	0,179	0,100	9,580E+0	2,400E+1	2,700E+3	2,700E+3
287,087	0,179	0,100	9,590E+0	2,400E+1	2,700E+3	2,708E+3
288,088	0,179	0,100	9,590E+0	2,400E+1	2,700E+3	2,702E+3
289,088	0,179	0,100	9,590E+0	2,400E+1	2,700E+3	2,703E+3
290,088	0,179	0,100	9,600E+0	2,400E+1	2,700E+3	2,704E+3
291,089	0,179	0,100	9,600E+0	2,400E+1	2,700E+3	2,702E+3
292,089	0,179	0,100	9,600E+0	2,400E+1	2,700E+3	2,705E+3
293,089	0,179	0,100	9,600E+0	2,400E+1	2,700E+3	2,699E+3
294,089	0,179	0,100	9,600E+0	2,400E+1	2,700E+3	2,704E+3
295,089	0,179	0,100	9,600E+0	2,400E+1	2,700E+3	2,705E+3
296,089	0,179	0,100	9,600E+0	2,400E+1	2,700E+3	2,698E+3
297,090	0,179	0,100	9,600E+0	2,400E+1	2,700E+3	2,696E+3
298,090	0,179	0,100	9,600E+0	2,400E+1	2,700E+3	2,702E+3
299,091	0,179	0,100	9,600E+0	2,400E+1	2,700E+3	2,692E+3
300,091	0,179	0,100	9,600E+0	2,400E+1	2,700E+3	2,704E+3
301,091	0,179	0,100	9,600E+0	2,400E+1	2,700E+3	2,697E+3
302,092	0,179	0,100	9,610E+0	2,400E+1	2,700E+3	2,708E+3
303,092	0,179	0,100	9,610E+0	2,400E+1	2,700E+3	2,696E+3
304,092	0,179	0,100	9,610E+0	2,400E+1	2,700E+3	2,700E+3
305,092	0,179	0,100	9,610E+0	2,400E+1	2,700E+3	2,703E+3
306,093	0,179	0,100	9,610E+0	2,400E+1	2,700E+3	2,702E+3
307,092	0,179	0,100	9,610E+0	2,400E+1	2,700E+3	2,689E+3
308,092	0,179	0,100	9,610E+0	2,400E+1	2,700E+3	2,700E+3
309,093	0,179	0,100	9,610E+0	2,400E+1	2,700E+3	2,695E+3
310,094	0,179	0,100	9,610E+0	2,400E+1	2,700E+3	2,698E+3
311,094	0,179	0,100	9,610E+0	2,400E+1	2,700E+3	2,692E+3
312,094	0,179	0,100	9,620E+0	2,400E+1	2,700E+3	2,706E+3
313,095	0,179	0,100	9,620E+0	2,400E+1	2,700E+3	2,703E+3
314,095	0,179	0,100	9,620E+0	2,400E+1	2,700E+3	2,692E+3
315,095	0,179	0,100	9,620E+0	2,400E+1	2,700E+3	2,706E+3
316,095	0,179	0,100	9,620E+0	2,400E+1	2,700E+3	2,700E+3
317,096	0,179	0,100	9,620E+0	2,400E+1	2,700E+3	2,706E+3
318,096	0,179	0,100	9,620E+0	2,400E+1	2,700E+3	2,704E+3
319,096	0,179	0,100	9,630E+0	2,400E+1	2,700E+3	2,708E+3
320,096	0,179	0,100	9,630E+0	2,400E+1	2,700E+3	2,703E+3
321,096	0,179	0,100	9,630E+0	2,400E+1	2,700E+3	2,703E+3
322,096	0,179	0,100	9,640E+0	2,400E+1	2,700E+3	2,707E+3
323,096	0,179	0,100	9,640E+0	2,400E+1	2,700E+3	2,695E+3
324,096	0,179	0,100	9,640E+0	2,400E+1	2,700E+3	2,698E+3
325,096	0,179	0,100	9,640E+0	2,400E+1	2,700E+3	2,704E+3
326,096	0,179	0,100	9,630E+0	2,400E+1	2,700E+3	2,705E+3
327,096	0,179	0,100	9,640E+0	2,400E+1	2,700E+3	2,702E+3
328,096	0,179	0,100	9,640E+0	2,400E+1	2,700E+3	2,692E+3
329,095	0,179	0,100	9,640E+0	2,400E+1	2,700E+3	2,699E+3
330,097	0,179	0,100	9,640E+0	2,400E+1	2,700E+3	2,698E+3
331,097	0,179	0,100	9,630E+0	2,400E+1	2,700E+3	2,690E+3
332,097	0,179	0,100	9,630E+0	2,400E+1	2,700E+3	2,689E+3
333,097	0,179	0,100	9,640E+0	2,400E+1	2,700E+3	2,703E+3
334,097	0,179	0,100	9,640E+0	2,400E+1	2,700E+3	2,706E+3
335,098	0,179	0,100	9,650E+0	2,400E+1	2,700E+3	2,698E+3
336,099	0,179	0,100	9,650E+0	2,400E+1	2,700E+3	2,706E+3
337,099	0,179	0,100	9,650E+0	2,400E+1	2,700E+3	2,695E+3
338,099	0,179	0,100	9,640E+0	2,400E+1	2,700E+3	2,703E+3
339,099	0,179	0,100	9,650E+0	2,400E+1	2,700E+3	2,710E+3
340,099	0,179	0,100	9,650E+0	2,400E+1	2,700E+3	2,698E+3
341,099	0,179	0,100	9,650E+0	2,400E+1	2,700E+3	2,711E+3
342,100	0,179	0,100	9,650E+0	2,400E+1	2,700E+3	2,702E+3
343,101	0,179	0,100	9,650E+0	2,400E+1	2,700E+3	2,705E+3
344,102	0,179	0,100	9,660E+0	2,400E+1	2,700E+3	2,699E+3
345,101	0,179	0,100	9,660E+0	2,400E+1	2,700E+3	2,707E+3
346,102	0,179	0,100	9,660E+0	2,400E+1	2,700E+3	2,696E+3
347,102	0,179	0,100	9,660E+0	2,400E+1	2,700E+3	2,707E+3
348,103	0,179	0,100	9,660E+0	2,400E+1	2,700E+3	2,699E+3
349,103	0,179	0,100	9,660E+0	2,400E+1	2,700E+3	2,696E+3
350,103	0,179	0,100	9,660E+0	2,400E+1	2,700E+3	2,686E+3
351,103	0,179	0,100	9,660E+0	2,400E+1	2,700E+3	2,707E+3
352,103	0,179	0,100	9,660E+0	2,400E+1	2,700E+3	2,699E+3
353,103	0,179	0,100	9,660E+0	2,400E+1	2,700E+3	2,705E+3
354,103	0,179	0,100	9,660E+0	2,400E+1	2,700E+3	2,707E+3
355,103	0,178	0,100	9,660E+0	2,400E+1	2,700E+3	2,698E+3
356,103	0,178	0,100	9,660E+0	2,400E+1	2,700E+3	2,701E+3
357,103	0,179	0,100	9,660E+0	2,400E+1	2,700E+3	2,701E+3
358,104	0,179	0,100	9,660E+0	2,400E+1	2,700E+3	2,700E+3
359,104	0,179	0,100	9,670E+0	2,400E+1	2,700E+3	2,692E+3
360,105	0,179	0,100	9,670E+0	2,400E+1	2,700E+3	2,698E+3
361,105	0,179	0,100	9,670E+0	2,400E+1	2,700E+3	2,695E+3
362,106	0,179	0,100	9,670E+0	2,400E+1	2,700E+3	2,702E+3
363,106	0,179	0,100	9,670E+0	2,400E+1	2,700E+3	2,707E+3
364,107	0,179	0,100	9,670E+0	2,400E+1	2,700E+3	2,699E+3
365,107	0,179	0,100	9,670E+0	2,400E+1	2,700E+3	2,698E+3
366,107	0,179	0,100	9,670E+0	2,400E+1	2,700E+3	2,701E+3
367,107	0,179	0,100	9,670E+0	2,400E+1	2,700E+3	2,711E+3
368,107	0,179	0,100	9,680E+0	2,400E+1	2,700E+3	2,703E+3
369,107	0,179	0,100	9,680E+0	2,400E+1	2,700E+3	2,700E+3
370,107	0,179	0,100	9,680E+0	2,400E+1	2,700E+3	2,708E+3
371,108	0,179	0,100	9,680E+0	2,400E+1	2,700E+3	2,698E+3
372,108	0,179	0,100	9,690E+0	2,400E+1	2,700E+3	2,698E+3
373,108	0,179	0,100	9,690E+0	2,400E+1	2,700E+3	2,700E+3
374,108	0,179	0,100	9,680E+0	2,400E+1	2,700E+3	2,699E+3
375,108	0,179	0,100	9,680E+0	2,400E+1	2,700E+3	2,705E+3
376,108	0,179	0,100	9,680E+0	2,400E+1	2,700E+3	2,701E+3
377,108	0,179	0,100	9,680E+0	2,400E+1	2,700E+3	2,707E+3
378,109	0,179	0,100	9,690E+0	2,400E+1	2,700E+3	2,699E+3
379,109	0,179	0,100	9,690E+0	2,400E+1	2,700E+3	2,698E+3
380,110	0,179	0,100	9,690E+0	2,400E+1	2,700E+3	2,713E+3
381,110	0,178	0,100	9,680E+0	2,400E+1	2,700E+3	2,694E+3
382,110	0,178	0,100	9,680E+0	2,400E+1	2,700E+3	2,702E+3
383,110	0,179	0,100	9,700E+0	2,400E+1	2,700E+3	2,703E+3
384,110	0,178	0,100	9,690E+0	2,400E+1	2,700E+3	2,700E+3
385,110	0,179	0,100	9,690E+0	2,400E+1	2,700E+3	2,704E+3
386,110	0,179	0,100	9,700E+0	2,400E+1	2,700E+3	2,692E+3
387,110	0,179	0,100	9,700E+0	2,400E+1	2,700E+3	2,699E+3
388,111	0,179	0,100	9,700E+0	2,400E+1	2,700E+3	2,696E+3
389,111	0,179	0,100	9,690E+0	2,400E+1	2,700E+3	2,697E+3
390,111	0,179	0,100	9,700E+0	2,400E+1	2,700E+3	2,693E+3
391,111	0,179	0,100	9,700E+0	2,400E+1	2,700E+3	2,699E+3
392,111	0,179	0,100	9,700E+0	2,400E+1	2,700E+3	2,709E+3
393,111	0,179	0,100	9,700E+0	2,400E+1	2,700E+3	2,693E+3
394,111	0,179	0,100	9,700E+0	2,400E+1	2,700E+3	2,702E+3
395,111	0,179	0,100	9,700E+0	2,400E+1	2,700E+3	2,702E+3
396,111	0,179	0,100	9,710E+0	2,400E+1	2,700E+3	2,699E+3
397,111	0,179	0,100	9,710E+0	2,400E+1	2,700E+3	2,693E+3
398,111	0,179	0,100	9,710E+0	2,400E+1	2,700E+3	2,693E+3
399,111	0,179	0,100	9,710E+0	2,400E+1	2,700E+3	2,698E+3
400,112	0,179	0,100	9,710E+0	2,400E+1	2,700E+3	2,701E+3
401,112	0,179	0,100	9,710E+0	2,400E+1	2,700E+3	2,710E+3
402,112	0,179	0,100	9,710E+0	2,400E+1	2,700E+3	2,710E+3
403,112	0,178	0,100	9,700E+0	2,400E+1	2,700E+3	2,704E+3
404,112	0,178	0,100	9,700E+0	2,400E+1	2,700E+3	2,701E+3
405,112	0,178	0,100	9,720E+0	2,400E+1	2,700E+3	2,700E+3
406,112	0,178	0,100	9,720E+0	2,400E+1	2,700E+3	2,701E+3
407,112	0,178	0,100	9,720E+0	2,400E+1	2,700E+3	2,687E+3
408,112	0,179	0,100	9,720E+0	2,400E+1	2,700E+3	2,703E+3
409,112	0,179	0,100	9,720E+0	2,400E+1	2,700E+3	2,703E+3
410,112	0,179	0,100	9,720E+0	2,400E+1	2,700E+3	2,696E+3
411,112	0,179	0,100	9,720E+0	2,400E+1	2,700E+3	2,700E+3
412,112	0,179	0,100	9,720E+0	2,400E+1	2,700E+3	2,703E+3
413,112	0,178	0,100	9,720E+0	2,400E+1	2,700E+3	2,703E+3
414,112	0,178	0,100	9,720E+0	2,400E+1	2,700E+3	2,697E+3
415,112	0,178	0,100	9,720E+0	2,400E+1	2,700E+3	2,702E+3
416,113	0,179	0,100	9,720E+0	2,400E+1	2,700E+3	2,708E+3
417,113	0,179	0,100	9,720E+0	2,400E+1	2,700E+3	2,707E+3
418,113	0,178	0,100	9,710E+0	2,400E+1	2,700E+3	2,702E+3
419,113	0,178	0,100	9,710E+0	2,400E+1	2,700E+3	2,702E+3
420,113	0,178	0,100	9,730E+0	2,400E+1	2,700E+3	2,706E+3
421,113	0,178	0,100	9,730E+0	2,400E+1	2,700E+3	2,703E+3
422,114	0,178	0,100	9,730E+0	2,400E+1	2,700E+3	2,703E+3
423,115	0,179	0,100	9,730E+0	2,400E+1	2,700E+3	2,696E+3
424,115	0,179	0,100	9,740E+0	2,400E+1	2,700E+3	2,699E+3
425,115	0,179	0,100	9,740E+0	2,400E+1	2,700E+3	2,696E+3
426,115	0,179	0,100	9,740E+0	2,400E+1	2,700E+3	2,701E+3
427,116	0,179	0,100	9,740E+0	2,400E+1	2,700E+3	2,691E+3
428,116	0,179	0,100	9,740E+0	2,400E+1	2,700E+3	2,704E+3
429,116	0,179	0,100	9,740E+0	2,400E+1	2,700E+3	2,705E+3
430,116	0,179	0,100	9,740E+0	2,400E+1	2,700E+3	2,702E+3
431,116	0,178	0,100	9,730E+0	2,400E+1	2,700E+3	2,702E+3
432,116	0,178	0,100	9,730E+0	2,400E+1	2,700E+3	2,704E+3
433,116	0,178	0,100	9,730E+0	2,400E+1	2,700E+3	2,699E+3
434,116	0,179	0,100	9,740E+0	2,400E+1	2,700E+3	2,702E+3
435,116	0,179	0,100	9,740E+0	2,400E+1	2,700E+3	2,710E+3
436,116	0,179	0,100	9,740E+0	2,400E+1	2,700E+3	2,697E+3
437,116	0,179	0,100	9,740E+0	2,400E+1	2,700E+3	2,701E+3
438,116	0,179	0,100	9,750E+0	2,400E+1	2,700E+3	2,697E+3
439,116	0,179	0,100	9,750E+0	2,400E+1	2,700E+3	2,700E+3
440,117	0,179	0,100	9,750E+0	2,400E+1	2,700E+3	2,697E+3
441,117	0,178	0,100	9,750E+0	2,400E+1	2,700E+3	2,706E+3
442,118	0,178	0,100	9,750E+0	2,400E+1	2,700E+3	2,708E+3
443,119	0,178	0,100	9,750E+0	2,400E+1	2,700E+3	2,705E+3
444,119	0,178	0,100	9,750E+0	2,400E+1	2,700E+3	2,692E+3
445,120	0,178	0,100	9,750E+0	2,400E+1	2,700E+3	2,701E+3
446,120	0,178	0,100	9,750E+0	2,400E+1	2,700E+3	2,699E+3
447,120	0,178	0,100	9,750E+0	2,400E+1	2,700E+3	2,702E+3
448,120	0,178	0,100	9,750E+0	2,400E+1	2,700E+3	2,707E+3
449,120	0,178	0,100	9,750E+0	2,400E+1	2,700E+3	2,697E+3
450,120	0,178	0,100	9,750E+0	2,400E+1	2,700E+3	2,697E+3
451,120	0,179	0,100	9,760E+0	2,400E+1	2,700E+3	2,696E+3
452,120	0,179	0,100	9,760E+0	2,400E+1	2,700E+3	2,702E+3
453,120	0,179	0,100	9,760E+0	2,400E+1	2,700E+3	2,699E+3
454,120	0,178	0,100	9,760E+0	2,400E+1	2,700E+3	2,704E+3
455,120	0,178	0,100	9,760E+0	2,400E+1	2,700E+3	2,698E+3
456,120	0,178	0,100	9,760E+0	2,400E+1	2,700E+3	2,699E+3
457,121	0,178	0,100	9,760E+0	2,400E+1	2,700E+3	2,703E+3
458,120	0,178	0,100	9,760E+0	2,400E+1	2,700E+3	2,705E+3
459,120	0,179	0,100	9,770E+0	2,400E+1	2,700E+3	2,703E+3
460,121	0,179	0,100	9,770E+0	2,400E+1	2,700E+3	2,701E+3
461,121	0,178	0,100	9,770E+0	2,400E+1	2,700E+3	2,706E+3
462,121	0,178	0,100	9,770E+0	2,400E+1	2,700E+3	2,704E+3
463,121	0,178	0,100	9,770E+0	2,400E+1	2,700E+3	2,701E+3
464,121	0,178	0,100	9,770E+0	2,400E+1	2,700E+3	2,714E+3
465,121	0,178	0,100	9,770E+0	2,400E+1	2,700E+3	2,707E+3
466,121	0,178	0,100	9,770E+0	2,400E+1	2,700E+3	2,711E+3
467,122	0,178	0,100	9,770E+0	2,400E+1	2,700E+3	2,700E+3
468,122	0,178	0,100	9,770E+0	2,400E+1	2,700E+3	2,702E+3
469,122	0,178	0,100	9,770E+0	2,400E+1	2,700E+3	2,706E+3
470,122	0,179	0,100	9,770E+0	2,400E+1	2,700E+3	2,696E+3
471,122	0,179	0,100	9,780E+0	2,400E+1	2,700E+3	2,705E+3
472,122	0,178	0,100	9,770E+0	2,400E+1	2,700E+3	2,695E+3
473,122	0,179	0,100	9,780E+0	2,400E+1	2,700E+3	2,706E+3
474,122	0,179	0,100	9,780E+0	2,400E+1	2,700E+3	2,696E+3
475,122	0,179	0,100	9,780E+0	2,400E+1	2,700E+3	2,703E+3
476,122	0,178	0,100	9,780E+0	2,400E+1	2,700E+3	2,700E+3
477,122	0,178	0,100	9,780E+0	2,400E+1	2,700E+3	2,701E+3
478,122	0,178	0,100	9,780E+0	2,400E+1	2,700E+3	2,692E+3
479,123	0,178	0,100	9,780E+0	2,400E+1	2,700E+3	2,699E+3
480,122	0,178	0,100	9,780E+0	2,400E+1	2,700E+3	2,697E+3
481,122	0,178	0,100	9,780E+0	2,400E+1	2,700E+3	2,705E+3
482,122	0,178	0,100	9,790E+0	2,400E+1	2,700E+3	2,700E+3
483,122	0,178	0,100	9,790E+0	2,400E+1	2,700E+3	2,692E+3
484,123	0,178	0,100	9,790E+0	2,400E+1	2,700E+3	2,715E+3
485,123	0,178	0,100	9,790E+0	2,400E+1	2,700E+3	2,701E+3
486,124	0,178	0,100	9,790E+0	2,400E+1	2,700E+3	2,706E+3
487,124	0,178	0,100	9,790E+0	2,400E+1	2,700E+3	2,707E+3
488,124	0,178	0,100	9,790E+0	2,400E+1	2,700E+3	2,702E+3
489,124	0,178	0,100	9,800E+0	2,400E+1	2,700E+3	2,705E+3
490,124	0,178	0,100	9,800E+0	2,400E+1	2,700E+3	2,706E+3
491,124	0,178	0,100	9,800E+0	2,400E+1	2,700E+3	2,701E+3
492,125	0,178	0,100	9,800E+0	2,400E+1	2,700E+3	2,699E+3
493,126	0,178	0,100	9,800E+0	2,400E+1	2,700E+3	2,709E+3
494,126	0,178	0,100	9,790E+0	2,400E+1	2,700E+3	2,703E+3
495,126	0,178	0,100	9,790E+0	2,400E+1	2,700E+3	2,706E+3
496,127	0,178	0,100	9,790E+0	2,400E+1	2,700E+3	2,704E+3
497,127	0,178	0,100	9,800E+0	2,400E+1	2,700E+3	2,702E+3
498,128	0,178	0,100	9,800E+0	2,400E+1	2,700E+3	2,699E+3
499,129	0,178	0,100	9,800E+0	2,400E+1	2,700E+3	2,694E+3
500,129	0,178	0,100	9,800E+0	2,400E+1	2,700E+3	2,705E+3
501,130	0,178	0,100	9,800E+0	2,400E+1	2,700E+3	2,700E+3
502,130	0,178	0,100	9,810E+0	2,400E+1	2,700E+3	2,706E+3
503,130	0,178	0,100	9,810E+0	2,400E+1	2,700E+3	2,691E+3
504,130	0,178	0,100	9,810E+0	2,400E+1	2,700E+3	2,701E+3
505,131	0,178	0,100	9,810E+0	2,400E+1	2,700E+3	2,709E+3
506,131	0,178	0,100	9,810E+0	2,400E+1	2,700E+3	2,699E+3
507,133	0,178	0,100	9,800E+0	2,400E+1	2,700E+3	2,705E+3
508,132	0,178	0,100	9,820E+0	2,400E+1	2,700E+3	2,702E+3
509,133	0,178	0,100	9,820E+0	2,400E+1	2,700E+3	2,694E+3
510,133	0,178	0,100	9,800E+0	2,400E+1	2,700E+3	2,702E+3
511,133	0,178	0,100	9,810E+0	2,400E+1	2,700E+3	2,690E+3
512,133	0,178	0,100	9,810E+0	2,400E+1	2,700E+3	2,701E+3
513,133	0,178	0,100	9,810E+0	2,400E+1	2,700E+3	2,701E+3
514,134	0,178	0,100	9,810E+0	2,400E+1	2,700E+3	2,700E+3
515,134	0,178	0,100	9,810E+0	2,400E+1	2,700E+3	2,704E+3
516,134	0,178	0,100	9,810E+0	2,400E+1	2,700E+3	2,694E+3
517,135	0,178	0,100	9,810E+0	2,400E+1	2,700E+3	2,708E+3
518,136	0,178	0,100	9,810E+0	2,400E+1	2,700E+3	2,699E+3
519,136	0,178	0,100	9,820E+0	2,400E+1	2,700E+3	2,698E+3
520,137	0,178	0,100	9,820E+0	2,400E+1	2,700E+3	2,697E+3
521,138	0,178	0,100	9,820E+0	2,400E+1	2,700E+3	2,708E+3
522,138	0,178	0,100	9,820E+0	2,400E+1	2,700E+3	2,704E+3
523,138	0,178	0,100	9,830E+0	2,400E+1	2,700E+3	2,696E+3
524,138	0,178	0,100	9,830E+0	2,400E+1	2,700E+3	2,711E+3
525,138	0,178	0,100	9,830E+0	2,400E+1	2,700E+3	2,705E+3
526,138	0,178	0,100	9,820E+0	2,400E+1	2,700E+3	2,714E+3
527,138	0,178	0,100	9,820E+0	2,400E+1	2,700E+3	2,703E+3
528,138	0,178	0,100	9,830E+0	2,400E+1	2,700E+3	2,706E+3
529,138	0,178	0,100	9,830E+0	2,400E+1	2,700E+3	2,691E+3
530,138	0,178	0,100	9,830E+0	2,400E+1	2,700E+3	2,708E+3
531,138	0,178	0,100	9,830E+0	2,400E+1	2,700E+3	2,694E+3
532,138	0,178	0,100	9,830E+0	2,400E+1	2,700E+3	2,701E+3
533,138	0,178	0,100	9,840E+0	2,400E+1	2,700E+3	2,696E+3
534,138	0,178	0,100	9,840E+0	2,400E+1	2,700E+3	2,700E+3
535,138	0,178	0,100	9,830E+0	2,400E+1	2,700E+3	2,705E+3
536,138	0,178	0,100	9,830E+0	2,400E+1	2,700E+3	2,700E+3
537,138	0,178	0,100	9,830E+0	2,400E+1	2,700E+3	2,698E+3
538,139	0,178	0,100	9,840E+0	2,400E+1	2,700E+3	2,708E+3
539,139	0,178	0,100	9,840E+0	2,400E+1	2,700E+3	2,702E+3
540,139	0,178	0,100	9,840E+0	2,400E+1	2,700E+3	2,702E+3
541,140	0,178	0,100	9,840E+0	2,400E+1	2,700E+3	2,707E+3
542,139	0,178	0,100	9,840E+0	2,400E+1	2,700E+3	2,695E+3
543,139	0,178	0,100	9,840E+0	2,400E+1	2,700E+3	2,692E+3
544,139	0,178	0,100	9,840E+0	2,400E+1	2,700E+3	2,699E+3
545,139	0,178	0,100	9,840E+0	2,400E+1	2,700E+3	2,707E+3
546,139	0,178	0,100	9,840E+0	2,400E+1	2,700E+3	2,702E+3
547,139	0,178	0,100	9,840E+0	2,400E+1	2,700E+3	2,690E+3
548,139	0,178	0,100	9,840E+0	2,400E+1	2,700E+3	2,697E+3
549,139	0,178	0,100	9,850E+0	2,400E+1	2,700E+3	2,708E+3
550,139	0,178	0,100	9,850E+0	2,400E+1	2,700E+3	2,699E+3
551,139	0,178	0,100	9,850E+0	2,400E+1	2,700E+3	2,701E+3
552,140	0,178	0,100	9,850E+0	2,400E+1	2,700E+3	2,706E+3
553,140	0,178	0,100	9,850E+0	2,400E+1	2,700E+3	2,698E+3
554,140	0,178	0,100	9,860E+0	2,400E+1	2,700E+3	2,702E+3
555,140	0,178	0,100	9,860E+0	2,400E+1	2,700E+3	2,703E+3
556,140	0,178	0,100	9,850E+0	2,400E+1	2,700E+3	2,700E+3
557,140	0,178	0,100	9,860E+0	2,400E+1	2,700E+3	2,696E+3
558,141	0,178	0,100	9,860E+0	2,400E+1	2,700E+3	2,703E+3
559,141	0,178	0,100	9,860E+0	2,400E+1	2,700E+3	2,694E+3
560,141	0,178	0,100	9,860E+0	2,400E+1	2,700E+3	2,699E+3
561,141	0,178	0,100	9,860E+0	2,400E+1	2,700E+3	2,703E+3
562,141	0,178	0,100	9,860E+0	2,400E+1	2,700E+3	2,703E+3
563,141	0,178	0,100	9,860E+0	2,400E+1	2,700E+3	2,706E+3
564,141	0,178	0,100	9,870E+0	2,400E+1	2,700E+3	2,704E+3
565,141	0,178	0,100	9,870E+0	2,400E+1	2,700E+3	2,701E+3
566,141	0,178	0,100	9,860E+0	2,400E+1	2,700E+3	2,692E+3
567,141	0,178	0,100	9,860E+0	2,400E+1	2,700E+3	2,703E+3
568,141	0,178	0,100	9,870E+0	2,400E+1	2,700E+3	2,709E+3
569,141	0,178	0,100	9,870E+0	2,400E+1	2,700E+3	2,704E+3
570,141	0,178	0,100	9,870E+0	2,400E+1	2,700E+3	2,708E+3
571,142	0,178	0,100	9,870E+0	2,400E+1	2,700E+3	2,701E+3
572,142	0,178	0,100	9,870E+0	2,400E+1	2,700E+3	2,696E+3
573,142	0,178	0,100	9,860E+0	2,400E+1	2,700E+3	2,695E+3
574,142	0,178	0,100	9,860E+0	2,400E+1	2,700E+3	2,703E+3
575,142	0,178	0,100	9,870E+0	2,400E+1	2,700E+3	2,703E+3
576,142	0,178	0,100	9,870E+0	2,400E+1	2,700E+3	2,700E+3
577,143	0,178	0,100	9,870E+0	2,400E+1	2,700E+3	2,706E+3
578,144	0,178	0,100	9,870E+0	2,400E+1	2,700E+3	2,691E+3
579,144	0,178	0,100	9,880E+0	2,400E+1	2,700E+3	2,701E+3
580,144	0,178	0,100	9,880E+0	2,400E+1	2,700E+3	2,695E+3
581,144	0,178	0,100	9,880E+0	2,400E+1	2,700E+3	2,702E+3
582,144	0,178	0,100	9,880E+0	2,400E+1	2,700E+3	2,698E+3
583,144	0,178	0,100	9,880E+0	2,400E+1	2,700E+3	2,700E+3
584,144	0,178	0,100	9,880E+0	2,400E+1	2,700E+3	2,708E+3
585,144	0,178	0,100	9,880E+0	2,400E+1	2,700E+3	2,705E+3
586,144	0,178	0,100	9,880E+0	2,400E+1	2,700E+3	2,702E+3
587,144	0,178	0,100	9,880E+0	2,400E+1	2,700E+3	2,692E+3
588,144	0,178	0,100	9,880E+0	2,400E+1	2,700E+3	2,695E+3
589,145	0,178	0,100	9,880E+0	2,400E+1	2,700E+3	2,703E+3
590,146	0,178	0,100	9,880E+0	2,400E+1	2,700E+3	2,699E+3
591,146	0,178	0,100	9,880E+0	2,400E+1	2,700E+3	2,710E+3
592,146	0,178	0,100	9,880E+0	2,400E+1	2,700E+3	2,696E+3
593,147	0,178	0,100	9,880E+0	2,400E+1	2,700E+3	2,698E+3
594,147	0,178	0,100	9,890E+0	2,400E+1	2,700E+3	2,700E+3
595,147	0,178	0,100	9,890E+0	2,400E+1	2,700E+3	2,711E+3
596,148	0,178	0,100	9,890E+0	2,400E+1	2,700E+3	2,706E+3
597,147	0,178	0,100	9,890E+0	2,400E+1	2,700E+3	2,697E+3
598,147	0,178	0,100	9,890E+0	2,400E+1	2,700E+3	2,698E+3
599,147	0,178	0,100	9,890E+0	2,400E+1	2,700E+3	2,700E+3
600,148	0,178	0,100	9,890E+0	2,400E+1	2,700E+3	2,710E+3
601,150	0,178	0,100	9,900E+0	2,400E+1	2,700E+3	2,702E+3
602,149	0,178	0,100	9,900E+0	2,400E+1	2,700E+3	2,714E+3
603,149	0,178	0,100	9,900E+0	2,400E+1	2,700E+3	2,694E+3
604,149	0,178	0,100	9,900E+0	2,400E+1	2,700E+3	2,704E+3
605,149	0,178	0,100	9,890E+0	2,400E+1	2,700E+3	2,694E+3
606,149	0,178	0,100	9,900E+0	2,400E+1	2,700E+3	2,700E+3
607,150	0,178	0,100	9,900E+0	2,400E+1	2,700E+3	2,710E+3
608,150	0,178	0,100	9,900E+0	2,400E+1	2,700E+3	2,698E+3
609,151	0,178	0,100	9,900E+0	2,400E+1	2,700E+3	2,696E+3
610,152	0,178	0,100	9,900E+0	2,400E+1	2,700E+3	2,702E+3
611,153	0,178	0,100	9,900E+0	2,400E+1	2,700E+3	2,699E+3
612,153	0,178	0,100	9,900E+0	2,400E+1	2,700E+3	2,701E+3
613,154	0,178	0,100	9,900E+0	2,400E+1	2,700E+3	2,699E+3
614,154	0,178	0,100	9,900E+0	2,400E+1	2,700E+3	2,702E+3
615,154	0,178	0,100	9,900E+0	2,400E+1	2,700E+3	2,709E+3
616,154	0,178	0,100	9,900E+0	2,400E+1	2,700E+3	2,698E+3
617,154	0,178	0,100	9,900E+0	2,400E+1	2,700E+3	2,700E+3
618,154	0,178	0,100	9,900E+0	2,400E+1	2,700E+3	2,697E+3
619,154	0,178	0,100	9,900E+0	2,400E+1	2,700E+3	2,696E+3
620,154	0,178	0,100	9,900E+0	2,400E+1	2,700E+3	2,705E+3
621,154	0,178	0,100	9,910E+0	2,400E+1	2,700E+3	2,708E+3
622,154	0,178	0,100	9,910E+0	2,400E+1	2,700E+3	2,700E+3
623,154	0,178	0,100	9,910E+0	2,400E+1	2,700E+3	2,683E+3
624,154	0,178	0,100	9,910E+0	2,400E+1	2,700E+3	2,700E+3
625,155	0,178	0,100	9,900E+0	2,400E+1	2,700E+3	2,693E+3
626,155	0,178	0,100	9,910E+0	2,400E+1	2,700E+3	2,701E+3
627,155	0,178	0,100	9,920E+0	2,400E+1	2,700E+3	2,702E+3
628,155	0,178	0,100	9,920E+0	2,400E+1	2,700E+3	2,699E+3
629,156	0,178	0,100	9,910E+0	2,400E+1	2,700E+3	2,692E+3
630,157	0,178	0,100	9,910E+0	2,400E+1	2,700E+3	2,694E+3
631,157	0,178	0,100	9,910E+0	2,400E+1	2,700E+3	2,702E+3
632,157	0,178	0,100	9,920E+0	2,400E+1	2,700E+3	2,699E+3
633,157	0,178	0,100	9,920E+0	2,400E+1	2,700E+3	2,702E+3
634,158	0,178	0,100	9,920E+0	2,400E+1	2,700E+3	2,702E+3
635,158	0,178	0,100	9,920E+0	2,400E+1	2,700E+3	2,699E+3
636,159	0,178	0,100	9,920E+0	2,400E+1	2,700E+3	2,706E+3
637,159	0,178	0,100	9,920E+0	2,400E+1	2,700E+3	2,704E+3
638,160	0,178	0,100	9,920E+0	2,400E+1	2,700E+3	2,689E+3
639,160	0,178	0,100	9,920E+0	2,400E+1	2,700E+3	2,694E+3
640,162	0,178	0,100	9,920E+0	2,400E+1	2,700E+3	2,702E+3
641,162	0,178	0,100	9,930E+0	2,400E+1	2,700E+3	2,702E+3
642,162	0,178	0,100	9,930E+0	2,400E+1	2,700E+3	2,697E+3
643,163	0,178	0,100	9,920E+0	2,400E+1	2,700E+3	2,706E+3
644,164	0,178	0,100	9,930E+0	2,400E+1	2,700E+3	2,710E+3
645,164	0,178	0,100	9,930E+0	2,400E+1	2,700E+3	2,697E+3
646,164	0,178	0,100	9,930E+0	2,400E+1	2,700E+3	2,715E+3
647,164	0,178	0,100	9,920E+0	2,400E+1	2,700E+3	2,704E+3
648,164	0,178	0,100	9,920E+0	2,400E+1	2,700E+3	2,701E+3
649,165	0,178	0,100	9,920E+0	2,400E+1	2,700E+3	2,707E+3
650,165	0,178	0,100	9,930E+0	2,400E+1	2,700E+3	2,700E+3
651,166	0,178	0,100	9,930E+0	2,400E+1	2,700E+3	2,708E+3
652,167	0,178	0,100	9,930E+0	2,400E+1	2,700E+3	2,703E+3
653,167	0,178	0,100	9,930E+0	2,400E+1	2,700E+3	2,704E+3
654,167	0,178	0,100	9,930E+0	2,400E+1	2,700E+3	2,704E+3
655,167	0,178	0,100	9,930E+0	2,400E+1	2,700E+3	2,698E+3
656,167	0,178	0,100	9,930E+0	2,400E+1	2,700E+3	2,704E+3
657,167	0,178	0,100	9,930E+0	2,400E+1	2,700E+3	2,698E+3
658,167	0,178	0,100	9,940E+0	2,400E+1	2,700E+3	2,702E+3
659,167	0,178	0,100	9,940E+0	2,400E+1	2,700E+3	2,704E+3
660,167	0,178	0,100	9,930E+0	2,400E+1	2,700E+3	2,705E+3
661,167	0,178	0,100	9,940E+0	2,400E+1	2,700E+3	2,696E+3
662,167	0,178	0,100	9,940E+0	2,400E+1	2,700E+3	2,712E+3
663,167	0,178	0,100	9,940E+0	2,400E+1	2,700E+3	2,706E+3
664,167	0,178	0,100	9,940E+0	2,400E+1	2,700E+3	2,703E+3
665,167	0,178	0,100	9,940E+0	2,400E+1	2,700E+3	2,714E+3
666,167	0,178	0,100	9,940E+0	2,400E+1	2,700E+3	2,693E+3
667,167	0,178	0,100	9,950E+0	2,400E+1	2,700E+3	2,714E+3
668,168	0,178	0,100	9,950E+0	2,400E+1	2,700E+3	2,706E+3
669,169	0,178	0,100	9,950E+0	2,400E+1	2,700E+3	2,693E+3
670,169	0,178	0,100	9,950E+0	2,400E+1	2,700E+3	2,702E+3
671,170	0,178	0,100	9,950E+0	2,400E+1	2,700E+3	2,697E+3
672,170	0,178	0,100	9,950E+0	2,400E+1	2,700E+3	2,701E+3
673,171	0,178	0,100	9,950E+0	2,400E+1	2,700E+3	2,702E+3
674,171	0,178	0,100	9,950E+0	2,400E+1	2,700E+3	2,701E+3
675,172	0,178	0,100	9,950E+0	2,400E+1	2,700E+3	2,707E+3
676,173	0,178	0,100	9,950E+0	2,400E+1	2,700E+3	2,703E+3
677,172	0,178	0,100	9,950E+0	2,400E+1	2,700E+3	2,705E+3
678,173	0,178	0,100	9,950E+0	2,400E+1	2,700E+3	2,703E+3
679,173	0,178	0,100	9,950E+0	2,400E+1	2,700E+3	2,686E+3
680,174	0,178	0,100	9,950E+0	2,400E+1	2,700E+3	2,704E+3
681,174	0,178	0,100	9,950E+0	2,400E+1	2,700E+3	2,712E+3
682,174	0,178	0,100	9,950E+0	2,400E+1	2,700E+3	2,710E+3
683,174	0,178	0,100	9,960E+0	2,400E+1	2,700E+3	2,702E+3
684,174	0,178	0,100	9,960E+0	2,400E+1	2,700E+3	2,693E+3
685,174	0,178	0,100	9,960E+0	2,400E+1	2,700E+3	2,708E+3
686,174	0,178	0,100	9,960E+0	2,400E+1	2,700E+3	2,702E+3
687,175	0,178	0,100	9,960E+0	2,400E+1	2,700E+3	2,701E+3
688,175	0,178	0,100	9,960E+0	2,400E+1	2,700E+3	2,704E+3
689,175	0,178	0,100	9,960E+0	2,400E+1	2,700E+3	2,707E+3
690,175	0,178	0,100	9,960E+0	2,400E+1	2,700E+3	2,704E+3
691,175	0,178	0,100	9,960E+0	2,400E+1	2,700E+3	2,698E+3
692,175	0,178	0,100	9,960E+0	2,400E+1	2,700E+3	2,699E+3
693,175	0,178	0,100	9,960E+0	2,400E+1	2,700E+3	2,700E+3
694,175	0,178	0,100	9,960E+0	2,400E+1	2,700E+3	2,701E+3
695,175	0,178	0,100	9,960E+0	2,400E+1	2,700E+3	2,712E+3
696,175	0,178	0,100	9,960E+0	2,400E+1	2,700E+3	2,701E+3
697,176	0,178	0,100	9,970E+0	2,400E+1	2,700E+3	2,700E+3
698,176	0,178	0,100	9,970E+0	2,400E+1	2,700E+3	2,699E+3
699,176	0,178	0,100	9,960E+0	2,400E+1	2,700E+3	2,696E+3
700,176	0,178	0,100	9,960E+0	2,400E+1	2,700E+3	2,694E+3
701,176	0,178	0,100	9,960E+0	2,400E+1	2,700E+3	2,698E+3
702,176	0,178	0,100	9,970E+0	2,400E+1	2,700E+3	2,692E+3
703,176	0,178	0,100	9,970E+0	2,400E+1	2,700E+3	2,706E+3
704,176	0,178	0,100	9,970E+0	2,400E+1	2,700E+3	2,704E+3
705,177	0,178	0,100	9,970E+0	2,400E+1	2,700E+3	2,694E+3
706,177	0,178	0,100	9,980E+0	2,400E+1	2,700E+3	2,698E+3
707,177	0,178	0,100	9,980E+0	2,400E+1	2,700E+3	2,699E+3
708,178	0,178	0,100	9,980E+0	2,400E+1	2,700E+3	2,700E+3
709,178	0,178	0,100	9,970E+0	2,400E+1	2,700E+3	2,715E+3
710,178	0,178	0,100	9,970E+0	2,400E+1	2,700E+3	2,702E+3
711,179	0,178	0,100	9,980E+0	2,400E+1	2,700E+3	2,694E+3
712,179	0,178	0,100	9,980E+0	2,400E+1	2,700E+3	2,695E+3
713,179	0,178	0,100	9,980E+0	2,400E+1	2,700E+3	2,704E+3
714,179	0,178	0,100	9,980E+0	2,400E+1	2,700E+3	2,696E+3
715,179	0,178	0,100	9,980E+0	2,400E+1	2,700E+3	2,696E+3
716,179	0,178	0,100	9,980E+0	2,400E+1	2,700E+3	2,705E+3
717,179	0,178	0,100	9,980E+0	2,400E+1	2,700E+3	2,707E+3
718,179	0,178	0,100	9,990E+0	2,400E+1	2,700E+3	2,702E+3
719,179	0,178	0,100	9,990E+0	2,400E+1	2,700E+3	2,701E+3
720,179	0,178	0,100	9,980E+0	2,400E+1	2,700E+3	2,703E+3
721,179	0,178	0,100	9,990E+0	2,400E+1	2,700E+3	2,699E+3
722,179	0,178	0,100	9,990E+0	2,400E+1	2,700E+3	2,703E+3
723,180	0,178	0,100	9,990E+0	2,400E+1	2,700E+3	2,703E+3
724,180	0,178	0,100	9,990E+0	2,400E+1	2,700E+3	2,700E+3
725,180	0,178	0,100	9,980E+0	2,400E+1	2,700E+3	2,698E+3
726,180	0,178	0,100	9,980E+0	2,400E+1	2,700E+3	2,697E+3
727,180	0,178	0,100	9,980E+0	2,400E+1	2,700E+3	2,707E+3
728,180	0,178	0,100	9,980E+0	2,400E+1	2,700E+3	2,704E+3
729,180	0,178	0,100	9,990E+0	2,400E+1	2,700E+3	2,697E+3
730,180	0,178	0,100	9,990E+0	2,400E+1	2,700E+3	2,709E+3
731,180	0,178	0,100	9,980E+0	2,400E+1	2,700E+3	2,690E+3
732,180	0,178	0,100	9,980E+0	2,400E+1	2,700E+3	2,704E+3
733,180	0,178	0,100	9,990E+0	2,400E+1	2,700E+3	2,696E+3
734,180	0,178	0,100	9,990E+0	2,400E+1	2,700E+3	2,702E+3
735,180	0,178	0,100	9,990E+0	2,400E+1	2,700E+3	2,702E+3
736,180	0,178	0,100	1,000E+1	2,400E+1	2,700E+3	2,702E+3
737,180	0,178	0,100	1,000E+1	2,400E+1	2,700E+3	2,701E+3
738,180	0,178	0,100	9,990E+0	2,400E+1	2,700E+3	2,696E+3
739,180	0,178	0,100	9,990E+0	2,400E+1	2,700E+3	2,693E+3
740,180	0,178	0,100	1,000E+1	2,400E+1	2,700E+3	2,693E+3
741,181	0,178	0,100	1,000E+1	2,400E+1	2,700E+3	2,696E+3
742,181	0,178	0,100	1,000E+1	2,400E+1	2,700E+3	2,706E+3
743,181	0,178	0,100	1,000E+1	2,400E+1	2,700E+3	2,706E+3
744,181	0,178	0,100	1,000E+1	2,400E+1	2,700E+3	2,700E+3
745,182	0,178	0,100	1,000E+1	2,400E+1	2,700E+3	2,699E+3
746,182	0,178	0,100	1,000E+1	2,400E+1	2,700E+3	2,710E+3
747,182	0,178	0,100	1,000E+1	2,400E+1	2,700E+3	2,703E+3
748,182	0,178	0,100	1,000E+1	2,400E+1	2,700E+3	2,700E+3
749,182	0,178	0,100	1,000E+1	2,400E+1	2,700E+3	2,696E+3
750,183	0,178	0,100	1,000E+1	2,400E+1	2,700E+3	2,699E+3
751,183	0,178	0,100	1,000E+1	2,400E+1	2,700E+3	2,703E+3
752,183	0,178	0,100	1,000E+1	2,400E+1	2,700E+3	2,702E+3
753,184	0,178	0,100	1,000E+1	2,400E+1	2,700E+3	2,702E+3
754,184	0,178	0,100	1,001E+1	2,400E+1	2,700E+3	2,696E+3
755,184	0,178	0,100	1,001E+1	2,400E+1	2,700E+3	2,705E+3
756,184	0,178	0,100	1,001E+1	2,400E+1	2,700E+3	2,698E+3
757,184	0,178	0,100	1,000E+1	2,400E+1	2,700E+3	2,706E+3
758,185	0,178	0,100	1,000E+1	2,400E+1	2,700E+3	2,702E+3
759,186	0,178	0,100	1,001E+1	2,400E+1	2,700E+3	2,703E+3
760,186	0,178	0,100	1,001E+1	2,400E+1	2,700E+3	2,694E+3
761,187	0,178	0,100	1,001E+1	2,400E+1	2,700E+3	2,692E+3
762,187	0,178	0,100	1,001E+1	2,400E+1	2,700E+3	2,697E+3
763,187	0,178	0,100	1,001E+1	2,400E+1	2,700E+3	2,707E+3
764,187	0,178	0,100	1,001E+1	2,400E+1	2,700E+3	2,702E+3
765,187	0,178	0,100	1,001E+1	2,400E+1	2,700E+3	2,695E+3
766,187	0,178	0,100	1,001E+1	2,400E+1	2,700E+3	2,707E+3
767,187	0,178	0,100	1,002E+1	2,400E+1	2,700E+3	2,698E+3
768,188	0,178	0,100	1,002E+1	2,400E+1	2,700E+3	2,710E+3
769,187	0,178	0,100	1,002E+1	2,400E+1	2,700E+3	2,701E+3
770,187	0,178	0,100	1,002E+1	2,400E+1	2,700E+3	2,707E+3
771,187	0,178	0,100	1,002E+1	2,400E+1	2,700E+3	2,694E+3
772,187	0,178	0,100	1,003E+1	2,400E+1	2,700E+3	2,695E+3
773,187	0,178	0,100	1,003E+1	2,400E+1	2,700E+3	2,702E+3
774,187	0,178	0,100	1,001E+1	2,400E+1	2,700E+3	2,706E+3
775,187	0,178	0,100	1,001E+1	2,400E+1	2,700E+3	2,707E+3
776,187	0,178	0,100	1,001E+1	2,400E+1	2,700E+3	2,700E+3
777,187	0,178	0,100	1,001E+1	2,400E+1	2,700E+3	2,709E+3
778,187	0,178	0,100	1,002E+1	2,400E+1	2,700E+3	2,706E+3
779,187	0,178	0,100	1,002E+1	2,400E+1	2,700E+3	2,702E+3
780,188	0,178	0,100	1,002E+1	2,400E+1	2,700E+3	2,692E+3
781,188	0,178	0,100	1,002E+1	2,400E+1	2,700E+3	2,683E+3
782,188	0,178	0,100	1,002E+1	2,400E+1	2,700E+3	2,698E+3
783,188	0,178	0,100	1,003E+1	2,400E+1	2,700E+3	2,705E+3
784,189	0,178	0,100	1,003E+1	2,400E+1	2,700E+3	2,698E+3
785,189	0,178	0,100	1,003E+1	2,400E+1	2,700E+3	2,704E+3
786,190	0,178	0,100	1,002E+1	2,400E+1	2,700E+3	2,711E+3
787,189	0,178	0,100	1,003E+1	2,400E+1	2,700E+3	2,699E+3
788,190	0,178	0,100	1,003E+1	2,400E+1	2,700E+3	2,698E+3
789,190	0,178	0,100	1,003E+1	2,400E+1	2,700E+3	2,701E+3
790,190	0,178	0,100	1,003E+1	2,400E+1	2,700E+3	2,710E+3
791,190	0,178	0,100	1,003E+1	2,400E+1	2,700E+3	2,695E+3
792,190	0,178	0,100	1,003E+1	2,400E+1	2,700E+3	2,696E+3
793,190	0,178	0,100	1,003E+1	2,400E+1	2,700E+3	2,698E+3
794,190	0,178	0,100	1,003E+1	2,400E+1	2,700E+3	2,697E+3
795,190	0,178	0,100	1,003E+1	2,400E+1	2,700E+3	2,692E+3
796,190	0,178	0,100	1,004E+1	2,400E+1	2,700E+3	2,693E+3
797,190	0,178	0,100	1,004E+1	2,400E+1	2,700E+3	2,702E+3
798,190	0,178	0,100	1,004E+1	2,400E+1	2,700E+3	2,704E+3
799,191	0,178	0,100	1,004E+1	2,400E+1	2,700E+3	2,704E+3
800,192	0,178	0,100	1,004E+1	2,400E+1	2,700E+3	2,697E+3
801,192	0,178	0,100	1,005E+1	2,400E+1	2,700E+3	2,709E+3
802,193	0,178	0,100	1,005E+1	2,400E+1	2,700E+3	2,694E+3
803,193	0,178	0,100	1,004E+1	2,400E+1	2,700E+3	2,692E+3
804,193	0,178	0,100	1,004E+1	2,400E+1	2,700E+3	2,689E+3
805,193	0,178	0,100	1,005E+1	2,400E+1	2,700E+3	2,696E+3
806,193	0,178	0,100	1,004E+1	2,400E+1	2,700E+3	2,704E+3
807,193	0,178	0,100	1,004E+1	2,400E+1	2,700E+3	2,697E+3
808,193	0,178	0,100	1,004E+1	2,400E+1	2,700E+3	2,697E+3
809,194	0,178	0,100	1,004E+1	2,400E+1	2,700E+3	2,698E+3
810,194	0,178	0,100	1,004E+1	2,400E+1	2,700E+3	2,703E+3
811,195	0,178	0,100	1,005E+1	2,400E+1	2,700E+3	2,697E+3
812,196	0,178	0,100	1,005E+1	2,400E+1	2,700E+3	2,699E+3
813,196	0,178	0,100	1,005E+1	2,400E+1	2,700E+3	2,691E+3
814,196	0,178	0,100	1,004E+1	2,400E+1	2,700E+3	2,701E+3
815,196	0,178	0,100	1,004E+1	2,400E+1	2,700E+3	2,701E+3
816,196	0,178	0,100	1,004E+1	2,400E+1	2,700E+3	2,704E+3
817,196	0,178	0,100	1,005E+1	2,400E+1	2,700E+3	2,704E+3
818,196	0,178	0,100	1,005E+1	2,400E+1	2,700E+3	2,706E+3
819,197	0,178	0,100	1,005E+1	2,400E+1	2,700E+3	2,701E+3
820,198	0,178	0,100	1,005E+1	2,400E+1	2,700E+3	2,699E+3
821,199	0,178	0,100	1,005E+1	2,400E+1	2,700E+3	2,693E+3
822,199	0,178	0,100	1,005E+1	2,400E+1	2,700E+3	2,699E+3
823,199	0,178	0,100	1,005E+1	2,400E+1	2,700E+3	2,705E+3
824,199	0,178	0,100	1,005E+1	2,400E+1	2,700E+3	2,702E+3
825,199	0,178	0,100	1,005E+1	2,400E+1	2,700E+3	2,702E+3
826,200	0,178	0,100	1,005E+1	2,400E+1	2,700E+3	2,700E+3
827,200	0,178	0,100	1,006E+1	2,400E+1	2,700E+3	2,701E+3
828,201	0,178	0,100	1,006E+1	2,400E+1	2,700E+3	2,710E+3
829,201	0,178	0,100	1,005E+1	2,400E+1	2,700E+3	2,707E+3
830,201	0,178	0,100	1,005E+1	2,400E+1	2,700E+3	2,702E+3
831,201	0,178	0,100	1,006E+1	2,400E+1	2,700E+3	2,707E+3
832,201	0,178	0,100	1,006E+1	2,400E+1	2,700E+3	2,702E+3
833,201	0,178	0,100	1,006E+1	2,400E+1	2,700E+3	2,700E+3
834,202	0,178	0,100	1,007E+1	2,400E+1	2,700E+3	2,703E+3
835,202	0,178	0,100	1,007E+1	2,400E+1	2,700E+3	2,698E+3
836,202	0,178	0,100	1,006E+1	2,400E+1	2,700E+3	2,702E+3
837,202	0,178	0,100	1,007E+1	2,400E+1	2,700E+3	2,682E+3
838,202	0,178	0,100	1,007E+1	2,400E+1	2,700E+3	2,711E+3
839,202	0,178	0,100	1,006E+1	2,400E+1	2,700E+3	2,703E+3
840,203	0,178	0,100	1,006E+1	2,400E+1	2,700E+3	2,696E+3
841,203	0,178	0,100	1,006E+1	2,400E+1	2,700E+3	2,702E+3
842,203	0,178	0,100	1,006E+1	2,400E+1	2,700E+3	2,692E+3
843,203	0,178	0,100	1,008E+1	2,400E+1	2,700E+3	2,705E+3
844,203	0,178	0,100	1,008E+1	2,400E+1	2,700E+3	2,698E+3
845,203	0,178	0,100	1,007E+1	2,400E+1	2,700E+3	2,705E+3
846,203	0,178	0,100	1,007E+1	2,400E+1	2,700E+3	2,699E+3
847,204	0,178	0,100	1,007E+1	2,400E+1	2,700E+3	2,708E+3
848,204	0,178	0,100	1,007E+1	2,400E+1	2,700E+3	2,700E+3
849,204	0,178	0,100	1,007E+1	2,400E+1	2,700E+3	2,703E+3
850,204	0,178	0,100	1,007E+1	2,400E+1	2,700E+3	2,699E+3
851,205	0,178	0,100	1,006E+1	2,400E+1	2,700E+3	2,692E+3
852,206	0,178	0,100	1,008E+1	2,400E+1	2,700E+3	2,702E+3
853,207	0,178	0,100	1,008E+1	2,400E+1	2,700E+3	2,702E+3
854,207	0,178	0,100	1,008E+1	2,400E+1	2,700E+3	2,695E+3
855,207	0,178	0,100	1,008E+1	2,400E+1	2,700E+3	2,703E+3
856,207	0,178	0,100	1,008E+1	2,400E+1	2,700E+3	2,709E+3
857,208	0,178	0,100	1,008E+1	2,400E+1	2,700E+3	2,709E+3
858,209	0,178	0,100	1,008E+1	2,400E+1	2,700E+3	2,704E+3
859,210	0,178	0,100	1,008E+1	2,400E+1	2,700E+3	2,700E+3
860,211	0,178	0,100	1,008E+1	2,400E+1	2,700E+3	2,699E+3
861,212	0,178	0,100	1,008E+1	2,400E+1	2,700E+3	2,702E+3
862,212	0,178	0,100	1,008E+1	2,400E+1	2,700E+3	2,705E+3
863,212	0,178	0,100	1,008E+1	2,400E+1	2,700E+3	2,707E+3
864,212	0,178	0,100	1,008E+1	2,400E+1	2,700E+3	2,703E+3
865,213	0,178	0,100	1,008E+1	2,400E+1	2,700E+3	2,698E+3
866,213	0,178	0,100	1,008E+1	2,400E+1	2,700E+3	2,703E+3
867,214	0,178	0,100	1,008E+1	2,400E+1	2,700E+3	2,692E+3
868,213	0,178	0,100	1,008E+1	2,400E+1	2,700E+3	2,707E+3
869,213	0,178	0,100	1,008E+1	2,400E+1	2,700E+3	2,710E+3
870,213	0,178	0,100	1,008E+1	2,400E+1	2,700E+3	2,703E+3
871,213	0,178	0,100	1,008E+1	2,400E+1	2,700E+3	2,700E+3
872,213	0,178	0,100	1,009E+1	2,400E+1	2,700E+3	2,685E+3
873,213	0,178	0,100	1,009E+1	2,400E+1	2,700E+3	2,699E+3
874,214	0,178	0,100	1,009E+1	2,400E+1	2,700E+3	2,697E+3
875,215	0,178	0,100	1,009E+1	2,400E+1	2,700E+3	2,701E+3
876,216	0,178	0,100	1,009E+1	2,400E+1	2,700E+3	2,714E+3
877,216	0,178	0,100	1,009E+1	2,400E+1	2,700E+3	2,703E+3
878,216	0,178	0,100	1,008E+1	2,400E+1	2,700E+3	2,709E+3
879,216	0,178	0,100	1,008E+1	2,400E+1	2,700E+3	2,700E+3
880,216	0,178	0,100	1,008E+1	2,400E+1	2,700E+3	2,694E+3
881,216	0,178	0,100	1,008E+1	2,400E+1	2,700E+3	2,700E+3
882,216	0,178	0,100	1,009E+1	2,400E+1	2,700E+3	2,705E+3
883,216	0,178	0,100	1,009E+1	2,400E+1	2,700E+3	2,700E+3
884,217	0,178	0,100	1,010E+1	2,400E+1	2,700E+3	2,700E+3
885,217	0,178	0,100	1,009E+1	2,400E+1	2,700E+3	2,708E+3
886,218	0,178	0,100	1,009E+1	2,400E+1	2,700E+3	2,696E+3
887,218	0,178	0,100	1,008E+1	2,400E+1	2,700E+3	2,703E+3
888,218	0,178	0,100	1,009E+1	2,400E+1	2,700E+3	2,710E+3
889,218	0,178	0,100	1,009E+1	2,400E+1	2,700E+3	2,701E+3
890,218	0,178	0,100	1,010E+1	2,400E+1	2,700E+3	2,698E+3
891,218	0,178	0,100	1,009E+1	2,400E+1	2,700E+3	2,704E+3
892,219	0,178	0,100	1,009E+1	2,400E+1	2,700E+3	2,695E+3
893,220	0,178	0,100	1,009E+1	2,400E+1	2,700E+3	2,698E+3
894,221	0,178	0,100	1,009E+1	2,400E+1	2,700E+3	2,704E+3
895,221	0,178	0,100	1,009E+1	2,400E+1	2,700E+3	2,709E+3
896,221	0,178	0,100	1,010E+1	2,400E+1	2,700E+3	2,702E+3
897,221	0,178	0,100	1,010E+1	2,400E+1	2,700E+3	2,699E+3
898,221	0,178	0,100	1,009E+1	2,400E+1	2,700E+3	2,711E+3
899,222	0,178	0,100	1,009E+1	2,400E+1	2,700E+3	2,708E+3
900,222	0,178	0,100	1,011E+1	2,400E+1	2,700E+3	2,690E+3
901,223	0,178	0,100	1,011E+1	2,400E+1	2,700E+3	2,691E+3
902,223	0,178	0,100	1,011E+1	2,400E+1	2,700E+3	2,709E+3
903,223	0,178	0,100	1,010E+1	2,400E+1	2,700E+3	2,701E+3
904,223	0,178	0,100	1,010E+1	2,400E+1	2,700E+3	2,696E+3
905,224	0,178	0,100	1,010E+1	2,400E+1	2,700E+3	2,704E+3
906,224	0,178	0,100	1,011E+1	2,400E+1	2,700E+3	2,698E+3
907,225	0,178	0,100	1,011E+1	2,400E+1	2,700E+3	2,693E+3
908,225	0,178	0,100	1,010E+1	2,400E+1	2,700E+3	2,701E+3
909,226	0,178	0,100	1,011E+1	2,400E+1	2,700E+3	2,701E+3
910,226	0,178	0,100	1,011E+1	2,400E+1	2,700E+3	2,697E+3
911,226	0,178	0,100	1,011E+1	2,400E+1	2,700E+3	2,696E+3
912,226	0,178	0,100	1,010E+1	2,400E+1	2,700E+3	2,695E+3
913,227	0,178	0,100	1,010E+1	2,400E+1	2,700E+3	2,708E+3
914,226	0,178	0,100	1,010E+1	2,400E+1	2,700E+3	2,700E+3
915,226	0,178	0,100	1,010E+1	2,400E+1	2,700E+3	2,691E+3
916,226	0,178	0,100	1,010E+1	2,400E+1	2,700E+3	2,693E+3
917,226	0,178	0,100	1,011E+1	2,400E+1	2,700E+3	2,705E+3
918,226	0,178	0,100	1,011E+1	2,400E+1	2,700E+3	2,700E+3
919,226	0,178	0,100	1,011E+1	2,400E+1	2,700E+3	2,699E+3
920,226	0,178	0,100	1,011E+1	2,400E+1	2,700E+3	2,694E+3
921,226	0,178	0,100	1,011E+1	2,400E+1	2,700E+3	2,700E+3
922,226	0,178	0,100	1,011E+1	2,400E+1	2,700E+3	2,701E+3
923,226	0,178	0,100	1,011E+1	2,400E+1	2,700E+3	2,701E+3
924,226	0,178	0,100	1,011E+1	2,400E+1	2,700E+3	2,704E+3
925,226	0,178	0,100	1,012E+1	2,400E+1	2,700E+3	2,704E+3
926,227	0,178	0,100	1,011E+1	2,400E+1	2,700E+3	2,697E+3
927,227	0,178	0,100	1,011E+1	2,400E+1	2,700E+3	2,700E+3
928,228	0,178	0,100	1,012E+1	2,400E+1	2,700E+3	2,705E+3
929,228	0,178	0,100	1,012E+1	2,400E+1	2,700E+3	2,690E+3
930,228	0,178	0,100	1,012E+1	2,400E+1	2,700E+3	2,704E+3
931,229	0,178	0,100	1,011E+1	2,400E+1	2,700E+3	2,701E+3
932,230	0,178	0,100	1,012E+1	2,400E+1	2,700E+3	2,704E+3
933,230	0,178	0,100	1,012E+1	2,400E+1	2,700E+3	2,706E+3
934,230	0,178	0,100	1,012E+1	2,400E+1	2,700E+3	2,707E+3
935,230	0,178	0,100	1,012E+1	2,400E+1	2,700E+3	2,706E+3
936,231	0,178	0,100	1,012E+1	2,400E+1	2,700E+3	2,703E+3
937,232	0,178	0,100	1,012E+1	2,400E+1	2,700E+3	2,693E+3
938,232	0,178	0,100	1,012E+1	2,400E+1	2,700E+3	2,703E+3
939,232	0,178	0,100	1,012E+1	2,400E+1	2,700E+3	2,706E+3
940,232	0,178	0,100	1,012E+1	2,400E+1	2,700E+3	2,697E+3
941,233	0,178	0,100	1,012E+1	2,400E+1	2,700E+3	2,701E+3
942,233	0,178	0,100	1,012E+1	2,400E+1	2,700E+3	2,700E+3
943,233	0,178	0,100	1,012E+1	2,400E+1	2,700E+3	2,706E+3
944,233	0,178	0,100	1,012E+1	2,400E+1	2,700E+3	2,706E+3
945,234	0,178	0,100	1,013E+1	2,400E+1	2,700E+3	2,699E+3
946,235	0,178	0,100	1,013E+1	2,400E+1	2,700E+3	2,702E+3
947,235	0,178	0,100	1,012E+1	2,400E+1	2,700E+3	2,697E+3
948,236	0,178	0,100	1,013E+1	2,400E+1	2,700E+3	2,705E+3
949,236	0,178	0,100	1,013E+1	2,400E+1	2,700E+3	2,694E+3
950,236	0,178	0,100	1,013E+1	2,400E+1	2,700E+3	2,700E+3
951,236	0,178	0,100	1,013E+1	2,400E+1	2,700E+3	2,713E+3
952,237	0,178	0,100	1,013E+1	2,400E+1	2,700E+3	2,688E+3
953,237	0,178	0,100	1,014E+1	2,400E+1	2,700E+3	2,699E+3
954,238	0,178	0,100	1,014E+1	2,400E+1	2,700E+3	2,691E+3
955,238	0,178	0,100	1,014E+1	2,400E+1	2,700E+3	2,700E+3
956,239	0,178	0,100	1,014E+1	2,400E+1	2,700E+3	2,697E+3
957,240	0,178	0,100	1,013E+1	2,400E+1	2,700E+3	2,710E+3
958,240	0,178	0,100	1,013E+1	2,400E+1	2,700E+3	2,695E+3
959,240	0,178	0,100	1,013E+1	2,400E+1	2,700E+3	2,698E+3
960,240	0,178	0,100	1,013E+1	2,400E+1	2,700E+3	2,699E+3
961,240	0,178	0,100	1,013E+1	2,400E+1	2,700E+3	2,706E+3
962,242	0,178	0,100	1,013E+1	2,400E+1	2,700E+3	2,706E+3
963,241	0,178	0,100	1,013E+1	2,400E+1	2,700E+3	2,706E+3
964,241	0,178	0,100	1,014E+1	2,400E+1	2,700E+3	2,707E+3
965,242	0,178	0,100	1,014E+1	2,400E+1	2,700E+3	2,704E+3
966,243	0,178	0,100	1,014E+1	2,400E+1	2,700E+3	2,697E+3
967,243	0,178	0,100	1,014E+1	2,400E+1	2,700E+3	2,693E+3
968,244	0,178	0,100	1,014E+1	2,400E+1	2,700E+3	2,701E+3
969,244	0,178	0,100	1,014E+1	2,400E+1	2,700E+3	2,705E+3
970,244	0,178	0,100	1,014E+1	2,400E+1	2,700E+3	2,700E+3
971,244	0,178	0,100	1,014E+1	2,400E+1	2,700E+3	2,706E+3
972,244	0,178	0,100	1,014E+1	2,400E+1	2,700E+3	2,694E+3
973,244	0,178	0,100	1,014E+1	2,400E+1	2,700E+3	2,703E+3
974,244	0,178	0,100	1,014E+1	2,400E+1	2,700E+3	2,698E+3
975,244	0,178	0,100	1,014E+1	2,400E+1	2,700E+3	2,703E+3
976,244	0,178	0,100	1,014E+1	2,400E+1	2,700E+3	2,695E+3
977,244	0,178	0,100	1,014E+1	2,400E+1	2,700E+3	2,684E+3
978,244	0,178	0,100	1,014E+1	2,400E+1	2,700E+3	2,699E+3
979,244	0,177	0,100	1,014E+1	2,400E+1	2,700E+3	2,704E+3
980,244	0,177	0,100	1,014E+1	2,400E+1	2,700E+3	2,691E+3
981,244	0,177	0,100	1,014E+1	2,400E+1	2,700E+3	2,703E+3
982,244	0,177	0,100	1,014E+1	2,400E+1	2,700E+3	2,711E+3
983,244	0,177	0,100	1,014E+1	2,400E+1	2,700E+3	2,707E+3
984,245	0,178	0,100	1,015E+1	2,400E+1	2,700E+3	2,683E+3
985,246	0,178	0,100	1,015E+1	2,400E+1	2,700E+3	2,694E+3
986,247	0,178	0,100	1,014E+1	2,400E+1	2,700E+3	2,696E+3
987,247	0,178	0,100	1,014E+1	2,400E+1	2,700E+3	2,696E+3
988,247	0,178	0,100	1,015E+1	2,400E+1	2,700E+3	2,707E+3
989,247	0,178	0,100	1,015E+1	2,400E+1	2,700E+3	2,697E+3
990,247	0,178	0,100	1,015E+1	2,400E+1	2,700E+3	2,711E+3
991,247	0,178	0,100	1,015E+1	2,400E+1	2,700E+3	2,707E+3
992,247	0,178	0,100	1,015E+1	2,400E+1	2,700E+3	2,692E+3
993,248	0,178	0,100	1,015E+1	2,400E+1	2,700E+3	2,693E+3
994,248	0,178	0,100	1,015E+1	2,400E+1	2,700E+3	2,701E+3
995,248	0,178	0,100	1,015E+1	2,400E+1	2,700E+3	2,707E+3
996,249	0,178	0,100	1,015E+1	2,400E+1	2,700E+3	2,705E+3
997,249	0,178	0,100	1,016E+1	2,400E+1	2,700E+3	2,707E+3
998,250	0,178	0,100	1,016E+1	2,400E+1	2,700E+3	2,699E+3
999,250	0,178	0,100	1,015E+1	2,400E+1	2,700E+3	2,706E+3
1000,250	0,178	0,100	1,015E+1	2,400E+1	2,700E+3	2,705E+3
1001,251	0,178	0,100	1,016E+1	2,400E+1	2,700E+3	2,702E+3
1002,251	0,178	0,100	1,016E+1	2,400E+1	2,700E+3	2,698E+3
1003,251	0,178	0,100	1,016E+1	2,400E+1	2,700E+3	2,708E+3
1004,251	0,178	0,100	1,015E+1	2,400E+1	2,700E+3	2,711E+3
1005,251	0,178	0,100	1,015E+1	2,400E+1	2,700E+3	2,697E+3
1006,252	0,178	0,100	1,016E+1	2,400E+1	2,700E+3	2,705E+3
1007,252	0,178	0,100	1,016E+1	2,400E+1	2,700E+3	2,699E+3
1008,252	0,178	0,100	1,016E+1	2,400E+1	2,700E+3	2,687E+3
1009,254	0,178	0,100	1,016E+1	2,400E+1	2,700E+3	2,703E+3
1010,253	0,178	0,100	1,016E+1	2,400E+1	2,700E+3	2,695E+3
1011,253	0,178	0,100	1,016E+1	2,400E+1	2,700E+3	2,703E+3
1012,253	0,178	0,100	1,016E+1	2,400E+1	2,700E+3	2,703E+3
1013,253	0,178	0,100	1,016E+1	2,400E+1	2,700E+3	2,704E+3
1014,253	0,178	0,100	1,016E+1	2,400E+1	2,700E+3	2,694E+3
1015,253	0,178	0,100	1,016E+1	2,400E+1	2,700E+3	2,699E+3
1016,253	0,178	0,100	1,017E+1	2,400E+1	2,700E+3	2,692E+3
1017,253	0,178	0,100	1,017E+1	2,400E+1	2,700E+3	2,709E+3
1018,253	0,178	0,100	1,017E+1	2,400E+1	2,700E+3	2,700E+3
1019,253	0,178	0,100	1,017E+1	2,400E+1	2,700E+3	2,692E+3
1020,253	0,178	0,100	1,016E+1	2,400E+1	2,700E+3	2,685E+3
1021,253	0,177	0,100	1,016E+1	2,400E+1	2,700E+3	2,702E+3
1022,254	0,177	0,100	1,016E+1	2,400E+1	2,700E+3	2,699E+3
1023,255	0,178	0,100	1,017E+1	2,400E+1	2,700E+3	2,698E+3
1024,255	0,178	0,100	1,017E+1	2,400E+1	2,700E+3	2,711E+3
1025,255	0,178	0,100	1,017E+1	2,400E+1	2,700E+3	2,705E+3
1026,255	0,178	0,100	1,017E+1	2,400E+1	2,700E+3	2,703E+3
1027,255	0,177	0,100	1,016E+1	2,400E+1	2,700E+3	2,700E+3
1028,255	0,177	0,100	1,016E+1	2,400E+1	2,700E+3	2,700E+3
1029,256	0,177	0,100	1,016E+1	2,400E+1	2,700E+3	2,702E+3
1030,256	0,177	0,100	1,016E+1	2,400E+1	2,700E+3	2,698E+3
1031,256	0,177	0,100	1,016E+1	2,400E+1	2,700E+3	2,712E+3
1032,256	0,177	0,100	1,016E+1	2,400E+1	2,700E+3	2,702E+3
1033,256	0,178	0,100	1,018E+1	2,400E+1	2,700E+3	2,702E+3
1034,256	0,178	0,100	1,018E+1	2,400E+1	2,700E+3	2,703E+3
1035,256	0,178	0,100	1,018E+1	2,400E+1	2,700E+3	2,696E+3
1036,256	0,178	0,100	1,018E+1	2,400E+1	2,700E+3	2,698E+3
1037,256	0,178	0,100	1,018E+1	2,400E+1	2,700E+3	2,698E+3
1038,256	0,178	0,100	1,018E+1	2,400E+1	2,700E+3	2,700E+3
1039,257	0,178	0,100	1,018E+1	2,400E+1	2,700E+3	2,703E+3
1040,257	0,178	0,100	1,017E+1	2,400E+1	2,700E+3	2,704E+3
1041,258	0,177	0,100	1,017E+1	2,400E+1	2,700E+3	2,703E+3
1042,258	0,178	0,100	1,017E+1	2,400E+1	2,700E+3	2,697E+3
1043,258	0,178	0,100	1,017E+1	2,400E+1	2,700E+3	2,699E+3
1044,259	0,178	0,100	1,017E+1	2,400E+1	2,700E+3	2,704E+3
1045,259	0,178	0,100	1,017E+1	2,400E+1	2,700E+3	2,698E+3
1046,259	0,177	0,100	1,017E+1	2,400E+1	2,700E+3	2,696E+3
1047,260	0,177	0,100	1,017E+1	2,400E+1	2,700E+3	2,712E+3
1048,260	0,177	0,100	1,018E+1	2,400E+1	2,700E+3	2,710E+3
1049,261	0,177	0,100	1,018E+1	2,400E+1	2,700E+3	2,701E+3
1050,262	0,178	0,100	1,018E+1	2,400E+1	2,700E+3	2,702E+3
1051,262	0,178	0,100	1,018E+1	2,400E+1	2,700E+3	2,700E+3
1052,263	0,178	0,100	1,018E+1	2,400E+1	2,700E+3	2,701E+3
1053,263	0,178	0,100	1,018E+1	2,400E+1	2,700E+3	2,706E+3
1054,263	0,178	0,100	1,018E+1	2,400E+1	2,700E+3	2,692E+3
1055,264	0,178	0,100	1,018E+1	2,400E+1	2,700E+3	2,699E+3
1056,264	0,178	0,100	1,018E+1	2,400E+1	2,700E+3	2,703E+3
1057,265	0,178	0,100	1,018E+1	2,400E+1	2,700E+3	2,706E+3
1058,265	0,178	0,100	1,019E+1	2,400E+1	2,700E+3	2,698E+3
1059,265	0,178	0,100	1,019E+1	2,400E+1	2,700E+3	2,706E+3
1060,265	0,178	0,100	1,018E+1	2,400E+1	2,700E+3	2,700E+3
1061,265	0,178	0,100	1,019E+1	2,400E+1	2,700E+3	2,707E+3
1062,265	0,178	0,100	1,019E+1	2,400E+1	2,700E+3	2,707E+3
1063,265	0,178	0,100	1,019E+1	2,400E+1	2,700E+3	2,704E+3
1064,265	0,178	0,100	1,019E+1	2,400E+1	2,700E+3	2,702E+3
1065,265	0,178	0,100	1,019E+1	2,400E+1	2,700E+3	2,703E+3
1066,265	0,178	0,100	1,019E+1	2,400E+1	2,700E+3	2,710E+3
1067,265	0,178	0,100	1,019E+1	2,400E+1	2,700E+3	2,704E+3
1068,265	0,178	0,100	1,019E+1	2,400E+1	2,700E+3	2,699E+3
1069,265	0,178	0,100	1,019E+1	2,400E+1	2,700E+3	2,699E+3
1070,265	0,178	0,100	1,019E+1	2,400E+1	2,700E+3	2,706E+3
1071,265	0,178	0,100	1,019E+1	2,400E+1	2,700E+3	2,696E+3
1072,265	0,178	0,100	1,019E+1	2,400E+1	2,700E+3	2,698E+3
1073,265	0,178	0,100	1,019E+1	2,400E+1	2,700E+3	2,712E+3
1074,266	0,178	0,100	1,019E+1	2,400E+1	2,700E+3	2,704E+3
1075,266	0,178	0,100	1,019E+1	2,400E+1	2,700E+3	2,699E+3
1076,266	0,178	0,100	1,020E+1	2,400E+1	2,700E+3	2,699E+3
1077,266	0,178	0,100	1,020E+1	2,400E+1	2,700E+3	2,688E+3
1078,267	0,178	0,100	1,020E+1	2,400E+1	2,700E+3	2,704E+3
1079,268	0,178	0,100	1,020E+1	2,400E+1	2,700E+3	2,703E+3
1080,268	0,178	0,100	1,020E+1	2,400E+1	2,700E+3	2,700E+3
1081,268	0,178	0,100	1,020E+1	2,400E+1	2,700E+3	2,697E+3
1082,269	0,178	0,100	1,020E+1	2,400E+1	2,700E+3	2,698E+3
1083,270	0,178	0,100	1,020E+1	2,400E+1	2,700E+3	2,704E+3
1084,270	0,178	0,100	1,020E+1	2,400E+1	2,700E+3	2,703E+3
1085,271	0,177	0,100	1,020E+1	2,400E+1	2,700E+3	2,700E+3
1086,271	0,177	0,100	1,019E+1	2,400E+1	2,700E+3	2,704E+3
1087,271	0,177	0,100	1,019E+1	2,400E+1	2,700E+3	2,696E+3
1088,271	0,177	0,100	1,019E+1	2,400E+1	2,700E+3	2,701E+3
1089,271	0,177	0,100	1,019E+1	2,400E+1	2,700E+3	2,698E+3
1090,271	0,177	0,100	1,019E+1	2,400E+1	2,700E+3	2,706E+3
1091,271	0,177	0,100	1,019E+1	2,400E+1	2,700E+3	2,706E+3
1092,271	0,177	0,100	1,019E+1	2,400E+1	2,700E+3	2,705E+3
1093,271	0,177	0,100	1,019E+1	2,400E+1	2,700E+3	2,701E+3
1094,271	0,177	0,100	1,020E+1	2,400E+1	2,700E+3	2,703E+3
1095,271	0,177	0,100	1,020E+1	2,400E+1	2,700E+3	2,700E+3
1096,271	0,178	0,100	1,020E+1	2,400E+1	2,700E+3	2,700E+3
1097,272	0,178	0,100	1,020E+1	2,400E+1	2,700E+3	2,703E+3
1098,272	0,178	0,100	1,020E+1	2,400E+1	2,700E+3	2,701E+3
1099,272	0,177	0,100	1,020E+1	2,400E+1	2,700E+3	2,705E+3
1100,272	0,178	0,100	1,020E+1	2,400E+1	2,700E+3	2,706E+3
1101,273	0,178	0,100	1,021E+1	2,400E+1	2,700E+3	2,712E+3
1102,274	0,178	0,100	1,021E+1	2,400E+1	2,700E+3	2,709E+3
1103,274	0,178	0,100	1,021E+1	2,400E+1	2,700E+3	2,705E+3
1104,275	0,177	0,100	1,020E+1	2,400E+1	2,700E+3	2,700E+3
1105,275	0,177	0,100	1,020E+1	2,400E+1	2,700E+3	2,707E+3
1106,275	0,177	0,100	1,021E+1	2,400E+1	2,700E+3	2,693E+3
1107,275	0,177	0,100	1,021E+1	2,400E+1	2,700E+3	2,692E+3
1108,275	0,177	0,100	1,020E+1	2,400E+1	2,700E+3	2,707E+3
1109,276	0,178	0,100	1,021E+1	2,400E+1	2,700E+3	2,702E+3
1110,277	0,178	0,100	1,021E+1	2,400E+1	2,700E+3	2,701E+3
1111,276	0,178	0,100	1,021E+1	2,400E+1	2,700E+3	2,706E+3
1112,276	0,178	0,100	1,021E+1	2,400E+1	2,700E+3	2,693E+3
1113,276	0,178	0,100	1,021E+1	2,400E+1	2,700E+3	2,709E+3
1114,276	0,177	0,100	1,020E+1	2,400E+1	2,700E+3	2,697E+3
1115,277	0,177	0,100	1,020E+1	2,400E+1	2,700E+3	2,705E+3
1116,278	0,178	0,100	1,021E+1	2,400E+1	2,700E+3	2,708E+3
1117,278	0,177	0,100	1,020E+1	2,400E+1	2,700E+3	2,691E+3
1118,278	0,177	0,100	1,020E+1	2,400E+1	2,700E+3	2,696E+3
1119,278	0,177	0,100	1,021E+1	2,400E+1	2,700E+3	2,700E+3
1120,278	0,177	0,100	1,021E+1	2,400E+1	2,700E+3	2,701E+3
1121,278	0,177	0,100	1,021E+1	2,400E+1	2,700E+3	2,700E+3
1122,278	0,178	0,100	1,021E+1	2,400E+1	2,700E+3	2,707E+3
1123,278	0,178	0,100	1,022E+1	2,400E+1	2,700E+3	2,687E+3
1124,278	0,178	0,100	1,022E+1	2,400E+1	2,700E+3	2,701E+3
1125,278	0,177	0,100	1,021E+1	2,400E+1	2,700E+3	2,694E+3
1126,278	0,177	0,100	1,022E+1	2,400E+1	2,700E+3	2,701E+3
1127,278	0,177	0,100	1,022E+1	2,400E+1	2,700E+3	2,699E+3
1128,278	0,177	0,100	1,022E+1	2,400E+1	2,700E+3	2,695E+3
1129,278	0,177	0,100	1,022E+1	2,400E+1	2,700E+3	2,702E+3
1130,278	0,177	0,100	1,022E+1	2,400E+1	2,700E+3	2,708E+3
1131,278	0,177	0,100	1,022E+1	2,400E+1	2,700E+3	2,701E+3
1132,278	0,177	0,100	1,022E+1	2,400E+1	2,700E+3	2,698E+3
1133,278	0,177	0,100	1,022E+1	2,400E+1	2,700E+3	2,699E+3
1134,278	0,177	0,100	1,022E+1	2,400E+1	2,700E+3	2,705E+3
1135,279	0,177	0,100	1,023E+1	2,400E+1	2,700E+3	2,698E+3
1136,279	0,177	0,100	1,023E+1	2,400E+1	2,700E+3	2,700E+3
1137,279	0,178	0,100	1,023E+1	2,400E+1	2,700E+3	2,696E+3
1138,279	0,178	0,100	1,023E+1	2,400E+1	2,700E+3	2,699E+3
1139,279	0,178	0,100	1,023E+1	2,400E+1	2,700E+3	2,697E+3
1140,279	0,177	0,100	1,022E+1	2,400E+1	2,700E+3	2,698E+3
1141,279	0,177	0,100	1,022E+1	2,400E+1	2,700E+3	2,699E+3
1142,279	0,177	0,100	1,022E+1	2,400E+1	2,700E+3	2,706E+3
1143,279	0,177	0,100	1,022E+1	2,400E+1	2,700E+3	2,702E+3
1144,280	0,177	0,100	1,022E+1	2,400E+1	2,700E+3	2,697E+3
1145,280	0,177	0,100	1,022E+1	2,400E+1	2,700E+3	2,696E+3
1146,280	0,177	0,100	1,022E+1	2,400E+1	2,700E+3	2,698E+3
1147,281	0,177	0,100	1,022E+1	2,400E+1	2,700E+3	2,704E+3
1148,281	0,177	0,100	1,023E+1	2,400E+1	2,700E+3	2,699E+3
1149,281	0,177	0,100	1,023E+1	2,400E+1	2,700E+3	2,685E+3
1150,281	0,177	0,100	1,023E+1	2,400E+1	2,700E+3	2,705E+3
1151,282	0,177	0,100	1,023E+1	2,400E+1	2,700E+3	2,697E+3
1152,282	0,177	0,100	1,022E+1	2,400E+1	2,700E+3	2,703E+3
1153,282	0,177	0,100	1,023E+1	2,400E+1	2,700E+3	2,705E+3
1154,283	0,177	0,100	1,023E+1	2,400E+1	2,700E+3	2,703E+3
1155,283	0,177	0,100	1,024E+1	2,400E+1	2,700E+3	2,701E+3
1156,283	0,177	0,100	1,024E+1	2,400E+1	2,700E+3	2,699E+3
1157,283	0,177	0,100	1,023E+1	2,400E+1	2,700E+3	2,710E+3
1158,284	0,177	0,100	1,023E+1	2,400E+1	2,700E+3	2,700E+3
1159,284	0,177	0,100	1,023E+1	2,400E+1	2,700E+3	2,692E+3
1160,285	0,177	0,100	1,023E+1	2,400E+1	2,700E+3	2,704E+3
1161,286	0,177	0,100	1,023E+1	2,400E+1	2,700E+3	2,696E+3
1162,286	0,177	0,100	1,023E+1	2,400E+1	2,700E+3	2,702E+3
1163,286	0,177	0,100	1,024E+1	2,400E+1	2,700E+3	2,704E+3
1164,286	0,177	0,100	1,024E+1	2,400E+1	2,700E+3	2,694E+3
1165,286	0,177	0,100	1,024E+1	2,400E+1	2,700E+3	2,701E+3
1166,286	0,177	0,100	1,024E+1	2,400E+1	2,700E+3	2,699E+3
1167,286	0,177	0,100	1,023E+1	2,400E+1	2,700E+3	2,691E+3
1168,286	0,177	0,100	1,023E+1	2,400E+1	2,700E+3	2,702E+3
1169,286	0,177	0,100	1,023E+1	2,400E+1	2,700E+3	2,700E+3
1170,286	0,177	0,100	1,023E+1	2,400E+1	2,700E+3	2,697E+3
1171,287	0,177	0,100	1,024E+1	2,400E+1	2,700E+3	2,696E+3
1172,288	0,177	0,100	1,024E+1	2,400E+1	2,700E+3	2,697E+3
1173,289	0,177	0,100	1,024E+1	2,400E+1	2,700E+3	2,705E+3
1174,289	0,177	0,100	1,024E+1	2,400E+1	2,700E+3	2,701E+3
1175,289	0,177	0,100	1,024E+1	2,400E+1	2,700E+3	2,688E+3
1176,289	0,177	0,100	1,024E+1	2,400E+1	2,700E+3	2,697E+3
1177,290	0,177	0,100	1,024E+1	2,400E+1	2,700E+3	2,701E+3
1178,290	0,177	0,100	1,024E+1	2,400E+1	2,700E+3	2,702E+3
1179,291	0,177	0,100	1,024E+1	2,400E+1	2,700E+3	2,699E+3
1180,291	0,177	0,100	1,024E+1	2,400E+1	2,700E+3	2,692E+3
1181,291	0,177	0,100	1,024E+1	2,400E+1	2,700E+3	2,700E+3
1182,291	0,177	0,100	1,024E+1	2,400E+1	2,700E+3	2,702E+3
1183,290	0,177	0,100	1,023E+1	2,400E+1	2,700E+3	2,699E+3
1184,291	0,177	0,100	1,023E+1	2,400E+1	2,700E+3	2,697E+3
1185,291	0,177	0,100	1,023E+1	2,400E+1	2,700E+3	2,696E+3
1186,291	0,177	0,100	1,024E+1	2,400E+1	2,700E+3	2,702E+3
1187,292	0,177	0,100	1,024E+1	2,400E+1	2,700E+3	2,703E+3
1188,292	0,177	0,100	1,024E+1	2,400E+1	2,700E+3	2,694E+3
1189,292	0,177	0,100	1,024E+1	2,400E+1	2,700E+3	2,699E+3
1190,293	0,177	0,100	1,024E+1	2,400E+1	2,700E+3	2,704E+3
1191,293	0,177	0,100	1,025E+1	2,400E+1	2,700E+3	2,700E+3
1192,293	0,177	0,100	1,025E+1	2,400E+1	2,700E+3	2,702E+3
1193,294	0,177	0,100	1,025E+1	2,400E+1	2,700E+3	2,696E+3
1194,294	0,177	0,100	1,024E+1	2,400E+1	2,700E+3	2,694E+3
1195,295	0,177	0,100	1,024E+1	2,400E+1	2,700E+3	2,700E+3
1196,296	0,177	0,100	1,024E+1	2,400E+1	2,700E+3	2,693E+3
1197,297	0,177	0,100	1,025E+1	2,400E+1	2,700E+3	2,695E+3
1198,297	0,177	0,100	1,025E+1	2,400E+1	2,700E+3	2,707E+3
1199,297	0,177	0,100	1,024E+1	2,400E+1	2,700E+3	2,705E+3
1200,298	0,177	0,100	1,024E+1	2,400E+1	2,700E+3	2,704E+3
1201,298	0,177	0,100	1,024E+1	2,400E+1	2,700E+3	2,708E+3
1202,298	0,177	0,100	1,025E+1	2,400E+1	2,700E+3	2,709E+3
1203,298	0,177	0,100	1,025E+1	2,400E+1	2,700E+3	2,699E+3
1204,299	0,177	0,100	1,025E+1	2,400E+1	2,700E+3	2,699E+3
1205,300	0,177	0,100	1,025E+1	2,400E+1	2,700E+3	2,709E+3
1206,300	0,177	0,100	1,025E+1	2,400E+1	2,700E+3	2,713E+3
1207,300	0,177	0,100	1,025E+1	2,400E+1	2,700E+3	2,694E+3
1208,300	0,177	0,100	1,025E+1	2,400E+1	2,700E+3	2,698E+3
1209,301	0,177	0,100	1,025E+1	2,400E+1	2,700E+3	2,702E+3
1210,301	0,177	0,100	1,025E+1	2,400E+1	2,700E+3	2,697E+3
1211,302	0,177	0,100	1,025E+1	2,400E+1	2,700E+3	2,703E+3
1212,302	0,177	0,100	1,025E+1	2,400E+1	2,700E+3	2,699E+3
1213,302	0,177	0,100	1,025E+1	2,400E+1	2,700E+3	2,697E+3
1214,303	0,177	0,100	1,025E+1	2,400E+1	2,700E+3	2,700E+3
1215,303	0,177	0,100	1,025E+1	2,400E+1	2,700E+3	2,702E+3
1216,303	0,177	0,100	1,025E+1	2,400E+1	2,700E+3	2,702E+3
1217,303	0,177	0,100	1,025E+1	2,400E+1	2,700E+3	2,699E+3
1218,303	0,177	0,100	1,025E+1	2,400E+1	2,700E+3	2,694E+3
1219,303	0,177	0,100	1,025E+1	2,400E+1	2,700E+3	2,698E+3
1220,304	0,177	0,100	1,026E+1	2,400E+1	2,700E+3	2,696E+3
1221,304	0,177	0,100	1,026E+1	2,400E+1	2,700E+3	2,700E+3
1222,304	0,177	0,100	1,026E+1	2,400E+1	2,700E+3	2,695E+3
1223,303	0,177	0,100	1,026E+1	2,400E+1	2,700E+3	2,696E+3
1224,304	0,177	0,100	1,026E+1	2,400E+1	2,700E+3	2,700E+3
1225,304	0,177	0,100	1,026E+1	2,400E+1	2,700E+3	2,693E+3
1226,304	0,177	0,100	1,026E+1	2,400E+1	2,700E+3	2,705E+3
1227,305	0,177	0,100	1,026E+1	2,400E+1	2,700E+3	2,706E+3
1228,306	0,177	0,100	1,025E+1	2,400E+1	2,700E+3	2,697E+3
1229,306	0,177	0,100	1,025E+1	2,400E+1	2,700E+3	2,692E+3
1230,307	0,177	0,100	1,026E+1	2,400E+1	2,700E+3	2,705E+3
1231,307	0,177	0,100	1,026E+1	2,400E+1	2,700E+3	2,693E+3
1232,307	0,177	0,100	1,026E+1	2,400E+1	2,700E+3	2,705E+3
1233,307	0,177	0,100	1,026E+1	2,400E+1	2,700E+3	2,697E+3
1234,307	0,177	0,100	1,026E+1	2,400E+1	2,700E+3	2,699E+3
1235,307	0,177	0,100	1,026E+1	2,400E+1	2,700E+3	2,697E+3
1236,307	0,177	0,100	1,026E+1	2,400E+1	2,700E+3	2,700E+3
1237,308	0,177	0,100	1,026E+1	2,400E+1	2,700E+3	2,692E+3
1238,308	0,177	0,100	1,027E+1	2,400E+1	2,700E+3	2,702E+3
1239,308	0,177	0,100	1,027E+1	2,400E+1	2,700E+3	2,684E+3
1240,308	0,177	0,100	1,027E+1	2,400E+1	2,700E+3	2,704E+3
1241,308	0,177	0,100	1,027E+1	2,400E+1	2,700E+3	2,707E+3
1242,309	0,177	0,100	1,027E+1	2,400E+1	2,700E+3	2,706E+3
1243,309	0,177	0,100	1,027E+1	2,400E+1	2,700E+3	2,706E+3
1244,310	0,177	0,100	1,027E+1	2,400E+1	2,700E+3	2,711E+3
1245,311	0,177	0,100	1,026E+1	2,400E+1	2,700E+3	2,699E+3
1246,311	0,177	0,100	1,026E+1	2,400E+1	2,700E+3	2,705E+3
1247,311	0,177	0,100	1,027E+1	2,400E+1	2,700E+3	2,699E+3
1248,312	0,177	0,100	1,027E+1	2,400E+1	2,700E+3	2,697E+3
1249,312	0,177	0,100	1,027E+1	2,400E+1	2,700E+3	2,709E+3
1250,312	0,177	0,100	1,027E+1	2,400E+1	2,700E+3	2,703E+3
1251,312	0,177	0,100	1,027E+1	2,400E+1	2,700E+3	2,711E+3
1252,312	0,177	0,100	1,027E+1	2,400E+1	2,700E+3	2,701E+3
1253,312	0,177	0,100	1,028E+1	2,400E+1	2,700E+3	2,688E+3
1254,313	0,177	0,100	1,028E+1	2,400E+1	2,700E+3	2,694E+3
1255,314	0,177	0,100	1,027E+1	2,400E+1	2,700E+3	2,696E+3
1256,314	0,177	0,100	1,027E+1	2,400E+1	2,700E+3	2,696E+3
1257,314	0,177	0,100	1,027E+1	2,400E+1	2,700E+3	2,703E+3
1258,314	0,177	0,100	1,027E+1	2,400E+1	2,700E+3	2,700E+3
1259,314	0,177	0,100	1,027E+1	2,400E+1	2,700E+3	2,705E+3
1260,314	0,177	0,100	1,027E+1	2,400E+1	2,700E+3	2,700E+3
1261,314	0,177	0,100	1,027E+1	2,400E+1	2,700E+3	2,699E+3
1262,314	0,177	0,100	1,027E+1	2,400E+1	2,700E+3	2,698E+3
1263,315	0,177	0,100	1,027E+1	2,400E+1	2,700E+3	2,694E+3
1264,315	0,177	0,100	1,027E+1	2,400E+1	2,700E+3	2,704E+3
1265,315	0,177	0,100	1,027E+1	2,400E+1	2,700E+3	2,701E+3
1266,315	0,177	0,100	1,027E+1	2,400E+1	2,700E+3	2,693E+3
1267,315	0,177	0,100	1,027E+1	2,400E+1	2,700E+3	2,694E+3
1268,315	0,177	0,100	1,027E+1	2,400E+1	2,700E+3	2,692E+3
1269,315	0,177	0,100	1,027E+1	2,400E+1	2,700E+3	2,699E+3
1270,315	0,177	0,100	1,027E+1	2,400E+1	2,700E+3	2,702E+3
1271,315	0,177	0,100	1,027E+1	2,400E+1	2,700E+3	2,699E+3
1272,315	0,177	0,100	1,028E+1	2,400E+1	2,700E+3	2,698E+3
1273,315	0,177	0,100	1,028E+1	2,400E+1	2,700E+3	2,707E+3
1274,316	0,177	0,100	1,028E+1	2,400E+1	2,700E+3	2,699E+3
1275,316	0,177	0,100	1,028E+1	2,400E+1	2,700E+3	2,699E+3
1276,316	0,177	0,100	1,028E+1	2,400E+1	2,700E+3	2,701E+3
1277,316	0,177	0,100	1,028E+1	2,400E+1	2,700E+3	2,704E+3
1278,317	0,177	0,100	1,027E+1	2,400E+1	2,700E+3	2,694E+3
1279,317	0,177	0,100	1,027E+1	2,400E+1	2,700E+3	2,698E+3
1280,318	0,177	0,100	1,027E+1	2,400E+1	2,700E+3	2,703E+3
1281,319	0,177	0,100	1,028E+1	2,400E+1	2,700E+3	2,693E+3
1282,319	0,177	0,100	1,028E+1	2,400E+1	2,700E+3	2,699E+3
1283,319	0,177	0,100	1,028E+1	2,400E+1	2,700E+3	2,703E+3
1284,320	0,177	0,100	1,028E+1	2,400E+1	2,700E+3	2,704E+3
1285,320	0,177	0,100	1,028E+1	2,400E+1	2,700E+3	2,703E+3
1286,320	0,177	0,100	1,028E+1	2,400E+1	2,700E+3	2,697E+3
1287,321	0,177	0,100	1,028E+1	2,400E+1	2,700E+3	2,698E+3
1288,321	0,177	0,100	1,028E+1	2,400E+1	2,700E+3	2,702E+3
1289,322	0,177	0,100	1,028E+1	2,400E+1	2,700E+3	2,700E+3
1290,322	0,177	0,100	1,028E+1	2,400E+1	2,700E+3	2,698E+3
1291,323	0,177	0,100	1,028E+1	2,400E+1	2,700E+3	2,702E+3
1292,324	0,177	0,100	1,028E+1	2,400E+1	2,700E+3	2,701E+3
1293,324	0,177	0,100	1,028E+1	2,400E+1	2,700E+3	2,701E+3
1294,324	0,177	0,100	1,028E+1	2,400E+1	2,700E+3	2,702E+3
1295,324	0,177	0,100	1,028E+1	2,400E+1	2,700E+3	2,696E+3
1296,324	0,177	0,100	1,028E+1	2,400E+1	2,700E+3	2,706E+3
1297,324	0,177	0,100	1,028E+1	2,400E+1	2,700E+3	2,710E+3
1298,324	0,177	0,100	1,029E+1	2,400E+1	2,700E+3	2,705E+3
1299,324	0,177	0,100	1,029E+1	2,400E+1	2,700E+3	2,702E+3
1300,324	0,177	0,100	1,028E+1	2,400E+1	2,700E+3	2,704E+3
1301,324	0,177	0,100	1,028E+1	2,400E+1	2,700E+3	2,700E+3
1302,324	0,177	0,100	1,029E+1	2,400E+1	2,700E+3	2,700E+3
1303,324	0,177	0,100	1,029E+1	2,400E+1	2,700E+3	2,695E+3
1304,324	0,177	0,100	1,029E+1	2,400E+1	2,700E+3	2,699E+3
1305,324	0,177	0,100	1,029E+1	2,400E+1	2,700E+3	2,701E+3
1306,324	0,177	0,100	1,028E+1	2,400E+1	2,700E+3	2,707E+3
1307,324	0,177	0,100	1,029E+1	2,400E+1	2,700E+3	2,699E+3
1308,324	0,177	0,100	1,029E+1	2,400E+1	2,700E+3	2,694E+3
1309,324	0,177	0,100	1,029E+1	2,400E+1	2,700E+3	2,699E+3
1310,324	0,177	0,100	1,029E+1	2,400E+1	2,700E+3	2,699E+3
1311,325	0,177	0,100	1,029E+1	2,400E+1	2,700E+3	2,705E+3
1312,325	0,177	0,100	1,029E+1	2,400E+1	2,700E+3	2,702E+3
1313,325	0,177	0,100	1,029E+1	2,400E+1	2,700E+3	2,697E+3
1314,326	0,177	0,100	1,029E+1	2,400E+1	2,700E+3	2,710E+3
1315,325	0,177	0,100	1,029E+1	2,400E+1	2,700E+3	2,705E+3
1316,325	0,177	0,100	1,029E+1	2,400E+1	2,700E+3	2,702E+3
1317,326	0,177	0,100	1,029E+1	2,400E+1	2,700E+3	2,694E+3
1318,326	0,177	0,100	1,030E+1	2,400E+1	2,700E+3	2,709E+3
1319,327	0,177	0,100	1,030E+1	2,400E+1	2,700E+3	2,700E+3
1320,326	0,177	0,100	1,029E+1	2,400E+1	2,700E+3	2,703E+3
1321,326	0,177	0,100	1,029E+1	2,400E+1	2,700E+3	2,694E+3
1322,326	0,177	0,100	1,029E+1	2,400E+1	2,700E+3	2,698E+3
1323,326	0,177	0,100	1,029E+1	2,400E+1	2,700E+3	2,695E+3
1324,326	0,177	0,100	1,029E+1	2,400E+1	2,700E+3	2,696E+3
1325,327	0,177	0,100	1,030E+1	2,400E+1	2,700E+3	2,701E+3
1326,327	0,177	0,100	1,031E+1	2,400E+1	2,700E+3	2,705E+3
1327,327	0,177	0,100	1,031E+1	2,400E+1	2,700E+3	2,702E+3
1328,327	0,177	0,100	1,030E+1	2,400E+1	2,700E+3	2,697E+3
1329,327	0,177	0,100	1,030E+1	2,400E+1	2,700E+3	2,703E+3
1330,327	0,177	0,100	1,030E+1	2,400E+1	2,700E+3	2,708E+3
1331,328	0,177	0,100	1,030E+1	2,400E+1	2,700E+3	2,699E+3
1332,328	0,177	0,100	1,030E+1	2,400E+1	2,700E+3	2,701E+3
1333,328	0,177	0,100	1,030E+1	2,400E+1	2,700E+3	2,714E+3
1334,328	0,177	0,100	1,030E+1	2,400E+1	2,700E+3	2,696E+3
1335,329	0,177	0,100	1,030E+1	2,400E+1	2,700E+3	2,699E+3
1336,330	0,177	0,100	1,030E+1	2,400E+1	2,700E+3	2,700E+3
1337,331	0,177	0,100	1,030E+1	2,400E+1	2,700E+3	2,700E+3
1338,332	0,177	0,100	1,030E+1	2,400E+1	2,700E+3	2,706E+3
1339,332	0,177	0,100	1,030E+1	2,400E+1	2,700E+3	2,701E+3
1340,332	0,177	0,100	1,031E+1	2,400E+1	2,700E+3	2,707E+3
1341,333	0,177	0,100	1,031E+1	2,400E+1	2,700E+3	2,699E+3
1342,333	0,177	0,100	1,030E+1	2,400E+1	2,700E+3	2,698E+3
1343,333	0,177	0,100	1,031E+1	2,400E+1	2,700E+3	2,697E+3
1344,334	0,177	0,100	1,031E+1	2,400E+1	2,700E+3	2,698E+3
1345,335	0,177	0,100	1,031E+1	2,400E+1	2,700E+3	2,700E+3
1346,335	0,177	0,100	1,030E+1	2,400E+1	2,700E+3	2,703E+3
1347,335	0,177	0,100	1,030E+1	2,400E+1	2,700E+3	2,702E+3
1348,335	0,177	0,100	1,030E+1	2,400E+1	2,700E+3	2,704E+3
1349,335	0,177	0,100	1,031E+1	2,400E+1	2,700E+3	2,713E+3
1350,336	0,177	0,100	1,031E+1	2,400E+1	2,700E+3	2,696E+3
1351,336	0,177	0,100	1,031E+1	2,400E+1	2,700E+3	2,692E+3
1352,336	0,177	0,100	1,031E+1	2,400E+1	2,700E+3	2,706E+3
1353,337	0,177	0,100	1,031E+1	2,400E+1	2,700E+3	2,692E+3
1354,337	0,177	0,100	1,031E+1	2,400E+1	2,700E+3	2,702E+3
1355,337	0,177	0,100	1,031E+1	2,400E+1	2,700E+3	2,688E+3
1356,339	0,177	0,100	1,031E+1	2,400E+1	2,700E+3	2,699E+3
1357,338	0,177	0,100	1,031E+1	2,400E+1	2,700E+3	2,704E+3
1358,338	0,177	0,100	1,031E+1	2,400E+1	2,700E+3	2,691E+3
1359,338	0,177	0,100	1,031E+1	2,400E+1	2,700E+3	2,696E+3
1360,339	0,177	0,100	1,031E+1	2,400E+1	2,700E+3	2,702E+3
1361,339	0,177	0,100	1,031E+1	2,400E+1	2,700E+3	2,696E+3
1362,339	0,177	0,100	1,031E+1	2,400E+1	2,700E+3	2,701E+3
1363,340	0,177	0,100	1,031E+1	2,400E+1	2,700E+3	2,702E+3
1364,340	0,177	0,100	1,031E+1	2,400E+1	2,700E+3	2,700E+3
1365,340	0,177	0,100	1,031E+1	2,400E+1	2,700E+3	2,704E+3
1366,340	0,177	0,100	1,031E+1	2,400E+1	2,700E+3	2,707E+3
1367,340	0,177	0,100	1,032E+1	2,400E+1	2,700E+3	2,699E+3
1368,342	0,177	0,100	1,032E+1	2,400E+1	2,700E+3	2,696E+3
1369,341	0,177	0,100	1,031E+1	2,400E+1	2,700E+3	2,695E+3
1370,341	0,177	0,100	1,031E+1	2,400E+1	2,700E+3	2,697E+3
1371,341	0,177	0,100	1,031E+1	2,400E+1	2,700E+3	2,702E+3
1372,341	0,177	0,100	1,031E+1	2,400E+1	2,700E+3	2,699E+3
1373,341	0,177	0,100	1,031E+1	2,400E+1	2,700E+3	2,690E+3
1374,341	0,177	0,100	1,032E+1	2,400E+1	2,700E+3	2,705E+3
1375,341	0,177	0,100	1,032E+1	2,400E+1	2,700E+3	2,693E+3
1376,341	0,177	0,100	1,032E+1	2,400E+1	2,700E+3	2,699E+3
1377,341	0,177	0,100	1,032E+1	2,400E+1	2,700E+3	2,705E+3
1378,341	0,177	0,100	1,032E+1	2,400E+1	2,700E+3	2,702E+3
1379,341	0,177	0,100	1,032E+1	2,400E+1	2,700E+3	2,689E+3
1380,341	0,177	0,100	1,032E+1	2,400E+1	2,700E+3	2,700E+3
1381,341	0,177	0,100	1,032E+1	2,400E+1	2,700E+3	2,710E+3
1382,341	0,177	0,100	1,032E+1	2,400E+1	2,700E+3	2,712E+3
1383,342	0,177	0,100	1,032E+1	2,400E+1	2,700E+3	2,701E+3
1384,342	0,177	0,100	1,032E+1	2,400E+1	2,700E+3	2,704E+3
1385,342	0,177	0,100	1,032E+1	2,400E+1	2,700E+3	2,704E+3
1386,342	0,177	0,100	1,032E+1	2,400E+1	2,700E+3	2,700E+3
1387,343	0,177	0,100	1,032E+1	2,400E+1	2,700E+3	2,707E+3
1388,344	0,177	0,100	1,032E+1	2,400E+1	2,700E+3	2,703E+3
1389,344	0,177	0,100	1,032E+1	2,400E+1	2,700E+3	2,691E+3
1390,344	0,177	0,100	1,032E+1	2,400E+1	2,700E+3	2,703E+3
1391,344	0,177	0,100	1,033E+1	2,400E+1	2,700E+3	2,706E+3
1392,344	0,177	0,100	1,033E+1	2,400E+1	2,700E+3	2,709E+3
1393,344	0,177	0,100	1,032E+1	2,400E+1	2,700E+3	2,706E+3
1394,344	0,177	0,100	1,032E+1	2,400E+1	2,700E+3	2,704E+3
1395,345	0,177	0,100	1,032E+1	2,400E+1	2,700E+3	2,697E+3
1396,345	0,177	0,100	1,032E+1	2,400E+1	2,700E+3	2,699E+3
1397,345	0,177	0,100	1,032E+1	2,400E+1	2,700E+3	2,703E+3
1398,345	0,177	0,100	1,032E+1	2,400E+1	2,700E+3	2,710E+3
1399,345	0,177	0,100	1,032E+1	2,400E+1	2,700E+3	2,700E+3
1400,345	0,177	0,100	1,032E+1	2,400E+1	2,700E+3	2,705E+3
1401,346	0,177	0,100	1,033E+1	2,400E+1	2,700E+3	2,696E+3
1402,346	0,177	0,100	1,033E+1	2,400E+1	2,700E+3	2,699E+3
1403,347	0,177	0,100	1,033E+1	2,400E+1	2,700E+3	2,704E+3
1404,347	0,177	0,100	1,032E+1	2,400E+1	2,700E+3	2,707E+3
1405,347	0,177	0,100	1,032E+1	2,400E+1	2,700E+3	2,698E+3
1406,347	0,177	0,100	1,033E+1	2,400E+1	2,700E+3	2,695E+3
1407,347	0,177	0,100	1,033E+1	2,400E+1	2,700E+3	2,701E+3
1408,347	0,177	0,100	1,033E+1	2,400E+1	2,700E+3	2,692E+3
1409,347	0,177	0,100	1,033E+1	2,400E+1	2,700E+3	2,692E+3
1410,347	0,177	0,100	1,032E+1	2,400E+1	2,700E+3	2,700E+3
1411,347	0,177	0,100	1,033E+1	2,400E+1	2,700E+3	2,707E+3
1412,347	0,177	0,100	1,033E+1	2,400E+1	2,700E+3	2,702E+3
1413,348	0,177	0,100	1,032E+1	2,400E+1	2,700E+3	2,700E+3
1414,348	0,177	0,100	1,033E+1	2,400E+1	2,700E+3	2,701E+3
1415,348	0,177	0,100	1,033E+1	2,400E+1	2,700E+3	2,689E+3
1416,349	0,177	0,100	1,033E+1	2,400E+1	2,700E+3	2,705E+3
1417,349	0,177	0,100	1,033E+1	2,400E+1	2,700E+3	2,705E+3
1418,349	0,177	0,100	1,033E+1	2,400E+1	2,700E+3	2,701E+3
1419,349	0,177	0,100	1,033E+1	2,400E+1	2,700E+3	2,706E+3
1420,349	0,177	0,100	1,033E+1	2,400E+1	2,700E+3	2,691E+3
1421,349	0,177	0,100	1,033E+1	2,400E+1	2,700E+3	2,694E+3
1422,349	0,177	0,100	1,033E+1	2,400E+1	2,700E+3	2,704E+3
1423,349	0,177	0,100	1,033E+1	2,400E+1	2,700E+3	2,702E+3
1424,350	0,177	0,100	1,033E+1	2,400E+1	2,700E+3	2,699E+3
1425,350	0,177	0,100	1,033E+1	2,400E+1	2,700E+3	2,699E+3
1426,351	0,177	0,100	1,033E+1	2,400E+1	2,700E+3	2,703E+3
1427,351	0,177	0,100	1,032E+1	2,400E+1	2,700E+3	2,696E+3
1428,351	0,177	0,100	1,032E+1	2,400E+1	2,700E+3	2,696E+3
1429,351	0,177	0,100	1,032E+1	2,400E+1	2,700E+3	2,692E+3
1430,351	0,177	0,100	1,033E+1	2,400E+1	2,700E+3	2,703E+3
1431,351	0,177	0,100	1,033E+1	2,400E+1	2,700E+3	2,697E+3
1432,352	0,177	0,100	1,033E+1	2,400E+1	2,700E+3	2,696E+3
1433,353	0,177	0,100	1,033E+1	2,400E+1	2,700E+3	2,703E+3
1434,353	0,177	0,100	1,033E+1	2,400E+1	2,700E+3	2,703E+3
1435,353	0,177	0,100	1,033E+1	2,400E+1	2,700E+3	2,697E+3
1436,353	0,177	0,100	1,033E+1	2,400E+1	2,700E+3	2,704E+3
1437,353	0,177	0,100	1,033E+1	2,400E+1	2,700E+3	2,695E+3
1438,353	0,177	0,100	1,033E+1	2,400E+1	2,700E+3	2,693E+3
1439,353	0,177	0,100	1,033E+1	2,400E+1	2,700E+3	2,689E+3
1440,353	0,177	0,100	1,033E+1	2,400E+1	2,700E+3	2,702E+3
1441,353	0,177	0,100	1,033E+1	2,400E+1	2,700E+3	2,708E+3
1442,353	0,177	0,100	1,033E+1	2,400E+1	2,700E+3	2,697E+3
1443,353	0,177	0,100	1,034E+1	2,400E+1	2,700E+3	2,695E+3
1444,353	0,177	0,100	1,034E+1	2,400E+1	2,700E+3	2,701E+3
1445,354	0,177	0,100	1,034E+1	2,400E+1	2,700E+3	2,700E+3
1446,354	0,177	0,100	1,034E+1	2,400E+1	2,700E+3	2,699E+3
1447,354	0,177	0,100	1,033E+1	2,400E+1	2,700E+3	2,706E+3
1448,354	0,177	0,100	1,034E+1	2,400E+1	2,700E+3	2,699E+3
1449,354	0,177	0,100	1,034E+1	2,400E+1	2,700E+3	2,707E+3
1450,354	0,177	0,100	1,034E+1	2,400E+1	2,700E+3	2,699E+3
1451,355	0,177	0,100	1,034E+1	2,400E+1	2,700E+3	2,697E+3
1452,355	0,177	0,100	1,034E+1	2,400E+1	2,700E+3	2,701E+3
1453,356	0,177	0,100	1,034E+1	2,400E+1	2,700E+3	2,701E+3
1454,356	0,177	0,100	1,034E+1	2,400E+1	2,700E+3	2,706E+3
1455,356	0,177	0,100	1,034E+1	2,400E+1	2,700E+3	2,700E+3
1456,356	0,177	0,100	1,034E+1	2,400E+1	2,700E+3	2,698E+3
1457,357	0,177	0,100	1,034E+1	2,400E+1	2,700E+3	2,699E+3
1458,358	0,177	0,100	1,034E+1	2,400E+1	2,700E+3	2,715E+3
1459,358	0,177	0,100	1,034E+1	2,400E+1	2,700E+3	2,701E+3
1460,358	0,177	0,100	1,034E+1	2,400E+1	2,700E+3	2,705E+3
1461,359	0,177	0,100	1,034E+1	2,400E+1	2,700E+3	2,709E+3
1462,360	0,177	0,100	1,034E+1	2,400E+1	2,700E+3	2,705E+3
1463,361	0,177	0,100	1,034E+1	2,400E+1	2,700E+3	2,698E+3
1464,361	0,177	0,100	1,035E+1	2,400E+1	2,700E+3	2,706E+3
1465,361	0,177	0,100	1,035E+1	2,400E+1	2,700E+3	2,699E+3
1466,362	0,177	0,100	1,034E+1	2,400E+1	2,700E+3	2,693E+3
1467,363	0,177	0,100	1,034E+1	2,400E+1	2,700E+3	2,694E+3
1468,363	0,177	0,100	1,034E+1	2,400E+1	2,700E+3	2,695E+3
1469,364	0,177	0,100	1,034E+1	2,400E+1	2,700E+3	2,693E+3
1470,365	0,177	0,100	1,035E+1	2,400E+1	2,700E+3	2,703E+3
1471,365	0,177	0,100	1,035E+1	2,400E+1	2,700E+3	2,702E+3
1472,365	0,177	0,100	1,035E+1	2,400E+1	2,700E+3	2,691E+3
1473,366	0,177	0,100	1,035E+1	2,400E+1	2,700E+3	2,703E+3
1474,366	0,177	0,100	1,035E+1	2,400E+1	2,700E+3	2,695E+3
1475,366	0,177	0,100	1,035E+1	2,400E+1	2,700E+3	2,699E+3
1476,367	0,177	0,100	1,035E+1	2,400E+1	2,700E+3	2,698E+3
1477,367	0,177	0,100	1,035E+1	2,400E+1	2,700E+3	2,708E+3
1478,367	0,177	0,100	1,035E+1	2,400E+1	2,700E+3	2,703E+3
1479,367	0,177	0,100	1,035E+1	2,400E+1	2,700E+3	2,704E+3
1480,367	0,177	0,100	1,035E+1	2,400E+1	2,700E+3	2,699E+3
1481,367	0,177	0,100	1,035E+1	2,400E+1	2,700E+3	2,704E+3
1482,367	0,177	0,100	1,035E+1	2,400E+1	2,700E+3	2,691E+3
1483,367	0,177	0,100	1,035E+1	2,400E+1	2,700E+3	2,699E+3
1484,367	0,177	0,100	1,035E+1	2,400E+1	2,700E+3	2,694E+3
1485,367	0,177	0,100	1,035E+1	2,400E+1	2,700E+3	2,693E+3
1486,367	0,177	0,100	1,035E+1	2,400E+1	2,700E+3	2,705E+3
1487,367	0,177	0,100	1,035E+1	2,400E+1	2,700E+3	2,707E+3
1488,367	0,177	0,100	1,035E+1	2,400E+1	2,700E+3	2,701E+3
1489,367	0,177	0,100	1,035E+1	2,400E+1	2,700E+3	2,706E+3
1490,367	0,177	0,100	1,035E+1	2,400E+1	2,700E+3	2,696E+3
1491,367	0,177	0,100	1,035E+1	2,400E+1	2,700E+3	2,705E+3
1492,367	0,177	0,100	1,035E+1	2,400E+1	2,700E+3	2,700E+3
1493,367	0,177	0,100	1,036E+1	2,400E+1	2,700E+3	2,701E+3
1494,367	0,177	0,100	1,035E+1	2,400E+1	2,700E+3	2,700E+3
1495,368	0,177	0,100	1,035E+1	2,400E+1	2,700E+3	2,705E+3
1496,368	0,177	0,100	1,035E+1	2,400E+1	2,700E+3	2,698E+3
1497,368	0,177	0,100	1,035E+1	2,400E+1	2,700E+3	2,706E+3
1498,368	0,177	0,100	1,035E+1	2,400E+1	2,700E+3	2,708E+3
1499,369	0,177	0,100	1,035E+1	2,400E+1	2,700E+3	2,704E+3
1500,368	0,177	0,100	1,035E+1	2,400E+1	2,700E+3	2,702E+3
1501,368	0,177	0,100	1,035E+1	2,400E+1	2,700E+3	2,702E+3
1502,368	0,177	0,100	1,036E+1	2,400E+1	2,700E+3	2,704E+3
1503,368	0,177	0,100	1,035E+1	2,400E+1	2,700E+3	2,694E+3
1504,368	0,177	0,100	1,035E+1	2,400E+1	2,700E+3	2,695E+3
1505,369	0,177	0,100	1,036E+1	2,400E+1	2,700E+3	2,694E+3
1506,370	0,177	0,100	1,036E+1	2,400E+1	2,700E+3	2,698E+3
1507,370	0,177	0,100	1,036E+1	2,400E+1	2,700E+3	2,690E+3
1508,371	0,177	0,100	1,036E+1	2,400E+1	2,700E+3	2,692E+3
1509,372	0,177	0,100	1,036E+1	2,400E+1	2,700E+3	2,701E+3
1510,372	0,177	0,100	1,036E+1	2,400E+1	2,700E+3	2,707E+3
1511,372	0,177	0,100	1,036E+1	2,400E+1	2,700E+3	2,709E+3
1512,372	0,177	0,100	1,036E+1	2,400E+1	2,700E+3	2,702E+3
1513,372	0,177	0,100	1,036E+1	2,400E+1	2,700E+3	2,690E+3
1514,372	0,177	0,100	1,036E+1	2,400E+1	2,700E+3	2,697E+3
1515,372	0,177	0,100	1,036E+1	2,400E+1	2,700E+3	2,700E+3
1516,372	0,177	0,100	1,036E+1	2,400E+1	2,700E+3	2,690E+3
1517,373	0,177	0,100	1,036E+1	2,400E+1	2,700E+3	2,697E+3
1518,373	0,177	0,100	1,036E+1	2,400E+1	2,700E+3	2,698E+3
1519,373	0,177	0,100	1,036E+1	2,400E+1	2,700E+3	2,702E+3
1520,374	0,177	0,100	1,036E+1	2,400E+1	2,700E+3	2,699E+3
1521,374	0,177	0,100	1,036E+1	2,400E+1	2,700E+3	2,701E+3
1522,374	0,177	0,100	1,036E+1	2,400E+1	2,700E+3	2,705E+3
1523,374	0,177	0,100	1,036E+1	2,400E+1	2,700E+3	2,684E+3
1524,374	0,177	0,100	1,036E+1	2,400E+1	2,700E+3	2,686E+3
1525,374	0,177	0,100	1,036E+1	2,400E+1	2,700E+3	2,699E+3
1526,374	0,177	0,100	1,036E+1	2,400E+1	2,700E+3	2,700E+3
1527,375	0,177	0,100	1,036E+1	2,400E+1	2,700E+3	2,701E+3
1528,375	0,177	0,100	1,036E+1	2,400E+1	2,700E+3	2,682E+3
1529,375	0,177	0,100	1,036E+1	2,400E+1	2,700E+3	2,698E+3
1530,375	0,177	0,100	1,037E+1	2,400E+1	2,700E+3	2,706E+3
1531,375	0,177	0,100	1,037E+1	2,400E+1	2,700E+3	2,697E+3
1532,375	0,177	0,100	1,037E+1	2,400E+1	2,700E+3	2,701E+3
1533,375	0,177	0,100	1,036E+1	2,400E+1	2,700E+3	2,698E+3
1534,375	0,177	0,100	1,036E+1	2,400E+1	2,700E+3	2,698E+3
1535,376	0,177	0,100	1,036E+1	2,400E+1	2,700E+3	2,706E+3
1536,376	0,177	0,100	1,036E+1	2,400E+1	2,700E+3	2,706E+3
1537,378	0,177	0,100	1,036E+1	2,400E+1	2,700E+3	2,697E+3
1538,378	0,177	0,100	1,036E+1	2,400E+1	2,700E+3	2,695E+3
1539,378	0,177	0,100	1,036E+1	2,400E+1	2,700E+3	2,699E+3
1540,378	0,177	0,100	1,037E+1	2,400E+1	2,700E+3	2,705E+3
1541,378	0,177	0,100	1,037E+1	2,400E+1	2,700E+3	2,695E+3
1542,378	0,177	0,100	1,037E+1	2,400E+1	2,700E+3	2,697E+3
1543,379	0,177	0,100	1,037E+1	2,400E+1	2,700E+3	2,700E+3
1544,379	0,177	0,100	1,037E+1	2,400E+1	2,700E+3	2,709E+3
1545,379	0,177	0,100	1,037E+1	2,400E+1	2,700E+3	2,698E+3
1546,380	0,177	0,100	1,037E+1	2,400E+1	2,700E+3	2,697E+3
1547,380	0,177	0,100	1,036E+1	2,400E+1	2,700E+3	2,690E+3
1548,380	0,177	0,100	1,036E+1	2,400E+1	2,700E+3	2,698E+3
1549,380	0,177	0,100	1,038E+1	2,400E+1	2,700E+3	2,706E+3
1550,380	0,177	0,100	1,038E+1	2,400E+1	2,700E+3	2,701E+3
1551,380	0,177	0,100	1,036E+1	2,400E+1	2,700E+3	2,689E+3
1552,381	0,177	0,100	1,037E+1	2,400E+1	2,700E+3	2,703E+3
1553,382	0,177	0,100	1,037E+1	2,400E+1	2,700E+3	2,693E+3
1554,382	0,177	0,100	1,037E+1	2,400E+1	2,700E+3	2,689E+3
1555,382	0,177	0,100	1,037E+1	2,400E+1	2,700E+3	2,700E+3
1556,382	0,177	0,100	1,037E+1	2,400E+1	2,700E+3	2,700E+3
1557,382	0,177	0,100	1,037E+1	2,400E+1	2,700E+3	2,700E+3
1558,382	0,177	0,100	1,037E+1	2,400E+1	2,700E+3	2,696E+3
1559,382	0,177	0,100	1,037E+1	2,400E+1	2,700E+3	2,701E+3
1560,382	0,177	0,100	1,037E+1	2,400E+1	2,700E+3	2,692E+3
1561,383	0,177	0,100	1,037E+1	2,400E+1	2,700E+3	2,691E+3
1562,383	0,177	0,100	1,037E+1	2,400E+1	2,700E+3	2,694E+3
1563,383	0,177	0,100	1,037E+1	2,400E+1	2,700E+3	2,700E+3
1564,384	0,177	0,100	1,037E+1	2,400E+1	2,700E+3	2,697E+3
1565,384	0,177	0,100	1,038E+1	2,400E+1	2,700E+3	2,705E+3
1566,384	0,177	0,100	1,038E+1	2,400E+1	2,700E+3	2,699E+3
1567,384	0,177	0,100	1,037E+1	2,400E+1	2,700E+3	2,682E+3
1568,384	0,177	0,100	1,037E+1	2,400E+1	2,700E+3	2,700E+3
1569,384	0,177	0,100	1,037E+1	2,400E+1	2,700E+3	2,695E+3
1570,384	0,177	0,100	1,038E+1	2,400E+1	2,700E+3	2,708E+3
1571,384	0,177	0,100	1,038E+1	2,400E+1	2,700E+3	2,698E+3
1572,384	0,177	0,100	1,038E+1	2,400E+1	2,700E+3	2,697E+3
1573,384	0,177	0,100	1,038E+1	2,400E+1	2,700E+3	2,703E+3
1574,384	0,177	0,100	1,038E+1	2,400E+1	2,700E+3	2,697E+3
1575,384	0,177	0,100	1,038E+1	2,400E+1	2,700E+3	2,702E+3
1576,385	0,177	0,100	1,038E+1	2,400E+1	2,700E+3	2,699E+3
1577,385	0,177	0,100	1,038E+1	2,400E+1	2,700E+3	2,692E+3
1578,385	0,177	0,100	1,038E+1	2,400E+1	2,700E+3	2,700E+3
1579,385	0,177	0,100	1,038E+1	2,400E+1	2,700E+3	2,698E+3
1580,386	0,177	0,100	1,038E+1	2,400E+1	2,700E+3	2,696E+3
1581,386	0,177	0,100	1,038E+1	2,400E+1	2,700E+3	2,696E+3
1582,386	0,177	0,100	1,038E+1	2,400E+1	2,700E+3	2,703E+3
1583,386	0,177	0,100	1,037E+1	2,400E+1	2,700E+3	2,689E+3
1584,386	0,177	0,100	1,037E+1	2,400E+1	2,700E+3	2,698E+3
1585,386	0,177	0,100	1,038E+1	2,400E+1	2,700E+3	2,696E+3
1586,386	0,177	0,100	1,038E+1	2,400E+1	2,700E+3	2,696E+3
1587,386	0,177	0,100	1,038E+1	2,400E+1	2,700E+3	2,689E+3
1588,386	0,177	0,100	1,038E+1	2,400E+1	2,700E+3	2,695E+3
1589,386	0,177	0,100	1,038E+1	2,400E+1	2,700E+3	2,700E+3
1590,387	0,177	0,100	1,039E+1	2,400E+1	2,700E+3	2,710E+3
1591,387	0,177	0,100	1,038E+1	2,400E+1	2,700E+3	2,705E+3
1592,388	0,177	0,100	1,038E+1	2,400E+1	2,700E+3	2,706E+3
1593,388	0,177	0,100	1,038E+1	2,400E+1	2,700E+3	2,692E+3
1594,388	0,177	0,100	1,038E+1	2,400E+1	2,700E+3	2,707E+3
1595,388	0,177	0,100	1,038E+1	2,400E+1	2,700E+3	2,698E+3
1596,388	0,177	0,100	1,038E+1	2,400E+1	2,700E+3	2,697E+3
1597,388	0,177	0,100	1,038E+1	2,400E+1	2,700E+3	2,701E+3
1598,388	0,177	0,100	1,038E+1	2,400E+1	2,700E+3	2,696E+3
1599,388	0,177	0,100	1,038E+1	2,400E+1	2,700E+3	2,696E+3
1600,388	0,177	0,100	1,038E+1	2,400E+1	2,700E+3	2,697E+3
1601,388	0,177	0,100	1,038E+1	2,400E+1	2,700E+3	2,703E+3
1602,389	0,177	0,100	1,038E+1	2,400E+1	2,700E+3	2,696E+3
1603,390	0,177	0,100	1,039E+1	2,400E+1	2,700E+3	2,694E+3
1604,390	0,177	0,100	1,039E+1	2,400E+1	2,700E+3	2,699E+3
1605,391	0,177	0,100	1,039E+1	2,400E+1	2,700E+3	2,703E+3
1606,391	0,177	0,100	1,038E+1	2,400E+1	2,700E+3	2,707E+3
1607,391	0,177	0,100	1,038E+1	2,400E+1	2,700E+3	2,701E+3
1608,391	0,177	0,100	1,039E+1	2,400E+1	2,700E+3	2,695E+3
1609,391	0,177	0,100	1,038E+1	2,400E+1	2,700E+3	2,702E+3
1610,391	0,177	0,100	1,038E+1	2,400E+1	2,700E+3	2,698E+3
1611,391	0,177	0,100	1,038E+1	2,400E+1	2,700E+3	2,705E+3
1612,392	0,177	0,100	1,038E+1	2,400E+1	2,700E+3	2,702E+3
1613,391	0,177	0,100	1,039E+1	2,400E+1	2,700E+3	2,696E+3
1614,392	0,177	0,100	1,039E+1	2,400E+1	2,700E+3	2,696E+3
1615,392	0,177	0,100	1,039E+1	2,400E+1	2,700E+3	2,703E+3
1616,392	0,177	0,100	1,038E+1	2,400E+1	2,700E+3	2,694E+3
1617,392	0,177	0,100	1,038E+1	2,400E+1	2,700E+3	2,699E+3
1618,393	0,177	0,100	1,038E+1	2,400E+1	2,700E+3	2,711E+3
1619,393	0,177	0,100	1,038E+1	2,400E+1	2,700E+3	2,700E+3
1620,393	0,177	0,100	1,038E+1	2,400E+1	2,700E+3	2,701E+3
1621,394	0,177	0,100	1,038E+1	2,400E+1	2,700E+3	2,704E+3
1622,393	0,177	0,100	1,041E+1	2,400E+1	2,700E+3	2,706E+3
1623,394	0,177	0,100	1,039E+1	2,400E+1	2,700E+3	2,691E+3
1624,394	0,177	0,100	1,039E+1	2,400E+1	2,700E+3	2,700E+3
1625,394	0,177	0,100	1,038E+1	2,400E+1	2,700E+3	2,693E+3
1626,394	0,177	0,100	1,038E+1	2,400E+1	2,700E+3	2,691E+3
1627,394	0,177	0,100	1,038E+1	2,400E+1	2,700E+3	2,698E+3
1628,394	0,177	0,100	1,039E+1	2,400E+1	2,700E+3	2,710E+3
1629,394	0,177	0,100	1,039E+1	2,400E+1	2,700E+3	2,694E+3
1630,394	0,177	0,100	1,038E+1	2,400E+1	2,700E+3	2,698E+3
1631,394	0,177	0,100	1,038E+1	2,400E+1	2,700E+3	2,704E+3
1632,394	0,177	0,100	1,039E+1	2,400E+1	2,700E+3	2,697E+3
1633,394	0,177	0,100	1,039E+1	2,400E+1	2,700E+3	2,694E+3
1634,394	0,177	0,100	1,039E+1	2,400E+1	2,700E+3	2,704E+3
1635,395	0,177	0,100	1,039E+1	2,400E+1	2,700E+3	2,702E+3
1636,396	0,177	0,100	1,039E+1	2,400E+1	2,700E+3	2,699E+3
1637,396	0,177	0,100	1,040E+1	2,400E+1	2,700E+3	2,700E+3
1638,397	0,177	0,100	1,040E+1	2,400E+1	2,700E+3	2,702E+3
1639,396	0,177	0,100	1,039E+1	2,400E+1	2,700E+3	2,694E+3
1640,396	0,177	0,100	1,040E+1	2,400E+1	2,700E+3	2,699E+3
1641,396	0,177	0,100	1,040E+1	2,400E+1	2,700E+3	2,723E+3
1642,397	0,177	0,100	1,040E+1	2,400E+1	2,700E+3	2,701E+3
1643,397	0,177	0,100	1,040E+1	2,400E+1	2,700E+3	2,703E+3
1644,397	0,177	0,100	1,040E+1	2,400E+1	2,700E+3	2,703E+3
1645,398	0,177	0,100	1,040E+1	2,400E+1	2,700E+3	2,693E+3
1646,398	0,177	0,100	1,040E+1	2,400E+1	2,700E+3	2,693E+3
1647,400	0,177	0,100	1,040E+1	2,400E+1	2,700E+3	2,703E+3
1648,399	0,177	0,100	1,039E+1	2,400E+1	2,700E+3	2,701E+3
1649,399	0,177	0,100	1,039E+1	2,400E+1	2,700E+3	2,690E+3
1650,400	0,177	0,100	1,040E+1	2,400E+1	2,700E+3	2,700E+3
1651,401	0,177	0,100	1,040E+1	2,400E+1	2,700E+3	2,700E+3
1652,401	0,177	0,100	1,039E+1	2,400E+1	2,700E+3	2,703E+3
1653,401	0,177	0,100	1,039E+1	2,400E+1	2,700E+3	2,692E+3
1654,401	0,177	0,100	1,040E+1	2,400E+1	2,700E+3	2,701E+3
1655,402	0,177	0,100	1,039E+1	2,400E+1	2,700E+3	2,698E+3
1656,402	0,177	0,100	1,039E+1	2,400E+1	2,700E+3	2,703E+3
1657,402	0,177	0,100	1,039E+1	2,400E+1	2,700E+3	2,695E+3
1658,403	0,177	0,100	1,039E+1	2,400E+1	2,700E+3	2,702E+3
1659,403	0,177	0,100	1,040E+1	2,400E+1	2,700E+3	2,693E+3
1660,403	0,177	0,100	1,040E+1	2,400E+1	2,700E+3	2,700E+3
1661,403	0,177	0,100	1,040E+1	2,400E+1	2,700E+3	2,698E+3
1662,404	0,177	0,100	1,040E+1	2,400E+1	2,700E+3	2,711E+3
1663,405	0,177	0,100	1,040E+1	2,400E+1	2,700E+3	2,704E+3
1664,405	0,177	0,100	1,040E+1	2,400E+1	2,700E+3	2,700E+3
1665,405	0,177	0,100	1,040E+1	2,400E+1	2,700E+3	2,696E+3
1666,405	0,177	0,100	1,040E+1	2,400E+1	2,700E+3	2,698E+3
1667,405	0,177	0,100	1,040E+1	2,400E+1	2,700E+3	2,689E+3
1668,405	0,177	0,100	1,040E+1	2,400E+1	2,700E+3	2,707E+3
1669,405	0,177	0,100	1,041E+1	2,400E+1	2,700E+3	2,693E+3
1670,405	0,177	0,100	1,041E+1	2,400E+1	2,700E+3	2,694E+3
1671,405	0,177	0,100	1,041E+1	2,400E+1	2,700E+3	2,697E+3
1672,405	0,177	0,100	1,041E+1	2,400E+1	2,700E+3	2,695E+3
1673,405	0,177	0,100	1,040E+1	2,400E+1	2,700E+3	2,694E+3
1674,405	0,177	0,100	1,040E+1	2,400E+1	2,700E+3	2,698E+3
1675,405	0,177	0,100	1,040E+1	2,400E+1	2,700E+3	2,701E+3
1676,405	0,177	0,100	1,040E+1	2,400E+1	2,700E+3	2,708E+3
1677,406	0,177	0,100	1,040E+1	2,400E+1	2,700E+3	2,700E+3
1678,405	0,177	0,100	1,040E+1	2,400E+1	2,700E+3	2,704E+3
1679,406	0,177	0,100	1,041E+1	2,400E+1	2,700E+3	2,703E+3
1680,406	0,177	0,100	1,041E+1	2,400E+1	2,700E+3	2,698E+3
1681,406	0,177	0,100	1,041E+1	2,400E+1	2,700E+3	2,691E+3
1682,406	0,177	0,100	1,041E+1	2,400E+1	2,700E+3	2,698E+3
1683,407	0,177	0,100	1,040E+1	2,400E+1	2,700E+3	2,701E+3
1684,407	0,177	0,100	1,040E+1	2,400E+1	2,700E+3	2,702E+3
1685,407	0,177	0,100	1,041E+1	2,400E+1	2,700E+3	2,689E+3
1686,407	0,177	0,100	1,041E+1	2,400E+1	2,700E+3	2,690E+3
1687,407	0,177	0,100	1,041E+1	2,400E+1	2,700E+3	2,692E+3
1688,407	0,177	0,100	1,041E+1	2,400E+1	2,700E+3	2,706E+3
1689,407	0,177	0,100	1,041E+1	2,400E+1	2,700E+3	2,708E+3
1690,407	0,177	0,100	1,041E+1	2,400E+1	2,700E+3	2,705E+3
1691,407	0,177	0,100	1,041E+1	2,400E+1	2,700E+3	2,702E+3
1692,408	0,177	0,100	1,041E+1	2,400E+1	2,700E+3	2,700E+3
1693,408	0,177	0,100	1,040E+1	2,400E+1	2,700E+3	2,696E+3
1694,408	0,177	0,100	1,040E+1	2,400E+1	2,700E+3	2,703E+3
1695,409	0,177	0,100	1,040E+1	2,400E+1	2,700E+3	2,695E+3
1696,409	0,177	0,100	1,040E+1	2,400E+1	2,700E+3	2,704E+3
1697,409	0,177	0,100	1,040E+1	2,400E+1	2,700E+3	2,700E+3
1698,409	0,177	0,100	1,041E+1	2,400E+1	2,700E+3	2,693E+3
1699,409	0,177	0,100	1,041E+1	2,400E+1	2,700E+3	2,698E+3
1700,409	0,177	0,100	1,040E+1	2,400E+1	2,700E+3	2,700E+3
1701,409	0,177	0,100	1,041E+1	2,400E+1	2,700E+3	2,690E+3
1702,409	0,177	0,100	1,041E+1	2,400E+1	2,700E+3	2,696E+3
1703,409	0,177	0,100	1,041E+1	2,400E+1	2,700E+3	2,698E+3
1704,409	0,177	0,100	1,041E+1	2,400E+1	2,700E+3	2,699E+3
1705,409	0,177	0,100	1,041E+1	2,400E+1	2,700E+3	2,695E+3
1706,409	0,177	0,100	1,041E+1	2,400E+1	2,700E+3	2,702E+3
1707,409	0,177	0,100	1,041E+1	2,400E+1	2,700E+3	2,699E+3
1708,410	0,177	0,100	1,041E+1	2,400E+1	2,700E+3	2,703E+3
1709,410	0,177	0,100	1,041E+1	2,400E+1	2,700E+3	2,699E+3
1710,410	0,177	0,100	1,041E+1	2,400E+1	2,700E+3	2,695E+3
1711,410	0,177	0,100	1,041E+1	2,400E+1	2,700E+3	2,696E+3
1712,410	0,177	0,100	1,041E+1	2,400E+1	2,700E+3	2,701E+3
1713,410	0,177	0,100	1,041E+1	2,400E+1	2,700E+3	2,704E+3
1714,411	0,177	0,100	1,041E+1	2,400E+1	2,700E+3	2,693E+3
1715,412	0,177	0,100	1,041E+1	2,400E+1	2,700E+3	2,705E+3
1716,412	0,177	0,100	1,041E+1	2,400E+1	2,700E+3	2,703E+3
1717,412	0,177	0,100	1,041E+1	2,400E+1	2,700E+3	2,699E+3
1718,413	0,177	0,100	1,042E+1	2,400E+1	2,700E+3	2,698E+3
1719,413	0,177	0,100	1,042E+1	2,400E+1	2,700E+3	2,701E+3
1720,413	0,177	0,100	1,041E+1	2,400E+1	2,700E+3	2,701E+3
1721,413	0,177	0,100	1,041E+1	2,400E+1	2,700E+3	2,707E+3
1722,414	0,177	0,100	1,042E+1	2,400E+1	2,700E+3	2,704E+3
1723,414	0,177	0,100	1,041E+1	2,400E+1	2,700E+3	2,702E+3
1724,414	0,177	0,100	1,042E+1	2,400E+1	2,700E+3	2,702E+3
1725,414	0,177	0,100	1,042E+1	2,400E+1	2,700E+3	2,699E+3
1726,414	0,177	0,100	1,041E+1	2,400E+1	2,700E+3	2,706E+3
1727,414	0,177	0,100	1,043E+1	2,400E+1	2,700E+3	2,691E+3
1728,414	0,177	0,100	1,043E+1	2,400E+1	2,700E+3	2,700E+3
1729,414	0,177	0,100	1,042E+1	2,400E+1	2,700E+3	2,705E+3
1730,414	0,177	0,100	1,042E+1	2,400E+1	2,700E+3	2,699E+3
1731,414	0,177	0,100	1,041E+1	2,400E+1	2,700E+3	2,701E+3
1732,415	0,177	0,100	1,042E+1	2,400E+1	2,700E+3	2,701E+3
1733,415	0,177	0,100	1,042E+1	2,400E+1	2,700E+3	2,699E+3
1734,415	0,177	0,100	1,042E+1	2,400E+1	2,700E+3	2,700E+3
1735,415	0,177	0,100	1,042E+1	2,400E+1	2,700E+3	2,704E+3
1736,415	0,177	0,100	1,042E+1	2,400E+1	2,700E+3	2,701E+3
1737,415	0,177	0,100	1,042E+1	2,400E+1	2,700E+3	2,699E+3
1738,415	0,177	0,100	1,042E+1	2,400E+1	2,700E+3	2,702E+3
1739,415	0,177	0,100	1,042E+1	2,400E+1	2,700E+3	2,706E+3
1740,415	0,177	0,100	1,042E+1	2,400E+1	2,700E+3	2,703E+3
1741,416	0,177	0,100	1,042E+1	2,400E+1	2,700E+3	2,703E+3
1742,416	0,177	0,100	1,042E+1	2,400E+1	2,700E+3	2,694E+3
1743,416	0,177	0,100	1,042E+1	2,400E+1	2,700E+3	2,704E+3
1744,417	0,177	0,100	1,042E+1	2,400E+1	2,700E+3	2,698E+3
1745,418	0,177	0,100	1,042E+1	2,400E+1	2,700E+3	2,698E+3
1746,418	0,177	0,100	1,042E+1	2,400E+1	2,700E+3	2,703E+3
1747,418	0,177	0,100	1,042E+1	2,400E+1	2,700E+3	2,704E+3
1748,418	0,177	0,100	1,042E+1	2,400E+1	2,700E+3	2,704E+3
1749,418	0,177	0,100	1,042E+1	2,400E+1	2,700E+3	2,704E+3
1750,418	0,177	0,100	1,043E+1	2,400E+1	2,700E+3	2,699E+3
1751,418	0,177	0,100	1,043E+1	2,400E+1	2,700E+3	2,703E+3
1752,418	0,177	0,100	1,043E+1	2,400E+1	2,700E+3	2,704E+3
1753,418	0,177	0,100	1,043E+1	2,400E+1	2,700E+3	2,704E+3
1754,418	0,177	0,100	1,042E+1	2,400E+1	2,700E+3	2,699E+3
1755,419	0,177	0,100	1,042E+1	2,400E+1	2,700E+3	2,699E+3
1756,419	0,177	0,100	1,043E+1	2,400E+1	2,700E+3	2,696E+3
1757,420	0,177	0,100	1,042E+1	2,400E+1	2,700E+3	2,697E+3
1758,421	0,177	0,100	1,042E+1	2,400E+1	2,700E+3	2,707E+3
1759,421	0,177	0,100	1,042E+1	2,400E+1	2,700E+3	2,699E+3
1760,421	0,177	0,100	1,042E+1	2,400E+1	2,700E+3	2,705E+3
1761,422	0,177	0,100	1,042E+1	2,400E+1	2,700E+3	2,704E+3
1762,422	0,177	0,100	1,042E+1	2,400E+1	2,700E+3	2,698E+3
1763,423	0,177	0,100	1,043E+1	2,400E+1	2,700E+3	2,699E+3
1764,424	0,177	0,100	1,043E+1	2,400E+1	2,700E+3	2,709E+3
1765,423	0,177	0,100	1,042E+1	2,400E+1	2,700E+3	2,703E+3
1766,423	0,177	0,100	1,043E+1	2,400E+1	2,700E+3	2,695E+3
1767,423	0,177	0,100	1,043E+1	2,400E+1	2,700E+3	2,701E+3
1768,423	0,177	0,100	1,043E+1	2,400E+1	2,700E+3	2,705E+3
1769,423	0,177	0,100	1,043E+1	2,400E+1	2,700E+3	2,702E+3
1770,423	0,177	0,100	1,043E+1	2,400E+1	2,700E+3	2,697E+3
1771,423	0,177	0,100	1,043E+1	2,400E+1	2,700E+3	2,696E+3
1772,423	0,177	0,100	1,043E+1	2,400E+1	2,700E+3	2,700E+3
1773,423	0,177	0,100	1,043E+1	2,400E+1	2,700E+3	2,695E+3
1774,423	0,177	0,100	1,042E+1	2,400E+1	2,700E+3	2,704E+3
1775,424	0,177	0,100	1,043E+1	2,400E+1	2,700E+3	2,690E+3
1776,424	0,177	0,100	1,043E+1	2,400E+1	2,700E+3	2,699E+3
1777,424	0,177	0,100	1,043E+1	2,400E+1	2,700E+3	2,691E+3
1778,425	0,177	0,100	1,043E+1	2,400E+1	2,700E+3	2,698E+3
1779,425	0,177	0,100	1,043E+1	2,400E+1	2,700E+3	2,697E+3
1780,425	0,177	0,100	1,043E+1	2,400E+1	2,700E+3	2,707E+3
1781,425	0,177	0,100	1,043E+1	2,400E+1	2,700E+3	2,698E+3
1782,426	0,177	0,100	1,043E+1	2,400E+1	2,700E+3	2,700E+3
1783,426	0,177	0,100	1,043E+1	2,400E+1	2,700E+3	2,694E+3
1784,426	0,177	0,100	1,043E+1	2,400E+1	2,700E+3	2,696E+3
1785,426	0,177	0,100	1,043E+1	2,400E+1	2,700E+3	2,697E+3
1786,426	0,177	0,100	1,043E+1	2,400E+1	2,700E+3	2,698E+3
1787,426	0,177	0,100	1,043E+1	2,400E+1	2,700E+3	2,688E+3
1788,427	0,177	0,100	1,043E+1	2,400E+1	2,700E+3	2,704E+3
1789,427	0,177	0,100	1,043E+1	2,400E+1	2,700E+3	2,688E+3
1790,428	0,177	0,100	1,043E+1	2,400E+1	2,700E+3	2,704E+3
1791,428	0,177	0,100	1,043E+1	2,400E+1	2,700E+3	2,694E+3
1792,428	0,177	0,100	1,043E+1	2,400E+1	2,700E+3	2,696E+3
1793,428	0,177	0,100	1,043E+1	2,400E+1	2,700E+3	2,703E+3
1794,429	0,177	0,100	1,044E+1	2,400E+1	2,700E+3	2,701E+3
1795,429	0,177	0,100	1,044E+1	2,400E+1	2,700E+3	2,700E+3
1796,429	0,177	0,100	1,044E+1	2,400E+1	2,700E+3	2,695E+3
1797,429	0,177	0,100	1,043E+1	2,400E+1	2,700E+3	2,694E+3
1798,429	0,177	0,100	1,043E+1	2,400E+1	2,700E+3	2,708E+3
1799,429	0,177	0,100	1,044E+1	2,400E+1	2,700E+3	2,705E+3
1800,429	0,177	0,100	1,043E+1	2,400E+1	2,700E+3	2,716E+3
1801,429	0,177	0,100	1,043E+1	2,400E+1	2,700E+3	2,700E+3
1802,429	0,177	0,100	1,043E+1	2,400E+1	2,700E+3	2,700E+3
1803,429	0,177	0,100	1,043E+1	2,400E+1	2,700E+3	2,700E+3
1804,429	0,177	0,100	1,043E+1	2,400E+1	2,700E+3	2,704E+3
1805,429	0,177	0,100	1,044E+1	2,400E+1	2,700E+3	2,697E+3
1806,430	0,177	0,100	1,043E+1	2,400E+1	2,700E+3	2,701E+3
1807,430	0,177	0,100	1,043E+1	2,400E+1	2,700E+3	2,692E+3
1808,430	0,177	0,100	1,043E+1	2,400E+1	2,700E+3	2,700E+3
1809,430	0,177	0,100	1,043E+1	2,400E+1	2,700E+3	2,703E+3
1810,430	0,177	0,100	1,044E+1	2,400E+1	2,700E+3	2,694E+3
1811,430	0,177	0,100	1,043E+1	2,400E+1	2,700E+3	2,697E+3
1812,430	0,177	0,100	1,043E+1	2,400E+1	2,700E+3	2,699E+3
1813,430	0,177	0,100	1,043E+1	2,400E+1	2,700E+3	2,701E+3
1814,430	0,177	0,100	1,043E+1	2,400E+1	2,700E+3	2,697E+3
1815,430	0,177	0,100	1,044E+1	2,400E+1	2,700E+3	2,702E+3
1816,430	0,177	0,100	1,044E+1	2,400E+1	2,700E+3	2,701E+3
1817,430	0,177	0,100	1,043E+1	2,400E+1	2,700E+3	2,700E+3
1818,431	0,177	0,100	1,043E+1	2,400E+1	2,700E+3	2,693E+3
1819,432	0,177	0,100	1,044E+1	2,400E+1	2,700E+3	2,707E+3
1820,432	0,177	0,100	1,044E+1	2,400E+1	2,700E+3	2,690E+3
1821,432	0,177	0,100	1,044E+1	2,400E+1	2,700E+3	2,708E+3
1822,433	0,177	0,100	1,044E+1	2,400E+1	2,700E+3	2,700E+3
1823,433	0,177	0,100	1,044E+1	2,400E+1	2,700E+3	2,704E+3
1824,433	0,177	0,100	1,044E+1	2,400E+1	2,700E+3	2,703E+3
1825,433	0,177	0,100	1,044E+1	2,400E+1	2,700E+3	2,709E+3
1826,433	0,177	0,100	1,044E+1	2,400E+1	2,700E+3	2,708E+3
1827,433	0,177	0,100	1,044E+1	2,400E+1	2,700E+3	2,706E+3
1828,433	0,177	0,100	1,044E+1	2,400E+1	2,700E+3	2,702E+3
1829,434	0,177	0,100	1,044E+1	2,400E+1	2,700E+3	2,698E+3
1830,434	0,177	0,100	1,043E+1	2,400E+1	2,700E+3	2,694E+3
1831,434	0,177	0,100	1,043E+1	2,400E+1	2,700E+3	2,709E+3
1832,434	0,177	0,100	1,044E+1	2,400E+1	2,700E+3	2,697E+3
1833,435	0,177	0,100	1,044E+1	2,400E+1	2,700E+3	2,707E+3
1834,435	0,177	0,100	1,044E+1	2,400E+1	2,700E+3	2,704E+3
1835,435	0,177	0,100	1,044E+1	2,400E+1	2,700E+3	2,710E+3
1836,436	0,177	0,100	1,044E+1	2,400E+1	2,700E+3	2,703E+3
1837,436	0,177	0,100	1,044E+1	2,400E+1	2,700E+3	2,699E+3
1838,437	0,177	0,100	1,044E+1	2,400E+1	2,700E+3	2,711E+3
1839,438	0,177	0,100	1,044E+1	2,400E+1	2,700E+3	2,704E+3
1840,438	0,177	0,100	1,044E+1	2,400E+1	2,700E+3	2,711E+3
1841,438	0,177	0,100	1,045E+1	2,400E+1	2,700E+3	2,709E+3
1842,439	0,177	0,100	1,045E+1	2,400E+1	2,700E+3	2,700E+3
1843,439	0,177	0,100	1,044E+1	2,400E+1	2,700E+3	2,703E+3
1844,439	0,177	0,100	1,044E+1	2,400E+1	2,700E+3	2,698E+3
1845,439	0,177	0,100	1,044E+1	2,400E+1	2,700E+3	2,713E+3
1846,439	0,177	0,100	1,044E+1	2,400E+1	2,700E+3	2,683E+3
1847,439	0,177	0,100	1,044E+1	2,400E+1	2,700E+3	2,702E+3
1848,439	0,177	0,100	1,044E+1	2,400E+1	2,700E+3	2,703E+3
1849,440	0,177	0,100	1,044E+1	2,400E+1	2,700E+3	2,699E+3
1850,440	0,177	0,100	1,044E+1	2,400E+1	2,700E+3	2,709E+3
1851,440	0,177	0,100	1,044E+1	2,400E+1	2,700E+3	2,692E+3
1852,440	0,177	0,100	1,044E+1	2,400E+1	2,700E+3	2,707E+3
1853,440	0,177	0,100	1,044E+1	2,400E+1	2,700E+3	2,707E+3
1854,440	0,177	0,100	1,044E+1	2,400E+1	2,700E+3	2,697E+3
1855,440	0,177	0,100	1,044E+1	2,400E+1	2,700E+3	2,699E+3
1856,440	0,177	0,100	1,044E+1	2,400E+1	2,700E+3	2,703E+3
1857,440	0,177	0,100	1,044E+1	2,400E+1	2,700E+3	2,703E+3
1858,440	0,177	0,100	1,044E+1	2,400E+1	2,700E+3	2,701E+3
1859,440	0,177	0,100	1,044E+1	2,400E+1	2,700E+3	2,702E+3
1860,440	0,177	0,100	1,044E+1	2,400E+1	2,700E+3	2,701E+3
1861,440	0,177	0,100	1,044E+1	2,400E+1	2,700E+3	2,707E+3
1862,440	0,177	0,100	1,044E+1	2,400E+1	2,700E+3	2,705E+3
1863,440	0,177	0,100	1,044E+1	2,400E+1	2,700E+3	2,703E+3
1864,440	0,177	0,100	1,044E+1	2,400E+1	2,700E+3	2,709E+3
1865,440	0,177	0,100	1,045E+1	2,400E+1	2,700E+3	2,693E+3
1866,441	0,177	0,100	1,045E+1	2,400E+1	2,700E+3	2,702E+3
1867,441	0,177	0,100	1,045E+1	2,400E+1	2,700E+3	2,700E+3
1868,442	0,177	0,100	1,045E+1	2,400E+1	2,700E+3	2,700E+3
1869,442	0,177	0,100	1,044E+1	2,400E+1	2,700E+3	2,709E+3
1870,443	0,177	0,100	1,044E+1	2,400E+1	2,700E+3	2,702E+3
1871,443	0,177	0,100	1,044E+1	2,400E+1	2,700E+3	2,705E+3
1872,443	0,177	0,100	1,045E+1	2,400E+1	2,700E+3	2,692E+3
1873,443	0,177	0,100	1,045E+1	2,400E+1	2,700E+3	2,695E+3
1874,443	0,177	0,100	1,045E+1	2,400E+1	2,700E+3	2,700E+3
1875,443	0,177	0,100	1,045E+1	2,400E+1	2,700E+3	2,694E+3
1876,444	0,177	0,100	1,045E+1	2,400E+1	2,700E+3	2,689E+3
1877,444	0,177	0,100	1,045E+1	2,400E+1	2,700E+3	2,708E+3
1878,444	0,177	0,100	1,045E+1	2,400E+1	2,700E+3	2,700E+3
1879,445	0,177	0,100	1,045E+1	2,400E+1	2,700E+3	2,684E+3
1880,446	0,177	0,100	1,044E+1	2,400E+1	2,700E+3	2,700E+3
1881,447	0,177	0,100	1,044E+1	2,400E+1	2,700E+3	2,707E+3
1882,446	0,177	0,100	1,044E+1	2,400E+1	2,700E+3	2,705E+3
1883,446	0,177	0,100	1,045E+1	2,400E+1	2,700E+3	2,706E+3
1884,446	0,177	0,100	1,045E+1	2,400E+1	2,700E+3	2,699E+3
1885,446	0,177	0,100	1,045E+1	2,400E+1	2,700E+3	2,703E+3
1886,446	0,177	0,100	1,045E+1	2,400E+1	2,700E+3	2,697E+3
1887,446	0,177	0,100	1,045E+1	2,400E+1	2,700E+3	2,695E+3
1888,446	0,177	0,100	1,045E+1	2,400E+1	2,700E+3	2,702E+3
1889,446	0,177	0,100	1,045E+1	2,400E+1	2,700E+3	2,701E+3
1890,446	0,177	0,100	1,044E+1	2,400E+1	2,700E+3	2,702E+3
1891,446	0,177	0,100	1,044E+1	2,400E+1	2,700E+3	2,701E+3
1892,446	0,177	0,100	1,044E+1	2,400E+1	2,700E+3	2,698E+3
1893,446	0,177	0,100	1,045E+1	2,400E+1	2,700E+3	2,698E+3
1894,448	0,177	0,100	1,045E+1	2,400E+1	2,700E+3	2,704E+3
1895,447	0,177	0,100	1,045E+1	2,400E+1	2,700E+3	2,701E+3
1896,447	0,177	0,100	1,045E+1	2,400E+1	2,700E+3	2,700E+3
1897,448	0,177	0,100	1,045E+1	2,400E+1	2,700E+3	2,707E+3
1898,448	0,177	0,100	1,045E+1	2,400E+1	2,700E+3	2,704E+3
1899,449	0,177	0,100	1,045E+1	2,400E+1	2,700E+3	2,702E+3
1900,448	0,177	0,100	1,045E+1	2,400E+1	2,700E+3	2,699E+3
1901,448	0,177	0,100	1,045E+1	2,400E+1	2,700E+3	2,702E+3
1902,448	0,177	0,100	1,045E+1	2,400E+1	2,700E+3	2,704E+3
1903,449	0,177	0,100	1,045E+1	2,400E+1	2,700E+3	2,699E+3
1904,449	0,177	0,100	1,045E+1	2,400E+1	2,700E+3	2,703E+3
1905,449	0,177	0,100	1,045E+1	2,400E+1	2,700E+3	2,696E+3
1906,449	0,177	0,100	1,045E+1	2,400E+1	2,700E+3	2,702E+3
1907,449	0,177	0,100	1,045E+1	2,400E+1	2,700E+3	2,701E+3
1908,449	0,177	0,100	1,045E+1	2,400E+1	2,700E+3	2,693E+3
1909,449	0,177	0,100	1,045E+1	2,400E+1	2,700E+3	2,699E+3
1910,449	0,177	0,100	1,045E+1	2,400E+1	2,700E+3	2,706E+3
1911,450	0,177	0,100	1,045E+1	2,400E+1	2,700E+3	2,704E+3
1912,450	0,177	0,100	1,045E+1	2,400E+1	2,700E+3	2,691E+3
1913,450	0,177	0,100	1,046E+1	2,400E+1	2,700E+3	2,694E+3
1914,452	0,177	0,100	1,046E+1	2,400E+1	2,700E+3	2,697E+3
1915,453	0,177	0,100	1,046E+1	2,400E+1	2,700E+3	2,704E+3
1916,453	0,177	0,100	1,046E+1	2,400E+1	2,700E+3	2,698E+3
1917,453	0,177	0,100	1,046E+1	2,400E+1	2,700E+3	2,695E+3
1918,453	0,177	0,100	1,046E+1	2,400E+1	2,700E+3	2,702E+3
1919,453	0,177	0,100	1,046E+1	2,400E+1	2,700E+3	2,699E+3
1920,454	0,177	0,100	1,045E+1	2,400E+1	2,700E+3	2,696E+3
1921,454	0,177	0,100	1,046E+1	2,400E+1	2,700E+3	2,698E+3
1922,455	0,177	0,100	1,046E+1	2,400E+1	2,700E+3	2,701E+3
1923,456	0,177	0,100	1,046E+1	2,400E+1	2,700E+3	2,689E+3
1924,456	0,177	0,100	1,046E+1	2,400E+1	2,700E+3	2,696E+3
1925,457	0,177	0,100	1,046E+1	2,400E+1	2,700E+3	2,702E+3
1926,458	0,177	0,100	1,045E+1	2,400E+1	2,700E+3	2,707E+3
1927,458	0,177	0,100	1,045E+1	2,400E+1	2,700E+3	2,689E+3
1928,459	0,177	0,100	1,045E+1	2,400E+1	2,700E+3	2,704E+3
1929,459	0,177	0,100	1,045E+1	2,400E+1	2,700E+3	2,697E+3
1930,459	0,177	0,100	1,046E+1	2,400E+1	2,700E+3	2,698E+3
1931,460	0,177	0,100	1,046E+1	2,400E+1	2,700E+3	2,707E+3
1932,460	0,177	0,100	1,046E+1	2,400E+1	2,700E+3	2,703E+3
1933,460	0,177	0,100	1,046E+1	2,400E+1	2,700E+3	2,695E+3
1934,460	0,177	0,100	1,046E+1	2,400E+1	2,700E+3	2,700E+3
1935,460	0,177	0,100	1,046E+1	2,400E+1	2,700E+3	2,704E+3
1936,460	0,177	0,100	1,046E+1	2,400E+1	2,700E+3	2,697E+3
1937,460	0,177	0,100	1,046E+1	2,400E+1	2,700E+3	2,691E+3
1938,460	0,177	0,100	1,046E+1	2,400E+1	2,700E+3	2,701E+3
1939,460	0,177	0,100	1,046E+1	2,400E+1	2,700E+3	2,694E+3
1940,460	0,177	0,100	1,046E+1	2,400E+1	2,700E+3	2,698E+3
1941,460	0,177	0,100	1,046E+1	2,400E+1	2,700E+3	2,704E+3
1942,460	0,177	0,100	1,046E+1	2,400E+1	2,700E+3	2,703E+3
1943,460	0,177	0,100	1,046E+1	2,400E+1	2,700E+3	2,706E+3
1944,460	0,177	0,100	1,046E+1	2,400E+1	2,700E+3	2,703E+3
1945,460	0,177	0,100	1,046E+1	2,400E+1	2,700E+3	2,700E+3
1946,460	0,177	0,100	1,046E+1	2,400E+1	2,700E+3	2,701E+3
1947,460	0,177	0,100	1,046E+1	2,400E+1	2,700E+3	2,708E+3
1948,460	0,177	0,100	1,046E+1	2,400E+1	2,700E+3	2,705E+3
1949,461	0,177	0,100	1,046E+1	2,400E+1	2,700E+3	2,709E+3
1950,461	0,177	0,100	1,046E+1	2,400E+1	2,700E+3	2,697E+3
1951,461	0,177	0,100	1,046E+1	2,400E+1	2,700E+3	2,699E+3
1952,462	0,177	0,100	1,046E+1	2,400E+1	2,700E+3	2,711E+3
1953,464	0,177	0,100	1,046E+1	2,400E+1	2,700E+3	2,709E+3
1954,464	0,177	0,100	1,046E+1	2,400E+1	2,700E+3	2,701E+3
1955,464	0,177	0,100	1,046E+1	2,400E+1	2,700E+3	2,702E+3
1956,464	0,177	0,100	1,046E+1	2,400E+1	2,700E+3	2,696E+3
1957,464	0,177	0,100	1,046E+1	2,400E+1	2,700E+3	2,707E+3
1958,464	0,177	0,100	1,046E+1	2,400E+1	2,700E+3	2,698E+3
1959,465	0,177	0,100	1,046E+1	2,400E+1	2,700E+3	2,688E+3
1960,465	0,177	0,100	1,046E+1	2,400E+1	2,700E+3	2,708E+3
1961,466	0,177	0,100	1,046E+1	2,400E+1	2,700E+3	2,698E+3
1962,466	0,177	0,100	1,046E+1	2,400E+1	2,700E+3	2,701E+3
1963,466	0,177	0,100	1,046E+1	2,400E+1	2,700E+3	2,701E+3
1964,466	0,177	0,100	1,046E+1	2,400E+1	2,700E+3	2,702E+3
1965,468	0,177	0,100	1,046E+1	2,400E+1	2,700E+3	2,700E+3
1966,467	0,177	0,100	1,046E+1	2,400E+1	2,700E+3	2,710E+3
1967,467	0,177	0,100	1,046E+1	2,400E+1	2,700E+3	2,708E+3
1968,467	0,177	0,100	1,046E+1	2,400E+1	2,700E+3	2,708E+3
1969,468	0,177	0,100	1,047E+1	2,400E+1	2,700E+3	2,700E+3
1970,469	0,177	0,100	1,047E+1	2,400E+1	2,700E+3	2,702E+3
1971,469	0,177	0,100	1,047E+1	2,400E+1	2,700E+3	2,701E+3
1972,469	0,177	0,100	1,047E+1	2,400E+1	2,700E+3	2,695E+3
1973,469	0,177	0,100	1,046E+1	2,400E+1	2,700E+3	2,699E+3
1974,470	0,177	0,100	1,046E+1	2,400E+1	2,700E+3	2,703E+3
1975,470	0,177	0,100	1,046E+1	2,400E+1	2,700E+3	2,698E+3
1976,470	0,177	0,100	1,046E+1	2,400E+1	2,700E+3	2,704E+3
1977,471	0,177	0,100	1,046E+1	2,400E+1	2,700E+3	2,702E+3
1978,471	0,177	0,100	1,046E+1	2,400E+1	2,700E+3	2,706E+3
1979,471	0,177	0,100	1,046E+1	2,400E+1	2,700E+3	2,707E+3
1980,471	0,177	0,100	1,047E+1	2,400E+1	2,700E+3	2,697E+3
1981,471	0,177	0,100	1,047E+1	2,400E+1	2,700E+3	2,699E+3
1982,471	0,177	0,100	1,047E+1	2,400E+1	2,700E+3	2,700E+3
1983,471	0,177	0,100	1,047E+1	2,400E+1	2,700E+3	2,709E+3
1984,472	0,177	0,100	1,047E+1	2,400E+1	2,700E+3	2,695E+3
1985,473	0,177	0,100	1,047E+1	2,400E+1	2,700E+3	2,714E+3
1986,473	0,177	0,100	1,047E+1	2,400E+1	2,700E+3	2,698E+3
1987,474	0,177	0,100	1,047E+1	2,400E+1	2,700E+3	2,707E+3
1988,474	0,177	0,100	1,046E+1	2,400E+1	2,700E+3	2,702E+3
1989,474	0,177	0,100	1,046E+1	2,400E+1	2,700E+3	2,699E+3
1990,474	0,177	0,100	1,046E+1	2,400E+1	2,700E+3	2,700E+3
1991,474	0,177	0,100	1,046E+1	2,400E+1	2,700E+3	2,705E+3
1992,474	0,177	0,100	1,046E+1	2,400E+1	2,700E+3	2,704E+3
1993,474	0,177	0,100	1,046E+1	2,400E+1	2,700E+3	2,703E+3
1994,474	0,177	0,100	1,047E+1	2,400E+1	2,700E+3	2,694E+3
1995,475	0,177	0,100	1,047E+1	2,400E+1	2,700E+3	2,700E+3
1996,475	0,177	0,100	1,046E+1	2,400E+1	2,700E+3	2,698E+3
1997,476	0,177	0,100	1,047E+1	2,400E+1	2,700E+3	2,700E+3
1998,477	0,177	0,100	1,047E+1	2,400E+1	2,700E+3	2,700E+3
1999,478	0,177	0,100	1,047E+1	2,400E+1	2,700E+3	2,704E+3
2000,478	0,177	0,100	1,047E+1	2,400E+1	2,700E+3	2,702E+3
2001,478	0,177	0,100	1,047E+1	2,400E+1	2,700E+3	2,706E+3
2002,479	0,177	0,100	1,047E+1	2,400E+1	2,700E+3	2,706E+3
2003,480	0,177	0,100	1,047E+1	2,400E+1	2,700E+3	2,690E+3
2004,480	0,177	0,100	1,047E+1	2,400E+1	2,700E+3	2,694E+3
2005,482	0,177	0,100	1,047E+1	2,400E+1	2,700E+3	2,700E+3
2006,481	0,177	0,100	1,047E+1	2,400E+1	2,700E+3	2,698E+3
2007,481	0,177	0,100	1,047E+1	2,400E+1	2,700E+3	2,694E+3
2008,482	0,177	0,100	1,047E+1	2,400E+1	2,700E+3	2,690E+3
2009,482	0,177	0,100	1,047E+1	2,400E+1	2,700E+3	2,700E+3
2010,482	0,177	0,100	1,047E+1	2,400E+1	2,700E+3	2,703E+3
2011,482	0,177	0,100	1,047E+1	2,400E+1	2,700E+3	2,698E+3
2012,482	0,177	0,100	1,047E+1	2,400E+1	2,700E+3	2,696E+3
2013,483	0,177	0,100	1,047E+1	2,400E+1	2,700E+3	2,697E+3
2014,482	0,177	0,100	1,047E+1	2,400E+1	2,700E+3	2,700E+3
2015,482	0,177	0,100	1,047E+1	2,400E+1	2,700E+3	2,695E+3
2016,482	0,177	0,100	1,047E+1	2,400E+1	2,700E+3	2,698E+3
2017,482	0,177	0,100	1,047E+1	2,400E+1	2,700E+3	2,705E+3
2018,482	0,177	0,100	1,047E+1	2,400E+1	2,700E+3	2,698E+3
2019,482	0,177	0,100	1,047E+1	2,400E+1	2,700E+3	2,701E+3
2020,482	0,177	0,100	1,047E+1	2,400E+1	2,700E+3	2,698E+3
2021,482	0,177	0,100	1,047E+1	2,400E+1	2,700E+3	2,705E+3
2022,482	0,177	0,100	1,047E+1	2,400E+1	2,700E+3	2,698E+3
2023,482	0,177	0,100	1,047E+1	2,400E+1	2,700E+3	2,703E+3
2024,482	0,177	0,100	1,047E+1	2,400E+1	2,700E+3	2,700E+3
2025,483	0,177	0,100	1,047E+1	2,400E+1	2,700E+3	2,697E+3
2026,482	0,177	0,100	1,047E+1	2,400E+1	2,700E+3	2,707E+3
2027,482	0,177	0,100	1,048E+1	2,400E+1	2,700E+3	2,702E+3
2028,482	0,177	0,100	1,048E+1	2,400E+1	2,700E+3	2,697E+3
2029,482	0,177	0,100	1,048E+1	2,400E+1	2,700E+3	2,705E+3
2030,482	0,177	0,100	1,047E+1	2,400E+1	2,700E+3	2,703E+3
2031,482	0,177	0,100	1,047E+1	2,400E+1	2,700E+3	2,702E+3
2032,483	0,177	0,100	1,047E+1	2,400E+1	2,700E+3	2,701E+3
2033,482	0,177	0,100	1,047E+1	2,400E+1	2,700E+3	2,697E+3
2034,482	0,177	0,100	1,047E+1	2,400E+1	2,700E+3	2,702E+3
2035,482	0,177	0,100	1,048E+1	2,400E+1	2,700E+3	2,695E+3
2036,482	0,177	0,100	1,048E+1	2,400E+1	2,700E+3	2,703E+3
2037,482	0,177	0,100	1,048E+1	2,400E+1	2,700E+3	2,701E+3
2038,482	0,177	0,100	1,048E+1	2,400E+1	2,700E+3	2,698E+3
2039,482	0,177	0,100	1,048E+1	2,400E+1	2,700E+3	2,704E+3
2040,482	0,177	0,100	1,048E+1	2,400E+1	2,700E+3	2,702E+3
2041,482	0,177	0,100	1,048E+1	2,400E+1	2,700E+3	2,696E+3
2042,482	0,177	0,100	1,047E+1	2,400E+1	2,700E+3	2,698E+3
2043,483	0,177	0,100	1,048E+1	2,400E+1	2,700E+3	2,705E+3
2044,483	0,177	0,100	1,048E+1	2,400E+1	2,700E+3	2,699E+3
2045,483	0,177	0,100	1,048E+1	2,400E+1	2,700E+3	2,701E+3
2046,483	0,177	0,100	1,048E+1	2,400E+1	2,700E+3	2,708E+3
2047,483	0,177	0,100	1,048E+1	2,400E+1	2,700E+3	2,701E+3
2048,483	0,177	0,100	1,048E+1	2,400E+1	2,700E+3	2,699E+3
2049,484	0,177	0,100	1,048E+1	2,400E+1	2,700E+3	2,709E+3
2050,484	0,177	0,100	1,048E+1	2,400E+1	2,700E+3	2,713E+3
2051,484	0,177	0,100	1,048E+1	2,400E+1	2,700E+3	2,690E+3
2052,484	0,177	0,100	1,048E+1	2,400E+1	2,700E+3	2,701E+3
2053,484	0,177	0,100	1,048E+1	2,400E+1	2,700E+3	2,702E+3
2054,484	0,177	0,100	1,048E+1	2,400E+1	2,700E+3	2,703E+3
2055,485	0,177	0,100	1,048E+1	2,400E+1	2,700E+3	2,699E+3
2056,486	0,177	0,100	1,048E+1	2,400E+1	2,700E+3	2,704E+3
2057,485	0,177	0,100	1,049E+1	2,400E+1	2,700E+3	2,696E+3
2058,485	0,177	0,100	1,048E+1	2,400E+1	2,700E+3	2,699E+3
2059,485	0,177	0,100	1,048E+1	2,400E+1	2,700E+3	2,702E+3
2060,485	0,177	0,100	1,048E+1	2,400E+1	2,700E+3	2,702E+3
2061,485	0,177	0,100	1,048E+1	2,400E+1	2,700E+3	2,706E+3
2062,485	0,177	0,100	1,048E+1	2,400E+1	2,700E+3	2,705E+3
2063,485	0,177	0,100	1,048E+1	2,400E+1	2,700E+3	2,700E+3
2064,485	0,177	0,100	1,049E+1	2,400E+1	2,700E+3	2,709E+3
2065,485	0,177	0,100	1,049E+1	2,400E+1	2,700E+3	2,697E+3
2066,485	0,177	0,100	1,049E+1	2,400E+1	2,700E+3	2,697E+3
2067,485	0,177	0,100	1,049E+1	2,400E+1	2,700E+3	2,698E+3
2068,485	0,177	0,100	1,048E+1	2,400E+1	2,700E+3	2,696E+3
2069,485	0,177	0,100	1,048E+1	2,400E+1	2,700E+3	2,697E+3
2070,485	0,177	0,100	1,048E+1	2,400E+1	2,700E+3	2,700E+3
2071,485	0,177	0,100	1,048E+1	2,400E+1	2,700E+3	2,704E+3
2072,485	0,177	0,100	1,048E+1	2,400E+1	2,700E+3	2,705E+3
2073,485	0,177	0,100	1,049E+1	2,400E+1	2,700E+3	2,692E+3
2074,486	0,177	0,100	1,049E+1	2,400E+1	2,700E+3	2,700E+3
2075,487	0,177	0,100	1,049E+1	2,400E+1	2,700E+3	2,691E+3
2076,487	0,177	0,100	1,049E+1	2,400E+1	2,700E+3	2,701E+3
2077,487	0,177	0,100	1,049E+1	2,400E+1	2,700E+3	2,698E+3
2078,488	0,177	0,100	1,049E+1	2,400E+1	2,700E+3	2,703E+3
2079,488	0,177	0,100	1,049E+1	2,400E+1	2,700E+3	2,704E+3
2080,488	0,177	0,100	1,049E+1	2,400E+1	2,700E+3	2,699E+3
2081,488	0,177	0,100	1,049E+1	2,400E+1	2,700E+3	2,704E+3
2082,488	0,177	0,100	1,049E+1	2,400E+1	2,700E+3	2,700E+3
2083,489	0,177	0,100	1,049E+1	2,400E+1	2,700E+3	2,700E+3
2084,489	0,177	0,100	1,049E+1	2,400E+1	2,700E+3	2,697E+3
2085,489	0,177	0,100	1,049E+1	2,400E+1	2,700E+3	2,707E+3
2086,489	0,177	0,100	1,049E+1	2,400E+1	2,700E+3	2,700E+3
2087,489	0,177	0,100	1,049E+1	2,400E+1	2,700E+3	2,706E+3
2088,490	0,177	0,100	1,049E+1	2,400E+1	2,700E+3	2,693E+3
2089,491	0,177	0,100	1,049E+1	2,400E+1	2,700E+3	2,703E+3
2090,491	0,177	0,100	1,049E+1	2,400E+1	2,700E+3	2,695E+3
2091,491	0,177	0,100	1,049E+1	2,400E+1	2,700E+3	2,701E+3
2092,492	0,177	0,100	1,049E+1	2,400E+1	2,700E+3	2,705E+3
2093,492	0,177	0,100	1,049E+1	2,400E+1	2,700E+3	2,708E+3
2094,492	0,177	0,100	1,049E+1	2,400E+1	2,700E+3	2,702E+3
2095,492	0,177	0,100	1,049E+1	2,400E+1	2,700E+3	2,702E+3
2096,492	0,177	0,100	1,049E+1	2,400E+1	2,700E+3	2,699E+3
2097,492	0,177	0,100	1,049E+1	2,400E+1	2,700E+3	2,708E+3
2098,493	0,177	0,100	1,049E+1	2,400E+1	2,700E+3	2,699E+3
2099,493	0,177	0,100	1,049E+1	2,400E+1	2,700E+3	2,697E+3
2100,493	0,177	0,100	1,049E+1	2,400E+1	2,700E+3	2,702E+3
2101,494	0,177	0,100	1,049E+1	2,400E+1	2,700E+3	2,701E+3
2102,494	0,177	0,100	1,049E+1	2,400E+1	2,700E+3	2,703E+3
2103,494	0,177	0,100	1,049E+1	2,400E+1	2,700E+3	2,696E+3
2104,494	0,177	0,100	1,049E+1	2,400E+1	2,700E+3	2,699E+3
2105,494	0,177	0,100	1,049E+1	2,400E+1	2,700E+3	2,703E+3
2106,494	0,177	0,100	1,049E+1	2,400E+1	2,700E+3	2,693E+3
2107,496	0,177	0,100	1,049E+1	2,400E+1	2,700E+3	2,700E+3
2108,495	0,177	0,100	1,049E+1	2,400E+1	2,700E+3	2,706E+3
2109,495	0,177	0,100	1,049E+1	2,400E+1	2,700E+3	2,696E+3
2110,495	0,177	0,100	1,049E+1	2,400E+1	2,700E+3	2,708E+3
2111,496	0,177	0,100	1,049E+1	2,400E+1	2,700E+3	2,702E+3
2112,496	0,177	0,100	1,049E+1	2,400E+1	2,700E+3	2,701E+3
2113,496	0,177	0,100	1,049E+1	2,400E+1	2,700E+3	2,700E+3
2114,496	0,177	0,100	1,049E+1	2,400E+1	2,700E+3	2,698E+3
2115,496	0,177	0,100	1,049E+1	2,400E+1	2,700E+3	2,711E+3
2116,496	0,177	0,100	1,049E+1	2,400E+1	2,700E+3	2,688E+3
2117,496	0,177	0,100	1,049E+1	2,400E+1	2,700E+3	2,703E+3
2118,496	0,177	0,100	1,049E+1	2,400E+1	2,700E+3	2,709E+3
2119,496	0,177	0,100	1,050E+1	2,400E+1	2,700E+3	2,701E+3
2120,496	0,177	0,100	1,049E+1	2,400E+1	2,700E+3	2,700E+3
2121,496	0,177	0,100	1,049E+1	2,400E+1	2,700E+3	2,700E+3
2122,496	0,177	0,100	1,049E+1	2,400E+1	2,700E+3	2,702E+3
2123,496	0,177	0,100	1,049E+1	2,400E+1	2,700E+3	2,694E+3
2124,496	0,177	0,100	1,050E+1	2,400E+1	2,700E+3	2,698E+3
2125,496	0,177	0,100	1,049E+1	2,400E+1	2,700E+3	2,689E+3
2126,496	0,177	0,100	1,049E+1	2,400E+1	2,700E+3	2,708E+3
2127,496	0,177	0,100	1,050E+1	2,400E+1	2,700E+3	2,699E+3
2128,497	0,177	0,100	1,050E+1	2,400E+1	2,700E+3	2,711E+3
2129,497	0,177	0,100	1,050E+1	2,400E+1	2,700E+3	2,701E+3
2130,497	0,177	0,100	1,049E+1	2,400E+1	2,700E+3	2,700E+3
2131,498	0,177	0,100	1,049E+1	2,400E+1	2,700E+3	2,700E+3
2132,498	0,177	0,100	1,049E+1	2,400E+1	2,700E+3	2,691E+3
2133,498	0,177	0,100	1,049E+1	2,400E+1	2,700E+3	2,697E+3
2134,498	0,177	0,100	1,049E+1	2,400E+1	2,700E+3	2,699E+3
2135,498	0,177	0,100	1,049E+1	2,400E+1	2,700E+3	2,707E+3
2136,499	0,177	0,100	1,049E+1	2,400E+1	2,700E+3	2,702E+3
2137,499	0,177	0,100	1,050E+1	2,400E+1	2,700E+3	2,700E+3
2138,499	0,177	0,100	1,050E+1	2,400E+1	2,700E+3	2,692E+3
2139,500	0,177	0,100	1,049E+1	2,400E+1	2,700E+3	2,699E+3
2140,500	0,177	0,100	1,049E+1	2,400E+1	2,700E+3	2,700E+3
2141,500	0,177	0,100	1,050E+1	2,400E+1	2,700E+3	2,693E+3
2142,500	0,177	0,100	1,050E+1	2,400E+1	2,700E+3	2,706E+3
2143,500	0,177	0,100	1,050E+1	2,400E+1	2,700E+3	2,699E+3
2144,500	0,177	0,100	1,050E+1	2,400E+1	2,700E+3	2,710E+3
2145,500	0,177	0,100	1,051E+1	2,400E+1	2,700E+3	2,700E+3
2146,501	0,177	0,100	1,051E+1	2,400E+1	2,700E+3	2,695E+3
2147,501	0,177	0,100	1,050E+1	2,400E+1	2,700E+3	2,696E+3
2148,502	0,177	0,100	1,050E+1	2,400E+1	2,700E+3	2,698E+3
2149,503	0,177	0,100	1,050E+1	2,400E+1	2,700E+3	2,695E+3
2150,504	0,177	0,100	1,050E+1	2,400E+1	2,700E+3	2,700E+3
2151,504	0,177	0,100	1,050E+1	2,400E+1	2,700E+3	2,698E+3
2152,504	0,177	0,100	1,050E+1	2,400E+1	2,700E+3	2,706E+3
2153,504	0,177	0,100	1,050E+1	2,400E+1	2,700E+3	2,702E+3
2154,504	0,177	0,100	1,050E+1	2,400E+1	2,700E+3	2,697E+3
2155,504	0,177	0,100	1,050E+1	2,400E+1	2,700E+3	2,700E+3
2156,504	0,177	0,100	1,050E+1	2,400E+1	2,700E+3	2,699E+3
2157,504	0,177	0,100	1,050E+1	2,400E+1	2,700E+3	2,703E+3
2158,504	0,177	0,100	1,049E+1	2,400E+1	2,700E+3	2,700E+3
2159,504	0,177	0,100	1,049E+1	2,400E+1	2,700E+3	2,703E+3
2160,504	0,177	0,100	1,049E+1	2,400E+1	2,700E+3	2,705E+3
2161,504	0,177	0,100	1,050E+1	2,400E+1	2,700E+3	2,706E+3
2162,504	0,177	0,100	1,050E+1	2,400E+1	2,700E+3	2,708E+3
2163,504	0,177	0,100	1,050E+1	2,400E+1	2,700E+3	2,702E+3
2164,505	0,177	0,100	1,050E+1	2,400E+1	2,700E+3	2,703E+3
2165,505	0,177	0,100	1,050E+1	2,400E+1	2,700E+3	2,696E+3
2166,506	0,177	0,100	1,050E+1	2,400E+1	2,700E+3	2,700E+3
2167,507	0,177	0,100	1,050E+1	2,400E+1	2,700E+3	2,711E+3
2168,507	0,177	0,100	1,050E+1	2,400E+1	2,700E+3	2,699E+3
2169,508	0,177	0,100	1,050E+1	2,400E+1	2,700E+3	2,695E+3
2170,508	0,177	0,100	1,050E+1	2,400E+1	2,700E+3	2,694E+3
2171,508	0,177	0,100	1,050E+1	2,400E+1	2,700E+3	2,700E+3
2172,508	0,177	0,100	1,050E+1	2,400E+1	2,700E+3	2,703E+3
2173,509	0,177	0,100	1,050E+1	2,400E+1	2,700E+3	2,693E+3
2174,509	0,177	0,100	1,050E+1	2,400E+1	2,700E+3	2,701E+3
2175,509	0,177	0,100	1,050E+1	2,400E+1	2,700E+3	2,702E+3
2176,509	0,177	0,100	1,050E+1	2,400E+1	2,700E+3	2,695E+3
2177,509	0,177	0,100	1,050E+1	2,400E+1	2,700E+3	2,699E+3
2178,509	0,177	0,100	1,050E+1	2,400E+1	2,700E+3	2,701E+3
2179,510	0,177	0,100	1,050E+1	2,400E+1	2,700E+3	2,700E+3
2180,510	0,177	0,100	1,050E+1	2,400E+1	2,700E+3	2,705E+3
2181,511	0,177	0,100	1,050E+1	2,400E+1	2,700E+3	2,694E+3
2182,511	0,177	0,100	1,050E+1	2,400E+1	2,700E+3	2,694E+3
2183,511	0,177	0,100	1,050E+1	2,400E+1	2,700E+3	2,702E+3
2184,511	0,177	0,100	1,050E+1	2,400E+1	2,700E+3	2,706E+3
2185,511	0,177	0,100	1,050E+1	2,400E+1	2,700E+3	2,696E+3
2186,512	0,177	0,100	1,050E+1	2,400E+1	2,700E+3	2,704E+3
2187,512	0,177	0,100	1,050E+1	2,400E+1	2,700E+3	2,701E+3
2188,512	0,177	0,100	1,050E+1	2,400E+1	2,700E+3	2,709E+3
2189,512	0,177	0,100	1,050E+1	2,400E+1	2,700E+3	2,692E+3
2190,512	0,177	0,100	1,050E+1	2,400E+1	2,700E+3	2,708E+3
2191,513	0,177	0,100	1,050E+1	2,400E+1	2,700E+3	2,704E+3
2192,513	0,177	0,100	1,050E+1	2,400E+1	2,700E+3	2,693E+3
2193,514	0,177	0,100	1,050E+1	2,400E+1	2,700E+3	2,703E+3
2194,514	0,177	0,100	1,050E+1	2,400E+1	2,700E+3	2,692E+3
2195,514	0,177	0,100	1,050E+1	2,400E+1	2,700E+3	2,689E+3
2196,514	0,177	0,100	1,050E+1	2,400E+1	2,700E+3	2,702E+3
2197,515	0,177	0,100	1,050E+1	2,400E+1	2,700E+3	2,701E+3
2198,516	0,177	0,100	1,050E+1	2,400E+1	2,700E+3	2,692E+3
2199,516	0,177	0,100	1,050E+1	2,400E+1	2,700E+3	2,709E+3
2200,517	0,177	0,100	1,051E+1	2,400E+1	2,700E+3	2,695E+3
2201,517	0,177	0,100	1,051E+1	2,400E+1	2,700E+3	2,686E+3
2202,517	0,177	0,100	1,050E+1	2,400E+1	2,700E+3	2,706E+3
2203,518	0,177	0,100	1,050E+1	2,400E+1	2,700E+3	2,701E+3
2204,518	0,177	0,100	1,050E+1	2,400E+1	2,700E+3	2,693E+3
2205,520	0,177	0,100	1,050E+1	2,400E+1	2,700E+3	2,704E+3
2206,519	0,177	0,100	1,050E+1	2,400E+1	2,700E+3	2,705E+3
2207,519	0,177	0,100	1,050E+1	2,400E+1	2,700E+3	2,715E+3
2208,519	0,177	0,100	1,051E+1	2,400E+1	2,700E+3	2,703E+3
2209,519	0,177	0,100	1,051E+1	2,400E+1	2,700E+3	2,697E+3
2210,519	0,177	0,100	1,050E+1	2,400E+1	2,700E+3	2,705E+3
2211,519	0,177	0,100	1,050E+1	2,400E+1	2,700E+3	2,693E+3
2212,519	0,177	0,100	1,051E+1	2,400E+1	2,700E+3	2,705E+3
2213,519	0,177	0,100	1,051E+1	2,400E+1	2,700E+3	2,697E+3
2214,519	0,177	0,100	1,051E+1	2,400E+1	2,700E+3	2,698E+3
2215,520	0,177	0,100	1,051E+1	2,400E+1	2,700E+3	2,715E+3
2216,519	0,177	0,100	1,050E+1	2,400E+1	2,700E+3	2,695E+3
2217,519	0,177	0,100	1,051E+1	2,400E+1	2,700E+3	2,703E+3
2218,520	0,177	0,100	1,051E+1	2,400E+1	2,700E+3	2,704E+3
2219,520	0,177	0,100	1,051E+1	2,400E+1	2,700E+3	2,689E+3
2220,520	0,177	0,100	1,051E+1	2,400E+1	2,700E+3	2,699E+3
2221,520	0,177	0,100	1,051E+1	2,400E+1	2,700E+3	2,709E+3
2222,521	0,177	0,100	1,051E+1	2,400E+1	2,700E+3	2,703E+3
2223,521	0,177	0,100	1,050E+1	2,400E+1	2,700E+3	2,698E+3
2224,521	0,177	0,100	1,050E+1	2,400E+1	2,700E+3	2,704E+3
2225,522	0,177	0,100	1,050E+1	2,400E+1	2,700E+3	2,708E+3
2226,522	0,177	0,100	1,051E+1	2,400E+1	2,700E+3	2,692E+3
2227,522	0,177	0,100	1,051E+1	2,400E+1	2,700E+3	2,706E+3
2228,523	0,177	0,100	1,051E+1	2,400E+1	2,700E+3	2,700E+3
2229,523	0,177	0,100	1,051E+1	2,400E+1	2,700E+3	2,698E+3
2230,523	0,177	0,100	1,051E+1	2,400E+1	2,700E+3	2,698E+3
2231,523	0,177	0,100	1,051E+1	2,400E+1	2,700E+3	2,689E+3
2232,523	0,177	0,100	1,051E+1	2,400E+1	2,700E+3	2,688E+3
2233,523	0,177	0,100	1,051E+1	2,400E+1	2,700E+3	2,709E+3
2234,524	0,177	0,100	1,051E+1	2,400E+1	2,700E+3	2,697E+3
2235,524	0,177	0,100	1,051E+1	2,400E+1	2,700E+3	2,705E+3
2236,524	0,177	0,100	1,051E+1	2,400E+1	2,700E+3	2,704E+3
2237,524	0,177	0,100	1,051E+1	2,400E+1	2,700E+3	2,699E+3
2238,524	0,177	0,100	1,051E+1	2,400E+1	2,700E+3	2,696E+3
2239,524	0,177	0,100	1,051E+1	2,400E+1	2,700E+3	2,702E+3
2240,524	0,177	0,100	1,051E+1	2,400E+1	2,700E+3	2,703E+3
2241,524	0,177	0,100	1,051E+1	2,400E+1	2,700E+3	2,702E+3
2242,524	0,177	0,100	1,050E+1	2,400E+1	2,700E+3	2,701E+3
2243,524	0,177	0,100	1,051E+1	2,400E+1	2,700E+3	2,703E+3
2244,525	0,177	0,100	1,051E+1	2,400E+1	2,700E+3	2,697E+3
2245,526	0,177	0,100	1,051E+1	2,400E+1	2,700E+3	2,690E+3
2246,526	0,177	0,100	1,051E+1	2,400E+1	2,700E+3	2,704E+3
2247,527	0,177	0,100	1,051E+1	2,400E+1	2,700E+3	2,698E+3
2248,527	0,177	0,100	1,051E+1	2,400E+1	2,700E+3	2,700E+3
2249,527	0,177	0,100	1,051E+1	2,400E+1	2,700E+3	2,707E+3
2250,528	0,177	0,100	1,051E+1	2,400E+1	2,700E+3	2,699E+3
2251,528	0,177	0,100	1,051E+1	2,400E+1	2,700E+3	2,701E+3
2252,529	0,177	0,100	1,051E+1	2,400E+1	2,700E+3	2,701E+3
2253,529	0,177	0,100	1,050E+1	2,400E+1	2,700E+3	2,704E+3
2254,529	0,177	0,100	1,050E+1	2,400E+1	2,700E+3	2,691E+3
2255,529	0,177	0,100	1,050E+1	2,400E+1	2,700E+3	2,697E+3
2256,529	0,177	0,100	1,050E+1	2,400E+1	2,700E+3	2,698E+3
2257,529	0,177	0,100	1,050E+1	2,400E+1	2,700E+3	2,696E+3
2258,529	0,177	0,100	1,051E+1	2,400E+1	2,700E+3	2,694E+3
2259,529	0,177	0,100	1,051E+1	2,400E+1	2,700E+3	2,696E+3
2260,529	0,177	0,100	1,051E+1	2,400E+1	2,700E+3	2,695E+3
2261,529	0,177	0,100	1,051E+1	2,400E+1	2,700E+3	2,693E+3
2262,529	0,177	0,100	1,051E+1	2,400E+1	2,700E+3	2,701E+3
2263,529	0,177	0,100	1,051E+1	2,400E+1	2,700E+3	2,690E+3
2264,530	0,177	0,100	1,051E+1	2,400E+1	2,700E+3	2,693E+3
2265,530	0,177	0,100	1,051E+1	2,400E+1	2,700E+3	2,701E+3
2266,531	0,177	0,100	1,051E+1	2,400E+1	2,700E+3	2,705E+3
2267,531	0,177	0,100	1,051E+1	2,400E+1	2,700E+3	2,708E+3
2268,532	0,177	0,100	1,051E+1	2,400E+1	2,700E+3	2,702E+3
2269,532	0,177	0,100	1,051E+1	2,400E+1	2,700E+3	2,702E+3
2270,532	0,177	0,100	1,051E+1	2,400E+1	2,700E+3	2,690E+3
2271,532	0,177	0,100	1,051E+1	2,400E+1	2,700E+3	2,700E+3
2272,533	0,177	0,100	1,051E+1	2,400E+1	2,700E+3	2,708E+3
2273,533	0,177	0,100	1,052E+1	2,400E+1	2,700E+3	2,697E+3
2274,533	0,177	0,100	1,052E+1	2,400E+1	2,700E+3	2,693E+3
2275,533	0,177	0,100	1,051E+1	2,400E+1	2,700E+3	2,697E+3
2276,533	0,177	0,100	1,051E+1	2,400E+1	2,700E+3	2,706E+3
2277,533	0,177	0,100	1,051E+1	2,400E+1	2,700E+3	2,700E+3
2278,533	0,177	0,100	1,051E+1	2,400E+1	2,700E+3	2,699E+3
2279,533	0,177	0,100	1,051E+1	2,400E+1	2,700E+3	2,699E+3
2280,534	0,177	0,100	1,051E+1	2,400E+1	2,700E+3	2,697E+3
2281,534	0,177	0,100	1,051E+1	2,400E+1	2,700E+3	2,698E+3
2282,534	0,177	0,100	1,051E+1	2,400E+1	2,700E+3	2,708E+3
2283,535	0,177	0,100	1,052E+1	2,400E+1	2,700E+3	2,702E+3
2284,535	0,177	0,100	1,052E+1	2,400E+1	2,700E+3	2,698E+3
2285,535	0,177	0,100	1,052E+1	2,400E+1	2,700E+3	2,688E+3
2286,535	0,177	0,100	1,052E+1	2,400E+1	2,700E+3	2,704E+3
2287,536	0,177	0,100	1,051E+1	2,400E+1	2,700E+3	2,708E+3
2288,537	0,177	0,100	1,051E+1	2,400E+1	2,700E+3	2,699E+3
2289,537	0,177	0,100	1,051E+1	2,400E+1	2,700E+3	2,700E+3
2290,537	0,177	0,100	1,051E+1	2,400E+1	2,700E+3	2,702E+3
2291,537	0,177	0,100	1,051E+1	2,400E+1	2,700E+3	2,713E+3
2292,537	0,177	0,100	1,051E+1	2,400E+1	2,700E+3	2,697E+3
2293,537	0,177	0,100	1,051E+1	2,400E+1	2,700E+3	2,697E+3
2294,537	0,177	0,100	1,052E+1	2,400E+1	2,700E+3	2,698E+3
2295,537	0,177	0,100	1,052E+1	2,400E+1	2,700E+3	2,708E+3
2296,539	0,177	0,100	1,052E+1	2,400E+1	2,700E+3	2,700E+3
2297,538	0,177	0,100	1,051E+1	2,400E+1	2,700E+3	2,692E+3
2298,538	0,177	0,100	1,052E+1	2,400E+1	2,700E+3	2,705E+3
2299,538	0,177	0,100	1,052E+1	2,400E+1	2,700E+3	2,699E+3
2300,538	0,177	0,100	1,052E+1	2,400E+1	2,700E+3	2,696E+3
2301,538	0,177	0,100	1,052E+1	2,400E+1	2,700E+3	2,699E+3
2302,539	0,177	0,100	1,052E+1	2,400E+1	2,700E+3	2,699E+3
2303,539	0,177	0,100	1,051E+1	2,400E+1	2,700E+3	2,702E+3
2304,539	0,177	0,100	1,051E+1	2,400E+1	2,700E+3	2,700E+3
2305,540	0,177	0,100	1,051E+1	2,400E+1	2,700E+3	2,705E+3
2306,540	0,177	0,100	1,051E+1	2,400E+1	2,700E+3	2,699E+3
2307,540	0,177	0,100	1,051E+1	2,400E+1	2,700E+3	2,697E+3
2308,540	0,177	0,100	1,051E+1	2,400E+1	2,700E+3	2,700E+3
2309,540	0,177	0,100	1,051E+1	2,400E+1	2,700E+3	2,699E+3
2310,540	0,177	0,100	1,051E+1	2,400E+1	2,700E+3	2,705E+3
2311,540	0,177	0,100	1,052E+1	2,400E+1	2,700E+3	2,705E+3
2312,540	0,177	0,100	1,052E+1	2,400E+1	2,700E+3	2,700E+3
2313,540	0,177	0,100	1,052E+1	2,400E+1	2,700E+3	2,704E+3
2314,540	0,177	0,100	1,052E+1	2,400E+1	2,700E+3	2,705E+3
2315,541	0,177	0,100	1,052E+1	2,400E+1	2,700E+3	2,687E+3
2316,542	0,177	0,100	1,052E+1	2,400E+1	2,700E+3	2,711E+3
2317,542	0,177	0,100	1,052E+1	2,400E+1	2,700E+3	2,704E+3
2318,542	0,177	0,100	1,052E+1	2,400E+1	2,700E+3	2,701E+3
2319,543	0,177	0,100	1,052E+1	2,400E+1	2,700E+3	2,700E+3
2320,543	0,177	0,100	1,052E+1	2,400E+1	2,700E+3	2,708E+3
2321,543	0,177	0,100	1,052E+1	2,400E+1	2,700E+3	2,709E+3
2322,544	0,177	0,100	1,052E+1	2,400E+1	2,700E+3	2,696E+3
2323,543	0,177	0,100	1,052E+1	2,400E+1	2,700E+3	2,715E+3
2324,544	0,177	0,100	1,052E+1	2,400E+1	2,700E+3	2,693E+3
2325,543	0,177	0,100	1,052E+1	2,400E+1	2,700E+3	2,703E+3
2326,543	0,177	0,100	1,052E+1	2,400E+1	2,700E+3	2,705E+3
2327,543	0,177	0,100	1,052E+1	2,400E+1	2,700E+3	2,689E+3
2328,543	0,177	0,100	1,052E+1	2,400E+1	2,700E+3	2,705E+3
2329,543	0,177	0,100	1,052E+1	2,400E+1	2,700E+3	2,701E+3
2330,544	0,177	0,100	1,052E+1	2,400E+1	2,700E+3	2,699E+3
2331,544	0,177	0,100	1,052E+1	2,400E+1	2,700E+3	2,705E+3
2332,544	0,177	0,100	1,052E+1	2,400E+1	2,700E+3	2,687E+3
2333,545	0,177	0,100	1,052E+1	2,400E+1	2,700E+3	2,699E+3
2334,546	0,177	0,100	1,052E+1	2,400E+1	2,700E+3	2,700E+3
2335,547	0,177	0,100	1,052E+1	2,400E+1	2,700E+3	2,693E+3
2336,548	0,177	0,100	1,052E+1	2,400E+1	2,700E+3	2,707E+3
2337,549	0,177	0,100	1,052E+1	2,400E+1	2,700E+3	2,695E+3
2338,549	0,177	0,100	1,052E+1	2,400E+1	2,700E+3	2,697E+3
2339,549	0,177	0,100	1,053E+1	2,400E+1	2,700E+3	2,698E+3
2340,549	0,177	0,100	1,053E+1	2,400E+1	2,700E+3	2,701E+3
2341,550	0,177	0,100	1,053E+1	2,400E+1	2,700E+3	2,704E+3
2342,550	0,177	0,100	1,053E+1	2,400E+1	2,700E+3	2,704E+3
2343,550	0,177	0,100	1,053E+1	2,400E+1	2,700E+3	2,700E+3
2344,550	0,177	0,100	1,053E+1	2,400E+1	2,700E+3	2,705E+3
2345,551	0,177	0,100	1,053E+1	2,400E+1	2,700E+3	2,706E+3
2346,551	0,177	0,100	1,052E+1	2,400E+1	2,700E+3	2,701E+3
2347,552	0,177	0,100	1,052E+1	2,400E+1	2,700E+3	2,699E+3
2348,552	0,177	0,100	1,052E+1	2,400E+1	2,700E+3	2,699E+3
2349,552	0,177	0,100	1,052E+1	2,400E+1	2,700E+3	2,697E+3
2350,552	0,177	0,100	1,052E+1	2,400E+1	2,700E+3	2,706E+3
2351,553	0,177	0,100	1,052E+1	2,400E+1	2,700E+3	2,706E+3
2352,553	0,177	0,100	1,052E+1	2,400E+1	2,700E+3	2,701E+3
2353,553	0,177	0,100	1,052E+1	2,400E+1	2,700E+3	2,707E+3
2354,554	0,177	0,100	1,052E+1	2,400E+1	2,700E+3	2,709E+3
2355,554	0,177	0,100	1,052E+1	2,400E+1	2,700E+3	2,708E+3
2356,554	0,177	0,100	1,053E+1	2,400E+1	2,700E+3	2,699E+3
2357,554	0,177	0,100	1,053E+1	2,400E+1	2,700E+3	2,708E+3
2358,554	0,177	0,100	1,053E+1	2,400E+1	2,700E+3	2,705E+3
2359,555	0,177	0,100	1,053E+1	2,400E+1	2,700E+3	2,688E+3
2360,555	0,177	0,100	1,053E+1	2,400E+1	2,700E+3	2,703E+3
2361,555	0,177	0,100	1,053E+1	2,400E+1	2,700E+3	2,703E+3
2362,555	0,177	0,100	1,053E+1	2,400E+1	2,700E+3	2,697E+3
2363,555	0,177	0,100	1,052E+1	2,400E+1	2,700E+3	2,699E+3
2364,556	0,177	0,100	1,052E+1	2,400E+1	2,700E+3	2,702E+3
2365,556	0,177	0,100	1,052E+1	2,400E+1	2,700E+3	2,707E+3
2366,556	0,177	0,100	1,053E+1	2,400E+1	2,700E+3	2,698E+3
2367,557	0,177	0,100	1,053E+1	2,400E+1	2,700E+3	2,701E+3
2368,558	0,177	0,100	1,053E+1	2,400E+1	2,700E+3	2,692E+3
2369,558	0,177	0,100	1,053E+1	2,400E+1	2,700E+3	2,695E+3
2370,559	0,177	0,100	1,053E+1	2,400E+1	2,700E+3	2,697E+3
2371,559	0,177	0,100	1,053E+1	2,400E+1	2,700E+3	2,704E+3
2372,559	0,177	0,100	1,053E+1	2,400E+1	2,700E+3	2,714E+3
2373,559	0,177	0,100	1,053E+1	2,400E+1	2,700E+3	2,701E+3
2374,559	0,177	0,100	1,053E+1	2,400E+1	2,700E+3	2,697E+3
2375,559	0,177	0,100	1,053E+1	2,400E+1	2,700E+3	2,704E+3
2376,560	0,177	0,100	1,053E+1	2,400E+1	2,700E+3	2,702E+3
2377,561	0,177	0,100	1,053E+1	2,400E+1	2,700E+3	2,702E+3
2378,561	0,177	0,100	1,053E+1	2,400E+1	2,700E+3	2,700E+3
2379,561	0,177	0,100	1,052E+1	2,400E+1	2,700E+3	2,693E+3
2380,563	0,177	0,100	1,053E+1	2,400E+1	2,700E+3	2,699E+3
2381,563	0,177	0,100	1,053E+1	2,400E+1	2,700E+3	2,698E+3
2382,564	0,177	0,100	1,053E+1	2,400E+1	2,700E+3	2,699E+3
2383,564	0,177	0,100	1,053E+1	2,400E+1	2,700E+3	2,702E+3
2384,564	0,177	0,100	1,053E+1	2,400E+1	2,700E+3	2,699E+3
2385,564	0,177	0,100	1,052E+1	2,400E+1	2,700E+3	2,697E+3
2386,564	0,177	0,100	1,052E+1	2,400E+1	2,700E+3	2,697E+3
2387,564	0,177	0,100	1,053E+1	2,400E+1	2,700E+3	2,699E+3
2388,565	0,177	0,100	1,053E+1	2,400E+1	2,700E+3	2,700E+3
2389,565	0,177	0,100	1,053E+1	2,400E+1	2,700E+3	2,704E+3
2390,565	0,177	0,100	1,053E+1	2,400E+1	2,700E+3	2,704E+3
2391,565	0,177	0,100	1,053E+1	2,400E+1	2,700E+3	2,699E+3
2392,566	0,177	0,100	1,053E+1	2,400E+1	2,700E+3	2,711E+3
2393,566	0,177	0,100	1,053E+1	2,400E+1	2,700E+3	2,693E+3
2394,565	0,177	0,100	1,053E+1	2,400E+1	2,700E+3	2,700E+3
2395,566	0,177	0,100	1,053E+1	2,400E+1	2,700E+3	2,709E+3
2396,566	0,177	0,100	1,053E+1	2,400E+1	2,700E+3	2,699E+3
2397,566	0,177	0,100	1,053E+1	2,400E+1	2,700E+3	2,705E+3
2398,566	0,177	0,100	1,053E+1	2,400E+1	2,700E+3	2,697E+3
2399,566	0,177	0,100	1,053E+1	2,400E+1	2,700E+3	2,704E+3
2400,566	0,177	0,100	1,053E+1	2,400E+1	2,700E+3	2,699E+3
2401,566	0,177	0,100	1,053E+1	2,400E+1	2,700E+3	2,704E+3
2402,566	0,177	0,100	1,053E+1	2,400E+1	2,700E+3	2,703E+3
2403,566	0,177	0,100	1,053E+1	2,400E+1	2,700E+3	2,698E+3
2404,566	0,177	0,100	1,053E+1	2,400E+1	2,700E+3	2,701E+3
2405,566	0,177	0,100	1,053E+1	2,400E+1	2,700E+3	2,700E+3
2406,566	0,177	0,100	1,053E+1	2,400E+1	2,700E+3	2,706E+3
2407,566	0,177	0,100	1,053E+1	2,400E+1	2,700E+3	2,704E+3
2408,566	0,177	0,100	1,053E+1	2,400E+1	2,700E+3	2,703E+3
2409,566	0,177	0,100	1,053E+1	2,400E+1	2,700E+3	2,703E+3
2410,566	0,177	0,100	1,053E+1	2,400E+1	2,700E+3	2,685E+3
2411,566	0,177	0,100	1,053E+1	2,400E+1	2,700E+3	2,698E+3
2412,567	0,177	0,100	1,054E+1	2,400E+1	2,700E+3	2,697E+3
2413,567	0,177	0,100	1,054E+1	2,400E+1	2,700E+3	2,694E+3
2414,567	0,177	0,100	1,054E+1	2,400E+1	2,700E+3	2,700E+3
2415,567	0,177	0,100	1,054E+1	2,400E+1	2,700E+3	2,705E+3
2416,567	0,177	0,100	1,053E+1	2,400E+1	2,700E+3	2,712E+3
2417,568	0,177	0,100	1,053E+1	2,400E+1	2,700E+3	2,694E+3
2418,568	0,177	0,100	1,053E+1	2,400E+1	2,700E+3	2,697E+3
2419,568	0,177	0,100	1,053E+1	2,400E+1	2,700E+3	2,705E+3
2420,568	0,177	0,100	1,054E+1	2,400E+1	2,700E+3	2,687E+3
2421,568	0,177	0,100	1,054E+1	2,400E+1	2,700E+3	2,700E+3
2422,568	0,177	0,100	1,054E+1	2,400E+1	2,700E+3	2,695E+3
2423,568	0,177	0,100	1,053E+1	2,400E+1	2,700E+3	2,699E+3
2424,568	0,177	0,100	1,053E+1	2,400E+1	2,700E+3	2,705E+3
2425,570	0,177	0,100	1,053E+1	2,400E+1	2,700E+3	2,695E+3
2426,569	0,177	0,100	1,053E+1	2,400E+1	2,700E+3	2,701E+3
2427,569	0,177	0,100	1,054E+1	2,400E+1	2,700E+3	2,704E+3
2428,569	0,100	0,100	6,050E+0	2,400E+1	2,700E+3	2,876E+3
2429,569	0,100	0,100	6,050E+0	2,400E+1	2,700E+3	2,658E+3
2430,570	0,100	0,100	6,080E+0	2,400E+1	2,700E+3	2,710E+3
2431,570	0,100	0,100	6,080E+0	2,400E+1	2,700E+3	2,703E+3
2432,571	0,100	0,050	6,080E+0	2,400E+1	2,700E+3	2,754E+3
2433,571	0,050	0,050	3,190E+0	2,400E+1	2,700E+3	2,757E+3
2434,572	0,050	0,050	3,190E+0	2,400E+1	2,700E+3	2,680E+3
2435,572	0,050	0,200	3,190E+0	2,400E+1	2,700E+3	2,685E+3
2436,572	0,050	0,200	3,370E+0	2,400E+1	2,700E+3	2,380E+3
2437,573	0,200	0,200	1,185E+1	2,400E+1	2,700E+3	2,651E+3
2438,573	0,200	0,200	1,185E+1	2,400E+1	2,700E+3	2,704E+3
2439,573	0,200	0,200	1,185E+1	2,400E+1	2,700E+3	2,702E+3
2440,573	0,200	0,020	1,185E+1	2,400E+1	2,700E+3	2,702E+3
2441,574	0,200	0,020	1,185E+1	2,400E+1	2,700E+3	3,221E+3
2442,575	0,020	0,020	1,460E+0	2,400E+1	2,700E+3	2,843E+3
2443,575	0,020	0,020	1,460E+0	2,400E+1	2,700E+3	2,501E+3
2444,577	0,020	0,020	1,460E+0	2,400E+1	2,700E+3	2,360E+3
2445,576	0,020	0,020	1,460E+0	2,400E+1	2,700E+3	2,631E+3
2446,577	0,020	0,020	1,460E+0	2,400E+1	2,700E+3	2,757E+3
2447,577	0,020	0,020	1,460E+0	2,400E+1	2,700E+3	2,751E+3
2448,578	0,000	0,020	3,000E-1	2,400E+1	2,700E+3	2,711E+3
2449,579	0,000	0,020	3,000E-1	2,400E+1	2,700E+3	2,677E+3
2450,580	0,000	0,020	3,000E-1	2,400E+1	2,700E+3	2,690E+3
2451,580	0,000	0,020	3,000E-1	2,400E+1	2,700E+3	2,710E+3
2452,581	0,000	0,020	3,000E-1	2,400E+1	2,700E+3	2,701E+3
2453,581	0,000	0,020	3,000E-1	2,400E+1	2,700E+3	2,701E+3
2454,581	0,000	0,020	3,000E-1	2,400E+1	2,700E+3	2,698E+3
2455,581	0,000	0,020	3,000E-1	2,400E+1	2,700E+3	2,707E+3
2456,582	0,000	0,020	3,000E-1	2,400E+1	0,000E+0	2,576E+3
2457,582	0,000	0,020	3,000E-1	2,400E+1	0,000E+0	2,110E+3
2458,582	0,000	0,020	3,000E-1	2,400E+1	0,000E+0	1,682E+3
2459,582	0,000	0,020	3,000E-1	2,400E+1	0,000E+0	0,000E+0
2460,582	0,000	0,020	3,000E-1	2,400E+1	0,000E+0	0,000E+0
2461,583	0,000	0,020	3,000E-1	2,400E+1	0,000E+0	0,000E+0
