t	PL(A)	PL(B)	PL(T)	PL(E)	V(A)	V(B)	V(E)	I(A)	I(B)	I(E)
0,000	0,000	0,000	0,000E+0	0,000E+0	0,000E+0	0,000E+0	0,000E+0	0,000E+0	0,000E+0	0,000E+0
0,003	0,000	0,000	0,000E+0	0,000E+0	0,000E+0	0,000E+0	0,000E+0	0,000E+0	0,000E+0	0,000E+0
1,004	0,000	0,000	0,000E+0	0,000E+0	0,000E+0	0,000E+0	0,000E+0	0,000E+0	0,000E+0	0,000E+0
2,005	0,000	0,000	0,000E+0	0,000E+0	0,000E+0	0,000E+0	0,000E+0	0,000E+0	0,000E+0	0,000E+0
3,006	0,000	0,000	0,000E+0	0,000E+0	0,000E+0	0,000E+0	0,000E+0	0,000E+0	0,000E+0	0,000E+0
4,005	0,000	0,000	0,000E+0	0,000E+0	0,000E+0	0,000E+0	0,000E+0	0,000E+0	0,000E+0	0,000E+0
5,006	0,000	0,000	0,000E+0	0,000E+0	0,000E+0	0,000E+0	0,000E+0	0,000E+0	0,000E+0	0,000E+0
6,005	0,000	0,000	0,000E+0	0,000E+0	0,000E+0	0,000E+0	0,000E+0	0,000E+0	0,000E+0	0,000E+0
7,005	0,000	0,000	0,000E+0	0,000E+0	0,000E+0	0,000E+0	0,000E+0	0,000E+0	0,000E+0	0,000E+0
8,005	0,000	0,000	0,000E+0	0,000E+0	0,000E+0	0,000E+0	0,000E+0	0,000E+0	0,000E+0	0,000E+0
9,005	0,000	0,000	0,000E+0	0,000E+0	0,000E+0	0,000E+0	0,000E+0	0,000E+0	0,000E+0	0,000E+0
10,007	0,000	0,000	0,000E+0	0,000E+0	0,000E+0	0,000E+0	0,000E+0	0,000E+0	0,000E+0	0,000E+0
11,006	0,000	0,000	0,000E+0	0,000E+0	0,000E+0	0,000E+0	0,000E+0	0,000E+0	0,000E+0	0,000E+0
12,006	0,000	0,000	0,000E+0	0,000E+0	0,000E+0	0,000E+0	0,000E+0	0,000E+0	0,000E+0	0,000E+0
13,006	0,000	0,000	0,000E+0	0,000E+0	0,000E+0	0,000E+0	0,000E+0	0,000E+0	0,000E+0	0,000E+0
14,006	0,000	0,000	0,000E+0	0,000E+0	0,000E+0	0,000E+0	0,000E+0	0,000E+0	0,000E+0	0,000E+0
15,007	0,000	0,000	0,000E+0	0,000E+0	0,000E+0	0,000E+0	0,000E+0	0,000E+0	0,000E+0	0,000E+0
16,008	0,000	0,000	0,000E+0	0,000E+0	0,000E+0	0,000E+0	0,000E+0	0,000E+0	0,000E+0	0,000E+0
17,010	0,000	0,000	0,000E+0	0,000E+0	0,000E+0	0,000E+0	0,000E+0	0,000E+0	0,000E+0	0,000E+0
18,009	0,000	0,000	0,000E+0	0,000E+0	0,000E+0	0,000E+0	0,000E+0	0,000E+0	0,000E+0	0,000E+0
19,009	0,000	0,000	0,000E+0	0,000E+0	0,000E+0	0,000E+0	0,000E+0	0,000E+0	0,000E+0	0,000E+0
20,009	0,000	0,000	0,000E+0	0,000E+0	0,000E+0	0,000E+0	0,000E+0	0,000E+0	0,000E+0	0,000E+0
21,009	0,000	0,000	0,000E+0	0,000E+0	0,000E+0	0,000E+0	0,000E+0	0,000E+0	0,000E+0	0,000E+0
22,009	0,000	0,000	0,000E+0	0,000E+0	0,000E+0	0,000E+0	0,000E+0	0,000E+0	0,000E+0	0,000E+0
23,009	0,000	0,000	0,000E+0	0,000E+0	0,000E+0	0,000E+0	0,000E+0	0,000E+0	0,000E+0	0,000E+0
24,010	0,000	0,000	0,000E+0	0,000E+0	0,000E+0	0,000E+0	0,000E+0	0,000E+0	0,000E+0	0,000E+0
25,009	0,000	0,000	0,000E+0	0,000E+0	0,000E+0	0,000E+0	0,000E+0	0,000E+0	0,000E+0	0,000E+0
26,010	0,000	0,000	0,000E+0	0,000E+0	0,000E+0	0,000E+0	0,000E+0	0,000E+0	0,000E+0	0,000E+0
27,011	0,000	0,000	0,000E+0	0,000E+0	0,000E+0	0,000E+0	0,000E+0	0,000E+0	0,000E+0	0,000E+0
28,011	0,000	0,000	0,000E+0	0,000E+0	0,000E+0	0,000E+0	0,000E+0	0,000E+0	0,000E+0	0,000E+0
29,012	0,000	0,000	0,000E+0	0,000E+0	0,000E+0	0,000E+0	0,000E+0	0,000E+0	0,000E+0	0,000E+0
30,011	0,000	0,000	0,000E+0	0,000E+0	0,000E+0	0,000E+0	0,000E+0	0,000E+0	0,000E+0	0,000E+0
31,012	0,000	0,000	0,000E+0	0,000E+0	0,000E+0	0,000E+0	0,000E+0	0,000E+0	0,000E+0	0,000E+0
32,011	0,000	0,000	0,000E+0	0,000E+0	0,000E+0	0,000E+0	0,000E+0	0,000E+0	0,000E+0	0,000E+0
33,011	0,000	0,000	0,000E+0	0,000E+0	0,000E+0	0,000E+0	0,000E+0	0,000E+0	0,000E+0	0,000E+0
34,011	0,000	0,000	0,000E+0	0,000E+0	0,000E+0	0,000E+0	0,000E+0	0,000E+0	0,000E+0	0,000E+0
35,011	0,000	0,000	0,000E+0	0,000E+0	0,000E+0	0,000E+0	0,000E+0	0,000E+0	0,000E+0	0,000E+0
36,013	0,000	0,000	0,000E+0	0,000E+0	0,000E+0	0,000E+0	0,000E+0	0,000E+0	0,000E+0	0,000E+0
37,012	0,000	0,000	0,000E+0	0,000E+0	0,000E+0	0,000E+0	0,000E+0	0,000E+0	0,000E+0	0,000E+0
38,013	0,000	0,000	0,000E+0	0,000E+0	0,000E+0	0,000E+0	0,000E+0	0,000E+0	0,000E+0	0,000E+0
39,012	0,000	0,000	0,000E+0	0,000E+0	0,000E+0	0,000E+0	0,000E+0	0,000E+0	0,000E+0	0,000E+0
40,012	0,000	0,000	0,000E+0	0,000E+0	0,000E+0	0,000E+0	0,000E+0	0,000E+0	0,000E+0	0,000E+0
41,012	0,000	0,000	0,000E+0	0,000E+0	0,000E+0	0,000E+0	0,000E+0	0,000E+0	0,000E+0	0,000E+0
42,012	0,000	0,000	0,000E+0	0,000E+0	0,000E+0	0,000E+0	0,000E+0	0,000E+0	0,000E+0	0,000E+0
43,013	0,000	0,000	0,000E+0	0,000E+0	0,000E+0	0,000E+0	0,000E+0	0,000E+0	0,000E+0	0,000E+0
44,012	0,000	0,000	0,000E+0	0,000E+0	0,000E+0	0,000E+0	0,000E+0	0,000E+0	0,000E+0	0,000E+0
45,012	0,000	0,000	0,000E+0	0,000E+0	0,000E+0	0,000E+0	0,000E+0	0,000E+0	0,000E+0	0,000E+0
46,012	0,000	0,000	0,000E+0	0,000E+0	0,000E+0	0,000E+0	0,000E+0	0,000E+0	0,000E+0	0,000E+0
47,012	0,000	0,000	0,000E+0	0,000E+0	0,000E+0	0,000E+0	0,000E+0	0,000E+0	0,000E+0	0,000E+0
48,012	0,000	0,000	0,000E+0	0,000E+0	0,000E+0	0,000E+0	0,000E+0	0,000E+0	0,000E+0	0,000E+0
49,012	0,000	0,000	0,000E+0	0,000E+0	0,000E+0	0,000E+0	0,000E+0	0,000E+0	0,000E+0	0,000E+0
50,013	0,000	0,000	0,000E+0	0,000E+0	0,000E+0	0,000E+0	0,000E+0	0,000E+0	0,000E+0	0,000E+0
51,012	0,000	0,000	0,000E+0	0,000E+0	0,000E+0	0,000E+0	0,000E+0	0,000E+0	0,000E+0	0,000E+0
52,013	0,000	0,000	0,000E+0	0,000E+0	0,000E+0	0,000E+0	0,000E+0	0,000E+0	0,000E+0	0,000E+0
53,013	0,000	0,000	0,000E+0	0,000E+0	0,000E+0	0,000E+0	0,000E+0	0,000E+0	0,000E+0	0,000E+0
54,013	0,000	0,000	0,000E+0	0,000E+0	0,000E+0	0,000E+0	0,000E+0	0,000E+0	0,000E+0	0,000E+0
55,014	0,000	0,000	0,000E+0	0,000E+0	0,000E+0	0,000E+0	0,000E+0	0,000E+0	0,000E+0	0,000E+0
56,014	0,000	0,000	0,000E+0	0,000E+0	0,000E+0	0,000E+0	0,000E+0	0,000E+0	0,000E+0	0,000E+0
57,015	0,000	0,000	0,000E+0	0,000E+0	0,000E+0	0,000E+0	0,000E+0	0,000E+0	0,000E+0	0,000E+0
58,015	0,000	0,000	0,000E+0	0,000E+0	0,000E+0	0,000E+0	0,000E+0	0,000E+0	0,000E+0	0,000E+0
59,015	0,000	0,000	0,000E+0	0,000E+0	0,000E+0	0,000E+0	0,000E+0	0,000E+0	0,000E+0	0,000E+0
60,015	0,000	0,000	0,000E+0	0,000E+0	0,000E+0	0,000E+0	0,000E+0	0,000E+0	0,000E+0	0,000E+0
61,016	0,000	0,000	0,000E+0	0,000E+0	0,000E+0	0,000E+0	0,000E+0	0,000E+0	0,000E+0	0,000E+0
62,017	0,000	0,000	0,000E+0	0,000E+0	0,000E+0	0,000E+0	0,000E+0	0,000E+0	0,000E+0	0,000E+0
63,016	0,000	0,000	0,000E+0	0,000E+0	0,000E+0	0,000E+0	0,000E+0	0,000E+0	0,000E+0	0,000E+0
64,017	0,000	0,000	0,000E+0	0,000E+0	0,000E+0	0,000E+0	0,000E+0	0,000E+0	0,000E+0	0,000E+0
65,016	0,000	0,000	0,000E+0	0,000E+0	0,000E+0	0,000E+0	0,000E+0	0,000E+0	0,000E+0	0,000E+0
66,017	0,000	0,000	0,000E+0	0,000E+0	0,000E+0	0,000E+0	0,000E+0	0,000E+0	0,000E+0	0,000E+0
67,018	0,000	0,000	0,000E+0	0,000E+0	0,000E+0	0,000E+0	0,000E+0	0,000E+0	0,000E+0	0,000E+0
68,018	0,000	0,000	0,000E+0	0,000E+0	0,000E+0	0,000E+0	0,000E+0	0,000E+0	0,000E+0	0,000E+0
69,019	0,000	0,000	0,000E+0	0,000E+0	0,000E+0	0,000E+0	0,000E+0	0,000E+0	0,000E+0	0,000E+0
70,018	0,000	0,000	0,000E+0	0,000E+0	0,000E+0	0,000E+0	0,000E+0	0,000E+0	0,000E+0	0,000E+0
71,020	0,000	0,000	0,000E+0	0,000E+0	0,000E+0	0,000E+0	0,000E+0	0,000E+0	0,000E+0	0,000E+0
72,019	0,000	0,000	0,000E+0	0,000E+0	0,000E+0	0,000E+0	0,000E+0	0,000E+0	0,000E+0	0,000E+0
73,020	0,000	0,000	0,000E+0	0,000E+0	0,000E+0	0,000E+0	0,000E+0	0,000E+0	0,000E+0	0,000E+0
74,020	0,000	0,000	0,000E+0	0,000E+0	0,000E+0	0,000E+0	0,000E+0	0,000E+0	0,000E+0	0,000E+0
75,020	0,000	0,000	0,000E+0	0,000E+0	0,000E+0	0,000E+0	0,000E+0	0,000E+0	0,000E+0	0,000E+0
76,022	0,000	0,000	0,000E+0	0,000E+0	0,000E+0	0,000E+0	0,000E+0	0,000E+0	0,000E+0	0,000E+0
77,021	0,000	0,000	0,000E+0	0,000E+0	0,000E+0	0,000E+0	0,000E+0	0,000E+0	0,000E+0	0,000E+0
78,022	0,000	0,000	0,000E+0	0,000E+0	0,000E+0	0,000E+0	0,000E+0	0,000E+0	0,000E+0	0,000E+0
79,022	0,000	0,000	0,000E+0	0,000E+0	0,000E+0	0,000E+0	0,000E+0	0,000E+0	0,000E+0	0,000E+0
80,022	0,000	0,000	0,000E+0	0,000E+0	0,000E+0	0,000E+0	0,000E+0	0,000E+0	0,000E+0	0,000E+0
81,023	0,000	0,000	0,000E+0	0,000E+0	0,000E+0	0,000E+0	0,000E+0	0,000E+0	0,000E+0	0,000E+0
82,023	0,000	0,000	0,000E+0	0,000E+0	0,000E+0	0,000E+0	0,000E+0	0,000E+0	0,000E+0	0,000E+0
83,024	0,000	0,000	0,000E+0	0,000E+0	0,000E+0	0,000E+0	0,000E+0	0,000E+0	0,000E+0	0,000E+0
84,023	0,000	0,000	0,000E+0	0,000E+0	0,000E+0	0,000E+0	0,000E+0	0,000E+0	0,000E+0	0,000E+0
85,023	0,000	0,000	0,000E+0	0,000E+0	0,000E+0	0,000E+0	0,000E+0	0,000E+0	0,000E+0	0,000E+0
86,024	0,000	0,000	0,000E+0	0,000E+0	0,000E+0	0,000E+0	0,000E+0	0,000E+0	0,000E+0	0,000E+0
87,024	0,000	0,000	0,000E+0	0,000E+0	0,000E+0	0,000E+0	0,000E+0	0,000E+0	0,000E+0	0,000E+0
88,025	0,000	0,000	0,000E+0	0,000E+0	0,000E+0	0,000E+0	0,000E+0	0,000E+0	0,000E+0	0,000E+0
89,024	0,000	0,000	0,000E+0	0,000E+0	0,000E+0	0,000E+0	0,000E+0	0,000E+0	0,000E+0	0,000E+0
90,025	0,000	0,000	0,000E+0	0,000E+0	0,000E+0	0,000E+0	0,000E+0	0,000E+0	0,000E+0	0,000E+0
91,024	0,000	0,000	0,000E+0	0,000E+0	0,000E+0	0,000E+0	0,000E+0	0,000E+0	0,000E+0	0,000E+0
92,025	0,000	0,000	0,000E+0	0,000E+0	0,000E+0	0,000E+0	0,000E+0	0,000E+0	0,000E+0	0,000E+0
93,025	0,000	0,000	0,000E+0	0,000E+0	0,000E+0	0,000E+0	0,000E+0	0,000E+0	0,000E+0	0,000E+0
94,026	0,000	0,000	0,000E+0	0,000E+0	0,000E+0	0,000E+0	0,000E+0	0,000E+0	0,000E+0	0,000E+0
95,028	0,000	0,200	2,000E-1	0,000E+0	0,000E+0	1,633E+1	0,000E+0	0,000E+0	1,500E-1	0,000E+0
96,027	22,600	23,200	4,580E+1	0,000E+0	2,674E+1	4,652E+1	0,000E+0	3,348E+0	3,339E+0	0,000E+0
97,028	25,300	59,300	8,460E+1	0,000E+0	8,376E+1	5,860E+1	0,000E+0	7,363E-1	5,379E+0	0,000E+0
98,027	29,500	35,200	6,470E+1	0,000E+0	1,275E+2	1,275E+2	0,000E+0	6,258E-1	6,187E-1	0,000E+0
99,027	30,100	36,900	6,700E+1	0,000E+0	1,819E+2	1,816E+2	0,000E+0	4,228E-1	4,169E-1	0,000E+0
100,027	30,100	36,900	6,700E+1	0,000E+0	1,819E+2	1,816E+2	0,000E+0	4,228E-1	4,169E-1	0,000E+0
101,028	13,800	12,800	2,660E+1	0,000E+0	1,663E+2	1,664E+2	0,000E+0	1,438E-1	1,425E-1	0,000E+0
102,030	19,500	18,300	3,780E+1	0,000E+0	1,721E+2	1,720E+2	0,000E+0	1,849E-1	1,821E-1	0,000E+0
103,029	15,800	14,600	3,040E+1	0,000E+0	1,725E+2	1,722E+2	0,000E+0	1,521E-1	1,493E-1	0,000E+0
104,029	15,600	14,300	2,990E+1	0,000E+0	1,720E+2	1,717E+2	0,000E+0	1,518E-1	1,485E-1	0,000E+0
105,030	16,100	15,000	3,110E+1	0,000E+0	1,722E+2	1,719E+2	0,000E+0	1,555E-1	1,529E-1	0,000E+0
106,030	16,100	15,000	3,110E+1	0,000E+0	1,722E+2	1,719E+2	0,000E+0	1,555E-1	1,529E-1	0,000E+0
107,030	15,500	14,600	3,010E+1	0,000E+0	1,720E+2	1,717E+2	0,000E+0	1,515E-1	1,498E-1	0,000E+0
108,031	15,800	14,800	3,060E+1	0,000E+0	1,721E+2	1,719E+2	0,000E+0	1,535E-1	1,516E-1	0,000E+0
109,032	15,700	14,700	3,040E+1	0,000E+0	1,720E+2	1,719E+2	0,000E+0	1,524E-1	1,504E-1	0,000E+0
110,031	15,700	14,700	3,040E+1	0,000E+0	1,720E+2	1,719E+2	0,000E+0	1,524E-1	1,501E-1	0,000E+0
111,031	15,500	14,500	3,000E+1	0,000E+0	1,716E+2	1,716E+2	0,000E+0	1,510E-1	1,486E-1	0,000E+0
112,031	15,700	14,800	3,050E+1	0,000E+0	1,719E+2	1,719E+2	0,000E+0	1,523E-1	1,510E-1	0,000E+0
113,031	15,700	14,700	3,040E+1	0,000E+0	1,719E+2	1,718E+2	0,000E+0	1,524E-1	1,503E-1	0,000E+0
114,031	15,800	14,800	3,060E+1	0,000E+0	1,720E+2	1,720E+2	0,000E+0	1,532E-1	1,510E-1	0,000E+0
115,031	15,700	14,700	3,040E+1	0,000E+0	1,720E+2	1,718E+2	0,000E+0	1,529E-1	1,504E-1	0,000E+0
116,031	15,700	14,700	3,040E+1	0,000E+0	1,719E+2	1,718E+2	0,000E+0	1,530E-1	1,511E-1	0,000E+0
117,032	15,700	14,700	3,040E+1	0,000E+0	1,719E+2	1,718E+2	0,000E+0	1,530E-1	1,511E-1	0,000E+0
118,033	15,700	14,500	3,020E+1	0,000E+0	1,719E+2	1,718E+2	0,000E+0	1,525E-1	1,499E-1	0,000E+0
119,032	15,600	14,600	3,020E+1	0,000E+0	1,718E+2	1,718E+2	0,000E+0	1,519E-1	1,500E-1	0,000E+0
120,033	15,600	14,600	3,020E+1	0,000E+0	1,718E+2	1,718E+2	0,000E+0	1,519E-1	1,500E-1	0,000E+0
121,032	15,600	14,600	3,020E+1	0,000E+0	1,719E+2	1,717E+2	0,000E+0	1,523E-1	1,493E-1	0,000E+0
122,032	15,600	14,600	3,020E+1	0,000E+0	1,720E+2	1,720E+2	0,000E+0	1,518E-1	1,496E-1	0,000E+0
123,032	15,500	14,500	3,000E+1	0,000E+0	1,719E+2	1,718E+2	0,000E+0	1,513E-1	1,493E-1	0,000E+0
124,032	15,600	14,400	3,000E+1	0,000E+0	1,719E+2	1,715E+2	0,000E+0	1,521E-1	1,488E-1	0,000E+0
125,033	15,700	14,600	3,030E+1	0,000E+0	1,719E+2	1,718E+2	0,000E+0	1,523E-1	1,501E-1	0,000E+0
126,032	15,500	14,400	2,990E+1	0,000E+0	1,719E+2	1,714E+2	0,000E+0	1,506E-1	1,479E-1	0,000E+0
127,033	15,700	14,800	3,050E+1	0,000E+0	1,719E+2	1,718E+2	0,000E+0	1,531E-1	1,514E-1	0,000E+0
128,033	15,700	14,800	3,050E+1	0,000E+0	1,719E+2	1,718E+2	0,000E+0	1,531E-1	1,514E-1	0,000E+0
129,033	15,700	14,700	3,040E+1	0,000E+0	1,719E+2	1,715E+2	0,000E+0	1,525E-1	1,504E-1	0,000E+0
130,033	16,100	15,100	3,120E+1	0,000E+0	1,720E+2	1,721E+2	0,000E+0	1,558E-1	1,540E-1	0,000E+0
131,034	15,700	14,800	3,050E+1	0,000E+0	1,720E+2	1,718E+2	0,000E+0	1,528E-1	1,510E-1	0,000E+0
132,035	16,200	15,100	3,130E+1	0,000E+0	1,723E+2	1,721E+2	0,000E+0	1,564E-1	1,538E-1	0,000E+0
133,034	15,900	14,900	3,080E+1	0,000E+0	1,719E+2	1,719E+2	0,000E+0	1,542E-1	1,525E-1	0,000E+0
134,036	15,900	14,900	3,080E+1	0,000E+0	1,721E+2	1,720E+2	0,000E+0	1,544E-1	1,521E-1	0,000E+0
135,035	15,900	14,900	3,080E+1	0,000E+0	1,722E+2	1,719E+2	0,000E+0	1,545E-1	1,523E-1	0,000E+0
136,035	15,900	14,900	3,080E+1	0,000E+0	1,722E+2	1,719E+2	0,000E+0	1,547E-1	1,522E-1	0,000E+0
137,036	15,900	14,900	3,080E+1	0,000E+0	1,722E+2	1,720E+2	0,000E+0	1,537E-1	1,519E-1	0,000E+0
138,036	15,900	14,900	3,080E+1	0,000E+0	1,722E+2	1,720E+2	0,000E+0	1,537E-1	1,519E-1	0,000E+0
139,036	16,100	15,100	3,120E+1	0,000E+0	1,720E+2	1,719E+2	0,000E+0	1,559E-1	1,541E-1	0,000E+0
140,036	16,500	15,500	3,200E+1	0,000E+0	1,723E+2	1,721E+2	0,000E+0	1,586E-1	1,568E-1	0,000E+0
141,037	16,800	15,700	3,250E+1	0,000E+0	1,725E+2	1,721E+2	0,000E+0	1,605E-1	1,582E-1	0,000E+0
142,037	17,100	15,900	3,300E+1	0,000E+0	1,724E+2	1,723E+2	0,000E+0	1,638E-1	1,605E-1	0,000E+0
143,039	17,400	16,400	3,380E+1	0,000E+0	1,724E+2	1,722E+2	0,000E+0	1,660E-1	1,647E-1	0,000E+0
144,038	17,700	16,600	3,430E+1	0,000E+0	1,725E+2	1,724E+2	0,000E+0	1,680E-1	1,662E-1	0,000E+0
145,039	18,100	16,900	3,500E+1	0,000E+0	1,726E+2	1,724E+2	0,000E+0	1,718E-1	1,698E-1	0,000E+0
146,039	18,500	17,100	3,560E+1	0,000E+0	1,728E+2	1,724E+2	0,000E+0	1,735E-1	1,709E-1	0,000E+0
147,040	19,100	17,600	3,670E+1	0,000E+0	1,726E+2	1,726E+2	0,000E+0	1,784E-1	1,755E-1	0,000E+0
148,041	19,600	18,100	3,770E+1	0,000E+0	1,729E+2	1,727E+2	0,000E+0	1,825E-1	1,792E-1	0,000E+0
149,040	20,200	18,900	3,910E+1	0,000E+0	1,731E+2	1,729E+2	0,000E+0	1,871E-1	1,851E-1	0,000E+0
150,041	20,200	18,900	3,910E+1	0,000E+0	1,731E+2	1,729E+2	0,000E+0	1,871E-1	1,851E-1	0,000E+0
151,040	21,500	20,200	4,170E+1	0,000E+0	1,733E+2	1,732E+2	0,000E+0	1,979E-1	1,959E-1	0,000E+0
152,041	22,300	20,900	4,320E+1	0,000E+0	1,738E+2	1,733E+2	0,000E+0	2,043E-1	2,010E-1	0,000E+0
153,040	23,100	21,900	4,500E+1	0,000E+0	1,738E+2	1,738E+2	0,000E+0	2,113E-1	2,081E-1	0,000E+0
154,040	24,100	22,900	4,700E+1	0,000E+0	1,742E+2	1,737E+2	0,000E+0	2,196E-1	2,164E-1	0,000E+0
155,040	24,900	24,000	4,890E+1	0,000E+0	1,745E+2	1,743E+2	0,000E+0	2,275E-1	2,242E-1	0,000E+0
156,040	24,900	24,000	4,890E+1	0,000E+0	1,745E+2	1,743E+2	0,000E+0	2,275E-1	2,242E-1	0,000E+0
157,041	26,800	26,200	5,300E+1	0,000E+0	1,747E+2	1,747E+2	0,000E+0	2,447E-1	2,419E-1	0,000E+0
158,041	27,900	27,800	5,570E+1	0,000E+0	1,750E+2	1,748E+2	0,000E+0	2,552E-1	2,542E-1	0,000E+0
159,042	28,900	28,900	5,780E+1	0,000E+0	1,753E+2	1,752E+2	0,000E+0	2,640E-1	2,621E-1	0,000E+0
160,041	30,000	29,800	5,980E+1	0,000E+0	1,755E+2	1,754E+2	0,000E+0	2,729E-1	2,697E-1	0,000E+0
161,041	30,700	30,900	6,160E+1	0,000E+0	1,758E+2	1,758E+2	0,000E+0	2,787E-1	2,768E-1	0,000E+0
162,041	32,100	32,400	6,450E+1	0,000E+0	1,761E+2	1,761E+2	0,000E+0	2,926E-1	2,894E-1	0,000E+0
163,042	33,000	33,400	6,640E+1	0,000E+0	1,763E+2	1,759E+2	0,000E+0	3,005E-1	2,972E-1	0,000E+0
164,044	33,700	34,100	6,780E+1	0,000E+0	1,764E+2	1,762E+2	0,000E+0	3,067E-1	3,031E-1	0,000E+0
165,044	34,000	34,700	6,870E+1	0,000E+0	1,763E+2	1,763E+2	0,000E+0	3,096E-1	3,071E-1	0,000E+0
166,044	34,600	35,200	6,980E+1	0,000E+0	1,768E+2	1,764E+2	0,000E+0	3,154E-1	3,112E-1	0,000E+0
167,045	35,600	36,500	7,210E+1	0,000E+0	1,769E+2	1,767E+2	0,000E+0	3,244E-1	3,207E-1	0,000E+0
168,046	35,900	36,800	7,270E+1	0,000E+0	1,768E+2	1,767E+2	0,000E+0	3,277E-1	3,233E-1	0,000E+0
169,046	36,200	37,300	7,350E+1	0,000E+0	1,772E+2	1,768E+2	0,000E+0	3,310E-1	3,271E-1	0,000E+0
170,046	36,700	38,000	7,470E+1	0,000E+0	1,770E+2	1,769E+2	0,000E+0	3,365E-1	3,329E-1	0,000E+0
171,047	36,700	38,000	7,470E+1	0,000E+0	1,770E+2	1,769E+2	0,000E+0	3,365E-1	3,329E-1	0,000E+0
172,047	37,100	38,300	7,540E+1	0,000E+0	1,774E+2	1,770E+2	0,000E+0	3,388E-1	3,352E-1	0,000E+0
173,047	37,300	38,600	7,590E+1	0,000E+0	1,773E+2	1,770E+2	0,000E+0	3,415E-1	3,376E-1	0,000E+0
174,047	37,400	38,900	7,630E+1	0,000E+0	1,772E+2	1,771E+2	0,000E+0	3,429E-1	3,405E-1	0,000E+0
175,047	37,600	39,200	7,680E+1	0,000E+0	1,774E+2	1,773E+2	0,000E+0	3,447E-1	3,409E-1	0,000E+0
176,048	37,900	39,100	7,700E+1	0,000E+0	1,773E+2	1,770E+2	0,000E+0	3,467E-1	3,420E-1	0,000E+0
177,047	37,800	39,500	7,730E+1	0,000E+0	1,771E+2	1,773E+2	0,000E+0	3,464E-1	3,439E-1	0,000E+0
178,048	38,000	39,600	7,760E+1	0,000E+0	1,774E+2	1,772E+2	0,000E+0	3,485E-1	3,447E-1	0,000E+0
179,047	38,200	39,800	7,800E+1	0,000E+0	1,774E+2	1,773E+2	0,000E+0	3,507E-1	3,464E-1	0,000E+0
180,048	38,200	40,000	7,820E+1	0,000E+0	1,771E+2	1,773E+2	0,000E+0	3,510E-1	3,481E-1	0,000E+0
181,048	38,400	39,900	7,830E+1	0,000E+0	1,774E+2	1,772E+2	0,000E+0	3,508E-1	3,474E-1	0,000E+0
182,048	38,300	40,400	7,870E+1	0,000E+0	1,774E+2	1,773E+2	0,000E+0	3,517E-1	3,497E-1	0,000E+0
183,049	38,300	40,400	7,870E+1	0,000E+0	1,774E+2	1,773E+2	0,000E+0	3,517E-1	3,497E-1	0,000E+0
184,049	38,400	40,300	7,870E+1	0,000E+0	1,775E+2	1,773E+2	0,000E+0	3,528E-1	3,502E-1	0,000E+0
185,050	38,500	40,000	7,850E+1	0,000E+0	1,775E+2	1,771E+2	0,000E+0	3,535E-1	3,484E-1	0,000E+0
186,050	38,500	40,500	7,900E+1	0,000E+0	1,776E+2	1,773E+2	0,000E+0	3,541E-1	3,515E-1	0,000E+0
187,050	38,700	40,300	7,900E+1	0,000E+0	1,775E+2	1,774E+2	0,000E+0	3,544E-1	3,502E-1	0,000E+0
188,051	38,500	40,400	7,890E+1	0,000E+0	1,777E+2	1,774E+2	0,000E+0	3,537E-1	3,514E-1	0,000E+0
189,051	38,500	40,400	7,890E+1	0,000E+0	1,777E+2	1,774E+2	0,000E+0	3,537E-1	3,514E-1	0,000E+0
190,052	38,500	40,300	7,880E+1	0,000E+0	1,774E+2	1,773E+2	0,000E+0	3,541E-1	3,507E-1	0,000E+0
191,051	38,800	40,500	7,930E+1	0,000E+0	1,777E+2	1,773E+2	0,000E+0	3,565E-1	3,518E-1	0,000E+0
192,051	38,700	40,800	7,950E+1	0,000E+0	1,776E+2	1,774E+2	0,000E+0	3,566E-1	3,537E-1	0,000E+0
193,051	38,900	40,500	7,940E+1	0,000E+0	1,776E+2	1,772E+2	0,000E+0	3,575E-1	3,531E-1	0,000E+0
194,051	38,800	40,900	7,970E+1	0,000E+0	1,776E+2	1,776E+2	0,000E+0	3,573E-1	3,544E-1	0,000E+0
195,053	38,800	40,900	7,970E+1	0,000E+0	1,776E+2	1,776E+2	0,000E+0	3,573E-1	3,544E-1	0,000E+0
196,052	38,800	40,700	7,950E+1	0,000E+0	1,774E+2	1,775E+2	0,000E+0	3,562E-1	3,537E-1	0,000E+0
197,053	39,000	40,600	7,960E+1	0,000E+0	1,778E+2	1,774E+2	0,000E+0	3,578E-1	3,529E-1	0,000E+0
198,052	38,900	40,600	7,950E+1	0,000E+0	1,775E+2	1,775E+2	0,000E+0	3,565E-1	3,528E-1	0,000E+0
199,053	38,700	40,400	7,910E+1	0,000E+0	1,776E+2	1,774E+2	0,000E+0	3,559E-1	3,517E-1	0,000E+0
200,053	38,900	40,800	7,970E+1	0,000E+0	1,777E+2	1,774E+2	0,000E+0	3,579E-1	3,537E-1	0,000E+0
201,053	38,900	40,800	7,970E+1	0,000E+0	1,777E+2	1,774E+2	0,000E+0	3,579E-1	3,537E-1	0,000E+0
202,054	38,700	40,500	7,920E+1	0,000E+0	1,776E+2	1,774E+2	0,000E+0	3,559E-1	3,516E-1	0,000E+0
203,054	39,000	40,500	7,950E+1	0,000E+0	1,776E+2	1,774E+2	0,000E+0	3,573E-1	3,521E-1	0,000E+0
204,055	39,000	40,600	7,960E+1	0,000E+0	1,776E+2	1,774E+2	0,000E+0	3,580E-1	3,530E-1	0,000E+0
205,055	38,800	40,800	7,960E+1	0,000E+0	1,776E+2	1,775E+2	0,000E+0	3,564E-1	3,533E-1	0,000E+0
206,055	38,900	40,800	7,970E+1	0,000E+0	1,776E+2	1,776E+2	0,000E+0	3,575E-1	3,539E-1	0,000E+0
207,055	38,700	40,700	7,940E+1	0,000E+0	1,778E+2	1,775E+2	0,000E+0	3,568E-1	3,527E-1	0,000E+0
208,056	38,800	40,800	7,960E+1	0,000E+0	1,779E+2	1,777E+2	0,000E+0	3,572E-1	3,544E-1	0,000E+0
209,058	38,800	40,900	7,970E+1	0,000E+0	1,777E+2	1,780E+2	0,000E+0	3,579E-1	3,551E-1	0,000E+0
210,057	38,900	41,000	7,990E+1	0,000E+0	1,778E+2	1,778E+2	0,000E+0	3,571E-1	3,554E-1	0,000E+0
211,057	38,800	40,800	7,960E+1	0,000E+0	1,777E+2	1,776E+2	0,000E+0	3,572E-1	3,538E-1	0,000E+0
212,057	38,800	40,800	7,960E+1	0,000E+0	1,777E+2	1,776E+2	0,000E+0	3,572E-1	3,538E-1	0,000E+0
213,057	38,900	40,700	7,960E+1	0,000E+0	1,776E+2	1,774E+2	0,000E+0	3,576E-1	3,536E-1	0,000E+0
214,058	39,100	40,800	7,990E+1	0,000E+0	1,775E+2	1,774E+2	0,000E+0	3,587E-1	3,542E-1	0,000E+0
215,057	39,000	41,000	8,000E+1	0,000E+0	1,775E+2	1,776E+2	0,000E+0	3,582E-1	3,552E-1	0,000E+0
216,058	39,100	41,000	8,010E+1	0,000E+0	1,776E+2	1,774E+2	0,000E+0	3,597E-1	3,568E-1	0,000E+0
217,057	39,100	41,000	8,010E+1	0,000E+0	1,776E+2	1,774E+2	0,000E+0	3,594E-1	3,558E-1	0,000E+0
218,057	39,100	41,000	8,010E+1	0,000E+0	1,776E+2	1,774E+2	0,000E+0	3,594E-1	3,558E-1	0,000E+0
219,058	39,000	41,100	8,010E+1	0,000E+0	1,775E+2	1,776E+2	0,000E+0	3,590E-1	3,560E-1	0,000E+0
220,058	39,000	40,800	7,980E+1	0,000E+0	1,777E+2	1,774E+2	0,000E+0	3,583E-1	3,544E-1	0,000E+0
221,059	38,900	40,700	7,960E+1	0,000E+0	1,776E+2	1,775E+2	0,000E+0	3,574E-1	3,539E-1	0,000E+0
222,058	38,900	40,700	7,960E+1	0,000E+0	1,776E+2	1,775E+2	0,000E+0	3,574E-1	3,539E-1	0,000E+0
223,060	38,900	40,700	7,960E+1	0,000E+0	1,776E+2	1,775E+2	0,000E+0	3,574E-1	3,539E-1	0,000E+0
224,059	38,900	40,700	7,960E+1	0,000E+0	1,776E+2	1,775E+2	0,000E+0	3,574E-1	3,539E-1	0,000E+0
225,059	38,900	40,700	7,960E+1	0,000E+0	1,776E+2	1,775E+2	0,000E+0	3,574E-1	3,539E-1	0,000E+0
226,060	38,800	40,800	7,960E+1	0,000E+0	1,774E+2	1,775E+2	0,000E+0	3,566E-1	3,545E-1	0,000E+0
227,060	38,800	40,800	7,960E+1	0,000E+0	1,774E+2	1,775E+2	0,000E+0	3,566E-1	3,545E-1	0,000E+0
228,061	38,800	40,800	7,960E+1	0,000E+0	1,774E+2	1,775E+2	0,000E+0	3,566E-1	3,545E-1	0,000E+0
229,060	38,800	40,800	7,960E+1	0,000E+0	1,774E+2	1,775E+2	0,000E+0	3,566E-1	3,545E-1	0,000E+0
230,061	39,000	41,000	8,000E+1	0,000E+0	1,777E+2	1,776E+2	0,000E+0	3,583E-1	3,549E-1	0,000E+0
231,060	38,700	40,800	7,950E+1	0,000E+0	1,775E+2	1,776E+2	0,000E+0	3,565E-1	3,550E-1	0,000E+0
232,060	38,700	40,800	7,950E+1	0,000E+0	1,775E+2	1,776E+2	0,000E+0	3,565E-1	3,550E-1	0,000E+0
233,060	38,800	40,600	7,940E+1	0,000E+0	1,774E+2	1,773E+2	0,000E+0	3,561E-1	3,533E-1	0,000E+0
234,060	38,800	40,600	7,940E+1	0,000E+0	1,774E+2	1,773E+2	0,000E+0	3,561E-1	3,533E-1	0,000E+0
235,060	38,900	40,900	7,980E+1	0,000E+0	1,775E+2	1,774E+2	0,000E+0	3,578E-1	3,544E-1	0,000E+0
236,060	38,700	40,600	7,930E+1	0,000E+0	1,776E+2	1,773E+2	0,000E+0	3,566E-1	3,529E-1	0,000E+0
237,061	39,000	40,600	7,960E+1	0,000E+0	1,775E+2	1,774E+2	0,000E+0	3,579E-1	3,530E-1	0,000E+0
238,060	38,900	41,000	7,990E+1	0,000E+0	1,774E+2	1,776E+2	0,000E+0	3,585E-1	3,551E-1	0,000E+0
239,060	39,000	40,900	7,990E+1	0,000E+0	1,776E+2	1,773E+2	0,000E+0	3,584E-1	3,549E-1	0,000E+0
240,061	39,000	40,900	7,990E+1	0,000E+0	1,776E+2	1,773E+2	0,000E+0	3,584E-1	3,549E-1	0,000E+0
241,061	38,900	41,100	8,000E+1	0,000E+0	1,773E+2	1,775E+2	0,000E+0	3,584E-1	3,564E-1	0,000E+0
242,062	39,200	41,100	8,030E+1	0,000E+0	1,776E+2	1,775E+2	0,000E+0	3,597E-1	3,562E-1	0,000E+0
243,061	39,000	40,900	7,990E+1	0,000E+0	1,774E+2	1,773E+2	0,000E+0	3,583E-1	3,549E-1	0,000E+0
244,062	38,900	41,100	8,000E+1	0,000E+0	1,775E+2	1,775E+2	0,000E+0	3,580E-1	3,559E-1	0,000E+0
245,062	38,900	41,100	8,000E+1	0,000E+0	1,775E+2	1,775E+2	0,000E+0	3,580E-1	3,559E-1	0,000E+0
246,062	38,900	41,100	8,000E+1	0,000E+0	1,775E+2	1,775E+2	0,000E+0	3,580E-1	3,559E-1	0,000E+0
247,062	38,900	41,100	8,000E+1	0,000E+0	1,775E+2	1,775E+2	0,000E+0	3,580E-1	3,559E-1	0,000E+0
248,063	38,900	40,600	7,950E+1	0,000E+0	1,776E+2	1,775E+2	0,000E+0	3,578E-1	3,534E-1	0,000E+0
249,063	38,900	40,600	7,950E+1	0,000E+0	1,776E+2	1,775E+2	0,000E+0	3,578E-1	3,534E-1	0,000E+0
250,065	38,900	40,700	7,960E+1	0,000E+0	1,776E+2	1,773E+2	0,000E+0	3,574E-1	3,534E-1	0,000E+0
251,064	38,900	40,700	7,960E+1	0,000E+0	1,776E+2	1,773E+2	0,000E+0	3,574E-1	3,534E-1	0,000E+0
252,064	38,900	40,700	7,960E+1	0,000E+0	1,776E+2	1,773E+2	0,000E+0	3,574E-1	3,534E-1	0,000E+0
253,064	38,900	41,000	7,990E+1	0,000E+0	1,775E+2	1,775E+2	0,000E+0	3,583E-1	3,551E-1	0,000E+0
254,065	38,900	41,000	7,990E+1	0,000E+0	1,775E+2	1,775E+2	0,000E+0	3,583E-1	3,551E-1	0,000E+0
255,066	38,900	41,000	7,990E+1	0,000E+0	1,775E+2	1,775E+2	0,000E+0	3,583E-1	3,551E-1	0,000E+0
256,065	38,900	41,000	7,990E+1	0,000E+0	1,775E+2	1,775E+2	0,000E+0	3,583E-1	3,551E-1	0,000E+0
257,067	38,900	40,600	7,950E+1	0,000E+0	1,774E+2	1,774E+2	0,000E+0	3,565E-1	3,524E-1	0,000E+0
258,067	38,900	40,700	7,960E+1	0,000E+0	1,774E+2	1,774E+2	0,000E+0	3,570E-1	3,535E-1	0,000E+0
259,067	38,700	40,900	7,960E+1	0,000E+0	1,774E+2	1,775E+2	0,000E+0	3,567E-1	3,547E-1	0,000E+0
260,067	38,700	40,900	7,960E+1	0,000E+0	1,774E+2	1,775E+2	0,000E+0	3,567E-1	3,547E-1	0,000E+0
261,068	38,900	40,800	7,970E+1	0,000E+0	1,776E+2	1,774E+2	0,000E+0	3,576E-1	3,544E-1	0,000E+0
262,070	38,900	40,800	7,970E+1	0,000E+0	1,778E+2	1,773E+2	0,000E+0	3,569E-1	3,540E-1	0,000E+0
263,070	38,900	40,600	7,950E+1	0,000E+0	1,777E+2	1,774E+2	0,000E+0	3,574E-1	3,531E-1	0,000E+0
264,072	38,900	41,000	7,990E+1	0,000E+0	1,776E+2	1,773E+2	0,000E+0	3,583E-1	3,557E-1	0,000E+0
265,072	39,200	41,400	8,060E+1	0,000E+0	1,776E+2	1,777E+2	0,000E+0	3,611E-1	3,587E-1	0,000E+0
266,072	39,000	40,700	7,970E+1	0,000E+0	1,776E+2	1,773E+2	0,000E+0	3,583E-1	3,539E-1	0,000E+0
267,072	39,100	41,000	8,010E+1	0,000E+0	1,775E+2	1,774E+2	0,000E+0	3,599E-1	3,563E-1	0,000E+0
268,073	39,100	40,800	7,990E+1	0,000E+0	1,778E+2	1,773E+2	0,000E+0	3,590E-1	3,544E-1	0,000E+0
269,074	39,000	40,900	7,990E+1	0,000E+0	1,776E+2	1,776E+2	0,000E+0	3,590E-1	3,550E-1	0,000E+0
270,073	39,000	40,900	7,990E+1	0,000E+0	1,778E+2	1,773E+2	0,000E+0	3,583E-1	3,546E-1	0,000E+0
271,073	39,100	40,800	7,990E+1	0,000E+0	1,775E+2	1,776E+2	0,000E+0	3,591E-1	3,548E-1	0,000E+0
272,073	39,100	40,800	7,990E+1	0,000E+0	1,775E+2	1,776E+2	0,000E+0	3,591E-1	3,548E-1	0,000E+0
273,074	38,800	41,000	7,980E+1	0,000E+0	1,774E+2	1,775E+2	0,000E+0	3,573E-1	3,550E-1	0,000E+0
274,074	38,900	40,900	7,980E+1	0,000E+0	1,777E+2	1,775E+2	0,000E+0	3,579E-1	3,547E-1	0,000E+0
275,075	38,900	40,900	7,980E+1	0,000E+0	1,776E+2	1,776E+2	0,000E+0	3,582E-1	3,547E-1	0,000E+0
276,074	39,000	40,900	7,990E+1	0,000E+0	1,777E+2	1,774E+2	0,000E+0	3,587E-1	3,548E-1	0,000E+0
277,076	39,000	40,700	7,970E+1	0,000E+0	1,777E+2	1,775E+2	0,000E+0	3,579E-1	3,534E-1	0,000E+0
278,075	39,000	41,000	8,000E+1	0,000E+0	1,774E+2	1,773E+2	0,000E+0	3,595E-1	3,554E-1	0,000E+0
279,075	39,100	41,000	8,010E+1	0,000E+0	1,777E+2	1,775E+2	0,000E+0	3,590E-1	3,554E-1	0,000E+0
280,075	38,900	40,800	7,970E+1	0,000E+0	1,773E+2	1,773E+2	0,000E+0	3,580E-1	3,545E-1	0,000E+0
281,076	38,900	40,800	7,970E+1	0,000E+0	1,775E+2	1,773E+2	0,000E+0	3,577E-1	3,546E-1	0,000E+0
282,077	38,900	40,800	7,970E+1	0,000E+0	1,775E+2	1,773E+2	0,000E+0	3,577E-1	3,546E-1	0,000E+0
283,076	38,900	40,800	7,970E+1	0,000E+0	1,775E+2	1,773E+2	0,000E+0	3,577E-1	3,546E-1	0,000E+0
284,077	38,900	40,800	7,970E+1	0,000E+0	1,775E+2	1,773E+2	0,000E+0	3,577E-1	3,546E-1	0,000E+0
285,077	38,900	40,900	7,980E+1	0,000E+0	1,774E+2	1,775E+2	0,000E+0	3,577E-1	3,544E-1	0,000E+0
286,078	38,900	40,900	7,980E+1	0,000E+0	1,774E+2	1,775E+2	0,000E+0	3,577E-1	3,544E-1	0,000E+0
287,077	39,400	40,800	8,020E+1	0,000E+0	1,777E+2	1,772E+2	0,000E+0	3,611E-1	3,542E-1	0,000E+0
288,077	39,200	41,300	8,050E+1	0,000E+0	1,775E+2	1,775E+2	0,000E+0	3,609E-1	3,576E-1	0,000E+0
289,077	39,200	41,300	8,050E+1	0,000E+0	1,775E+2	1,775E+2	0,000E+0	3,609E-1	3,576E-1	0,000E+0
290,078	39,000	41,100	8,010E+1	0,000E+0	1,776E+2	1,776E+2	0,000E+0	3,591E-1	3,557E-1	0,000E+0
291,079	39,000	41,100	8,010E+1	0,000E+0	1,776E+2	1,776E+2	0,000E+0	3,591E-1	3,557E-1	0,000E+0
292,080	38,900	40,900	7,980E+1	0,000E+0	1,777E+2	1,772E+2	0,000E+0	3,581E-1	3,561E-1	0,000E+0
293,080	38,900	40,900	7,980E+1	0,000E+0	1,777E+2	1,772E+2	0,000E+0	3,581E-1	3,561E-1	0,000E+0
294,080	39,100	40,800	7,990E+1	0,000E+0	1,776E+2	1,775E+2	0,000E+0	3,586E-1	3,539E-1	0,000E+0
295,081	39,100	40,800	7,990E+1	0,000E+0	1,776E+2	1,775E+2	0,000E+0	3,586E-1	3,539E-1	0,000E+0
296,080	39,100	41,100	8,020E+1	0,000E+0	1,776E+2	1,777E+2	0,000E+0	3,591E-1	3,562E-1	0,000E+0
297,081	39,000	40,700	7,970E+1	0,000E+0	1,777E+2	1,776E+2	0,000E+0	3,589E-1	3,535E-1	0,000E+0
298,080	39,000	40,900	7,990E+1	0,000E+0	1,776E+2	1,773E+2	0,000E+0	3,580E-1	3,548E-1	0,000E+0
299,080	39,000	40,900	7,990E+1	0,000E+0	1,776E+2	1,773E+2	0,000E+0	3,580E-1	3,548E-1	0,000E+0
300,080	39,000	40,900	7,990E+1	0,000E+0	1,773E+2	1,772E+2	0,000E+0	3,577E-1	3,550E-1	0,000E+0
301,081	39,200	41,000	8,020E+1	0,000E+0	1,776E+2	1,772E+2	0,000E+0	3,603E-1	3,564E-1	0,000E+0
302,082	39,000	41,000	8,000E+1	0,000E+0	1,775E+2	1,775E+2	0,000E+0	3,585E-1	3,557E-1	0,000E+0
303,081	39,100	40,800	7,990E+1	0,000E+0	1,776E+2	1,773E+2	0,000E+0	3,588E-1	3,545E-1	0,000E+0
304,082	38,900	40,700	7,960E+1	0,000E+0	1,775E+2	1,774E+2	0,000E+0	3,574E-1	3,529E-1	0,000E+0
305,081	39,000	40,900	7,990E+1	0,000E+0	1,776E+2	1,772E+2	0,000E+0	3,592E-1	3,555E-1	0,000E+0
306,082	39,000	40,900	7,990E+1	0,000E+0	1,776E+2	1,772E+2	0,000E+0	3,592E-1	3,555E-1	0,000E+0
307,082	39,000	40,900	7,990E+1	0,000E+0	1,776E+2	1,772E+2	0,000E+0	3,592E-1	3,555E-1	0,000E+0
308,082	39,200	41,100	8,030E+1	0,000E+0	1,777E+2	1,774E+2	0,000E+0	3,602E-1	3,567E-1	0,000E+0
309,082	39,200	41,100	8,030E+1	0,000E+0	1,777E+2	1,774E+2	0,000E+0	3,602E-1	3,567E-1	0,000E+0
310,083	39,400	41,300	8,070E+1	0,000E+0	1,776E+2	1,774E+2	0,000E+0	3,616E-1	3,580E-1	0,000E+0
311,083	39,400	41,300	8,070E+1	0,000E+0	1,776E+2	1,774E+2	0,000E+0	3,616E-1	3,580E-1	0,000E+0
312,084	39,400	41,300	8,070E+1	0,000E+0	1,776E+2	1,774E+2	0,000E+0	3,616E-1	3,580E-1	0,000E+0
313,083	39,400	41,300	8,070E+1	0,000E+0	1,776E+2	1,774E+2	0,000E+0	3,616E-1	3,580E-1	0,000E+0
314,084	39,400	41,300	8,070E+1	0,000E+0	1,776E+2	1,774E+2	0,000E+0	3,616E-1	3,580E-1	0,000E+0
315,083	39,400	41,300	8,070E+1	0,000E+0	1,776E+2	1,774E+2	0,000E+0	3,616E-1	3,580E-1	0,000E+0
316,083	39,400	41,300	8,070E+1	0,000E+0	1,776E+2	1,774E+2	0,000E+0	3,616E-1	3,580E-1	0,000E+0
317,083	39,000	40,900	7,990E+1	0,000E+0	1,775E+2	1,774E+2	0,000E+0	3,586E-1	3,550E-1	0,000E+0
318,083	39,100	40,900	8,000E+1	0,000E+0	1,775E+2	1,774E+2	0,000E+0	3,593E-1	3,549E-1	0,000E+0
319,085	39,000	40,800	7,980E+1	0,000E+0	1,775E+2	1,773E+2	0,000E+0	3,591E-1	3,551E-1	0,000E+0
320,084	39,000	40,800	7,980E+1	0,000E+0	1,775E+2	1,773E+2	0,000E+0	3,591E-1	3,551E-1	0,000E+0
321,085	39,200	40,700	7,990E+1	0,000E+0	1,775E+2	1,773E+2	0,000E+0	3,597E-1	3,542E-1	0,000E+0
322,084	39,000	40,900	7,990E+1	0,000E+0	1,775E+2	1,775E+2	0,000E+0	3,583E-1	3,544E-1	0,000E+0
323,085	39,200	41,000	8,020E+1	0,000E+0	1,775E+2	1,771E+2	0,000E+0	3,602E-1	3,562E-1	0,000E+0
324,084	39,000	40,800	7,980E+1	0,000E+0	1,775E+2	1,773E+2	0,000E+0	3,583E-1	3,552E-1	0,000E+0
325,084	39,100	40,800	7,990E+1	0,000E+0	1,775E+2	1,772E+2	0,000E+0	3,593E-1	3,546E-1	0,000E+0
326,085	38,900	40,900	7,980E+1	0,000E+0	1,774E+2	1,773E+2	0,000E+0	3,582E-1	3,551E-1	0,000E+0
327,084	39,100	41,000	8,010E+1	0,000E+0	1,773E+2	1,774E+2	0,000E+0	3,598E-1	3,559E-1	0,000E+0
328,086	39,300	41,000	8,030E+1	0,000E+0	1,775E+2	1,771E+2	0,000E+0	3,610E-1	3,558E-1	0,000E+0
329,085	39,300	41,000	8,030E+1	0,000E+0	1,775E+2	1,771E+2	0,000E+0	3,610E-1	3,558E-1	0,000E+0
330,085	39,300	41,000	8,030E+1	0,000E+0	1,775E+2	1,771E+2	0,000E+0	3,610E-1	3,558E-1	0,000E+0
331,085	39,300	41,000	8,030E+1	0,000E+0	1,775E+2	1,771E+2	0,000E+0	3,610E-1	3,558E-1	0,000E+0
332,085	39,300	41,000	8,030E+1	0,000E+0	1,775E+2	1,771E+2	0,000E+0	3,610E-1	3,558E-1	0,000E+0
333,086	39,300	41,100	8,040E+1	0,000E+0	1,775E+2	1,773E+2	0,000E+0	3,611E-1	3,569E-1	0,000E+0
334,085	39,300	41,100	8,040E+1	0,000E+0	1,775E+2	1,773E+2	0,000E+0	3,611E-1	3,569E-1	0,000E+0
335,087	39,300	41,100	8,040E+1	0,000E+0	1,775E+2	1,773E+2	0,000E+0	3,611E-1	3,569E-1	0,000E+0
336,086	39,300	41,100	8,040E+1	0,000E+0	1,775E+2	1,773E+2	0,000E+0	3,611E-1	3,569E-1	0,000E+0
337,087	38,900	41,100	8,000E+1	0,000E+0	1,773E+2	1,771E+2	0,000E+0	3,580E-1	3,567E-1	0,000E+0
338,087	38,900	40,900	7,980E+1	0,000E+0	1,772E+2	1,773E+2	0,000E+0	3,581E-1	3,544E-1	0,000E+0
339,088	38,900	40,900	7,980E+1	0,000E+0	1,772E+2	1,773E+2	0,000E+0	3,581E-1	3,544E-1	0,000E+0
340,089	38,900	40,900	7,980E+1	0,000E+0	1,774E+2	1,772E+2	0,000E+0	3,578E-1	3,543E-1	0,000E+0
341,088	38,900	40,900	7,980E+1	0,000E+0	1,774E+2	1,772E+2	0,000E+0	3,578E-1	3,543E-1	0,000E+0
342,088	39,000	40,900	7,990E+1	0,000E+0	1,774E+2	1,773E+2	0,000E+0	3,584E-1	3,548E-1	0,000E+0
343,088	39,100	40,900	8,000E+1	0,000E+0	1,774E+2	1,771E+2	0,000E+0	3,599E-1	3,557E-1	0,000E+0
344,089	39,100	40,900	8,000E+1	0,000E+0	1,773E+2	1,772E+2	0,000E+0	3,599E-1	3,554E-1	0,000E+0
345,089	39,200	41,000	8,020E+1	0,000E+0	1,775E+2	1,773E+2	0,000E+0	3,603E-1	3,568E-1	0,000E+0
346,089	39,000	40,700	7,970E+1	0,000E+0	1,775E+2	1,772E+2	0,000E+0	3,580E-1	3,533E-1	0,000E+0
347,090	39,000	40,700	7,970E+1	0,000E+0	1,775E+2	1,772E+2	0,000E+0	3,580E-1	3,533E-1	0,000E+0
348,089	39,000	40,700	7,970E+1	0,000E+0	1,775E+2	1,772E+2	0,000E+0	3,580E-1	3,533E-1	0,000E+0
349,089	39,000	40,700	7,970E+1	0,000E+0	1,775E+2	1,772E+2	0,000E+0	3,580E-1	3,533E-1	0,000E+0
350,089	39,000	40,700	7,970E+1	0,000E+0	1,775E+2	1,772E+2	0,000E+0	3,580E-1	3,533E-1	0,000E+0
351,090	39,200	41,200	8,040E+1	0,000E+0	1,774E+2	1,772E+2	0,000E+0	3,606E-1	3,571E-1	0,000E+0
352,091	39,200	41,200	8,040E+1	0,000E+0	1,774E+2	1,772E+2	0,000E+0	3,606E-1	3,571E-1	0,000E+0
353,090	39,200	41,200	8,040E+1	0,000E+0	1,774E+2	1,772E+2	0,000E+0	3,606E-1	3,571E-1	0,000E+0
354,092	39,200	41,200	8,040E+1	0,000E+0	1,774E+2	1,772E+2	0,000E+0	3,606E-1	3,571E-1	0,000E+0
355,091	39,200	41,100	8,030E+1	0,000E+0	1,774E+2	1,774E+2	0,000E+0	3,613E-1	3,569E-1	0,000E+0
356,091	39,200	41,100	8,030E+1	0,000E+0	1,774E+2	1,774E+2	0,000E+0	3,613E-1	3,569E-1	0,000E+0
357,091	39,200	41,100	8,030E+1	0,000E+0	1,774E+2	1,774E+2	0,000E+0	3,613E-1	3,569E-1	0,000E+0
358,092	39,000	41,000	8,000E+1	0,000E+0	1,772E+2	1,771E+2	0,000E+0	3,588E-1	3,564E-1	0,000E+0
359,093	39,000	41,000	8,000E+1	0,000E+0	1,772E+2	1,771E+2	0,000E+0	3,588E-1	3,564E-1	0,000E+0
360,092	39,000	41,000	8,000E+1	0,000E+0	1,776E+2	1,774E+2	0,000E+0	3,588E-1	3,558E-1	0,000E+0
361,093	39,000	40,700	7,970E+1	0,000E+0	1,774E+2	1,773E+2	0,000E+0	3,586E-1	3,542E-1	0,000E+0
362,092	39,000	41,000	8,000E+1	0,000E+0	1,779E+2	1,777E+2	0,000E+0	3,581E-1	3,556E-1	0,000E+0
363,092	39,100	40,700	7,980E+1	0,000E+0	1,775E+2	1,773E+2	0,000E+0	3,593E-1	3,548E-1	0,000E+0
364,092	39,000	41,100	8,010E+1	0,000E+0	1,772E+2	1,772E+2	0,000E+0	3,594E-1	3,567E-1	0,000E+0
365,093	38,900	40,900	7,980E+1	0,000E+0	1,775E+2	1,774E+2	0,000E+0	3,578E-1	3,549E-1	0,000E+0
366,094	39,000	41,000	8,000E+1	0,000E+0	1,773E+2	1,772E+2	0,000E+0	3,600E-1	3,566E-1	0,000E+0
367,094	39,000	41,000	8,000E+1	0,000E+0	1,773E+2	1,772E+2	0,000E+0	3,600E-1	3,566E-1	0,000E+0
368,095	39,100	40,900	8,000E+1	0,000E+0	1,774E+2	1,771E+2	0,000E+0	3,596E-1	3,555E-1	0,000E+0
369,094	38,900	40,700	7,960E+1	0,000E+0	1,775E+2	1,772E+2	0,000E+0	3,579E-1	3,533E-1	0,000E+0
370,094	39,000	40,900	7,990E+1	0,000E+0	1,773E+2	1,773E+2	0,000E+0	3,590E-1	3,557E-1	0,000E+0
371,094	39,200	40,900	8,010E+1	0,000E+0	1,775E+2	1,772E+2	0,000E+0	3,599E-1	3,553E-1	0,000E+0
372,094	39,000	40,900	7,990E+1	0,000E+0	1,772E+2	1,771E+2	0,000E+0	3,593E-1	3,556E-1	0,000E+0
373,095	39,100	41,200	8,030E+1	0,000E+0	1,773E+2	1,772E+2	0,000E+0	3,604E-1	3,581E-1	0,000E+0
374,094	39,300	41,300	8,060E+1	0,000E+0	1,773E+2	1,772E+2	0,000E+0	3,624E-1	3,585E-1	0,000E+0
375,095	39,300	41,100	8,040E+1	0,000E+0	1,774E+2	1,771E+2	0,000E+0	3,617E-1	3,569E-1	0,000E+0
376,094	39,100	41,000	8,010E+1	0,000E+0	1,774E+2	1,772E+2	0,000E+0	3,595E-1	3,559E-1	0,000E+0
377,094	39,100	41,000	8,010E+1	0,000E+0	1,774E+2	1,772E+2	0,000E+0	3,595E-1	3,559E-1	0,000E+0
378,094	39,100	41,000	8,010E+1	0,000E+0	1,774E+2	1,772E+2	0,000E+0	3,595E-1	3,559E-1	0,000E+0
379,094	39,100	41,000	8,010E+1	0,000E+0	1,774E+2	1,772E+2	0,000E+0	3,595E-1	3,559E-1	0,000E+0
380,095	39,100	41,000	8,010E+1	0,000E+0	1,774E+2	1,772E+2	0,000E+0	3,595E-1	3,559E-1	0,000E+0
381,094	39,300	41,000	8,030E+1	0,000E+0	1,774E+2	1,770E+2	0,000E+0	3,617E-1	3,562E-1	0,000E+0
382,095	39,300	41,000	8,030E+1	0,000E+0	1,774E+2	1,770E+2	0,000E+0	3,617E-1	3,562E-1	0,000E+0
383,095	39,300	41,000	8,030E+1	0,000E+0	1,774E+2	1,770E+2	0,000E+0	3,617E-1	3,562E-1	0,000E+0
384,095	38,900	41,000	7,990E+1	0,000E+0	1,771E+2	1,772E+2	0,000E+0	3,584E-1	3,562E-1	0,000E+0
385,095	38,900	41,000	7,990E+1	0,000E+0	1,771E+2	1,772E+2	0,000E+0	3,584E-1	3,562E-1	0,000E+0
386,095	39,000	40,900	7,990E+1	0,000E+0	1,772E+2	1,770E+2	0,000E+0	3,581E-1	3,552E-1	0,000E+0
387,096	39,000	40,900	7,990E+1	0,000E+0	1,772E+2	1,770E+2	0,000E+0	3,581E-1	3,552E-1	0,000E+0
388,095	39,000	40,800	7,980E+1	0,000E+0	1,773E+2	1,770E+2	0,000E+0	3,587E-1	3,543E-1	0,000E+0
389,096	39,000	40,900	7,990E+1	0,000E+0	1,771E+2	1,770E+2	0,000E+0	3,582E-1	3,551E-1	0,000E+0
390,095	39,000	40,900	7,990E+1	0,000E+0	1,772E+2	1,772E+2	0,000E+0	3,595E-1	3,553E-1	0,000E+0
391,095	38,900	40,800	7,970E+1	0,000E+0	1,771E+2	1,770E+2	0,000E+0	3,580E-1	3,545E-1	0,000E+0
392,096	39,200	41,200	8,040E+1	0,000E+0	1,773E+2	1,772E+2	0,000E+0	3,614E-1	3,576E-1	0,000E+0
393,096	39,100	40,800	7,990E+1	0,000E+0	1,774E+2	1,770E+2	0,000E+0	3,598E-1	3,549E-1	0,000E+0
394,097	39,100	40,800	7,990E+1	0,000E+0	1,774E+2	1,770E+2	0,000E+0	3,598E-1	3,549E-1	0,000E+0
395,096	39,100	40,800	7,990E+1	0,000E+0	1,774E+2	1,771E+2	0,000E+0	3,593E-1	3,550E-1	0,000E+0
396,096	39,000	40,700	7,970E+1	0,000E+0	1,771E+2	1,769E+2	0,000E+0	3,585E-1	3,544E-1	0,000E+0
397,096	39,200	41,100	8,030E+1	0,000E+0	1,770E+2	1,770E+2	0,000E+0	3,605E-1	3,569E-1	0,000E+0
398,096	39,100	41,000	8,010E+1	0,000E+0	1,773E+2	1,771E+2	0,000E+0	3,598E-1	3,559E-1	0,000E+0
399,097	39,100	41,000	8,010E+1	0,000E+0	1,773E+2	1,771E+2	0,000E+0	3,598E-1	3,559E-1	0,000E+0
400,097	39,000	40,900	7,990E+1	0,000E+0	1,772E+2	1,770E+2	0,000E+0	3,596E-1	3,558E-1	0,000E+0
401,097	39,000	40,900	7,990E+1	0,000E+0	1,772E+2	1,770E+2	0,000E+0	3,596E-1	3,558E-1	0,000E+0
402,098	39,000	40,900	7,990E+1	0,000E+0	1,772E+2	1,770E+2	0,000E+0	3,596E-1	3,558E-1	0,000E+0
403,097	39,200	40,900	8,010E+1	0,000E+0	1,772E+2	1,771E+2	0,000E+0	3,603E-1	3,552E-1	0,000E+0
404,097	39,200	40,900	8,010E+1	0,000E+0	1,772E+2	1,771E+2	0,000E+0	3,603E-1	3,552E-1	0,000E+0
405,106	39,000	41,000	8,000E+1	0,000E+0	1,772E+2	1,771E+2	0,000E+0	3,596E-1	3,559E-1	0,000E+0
406,105	39,000	41,000	8,000E+1	0,000E+0	1,772E+2	1,771E+2	0,000E+0	3,596E-1	3,559E-1	0,000E+0
407,106	39,000	41,000	8,000E+1	0,000E+0	1,772E+2	1,771E+2	0,000E+0	3,596E-1	3,559E-1	0,000E+0
408,105	38,900	40,700	7,960E+1	0,000E+0	1,776E+2	1,774E+2	0,000E+0	3,579E-1	3,540E-1	0,000E+0
409,106	38,900	40,700	7,960E+1	0,000E+0	1,776E+2	1,774E+2	0,000E+0	3,579E-1	3,540E-1	0,000E+0
410,105	38,900	40,700	7,960E+1	0,000E+0	1,776E+2	1,774E+2	0,000E+0	3,579E-1	3,540E-1	0,000E+0
411,106	38,900	40,700	7,960E+1	0,000E+0	1,776E+2	1,774E+2	0,000E+0	3,579E-1	3,540E-1	0,000E+0
412,106	38,900	40,900	7,980E+1	0,000E+0	1,769E+2	1,771E+2	0,000E+0	3,594E-1	3,559E-1	0,000E+0
413,106	39,000	40,800	7,980E+1	0,000E+0	1,771E+2	1,769E+2	0,000E+0	3,590E-1	3,554E-1	0,000E+0
414,107	39,100	41,100	8,020E+1	0,000E+0	1,770E+2	1,769E+2	0,000E+0	3,604E-1	3,574E-1	0,000E+0
415,107	39,300	41,000	8,030E+1	0,000E+0	1,772E+2	1,768E+2	0,000E+0	3,618E-1	3,578E-1	0,000E+0
416,109	39,300	41,000	8,030E+1	0,000E+0	1,772E+2	1,768E+2	0,000E+0	3,618E-1	3,578E-1	0,000E+0
417,108	39,400	40,900	8,030E+1	0,000E+0	1,773E+2	1,769E+2	0,000E+0	3,622E-1	3,566E-1	0,000E+0
418,109	39,100	41,100	8,020E+1	0,000E+0	1,772E+2	1,769E+2	0,000E+0	3,602E-1	3,566E-1	0,000E+0
419,110	39,100	40,900	8,000E+1	0,000E+0	1,770E+2	1,769E+2	0,000E+0	3,596E-1	3,553E-1	0,000E+0
420,110	39,200	40,800	8,000E+1	0,000E+0	1,772E+2	1,768E+2	0,000E+0	3,610E-1	3,560E-1	0,000E+0
421,111	38,900	40,900	7,980E+1	0,000E+0	1,773E+2	1,768E+2	0,000E+0	3,584E-1	3,556E-1	0,000E+0
422,110	38,900	40,900	7,980E+1	0,000E+0	1,773E+2	1,768E+2	0,000E+0	3,584E-1	3,556E-1	0,000E+0
423,110	39,100	40,800	7,990E+1	0,000E+0	1,771E+2	1,770E+2	0,000E+0	3,592E-1	3,550E-1	0,000E+0
424,110	38,900	40,800	7,970E+1	0,000E+0	1,771E+2	1,769E+2	0,000E+0	3,587E-1	3,553E-1	0,000E+0
425,110	38,900	41,000	7,990E+1	0,000E+0	1,771E+2	1,771E+2	0,000E+0	3,586E-1	3,567E-1	0,000E+0
426,110	39,100	40,900	8,000E+1	0,000E+0	1,771E+2	1,770E+2	0,000E+0	3,594E-1	3,560E-1	0,000E+0
427,110	39,200	40,800	8,000E+1	0,000E+0	1,774E+2	1,771E+2	0,000E+0	3,599E-1	3,545E-1	0,000E+0
428,111	39,000	40,900	7,990E+1	0,000E+0	1,773E+2	1,770E+2	0,000E+0	3,588E-1	3,559E-1	0,000E+0
429,110	39,000	40,900	7,990E+1	0,000E+0	1,770E+2	1,771E+2	0,000E+0	3,592E-1	3,553E-1	0,000E+0
430,110	39,000	40,900	7,990E+1	0,000E+0	1,771E+2	1,769E+2	0,000E+0	3,597E-1	3,558E-1	0,000E+0
431,110	39,000	41,100	8,010E+1	0,000E+0	1,773E+2	1,769E+2	0,000E+0	3,592E-1	3,564E-1	0,000E+0
432,110	39,000	40,800	7,980E+1	0,000E+0	1,772E+2	1,769E+2	0,000E+0	3,585E-1	3,550E-1	0,000E+0
433,110	39,000	40,800	7,980E+1	0,000E+0	1,772E+2	1,769E+2	0,000E+0	3,585E-1	3,550E-1	0,000E+0
434,110	38,800	40,800	7,960E+1	0,000E+0	1,770E+2	1,770E+2	0,000E+0	3,570E-1	3,545E-1	0,000E+0
435,111	38,900	41,000	7,990E+1	0,000E+0	1,771E+2	1,771E+2	0,000E+0	3,589E-1	3,564E-1	0,000E+0
436,110	39,200	41,100	8,030E+1	0,000E+0	1,771E+2	1,770E+2	0,000E+0	3,618E-1	3,578E-1	0,000E+0
437,111	39,000	41,200	8,020E+1	0,000E+0	1,772E+2	1,772E+2	0,000E+0	3,593E-1	3,572E-1	0,000E+0
438,112	39,100	41,100	8,020E+1	0,000E+0	1,773E+2	1,771E+2	0,000E+0	3,606E-1	3,575E-1	0,000E+0
439,112	39,100	41,000	8,010E+1	0,000E+0	1,770E+2	1,770E+2	0,000E+0	3,600E-1	3,565E-1	0,000E+0
440,113	39,300	40,900	8,020E+1	0,000E+0	1,773E+2	1,770E+2	0,000E+0	3,610E-1	3,564E-1	0,000E+0
441,114	39,000	40,800	7,980E+1	0,000E+0	1,771E+2	1,770E+2	0,000E+0	3,590E-1	3,553E-1	0,000E+0
442,113	39,000	40,900	7,990E+1	0,000E+0	1,771E+2	1,771E+2	0,000E+0	3,581E-1	3,552E-1	0,000E+0
443,114	39,000	40,900	7,990E+1	0,000E+0	1,771E+2	1,771E+2	0,000E+0	3,581E-1	3,552E-1	0,000E+0
444,113	39,100	40,900	8,000E+1	0,000E+0	1,771E+2	1,770E+2	0,000E+0	3,600E-1	3,547E-1	0,000E+0
445,113	38,900	40,900	7,980E+1	0,000E+0	1,771E+2	1,771E+2	0,000E+0	3,587E-1	3,560E-1	0,000E+0
446,113	38,900	40,700	7,960E+1	0,000E+0	1,771E+2	1,768E+2	0,000E+0	3,578E-1	3,540E-1	0,000E+0
447,113	39,200	40,900	8,010E+1	0,000E+0	1,772E+2	1,769E+2	0,000E+0	3,610E-1	3,560E-1	0,000E+0
448,114	39,200	40,800	8,000E+1	0,000E+0	1,773E+2	1,769E+2	0,000E+0	3,605E-1	3,553E-1	0,000E+0
449,113	39,000	40,800	7,980E+1	0,000E+0	1,771E+2	1,768E+2	0,000E+0	3,593E-1	3,549E-1	0,000E+0
450,114	39,000	40,800	7,980E+1	0,000E+0	1,771E+2	1,768E+2	0,000E+0	3,593E-1	3,549E-1	0,000E+0
451,113	39,100	41,200	8,030E+1	0,000E+0	1,772E+2	1,772E+2	0,000E+0	3,601E-1	3,570E-1	0,000E+0
452,113	39,200	40,800	8,000E+1	0,000E+0	1,772E+2	1,769E+2	0,000E+0	3,595E-1	3,557E-1	0,000E+0
453,113	39,100	40,900	8,000E+1	0,000E+0	1,773E+2	1,771E+2	0,000E+0	3,607E-1	3,555E-1	0,000E+0
454,114	38,800	40,700	7,950E+1	0,000E+0	1,770E+2	1,771E+2	0,000E+0	3,575E-1	3,544E-1	0,000E+0
455,115	39,100	40,800	7,990E+1	0,000E+0	1,770E+2	1,769E+2	0,000E+0	3,607E-1	3,555E-1	0,000E+0
456,115	39,000	41,000	8,000E+1	0,000E+0	1,771E+2	1,772E+2	0,000E+0	3,598E-1	3,565E-1	0,000E+0
457,116	39,100	40,800	7,990E+1	0,000E+0	1,773E+2	1,768E+2	0,000E+0	3,599E-1	3,553E-1	0,000E+0
458,116	39,000	41,200	8,020E+1	0,000E+0	1,773E+2	1,772E+2	0,000E+0	3,604E-1	3,573E-1	0,000E+0
459,116	39,400	41,200	8,060E+1	0,000E+0	1,773E+2	1,769E+2	0,000E+0	3,628E-1	3,588E-1	0,000E+0
460,117	39,200	40,900	8,010E+1	0,000E+0	1,773E+2	1,770E+2	0,000E+0	3,610E-1	3,559E-1	0,000E+0
461,116	39,200	40,900	8,010E+1	0,000E+0	1,773E+2	1,770E+2	0,000E+0	3,610E-1	3,559E-1	0,000E+0
462,117	38,900	41,100	8,000E+1	0,000E+0	1,771E+2	1,771E+2	0,000E+0	3,599E-1	3,571E-1	0,000E+0
463,116	38,900	41,100	8,000E+1	0,000E+0	1,771E+2	1,771E+2	0,000E+0	3,599E-1	3,571E-1	0,000E+0
464,116	38,900	41,100	8,000E+1	0,000E+0	1,771E+2	1,771E+2	0,000E+0	3,599E-1	3,571E-1	0,000E+0
465,117	39,000	41,000	8,000E+1	0,000E+0	1,772E+2	1,768E+2	0,000E+0	3,595E-1	3,575E-1	0,000E+0
466,117	39,000	41,000	8,000E+1	0,000E+0	1,772E+2	1,768E+2	0,000E+0	3,595E-1	3,575E-1	0,000E+0
467,118	39,000	41,000	8,000E+1	0,000E+0	1,772E+2	1,768E+2	0,000E+0	3,595E-1	3,575E-1	0,000E+0
468,117	39,000	40,700	7,970E+1	0,000E+0	1,771E+2	1,770E+2	0,000E+0	3,594E-1	3,543E-1	0,000E+0
469,117	39,000	40,700	7,970E+1	0,000E+0	1,771E+2	1,770E+2	0,000E+0	3,594E-1	3,543E-1	0,000E+0
470,117	39,000	40,700	7,970E+1	0,000E+0	1,771E+2	1,770E+2	0,000E+0	3,594E-1	3,543E-1	0,000E+0
471,117	39,000	40,700	7,970E+1	0,000E+0	1,771E+2	1,770E+2	0,000E+0	3,594E-1	3,543E-1	0,000E+0
472,118	38,900	40,800	7,970E+1	0,000E+0	1,772E+2	1,770E+2	0,000E+0	3,587E-1	3,548E-1	0,000E+0
473,117	38,900	40,800	7,970E+1	0,000E+0	1,772E+2	1,770E+2	0,000E+0	3,587E-1	3,548E-1	0,000E+0
474,118	39,000	40,900	7,990E+1	0,000E+0	1,772E+2	1,771E+2	0,000E+0	3,591E-1	3,550E-1	0,000E+0
475,117	38,800	40,700	7,950E+1	0,000E+0	1,773E+2	1,770E+2	0,000E+0	3,578E-1	3,539E-1	0,000E+0
476,117	38,800	40,700	7,950E+1	0,000E+0	1,773E+2	1,770E+2	0,000E+0	3,578E-1	3,539E-1	0,000E+0
477,117	39,000	40,900	7,990E+1	0,000E+0	1,773E+2	1,771E+2	0,000E+0	3,598E-1	3,558E-1	0,000E+0
478,117	39,000	41,000	8,000E+1	0,000E+0	1,771E+2	1,771E+2	0,000E+0	3,589E-1	3,568E-1	0,000E+0
479,118	39,000	41,000	8,000E+1	0,000E+0	1,771E+2	1,770E+2	0,000E+0	3,603E-1	3,575E-1	0,000E+0
480,118	39,300	41,100	8,040E+1	0,000E+0	1,772E+2	1,770E+2	0,000E+0	3,615E-1	3,578E-1	0,000E+0
481,119	39,100	41,100	8,020E+1	0,000E+0	1,772E+2	1,772E+2	0,000E+0	3,607E-1	3,572E-1	0,000E+0
482,118	39,100	41,100	8,020E+1	0,000E+0	1,772E+2	1,772E+2	0,000E+0	3,607E-1	3,572E-1	0,000E+0
483,119	39,100	40,900	8,000E+1	0,000E+0	1,774E+2	1,770E+2	0,000E+0	3,607E-1	3,559E-1	0,000E+0
484,120	39,100	40,800	7,990E+1	0,000E+0	1,771E+2	1,772E+2	0,000E+0	3,590E-1	3,548E-1	0,000E+0
485,120	38,900	40,900	7,980E+1	0,000E+0	1,774E+2	1,770E+2	0,000E+0	3,581E-1	3,554E-1	0,000E+0
486,121	38,900	40,900	7,980E+1	0,000E+0	1,774E+2	1,770E+2	0,000E+0	3,581E-1	3,554E-1	0,000E+0
487,122	38,900	40,900	7,980E+1	0,000E+0	1,774E+2	1,770E+2	0,000E+0	3,581E-1	3,554E-1	0,000E+0
488,122	38,900	40,900	7,980E+1	0,000E+0	1,774E+2	1,770E+2	0,000E+0	3,581E-1	3,554E-1	0,000E+0
489,122	39,100	41,100	8,020E+1	0,000E+0	1,774E+2	1,770E+2	0,000E+0	3,603E-1	3,583E-1	0,000E+0
490,122	39,100	41,100	8,020E+1	0,000E+0	1,774E+2	1,770E+2	0,000E+0	3,603E-1	3,583E-1	0,000E+0
491,122	39,100	41,100	8,020E+1	0,000E+0	1,774E+2	1,770E+2	0,000E+0	3,603E-1	3,583E-1	0,000E+0
492,122	39,100	41,100	8,020E+1	0,000E+0	1,774E+2	1,770E+2	0,000E+0	3,603E-1	3,583E-1	0,000E+0
493,122	39,100	40,900	8,000E+1	0,000E+0	1,773E+2	1,771E+2	0,000E+0	3,598E-1	3,551E-1	0,000E+0
494,123	38,800	41,000	7,980E+1	0,000E+0	1,772E+2	1,772E+2	0,000E+0	3,582E-1	3,562E-1	0,000E+0
495,122	38,800	41,000	7,980E+1	0,000E+0	1,772E+2	1,772E+2	0,000E+0	3,582E-1	3,562E-1	0,000E+0
496,122	38,900	40,900	7,980E+1	0,000E+0	1,774E+2	1,774E+2	0,000E+0	3,587E-1	3,562E-1	0,000E+0
497,122	38,900	40,800	7,970E+1	0,000E+0	1,772E+2	1,772E+2	0,000E+0	3,578E-1	3,546E-1	0,000E+0
498,122	39,100	40,900	8,000E+1	0,000E+0	1,775E+2	1,772E+2	0,000E+0	3,589E-1	3,554E-1	0,000E+0
499,122	38,900	40,800	7,970E+1	0,000E+0	1,772E+2	1,771E+2	0,000E+0	3,583E-1	3,550E-1	0,000E+0
500,122	39,000	40,700	7,970E+1	0,000E+0	1,775E+2	1,772E+2	0,000E+0	3,595E-1	3,547E-1	0,000E+0
501,123	38,900	40,800	7,970E+1	0,000E+0	1,773E+2	1,771E+2	0,000E+0	3,580E-1	3,544E-1	0,000E+0
502,123	39,000	41,100	8,010E+1	0,000E+0	1,774E+2	1,773E+2	0,000E+0	3,591E-1	3,572E-1	0,000E+0
503,123	39,100	41,300	8,040E+1	0,000E+0	1,775E+2	1,775E+2	0,000E+0	3,595E-1	3,577E-1	0,000E+0
504,123	39,100	40,900	8,000E+1	0,000E+0	1,774E+2	1,772E+2	0,000E+0	3,611E-1	3,565E-1	0,000E+0
505,123	39,200	41,000	8,020E+1	0,000E+0	1,775E+2	1,771E+2	0,000E+0	3,610E-1	3,565E-1	0,000E+0
506,124	39,000	40,800	7,980E+1	0,000E+0	1,772E+2	1,775E+2	0,000E+0	3,584E-1	3,548E-1	0,000E+0
507,124	39,000	41,000	8,000E+1	0,000E+0	1,774E+2	1,771E+2	0,000E+0	3,595E-1	3,568E-1	0,000E+0
508,125	39,000	41,000	8,000E+1	0,000E+0	1,774E+2	1,771E+2	0,000E+0	3,595E-1	3,568E-1	0,000E+0
509,126	39,100	40,900	8,000E+1	0,000E+0	1,774E+2	1,772E+2	0,000E+0	3,601E-1	3,555E-1	0,000E+0
510,125	39,000	41,000	8,000E+1	0,000E+0	1,772E+2	1,773E+2	0,000E+0	3,589E-1	3,566E-1	0,000E+0
511,127	38,800	41,000	7,980E+1	0,000E+0	1,773E+2	1,772E+2	0,000E+0	3,579E-1	3,571E-1	0,000E+0
512,126	38,900	40,800	7,970E+1	0,000E+0	1,772E+2	1,773E+2	0,000E+0	3,584E-1	3,543E-1	0,000E+0
513,127	39,100	40,800	7,990E+1	0,000E+0	1,775E+2	1,772E+2	0,000E+0	3,600E-1	3,552E-1	0,000E+0
514,126	39,100	40,800	7,990E+1	0,000E+0	1,775E+2	1,772E+2	0,000E+0	3,600E-1	3,552E-1	0,000E+0
515,126	39,000	40,900	7,990E+1	0,000E+0	1,775E+2	1,772E+2	0,000E+0	3,582E-1	3,554E-1	0,000E+0
516,127	38,900	40,900	7,980E+1	0,000E+0	1,774E+2	1,774E+2	0,000E+0	3,589E-1	3,562E-1	0,000E+0
517,126	39,300	41,000	8,030E+1	0,000E+0	1,776E+2	1,773E+2	0,000E+0	3,611E-1	3,566E-1	0,000E+0
518,126	39,000	41,200	8,020E+1	0,000E+0	1,774E+2	1,775E+2	0,000E+0	3,597E-1	3,576E-1	0,000E+0
519,126	39,000	41,200	8,020E+1	0,000E+0	1,774E+2	1,775E+2	0,000E+0	3,597E-1	3,576E-1	0,000E+0
520,127	39,000	41,200	8,020E+1	0,000E+0	1,774E+2	1,775E+2	0,000E+0	3,597E-1	3,576E-1	0,000E+0
521,127	39,000	41,200	8,020E+1	0,000E+0	1,774E+2	1,775E+2	0,000E+0	3,597E-1	3,576E-1	0,000E+0
522,127	39,000	40,900	7,990E+1	0,000E+0	1,773E+2	1,775E+2	0,000E+0	3,591E-1	3,559E-1	0,000E+0
523,129	39,000	40,900	7,990E+1	0,000E+0	1,773E+2	1,775E+2	0,000E+0	3,591E-1	3,559E-1	0,000E+0
524,128	39,000	40,900	7,990E+1	0,000E+0	1,773E+2	1,775E+2	0,000E+0	3,591E-1	3,559E-1	0,000E+0
525,129	39,000	40,900	7,990E+1	0,000E+0	1,773E+2	1,775E+2	0,000E+0	3,591E-1	3,559E-1	0,000E+0
526,128	39,300	41,100	8,040E+1	0,000E+0	1,775E+2	1,773E+2	0,000E+0	3,620E-1	3,574E-1	0,000E+0
527,129	39,300	41,100	8,040E+1	0,000E+0	1,775E+2	1,773E+2	0,000E+0	3,620E-1	3,574E-1	0,000E+0
528,131	39,300	41,100	8,040E+1	0,000E+0	1,773E+2	1,773E+2	0,000E+0	3,626E-1	3,584E-1	0,000E+0
529,130	39,300	41,100	8,040E+1	0,000E+0	1,773E+2	1,773E+2	0,000E+0	3,626E-1	3,584E-1	0,000E+0
530,130	38,900	40,700	7,960E+1	0,000E+0	1,774E+2	1,770E+2	0,000E+0	3,575E-1	3,541E-1	0,000E+0
531,131	39,100	41,200	8,030E+1	0,000E+0	1,774E+2	1,774E+2	0,000E+0	3,600E-1	3,579E-1	0,000E+0
532,131	39,000	40,900	7,990E+1	0,000E+0	1,773E+2	1,774E+2	0,000E+0	3,590E-1	3,556E-1	0,000E+0
533,133	38,900	40,900	7,980E+1	0,000E+0	1,775E+2	1,774E+2	0,000E+0	3,582E-1	3,555E-1	0,000E+0
534,133	39,000	41,100	8,010E+1	0,000E+0	1,774E+2	1,773E+2	0,000E+0	3,598E-1	3,569E-1	0,000E+0
535,133	39,100	41,000	8,010E+1	0,000E+0	1,776E+2	1,773E+2	0,000E+0	3,601E-1	3,565E-1	0,000E+0
536,134	39,100	41,000	8,010E+1	0,000E+0	1,776E+2	1,773E+2	0,000E+0	3,601E-1	3,565E-1	0,000E+0
537,134	39,100	41,000	8,010E+1	0,000E+0	1,775E+2	1,772E+2	0,000E+0	3,600E-1	3,570E-1	0,000E+0
538,135	38,900	41,200	8,010E+1	0,000E+0	1,772E+2	1,775E+2	0,000E+0	3,588E-1	3,571E-1	0,000E+0
539,134	38,900	40,800	7,970E+1	0,000E+0	1,774E+2	1,772E+2	0,000E+0	3,584E-1	3,551E-1	0,000E+0
540,134	38,900	40,800	7,970E+1	0,000E+0	1,773E+2	1,773E+2	0,000E+0	3,585E-1	3,557E-1	0,000E+0
541,135	39,200	41,000	8,020E+1	0,000E+0	1,775E+2	1,773E+2	0,000E+0	3,602E-1	3,566E-1	0,000E+0
542,135	39,000	41,100	8,010E+1	0,000E+0	1,774E+2	1,773E+2	0,000E+0	3,600E-1	3,575E-1	0,000E+0
543,137	38,900	41,100	8,000E+1	0,000E+0	1,775E+2	1,774E+2	0,000E+0	3,594E-1	3,570E-1	0,000E+0
544,137	38,900	41,100	8,000E+1	0,000E+0	1,775E+2	1,774E+2	0,000E+0	3,594E-1	3,570E-1	0,000E+0
545,138	38,900	41,100	8,000E+1	0,000E+0	1,775E+2	1,774E+2	0,000E+0	3,594E-1	3,570E-1	0,000E+0
546,138	38,900	41,100	8,000E+1	0,000E+0	1,775E+2	1,774E+2	0,000E+0	3,594E-1	3,570E-1	0,000E+0
547,137	38,900	41,100	8,000E+1	0,000E+0	1,775E+2	1,774E+2	0,000E+0	3,594E-1	3,570E-1	0,000E+0
548,137	38,900	41,100	8,000E+1	0,000E+0	1,775E+2	1,774E+2	0,000E+0	3,594E-1	3,570E-1	0,000E+0
549,137	39,400	41,200	8,060E+1	0,000E+0	1,775E+2	1,772E+2	0,000E+0	3,618E-1	3,580E-1	0,000E+0
550,137	39,400	41,200	8,060E+1	0,000E+0	1,775E+2	1,772E+2	0,000E+0	3,618E-1	3,580E-1	0,000E+0
551,137	39,400	41,200	8,060E+1	0,000E+0	1,775E+2	1,772E+2	0,000E+0	3,618E-1	3,580E-1	0,000E+0
552,137	39,400	41,200	8,060E+1	0,000E+0	1,775E+2	1,772E+2	0,000E+0	3,618E-1	3,580E-1	0,000E+0
553,139	38,800	40,900	7,970E+1	0,000E+0	1,774E+2	1,773E+2	0,000E+0	3,579E-1	3,555E-1	0,000E+0
554,138	38,800	40,900	7,970E+1	0,000E+0	1,774E+2	1,773E+2	0,000E+0	3,579E-1	3,555E-1	0,000E+0
555,139	38,800	40,900	7,970E+1	0,000E+0	1,773E+2	1,775E+2	0,000E+0	3,575E-1	3,559E-1	0,000E+0
556,138	39,200	41,200	8,040E+1	0,000E+0	1,774E+2	1,773E+2	0,000E+0	3,612E-1	3,579E-1	0,000E+0
557,138	39,200	41,200	8,040E+1	0,000E+0	1,774E+2	1,773E+2	0,000E+0	3,612E-1	3,579E-1	0,000E+0
558,138	39,000	41,100	8,010E+1	0,000E+0	1,774E+2	1,772E+2	0,000E+0	3,599E-1	3,569E-1	0,000E+0
559,138	39,000	40,700	7,970E+1	0,000E+0	1,775E+2	1,772E+2	0,000E+0	3,585E-1	3,544E-1	0,000E+0
560,140	38,900	40,900	7,980E+1	0,000E+0	1,773E+2	1,773E+2	0,000E+0	3,588E-1	3,555E-1	0,000E+0
561,139	39,000	40,900	7,990E+1	0,000E+0	1,775E+2	1,772E+2	0,000E+0	3,585E-1	3,552E-1	0,000E+0
562,141	39,200	41,000	8,020E+1	0,000E+0	1,775E+2	1,773E+2	0,000E+0	3,608E-1	3,562E-1	0,000E+0
563,141	39,200	41,100	8,030E+1	0,000E+0	1,776E+2	1,773E+2	0,000E+0	3,608E-1	3,569E-1	0,000E+0
564,141	39,100	41,000	8,010E+1	0,000E+0	1,773E+2	1,773E+2	0,000E+0	3,603E-1	3,570E-1	0,000E+0
565,141	39,100	41,000	8,010E+1	0,000E+0	1,773E+2	1,773E+2	0,000E+0	3,603E-1	3,570E-1	0,000E+0
566,141	39,100	41,000	8,010E+1	0,000E+0	1,773E+2	1,773E+2	0,000E+0	3,603E-1	3,570E-1	0,000E+0
567,142	39,200	41,200	8,040E+1	0,000E+0	1,776E+2	1,772E+2	0,000E+0	3,615E-1	3,581E-1	0,000E+0
568,142	39,200	41,200	8,040E+1	0,000E+0	1,776E+2	1,772E+2	0,000E+0	3,615E-1	3,581E-1	0,000E+0
569,143	39,200	41,200	8,040E+1	0,000E+0	1,776E+2	1,772E+2	0,000E+0	3,615E-1	3,581E-1	0,000E+0
570,142	39,200	41,100	8,030E+1	0,000E+0	1,774E+2	1,773E+2	0,000E+0	3,606E-1	3,568E-1	0,000E+0
571,142	39,200	41,100	8,030E+1	0,000E+0	1,774E+2	1,773E+2	0,000E+0	3,606E-1	3,568E-1	0,000E+0
572,143	39,200	41,100	8,030E+1	0,000E+0	1,774E+2	1,773E+2	0,000E+0	3,606E-1	3,568E-1	0,000E+0
573,144	39,200	41,100	8,030E+1	0,000E+0	1,774E+2	1,773E+2	0,000E+0	3,606E-1	3,568E-1	0,000E+0
574,145	39,000	40,800	7,980E+1	0,000E+0	1,774E+2	1,774E+2	0,000E+0	3,584E-1	3,548E-1	0,000E+0
575,144	39,000	40,800	7,980E+1	0,000E+0	1,774E+2	1,774E+2	0,000E+0	3,584E-1	3,548E-1	0,000E+0
576,145	39,000	40,800	7,980E+1	0,000E+0	1,776E+2	1,772E+2	0,000E+0	3,581E-1	3,542E-1	0,000E+0
577,145	39,000	40,800	7,980E+1	0,000E+0	1,776E+2	1,772E+2	0,000E+0	3,581E-1	3,542E-1	0,000E+0
578,145	39,000	41,200	8,020E+1	0,000E+0	1,774E+2	1,775E+2	0,000E+0	3,601E-1	3,578E-1	0,000E+0
579,145	39,100	41,000	8,010E+1	0,000E+0	1,775E+2	1,774E+2	0,000E+0	3,596E-1	3,560E-1	0,000E+0
580,146	39,200	40,900	8,010E+1	0,000E+0	1,774E+2	1,773E+2	0,000E+0	3,604E-1	3,558E-1	0,000E+0
581,145	39,000	41,100	8,010E+1	0,000E+0	1,774E+2	1,772E+2	0,000E+0	3,597E-1	3,569E-1	0,000E+0
582,146	38,900	40,800	7,970E+1	0,000E+0	1,773E+2	1,773E+2	0,000E+0	3,578E-1	3,537E-1	0,000E+0
583,146	39,100	40,900	8,000E+1	0,000E+0	1,774E+2	1,772E+2	0,000E+0	3,597E-1	3,552E-1	0,000E+0
584,146	39,100	40,900	8,000E+1	0,000E+0	1,774E+2	1,772E+2	0,000E+0	3,597E-1	3,552E-1	0,000E+0
585,146	39,000	40,900	7,990E+1	0,000E+0	1,772E+2	1,771E+2	0,000E+0	3,583E-1	3,557E-1	0,000E+0
586,147	39,200	40,900	8,010E+1	0,000E+0	1,772E+2	1,772E+2	0,000E+0	3,608E-1	3,560E-1	0,000E+0
587,148	39,100	40,800	7,990E+1	0,000E+0	1,774E+2	1,771E+2	0,000E+0	3,590E-1	3,551E-1	0,000E+0
588,147	39,100	40,800	7,990E+1	0,000E+0	1,773E+2	1,770E+2	0,000E+0	3,602E-1	3,556E-1	0,000E+0
589,149	39,100	40,800	7,990E+1	0,000E+0	1,773E+2	1,770E+2	0,000E+0	3,602E-1	3,556E-1	0,000E+0
590,148	39,100	40,800	7,990E+1	0,000E+0	1,773E+2	1,770E+2	0,000E+0	3,602E-1	3,556E-1	0,000E+0
591,148	39,100	40,800	7,990E+1	0,000E+0	1,773E+2	1,770E+2	0,000E+0	3,602E-1	3,556E-1	0,000E+0
592,148	39,200	41,000	8,020E+1	0,000E+0	1,773E+2	1,771E+2	0,000E+0	3,602E-1	3,570E-1	0,000E+0
593,149	39,200	41,000	8,020E+1	0,000E+0	1,773E+2	1,771E+2	0,000E+0	3,602E-1	3,570E-1	0,000E+0
594,150	39,200	41,000	8,020E+1	0,000E+0	1,773E+2	1,771E+2	0,000E+0	3,602E-1	3,570E-1	0,000E+0
595,150	39,200	41,000	8,020E+1	0,000E+0	1,773E+2	1,771E+2	0,000E+0	3,602E-1	3,570E-1	0,000E+0
596,150	38,800	41,000	7,980E+1	0,000E+0	1,772E+2	1,772E+2	0,000E+0	3,597E-1	3,564E-1	0,000E+0
597,150	38,800	41,000	7,980E+1	0,000E+0	1,772E+2	1,772E+2	0,000E+0	3,597E-1	3,564E-1	0,000E+0
598,150	39,000	40,700	7,970E+1	0,000E+0	1,774E+2	1,770E+2	0,000E+0	3,586E-1	3,541E-1	0,000E+0
599,150	39,000	40,700	7,970E+1	0,000E+0	1,774E+2	1,770E+2	0,000E+0	3,586E-1	3,541E-1	0,000E+0
600,152	39,000	41,000	8,000E+1	0,000E+0	1,774E+2	1,773E+2	0,000E+0	3,596E-1	3,565E-1	0,000E+0
601,152	39,000	41,100	8,010E+1	0,000E+0	1,770E+2	1,774E+2	0,000E+0	3,591E-1	3,572E-1	0,000E+0
602,154	39,100	40,900	8,000E+1	0,000E+0	1,775E+2	1,771E+2	0,000E+0	3,596E-1	3,555E-1	0,000E+0
603,153	39,100	41,000	8,010E+1	0,000E+0	1,772E+2	1,773E+2	0,000E+0	3,600E-1	3,566E-1	0,000E+0
604,153	38,800	40,800	7,960E+1	0,000E+0	1,774E+2	1,772E+2	0,000E+0	3,575E-1	3,547E-1	0,000E+0
605,154	39,000	40,900	7,990E+1	0,000E+0	1,774E+2	1,772E+2	0,000E+0	3,595E-1	3,551E-1	0,000E+0
606,153	39,000	40,900	7,990E+1	0,000E+0	1,774E+2	1,772E+2	0,000E+0	3,595E-1	3,551E-1	0,000E+0
607,154	39,000	41,100	8,010E+1	0,000E+0	1,774E+2	1,772E+2	0,000E+0	3,595E-1	3,573E-1	0,000E+0
608,153	39,100	40,800	7,990E+1	0,000E+0	1,772E+2	1,770E+2	0,000E+0	3,599E-1	3,557E-1	0,000E+0
609,153	39,100	40,900	8,000E+1	0,000E+0	1,774E+2	1,773E+2	0,000E+0	3,597E-1	3,555E-1	0,000E+0
610,153	39,100	41,000	8,010E+1	0,000E+0	1,772E+2	1,770E+2	0,000E+0	3,602E-1	3,568E-1	0,000E+0
611,153	39,100	40,900	8,000E+1	0,000E+0	1,774E+2	1,772E+2	0,000E+0	3,602E-1	3,558E-1	0,000E+0
612,154	39,200	41,200	8,040E+1	0,000E+0	1,774E+2	1,772E+2	0,000E+0	3,601E-1	3,567E-1	0,000E+0
613,153	39,000	40,900	7,990E+1	0,000E+0	1,772E+2	1,772E+2	0,000E+0	3,589E-1	3,563E-1	0,000E+0
614,154	39,000	40,900	7,990E+1	0,000E+0	1,772E+2	1,772E+2	0,000E+0	3,589E-1	3,563E-1	0,000E+0
615,154	39,000	40,900	7,990E+1	0,000E+0	1,772E+2	1,772E+2	0,000E+0	3,589E-1	3,563E-1	0,000E+0
616,154	39,000	40,900	7,990E+1	0,000E+0	1,772E+2	1,772E+2	0,000E+0	3,589E-1	3,563E-1	0,000E+0
617,154	39,000	40,900	7,990E+1	0,000E+0	1,772E+2	1,772E+2	0,000E+0	3,589E-1	3,563E-1	0,000E+0
618,154	39,100	40,900	8,000E+1	0,000E+0	1,774E+2	1,772E+2	0,000E+0	3,598E-1	3,556E-1	0,000E+0
619,155	39,100	40,900	8,000E+1	0,000E+0	1,774E+2	1,772E+2	0,000E+0	3,598E-1	3,556E-1	0,000E+0
620,154	39,100	40,900	8,000E+1	0,000E+0	1,774E+2	1,772E+2	0,000E+0	3,598E-1	3,556E-1	0,000E+0
621,154	39,100	40,900	8,000E+1	0,000E+0	1,774E+2	1,772E+2	0,000E+0	3,598E-1	3,556E-1	0,000E+0
622,155	39,000	40,700	7,970E+1	0,000E+0	1,775E+2	1,771E+2	0,000E+0	3,591E-1	3,548E-1	0,000E+0
623,155	38,900	40,800	7,970E+1	0,000E+0	1,773E+2	1,774E+2	0,000E+0	3,578E-1	3,541E-1	0,000E+0
624,156	38,900	40,800	7,970E+1	0,000E+0	1,773E+2	1,774E+2	0,000E+0	3,578E-1	3,541E-1	0,000E+0
625,156	38,900	40,800	7,970E+1	0,000E+0	1,774E+2	1,774E+2	0,000E+0	3,585E-1	3,546E-1	0,000E+0
626,157	39,200	41,200	8,040E+1	0,000E+0	1,774E+2	1,775E+2	0,000E+0	3,615E-1	3,579E-1	0,000E+0
627,156	39,000	40,500	7,950E+1	0,000E+0	1,774E+2	1,771E+2	0,000E+0	3,590E-1	3,539E-1	0,000E+0
628,157	39,000	40,900	7,990E+1	0,000E+0	1,774E+2	1,772E+2	0,000E+0	3,592E-1	3,561E-1	0,000E+0
629,157	39,200	40,900	8,010E+1	0,000E+0	1,774E+2	1,771E+2	0,000E+0	3,600E-1	3,563E-1	0,000E+0
630,157	39,000	41,000	8,000E+1	0,000E+0	1,774E+2	1,773E+2	0,000E+0	3,593E-1	3,568E-1	0,000E+0
631,159	39,200	40,900	8,010E+1	0,000E+0	1,774E+2	1,772E+2	0,000E+0	3,607E-1	3,563E-1	0,000E+0
632,159	39,200	41,100	8,030E+1	0,000E+0	1,774E+2	1,773E+2	0,000E+0	3,620E-1	3,573E-1	0,000E+0
633,160	39,200	41,100	8,030E+1	0,000E+0	1,774E+2	1,773E+2	0,000E+0	3,620E-1	3,573E-1	0,000E+0
634,159	39,200	41,100	8,030E+1	0,000E+0	1,774E+2	1,773E+2	0,000E+0	3,620E-1	3,573E-1	0,000E+0
635,159	39,200	41,100	8,030E+1	0,000E+0	1,774E+2	1,773E+2	0,000E+0	3,620E-1	3,573E-1	0,000E+0
636,160	39,200	41,100	8,030E+1	0,000E+0	1,774E+2	1,773E+2	0,000E+0	3,620E-1	3,573E-1	0,000E+0
637,160	39,100	40,900	8,000E+1	0,000E+0	1,775E+2	1,772E+2	0,000E+0	3,593E-1	3,556E-1	0,000E+0
638,161	39,100	40,900	8,000E+1	0,000E+0	1,775E+2	1,772E+2	0,000E+0	3,593E-1	3,556E-1	0,000E+0
639,160	39,100	40,900	8,000E+1	0,000E+0	1,775E+2	1,772E+2	0,000E+0	3,593E-1	3,556E-1	0,000E+0
640,161	39,000	41,000	8,000E+1	0,000E+0	1,775E+2	1,774E+2	0,000E+0	3,598E-1	3,563E-1	0,000E+0
641,161	39,000	41,000	8,000E+1	0,000E+0	1,775E+2	1,774E+2	0,000E+0	3,598E-1	3,563E-1	0,000E+0
642,162	39,000	41,000	8,000E+1	0,000E+0	1,775E+2	1,774E+2	0,000E+0	3,598E-1	3,563E-1	0,000E+0
643,162	39,000	41,000	8,000E+1	0,000E+0	1,775E+2	1,774E+2	0,000E+0	3,598E-1	3,563E-1	0,000E+0
644,162	39,000	40,800	7,980E+1	0,000E+0	1,774E+2	1,771E+2	0,000E+0	3,590E-1	3,548E-1	0,000E+0
645,164	39,200	41,000	8,020E+1	0,000E+0	1,774E+2	1,772E+2	0,000E+0	3,600E-1	3,561E-1	0,000E+0
646,163	39,200	40,900	8,010E+1	0,000E+0	1,774E+2	1,771E+2	0,000E+0	3,606E-1	3,559E-1	0,000E+0
647,164	39,000	40,800	7,980E+1	0,000E+0	1,774E+2	1,771E+2	0,000E+0	3,595E-1	3,556E-1	0,000E+0
648,164	39,000	40,800	7,980E+1	0,000E+0	1,774E+2	1,771E+2	0,000E+0	3,595E-1	3,556E-1	0,000E+0
649,164	38,900	40,800	7,970E+1	0,000E+0	1,773E+2	1,772E+2	0,000E+0	3,590E-1	3,559E-1	0,000E+0
650,164	39,000	40,800	7,980E+1	0,000E+0	1,773E+2	1,772E+2	0,000E+0	3,584E-1	3,552E-1	0,000E+0
651,164	39,000	40,900	7,990E+1	0,000E+0	1,773E+2	1,774E+2	0,000E+0	3,596E-1	3,555E-1	0,000E+0
652,165	39,300	41,100	8,040E+1	0,000E+0	1,776E+2	1,771E+2	0,000E+0	3,610E-1	3,573E-1	0,000E+0
653,164	39,300	41,100	8,040E+1	0,000E+0	1,773E+2	1,773E+2	0,000E+0	3,613E-1	3,574E-1	0,000E+0
654,164	39,200	41,200	8,040E+1	0,000E+0	1,776E+2	1,772E+2	0,000E+0	3,609E-1	3,579E-1	0,000E+0
655,164	39,100	41,100	8,020E+1	0,000E+0	1,773E+2	1,772E+2	0,000E+0	3,605E-1	3,572E-1	0,000E+0
656,165	39,100	41,200	8,030E+1	0,000E+0	1,774E+2	1,773E+2	0,000E+0	3,595E-1	3,574E-1	0,000E+0
657,165	39,100	41,100	8,020E+1	0,000E+0	1,773E+2	1,774E+2	0,000E+0	3,603E-1	3,570E-1	0,000E+0
658,166	38,900	40,800	7,970E+1	0,000E+0	1,773E+2	1,771E+2	0,000E+0	3,593E-1	3,556E-1	0,000E+0
659,167	38,900	40,800	7,970E+1	0,000E+0	1,773E+2	1,771E+2	0,000E+0	3,593E-1	3,556E-1	0,000E+0
660,166	39,200	41,000	8,020E+1	0,000E+0	1,773E+2	1,771E+2	0,000E+0	3,607E-1	3,563E-1	0,000E+0
661,166	39,000	40,700	7,970E+1	0,000E+0	1,772E+2	1,772E+2	0,000E+0	3,590E-1	3,551E-1	0,000E+0
662,167	39,000	40,800	7,980E+1	0,000E+0	1,774E+2	1,771E+2	0,000E+0	3,594E-1	3,551E-1	0,000E+0
663,167	39,000	40,800	7,980E+1	0,000E+0	1,772E+2	1,772E+2	0,000E+0	3,590E-1	3,551E-1	0,000E+0
664,168	38,900	40,700	7,960E+1	0,000E+0	1,772E+2	1,769E+2	0,000E+0	3,586E-1	3,545E-1	0,000E+0
665,167	38,900	40,900	7,980E+1	0,000E+0	1,771E+2	1,772E+2	0,000E+0	3,587E-1	3,559E-1	0,000E+0
666,168	39,100	41,000	8,010E+1	0,000E+0	1,775E+2	1,772E+2	0,000E+0	3,602E-1	3,566E-1	0,000E+0
667,167	39,000	41,000	8,000E+1	0,000E+0	1,774E+2	1,773E+2	0,000E+0	3,590E-1	3,561E-1	0,000E+0
668,167	39,100	40,900	8,000E+1	0,000E+0	1,775E+2	1,774E+2	0,000E+0	3,599E-1	3,563E-1	0,000E+0
669,167	39,100	40,900	8,000E+1	0,000E+0	1,775E+2	1,774E+2	0,000E+0	3,599E-1	3,563E-1	0,000E+0
670,167	39,100	40,800	7,990E+1	0,000E+0	1,776E+2	1,774E+2	0,000E+0	3,605E-1	3,555E-1	0,000E+0
671,168	38,800	40,700	7,950E+1	0,000E+0	1,772E+2	1,773E+2	0,000E+0	3,579E-1	3,549E-1	0,000E+0
672,168	39,100	41,000	8,010E+1	0,000E+0	1,775E+2	1,773E+2	0,000E+0	3,590E-1	3,563E-1	0,000E+0
673,169	39,000	41,200	8,020E+1	0,000E+0	1,773E+2	1,774E+2	0,000E+0	3,595E-1	3,575E-1	0,000E+0
674,169	38,900	40,700	7,960E+1	0,000E+0	1,772E+2	1,770E+2	0,000E+0	3,583E-1	3,546E-1	0,000E+0
675,169	39,100	41,200	8,030E+1	0,000E+0	1,772E+2	1,773E+2	0,000E+0	3,610E-1	3,576E-1	0,000E+0
676,169	39,100	40,900	8,000E+1	0,000E+0	1,774E+2	1,771E+2	0,000E+0	3,604E-1	3,561E-1	0,000E+0
677,169	39,100	40,900	8,000E+1	0,000E+0	1,774E+2	1,771E+2	0,000E+0	3,604E-1	3,561E-1	0,000E+0
678,170	39,100	41,000	8,010E+1	0,000E+0	1,773E+2	1,769E+2	0,000E+0	3,609E-1	3,568E-1	0,000E+0
679,170	39,100	40,900	8,000E+1	0,000E+0	1,772E+2	1,771E+2	0,000E+0	3,594E-1	3,558E-1	0,000E+0
680,172	39,100	40,900	8,000E+1	0,000E+0	1,772E+2	1,771E+2	0,000E+0	3,594E-1	3,558E-1	0,000E+0
681,172	39,100	40,800	7,990E+1	0,000E+0	1,773E+2	1,771E+2	0,000E+0	3,603E-1	3,555E-1	0,000E+0
682,172	39,400	40,900	8,030E+1	0,000E+0	1,775E+2	1,769E+2	0,000E+0	3,618E-1	3,556E-1	0,000E+0
683,172	39,100	40,800	7,990E+1	0,000E+0	1,773E+2	1,770E+2	0,000E+0	3,601E-1	3,555E-1	0,000E+0
684,172	39,000	41,000	8,000E+1	0,000E+0	1,771E+2	1,770E+2	0,000E+0	3,592E-1	3,569E-1	0,000E+0
685,172	39,100	40,700	7,980E+1	0,000E+0	1,773E+2	1,770E+2	0,000E+0	3,601E-1	3,547E-1	0,000E+0
686,173	39,100	40,700	7,980E+1	0,000E+0	1,771E+2	1,768E+2	0,000E+0	3,595E-1	3,549E-1	0,000E+0
687,174	38,900	40,700	7,960E+1	0,000E+0	1,772E+2	1,770E+2	0,000E+0	3,580E-1	3,544E-1	0,000E+0
688,173	38,900	40,700	7,960E+1	0,000E+0	1,772E+2	1,770E+2	0,000E+0	3,580E-1	3,544E-1	0,000E+0
689,173	38,900	40,700	7,960E+1	0,000E+0	1,772E+2	1,770E+2	0,000E+0	3,580E-1	3,544E-1	0,000E+0
690,173	38,900	40,700	7,960E+1	0,000E+0	1,772E+2	1,770E+2	0,000E+0	3,580E-1	3,544E-1	0,000E+0
691,173	39,000	41,200	8,020E+1	0,000E+0	1,772E+2	1,773E+2	0,000E+0	3,610E-1	3,578E-1	0,000E+0
692,173	39,000	41,200	8,020E+1	0,000E+0	1,772E+2	1,773E+2	0,000E+0	3,610E-1	3,578E-1	0,000E+0
693,173	39,200	40,900	8,010E+1	0,000E+0	1,773E+2	1,771E+2	0,000E+0	3,607E-1	3,561E-1	0,000E+0
694,175	39,200	40,900	8,010E+1	0,000E+0	1,773E+2	1,771E+2	0,000E+0	3,607E-1	3,561E-1	0,000E+0
695,174	39,200	40,900	8,010E+1	0,000E+0	1,773E+2	1,771E+2	0,000E+0	3,607E-1	3,561E-1	0,000E+0
696,174	39,000	40,700	7,970E+1	0,000E+0	1,773E+2	1,771E+2	0,000E+0	3,586E-1	3,547E-1	0,000E+0
697,174	39,000	40,700	7,970E+1	0,000E+0	1,773E+2	1,771E+2	0,000E+0	3,586E-1	3,547E-1	0,000E+0
698,174	39,200	41,100	8,030E+1	0,000E+0	1,775E+2	1,774E+2	0,000E+0	3,614E-1	3,577E-1	0,000E+0
699,174	39,200	41,100	8,030E+1	0,000E+0	1,775E+2	1,774E+2	0,000E+0	3,614E-1	3,577E-1	0,000E+0
700,174	39,400	41,400	8,080E+1	0,000E+0	1,776E+2	1,774E+2	0,000E+0	3,632E-1	3,593E-1	0,000E+0
701,174	39,400	41,400	8,080E+1	0,000E+0	1,776E+2	1,774E+2	0,000E+0	3,632E-1	3,593E-1	0,000E+0
702,175	39,100	41,100	8,020E+1	0,000E+0	1,774E+2	1,772E+2	0,000E+0	3,602E-1	3,575E-1	0,000E+0
703,175	38,800	40,900	7,970E+1	0,000E+0	1,773E+2	1,773E+2	0,000E+0	3,577E-1	3,551E-1	0,000E+0
704,176	39,000	41,000	8,000E+1	0,000E+0	1,774E+2	1,771E+2	0,000E+0	3,595E-1	3,566E-1	0,000E+0
705,176	38,900	40,600	7,950E+1	0,000E+0	1,772E+2	1,773E+2	0,000E+0	3,583E-1	3,539E-1	0,000E+0
706,176	39,100	40,700	7,980E+1	0,000E+0	1,773E+2	1,769E+2	0,000E+0	3,597E-1	3,551E-1	0,000E+0
707,177	39,000	40,700	7,970E+1	0,000E+0	1,772E+2	1,772E+2	0,000E+0	3,584E-1	3,548E-1	0,000E+0
708,177	39,100	41,100	8,020E+1	0,000E+0	1,773E+2	1,773E+2	0,000E+0	3,605E-1	3,577E-1	0,000E+0
709,178	38,900	41,000	7,990E+1	0,000E+0	1,774E+2	1,771E+2	0,000E+0	3,585E-1	3,562E-1	0,000E+0
710,178	39,000	40,800	7,980E+1	0,000E+0	1,773E+2	1,771E+2	0,000E+0	3,594E-1	3,544E-1	0,000E+0
711,178	39,100	40,900	8,000E+1	0,000E+0	1,774E+2	1,771E+2	0,000E+0	3,600E-1	3,564E-1	0,000E+0
712,178	39,100	41,200	8,030E+1	0,000E+0	1,775E+2	1,774E+2	0,000E+0	3,604E-1	3,576E-1	0,000E+0
713,178	39,100	41,200	8,030E+1	0,000E+0	1,775E+2	1,774E+2	0,000E+0	3,604E-1	3,576E-1	0,000E+0
714,179	39,000	41,200	8,020E+1	0,000E+0	1,773E+2	1,773E+2	0,000E+0	3,597E-1	3,576E-1	0,000E+0
715,178	38,900	40,700	7,960E+1	0,000E+0	1,773E+2	1,769E+2	0,000E+0	3,582E-1	3,553E-1	0,000E+0
716,179	38,900	40,700	7,960E+1	0,000E+0	1,773E+2	1,769E+2	0,000E+0	3,582E-1	3,553E-1	0,000E+0
717,178	39,000	40,900	7,990E+1	0,000E+0	1,772E+2	1,770E+2	0,000E+0	3,598E-1	3,563E-1	0,000E+0
718,178	39,100	41,000	8,010E+1	0,000E+0	1,774E+2	1,770E+2	0,000E+0	3,597E-1	3,559E-1	0,000E+0
719,179	39,000	40,900	7,990E+1	0,000E+0	1,771E+2	1,772E+2	0,000E+0	3,598E-1	3,556E-1	0,000E+0
720,179	39,200	41,100	8,030E+1	0,000E+0	1,773E+2	1,770E+2	0,000E+0	3,605E-1	3,574E-1	0,000E+0
721,180	39,300	40,900	8,020E+1	0,000E+0	1,773E+2	1,772E+2	0,000E+0	3,612E-1	3,563E-1	0,000E+0
722,179	39,000	40,600	7,960E+1	0,000E+0	1,774E+2	1,769E+2	0,000E+0	3,590E-1	3,538E-1	0,000E+0
723,179	39,200	40,900	8,010E+1	0,000E+0	1,776E+2	1,775E+2	0,000E+0	3,604E-1	3,558E-1	0,000E+0
724,179	39,100	41,200	8,030E+1	0,000E+0	1,777E+2	1,775E+2	0,000E+0	3,612E-1	3,577E-1	0,000E+0
725,180	39,100	40,600	7,970E+1	0,000E+0	1,776E+2	1,774E+2	0,000E+0	3,596E-1	3,536E-1	0,000E+0
726,181	39,100	40,600	7,970E+1	0,000E+0	1,776E+2	1,774E+2	0,000E+0	3,596E-1	3,536E-1	0,000E+0
727,181	39,200	40,900	8,010E+1	0,000E+0	1,774E+2	1,773E+2	0,000E+0	3,608E-1	3,571E-1	0,000E+0
728,182	39,300	40,900	8,020E+1	0,000E+0	1,776E+2	1,769E+2	0,000E+0	3,620E-1	3,564E-1	0,000E+0
729,182	38,900	40,900	7,980E+1	0,000E+0	1,774E+2	1,773E+2	0,000E+0	3,591E-1	3,556E-1	0,000E+0
730,182	39,100	40,700	7,980E+1	0,000E+0	1,774E+2	1,771E+2	0,000E+0	3,602E-1	3,553E-1	0,000E+0
731,182	39,100	41,200	8,030E+1	0,000E+0	1,773E+2	1,773E+2	0,000E+0	3,603E-1	3,583E-1	0,000E+0
732,183	39,300	41,000	8,030E+1	0,000E+0	1,776E+2	1,770E+2	0,000E+0	3,616E-1	3,572E-1	0,000E+0
733,184	39,100	40,900	8,000E+1	0,000E+0	1,774E+2	1,770E+2	0,000E+0	3,594E-1	3,556E-1	0,000E+0
734,184	39,000	41,000	8,000E+1	0,000E+0	1,772E+2	1,773E+2	0,000E+0	3,594E-1	3,563E-1	0,000E+0
735,186	39,000	41,000	8,000E+1	0,000E+0	1,772E+2	1,773E+2	0,000E+0	3,594E-1	3,563E-1	0,000E+0
736,185	39,200	40,900	8,010E+1	0,000E+0	1,774E+2	1,771E+2	0,000E+0	3,609E-1	3,562E-1	0,000E+0
737,185	39,200	40,900	8,010E+1	0,000E+0	1,774E+2	1,771E+2	0,000E+0	3,609E-1	3,562E-1	0,000E+0
738,185	38,900	40,900	7,980E+1	0,000E+0	1,774E+2	1,772E+2	0,000E+0	3,585E-1	3,556E-1	0,000E+0
739,185	38,900	40,900	7,980E+1	0,000E+0	1,774E+2	1,772E+2	0,000E+0	3,585E-1	3,556E-1	0,000E+0
740,186	38,900	40,900	7,980E+1	0,000E+0	1,774E+2	1,772E+2	0,000E+0	3,585E-1	3,556E-1	0,000E+0
741,186	38,900	40,900	7,980E+1	0,000E+0	1,773E+2	1,772E+2	0,000E+0	3,595E-1	3,557E-1	0,000E+0
742,187	38,900	40,900	7,980E+1	0,000E+0	1,773E+2	1,772E+2	0,000E+0	3,595E-1	3,557E-1	0,000E+0
743,187	38,900	40,900	7,980E+1	0,000E+0	1,773E+2	1,772E+2	0,000E+0	3,595E-1	3,557E-1	0,000E+0
744,187	38,900	40,900	7,980E+1	0,000E+0	1,773E+2	1,772E+2	0,000E+0	3,595E-1	3,557E-1	0,000E+0
745,188	39,100	41,100	8,020E+1	0,000E+0	1,775E+2	1,772E+2	0,000E+0	3,601E-1	3,567E-1	0,000E+0
746,188	39,100	41,100	8,020E+1	0,000E+0	1,775E+2	1,772E+2	0,000E+0	3,601E-1	3,567E-1	0,000E+0
747,189	38,800	41,000	7,980E+1	0,000E+0	1,776E+2	1,775E+2	0,000E+0	3,583E-1	3,567E-1	0,000E+0
748,189	38,800	41,000	7,980E+1	0,000E+0	1,776E+2	1,775E+2	0,000E+0	3,583E-1	3,567E-1	0,000E+0
749,190	39,200	41,000	8,020E+1	0,000E+0	1,779E+2	1,775E+2	0,000E+0	3,607E-1	3,567E-1	0,000E+0
750,189	38,800	40,700	7,950E+1	0,000E+0	1,775E+2	1,773E+2	0,000E+0	3,568E-1	3,534E-1	0,000E+0
751,189	39,100	41,000	8,010E+1	0,000E+0	1,773E+2	1,771E+2	0,000E+0	3,601E-1	3,572E-1	0,000E+0
752,189	39,100	41,000	8,010E+1	0,000E+0	1,775E+2	1,771E+2	0,000E+0	3,602E-1	3,562E-1	0,000E+0
753,189	39,000	41,000	8,000E+1	0,000E+0	1,772E+2	1,773E+2	0,000E+0	3,592E-1	3,563E-1	0,000E+0
754,189	39,000	41,000	8,000E+1	0,000E+0	1,772E+2	1,773E+2	0,000E+0	3,592E-1	3,563E-1	0,000E+0
755,189	39,000	40,900	7,990E+1	0,000E+0	1,774E+2	1,773E+2	0,000E+0	3,591E-1	3,557E-1	0,000E+0
756,190	39,000	40,900	7,990E+1	0,000E+0	1,774E+2	1,773E+2	0,000E+0	3,591E-1	3,557E-1	0,000E+0
757,189	39,000	40,900	7,990E+1	0,000E+0	1,774E+2	1,773E+2	0,000E+0	3,591E-1	3,557E-1	0,000E+0
758,189	39,200	40,800	8,000E+1	0,000E+0	1,773E+2	1,773E+2	0,000E+0	3,605E-1	3,559E-1	0,000E+0
759,189	39,200	40,800	8,000E+1	0,000E+0	1,773E+2	1,773E+2	0,000E+0	3,605E-1	3,559E-1	0,000E+0
760,189	39,100	41,000	8,010E+1	0,000E+0	1,776E+2	1,772E+2	0,000E+0	3,604E-1	3,569E-1	0,000E+0
761,190	39,100	41,000	8,010E+1	0,000E+0	1,776E+2	1,772E+2	0,000E+0	3,604E-1	3,569E-1	0,000E+0
762,189	39,100	41,000	8,010E+1	0,000E+0	1,776E+2	1,772E+2	0,000E+0	3,604E-1	3,569E-1	0,000E+0
763,190	38,900	40,800	7,970E+1	0,000E+0	1,774E+2	1,773E+2	0,000E+0	3,592E-1	3,554E-1	0,000E+0
764,189	38,900	40,800	7,970E+1	0,000E+0	1,774E+2	1,773E+2	0,000E+0	3,592E-1	3,554E-1	0,000E+0
765,189	38,900	40,800	7,970E+1	0,000E+0	1,774E+2	1,773E+2	0,000E+0	3,592E-1	3,554E-1	0,000E+0
766,189	39,000	41,100	8,010E+1	0,000E+0	1,773E+2	1,771E+2	0,000E+0	3,601E-1	3,579E-1	0,000E+0
767,189	39,000	41,200	8,020E+1	0,000E+0	1,775E+2	1,776E+2	0,000E+0	3,601E-1	3,575E-1	0,000E+0
768,190	39,200	41,000	8,020E+1	0,000E+0	1,776E+2	1,773E+2	0,000E+0	3,606E-1	3,566E-1	0,000E+0
769,189	39,200	40,900	8,010E+1	0,000E+0	1,773E+2	1,774E+2	0,000E+0	3,604E-1	3,555E-1	0,000E+0
770,190	38,900	40,900	7,980E+1	0,000E+0	1,774E+2	1,772E+2	0,000E+0	3,591E-1	3,560E-1	0,000E+0
771,189	38,900	40,900	7,980E+1	0,000E+0	1,774E+2	1,772E+2	0,000E+0	3,591E-1	3,560E-1	0,000E+0
772,189	39,100	40,900	8,000E+1	0,000E+0	1,774E+2	1,771E+2	0,000E+0	3,598E-1	3,556E-1	0,000E+0
773,189	39,100	40,900	8,000E+1	0,000E+0	1,774E+2	1,771E+2	0,000E+0	3,598E-1	3,556E-1	0,000E+0
774,190	39,100	40,900	8,000E+1	0,000E+0	1,774E+2	1,771E+2	0,000E+0	3,598E-1	3,556E-1	0,000E+0
775,191	39,100	40,900	8,000E+1	0,000E+0	1,774E+2	1,771E+2	0,000E+0	3,598E-1	3,556E-1	0,000E+0
776,190	39,100	40,800	7,990E+1	0,000E+0	1,774E+2	1,772E+2	0,000E+0	3,599E-1	3,553E-1	0,000E+0
777,191	39,100	40,800	7,990E+1	0,000E+0	1,774E+2	1,772E+2	0,000E+0	3,599E-1	3,553E-1	0,000E+0
778,190	39,100	40,800	7,990E+1	0,000E+0	1,774E+2	1,772E+2	0,000E+0	3,599E-1	3,553E-1	0,000E+0
779,190	39,100	40,800	7,990E+1	0,000E+0	1,771E+2	1,771E+2	0,000E+0	3,600E-1	3,556E-1	0,000E+0
780,190	39,100	40,800	7,990E+1	0,000E+0	1,771E+2	1,771E+2	0,000E+0	3,600E-1	3,556E-1	0,000E+0
781,191	39,100	40,800	7,990E+1	0,000E+0	1,771E+2	1,771E+2	0,000E+0	3,600E-1	3,556E-1	0,000E+0
782,192	39,000	40,800	7,980E+1	0,000E+0	1,773E+2	1,770E+2	0,000E+0	3,594E-1	3,555E-1	0,000E+0
783,191	39,000	40,800	7,980E+1	0,000E+0	1,773E+2	1,770E+2	0,000E+0	3,594E-1	3,555E-1	0,000E+0
784,191	39,200	41,000	8,020E+1	0,000E+0	1,773E+2	1,770E+2	0,000E+0	3,609E-1	3,576E-1	0,000E+0
785,191	38,900	40,600	7,950E+1	0,000E+0	1,774E+2	1,770E+2	0,000E+0	3,588E-1	3,536E-1	0,000E+0
786,191	39,300	41,000	8,030E+1	0,000E+0	1,773E+2	1,771E+2	0,000E+0	3,613E-1	3,568E-1	0,000E+0
787,191	39,300	41,000	8,030E+1	0,000E+0	1,773E+2	1,771E+2	0,000E+0	3,613E-1	3,568E-1	0,000E+0
788,191	38,900	40,900	7,980E+1	0,000E+0	1,772E+2	1,771E+2	0,000E+0	3,587E-1	3,560E-1	0,000E+0
789,193	39,000	40,800	7,980E+1	0,000E+0	1,772E+2	1,770E+2	0,000E+0	3,593E-1	3,555E-1	0,000E+0
790,192	39,200	41,000	8,020E+1	0,000E+0	1,773E+2	1,771E+2	0,000E+0	3,610E-1	3,569E-1	0,000E+0
791,193	39,200	40,900	8,010E+1	0,000E+0	1,771E+2	1,769E+2	0,000E+0	3,615E-1	3,566E-1	0,000E+0
792,194	39,200	40,900	8,010E+1	0,000E+0	1,771E+2	1,769E+2	0,000E+0	3,615E-1	3,566E-1	0,000E+0
793,194	39,200	40,900	8,010E+1	0,000E+0	1,771E+2	1,769E+2	0,000E+0	3,615E-1	3,566E-1	0,000E+0
794,196	39,200	40,900	8,010E+1	0,000E+0	1,773E+2	1,771E+2	0,000E+0	3,612E-1	3,563E-1	0,000E+0
795,195	39,200	40,900	8,010E+1	0,000E+0	1,773E+2	1,771E+2	0,000E+0	3,612E-1	3,563E-1	0,000E+0
796,196	38,800	40,800	7,960E+1	0,000E+0	1,772E+2	1,771E+2	0,000E+0	3,582E-1	3,551E-1	0,000E+0
797,195	38,800	40,800	7,960E+1	0,000E+0	1,772E+2	1,771E+2	0,000E+0	3,582E-1	3,551E-1	0,000E+0
798,195	39,200	40,900	8,010E+1	0,000E+0	1,772E+2	1,770E+2	0,000E+0	3,612E-1	3,560E-1	0,000E+0
799,196	39,200	40,900	8,010E+1	0,000E+0	1,772E+2	1,770E+2	0,000E+0	3,612E-1	3,560E-1	0,000E+0
800,196	39,100	40,800	7,990E+1	0,000E+0	1,772E+2	1,771E+2	0,000E+0	3,603E-1	3,565E-1	0,000E+0
801,197	39,100	40,800	7,990E+1	0,000E+0	1,772E+2	1,771E+2	0,000E+0	3,603E-1	3,565E-1	0,000E+0
802,196	39,100	40,800	7,990E+1	0,000E+0	1,772E+2	1,771E+2	0,000E+0	3,603E-1	3,565E-1	0,000E+0
803,197	39,000	41,000	8,000E+1	0,000E+0	1,771E+2	1,769E+2	0,000E+0	3,597E-1	3,565E-1	0,000E+0
804,198	39,100	40,800	7,990E+1	0,000E+0	1,774E+2	1,771E+2	0,000E+0	3,596E-1	3,556E-1	0,000E+0
805,198	39,000	40,900	7,990E+1	0,000E+0	1,771E+2	1,770E+2	0,000E+0	3,587E-1	3,564E-1	0,000E+0
806,198	38,800	40,800	7,960E+1	0,000E+0	1,772E+2	1,771E+2	0,000E+0	3,576E-1	3,553E-1	0,000E+0
807,198	39,100	40,800	7,990E+1	0,000E+0	1,773E+2	1,771E+2	0,000E+0	3,601E-1	3,558E-1	0,000E+0
808,199	39,100	40,800	7,990E+1	0,000E+0	1,773E+2	1,771E+2	0,000E+0	3,601E-1	3,558E-1	0,000E+0
809,199	39,000	40,900	7,990E+1	0,000E+0	1,773E+2	1,771E+2	0,000E+0	3,589E-1	3,555E-1	0,000E+0
810,199	39,200	41,100	8,030E+1	0,000E+0	1,774E+2	1,772E+2	0,000E+0	3,614E-1	3,573E-1	0,000E+0
811,200	38,800	40,800	7,960E+1	0,000E+0	1,771E+2	1,772E+2	0,000E+0	3,587E-1	3,559E-1	0,000E+0
812,199	38,800	40,800	7,960E+1	0,000E+0	1,771E+2	1,772E+2	0,000E+0	3,587E-1	3,559E-1	0,000E+0
813,200	38,800	40,800	7,960E+1	0,000E+0	1,771E+2	1,772E+2	0,000E+0	3,587E-1	3,559E-1	0,000E+0
814,199	39,200	41,000	8,020E+1	0,000E+0	1,771E+2	1,771E+2	0,000E+0	3,617E-1	3,574E-1	0,000E+0
815,200	39,200	41,000	8,020E+1	0,000E+0	1,771E+2	1,771E+2	0,000E+0	3,617E-1	3,574E-1	0,000E+0
816,200	39,200	41,000	8,020E+1	0,000E+0	1,771E+2	1,771E+2	0,000E+0	3,617E-1	3,574E-1	0,000E+0
817,200	39,100	41,100	8,020E+1	0,000E+0	1,774E+2	1,773E+2	0,000E+0	3,603E-1	3,570E-1	0,000E+0
818,201	39,100	41,100	8,020E+1	0,000E+0	1,774E+2	1,773E+2	0,000E+0	3,603E-1	3,570E-1	0,000E+0
819,200	39,100	41,100	8,020E+1	0,000E+0	1,774E+2	1,773E+2	0,000E+0	3,603E-1	3,570E-1	0,000E+0
820,201	39,100	41,100	8,020E+1	0,000E+0	1,774E+2	1,773E+2	0,000E+0	3,603E-1	3,570E-1	0,000E+0
821,200	38,900	40,600	7,950E+1	0,000E+0	1,771E+2	1,770E+2	0,000E+0	3,585E-1	3,543E-1	0,000E+0
822,200	39,000	40,800	7,980E+1	0,000E+0	1,772E+2	1,772E+2	0,000E+0	3,582E-1	3,552E-1	0,000E+0
823,200	39,000	40,800	7,980E+1	0,000E+0	1,770E+2	1,770E+2	0,000E+0	3,592E-1	3,560E-1	0,000E+0
824,200	39,000	40,800	7,980E+1	0,000E+0	1,770E+2	1,770E+2	0,000E+0	3,592E-1	3,560E-1	0,000E+0
825,201	39,200	41,000	8,020E+1	0,000E+0	1,773E+2	1,771E+2	0,000E+0	3,611E-1	3,569E-1	0,000E+0
826,200	39,100	40,800	7,990E+1	0,000E+0	1,773E+2	1,769E+2	0,000E+0	3,598E-1	3,551E-1	0,000E+0
827,200	39,000	40,900	7,990E+1	0,000E+0	1,772E+2	1,771E+2	0,000E+0	3,601E-1	3,571E-1	0,000E+0
828,200	39,100	41,000	8,010E+1	0,000E+0	1,773E+2	1,772E+2	0,000E+0	3,598E-1	3,564E-1	0,000E+0
829,200	39,100	41,000	8,010E+1	0,000E+0	1,772E+2	1,771E+2	0,000E+0	3,610E-1	3,576E-1	0,000E+0
830,201	39,100	41,000	8,010E+1	0,000E+0	1,772E+2	1,771E+2	0,000E+0	3,610E-1	3,576E-1	0,000E+0
831,200	39,100	41,000	8,010E+1	0,000E+0	1,772E+2	1,771E+2	0,000E+0	3,610E-1	3,576E-1	0,000E+0
832,201	39,100	41,000	8,010E+1	0,000E+0	1,772E+2	1,771E+2	0,000E+0	3,610E-1	3,576E-1	0,000E+0
833,200	39,100	41,000	8,010E+1	0,000E+0	1,771E+2	1,769E+2	0,000E+0	3,598E-1	3,570E-1	0,000E+0
834,200	39,100	41,000	8,010E+1	0,000E+0	1,771E+2	1,769E+2	0,000E+0	3,598E-1	3,570E-1	0,000E+0
835,200	38,900	40,800	7,970E+1	0,000E+0	1,771E+2	1,772E+2	0,000E+0	3,584E-1	3,553E-1	0,000E+0
836,200	38,900	40,800	7,970E+1	0,000E+0	1,771E+2	1,772E+2	0,000E+0	3,584E-1	3,553E-1	0,000E+0
837,201	39,100	41,300	8,040E+1	0,000E+0	1,772E+2	1,771E+2	0,000E+0	3,601E-1	3,586E-1	0,000E+0
838,200	39,100	41,300	8,040E+1	0,000E+0	1,772E+2	1,771E+2	0,000E+0	3,601E-1	3,586E-1	0,000E+0
839,201	39,100	41,300	8,040E+1	0,000E+0	1,772E+2	1,771E+2	0,000E+0	3,601E-1	3,586E-1	0,000E+0
840,201	39,100	41,000	8,010E+1	0,000E+0	1,773E+2	1,769E+2	0,000E+0	3,605E-1	3,569E-1	0,000E+0
841,201	39,100	41,000	8,010E+1	0,000E+0	1,773E+2	1,769E+2	0,000E+0	3,605E-1	3,569E-1	0,000E+0
842,201	39,000	40,700	7,970E+1	0,000E+0	1,778E+2	1,774E+2	0,000E+0	3,587E-1	3,540E-1	0,000E+0
843,202	38,900	40,800	7,970E+1	0,000E+0	1,772E+2	1,772E+2	0,000E+0	3,589E-1	3,555E-1	0,000E+0
844,203	39,000	40,800	7,980E+1	0,000E+0	1,773E+2	1,771E+2	0,000E+0	3,598E-1	3,560E-1	0,000E+0
845,202	39,200	40,900	8,010E+1	0,000E+0	1,773E+2	1,771E+2	0,000E+0	3,615E-1	3,569E-1	0,000E+0
846,202	39,100	40,800	7,990E+1	0,000E+0	1,774E+2	1,770E+2	0,000E+0	3,604E-1	3,561E-1	0,000E+0
847,202	39,200	40,900	8,010E+1	0,000E+0	1,774E+2	1,773E+2	0,000E+0	3,609E-1	3,566E-1	0,000E+0
848,203	39,200	40,900	8,010E+1	0,000E+0	1,774E+2	1,773E+2	0,000E+0	3,609E-1	3,566E-1	0,000E+0
849,204	39,100	41,000	8,010E+1	0,000E+0	1,771E+2	1,769E+2	0,000E+0	3,607E-1	3,569E-1	0,000E+0
850,205	39,100	41,000	8,010E+1	0,000E+0	1,771E+2	1,768E+2	0,000E+0	3,605E-1	3,571E-1	0,000E+0
851,204	38,900	40,800	7,970E+1	0,000E+0	1,770E+2	1,769E+2	0,000E+0	3,581E-1	3,554E-1	0,000E+0
852,204	39,000	40,900	7,990E+1	0,000E+0	1,770E+2	1,768E+2	0,000E+0	3,599E-1	3,561E-1	0,000E+0
853,204	39,000	40,900	7,990E+1	0,000E+0	1,770E+2	1,768E+2	0,000E+0	3,599E-1	3,561E-1	0,000E+0
854,204	39,000	40,900	7,990E+1	0,000E+0	1,770E+2	1,768E+2	0,000E+0	3,599E-1	3,561E-1	0,000E+0
855,205	39,000	40,900	7,990E+1	0,000E+0	1,770E+2	1,768E+2	0,000E+0	3,599E-1	3,561E-1	0,000E+0
856,206	38,900	40,900	7,980E+1	0,000E+0	1,770E+2	1,768E+2	0,000E+0	3,599E-1	3,565E-1	0,000E+0
857,205	38,900	40,900	7,980E+1	0,000E+0	1,770E+2	1,768E+2	0,000E+0	3,599E-1	3,565E-1	0,000E+0
858,205	38,900	40,900	7,980E+1	0,000E+0	1,770E+2	1,768E+2	0,000E+0	3,599E-1	3,565E-1	0,000E+0
859,205	39,000	40,900	7,990E+1	0,000E+0	1,768E+2	1,767E+2	0,000E+0	3,599E-1	3,566E-1	0,000E+0
860,205	39,000	40,900	7,990E+1	0,000E+0	1,768E+2	1,767E+2	0,000E+0	3,599E-1	3,566E-1	0,000E+0
861,205	39,200	40,900	8,010E+1	0,000E+0	1,769E+2	1,765E+2	0,000E+0	3,619E-1	3,571E-1	0,000E+0
862,205	39,200	40,900	8,010E+1	0,000E+0	1,769E+2	1,765E+2	0,000E+0	3,619E-1	3,571E-1	0,000E+0
863,206	38,900	41,100	8,000E+1	0,000E+0	1,768E+2	1,768E+2	0,000E+0	3,595E-1	3,570E-1	0,000E+0
864,205	38,900	41,100	8,000E+1	0,000E+0	1,768E+2	1,768E+2	0,000E+0	3,595E-1	3,570E-1	0,000E+0
865,205	38,900	40,800	7,970E+1	0,000E+0	1,771E+2	1,769E+2	0,000E+0	3,585E-1	3,549E-1	0,000E+0
866,205	38,900	40,900	7,980E+1	0,000E+0	1,769E+2	1,768E+2	0,000E+0	3,589E-1	3,558E-1	0,000E+0
867,205	39,100	40,900	8,000E+1	0,000E+0	1,771E+2	1,769E+2	0,000E+0	3,606E-1	3,564E-1	0,000E+0
868,205	39,100	40,800	7,990E+1	0,000E+0	1,770E+2	1,769E+2	0,000E+0	3,601E-1	3,560E-1	0,000E+0
869,206	38,900	40,800	7,970E+1	0,000E+0	1,769E+2	1,768E+2	0,000E+0	3,588E-1	3,554E-1	0,000E+0
870,208	39,100	41,000	8,010E+1	0,000E+0	1,769E+2	1,770E+2	0,000E+0	3,604E-1	3,567E-1	0,000E+0
871,207	39,200	41,000	8,020E+1	0,000E+0	1,770E+2	1,768E+2	0,000E+0	3,610E-1	3,571E-1	0,000E+0
872,208	39,200	40,900	8,010E+1	0,000E+0	1,770E+2	1,767E+2	0,000E+0	3,614E-1	3,565E-1	0,000E+0
873,208	39,100	40,900	8,000E+1	0,000E+0	1,771E+2	1,768E+2	0,000E+0	3,609E-1	3,557E-1	0,000E+0
874,208	39,200	40,900	8,010E+1	0,000E+0	1,771E+2	1,767E+2	0,000E+0	3,615E-1	3,570E-1	0,000E+0
875,209	39,000	41,200	8,020E+1	0,000E+0	1,768E+2	1,768E+2	0,000E+0	3,605E-1	3,583E-1	0,000E+0
876,209	39,100	40,800	7,990E+1	0,000E+0	1,769E+2	1,768E+2	0,000E+0	3,607E-1	3,563E-1	0,000E+0
877,211	39,100	40,800	7,990E+1	0,000E+0	1,769E+2	1,768E+2	0,000E+0	3,607E-1	3,563E-1	0,000E+0
878,210	39,200	40,900	8,010E+1	0,000E+0	1,771E+2	1,767E+2	0,000E+0	3,613E-1	3,570E-1	0,000E+0
879,211	39,200	40,900	8,010E+1	0,000E+0	1,771E+2	1,767E+2	0,000E+0	3,613E-1	3,570E-1	0,000E+0
880,211	39,000	41,000	8,000E+1	0,000E+0	1,770E+2	1,769E+2	0,000E+0	3,594E-1	3,573E-1	0,000E+0
881,212	39,100	40,800	7,990E+1	0,000E+0	1,770E+2	1,767E+2	0,000E+0	3,607E-1	3,561E-1	0,000E+0
882,213	39,000	41,000	8,000E+1	0,000E+0	1,769E+2	1,767E+2	0,000E+0	3,607E-1	3,569E-1	0,000E+0
883,212	39,300	41,300	8,060E+1	0,000E+0	1,769E+2	1,769E+2	0,000E+0	3,628E-1	3,597E-1	0,000E+0
884,212	39,100	40,800	7,990E+1	0,000E+0	1,770E+2	1,767E+2	0,000E+0	3,599E-1	3,560E-1	0,000E+0
885,213	39,100	40,900	8,000E+1	0,000E+0	1,770E+2	1,767E+2	0,000E+0	3,602E-1	3,568E-1	0,000E+0
886,213	39,100	40,900	8,000E+1	0,000E+0	1,770E+2	1,767E+2	0,000E+0	3,602E-1	3,568E-1	0,000E+0
887,213	38,700	41,000	7,970E+1	0,000E+0	1,768E+2	1,767E+2	0,000E+0	3,580E-1	3,568E-1	0,000E+0
888,213	39,100	41,100	8,020E+1	0,000E+0	1,770E+2	1,769E+2	0,000E+0	3,600E-1	3,572E-1	0,000E+0
889,215	38,800	40,800	7,960E+1	0,000E+0	1,769E+2	1,768E+2	0,000E+0	3,592E-1	3,555E-1	0,000E+0
890,214	38,800	40,900	7,970E+1	0,000E+0	1,769E+2	1,768E+2	0,000E+0	3,591E-1	3,570E-1	0,000E+0
891,215	39,000	41,000	8,000E+1	0,000E+0	1,769E+2	1,768E+2	0,000E+0	3,601E-1	3,569E-1	0,000E+0
892,215	39,000	41,000	8,000E+1	0,000E+0	1,769E+2	1,768E+2	0,000E+0	3,601E-1	3,569E-1	0,000E+0
893,216	39,200	41,000	8,020E+1	0,000E+0	1,769E+2	1,767E+2	0,000E+0	3,612E-1	3,574E-1	0,000E+0
894,217	39,000	41,000	8,000E+1	0,000E+0	1,770E+2	1,769E+2	0,000E+0	3,591E-1	3,562E-1	0,000E+0
895,216	39,300	40,800	8,010E+1	0,000E+0	1,773E+2	1,768E+2	0,000E+0	3,619E-1	3,560E-1	0,000E+0
896,216	39,100	40,900	8,000E+1	0,000E+0	1,770E+2	1,769E+2	0,000E+0	3,603E-1	3,558E-1	0,000E+0
897,217	39,200	40,900	8,010E+1	0,000E+0	1,770E+2	1,767E+2	0,000E+0	3,616E-1	3,565E-1	0,000E+0
898,217	39,200	40,900	8,010E+1	0,000E+0	1,770E+2	1,767E+2	0,000E+0	3,616E-1	3,565E-1	0,000E+0
899,218	39,100	40,900	8,000E+1	0,000E+0	1,770E+2	1,767E+2	0,000E+0	3,598E-1	3,560E-1	0,000E+0
900,219	38,800	40,900	7,970E+1	0,000E+0	1,768E+2	1,768E+2	0,000E+0	3,586E-1	3,558E-1	0,000E+0
901,220	38,800	40,900	7,970E+1	0,000E+0	1,768E+2	1,768E+2	0,000E+0	3,586E-1	3,558E-1	0,000E+0
902,219	39,100	41,100	8,020E+1	0,000E+0	1,769E+2	1,768E+2	0,000E+0	3,601E-1	3,575E-1	0,000E+0
903,219	39,200	40,900	8,010E+1	0,000E+0	1,769E+2	1,766E+2	0,000E+0	3,617E-1	3,568E-1	0,000E+0
904,219	39,200	40,900	8,010E+1	0,000E+0	1,769E+2	1,766E+2	0,000E+0	3,617E-1	3,568E-1	0,000E+0
905,220	39,100	40,800	7,990E+1	0,000E+0	1,768E+2	1,768E+2	0,000E+0	3,608E-1	3,563E-1	0,000E+0
906,220	39,200	41,000	8,020E+1	0,000E+0	1,770E+2	1,767E+2	0,000E+0	3,610E-1	3,570E-1	0,000E+0
907,220	39,000	41,000	8,000E+1	0,000E+0	1,768E+2	1,768E+2	0,000E+0	3,598E-1	3,571E-1	0,000E+0
908,221	39,100	40,900	8,000E+1	0,000E+0	1,768E+2	1,767E+2	0,000E+0	3,603E-1	3,565E-1	0,000E+0
909,220	39,100	41,000	8,010E+1	0,000E+0	1,769E+2	1,767E+2	0,000E+0	3,610E-1	3,570E-1	0,000E+0
910,220	38,800	40,800	7,960E+1	0,000E+0	1,766E+2	1,767E+2	0,000E+0	3,589E-1	3,562E-1	0,000E+0
911,220	39,100	40,800	7,990E+1	0,000E+0	1,770E+2	1,767E+2	0,000E+0	3,596E-1	3,556E-1	0,000E+0
912,220	39,000	41,000	8,000E+1	0,000E+0	1,768E+2	1,766E+2	0,000E+0	3,602E-1	3,574E-1	0,000E+0
913,220	39,100	41,000	8,010E+1	0,000E+0	1,769E+2	1,765E+2	0,000E+0	3,602E-1	3,567E-1	0,000E+0
914,222	39,100	41,000	8,010E+1	0,000E+0	1,769E+2	1,765E+2	0,000E+0	3,602E-1	3,567E-1	0,000E+0
915,221	39,000	40,900	7,990E+1	0,000E+0	1,768E+2	1,770E+2	0,000E+0	3,604E-1	3,559E-1	0,000E+0
916,222	39,000	41,000	8,000E+1	0,000E+0	1,768E+2	1,767E+2	0,000E+0	3,602E-1	3,575E-1	0,000E+0
917,221	39,100	41,000	8,010E+1	0,000E+0	1,768E+2	1,766E+2	0,000E+0	3,606E-1	3,577E-1	0,000E+0
918,221	38,900	41,100	8,000E+1	0,000E+0	1,765E+2	1,768E+2	0,000E+0	3,593E-1	3,569E-1	0,000E+0
919,221	39,100	40,700	7,980E+1	0,000E+0	1,769E+2	1,765E+2	0,000E+0	3,604E-1	3,555E-1	0,000E+0
920,223	39,000	41,000	8,000E+1	0,000E+0	1,767E+2	1,767E+2	0,000E+0	3,599E-1	3,566E-1	0,000E+0
921,222	39,000	40,700	7,970E+1	0,000E+0	1,768E+2	1,766E+2	0,000E+0	3,591E-1	3,548E-1	0,000E+0
922,223	39,400	41,600	8,100E+1	0,000E+0	1,769E+2	1,768E+2	0,000E+0	3,649E-1	3,630E-1	0,000E+0
923,223	60,300	71,400	1,317E+2	0,000E+0	1,802E+2	1,802E+2	0,000E+0	5,968E-1	5,919E-1	0,000E+0
924,223	63,200	75,700	1,389E+2	0,000E+0	1,825E+2	1,820E+2	0,000E+0	6,177E-1	6,123E-1	0,000E+0
925,223	57,900	67,400	1,253E+2	0,000E+0	1,813E+2	1,809E+2	0,000E+0	5,587E-1	5,532E-1	0,000E+0
926,223	57,900	67,400	1,253E+2	0,000E+0	1,813E+2	1,809E+2	0,000E+0	5,587E-1	5,532E-1	0,000E+0
927,224	61,300	73,300	1,346E+2	0,000E+0	1,817E+2	1,813E+2	0,000E+0	6,002E-1	5,961E-1	0,000E+0
928,223	62,000	73,600	1,356E+2	0,000E+0	1,821E+2	1,816E+2	0,000E+0	6,034E-1	5,976E-1	0,000E+0
929,223	62,500	74,000	1,365E+2	0,000E+0	1,819E+2	1,817E+2	0,000E+0	6,090E-1	6,017E-1	0,000E+0
930,223	63,300	75,800	1,391E+2	0,000E+0	1,822E+2	1,819E+2	0,000E+0	6,182E-1	6,131E-1	0,000E+0
931,223	63,700	76,300	1,400E+2	0,000E+0	1,821E+2	1,820E+2	0,000E+0	6,238E-1	6,175E-1	0,000E+0
932,224	64,500	77,800	1,423E+2	0,000E+0	1,826E+2	1,822E+2	0,000E+0	6,337E-1	6,276E-1	0,000E+0
933,224	64,900	78,200	1,431E+2	0,000E+0	1,825E+2	1,823E+2	0,000E+0	6,368E-1	6,297E-1	0,000E+0
934,226	65,000	79,000	1,440E+2	0,000E+0	1,824E+2	1,825E+2	0,000E+0	6,383E-1	6,349E-1	0,000E+0
935,225	65,100	79,400	1,445E+2	0,000E+0	1,826E+2	1,826E+2	0,000E+0	6,415E-1	6,374E-1	0,000E+0
936,226	65,400	79,800	1,452E+2	0,000E+0	1,828E+2	1,827E+2	0,000E+0	6,459E-1	6,408E-1	0,000E+0
937,225	65,400	79,800	1,452E+2	0,000E+0	1,828E+2	1,827E+2	0,000E+0	6,459E-1	6,408E-1	0,000E+0
938,226	66,400	80,800	1,472E+2	0,000E+0	1,830E+2	1,828E+2	0,000E+0	6,555E-1	6,483E-1	0,000E+0
939,227	66,500	80,900	1,474E+2	0,000E+0	1,829E+2	1,828E+2	0,000E+0	6,557E-1	6,485E-1	0,000E+0
940,226	66,300	81,000	1,473E+2	0,000E+0	1,832E+2	1,830E+2	0,000E+0	6,546E-1	6,490E-1	0,000E+0
941,228	66,700	81,400	1,481E+2	0,000E+0	1,830E+2	1,826E+2	0,000E+0	6,594E-1	6,532E-1	0,000E+0
942,227	66,700	81,400	1,481E+2	0,000E+0	1,830E+2	1,826E+2	0,000E+0	6,594E-1	6,532E-1	0,000E+0
943,227	67,000	81,500	1,485E+2	0,000E+0	1,831E+2	1,828E+2	0,000E+0	6,606E-1	6,530E-1	0,000E+0
944,228	66,800	81,700	1,485E+2	0,000E+0	1,831E+2	1,829E+2	0,000E+0	6,599E-1	6,555E-1	0,000E+0
945,228	66,700	81,700	1,484E+2	0,000E+0	1,829E+2	1,827E+2	0,000E+0	6,595E-1	6,545E-1	0,000E+0
946,230	67,000	82,100	1,491E+2	0,000E+0	1,832E+2	1,831E+2	0,000E+0	6,626E-1	6,567E-1	0,000E+0
947,230	67,100	81,800	1,489E+2	0,000E+0	1,831E+2	1,828E+2	0,000E+0	6,626E-1	6,556E-1	0,000E+0
948,231	67,100	81,800	1,489E+2	0,000E+0	1,831E+2	1,828E+2	0,000E+0	6,626E-1	6,556E-1	0,000E+0
949,231	66,900	82,000	1,489E+2	0,000E+0	1,831E+2	1,829E+2	0,000E+0	6,606E-1	6,569E-1	0,000E+0
950,230	67,200	82,000	1,492E+2	0,000E+0	1,832E+2	1,827E+2	0,000E+0	6,656E-1	6,570E-1	0,000E+0
951,232	67,400	82,000	1,494E+2	0,000E+0	1,829E+2	1,827E+2	0,000E+0	6,639E-1	6,570E-1	0,000E+0
952,232	67,100	82,400	1,495E+2	0,000E+0	1,831E+2	1,830E+2	0,000E+0	6,644E-1	6,588E-1	0,000E+0
953,232	67,000	82,000	1,490E+2	0,000E+0	1,831E+2	1,830E+2	0,000E+0	6,629E-1	6,562E-1	0,000E+0
954,233	67,300	82,200	1,495E+2	0,000E+0	1,834E+2	1,829E+2	0,000E+0	6,663E-1	6,574E-1	0,000E+0
955,233	67,200	82,200	1,494E+2	0,000E+0	1,831E+2	1,829E+2	0,000E+0	6,657E-1	6,581E-1	0,000E+0
956,234	67,300	82,500	1,498E+2	0,000E+0	1,832E+2	1,829E+2	0,000E+0	6,640E-1	6,589E-1	0,000E+0
957,234	67,400	82,500	1,499E+2	0,000E+0	1,828E+2	1,830E+2	0,000E+0	6,651E-1	6,598E-1	0,000E+0
958,234	67,300	82,300	1,496E+2	0,000E+0	1,831E+2	1,827E+2	0,000E+0	6,659E-1	6,595E-1	0,000E+0
959,234	67,300	82,300	1,496E+2	0,000E+0	1,831E+2	1,827E+2	0,000E+0	6,659E-1	6,595E-1	0,000E+0
960,234	67,000	82,700	1,497E+2	0,000E+0	1,832E+2	1,830E+2	0,000E+0	6,648E-1	6,603E-1	0,000E+0
961,235	67,200	82,200	1,494E+2	0,000E+0	1,831E+2	1,829E+2	0,000E+0	6,646E-1	6,589E-1	0,000E+0
962,235	67,300	82,600	1,499E+2	0,000E+0	1,833E+2	1,831E+2	0,000E+0	6,658E-1	6,605E-1	0,000E+0
963,237	67,300	82,100	1,494E+2	0,000E+0	1,833E+2	1,829E+2	0,000E+0	6,647E-1	6,571E-1	0,000E+0
964,237	67,100	82,500	1,496E+2	0,000E+0	1,833E+2	1,830E+2	0,000E+0	6,652E-1	6,597E-1	0,000E+0
965,237	67,300	82,400	1,497E+2	0,000E+0	1,833E+2	1,832E+2	0,000E+0	6,660E-1	6,592E-1	0,000E+0
966,237	67,500	82,000	1,495E+2	0,000E+0	1,836E+2	1,832E+2	0,000E+0	6,664E-1	6,570E-1	0,000E+0
967,237	67,400	82,600	1,500E+2	0,000E+0	1,833E+2	1,832E+2	0,000E+0	6,664E-1	6,601E-1	0,000E+0
968,237	67,300	82,400	1,497E+2	0,000E+0	1,833E+2	1,831E+2	0,000E+0	6,649E-1	6,595E-1	0,000E+0
969,237	67,400	82,500	1,499E+2	0,000E+0	1,831E+2	1,832E+2	0,000E+0	6,649E-1	6,596E-1	0,000E+0
970,238	67,400	82,500	1,499E+2	0,000E+0	1,831E+2	1,832E+2	0,000E+0	6,649E-1	6,596E-1	0,000E+0
971,237	67,400	82,500	1,499E+2	0,000E+0	1,831E+2	1,832E+2	0,000E+0	6,649E-1	6,596E-1	0,000E+0
972,237	67,400	82,500	1,499E+2	0,000E+0	1,831E+2	1,832E+2	0,000E+0	6,649E-1	6,596E-1	0,000E+0
973,237	67,400	82,500	1,499E+2	0,000E+0	1,831E+2	1,832E+2	0,000E+0	6,649E-1	6,596E-1	0,000E+0
974,237	67,200	82,400	1,496E+2	0,000E+0	1,832E+2	1,832E+2	0,000E+0	6,648E-1	6,589E-1	0,000E+0
975,238	67,200	82,400	1,496E+2	0,000E+0	1,832E+2	1,832E+2	0,000E+0	6,648E-1	6,589E-1	0,000E+0
976,237	67,200	82,400	1,496E+2	0,000E+0	1,832E+2	1,832E+2	0,000E+0	6,648E-1	6,589E-1	0,000E+0
977,239	67,200	82,400	1,496E+2	0,000E+0	1,832E+2	1,832E+2	0,000E+0	6,648E-1	6,589E-1	0,000E+0
978,238	67,400	82,300	1,497E+2	0,000E+0	1,835E+2	1,829E+2	0,000E+0	6,668E-1	6,589E-1	0,000E+0
979,238	67,000	82,300	1,493E+2	0,000E+0	1,833E+2	1,830E+2	0,000E+0	6,635E-1	6,591E-1	0,000E+0
980,238	67,000	82,300	1,493E+2	0,000E+0	1,833E+2	1,830E+2	0,000E+0	6,635E-1	6,591E-1	0,000E+0
981,238	67,000	82,200	1,492E+2	0,000E+0	1,831E+2	1,832E+2	0,000E+0	6,639E-1	6,571E-1	0,000E+0
982,239	67,000	82,200	1,492E+2	0,000E+0	1,831E+2	1,829E+2	0,000E+0	6,638E-1	6,580E-1	0,000E+0
983,238	67,400	82,800	1,502E+2	0,000E+0	1,833E+2	1,830E+2	0,000E+0	6,680E-1	6,618E-1	0,000E+0
984,239	67,300	82,500	1,498E+2	0,000E+0	1,832E+2	1,829E+2	0,000E+0	6,675E-1	6,598E-1	0,000E+0
985,238	67,200	82,300	1,495E+2	0,000E+0	1,831E+2	1,829E+2	0,000E+0	6,647E-1	6,586E-1	0,000E+0
986,238	67,400	82,600	1,500E+2	0,000E+0	1,831E+2	1,831E+2	0,000E+0	6,663E-1	6,595E-1	0,000E+0
987,239	67,400	82,500	1,499E+2	0,000E+0	1,831E+2	1,828E+2	0,000E+0	6,666E-1	6,608E-1	0,000E+0
988,240	67,400	82,500	1,499E+2	0,000E+0	1,831E+2	1,828E+2	0,000E+0	6,666E-1	6,608E-1	0,000E+0
989,239	67,500	82,600	1,501E+2	0,000E+0	1,834E+2	1,830E+2	0,000E+0	6,657E-1	6,595E-1	0,000E+0
990,240	67,100	82,800	1,499E+2	0,000E+0	1,834E+2	1,833E+2	0,000E+0	6,656E-1	6,614E-1	0,000E+0
991,239	67,200	82,700	1,499E+2	0,000E+0	1,834E+2	1,832E+2	0,000E+0	6,645E-1	6,611E-1	0,000E+0
992,239	67,200	82,900	1,501E+2	0,000E+0	1,834E+2	1,834E+2	0,000E+0	6,649E-1	6,624E-1	0,000E+0
993,239	67,300	82,300	1,496E+2	0,000E+0	1,836E+2	1,833E+2	0,000E+0	6,657E-1	6,584E-1	0,000E+0
994,239	67,600	82,200	1,498E+2	0,000E+0	1,838E+2	1,832E+2	0,000E+0	6,681E-1	6,586E-1	0,000E+0
995,240	67,300	82,600	1,499E+2	0,000E+0	1,834E+2	1,831E+2	0,000E+0	6,648E-1	6,605E-1	0,000E+0
996,240	67,400	82,700	1,501E+2	0,000E+0	1,835E+2	1,834E+2	0,000E+0	6,654E-1	6,603E-1	0,000E+0
997,240	67,200	82,500	1,497E+2	0,000E+0	1,834E+2	1,835E+2	0,000E+0	6,642E-1	6,599E-1	0,000E+0
998,240	67,200	82,500	1,497E+2	0,000E+0	1,834E+2	1,835E+2	0,000E+0	6,642E-1	6,599E-1	0,000E+0
999,240	67,200	82,500	1,497E+2	0,000E+0	1,834E+2	1,835E+2	0,000E+0	6,642E-1	6,599E-1	0,000E+0
1000,240	67,200	82,500	1,497E+2	0,000E+0	1,834E+2	1,835E+2	0,000E+0	6,642E-1	6,599E-1	0,000E+0
1001,241	67,100	82,300	1,494E+2	0,000E+0	1,836E+2	1,833E+2	0,000E+0	6,643E-1	6,582E-1	0,000E+0
1002,242	67,100	82,300	1,494E+2	0,000E+0	1,836E+2	1,833E+2	0,000E+0	6,643E-1	6,582E-1	0,000E+0
1003,241	67,300	82,700	1,500E+2	0,000E+0	1,835E+2	1,833E+2	0,000E+0	6,662E-1	6,598E-1	0,000E+0
1004,242	67,300	82,700	1,500E+2	0,000E+0	1,835E+2	1,833E+2	0,000E+0	6,662E-1	6,598E-1	0,000E+0
1005,241	67,300	82,700	1,500E+2	0,000E+0	1,835E+2	1,833E+2	0,000E+0	6,662E-1	6,598E-1	0,000E+0
1006,242	67,800	82,300	1,501E+2	0,000E+0	1,836E+2	1,833E+2	0,000E+0	6,688E-1	6,585E-1	0,000E+0
1007,243	67,800	82,300	1,501E+2	0,000E+0	1,836E+2	1,833E+2	0,000E+0	6,688E-1	6,585E-1	0,000E+0
1008,244	67,800	82,300	1,501E+2	0,000E+0	1,836E+2	1,833E+2	0,000E+0	6,688E-1	6,585E-1	0,000E+0
1009,246	67,800	82,300	1,501E+2	0,000E+0	1,836E+2	1,833E+2	0,000E+0	6,688E-1	6,585E-1	0,000E+0
1010,246	67,500	82,400	1,499E+2	0,000E+0	1,836E+2	1,833E+2	0,000E+0	6,663E-1	6,593E-1	0,000E+0
1011,246	67,300	82,600	1,499E+2	0,000E+0	1,835E+2	1,831E+2	0,000E+0	6,654E-1	6,605E-1	0,000E+0
1012,246	67,300	82,800	1,501E+2	0,000E+0	1,836E+2	1,834E+2	0,000E+0	6,669E-1	6,608E-1	0,000E+0
1013,246	67,500	82,800	1,503E+2	0,000E+0	1,835E+2	1,833E+2	0,000E+0	6,659E-1	6,608E-1	0,000E+0
1014,247	67,500	82,800	1,503E+2	0,000E+0	1,835E+2	1,833E+2	0,000E+0	6,659E-1	6,608E-1	0,000E+0
1015,246	67,600	82,100	1,497E+2	0,000E+0	1,837E+2	1,834E+2	0,000E+0	6,657E-1	6,574E-1	0,000E+0
1016,247	67,400	82,400	1,498E+2	0,000E+0	1,838E+2	1,835E+2	0,000E+0	6,656E-1	6,594E-1	0,000E+0
1017,246	67,300	82,400	1,497E+2	0,000E+0	1,836E+2	1,834E+2	0,000E+0	6,660E-1	6,598E-1	0,000E+0
1018,246	67,300	82,500	1,498E+2	0,000E+0	1,836E+2	1,833E+2	0,000E+0	6,662E-1	6,605E-1	0,000E+0
1019,246	67,300	82,500	1,498E+2	0,000E+0	1,836E+2	1,833E+2	0,000E+0	6,662E-1	6,605E-1	0,000E+0
1020,246	67,300	82,900	1,502E+2	0,000E+0	1,838E+2	1,833E+2	0,000E+0	6,662E-1	6,623E-1	0,000E+0
1021,248	67,100	82,700	1,498E+2	0,000E+0	1,835E+2	1,835E+2	0,000E+0	6,654E-1	6,604E-1	0,000E+0
1022,247	67,100	82,700	1,498E+2	0,000E+0	1,835E+2	1,835E+2	0,000E+0	6,654E-1	6,604E-1	0,000E+0
1023,249	67,400	82,500	1,499E+2	0,000E+0	1,837E+2	1,835E+2	0,000E+0	6,661E-1	6,593E-1	0,000E+0
1024,248	67,400	82,500	1,499E+2	0,000E+0	1,837E+2	1,835E+2	0,000E+0	6,661E-1	6,593E-1	0,000E+0
1025,248	67,400	82,500	1,499E+2	0,000E+0	1,837E+2	1,835E+2	0,000E+0	6,661E-1	6,593E-1	0,000E+0
1026,248	67,400	82,500	1,499E+2	0,000E+0	1,837E+2	1,835E+2	0,000E+0	6,661E-1	6,593E-1	0,000E+0
1027,248	67,400	82,500	1,499E+2	0,000E+0	1,837E+2	1,835E+2	0,000E+0	6,661E-1	6,593E-1	0,000E+0
1028,249	67,400	82,500	1,499E+2	0,000E+0	1,837E+2	1,835E+2	0,000E+0	6,661E-1	6,593E-1	0,000E+0
1029,248	67,100	82,600	1,497E+2	0,000E+0	1,838E+2	1,835E+2	0,000E+0	6,644E-1	6,602E-1	0,000E+0
1030,249	67,100	82,600	1,497E+2	0,000E+0	1,838E+2	1,835E+2	0,000E+0	6,644E-1	6,602E-1	0,000E+0
1031,248	67,100	82,600	1,497E+2	0,000E+0	1,838E+2	1,835E+2	0,000E+0	6,644E-1	6,602E-1	0,000E+0
1032,248	67,500	82,400	1,499E+2	0,000E+0	1,836E+2	1,836E+2	0,000E+0	6,656E-1	6,590E-1	0,000E+0
1033,248	67,500	82,400	1,499E+2	0,000E+0	1,836E+2	1,836E+2	0,000E+0	6,656E-1	6,590E-1	0,000E+0
1034,248	67,200	82,600	1,498E+2	0,000E+0	1,836E+2	1,834E+2	0,000E+0	6,649E-1	6,603E-1	0,000E+0
1035,250	67,200	82,600	1,498E+2	0,000E+0	1,836E+2	1,834E+2	0,000E+0	6,649E-1	6,603E-1	0,000E+0
1036,249	67,200	82,500	1,497E+2	0,000E+0	1,838E+2	1,836E+2	0,000E+0	6,643E-1	6,594E-1	0,000E+0
1037,249	67,500	82,600	1,501E+2	0,000E+0	1,837E+2	1,833E+2	0,000E+0	6,660E-1	6,601E-1	0,000E+0
1038,250	67,400	82,500	1,499E+2	0,000E+0	1,838E+2	1,835E+2	0,000E+0	6,671E-1	6,599E-1	0,000E+0
1039,251	67,500	82,600	1,501E+2	0,000E+0	1,837E+2	1,834E+2	0,000E+0	6,655E-1	6,607E-1	0,000E+0
1040,251	67,300	82,400	1,497E+2	0,000E+0	1,837E+2	1,835E+2	0,000E+0	6,650E-1	6,583E-1	0,000E+0
1041,251	67,300	82,400	1,497E+2	0,000E+0	1,837E+2	1,835E+2	0,000E+0	6,650E-1	6,583E-1	0,000E+0
1042,252	67,000	82,500	1,495E+2	0,000E+0	1,836E+2	1,835E+2	0,000E+0	6,622E-1	6,596E-1	0,000E+0
1043,251	67,500	82,600	1,501E+2	0,000E+0	1,838E+2	1,835E+2	0,000E+0	6,679E-1	6,603E-1	0,000E+0
1044,251	67,500	82,800	1,503E+2	0,000E+0	1,837E+2	1,834E+2	0,000E+0	6,674E-1	6,615E-1	0,000E+0
1045,251	67,600	82,700	1,503E+2	0,000E+0	1,837E+2	1,835E+2	0,000E+0	6,686E-1	6,620E-1	0,000E+0
1046,252	67,200	82,800	1,500E+2	0,000E+0	1,836E+2	1,837E+2	0,000E+0	6,638E-1	6,609E-1	0,000E+0
1047,254	67,200	82,800	1,500E+2	0,000E+0	1,836E+2	1,837E+2	0,000E+0	6,638E-1	6,609E-1	0,000E+0
1048,253	67,200	82,800	1,500E+2	0,000E+0	1,836E+2	1,837E+2	0,000E+0	6,638E-1	6,609E-1	0,000E+0
1049,253	67,200	82,800	1,500E+2	0,000E+0	1,836E+2	1,837E+2	0,000E+0	6,638E-1	6,609E-1	0,000E+0
1050,253	67,200	82,800	1,500E+2	0,000E+0	1,836E+2	1,837E+2	0,000E+0	6,638E-1	6,609E-1	0,000E+0
1051,254	67,200	82,800	1,500E+2	0,000E+0	1,836E+2	1,837E+2	0,000E+0	6,638E-1	6,609E-1	0,000E+0
1052,253	67,200	82,800	1,500E+2	0,000E+0	1,836E+2	1,837E+2	0,000E+0	6,638E-1	6,609E-1	0,000E+0
1053,255	67,200	82,800	1,500E+2	0,000E+0	1,836E+2	1,837E+2	0,000E+0	6,638E-1	6,609E-1	0,000E+0
1054,254	67,400	82,400	1,498E+2	0,000E+0	1,838E+2	1,834E+2	0,000E+0	6,657E-1	6,601E-1	0,000E+0
1055,254	67,400	82,400	1,498E+2	0,000E+0	1,838E+2	1,834E+2	0,000E+0	6,657E-1	6,601E-1	0,000E+0
1056,254	67,100	82,600	1,497E+2	0,000E+0	1,837E+2	1,835E+2	0,000E+0	6,659E-1	6,614E-1	0,000E+0
1057,254	67,100	82,600	1,497E+2	0,000E+0	1,837E+2	1,835E+2	0,000E+0	6,659E-1	6,614E-1	0,000E+0
1058,255	67,400	82,500	1,499E+2	0,000E+0	1,838E+2	1,835E+2	0,000E+0	6,665E-1	6,596E-1	0,000E+0
1059,254	67,400	82,500	1,499E+2	0,000E+0	1,838E+2	1,835E+2	0,000E+0	6,665E-1	6,596E-1	0,000E+0
1060,255	67,300	82,600	1,499E+2	0,000E+0	1,837E+2	1,835E+2	0,000E+0	6,655E-1	6,603E-1	0,000E+0
1061,254	67,300	82,600	1,499E+2	0,000E+0	1,837E+2	1,835E+2	0,000E+0	6,655E-1	6,603E-1	0,000E+0
1062,254	67,400	82,700	1,501E+2	0,000E+0	1,838E+2	1,837E+2	0,000E+0	6,658E-1	6,610E-1	0,000E+0
1063,254	67,400	82,800	1,502E+2	0,000E+0	1,838E+2	1,837E+2	0,000E+0	6,668E-1	6,608E-1	0,000E+0
1064,254	67,400	82,800	1,502E+2	0,000E+0	1,838E+2	1,837E+2	0,000E+0	6,668E-1	6,608E-1	0,000E+0
1065,255	67,300	82,700	1,500E+2	0,000E+0	1,838E+2	1,837E+2	0,000E+0	6,657E-1	6,607E-1	0,000E+0
1066,254	67,500	82,600	1,501E+2	0,000E+0	1,839E+2	1,836E+2	0,000E+0	6,667E-1	6,606E-1	0,000E+0
1067,256	67,200	82,700	1,499E+2	0,000E+0	1,837E+2	1,839E+2	0,000E+0	6,643E-1	6,603E-1	0,000E+0
1068,255	67,500	82,600	1,501E+2	0,000E+0	1,840E+2	1,838E+2	0,000E+0	6,667E-1	6,600E-1	0,000E+0
1069,255	67,500	82,600	1,501E+2	0,000E+0	1,840E+2	1,838E+2	0,000E+0	6,667E-1	6,600E-1	0,000E+0
1070,255	67,500	82,600	1,501E+2	0,000E+0	1,840E+2	1,838E+2	0,000E+0	6,667E-1	6,600E-1	0,000E+0
1071,256	67,400	82,600	1,500E+2	0,000E+0	1,838E+2	1,837E+2	0,000E+0	6,677E-1	6,606E-1	0,000E+0
1072,258	67,400	82,600	1,500E+2	0,000E+0	1,838E+2	1,837E+2	0,000E+0	6,677E-1	6,606E-1	0,000E+0
1073,257	67,400	82,600	1,500E+2	0,000E+0	1,838E+2	1,837E+2	0,000E+0	6,677E-1	6,606E-1	0,000E+0
1074,258	67,400	82,600	1,500E+2	0,000E+0	1,838E+2	1,837E+2	0,000E+0	6,677E-1	6,606E-1	0,000E+0
1075,257	67,600	82,500	1,501E+2	0,000E+0	1,841E+2	1,839E+2	0,000E+0	6,663E-1	6,595E-1	0,000E+0
1076,258	67,600	82,500	1,501E+2	0,000E+0	1,841E+2	1,839E+2	0,000E+0	6,663E-1	6,595E-1	0,000E+0
1077,260	67,400	82,500	1,499E+2	0,000E+0	1,845E+2	1,844E+2	0,000E+0	6,661E-1	6,589E-1	0,000E+0
1078,260	67,400	82,500	1,499E+2	0,000E+0	1,845E+2	1,844E+2	0,000E+0	6,661E-1	6,589E-1	0,000E+0
1079,261	67,400	82,500	1,499E+2	0,000E+0	1,845E+2	1,844E+2	0,000E+0	6,661E-1	6,589E-1	0,000E+0
1080,260	67,300	82,600	1,499E+2	0,000E+0	1,841E+2	1,841E+2	0,000E+0	6,663E-1	6,587E-1	0,000E+0
1081,260	67,300	82,700	1,500E+2	0,000E+0	1,842E+2	1,838E+2	0,000E+0	6,673E-1	6,607E-1	0,000E+0
1082,261	67,400	82,700	1,501E+2	0,000E+0	1,840E+2	1,836E+2	0,000E+0	6,672E-1	6,614E-1	0,000E+0
1083,262	67,500	82,600	1,501E+2	0,000E+0	1,840E+2	1,837E+2	0,000E+0	6,666E-1	6,608E-1	0,000E+0
1084,263	67,200	82,400	1,496E+2	0,000E+0	1,840E+2	1,839E+2	0,000E+0	6,638E-1	6,592E-1	0,000E+0
1085,262	67,300	82,600	1,499E+2	0,000E+0	1,838E+2	1,837E+2	0,000E+0	6,653E-1	6,603E-1	0,000E+0
1086,263	67,000	82,800	1,498E+2	0,000E+0	1,838E+2	1,836E+2	0,000E+0	6,654E-1	6,619E-1	0,000E+0
1087,263	67,500	82,600	1,501E+2	0,000E+0	1,839E+2	1,837E+2	0,000E+0	6,672E-1	6,609E-1	0,000E+0
1088,264	67,400	82,800	1,502E+2	0,000E+0	1,839E+2	1,836E+2	0,000E+0	6,668E-1	6,616E-1	0,000E+0
1089,264	67,400	82,300	1,497E+2	0,000E+0	1,838E+2	1,836E+2	0,000E+0	6,648E-1	6,590E-1	0,000E+0
1090,264	67,400	82,300	1,497E+2	0,000E+0	1,838E+2	1,836E+2	0,000E+0	6,648E-1	6,590E-1	0,000E+0
1091,265	67,400	82,300	1,497E+2	0,000E+0	1,838E+2	1,836E+2	0,000E+0	6,648E-1	6,590E-1	0,000E+0
1092,264	67,400	82,300	1,497E+2	0,000E+0	1,838E+2	1,836E+2	0,000E+0	6,648E-1	6,590E-1	0,000E+0
1093,264	67,400	82,300	1,497E+2	0,000E+0	1,838E+2	1,836E+2	0,000E+0	6,648E-1	6,590E-1	0,000E+0
1094,265	67,400	82,700	1,501E+2	0,000E+0	1,837E+2	1,837E+2	0,000E+0	6,676E-1	6,607E-1	0,000E+0
1095,264	67,400	82,700	1,501E+2	0,000E+0	1,837E+2	1,837E+2	0,000E+0	6,676E-1	6,607E-1	0,000E+0
1096,264	67,400	82,700	1,501E+2	0,000E+0	1,837E+2	1,837E+2	0,000E+0	6,676E-1	6,607E-1	0,000E+0
1097,264	67,400	83,100	1,505E+2	0,000E+0	1,840E+2	1,840E+2	0,000E+0	6,680E-1	6,631E-1	0,000E+0
1098,265	67,400	83,100	1,505E+2	0,000E+0	1,840E+2	1,840E+2	0,000E+0	6,680E-1	6,631E-1	0,000E+0
1099,266	67,300	82,500	1,498E+2	0,000E+0	1,838E+2	1,836E+2	0,000E+0	6,657E-1	6,592E-1	0,000E+0
1100,266	67,300	82,500	1,498E+2	0,000E+0	1,838E+2	1,836E+2	0,000E+0	6,657E-1	6,592E-1	0,000E+0
1101,267	67,300	82,600	1,499E+2	0,000E+0	1,836E+2	1,837E+2	0,000E+0	6,653E-1	6,595E-1	0,000E+0
1102,266	67,300	82,600	1,499E+2	0,000E+0	1,836E+2	1,837E+2	0,000E+0	6,653E-1	6,595E-1	0,000E+0
1103,266	67,300	82,800	1,501E+2	0,000E+0	1,837E+2	1,836E+2	0,000E+0	6,654E-1	6,616E-1	0,000E+0
1104,266	67,300	82,700	1,500E+2	0,000E+0	1,838E+2	1,836E+2	0,000E+0	6,661E-1	6,613E-1	0,000E+0
1105,266	67,300	82,500	1,498E+2	0,000E+0	1,837E+2	1,834E+2	0,000E+0	6,671E-1	6,605E-1	0,000E+0
1106,267	67,500	82,700	1,502E+2	0,000E+0	1,839E+2	1,834E+2	0,000E+0	6,672E-1	6,611E-1	0,000E+0
1107,266	67,400	82,600	1,500E+2	0,000E+0	1,838E+2	1,836E+2	0,000E+0	6,680E-1	6,601E-1	0,000E+0
1108,266	67,400	82,600	1,500E+2	0,000E+0	1,838E+2	1,836E+2	0,000E+0	6,680E-1	6,601E-1	0,000E+0
1109,266	67,400	82,900	1,503E+2	0,000E+0	1,836E+2	1,836E+2	0,000E+0	6,665E-1	6,619E-1	0,000E+0
1110,266	67,200	82,800	1,500E+2	0,000E+0	1,838E+2	1,837E+2	0,000E+0	6,664E-1	6,620E-1	0,000E+0
1111,268	67,400	82,700	1,501E+2	0,000E+0	1,840E+2	1,837E+2	0,000E+0	6,665E-1	6,610E-1	0,000E+0
1112,267	67,300	82,500	1,498E+2	0,000E+0	1,840E+2	1,837E+2	0,000E+0	6,663E-1	6,600E-1	0,000E+0
1113,269	67,900	82,400	1,503E+2	0,000E+0	1,838E+2	1,836E+2	0,000E+0	6,686E-1	6,598E-1	0,000E+0
1114,268	67,900	82,400	1,503E+2	0,000E+0	1,838E+2	1,836E+2	0,000E+0	6,686E-1	6,598E-1	0,000E+0
1115,268	67,900	82,400	1,503E+2	0,000E+0	1,838E+2	1,836E+2	0,000E+0	6,686E-1	6,598E-1	0,000E+0
1116,268	67,400	82,500	1,499E+2	0,000E+0	1,837E+2	1,835E+2	0,000E+0	6,654E-1	6,592E-1	0,000E+0
1117,268	67,400	82,500	1,499E+2	0,000E+0	1,837E+2	1,835E+2	0,000E+0	6,654E-1	6,592E-1	0,000E+0
1118,269	67,400	82,500	1,499E+2	0,000E+0	1,837E+2	1,835E+2	0,000E+0	6,654E-1	6,592E-1	0,000E+0
1119,268	67,400	82,500	1,499E+2	0,000E+0	1,837E+2	1,835E+2	0,000E+0	6,654E-1	6,592E-1	0,000E+0
1120,269	67,400	82,700	1,501E+2	0,000E+0	1,838E+2	1,838E+2	0,000E+0	6,660E-1	6,606E-1	0,000E+0
1121,268	67,400	82,700	1,501E+2	0,000E+0	1,838E+2	1,838E+2	0,000E+0	6,660E-1	6,606E-1	0,000E+0
1122,268	67,400	82,700	1,501E+2	0,000E+0	1,838E+2	1,838E+2	0,000E+0	6,660E-1	6,606E-1	0,000E+0
1123,268	67,600	82,500	1,501E+2	0,000E+0	1,838E+2	1,837E+2	0,000E+0	6,671E-1	6,594E-1	0,000E+0
1124,269	67,600	82,500	1,501E+2	0,000E+0	1,838E+2	1,837E+2	0,000E+0	6,671E-1	6,594E-1	0,000E+0
1125,270	67,300	82,600	1,499E+2	0,000E+0	1,839E+2	1,835E+2	0,000E+0	6,659E-1	6,607E-1	0,000E+0
1126,269	67,300	82,300	1,496E+2	0,000E+0	1,838E+2	1,836E+2	0,000E+0	6,654E-1	6,586E-1	0,000E+0
1127,270	67,400	82,800	1,502E+2	0,000E+0	1,838E+2	1,835E+2	0,000E+0	6,668E-1	6,617E-1	0,000E+0
1128,269	67,400	82,700	1,501E+2	0,000E+0	1,839E+2	1,836E+2	0,000E+0	6,666E-1	6,603E-1	0,000E+0
1129,269	67,200	82,800	1,500E+2	0,000E+0	1,837E+2	1,834E+2	0,000E+0	6,659E-1	6,616E-1	0,000E+0
1130,269	67,600	82,500	1,501E+2	0,000E+0	1,839E+2	1,837E+2	0,000E+0	6,681E-1	6,598E-1	0,000E+0
1131,269	67,500	82,500	1,500E+2	0,000E+0	1,837E+2	1,835E+2	0,000E+0	6,663E-1	6,602E-1	0,000E+0
1132,270	67,500	82,500	1,500E+2	0,000E+0	1,837E+2	1,835E+2	0,000E+0	6,663E-1	6,602E-1	0,000E+0
1133,269	67,400	82,500	1,499E+2	0,000E+0	1,839E+2	1,836E+2	0,000E+0	6,656E-1	6,594E-1	0,000E+0
1134,270	67,400	82,400	1,498E+2	0,000E+0	1,838E+2	1,839E+2	0,000E+0	6,657E-1	6,581E-1	0,000E+0
1135,270	67,600	82,600	1,502E+2	0,000E+0	1,839E+2	1,835E+2	0,000E+0	6,675E-1	6,609E-1	0,000E+0
1136,270	67,300	82,700	1,500E+2	0,000E+0	1,836E+2	1,838E+2	0,000E+0	6,642E-1	6,615E-1	0,000E+0
1137,270	67,400	82,500	1,499E+2	0,000E+0	1,839E+2	1,835E+2	0,000E+0	6,667E-1	6,598E-1	0,000E+0
1138,270	67,400	83,000	1,504E+2	0,000E+0	1,837E+2	1,838E+2	0,000E+0	6,663E-1	6,633E-1	0,000E+0
1139,271	67,400	82,400	1,498E+2	0,000E+0	1,838E+2	1,836E+2	0,000E+0	6,674E-1	6,594E-1	0,000E+0
1140,270	67,500	82,700	1,502E+2	0,000E+0	1,841E+2	1,836E+2	0,000E+0	6,672E-1	6,608E-1	0,000E+0
1141,271	67,500	82,300	1,498E+2	0,000E+0	1,840E+2	1,837E+2	0,000E+0	6,683E-1	6,590E-1	0,000E+0
1142,270	67,400	82,800	1,502E+2	0,000E+0	1,839E+2	1,837E+2	0,000E+0	6,671E-1	6,621E-1	0,000E+0
1143,270	67,400	82,800	1,502E+2	0,000E+0	1,839E+2	1,837E+2	0,000E+0	6,671E-1	6,621E-1	0,000E+0
1144,271	67,400	82,800	1,502E+2	0,000E+0	1,839E+2	1,837E+2	0,000E+0	6,671E-1	6,621E-1	0,000E+0
1145,270	67,400	82,800	1,502E+2	0,000E+0	1,839E+2	1,837E+2	0,000E+0	6,671E-1	6,621E-1	0,000E+0
1146,271	67,400	82,400	1,498E+2	0,000E+0	1,838E+2	1,839E+2	0,000E+0	6,660E-1	6,591E-1	0,000E+0
1147,270	67,400	82,400	1,498E+2	0,000E+0	1,838E+2	1,839E+2	0,000E+0	6,660E-1	6,591E-1	0,000E+0
1148,271	67,400	82,400	1,498E+2	0,000E+0	1,838E+2	1,839E+2	0,000E+0	6,660E-1	6,591E-1	0,000E+0
1149,270	67,300	82,900	1,502E+2	0,000E+0	1,837E+2	1,837E+2	0,000E+0	6,673E-1	6,628E-1	0,000E+0
1150,272	67,300	82,900	1,502E+2	0,000E+0	1,837E+2	1,837E+2	0,000E+0	6,673E-1	6,628E-1	0,000E+0
1151,272	67,500	82,800	1,503E+2	0,000E+0	1,839E+2	1,836E+2	0,000E+0	6,677E-1	6,603E-1	0,000E+0
1152,272	67,500	82,800	1,503E+2	0,000E+0	1,839E+2	1,836E+2	0,000E+0	6,677E-1	6,603E-1	0,000E+0
1153,272	67,300	82,600	1,499E+2	0,000E+0	1,838E+2	1,835E+2	0,000E+0	6,658E-1	6,601E-1	0,000E+0
1154,273	67,300	82,600	1,499E+2	0,000E+0	1,838E+2	1,835E+2	0,000E+0	6,658E-1	6,601E-1	0,000E+0
1155,275	67,200	82,600	1,498E+2	0,000E+0	1,836E+2	1,836E+2	0,000E+0	6,650E-1	6,606E-1	0,000E+0
1156,274	67,500	82,700	1,502E+2	0,000E+0	1,839E+2	1,836E+2	0,000E+0	6,679E-1	6,608E-1	0,000E+0
1157,274	67,400	82,600	1,500E+2	0,000E+0	1,836E+2	1,837E+2	0,000E+0	6,664E-1	6,596E-1	0,000E+0
1158,274	67,700	82,500	1,502E+2	0,000E+0	1,838E+2	1,836E+2	0,000E+0	6,681E-1	6,596E-1	0,000E+0
1159,274	67,600	82,400	1,500E+2	0,000E+0	1,837E+2	1,836E+2	0,000E+0	6,674E-1	6,589E-1	0,000E+0
1160,274	67,500	82,300	1,498E+2	0,000E+0	1,839E+2	1,835E+2	0,000E+0	6,679E-1	6,588E-1	0,000E+0
1161,274	67,500	82,300	1,498E+2	0,000E+0	1,839E+2	1,835E+2	0,000E+0	6,679E-1	6,588E-1	0,000E+0
1162,275	67,400	82,600	1,500E+2	0,000E+0	1,839E+2	1,836E+2	0,000E+0	6,662E-1	6,609E-1	0,000E+0
1163,274	67,600	82,500	1,501E+2	0,000E+0	1,838E+2	1,835E+2	0,000E+0	6,684E-1	6,604E-1	0,000E+0
1164,274	67,600	82,700	1,503E+2	0,000E+0	1,838E+2	1,835E+2	0,000E+0	6,671E-1	6,610E-1	0,000E+0
1165,275	67,300	82,600	1,499E+2	0,000E+0	1,837E+2	1,836E+2	0,000E+0	6,662E-1	6,608E-1	0,000E+0
1166,275	67,600	82,600	1,502E+2	0,000E+0	1,836E+2	1,836E+2	0,000E+0	6,672E-1	6,605E-1	0,000E+0
1167,276	67,500	82,500	1,500E+2	0,000E+0	1,836E+2	1,835E+2	0,000E+0	6,663E-1	6,591E-1	0,000E+0
1168,275	67,300	82,600	1,499E+2	0,000E+0	1,836E+2	1,835E+2	0,000E+0	6,654E-1	6,604E-1	0,000E+0
1169,276	67,300	82,500	1,498E+2	0,000E+0	1,838E+2	1,836E+2	0,000E+0	6,650E-1	6,601E-1	0,000E+0
1170,276	67,400	82,600	1,500E+2	0,000E+0	1,836E+2	1,834E+2	0,000E+0	6,668E-1	6,609E-1	0,000E+0
1171,277	67,400	82,600	1,500E+2	0,000E+0	1,836E+2	1,834E+2	0,000E+0	6,668E-1	6,609E-1	0,000E+0
1172,277	67,400	82,600	1,500E+2	0,000E+0	1,836E+2	1,836E+2	0,000E+0	6,652E-1	6,601E-1	0,000E+0
1173,278	67,200	82,800	1,500E+2	0,000E+0	1,836E+2	1,837E+2	0,000E+0	6,649E-1	6,604E-1	0,000E+0
1174,279	67,300	82,800	1,501E+2	0,000E+0	1,838E+2	1,833E+2	0,000E+0	6,655E-1	6,619E-1	0,000E+0
1175,279	67,500	82,700	1,502E+2	0,000E+0	1,837E+2	1,836E+2	0,000E+0	6,680E-1	6,603E-1	0,000E+0
1176,280	67,500	82,500	1,500E+2	0,000E+0	1,837E+2	1,836E+2	0,000E+0	6,662E-1	6,600E-1	0,000E+0
1177,279	67,600	82,600	1,502E+2	0,000E+0	1,837E+2	1,834E+2	0,000E+0	6,675E-1	6,609E-1	0,000E+0
1178,279	67,600	82,500	1,501E+2	0,000E+0	1,839E+2	1,835E+2	0,000E+0	6,668E-1	6,593E-1	0,000E+0
1179,279	67,300	82,500	1,498E+2	0,000E+0	1,839E+2	1,836E+2	0,000E+0	6,657E-1	6,592E-1	0,000E+0
1180,279	67,400	82,500	1,499E+2	0,000E+0	1,839E+2	1,837E+2	0,000E+0	6,664E-1	6,604E-1	0,000E+0
1181,280	67,500	82,500	1,500E+2	0,000E+0	1,840E+2	1,837E+2	0,000E+0	6,676E-1	6,601E-1	0,000E+0
1182,281	67,500	82,500	1,500E+2	0,000E+0	1,840E+2	1,837E+2	0,000E+0	6,676E-1	6,601E-1	0,000E+0
1183,282	67,500	82,800	1,503E+2	0,000E+0	1,841E+2	1,839E+2	0,000E+0	6,670E-1	6,617E-1	0,000E+0
1184,282	67,700	82,600	1,503E+2	0,000E+0	1,840E+2	1,837E+2	0,000E+0	6,669E-1	6,598E-1	0,000E+0
1185,284	67,300	82,400	1,497E+2	0,000E+0	1,837E+2	1,837E+2	0,000E+0	6,645E-1	6,588E-1	0,000E+0
1186,283	67,300	82,400	1,497E+2	0,000E+0	1,837E+2	1,837E+2	0,000E+0	6,645E-1	6,588E-1	0,000E+0
1187,283	67,300	82,400	1,497E+2	0,000E+0	1,837E+2	1,837E+2	0,000E+0	6,645E-1	6,588E-1	0,000E+0
1188,283	67,300	82,400	1,497E+2	0,000E+0	1,837E+2	1,837E+2	0,000E+0	6,645E-1	6,588E-1	0,000E+0
1189,283	67,300	82,400	1,497E+2	0,000E+0	1,837E+2	1,837E+2	0,000E+0	6,645E-1	6,588E-1	0,000E+0
1190,285	67,300	82,400	1,497E+2	0,000E+0	1,837E+2	1,837E+2	0,000E+0	6,645E-1	6,588E-1	0,000E+0
1191,284	67,700	82,600	1,503E+2	0,000E+0	1,840E+2	1,838E+2	0,000E+0	6,696E-1	6,607E-1	0,000E+0
1192,285	67,700	82,600	1,503E+2	0,000E+0	1,840E+2	1,838E+2	0,000E+0	6,696E-1	6,607E-1	0,000E+0
1193,284	67,700	82,600	1,503E+2	0,000E+0	1,840E+2	1,838E+2	0,000E+0	6,696E-1	6,607E-1	0,000E+0
1194,285	67,700	82,600	1,503E+2	0,000E+0	1,840E+2	1,838E+2	0,000E+0	6,696E-1	6,607E-1	0,000E+0
1195,285	67,600	82,300	1,499E+2	0,000E+0	1,837E+2	1,835E+2	0,000E+0	6,676E-1	6,596E-1	0,000E+0
1196,285	67,400	82,500	1,499E+2	0,000E+0	1,838E+2	1,836E+2	0,000E+0	6,657E-1	6,603E-1	0,000E+0
1197,286	67,300	82,500	1,498E+2	0,000E+0	1,837E+2	1,834E+2	0,000E+0	6,659E-1	6,598E-1	0,000E+0
1198,285	67,400	82,400	1,498E+2	0,000E+0	1,840E+2	1,833E+2	0,000E+0	6,673E-1	6,599E-1	0,000E+0
1199,285	67,400	82,400	1,498E+2	0,000E+0	1,840E+2	1,833E+2	0,000E+0	6,673E-1	6,599E-1	0,000E+0
1200,286	67,500	82,700	1,502E+2	0,000E+0	1,839E+2	1,835E+2	0,000E+0	6,678E-1	6,613E-1	0,000E+0
1201,285	67,500	82,600	1,501E+2	0,000E+0	1,838E+2	1,836E+2	0,000E+0	6,661E-1	6,603E-1	0,000E+0
1202,286	67,400	82,700	1,501E+2	0,000E+0	1,837E+2	1,835E+2	0,000E+0	6,663E-1	6,613E-1	0,000E+0
1203,286	67,100	82,800	1,499E+2	0,000E+0	1,838E+2	1,834E+2	0,000E+0	6,660E-1	6,613E-1	0,000E+0
1204,286	67,500	82,600	1,501E+2	0,000E+0	1,839E+2	1,835E+2	0,000E+0	6,674E-1	6,606E-1	0,000E+0
1205,287	67,700	82,300	1,500E+2	0,000E+0	1,838E+2	1,837E+2	0,000E+0	6,670E-1	6,584E-1	0,000E+0
1206,288	67,300	82,800	1,501E+2	0,000E+0	1,840E+2	1,837E+2	0,000E+0	6,663E-1	6,611E-1	0,000E+0
1207,290	67,400	82,700	1,501E+2	0,000E+0	1,838E+2	1,839E+2	0,000E+0	6,660E-1	6,615E-1	0,000E+0
1208,290	67,400	82,500	1,499E+2	0,000E+0	1,841E+2	1,839E+2	0,000E+0	6,652E-1	6,591E-1	0,000E+0
1209,290	67,400	82,500	1,499E+2	0,000E+0	1,838E+2	1,835E+2	0,000E+0	6,663E-1	6,604E-1	0,000E+0
1210,291	67,400	82,600	1,500E+2	0,000E+0	1,839E+2	1,837E+2	0,000E+0	6,669E-1	6,603E-1	0,000E+0
1211,290	67,400	82,600	1,500E+2	0,000E+0	1,839E+2	1,837E+2	0,000E+0	6,669E-1	6,603E-1	0,000E+0
1212,291	67,400	82,600	1,500E+2	0,000E+0	1,839E+2	1,837E+2	0,000E+0	6,669E-1	6,603E-1	0,000E+0
1213,290	67,500	82,600	1,501E+2	0,000E+0	1,837E+2	1,836E+2	0,000E+0	6,668E-1	6,600E-1	0,000E+0
1214,291	67,500	82,600	1,501E+2	0,000E+0	1,837E+2	1,836E+2	0,000E+0	6,668E-1	6,600E-1	0,000E+0
1215,292	67,500	82,600	1,501E+2	0,000E+0	1,837E+2	1,836E+2	0,000E+0	6,668E-1	6,600E-1	0,000E+0
1216,292	67,500	82,600	1,501E+2	0,000E+0	1,837E+2	1,836E+2	0,000E+0	6,668E-1	6,600E-1	0,000E+0
1217,293	67,500	82,800	1,503E+2	0,000E+0	1,836E+2	1,838E+2	0,000E+0	6,676E-1	6,611E-1	0,000E+0
1218,293	67,500	82,800	1,503E+2	0,000E+0	1,836E+2	1,838E+2	0,000E+0	6,676E-1	6,611E-1	0,000E+0
1219,294	67,500	82,800	1,503E+2	0,000E+0	1,836E+2	1,838E+2	0,000E+0	6,676E-1	6,611E-1	0,000E+0
1220,293	67,700	82,400	1,501E+2	0,000E+0	1,839E+2	1,836E+2	0,000E+0	6,686E-1	6,593E-1	0,000E+0
1221,293	67,700	82,400	1,501E+2	0,000E+0	1,839E+2	1,836E+2	0,000E+0	6,686E-1	6,593E-1	0,000E+0
1222,293	67,600	82,300	1,499E+2	0,000E+0	1,835E+2	1,834E+2	0,000E+0	6,647E-1	6,591E-1	0,000E+0
1223,294	67,400	82,800	1,502E+2	0,000E+0	1,837E+2	1,836E+2	0,000E+0	6,665E-1	6,614E-1	0,000E+0
1224,295	67,400	82,700	1,501E+2	0,000E+0	1,838E+2	1,835E+2	0,000E+0	6,658E-1	6,611E-1	0,000E+0
1225,294	67,400	82,700	1,501E+2	0,000E+0	1,838E+2	1,835E+2	0,000E+0	6,658E-1	6,611E-1	0,000E+0
1226,294	67,300	82,400	1,497E+2	0,000E+0	1,837E+2	1,837E+2	0,000E+0	6,653E-1	6,599E-1	0,000E+0
1227,295	67,300	82,400	1,497E+2	0,000E+0	1,837E+2	1,837E+2	0,000E+0	6,653E-1	6,599E-1	0,000E+0
1228,296	67,800	82,400	1,502E+2	0,000E+0	1,837E+2	1,838E+2	0,000E+0	6,671E-1	6,588E-1	0,000E+0
1229,296	67,300	82,600	1,499E+2	0,000E+0	1,836E+2	1,837E+2	0,000E+0	6,652E-1	6,604E-1	0,000E+0
1230,297	67,400	82,700	1,501E+2	0,000E+0	1,839E+2	1,838E+2	0,000E+0	6,674E-1	6,609E-1	0,000E+0
1231,296	67,400	82,500	1,499E+2	0,000E+0	1,838E+2	1,835E+2	0,000E+0	6,664E-1	6,602E-1	0,000E+0
1232,297	67,200	82,800	1,500E+2	0,000E+0	1,838E+2	1,836E+2	0,000E+0	6,664E-1	6,613E-1	0,000E+0
1233,298	67,400	82,600	1,500E+2	0,000E+0	1,839E+2	1,836E+2	0,000E+0	6,676E-1	6,606E-1	0,000E+0
1234,299	67,400	82,600	1,500E+2	0,000E+0	1,839E+2	1,837E+2	0,000E+0	6,662E-1	6,596E-1	0,000E+0
1235,300	67,500	82,900	1,504E+2	0,000E+0	1,839E+2	1,835E+2	0,000E+0	6,676E-1	6,618E-1	0,000E+0
1236,299	67,200	82,900	1,501E+2	0,000E+0	1,838E+2	1,838E+2	0,000E+0	6,650E-1	6,617E-1	0,000E+0
1237,300	67,300	82,800	1,501E+2	0,000E+0	1,837E+2	1,838E+2	0,000E+0	6,644E-1	6,612E-1	0,000E+0
1238,299	67,300	82,800	1,501E+2	0,000E+0	1,837E+2	1,838E+2	0,000E+0	6,644E-1	6,612E-1	0,000E+0
1239,299	67,300	82,600	1,499E+2	0,000E+0	1,839E+2	1,835E+2	0,000E+0	6,653E-1	6,605E-1	0,000E+0
1240,299	67,300	82,600	1,499E+2	0,000E+0	1,839E+2	1,835E+2	0,000E+0	6,653E-1	6,605E-1	0,000E+0
1241,300	67,300	82,600	1,499E+2	0,000E+0	1,839E+2	1,835E+2	0,000E+0	6,653E-1	6,605E-1	0,000E+0
1242,301	67,300	82,600	1,499E+2	0,000E+0	1,839E+2	1,835E+2	0,000E+0	6,653E-1	6,605E-1	0,000E+0
1243,300	67,600	82,500	1,501E+2	0,000E+0	1,839E+2	1,834E+2	0,000E+0	6,682E-1	6,604E-1	0,000E+0
1244,301	67,600	82,500	1,501E+2	0,000E+0	1,839E+2	1,834E+2	0,000E+0	6,682E-1	6,604E-1	0,000E+0
1245,300	67,600	82,500	1,501E+2	0,000E+0	1,839E+2	1,834E+2	0,000E+0	6,682E-1	6,604E-1	0,000E+0
1246,300	67,700	82,200	1,499E+2	0,000E+0	1,839E+2	1,833E+2	0,000E+0	6,676E-1	6,587E-1	0,000E+0
1247,300	67,700	82,200	1,499E+2	0,000E+0	1,839E+2	1,833E+2	0,000E+0	6,676E-1	6,587E-1	0,000E+0
1248,300	67,300	82,500	1,498E+2	0,000E+0	1,837E+2	1,835E+2	0,000E+0	6,660E-1	6,607E-1	0,000E+0
1249,300	67,300	82,500	1,498E+2	0,000E+0	1,837E+2	1,835E+2	0,000E+0	6,660E-1	6,607E-1	0,000E+0
1250,301	67,600	82,600	1,502E+2	0,000E+0	1,838E+2	1,836E+2	0,000E+0	6,671E-1	6,606E-1	0,000E+0
1251,302	67,600	82,600	1,502E+2	0,000E+0	1,838E+2	1,836E+2	0,000E+0	6,671E-1	6,606E-1	0,000E+0
1252,301	67,400	82,600	1,500E+2	0,000E+0	1,838E+2	1,835E+2	0,000E+0	6,654E-1	6,611E-1	0,000E+0
1253,302	67,200	82,500	1,497E+2	0,000E+0	1,837E+2	1,837E+2	0,000E+0	6,657E-1	6,605E-1	0,000E+0
1254,302	67,600	82,600	1,502E+2	0,000E+0	1,838E+2	1,836E+2	0,000E+0	6,662E-1	6,602E-1	0,000E+0
1255,302	67,300	82,400	1,497E+2	0,000E+0	1,838E+2	1,835E+2	0,000E+0	6,660E-1	6,598E-1	0,000E+0
1256,302	67,500	82,500	1,500E+2	0,000E+0	1,838E+2	1,836E+2	0,000E+0	6,670E-1	6,604E-1	0,000E+0
1257,302	67,200	82,600	1,498E+2	0,000E+0	1,836E+2	1,835E+2	0,000E+0	6,656E-1	6,608E-1	0,000E+0
1258,304	67,400	82,700	1,501E+2	0,000E+0	1,837E+2	1,834E+2	0,000E+0	6,670E-1	6,621E-1	0,000E+0
1259,303	67,400	82,700	1,501E+2	0,000E+0	1,837E+2	1,834E+2	0,000E+0	6,670E-1	6,621E-1	0,000E+0
1260,304	67,400	82,700	1,501E+2	0,000E+0	1,837E+2	1,834E+2	0,000E+0	6,670E-1	6,621E-1	0,000E+0
1261,303	67,400	82,700	1,501E+2	0,000E+0	1,837E+2	1,834E+2	0,000E+0	6,670E-1	6,621E-1	0,000E+0
1262,303	67,400	82,700	1,501E+2	0,000E+0	1,837E+2	1,834E+2	0,000E+0	6,670E-1	6,621E-1	0,000E+0
1263,304	67,500	82,500	1,500E+2	0,000E+0	1,837E+2	1,836E+2	0,000E+0	6,657E-1	6,599E-1	0,000E+0
1264,304	67,500	82,500	1,500E+2	0,000E+0	1,837E+2	1,836E+2	0,000E+0	6,657E-1	6,599E-1	0,000E+0
1265,305	67,500	82,500	1,500E+2	0,000E+0	1,837E+2	1,836E+2	0,000E+0	6,657E-1	6,599E-1	0,000E+0
1266,304	67,500	82,500	1,500E+2	0,000E+0	1,837E+2	1,836E+2	0,000E+0	6,657E-1	6,599E-1	0,000E+0
1267,304	67,400	82,400	1,498E+2	0,000E+0	1,836E+2	1,835E+2	0,000E+0	6,663E-1	6,608E-1	0,000E+0
1268,304	67,100	82,900	1,500E+2	0,000E+0	1,837E+2	1,836E+2	0,000E+0	6,670E-1	6,618E-1	0,000E+0
1269,304	67,100	82,900	1,500E+2	0,000E+0	1,837E+2	1,836E+2	0,000E+0	6,670E-1	6,618E-1	0,000E+0
1270,304	67,600	82,500	1,501E+2	0,000E+0	1,838E+2	1,836E+2	0,000E+0	6,684E-1	6,599E-1	0,000E+0
1271,304	67,400	82,700	1,501E+2	0,000E+0	1,837E+2	1,836E+2	0,000E+0	6,671E-1	6,610E-1	0,000E+0
1272,306	67,500	82,500	1,500E+2	0,000E+0	1,836E+2	1,834E+2	0,000E+0	6,658E-1	6,603E-1	0,000E+0
1273,305	67,400	82,900	1,503E+2	0,000E+0	1,836E+2	1,836E+2	0,000E+0	6,673E-1	6,617E-1	0,000E+0
1274,307	67,200	82,800	1,500E+2	0,000E+0	1,836E+2	1,835E+2	0,000E+0	6,656E-1	6,617E-1	0,000E+0
1275,306	67,100	82,500	1,496E+2	0,000E+0	1,836E+2	1,835E+2	0,000E+0	6,657E-1	6,598E-1	0,000E+0
1276,307	67,300	82,900	1,502E+2	0,000E+0	1,838E+2	1,835E+2	0,000E+0	6,674E-1	6,629E-1	0,000E+0
1277,306	67,700	82,300	1,500E+2	0,000E+0	1,838E+2	1,835E+2	0,000E+0	6,666E-1	6,589E-1	0,000E+0
1278,306	67,500	82,600	1,501E+2	0,000E+0	1,837E+2	1,836E+2	0,000E+0	6,672E-1	6,603E-1	0,000E+0
1279,306	67,600	82,400	1,500E+2	0,000E+0	1,839E+2	1,837E+2	0,000E+0	6,676E-1	6,588E-1	0,000E+0
1280,306	67,600	82,400	1,500E+2	0,000E+0	1,839E+2	1,837E+2	0,000E+0	6,676E-1	6,588E-1	0,000E+0
1281,307	67,600	82,400	1,500E+2	0,000E+0	1,839E+2	1,837E+2	0,000E+0	6,676E-1	6,588E-1	0,000E+0
1282,306	67,600	82,400	1,500E+2	0,000E+0	1,839E+2	1,837E+2	0,000E+0	6,676E-1	6,588E-1	0,000E+0
1283,308	67,600	82,400	1,500E+2	0,000E+0	1,839E+2	1,837E+2	0,000E+0	6,676E-1	6,588E-1	0,000E+0
1284,307	67,300	82,600	1,499E+2	0,000E+0	1,837E+2	1,835E+2	0,000E+0	6,638E-1	6,606E-1	0,000E+0
1285,308	67,300	82,600	1,499E+2	0,000E+0	1,837E+2	1,835E+2	0,000E+0	6,638E-1	6,606E-1	0,000E+0
1286,308	67,300	82,600	1,499E+2	0,000E+0	1,837E+2	1,835E+2	0,000E+0	6,638E-1	6,606E-1	0,000E+0
1287,308	67,300	82,600	1,499E+2	0,000E+0	1,837E+2	1,835E+2	0,000E+0	6,638E-1	6,606E-1	0,000E+0
1288,309	67,500	82,300	1,498E+2	0,000E+0	1,839E+2	1,837E+2	0,000E+0	6,658E-1	6,594E-1	0,000E+0
1289,308	67,600	82,700	1,503E+2	0,000E+0	1,838E+2	1,836E+2	0,000E+0	6,679E-1	6,605E-1	0,000E+0
1290,309	67,600	82,700	1,503E+2	0,000E+0	1,838E+2	1,836E+2	0,000E+0	6,679E-1	6,605E-1	0,000E+0
1291,308	67,500	82,400	1,499E+2	0,000E+0	1,838E+2	1,837E+2	0,000E+0	6,667E-1	6,601E-1	0,000E+0
1292,308	67,400	82,600	1,500E+2	0,000E+0	1,838E+2	1,835E+2	0,000E+0	6,673E-1	6,609E-1	0,000E+0
1293,308	67,500	82,600	1,501E+2	0,000E+0	1,840E+2	1,836E+2	0,000E+0	6,677E-1	6,603E-1	0,000E+0
1294,308	67,200	82,700	1,499E+2	0,000E+0	1,840E+2	1,836E+2	0,000E+0	6,659E-1	6,618E-1	0,000E+0
1295,309	67,400	82,500	1,499E+2	0,000E+0	1,838E+2	1,836E+2	0,000E+0	6,666E-1	6,603E-1	0,000E+0
1296,308	67,400	82,700	1,501E+2	0,000E+0	1,837E+2	1,836E+2	0,000E+0	6,665E-1	6,621E-1	0,000E+0
1297,308	67,400	82,500	1,499E+2	0,000E+0	1,837E+2	1,835E+2	0,000E+0	6,665E-1	6,606E-1	0,000E+0
1298,308	67,500	82,800	1,503E+2	0,000E+0	1,838E+2	1,835E+2	0,000E+0	6,674E-1	6,620E-1	0,000E+0
1299,308	67,400	82,400	1,498E+2	0,000E+0	1,838E+2	1,835E+2	0,000E+0	6,666E-1	6,592E-1	0,000E+0
1300,310	67,600	82,400	1,500E+2	0,000E+0	1,838E+2	1,836E+2	0,000E+0	6,675E-1	6,596E-1	0,000E+0
1301,311	67,300	82,500	1,498E+2	0,000E+0	1,836E+2	1,834E+2	0,000E+0	6,651E-1	6,602E-1	0,000E+0
1302,313	67,500	82,600	1,501E+2	0,000E+0	1,839E+2	1,836E+2	0,000E+0	6,657E-1	6,603E-1	0,000E+0
1303,312	67,500	82,600	1,501E+2	0,000E+0	1,839E+2	1,836E+2	0,000E+0	6,657E-1	6,603E-1	0,000E+0
1304,313	67,500	82,600	1,501E+2	0,000E+0	1,839E+2	1,836E+2	0,000E+0	6,657E-1	6,603E-1	0,000E+0
1305,313	67,400	82,600	1,500E+2	0,000E+0	1,837E+2	1,837E+2	0,000E+0	6,667E-1	6,596E-1	0,000E+0
1306,313	67,400	82,600	1,500E+2	0,000E+0	1,837E+2	1,837E+2	0,000E+0	6,667E-1	6,596E-1	0,000E+0
1307,315	67,300	82,800	1,501E+2	0,000E+0	1,836E+2	1,835E+2	0,000E+0	6,663E-1	6,617E-1	0,000E+0
1308,315	67,300	83,000	1,503E+2	0,000E+0	1,837E+2	1,834E+2	0,000E+0	6,682E-1	6,634E-1	0,000E+0
1309,316	67,500	82,400	1,499E+2	0,000E+0	1,841E+2	1,835E+2	0,000E+0	6,685E-1	6,604E-1	0,000E+0
1310,315	67,500	82,600	1,501E+2	0,000E+0	1,838E+2	1,836E+2	0,000E+0	6,674E-1	6,605E-1	0,000E+0
1311,316	67,300	82,400	1,497E+2	0,000E+0	1,838E+2	1,835E+2	0,000E+0	6,660E-1	6,595E-1	0,000E+0
1312,315	67,700	82,600	1,503E+2	0,000E+0	1,840E+2	1,837E+2	0,000E+0	6,685E-1	6,607E-1	0,000E+0
1313,316	67,400	82,100	1,495E+2	0,000E+0	1,837E+2	1,834E+2	0,000E+0	6,662E-1	6,584E-1	0,000E+0
1314,315	67,700	82,700	1,504E+2	0,000E+0	1,840E+2	1,836E+2	0,000E+0	6,682E-1	6,608E-1	0,000E+0
1315,315	67,700	82,700	1,504E+2	0,000E+0	1,840E+2	1,836E+2	0,000E+0	6,682E-1	6,608E-1	0,000E+0
1316,315	67,500	82,800	1,503E+2	0,000E+0	1,837E+2	1,835E+2	0,000E+0	6,662E-1	6,622E-1	0,000E+0
1317,315	67,200	82,600	1,498E+2	0,000E+0	1,837E+2	1,835E+2	0,000E+0	6,649E-1	6,602E-1	0,000E+0
1318,316	67,400	82,500	1,499E+2	0,000E+0	1,838E+2	1,836E+2	0,000E+0	6,660E-1	6,595E-1	0,000E+0
1319,315	67,600	82,400	1,500E+2	0,000E+0	1,838E+2	1,835E+2	0,000E+0	6,666E-1	6,595E-1	0,000E+0
1320,317	67,400	82,500	1,499E+2	0,000E+0	1,836E+2	1,834E+2	0,000E+0	6,658E-1	6,603E-1	0,000E+0
1321,318	67,200	82,700	1,499E+2	0,000E+0	1,836E+2	1,837E+2	0,000E+0	6,645E-1	6,602E-1	0,000E+0
1322,317	67,700	82,200	1,499E+2	0,000E+0	1,838E+2	1,833E+2	0,000E+0	6,682E-1	6,592E-1	0,000E+0
1323,317	67,400	82,700	1,501E+2	0,000E+0	1,838E+2	1,834E+2	0,000E+0	6,674E-1	6,622E-1	0,000E+0
1324,318	67,400	82,700	1,501E+2	0,000E+0	1,837E+2	1,835E+2	0,000E+0	6,665E-1	6,610E-1	0,000E+0
1325,318	67,600	82,600	1,502E+2	0,000E+0	1,837E+2	1,834E+2	0,000E+0	6,679E-1	6,605E-1	0,000E+0
1326,320	67,600	82,600	1,502E+2	0,000E+0	1,837E+2	1,834E+2	0,000E+0	6,679E-1	6,605E-1	0,000E+0
1327,319	67,600	82,600	1,502E+2	0,000E+0	1,837E+2	1,834E+2	0,000E+0	6,679E-1	6,605E-1	0,000E+0
1328,320	67,300	82,700	1,500E+2	0,000E+0	1,839E+2	1,834E+2	0,000E+0	6,669E-1	6,609E-1	0,000E+0
1329,319	67,300	82,700	1,500E+2	0,000E+0	1,839E+2	1,834E+2	0,000E+0	6,669E-1	6,609E-1	0,000E+0
1330,319	67,300	82,900	1,502E+2	0,000E+0	1,838E+2	1,833E+2	0,000E+0	6,669E-1	6,622E-1	0,000E+0
1331,319	67,300	82,900	1,502E+2	0,000E+0	1,838E+2	1,833E+2	0,000E+0	6,669E-1	6,622E-1	0,000E+0
1332,320	67,300	82,900	1,502E+2	0,000E+0	1,838E+2	1,833E+2	0,000E+0	6,669E-1	6,622E-1	0,000E+0
1333,321	67,300	82,900	1,502E+2	0,000E+0	1,838E+2	1,833E+2	0,000E+0	6,669E-1	6,622E-1	0,000E+0
1334,320	67,100	83,000	1,501E+2	0,000E+0	1,836E+2	1,836E+2	0,000E+0	6,656E-1	6,623E-1	0,000E+0
1335,321	67,100	83,000	1,501E+2	0,000E+0	1,836E+2	1,836E+2	0,000E+0	6,656E-1	6,623E-1	0,000E+0
1336,320	67,100	83,000	1,501E+2	0,000E+0	1,836E+2	1,836E+2	0,000E+0	6,656E-1	6,623E-1	0,000E+0
1337,320	67,700	82,400	1,501E+2	0,000E+0	1,838E+2	1,833E+2	0,000E+0	6,690E-1	6,597E-1	0,000E+0
1338,321	67,200	82,700	1,499E+2	0,000E+0	1,836E+2	1,836E+2	0,000E+0	6,630E-1	6,604E-1	0,000E+0
1339,321	67,300	82,500	1,498E+2	0,000E+0	1,836E+2	1,834E+2	0,000E+0	6,662E-1	6,607E-1	0,000E+0
1340,322	67,800	82,700	1,505E+2	0,000E+0	1,838E+2	1,834E+2	0,000E+0	6,699E-1	6,616E-1	0,000E+0
1341,321	67,400	82,400	1,498E+2	0,000E+0	1,838E+2	1,834E+2	0,000E+0	6,674E-1	6,603E-1	0,000E+0
1342,323	67,400	82,600	1,500E+2	0,000E+0	1,835E+2	1,833E+2	0,000E+0	6,668E-1	6,610E-1	0,000E+0
1343,323	67,300	82,500	1,498E+2	0,000E+0	1,834E+2	1,835E+2	0,000E+0	6,670E-1	6,607E-1	0,000E+0
1344,323	67,600	82,300	1,499E+2	0,000E+0	1,836E+2	1,834E+2	0,000E+0	6,664E-1	6,584E-1	0,000E+0
1345,324	67,200	82,700	1,499E+2	0,000E+0	1,834E+2	1,835E+2	0,000E+0	6,662E-1	6,617E-1	0,000E+0
1346,325	67,200	82,700	1,499E+2	0,000E+0	1,834E+2	1,835E+2	0,000E+0	6,662E-1	6,617E-1	0,000E+0
1347,326	67,300	82,600	1,499E+2	0,000E+0	1,835E+2	1,833E+2	0,000E+0	6,660E-1	6,615E-1	0,000E+0
1348,325	67,300	82,600	1,499E+2	0,000E+0	1,835E+2	1,833E+2	0,000E+0	6,660E-1	6,615E-1	0,000E+0
1349,326	67,300	82,600	1,499E+2	0,000E+0	1,835E+2	1,833E+2	0,000E+0	6,660E-1	6,615E-1	0,000E+0
1350,328	67,500	82,500	1,500E+2	0,000E+0	1,837E+2	1,833E+2	0,000E+0	6,683E-1	6,607E-1	0,000E+0
1351,327	67,500	82,500	1,500E+2	0,000E+0	1,837E+2	1,833E+2	0,000E+0	6,683E-1	6,607E-1	0,000E+0
1352,327	67,500	82,600	1,501E+2	0,000E+0	1,838E+2	1,835E+2	0,000E+0	6,676E-1	6,609E-1	0,000E+0
1353,327	67,500	82,600	1,501E+2	0,000E+0	1,838E+2	1,835E+2	0,000E+0	6,676E-1	6,609E-1	0,000E+0
1354,327	67,500	82,600	1,501E+2	0,000E+0	1,838E+2	1,835E+2	0,000E+0	6,676E-1	6,609E-1	0,000E+0
1355,327	67,100	82,900	1,500E+2	0,000E+0	1,834E+2	1,836E+2	0,000E+0	6,654E-1	6,629E-1	0,000E+0
1356,327	67,100	82,900	1,500E+2	0,000E+0	1,834E+2	1,836E+2	0,000E+0	6,654E-1	6,629E-1	0,000E+0
1357,328	67,100	82,900	1,500E+2	0,000E+0	1,834E+2	1,836E+2	0,000E+0	6,654E-1	6,629E-1	0,000E+0
1358,328	67,100	82,900	1,500E+2	0,000E+0	1,834E+2	1,836E+2	0,000E+0	6,654E-1	6,629E-1	0,000E+0
1359,327	67,500	82,700	1,502E+2	0,000E+0	1,835E+2	1,836E+2	0,000E+0	6,678E-1	6,616E-1	0,000E+0
1360,327	67,400	82,400	1,498E+2	0,000E+0	1,836E+2	1,832E+2	0,000E+0	6,667E-1	6,601E-1	0,000E+0
1361,327	67,600	82,600	1,502E+2	0,000E+0	1,836E+2	1,834E+2	0,000E+0	6,680E-1	6,607E-1	0,000E+0
1362,327	67,300	82,800	1,501E+2	0,000E+0	1,835E+2	1,834E+2	0,000E+0	6,666E-1	6,620E-1	0,000E+0
1363,328	67,300	82,800	1,501E+2	0,000E+0	1,835E+2	1,834E+2	0,000E+0	6,666E-1	6,620E-1	0,000E+0
1364,327	67,300	82,400	1,497E+2	0,000E+0	1,836E+2	1,834E+2	0,000E+0	6,671E-1	6,602E-1	0,000E+0
1365,327	67,300	82,400	1,497E+2	0,000E+0	1,836E+2	1,834E+2	0,000E+0	6,671E-1	6,602E-1	0,000E+0
1366,327	67,200	82,900	1,501E+2	0,000E+0	1,834E+2	1,831E+2	0,000E+0	6,678E-1	6,631E-1	0,000E+0
1367,327	67,200	82,900	1,501E+2	0,000E+0	1,834E+2	1,831E+2	0,000E+0	6,678E-1	6,631E-1	0,000E+0
1368,328	67,600	82,700	1,503E+2	0,000E+0	1,832E+2	1,832E+2	0,000E+0	6,679E-1	6,607E-1	0,000E+0
1369,328	67,500	82,400	1,499E+2	0,000E+0	1,833E+2	1,829E+2	0,000E+0	6,692E-1	6,609E-1	0,000E+0
1370,328	67,200	82,600	1,498E+2	0,000E+0	1,833E+2	1,832E+2	0,000E+0	6,664E-1	6,605E-1	0,000E+0
1371,328	67,500	82,800	1,503E+2	0,000E+0	1,833E+2	1,831E+2	0,000E+0	6,677E-1	6,626E-1	0,000E+0
1372,328	67,500	82,800	1,503E+2	0,000E+0	1,833E+2	1,831E+2	0,000E+0	6,677E-1	6,626E-1	0,000E+0
1373,329	67,500	82,800	1,503E+2	0,000E+0	1,833E+2	1,831E+2	0,000E+0	6,677E-1	6,626E-1	0,000E+0
1374,328	67,500	82,800	1,503E+2	0,000E+0	1,833E+2	1,831E+2	0,000E+0	6,677E-1	6,626E-1	0,000E+0
1375,329	67,500	82,800	1,503E+2	0,000E+0	1,833E+2	1,831E+2	0,000E+0	6,677E-1	6,626E-1	0,000E+0
1376,329	67,100	82,700	1,498E+2	0,000E+0	1,832E+2	1,833E+2	0,000E+0	6,653E-1	6,603E-1	0,000E+0
1377,329	67,100	82,700	1,498E+2	0,000E+0	1,832E+2	1,833E+2	0,000E+0	6,653E-1	6,603E-1	0,000E+0
1378,330	67,100	82,700	1,498E+2	0,000E+0	1,832E+2	1,833E+2	0,000E+0	6,653E-1	6,603E-1	0,000E+0
1379,330	67,100	82,700	1,498E+2	0,000E+0	1,832E+2	1,833E+2	0,000E+0	6,653E-1	6,603E-1	0,000E+0
1380,331	67,500	82,500	1,500E+2	0,000E+0	1,833E+2	1,829E+2	0,000E+0	6,691E-1	6,615E-1	0,000E+0
1381,330	67,200	82,900	1,501E+2	0,000E+0	1,832E+2	1,832E+2	0,000E+0	6,668E-1	6,626E-1	0,000E+0
1382,330	67,200	82,900	1,501E+2	0,000E+0	1,832E+2	1,832E+2	0,000E+0	6,668E-1	6,626E-1	0,000E+0
1383,330	67,400	82,800	1,502E+2	0,000E+0	1,834E+2	1,831E+2	0,000E+0	6,672E-1	6,617E-1	0,000E+0
1384,330	67,500	82,200	1,497E+2	0,000E+0	1,834E+2	1,831E+2	0,000E+0	6,675E-1	6,589E-1	0,000E+0
1385,332	67,300	82,700	1,500E+2	0,000E+0	1,834E+2	1,833E+2	0,000E+0	6,681E-1	6,609E-1	0,000E+0
1386,332	67,600	82,600	1,502E+2	0,000E+0	1,834E+2	1,830E+2	0,000E+0	6,696E-1	6,620E-1	0,000E+0
1387,333	67,500	82,700	1,502E+2	0,000E+0	1,833E+2	1,831E+2	0,000E+0	6,668E-1	6,609E-1	0,000E+0
1388,332	67,500	82,600	1,501E+2	0,000E+0	1,833E+2	1,830E+2	0,000E+0	6,681E-1	6,614E-1	0,000E+0
1389,332	67,200	82,800	1,500E+2	0,000E+0	1,832E+2	1,831E+2	0,000E+0	6,659E-1	6,626E-1	0,000E+0
1390,333	67,200	82,800	1,500E+2	0,000E+0	1,834E+2	1,832E+2	0,000E+0	6,672E-1	6,619E-1	0,000E+0
1391,333	67,400	82,600	1,500E+2	0,000E+0	1,833E+2	1,830E+2	0,000E+0	6,676E-1	6,620E-1	0,000E+0
1392,334	67,300	82,800	1,501E+2	0,000E+0	1,833E+2	1,830E+2	0,000E+0	6,669E-1	6,621E-1	0,000E+0
1393,334	67,400	82,500	1,499E+2	0,000E+0	1,831E+2	1,830E+2	0,000E+0	6,671E-1	6,613E-1	0,000E+0
1394,335	67,300	82,800	1,501E+2	0,000E+0	1,832E+2	1,830E+2	0,000E+0	6,677E-1	6,623E-1	0,000E+0
1395,334	67,300	82,800	1,501E+2	0,000E+0	1,832E+2	1,830E+2	0,000E+0	6,677E-1	6,623E-1	0,000E+0
1396,335	67,700	82,400	1,501E+2	0,000E+0	1,835E+2	1,829E+2	0,000E+0	6,703E-1	6,606E-1	0,000E+0
1397,335	67,400	82,800	1,502E+2	0,000E+0	1,833E+2	1,830E+2	0,000E+0	6,685E-1	6,622E-1	0,000E+0
1398,335	67,500	82,300	1,498E+2	0,000E+0	1,834E+2	1,830E+2	0,000E+0	6,678E-1	6,598E-1	0,000E+0
1399,336	67,500	82,300	1,498E+2	0,000E+0	1,834E+2	1,830E+2	0,000E+0	6,678E-1	6,598E-1	0,000E+0
1400,335	67,500	82,300	1,498E+2	0,000E+0	1,834E+2	1,830E+2	0,000E+0	6,678E-1	6,598E-1	0,000E+0
1401,336	67,500	82,300	1,498E+2	0,000E+0	1,834E+2	1,830E+2	0,000E+0	6,678E-1	6,598E-1	0,000E+0
1402,335	67,400	82,400	1,498E+2	0,000E+0	1,831E+2	1,830E+2	0,000E+0	6,666E-1	6,595E-1	0,000E+0
1403,335	67,400	82,400	1,498E+2	0,000E+0	1,831E+2	1,830E+2	0,000E+0	6,666E-1	6,595E-1	0,000E+0
1404,335	67,400	82,400	1,498E+2	0,000E+0	1,831E+2	1,830E+2	0,000E+0	6,666E-1	6,595E-1	0,000E+0
1405,335	67,800	82,700	1,505E+2	0,000E+0	1,834E+2	1,830E+2	0,000E+0	6,707E-1	6,612E-1	0,000E+0
1406,336	67,800	82,700	1,505E+2	0,000E+0	1,834E+2	1,830E+2	0,000E+0	6,707E-1	6,612E-1	0,000E+0
1407,335	67,500	82,800	1,503E+2	0,000E+0	1,831E+2	1,831E+2	0,000E+0	6,686E-1	6,632E-1	0,000E+0
1408,336	67,500	82,800	1,503E+2	0,000E+0	1,831E+2	1,831E+2	0,000E+0	6,686E-1	6,632E-1	0,000E+0
1409,335	67,100	82,500	1,496E+2	0,000E+0	1,832E+2	1,831E+2	0,000E+0	6,649E-1	6,602E-1	0,000E+0
1410,335	67,100	82,500	1,496E+2	0,000E+0	1,832E+2	1,831E+2	0,000E+0	6,649E-1	6,602E-1	0,000E+0
1411,336	67,300	82,700	1,500E+2	0,000E+0	1,833E+2	1,830E+2	0,000E+0	6,679E-1	6,617E-1	0,000E+0
1412,336	67,400	82,800	1,502E+2	0,000E+0	1,833E+2	1,830E+2	0,000E+0	6,677E-1	6,623E-1	0,000E+0
1413,336	67,600	83,100	1,507E+2	0,000E+0	1,834E+2	1,831E+2	0,000E+0	6,712E-1	6,641E-1	0,000E+0
1414,337	67,600	82,100	1,497E+2	0,000E+0	1,836E+2	1,834E+2	0,000E+0	6,642E-1	6,569E-1	0,000E+0
1415,336	67,100	82,500	1,496E+2	0,000E+0	1,833E+2	1,834E+2	0,000E+0	6,652E-1	6,599E-1	0,000E+0
1416,338	67,200	82,800	1,500E+2	0,000E+0	1,836E+2	1,834E+2	0,000E+0	6,674E-1	6,626E-1	0,000E+0
1417,338	67,600	82,800	1,504E+2	0,000E+0	1,837E+2	1,835E+2	0,000E+0	6,694E-1	6,625E-1	0,000E+0
1418,338	67,400	82,500	1,499E+2	0,000E+0	1,834E+2	1,834E+2	0,000E+0	6,671E-1	6,600E-1	0,000E+0
1419,339	67,200	82,800	1,500E+2	0,000E+0	1,834E+2	1,835E+2	0,000E+0	6,652E-1	6,613E-1	0,000E+0
1420,339	67,200	82,800	1,500E+2	0,000E+0	1,834E+2	1,835E+2	0,000E+0	6,652E-1	6,613E-1	0,000E+0
1421,340	67,200	82,800	1,500E+2	0,000E+0	1,834E+2	1,835E+2	0,000E+0	6,652E-1	6,613E-1	0,000E+0
1422,339	67,200	82,800	1,500E+2	0,000E+0	1,834E+2	1,835E+2	0,000E+0	6,652E-1	6,613E-1	0,000E+0
1423,339	67,400	82,700	1,501E+2	0,000E+0	1,835E+2	1,835E+2	0,000E+0	6,688E-1	6,617E-1	0,000E+0
1424,339	67,400	82,700	1,501E+2	0,000E+0	1,835E+2	1,835E+2	0,000E+0	6,688E-1	6,617E-1	0,000E+0
1425,339	67,400	82,700	1,501E+2	0,000E+0	1,835E+2	1,835E+2	0,000E+0	6,688E-1	6,617E-1	0,000E+0
1426,340	67,500	82,600	1,501E+2	0,000E+0	1,837E+2	1,834E+2	0,000E+0	6,670E-1	6,614E-1	0,000E+0
1427,339	67,500	82,600	1,501E+2	0,000E+0	1,837E+2	1,834E+2	0,000E+0	6,670E-1	6,614E-1	0,000E+0
1428,340	67,400	82,600	1,500E+2	0,000E+0	1,836E+2	1,832E+2	0,000E+0	6,685E-1	6,614E-1	0,000E+0
1429,340	67,400	82,600	1,500E+2	0,000E+0	1,836E+2	1,832E+2	0,000E+0	6,685E-1	6,614E-1	0,000E+0
1430,340	67,500	82,800	1,503E+2	0,000E+0	1,836E+2	1,835E+2	0,000E+0	6,689E-1	6,624E-1	0,000E+0
1431,340	67,500	82,800	1,503E+2	0,000E+0	1,836E+2	1,835E+2	0,000E+0	6,689E-1	6,624E-1	0,000E+0
1432,340	67,300	82,700	1,500E+2	0,000E+0	1,839E+2	1,839E+2	0,000E+0	6,667E-1	6,608E-1	0,000E+0
1433,341	67,500	82,700	1,502E+2	0,000E+0	1,839E+2	1,836E+2	0,000E+0	6,683E-1	6,616E-1	0,000E+0
1434,340	67,400	82,700	1,501E+2	0,000E+0	1,837E+2	1,835E+2	0,000E+0	6,677E-1	6,617E-1	0,000E+0
1435,341	67,400	82,300	1,497E+2	0,000E+0	1,838E+2	1,834E+2	0,000E+0	6,662E-1	6,597E-1	0,000E+0
1436,340	67,500	82,400	1,499E+2	0,000E+0	1,837E+2	1,836E+2	0,000E+0	6,671E-1	6,597E-1	0,000E+0
1437,340	67,300	82,600	1,499E+2	0,000E+0	1,836E+2	1,834E+2	0,000E+0	6,674E-1	6,616E-1	0,000E+0
1438,340	67,500	82,500	1,500E+2	0,000E+0	1,835E+2	1,832E+2	0,000E+0	6,668E-1	6,600E-1	0,000E+0
1439,340	67,500	82,700	1,502E+2	0,000E+0	1,836E+2	1,835E+2	0,000E+0	6,677E-1	6,605E-1	0,000E+0
1440,341	67,300	82,800	1,501E+2	0,000E+0	1,836E+2	1,834E+2	0,000E+0	6,669E-1	6,620E-1	0,000E+0
1441,340	67,300	82,800	1,501E+2	0,000E+0	1,835E+2	1,835E+2	0,000E+0	6,668E-1	6,617E-1	0,000E+0
1442,340	67,400	82,500	1,499E+2	0,000E+0	1,838E+2	1,834E+2	0,000E+0	6,669E-1	6,606E-1	0,000E+0
1443,341	67,400	82,500	1,499E+2	0,000E+0	1,838E+2	1,834E+2	0,000E+0	6,669E-1	6,606E-1	0,000E+0
1444,341	67,400	82,400	1,498E+2	0,000E+0	1,838E+2	1,835E+2	0,000E+0	6,677E-1	6,609E-1	0,000E+0
1445,341	67,500	82,700	1,502E+2	0,000E+0	1,838E+2	1,836E+2	0,000E+0	6,678E-1	6,617E-1	0,000E+0
1446,341	67,400	82,600	1,500E+2	0,000E+0	1,836E+2	1,835E+2	0,000E+0	6,670E-1	6,614E-1	0,000E+0
1447,342	67,500	82,500	1,500E+2	0,000E+0	1,837E+2	1,835E+2	0,000E+0	6,664E-1	6,609E-1	0,000E+0
1448,341	67,500	82,500	1,500E+2	0,000E+0	1,837E+2	1,835E+2	0,000E+0	6,664E-1	6,609E-1	0,000E+0
1449,341	67,400	82,400	1,498E+2	0,000E+0	1,837E+2	1,834E+2	0,000E+0	6,682E-1	6,604E-1	0,000E+0
1450,342	67,300	82,600	1,499E+2	0,000E+0	1,838E+2	1,834E+2	0,000E+0	6,670E-1	6,618E-1	0,000E+0
1451,341	67,300	82,600	1,499E+2	0,000E+0	1,838E+2	1,834E+2	0,000E+0	6,670E-1	6,618E-1	0,000E+0
1452,341	67,300	82,600	1,499E+2	0,000E+0	1,838E+2	1,834E+2	0,000E+0	6,670E-1	6,618E-1	0,000E+0
1453,341	67,500	83,000	1,505E+2	0,000E+0	1,837E+2	1,834E+2	0,000E+0	6,694E-1	6,642E-1	0,000E+0
1454,341	67,500	83,000	1,505E+2	0,000E+0	1,837E+2	1,834E+2	0,000E+0	6,694E-1	6,642E-1	0,000E+0
1455,341	67,500	83,000	1,505E+2	0,000E+0	1,837E+2	1,834E+2	0,000E+0	6,694E-1	6,642E-1	0,000E+0
1456,341	67,500	83,000	1,505E+2	0,000E+0	1,837E+2	1,834E+2	0,000E+0	6,694E-1	6,642E-1	0,000E+0
1457,341	67,800	82,700	1,505E+2	0,000E+0	1,837E+2	1,834E+2	0,000E+0	6,695E-1	6,629E-1	0,000E+0
1458,342	67,800	82,700	1,505E+2	0,000E+0	1,837E+2	1,834E+2	0,000E+0	6,695E-1	6,629E-1	0,000E+0
1459,342	67,800	82,700	1,505E+2	0,000E+0	1,837E+2	1,834E+2	0,000E+0	6,695E-1	6,629E-1	0,000E+0
1460,343	67,400	82,400	1,498E+2	0,000E+0	1,836E+2	1,835E+2	0,000E+0	6,667E-1	6,594E-1	0,000E+0
1461,342	67,400	82,400	1,498E+2	0,000E+0	1,836E+2	1,835E+2	0,000E+0	6,667E-1	6,594E-1	0,000E+0
1462,342	67,100	82,600	1,497E+2	0,000E+0	1,836E+2	1,836E+2	0,000E+0	6,639E-1	6,610E-1	0,000E+0
1463,344	67,300	82,700	1,500E+2	0,000E+0	1,838E+2	1,836E+2	0,000E+0	6,664E-1	6,616E-1	0,000E+0
1464,344	67,600	82,700	1,503E+2	0,000E+0	1,837E+2	1,834E+2	0,000E+0	6,696E-1	6,619E-1	0,000E+0
1465,345	67,600	82,700	1,503E+2	0,000E+0	1,837E+2	1,834E+2	0,000E+0	6,696E-1	6,619E-1	0,000E+0
1466,344	67,300	82,500	1,498E+2	0,000E+0	1,839E+2	1,836E+2	0,000E+0	6,668E-1	6,602E-1	0,000E+0
1467,344	67,600	82,600	1,502E+2	0,000E+0	1,838E+2	1,839E+2	0,000E+0	6,684E-1	6,602E-1	0,000E+0
1468,344	67,300	82,600	1,499E+2	0,000E+0	1,836E+2	1,834E+2	0,000E+0	6,662E-1	6,617E-1	0,000E+0
1469,344	67,500	82,700	1,502E+2	0,000E+0	1,838E+2	1,836E+2	0,000E+0	6,682E-1	6,620E-1	0,000E+0
1470,346	67,600	82,600	1,502E+2	0,000E+0	1,838E+2	1,836E+2	0,000E+0	6,690E-1	6,611E-1	0,000E+0
1471,345	67,200	82,700	1,499E+2	0,000E+0	1,838E+2	1,836E+2	0,000E+0	6,678E-1	6,612E-1	0,000E+0
1472,346	67,300	82,400	1,497E+2	0,000E+0	1,837E+2	1,835E+2	0,000E+0	6,664E-1	6,604E-1	0,000E+0
1473,345	67,300	82,400	1,497E+2	0,000E+0	1,837E+2	1,835E+2	0,000E+0	6,664E-1	6,604E-1	0,000E+0
1474,345	67,300	82,400	1,497E+2	0,000E+0	1,837E+2	1,835E+2	0,000E+0	6,664E-1	6,604E-1	0,000E+0
1475,345	67,300	82,400	1,497E+2	0,000E+0	1,837E+2	1,835E+2	0,000E+0	6,664E-1	6,604E-1	0,000E+0
1476,345	67,300	82,400	1,497E+2	0,000E+0	1,837E+2	1,835E+2	0,000E+0	6,664E-1	6,604E-1	0,000E+0
1477,346	67,600	82,500	1,501E+2	0,000E+0	1,837E+2	1,834E+2	0,000E+0	6,677E-1	6,605E-1	0,000E+0
1478,345	67,600	82,500	1,501E+2	0,000E+0	1,837E+2	1,834E+2	0,000E+0	6,677E-1	6,605E-1	0,000E+0
1479,346	67,600	82,500	1,501E+2	0,000E+0	1,837E+2	1,834E+2	0,000E+0	6,677E-1	6,605E-1	0,000E+0
1480,346	67,600	82,700	1,503E+2	0,000E+0	1,839E+2	1,836E+2	0,000E+0	6,692E-1	6,624E-1	0,000E+0
1481,346	67,600	82,700	1,503E+2	0,000E+0	1,839E+2	1,836E+2	0,000E+0	6,692E-1	6,624E-1	0,000E+0
1482,347	67,300	82,800	1,501E+2	0,000E+0	1,838E+2	1,836E+2	0,000E+0	6,663E-1	6,628E-1	0,000E+0
1483,346	67,300	82,800	1,501E+2	0,000E+0	1,838E+2	1,836E+2	0,000E+0	6,663E-1	6,628E-1	0,000E+0
1484,348	67,500	82,400	1,499E+2	0,000E+0	1,838E+2	1,835E+2	0,000E+0	6,670E-1	6,608E-1	0,000E+0
1485,347	67,400	82,800	1,502E+2	0,000E+0	1,838E+2	1,836E+2	0,000E+0	6,681E-1	6,621E-1	0,000E+0
1486,347	67,600	82,700	1,503E+2	0,000E+0	1,839E+2	1,836E+2	0,000E+0	6,679E-1	6,612E-1	0,000E+0
1487,347	67,600	82,500	1,501E+2	0,000E+0	1,839E+2	1,837E+2	0,000E+0	6,684E-1	6,599E-1	0,000E+0
1488,347	67,600	82,500	1,501E+2	0,000E+0	1,839E+2	1,837E+2	0,000E+0	6,684E-1	6,599E-1	0,000E+0
1489,349	67,500	82,600	1,501E+2	0,000E+0	1,840E+2	1,840E+2	0,000E+0	6,659E-1	6,603E-1	0,000E+0
1490,349	67,500	82,600	1,501E+2	0,000E+0	1,840E+2	1,840E+2	0,000E+0	6,659E-1	6,603E-1	0,000E+0
1491,350	67,500	82,400	1,499E+2	0,000E+0	1,841E+2	1,837E+2	0,000E+0	6,676E-1	6,601E-1	0,000E+0
1492,349	67,500	82,400	1,499E+2	0,000E+0	1,841E+2	1,837E+2	0,000E+0	6,676E-1	6,601E-1	0,000E+0
1493,350	67,500	82,400	1,499E+2	0,000E+0	1,841E+2	1,837E+2	0,000E+0	6,676E-1	6,601E-1	0,000E+0
1494,350	67,500	82,400	1,499E+2	0,000E+0	1,841E+2	1,837E+2	0,000E+0	6,676E-1	6,601E-1	0,000E+0
1495,350	67,300	82,700	1,500E+2	0,000E+0	1,836E+2	1,835E+2	0,000E+0	6,667E-1	6,613E-1	0,000E+0
1496,351	67,300	82,700	1,500E+2	0,000E+0	1,836E+2	1,835E+2	0,000E+0	6,667E-1	6,613E-1	0,000E+0
1497,350	67,300	82,700	1,500E+2	0,000E+0	1,836E+2	1,835E+2	0,000E+0	6,667E-1	6,613E-1	0,000E+0
1498,351	67,500	82,500	1,500E+2	0,000E+0	1,838E+2	1,834E+2	0,000E+0	6,674E-1	6,613E-1	0,000E+0
1499,350	67,500	82,500	1,500E+2	0,000E+0	1,838E+2	1,834E+2	0,000E+0	6,674E-1	6,613E-1	0,000E+0
1500,350	67,500	82,500	1,500E+2	0,000E+0	1,838E+2	1,834E+2	0,000E+0	6,674E-1	6,613E-1	0,000E+0
1501,350	67,500	82,500	1,500E+2	0,000E+0	1,838E+2	1,834E+2	0,000E+0	6,674E-1	6,613E-1	0,000E+0
1502,350	67,400	82,600	1,500E+2	0,000E+0	1,838E+2	1,838E+2	0,000E+0	6,671E-1	6,608E-1	0,000E+0
1503,350	67,400	82,700	1,501E+2	0,000E+0	1,838E+2	1,834E+2	0,000E+0	6,673E-1	6,617E-1	0,000E+0
1504,351	67,500	82,300	1,498E+2	0,000E+0	1,838E+2	1,836E+2	0,000E+0	6,681E-1	6,590E-1	0,000E+0
1505,352	67,500	82,300	1,498E+2	0,000E+0	1,838E+2	1,836E+2	0,000E+0	6,681E-1	6,590E-1	0,000E+0
1506,351	67,400	82,700	1,501E+2	0,000E+0	1,836E+2	1,835E+2	0,000E+0	6,661E-1	6,617E-1	0,000E+0
1507,351	67,500	82,600	1,501E+2	0,000E+0	1,837E+2	1,835E+2	0,000E+0	6,670E-1	6,617E-1	0,000E+0
1508,352	67,500	82,400	1,499E+2	0,000E+0	1,839E+2	1,836E+2	0,000E+0	6,675E-1	6,595E-1	0,000E+0
1509,352	67,400	82,500	1,499E+2	0,000E+0	1,839E+2	1,837E+2	0,000E+0	6,678E-1	6,600E-1	0,000E+0
1510,353	67,400	82,800	1,502E+2	0,000E+0	1,839E+2	1,837E+2	0,000E+0	6,665E-1	6,616E-1	0,000E+0
1511,354	67,300	82,500	1,498E+2	0,000E+0	1,837E+2	1,836E+2	0,000E+0	6,676E-1	6,608E-1	0,000E+0
1512,355	67,300	82,500	1,498E+2	0,000E+0	1,837E+2	1,836E+2	0,000E+0	6,676E-1	6,608E-1	0,000E+0
1513,355	67,200	82,900	1,501E+2	0,000E+0	1,837E+2	1,837E+2	0,000E+0	6,659E-1	6,622E-1	0,000E+0
1514,355	67,500	82,600	1,501E+2	0,000E+0	1,836E+2	1,835E+2	0,000E+0	6,658E-1	6,606E-1	0,000E+0
1515,356	67,500	82,600	1,501E+2	0,000E+0	1,836E+2	1,835E+2	0,000E+0	6,658E-1	6,606E-1	0,000E+0
1516,356	67,500	82,600	1,501E+2	0,000E+0	1,836E+2	1,835E+2	0,000E+0	6,658E-1	6,606E-1	0,000E+0
1517,357	67,500	82,600	1,501E+2	0,000E+0	1,836E+2	1,835E+2	0,000E+0	6,658E-1	6,606E-1	0,000E+0
1518,356	67,500	82,600	1,501E+2	0,000E+0	1,836E+2	1,835E+2	0,000E+0	6,658E-1	6,606E-1	0,000E+0
1519,357	67,200	82,700	1,499E+2	0,000E+0	1,839E+2	1,838E+2	0,000E+0	6,664E-1	6,624E-1	0,000E+0
1520,356	67,200	82,700	1,499E+2	0,000E+0	1,839E+2	1,838E+2	0,000E+0	6,664E-1	6,624E-1	0,000E+0
1521,356	67,200	82,700	1,499E+2	0,000E+0	1,839E+2	1,838E+2	0,000E+0	6,664E-1	6,624E-1	0,000E+0
1522,356	67,600	82,400	1,500E+2	0,000E+0	1,840E+2	1,836E+2	0,000E+0	6,690E-1	6,600E-1	0,000E+0
1523,357	67,600	82,400	1,500E+2	0,000E+0	1,840E+2	1,836E+2	0,000E+0	6,690E-1	6,600E-1	0,000E+0
1524,358	67,500	82,500	1,500E+2	0,000E+0	1,839E+2	1,836E+2	0,000E+0	6,681E-1	6,604E-1	0,000E+0
1525,357	67,500	82,500	1,500E+2	0,000E+0	1,839E+2	1,836E+2	0,000E+0	6,681E-1	6,604E-1	0,000E+0
1526,358	67,300	82,500	1,498E+2	0,000E+0	1,839E+2	1,834E+2	0,000E+0	6,660E-1	6,609E-1	0,000E+0
1527,359	67,600	82,500	1,501E+2	0,000E+0	1,838E+2	1,837E+2	0,000E+0	6,670E-1	6,608E-1	0,000E+0
1528,358	67,400	82,600	1,500E+2	0,000E+0	1,839E+2	1,836E+2	0,000E+0	6,662E-1	6,607E-1	0,000E+0
1529,359	67,400	82,600	1,500E+2	0,000E+0	1,838E+2	1,836E+2	0,000E+0	6,671E-1	6,615E-1	0,000E+0
1530,358	67,600	82,600	1,502E+2	0,000E+0	1,838E+2	1,836E+2	0,000E+0	6,681E-1	6,606E-1	0,000E+0
1531,358	67,600	82,600	1,502E+2	0,000E+0	1,838E+2	1,836E+2	0,000E+0	6,681E-1	6,606E-1	0,000E+0
1532,358	67,400	82,600	1,500E+2	0,000E+0	1,839E+2	1,835E+2	0,000E+0	6,681E-1	6,612E-1	0,000E+0
1533,359	67,400	82,400	1,498E+2	0,000E+0	1,838E+2	1,836E+2	0,000E+0	6,671E-1	6,606E-1	0,000E+0
1534,361	67,400	82,900	1,503E+2	0,000E+0	1,841E+2	1,837E+2	0,000E+0	6,683E-1	6,631E-1	0,000E+0
1535,361	67,300	82,400	1,497E+2	0,000E+0	1,838E+2	1,837E+2	0,000E+0	6,653E-1	6,590E-1	0,000E+0
1536,362	67,300	82,400	1,497E+2	0,000E+0	1,838E+2	1,837E+2	0,000E+0	6,653E-1	6,590E-1	0,000E+0
1537,361	67,300	82,400	1,497E+2	0,000E+0	1,838E+2	1,837E+2	0,000E+0	6,653E-1	6,590E-1	0,000E+0
1538,362	67,300	82,400	1,497E+2	0,000E+0	1,838E+2	1,837E+2	0,000E+0	6,653E-1	6,590E-1	0,000E+0
1539,361	67,300	82,400	1,497E+2	0,000E+0	1,838E+2	1,837E+2	0,000E+0	6,653E-1	6,590E-1	0,000E+0
1540,361	67,500	82,500	1,500E+2	0,000E+0	1,837E+2	1,837E+2	0,000E+0	6,673E-1	6,608E-1	0,000E+0
1541,363	67,500	82,500	1,500E+2	0,000E+0	1,837E+2	1,837E+2	0,000E+0	6,673E-1	6,608E-1	0,000E+0
1542,363	67,500	82,500	1,500E+2	0,000E+0	1,837E+2	1,837E+2	0,000E+0	6,673E-1	6,608E-1	0,000E+0
1543,364	67,500	82,500	1,500E+2	0,000E+0	1,837E+2	1,837E+2	0,000E+0	6,673E-1	6,608E-1	0,000E+0
1544,363	67,300	82,900	1,502E+2	0,000E+0	1,839E+2	1,836E+2	0,000E+0	6,681E-1	6,629E-1	0,000E+0
1545,363	67,300	82,900	1,502E+2	0,000E+0	1,839E+2	1,836E+2	0,000E+0	6,681E-1	6,629E-1	0,000E+0
1546,363	67,600	82,300	1,499E+2	0,000E+0	1,837E+2	1,836E+2	0,000E+0	6,666E-1	6,600E-1	0,000E+0
1547,363	67,500	82,600	1,501E+2	0,000E+0	1,839E+2	1,834E+2	0,000E+0	6,673E-1	6,617E-1	0,000E+0
1548,364	67,400	82,300	1,497E+2	0,000E+0	1,838E+2	1,836E+2	0,000E+0	6,663E-1	6,590E-1	0,000E+0
1549,363	67,600	82,400	1,500E+2	0,000E+0	1,838E+2	1,834E+2	0,000E+0	6,673E-1	6,600E-1	0,000E+0
1550,364	67,600	82,700	1,503E+2	0,000E+0	1,839E+2	1,836E+2	0,000E+0	6,694E-1	6,622E-1	0,000E+0
1551,363	67,700	82,400	1,501E+2	0,000E+0	1,838E+2	1,835E+2	0,000E+0	6,678E-1	6,607E-1	0,000E+0
1552,364	67,500	82,500	1,500E+2	0,000E+0	1,836E+2	1,835E+2	0,000E+0	6,673E-1	6,604E-1	0,000E+0
1553,363	67,300	82,500	1,498E+2	0,000E+0	1,838E+2	1,834E+2	0,000E+0	6,667E-1	6,620E-1	0,000E+0
1554,365	67,300	82,500	1,498E+2	0,000E+0	1,838E+2	1,834E+2	0,000E+0	6,667E-1	6,620E-1	0,000E+0
1555,365	67,500	82,800	1,503E+2	0,000E+0	1,837E+2	1,835E+2	0,000E+0	6,659E-1	6,621E-1	0,000E+0
1556,366	67,500	82,800	1,503E+2	0,000E+0	1,837E+2	1,835E+2	0,000E+0	6,659E-1	6,621E-1	0,000E+0
1557,365	67,300	82,900	1,502E+2	0,000E+0	1,838E+2	1,837E+2	0,000E+0	6,678E-1	6,626E-1	0,000E+0
1558,366	67,300	82,900	1,502E+2	0,000E+0	1,838E+2	1,837E+2	0,000E+0	6,678E-1	6,626E-1	0,000E+0
1559,366	67,300	82,900	1,502E+2	0,000E+0	1,838E+2	1,837E+2	0,000E+0	6,678E-1	6,626E-1	0,000E+0
1560,367	67,300	82,900	1,502E+2	0,000E+0	1,838E+2	1,837E+2	0,000E+0	6,678E-1	6,626E-1	0,000E+0
1561,367	67,300	82,900	1,502E+2	0,000E+0	1,838E+2	1,837E+2	0,000E+0	6,678E-1	6,626E-1	0,000E+0
1562,368	67,300	82,900	1,502E+2	0,000E+0	1,838E+2	1,837E+2	0,000E+0	6,678E-1	6,626E-1	0,000E+0
1563,368	67,300	82,900	1,502E+2	0,000E+0	1,838E+2	1,837E+2	0,000E+0	6,678E-1	6,626E-1	0,000E+0
1564,369	67,300	82,900	1,502E+2	0,000E+0	1,838E+2	1,837E+2	0,000E+0	6,678E-1	6,626E-1	0,000E+0
1565,368	67,300	82,600	1,499E+2	0,000E+0	1,838E+2	1,836E+2	0,000E+0	6,667E-1	6,608E-1	0,000E+0
1566,368	67,300	82,600	1,499E+2	0,000E+0	1,838E+2	1,836E+2	0,000E+0	6,667E-1	6,608E-1	0,000E+0
1567,368	67,500	82,400	1,499E+2	0,000E+0	1,837E+2	1,836E+2	0,000E+0	6,667E-1	6,602E-1	0,000E+0
1568,368	67,500	82,400	1,499E+2	0,000E+0	1,837E+2	1,836E+2	0,000E+0	6,667E-1	6,602E-1	0,000E+0
1569,369	67,500	82,600	1,501E+2	0,000E+0	1,838E+2	1,836E+2	0,000E+0	6,682E-1	6,614E-1	0,000E+0
1570,370	67,500	82,600	1,501E+2	0,000E+0	1,838E+2	1,836E+2	0,000E+0	6,682E-1	6,614E-1	0,000E+0
1571,369	67,500	82,600	1,501E+2	0,000E+0	1,838E+2	1,836E+2	0,000E+0	6,682E-1	6,614E-1	0,000E+0
1572,369	67,500	82,400	1,499E+2	0,000E+0	1,837E+2	1,837E+2	0,000E+0	6,658E-1	6,592E-1	0,000E+0
1573,370	67,600	82,700	1,503E+2	0,000E+0	1,840E+2	1,836E+2	0,000E+0	6,693E-1	6,620E-1	0,000E+0
1574,370	67,300	82,600	1,499E+2	0,000E+0	1,839E+2	1,837E+2	0,000E+0	6,673E-1	6,607E-1	0,000E+0
1575,372	67,200	82,900	1,501E+2	0,000E+0	1,837E+2	1,837E+2	0,000E+0	6,643E-1	6,623E-1	0,000E+0
1576,371	67,300	82,500	1,498E+2	0,000E+0	1,838E+2	1,837E+2	0,000E+0	6,669E-1	6,611E-1	0,000E+0
1577,373	67,800	82,600	1,504E+2	0,000E+0	1,840E+2	1,838E+2	0,000E+0	6,692E-1	6,613E-1	0,000E+0
1578,372	67,200	82,600	1,498E+2	0,000E+0	1,839E+2	1,836E+2	0,000E+0	6,666E-1	6,608E-1	0,000E+0
1579,372	67,300	82,900	1,502E+2	0,000E+0	1,837E+2	1,838E+2	0,000E+0	6,660E-1	6,631E-1	0,000E+0
1580,372	67,400	82,400	1,498E+2	0,000E+0	1,840E+2	1,836E+2	0,000E+0	6,672E-1	6,600E-1	0,000E+0
1581,372	67,400	82,400	1,498E+2	0,000E+0	1,840E+2	1,836E+2	0,000E+0	6,672E-1	6,600E-1	0,000E+0
1582,373	67,500	82,700	1,502E+2	0,000E+0	1,840E+2	1,837E+2	0,000E+0	6,673E-1	6,613E-1	0,000E+0
1583,372	67,200	82,700	1,499E+2	0,000E+0	1,836E+2	1,836E+2	0,000E+0	6,658E-1	6,621E-1	0,000E+0
1584,372	67,500	82,300	1,498E+2	0,000E+0	1,837E+2	1,837E+2	0,000E+0	6,668E-1	6,598E-1	0,000E+0
1585,373	67,400	82,800	1,502E+2	0,000E+0	1,837E+2	1,838E+2	0,000E+0	6,674E-1	6,628E-1	0,000E+0
1586,373	67,500	82,600	1,501E+2	0,000E+0	1,840E+2	1,836E+2	0,000E+0	6,679E-1	6,611E-1	0,000E+0
1587,373	67,400	82,600	1,500E+2	0,000E+0	1,838E+2	1,838E+2	0,000E+0	6,674E-1	6,610E-1	0,000E+0
1588,373	67,200	82,800	1,500E+2	0,000E+0	1,838E+2	1,839E+2	0,000E+0	6,648E-1	6,612E-1	0,000E+0
1589,374	67,000	82,700	1,497E+2	0,000E+0	1,836E+2	1,836E+2	0,000E+0	6,657E-1	6,619E-1	0,000E+0
1590,374	67,400	82,900	1,503E+2	0,000E+0	1,838E+2	1,836E+2	0,000E+0	6,667E-1	6,626E-1	0,000E+0
1591,375	67,400	82,600	1,500E+2	0,000E+0	1,836E+2	1,836E+2	0,000E+0	6,665E-1	6,617E-1	0,000E+0
1592,375	67,300	82,700	1,500E+2	0,000E+0	1,837E+2	1,838E+2	0,000E+0	6,658E-1	6,614E-1	0,000E+0
1593,376	67,300	82,700	1,500E+2	0,000E+0	1,837E+2	1,838E+2	0,000E+0	6,658E-1	6,614E-1	0,000E+0
1594,378	67,300	82,700	1,500E+2	0,000E+0	1,837E+2	1,838E+2	0,000E+0	6,658E-1	6,614E-1	0,000E+0
1595,378	67,300	82,700	1,500E+2	0,000E+0	1,837E+2	1,838E+2	0,000E+0	6,658E-1	6,614E-1	0,000E+0
1596,378	67,500	82,500	1,500E+2	0,000E+0	1,838E+2	1,838E+2	0,000E+0	6,665E-1	6,599E-1	0,000E+0
1597,379	67,600	82,500	1,501E+2	0,000E+0	1,837E+2	1,836E+2	0,000E+0	6,675E-1	6,603E-1	0,000E+0
1598,379	67,300	82,400	1,497E+2	0,000E+0	1,837E+2	1,835E+2	0,000E+0	6,664E-1	6,599E-1	0,000E+0
1599,380	67,300	82,400	1,497E+2	0,000E+0	1,837E+2	1,835E+2	0,000E+0	6,664E-1	6,599E-1	0,000E+0
1600,381	67,600	82,400	1,500E+2	0,000E+0	1,837E+2	1,837E+2	0,000E+0	6,678E-1	6,607E-1	0,000E+0
1601,380	67,500	82,500	1,500E+2	0,000E+0	1,840E+2	1,837E+2	0,000E+0	6,687E-1	6,604E-1	0,000E+0
1602,382	67,200	82,700	1,499E+2	0,000E+0	1,838E+2	1,838E+2	0,000E+0	6,646E-1	6,609E-1	0,000E+0
1603,381	67,500	82,800	1,503E+2	0,000E+0	1,839E+2	1,839E+2	0,000E+0	6,673E-1	6,622E-1	0,000E+0
1604,381	67,200	82,600	1,498E+2	0,000E+0	1,838E+2	1,836E+2	0,000E+0	6,657E-1	6,612E-1	0,000E+0
1605,382	67,200	82,700	1,499E+2	0,000E+0	1,836E+2	1,837E+2	0,000E+0	6,656E-1	6,614E-1	0,000E+0
1606,382	67,200	82,700	1,499E+2	0,000E+0	1,836E+2	1,837E+2	0,000E+0	6,656E-1	6,614E-1	0,000E+0
1607,383	67,400	82,800	1,502E+2	0,000E+0	1,837E+2	1,839E+2	0,000E+0	6,656E-1	6,612E-1	0,000E+0
1608,382	67,400	82,800	1,502E+2	0,000E+0	1,837E+2	1,839E+2	0,000E+0	6,656E-1	6,612E-1	0,000E+0
1609,383	67,500	82,500	1,500E+2	0,000E+0	1,840E+2	1,836E+2	0,000E+0	6,677E-1	6,613E-1	0,000E+0
1610,382	67,500	82,500	1,500E+2	0,000E+0	1,840E+2	1,835E+2	0,000E+0	6,684E-1	6,610E-1	0,000E+0
1611,383	67,500	82,500	1,500E+2	0,000E+0	1,840E+2	1,835E+2	0,000E+0	6,684E-1	6,610E-1	0,000E+0
1612,383	67,400	82,300	1,497E+2	0,000E+0	1,839E+2	1,836E+2	0,000E+0	6,663E-1	6,589E-1	0,000E+0
1613,383	67,700	82,300	1,500E+2	0,000E+0	1,838E+2	1,836E+2	0,000E+0	6,680E-1	6,589E-1	0,000E+0
1614,384	69,200	86,200	1,554E+2	0,000E+0	1,841E+2	1,841E+2	0,000E+0	6,945E-1	6,888E-1	0,000E+0
1615,383	77,900	100,900	1,788E+2	0,000E+0	1,864E+2	1,862E+2	0,000E+0	7,962E-1	7,870E-1	0,000E+0
1616,383	75,800	98,900	1,747E+2	0,000E+0	1,864E+2	1,863E+2	0,000E+0	7,731E-1	7,693E-1	0,000E+0
1617,383	75,400	96,300	1,717E+2	0,000E+0	1,862E+2	1,857E+2	0,000E+0	7,641E-1	7,548E-1	0,000E+0
1618,383	76,300	99,100	1,754E+2	0,000E+0	1,862E+2	1,864E+2	0,000E+0	7,779E-1	7,723E-1	0,000E+0
1619,383	77,000	99,200	1,762E+2	0,000E+0	1,866E+2	1,861E+2	0,000E+0	7,822E-1	7,748E-1	0,000E+0
1620,383	77,800	102,000	1,798E+2	0,000E+0	1,866E+2	1,865E+2	0,000E+0	7,997E-1	7,941E-1	0,000E+0
1621,383	87,800	121,400	2,092E+2	0,000E+0	1,895E+2	1,891E+2	0,000E+0	9,374E-1	9,235E-1	0,000E+0
1622,383	86,700	119,600	2,063E+2	0,000E+0	1,896E+2	1,894E+2	0,000E+0	9,106E-1	9,045E-1	0,000E+0
1623,383	86,700	119,600	2,063E+2	0,000E+0	1,896E+2	1,894E+2	0,000E+0	9,106E-1	9,045E-1	0,000E+0
1624,384	85,100	115,900	2,010E+2	0,000E+0	1,889E+2	1,886E+2	0,000E+0	8,928E-1	8,837E-1	0,000E+0
1625,383	85,900	117,800	2,037E+2	0,000E+0	1,892E+2	1,889E+2	0,000E+0	9,026E-1	8,961E-1	0,000E+0
1626,385	87,000	119,600	2,066E+2	0,000E+0	1,895E+2	1,894E+2	0,000E+0	9,141E-1	9,056E-1	0,000E+0
1627,384	86,800	118,900	2,057E+2	0,000E+0	1,895E+2	1,892E+2	0,000E+0	9,121E-1	9,025E-1	0,000E+0
1628,384	86,800	119,800	2,066E+2	0,000E+0	1,896E+2	1,894E+2	0,000E+0	9,147E-1	9,075E-1	0,000E+0
1629,384	86,800	119,800	2,066E+2	0,000E+0	1,896E+2	1,894E+2	0,000E+0	9,147E-1	9,075E-1	0,000E+0
1630,384	87,700	120,400	2,081E+2	0,000E+0	1,898E+2	1,894E+2	0,000E+0	9,235E-1	9,114E-1	0,000E+0
1631,385	87,200	121,000	2,082E+2	0,000E+0	1,898E+2	1,895E+2	0,000E+0	9,234E-1	9,147E-1	0,000E+0
1632,384	87,600	120,500	2,081E+2	0,000E+0	1,898E+2	1,894E+2	0,000E+0	9,228E-1	9,131E-1	0,000E+0
1633,384	87,800	120,800	2,086E+2	0,000E+0	1,899E+2	1,895E+2	0,000E+0	9,261E-1	9,133E-1	0,000E+0
1634,384	87,900	120,900	2,088E+2	0,000E+0	1,899E+2	1,894E+2	0,000E+0	9,278E-1	9,154E-1	0,000E+0
1635,384	87,800	121,300	2,091E+2	0,000E+0	1,898E+2	1,894E+2	0,000E+0	9,270E-1	9,184E-1	0,000E+0
1636,384	87,800	121,300	2,091E+2	0,000E+0	1,898E+2	1,894E+2	0,000E+0	9,270E-1	9,184E-1	0,000E+0
1637,385	87,900	121,800	2,097E+2	0,000E+0	1,900E+2	1,895E+2	0,000E+0	9,287E-1	9,208E-1	0,000E+0
1638,386	87,600	121,600	2,092E+2	0,000E+0	1,899E+2	1,895E+2	0,000E+0	9,291E-1	9,193E-1	0,000E+0
1639,385	87,600	121,600	2,092E+2	0,000E+0	1,899E+2	1,895E+2	0,000E+0	9,291E-1	9,193E-1	0,000E+0
1640,385	87,900	121,600	2,095E+2	0,000E+0	1,899E+2	1,893E+2	0,000E+0	9,284E-1	9,202E-1	0,000E+0
1641,385	87,600	122,200	2,098E+2	0,000E+0	1,899E+2	1,897E+2	0,000E+0	9,297E-1	9,218E-1	0,000E+0
1642,385	88,100	121,600	2,097E+2	0,000E+0	1,898E+2	1,896E+2	0,000E+0	9,282E-1	9,190E-1	0,000E+0
1643,385	87,800	121,700	2,095E+2	0,000E+0	1,899E+2	1,896E+2	0,000E+0	9,296E-1	9,191E-1	0,000E+0
1644,385	88,100	121,800	2,099E+2	0,000E+0	1,898E+2	1,893E+2	0,000E+0	9,317E-1	9,217E-1	0,000E+0
1645,386	87,900	122,000	2,099E+2	0,000E+0	1,899E+2	1,897E+2	0,000E+0	9,308E-1	9,215E-1	0,000E+0
1646,385	87,900	122,000	2,099E+2	0,000E+0	1,899E+2	1,897E+2	0,000E+0	9,308E-1	9,215E-1	0,000E+0
1647,386	87,900	122,000	2,099E+2	0,000E+0	1,900E+2	1,897E+2	0,000E+0	9,325E-1	9,211E-1	0,000E+0
1648,385	87,800	122,200	2,100E+2	0,000E+0	1,899E+2	1,898E+2	0,000E+0	9,291E-1	9,222E-1	0,000E+0
1649,386	88,000	121,700	2,097E+2	0,000E+0	1,901E+2	1,896E+2	0,000E+0	9,306E-1	9,192E-1	0,000E+0
1650,385	87,800	122,100	2,099E+2	0,000E+0	1,900E+2	1,898E+2	0,000E+0	9,304E-1	9,220E-1	0,000E+0
1651,386	87,500	122,100	2,096E+2	0,000E+0	1,898E+2	1,896E+2	0,000E+0	9,269E-1	9,228E-1	0,000E+0
1652,385	87,500	122,100	2,096E+2	0,000E+0	1,898E+2	1,896E+2	0,000E+0	9,269E-1	9,228E-1	0,000E+0
1653,386	88,000	122,100	2,101E+2	0,000E+0	1,900E+2	1,896E+2	0,000E+0	9,321E-1	9,230E-1	0,000E+0
1654,386	87,900	122,100	2,100E+2	0,000E+0	1,901E+2	1,896E+2	0,000E+0	9,327E-1	9,220E-1	0,000E+0
1655,387	87,800	122,200	2,100E+2	0,000E+0	1,900E+2	1,896E+2	0,000E+0	9,297E-1	9,235E-1	0,000E+0
1656,389	87,800	122,200	2,100E+2	0,000E+0	1,900E+2	1,896E+2	0,000E+0	9,297E-1	9,235E-1	0,000E+0
1657,388	87,800	122,200	2,100E+2	0,000E+0	1,900E+2	1,896E+2	0,000E+0	9,297E-1	9,235E-1	0,000E+0
1658,389	87,800	122,200	2,100E+2	0,000E+0	1,900E+2	1,896E+2	0,000E+0	9,297E-1	9,235E-1	0,000E+0
1659,388	87,700	122,000	2,097E+2	0,000E+0	1,899E+2	1,896E+2	0,000E+0	9,307E-1	9,226E-1	0,000E+0
1660,389	87,700	122,000	2,097E+2	0,000E+0	1,899E+2	1,896E+2	0,000E+0	9,307E-1	9,226E-1	0,000E+0
1661,389	87,700	122,000	2,097E+2	0,000E+0	1,899E+2	1,896E+2	0,000E+0	9,307E-1	9,226E-1	0,000E+0
1662,389	87,700	122,000	2,097E+2	0,000E+0	1,899E+2	1,896E+2	0,000E+0	9,307E-1	9,226E-1	0,000E+0
1663,390	87,700	122,300	2,100E+2	0,000E+0	1,899E+2	1,898E+2	0,000E+0	9,300E-1	9,225E-1	0,000E+0
1664,389	87,800	122,400	2,102E+2	0,000E+0	1,900E+2	1,897E+2	0,000E+0	9,296E-1	9,241E-1	0,000E+0
1665,389	87,800	122,400	2,102E+2	0,000E+0	1,900E+2	1,897E+2	0,000E+0	9,296E-1	9,241E-1	0,000E+0
1666,389	88,200	121,900	2,101E+2	0,000E+0	1,902E+2	1,896E+2	0,000E+0	9,322E-1	9,205E-1	0,000E+0
1667,390	87,900	122,100	2,100E+2	0,000E+0	1,898E+2	1,895E+2	0,000E+0	9,300E-1	9,218E-1	0,000E+0
1668,392	87,700	122,200	2,099E+2	0,000E+0	1,901E+2	1,897E+2	0,000E+0	9,284E-1	9,218E-1	0,000E+0
1669,392	88,000	121,800	2,098E+2	0,000E+0	1,901E+2	1,896E+2	0,000E+0	9,322E-1	9,211E-1	0,000E+0
1670,393	88,000	122,100	2,101E+2	0,000E+0	1,900E+2	1,898E+2	0,000E+0	9,291E-1	9,205E-1	0,000E+0
1671,393	87,900	121,800	2,097E+2	0,000E+0	1,901E+2	1,896E+2	0,000E+0	9,302E-1	9,206E-1	0,000E+0
1672,393	88,100	121,900	2,100E+2	0,000E+0	1,900E+2	1,897E+2	0,000E+0	9,289E-1	9,203E-1	0,000E+0
1673,393	88,000	122,300	2,103E+2	0,000E+0	1,899E+2	1,897E+2	0,000E+0	9,306E-1	9,226E-1	0,000E+0
1674,393	87,800	122,100	2,099E+2	0,000E+0	1,899E+2	1,896E+2	0,000E+0	9,303E-1	9,213E-1	0,000E+0
1675,395	87,900	122,000	2,099E+2	0,000E+0	1,900E+2	1,897E+2	0,000E+0	9,295E-1	9,202E-1	0,000E+0
1676,394	87,800	122,300	2,101E+2	0,000E+0	1,899E+2	1,897E+2	0,000E+0	9,305E-1	9,229E-1	0,000E+0
1677,396	88,100	121,700	2,098E+2	0,000E+0	1,899E+2	1,897E+2	0,000E+0	9,323E-1	9,199E-1	0,000E+0
1678,395	88,100	121,700	2,098E+2	0,000E+0	1,899E+2	1,897E+2	0,000E+0	9,323E-1	9,199E-1	0,000E+0
1679,396	88,100	122,300	2,104E+2	0,000E+0	1,902E+2	1,898E+2	0,000E+0	9,333E-1	9,218E-1	0,000E+0
1680,396	88,100	122,300	2,104E+2	0,000E+0	1,902E+2	1,898E+2	0,000E+0	9,333E-1	9,218E-1	0,000E+0
1681,396	88,100	122,300	2,104E+2	0,000E+0	1,902E+2	1,898E+2	0,000E+0	9,333E-1	9,218E-1	0,000E+0
1682,398	87,900	122,000	2,099E+2	0,000E+0	1,900E+2	1,895E+2	0,000E+0	9,313E-1	9,221E-1	0,000E+0
1683,398	87,900	122,000	2,099E+2	0,000E+0	1,900E+2	1,895E+2	0,000E+0	9,313E-1	9,221E-1	0,000E+0
1684,399	87,900	122,000	2,099E+2	0,000E+0	1,900E+2	1,895E+2	0,000E+0	9,313E-1	9,221E-1	0,000E+0
1685,398	87,800	121,900	2,097E+2	0,000E+0	1,898E+2	1,898E+2	0,000E+0	9,272E-1	9,209E-1	0,000E+0
1686,398	87,800	121,900	2,097E+2	0,000E+0	1,898E+2	1,898E+2	0,000E+0	9,272E-1	9,209E-1	0,000E+0
1687,398	87,800	121,900	2,097E+2	0,000E+0	1,898E+2	1,898E+2	0,000E+0	9,272E-1	9,209E-1	0,000E+0
1688,399	87,800	121,900	2,097E+2	0,000E+0	1,898E+2	1,898E+2	0,000E+0	9,272E-1	9,209E-1	0,000E+0
1689,398	88,200	122,400	2,106E+2	0,000E+0	1,899E+2	1,897E+2	0,000E+0	9,306E-1	9,237E-1	0,000E+0
1690,399	88,100	122,100	2,102E+2	0,000E+0	1,898E+2	1,895E+2	0,000E+0	9,332E-1	9,230E-1	0,000E+0
1691,399	87,600	122,100	2,097E+2	0,000E+0	1,898E+2	1,894E+2	0,000E+0	9,291E-1	9,235E-1	0,000E+0
1692,400	87,600	122,100	2,097E+2	0,000E+0	1,898E+2	1,894E+2	0,000E+0	9,291E-1	9,235E-1	0,000E+0
1693,399	88,100	122,100	2,102E+2	0,000E+0	1,899E+2	1,895E+2	0,000E+0	9,325E-1	9,222E-1	0,000E+0
1694,400	88,100	121,800	2,099E+2	0,000E+0	1,899E+2	1,896E+2	0,000E+0	9,284E-1	9,203E-1	0,000E+0
1695,399	87,600	122,200	2,098E+2	0,000E+0	1,899E+2	1,896E+2	0,000E+0	9,304E-1	9,226E-1	0,000E+0
1696,399	87,900	122,300	2,102E+2	0,000E+0	1,900E+2	1,896E+2	0,000E+0	9,307E-1	9,227E-1	0,000E+0
1697,400	87,500	121,900	2,094E+2	0,000E+0	1,897E+2	1,896E+2	0,000E+0	9,270E-1	9,220E-1	0,000E+0
1698,400	87,500	121,900	2,094E+2	0,000E+0	1,897E+2	1,896E+2	0,000E+0	9,270E-1	9,220E-1	0,000E+0
1699,401	87,500	121,900	2,094E+2	0,000E+0	1,897E+2	1,896E+2	0,000E+0	9,270E-1	9,220E-1	0,000E+0
1700,400	87,500	121,900	2,094E+2	0,000E+0	1,897E+2	1,896E+2	0,000E+0	9,270E-1	9,220E-1	0,000E+0
1701,401	88,100	122,300	2,104E+2	0,000E+0	1,900E+2	1,896E+2	0,000E+0	9,330E-1	9,233E-1	0,000E+0
1702,400	88,100	122,300	2,104E+2	0,000E+0	1,900E+2	1,896E+2	0,000E+0	9,330E-1	9,233E-1	0,000E+0
1703,400	87,500	122,500	2,100E+2	0,000E+0	1,897E+2	1,897E+2	0,000E+0	9,285E-1	9,239E-1	0,000E+0
1704,400	87,800	122,200	2,100E+2	0,000E+0	1,899E+2	1,895E+2	0,000E+0	9,302E-1	9,230E-1	0,000E+0
1705,400	87,800	122,200	2,100E+2	0,000E+0	1,899E+2	1,895E+2	0,000E+0	9,302E-1	9,230E-1	0,000E+0
1706,401	87,800	122,200	2,100E+2	0,000E+0	1,899E+2	1,895E+2	0,000E+0	9,302E-1	9,230E-1	0,000E+0
1707,400	87,800	122,200	2,100E+2	0,000E+0	1,899E+2	1,895E+2	0,000E+0	9,302E-1	9,230E-1	0,000E+0
1708,400	87,800	122,200	2,100E+2	0,000E+0	1,899E+2	1,895E+2	0,000E+0	9,302E-1	9,230E-1	0,000E+0
1709,401	88,000	122,100	2,101E+2	0,000E+0	1,899E+2	1,897E+2	0,000E+0	9,303E-1	9,214E-1	0,000E+0
1710,400	87,700	122,300	2,100E+2	0,000E+0	1,898E+2	1,896E+2	0,000E+0	9,289E-1	9,242E-1	0,000E+0
1711,400	88,200	121,800	2,100E+2	0,000E+0	1,898E+2	1,895E+2	0,000E+0	9,306E-1	9,210E-1	0,000E+0
1712,400	87,900	122,200	2,101E+2	0,000E+0	1,899E+2	1,898E+2	0,000E+0	9,298E-1	9,227E-1	0,000E+0
1713,400	87,800	122,300	2,101E+2	0,000E+0	1,898E+2	1,898E+2	0,000E+0	9,309E-1	9,225E-1	0,000E+0
1714,402	87,600	122,300	2,099E+2	0,000E+0	1,899E+2	1,895E+2	0,000E+0	9,289E-1	9,233E-1	0,000E+0
1715,401	87,900	122,000	2,099E+2	0,000E+0	1,898E+2	1,897E+2	0,000E+0	9,301E-1	9,211E-1	0,000E+0
1716,401	88,200	122,000	2,102E+2	0,000E+0	1,899E+2	1,896E+2	0,000E+0	9,318E-1	9,229E-1	0,000E+0
1717,401	88,200	122,000	2,102E+2	0,000E+0	1,899E+2	1,896E+2	0,000E+0	9,318E-1	9,229E-1	0,000E+0
1718,401	88,100	121,800	2,099E+2	0,000E+0	1,899E+2	1,896E+2	0,000E+0	9,316E-1	9,210E-1	0,000E+0
1719,402	88,100	121,800	2,099E+2	0,000E+0	1,899E+2	1,896E+2	0,000E+0	9,316E-1	9,210E-1	0,000E+0
1720,401	88,000	122,300	2,103E+2	0,000E+0	1,897E+2	1,897E+2	0,000E+0	9,280E-1	9,230E-1	0,000E+0
1721,402	88,000	122,300	2,103E+2	0,000E+0	1,897E+2	1,897E+2	0,000E+0	9,280E-1	9,230E-1	0,000E+0
1722,402	88,000	122,300	2,103E+2	0,000E+0	1,897E+2	1,897E+2	0,000E+0	9,280E-1	9,230E-1	0,000E+0
1723,402	88,000	122,300	2,103E+2	0,000E+0	1,897E+2	1,897E+2	0,000E+0	9,280E-1	9,230E-1	0,000E+0
1724,402	87,700	121,900	2,096E+2	0,000E+0	1,900E+2	1,897E+2	0,000E+0	9,300E-1	9,210E-1	0,000E+0
1725,402	87,700	121,900	2,096E+2	0,000E+0	1,900E+2	1,897E+2	0,000E+0	9,300E-1	9,210E-1	0,000E+0
1726,403	87,700	121,900	2,096E+2	0,000E+0	1,900E+2	1,897E+2	0,000E+0	9,300E-1	9,210E-1	0,000E+0
1727,402	87,700	122,100	2,098E+2	0,000E+0	1,899E+2	1,896E+2	0,000E+0	9,292E-1	9,219E-1	0,000E+0
1728,403	87,700	122,100	2,098E+2	0,000E+0	1,899E+2	1,896E+2	0,000E+0	9,292E-1	9,219E-1	0,000E+0
1729,402	88,000	122,200	2,102E+2	0,000E+0	1,899E+2	1,896E+2	0,000E+0	9,310E-1	9,236E-1	0,000E+0
1730,402	88,000	122,200	2,102E+2	0,000E+0	1,899E+2	1,896E+2	0,000E+0	9,310E-1	9,236E-1	0,000E+0
1731,402	88,200	121,800	2,100E+2	0,000E+0	1,900E+2	1,896E+2	0,000E+0	9,313E-1	9,212E-1	0,000E+0
1732,402	88,200	121,800	2,100E+2	0,000E+0	1,900E+2	1,896E+2	0,000E+0	9,313E-1	9,212E-1	0,000E+0
1733,404	88,100	122,100	2,102E+2	0,000E+0	1,899E+2	1,898E+2	0,000E+0	9,311E-1	9,220E-1	0,000E+0
1734,403	88,200	121,700	2,099E+2	0,000E+0	1,900E+2	1,897E+2	0,000E+0	9,299E-1	9,191E-1	0,000E+0
1735,403	87,700	122,200	2,099E+2	0,000E+0	1,899E+2	1,897E+2	0,000E+0	9,306E-1	9,219E-1	0,000E+0
1736,403	87,700	121,800	2,095E+2	0,000E+0	1,899E+2	1,895E+2	0,000E+0	9,301E-1	9,218E-1	0,000E+0
1737,403	87,900	122,200	2,101E+2	0,000E+0	1,901E+2	1,898E+2	0,000E+0	9,326E-1	9,225E-1	0,000E+0
1738,404	87,900	122,000	2,099E+2	0,000E+0	1,899E+2	1,898E+2	0,000E+0	9,302E-1	9,213E-1	0,000E+0
1739,404	87,900	122,000	2,099E+2	0,000E+0	1,899E+2	1,898E+2	0,000E+0	9,302E-1	9,213E-1	0,000E+0
1740,405	88,000	122,000	2,100E+2	0,000E+0	1,899E+2	1,896E+2	0,000E+0	9,312E-1	9,227E-1	0,000E+0
1741,404	88,000	122,000	2,100E+2	0,000E+0	1,899E+2	1,896E+2	0,000E+0	9,312E-1	9,227E-1	0,000E+0
1742,405	88,000	122,000	2,100E+2	0,000E+0	1,899E+2	1,896E+2	0,000E+0	9,312E-1	9,227E-1	0,000E+0
1743,404	88,000	122,000	2,100E+2	0,000E+0	1,899E+2	1,896E+2	0,000E+0	9,312E-1	9,227E-1	0,000E+0
1744,404	88,000	122,000	2,100E+2	0,000E+0	1,899E+2	1,896E+2	0,000E+0	9,312E-1	9,227E-1	0,000E+0
1745,405	87,900	122,000	2,099E+2	0,000E+0	1,898E+2	1,895E+2	0,000E+0	9,318E-1	9,221E-1	0,000E+0
1746,404	87,900	122,000	2,099E+2	0,000E+0	1,898E+2	1,895E+2	0,000E+0	9,318E-1	9,221E-1	0,000E+0
1747,405	87,900	122,000	2,099E+2	0,000E+0	1,898E+2	1,895E+2	0,000E+0	9,318E-1	9,221E-1	0,000E+0
1748,405	88,100	121,800	2,099E+2	0,000E+0	1,902E+2	1,895E+2	0,000E+0	9,311E-1	9,213E-1	0,000E+0
1749,405	88,100	121,800	2,099E+2	0,000E+0	1,902E+2	1,895E+2	0,000E+0	9,311E-1	9,213E-1	0,000E+0
1750,405	88,000	122,300	2,103E+2	0,000E+0	1,900E+2	1,896E+2	0,000E+0	9,314E-1	9,242E-1	0,000E+0
1751,405	88,000	122,300	2,103E+2	0,000E+0	1,900E+2	1,896E+2	0,000E+0	9,314E-1	9,242E-1	0,000E+0
1752,405	87,700	122,400	2,101E+2	0,000E+0	1,900E+2	1,896E+2	0,000E+0	9,292E-1	9,246E-1	0,000E+0
1753,407	87,800	121,800	2,096E+2	0,000E+0	1,899E+2	1,895E+2	0,000E+0	9,301E-1	9,213E-1	0,000E+0
1754,407	88,000	122,200	2,102E+2	0,000E+0	1,900E+2	1,897E+2	0,000E+0	9,296E-1	9,229E-1	0,000E+0
1755,408	87,600	122,400	2,100E+2	0,000E+0	1,899E+2	1,895E+2	0,000E+0	9,310E-1	9,254E-1	0,000E+0
1756,408	87,800	122,000	2,098E+2	0,000E+0	1,899E+2	1,894E+2	0,000E+0	9,294E-1	9,226E-1	0,000E+0
1757,409	88,000	121,900	2,099E+2	0,000E+0	1,898E+2	1,895E+2	0,000E+0	9,318E-1	9,214E-1	0,000E+0
1758,410	88,200	122,200	2,104E+2	0,000E+0	1,900E+2	1,896E+2	0,000E+0	9,329E-1	9,227E-1	0,000E+0
1759,409	88,000	122,400	2,104E+2	0,000E+0	1,897E+2	1,897E+2	0,000E+0	9,299E-1	9,231E-1	0,000E+0
1760,410	87,600	121,900	2,095E+2	0,000E+0	1,898E+2	1,893E+2	0,000E+0	9,290E-1	9,216E-1	0,000E+0
1761,409	87,600	121,900	2,095E+2	0,000E+0	1,898E+2	1,893E+2	0,000E+0	9,290E-1	9,216E-1	0,000E+0
1762,410	87,600	121,900	2,095E+2	0,000E+0	1,898E+2	1,893E+2	0,000E+0	9,290E-1	9,216E-1	0,000E+0
1763,410	87,600	121,900	2,095E+2	0,000E+0	1,898E+2	1,893E+2	0,000E+0	9,290E-1	9,216E-1	0,000E+0
1764,411	87,600	121,900	2,095E+2	0,000E+0	1,898E+2	1,893E+2	0,000E+0	9,290E-1	9,216E-1	0,000E+0
1765,413	87,800	121,700	2,095E+2	0,000E+0	1,895E+2	1,895E+2	0,000E+0	9,269E-1	9,200E-1	0,000E+0
1766,412	87,800	121,700	2,095E+2	0,000E+0	1,895E+2	1,895E+2	0,000E+0	9,269E-1	9,200E-1	0,000E+0
1767,413	87,800	121,700	2,095E+2	0,000E+0	1,895E+2	1,895E+2	0,000E+0	9,269E-1	9,200E-1	0,000E+0
1768,412	88,300	122,200	2,105E+2	0,000E+0	1,901E+2	1,895E+2	0,000E+0	9,341E-1	9,235E-1	0,000E+0
1769,412	88,300	122,200	2,105E+2	0,000E+0	1,901E+2	1,895E+2	0,000E+0	9,341E-1	9,235E-1	0,000E+0
1770,412	87,900	122,500	2,104E+2	0,000E+0	1,897E+2	1,896E+2	0,000E+0	9,318E-1	9,248E-1	0,000E+0
1771,412	87,900	122,500	2,104E+2	0,000E+0	1,897E+2	1,896E+2	0,000E+0	9,318E-1	9,248E-1	0,000E+0
1772,413	88,400	122,200	2,106E+2	0,000E+0	1,900E+2	1,893E+2	0,000E+0	9,346E-1	9,245E-1	0,000E+0
1773,413	87,500	122,100	2,096E+2	0,000E+0	1,896E+2	1,895E+2	0,000E+0	9,273E-1	9,221E-1	0,000E+0
1774,414	88,000	121,800	2,098E+2	0,000E+0	1,899E+2	1,894E+2	0,000E+0	9,302E-1	9,212E-1	0,000E+0
1775,413	87,900	122,000	2,099E+2	0,000E+0	1,899E+2	1,896E+2	0,000E+0	9,303E-1	9,214E-1	0,000E+0
1776,413	88,100	122,200	2,103E+2	0,000E+0	1,896E+2	1,893E+2	0,000E+0	9,334E-1	9,233E-1	0,000E+0
1777,414	88,000	122,100	2,101E+2	0,000E+0	1,897E+2	1,891E+2	0,000E+0	9,301E-1	9,220E-1	0,000E+0
1778,414	88,000	122,100	2,101E+2	0,000E+0	1,897E+2	1,891E+2	0,000E+0	9,301E-1	9,220E-1	0,000E+0
1779,415	88,000	122,100	2,101E+2	0,000E+0	1,897E+2	1,891E+2	0,000E+0	9,301E-1	9,220E-1	0,000E+0
1780,414	88,000	121,900	2,099E+2	0,000E+0	1,896E+2	1,894E+2	0,000E+0	9,313E-1	9,209E-1	0,000E+0
1781,414	88,000	121,900	2,099E+2	0,000E+0	1,896E+2	1,894E+2	0,000E+0	9,313E-1	9,209E-1	0,000E+0
1782,415	88,000	121,900	2,099E+2	0,000E+0	1,896E+2	1,894E+2	0,000E+0	9,313E-1	9,209E-1	0,000E+0
1783,416	87,900	122,000	2,099E+2	0,000E+0	1,897E+2	1,892E+2	0,000E+0	9,314E-1	9,226E-1	0,000E+0
1784,418	87,900	122,000	2,099E+2	0,000E+0	1,897E+2	1,892E+2	0,000E+0	9,314E-1	9,226E-1	0,000E+0
1785,417	87,900	122,000	2,099E+2	0,000E+0	1,897E+2	1,892E+2	0,000E+0	9,314E-1	9,226E-1	0,000E+0
1786,419	87,600	122,400	2,100E+2	0,000E+0	1,896E+2	1,893E+2	0,000E+0	9,293E-1	9,240E-1	0,000E+0
1787,419	87,600	122,400	2,100E+2	0,000E+0	1,896E+2	1,893E+2	0,000E+0	9,293E-1	9,240E-1	0,000E+0
1788,420	87,600	122,400	2,100E+2	0,000E+0	1,896E+2	1,893E+2	0,000E+0	9,293E-1	9,240E-1	0,000E+0
1789,420	87,600	122,400	2,100E+2	0,000E+0	1,896E+2	1,893E+2	0,000E+0	9,293E-1	9,240E-1	0,000E+0
1790,421	87,800	122,100	2,099E+2	0,000E+0	1,896E+2	1,893E+2	0,000E+0	9,296E-1	9,226E-1	0,000E+0
1791,423	87,800	122,100	2,099E+2	0,000E+0	1,896E+2	1,893E+2	0,000E+0	9,296E-1	9,226E-1	0,000E+0
1792,423	87,800	122,100	2,099E+2	0,000E+0	1,894E+2	1,892E+2	0,000E+0	9,284E-1	9,227E-1	0,000E+0
1793,424	87,800	122,100	2,099E+2	0,000E+0	1,894E+2	1,892E+2	0,000E+0	9,284E-1	9,227E-1	0,000E+0
1794,423	88,100	121,600	2,097E+2	0,000E+0	1,896E+2	1,892E+2	0,000E+0	9,328E-1	9,203E-1	0,000E+0
1795,424	87,700	122,200	2,099E+2	0,000E+0	1,892E+2	1,889E+2	0,000E+0	9,345E-1	9,239E-1	0,000E+0
1796,425	88,000	122,200	2,102E+2	0,000E+0	1,892E+2	1,887E+2	0,000E+0	9,334E-1	9,246E-1	0,000E+0
1797,425	87,900	121,900	2,098E+2	0,000E+0	1,891E+2	1,888E+2	0,000E+0	9,321E-1	9,223E-1	0,000E+0
1798,426	88,200	121,700	2,099E+2	0,000E+0	1,892E+2	1,886E+2	0,000E+0	9,324E-1	9,208E-1	0,000E+0
1799,426	88,200	121,700	2,099E+2	0,000E+0	1,892E+2	1,886E+2	0,000E+0	9,324E-1	9,208E-1	0,000E+0
1800,428	88,200	121,700	2,099E+2	0,000E+0	1,892E+2	1,886E+2	0,000E+0	9,324E-1	9,208E-1	0,000E+0
1801,427	88,200	121,700	2,099E+2	0,000E+0	1,892E+2	1,886E+2	0,000E+0	9,324E-1	9,208E-1	0,000E+0
1802,428	88,200	121,700	2,099E+2	0,000E+0	1,892E+2	1,886E+2	0,000E+0	9,324E-1	9,208E-1	0,000E+0
1803,428	88,000	122,100	2,101E+2	0,000E+0	1,889E+2	1,887E+2	0,000E+0	9,329E-1	9,246E-1	0,000E+0
1804,429	88,000	122,100	2,101E+2	0,000E+0	1,889E+2	1,887E+2	0,000E+0	9,329E-1	9,246E-1	0,000E+0
1805,430	88,000	122,100	2,101E+2	0,000E+0	1,889E+2	1,887E+2	0,000E+0	9,329E-1	9,246E-1	0,000E+0
1806,429	88,000	122,100	2,101E+2	0,000E+0	1,889E+2	1,887E+2	0,000E+0	9,329E-1	9,246E-1	0,000E+0
1807,429	88,000	122,100	2,101E+2	0,000E+0	1,889E+2	1,887E+2	0,000E+0	9,329E-1	9,246E-1	0,000E+0
1808,429	88,000	122,100	2,101E+2	0,000E+0	1,889E+2	1,887E+2	0,000E+0	9,329E-1	9,246E-1	0,000E+0
1809,429	87,700	122,300	2,100E+2	0,000E+0	1,890E+2	1,888E+2	0,000E+0	9,312E-1	9,250E-1	0,000E+0
1810,431	87,700	122,300	2,100E+2	0,000E+0	1,890E+2	1,888E+2	0,000E+0	9,312E-1	9,250E-1	0,000E+0
1811,430	87,700	122,300	2,100E+2	0,000E+0	1,890E+2	1,888E+2	0,000E+0	9,312E-1	9,250E-1	0,000E+0
1812,431	87,700	122,300	2,100E+2	0,000E+0	1,890E+2	1,888E+2	0,000E+0	9,312E-1	9,250E-1	0,000E+0
1813,431	88,200	121,700	2,099E+2	0,000E+0	1,891E+2	1,886E+2	0,000E+0	9,328E-1	9,217E-1	0,000E+0
1814,432	88,200	121,700	2,099E+2	0,000E+0	1,891E+2	1,886E+2	0,000E+0	9,328E-1	9,217E-1	0,000E+0
1815,431	87,800	122,300	2,101E+2	0,000E+0	1,891E+2	1,888E+2	0,000E+0	9,318E-1	9,234E-1	0,000E+0
1816,431	87,800	122,300	2,101E+2	0,000E+0	1,891E+2	1,888E+2	0,000E+0	9,318E-1	9,234E-1	0,000E+0
1817,432	87,500	122,500	2,100E+2	0,000E+0	1,891E+2	1,888E+2	0,000E+0	9,304E-1	9,256E-1	0,000E+0
1818,431	87,800	122,100	2,099E+2	0,000E+0	1,892E+2	1,887E+2	0,000E+0	9,327E-1	9,244E-1	0,000E+0
1819,433	87,800	121,900	2,097E+2	0,000E+0	1,892E+2	1,889E+2	0,000E+0	9,309E-1	9,221E-1	0,000E+0
1820,432	87,700	122,300	2,100E+2	0,000E+0	1,891E+2	1,888E+2	0,000E+0	9,327E-1	9,251E-1	0,000E+0
1821,432	87,800	122,700	2,105E+2	0,000E+0	1,892E+2	1,889E+2	0,000E+0	9,342E-1	9,271E-1	0,000E+0
1822,432	87,800	121,900	2,097E+2	0,000E+0	1,891E+2	1,887E+2	0,000E+0	9,323E-1	9,231E-1	0,000E+0
1823,432	87,800	121,900	2,097E+2	0,000E+0	1,891E+2	1,887E+2	0,000E+0	9,323E-1	9,231E-1	0,000E+0
1824,433	87,700	122,200	2,099E+2	0,000E+0	1,889E+2	1,887E+2	0,000E+0	9,304E-1	9,246E-1	0,000E+0
1825,433	87,800	122,400	2,102E+2	0,000E+0	1,892E+2	1,887E+2	0,000E+0	9,333E-1	9,258E-1	0,000E+0
1826,434	87,700	122,200	2,099E+2	0,000E+0	1,887E+2	1,888E+2	0,000E+0	9,302E-1	9,231E-1	0,000E+0
1827,433	87,900	122,400	2,103E+2	0,000E+0	1,891E+2	1,888E+2	0,000E+0	9,330E-1	9,250E-1	0,000E+0
1828,434	87,300	122,600	2,099E+2	0,000E+0	1,892E+2	1,890E+2	0,000E+0	9,313E-1	9,248E-1	0,000E+0
1829,434	87,800	122,300	2,101E+2	0,000E+0	1,891E+2	1,889E+2	0,000E+0	9,307E-1	9,241E-1	0,000E+0
1830,434	87,800	122,300	2,101E+2	0,000E+0	1,891E+2	1,889E+2	0,000E+0	9,307E-1	9,241E-1	0,000E+0
1831,434	87,800	122,300	2,101E+2	0,000E+0	1,891E+2	1,889E+2	0,000E+0	9,307E-1	9,241E-1	0,000E+0
1832,435	87,800	122,300	2,101E+2	0,000E+0	1,891E+2	1,889E+2	0,000E+0	9,307E-1	9,241E-1	0,000E+0
1833,434	87,700	122,300	2,100E+2	0,000E+0	1,890E+2	1,888E+2	0,000E+0	9,318E-1	9,244E-1	0,000E+0
1834,436	87,700	122,300	2,100E+2	0,000E+0	1,890E+2	1,888E+2	0,000E+0	9,318E-1	9,244E-1	0,000E+0
1835,435	87,700	122,300	2,100E+2	0,000E+0	1,890E+2	1,888E+2	0,000E+0	9,318E-1	9,244E-1	0,000E+0
1836,435	88,000	122,100	2,101E+2	0,000E+0	1,891E+2	1,889E+2	0,000E+0	9,321E-1	9,225E-1	0,000E+0
1837,436	88,000	122,100	2,101E+2	0,000E+0	1,891E+2	1,889E+2	0,000E+0	9,321E-1	9,225E-1	0,000E+0
1838,437	88,000	122,100	2,101E+2	0,000E+0	1,891E+2	1,889E+2	0,000E+0	9,321E-1	9,225E-1	0,000E+0
1839,438	87,800	122,300	2,101E+2	0,000E+0	1,890E+2	1,888E+2	0,000E+0	9,324E-1	9,246E-1	0,000E+0
1840,437	87,800	122,300	2,101E+2	0,000E+0	1,890E+2	1,888E+2	0,000E+0	9,324E-1	9,246E-1	0,000E+0
1841,437	87,800	122,300	2,101E+2	0,000E+0	1,889E+2	1,890E+2	0,000E+0	9,317E-1	9,239E-1	0,000E+0
1842,438	88,200	122,400	2,106E+2	0,000E+0	1,894E+2	1,892E+2	0,000E+0	9,323E-1	9,241E-1	0,000E+0
1843,438	87,600	122,100	2,097E+2	0,000E+0	1,895E+2	1,892E+2	0,000E+0	9,295E-1	9,231E-1	0,000E+0
1844,438	87,800	122,200	2,100E+2	0,000E+0	1,895E+2	1,894E+2	0,000E+0	9,315E-1	9,231E-1	0,000E+0
1845,438	88,200	122,000	2,102E+2	0,000E+0	1,898E+2	1,893E+2	0,000E+0	9,325E-1	9,219E-1	0,000E+0
1846,438	87,700	122,200	2,099E+2	0,000E+0	1,895E+2	1,894E+2	0,000E+0	9,299E-1	9,235E-1	0,000E+0
1847,438	88,000	121,900	2,099E+2	0,000E+0	1,895E+2	1,892E+2	0,000E+0	9,313E-1	9,215E-1	0,000E+0
1848,439	88,000	121,900	2,099E+2	0,000E+0	1,895E+2	1,892E+2	0,000E+0	9,313E-1	9,215E-1	0,000E+0
1849,439	88,000	121,900	2,099E+2	0,000E+0	1,895E+2	1,892E+2	0,000E+0	9,313E-1	9,215E-1	0,000E+0
1850,438	88,000	121,900	2,099E+2	0,000E+0	1,895E+2	1,892E+2	0,000E+0	9,313E-1	9,215E-1	0,000E+0
1851,439	87,900	122,200	2,101E+2	0,000E+0	1,896E+2	1,892E+2	0,000E+0	9,317E-1	9,238E-1	0,000E+0
1852,438	87,900	122,200	2,101E+2	0,000E+0	1,896E+2	1,892E+2	0,000E+0	9,317E-1	9,238E-1	0,000E+0
1853,439	87,900	122,200	2,101E+2	0,000E+0	1,896E+2	1,892E+2	0,000E+0	9,317E-1	9,238E-1	0,000E+0
1854,439	87,900	122,200	2,101E+2	0,000E+0	1,896E+2	1,893E+2	0,000E+0	9,317E-1	9,228E-1	0,000E+0
1855,439	87,900	122,200	2,101E+2	0,000E+0	1,896E+2	1,893E+2	0,000E+0	9,317E-1	9,228E-1	0,000E+0
1856,440	87,900	122,100	2,100E+2	0,000E+0	1,897E+2	1,893E+2	0,000E+0	9,315E-1	9,226E-1	0,000E+0
1857,439	87,900	122,100	2,100E+2	0,000E+0	1,897E+2	1,893E+2	0,000E+0	9,315E-1	9,226E-1	0,000E+0
1858,441	87,900	122,100	2,100E+2	0,000E+0	1,897E+2	1,893E+2	0,000E+0	9,315E-1	9,226E-1	0,000E+0
1859,440	87,900	122,100	2,100E+2	0,000E+0	1,897E+2	1,893E+2	0,000E+0	9,315E-1	9,226E-1	0,000E+0
1860,440	87,800	122,100	2,099E+2	0,000E+0	1,896E+2	1,893E+2	0,000E+0	9,326E-1	9,228E-1	0,000E+0
1861,441	88,000	121,900	2,099E+2	0,000E+0	1,896E+2	1,891E+2	0,000E+0	9,314E-1	9,220E-1	0,000E+0
1862,442	88,100	122,200	2,103E+2	0,000E+0	1,897E+2	1,895E+2	0,000E+0	9,339E-1	9,229E-1	0,000E+0
1863,443	88,000	122,100	2,101E+2	0,000E+0	1,898E+2	1,893E+2	0,000E+0	9,320E-1	9,237E-1	0,000E+0
1864,442	88,000	121,800	2,098E+2	0,000E+0	1,896E+2	1,894E+2	0,000E+0	9,326E-1	9,213E-1	0,000E+0
1865,444	88,200	121,900	2,101E+2	0,000E+0	1,896E+2	1,893E+2	0,000E+0	9,322E-1	9,221E-1	0,000E+0
1866,443	88,200	121,900	2,101E+2	0,000E+0	1,896E+2	1,893E+2	0,000E+0	9,322E-1	9,221E-1	0,000E+0
1867,443	88,400	121,700	2,101E+2	0,000E+0	1,897E+2	1,894E+2	0,000E+0	9,317E-1	9,207E-1	0,000E+0
1868,444	88,400	121,700	2,101E+2	0,000E+0	1,897E+2	1,894E+2	0,000E+0	9,317E-1	9,207E-1	0,000E+0
1869,444	88,100	121,800	2,099E+2	0,000E+0	1,898E+2	1,893E+2	0,000E+0	9,316E-1	9,211E-1	0,000E+0
1870,445	88,100	121,800	2,099E+2	0,000E+0	1,898E+2	1,893E+2	0,000E+0	9,316E-1	9,211E-1	0,000E+0
1871,445	88,100	121,800	2,099E+2	0,000E+0	1,898E+2	1,893E+2	0,000E+0	9,316E-1	9,211E-1	0,000E+0
1872,445	88,100	121,800	2,099E+2	0,000E+0	1,898E+2	1,893E+2	0,000E+0	9,316E-1	9,211E-1	0,000E+0
1873,446	88,300	122,100	2,104E+2	0,000E+0	1,897E+2	1,895E+2	0,000E+0	9,303E-1	9,222E-1	0,000E+0
1874,446	88,300	122,100	2,104E+2	0,000E+0	1,897E+2	1,895E+2	0,000E+0	9,303E-1	9,222E-1	0,000E+0
1875,446	88,300	122,100	2,104E+2	0,000E+0	1,897E+2	1,895E+2	0,000E+0	9,303E-1	9,222E-1	0,000E+0
1876,446	87,800	122,200	2,100E+2	0,000E+0	1,897E+2	1,896E+2	0,000E+0	9,294E-1	9,234E-1	0,000E+0
1877,447	87,800	122,200	2,100E+2	0,000E+0	1,897E+2	1,896E+2	0,000E+0	9,294E-1	9,234E-1	0,000E+0
1878,447	88,300	121,500	2,098E+2	0,000E+0	1,898E+2	1,892E+2	0,000E+0	9,296E-1	9,194E-1	0,000E+0
1879,447	87,900	122,100	2,100E+2	0,000E+0	1,897E+2	1,895E+2	0,000E+0	9,312E-1	9,228E-1	0,000E+0
1880,447	87,800	122,000	2,098E+2	0,000E+0	1,898E+2	1,894E+2	0,000E+0	9,304E-1	9,221E-1	0,000E+0
1881,447	87,600	122,400	2,100E+2	0,000E+0	1,899E+2	1,895E+2	0,000E+0	9,309E-1	9,246E-1	0,000E+0
1882,449	88,000	122,400	2,104E+2	0,000E+0	1,898E+2	1,895E+2	0,000E+0	9,308E-1	9,246E-1	0,000E+0
1883,448	88,100	122,000	2,101E+2	0,000E+0	1,898E+2	1,895E+2	0,000E+0	9,319E-1	9,228E-1	0,000E+0
1884,449	87,900	122,300	2,102E+2	0,000E+0	1,899E+2	1,894E+2	0,000E+0	9,289E-1	9,235E-1	0,000E+0
1885,449	87,900	122,300	2,102E+2	0,000E+0	1,899E+2	1,894E+2	0,000E+0	9,289E-1	9,235E-1	0,000E+0
1886,449	87,900	122,300	2,102E+2	0,000E+0	1,899E+2	1,894E+2	0,000E+0	9,289E-1	9,235E-1	0,000E+0
1887,449	87,900	122,300	2,102E+2	0,000E+0	1,899E+2	1,894E+2	0,000E+0	9,289E-1	9,235E-1	0,000E+0
1888,450	87,900	122,300	2,102E+2	0,000E+0	1,899E+2	1,894E+2	0,000E+0	9,289E-1	9,235E-1	0,000E+0
1889,451	87,500	121,900	2,094E+2	0,000E+0	1,897E+2	1,896E+2	0,000E+0	9,279E-1	9,215E-1	0,000E+0
1890,451	87,500	121,900	2,094E+2	0,000E+0	1,897E+2	1,896E+2	0,000E+0	9,279E-1	9,215E-1	0,000E+0
1891,452	87,500	121,900	2,094E+2	0,000E+0	1,897E+2	1,896E+2	0,000E+0	9,279E-1	9,215E-1	0,000E+0
1892,451	87,500	121,900	2,094E+2	0,000E+0	1,897E+2	1,896E+2	0,000E+0	9,279E-1	9,215E-1	0,000E+0
1893,452	88,200	121,600	2,098E+2	0,000E+0	1,899E+2	1,894E+2	0,000E+0	9,321E-1	9,209E-1	0,000E+0
1894,452	88,000	122,500	2,105E+2	0,000E+0	1,898E+2	1,895E+2	0,000E+0	9,330E-1	9,253E-1	0,000E+0
1895,452	88,000	122,500	2,105E+2	0,000E+0	1,898E+2	1,895E+2	0,000E+0	9,330E-1	9,253E-1	0,000E+0
1896,453	88,300	122,200	2,105E+2	0,000E+0	1,900E+2	1,896E+2	0,000E+0	9,322E-1	9,234E-1	0,000E+0
1897,452	88,000	122,400	2,104E+2	0,000E+0	1,899E+2	1,896E+2	0,000E+0	9,291E-1	9,243E-1	0,000E+0
1898,453	87,800	122,000	2,098E+2	0,000E+0	1,899E+2	1,897E+2	0,000E+0	9,291E-1	9,225E-1	0,000E+0
1899,453	88,000	122,000	2,100E+2	0,000E+0	1,898E+2	1,897E+2	0,000E+0	9,302E-1	9,211E-1	0,000E+0
1900,454	87,700	121,900	2,096E+2	0,000E+0	1,901E+2	1,897E+2	0,000E+0	9,292E-1	9,212E-1	0,000E+0
1901,454	87,800	122,400	2,102E+2	0,000E+0	1,899E+2	1,896E+2	0,000E+0	9,319E-1	9,244E-1	0,000E+0
1902,455	88,000	122,000	2,100E+2	0,000E+0	1,898E+2	1,895E+2	0,000E+0	9,316E-1	9,226E-1	0,000E+0
1903,456	88,000	121,800	2,098E+2	0,000E+0	1,899E+2	1,897E+2	0,000E+0	9,313E-1	9,204E-1	0,000E+0
1904,455	88,000	121,800	2,098E+2	0,000E+0	1,899E+2	1,897E+2	0,000E+0	9,313E-1	9,204E-1	0,000E+0
1905,455	88,000	121,800	2,098E+2	0,000E+0	1,899E+2	1,897E+2	0,000E+0	9,313E-1	9,204E-1	0,000E+0
1906,456	88,000	121,800	2,098E+2	0,000E+0	1,899E+2	1,897E+2	0,000E+0	9,313E-1	9,204E-1	0,000E+0
1907,455	88,000	121,800	2,098E+2	0,000E+0	1,899E+2	1,897E+2	0,000E+0	9,313E-1	9,204E-1	0,000E+0
1908,456	88,400	122,100	2,105E+2	0,000E+0	1,898E+2	1,896E+2	0,000E+0	9,313E-1	9,220E-1	0,000E+0
1909,455	88,400	122,100	2,105E+2	0,000E+0	1,898E+2	1,896E+2	0,000E+0	9,313E-1	9,220E-1	0,000E+0
1910,456	88,100	122,300	2,104E+2	0,000E+0	1,899E+2	1,894E+2	0,000E+0	9,345E-1	9,252E-1	0,000E+0
1911,455	88,100	122,300	2,104E+2	0,000E+0	1,899E+2	1,894E+2	0,000E+0	9,345E-1	9,252E-1	0,000E+0
1912,455	88,100	122,300	2,104E+2	0,000E+0	1,899E+2	1,894E+2	0,000E+0	9,345E-1	9,252E-1	0,000E+0
1913,455	88,100	122,300	2,104E+2	0,000E+0	1,899E+2	1,894E+2	0,000E+0	9,345E-1	9,252E-1	0,000E+0
1914,455	88,000	122,100	2,101E+2	0,000E+0	1,901E+2	1,897E+2	0,000E+0	9,319E-1	9,219E-1	0,000E+0
1915,457	88,300	121,900	2,102E+2	0,000E+0	1,898E+2	1,894E+2	0,000E+0	9,306E-1	9,213E-1	0,000E+0
1916,457	87,900	121,800	2,097E+2	0,000E+0	1,899E+2	1,894E+2	0,000E+0	9,309E-1	9,213E-1	0,000E+0
1917,459	87,900	121,800	2,097E+2	0,000E+0	1,899E+2	1,894E+2	0,000E+0	9,309E-1	9,213E-1	0,000E+0
1918,458	88,000	122,100	2,101E+2	0,000E+0	1,901E+2	1,896E+2	0,000E+0	9,325E-1	9,230E-1	0,000E+0
1919,458	88,200	122,200	2,104E+2	0,000E+0	1,899E+2	1,895E+2	0,000E+0	9,333E-1	9,233E-1	0,000E+0
1920,459	87,900	122,200	2,101E+2	0,000E+0	1,898E+2	1,897E+2	0,000E+0	9,308E-1	9,220E-1	0,000E+0
1921,459	87,800	122,100	2,099E+2	0,000E+0	1,899E+2	1,896E+2	0,000E+0	9,301E-1	9,224E-1	0,000E+0
1922,460	87,400	122,500	2,099E+2	0,000E+0	1,897E+2	1,897E+2	0,000E+0	9,291E-1	9,246E-1	0,000E+0
1923,459	88,100	122,000	2,101E+2	0,000E+0	1,899E+2	1,894E+2	0,000E+0	9,326E-1	9,226E-1	0,000E+0
1924,461	87,900	122,000	2,099E+2	0,000E+0	1,897E+2	1,895E+2	0,000E+0	9,281E-1	9,222E-1	0,000E+0
1925,460	88,300	122,100	2,104E+2	0,000E+0	1,900E+2	1,894E+2	0,000E+0	9,340E-1	9,231E-1	0,000E+0
1926,461	87,800	122,000	2,098E+2	0,000E+0	1,899E+2	1,896E+2	0,000E+0	9,299E-1	9,218E-1	0,000E+0
1927,462	87,800	122,400	2,102E+2	0,000E+0	1,898E+2	1,897E+2	0,000E+0	9,305E-1	9,241E-1	0,000E+0
1928,462	88,100	121,400	2,095E+2	0,000E+0	1,902E+2	1,895E+2	0,000E+0	9,336E-1	9,196E-1	0,000E+0
1929,464	88,100	121,400	2,095E+2	0,000E+0	1,902E+2	1,895E+2	0,000E+0	9,336E-1	9,196E-1	0,000E+0
1930,464	88,300	122,200	2,105E+2	0,000E+0	1,900E+2	1,896E+2	0,000E+0	9,336E-1	9,239E-1	0,000E+0
1931,463	88,300	122,200	2,105E+2	0,000E+0	1,900E+2	1,896E+2	0,000E+0	9,336E-1	9,239E-1	0,000E+0
1932,464	88,300	122,200	2,105E+2	0,000E+0	1,900E+2	1,896E+2	0,000E+0	9,336E-1	9,239E-1	0,000E+0
1933,463	88,300	122,200	2,105E+2	0,000E+0	1,900E+2	1,896E+2	0,000E+0	9,336E-1	9,239E-1	0,000E+0
1934,463	88,200	121,800	2,100E+2	0,000E+0	1,899E+2	1,896E+2	0,000E+0	9,307E-1	9,212E-1	0,000E+0
1935,464	88,200	121,800	2,100E+2	0,000E+0	1,899E+2	1,896E+2	0,000E+0	9,307E-1	9,212E-1	0,000E+0
1936,465	88,200	121,800	2,100E+2	0,000E+0	1,899E+2	1,896E+2	0,000E+0	9,307E-1	9,212E-1	0,000E+0
1937,465	88,200	121,800	2,100E+2	0,000E+0	1,899E+2	1,896E+2	0,000E+0	9,307E-1	9,212E-1	0,000E+0
1938,466	88,000	121,900	2,099E+2	0,000E+0	1,901E+2	1,895E+2	0,000E+0	9,318E-1	9,220E-1	0,000E+0
1939,465	88,100	121,900	2,100E+2	0,000E+0	1,902E+2	1,895E+2	0,000E+0	9,334E-1	9,218E-1	0,000E+0
1940,466	88,100	121,900	2,100E+2	0,000E+0	1,902E+2	1,895E+2	0,000E+0	9,334E-1	9,218E-1	0,000E+0
1941,465	87,700	122,400	2,101E+2	0,000E+0	1,899E+2	1,898E+2	0,000E+0	9,309E-1	9,239E-1	0,000E+0
1942,466	87,900	122,200	2,101E+2	0,000E+0	1,900E+2	1,897E+2	0,000E+0	9,313E-1	9,242E-1	0,000E+0
1943,466	87,800	122,300	2,101E+2	0,000E+0	1,901E+2	1,898E+2	0,000E+0	9,303E-1	9,236E-1	0,000E+0
1944,466	88,000	121,700	2,097E+2	0,000E+0	1,900E+2	1,897E+2	0,000E+0	9,316E-1	9,205E-1	0,000E+0
1945,466	88,200	122,300	2,105E+2	0,000E+0	1,903E+2	1,897E+2	0,000E+0	9,334E-1	9,233E-1	0,000E+0
1946,466	87,600	122,100	2,097E+2	0,000E+0	1,899E+2	1,898E+2	0,000E+0	9,272E-1	9,224E-1	0,000E+0
1947,468	87,700	122,400	2,101E+2	0,000E+0	1,901E+2	1,898E+2	0,000E+0	9,297E-1	9,246E-1	0,000E+0
1948,467	88,000	122,200	2,102E+2	0,000E+0	1,902E+2	1,897E+2	0,000E+0	9,313E-1	9,237E-1	0,000E+0
1949,469	87,800	122,100	2,099E+2	0,000E+0	1,900E+2	1,898E+2	0,000E+0	9,279E-1	9,223E-1	0,000E+0
1950,469	87,800	122,100	2,099E+2	0,000E+0	1,900E+2	1,898E+2	0,000E+0	9,279E-1	9,223E-1	0,000E+0
1951,469	88,200	122,100	2,103E+2	0,000E+0	1,902E+2	1,898E+2	0,000E+0	9,328E-1	9,228E-1	0,000E+0
1952,469	88,100	121,900	2,100E+2	0,000E+0	1,900E+2	1,897E+2	0,000E+0	9,299E-1	9,220E-1	0,000E+0
1953,469	88,100	121,800	2,099E+2	0,000E+0	1,902E+2	1,898E+2	0,000E+0	9,320E-1	9,196E-1	0,000E+0
1954,470	87,800	122,100	2,099E+2	0,000E+0	1,899E+2	1,899E+2	0,000E+0	9,289E-1	9,220E-1	0,000E+0
1955,469	87,900	122,100	2,100E+2	0,000E+0	1,901E+2	1,898E+2	0,000E+0	9,300E-1	9,231E-1	0,000E+0
1956,470	87,700	122,600	2,103E+2	0,000E+0	1,901E+2	1,900E+2	0,000E+0	9,299E-1	9,245E-1	0,000E+0
1957,469	87,900	122,000	2,099E+2	0,000E+0	1,902E+2	1,897E+2	0,000E+0	9,297E-1	9,219E-1	0,000E+0
1958,469	87,800	122,100	2,099E+2	0,000E+0	1,900E+2	1,901E+2	0,000E+0	9,310E-1	9,214E-1	0,000E+0
1959,471	87,800	122,100	2,099E+2	0,000E+0	1,900E+2	1,901E+2	0,000E+0	9,310E-1	9,214E-1	0,000E+0
1960,470	87,800	122,100	2,099E+2	0,000E+0	1,900E+2	1,901E+2	0,000E+0	9,310E-1	9,214E-1	0,000E+0
1961,471	87,900	122,200	2,101E+2	0,000E+0	1,903E+2	1,899E+2	0,000E+0	9,318E-1	9,227E-1	0,000E+0
1962,470	87,900	122,200	2,101E+2	0,000E+0	1,903E+2	1,899E+2	0,000E+0	9,318E-1	9,227E-1	0,000E+0
1963,470	88,100	121,800	2,099E+2	0,000E+0	1,901E+2	1,898E+2	0,000E+0	9,328E-1	9,218E-1	0,000E+0
1964,470	88,100	121,800	2,099E+2	0,000E+0	1,901E+2	1,898E+2	0,000E+0	9,328E-1	9,218E-1	0,000E+0
1965,471	88,100	121,800	2,099E+2	0,000E+0	1,901E+2	1,898E+2	0,000E+0	9,328E-1	9,218E-1	0,000E+0
1966,472	87,800	122,200	2,100E+2	0,000E+0	1,900E+2	1,898E+2	0,000E+0	9,281E-1	9,228E-1	0,000E+0
1967,471	87,800	122,200	2,100E+2	0,000E+0	1,900E+2	1,898E+2	0,000E+0	9,281E-1	9,228E-1	0,000E+0
1968,472	87,800	122,200	2,100E+2	0,000E+0	1,900E+2	1,898E+2	0,000E+0	9,281E-1	9,228E-1	0,000E+0
1969,471	87,800	122,200	2,100E+2	0,000E+0	1,900E+2	1,898E+2	0,000E+0	9,281E-1	9,228E-1	0,000E+0
1970,471	87,600	122,500	2,101E+2	0,000E+0	1,899E+2	1,897E+2	0,000E+0	9,303E-1	9,247E-1	0,000E+0
1971,472	87,900	122,400	2,103E+2	0,000E+0	1,901E+2	1,898E+2	0,000E+0	9,323E-1	9,242E-1	0,000E+0
1972,472	87,700	122,200	2,099E+2	0,000E+0	1,899E+2	1,897E+2	0,000E+0	9,286E-1	9,237E-1	0,000E+0
1973,473	87,700	122,200	2,099E+2	0,000E+0	1,899E+2	1,897E+2	0,000E+0	9,286E-1	9,237E-1	0,000E+0
1974,472	87,800	122,300	2,101E+2	0,000E+0	1,900E+2	1,897E+2	0,000E+0	9,308E-1	9,238E-1	0,000E+0
1975,473	87,800	122,300	2,101E+2	0,000E+0	1,900E+2	1,897E+2	0,000E+0	9,308E-1	9,238E-1	0,000E+0
1976,472	88,000	122,000	2,100E+2	0,000E+0	1,901E+2	1,896E+2	0,000E+0	9,325E-1	9,228E-1	0,000E+0
1977,472	87,800	122,300	2,101E+2	0,000E+0	1,901E+2	1,898E+2	0,000E+0	9,327E-1	9,238E-1	0,000E+0
1978,472	88,000	122,100	2,101E+2	0,000E+0	1,900E+2	1,896E+2	0,000E+0	9,318E-1	9,234E-1	0,000E+0
1979,473	88,000	122,000	2,100E+2	0,000E+0	1,899E+2	1,898E+2	0,000E+0	9,318E-1	9,215E-1	0,000E+0
1980,474	88,300	121,700	2,100E+2	0,000E+0	1,899E+2	1,896E+2	0,000E+0	9,301E-1	9,213E-1	0,000E+0
1981,473	87,700	122,300	2,100E+2	0,000E+0	1,899E+2	1,895E+2	0,000E+0	9,291E-1	9,251E-1	0,000E+0
1982,475	88,100	121,800	2,099E+2	0,000E+0	1,900E+2	1,897E+2	0,000E+0	9,310E-1	9,205E-1	0,000E+0
1983,474	88,000	122,100	2,101E+2	0,000E+0	1,900E+2	1,896E+2	0,000E+0	9,299E-1	9,223E-1	0,000E+0
1984,474	87,900	122,000	2,099E+2	0,000E+0	1,900E+2	1,898E+2	0,000E+0	9,308E-1	9,218E-1	0,000E+0
1985,474	88,000	121,900	2,099E+2	0,000E+0	1,899E+2	1,897E+2	0,000E+0	9,298E-1	9,215E-1	0,000E+0
1986,474	88,000	121,900	2,099E+2	0,000E+0	1,899E+2	1,897E+2	0,000E+0	9,298E-1	9,215E-1	0,000E+0
1987,475	87,500	122,500	2,100E+2	0,000E+0	1,901E+2	1,900E+2	0,000E+0	9,322E-1	9,231E-1	0,000E+0
1988,474	88,000	121,900	2,099E+2	0,000E+0	1,898E+2	1,896E+2	0,000E+0	9,302E-1	9,214E-1	0,000E+0
1989,476	87,900	122,200	2,101E+2	0,000E+0	1,899E+2	1,896E+2	0,000E+0	9,316E-1	9,241E-1	0,000E+0
1990,476	87,900	122,200	2,101E+2	0,000E+0	1,899E+2	1,896E+2	0,000E+0	9,316E-1	9,241E-1	0,000E+0
1991,475	87,900	122,200	2,101E+2	0,000E+0	1,899E+2	1,896E+2	0,000E+0	9,316E-1	9,241E-1	0,000E+0
1992,476	87,900	122,200	2,101E+2	0,000E+0	1,899E+2	1,896E+2	0,000E+0	9,316E-1	9,241E-1	0,000E+0
1993,475	87,700	121,900	2,096E+2	0,000E+0	1,903E+2	1,899E+2	0,000E+0	9,290E-1	9,221E-1	0,000E+0
1994,475	87,700	121,900	2,096E+2	0,000E+0	1,903E+2	1,899E+2	0,000E+0	9,290E-1	9,221E-1	0,000E+0
1995,476	87,700	121,900	2,096E+2	0,000E+0	1,903E+2	1,899E+2	0,000E+0	9,290E-1	9,221E-1	0,000E+0
1996,476	87,700	121,900	2,096E+2	0,000E+0	1,903E+2	1,899E+2	0,000E+0	9,290E-1	9,221E-1	0,000E+0
1997,477	87,700	122,300	2,100E+2	0,000E+0	1,900E+2	1,897E+2	0,000E+0	9,316E-1	9,238E-1	0,000E+0
1998,476	87,700	122,300	2,100E+2	0,000E+0	1,900E+2	1,897E+2	0,000E+0	9,316E-1	9,238E-1	0,000E+0
1999,476	87,900	122,300	2,102E+2	0,000E+0	1,900E+2	1,896E+2	0,000E+0	9,318E-1	9,242E-1	0,000E+0
2000,476	87,900	122,300	2,102E+2	0,000E+0	1,900E+2	1,896E+2	0,000E+0	9,318E-1	9,242E-1	0,000E+0
2001,477	87,800	122,200	2,100E+2	0,000E+0	1,900E+2	1,898E+2	0,000E+0	9,310E-1	9,230E-1	0,000E+0
2002,478	88,100	122,200	2,103E+2	0,000E+0	1,901E+2	1,897E+2	0,000E+0	9,322E-1	9,234E-1	0,000E+0
2003,477	87,800	122,400	2,102E+2	0,000E+0	1,899E+2	1,898E+2	0,000E+0	9,309E-1	9,240E-1	0,000E+0
2004,478	87,800	122,000	2,098E+2	0,000E+0	1,902E+2	1,896E+2	0,000E+0	9,304E-1	9,218E-1	0,000E+0
2005,477	87,900	122,000	2,099E+2	0,000E+0	1,901E+2	1,898E+2	0,000E+0	9,312E-1	9,222E-1	0,000E+0
2006,477	88,200	122,100	2,103E+2	0,000E+0	1,901E+2	1,896E+2	0,000E+0	9,314E-1	9,228E-1	0,000E+0
2007,477	88,200	122,100	2,103E+2	0,000E+0	1,901E+2	1,896E+2	0,000E+0	9,314E-1	9,228E-1	0,000E+0
2008,478	88,000	122,000	2,100E+2	0,000E+0	1,902E+2	1,898E+2	0,000E+0	9,314E-1	9,227E-1	0,000E+0
2009,479	87,600	122,300	2,099E+2	0,000E+0	1,901E+2	1,901E+2	0,000E+0	9,303E-1	9,223E-1	0,000E+0
2010,479	87,600	122,400	2,100E+2	0,000E+0	1,904E+2	1,902E+2	0,000E+0	9,300E-1	9,238E-1	0,000E+0
2011,480	88,300	121,900	2,102E+2	0,000E+0	1,902E+2	1,901E+2	0,000E+0	9,328E-1	9,209E-1	0,000E+0
2012,480	88,000	121,800	2,098E+2	0,000E+0	1,903E+2	1,899E+2	0,000E+0	9,308E-1	9,215E-1	0,000E+0
2013,481	88,000	121,800	2,098E+2	0,000E+0	1,903E+2	1,899E+2	0,000E+0	9,308E-1	9,215E-1	0,000E+0
2014,480	76,000	98,500	1,745E+2	0,000E+0	1,871E+2	1,870E+2	0,000E+0	7,667E-1	7,636E-1	0,000E+0
2015,481	75,600	97,100	1,727E+2	0,000E+0	1,860E+2	1,860E+2	0,000E+0	7,707E-1	7,624E-1	0,000E+0
2016,480	77,800	100,500	1,783E+2	0,000E+0	1,869E+2	1,866E+2	0,000E+0	7,912E-1	7,827E-1	0,000E+0
2017,480	76,100	98,000	1,741E+2	0,000E+0	1,865E+2	1,863E+2	0,000E+0	7,722E-1	7,646E-1	0,000E+0
2018,480	74,100	95,000	1,691E+2	0,000E+0	1,861E+2	1,858E+2	0,000E+0	7,497E-1	7,452E-1	0,000E+0
2019,480	73,700	93,800	1,675E+2	0,000E+0	1,857E+2	1,855E+2	0,000E+0	7,447E-1	7,386E-1	0,000E+0
2020,482	73,900	93,300	1,672E+2	0,000E+0	1,857E+2	1,854E+2	0,000E+0	7,427E-1	7,352E-1	0,000E+0
2021,482	73,100	92,600	1,657E+2	0,000E+0	1,855E+2	1,853E+2	0,000E+0	7,375E-1	7,301E-1	0,000E+0
2022,484	72,700	92,100	1,648E+2	0,000E+0	1,854E+2	1,852E+2	0,000E+0	7,313E-1	7,260E-1	0,000E+0
2023,483	66,500	81,100	1,476E+2	0,000E+0	1,843E+2	1,842E+2	0,000E+0	6,558E-1	6,489E-1	0,000E+0
2024,483	60,600	71,900	1,325E+2	0,000E+0	1,822E+2	1,821E+2	0,000E+0	5,901E-1	5,874E-1	0,000E+0
2025,483	60,700	70,500	1,312E+2	0,000E+0	1,819E+2	1,816E+2	0,000E+0	5,869E-1	5,777E-1	0,000E+0
2026,484	60,900	71,600	1,325E+2	0,000E+0	1,823E+2	1,821E+2	0,000E+0	5,906E-1	5,845E-1	0,000E+0
2027,485	59,700	70,100	1,298E+2	0,000E+0	1,821E+2	1,819E+2	0,000E+0	5,789E-1	5,733E-1	0,000E+0
2028,485	59,700	70,100	1,298E+2	0,000E+0	1,821E+2	1,819E+2	0,000E+0	5,789E-1	5,733E-1	0,000E+0
2029,486	59,000	69,000	1,280E+2	0,000E+0	1,819E+2	1,816E+2	0,000E+0	5,710E-1	5,664E-1	0,000E+0
2030,485	52,900	59,800	1,127E+2	0,000E+0	1,807E+2	1,804E+2	0,000E+0	5,032E-1	4,978E-1	0,000E+0
2031,485	52,100	58,400	1,105E+2	0,000E+0	1,803E+2	1,800E+2	0,000E+0	4,945E-1	4,890E-1	0,000E+0
2032,485	52,200	59,100	1,113E+2	0,000E+0	1,804E+2	1,800E+2	0,000E+0	4,966E-1	4,933E-1	0,000E+0
2033,486	51,600	58,200	1,098E+2	0,000E+0	1,799E+2	1,802E+2	0,000E+0	4,909E-1	4,869E-1	0,000E+0
2034,487	50,900	57,000	1,079E+2	0,000E+0	1,800E+2	1,798E+2	0,000E+0	4,831E-1	4,784E-1	0,000E+0
2035,486	50,900	57,000	1,079E+2	0,000E+0	1,800E+2	1,798E+2	0,000E+0	4,831E-1	4,784E-1	0,000E+0
2036,486	50,500	56,300	1,068E+2	0,000E+0	1,800E+2	1,798E+2	0,000E+0	4,784E-1	4,735E-1	0,000E+0
2037,486	50,200	55,700	1,059E+2	0,000E+0	1,797E+2	1,794E+2	0,000E+0	4,751E-1	4,695E-1	0,000E+0
2038,486	49,800	55,100	1,049E+2	0,000E+0	1,797E+2	1,796E+2	0,000E+0	4,689E-1	4,644E-1	0,000E+0
2039,486	49,100	54,600	1,037E+2	0,000E+0	1,794E+2	1,794E+2	0,000E+0	4,646E-1	4,612E-1	0,000E+0
2040,486	49,200	54,600	1,038E+2	0,000E+0	1,795E+2	1,795E+2	0,000E+0	4,641E-1	4,608E-1	0,000E+0
2041,487	48,700	53,900	1,026E+2	0,000E+0	1,794E+2	1,792E+2	0,000E+0	4,601E-1	4,557E-1	0,000E+0
2042,487	48,700	53,500	1,022E+2	0,000E+0	1,796E+2	1,793E+2	0,000E+0	4,579E-1	4,525E-1	0,000E+0
2043,487	48,200	53,300	1,015E+2	0,000E+0	1,796E+2	1,796E+2	0,000E+0	4,541E-1	4,503E-1	0,000E+0
2044,487	42,600	45,800	8,840E+1	0,000E+0	1,783E+2	1,784E+2	0,000E+0	3,958E-1	3,937E-1	0,000E+0
2045,488	42,600	45,800	8,840E+1	0,000E+0	1,783E+2	1,784E+2	0,000E+0	3,958E-1	3,937E-1	0,000E+0
2046,488	42,500	45,300	8,780E+1	0,000E+0	1,778E+2	1,778E+2	0,000E+0	3,944E-1	3,915E-1	0,000E+0
2047,489	42,800	46,000	8,880E+1	0,000E+0	1,780E+2	1,781E+2	0,000E+0	3,978E-1	3,954E-1	0,000E+0
2048,488	42,300	45,200	8,750E+1	0,000E+0	1,779E+2	1,779E+2	0,000E+0	3,928E-1	3,905E-1	0,000E+0
2049,490	42,100	44,800	8,690E+1	0,000E+0	1,779E+2	1,778E+2	0,000E+0	3,904E-1	3,864E-1	0,000E+0
2050,489	41,700	44,100	8,580E+1	0,000E+0	1,776E+2	1,774E+2	0,000E+0	3,859E-1	3,826E-1	0,000E+0
2051,489	41,200	44,000	8,520E+1	0,000E+0	1,778E+2	1,777E+2	0,000E+0	3,828E-1	3,804E-1	0,000E+0
2052,489	41,200	44,000	8,520E+1	0,000E+0	1,778E+2	1,777E+2	0,000E+0	3,828E-1	3,804E-1	0,000E+0
2053,490	25,700	24,700	5,040E+1	0,000E+0	1,743E+2	1,741E+2	0,000E+0	2,346E-1	2,315E-1	0,000E+0
2054,491	23,800	22,600	4,640E+1	0,000E+0	1,736E+2	1,732E+2	0,000E+0	2,186E-1	2,152E-1	0,000E+0
2055,491	24,500	23,500	4,800E+1	0,000E+0	1,738E+2	1,737E+2	0,000E+0	2,238E-1	2,215E-1	0,000E+0
2056,491	23,800	22,600	4,640E+1	0,000E+0	1,735E+2	1,733E+2	0,000E+0	2,188E-1	2,165E-1	0,000E+0
2057,491	23,200	21,900	4,510E+1	0,000E+0	1,736E+2	1,733E+2	0,000E+0	2,129E-1	2,104E-1	0,000E+0
2058,491	23,200	21,900	4,510E+1	0,000E+0	1,736E+2	1,733E+2	0,000E+0	2,129E-1	2,104E-1	0,000E+0
2059,491	22,200	21,100	4,330E+1	0,000E+0	1,731E+2	1,732E+2	0,000E+0	2,043E-1	2,030E-1	0,000E+0
2060,491	21,700	20,200	4,190E+1	0,000E+0	1,730E+2	1,727E+2	0,000E+0	2,000E-1	1,969E-1	0,000E+0
2061,492	21,200	20,000	4,120E+1	0,000E+0	1,726E+2	1,727E+2	0,000E+0	1,969E-1	1,959E-1	0,000E+0
2062,491	20,700	19,500	4,020E+1	0,000E+0	1,726E+2	1,724E+2	0,000E+0	1,918E-1	1,915E-1	0,000E+0
2063,491	20,200	18,900	3,910E+1	0,000E+0	1,723E+2	1,724E+2	0,000E+0	1,882E-1	1,871E-1	0,000E+0
2064,491	17,900	16,800	3,470E+1	0,000E+0	1,721E+2	1,722E+2	0,000E+0	1,705E-1	1,685E-1	0,000E+0
2065,492	15,400	14,500	2,990E+1	0,000E+0	1,713E+2	1,712E+2	0,000E+0	1,507E-1	1,493E-1	0,000E+0
2066,494	16,400	15,200	3,160E+1	0,000E+0	1,714E+2	1,712E+2	0,000E+0	1,594E-1	1,568E-1	0,000E+0
2067,493	16,200	15,100	3,130E+1	0,000E+0	1,716E+2	1,714E+2	0,000E+0	1,574E-1	1,552E-1	0,000E+0
2068,494	16,000	15,000	3,100E+1	0,000E+0	1,716E+2	1,713E+2	0,000E+0	1,561E-1	1,537E-1	0,000E+0
2069,493	16,000	15,000	3,100E+1	0,000E+0	1,716E+2	1,713E+2	0,000E+0	1,561E-1	1,537E-1	0,000E+0
2070,493	16,100	15,100	3,120E+1	0,000E+0	1,719E+2	1,719E+2	0,000E+0	1,565E-1	1,545E-1	0,000E+0
2071,493	16,000	15,000	3,100E+1	0,000E+0	1,714E+2	1,713E+2	0,000E+0	1,563E-1	1,542E-1	0,000E+0
2072,493	16,300	15,300	3,160E+1	0,000E+0	1,718E+2	1,716E+2	0,000E+0	1,590E-1	1,569E-1	0,000E+0
2073,494	16,000	15,000	3,100E+1	0,000E+0	1,717E+2	1,716E+2	0,000E+0	1,557E-1	1,535E-1	0,000E+0
2074,493	15,300	14,200	2,950E+1	0,000E+0	1,715E+2	1,713E+2	0,000E+0	1,495E-1	1,466E-1	0,000E+0
2075,494	15,800	14,700	3,050E+1	0,000E+0	1,712E+2	1,712E+2	0,000E+0	1,543E-1	1,518E-1	0,000E+0
2076,493	15,600	14,500	3,010E+1	0,000E+0	1,714E+2	1,711E+2	0,000E+0	1,521E-1	1,497E-1	0,000E+0
2077,494	14,700	13,800	2,850E+1	0,000E+0	1,713E+2	1,712E+2	0,000E+0	1,450E-1	1,429E-1	0,000E+0
2078,494	13,100	12,400	2,550E+1	0,000E+0	1,703E+2	1,704E+2	0,000E+0	1,318E-1	1,306E-1	0,000E+0
2079,494	13,100	12,100	2,520E+1	0,000E+0	1,695E+2	1,695E+2	0,000E+0	1,321E-1	1,301E-1	0,000E+0
2080,494	13,900	12,900	2,680E+1	0,000E+0	1,702E+2	1,700E+2	0,000E+0	1,391E-1	1,363E-1	0,000E+0
2081,495	13,700	12,700	2,640E+1	0,000E+0	1,704E+2	1,702E+2	0,000E+0	1,371E-1	1,346E-1	0,000E+0
2082,494	13,600	12,500	2,610E+1	0,000E+0	1,701E+2	1,698E+2	0,000E+0	1,360E-1	1,333E-1	0,000E+0
2083,495	13,700	12,700	2,640E+1	0,000E+0	1,702E+2	1,701E+2	0,000E+0	1,372E-1	1,351E-1	0,000E+0
2084,494	13,700	12,700	2,640E+1	0,000E+0	1,702E+2	1,701E+2	0,000E+0	1,372E-1	1,351E-1	0,000E+0
2085,495	13,700	12,800	2,650E+1	0,000E+0	1,703E+2	1,702E+2	0,000E+0	1,370E-1	1,350E-1	0,000E+0
2086,495	13,500	12,700	2,620E+1	0,000E+0	1,701E+2	1,699E+2	0,000E+0	1,359E-1	1,341E-1	0,000E+0
2087,495	13,600	12,700	2,630E+1	0,000E+0	1,701E+2	1,700E+2	0,000E+0	1,365E-1	1,347E-1	0,000E+0
2088,496	13,600	12,700	2,630E+1	0,000E+0	1,702E+2	1,698E+2	0,000E+0	1,368E-1	1,351E-1	0,000E+0
2089,495	13,700	12,800	2,650E+1	0,000E+0	1,701E+2	1,701E+2	0,000E+0	1,370E-1	1,350E-1	0,000E+0
2090,495	13,600	12,600	2,620E+1	0,000E+0	1,704E+2	1,699E+2	0,000E+0	1,362E-1	1,338E-1	0,000E+0
2091,496	13,600	12,700	2,630E+1	0,000E+0	1,700E+2	1,698E+2	0,000E+0	1,364E-1	1,343E-1	0,000E+0
2092,496	13,600	12,600	2,620E+1	0,000E+0	1,701E+2	1,699E+2	0,000E+0	1,364E-1	1,341E-1	0,000E+0
2093,497	13,600	12,700	2,630E+1	0,000E+0	1,702E+2	1,699E+2	0,000E+0	1,367E-1	1,350E-1	0,000E+0
2094,498	13,700	12,800	2,650E+1	0,000E+0	1,703E+2	1,702E+2	0,000E+0	1,372E-1	1,350E-1	0,000E+0
2095,498	13,700	12,800	2,650E+1	0,000E+0	1,703E+2	1,702E+2	0,000E+0	1,372E-1	1,350E-1	0,000E+0
2096,498	13,600	12,700	2,630E+1	0,000E+0	1,702E+2	1,701E+2	0,000E+0	1,366E-1	1,348E-1	0,000E+0
2097,499	13,600	12,700	2,630E+1	0,000E+0	1,702E+2	1,701E+2	0,000E+0	1,366E-1	1,348E-1	0,000E+0
2098,499	13,700	12,700	2,640E+1	0,000E+0	1,700E+2	1,700E+2	0,000E+0	1,371E-1	1,345E-1	0,000E+0
2099,499	13,700	12,600	2,630E+1	0,000E+0	1,703E+2	1,697E+2	0,000E+0	1,368E-1	1,343E-1	0,000E+0
2100,499	13,600	12,700	2,630E+1	0,000E+0	1,699E+2	1,700E+2	0,000E+0	1,365E-1	1,351E-1	0,000E+0
2101,500	12,000	11,100	2,310E+1	0,000E+0	1,676E+2	1,673E+2	0,000E+0	1,249E-1	1,229E-1	0,000E+0
2102,499	1,800	1,500	3,300E+0	0,000E+0	1,323E+2	1,323E+2	0,000E+0	3,590E-2	3,620E-2	0,000E+0
2103,499	0,100	0,200	3,000E-1	0,000E+0	9,164E+1	9,142E+1	0,000E+0	0,000E+0	0,000E+0	0,000E+0
2104,499	0,200	0,200	4,000E-1	0,000E+0	7,443E+1	7,423E+1	0,000E+0	0,000E+0	0,000E+0	0,000E+0
2105,499	0,200	0,200	4,000E-1	0,000E+0	5,909E+1	5,903E+1	0,000E+0	0,000E+0	0,000E+0	0,000E+0
2106,500	0,000	0,000	0,000E+0	0,000E+0	4,565E+1	4,563E+1	0,000E+0	0,000E+0	0,000E+0	0,000E+0
2107,499	0,000	0,000	0,000E+0	0,000E+0	3,409E+1	3,410E+1	0,000E+0	0,000E+0	0,000E+0	0,000E+0
2108,500	0,000	0,000	0,000E+0	0,000E+0	1,982E+1	1,986E+1	0,000E+0	0,000E+0	0,000E+0	0,000E+0
2109,499	0,000	0,000	0,000E+0	0,000E+0	1,301E+1	1,279E+1	0,000E+0	0,000E+0	0,000E+0	0,000E+0
2110,499	0,000	0,000	0,000E+0	0,000E+0	1,301E+1	1,279E+1	0,000E+0	0,000E+0	0,000E+0	0,000E+0
2111,499	0,000	0,000	0,000E+0	0,000E+0	2,310E+0	2,160E+0	0,000E+0	0,000E+0	0,000E+0	0,000E+0
2112,499	0,000	0,000	0,000E+0	0,000E+0	2,310E+0	2,160E+0	0,000E+0	0,000E+0	0,000E+0	0,000E+0
2113,500	0,000	0,000	0,000E+0	0,000E+0	0,000E+0	0,000E+0	0,000E+0	0,000E+0	0,000E+0	0,000E+0
2114,499	0,000	0,000	0,000E+0	0,000E+0	0,000E+0	0,000E+0	0,000E+0	0,000E+0	0,000E+0	0,000E+0
2115,500	0,000	0,000	0,000E+0	0,000E+0	0,000E+0	0,000E+0	0,000E+0	0,000E+0	0,000E+0	0,000E+0
2116,499	0,000	0,000	0,000E+0	0,000E+0	0,000E+0	0,000E+0	0,000E+0	0,000E+0	0,000E+0	0,000E+0
