168,043015	0,400000	0,000000	0,000000E+0
0,006962	0,400000	0,000000	0,000000E+0
0,006962	0,400000	0,000000	0,000000E+0
0,006962	0,400000	0,000000	0,000000E+0
0,006962	0,400000	0,000000	0,000000E+0
0,006962	0,400000	0,000000	0,000000E+0
0,006962	0,400000	0,000000	0,000000E+0
0,006962	0,400000	0,000000	0,000000E+0
0,006962	0,000000	0,000000	0,000000E+0
0,006962	0,000000	0,000000	0,000000E+0
0,006962	0,000000	0,000000	0,000000E+0
1,006738	0,000000	0,000000	0,000000E+0
1,006738	0,000000	0,000000	0,000000E+0
1,006738	0,000000	0,000000	0,000000E+0
1,006738	0,000000	0,000000	0,000000E+0
1,006738	0,000000	0,000000	0,000000E+0
1,006738	0,000000	0,000000	0,000000E+0
1,006738	0,000000	0,000000	0,000000E+0
1,006738	0,000000	0,000000	0,000000E+0
1,006738	0,000000	0,000000	0,000000E+0
1,006738	0,000000	0,000000	0,000000E+0
2,007165	0,000000	0,000000	0,000000E+0
2,007165	0,000000	0,000000	0,000000E+0
2,007165	0,000000	0,000000	0,000000E+0
2,007165	0,000000	0,000000	0,000000E+0
2,007165	0,000000	0,000000	0,000000E+0
2,007165	0,000000	0,000000	0,000000E+0
2,007165	0,000000	0,000000	0,000000E+0
2,007165	0,000000	0,000000	0,000000E+0
2,007165	0,000000	0,000000	0,000000E+0
2,007165	0,000000	0,000000	0,000000E+0
3,007577	0,000000	0,000000	0,000000E+0
3,007577	0,000000	0,000000	0,000000E+0
3,007577	0,000000	0,000000	0,000000E+0
3,007577	0,000000	0,000000	0,000000E+0
3,007577	0,000000	0,000000	0,000000E+0
3,007577	0,000000	0,000000	0,000000E+0
3,007577	0,000000	0,000000	0,000000E+0
3,007577	0,000000	0,000000	0,000000E+0
3,007577	0,000000	0,000000	0,000000E+0
3,007577	0,000000	0,000000	0,000000E+0
4,008023	0,000000	0,000000	0,000000E+0
4,008023	0,000000	0,000000	0,000000E+0
4,008023	0,000000	0,000000	0,000000E+0
4,008023	0,000000	0,000000	0,000000E+0
4,008023	0,000000	0,000000	0,000000E+0
4,008023	0,000000	0,000000	0,000000E+0
4,008023	0,000000	0,000000	0,000000E+0
4,008023	0,000000	0,000000	0,000000E+0
4,008023	0,000000	0,000000	0,000000E+0
4,008023	0,000000	0,000000	0,000000E+0
5,007433	0,000000	0,000000	0,000000E+0
5,007433	0,000000	0,000000	0,000000E+0
5,007433	0,000000	0,000000	0,000000E+0
5,007433	0,000000	0,000000	0,000000E+0
5,007433	0,000000	0,000000	0,000000E+0
5,007433	0,000000	0,000000	0,000000E+0
5,007433	0,000000	0,000000	0,000000E+0
5,007433	0,000000	0,000000	0,000000E+0
5,007433	0,000000	0,000000	0,000000E+0
5,007433	0,000000	0,000000	0,000000E+0
6,007858	0,000000	0,000000	0,000000E+0
6,007858	0,000000	0,000000	0,000000E+0
6,007858	0,000000	0,000000	0,000000E+0
6,007858	0,000000	0,000000	0,000000E+0
6,007858	0,000000	0,000000	0,000000E+0
6,007858	0,000000	0,000000	0,000000E+0
6,007858	0,000000	0,000000	0,000000E+0
6,007858	0,000000	0,000000	0,000000E+0
6,007858	0,000000	0,000000	0,000000E+0
6,007858	0,000000	0,000000	0,000000E+0
7,007286	0,000000	0,000000	0,000000E+0
7,007286	0,000000	0,000000	0,000000E+0
7,007286	0,000000	0,000000	0,000000E+0
7,007286	0,000000	0,000000	0,000000E+0
7,007286	0,000000	0,000000	0,000000E+0
7,007286	0,000000	0,000000	0,000000E+0
7,007286	0,000000	0,000000	0,000000E+0
7,007286	0,000000	0,000000	0,000000E+0
7,007286	0,000000	0,000000	0,000000E+0
7,007286	0,000000	0,000000	0,000000E+0
8,007709	0,000000	0,000000	0,000000E+0
8,007709	0,000000	0,000000	0,000000E+0
8,007709	0,000000	0,000000	0,000000E+0
8,007709	0,000000	0,000000	0,000000E+0
8,007709	0,000000	0,000000	0,000000E+0
8,007709	0,000000	0,000000	0,000000E+0
8,007709	0,000000	0,000000	0,000000E+0
8,007709	0,000000	0,000000	0,000000E+0
8,007709	0,000000	0,000000	0,000000E+0
8,007709	0,000000	0,000000	0,000000E+0
9,008145	0,000000	0,000000	0,000000E+0
9,008145	0,000000	0,000000	0,000000E+0
9,008145	0,000000	0,000000	0,000000E+0
9,008145	0,000000	0,000000	0,000000E+0
9,008145	0,000000	0,000000	0,000000E+0
9,008145	0,000000	0,000000	0,000000E+0
9,008145	0,000000	0,000000	0,000000E+0
9,008145	0,000000	0,000000	0,000000E+0
9,008145	0,000000	0,000000	0,000000E+0
9,008145	0,000000	0,000000	0,000000E+0
10,007557	0,000000	0,000000	0,000000E+0
10,007557	0,000000	0,000000	0,000000E+0
10,007557	0,000000	0,000000	0,000000E+0
10,007557	0,000000	0,000000	0,000000E+0
10,007557	0,000000	0,000000	0,000000E+0
10,007557	0,000000	0,000000	0,000000E+0
10,007557	0,000000	0,000000	0,000000E+0
10,007557	0,000000	0,000000	0,000000E+0
10,007557	0,000000	0,000000	0,000000E+0
10,007557	0,000000	0,000000	0,000000E+0
11,008984	0,000000	0,000000	0,000000E+0
11,008984	0,000000	0,000000	0,000000E+0
11,008984	0,000000	0,000000	0,000000E+0
11,008984	0,000000	0,000000	0,000000E+0
11,008984	0,000000	0,000000	0,000000E+0
11,008984	0,000000	0,000000	0,000000E+0
11,008984	0,000000	0,000000	0,000000E+0
11,008984	0,000000	0,000000	0,000000E+0
11,008984	0,000000	0,000000	0,000000E+0
11,008984	0,000000	0,000000	0,000000E+0
12,008426	0,000000	0,000000	0,000000E+0
12,008426	0,000000	0,000000	0,000000E+0
12,008426	0,000000	0,000000	0,000000E+0
12,008426	0,000000	0,000000	0,000000E+0
12,008426	0,000000	0,000000	0,000000E+0
12,008426	0,000000	0,000000	0,000000E+0
12,008426	0,000000	0,000000	0,000000E+0
12,008426	0,000000	0,000000	0,000000E+0
12,008426	0,000000	0,000000	0,000000E+0
12,008426	0,000000	0,000000	0,000000E+0
13,009828	0,000000	0,000000	0,000000E+0
13,009828	0,000000	0,000000	0,000000E+0
13,009828	0,000000	0,000000	0,000000E+0
13,009828	0,000000	0,000000	0,000000E+0
13,009828	0,000000	0,000000	0,000000E+0
13,009828	0,000000	0,000000	0,000000E+0
13,009828	0,000000	0,000000	0,000000E+0
13,009828	0,000000	0,000000	0,000000E+0
13,009828	0,000000	0,000000	0,000000E+0
13,009828	0,000000	0,000000	0,000000E+0
14,009255	0,000000	0,000000	0,000000E+0
14,009255	0,000000	0,000000	0,000000E+0
14,009255	0,000000	0,000000	0,000000E+0
14,009255	0,000000	0,000000	0,000000E+0
14,009255	0,000000	0,000000	0,000000E+0
14,009255	0,000000	0,000000	0,000000E+0
14,009255	0,000000	0,000000	0,000000E+0
14,009255	0,000000	0,000000	0,000000E+0
14,009255	0,000000	0,000000	0,000000E+0
14,009255	0,000000	0,000000	0,000000E+0
15,009684	0,000000	0,000000	0,000000E+0
15,009684	0,000000	0,000000	0,000000E+0
15,009684	0,000000	0,000000	0,000000E+0
15,009684	0,000000	0,000000	0,000000E+0
15,009684	0,000000	0,000000	0,000000E+0
15,009684	0,000000	0,000000	0,000000E+0
15,009684	0,000000	0,000000	0,000000E+0
15,009684	0,000000	0,000000	0,000000E+0
15,009684	0,000000	0,000000	0,000000E+0
15,009684	0,000000	0,000000	0,000000E+0
16,010170	0,000000	0,000000	0,000000E+0
16,010170	0,000000	0,000000	0,000000E+0
16,010170	0,000000	0,000000	0,000000E+0
16,010170	0,000000	0,000000	0,000000E+0
16,010170	0,000000	0,000000	0,000000E+0
16,010170	0,000000	0,000000	0,000000E+0
16,010170	0,000000	0,000000	0,000000E+0
16,010170	0,000000	0,000000	0,000000E+0
16,010170	0,000000	0,000000	0,000000E+0
16,010170	0,000000	0,000000	0,000000E+0
17,009546	0,000000	0,000000	0,000000E+0
17,009546	0,000000	0,000000	0,000000E+0
17,009546	0,000000	0,000000	0,000000E+0
17,009546	0,000000	0,000000	0,000000E+0
17,009546	0,000000	0,000000	0,000000E+0
17,009546	0,000000	0,000000	0,000000E+0
17,009546	0,000000	0,000000	0,000000E+0
17,009546	0,000000	0,000000	0,000000E+0
17,009546	0,000000	0,000000	0,000000E+0
17,009546	0,000000	0,000000	0,000000E+0
18,010967	0,000000	0,000000	0,000000E+0
18,010967	0,000000	0,000000	0,000000E+0
18,010967	0,000000	0,000000	0,000000E+0
18,010967	0,000000	0,000000	0,000000E+0
18,010967	0,000000	0,000000	0,000000E+0
18,010967	0,000000	0,000000	0,000000E+0
18,010967	0,000000	0,000000	0,000000E+0
18,010967	0,000000	0,000000	0,000000E+0
18,010967	0,000000	0,000000	0,000000E+0
18,010967	0,000000	0,000000	0,000000E+0
19,010411	0,000000	0,000000	0,000000E+0
19,010411	0,000000	0,000000	0,000000E+0
19,010411	0,000000	0,000000	0,000000E+0
19,010411	0,000000	0,000000	0,000000E+0
19,010411	0,000000	0,000000	0,000000E+0
19,010411	0,000000	0,000000	0,000000E+0
19,010411	0,000000	0,000000	0,000000E+0
19,010411	0,000000	0,000000	0,000000E+0
19,010411	0,000000	0,000000	0,000000E+0
19,010411	0,000000	0,000000	0,000000E+0
20,010837	0,000000	0,000000	0,000000E+0
20,010837	0,000000	0,000000	0,000000E+0
20,010837	0,000000	0,000000	0,000000E+0
20,010837	0,000000	0,000000	0,000000E+0
20,010837	0,000000	0,000000	0,000000E+0
20,010837	0,000000	0,000000	0,000000E+0
20,010837	0,000000	0,000000	0,000000E+0
20,010837	0,000000	0,000000	0,000000E+0
20,010837	0,000000	0,000000	0,000000E+0
20,010837	0,000000	0,000000	0,000000E+0
21,010256	0,000000	0,000000	0,000000E+0
21,010256	0,000000	0,000000	0,000000E+0
21,010256	0,000000	0,000000	0,000000E+0
21,010256	0,000000	0,000000	0,000000E+0
21,010256	0,000000	0,000000	0,000000E+0
21,010256	0,000000	0,000000	0,000000E+0
21,010256	0,000000	0,000000	0,000000E+0
21,010256	0,000000	0,000000	0,000000E+0
21,010256	0,000000	0,000000	0,000000E+0
21,010256	0,000000	0,000000	0,000000E+0
22,010673	0,000000	0,000000	0,000000E+0
22,010673	0,000000	0,000000	0,000000E+0
22,010673	0,000000	0,000000	0,000000E+0
22,010673	0,000000	0,000000	0,000000E+0
22,010673	0,000000	0,000000	0,000000E+0
22,010673	0,000000	0,000000	0,000000E+0
22,010673	0,000000	0,000000	0,000000E+0
22,010673	0,000000	0,000000	0,000000E+0
22,010673	0,000000	0,000000	0,000000E+0
22,010673	0,000000	0,000000	0,000000E+0
23,011090	0,000000	0,000000	0,000000E+0
23,011090	0,000000	0,000000	0,000000E+0
23,011090	0,000000	0,000000	0,000000E+0
23,011090	0,000000	0,000000	0,000000E+0
23,011090	0,000000	0,000000	0,000000E+0
23,011090	0,000000	0,000000	0,000000E+0
23,011090	0,000000	0,000000	0,000000E+0
23,011090	0,000000	0,000000	0,000000E+0
23,011090	0,000000	0,000000	0,000000E+0
23,011090	0,000000	0,000000	0,000000E+0
24,011532	0,000000	0,000000	0,000000E+0
24,011532	0,000000	0,000000	0,000000E+0
24,011532	0,000000	0,000000	0,000000E+0
24,011532	0,000000	0,000000	0,000000E+0
24,011532	0,000000	0,000000	0,000000E+0
24,011532	0,000000	0,000000	0,000000E+0
24,011532	0,000000	0,000000	0,000000E+0
24,011532	0,000000	0,000000	0,000000E+0
24,011532	0,000000	0,000000	0,000000E+0
24,011532	0,000000	0,000000	0,000000E+0
25,011961	0,000000	0,000000	0,000000E+0
25,011961	0,000000	0,000000	0,000000E+0
25,011961	0,000000	0,000000	0,000000E+0
25,011961	0,000000	0,000000	0,000000E+0
25,011961	0,000000	0,000000	0,000000E+0
25,011961	0,000000	0,000000	0,000000E+0
25,011961	0,000000	0,000000	0,000000E+0
25,011961	0,000000	0,000000	0,000000E+0
25,011961	0,000000	0,000000	0,000000E+0
25,011961	0,000000	0,000000	0,000000E+0
26,012865	0,000000	0,000000	0,000000E+0
26,012865	0,000000	0,000000	0,000000E+0
26,012865	0,000000	0,000000	0,000000E+0
26,012865	0,000000	0,000000	0,000000E+0
26,012865	0,000000	0,000000	0,000000E+0
26,012865	0,000000	0,000000	0,000000E+0
26,012865	0,000000	0,000000	0,000000E+0
26,012865	0,000000	0,000000	0,000000E+0
26,012865	0,000000	0,000000	0,000000E+0
26,012865	0,000000	0,000000	0,000000E+0
27,012823	0,000000	0,000000	0,000000E+0
27,012823	0,000000	0,000000	0,000000E+0
27,012823	0,000000	0,000000	0,000000E+0
27,012823	0,000000	0,000000	0,000000E+0
27,012823	0,000000	0,000000	0,000000E+0
27,012823	0,000000	0,000000	0,000000E+0
27,012823	0,000000	0,000000	0,000000E+0
27,012823	0,000000	0,000000	0,000000E+0
27,012823	0,000000	0,000000	0,000000E+0
27,012823	0,000000	0,000000	0,000000E+0
28,012256	0,000000	0,000000	0,000000E+0
28,012256	0,000000	0,000000	0,000000E+0
28,012256	0,000000	0,000000	0,000000E+0
28,012256	0,000000	0,000000	0,000000E+0
28,012256	0,000000	0,000000	0,000000E+0
28,012256	0,000000	0,000000	0,000000E+0
28,012256	0,000000	0,000000	0,000000E+0
28,012256	0,000000	0,000000	0,000000E+0
28,012256	0,000000	0,000000	0,000000E+0
28,012256	0,000000	0,000000	0,000000E+0
29,012634	0,000000	0,000000	0,000000E+0
29,012634	0,000000	0,000000	0,000000E+0
29,012634	0,000000	0,000000	0,000000E+0
29,012634	0,000000	0,000000	0,000000E+0
29,012634	0,000000	0,000000	0,000000E+0
29,012634	0,000000	0,000000	0,000000E+0
29,012634	0,000000	0,000000	0,000000E+0
29,012634	0,000000	0,000000	0,000000E+0
29,012634	0,000000	0,000000	0,000000E+0
29,012634	0,000000	0,000000	0,000000E+0
30,013087	0,000000	0,000000	0,000000E+0
30,013087	0,000000	0,000000	0,000000E+0
30,013087	0,000000	0,000000	0,000000E+0
30,013087	0,000000	0,000000	0,000000E+0
30,013087	0,000000	0,000000	0,000000E+0
30,013087	0,000000	0,000000	0,000000E+0
30,013087	0,000000	0,000000	0,000000E+0
30,013087	0,000000	0,000000	0,000000E+0
30,013087	0,000000	0,000000	0,000000E+0
30,013087	0,000000	0,000000	0,000000E+0
31,013498	0,000000	0,000000	0,000000E+0
31,013498	0,000000	0,000000	0,000000E+0
31,013498	0,000000	0,000000	0,000000E+0
31,013498	0,000000	0,000000	0,000000E+0
31,013498	0,000000	0,000000	0,000000E+0
31,013498	0,000000	0,000000	0,000000E+0
31,013498	0,000000	0,000000	0,000000E+0
31,013498	0,000000	0,000000	0,000000E+0
31,013498	0,000000	0,000000	0,000000E+0
31,013498	0,000000	0,000000	0,000000E+0
32,014923	0,000000	0,000000	0,000000E+0
32,014923	0,000000	0,000000	0,000000E+0
32,014923	0,000000	0,000000	0,000000E+0
32,014923	0,000000	0,000000	0,000000E+0
32,014923	0,000000	0,000000	0,000000E+0
32,014923	0,000000	0,000000	0,000000E+0
32,014923	0,000000	0,000000	0,000000E+0
32,014923	0,000000	0,000000	0,000000E+0
32,014923	0,000000	0,000000	0,000000E+0
32,014923	0,000000	0,000000	0,000000E+0
33,014355	0,000000	0,000000	0,000000E+0
33,014355	0,000000	0,000000	0,000000E+0
33,014355	0,000000	0,000000	0,000000E+0
33,014355	0,000000	0,000000	0,000000E+0
33,014355	0,000000	0,000000	0,000000E+0
33,014355	0,000000	0,000000	0,000000E+0
33,014355	0,000000	0,000000	0,000000E+0
33,014355	0,000000	0,000000	0,000000E+0
33,014355	0,000000	0,000000	0,000000E+0
33,014355	0,000000	0,000000	0,000000E+0
34,014852	0,000000	0,000000	0,000000E+0
34,014852	0,000000	0,000000	0,000000E+0
34,014852	0,000000	0,000000	0,000000E+0
34,014852	0,000000	0,000000	0,000000E+0
34,014852	0,000000	0,000000	0,000000E+0
34,014852	0,000000	0,000000	0,000000E+0
34,014852	0,000000	0,000000	0,000000E+0
34,014852	0,000000	0,000000	0,000000E+0
34,014852	0,000000	0,000000	0,000000E+0
34,014852	0,000000	0,000000	0,000000E+0
35,015195	0,000000	0,000000	0,000000E+0
35,015195	0,000000	0,000000	0,000000E+0
35,015195	0,000000	0,000000	0,000000E+0
35,015195	0,000000	0,000000	0,000000E+0
35,015195	0,000000	0,000000	0,000000E+0
35,015195	0,000000	0,000000	0,000000E+0
35,015195	0,000000	0,000000	0,000000E+0
35,015195	0,000000	0,000000	0,000000E+0
35,015195	0,000000	0,000000	0,000000E+0
35,015195	0,000000	0,000000	0,000000E+0
36,015599	0,000000	0,000000	0,000000E+0
36,015599	0,000000	0,000000	0,000000E+0
36,015599	0,000000	0,000000	0,000000E+0
36,015599	0,000000	0,000000	0,000000E+0
36,015599	0,000000	0,000000	0,000000E+0
36,015599	0,000000	0,000000	0,000000E+0
36,015599	0,000000	0,000000	0,000000E+0
36,015599	0,000000	0,000000	0,000000E+0
36,015599	0,000000	0,000000	0,000000E+0
36,015599	0,000000	0,000000	0,000000E+0
37,016052	0,000000	0,000000	0,000000E+0
37,016052	0,000000	0,000000	0,000000E+0
37,016052	0,000000	0,000000	0,000000E+0
37,016052	0,000000	0,000000	0,000000E+0
37,016052	0,000000	0,000000	0,000000E+0
37,016052	0,000000	0,000000	0,000000E+0
37,016052	0,000000	0,000000	0,000000E+0
37,016052	0,000000	0,000000	0,000000E+0
37,016052	0,000000	0,000000	0,000000E+0
37,016052	0,000000	0,000000	0,000000E+0
38,016455	0,000000	0,000000	0,000000E+0
38,016455	0,000000	0,000000	0,000000E+0
38,016455	0,000000	0,000000	0,000000E+0
38,016455	0,000000	0,000000	0,000000E+0
38,016455	0,000000	0,000000	0,000000E+0
38,016455	0,000000	0,000000	0,000000E+0
38,016455	0,000000	0,000000	0,000000E+0
38,016455	0,000000	0,000000	0,000000E+0
38,016455	0,000000	0,000000	0,000000E+0
38,016455	0,000000	0,000000	0,000000E+0
39,016894	0,000000	0,000000	0,000000E+0
39,016894	0,000000	0,000000	0,000000E+0
39,016894	0,000000	0,000000	0,000000E+0
39,016894	0,000000	0,000000	0,000000E+0
39,016894	0,000000	0,000000	0,000000E+0
39,016894	0,000000	0,000000	0,000000E+0
39,016894	0,000000	0,000000	0,000000E+0
39,016894	0,000000	0,000000	0,000000E+0
39,016894	46,799999	0,000000	0,000000E+0
39,016894	46,799999	0,000000	0,000000E+0
40,016302	46,799999	0,000000	0,000000E+0
40,016302	46,799999	0,000000	0,000000E+0
40,016302	46,799999	0,000000	0,000000E+0
40,016302	46,799999	0,000000	0,000000E+0
40,016302	46,799999	0,000000	0,000000E+0
40,016302	46,799999	0,000000	0,000000E+0
40,016302	46,799999	0,000000	0,000000E+0
40,016302	46,799999	0,000000	0,000000E+0
40,016302	46,799999	0,000000	0,000000E+0
40,016302	46,799999	0,000000	0,000000E+0
41,017735	46,799999	0,000000	0,000000E+0
41,017735	46,799999	0,000000	0,000000E+0
41,017735	8,299999	0,000000	0,000000E+0
41,017735	8,299999	0,000000	0,000000E+0
41,017735	8,299999	0,000000	0,000000E+0
41,017735	8,299999	0,000000	0,000000E+0
41,017735	8,299999	0,000000	0,000000E+0
41,017735	8,299999	0,000000	0,000000E+0
41,017735	8,299999	0,000000	0,000000E+0
41,017735	8,299999	0,000000	0,000000E+0
42,018179	8,299999	0,000000	0,000000E+0
42,018179	8,299999	0,000000	0,000000E+0
42,018179	8,299999	0,000000	0,000000E+0
42,018179	8,299999	0,000000	0,000000E+0
42,018179	0,000000	0,000000	0,000000E+0
42,018179	0,000000	0,000000	0,000000E+0
42,018179	0,000000	0,000000	0,000000E+0
42,018179	0,000000	0,000000	0,000000E+0
42,018179	0,000000	0,000000	0,000000E+0
42,018179	0,000000	0,000000	0,000000E+0
43,017600	0,000000	0,000000	0,000000E+0
43,017600	0,000000	0,000000	0,000000E+0
43,017600	0,000000	0,000000	0,000000E+0
43,017600	0,000000	0,000000	0,000000E+0
43,017600	0,000000	0,000000	0,000000E+0
43,017600	0,000000	0,000000	0,000000E+0
43,017600	0,000000	0,000000	0,000000E+0
43,017600	0,000000	0,000000	0,000000E+0
43,017600	0,000000	0,000000	0,000000E+0
43,017600	0,000000	0,000000	0,000000E+0
44,018008	0,000000	0,000000	0,000000E+0
44,018008	0,000000	0,000000	0,000000E+0
44,018008	0,200000	0,000000	0,000000E+0
44,018008	0,200000	0,000000	0,000000E+0
44,018008	0,200000	0,000000	0,000000E+0
44,018008	0,200000	0,000000	0,000000E+0
44,018008	0,200000	0,000000	0,000000E+0
44,018008	0,200000	0,000000	0,000000E+0
44,018008	0,200000	0,000000	0,000000E+0
44,018008	0,200000	0,000000	0,000000E+0
45,017476	0,200000	0,000000	0,000000E+0
45,017476	0,200000	0,000000	0,000000E+0
45,017476	0,200000	0,000000	0,000000E+0
45,017476	0,200000	0,000000	0,000000E+0
45,017476	0,200000	0,000000	0,000000E+0
45,017476	66,300003	0,000000	0,000000E+0
45,017476	66,300003	0,000000	0,000000E+0
45,017476	66,300003	0,000000	0,000000E+0
45,017476	66,300003	0,000000	0,000000E+0
45,017476	66,300003	0,000000	0,000000E+0
46,017847	66,300003	0,000000	0,000000E+0
46,017847	66,300003	0,000000	0,000000E+0
46,017847	66,300003	0,000000	0,000000E+0
46,017847	66,300003	0,000000	0,000000E+0
46,017847	66,300003	0,000000	0,000000E+0
46,017847	66,300003	0,000000	0,000000E+0
46,017847	66,300003	0,000000	0,000000E+0
46,017847	66,300003	0,000000	0,000000E+0
46,017847	66,300003	0,000000	0,000000E+0
46,017847	66,300003	0,000000	0,000000E+0
47,018290	66,300003	0,000000	0,000000E+0
47,018290	66,300003	0,000000	0,000000E+0
47,018290	66,300003	0,000000	0,000000E+0
47,018290	66,300003	0,000000	0,000000E+0
47,018290	66,300003	0,000000	0,000000E+0
47,018290	66,300003	0,000000	0,000000E+0
47,018290	99,100006	0,000000	0,000000E+0
47,018290	99,100006	0,000000	0,000000E+0
47,018290	99,100006	0,000000	0,000000E+0
47,018290	99,100006	0,000000	0,000000E+0
48,018711	99,100006	0,000000	0,000000E+0
48,018711	99,100006	0,000000	0,000000E+0
48,018711	99,100006	0,000000	0,000000E+0
48,018711	99,100006	0,000000	0,000000E+0
48,018711	99,100006	0,000000	0,000000E+0
48,018711	99,100006	0,000000	0,000000E+0
48,018711	22,299999	0,000000	0,000000E+0
48,018711	22,299999	0,000000	0,000000E+0
48,018711	22,299999	0,000000	0,000000E+0
48,018711	22,299999	0,000000	0,000000E+0
49,020132	22,299999	0,000000	0,000000E+0
49,020132	22,299999	0,000000	0,000000E+0
49,020132	22,299999	0,000000	0,000000E+0
49,020132	22,299999	0,000000	0,000000E+0
49,020132	22,299999	0,000000	0,000000E+0
49,020132	22,299999	0,000000	0,000000E+0
49,020132	15,700000	0,000000	0,000000E+0
49,020132	15,700000	0,000000	0,000000E+0
49,020132	15,700000	0,000000	0,000000E+0
49,020132	15,700000	0,000000	0,000000E+0
50,019567	15,700000	0,000000	0,000000E+0
50,019567	15,700000	0,000000	0,000000E+0
50,019567	15,700000	0,000000	0,000000E+0
50,019567	15,700000	0,000000	0,000000E+0
50,019567	15,700000	0,000000	0,000000E+0
50,019567	15,700000	0,000000	0,000000E+0
50,019567	18,299999	0,000000	0,000000E+0
50,019567	18,299999	0,000000	0,000000E+0
50,019567	18,299999	0,000000	0,000000E+0
50,019567	18,299999	0,000000	0,000000E+0
51,019988	18,299999	0,000000	0,000000E+0
51,019988	18,299999	0,000000	0,000000E+0
51,019988	18,299999	0,000000	0,000000E+0
51,019988	18,299999	0,000000	0,000000E+0
51,019988	18,299999	0,000000	0,000000E+0
51,019988	18,299999	0,000000	0,000000E+0
51,019988	18,299999	0,000000	0,000000E+0
51,019988	18,299999	0,000000	0,000000E+0
51,019988	28,799999	0,000000	0,000000E+0
51,019988	28,799999	0,000000	0,000000E+0
52,019439	28,799999	0,000000	0,000000E+0
52,019439	28,799999	0,000000	0,000000E+0
52,019439	28,799999	0,000000	0,000000E+0
52,019439	28,799999	0,000000	0,000000E+0
52,019439	28,799999	0,000000	0,000000E+0
52,019439	28,799999	0,000000	0,000000E+0
52,019439	28,799999	0,000000	0,000000E+0
52,019439	28,799999	0,000000	0,000000E+0
52,019439	28,799999	0,000000	0,000000E+0
52,019439	28,900000	0,000000	0,000000E+0
53,019836	28,900000	0,000000	0,000000E+0
53,019836	28,900000	0,000000	0,000000E+0
53,019836	28,900000	0,000000	0,000000E+0
53,019836	28,900000	0,000000	0,000000E+0
53,019836	28,900000	0,000000	0,000000E+0
53,019836	28,900000	0,000000	0,000000E+0
53,019836	28,900000	0,000000	0,000000E+0
53,019836	28,900000	0,000000	0,000000E+0
53,019836	28,900000	0,000000	0,000000E+0
53,019836	24,799999	0,000000	0,000000E+0
54,019353	24,799999	0,000000	0,000000E+0
54,019353	24,799999	0,000000	0,000000E+0
54,019353	24,799999	0,000000	0,000000E+0
54,019353	24,799999	0,000000	0,000000E+0
54,019353	24,799999	0,000000	0,000000E+0
54,019353	24,799999	0,000000	0,000000E+0
54,019353	24,799999	0,000000	0,000000E+0
54,019353	24,799999	0,000000	0,000000E+0
54,019353	24,799999	0,000000	0,000000E+0
54,019353	24,799999	0,000000	0,000000E+0
55,019672	25,000000	0,000000	0,000000E+0
55,019672	25,000000	0,000000	0,000000E+0
55,019672	25,000000	0,000000	0,000000E+0
55,019672	25,000000	0,000000	0,000000E+0
55,019672	25,000000	0,000000	0,000000E+0
55,019672	25,000000	0,000000	0,000000E+0
55,019672	25,000000	0,000000	0,000000E+0
55,019672	25,000000	0,000000	0,000000E+0
55,019672	25,000000	0,000000	0,000000E+0
55,019672	25,000000	0,000000	0,000000E+0
56,021136	27,200001	0,000000	0,000000E+0
56,021136	27,200001	0,000000	0,000000E+0
56,021136	27,200001	0,000000	0,000000E+0
56,021136	27,200001	0,000000	0,000000E+0
56,021136	27,200001	0,000000	0,000000E+0
56,021136	27,200001	0,000000	0,000000E+0
56,021136	27,200001	0,000000	0,000000E+0
56,021136	27,200001	0,000000	0,000000E+0
56,021136	27,200001	0,000000	0,000000E+0
56,021136	27,200001	0,000000	0,000000E+0
57,020568	27,200001	0,000000	0,000000E+0
57,020568	27,200001	0,000000	0,000000E+0
57,020568	27,200001	0,000000	0,000000E+0
57,020568	27,100000	0,000000	0,000000E+0
57,020568	27,100000	0,000000	0,000000E+0
57,020568	27,100000	0,000000	0,000000E+0
57,020568	27,100000	0,000000	0,000000E+0
57,020568	27,100000	0,000000	0,000000E+0
57,020568	27,100000	0,000000	0,000000E+0
57,020568	27,100000	0,000000	0,000000E+0
58,021033	27,100000	0,000000	0,000000E+0
58,021033	27,100000	0,000000	0,000000E+0
58,021033	27,100000	0,000000	0,000000E+0
58,021033	27,100000	0,000000	0,000000E+0
58,021033	26,500000	0,000000	0,000000E+0
58,021033	26,500000	0,000000	0,000000E+0
58,021033	26,500000	0,000000	0,000000E+0
58,021033	26,500000	0,000000	0,000000E+0
58,021033	26,500000	0,000000	0,000000E+0
58,021033	26,500000	0,000000	0,000000E+0
59,021394	26,500000	0,000000	0,000000E+0
59,021394	26,500000	0,000000	0,000000E+0
59,021394	26,500000	0,000000	0,000000E+0
59,021394	26,500000	0,000000	0,000000E+0
59,021394	26,500000	0,000000	0,000000E+0
59,021394	26,799999	0,000000	0,000000E+0
59,021394	26,799999	0,000000	0,000000E+0
59,021394	26,799999	0,000000	0,000000E+0
59,021394	26,799999	0,000000	0,000000E+0
59,021394	26,799999	0,000000	0,000000E+0
60,021845	26,799999	0,000000	0,000000E+0
60,021845	26,799999	0,000000	0,000000E+0
60,021845	26,799999	0,000000	0,000000E+0
60,021845	26,799999	0,000000	0,000000E+0
60,021845	26,900000	0,000000	0,000000E+0
60,021845	26,900000	0,000000	0,000000E+0
60,021845	26,900000	0,000000	0,000000E+0
60,021845	26,900000	0,000000	0,000000E+0
60,021845	26,900000	0,000000	0,000000E+0
60,021845	26,900000	0,000000	0,000000E+0
61,021299	26,900000	0,000000	0,000000E+0
61,021299	26,900000	0,000000	0,000000E+0
61,021299	26,900000	0,000000	0,000000E+0
61,021299	26,900000	0,000000	0,000000E+0
61,021299	27,100000	0,000000	0,000000E+0
61,021299	27,100000	0,000000	0,000000E+0
61,021299	27,100000	0,000000	0,000000E+0
61,021299	27,100000	0,000000	0,000000E+0
61,021299	27,100000	0,000000	0,000000E+0
61,021299	27,100000	0,000000	0,000000E+0
62,021688	27,100000	0,000000	0,000000E+0
62,021688	27,100000	0,000000	0,000000E+0
62,021688	27,100000	0,000000	0,000000E+0
62,021688	27,100000	0,000000	0,000000E+0
62,021688	27,100000	0,000000	0,000000E+0
62,021688	27,100000	0,000000	0,000000E+0
62,021688	27,100000	0,000000	0,000000E+0
62,021688	27,100000	0,000000	0,000000E+0
62,021688	27,100000	0,000000	0,000000E+0
62,021688	27,100000	0,000000	0,000000E+0
63,022121	26,900000	0,000000	0,000000E+0
63,022121	26,900000	0,000000	0,000000E+0
63,022121	26,900000	0,000000	0,000000E+0
63,022121	26,900000	0,000000	0,000000E+0
63,022121	26,900000	0,000000	0,000000E+0
63,022121	26,900000	0,000000	0,000000E+0
63,022121	26,900000	0,000000	0,000000E+0
63,022121	26,900000	0,000000	0,000000E+0
63,022121	26,900000	0,000000	0,000000E+0
63,022121	26,900000	0,000000	0,000000E+0
64,021568	26,900000	0,000000	0,000000E+0
64,021568	26,700001	0,000000	0,000000E+0
64,021568	26,700001	0,000000	0,000000E+0
64,021568	26,700001	0,000000	0,000000E+0
64,021568	26,700001	0,000000	0,000000E+0
64,021568	26,700001	0,000000	0,000000E+0
64,021568	26,700001	0,000000	0,000000E+0
64,021568	26,700001	0,000000	0,000000E+0
64,021568	26,700001	0,000000	0,000000E+0
64,021568	26,700001	0,000000	0,000000E+0
65,021992	26,700001	0,000000	0,000000E+0
65,021992	26,700001	0,000000	0,000000E+0
65,021992	26,900000	0,000000	0,000000E+0
65,021992	26,900000	0,000000	0,000000E+0
65,021992	26,900000	0,000000	0,000000E+0
65,021992	26,900000	0,000000	0,000000E+0
65,021992	26,900000	0,000000	0,000000E+0
65,021992	26,900000	0,000000	0,000000E+0
65,021992	26,900000	0,000000	0,000000E+0
65,021992	26,900000	0,000000	0,000000E+0
66,022543	26,900000	0,000000	0,000000E+0
66,022543	26,900000	0,000000	0,000000E+0
66,022543	26,900000	0,000000	0,000000E+0
66,022543	26,900000	0,000000	0,000000E+0
66,022543	26,900000	0,000000	0,000000E+0
66,022543	26,900000	0,000000	0,000000E+0
66,022543	26,900000	0,000000	0,000000E+0
66,022543	26,900000	0,000000	0,000000E+0
66,022543	26,900000	0,000000	0,000000E+0
66,022543	26,900000	0,000000	0,000000E+0
67,022886	26,900000	0,000000	0,000000E+0
67,022886	26,900000	0,000000	0,000000E+0
67,022886	26,900000	0,000000	0,000000E+0
67,022886	26,900000	0,000000	0,000000E+0
67,022886	26,900000	0,000000	0,000000E+0
67,022886	26,900000	0,000000	0,000000E+0
67,022886	26,900000	0,000000	0,000000E+0
67,022886	26,900000	0,000000	0,000000E+0
67,022886	26,900000	0,000000	0,000000E+0
67,022886	26,900000	0,000000	0,000000E+0
68,022278	26,900000	0,000000	0,000000E+0
68,022278	26,900000	0,000000	0,000000E+0
68,022278	26,900000	0,000000	0,000000E+0
68,022278	26,900000	0,000000	0,000000E+0
68,022278	26,900000	0,000000	0,000000E+0
68,022278	26,900000	0,000000	0,000000E+0
68,022278	26,900000	0,000000	0,000000E+0
68,022278	26,900000	0,000000	0,000000E+0
68,022278	26,900000	0,000000	0,000000E+0
68,022278	26,900000	0,000000	0,000000E+0
69,022710	26,900000	0,000000	0,000000E+0
69,022710	26,900000	0,000000	0,000000E+0
69,022710	26,900000	0,000000	0,000000E+0
69,022710	26,900000	0,000000	0,000000E+0
69,022710	26,900000	0,000000	0,000000E+0
69,022710	26,900000	0,000000	0,000000E+0
69,022710	26,900000	0,000000	0,000000E+0
69,022710	26,900000	0,000000	0,000000E+0
69,022710	26,900000	0,000000	0,000000E+0
69,022710	26,900000	0,000000	0,000000E+0
70,023107	26,900000	0,000000	0,000000E+0
70,023107	26,900000	0,000000	0,000000E+0
70,023107	26,900000	0,000000	0,000000E+0
70,023107	27,000000	0,000000	0,000000E+0
70,023107	27,000000	0,000000	0,000000E+0
70,023107	27,000000	0,000000	0,000000E+0
70,023107	27,000000	0,000000	0,000000E+0
70,023107	27,000000	0,000000	0,000000E+0
70,023107	27,000000	0,000000	0,000000E+0
70,023107	27,000000	0,000000	0,000000E+0
71,022533	27,000000	0,000000	0,000000E+0
71,022533	27,000000	0,000000	0,000000E+0
71,022533	27,000000	0,000000	0,000000E+0
71,022533	27,000000	0,000000	0,000000E+0
71,022533	27,000000	0,000000	0,000000E+0
71,022533	27,000000	0,000000	0,000000E+0
71,022533	27,000000	0,000000	0,000000E+0
71,022533	27,000000	0,000000	0,000000E+0
71,022533	27,000000	0,000000	0,000000E+0
71,022533	27,000000	0,000000	0,000000E+0
72,022936	27,000000	0,000000	0,000000E+0
72,022936	27,000000	0,000000	0,000000E+0
72,022936	27,000000	0,000000	0,000000E+0
72,022936	27,000000	0,000000	0,000000E+0
72,022936	27,000000	0,000000	0,000000E+0
72,022936	27,000000	0,000000	0,000000E+0
72,022936	27,000000	0,000000	0,000000E+0
72,022936	27,000000	0,000000	0,000000E+0
72,022936	27,000000	0,000000	0,000000E+0
72,022936	27,000000	0,000000	0,000000E+0
73,022382	27,000000	0,000000	0,000000E+0
73,022382	27,000000	0,000000	0,000000E+0
73,022382	27,000000	0,000000	0,000000E+0
73,022382	27,000000	0,000000	0,000000E+0
73,022382	27,000000	0,000000	0,000000E+0
73,022382	27,000000	0,000000	0,000000E+0
73,022382	27,000000	0,000000	0,000000E+0
73,022382	27,000000	0,000000	0,000000E+0
73,022382	27,900000	0,000000	0,000000E+0
73,022382	27,900000	0,000000	0,000000E+0
74,022801	27,900000	0,000000	0,000000E+0
74,022801	27,900000	0,000000	0,000000E+0
74,022801	27,900000	0,000000	0,000000E+0
74,022801	27,900000	0,000000	0,000000E+0
74,022801	27,900000	0,000000	0,000000E+0
74,022801	27,900000	0,000000	0,000000E+0
74,022801	27,900000	0,000000	0,000000E+0
74,022801	27,900000	0,000000	0,000000E+0
74,022801	27,900000	0,000000	0,000000E+0
74,022801	27,900000	0,000000	0,000000E+0
75,023224	27,900000	0,000000	0,000000E+0
75,023224	27,900000	0,000000	0,000000E+0
75,023224	27,900000	0,000000	0,000000E+0
75,023224	27,900000	0,000000	0,000000E+0
75,023224	27,900000	0,000000	0,000000E+0
75,023224	27,900000	0,000000	0,000000E+0
75,023224	27,299999	0,000000	0,000000E+0
75,023224	27,299999	0,000000	0,000000E+0
75,023224	27,299999	0,000000	0,000000E+0
75,023224	27,299999	0,000000	0,000000E+0
76,023687	27,299999	0,000000	0,000000E+0
76,023687	27,299999	0,000000	0,000000E+0
76,023687	27,299999	0,000000	0,000000E+0
76,023687	27,299999	0,000000	0,000000E+0
76,023687	27,299999	0,000000	0,000000E+0
76,023687	27,299999	0,000000	0,000000E+0
76,023687	27,299999	0,000000	0,000000E+0
76,023687	27,299999	0,000000	0,000000E+0
76,023687	27,299999	0,000000	0,000000E+0
76,023687	27,299999	0,000000	0,000000E+0
77,024090	27,299999	0,000000	0,000000E+0
77,024090	27,299999	0,000000	0,000000E+0
77,024090	27,299999	0,000000	0,000000E+0
77,024090	27,299999	0,000000	0,000000E+0
77,024090	27,299999	0,000000	0,000000E+0
77,024090	27,299999	0,000000	0,000000E+0
77,024090	27,299999	0,000000	0,000000E+0
77,024090	27,299999	0,000000	0,000000E+0
77,024090	26,900002	0,000000	0,000000E+0
77,024090	26,900002	0,000000	0,000000E+0
78,024491	26,900002	0,000000	0,000000E+0
78,024491	26,900002	0,000000	0,000000E+0
78,024491	26,900002	0,000000	0,000000E+0
78,024491	26,900002	0,000000	0,000000E+0
78,024491	26,900002	0,000000	0,000000E+0
78,024491	26,900002	0,000000	0,000000E+0
78,024491	26,900002	0,000000	0,000000E+0
78,024491	26,900002	0,000000	0,000000E+0
78,024491	26,900002	0,000000	0,000000E+0
78,024491	26,900002	0,000000	0,000000E+0
79,024890	27,100000	0,000000	0,000000E+0
79,024890	27,100000	0,000000	0,000000E+0
79,024890	27,100000	0,000000	0,000000E+0
79,024890	27,100000	0,000000	0,000000E+0
79,024890	27,100000	0,000000	0,000000E+0
79,024890	27,100000	0,000000	0,000000E+0
79,024890	27,100000	0,000000	0,000000E+0
79,024890	27,100000	0,000000	0,000000E+0
79,024890	27,100000	0,000000	0,000000E+0
79,024890	27,100000	0,000000	0,000000E+0
80,024368	27,000000	0,000000	0,000000E+0
80,024368	27,000000	0,000000	0,000000E+0
80,024368	27,000000	0,000000	0,000000E+0
80,024368	27,000000	0,000000	0,000000E+0
80,024368	27,000000	0,000000	0,000000E+0
80,024368	27,000000	0,000000	0,000000E+0
80,024368	27,000000	0,000000	0,000000E+0
80,024368	27,000000	0,000000	0,000000E+0
80,024368	27,000000	0,000000	0,000000E+0
80,024368	27,000000	0,000000	0,000000E+0
81,024764	27,000000	0,000000	0,000000E+0
81,024764	27,000000	0,000000	0,000000E+0
81,024764	27,000000	0,000000	0,000000E+0
81,024764	27,000000	0,000000	0,000000E+0
81,024764	27,000000	0,000000	0,000000E+0
81,024764	27,000000	0,000000	0,000000E+0
81,024764	27,000000	0,000000	0,000000E+0
81,024764	27,000000	0,000000	0,000000E+0
81,024764	27,000000	0,000000	0,000000E+0
81,024764	27,000000	0,000000	0,000000E+0
82,025190	27,200001	0,000000	0,000000E+0
82,025190	27,200001	0,000000	0,000000E+0
82,025190	27,200001	0,000000	0,000000E+0
82,025190	27,200001	0,000000	0,000000E+0
82,025190	27,200001	0,000000	0,000000E+0
82,025190	27,200001	0,000000	0,000000E+0
82,025190	27,200001	0,000000	0,000000E+0
82,025190	27,200001	0,000000	0,000000E+0
82,025190	27,200001	0,000000	0,000000E+0
82,025190	27,200001	0,000000	0,000000E+0
83,024590	27,200001	0,000000	0,000000E+0
83,024590	27,200001	0,000000	0,000000E+0
83,024590	27,200001	0,000000	0,000000E+0
83,024590	27,100000	0,000000	0,000000E+0
83,024590	27,100000	0,000000	0,000000E+0
83,024590	27,100000	0,000000	0,000000E+0
83,024590	27,100000	0,000000	0,000000E+0
83,024590	27,100000	0,000000	0,000000E+0
83,024590	27,100000	0,000000	0,000000E+0
83,024590	27,100000	0,000000	0,000000E+0
84,025935	27,100000	0,000000	0,000000E+0
84,025935	27,100000	0,000000	0,000000E+0
84,025935	27,100000	0,000000	0,000000E+0
84,025935	27,100000	0,000000	0,000000E+0
84,025935	27,100000	0,000000	0,000000E+0
84,025935	27,100000	0,000000	0,000000E+0
84,025935	27,100000	0,000000	0,000000E+0
84,025935	27,100000	0,000000	0,000000E+0
84,025935	27,100000	0,000000	0,000000E+0
84,025935	27,100000	0,000000	0,000000E+0
85,024448	27,100000	0,000000	0,000000E+0
85,024448	27,100000	0,000000	0,000000E+0
85,024448	27,100000	0,000000	0,000000E+0
85,024448	27,100000	0,000000	0,000000E+0
85,024448	27,100000	0,000000	0,000000E+0
85,024448	27,299999	0,000000	0,000000E+0
85,024448	27,299999	0,000000	0,000000E+0
85,024448	27,299999	0,000000	0,000000E+0
85,024448	27,299999	0,000000	0,000000E+0
86,024881	27,299999	0,000000	0,000000E+0
86,024881	27,299999	0,000000	0,000000E+0
86,024881	27,299999	0,000000	0,000000E+0
86,024881	27,299999	0,000000	0,000000E+0
86,024881	27,299999	0,000000	0,000000E+0
86,024881	27,299999	0,000000	0,000000E+0
86,024881	27,200001	0,000000	0,000000E+0
86,024881	27,200001	0,000000	0,000000E+0
86,024881	27,200001	0,000000	0,000000E+0
86,024881	27,200001	0,000000	0,000000E+0
87,025425	27,200001	0,000000	0,000000E+0
87,025425	27,200001	0,000000	0,000000E+0
87,025425	27,200001	0,000000	0,000000E+0
87,025425	27,200001	0,000000	0,000000E+0
87,025425	26,799999	0,000000	0,000000E+0
87,025425	26,799999	0,000000	0,000000E+0
87,025425	26,799999	0,000000	0,000000E+0
87,025425	26,799999	0,000000	0,000000E+0
87,025425	26,799999	0,000000	0,000000E+0
87,025425	26,799999	0,000000	0,000000E+0
88,025853	26,799999	0,000000	0,000000E+0
88,025853	26,799999	0,000000	0,000000E+0
88,025853	26,799999	0,000000	0,000000E+0
88,025853	26,799999	0,000000	0,000000E+0
88,025853	26,799999	0,000000	0,000000E+0
88,025853	27,000000	0,000000	0,000000E+0
88,025853	27,000000	0,000000	0,000000E+0
88,025853	27,000000	0,000000	0,000000E+0
88,025853	27,000000	0,000000	0,000000E+0
88,025853	27,000000	0,000000	0,000000E+0
89,025419	27,000000	0,000000	0,000000E+0
89,025419	27,000000	0,000000	0,000000E+0
89,025419	27,000000	0,000000	0,000000E+0
89,025419	27,000000	0,000000	0,000000E+0
89,025419	27,000000	0,000000	0,000000E+0
89,025419	27,000000	0,000000	0,000000E+0
89,025419	27,000000	0,000000	0,000000E+0
89,025419	27,000000	0,000000	0,000000E+0
89,025419	27,000000	0,000000	0,000000E+0
89,025419	27,000000	0,000000	0,000000E+0
90,025833	27,000000	0,000000	0,000000E+0
90,025833	27,000000	0,000000	0,000000E+0
90,025833	27,000000	0,000000	0,000000E+0
90,025833	27,000000	0,000000	0,000000E+0
90,025833	27,000000	0,000000	0,000000E+0
90,025833	27,000000	0,000000	0,000000E+0
90,025833	27,000000	0,000000	0,000000E+0
90,025833	27,000000	0,000000	0,000000E+0
90,025833	27,000000	0,000000	0,000000E+0
90,025833	27,100000	0,000000	0,000000E+0
91,026271	27,100000	0,000000	0,000000E+0
91,026271	27,100000	0,000000	0,000000E+0
91,026271	27,100000	0,000000	0,000000E+0
91,026271	27,100000	0,000000	0,000000E+0
91,026271	27,100000	0,000000	0,000000E+0
91,026271	27,100000	0,000000	0,000000E+0
91,026271	27,100000	0,000000	0,000000E+0
91,026271	27,100000	0,000000	0,000000E+0
91,026271	27,100000	0,000000	0,000000E+0
91,026271	27,200001	0,000000	0,000000E+0
92,026756	27,200001	0,000000	0,000000E+0
92,026756	27,200001	0,000000	0,000000E+0
92,026756	27,200001	0,000000	0,000000E+0
92,026756	27,200001	0,000000	0,000000E+0
92,026756	27,200001	0,000000	0,000000E+0
92,026756	27,200001	0,000000	0,000000E+0
92,026756	27,200001	0,000000	0,000000E+0
92,026756	27,200001	0,000000	0,000000E+0
92,026756	27,200001	0,000000	0,000000E+0
92,026756	27,200001	0,000000	0,000000E+0
93,027153	27,599998	0,000000	0,000000E+0
93,027153	27,599998	0,000000	0,000000E+0
93,027153	27,599998	0,000000	0,000000E+0
93,027153	27,599998	0,000000	0,000000E+0
93,027153	27,599998	0,000000	0,000000E+0
93,027153	27,599998	0,000000	0,000000E+0
93,027153	27,599998	0,000000	0,000000E+0
93,027153	27,599998	0,000000	0,000000E+0
93,027153	27,599998	0,000000	0,000000E+0
93,027153	27,599998	0,000000	0,000000E+0
94,027563	27,599998	0,000000	0,000000E+0
94,027563	27,599998	0,000000	0,000000E+0
94,027563	27,599998	0,000000	0,000000E+0
94,027563	27,799999	0,000000	0,000000E+0
94,027563	27,799999	0,000000	0,000000E+0
94,027563	27,799999	0,000000	0,000000E+0
94,027563	27,799999	0,000000	0,000000E+0
94,027563	27,799999	0,000000	0,000000E+0
94,027563	27,799999	0,000000	0,000000E+0
94,027563	27,799999	0,000000	0,000000E+0
95,028084	27,799999	0,000000	0,000000E+0
95,028084	27,799999	0,000000	0,000000E+0
95,028084	27,799999	0,000000	0,000000E+0
95,028084	27,799999	0,000000	0,000000E+0
95,028084	27,500000	0,000000	0,000000E+0
95,028084	27,500000	0,000000	0,000000E+0
95,028084	27,500000	0,000000	0,000000E+0
95,028084	27,500000	0,000000	0,000000E+0
95,028084	27,500000	0,000000	0,000000E+0
95,028084	27,500000	0,000000	0,000000E+0
96,028415	27,500000	0,000000	0,000000E+0
96,028415	27,500000	0,000000	0,000000E+0
96,028415	27,500000	0,000000	0,000000E+0
96,028415	27,500000	0,000000	0,000000E+0
96,028415	27,500000	0,000000	0,000000E+0
96,028415	27,500000	0,000000	0,000000E+0
96,028415	27,500000	0,000000	0,000000E+0
96,028415	27,500000	0,000000	0,000000E+0
96,028415	27,500000	0,000000	0,000000E+0
96,028415	27,500000	0,000000	0,000000E+0
97,028879	27,500000	0,000000	0,000000E+0
97,028879	27,500000	0,000000	0,000000E+0
97,028879	27,500000	0,000000	0,000000E+0
97,028879	27,500000	0,000000	0,000000E+0
97,028879	27,500000	0,000000	0,000000E+0
97,028879	27,500000	0,000000	0,000000E+0
97,028879	27,500000	0,000000	0,000000E+0
97,028879	27,500000	0,000000	0,000000E+0
97,028879	27,500000	0,000000	0,000000E+0
97,028879	27,500000	0,000000	0,000000E+0
98,028295	27,500000	0,000000	0,000000E+0
98,028295	27,500000	0,000000	0,000000E+0
98,028295	27,500000	0,000000	0,000000E+0
98,028295	27,500000	0,000000	0,000000E+0
98,028295	27,500000	0,000000	0,000000E+0
98,028295	27,500000	0,000000	0,000000E+0
98,028295	27,500000	0,000000	0,000000E+0
98,028295	27,500000	0,000000	0,000000E+0
98,028295	27,500000	0,000000	0,000000E+0
98,028295	27,500000	0,000000	0,000000E+0
99,028784	27,500000	0,000000	0,000000E+0
99,028784	27,500000	0,000000	0,000000E+0
99,028784	27,500000	0,000000	0,000000E+0
99,028784	27,500000	0,000000	0,000000E+0
99,028784	27,500000	0,000000	0,000000E+0
99,028784	27,500000	0,000000	0,000000E+0
99,028784	27,500000	0,000000	0,000000E+0
99,028784	27,500000	0,000000	0,000000E+0
99,028784	27,500000	0,000000	0,000000E+0
99,028784	27,500000	0,000000	0,000000E+0
100,029143	27,500000	0,000000	0,000000E+0
100,029143	27,500000	0,000000	0,000000E+0
100,029143	27,500000	0,000000	0,000000E+0
100,029143	27,500000	0,000000	0,000000E+0
100,029143	27,500000	0,000000	0,000000E+0
100,029143	27,500000	0,000000	0,000000E+0
100,029143	27,500000	0,000000	0,000000E+0
100,029143	27,500000	0,000000	0,000000E+0
100,029143	27,500000	0,000000	0,000000E+0
100,029143	27,500000	0,000000	0,000000E+0
101,028508	27,500000	0,000000	0,000000E+0
101,028508	27,500000	0,000000	0,000000E+0
101,028508	27,500000	0,000000	0,000000E+0
101,028508	27,500000	0,000000	0,000000E+0
101,028508	27,500000	0,000000	0,000000E+0
101,028508	27,500000	0,000000	0,000000E+0
101,028508	27,299999	0,000000	0,000000E+0
101,028508	27,299999	0,000000	0,000000E+0
101,028508	27,299999	0,000000	0,000000E+0
101,028508	27,299999	0,000000	0,000000E+0
102,029998	27,299999	0,000000	0,000000E+0
102,029998	27,299999	0,000000	0,000000E+0
102,029998	27,299999	0,000000	0,000000E+0
102,029998	27,299999	0,000000	0,000000E+0
102,029998	27,299999	0,000000	0,000000E+0
102,029998	27,299999	0,000000	0,000000E+0
102,029998	27,299999	0,000000	0,000000E+0
102,029998	27,299999	0,000000	0,000000E+0
102,029998	27,299999	0,000000	0,000000E+0
102,029998	27,299999	0,000000	0,000000E+0
103,030373	27,299999	0,000000	0,000000E+0
103,030373	27,299999	0,000000	0,000000E+0
103,030373	27,299999	0,000000	0,000000E+0
103,030373	27,299999	0,000000	0,000000E+0
103,030373	27,299999	0,000000	0,000000E+0
103,030373	27,299999	0,000000	0,000000E+0
103,030373	27,299999	0,000000	0,000000E+0
103,030373	27,299999	0,000000	0,000000E+0
103,030373	27,299999	0,000000	0,000000E+0
103,030373	27,299999	0,000000	0,000000E+0
104,030874	27,299999	0,000000	0,000000E+0
104,030874	27,299999	0,000000	0,000000E+0
104,030874	27,299999	0,000000	0,000000E+0
104,030874	27,299999	0,000000	0,000000E+0
104,030874	27,299999	0,000000	0,000000E+0
104,030874	27,299999	0,000000	0,000000E+0
104,030874	27,299999	0,000000	0,000000E+0
104,030874	27,299999	0,000000	0,000000E+0
104,030874	27,299999	0,000000	0,000000E+0
104,030874	27,100000	0,000000	0,000000E+0
105,030239	27,100000	0,000000	0,000000E+0
105,030239	27,100000	0,000000	0,000000E+0
105,030239	27,100000	0,000000	0,000000E+0
105,030239	27,100000	0,000000	0,000000E+0
105,030239	27,100000	0,000000	0,000000E+0
105,030239	27,100000	0,000000	0,000000E+0
105,030239	27,100000	0,000000	0,000000E+0
105,030239	27,100000	0,000000	0,000000E+0
105,030239	27,100000	0,000000	0,000000E+0
105,030239	27,100000	0,000000	0,000000E+0
106,031148	27,100000	0,000000	0,000000E+0
106,031148	27,100000	0,000000	0,000000E+0
106,031148	27,100000	0,000000	0,000000E+0
106,031148	27,100000	0,000000	0,000000E+0
106,031148	27,100000	0,000000	0,000000E+0
106,031148	27,100000	0,000000	0,000000E+0
106,031148	27,100000	0,000000	0,000000E+0
106,031148	27,100000	0,000000	0,000000E+0
106,031148	27,100000	0,000000	0,000000E+0
106,031148	27,100000	0,000000	0,000000E+0
107,030648	27,100000	0,000000	0,000000E+0
107,030648	27,100000	0,000000	0,000000E+0
107,030648	27,100000	0,000000	0,000000E+0
107,030648	27,100000	0,000000	0,000000E+0
107,030648	27,100000	0,000000	0,000000E+0
107,030648	27,100000	0,000000	0,000000E+0
107,030648	27,100000	0,000000	0,000000E+0
107,030648	27,100000	0,000000	0,000000E+0
107,030648	27,100000	0,000000	0,000000E+0
107,030648	27,100000	0,000000	0,000000E+0
108,031059	27,100000	0,000000	0,000000E+0
108,031059	27,100000	0,000000	0,000000E+0
108,031059	27,200001	0,000000	0,000000E+0
108,031059	27,200001	0,000000	0,000000E+0
108,031059	27,200001	0,000000	0,000000E+0
108,031059	27,200001	0,000000	0,000000E+0
108,031059	27,200001	0,000000	0,000000E+0
108,031059	27,200001	0,000000	0,000000E+0
108,031059	27,200001	0,000000	0,000000E+0
108,031059	27,400002	0,000000	0,000000E+0
109,030425	27,400002	0,000000	0,000000E+0
109,030425	27,400002	0,000000	0,000000E+0
109,030425	27,400002	0,000000	0,000000E+0
109,030425	27,400002	0,000000	0,000000E+0
109,030425	27,400002	0,000000	0,000000E+0
109,030425	27,400002	0,000000	0,000000E+0
109,030425	27,400002	0,000000	0,000000E+0
109,030425	27,400002	0,000000	0,000000E+0
109,030425	27,400002	0,000000	0,000000E+0
109,030425	27,400002	0,000000	0,000000E+0
110,030859	27,400002	0,000000	0,000000E+0
110,030859	27,400002	0,000000	0,000000E+0
110,030859	26,900000	0,000000	0,000000E+0
110,030859	26,900000	0,000000	0,000000E+0
110,030859	26,900000	0,000000	0,000000E+0
110,030859	26,900000	0,000000	0,000000E+0
110,030859	26,900000	0,000000	0,000000E+0
110,030859	26,900000	0,000000	0,000000E+0
110,030859	26,900000	0,000000	0,000000E+0
110,030859	26,900000	0,000000	0,000000E+0
111,030308	26,900000	0,000000	0,000000E+0
111,030308	26,700001	0,000000	0,000000E+0
111,030308	26,700001	0,000000	0,000000E+0
111,030308	26,700001	0,000000	0,000000E+0
111,030308	26,700001	0,000000	0,000000E+0
111,030308	26,700001	0,000000	0,000000E+0
111,030308	26,700001	0,000000	0,000000E+0
111,030308	26,700001	0,000000	0,000000E+0
111,030308	26,700001	0,000000	0,000000E+0
111,030308	26,700001	0,000000	0,000000E+0
112,031790	27,500000	0,000000	0,000000E+0
112,031790	27,500000	0,000000	0,000000E+0
112,031790	27,500000	0,000000	0,000000E+0
112,031790	27,500000	0,000000	0,000000E+0
112,031790	27,500000	0,000000	0,000000E+0
112,031790	27,500000	0,000000	0,000000E+0
112,031790	27,500000	0,000000	0,000000E+0
112,031790	27,500000	0,000000	0,000000E+0
112,031790	27,500000	0,000000	0,000000E+0
112,031790	27,500000	0,000000	0,000000E+0
113,032145	27,500000	0,000000	0,000000E+0
113,032145	27,500000	0,000000	0,000000E+0
113,032145	27,000000	0,000000	0,000000E+0
113,032145	27,000000	0,000000	0,000000E+0
113,032145	27,000000	0,000000	0,000000E+0
113,032145	27,000000	0,000000	0,000000E+0
113,032145	27,000000	0,000000	0,000000E+0
113,032145	27,000000	0,000000	0,000000E+0
113,032145	27,000000	0,000000	0,000000E+0
113,032145	27,000000	0,000000	0,000000E+0
114,032594	27,000000	0,000000	0,000000E+0
114,032594	27,000000	0,000000	0,000000E+0
114,032594	27,000000	0,000000	0,000000E+0
114,032594	27,000000	0,000000	0,000000E+0
114,032594	27,000000	0,000000	0,000000E+0
114,032594	27,000000	0,000000	0,000000E+0
114,032594	27,000000	0,000000	0,000000E+0
114,032594	27,000000	0,000000	0,000000E+0
114,032594	27,000000	0,000000	0,000000E+0
114,032594	27,000000	0,000000	0,000000E+0
115,032987	27,000000	0,000000	0,000000E+0
115,032987	27,000000	0,000000	0,000000E+0
115,032987	27,000000	0,000000	0,000000E+0
115,032987	27,000000	0,000000	0,000000E+0
115,032987	27,700001	0,000000	0,000000E+0
115,032987	27,700001	0,000000	0,000000E+0
115,032987	27,700001	0,000000	0,000000E+0
115,032987	27,700001	0,000000	0,000000E+0
115,032987	27,700001	0,000000	0,000000E+0
115,032987	27,700001	0,000000	0,000000E+0
116,033032	27,700001	0,000000	0,000000E+0
116,033032	27,700001	0,000000	0,000000E+0
116,033032	27,700001	0,000000	0,000000E+0
116,033032	27,700001	0,000000	0,000000E+0
116,033032	27,799999	0,000000	0,000000E+0
116,033032	27,799999	0,000000	0,000000E+0
116,033032	27,799999	0,000000	0,000000E+0
116,033032	27,799999	0,000000	0,000000E+0
116,033032	27,799999	0,000000	0,000000E+0
116,033032	27,799999	0,000000	0,000000E+0
117,033026	27,799999	0,000000	0,000000E+0
117,033026	27,799999	0,000000	0,000000E+0
117,033026	27,799999	0,000000	0,000000E+0
117,033026	27,799999	0,000000	0,000000E+0
117,033026	27,799999	0,000000	0,000000E+0
117,033026	27,299999	0,000000	0,000000E+0
117,033026	27,299999	0,000000	0,000000E+0
117,033026	27,299999	0,000000	0,000000E+0
117,033026	27,299999	0,000000	0,000000E+0
117,033026	27,299999	0,000000	0,000000E+0
118,032440	27,299999	0,000000	0,000000E+0
118,032440	27,299999	0,000000	0,000000E+0
118,032440	27,299999	0,000000	0,000000E+0
118,032440	27,299999	0,000000	0,000000E+0
118,032440	27,299999	0,000000	0,000000E+0
118,032440	27,799999	0,000000	0,000000E+0
118,032440	27,799999	0,000000	0,000000E+0
118,032440	27,799999	0,000000	0,000000E+0
118,032440	27,799999	0,000000	0,000000E+0
118,032440	27,799999	0,000000	0,000000E+0
119,033421	27,799999	0,000000	0,000000E+0
119,033421	27,799999	0,000000	0,000000E+0
119,033421	27,799999	0,000000	0,000000E+0
119,033421	27,799999	0,000000	0,000000E+0
119,033421	27,799999	0,000000	0,000000E+0
119,033421	27,400000	0,000000	0,000000E+0
119,033421	27,400000	0,000000	0,000000E+0
119,033421	27,400000	0,000000	0,000000E+0
119,033421	27,400000	0,000000	0,000000E+0
119,033421	27,400000	0,000000	0,000000E+0
120,032441	27,400000	0,000000	0,000000E+0
120,032441	27,400000	0,000000	0,000000E+0
120,032441	27,400000	0,000000	0,000000E+0
120,032441	27,400000	0,000000	0,000000E+0
120,032441	27,400000	0,000000	0,000000E+0
120,032441	27,400000	0,000000	0,000000E+0
120,032441	27,400000	0,000000	0,000000E+0
120,032441	27,400000	0,000000	0,000000E+0
120,032441	27,400002	0,000000	0,000000E+0
120,032441	27,400002	0,000000	0,000000E+0
121,032723	27,400002	0,000000	0,000000E+0
121,032723	27,400002	0,000000	0,000000E+0
121,032723	27,400002	0,000000	0,000000E+0
121,032723	27,400002	0,000000	0,000000E+0
121,032723	27,400002	0,000000	0,000000E+0
121,032723	27,400002	0,000000	0,000000E+0
121,032723	27,400002	0,000000	0,000000E+0
121,032723	27,400002	0,000000	0,000000E+0
121,032723	27,400002	0,000000	0,000000E+0
121,032723	27,400002	0,000000	0,000000E+0
122,032877	27,400002	0,000000	0,000000E+0
122,032877	27,400002	0,000000	0,000000E+0
122,032877	27,400002	0,000000	0,000000E+0
122,032877	27,400002	0,000000	0,000000E+0
122,032877	27,400002	0,000000	0,000000E+0
122,032877	27,400002	0,000000	0,000000E+0
122,032877	27,400002	0,000000	0,000000E+0
122,032877	27,400002	0,000000	0,000000E+0
122,032877	27,400002	0,000000	0,000000E+0
122,032877	27,400002	0,000000	0,000000E+0
123,032242	27,299999	0,000000	0,000000E+0
123,032242	27,299999	0,000000	0,000000E+0
123,032242	27,299999	0,000000	0,000000E+0
123,032242	27,299999	0,000000	0,000000E+0
123,032242	27,299999	0,000000	0,000000E+0
123,032242	27,299999	0,000000	0,000000E+0
123,032242	27,299999	0,000000	0,000000E+0
123,032242	27,299999	0,000000	0,000000E+0
123,032242	27,299999	0,000000	0,000000E+0
123,032242	26,900000	0,000000	0,000000E+0
124,032716	26,900000	0,000000	0,000000E+0
124,032716	26,900000	0,000000	0,000000E+0
124,032716	26,900000	0,000000	0,000000E+0
124,032716	26,900000	0,000000	0,000000E+0
124,032716	26,900000	0,000000	0,000000E+0
124,032716	26,900000	0,000000	0,000000E+0
124,032716	26,900000	0,000000	0,000000E+0
124,032716	26,900000	0,000000	0,000000E+0
124,032716	26,900000	0,000000	0,000000E+0
124,032716	26,900000	0,000000	0,000000E+0
125,033136	26,900000	0,000000	0,000000E+0
125,033136	27,400002	0,000000	0,000000E+0
125,033136	27,400002	0,000000	0,000000E+0
125,033136	27,400002	0,000000	0,000000E+0
125,033136	27,400002	0,000000	0,000000E+0
125,033136	27,400002	0,000000	0,000000E+0
125,033136	27,400002	0,000000	0,000000E+0
125,033136	27,400002	0,000000	0,000000E+0
125,033136	27,400002	0,000000	0,000000E+0
125,033136	27,400002	0,000000	0,000000E+0
126,032636	27,400002	0,000000	0,000000E+0
126,032636	27,400002	0,000000	0,000000E+0
126,032636	27,400002	0,000000	0,000000E+0
126,032636	27,400002	0,000000	0,000000E+0
126,032636	27,400002	0,000000	0,000000E+0
126,032636	27,400002	0,000000	0,000000E+0
126,032636	27,400002	0,000000	0,000000E+0
126,032636	27,400002	0,000000	0,000000E+0
126,032636	27,400002	0,000000	0,000000E+0
126,032636	27,400002	0,000000	0,000000E+0
127,033147	27,400002	0,000000	0,000000E+0
127,033147	27,400002	0,000000	0,000000E+0
127,033147	27,400002	0,000000	0,000000E+0
127,033147	27,400002	0,000000	0,000000E+0
127,033147	27,400002	0,000000	0,000000E+0
127,033147	27,400002	0,000000	0,000000E+0
127,033147	27,400002	0,000000	0,000000E+0
127,033147	27,400002	0,000000	0,000000E+0
127,033147	27,400002	0,000000	0,000000E+0
127,033147	27,400002	0,000000	0,000000E+0
128,032418	27,500000	0,000000	0,000000E+0
128,032418	27,500000	0,000000	0,000000E+0
128,032418	27,500000	0,000000	0,000000E+0
128,032418	27,500000	0,000000	0,000000E+0
128,032418	27,500000	0,000000	0,000000E+0
128,032418	27,500000	0,000000	0,000000E+0
128,032418	27,500000	0,000000	0,000000E+0
128,032418	27,500000	0,000000	0,000000E+0
128,032418	27,500000	0,000000	0,000000E+0
128,032418	27,500000	0,000000	0,000000E+0
129,032809	27,500000	0,000000	0,000000E+0
129,032809	27,100000	0,000000	0,000000E+0
129,032809	27,100000	0,000000	0,000000E+0
129,032809	27,100000	0,000000	0,000000E+0
129,032809	27,100000	0,000000	0,000000E+0
129,032809	27,100000	0,000000	0,000000E+0
129,032809	27,100000	0,000000	0,000000E+0
129,032809	27,100000	0,000000	0,000000E+0
129,032809	27,100000	0,000000	0,000000E+0
129,032809	27,100000	0,000000	0,000000E+0
130,032361	27,100000	0,000000	0,000000E+0
130,032361	27,100000	0,000000	0,000000E+0
130,032361	27,100000	0,000000	0,000000E+0
130,032361	27,100000	0,000000	0,000000E+0
130,032361	27,100000	0,000000	0,000000E+0
130,032361	27,100000	0,000000	0,000000E+0
130,032361	27,100000	0,000000	0,000000E+0
130,032361	27,100000	0,000000	0,000000E+0
130,032361	27,100000	0,000000	0,000000E+0
130,032361	27,100000	0,000000	0,000000E+0
131,033704	27,400002	0,000000	0,000000E+0
131,033704	27,400002	0,000000	0,000000E+0
131,033704	27,400002	0,000000	0,000000E+0
131,033704	27,400002	0,000000	0,000000E+0
131,033704	27,400002	0,000000	0,000000E+0
131,033704	27,400002	0,000000	0,000000E+0
131,033704	27,400002	0,000000	0,000000E+0
131,033704	27,400002	0,000000	0,000000E+0
131,033704	27,400002	0,000000	0,000000E+0
131,033704	27,400002	0,000000	0,000000E+0
132,034092	27,400002	0,000000	0,000000E+0
132,034092	27,400002	0,000000	0,000000E+0
132,034092	27,400002	0,000000	0,000000E+0
132,034092	27,000000	0,000000	0,000000E+0
132,034092	27,000000	0,000000	0,000000E+0
132,034092	27,000000	0,000000	0,000000E+0
132,034092	27,000000	0,000000	0,000000E+0
132,034092	27,000000	0,000000	0,000000E+0
132,034092	27,000000	0,000000	0,000000E+0
132,034092	27,000000	0,000000	0,000000E+0
133,034533	27,000000	0,000000	0,000000E+0
133,034533	27,000000	0,000000	0,000000E+0
133,034533	27,000000	0,000000	0,000000E+0
133,034533	27,000000	0,000000	0,000000E+0
133,034533	27,000000	0,000000	0,000000E+0
133,034533	27,000000	0,000000	0,000000E+0
133,034533	27,000000	0,000000	0,000000E+0
133,034533	27,000000	0,000000	0,000000E+0
133,034533	27,000000	0,000000	0,000000E+0
133,034533	27,000000	0,000000	0,000000E+0
134,034948	27,000000	0,000000	0,000000E+0
134,034948	27,000000	0,000000	0,000000E+0
134,034948	27,000000	0,000000	0,000000E+0
134,034948	27,000000	0,000000	0,000000E+0
134,034948	27,000000	0,000000	0,000000E+0
134,034948	27,000000	0,000000	0,000000E+0
134,034948	27,000000	0,000000	0,000000E+0
134,034948	27,000000	0,000000	0,000000E+0
134,034948	27,000000	0,000000	0,000000E+0
134,034948	27,000000	0,000000	0,000000E+0
135,035353	27,000000	0,000000	0,000000E+0
135,035353	27,000000	0,000000	0,000000E+0
135,035353	27,000000	0,000000	0,000000E+0
135,035353	27,000000	0,000000	0,000000E+0
135,035353	27,000000	0,000000	0,000000E+0
135,035353	27,000000	0,000000	0,000000E+0
135,035353	27,299999	0,000000	0,000000E+0
135,035353	27,299999	0,000000	0,000000E+0
135,035353	27,299999	0,000000	0,000000E+0
135,035353	27,299999	0,000000	0,000000E+0
136,036812	27,299999	0,000000	0,000000E+0
136,036812	27,299999	0,000000	0,000000E+0
136,036812	27,299999	0,000000	0,000000E+0
136,036812	27,299999	0,000000	0,000000E+0
136,036812	27,299999	0,000000	0,000000E+0
136,036812	27,400002	0,000000	0,000000E+0
136,036812	27,400002	0,000000	0,000000E+0
136,036812	27,400002	0,000000	0,000000E+0
136,036812	27,400002	0,000000	0,000000E+0
136,036812	27,400002	0,000000	0,000000E+0
137,037199	27,400002	0,000000	0,000000E+0
137,037199	27,400002	0,000000	0,000000E+0
137,037199	27,400002	0,000000	0,000000E+0
137,037199	27,400002	0,000000	0,000000E+0
137,037199	27,400002	0,000000	0,000000E+0
137,037199	27,299999	0,000000	0,000000E+0
137,037199	27,299999	0,000000	0,000000E+0
137,037199	27,299999	0,000000	0,000000E+0
137,037199	27,299999	0,000000	0,000000E+0
137,037199	27,299999	0,000000	0,000000E+0
138,037654	27,299999	0,000000	0,000000E+0
138,037654	27,299999	0,000000	0,000000E+0
138,037654	27,299999	0,000000	0,000000E+0
138,037654	27,299999	0,000000	0,000000E+0
138,037654	27,299999	0,000000	0,000000E+0
138,037654	27,299999	0,000000	0,000000E+0
138,037654	27,299999	0,000000	0,000000E+0
138,037654	27,299999	0,000000	0,000000E+0
138,037654	27,299999	0,000000	0,000000E+0
138,037654	28,000000	0,000000	0,000000E+0
139,038153	28,000000	0,000000	0,000000E+0
139,038153	28,000000	0,000000	0,000000E+0
139,038153	28,000000	0,000000	0,000000E+0
139,038153	28,000000	0,000000	0,000000E+0
139,038153	28,000000	0,000000	0,000000E+0
139,038153	28,000000	0,000000	0,000000E+0
139,038153	28,000000	0,000000	0,000000E+0
139,038153	28,000000	0,000000	0,000000E+0
139,038153	28,000000	0,000000	0,000000E+0
139,038153	27,500000	0,000000	0,000000E+0
140,038480	27,500000	0,000000	0,000000E+0
140,038480	27,500000	0,000000	0,000000E+0
140,038480	27,500000	0,000000	0,000000E+0
140,038480	27,500000	0,000000	0,000000E+0
140,038480	27,500000	0,000000	0,000000E+0
140,038480	27,500000	0,000000	0,000000E+0
140,038480	27,500000	0,000000	0,000000E+0
140,038480	27,500000	0,000000	0,000000E+0
140,038480	27,500000	0,000000	0,000000E+0
140,038480	27,500000	0,000000	0,000000E+0
141,038961	27,500000	0,000000	0,000000E+0
141,038961	27,500000	0,000000	0,000000E+0
141,038961	27,500000	0,000000	0,000000E+0
141,038961	27,500000	0,000000	0,000000E+0
141,038961	27,500000	0,000000	0,000000E+0
141,038961	27,500000	0,000000	0,000000E+0
141,038961	27,500000	0,000000	0,000000E+0
141,038961	27,500000	0,000000	0,000000E+0
141,038961	27,500000	0,000000	0,000000E+0
141,038961	27,400002	0,000000	0,000000E+0
142,039304	27,400002	0,000000	0,000000E+0
142,039304	27,400002	0,000000	0,000000E+0
142,039304	27,400002	0,000000	0,000000E+0
142,039304	27,400002	0,000000	0,000000E+0
142,039304	27,400002	0,000000	0,000000E+0
142,039304	27,400002	0,000000	0,000000E+0
142,039304	27,400002	0,000000	0,000000E+0
142,039304	27,400002	0,000000	0,000000E+0
142,039304	27,400002	0,000000	0,000000E+0
142,039304	27,400002	0,000000	0,000000E+0
143,039778	27,299999	0,000000	0,000000E+0
143,039778	27,299999	0,000000	0,000000E+0
143,039778	27,299999	0,000000	0,000000E+0
143,039778	27,299999	0,000000	0,000000E+0
143,039778	27,299999	0,000000	0,000000E+0
143,039778	27,299999	0,000000	0,000000E+0
143,039778	27,299999	0,000000	0,000000E+0
143,039778	27,299999	0,000000	0,000000E+0
143,039778	27,299999	0,000000	0,000000E+0
143,039778	27,299999	0,000000	0,000000E+0
144,041214	27,299999	0,000000	0,000000E+0
144,041214	27,299999	0,000000	0,000000E+0
144,041214	27,299999	0,000000	0,000000E+0
144,041214	27,299999	0,000000	0,000000E+0
144,041214	27,299999	0,000000	0,000000E+0
144,041214	27,299999	0,000000	0,000000E+0
144,041214	27,299999	0,000000	0,000000E+0
144,041214	27,299999	0,000000	0,000000E+0
144,041214	26,799999	0,000000	0,000000E+0
144,041214	26,799999	0,000000	0,000000E+0
145,040605	26,799999	0,000000	0,000000E+0
145,040605	26,799999	0,000000	0,000000E+0
145,040605	26,799999	0,000000	0,000000E+0
145,040605	26,799999	0,000000	0,000000E+0
145,040605	26,799999	0,000000	0,000000E+0
145,040605	26,799999	0,000000	0,000000E+0
145,040605	26,799999	0,000000	0,000000E+0
145,040605	26,799999	0,000000	0,000000E+0
145,040605	27,400000	0,000000	0,000000E+0
145,040605	27,400000	0,000000	0,000000E+0
146,041019	27,400000	0,000000	0,000000E+0
146,041019	27,400000	0,000000	0,000000E+0
146,041019	27,400000	0,000000	0,000000E+0
146,041019	27,400000	0,000000	0,000000E+0
146,041019	27,400000	0,000000	0,000000E+0
146,041019	27,400000	0,000000	0,000000E+0
146,041019	27,400000	0,000000	0,000000E+0
146,041019	27,400000	0,000000	0,000000E+0
146,041019	27,400000	0,000000	0,000000E+0
146,041019	27,400000	0,000000	0,000000E+0
147,040444	27,400000	0,000000	0,000000E+0
147,040444	27,400000	0,000000	0,000000E+0
147,040444	27,400000	0,000000	0,000000E+0
147,040444	27,400000	0,000000	0,000000E+0
147,040444	27,400000	0,000000	0,000000E+0
147,040444	27,400000	0,000000	0,000000E+0
147,040444	27,400000	0,000000	0,000000E+0
147,040444	27,400000	0,000000	0,000000E+0
147,040444	26,700001	0,000000	0,000000E+0
147,040444	26,700001	0,000000	0,000000E+0
148,040855	26,700001	0,000000	0,000000E+0
148,040855	26,700001	0,000000	0,000000E+0
148,040855	26,700001	0,000000	0,000000E+0
148,040855	26,700001	0,000000	0,000000E+0
148,040855	26,700001	0,000000	0,000000E+0
148,040855	26,700001	0,000000	0,000000E+0
148,040855	26,700001	0,000000	0,000000E+0
148,040855	26,700001	0,000000	0,000000E+0
148,040855	26,700001	0,000000	0,000000E+0
148,040855	26,700001	0,000000	0,000000E+0
149,040302	26,700001	0,000000	0,000000E+0
149,040302	26,700001	0,000000	0,000000E+0
149,040302	26,700001	0,000000	0,000000E+0
149,040302	26,900000	0,000000	0,000000E+0
149,040302	26,900000	0,000000	0,000000E+0
149,040302	26,900000	0,000000	0,000000E+0
149,040302	26,900000	0,000000	0,000000E+0
149,040302	26,900000	0,000000	0,000000E+0
149,040302	26,900000	0,000000	0,000000E+0
149,040302	26,900000	0,000000	0,000000E+0
150,040730	26,900000	0,000000	0,000000E+0
150,040730	26,900000	0,000000	0,000000E+0
150,040730	26,900000	0,000000	0,000000E+0
150,040730	26,900000	0,000000	0,000000E+0
150,040730	26,900000	0,000000	0,000000E+0
150,040730	26,900000	0,000000	0,000000E+0
150,040730	26,900000	0,000000	0,000000E+0
150,040730	26,900000	0,000000	0,000000E+0
150,040730	26,900000	0,000000	0,000000E+0
150,040730	26,900000	0,000000	0,000000E+0
151,041140	26,900000	0,000000	0,000000E+0
151,041140	26,900000	0,000000	0,000000E+0
151,041140	26,900000	0,000000	0,000000E+0
151,041140	26,799999	0,000000	0,000000E+0
151,041140	26,799999	0,000000	0,000000E+0
151,041140	26,799999	0,000000	0,000000E+0
151,041140	26,799999	0,000000	0,000000E+0
151,041140	26,799999	0,000000	0,000000E+0
151,041140	26,799999	0,000000	0,000000E+0
151,041140	26,799999	0,000000	0,000000E+0
152,040563	26,799999	0,000000	0,000000E+0
152,040563	26,799999	0,000000	0,000000E+0
152,040563	27,200001	0,000000	0,000000E+0
152,040563	27,200001	0,000000	0,000000E+0
152,040563	27,200001	0,000000	0,000000E+0
152,040563	27,200001	0,000000	0,000000E+0
152,040563	27,200001	0,000000	0,000000E+0
152,040563	27,200001	0,000000	0,000000E+0
152,040563	27,200001	0,000000	0,000000E+0
152,040563	27,200001	0,000000	0,000000E+0
153,040978	27,200001	0,000000	0,000000E+0
153,040978	27,200001	0,000000	0,000000E+0
153,040978	27,799999	0,000000	0,000000E+0
153,040978	27,799999	0,000000	0,000000E+0
153,040978	27,799999	0,000000	0,000000E+0
153,040978	27,799999	0,000000	0,000000E+0
153,040978	27,799999	0,000000	0,000000E+0
153,040978	27,799999	0,000000	0,000000E+0
153,040978	27,799999	0,000000	0,000000E+0
153,040978	27,799999	0,000000	0,000000E+0
154,040426	27,799999	0,000000	0,000000E+0
154,040426	27,799999	0,000000	0,000000E+0
154,040426	27,799999	0,000000	0,000000E+0
154,040426	26,900000	0,000000	0,000000E+0
154,040426	26,900000	0,000000	0,000000E+0
154,040426	26,900000	0,000000	0,000000E+0
154,040426	26,900000	0,000000	0,000000E+0
154,040426	26,900000	0,000000	0,000000E+0
154,040426	26,900000	0,000000	0,000000E+0
154,040426	26,900000	0,000000	0,000000E+0
155,040824	26,900000	0,000000	0,000000E+0
155,040824	26,900000	0,000000	0,000000E+0
155,040824	26,900000	0,000000	0,000000E+0
155,040824	26,900000	0,000000	0,000000E+0
155,040824	26,900000	0,000000	0,000000E+0
155,040824	26,799999	0,000000	0,000000E+0
155,040824	26,799999	0,000000	0,000000E+0
155,040824	26,799999	0,000000	0,000000E+0
155,040824	26,799999	0,000000	0,000000E+0
155,040824	26,799999	0,000000	0,000000E+0
156,040278	26,799999	0,000000	0,000000E+0
156,040278	26,799999	0,000000	0,000000E+0
156,040278	26,799999	0,000000	0,000000E+0
156,040278	26,799999	0,000000	0,000000E+0
156,040278	26,799999	0,000000	0,000000E+0
156,040278	26,799999	0,000000	0,000000E+0
156,040278	26,900000	0,000000	0,000000E+0
156,040278	26,900000	0,000000	0,000000E+0
156,040278	26,900000	0,000000	0,000000E+0
156,040278	26,900000	0,000000	0,000000E+0
157,040712	26,900000	0,000000	0,000000E+0
157,040712	26,900000	0,000000	0,000000E+0
157,040712	26,900000	0,000000	0,000000E+0
157,040712	26,900000	0,000000	0,000000E+0
157,040712	26,900000	0,000000	0,000000E+0
157,040712	26,900000	0,000000	0,000000E+0
157,040712	27,000000	0,000000	0,000000E+0
157,040712	27,000000	0,000000	0,000000E+0
157,040712	27,000000	0,000000	0,000000E+0
157,040712	27,000000	0,000000	0,000000E+0
158,042136	27,000000	0,000000	0,000000E+0
158,042136	27,000000	0,000000	0,000000E+0
158,042136	27,000000	0,000000	0,000000E+0
158,042136	27,000000	0,000000	0,000000E+0
158,042136	27,000000	0,000000	0,000000E+0
158,042136	27,000000	0,000000	0,000000E+0
158,042136	27,000000	0,000000	0,000000E+0
158,042136	27,500000	0,000000	0,000000E+0
158,042136	27,500000	0,000000	0,000000E+0
158,042136	27,500000	0,000000	0,000000E+0
159,042568	27,500000	0,000000	0,000000E+0
159,042568	27,500000	0,000000	0,000000E+0
159,042568	27,500000	0,000000	0,000000E+0
159,042568	27,500000	0,000000	0,000000E+0
159,042568	27,500000	0,000000	0,000000E+0
159,042568	27,500000	0,000000	0,000000E+0
159,042568	27,500000	0,000000	0,000000E+0
159,042568	27,299999	0,000000	0,000000E+0
159,042568	27,299999	0,000000	0,000000E+0
159,042568	27,299999	0,000000	0,000000E+0
160,043123	27,299999	0,000000	0,000000E+0
160,043123	27,299999	0,000000	0,000000E+0
160,043123	27,299999	0,000000	0,000000E+0
160,043123	27,299999	0,000000	0,000000E+0
160,043123	27,299999	0,000000	0,000000E+0
160,043123	27,299999	0,000000	0,000000E+0
160,043123	27,299999	0,000000	0,000000E+0
160,043123	27,299999	0,000000	0,000000E+0
160,043123	27,299999	0,000000	0,000000E+0
160,043123	27,299999	0,000000	0,000000E+0
161,042404	27,500000	0,000000	0,000000E+0
161,042404	27,500000	0,000000	0,000000E+0
161,042404	27,500000	0,000000	0,000000E+0
161,042404	27,500000	0,000000	0,000000E+0
161,042404	27,500000	0,000000	0,000000E+0
161,042404	27,500000	0,000000	0,000000E+0
161,042404	27,500000	0,000000	0,000000E+0
161,042404	27,500000	0,000000	0,000000E+0
161,042404	27,500000	0,000000	0,000000E+0
161,042404	27,500000	0,000000	0,000000E+0
162,043847	27,400000	0,000000	0,000000E+0
162,043847	27,400000	0,000000	0,000000E+0
162,043847	27,400000	0,000000	0,000000E+0
162,043847	27,400000	0,000000	0,000000E+0
162,043847	27,400000	0,000000	0,000000E+0
162,043847	27,400000	0,000000	0,000000E+0
162,043847	27,400000	0,000000	0,000000E+0
162,043847	27,400000	0,000000	0,000000E+0
162,043847	27,400000	0,000000	0,000000E+0
162,043847	27,400000	0,000000	0,000000E+0
163,043289	27,100000	0,000000	0,000000E+0
163,043289	27,100000	0,000000	0,000000E+0
163,043289	27,100000	0,000000	0,000000E+0
163,043289	27,100000	0,000000	0,000000E+0
163,043289	27,100000	0,000000	0,000000E+0
163,043289	27,100000	0,000000	0,000000E+0
163,043289	27,100000	0,000000	0,000000E+0
163,043289	27,100000	0,000000	0,000000E+0
163,043289	27,100000	0,000000	0,000000E+0
163,043289	27,100000	0,000000	0,000000E+0
164,044669	27,100000	0,000000	0,000000E+0
164,044669	27,400000	0,000000	0,000000E+0
164,044669	27,400000	0,000000	0,000000E+0
164,044669	27,400000	0,000000	0,000000E+0
164,044669	27,400000	0,000000	0,000000E+0
164,044669	27,400000	0,000000	0,000000E+0
164,044669	27,400000	0,000000	0,000000E+0
164,044669	27,400000	0,000000	0,000000E+0
164,044669	27,400000	0,000000	0,000000E+0
164,044669	27,400000	0,000000	0,000000E+0
165,045150	27,200001	0,000000	0,000000E+0
165,045150	27,200001	0,000000	0,000000E+0
165,045150	27,200001	0,000000	0,000000E+0
165,045150	27,200001	0,000000	0,000000E+0
165,045150	27,200001	0,000000	0,000000E+0
165,045150	27,200001	0,000000	0,000000E+0
165,045150	27,200001	0,000000	0,000000E+0
165,045150	27,200001	0,000000	0,000000E+0
165,045150	27,200001	0,000000	0,000000E+0
165,045150	27,200001	0,000000	0,000000E+0
166,044525	27,200001	0,000000	0,000000E+0
166,044525	27,200001	0,000000	0,000000E+0
166,044525	27,200001	0,000000	0,000000E+0
166,044525	27,200001	0,000000	0,000000E+0
166,044525	27,200001	0,000000	0,000000E+0
166,044525	27,200001	0,000000	0,000000E+0
166,044525	27,200001	0,000000	0,000000E+0
166,044525	27,200001	0,000000	0,000000E+0
166,044525	27,200001	0,000000	0,000000E+0
166,044525	27,200001	0,000000	0,000000E+0
167,045967	27,200001	0,000000	0,000000E+0
167,045967	27,200001	0,000000	0,000000E+0
167,045967	27,200001	0,000000	0,000000E+0
167,045967	27,200001	0,000000	0,000000E+0
167,045967	27,000000	0,000000	0,000000E+0
167,045967	27,000000	0,000000	0,000000E+0
167,045967	27,000000	0,000000	0,000000E+0
167,045967	27,000000	0,000000	0,000000E+0
167,045967	27,000000	0,000000	0,000000E+0
167,045967	27,000000	0,000000	0,000000E+0
168,045370	27,000000	0,000000	0,000000E+0
168,045370	27,000000	0,000000	0,000000E+0
168,045370	27,000000	0,000000	0,000000E+0
168,045370	27,000000	0,000000	0,000000E+0
168,045370	27,000000	0,000000	0,000000E+0
168,045370	27,299999	0,000000	0,000000E+0
168,045370	27,299999	0,000000	0,000000E+0
168,045370	27,299999	0,000000	0,000000E+0
168,045370	27,299999	0,000000	0,000000E+0
168,045370	27,299999	0,000000	0,000000E+0
169,046811	27,299999	0,000000	0,000000E+0
169,046811	27,299999	0,000000	0,000000E+0
169,046811	27,299999	0,000000	0,000000E+0
169,046811	27,299999	0,000000	0,000000E+0
169,046811	27,299999	0,000000	0,000000E+0
169,046811	27,299999	0,000000	0,000000E+0
169,046811	27,299999	0,000000	0,000000E+0
169,046811	27,299999	0,000000	0,000000E+0
169,046811	27,299999	0,000000	0,000000E+0
169,046811	27,299999	0,000000	0,000000E+0
170,047291	27,299999	0,000000	0,000000E+0
170,047291	27,299999	0,000000	0,000000E+0
170,047291	27,299999	0,000000	0,000000E+0
170,047291	27,299999	0,000000	0,000000E+0
170,047291	27,299999	0,000000	0,000000E+0
170,047291	27,299999	0,000000	0,000000E+0
170,047291	27,000000	0,000000	0,000000E+0
170,047291	27,000000	0,000000	0,000000E+0
170,047291	27,000000	0,000000	0,000000E+0
170,047291	27,000000	0,000000	0,000000E+0
171,048659	27,000000	0,000000	0,000000E+0
171,048659	27,000000	0,000000	0,000000E+0
171,048659	27,000000	0,000000	0,000000E+0
171,048659	27,000000	0,000000	0,000000E+0
171,048659	27,000000	0,000000	0,000000E+0
171,048659	27,000000	0,000000	0,000000E+0
171,048659	27,000000	0,000000	0,000000E+0
171,048659	27,000000	0,000000	0,000000E+0
171,048659	27,000000	0,000000	0,000000E+0
171,048659	27,000000	0,000000	0,000000E+0
172,050057	27,000000	0,000000	0,000000E+0
172,050057	27,000000	0,000000	0,000000E+0
172,050057	27,000000	0,000000	0,000000E+0
172,050057	27,000000	0,000000	0,000000E+0
172,050057	27,000000	0,000000	0,000000E+0
172,050057	27,000000	0,000000	0,000000E+0
172,050057	27,000000	0,000000	0,000000E+0
172,050057	27,000000	0,000000	0,000000E+0
172,050057	27,000000	0,000000	0,000000E+0
172,050057	27,000000	0,000000	0,000000E+0
173,049489	27,000000	0,000000	0,000000E+0
173,049489	27,000000	0,000000	0,000000E+0
173,049489	27,299999	0,000000	0,000000E+0
173,049489	27,299999	0,000000	0,000000E+0
173,049489	27,299999	0,000000	0,000000E+0
173,049489	27,299999	0,000000	0,000000E+0
173,049489	27,299999	0,000000	0,000000E+0
173,049489	27,299999	0,000000	0,000000E+0
173,049489	27,299999	0,000000	0,000000E+0
173,049489	27,299999	0,000000	0,000000E+0
174,049938	27,299999	0,000000	0,000000E+0
174,049938	27,299999	0,000000	0,000000E+0
174,049938	27,299999	0,000000	0,000000E+0
174,049938	27,299999	0,000000	0,000000E+0
174,049938	27,299999	0,000000	0,000000E+0
174,049938	27,299999	0,000000	0,000000E+0
174,049938	27,299999	0,000000	0,000000E+0
174,049938	27,299999	0,000000	0,000000E+0
174,049938	27,299999	0,000000	0,000000E+0
174,049938	27,000000	0,000000	0,000000E+0
175,049323	27,000000	0,000000	0,000000E+0
175,049323	27,000000	0,000000	0,000000E+0
175,049323	27,000000	0,000000	0,000000E+0
175,049323	27,000000	0,000000	0,000000E+0
175,049323	27,000000	0,000000	0,000000E+0
175,049323	27,000000	0,000000	0,000000E+0
175,049323	27,000000	0,000000	0,000000E+0
175,049323	27,000000	0,000000	0,000000E+0
175,049323	27,000000	0,000000	0,000000E+0
175,049323	27,000000	0,000000	0,000000E+0
176,049767	26,900000	0,000000	0,000000E+0
176,049767	26,900000	0,000000	0,000000E+0
176,049767	26,900000	0,000000	0,000000E+0
176,049767	26,900000	0,000000	0,000000E+0
176,049767	26,900000	0,000000	0,000000E+0
176,049767	26,900000	0,000000	0,000000E+0
176,049767	26,900000	0,000000	0,000000E+0
176,049767	26,900000	0,000000	0,000000E+0
176,049767	26,900000	0,000000	0,000000E+0
176,049767	26,900000	0,000000	0,000000E+0
177,049507	26,900000	0,000000	0,000000E+0
177,049507	26,900000	0,000000	0,000000E+0
177,049507	27,000000	0,000000	0,000000E+0
177,049507	27,000000	0,000000	0,000000E+0
177,049507	27,000000	0,000000	0,000000E+0
177,049507	27,000000	0,000000	0,000000E+0
177,049507	27,000000	0,000000	0,000000E+0
177,049507	27,000000	0,000000	0,000000E+0
177,049507	27,000000	0,000000	0,000000E+0
177,049507	27,000000	0,000000	0,000000E+0
178,049608	27,000000	0,000000	0,000000E+0
178,049608	27,000000	0,000000	0,000000E+0
178,049608	27,000000	0,000000	0,000000E+0
178,049608	27,000000	0,000000	0,000000E+0
178,049608	27,000000	0,000000	0,000000E+0
178,049608	27,000000	0,000000	0,000000E+0
178,049608	27,000000	0,000000	0,000000E+0
178,049608	27,000000	0,000000	0,000000E+0
178,049608	27,000000	0,000000	0,000000E+0
178,049608	27,000000	0,000000	0,000000E+0
179,050048	27,000000	0,000000	0,000000E+0
179,050048	27,000000	0,000000	0,000000E+0
179,050048	27,000000	0,000000	0,000000E+0
179,050048	27,000000	0,000000	0,000000E+0
179,050048	27,400002	0,000000	0,000000E+0
179,050048	27,400002	0,000000	0,000000E+0
179,050048	27,400002	0,000000	0,000000E+0
179,050048	27,400002	0,000000	0,000000E+0
179,050048	27,400002	0,000000	0,000000E+0
179,050048	27,400002	0,000000	0,000000E+0
180,049467	27,400002	0,000000	0,000000E+0
180,049467	27,400002	0,000000	0,000000E+0
180,049467	27,400002	0,000000	0,000000E+0
180,049467	27,400002	0,000000	0,000000E+0
180,049467	27,299999	0,000000	0,000000E+0
180,049467	27,299999	0,000000	0,000000E+0
180,049467	27,299999	0,000000	0,000000E+0
180,049467	27,299999	0,000000	0,000000E+0
180,049467	27,299999	0,000000	0,000000E+0
180,049467	27,299999	0,000000	0,000000E+0
181,049887	27,299999	0,000000	0,000000E+0
181,049887	27,299999	0,000000	0,000000E+0
181,049887	27,299999	0,000000	0,000000E+0
181,049887	27,400000	0,000000	0,000000E+0
181,049887	27,400000	0,000000	0,000000E+0
181,049887	27,400000	0,000000	0,000000E+0
181,049887	27,400000	0,000000	0,000000E+0
181,049887	27,400000	0,000000	0,000000E+0
181,049887	27,400000	0,000000	0,000000E+0
181,049887	27,400000	0,000000	0,000000E+0
182,049326	27,400000	0,000000	0,000000E+0
182,049326	27,400000	0,000000	0,000000E+0
182,049326	27,400000	0,000000	0,000000E+0
182,049326	27,400000	0,000000	0,000000E+0
182,049326	27,400000	0,000000	0,000000E+0
182,049326	27,400000	0,000000	0,000000E+0
182,049326	27,700001	0,000000	0,000000E+0
182,049326	27,700001	0,000000	0,000000E+0
182,049326	27,700001	0,000000	0,000000E+0
182,049326	27,700001	0,000000	0,000000E+0
183,049803	27,700001	0,000000	0,000000E+0
183,049803	27,700001	0,000000	0,000000E+0
183,049803	27,700001	0,000000	0,000000E+0
183,049803	27,700001	0,000000	0,000000E+0
183,049803	27,700001	0,000000	0,000000E+0
183,049803	27,700001	0,000000	0,000000E+0
183,049803	27,700001	0,000000	0,000000E+0
183,049803	27,700001	0,000000	0,000000E+0
183,049803	27,100000	0,000000	0,000000E+0
183,049803	27,100000	0,000000	0,000000E+0
184,051182	27,100000	0,000000	0,000000E+0
184,051182	27,100000	0,000000	0,000000E+0
184,051182	27,100000	0,000000	0,000000E+0
184,051182	27,100000	0,000000	0,000000E+0
184,051182	27,100000	0,000000	0,000000E+0
184,051182	27,100000	0,000000	0,000000E+0
184,051182	27,100000	0,000000	0,000000E+0
184,051182	27,100000	0,000000	0,000000E+0
184,051182	27,200001	0,000000	0,000000E+0
184,051182	27,200001	0,000000	0,000000E+0
185,051590	27,200001	0,000000	0,000000E+0
185,051590	27,200001	0,000000	0,000000E+0
185,051590	27,200001	0,000000	0,000000E+0
185,051590	27,200001	0,000000	0,000000E+0
185,051590	27,200001	0,000000	0,000000E+0
185,051590	27,200001	0,000000	0,000000E+0
185,051590	27,200001	0,000000	0,000000E+0
185,051590	26,900000	0,000000	0,000000E+0
185,051590	26,900000	0,000000	0,000000E+0
185,051590	26,900000	0,000000	0,000000E+0
186,052036	26,900000	0,000000	0,000000E+0
186,052036	26,900000	0,000000	0,000000E+0
186,052036	26,900000	0,000000	0,000000E+0
186,052036	26,900000	0,000000	0,000000E+0
186,052036	26,900000	0,000000	0,000000E+0
186,052036	26,900000	0,000000	0,000000E+0
186,052036	26,900000	0,000000	0,000000E+0
186,052036	26,900000	0,000000	0,000000E+0
186,052036	27,400002	0,000000	0,000000E+0
186,052036	27,400002	0,000000	0,000000E+0
187,051451	27,400002	0,000000	0,000000E+0
187,051451	27,400002	0,000000	0,000000E+0
187,051451	27,400002	0,000000	0,000000E+0
187,051451	27,400002	0,000000	0,000000E+0
187,051451	27,400002	0,000000	0,000000E+0
187,051451	27,400002	0,000000	0,000000E+0
187,051451	27,400002	0,000000	0,000000E+0
187,051451	27,400002	0,000000	0,000000E+0
187,051451	26,700001	0,000000	0,000000E+0
187,051451	26,700001	0,000000	0,000000E+0
188,051877	26,700001	0,000000	0,000000E+0
188,051877	26,700001	0,000000	0,000000E+0
188,051877	26,700001	0,000000	0,000000E+0
188,051877	26,700001	0,000000	0,000000E+0
188,051877	26,700001	0,000000	0,000000E+0
188,051877	26,700001	0,000000	0,000000E+0
188,051877	26,700001	0,000000	0,000000E+0
188,051877	26,700001	0,000000	0,000000E+0
188,051877	26,700001	0,000000	0,000000E+0
188,051877	26,700001	0,000000	0,000000E+0
189,051378	26,700001	0,000000	0,000000E+0
189,051378	26,700001	0,000000	0,000000E+0
189,051378	26,700001	0,000000	0,000000E+0
189,051378	27,200001	0,000000	0,000000E+0
189,051378	27,200001	0,000000	0,000000E+0
189,051378	27,200001	0,000000	0,000000E+0
189,051378	27,200001	0,000000	0,000000E+0
189,051378	27,200001	0,000000	0,000000E+0
189,051378	27,200001	0,000000	0,000000E+0
189,051378	27,200001	0,000000	0,000000E+0
190,051698	27,200001	0,000000	0,000000E+0
190,051698	27,200001	0,000000	0,000000E+0
190,051698	27,200001	0,000000	0,000000E+0
190,051698	27,200001	0,000000	0,000000E+0
190,051698	26,900002	0,000000	0,000000E+0
190,051698	26,900002	0,000000	0,000000E+0
190,051698	26,900002	0,000000	0,000000E+0
190,051698	26,900002	0,000000	0,000000E+0
190,051698	26,900002	0,000000	0,000000E+0
190,051698	26,900002	0,000000	0,000000E+0
191,052162	26,900002	0,000000	0,000000E+0
191,052162	26,900002	0,000000	0,000000E+0
191,052162	26,900002	0,000000	0,000000E+0
191,052162	26,900002	0,000000	0,000000E+0
191,052162	26,900000	0,000000	0,000000E+0
191,052162	26,900000	0,000000	0,000000E+0
191,052162	26,900000	0,000000	0,000000E+0
191,052162	26,900000	0,000000	0,000000E+0
191,052162	26,900000	0,000000	0,000000E+0
191,052162	26,900000	0,000000	0,000000E+0
192,051635	26,900000	0,000000	0,000000E+0
192,051635	26,900000	0,000000	0,000000E+0
192,051635	26,900000	0,000000	0,000000E+0
192,051635	27,000000	0,000000	0,000000E+0
192,051635	27,000000	0,000000	0,000000E+0
192,051635	27,000000	0,000000	0,000000E+0
192,051635	27,000000	0,000000	0,000000E+0
192,051635	27,000000	0,000000	0,000000E+0
192,051635	27,000000	0,000000	0,000000E+0
192,051635	27,000000	0,000000	0,000000E+0
193,052042	27,000000	0,000000	0,000000E+0
193,052042	27,000000	0,000000	0,000000E+0
193,052042	27,000000	0,000000	0,000000E+0
193,052042	27,000000	0,000000	0,000000E+0
193,052042	27,000000	0,000000	0,000000E+0
193,052042	27,000000	0,000000	0,000000E+0
193,052042	27,000000	0,000000	0,000000E+0
193,052042	27,000000	0,000000	0,000000E+0
193,052042	27,000000	0,000000	0,000000E+0
193,052042	27,000000	0,000000	0,000000E+0
194,051452	27,000000	0,000000	0,000000E+0
194,051452	27,000000	0,000000	0,000000E+0
194,051452	27,000000	0,000000	0,000000E+0
194,051452	27,000000	0,000000	0,000000E+0
194,051452	27,000000	0,000000	0,000000E+0
194,051452	27,000000	0,000000	0,000000E+0
194,051452	27,000000	0,000000	0,000000E+0
194,051452	27,000000	0,000000	0,000000E+0
194,051452	26,900000	0,000000	0,000000E+0
194,051452	26,900000	0,000000	0,000000E+0
195,052878	26,900000	0,000000	0,000000E+0
195,052878	26,900000	0,000000	0,000000E+0
195,052878	26,900000	0,000000	0,000000E+0
195,052878	26,900000	0,000000	0,000000E+0
195,052878	26,900000	0,000000	0,000000E+0
195,052878	26,900000	0,000000	0,000000E+0
195,052878	26,900000	0,000000	0,000000E+0
195,052878	26,900000	0,000000	0,000000E+0
195,052878	27,400002	0,000000	0,000000E+0
195,052878	27,400002	0,000000	0,000000E+0
196,052261	27,400002	0,000000	0,000000E+0
196,052261	27,400002	0,000000	0,000000E+0
196,052261	27,400002	0,000000	0,000000E+0
196,052261	27,400002	0,000000	0,000000E+0
196,052261	27,400002	0,000000	0,000000E+0
196,052261	27,400002	0,000000	0,000000E+0
196,052261	27,400002	0,000000	0,000000E+0
196,052261	26,799999	0,000000	0,000000E+0
196,052261	26,799999	0,000000	0,000000E+0
196,052261	26,799999	0,000000	0,000000E+0
197,052703	26,799999	0,000000	0,000000E+0
197,052703	26,799999	0,000000	0,000000E+0
197,052703	26,799999	0,000000	0,000000E+0
197,052703	26,799999	0,000000	0,000000E+0
197,052703	26,799999	0,000000	0,000000E+0
197,052703	26,799999	0,000000	0,000000E+0
197,052703	26,799999	0,000000	0,000000E+0
197,052703	26,700001	0,000000	0,000000E+0
197,052703	26,700001	0,000000	0,000000E+0
197,052703	26,700001	0,000000	0,000000E+0
198,053138	26,700001	0,000000	0,000000E+0
198,053138	26,700001	0,000000	0,000000E+0
198,053138	26,700001	0,000000	0,000000E+0
198,053138	26,700001	0,000000	0,000000E+0
198,053138	26,700001	0,000000	0,000000E+0
198,053138	26,700001	0,000000	0,000000E+0
198,053138	26,700001	0,000000	0,000000E+0
198,053138	26,700001	0,000000	0,000000E+0
198,053138	26,700001	0,000000	0,000000E+0
198,053138	26,700001	0,000000	0,000000E+0
199,053566	26,799999	0,000000	0,000000E+0
199,053566	26,799999	0,000000	0,000000E+0
199,053566	26,799999	0,000000	0,000000E+0
199,053566	26,799999	0,000000	0,000000E+0
199,053566	26,799999	0,000000	0,000000E+0
199,053566	26,799999	0,000000	0,000000E+0
199,053566	26,799999	0,000000	0,000000E+0
199,053566	26,799999	0,000000	0,000000E+0
199,053566	26,799999	0,000000	0,000000E+0
199,053566	26,799999	0,000000	0,000000E+0
200,053994	26,799999	0,000000	0,000000E+0
200,053994	26,799999	0,000000	0,000000E+0
200,053994	27,000000	0,000000	0,000000E+0
200,053994	27,000000	0,000000	0,000000E+0
200,053994	27,000000	0,000000	0,000000E+0
200,053994	27,000000	0,000000	0,000000E+0
200,053994	27,000000	0,000000	0,000000E+0
200,053994	27,000000	0,000000	0,000000E+0
200,053994	27,000000	0,000000	0,000000E+0
200,053994	27,000000	0,000000	0,000000E+0
201,053379	27,000000	0,000000	0,000000E+0
201,053379	26,900002	0,000000	0,000000E+0
201,053379	26,900002	0,000000	0,000000E+0
201,053379	26,900002	0,000000	0,000000E+0
201,053379	26,900002	0,000000	0,000000E+0
201,053379	26,900002	0,000000	0,000000E+0
201,053379	26,900002	0,000000	0,000000E+0
201,053379	26,900002	0,000000	0,000000E+0
201,053379	26,900002	0,000000	0,000000E+0
201,053379	26,900002	0,000000	0,000000E+0
202,053844	26,900002	0,000000	0,000000E+0
202,053844	26,700001	0,000000	0,000000E+0
202,053844	26,700001	0,000000	0,000000E+0
202,053844	26,700001	0,000000	0,000000E+0
202,053844	26,700001	0,000000	0,000000E+0
202,053844	26,700001	0,000000	0,000000E+0
202,053844	26,700001	0,000000	0,000000E+0
202,053844	26,700001	0,000000	0,000000E+0
202,053844	26,700001	0,000000	0,000000E+0
202,053844	26,700001	0,000000	0,000000E+0
203,053241	26,700001	0,000000	0,000000E+0
203,053241	27,200001	0,000000	0,000000E+0
203,053241	27,200001	0,000000	0,000000E+0
203,053241	27,200001	0,000000	0,000000E+0
203,053241	27,200001	0,000000	0,000000E+0
203,053241	27,200001	0,000000	0,000000E+0
203,053241	27,200001	0,000000	0,000000E+0
203,053241	27,200001	0,000000	0,000000E+0
203,053241	27,200001	0,000000	0,000000E+0
203,053241	27,200001	0,000000	0,000000E+0
204,053755	27,200001	0,000000	0,000000E+0
204,053755	27,200001	0,000000	0,000000E+0
204,053755	27,799999	0,000000	0,000000E+0
204,053755	27,799999	0,000000	0,000000E+0
204,053755	27,799999	0,000000	0,000000E+0
204,053755	27,799999	0,000000	0,000000E+0
204,053755	27,799999	0,000000	0,000000E+0
204,053755	27,799999	0,000000	0,000000E+0
204,053755	27,799999	0,000000	0,000000E+0
204,053755	27,799999	0,000000	0,000000E+0
205,054117	27,799999	0,000000	0,000000E+0
205,054117	27,799999	0,000000	0,000000E+0
205,054117	27,799999	0,000000	0,000000E+0
205,054117	27,799999	0,000000	0,000000E+0
205,054117	27,799999	0,000000	0,000000E+0
205,054117	27,799999	0,000000	0,000000E+0
205,054117	27,799999	0,000000	0,000000E+0
205,054117	27,000000	0,000000	0,000000E+0
205,054117	27,000000	0,000000	0,000000E+0
205,054117	27,000000	0,000000	0,000000E+0
206,053515	27,000000	0,000000	0,000000E+0
206,053515	27,000000	0,000000	0,000000E+0
206,053515	27,000000	0,000000	0,000000E+0
206,053515	27,000000	0,000000	0,000000E+0
206,053515	27,000000	0,000000	0,000000E+0
206,053515	27,000000	0,000000	0,000000E+0
206,053515	27,000000	0,000000	0,000000E+0
206,053515	27,100000	0,000000	0,000000E+0
206,053515	27,100000	0,000000	0,000000E+0
206,053515	27,100000	0,000000	0,000000E+0
207,055031	27,100000	0,000000	0,000000E+0
207,055031	27,100000	0,000000	0,000000E+0
207,055031	27,100000	0,000000	0,000000E+0
207,055031	27,100000	0,000000	0,000000E+0
207,055031	27,100000	0,000000	0,000000E+0
207,055031	27,100000	0,000000	0,000000E+0
207,055031	27,100000	0,000000	0,000000E+0
207,055031	27,200001	0,000000	0,000000E+0
207,055031	27,200001	0,000000	0,000000E+0
207,055031	27,200001	0,000000	0,000000E+0
208,055397	27,200001	0,000000	0,000000E+0
208,055397	27,200001	0,000000	0,000000E+0
208,055397	27,200001	0,000000	0,000000E+0
208,055397	27,200001	0,000000	0,000000E+0
208,055397	27,200001	0,000000	0,000000E+0
208,055397	27,200001	0,000000	0,000000E+0
208,055397	27,200001	0,000000	0,000000E+0
208,055397	27,000000	0,000000	0,000000E+0
208,055397	27,000000	0,000000	0,000000E+0
208,055397	27,000000	0,000000	0,000000E+0
209,056823	27,000000	0,000000	0,000000E+0
209,056823	27,000000	0,000000	0,000000E+0
209,056823	27,000000	0,000000	0,000000E+0
209,056823	27,000000	0,000000	0,000000E+0
209,056823	27,000000	0,000000	0,000000E+0
209,056823	27,000000	0,000000	0,000000E+0
209,056823	27,000000	0,000000	0,000000E+0
209,056823	27,000000	0,000000	0,000000E+0
209,056823	27,000000	0,000000	0,000000E+0
209,056823	27,000000	0,000000	0,000000E+0
210,056268	26,799999	0,000000	0,000000E+0
210,056268	26,799999	0,000000	0,000000E+0
210,056268	26,799999	0,000000	0,000000E+0
210,056268	26,799999	0,000000	0,000000E+0
210,056268	26,799999	0,000000	0,000000E+0
210,056268	26,799999	0,000000	0,000000E+0
210,056268	26,799999	0,000000	0,000000E+0
210,056268	26,799999	0,000000	0,000000E+0
210,056268	26,799999	0,000000	0,000000E+0
210,056268	26,799999	0,000000	0,000000E+0
211,056651	26,799999	0,000000	0,000000E+0
211,056651	26,799999	0,000000	0,000000E+0
211,056651	26,799999	0,000000	0,000000E+0
211,056651	26,799999	0,000000	0,000000E+0
211,056651	26,799999	0,000000	0,000000E+0
211,056651	26,799999	0,000000	0,000000E+0
211,056651	26,799999	0,000000	0,000000E+0
211,056651	26,799999	0,000000	0,000000E+0
211,056651	26,799999	0,000000	0,000000E+0
211,056651	26,799999	0,000000	0,000000E+0
212,057152	26,799999	0,000000	0,000000E+0
212,057152	27,000000	0,000000	0,000000E+0
212,057152	27,000000	0,000000	0,000000E+0
212,057152	27,000000	0,000000	0,000000E+0
212,057152	27,000000	0,000000	0,000000E+0
212,057152	27,000000	0,000000	0,000000E+0
212,057152	27,000000	0,000000	0,000000E+0
212,057152	27,000000	0,000000	0,000000E+0
212,057152	27,000000	0,000000	0,000000E+0
212,057152	27,000000	0,000000	0,000000E+0
213,056539	27,000000	0,000000	0,000000E+0
213,056539	26,799999	0,000000	0,000000E+0
213,056539	26,799999	0,000000	0,000000E+0
213,056539	26,799999	0,000000	0,000000E+0
213,056539	26,799999	0,000000	0,000000E+0
213,056539	26,799999	0,000000	0,000000E+0
213,056539	26,799999	0,000000	0,000000E+0
213,056539	26,799999	0,000000	0,000000E+0
213,056539	26,799999	0,000000	0,000000E+0
213,056539	26,799999	0,000000	0,000000E+0
214,057066	26,799999	0,000000	0,000000E+0
214,057066	26,900000	0,000000	0,000000E+0
214,057066	26,900000	0,000000	0,000000E+0
214,057066	26,900000	0,000000	0,000000E+0
214,057066	26,900000	0,000000	0,000000E+0
214,057066	26,900000	0,000000	0,000000E+0
214,057066	26,900000	0,000000	0,000000E+0
214,057066	26,900000	0,000000	0,000000E+0
214,057066	26,900000	0,000000	0,000000E+0
214,057066	26,900000	0,000000	0,000000E+0
215,056354	26,900000	0,000000	0,000000E+0
215,056354	26,900000	0,000000	0,000000E+0
215,056354	27,100000	0,000000	0,000000E+0
215,056354	27,100000	0,000000	0,000000E+0
215,056354	27,100000	0,000000	0,000000E+0
215,056354	27,100000	0,000000	0,000000E+0
215,056354	27,100000	0,000000	0,000000E+0
215,056354	27,100000	0,000000	0,000000E+0
215,056354	27,100000	0,000000	0,000000E+0
215,056354	27,100000	0,000000	0,000000E+0
216,056801	27,100000	0,000000	0,000000E+0
216,056801	27,100000	0,000000	0,000000E+0
216,056801	27,100000	0,000000	0,000000E+0
216,056801	27,100000	0,000000	0,000000E+0
216,056801	27,100000	0,000000	0,000000E+0
216,056801	27,100000	0,000000	0,000000E+0
216,056801	27,100000	0,000000	0,000000E+0
216,056801	27,100000	0,000000	0,000000E+0
216,056801	27,100000	0,000000	0,000000E+0
216,056801	27,100000	0,000000	0,000000E+0
217,056194	27,100000	0,000000	0,000000E+0
217,056194	27,100000	0,000000	0,000000E+0
217,056194	27,100000	0,000000	0,000000E+0
217,056194	27,100000	0,000000	0,000000E+0
217,056194	27,100000	0,000000	0,000000E+0
217,056194	27,100000	0,000000	0,000000E+0
217,056194	27,100000	0,000000	0,000000E+0
217,056194	27,299999	0,000000	0,000000E+0
217,056194	27,299999	0,000000	0,000000E+0
217,056194	27,299999	0,000000	0,000000E+0
218,056658	27,299999	0,000000	0,000000E+0
218,056658	27,299999	0,000000	0,000000E+0
218,056658	27,299999	0,000000	0,000000E+0
218,056658	27,299999	0,000000	0,000000E+0
218,056658	27,299999	0,000000	0,000000E+0
218,056658	27,299999	0,000000	0,000000E+0
218,056658	26,700001	0,000000	0,000000E+0
218,056658	26,700001	0,000000	0,000000E+0
218,056658	26,700001	0,000000	0,000000E+0
218,056658	26,700001	0,000000	0,000000E+0
219,057052	26,700001	0,000000	0,000000E+0
219,057052	26,700001	0,000000	0,000000E+0
219,057052	26,700001	0,000000	0,000000E+0
219,057052	26,700001	0,000000	0,000000E+0
219,057052	26,700001	0,000000	0,000000E+0
219,057052	26,700001	0,000000	0,000000E+0
219,057052	26,799999	0,000000	0,000000E+0
219,057052	26,799999	0,000000	0,000000E+0
219,057052	26,799999	0,000000	0,000000E+0
219,057052	26,799999	0,000000	0,000000E+0
220,056538	26,799999	0,000000	0,000000E+0
220,056538	26,799999	0,000000	0,000000E+0
220,056538	26,799999	0,000000	0,000000E+0
220,056538	26,799999	0,000000	0,000000E+0
220,056538	26,799999	0,000000	0,000000E+0
220,056538	26,799999	0,000000	0,000000E+0
220,056538	26,799999	0,000000	0,000000E+0
220,056538	26,799999	0,000000	0,000000E+0
220,056538	26,799999	0,000000	0,000000E+0
220,056538	26,799999	0,000000	0,000000E+0
220,056538	26,599998	0,000000	0,000000E+0
221,057989	26,599998	0,000000	0,000000E+0
221,057989	26,599998	0,000000	0,000000E+0
221,057989	26,599998	0,000000	0,000000E+0
221,057989	26,599998	0,000000	0,000000E+0
221,057989	26,599998	0,000000	0,000000E+0
221,057989	26,599998	0,000000	0,000000E+0
221,057989	26,599998	0,000000	0,000000E+0
221,057989	26,599998	0,000000	0,000000E+0
221,057989	26,599998	0,000000	0,000000E+0
221,057989	27,200001	0,000000	0,000000E+0
222,057376	27,200001	0,000000	0,000000E+0
222,057376	27,200001	0,000000	0,000000E+0
222,057376	27,200001	0,000000	0,000000E+0
222,057376	27,200001	0,000000	0,000000E+0
222,057376	27,200001	0,000000	0,000000E+0
222,057376	27,200001	0,000000	0,000000E+0
222,057376	27,200001	0,000000	0,000000E+0
222,057376	27,200001	0,000000	0,000000E+0
222,057376	27,200001	0,000000	0,000000E+0
222,057376	27,299999	0,000000	0,000000E+0
223,058760	27,299999	0,000000	0,000000E+0
223,058760	27,299999	0,000000	0,000000E+0
223,058760	27,299999	0,000000	0,000000E+0
223,058760	27,299999	0,000000	0,000000E+0
223,058760	27,299999	0,000000	0,000000E+0
223,058760	27,299999	0,000000	0,000000E+0
223,058760	27,299999	0,000000	0,000000E+0
223,058760	27,299999	0,000000	0,000000E+0
223,058760	27,299999	0,000000	0,000000E+0
223,058760	27,299999	0,000000	0,000000E+0
224,059289	27,299999	0,000000	0,000000E+0
224,059289	27,299999	0,000000	0,000000E+0
224,059289	27,299999	0,000000	0,000000E+0
224,059289	27,299999	0,000000	0,000000E+0
224,059289	27,299999	0,000000	0,000000E+0
224,059289	27,299999	0,000000	0,000000E+0
224,059289	27,299999	0,000000	0,000000E+0
224,059289	27,299999	0,000000	0,000000E+0
224,059289	27,299999	0,000000	0,000000E+0
224,059289	27,299999	0,000000	0,000000E+0
225,059613	27,500000	0,000000	0,000000E+0
225,059613	27,500000	0,000000	0,000000E+0
225,059613	27,500000	0,000000	0,000000E+0
225,059613	27,500000	0,000000	0,000000E+0
225,059613	27,500000	0,000000	0,000000E+0
225,059613	27,500000	0,000000	0,000000E+0
225,059613	27,500000	0,000000	0,000000E+0
225,059613	27,500000	0,000000	0,000000E+0
225,059613	27,500000	0,000000	0,000000E+0
225,059613	27,500000	0,000000	0,000000E+0
226,060052	27,500000	0,000000	0,000000E+0
226,060052	27,500000	0,000000	0,000000E+0
226,060052	27,200001	0,000000	0,000000E+0
226,060052	27,200001	0,000000	0,000000E+0
226,060052	27,200001	0,000000	0,000000E+0
226,060052	27,200001	0,000000	0,000000E+0
226,060052	27,200001	0,000000	0,000000E+0
226,060052	27,200001	0,000000	0,000000E+0
226,060052	27,200001	0,000000	0,000000E+0
226,060052	27,200001	0,000000	0,000000E+0
227,059460	27,200001	0,000000	0,000000E+0
227,059460	27,200001	0,000000	0,000000E+0
227,059460	27,200001	0,000000	0,000000E+0
227,059460	27,100000	0,000000	0,000000E+0
227,059460	27,100000	0,000000	0,000000E+0
227,059460	27,100000	0,000000	0,000000E+0
227,059460	27,100000	0,000000	0,000000E+0
227,059460	27,100000	0,000000	0,000000E+0
227,059460	27,100000	0,000000	0,000000E+0
227,059460	27,100000	0,000000	0,000000E+0
228,059966	27,100000	0,000000	0,000000E+0
228,059966	27,100000	0,000000	0,000000E+0
228,059966	27,100000	0,000000	0,000000E+0
228,059966	27,100000	0,000000	0,000000E+0
228,059966	27,100000	0,000000	0,000000E+0
228,059966	27,299999	0,000000	0,000000E+0
228,059966	27,299999	0,000000	0,000000E+0
228,059966	27,299999	0,000000	0,000000E+0
228,059966	27,299999	0,000000	0,000000E+0
228,059966	27,299999	0,000000	0,000000E+0
229,059353	27,299999	0,000000	0,000000E+0
229,059353	27,299999	0,000000	0,000000E+0
229,059353	27,299999	0,000000	0,000000E+0
229,059353	27,100000	0,000000	0,000000E+0
229,059353	27,100000	0,000000	0,000000E+0
229,059353	27,100000	0,000000	0,000000E+0
229,059353	27,100000	0,000000	0,000000E+0
229,059353	27,100000	0,000000	0,000000E+0
229,059353	27,100000	0,000000	0,000000E+0
229,059353	27,100000	0,000000	0,000000E+0
230,059722	27,100000	0,000000	0,000000E+0
230,059722	27,100000	0,000000	0,000000E+0
230,059722	27,100000	0,000000	0,000000E+0
230,059722	26,599998	0,000000	0,000000E+0
230,059722	26,599998	0,000000	0,000000E+0
230,059722	26,599998	0,000000	0,000000E+0
230,059722	26,599998	0,000000	0,000000E+0
230,059722	26,599998	0,000000	0,000000E+0
230,059722	26,599998	0,000000	0,000000E+0
230,059722	26,599998	0,000000	0,000000E+0
231,061139	26,599998	0,000000	0,000000E+0
231,061139	26,599998	0,000000	0,000000E+0
231,061139	26,599998	0,000000	0,000000E+0
231,061139	26,599998	0,000000	0,000000E+0
231,061139	26,599998	0,000000	0,000000E+0
231,061139	26,599998	0,000000	0,000000E+0
231,061139	26,599998	0,000000	0,000000E+0
231,061139	26,599998	0,000000	0,000000E+0
231,061139	27,000000	0,000000	0,000000E+0
231,061139	27,000000	0,000000	0,000000E+0
232,061600	27,000000	0,000000	0,000000E+0
232,061600	27,000000	0,000000	0,000000E+0
232,061600	27,000000	0,000000	0,000000E+0
232,061600	27,000000	0,000000	0,000000E+0
232,061600	27,000000	0,000000	0,000000E+0
232,061600	27,000000	0,000000	0,000000E+0
232,061600	27,000000	0,000000	0,000000E+0
232,061600	27,000000	0,000000	0,000000E+0
232,061600	27,000000	0,000000	0,000000E+0
232,061600	27,000000	0,000000	0,000000E+0
233,062026	27,000000	0,000000	0,000000E+0
233,062026	26,500000	0,000000	0,000000E+0
233,062026	26,500000	0,000000	0,000000E+0
233,062026	26,500000	0,000000	0,000000E+0
233,062026	26,500000	0,000000	0,000000E+0
233,062026	26,500000	0,000000	0,000000E+0
233,062026	26,500000	0,000000	0,000000E+0
233,062026	26,500000	0,000000	0,000000E+0
233,062026	26,500000	0,000000	0,000000E+0
233,062026	26,500000	0,000000	0,000000E+0
234,062485	26,900000	0,000000	0,000000E+0
234,062485	26,900000	0,000000	0,000000E+0
234,062485	26,900000	0,000000	0,000000E+0
234,062485	26,900000	0,000000	0,000000E+0
234,062485	26,900000	0,000000	0,000000E+0
234,062485	26,900000	0,000000	0,000000E+0
234,062485	26,900000	0,000000	0,000000E+0
234,062485	26,900000	0,000000	0,000000E+0
234,062485	26,900000	0,000000	0,000000E+0
234,062485	26,900000	0,000000	0,000000E+0
235,062889	26,900000	0,000000	0,000000E+0
235,062889	26,900000	0,000000	0,000000E+0
235,062889	26,900000	0,000000	0,000000E+0
235,062889	26,900000	0,000000	0,000000E+0
235,062889	26,900000	0,000000	0,000000E+0
235,062889	26,900000	0,000000	0,000000E+0
235,062889	26,900000	0,000000	0,000000E+0
235,062889	26,900000	0,000000	0,000000E+0
235,062889	26,900000	0,000000	0,000000E+0
235,062889	26,900000	0,000000	0,000000E+0
236,064552	27,100000	0,000000	0,000000E+0
236,064552	27,100000	0,000000	0,000000E+0
236,064552	27,100000	0,000000	0,000000E+0
236,064552	27,100000	0,000000	0,000000E+0
236,064552	27,100000	0,000000	0,000000E+0
236,064552	27,100000	0,000000	0,000000E+0
236,064552	27,100000	0,000000	0,000000E+0
236,064552	27,100000	0,000000	0,000000E+0
236,064552	27,100000	0,000000	0,000000E+0
236,064552	27,100000	0,000000	0,000000E+0
237,064761	27,100000	0,000000	0,000000E+0
237,064761	27,100000	0,000000	0,000000E+0
237,064761	27,100000	0,000000	0,000000E+0
237,064761	27,100000	0,000000	0,000000E+0
237,064761	26,900000	0,000000	0,000000E+0
237,064761	26,900000	0,000000	0,000000E+0
237,064761	26,900000	0,000000	0,000000E+0
237,064761	26,900000	0,000000	0,000000E+0
237,064761	26,900000	0,000000	0,000000E+0
237,064761	26,900000	0,000000	0,000000E+0
238,065119	26,900000	0,000000	0,000000E+0
238,065119	26,900000	0,000000	0,000000E+0
238,065119	26,900000	0,000000	0,000000E+0
238,065119	26,900000	0,000000	0,000000E+0
238,065119	26,900000	0,000000	0,000000E+0
238,065119	26,900000	0,000000	0,000000E+0
238,065119	26,900000	0,000000	0,000000E+0
238,065119	26,900000	0,000000	0,000000E+0
238,065119	26,900000	0,000000	0,000000E+0
238,065119	26,900000	0,000000	0,000000E+0
239,064610	26,900000	0,000000	0,000000E+0
239,064610	26,900000	0,000000	0,000000E+0
239,064610	26,900000	0,000000	0,000000E+0
239,064610	26,900000	0,000000	0,000000E+0
239,064610	26,799999	0,000000	0,000000E+0
239,064610	26,799999	0,000000	0,000000E+0
239,064610	26,799999	0,000000	0,000000E+0
239,064610	26,799999	0,000000	0,000000E+0
239,064610	26,799999	0,000000	0,000000E+0
239,064610	26,799999	0,000000	0,000000E+0
240,065277	26,799999	0,000000	0,000000E+0
240,065277	26,799999	0,000000	0,000000E+0
240,065277	26,799999	0,000000	0,000000E+0
240,065277	26,799999	0,000000	0,000000E+0
240,065277	26,799999	0,000000	0,000000E+0
240,065277	26,500000	0,000000	0,000000E+0
240,065277	26,500000	0,000000	0,000000E+0
240,065277	26,500000	0,000000	0,000000E+0
240,065277	26,500000	0,000000	0,000000E+0
240,065277	26,500000	0,000000	0,000000E+0
241,064408	26,500000	0,000000	0,000000E+0
241,064408	26,500000	0,000000	0,000000E+0
241,064408	26,500000	0,000000	0,000000E+0
241,064408	26,799999	0,000000	0,000000E+0
241,064408	26,799999	0,000000	0,000000E+0
241,064408	26,799999	0,000000	0,000000E+0
241,064408	26,799999	0,000000	0,000000E+0
241,064408	26,799999	0,000000	0,000000E+0
241,064408	26,799999	0,000000	0,000000E+0
241,064408	26,799999	0,000000	0,000000E+0
242,064858	26,799999	0,000000	0,000000E+0
242,064858	26,799999	0,000000	0,000000E+0
242,064858	26,799999	0,000000	0,000000E+0
242,064858	26,799999	0,000000	0,000000E+0
242,064858	26,799999	0,000000	0,000000E+0
242,064858	26,799999	0,000000	0,000000E+0
242,064858	27,100000	0,000000	0,000000E+0
242,064858	27,100000	0,000000	0,000000E+0
242,064858	27,100000	0,000000	0,000000E+0
242,064858	27,100000	0,000000	0,000000E+0
243,065304	27,100000	0,000000	0,000000E+0
243,065304	27,100000	0,000000	0,000000E+0
243,065304	27,100000	0,000000	0,000000E+0
243,065304	27,100000	0,000000	0,000000E+0
243,065304	27,100000	0,000000	0,000000E+0
243,065304	27,100000	0,000000	0,000000E+0
243,065304	27,100000	0,000000	0,000000E+0
243,065304	26,700001	0,000000	0,000000E+0
243,065304	26,700001	0,000000	0,000000E+0
243,065304	26,700001	0,000000	0,000000E+0
244,065859	26,700001	0,000000	0,000000E+0
244,065859	26,700001	0,000000	0,000000E+0
244,065859	26,700001	0,000000	0,000000E+0
244,065859	26,700001	0,000000	0,000000E+0
244,065859	26,700001	0,000000	0,000000E+0
244,065859	26,700001	0,000000	0,000000E+0
244,065859	26,700001	0,000000	0,000000E+0
244,065859	26,700001	0,000000	0,000000E+0
244,065859	26,700001	0,000000	0,000000E+0
244,065859	27,100000	0,000000	0,000000E+0
245,065333	27,100000	0,000000	0,000000E+0
245,065333	27,100000	0,000000	0,000000E+0
245,065333	27,100000	0,000000	0,000000E+0
245,065333	27,100000	0,000000	0,000000E+0
245,065333	27,100000	0,000000	0,000000E+0
245,065333	27,100000	0,000000	0,000000E+0
245,065333	27,100000	0,000000	0,000000E+0
245,065333	27,599998	0,000000	0,000000E+0
245,065333	27,599998	0,000000	0,000000E+0
245,065333	27,599998	0,000000	0,000000E+0
246,065767	27,599998	0,000000	0,000000E+0
246,065767	27,599998	0,000000	0,000000E+0
246,065767	27,599998	0,000000	0,000000E+0
246,065767	27,599998	0,000000	0,000000E+0
246,065767	27,599998	0,000000	0,000000E+0
246,065767	27,599998	0,000000	0,000000E+0
246,065767	27,599998	0,000000	0,000000E+0
246,065767	27,599998	0,000000	0,000000E+0
246,065767	27,599998	0,000000	0,000000E+0
246,065767	27,200001	0,000000	0,000000E+0
247,067206	27,200001	0,000000	0,000000E+0
247,067206	27,200001	0,000000	0,000000E+0
247,067206	27,200001	0,000000	0,000000E+0
247,067206	27,200001	0,000000	0,000000E+0
247,067206	27,200001	0,000000	0,000000E+0
247,067206	27,200001	0,000000	0,000000E+0
247,067206	27,200001	0,000000	0,000000E+0
247,067206	27,200001	0,000000	0,000000E+0
247,067206	27,200001	0,000000	0,000000E+0
247,067206	27,200001	0,000000	0,000000E+0
248,066593	27,200001	0,000000	0,000000E+0
248,066593	27,200001	0,000000	0,000000E+0
248,066593	27,200001	0,000000	0,000000E+0
248,066593	27,100000	0,000000	0,000000E+0
248,066593	27,100000	0,000000	0,000000E+0
248,066593	27,100000	0,000000	0,000000E+0
248,066593	27,100000	0,000000	0,000000E+0
248,066593	27,100000	0,000000	0,000000E+0
248,066593	27,100000	0,000000	0,000000E+0
248,066593	27,100000	0,000000	0,000000E+0
249,067966	27,100000	0,000000	0,000000E+0
249,067966	27,100000	0,000000	0,000000E+0
249,067966	27,100000	0,000000	0,000000E+0
249,067966	27,100000	0,000000	0,000000E+0
249,067966	27,100000	0,000000	0,000000E+0
249,067966	27,100000	0,000000	0,000000E+0
249,067966	27,100000	0,000000	0,000000E+0
249,067966	27,100000	0,000000	0,000000E+0
249,067966	27,100000	0,000000	0,000000E+0
249,067966	27,100000	0,000000	0,000000E+0
250,069249	27,100000	0,000000	0,000000E+0
250,069249	27,100000	0,000000	0,000000E+0
250,069249	27,100000	0,000000	0,000000E+0
250,069249	27,100000	0,000000	0,000000E+0
250,069249	27,000000	0,000000	0,000000E+0
250,069249	27,000000	0,000000	0,000000E+0
250,069249	27,000000	0,000000	0,000000E+0
250,069249	27,000000	0,000000	0,000000E+0
250,069249	27,000000	0,000000	0,000000E+0
250,069249	27,000000	0,000000	0,000000E+0
251,068896	27,000000	0,000000	0,000000E+0
251,068896	27,000000	0,000000	0,000000E+0
251,068896	27,000000	0,000000	0,000000E+0
251,068896	27,000000	0,000000	0,000000E+0
251,068896	26,700001	0,000000	0,000000E+0
251,068896	26,700001	0,000000	0,000000E+0
251,068896	26,700001	0,000000	0,000000E+0
251,068896	26,700001	0,000000	0,000000E+0
251,068896	26,700001	0,000000	0,000000E+0
251,068896	26,700001	0,000000	0,000000E+0
252,068323	26,700001	0,000000	0,000000E+0
252,068323	26,700001	0,000000	0,000000E+0
252,068323	26,700001	0,000000	0,000000E+0
252,068323	26,700001	0,000000	0,000000E+0
252,068323	26,700001	0,000000	0,000000E+0
252,068323	26,700001	0,000000	0,000000E+0
252,068323	26,700001	0,000000	0,000000E+0
252,068323	26,700001	0,000000	0,000000E+0
252,068323	26,700001	0,000000	0,000000E+0
252,068323	26,700001	0,000000	0,000000E+0
253,068788	26,700001	0,000000	0,000000E+0
253,068788	26,700001	0,000000	0,000000E+0
253,068788	26,700001	0,000000	0,000000E+0
253,068788	26,700001	0,000000	0,000000E+0
253,068788	26,700001	0,000000	0,000000E+0
253,068788	27,200001	0,000000	0,000000E+0
253,068788	27,200001	0,000000	0,000000E+0
253,068788	27,200001	0,000000	0,000000E+0
253,068788	27,200001	0,000000	0,000000E+0
253,068788	27,200001	0,000000	0,000000E+0
254,069181	27,200001	0,000000	0,000000E+0
254,069181	27,200001	0,000000	0,000000E+0
254,069181	27,200001	0,000000	0,000000E+0
254,069181	27,200001	0,000000	0,000000E+0
254,069181	27,200001	0,000000	0,000000E+0
254,069181	27,200001	0,000000	0,000000E+0
254,069181	27,200001	0,000000	0,000000E+0
254,069181	27,200001	0,000000	0,000000E+0
254,069181	27,200001	0,000000	0,000000E+0
254,069181	27,200001	0,000000	0,000000E+0
255,069578	26,700001	0,000000	0,000000E+0
255,069578	26,700001	0,000000	0,000000E+0
255,069578	26,700001	0,000000	0,000000E+0
255,069578	26,700001	0,000000	0,000000E+0
255,069578	26,700001	0,000000	0,000000E+0
255,069578	26,700001	0,000000	0,000000E+0
255,069578	26,700001	0,000000	0,000000E+0
255,069578	26,700001	0,000000	0,000000E+0
255,069578	26,700001	0,000000	0,000000E+0
255,069578	26,700001	0,000000	0,000000E+0
256,070975	27,000000	0,000000	0,000000E+0
256,070975	27,000000	0,000000	0,000000E+0
256,070975	27,000000	0,000000	0,000000E+0
256,070975	27,000000	0,000000	0,000000E+0
256,070975	27,000000	0,000000	0,000000E+0
256,070975	27,000000	0,000000	0,000000E+0
256,070975	27,000000	0,000000	0,000000E+0
256,070975	27,000000	0,000000	0,000000E+0
256,070975	27,000000	0,000000	0,000000E+0
256,070975	27,000000	0,000000	0,000000E+0
257,070547	26,799999	0,000000	0,000000E+0
257,070547	26,799999	0,000000	0,000000E+0
257,070547	26,799999	0,000000	0,000000E+0
257,070547	26,799999	0,000000	0,000000E+0
257,070547	26,799999	0,000000	0,000000E+0
257,070547	26,799999	0,000000	0,000000E+0
257,070547	26,799999	0,000000	0,000000E+0
257,070547	26,799999	0,000000	0,000000E+0
257,070547	26,799999	0,000000	0,000000E+0
257,070547	26,900000	0,000000	0,000000E+0
258,070880	26,900000	0,000000	0,000000E+0
258,070880	26,900000	0,000000	0,000000E+0
258,070880	26,900000	0,000000	0,000000E+0
258,070880	26,900000	0,000000	0,000000E+0
258,070880	26,900000	0,000000	0,000000E+0
258,070880	26,900000	0,000000	0,000000E+0
258,070880	26,900000	0,000000	0,000000E+0
258,070880	26,900000	0,000000	0,000000E+0
258,070880	26,900000	0,000000	0,000000E+0
258,070880	26,900000	0,000000	0,000000E+0
259,070234	26,900000	0,000000	0,000000E+0
259,070234	26,900000	0,000000	0,000000E+0
259,070234	27,100000	0,000000	0,000000E+0
259,070234	27,100000	0,000000	0,000000E+0
259,070234	27,100000	0,000000	0,000000E+0
259,070234	27,100000	0,000000	0,000000E+0
259,070234	27,100000	0,000000	0,000000E+0
259,070234	27,100000	0,000000	0,000000E+0
259,070234	27,100000	0,000000	0,000000E+0
259,070234	27,100000	0,000000	0,000000E+0
260,071683	27,100000	0,000000	0,000000E+0
260,071683	27,100000	0,000000	0,000000E+0
260,071683	27,100000	0,000000	0,000000E+0
260,071683	27,100000	0,000000	0,000000E+0
260,071683	26,599998	0,000000	0,000000E+0
260,071683	26,599998	0,000000	0,000000E+0
260,071683	26,599998	0,000000	0,000000E+0
260,071683	26,599998	0,000000	0,000000E+0
260,071683	26,599998	0,000000	0,000000E+0
260,071683	26,599998	0,000000	0,000000E+0
261,072091	26,599998	0,000000	0,000000E+0
261,072091	26,599998	0,000000	0,000000E+0
261,072091	26,599998	0,000000	0,000000E+0
261,072091	26,599998	0,000000	0,000000E+0
261,072091	26,700001	0,000000	0,000000E+0
261,072091	26,700001	0,000000	0,000000E+0
261,072091	26,700001	0,000000	0,000000E+0
261,072091	26,700001	0,000000	0,000000E+0
261,072091	26,700001	0,000000	0,000000E+0
261,072091	26,700001	0,000000	0,000000E+0
262,071527	26,700001	0,000000	0,000000E+0
262,071527	26,700001	0,000000	0,000000E+0
262,071527	26,700001	0,000000	0,000000E+0
262,071527	26,900000	0,000000	0,000000E+0
262,071527	26,900000	0,000000	0,000000E+0
262,071527	26,900000	0,000000	0,000000E+0
262,071527	26,900000	0,000000	0,000000E+0
262,071527	26,900000	0,000000	0,000000E+0
262,071527	26,900000	0,000000	0,000000E+0
262,071527	26,900000	0,000000	0,000000E+0
263,072960	26,900000	0,000000	0,000000E+0
263,072960	26,900000	0,000000	0,000000E+0
263,072960	26,900000	0,000000	0,000000E+0
263,072960	26,900000	0,000000	0,000000E+0
263,072960	26,900000	0,000000	0,000000E+0
263,072960	26,900000	0,000000	0,000000E+0
263,072960	26,900000	0,000000	0,000000E+0
263,072960	26,900000	0,000000	0,000000E+0
263,072960	26,900000	0,000000	0,000000E+0
263,072960	26,900000	0,000000	0,000000E+0
264,072366	26,900000	0,000000	0,000000E+0
264,072366	26,900000	0,000000	0,000000E+0
264,072366	26,900000	0,000000	0,000000E+0
264,072366	26,900000	0,000000	0,000000E+0
264,072366	26,900000	0,000000	0,000000E+0
264,072366	27,000000	0,000000	0,000000E+0
264,072366	27,000000	0,000000	0,000000E+0
264,072366	27,000000	0,000000	0,000000E+0
264,072366	27,000000	0,000000	0,000000E+0
264,072366	27,000000	0,000000	0,000000E+0
265,072788	27,000000	0,000000	0,000000E+0
265,072788	27,000000	0,000000	0,000000E+0
265,072788	27,000000	0,000000	0,000000E+0
265,072788	27,000000	0,000000	0,000000E+0
265,072788	27,000000	0,000000	0,000000E+0
265,072788	27,000000	0,000000	0,000000E+0
265,072788	27,000000	0,000000	0,000000E+0
265,072788	27,000000	0,000000	0,000000E+0
265,072788	27,000000	0,000000	0,000000E+0
265,072788	27,000000	0,000000	0,000000E+0
266,073188	27,000000	0,000000	0,000000E+0
266,073188	27,000000	0,000000	0,000000E+0
266,073188	27,000000	0,000000	0,000000E+0
266,073188	27,000000	0,000000	0,000000E+0
266,073188	27,000000	0,000000	0,000000E+0
266,073188	27,000000	0,000000	0,000000E+0
266,073188	27,000000	0,000000	0,000000E+0
266,073188	27,000000	0,000000	0,000000E+0
266,073188	27,000000	0,000000	0,000000E+0
266,073188	27,000000	0,000000	0,000000E+0
267,073663	27,000000	0,000000	0,000000E+0
267,073663	27,400002	0,000000	0,000000E+0
267,073663	27,400002	0,000000	0,000000E+0
267,073663	27,400002	0,000000	0,000000E+0
267,073663	27,400002	0,000000	0,000000E+0
267,073663	27,400002	0,000000	0,000000E+0
267,073663	27,400002	0,000000	0,000000E+0
267,073663	27,400002	0,000000	0,000000E+0
267,073663	27,400002	0,000000	0,000000E+0
267,073663	27,400002	0,000000	0,000000E+0
268,074079	27,400002	0,000000	0,000000E+0
268,074079	27,100000	0,000000	0,000000E+0
268,074079	27,100000	0,000000	0,000000E+0
268,074079	27,100000	0,000000	0,000000E+0
268,074079	27,100000	0,000000	0,000000E+0
268,074079	27,100000	0,000000	0,000000E+0
268,074079	27,100000	0,000000	0,000000E+0
268,074079	27,100000	0,000000	0,000000E+0
268,074079	27,100000	0,000000	0,000000E+0
268,074079	27,100000	0,000000	0,000000E+0
269,073533	27,100000	0,000000	0,000000E+0
269,073533	27,100000	0,000000	0,000000E+0
269,073533	27,100000	0,000000	0,000000E+0
269,073533	27,100000	0,000000	0,000000E+0
269,073533	27,100000	0,000000	0,000000E+0
269,073533	27,100000	0,000000	0,000000E+0
269,073533	27,100000	0,000000	0,000000E+0
269,073533	27,100000	0,000000	0,000000E+0
269,073533	27,100000	0,000000	0,000000E+0
269,073533	27,100000	0,000000	0,000000E+0
270,074907	27,100000	0,000000	0,000000E+0
270,074907	27,100000	0,000000	0,000000E+0
270,074907	27,100000	0,000000	0,000000E+0
270,074907	27,100000	0,000000	0,000000E+0
270,074907	27,100000	0,000000	0,000000E+0
270,074907	27,100000	0,000000	0,000000E+0
270,074907	27,100000	0,000000	0,000000E+0
270,074907	27,100000	0,000000	0,000000E+0
270,074907	27,100000	0,000000	0,000000E+0
270,074907	27,100000	0,000000	0,000000E+0
271,074354	27,100000	0,000000	0,000000E+0
271,074354	27,100000	0,000000	0,000000E+0
271,074354	27,100000	0,000000	0,000000E+0
271,074354	26,799999	0,000000	0,000000E+0
271,074354	26,799999	0,000000	0,000000E+0
271,074354	26,799999	0,000000	0,000000E+0
271,074354	26,799999	0,000000	0,000000E+0
271,074354	26,799999	0,000000	0,000000E+0
271,074354	26,799999	0,000000	0,000000E+0
271,074354	26,799999	0,000000	0,000000E+0
272,074809	26,799999	0,000000	0,000000E+0
272,074809	26,799999	0,000000	0,000000E+0
272,074809	26,799999	0,000000	0,000000E+0
272,074809	26,799999	0,000000	0,000000E+0
272,074809	26,799999	0,000000	0,000000E+0
272,074809	26,799999	0,000000	0,000000E+0
272,074809	26,799999	0,000000	0,000000E+0
272,074809	26,799999	0,000000	0,000000E+0
272,074809	26,799999	0,000000	0,000000E+0
272,074809	26,799999	0,000000	0,000000E+0
273,075222	26,799999	0,000000	0,000000E+0
273,075222	26,799999	0,000000	0,000000E+0
273,075222	26,799999	0,000000	0,000000E+0
273,075222	26,799999	0,000000	0,000000E+0
273,075222	26,799999	0,000000	0,000000E+0
273,075222	26,799999	0,000000	0,000000E+0
273,075222	26,799999	0,000000	0,000000E+0
273,075222	26,799999	0,000000	0,000000E+0
273,075222	26,799999	0,000000	0,000000E+0
273,075222	26,599998	0,000000	0,000000E+0
274,075623	26,599998	0,000000	0,000000E+0
274,075623	26,599998	0,000000	0,000000E+0
274,075623	26,599998	0,000000	0,000000E+0
274,075623	26,599998	0,000000	0,000000E+0
274,075623	26,599998	0,000000	0,000000E+0
274,075623	26,599998	0,000000	0,000000E+0
274,075623	26,599998	0,000000	0,000000E+0
274,075623	26,599998	0,000000	0,000000E+0
274,075623	26,799999	0,000000	0,000000E+0
274,075623	26,799999	0,000000	0,000000E+0
275,076008	26,799999	0,000000	0,000000E+0
275,076008	26,799999	0,000000	0,000000E+0
275,076008	26,799999	0,000000	0,000000E+0
275,076008	26,799999	0,000000	0,000000E+0
275,076008	26,799999	0,000000	0,000000E+0
275,076008	26,799999	0,000000	0,000000E+0
275,076008	26,799999	0,000000	0,000000E+0
275,076008	26,799999	0,000000	0,000000E+0
275,076008	26,799999	0,000000	0,000000E+0
275,076008	26,799999	0,000000	0,000000E+0
276,075460	26,799999	0,000000	0,000000E+0
276,075460	26,799999	0,000000	0,000000E+0
276,075460	26,799999	0,000000	0,000000E+0
276,075460	26,799999	0,000000	0,000000E+0
276,075460	26,799999	0,000000	0,000000E+0
276,075460	26,799999	0,000000	0,000000E+0
276,075460	26,799999	0,000000	0,000000E+0
276,075460	26,799999	0,000000	0,000000E+0
276,075460	26,799999	0,000000	0,000000E+0
276,075460	26,799999	0,000000	0,000000E+0
277,075881	26,799999	0,000000	0,000000E+0
277,075881	26,799999	0,000000	0,000000E+0
277,075881	26,799999	0,000000	0,000000E+0
277,075881	26,799999	0,000000	0,000000E+0
277,075881	26,799999	0,000000	0,000000E+0
277,075881	26,799999	0,000000	0,000000E+0
277,075881	26,799999	0,000000	0,000000E+0
277,075881	26,799999	0,000000	0,000000E+0
277,075881	26,799999	0,000000	0,000000E+0
277,075881	26,799999	0,000000	0,000000E+0
278,075282	26,900002	0,000000	0,000000E+0
278,075282	26,900002	0,000000	0,000000E+0
278,075282	26,900002	0,000000	0,000000E+0
278,075282	26,900002	0,000000	0,000000E+0
278,075282	26,900002	0,000000	0,000000E+0
278,075282	26,900002	0,000000	0,000000E+0
278,075282	26,900002	0,000000	0,000000E+0
278,075282	26,900002	0,000000	0,000000E+0
278,075282	26,900002	0,000000	0,000000E+0
278,075282	26,900002	0,000000	0,000000E+0
279,075717	26,900002	0,000000	0,000000E+0
279,075717	26,900002	0,000000	0,000000E+0
279,075717	26,900002	0,000000	0,000000E+0
279,075717	26,900002	0,000000	0,000000E+0
279,075717	26,900002	0,000000	0,000000E+0
279,075717	26,900002	0,000000	0,000000E+0
279,075717	26,900002	0,000000	0,000000E+0
279,075717	26,900002	0,000000	0,000000E+0
279,075717	26,900002	0,000000	0,000000E+0
279,075717	26,900002	0,000000	0,000000E+0
280,076143	26,900002	0,000000	0,000000E+0
280,076143	26,900002	0,000000	0,000000E+0
280,076143	26,900002	0,000000	0,000000E+0
280,076143	26,900002	0,000000	0,000000E+0
280,076143	26,900002	0,000000	0,000000E+0
280,076143	26,900002	0,000000	0,000000E+0
280,076143	26,900002	0,000000	0,000000E+0
280,076143	26,900002	0,000000	0,000000E+0
280,076143	26,900002	0,000000	0,000000E+0
280,076143	26,900002	0,000000	0,000000E+0
281,075606	26,900002	0,000000	0,000000E+0
281,075606	26,900002	0,000000	0,000000E+0
281,075606	26,900002	0,000000	0,000000E+0
281,075606	26,900002	0,000000	0,000000E+0
281,075606	26,900002	0,000000	0,000000E+0
281,075606	26,900002	0,000000	0,000000E+0
281,075606	26,700001	0,000000	0,000000E+0
281,075606	26,700001	0,000000	0,000000E+0
281,075606	26,700001	0,000000	0,000000E+0
281,075606	26,700001	0,000000	0,000000E+0
282,077008	26,700001	0,000000	0,000000E+0
282,077008	26,700001	0,000000	0,000000E+0
282,077008	26,700001	0,000000	0,000000E+0
282,077008	26,700001	0,000000	0,000000E+0
282,077008	26,700001	0,000000	0,000000E+0
282,077008	26,700001	0,000000	0,000000E+0
282,077008	26,700001	0,000000	0,000000E+0
282,077008	26,900000	0,000000	0,000000E+0
282,077008	26,900000	0,000000	0,000000E+0
282,077008	26,900000	0,000000	0,000000E+0
283,076436	26,900000	0,000000	0,000000E+0
283,076436	26,900000	0,000000	0,000000E+0
283,076436	26,900000	0,000000	0,000000E+0
283,076436	26,900000	0,000000	0,000000E+0
283,076436	26,900000	0,000000	0,000000E+0
283,076436	26,900000	0,000000	0,000000E+0
283,076436	26,900000	0,000000	0,000000E+0
283,076436	27,000000	0,000000	0,000000E+0
283,076436	27,000000	0,000000	0,000000E+0
283,076436	27,000000	0,000000	0,000000E+0
284,077863	27,000000	0,000000	0,000000E+0
284,077863	27,000000	0,000000	0,000000E+0
284,077863	27,000000	0,000000	0,000000E+0
284,077863	27,000000	0,000000	0,000000E+0
284,077863	27,000000	0,000000	0,000000E+0
284,077863	27,000000	0,000000	0,000000E+0
284,077863	27,000000	0,000000	0,000000E+0
284,077863	27,000000	0,000000	0,000000E+0
284,077863	27,000000	0,000000	0,000000E+0
284,077863	27,000000	0,000000	0,000000E+0
285,077276	27,000000	0,000000	0,000000E+0
285,077276	27,000000	0,000000	0,000000E+0
285,077276	27,000000	0,000000	0,000000E+0
285,077276	27,000000	0,000000	0,000000E+0
285,077276	27,000000	0,000000	0,000000E+0
285,077276	27,000000	0,000000	0,000000E+0
285,077276	27,000000	0,000000	0,000000E+0
285,077276	27,100000	0,000000	0,000000E+0
285,077276	27,100000	0,000000	0,000000E+0
285,077276	27,100000	0,000000	0,000000E+0
286,077735	27,100000	0,000000	0,000000E+0
286,077735	27,100000	0,000000	0,000000E+0
286,077735	27,100000	0,000000	0,000000E+0
286,077735	27,100000	0,000000	0,000000E+0
286,077735	27,100000	0,000000	0,000000E+0
286,077735	27,100000	0,000000	0,000000E+0
286,077735	27,100000	0,000000	0,000000E+0
286,077735	27,100000	0,000000	0,000000E+0
286,077735	27,100000	0,000000	0,000000E+0
286,077735	27,100000	0,000000	0,000000E+0
287,078174	27,100000	0,000000	0,000000E+0
287,078174	27,100000	0,000000	0,000000E+0
287,078174	27,100000	0,000000	0,000000E+0
287,078174	27,100000	0,000000	0,000000E+0
287,078174	27,100000	0,000000	0,000000E+0
287,078174	27,100000	0,000000	0,000000E+0
287,078174	27,100000	0,000000	0,000000E+0
287,078174	27,100000	0,000000	0,000000E+0
287,078174	27,100000	0,000000	0,000000E+0
287,078174	27,100000	0,000000	0,000000E+0
288,077609	27,100000	0,000000	0,000000E+0
288,077609	27,100000	0,000000	0,000000E+0
288,077609	27,100000	0,000000	0,000000E+0
288,077609	27,100000	0,000000	0,000000E+0
288,077609	27,100000	0,000000	0,000000E+0
288,077609	27,100000	0,000000	0,000000E+0
288,077609	27,100000	0,000000	0,000000E+0
288,077609	27,100000	0,000000	0,000000E+0
288,077609	27,100000	0,000000	0,000000E+0
288,077609	27,100000	0,000000	0,000000E+0
289,078006	27,100000	0,000000	0,000000E+0
289,078006	27,100000	0,000000	0,000000E+0
289,078006	27,100000	0,000000	0,000000E+0
289,078006	27,100000	0,000000	0,000000E+0
289,078006	27,100000	0,000000	0,000000E+0
289,078006	27,100000	0,000000	0,000000E+0
289,078006	27,100000	0,000000	0,000000E+0
289,078006	27,100000	0,000000	0,000000E+0
289,078006	27,100000	0,000000	0,000000E+0
289,078006	27,100000	0,000000	0,000000E+0
290,077392	27,100000	0,000000	0,000000E+0
290,077392	27,100000	0,000000	0,000000E+0
290,077392	27,100000	0,000000	0,000000E+0
290,077392	27,100000	0,000000	0,000000E+0
290,077392	27,100000	0,000000	0,000000E+0
290,077392	27,100000	0,000000	0,000000E+0
290,077392	27,100000	0,000000	0,000000E+0
290,077392	27,100000	0,000000	0,000000E+0
290,077392	26,900000	0,000000	0,000000E+0
290,077392	26,900000	0,000000	0,000000E+0
291,077836	26,900000	0,000000	0,000000E+0
291,077836	26,900000	0,000000	0,000000E+0
291,077836	26,900000	0,000000	0,000000E+0
291,077836	26,900000	0,000000	0,000000E+0
291,077836	26,900000	0,000000	0,000000E+0
291,077836	26,900000	0,000000	0,000000E+0
291,077836	26,900000	0,000000	0,000000E+0
291,077836	26,900000	0,000000	0,000000E+0
291,077836	26,900000	0,000000	0,000000E+0
291,077836	26,900000	0,000000	0,000000E+0
292,077287	26,900000	0,000000	0,000000E+0
292,077287	26,900000	0,000000	0,000000E+0
292,077287	26,900000	0,000000	0,000000E+0
292,077287	26,900000	0,000000	0,000000E+0
292,077287	26,900000	0,000000	0,000000E+0
292,077287	26,900000	0,000000	0,000000E+0
292,077287	26,900000	0,000000	0,000000E+0
292,077287	26,900000	0,000000	0,000000E+0
292,077287	26,900000	0,000000	0,000000E+0
292,077287	26,900000	0,000000	0,000000E+0
293,077676	26,900000	0,000000	0,000000E+0
293,077676	26,900000	0,000000	0,000000E+0
293,077676	26,900000	0,000000	0,000000E+0
293,077676	27,200001	0,000000	0,000000E+0
293,077676	27,200001	0,000000	0,000000E+0
293,077676	27,200001	0,000000	0,000000E+0
293,077676	27,200001	0,000000	0,000000E+0
293,077676	27,200001	0,000000	0,000000E+0
293,077676	27,200001	0,000000	0,000000E+0
293,077676	27,200001	0,000000	0,000000E+0
294,078125	27,200001	0,000000	0,000000E+0
294,078125	27,200001	0,000000	0,000000E+0
294,078125	27,200001	0,000000	0,000000E+0
294,078125	27,200001	0,000000	0,000000E+0
294,078125	27,200001	0,000000	0,000000E+0
294,078125	26,500000	0,000000	0,000000E+0
294,078125	26,500000	0,000000	0,000000E+0
294,078125	26,500000	0,000000	0,000000E+0
294,078125	26,500000	0,000000	0,000000E+0
294,078125	26,500000	0,000000	0,000000E+0
295,077542	26,500000	0,000000	0,000000E+0
295,077542	26,500000	0,000000	0,000000E+0
295,077542	26,500000	0,000000	0,000000E+0
295,077542	26,500000	0,000000	0,000000E+0
295,077542	27,100000	0,000000	0,000000E+0
295,077542	27,100000	0,000000	0,000000E+0
295,077542	27,100000	0,000000	0,000000E+0
295,077542	27,100000	0,000000	0,000000E+0
295,077542	27,100000	0,000000	0,000000E+0
295,077542	27,100000	0,000000	0,000000E+0
296,077984	27,100000	0,000000	0,000000E+0
296,077984	27,100000	0,000000	0,000000E+0
296,077984	27,100000	0,000000	0,000000E+0
296,077984	27,100000	0,000000	0,000000E+0
296,077984	26,700001	0,000000	0,000000E+0
296,077984	26,700001	0,000000	0,000000E+0
296,077984	26,700001	0,000000	0,000000E+0
296,077984	26,700001	0,000000	0,000000E+0
296,077984	26,700001	0,000000	0,000000E+0
296,077984	26,700001	0,000000	0,000000E+0
297,077368	26,700001	0,000000	0,000000E+0
297,077368	26,700001	0,000000	0,000000E+0
297,077368	26,700001	0,000000	0,000000E+0
297,077368	26,700001	0,000000	0,000000E+0
297,077368	26,900000	0,000000	0,000000E+0
297,077368	26,900000	0,000000	0,000000E+0
297,077368	26,900000	0,000000	0,000000E+0
297,077368	26,900000	0,000000	0,000000E+0
297,077368	26,900000	0,000000	0,000000E+0
297,077368	26,900000	0,000000	0,000000E+0
298,078831	26,900000	0,000000	0,000000E+0
298,078831	26,900000	0,000000	0,000000E+0
298,078831	26,900000	0,000000	0,000000E+0
298,078831	26,900000	0,000000	0,000000E+0
298,078831	26,900000	0,000000	0,000000E+0
298,078831	26,900000	0,000000	0,000000E+0
298,078831	26,900000	0,000000	0,000000E+0
298,078831	26,799999	0,000000	0,000000E+0
298,078831	26,799999	0,000000	0,000000E+0
298,078831	26,799999	0,000000	0,000000E+0
299,078233	26,799999	0,000000	0,000000E+0
299,078233	26,799999	0,000000	0,000000E+0
299,078233	26,799999	0,000000	0,000000E+0
299,078233	26,799999	0,000000	0,000000E+0
299,078233	26,799999	0,000000	0,000000E+0
299,078233	26,799999	0,000000	0,000000E+0
299,078233	26,799999	0,000000	0,000000E+0
299,078233	26,799999	0,000000	0,000000E+0
299,078233	27,000000	0,000000	0,000000E+0
299,078233	27,000000	0,000000	0,000000E+0
300,078653	27,000000	0,000000	0,000000E+0
300,078653	27,000000	0,000000	0,000000E+0
300,078653	27,000000	0,000000	0,000000E+0
300,078653	27,000000	0,000000	0,000000E+0
300,078653	27,000000	0,000000	0,000000E+0
300,078653	27,000000	0,000000	0,000000E+0
300,078653	27,000000	0,000000	0,000000E+0
300,078653	27,000000	0,000000	0,000000E+0
300,078653	27,100000	0,000000	0,000000E+0
300,078653	27,100000	0,000000	0,000000E+0
301,080159	27,100000	0,000000	0,000000E+0
301,080159	27,100000	0,000000	0,000000E+0
301,080159	27,100000	0,000000	0,000000E+0
301,080159	27,100000	0,000000	0,000000E+0
301,080159	27,100000	0,000000	0,000000E+0
301,080159	27,100000	0,000000	0,000000E+0
301,080159	27,100000	0,000000	0,000000E+0
301,080159	27,100000	0,000000	0,000000E+0
301,080159	27,100000	0,000000	0,000000E+0
301,080159	26,700001	0,000000	0,000000E+0
302,079500	26,700001	0,000000	0,000000E+0
302,079500	26,700001	0,000000	0,000000E+0
302,079500	26,700001	0,000000	0,000000E+0
302,079500	26,700001	0,000000	0,000000E+0
302,079500	26,700001	0,000000	0,000000E+0
302,079500	26,700001	0,000000	0,000000E+0
302,079500	26,700001	0,000000	0,000000E+0
302,079500	26,700001	0,000000	0,000000E+0
302,079500	26,700001	0,000000	0,000000E+0
302,079500	26,700001	0,000000	0,000000E+0
303,080981	26,700001	0,000000	0,000000E+0
303,080981	26,700001	0,000000	0,000000E+0
303,080981	26,700001	0,000000	0,000000E+0
303,080981	26,700001	0,000000	0,000000E+0
303,080981	26,700001	0,000000	0,000000E+0
303,080981	26,700001	0,000000	0,000000E+0
303,080981	26,700001	0,000000	0,000000E+0
303,080981	26,700001	0,000000	0,000000E+0
303,080981	26,700001	0,000000	0,000000E+0
303,080981	26,700001	0,000000	0,000000E+0
304,080338	26,700001	0,000000	0,000000E+0
304,080338	27,000000	0,000000	0,000000E+0
304,080338	27,000000	0,000000	0,000000E+0
304,080338	27,000000	0,000000	0,000000E+0
304,080338	27,000000	0,000000	0,000000E+0
304,080338	27,000000	0,000000	0,000000E+0
304,080338	27,000000	0,000000	0,000000E+0
304,080338	27,000000	0,000000	0,000000E+0
304,080338	27,000000	0,000000	0,000000E+0
304,080338	27,000000	0,000000	0,000000E+0
305,081691	27,000000	0,000000	0,000000E+0
305,081691	27,000000	0,000000	0,000000E+0
305,081691	26,799999	0,000000	0,000000E+0
305,081691	26,799999	0,000000	0,000000E+0
305,081691	26,799999	0,000000	0,000000E+0
305,081691	26,799999	0,000000	0,000000E+0
305,081691	26,799999	0,000000	0,000000E+0
305,081691	26,799999	0,000000	0,000000E+0
305,081691	26,799999	0,000000	0,000000E+0
305,081691	26,799999	0,000000	0,000000E+0
306,082136	26,799999	0,000000	0,000000E+0
306,082136	26,799999	0,000000	0,000000E+0
306,082136	26,799999	0,000000	0,000000E+0
306,082136	26,799999	0,000000	0,000000E+0
306,082136	26,799999	0,000000	0,000000E+0
306,082136	26,799999	0,000000	0,000000E+0
306,082136	26,799999	0,000000	0,000000E+0
306,082136	26,799999	0,000000	0,000000E+0
306,082136	26,799999	0,000000	0,000000E+0
306,082136	26,799999	0,000000	0,000000E+0
307,081611	26,799999	0,000000	0,000000E+0
307,081611	26,799999	0,000000	0,000000E+0
307,081611	27,400002	0,000000	0,000000E+0
307,081611	27,400002	0,000000	0,000000E+0
307,081611	27,400002	0,000000	0,000000E+0
307,081611	27,400002	0,000000	0,000000E+0
307,081611	27,400002	0,000000	0,000000E+0
307,081611	27,400002	0,000000	0,000000E+0
307,081611	27,400002	0,000000	0,000000E+0
307,081611	27,400002	0,000000	0,000000E+0
308,081963	27,400002	0,000000	0,000000E+0
308,081963	27,400002	0,000000	0,000000E+0
308,081963	27,299999	0,000000	0,000000E+0
308,081963	27,299999	0,000000	0,000000E+0
308,081963	27,299999	0,000000	0,000000E+0
308,081963	27,299999	0,000000	0,000000E+0
308,081963	27,299999	0,000000	0,000000E+0
308,081963	27,299999	0,000000	0,000000E+0
308,081963	27,299999	0,000000	0,000000E+0
308,081963	27,299999	0,000000	0,000000E+0
309,081486	27,299999	0,000000	0,000000E+0
309,081486	27,299999	0,000000	0,000000E+0
309,081486	27,299999	0,000000	0,000000E+0
309,081486	27,299999	0,000000	0,000000E+0
309,081486	27,299999	0,000000	0,000000E+0
309,081486	27,299999	0,000000	0,000000E+0
309,081486	27,299999	0,000000	0,000000E+0
309,081486	27,299999	0,000000	0,000000E+0
309,081486	26,900000	0,000000	0,000000E+0
309,081486	26,900000	0,000000	0,000000E+0
310,081831	26,900000	0,000000	0,000000E+0
310,081831	26,900000	0,000000	0,000000E+0
310,081831	26,900000	0,000000	0,000000E+0
310,081831	26,900000	0,000000	0,000000E+0
310,081831	26,900000	0,000000	0,000000E+0
310,081831	26,900000	0,000000	0,000000E+0
310,081831	26,900000	0,000000	0,000000E+0
310,081831	26,900000	0,000000	0,000000E+0
310,081831	26,900000	0,000000	0,000000E+0
310,081831	26,900000	0,000000	0,000000E+0
311,082273	27,100000	0,000000	0,000000E+0
311,082273	27,100000	0,000000	0,000000E+0
311,082273	27,100000	0,000000	0,000000E+0
311,082273	27,100000	0,000000	0,000000E+0
311,082273	27,100000	0,000000	0,000000E+0
311,082273	27,100000	0,000000	0,000000E+0
311,082273	27,100000	0,000000	0,000000E+0
311,082273	27,100000	0,000000	0,000000E+0
311,082273	27,100000	0,000000	0,000000E+0
311,082273	26,900000	0,000000	0,000000E+0
312,082663	26,900000	0,000000	0,000000E+0
312,082663	26,900000	0,000000	0,000000E+0
312,082663	26,900000	0,000000	0,000000E+0
312,082663	26,900000	0,000000	0,000000E+0
312,082663	26,900000	0,000000	0,000000E+0
312,082663	26,900000	0,000000	0,000000E+0
312,082663	26,900000	0,000000	0,000000E+0
312,082663	26,900000	0,000000	0,000000E+0
312,082663	26,900000	0,000000	0,000000E+0
312,082663	26,900000	0,000000	0,000000E+0
313,083107	26,900000	0,000000	0,000000E+0
313,083107	26,900000	0,000000	0,000000E+0
313,083107	26,900000	0,000000	0,000000E+0
313,083107	26,900000	0,000000	0,000000E+0
313,083107	26,900000	0,000000	0,000000E+0
313,083107	26,900000	0,000000	0,000000E+0
313,083107	26,900000	0,000000	0,000000E+0
313,083107	26,900000	0,000000	0,000000E+0
313,083107	26,900000	0,000000	0,000000E+0
313,083107	26,900000	0,000000	0,000000E+0
314,082511	26,900000	0,000000	0,000000E+0
314,082511	26,900000	0,000000	0,000000E+0
314,082511	26,900000	0,000000	0,000000E+0
314,082511	26,900000	0,000000	0,000000E+0
314,082511	26,900000	0,000000	0,000000E+0
314,082511	26,900000	0,000000	0,000000E+0
314,082511	26,900000	0,000000	0,000000E+0
314,082511	26,900000	0,000000	0,000000E+0
314,082511	26,900000	0,000000	0,000000E+0
314,082511	26,900000	0,000000	0,000000E+0
315,082936	26,900000	0,000000	0,000000E+0
315,082936	26,900000	0,000000	0,000000E+0
315,082936	26,799999	0,000000	0,000000E+0
315,082936	26,799999	0,000000	0,000000E+0
315,082936	26,799999	0,000000	0,000000E+0
315,082936	26,799999	0,000000	0,000000E+0
315,082936	26,799999	0,000000	0,000000E+0
315,082936	26,799999	0,000000	0,000000E+0
315,082936	26,799999	0,000000	0,000000E+0
315,082936	26,799999	0,000000	0,000000E+0
316,082361	26,799999	0,000000	0,000000E+0
316,082361	26,799999	0,000000	0,000000E+0
316,082361	26,799999	0,000000	0,000000E+0
316,082361	26,900000	0,000000	0,000000E+0
316,082361	26,900000	0,000000	0,000000E+0
316,082361	26,900000	0,000000	0,000000E+0
316,082361	26,900000	0,000000	0,000000E+0
316,082361	26,900000	0,000000	0,000000E+0
316,082361	26,900000	0,000000	0,000000E+0
316,082361	26,900000	0,000000	0,000000E+0
317,082811	26,900000	0,000000	0,000000E+0
317,082811	26,900000	0,000000	0,000000E+0
317,082811	26,900000	0,000000	0,000000E+0
317,082811	26,700001	0,000000	0,000000E+0
317,082811	26,700001	0,000000	0,000000E+0
317,082811	26,700001	0,000000	0,000000E+0
317,082811	26,700001	0,000000	0,000000E+0
317,082811	26,700001	0,000000	0,000000E+0
317,082811	26,700001	0,000000	0,000000E+0
317,082811	26,700001	0,000000	0,000000E+0
318,083202	26,700001	0,000000	0,000000E+0
318,083202	26,700001	0,000000	0,000000E+0
318,083202	26,700001	0,000000	0,000000E+0
318,083202	26,700001	0,000000	0,000000E+0
318,083202	26,900000	0,000000	0,000000E+0
318,083202	26,900000	0,000000	0,000000E+0
318,083202	26,900000	0,000000	0,000000E+0
318,083202	26,900000	0,000000	0,000000E+0
318,083202	26,900000	0,000000	0,000000E+0
318,083202	26,900000	0,000000	0,000000E+0
319,084676	26,900000	0,000000	0,000000E+0
319,084676	26,900000	0,000000	0,000000E+0
319,084676	26,900000	0,000000	0,000000E+0
319,084676	26,799999	0,000000	0,000000E+0
319,084676	26,799999	0,000000	0,000000E+0
319,084676	26,799999	0,000000	0,000000E+0
319,084676	26,799999	0,000000	0,000000E+0
319,084676	26,799999	0,000000	0,000000E+0
319,084676	26,799999	0,000000	0,000000E+0
319,084676	26,799999	0,000000	0,000000E+0
320,084343	26,799999	0,000000	0,000000E+0
320,084343	26,799999	0,000000	0,000000E+0
320,084343	26,799999	0,000000	0,000000E+0
320,084343	26,799999	0,000000	0,000000E+0
320,084343	26,799999	0,000000	0,000000E+0
320,084343	26,799999	0,000000	0,000000E+0
320,084343	27,100000	0,000000	0,000000E+0
320,084343	27,100000	0,000000	0,000000E+0
320,084343	27,100000	0,000000	0,000000E+0
320,084343	27,100000	0,000000	0,000000E+0
321,084734	27,100000	0,000000	0,000000E+0
321,084734	27,100000	0,000000	0,000000E+0
321,084734	27,100000	0,000000	0,000000E+0
321,084734	27,100000	0,000000	0,000000E+0
321,084734	27,100000	0,000000	0,000000E+0
321,084734	27,100000	0,000000	0,000000E+0
321,084734	27,100000	0,000000	0,000000E+0
321,084734	27,100000	0,000000	0,000000E+0
321,084734	26,700001	0,000000	0,000000E+0
321,084734	26,700001	0,000000	0,000000E+0
322,086166	26,700001	0,000000	0,000000E+0
322,086166	26,700001	0,000000	0,000000E+0
322,086166	26,700001	0,000000	0,000000E+0
322,086166	26,700001	0,000000	0,000000E+0
322,086166	26,700001	0,000000	0,000000E+0
322,086166	26,700001	0,000000	0,000000E+0
322,086166	26,700001	0,000000	0,000000E+0
322,086166	26,700001	0,000000	0,000000E+0
322,086166	26,700001	0,000000	0,000000E+0
322,086166	26,700001	0,000000	0,000000E+0
323,086653	26,700001	0,000000	0,000000E+0
323,086653	26,700001	0,000000	0,000000E+0
323,086653	26,700001	0,000000	0,000000E+0
323,086653	26,700001	0,000000	0,000000E+0
323,086653	26,700001	0,000000	0,000000E+0
323,086653	26,700001	0,000000	0,000000E+0
323,086653	26,700001	0,000000	0,000000E+0
323,086653	27,000000	0,000000	0,000000E+0
323,086653	27,000000	0,000000	0,000000E+0
323,086653	27,000000	0,000000	0,000000E+0
324,088021	27,000000	0,000000	0,000000E+0
324,088021	27,000000	0,000000	0,000000E+0
324,088021	27,000000	0,000000	0,000000E+0
324,088021	27,000000	0,000000	0,000000E+0
324,088021	27,000000	0,000000	0,000000E+0
324,088021	27,000000	0,000000	0,000000E+0
324,088021	27,000000	0,000000	0,000000E+0
324,088021	27,000000	0,000000	0,000000E+0
324,088021	26,900000	0,000000	0,000000E+0
324,088021	26,900000	0,000000	0,000000E+0
325,088457	26,900000	0,000000	0,000000E+0
325,088457	26,900000	0,000000	0,000000E+0
325,088457	26,900000	0,000000	0,000000E+0
325,088457	26,900000	0,000000	0,000000E+0
325,088457	26,900000	0,000000	0,000000E+0
325,088457	26,900000	0,000000	0,000000E+0
325,088457	26,900000	0,000000	0,000000E+0
325,088457	26,900000	0,000000	0,000000E+0
325,088457	26,900000	0,000000	0,000000E+0
325,088457	26,900000	0,000000	0,000000E+0
326,088922	27,000000	0,000000	0,000000E+0
326,088922	27,000000	0,000000	0,000000E+0
326,088922	27,000000	0,000000	0,000000E+0
326,088922	27,000000	0,000000	0,000000E+0
326,088922	27,000000	0,000000	0,000000E+0
326,088922	27,000000	0,000000	0,000000E+0
326,088922	27,000000	0,000000	0,000000E+0
326,088922	27,000000	0,000000	0,000000E+0
326,088922	27,000000	0,000000	0,000000E+0
326,088922	27,000000	0,000000	0,000000E+0
327,088289	27,000000	0,000000	0,000000E+0
327,088289	27,000000	0,000000	0,000000E+0
327,088289	27,000000	0,000000	0,000000E+0
327,088289	27,000000	0,000000	0,000000E+0
327,088289	27,000000	0,000000	0,000000E+0
327,088289	27,000000	0,000000	0,000000E+0
327,088289	27,000000	0,000000	0,000000E+0
327,088289	27,000000	0,000000	0,000000E+0
327,088289	19,299999	0,000000	0,000000E+0
327,088289	19,299999	0,000000	0,000000E+0
328,088684	19,299999	0,000000	0,000000E+0
328,088684	19,299999	0,000000	0,000000E+0
328,088684	19,299999	0,000000	0,000000E+0
328,088684	19,299999	0,000000	0,000000E+0
328,088684	19,299999	0,000000	0,000000E+0
328,088684	19,299999	0,000000	0,000000E+0
328,088684	19,299999	0,000000	0,000000E+0
328,088684	1,300000	0,000000	0,000000E+0
328,088684	1,300000	0,000000	0,000000E+0
328,088684	1,300000	0,000000	0,000000E+0
329,089107	1,300000	0,000000	0,000000E+0
329,089107	1,300000	0,000000	0,000000E+0
329,089107	1,300000	0,000000	0,000000E+0
329,089107	1,300000	0,000000	0,000000E+0
