0,000000	0,000000	0,000000	5,583364E+0
0,003075	0,000000	0,000000	5,583364E+0
0,003075	0,000000	0,000000	5,583364E+0
0,003075	0,000000	0,000000	5,583364E+0
0,003075	0,000000	0,000000	5,583364E+0
0,003075	0,000000	0,000000	5,583364E+0
0,003075	0,000000	0,000000	5,583364E+0
0,003075	0,000000	0,000000	5,583364E+0
0,003075	0,000000	0,000000	5,583364E+0
0,003075	0,000000	0,000000	0,000000E+0
0,003075	0,000000	0,000000	0,000000E+0
1,003734	0,000000	0,000000	0,000000E+0
1,003734	0,000000	0,000000	0,000000E+0
1,003734	0,000000	0,000000	0,000000E+0
1,003734	0,000000	0,000000	0,000000E+0
1,003734	0,000000	0,000000	0,000000E+0
1,003734	0,000000	0,000000	0,000000E+0
1,003734	0,000000	0,000000	0,000000E+0
1,003734	0,000000	0,000000	0,000000E+0
1,003734	0,000000	0,000000	0,000000E+0
1,003734	0,000000	0,000000	0,000000E+0
2,003159	0,000000	0,000000	0,000000E+0
2,003159	0,000000	0,000000	0,000000E+0
2,003159	0,000000	0,000000	0,000000E+0
2,003159	0,000000	0,000000	0,000000E+0
2,003159	0,000000	0,000000	0,000000E+0
2,003159	0,000000	0,000000	0,000000E+0
2,003159	0,000000	0,000000	0,000000E+0
2,003159	0,000000	0,000000	0,000000E+0
2,003159	0,000000	0,000000	0,000000E+0
2,003159	0,000000	0,000000	0,000000E+0
3,003613	0,000000	0,000000	0,000000E+0
3,003613	0,000000	0,000000	0,000000E+0
3,003613	0,000000	0,000000	0,000000E+0
3,003613	0,000000	0,000000	0,000000E+0
3,003613	0,000000	0,000000	0,000000E+0
3,003613	0,000000	0,000000	0,000000E+0
3,003613	0,000000	0,000000	0,000000E+0
3,003613	0,000000	0,000000	0,000000E+0
3,003613	0,000000	0,000000	0,000000E+0
3,003613	0,000000	0,000000	0,000000E+0
4,003036	0,000000	0,000000	0,000000E+0
4,003036	0,000000	0,000000	0,000000E+0
4,003036	0,000000	0,000000	0,000000E+0
4,003036	0,000000	0,000000	0,000000E+0
4,003036	0,000000	0,000000	0,000000E+0
4,003036	0,000000	0,000000	0,000000E+0
4,003036	0,000000	0,000000	0,000000E+0
4,003036	0,000000	0,000000	0,000000E+0
4,003036	0,000000	0,000000	0,000000E+0
4,003036	0,000000	0,000000	0,000000E+0
5,003454	0,000000	0,000000	0,000000E+0
5,003454	0,000000	0,000000	0,000000E+0
5,003454	0,000000	0,000000	0,000000E+0
5,003454	0,000000	0,000000	0,000000E+0
5,003454	0,000000	0,000000	0,000000E+0
5,003454	0,000000	0,000000	0,000000E+0
5,003454	0,000000	0,000000	0,000000E+0
5,003454	0,000000	0,000000	0,000000E+0
5,003454	0,000000	0,000000	0,000000E+0
5,003454	0,000000	0,000000	0,000000E+0
6,003937	0,000000	0,000000	0,000000E+0
6,003937	0,000000	0,000000	0,000000E+0
6,003937	0,000000	0,000000	0,000000E+0
6,003937	0,000000	0,000000	0,000000E+0
6,003937	0,000000	0,000000	0,000000E+0
6,003937	0,000000	0,000000	0,000000E+0
6,003937	0,000000	0,000000	0,000000E+0
6,003937	0,000000	0,000000	0,000000E+0
6,003937	0,000000	0,000000	0,000000E+0
6,003937	0,000000	0,000000	0,000000E+0
7,003310	0,000000	0,000000	0,000000E+0
7,003310	0,000000	0,000000	0,000000E+0
7,003310	0,000000	0,000000	0,000000E+0
7,003310	0,000000	0,000000	0,000000E+0
7,003310	0,000000	0,000000	0,000000E+0
7,003310	0,000000	0,000000	0,000000E+0
7,003310	0,000000	0,000000	0,000000E+0
7,003310	0,000000	0,000000	0,000000E+0
7,003310	0,000000	0,000000	0,000000E+0
7,003310	0,000000	0,000000	0,000000E+0
8,003710	0,000000	0,000000	0,000000E+0
8,003710	0,000000	0,000000	0,000000E+0
8,003710	0,000000	0,000000	0,000000E+0
8,003710	0,000000	0,000000	0,000000E+0
8,003710	0,000000	0,000000	0,000000E+0
8,003710	0,000000	0,000000	0,000000E+0
8,003710	0,000000	0,000000	0,000000E+0
8,003710	0,000000	0,000000	0,000000E+0
8,003710	0,000000	0,000000	0,000000E+0
8,003710	0,000000	0,000000	0,000000E+0
9,003171	0,000000	0,000000	0,000000E+0
9,003171	0,000000	0,000000	0,000000E+0
9,003171	0,000000	0,000000	0,000000E+0
9,003171	0,000000	0,000000	0,000000E+0
9,003171	0,000000	0,000000	0,000000E+0
9,003171	0,000000	0,000000	0,000000E+0
9,003171	0,000000	0,000000	0,000000E+0
9,003171	0,000000	0,000000	0,000000E+0
9,003171	0,000000	0,000000	0,000000E+0
9,003171	0,000000	0,000000	0,000000E+0
10,003600	0,000000	0,000000	0,000000E+0
10,003600	0,000000	0,000000	0,000000E+0
10,003600	0,000000	0,000000	0,000000E+0
10,003600	0,000000	0,000000	0,000000E+0
10,003600	0,000000	0,000000	0,000000E+0
10,003600	0,000000	0,000000	0,000000E+0
10,003600	0,000000	0,000000	0,000000E+0
10,003600	0,000000	0,000000	0,000000E+0
10,003600	0,000000	0,000000	0,000000E+0
10,003600	0,000000	0,000000	0,000000E+0
11,003988	0,000000	0,000000	0,000000E+0
11,003988	0,000000	0,000000	0,000000E+0
11,003988	0,000000	0,000000	0,000000E+0
11,003988	0,000000	0,000000	0,000000E+0
11,003988	0,000000	0,000000	0,000000E+0
11,003988	0,000000	0,000000	0,000000E+0
11,003988	0,000000	0,000000	0,000000E+0
11,003988	0,000000	0,000000	0,000000E+0
11,003988	0,000000	0,000000	0,000000E+0
11,003988	0,000000	0,000000	0,000000E+0
12,003410	0,000000	0,000000	0,000000E+0
12,003410	0,000000	0,000000	0,000000E+0
12,003410	0,000000	0,000000	0,000000E+0
12,003410	0,000000	0,000000	0,000000E+0
12,003410	0,000000	0,000000	0,000000E+0
12,003410	0,000000	0,000000	0,000000E+0
12,003410	0,000000	0,000000	0,000000E+0
12,003410	0,000000	0,000000	0,000000E+0
12,003410	0,000000	0,000000	0,000000E+0
12,003410	0,000000	0,000000	0,000000E+0
13,003838	0,000000	0,000000	0,000000E+0
13,003838	0,000000	0,000000	0,000000E+0
13,003838	0,000000	0,000000	0,000000E+0
13,003838	0,000000	0,000000	0,000000E+0
13,003838	0,000000	0,000000	0,000000E+0
13,003838	0,000000	0,000000	0,000000E+0
13,003838	0,000000	0,000000	0,000000E+0
13,003838	0,000000	0,000000	0,000000E+0
13,003838	0,000000	0,000000	0,000000E+0
13,003838	0,000000	0,000000	0,000000E+0
14,004260	0,000000	0,000000	0,000000E+0
14,004260	0,000000	0,000000	0,000000E+0
14,004260	0,000000	0,000000	0,000000E+0
14,004260	0,000000	0,000000	0,000000E+0
14,004260	0,000000	0,000000	0,000000E+0
14,004260	0,000000	0,000000	0,000000E+0
14,004260	0,000000	0,000000	0,000000E+0
14,004260	0,000000	0,000000	0,000000E+0
14,004260	0,000000	0,000000	0,000000E+0
14,004260	0,000000	0,000000	0,000000E+0
15,004711	0,000000	0,000000	0,000000E+0
15,004711	0,000000	0,000000	0,000000E+0
15,004711	0,000000	0,000000	0,000000E+0
15,004711	0,000000	0,000000	0,000000E+0
15,004711	0,000000	0,000000	0,000000E+0
15,004711	0,000000	0,000000	0,000000E+0
15,004711	0,000000	0,000000	0,000000E+0
15,004711	0,000000	0,000000	0,000000E+0
15,004711	0,000000	0,000000	0,000000E+0
15,004711	0,000000	0,000000	0,000000E+0
16,005158	0,000000	0,000000	0,000000E+0
16,005158	0,000000	0,000000	0,000000E+0
16,005158	0,000000	0,000000	0,000000E+0
16,005158	0,000000	0,000000	0,000000E+0
16,005158	0,000000	0,000000	0,000000E+0
16,005158	0,000000	0,000000	0,000000E+0
16,005158	0,000000	0,000000	0,000000E+0
16,005158	0,000000	0,000000	0,000000E+0
16,005158	0,000000	0,000000	0,000000E+0
16,005158	0,000000	0,000000	0,000000E+0
17,006559	0,000000	0,000000	0,000000E+0
17,006559	0,000000	0,000000	0,000000E+0
17,006559	0,000000	0,000000	0,000000E+0
17,006559	0,000000	0,000000	0,000000E+0
17,006559	0,000000	0,000000	0,000000E+0
17,006559	0,000000	0,000000	0,000000E+0
17,006559	0,000000	0,000000	0,000000E+0
17,006559	0,000000	0,000000	0,000000E+0
17,006559	0,000000	0,000000	0,000000E+0
17,006559	0,000000	0,000000	0,000000E+0
18,007959	0,000000	0,000000	0,000000E+0
18,007959	0,000000	0,000000	0,000000E+0
18,007959	0,000000	0,000000	0,000000E+0
18,007959	0,000000	0,000000	0,000000E+0
18,007959	0,000000	0,000000	0,000000E+0
18,007959	0,000000	0,000000	0,000000E+0
18,007959	0,000000	0,000000	0,000000E+0
18,007959	0,000000	0,000000	0,000000E+0
18,007959	0,000000	0,000000	0,000000E+0
18,007959	0,000000	0,000000	0,000000E+0
19,007404	0,000000	0,000000	0,000000E+0
19,007404	0,000000	0,000000	0,000000E+0
19,007404	0,000000	0,000000	0,000000E+0
19,007404	0,000000	0,000000	0,000000E+0
19,007404	0,000000	0,000000	0,000000E+0
19,007404	0,000000	0,000000	0,000000E+0
19,007404	0,000000	0,000000	0,000000E+0
19,007404	0,000000	0,000000	0,000000E+0
19,007404	0,000000	0,000000	0,000000E+0
19,007404	0,000000	0,000000	0,000000E+0
20,007830	0,000000	0,000000	0,000000E+0
20,007830	0,000000	0,000000	0,000000E+0
20,007830	0,000000	0,000000	0,000000E+0
20,007830	0,000000	0,000000	0,000000E+0
20,007830	0,000000	0,000000	0,000000E+0
20,007830	0,000000	0,000000	0,000000E+0
20,007830	0,000000	0,000000	0,000000E+0
20,007830	0,000000	0,000000	0,000000E+0
20,007830	0,000000	0,000000	0,000000E+0
20,007830	0,000000	0,000000	0,000000E+0
21,007248	1,900000	0,000000	0,000000E+0
21,007248	1,900000	0,000000	0,000000E+0
21,007248	1,900000	0,000000	0,000000E+0
21,007248	1,900000	0,000000	0,000000E+0
21,007248	1,900000	0,000000	0,000000E+0
21,007248	1,900000	0,000000	0,000000E+0
21,007248	1,900000	0,000000	0,000000E+0
21,007248	1,900000	0,000000	0,000000E+0
21,007248	1,900000	0,000000	0,000000E+0
21,007248	1,900000	0,000000	0,000000E+0
22,007672	1,900000	0,000000	0,000000E+0
22,007672	87,000000	0,000000	0,000000E+0
22,007672	87,000000	0,000000	0,000000E+0
22,007672	87,000000	0,000000	0,000000E+0
22,007672	87,000000	0,000000	0,000000E+0
22,007672	87,000000	0,000000	0,000000E+0
22,007672	87,000000	0,000000	0,000000E+0
22,007672	87,000000	0,000000	0,000000E+0
22,007672	87,000000	0,000000	0,000000E+0
22,007672	87,000000	0,000000	0,000000E+0
23,008086	87,000000	0,000000	0,000000E+0
23,008086	87,000000	0,000000	0,000000E+0
23,008086	12,100000	0,000000	0,000000E+0
23,008086	12,100000	0,000000	0,000000E+0
23,008086	12,100000	0,000000	0,000000E+0
23,008086	12,100000	0,000000	0,000000E+0
23,008086	12,100000	0,000000	0,000000E+0
23,008086	12,100000	0,000000	0,000000E+0
23,008086	12,100000	0,000000	0,000000E+0
23,008086	12,100000	0,000000	0,000000E+0
24,009509	12,100000	0,000000	0,000000E+0
24,009509	12,100000	0,000000	0,000000E+0
24,009509	12,100000	0,000000	0,000000E+0
24,009509	12,100000	0,000000	0,000000E+0
24,009509	12,100000	0,000000	0,000000E+0
24,009509	12,100000	0,000000	0,000000E+0
24,009509	12,100000	0,000000	0,000000E+0
24,009509	12,100000	0,000000	0,000000E+0
24,009509	12,100000	0,000000	0,000000E+0
24,009509	12,100000	0,000000	0,000000E+0
25,009938	12,100000	0,000000	0,000000E+0
25,009938	12,100000	0,000000	0,000000E+0
25,009938	12,100000	0,000000	0,000000E+0
25,009938	0,000000	0,000000	0,000000E+0
25,009938	0,000000	0,000000	0,000000E+0
25,009938	0,000000	0,000000	0,000000E+0
25,009938	0,000000	0,000000	0,000000E+0
25,009938	0,000000	0,000000	0,000000E+0
25,009938	0,000000	0,000000	0,000000E+0
25,009938	0,000000	0,000000	0,000000E+0
26,009374	0,000000	0,000000	0,000000E+0
26,009374	0,000000	0,000000	0,000000E+0
26,009374	0,000000	0,000000	0,000000E+0
26,009374	0,000000	0,000000	0,000000E+0
26,009374	0,000000	0,000000	0,000000E+0
26,009374	0,000000	0,000000	0,000000E+0
26,009374	0,000000	0,000000	0,000000E+0
26,009374	0,000000	0,000000	0,000000E+0
26,009374	0,000000	0,000000	0,000000E+0
26,009374	0,000000	0,000000	0,000000E+0
27,010791	0,000000	0,000000	0,000000E+0
27,010791	0,000000	0,000000	0,000000E+0
27,010791	0,000000	0,000000	0,000000E+0
27,010791	48,000000	0,000000	0,000000E+0
27,010791	48,000000	0,000000	0,000000E+0
27,010791	48,000000	0,000000	0,000000E+0
27,010791	48,000000	0,000000	0,000000E+0
27,010791	48,000000	0,000000	0,000000E+0
27,010791	48,000000	0,000000	0,000000E+0
27,010791	48,000000	0,000000	0,000000E+0
28,010222	48,000000	0,000000	0,000000E+0
28,010222	48,000000	0,000000	0,000000E+0
28,010222	48,000000	0,000000	0,000000E+0
28,010222	48,000000	0,000000	0,000000E+0
28,010222	94,500000	0,000000	0,000000E+0
28,010222	94,500000	0,000000	0,000000E+0
28,010222	94,500000	0,000000	0,000000E+0
28,010222	94,500000	0,000000	0,000000E+0
28,010222	94,500000	0,000000	0,000000E+0
28,010222	94,500000	0,000000	0,000000E+0
29,010630	94,500000	0,000000	0,000000E+0
29,010630	94,500000	0,000000	0,000000E+0
29,010630	94,500000	0,000000	0,000000E+0
29,010630	94,500000	0,000000	0,000000E+0
29,010630	94,500000	0,000000	0,000000E+0
29,010630	94,500000	0,000000	0,000000E+0
29,010630	94,500000	0,000000	0,000000E+0
29,010630	62,700001	0,000000	0,000000E+0
29,010630	62,700001	0,000000	0,000000E+0
29,010630	62,700001	0,000000	0,000000E+0
30,010054	62,700001	0,000000	0,000000E+0
30,010054	62,700001	0,000000	0,000000E+0
30,010054	62,700001	0,000000	0,000000E+0
30,010054	62,700001	0,000000	0,000000E+0
30,010054	62,700001	0,000000	0,000000E+0
30,010054	62,700001	0,000000	0,000000E+0
30,010054	62,700001	0,000000	0,000000E+0
30,010054	62,700001	0,000000	0,000000E+0
30,010054	18,000000	0,000000	0,000000E+0
30,010054	18,000000	0,000000	0,000000E+0
31,010481	18,000000	0,000000	0,000000E+0
31,010481	18,000000	0,000000	0,000000E+0
31,010481	18,000000	0,000000	0,000000E+0
31,010481	18,000000	0,000000	0,000000E+0
31,010481	18,000000	0,000000	0,000000E+0
31,010481	18,000000	0,000000	0,000000E+0
31,010481	18,000000	0,000000	0,000000E+0
31,010481	18,000000	0,000000	0,000000E+0
31,010481	18,000000	0,000000	0,000000E+0
31,010481	10,799999	0,000000	0,000000E+0
32,010906	10,799999	0,000000	0,000000E+0
32,010906	10,799999	0,000000	0,000000E+0
32,010906	10,799999	0,000000	0,000000E+0
32,010906	10,799999	0,000000	0,000000E+0
32,010906	10,799999	0,000000	0,000000E+0
32,010906	10,799999	0,000000	0,000000E+0
32,010906	10,799999	0,000000	0,000000E+0
32,010906	10,799999	0,000000	0,000000E+0
32,010906	11,800000	0,000000	0,000000E+0
32,010906	11,800000	0,000000	0,000000E+0
33,010345	11,800000	0,000000	0,000000E+0
33,010345	11,800000	0,000000	0,000000E+0
33,010345	11,800000	0,000000	0,000000E+0
33,010345	11,800000	0,000000	0,000000E+0
33,010345	11,800000	0,000000	0,000000E+0
33,010345	11,800000	0,000000	0,000000E+0
33,010345	11,800000	0,000000	0,000000E+0
33,010345	11,800000	0,000000	0,000000E+0
33,010345	11,800000	0,000000	0,000000E+0
33,010345	11,800000	0,000000	0,000000E+0
34,011783	19,700001	0,000000	0,000000E+0
34,011783	19,700001	0,000000	0,000000E+0
34,011783	19,700001	0,000000	0,000000E+0
34,011783	19,700001	0,000000	0,000000E+0
34,011783	19,700001	0,000000	0,000000E+0
34,011783	19,700001	0,000000	0,000000E+0
34,011783	19,700001	0,000000	0,000000E+0
34,011783	19,700001	0,000000	0,000000E+0
34,011783	19,700001	0,000000	0,000000E+0
34,011783	32,299999	0,000000	0,000000E+0
35,012217	32,299999	0,000000	0,000000E+0
35,012217	32,299999	0,000000	0,000000E+0
35,012217	32,299999	0,000000	0,000000E+0
35,012217	32,299999	0,000000	0,000000E+0
35,012217	32,299999	0,000000	0,000000E+0
35,012217	32,299999	0,000000	0,000000E+0
35,012217	32,299999	0,000000	0,000000E+0
35,012217	32,299999	0,000000	0,000000E+0
35,012217	32,299999	0,000000	0,000000E+0
35,012217	32,299999	0,000000	0,000000E+0
36,012620	32,299999	0,000000	0,000000E+0
36,012620	32,299999	0,000000	0,000000E+0
36,012620	32,299999	0,000000	0,000000E+0
36,012620	32,299999	0,000000	0,000000E+0
36,012620	32,299999	0,000000	0,000000E+0
36,012620	32,299999	0,000000	0,000000E+0
36,012620	32,299999	0,000000	0,000000E+0
36,012620	32,299999	0,000000	0,000000E+0
36,012620	21,700001	0,000000	0,000000E+0
36,012620	21,700001	0,000000	0,000000E+0
37,012062	21,700001	0,000000	0,000000E+0
37,012062	21,700001	0,000000	0,000000E+0
37,012062	21,700001	0,000000	0,000000E+0
37,012062	21,700001	0,000000	0,000000E+0
37,012062	21,700001	0,000000	0,000000E+0
37,012062	21,700001	0,000000	0,000000E+0
37,012062	21,700001	0,000000	0,000000E+0
37,012062	21,700001	0,000000	0,000000E+0
37,012062	19,799999	0,000000	0,000000E+0
37,012062	19,799999	0,000000	0,000000E+0
38,012456	19,799999	0,000000	0,000000E+0
38,012456	19,799999	0,000000	0,000000E+0
38,012456	19,799999	0,000000	0,000000E+0
38,012456	19,799999	0,000000	0,000000E+0
38,012456	19,799999	0,000000	0,000000E+0
38,012456	19,799999	0,000000	0,000000E+0
38,012456	19,799999	0,000000	0,000000E+0
38,012456	19,799999	0,000000	0,000000E+0
38,012456	21,299999	0,000000	0,000000E+0
38,012456	21,299999	0,000000	0,000000E+0
39,013940	21,299999	0,000000	0,000000E+0
39,013940	21,299999	0,000000	0,000000E+0
39,013940	21,299999	0,000000	0,000000E+0
39,013940	21,299999	0,000000	0,000000E+0
39,013940	21,299999	0,000000	0,000000E+0
39,013940	21,299999	0,000000	0,000000E+0
39,013940	21,299999	0,000000	0,000000E+0
39,013940	21,299999	0,000000	0,000000E+0
39,013940	23,900000	0,000000	0,000000E+0
39,013940	23,900000	0,000000	0,000000E+0
40,014336	23,900000	0,000000	0,000000E+0
40,014336	23,900000	0,000000	0,000000E+0
40,014336	23,900000	0,000000	0,000000E+0
40,014336	23,900000	0,000000	0,000000E+0
40,014336	23,900000	0,000000	0,000000E+0
40,014336	23,900000	0,000000	0,000000E+0
40,014336	23,900000	0,000000	0,000000E+0
40,014336	23,900000	0,000000	0,000000E+0
40,014336	23,900000	0,000000	0,000000E+0
40,014336	25,299999	0,000000	0,000000E+0
41,014820	25,299999	0,000000	0,000000E+0
41,014820	25,299999	0,000000	0,000000E+0
41,014820	25,299999	0,000000	0,000000E+0
41,014820	25,299999	0,000000	0,000000E+0
41,014820	25,299999	0,000000	0,000000E+0
41,014820	25,299999	0,000000	0,000000E+0
41,014820	25,299999	0,000000	0,000000E+0
41,014820	25,299999	0,000000	0,000000E+0
41,014820	25,299999	0,000000	0,000000E+0
41,014820	25,299999	0,000000	0,000000E+0
42,014170	25,299999	0,000000	0,000000E+0
42,014170	25,299999	0,000000	0,000000E+0
42,014170	25,299999	0,000000	0,000000E+0
42,014170	23,099998	0,000000	0,000000E+0
42,014170	23,099998	0,000000	0,000000E+0
42,014170	23,099998	0,000000	0,000000E+0
42,014170	23,099998	0,000000	0,000000E+0
42,014170	23,099998	0,000000	0,000000E+0
42,014170	23,099998	0,000000	0,000000E+0
42,014170	23,099998	0,000000	0,000000E+0
43,014612	23,099998	0,000000	0,000000E+0
43,014612	23,099998	0,000000	0,000000E+0
43,014612	23,099998	0,000000	0,000000E+0
43,014612	22,500000	0,000000	0,000000E+0
43,014612	22,500000	0,000000	0,000000E+0
43,014612	22,500000	0,000000	0,000000E+0
43,014612	22,500000	0,000000	0,000000E+0
43,014612	22,500000	0,000000	0,000000E+0
43,014612	22,500000	0,000000	0,000000E+0
43,014612	22,500000	0,000000	0,000000E+0
44,015123	22,500000	0,000000	0,000000E+0
44,015123	22,500000	0,000000	0,000000E+0
44,015123	22,500000	0,000000	0,000000E+0
44,015123	23,200001	0,000000	0,000000E+0
44,015123	23,200001	0,000000	0,000000E+0
44,015123	23,200001	0,000000	0,000000E+0
44,015123	23,200001	0,000000	0,000000E+0
44,015123	23,200001	0,000000	0,000000E+0
44,015123	23,200001	0,000000	0,000000E+0
44,015123	23,200001	0,000000	0,000000E+0
45,014463	23,200001	0,000000	0,000000E+0
45,014463	23,200001	0,000000	0,000000E+0
45,014463	24,000000	0,000000	0,000000E+0
45,014463	24,000000	0,000000	0,000000E+0
45,014463	24,000000	0,000000	0,000000E+0
45,014463	24,000000	0,000000	0,000000E+0
45,014463	24,000000	0,000000	0,000000E+0
45,014463	24,000000	0,000000	0,000000E+0
45,014463	24,000000	0,000000	0,000000E+0
45,014463	24,000000	0,000000	0,000000E+0
46,015927	24,000000	0,000000	0,000000E+0
46,015927	24,000000	0,000000	0,000000E+0
46,015927	24,000000	0,000000	0,000000E+0
46,015927	24,000000	0,000000	0,000000E+0
46,015927	24,000000	0,000000	0,000000E+0
46,015927	23,500000	0,000000	0,000000E+0
46,015927	23,500000	0,000000	0,000000E+0
46,015927	23,500000	0,000000	0,000000E+0
46,015927	23,500000	0,000000	0,000000E+0
46,015927	23,500000	0,000000	0,000000E+0
47,015400	23,500000	0,000000	0,000000E+0
47,015400	23,500000	0,000000	0,000000E+0
47,015400	23,500000	0,000000	0,000000E+0
47,015400	23,500000	0,000000	0,000000E+0
47,015400	23,500000	0,000000	0,000000E+0
47,015400	23,500000	0,000000	0,000000E+0
47,015400	23,500000	0,000000	0,000000E+0
47,015400	23,500000	0,000000	0,000000E+0
47,015400	23,500000	0,000000	0,000000E+0
47,015400	23,500000	0,000000	0,000000E+0
48,015739	23,400000	0,000000	0,000000E+0
48,015739	23,400000	0,000000	0,000000E+0
48,015739	23,400000	0,000000	0,000000E+0
48,015739	23,400000	0,000000	0,000000E+0
48,015739	23,400000	0,000000	0,000000E+0
48,015739	23,400000	0,000000	0,000000E+0
48,015739	23,400000	0,000000	0,000000E+0
48,015739	23,400000	0,000000	0,000000E+0
48,015739	23,400000	0,000000	0,000000E+0
48,015739	23,400000	0,000000	0,000000E+0
49,015200	23,400000	0,000000	0,000000E+0
49,015200	23,700001	0,000000	0,000000E+0
49,015200	23,700001	0,000000	0,000000E+0
49,015200	23,700001	0,000000	0,000000E+0
49,015200	23,700001	0,000000	0,000000E+0
49,015200	23,700001	0,000000	0,000000E+0
49,015200	23,700001	0,000000	0,000000E+0
49,015200	23,700001	0,000000	0,000000E+0
49,015200	23,700001	0,000000	0,000000E+0
49,015200	23,700001	0,000000	0,000000E+0
50,015663	23,700001	0,000000	0,000000E+0
50,015663	23,599998	0,000000	0,000000E+0
50,015663	23,599998	0,000000	0,000000E+0
50,015663	23,599998	0,000000	0,000000E+0
50,015663	23,599998	0,000000	0,000000E+0
50,015663	23,599998	0,000000	0,000000E+0
50,015663	23,599998	0,000000	0,000000E+0
50,015663	23,599998	0,000000	0,000000E+0
50,015663	23,599998	0,000000	0,000000E+0
50,015663	23,599998	0,000000	0,000000E+0
51,016000	23,599998	0,000000	0,000000E+0
51,016000	23,299999	0,000000	0,000000E+0
51,016000	23,299999	0,000000	0,000000E+0
51,016000	23,299999	0,000000	0,000000E+0
51,016000	23,299999	0,000000	0,000000E+0
51,016000	23,299999	0,000000	0,000000E+0
51,016000	23,299999	0,000000	0,000000E+0
51,016000	23,299999	0,000000	0,000000E+0
51,016000	23,299999	0,000000	0,000000E+0
51,016000	23,299999	0,000000	0,000000E+0
52,015422	23,299999	0,000000	0,000000E+0
52,015422	23,299999	0,000000	0,000000E+0
52,015422	23,700001	0,000000	0,000000E+0
52,015422	23,700001	0,000000	0,000000E+0
52,015422	23,700001	0,000000	0,000000E+0
52,015422	23,700001	0,000000	0,000000E+0
52,015422	23,700001	0,000000	0,000000E+0
52,015422	23,700001	0,000000	0,000000E+0
52,015422	23,700001	0,000000	0,000000E+0
52,015422	23,700001	0,000000	0,000000E+0
53,015879	23,700001	0,000000	0,000000E+0
53,015879	23,700001	0,000000	0,000000E+0
53,015879	23,700001	0,000000	0,000000E+0
53,015879	23,700001	0,000000	0,000000E+0
53,015879	23,700001	0,000000	0,000000E+0
53,015879	23,700001	0,000000	0,000000E+0
53,015879	23,700001	0,000000	0,000000E+0
53,015879	23,599998	0,000000	0,000000E+0
53,015879	23,599998	0,000000	0,000000E+0
53,015879	23,599998	0,000000	0,000000E+0
54,016328	23,599998	0,000000	0,000000E+0
54,016328	23,599998	0,000000	0,000000E+0
54,016328	23,599998	0,000000	0,000000E+0
54,016328	23,599998	0,000000	0,000000E+0
54,016328	23,599998	0,000000	0,000000E+0
54,016328	23,500000	0,000000	0,000000E+0
54,016328	23,500000	0,000000	0,000000E+0
54,016328	23,500000	0,000000	0,000000E+0
54,016328	23,500000	0,000000	0,000000E+0
54,016328	23,500000	0,000000	0,000000E+0
55,016712	23,500000	0,000000	0,000000E+0
55,016712	23,500000	0,000000	0,000000E+0
55,016712	23,500000	0,000000	0,000000E+0
55,016712	23,500000	0,000000	0,000000E+0
55,016712	23,500000	0,000000	0,000000E+0
55,016712	23,599998	0,000000	0,000000E+0
55,016712	23,599998	0,000000	0,000000E+0
55,016712	23,599998	0,000000	0,000000E+0
55,016712	23,599998	0,000000	0,000000E+0
55,016712	23,599998	0,000000	0,000000E+0
56,016135	23,599998	0,000000	0,000000E+0
56,016135	23,599998	0,000000	0,000000E+0
56,016135	23,599998	0,000000	0,000000E+0
56,016135	23,599998	0,000000	0,000000E+0
56,016135	23,599998	0,000000	0,000000E+0
56,016135	23,599998	0,000000	0,000000E+0
56,016135	23,500000	0,000000	0,000000E+0
56,016135	23,500000	0,000000	0,000000E+0
56,016135	23,500000	0,000000	0,000000E+0
56,016135	23,500000	0,000000	0,000000E+0
57,017543	23,500000	0,000000	0,000000E+0
57,017543	23,500000	0,000000	0,000000E+0
57,017543	23,500000	0,000000	0,000000E+0
57,017543	23,500000	0,000000	0,000000E+0
57,017543	23,500000	0,000000	0,000000E+0
57,017543	23,500000	0,000000	0,000000E+0
57,017543	23,500000	0,000000	0,000000E+0
57,017543	23,500000	0,000000	0,000000E+0
57,017543	23,500000	0,000000	0,000000E+0
57,017543	23,500000	0,000000	0,000000E+0
58,017579	23,500000	0,000000	0,000000E+0
58,017579	23,500000	0,000000	0,000000E+0
58,017579	23,500000	0,000000	0,000000E+0
58,017579	23,500000	0,000000	0,000000E+0
58,017579	23,500000	0,000000	0,000000E+0
58,017579	23,500000	0,000000	0,000000E+0
58,017579	23,500000	0,000000	0,000000E+0
58,017579	23,500000	0,000000	0,000000E+0
58,017579	23,500000	0,000000	0,000000E+0
58,017579	23,500000	0,000000	0,000000E+0
59,018013	23,500000	0,000000	0,000000E+0
59,018013	24,000000	0,000000	0,000000E+0
59,018013	24,000000	0,000000	0,000000E+0
59,018013	24,000000	0,000000	0,000000E+0
59,018013	24,000000	0,000000	0,000000E+0
59,018013	24,000000	0,000000	0,000000E+0
59,018013	24,000000	0,000000	0,000000E+0
59,018013	24,000000	0,000000	0,000000E+0
59,018013	24,000000	0,000000	0,000000E+0
59,018013	24,000000	0,000000	0,000000E+0
60,017449	23,900002	0,000000	0,000000E+0
60,017449	23,900002	0,000000	0,000000E+0
60,017449	23,900002	0,000000	0,000000E+0
60,017449	23,900002	0,000000	0,000000E+0
60,017449	23,900002	0,000000	0,000000E+0
60,017449	23,900002	0,000000	0,000000E+0
60,017449	23,900002	0,000000	0,000000E+0
60,017449	23,900002	0,000000	0,000000E+0
60,017449	23,900002	0,000000	0,000000E+0
60,017449	23,900002	0,000000	0,000000E+0
61,017864	23,900002	30,000000	0,000000E+0
61,017864	23,900002	30,000000	0,000000E+0
61,017864	23,900002	30,000000	0,000000E+0
61,017864	23,900002	30,000000	0,000000E+0
61,017864	23,900002	30,000000	0,000000E+0
61,017864	23,900002	30,000000	0,000000E+0
61,017864	23,900002	30,000000	0,000000E+0
61,017864	23,900002	30,000000	0,000000E+0
61,017864	23,900002	30,000000	0,000000E+0
61,017864	23,900002	30,000000	0,000000E+0
62,017309	23,799999	30,000000	0,000000E+0
62,017309	23,799999	30,000000	0,000000E+0
62,017309	23,799999	30,000000	0,000000E+0
62,017309	23,799999	30,000000	0,000000E+0
62,017309	23,799999	30,000000	0,000000E+0
62,017309	23,799999	30,000000	0,000000E+0
62,017309	23,799999	30,000000	0,000000E+0
62,017309	23,799999	30,000000	0,000000E+0
62,017309	23,799999	30,000000	0,000000E+0
62,017309	23,799999	30,000000	0,000000E+0
63,017723	23,799999	30,000000	0,000000E+0
63,017723	23,799999	30,000000	0,000000E+0
63,017723	23,799999	30,000000	0,000000E+0
63,017723	23,599998	30,000000	0,000000E+0
63,017723	23,599998	30,000000	0,000000E+0
63,017723	23,599998	30,000000	0,000000E+0
63,017723	23,599998	30,000000	0,000000E+0
63,017723	23,599998	30,000000	0,000000E+0
63,017723	23,599998	30,000000	0,000000E+0
63,017723	23,599998	30,000000	0,000000E+0
64,017161	23,599998	30,000000	0,000000E+0
64,017161	23,599998	30,000000	0,000000E+0
64,017161	23,599998	30,000000	0,000000E+0
64,017161	23,599998	30,000000	0,000000E+0
64,017161	23,599998	30,000000	0,000000E+0
64,017161	23,799999	30,000000	0,000000E+0
64,017161	23,799999	30,000000	0,000000E+0
64,017161	23,799999	30,000000	0,000000E+0
64,017161	23,799999	30,000000	0,000000E+0
64,017161	23,799999	30,000000	0,000000E+0
65,017567	23,799999	30,000000	0,000000E+0
65,017567	23,799999	30,000000	0,000000E+0
65,017567	23,799999	30,000000	0,000000E+0
65,017567	23,799999	30,000000	0,000000E+0
65,017567	23,799999	30,000000	0,000000E+0
65,017567	24,000000	30,000000	0,000000E+0
65,017567	24,000000	30,000000	0,000000E+0
65,017567	24,000000	30,000000	0,000000E+0
65,017567	24,000000	30,000000	0,000000E+0
65,017567	24,000000	30,000000	0,000000E+0
66,018040	24,000000	30,000000	0,000000E+0
66,018040	24,000000	30,000000	0,000000E+0
66,018040	24,000000	30,000000	0,000000E+0
66,018040	24,000000	30,000000	0,000000E+0
66,018040	24,000000	30,000000	0,000000E+0
66,018040	24,200001	30,000000	0,000000E+0
66,018040	24,200001	30,000000	0,000000E+0
66,018040	24,200001	30,000000	0,000000E+0
66,018040	24,200001	30,000000	0,000000E+0
66,018040	24,200001	30,000000	0,000000E+0
67,017445	24,200001	30,000000	0,000000E+0
67,017445	24,200001	30,000000	0,000000E+0
67,017445	24,200001	30,000000	0,000000E+0
67,017445	24,200001	30,000000	0,000000E+0
67,017445	24,200001	30,000000	0,000000E+0
67,017445	24,200001	30,000000	0,000000E+0
67,017445	24,200001	30,000000	0,000000E+0
67,017445	24,200001	30,000000	0,000000E+0
67,017445	24,200001	30,000000	0,000000E+0
67,017445	24,200001	30,000000	0,000000E+0
68,017840	24,200001	30,000000	0,000000E+0
68,017840	24,200001	30,000000	0,000000E+0
68,017840	24,200001	30,000000	0,000000E+0
68,017840	24,200001	30,000000	0,000000E+0
68,017840	24,200001	30,000000	0,000000E+0
68,017840	24,200001	30,000000	0,000000E+0
68,017840	24,200001	30,000000	0,000000E+0
68,017840	24,200001	30,000000	0,000000E+0
68,017840	24,200001	30,000000	0,000000E+0
68,017840	24,200001	30,000000	0,000000E+0
69,017257	24,200001	30,000000	0,000000E+0
69,017257	24,200001	30,000000	0,000000E+0
69,017257	24,200001	30,000000	0,000000E+0
69,017257	24,200001	30,000000	0,000000E+0
69,017257	24,200001	30,000000	0,000000E+0
69,017257	24,200001	30,000000	0,000000E+0
69,017257	24,200001	30,000000	0,000000E+0
69,017257	24,200001	30,000000	0,000000E+0
69,017257	24,200001	30,000000	0,000000E+0
69,017257	24,200001	30,000000	0,000000E+0
70,017674	24,200001	30,000000	0,000000E+0
70,017674	24,000000	30,000000	0,000000E+0
70,017674	24,000000	30,000000	0,000000E+0
70,017674	24,000000	30,000000	0,000000E+0
70,017674	24,000000	30,000000	0,000000E+0
70,017674	24,000000	30,000000	0,000000E+0
70,017674	24,000000	30,000000	0,000000E+0
70,017674	24,000000	30,000000	0,000000E+0
70,017674	24,000000	30,000000	0,000000E+0
70,017674	24,000000	30,000000	0,000000E+0
71,018174	24,000000	30,000000	0,000000E+0
71,018174	24,099998	30,000000	0,000000E+0
71,018174	24,099998	30,000000	0,000000E+0
71,018174	24,099998	30,000000	0,000000E+0
71,018174	24,099998	30,000000	0,000000E+0
71,018174	24,099998	30,000000	0,000000E+0
71,018174	24,099998	30,000000	0,000000E+0
71,018174	24,099998	30,000000	0,000000E+0
71,018174	24,099998	30,000000	0,000000E+0
71,018174	24,099998	30,000000	0,000000E+0
72,019619	23,900002	30,000000	0,000000E+0
72,019619	23,900002	30,000000	0,000000E+0
72,019619	23,900002	30,000000	0,000000E+0
72,019619	23,900002	30,000000	0,000000E+0
72,019619	23,900002	30,000000	0,000000E+0
72,019619	23,900002	30,000000	0,000000E+0
72,019619	23,900002	30,000000	0,000000E+0
72,019619	23,900002	30,000000	0,000000E+0
72,019619	23,900002	30,000000	0,000000E+0
72,019619	23,900002	30,000000	0,000000E+0
73,019970	23,900002	30,000000	0,000000E+0
73,019970	24,000000	30,000000	0,000000E+0
73,019970	24,000000	30,000000	0,000000E+0
73,019970	24,000000	30,000000	0,000000E+0
73,019970	24,000000	30,000000	0,000000E+0
73,019970	24,000000	30,000000	0,000000E+0
73,019970	24,000000	30,000000	0,000000E+0
73,019970	24,000000	30,000000	0,000000E+0
73,019970	24,000000	30,000000	0,000000E+0
73,019970	24,000000	30,000000	0,000000E+0
74,020395	24,000000	30,000000	0,000000E+0
74,020395	24,000000	30,000000	0,000000E+0
74,020395	24,000000	30,000000	0,000000E+0
74,020395	24,000000	30,000000	0,000000E+0
74,020395	24,099998	30,000000	0,000000E+0
74,020395	24,099998	30,000000	0,000000E+0
74,020395	24,099998	30,000000	0,000000E+0
74,020395	24,099998	30,000000	0,000000E+0
74,020395	24,099998	30,000000	0,000000E+0
74,020395	24,099998	30,000000	0,000000E+0
75,020826	24,099998	30,000000	0,000000E+0
75,020826	24,099998	30,000000	0,000000E+0
75,020826	24,099998	30,000000	0,000000E+0
75,020826	24,099998	30,000000	0,000000E+0
75,020826	24,099998	30,000000	0,000000E+0
75,020826	24,400000	30,000000	0,000000E+0
75,020826	24,400000	30,000000	0,000000E+0
75,020826	24,400000	30,000000	0,000000E+0
75,020826	24,400000	30,000000	0,000000E+0
75,020826	24,400000	30,000000	0,000000E+0
76,020303	24,400000	30,000000	0,000000E+0
76,020303	24,400000	30,000000	0,000000E+0
76,020303	24,400000	30,000000	0,000000E+0
76,020303	24,400000	30,000000	0,000000E+0
76,020303	24,700001	30,000000	0,000000E+0
76,020303	24,700001	30,000000	0,000000E+0
76,020303	24,700001	30,000000	0,000000E+0
76,020303	24,700001	30,000000	0,000000E+0
76,020303	24,700001	30,000000	0,000000E+0
76,020303	24,700001	30,000000	0,000000E+0
77,020679	24,700001	30,000000	0,000000E+0
77,020679	24,700001	30,000000	0,000000E+0
77,020679	24,700001	30,000000	0,000000E+0
77,020679	24,700001	30,000000	0,000000E+0
77,020679	24,700001	30,000000	0,000000E+0
77,020679	24,099998	30,000000	0,000000E+0
77,020679	24,099998	30,000000	0,000000E+0
77,020679	24,099998	30,000000	0,000000E+0
77,020679	24,099998	30,000000	0,000000E+0
77,020679	24,099998	30,000000	0,000000E+0
78,020080	24,099998	30,000000	0,000000E+0
78,020080	24,099998	30,000000	0,000000E+0
78,020080	24,099998	30,000000	0,000000E+0
78,020080	24,099998	30,000000	0,000000E+0
78,020080	24,099998	30,000000	0,000000E+0
78,020080	24,099998	30,000000	0,000000E+0
78,020080	24,099998	30,000000	0,000000E+0
78,020080	24,099998	30,000000	0,000000E+0
78,020080	24,099998	30,000000	0,000000E+0
78,020080	24,099998	30,000000	0,000000E+0
79,020600	24,099998	30,000000	0,000000E+0
79,020600	24,099998	30,000000	0,000000E+0
79,020600	24,099998	30,000000	0,000000E+0
79,020600	24,099998	30,000000	0,000000E+0
79,020600	24,099998	30,000000	0,000000E+0
79,020600	24,099998	30,000000	0,000000E+0
79,020600	24,099998	30,000000	0,000000E+0
79,020600	24,200001	30,000000	0,000000E+0
79,020600	24,200001	30,000000	0,000000E+0
79,020600	24,200001	30,000000	0,000000E+0
80,021001	24,200001	30,000000	0,000000E+0
80,021001	24,200001	30,000000	0,000000E+0
80,021001	24,200001	30,000000	0,000000E+0
80,021001	24,200001	30,000000	0,000000E+0
80,021001	24,200001	30,000000	0,000000E+0
80,021001	24,200001	30,000000	0,000000E+0
80,021001	24,200001	30,000000	0,000000E+0
80,021001	24,200001	30,000000	0,000000E+0
80,021001	24,200001	30,000000	0,000000E+0
80,021001	24,099998	30,000000	0,000000E+0
81,020405	24,099998	30,000000	0,000000E+0
81,020405	24,099998	30,000000	0,000000E+0
81,020405	24,099998	30,000000	0,000000E+0
81,020405	24,099998	30,000000	0,000000E+0
81,020405	24,099998	30,000000	0,000000E+0
81,020405	24,099998	30,000000	0,000000E+0
81,020405	24,099998	30,000000	0,000000E+0
81,020405	24,099998	30,000000	0,000000E+0
81,020405	24,099998	30,000000	0,000000E+0
81,020405	24,200001	30,000000	0,000000E+0
82,020776	24,200001	30,000000	0,000000E+0
82,020776	24,200001	30,000000	0,000000E+0
82,020776	24,200001	30,000000	0,000000E+0
82,020776	24,200001	30,000000	0,000000E+0
82,020776	24,200001	30,000000	0,000000E+0
82,020776	24,200001	30,000000	0,000000E+0
82,020776	24,200001	30,000000	0,000000E+0
82,020776	24,200001	30,000000	0,000000E+0
82,020776	24,200001	30,000000	0,000000E+0
82,020776	24,200001	30,000000	0,000000E+0
83,021228	24,200001	30,000000	0,000000E+0
83,021228	24,200001	30,000000	9,308641E-5
83,021228	24,200001	30,000000	1,861728E-4
83,021228	24,200001	30,000000	1,861728E-4
83,021228	24,200001	30,000000	1,861728E-4
83,021228	24,200001	30,000000	2,792592E-4
83,021228	24,200001	30,000000	2,792592E-4
83,021228	24,200001	30,000000	3,723456E-4
83,021228	24,200001	30,000000	4,654320E-4
83,021228	24,400002	30,000000	5,585184E-4
84,021636	24,400002	30,000000	5,585184E-4
84,021636	24,400002	30,000000	5,979997E-4
84,021636	24,400002	30,000000	6,878762E-4
84,021636	24,400002	30,000000	6,878762E-4
84,021636	24,400002	30,000000	7,777527E-4
84,021636	24,400002	30,000000	8,676293E-4
84,021636	24,400002	30,000000	9,575058E-4
84,021636	24,400002	30,000000	9,575058E-4
84,021636	24,400002	30,000000	1,047382E-3
84,021636	24,400002	30,000000	1,047382E-3
85,022111	24,400002	30,000000	1,137259E-3
85,022111	24,400002	30,000000	1,137259E-3
85,022111	24,400002	30,000000	1,227135E-3
85,022111	24,400002	30,000000	1,317012E-3
85,022111	24,400002	30,000000	1,317012E-3
85,022111	24,400002	30,000000	1,406888E-3
85,022111	24,400002	30,000000	1,496765E-3
85,022111	24,400002	30,000000	1,586641E-3
85,022111	24,400002	30,000000	1,586641E-3
85,022111	24,400002	30,000000	1,676518E-3
86,022498	24,400002	30,000000	1,766394E-3
86,022498	24,400002	30,000000	1,856271E-3
86,022498	24,400002	30,000000	1,856271E-3
86,022498	23,900002	30,000000	1,946147E-3
86,022498	23,900002	30,000000	1,946147E-3
86,022498	23,900002	30,000000	2,170036E-3
86,022498	23,900002	30,000000	2,170036E-3
86,022498	23,900002	30,000000	2,170036E-3
86,022498	23,900002	30,000000	2,267938E-3
86,022498	23,900002	30,000000	2,365839E-3
87,022935	23,900002	30,000000	2,463740E-3
87,022935	23,900002	30,000000	2,561641E-3
87,022935	23,900002	30,000000	2,561641E-3
87,022935	23,900002	30,000000	2,659542E-3
87,022935	24,299999	30,000000	2,757444E-3
87,022935	24,299999	30,000000	2,757444E-3
87,022935	24,299999	30,000000	2,748136E-3
87,022935	24,299999	30,000000	2,839617E-3
87,022935	24,299999	30,000000	2,839617E-3
87,022935	24,299999	30,000000	2,931099E-3
88,023456	24,299999	30,000000	2,931099E-3
88,023456	24,299999	30,000000	3,022580E-3
88,023456	24,299999	30,000000	3,114062E-3
88,023456	24,299999	30,000000	3,205543E-3
88,023456	24,400002	30,000000	3,205543E-3
88,023456	24,400002	30,000000	3,270221E-3
88,023456	24,400002	30,000000	3,360098E-3
88,023456	24,400002	30,000000	3,449974E-3
88,023456	24,400002	30,000000	3,539851E-3
88,023456	24,400002	30,000000	3,629728E-3
89,023820	24,400002	30,000000	3,629728E-3
89,023820	24,400002	30,000000	3,719604E-3
89,023820	24,400002	40,000000	3,809481E-3
89,023820	24,400002	40,000000	6,579604E-3
89,023820	24,200001	40,000000	6,579604E-3
89,023820	24,200001	40,000000	6,579604E-3
89,023820	24,200001	40,000000	6,579604E-3
89,023820	24,200001	40,000000	6,883579E-3
89,023820	24,200001	40,000000	7,137160E-3
89,023820	24,200001	40,000000	7,390740E-3
90,023210	24,200001	40,000000	7,390740E-3
90,023210	24,200001	40,000000	7,644320E-3
90,023210	24,200001	40,000000	7,897900E-3
90,023210	24,200001	40,000000	8,151481E-3
90,023210	24,299999	40,000000	8,378259E-3
90,023210	24,299999	40,000000	8,378259E-3
90,023210	24,299999	40,000000	8,630234E-3
90,023210	24,299999	40,000000	8,630234E-3
90,023210	24,299999	40,000000	8,882209E-3
90,023210	24,299999	40,000000	8,882209E-3
91,023638	24,299999	40,000000	9,134185E-3
91,023638	24,299999	40,000000	9,134185E-3
91,023638	24,299999	40,000000	9,386160E-3
91,023638	24,299999	40,000000	9,386160E-3
91,023638	24,299999	40,000000	9,638135E-3
91,023638	24,299999	40,000000	9,890111E-3
91,023638	24,299999	40,000000	9,890111E-3
91,023638	24,299999	40,000000	1,014209E-2
91,023638	24,599998	40,000000	1,039406E-2
91,023638	24,599998	40,000000	1,056563E-2
92,024026	24,599998	40,000000	1,081279E-2
92,024026	24,599998	40,000000	1,081279E-2
92,024026	24,599998	40,000000	1,105995E-2
92,024026	24,599998	40,000000	1,105995E-2
92,024026	24,599998	40,000000	1,130711E-2
92,024026	24,599998	40,000000	1,130711E-2
92,024026	24,599998	40,000000	1,130711E-2
92,024026	24,599998	40,000000	1,155427E-2
92,024026	24,900000	40,000000	1,172102E-2
92,024026	24,900000	40,000000	1,196337E-2
93,024496	24,900000	40,000000	1,220572E-2
93,024496	24,900000	40,000000	1,220572E-2
93,024496	24,900000	40,000000	1,244806E-2
93,024496	24,900000	40,000000	1,269041E-2
93,024496	24,900000	40,000000	1,293275E-2
93,024496	24,900000	40,000000	1,293275E-2
93,024496	24,900000	40,000000	1,317510E-2
93,024496	24,900000	40,000000	1,317510E-2
93,024496	25,200001	40,000000	1,341744E-2
93,024496	25,200001	40,000000	1,341744E-2
94,024931	25,200001	40,000000	1,357938E-2
94,024931	25,200001	40,000000	1,357938E-2
94,024931	25,200001	40,000000	1,381691E-2
94,024931	25,200001	40,000000	1,405444E-2
94,024931	25,200001	40,000000	1,429197E-2
94,024931	25,200001	40,000000	1,452951E-2
94,024931	25,200001	40,000000	1,476704E-2
94,024931	25,200001	40,000000	1,476704E-2
94,024931	25,200001	40,000000	1,500457E-2
94,024931	24,700001	40,000000	1,524210E-2
95,024307	24,700001	40,000000	1,561364E-2
95,024307	24,700001	40,000000	1,561364E-2
95,024307	24,700001	40,000000	1,585920E-2
95,024307	24,700001	40,000000	1,610475E-2
95,024307	24,700001	40,000000	1,610475E-2
95,024307	24,700001	40,000000	1,635031E-2
95,024307	24,700001	40,000000	1,635031E-2
95,024307	24,700001	40,000000	1,659586E-2
95,024307	24,700001	40,000000	1,659586E-2
95,024307	24,799999	40,000000	1,681462E-2
96,024710	24,799999	40,000000	1,705857E-2
96,024710	24,799999	40,000000	1,705857E-2
96,024710	24,799999	40,000000	1,730252E-2
96,024710	24,799999	40,000000	1,754647E-2
96,024710	24,799999	40,000000	1,754647E-2
96,024710	24,799999	40,000000	1,779042E-2
96,024710	24,799999	40,000000	1,803437E-2
96,024710	24,799999	40,000000	1,827832E-2
96,024710	24,799999	40,000000	1,827832E-2
96,024710	24,799999	40,000000	1,827832E-2
97,024197	24,799999	40,000000	1,852227E-2
97,024197	24,799999	40,000000	1,852227E-2
97,024197	24,799999	40,000000	1,876622E-2
97,024197	24,799999	40,000000	1,901017E-2
97,024197	24,799999	40,000000	1,925412E-2
97,024197	24,799999	40,000000	1,925412E-2
97,024197	25,299999	40,000000	1,949807E-2
97,024197	25,299999	40,000000	1,960801E-2
97,024197	25,299999	40,000000	1,984394E-2
97,024197	25,299999	40,000000	1,984394E-2
98,025614	25,299999	40,000000	2,007986E-2
98,025614	25,299999	40,000000	2,031579E-2
98,025614	25,299999	40,000000	2,031579E-2
98,025614	25,299999	40,000000	2,055172E-2
98,025614	25,299999	40,000000	2,055172E-2
98,025614	25,299999	40,000000	2,078764E-2
98,025614	25,000000	40,000000	2,078764E-2
98,025614	25,000000	40,000000	2,110398E-2
98,025614	25,000000	40,000000	2,134472E-2
98,025614	25,000000	40,000000	2,158546E-2
99,026004	25,000000	40,000000	2,158546E-2
99,026004	25,000000	40,000000	2,182620E-2
99,026004	25,000000	40,000000	2,206694E-2
99,026004	25,000000	40,000000	2,230768E-2
99,026004	25,000000	40,000000	2,230768E-2
99,026004	25,000000	40,000000	2,254842E-2
99,026004	25,000000	40,000000	2,254842E-2
99,026004	25,000000	40,000000	2,278916E-2
99,026004	25,000000	40,000000	2,302990E-2
99,026004	25,000000	40,000000	2,302990E-2
100,025452	25,000000	40,000000	2,327064E-2
100,025452	25,000000	40,000000	2,327064E-2
100,025452	25,000000	40,000000	2,327064E-2
100,025452	25,000000	40,000000	2,351138E-2
100,025452	25,000000	40,000000	2,375212E-2
100,025452	25,000000	40,000000	2,375212E-2
100,025452	25,500000	40,000000	2,399286E-2
100,025452	25,500000	40,000000	2,409959E-2
100,025452	25,500000	40,000000	2,409959E-2
100,025452	25,500000	40,000000	2,433231E-2
101,025868	25,500000	40,000000	2,456502E-2
101,025868	25,500000	40,000000	2,479774E-2
101,025868	25,500000	40,000000	2,479774E-2
101,025868	25,500000	40,000000	2,503046E-2
101,025868	25,500000	40,000000	2,503046E-2
101,025868	25,500000	40,000000	2,526317E-2
101,025868	25,500000	40,000000	2,526317E-2
101,025868	25,500000	40,000000	2,549589E-2
101,025868	25,700001	40,000000	2,567500E-2
101,025868	25,700001	40,000000	2,567500E-2
102,025309	25,700001	40,000000	2,590451E-2
102,025309	25,700001	40,000000	2,613401E-2
102,025309	25,700001	40,000000	2,613401E-2
102,025309	25,700001	40,000000	2,636352E-2
102,025309	25,700001	40,000000	2,659302E-2
102,025309	25,700001	40,000000	2,682253E-2
102,025309	25,700001	40,000000	2,682253E-2
102,025309	25,700001	40,000000	2,705204E-2
102,025309	25,700001	40,000000	2,728154E-2
102,025309	25,700001	40,000000	2,728154E-2
103,025703	25,700001	40,000000	2,751105E-2
103,025703	25,700001	40,000000	2,751105E-2
103,025703	25,700001	40,000000	2,774055E-2
103,025703	25,500000	40,000000	2,774055E-2
103,025703	25,500000	40,000000	2,802367E-2
103,025703	25,500000	40,000000	2,825638E-2
103,025703	25,500000	40,000000	2,848910E-2
103,025703	25,500000	40,000000	2,848910E-2
103,025703	25,500000	40,000000	2,872181E-2
103,025703	25,500000	40,000000	2,895453E-2
104,025267	25,500000	40,000000	2,918725E-2
104,025267	25,500000	40,000000	2,918725E-2
104,025267	25,500000	40,000000	2,941996E-2
104,025267	25,500000	40,000000	2,965268E-2
104,025267	25,599998	40,000000	2,965268E-2
104,025267	25,599998	40,000000	2,965268E-2
104,025267	25,599998	40,000000	2,985859E-2
104,025267	25,599998	40,000000	2,985859E-2
104,025267	25,599998	40,000000	3,008970E-2
104,025267	25,599998	40,000000	3,032081E-2
105,025596	25,599998	40,000000	3,055193E-2
105,025596	25,599998	40,000000	3,078304E-2
105,025596	25,599998	40,000000	3,101415E-2
105,025596	25,599998	40,000000	3,101415E-2
105,025596	25,700001	40,000000	3,124526E-2
105,025596	25,700001	40,000000	3,144957E-2
105,025596	25,700001	40,000000	3,167907E-2
105,025596	25,700001	40,000000	3,167907E-2
105,025596	25,700001	40,000000	3,190858E-2
105,025596	25,700001	40,000000	3,190858E-2
106,025994	25,700001	40,000000	3,213809E-2
106,025994	25,700001	40,000000	3,213809E-2
106,025994	25,700001	40,000000	3,236759E-2
106,025994	25,700001	40,000000	3,259710E-2
106,025994	25,700001	40,000000	3,259710E-2
106,025994	25,700001	40,000000	3,282660E-2
106,025994	25,700001	40,000000	3,305611E-2
106,025994	25,700001	40,000000	3,328562E-2
106,025994	25,700001	40,000000	3,328562E-2
106,025994	25,700001	40,000000	3,351512E-2
107,026406	25,700001	40,000000	3,374463E-2
107,026406	25,700001	40,000000	3,374463E-2
107,026406	25,700001	40,000000	3,397414E-2
107,026406	25,700001	40,000000	3,420364E-2
107,026406	25,700001	40,000000	3,420364E-2
107,026406	25,700001	40,000000	3,443315E-2
107,026406	25,700001	40,000000	3,443315E-2
107,026406	26,100000	40,000000	3,455544E-2
107,026406	26,100000	40,000000	3,477853E-2
107,026406	26,100000	40,000000	3,477853E-2
108,027923	26,100000	40,000000	3,500162E-2
108,027923	26,100000	40,000000	3,522470E-2
108,027923	26,100000	40,000000	3,522470E-2
108,027923	26,100000	40,000000	3,544779E-2
108,027923	26,100000	40,000000	3,567088E-2
108,027923	26,100000	40,000000	3,589396E-2
108,027923	26,100000	40,000000	3,611705E-2
108,027923	26,100000	40,000000	3,634014E-2
108,027923	26,100000	40,000000	3,634014E-2
108,027923	26,100000	40,000000	3,656322E-2
109,028269	26,100000	40,000000	3,656322E-2
109,028269	26,100000	40,000000	3,656322E-2
109,028269	26,000000	40,000000	3,678631E-2
109,028269	26,000000	40,000000	3,703620E-2
109,028269	26,000000	40,000000	3,703620E-2
109,028269	26,000000	40,000000	3,726089E-2
109,028269	26,000000	40,000000	3,748558E-2
109,028269	26,000000	40,000000	3,771027E-2
109,028269	26,000000	40,000000	3,793496E-2
109,028269	26,000000	40,000000	3,815965E-2
110,028732	26,000000	40,000000	3,815965E-2
110,028732	26,000000	40,000000	3,838435E-2
110,028732	26,200001	40,000000	3,860904E-2
110,028732	26,200001	40,000000	3,878012E-2
110,028732	26,200001	40,000000	3,878012E-2
110,028732	26,200001	40,000000	3,878012E-2
110,028732	26,200001	40,000000	3,878012E-2
110,028732	26,200001	40,000000	3,900160E-2
110,028732	26,200001	40,000000	3,922309E-2
110,028732	26,200001	40,000000	3,944457E-2
111,029113	26,200001	40,000000	3,944457E-2
111,029113	26,200001	40,000000	3,966605E-2
111,029113	26,799999	40,000000	3,988753E-2
111,029113	26,799999	40,000000	3,988753E-2
111,029113	26,799999	40,000000	3,994820E-2
111,029113	26,799999	40,000000	4,016005E-2
111,029113	26,799999	40,000000	4,037190E-2
111,029113	26,799999	40,000000	4,037190E-2
111,029113	26,799999	40,000000	4,058375E-2
111,029113	26,799999	40,000000	4,058375E-2
112,030525	26,799999	40,000000	4,079560E-2
112,030525	26,799999	40,000000	4,079560E-2
112,030525	26,799999	40,000000	4,100746E-2
112,030525	26,600000	40,000000	4,121931E-2
112,030525	26,600000	40,000000	4,121931E-2
112,030525	26,600000	40,000000	4,148476E-2
112,030525	26,600000	40,000000	4,169983E-2
112,030525	26,600000	40,000000	4,169983E-2
112,030525	26,600000	40,000000	4,191489E-2
112,030525	26,600000	40,000000	4,212995E-2
113,031029	26,600000	40,000000	4,234501E-2
113,031029	26,600000	40,000000	4,256007E-2
113,031029	26,600000	40,000000	4,277514E-2
113,031029	26,600000	40,000000	4,277514E-2
113,031029	26,600000	40,000000	4,299020E-2
113,031029	26,600000	40,000000	4,299020E-2
113,031029	26,799999	40,000000	4,299020E-2
113,031029	26,799999	40,000000	4,315165E-2
113,031029	26,799999	40,000000	4,336351E-2
113,031029	26,799999	40,000000	4,357536E-2
114,031423	26,799999	40,000000	4,378721E-2
114,031423	26,799999	40,000000	4,378721E-2
114,031423	26,799999	40,000000	4,399906E-2
114,031423	26,799999	40,000000	4,421091E-2
114,031423	26,799999	40,000000	4,442277E-2
114,031423	26,799999	40,000000	4,442277E-2
114,031423	26,799999	40,000000	4,463462E-2
114,031423	26,799999	40,000000	4,484647E-2
114,031423	26,900000	40,000000	4,484647E-2
114,031423	26,900000	40,000000	4,484647E-2
115,031808	26,900000	40,000000	4,503152E-2
115,031808	26,900000	40,000000	4,503152E-2
115,031808	26,900000	40,000000	4,524177E-2
115,031808	26,900000	40,000000	4,545201E-2
115,031808	26,900000	40,000000	4,566226E-2
115,031808	26,900000	40,000000	4,587251E-2
115,031808	26,900000	40,000000	4,587251E-2
115,031808	26,900000	40,000000	4,608275E-2
115,031808	26,900000	40,000000	4,608275E-2
115,031808	27,000000	40,000000	4,629300E-2
116,031314	27,000000	40,000000	4,647644E-2
116,031314	27,000000	40,000000	4,668509E-2
116,031314	27,000000	40,000000	4,689373E-2
116,031314	27,000000	40,000000	4,689373E-2
116,031314	27,000000	40,000000	4,710237E-2
116,031314	27,000000	40,000000	4,710237E-2
116,031314	27,000000	40,000000	4,710237E-2
116,031314	27,000000	40,000000	4,731101E-2
116,031314	27,599998	40,000000	4,731101E-2
116,031314	27,599998	40,000000	4,735884E-2
117,032634	27,599998	40,000000	4,755785E-2
117,032634	27,599998	40,000000	4,755785E-2
117,032634	27,599998	40,000000	4,775686E-2
117,032634	27,599998	40,000000	4,795588E-2
117,032634	27,599998	40,000000	4,815489E-2
117,032634	27,599998	40,000000	4,815489E-2
117,032634	27,599998	40,000000	4,835390E-2
117,032634	27,599998	40,000000	4,855291E-2
117,032634	27,299999	40,000000	4,883233E-2
117,032634	27,299999	40,000000	4,883233E-2
118,032118	27,299999	40,000000	4,903616E-2
118,032118	27,299999	40,000000	4,903616E-2
118,032118	27,299999	40,000000	4,923999E-2
118,032118	27,299999	40,000000	4,923999E-2
118,032118	27,299999	40,000000	4,944381E-2
118,032118	27,299999	40,000000	4,964764E-2
118,032118	27,299999	40,000000	4,985147E-2
118,032118	27,299999	40,000000	4,985147E-2
118,032118	27,299999	40,000000	5,005530E-2
118,032118	27,299999	40,000000	5,025912E-2
119,033534	27,299999	40,000000	5,025912E-2
119,033534	27,400000	40,000000	5,046295E-2
119,033534	27,400000	40,000000	5,063998E-2
119,033534	27,400000	40,000000	5,063998E-2
119,033534	27,400000	40,000000	5,084220E-2
119,033534	27,400000	40,000000	5,084220E-2
119,033534	27,400000	40,000000	5,084220E-2
119,033534	27,400000	40,000000	5,104442E-2
119,033534	27,400000	40,000000	5,124664E-2
119,033534	27,400000	40,000000	5,144886E-2
120,033913	27,400000	40,000000	5,165109E-2
120,033913	27,400000	40,000000	5,165109E-2
120,033913	27,900000	40,000000	5,185331E-2
120,033913	27,900000	40,000000	5,192152E-2
120,033913	27,900000	40,000000	5,192152E-2
120,033913	27,900000	40,000000	5,211572E-2
120,033913	27,900000	40,000000	5,230991E-2
120,033913	27,900000	40,000000	5,250411E-2
120,033913	27,900000	40,000000	5,250411E-2
120,033913	27,900000	40,000000	5,250411E-2
121,034370	27,900000	40,000000	5,269831E-2
121,034370	27,900000	40,000000	5,269831E-2
121,034370	27,900000	40,000000	5,289251E-2
121,034370	27,900000	40,000000	5,308670E-2
121,034370	27,900000	40,000000	5,308670E-2
121,034370	27,900000	40,000000	5,328090E-2
121,034370	27,900000	40,000000	5,347510E-2
121,034370	27,900000	40,000000	5,366930E-2
121,034370	27,900000	40,000000	5,366930E-2
121,034370	27,900000	40,000000	5,386349E-2
122,034767	27,900000	40,000000	5,405769E-2
122,034767	27,900000	40,000000	5,405769E-2
122,034767	28,200001	40,000000	5,425189E-2
122,034767	28,200001	40,000000	5,436568E-2
122,034767	28,200001	40,000000	5,436568E-2
122,034767	28,200001	40,000000	5,455506E-2
122,034767	28,200001	40,000000	5,455506E-2
122,034767	28,200001	40,000000	5,455506E-2
122,034767	28,200001	40,000000	5,474444E-2
122,034767	28,200001	40,000000	5,493383E-2
123,035208	28,200001	40,000000	5,493383E-2
123,035208	28,200001	40,000000	5,512321E-2
123,035208	28,000000	40,000000	5,531259E-2
123,035208	28,000000	40,000000	5,531259E-2
123,035208	28,000000	40,000000	5,555558E-2
123,035208	28,000000	40,000000	5,574817E-2
123,035208	28,000000	40,000000	5,594077E-2
123,035208	28,000000	40,000000	5,594077E-2
123,035208	28,000000	40,000000	5,613336E-2
123,035208	28,000000	40,000000	5,613336E-2
124,035651	28,000000	40,000000	5,632595E-2
124,035651	28,000000	40,000000	5,632595E-2
124,035651	28,000000	40,000000	5,632595E-2
124,035651	28,000000	40,000000	5,651854E-2
124,035651	28,000000	40,000000	5,671114E-2
124,035651	28,500000	40,000000	5,690373E-2
124,035651	28,500000	40,000000	5,696231E-2
124,035651	28,500000	40,000000	5,696231E-2
124,035651	28,500000	40,000000	5,714688E-2
124,035651	28,500000	40,000000	5,733144E-2
125,036043	28,500000	40,000000	5,733144E-2
125,036043	28,500000	40,000000	5,751601E-2
125,036043	28,500000	40,000000	5,770058E-2
125,036043	28,500000	40,000000	5,788515E-2
125,036043	28,500000	40,000000	5,788515E-2
125,036043	28,500000	40,000000	5,788515E-2
125,036043	28,500000	40,000000	5,788515E-2
125,036043	28,500000	40,000000	5,806972E-2
125,036043	28,500000	40,000000	5,825428E-2
125,036043	28,500000	40,000000	5,843885E-2
126,036476	28,500000	40,000000	5,843885E-2
126,036476	28,500000	40,000000	5,862342E-2
126,036476	28,500000	40,000000	5,880799E-2
126,036476	28,500000	40,000000	5,880799E-2
126,036476	28,500000	40,000000	5,899256E-2
126,036476	28,500000	40,000000	5,917712E-2
126,036476	28,500000	40,000000	5,917712E-2
126,036476	28,600000	40,000000	5,936169E-2
126,036476	28,600000	40,000000	5,951946E-2
126,036476	28,600000	40,000000	5,951946E-2
127,037912	28,600000	40,000000	5,970242E-2
127,037912	28,600000	40,000000	5,970242E-2
127,037912	28,600000	40,000000	5,988538E-2
127,037912	28,600000	40,000000	5,988538E-2
127,037912	28,600000	40,000000	6,006835E-2
127,037912	28,600000	40,000000	6,025131E-2
127,037912	28,700001	40,000000	6,043427E-2
127,037912	28,700001	40,000000	6,059043E-2
127,037912	28,700001	40,000000	6,077179E-2
127,037912	28,700001	40,000000	6,077179E-2
128,037334	28,700001	40,000000	6,095315E-2
128,037334	28,700001	40,000000	6,095315E-2
128,037334	28,700001	40,000000	6,113451E-2
128,037334	28,700001	40,000000	6,131586E-2
128,037334	28,700001	40,000000	6,131586E-2
128,037334	28,700001	40,000000	6,149722E-2
128,037334	28,700001	40,000000	6,149722E-2
128,037334	28,799999	40,000000	6,165178E-2
128,037334	28,799999	40,000000	6,183153E-2
128,037334	28,799999	40,000000	6,183153E-2
129,037776	28,799999	40,000000	6,201128E-2
129,037776	28,799999	40,000000	6,219104E-2
129,037776	28,799999	40,000000	6,237079E-2
129,037776	28,799999	40,000000	6,237079E-2
129,037776	28,799999	40,000000	6,255054E-2
129,037776	28,799999	40,000000	6,273030E-2
129,037776	28,799999	40,000000	6,273030E-2
129,037776	28,799999	40,000000	6,291005E-2
129,037776	28,799999	40,000000	6,308980E-2
129,037776	28,799999	40,000000	6,326956E-2
130,038172	29,500000	40,000000	6,326956E-2
130,038172	29,500000	40,000000	6,326956E-2
130,038172	29,500000	40,000000	6,326169E-2
130,038172	29,500000	40,000000	6,326169E-2
130,038172	29,500000	40,000000	6,343021E-2
130,038172	29,500000	40,000000	6,359873E-2
130,038172	29,500000	40,000000	6,359873E-2
130,038172	29,500000	40,000000	6,376725E-2
130,038172	29,500000	40,000000	6,393577E-2
130,038172	29,500000	40,000000	6,410428E-2
131,039645	29,700001	40,000000	6,410428E-2
131,039645	29,700001	40,000000	6,421920E-2
131,039645	29,700001	40,000000	6,421920E-2
131,039645	29,700001	40,000000	6,438451E-2
131,039645	29,700001	40,000000	6,438451E-2
131,039645	29,700001	40,000000	6,454981E-2
131,039645	29,700001	40,000000	6,454981E-2
131,039645	29,700001	40,000000	6,471512E-2
131,039645	29,700001	40,000000	6,488043E-2
131,039645	29,700001	40,000000	6,488043E-2
132,040127	29,700001	40,000000	6,504574E-2
132,040127	29,500000	40,000000	6,521105E-2
132,040127	29,500000	40,000000	6,542996E-2
132,040127	29,500000	40,000000	6,559848E-2
132,040127	29,500000	40,000000	6,576700E-2
132,040127	29,500000	40,000000	6,576700E-2
132,040127	29,500000	40,000000	6,593552E-2
132,040127	29,500000	40,000000	6,610404E-2
132,040127	29,500000	40,000000	6,627256E-2
132,040127	29,500000	40,000000	6,627256E-2
133,039434	29,500000	40,000000	6,627256E-2
133,039434	29,900000	40,000000	6,644107E-2
133,039434	29,900000	40,000000	6,644107E-2
133,039434	29,900000	40,000000	6,650238E-2
133,039434	29,900000	40,000000	6,666448E-2
133,039434	29,900000	40,000000	6,666448E-2
133,039434	29,900000	40,000000	6,682658E-2
133,039434	29,900000	40,000000	6,698868E-2
133,039434	29,900000	40,000000	6,715078E-2
133,039434	29,900000	40,000000	6,715078E-2
134,039901	29,799999	40,000000	6,731288E-2
134,039901	29,799999	40,000000	6,750178E-2
134,039901	29,799999	40,000000	6,750178E-2
134,039901	29,799999	40,000000	6,766548E-2
134,039901	29,799999	40,000000	6,766548E-2
134,039901	29,799999	40,000000	6,782919E-2
134,039901	29,799999	40,000000	6,782919E-2
134,039901	29,799999	40,000000	6,782919E-2
134,039901	29,799999	40,000000	6,799289E-2
134,039901	29,799999	40,000000	6,815659E-2
135,039361	29,799999	40,000000	6,815659E-2
135,039361	29,900000	40,000000	6,832030E-2
135,039361	29,900000	40,000000	6,845720E-2
135,039361	29,900000	40,000000	6,845720E-2
135,039361	29,900000	40,000000	6,861930E-2
135,039361	29,900000	40,000000	6,878140E-2
135,039361	29,900000	40,000000	6,878140E-2
135,039361	29,900000	40,000000	6,894349E-2
135,039361	29,900000	40,000000	6,910559E-2
135,039361	29,900000	40,000000	6,910559E-2
136,039747	29,900000	40,000000	6,926769E-2
136,039747	29,900000	40,000000	6,926769E-2
136,039747	29,900000	40,000000	6,942979E-2
136,039747	29,900000	40,000000	6,959189E-2
136,039747	29,900000	40,000000	6,959189E-2
136,039747	30,400000	40,000000	6,975399E-2
136,039747	30,400000	40,000000	6,978207E-2
136,039747	30,400000	40,000000	6,993615E-2
136,039747	30,400000	40,000000	7,009022E-2
136,039747	30,400000	40,000000	7,024430E-2
137,040136	30,400000	40,000000	7,024430E-2
137,040136	30,400000	40,000000	7,039837E-2
137,040136	30,400000	40,000000	7,055244E-2
137,040136	30,400000	40,000000	7,070652E-2
137,040136	30,400000	40,000000	7,070652E-2
137,040136	30,400002	40,000000	7,086059E-2
137,040136	30,400002	40,000000	7,086059E-2
137,040136	30,400002	40,000000	7,101467E-2
137,040136	30,400002	40,000000	7,101467E-2
137,040136	30,400002	40,000000	7,116874E-2
138,040577	30,400002	40,000000	7,132281E-2
138,040577	30,400002	40,000000	7,147689E-2
138,040577	30,400002	40,000000	7,163096E-2
138,040577	30,400002	40,000000	7,163096E-2
138,040577	30,400002	40,000000	7,178504E-2
138,040577	31,000000	40,000000	7,193911E-2
138,040577	31,000000	40,000000	7,193237E-2
138,040577	31,000000	40,000000	7,193237E-2
138,040577	31,000000	40,000000	7,207681E-2
138,040577	31,000000	40,000000	7,207681E-2
138,040577	31,000000	40,000000	7,222126E-2
139,042049	31,000000	40,000000	7,222126E-2
139,042049	31,000000	40,000000	7,236570E-2
139,042049	31,000000	40,000000	7,251015E-2
139,042049	31,000000	40,000000	7,251015E-2
139,042049	31,200001	40,000000	7,265459E-2
139,042049	31,200001	40,000000	7,274543E-2
139,042049	31,200001	40,000000	7,288667E-2
139,042049	31,200001	40,000000	7,288667E-2
139,042049	31,200001	40,000000	7,302790E-2
139,042049	31,200001	40,000000	7,316914E-2
140,042454	31,200001	40,000000	7,316914E-2
140,042454	31,200001	40,000000	7,331037E-2
140,042454	31,200001	40,000000	7,345160E-2
140,042454	31,200001	40,000000	7,345160E-2
140,042454	31,200001	40,000000	7,345160E-2
140,042454	31,200001	40,000000	7,359284E-2
140,042454	31,100000	40,000000	7,359284E-2
140,042454	31,100000	40,000000	7,376088E-2
140,042454	31,100000	40,000000	7,376088E-2
141,042860	31,100000	40,000000	7,390372E-2
141,042860	31,100000	40,000000	7,404656E-2
141,042860	31,100000	40,000000	7,418939E-2
141,042860	31,100000	40,000000	7,418939E-2
141,042860	31,100000	40,000000	7,433223E-2
141,042860	31,100000	40,000000	7,447507E-2
141,042860	31,100000	40,000000	7,447507E-2
141,042860	31,100000	40,000000	7,461791E-2
141,042860	31,100000	40,000000	7,476075E-2
141,042860	31,100000	40,000000	7,476075E-2
141,042860	31,100000	40,000000	7,490359E-2
142,043329	31,100000	40,000000	7,490359E-2
142,043329	31,799999	40,000000	7,490359E-2
142,043329	31,799999	40,000000	7,485881E-2
142,043329	31,799999	40,000000	7,499042E-2
142,043329	31,799999	40,000000	7,512202E-2
142,043329	31,799999	40,000000	7,525363E-2
142,043329	31,799999	40,000000	7,538523E-2
142,043329	31,799999	40,000000	7,538523E-2
142,043329	31,799999	40,000000	7,551684E-2
142,043329	31,799999	40,000000	7,551684E-2
143,043711	31,599998	40,000000	7,564844E-2
143,043711	31,599998	40,000000	7,583365E-2
143,043711	31,599998	40,000000	7,596847E-2
143,043711	31,599998	40,000000	7,596847E-2
143,043711	31,599998	40,000000	7,596847E-2
143,043711	31,599998	40,000000	7,596847E-2
143,043711	31,599998	40,000000	7,610328E-2
143,043711	31,599998	40,000000	7,623810E-2
143,043711	31,599998	40,000000	7,637291E-2
143,043711	31,599998	40,000000	7,637291E-2
144,043118	31,400002	40,000000	7,650773E-2
144,043118	31,400002	40,000000	7,669615E-2
144,043118	31,400002	40,000000	7,683417E-2
144,043118	31,400002	40,000000	7,697220E-2
144,043118	31,400002	40,000000	7,711022E-2
144,043118	31,400002	40,000000	7,711022E-2
144,043118	31,400002	40,000000	7,724825E-2
144,043118	31,400002	40,000000	7,738627E-2
144,043118	31,400002	40,000000	7,738627E-2
144,043118	31,400002	40,000000	7,752430E-2
145,043583	31,400002	40,000000	7,752430E-2
145,043583	32,300003	40,000000	7,752430E-2
145,043583	32,300003	40,000000	7,742110E-2
145,043583	32,300003	40,000000	7,754468E-2
145,043583	32,300003	40,000000	7,766826E-2
145,043583	32,300003	40,000000	7,779184E-2
145,043583	32,300003	40,000000	7,791542E-2
145,043583	32,300003	40,000000	7,791542E-2
145,043583	32,300003	40,000000	7,803900E-2
145,043583	32,300003	40,000000	7,816258E-2
146,043982	32,300003	40,000000	7,828616E-2
146,043982	32,300003	40,000000	7,840974E-2
146,043982	32,300003	40,000000	7,840974E-2
146,043982	32,300003	40,000000	7,853332E-2
146,043982	32,500000	40,000000	7,853332E-2
146,043982	32,500000	40,000000	7,853332E-2
146,043982	32,500000	40,000000	7,860330E-2
146,043982	32,500000	40,000000	7,872367E-2
146,043982	32,500000	40,000000	7,872367E-2
146,043982	32,500000	40,000000	7,884404E-2
147,043447	32,500000	40,000000	7,896441E-2
147,043447	32,500000	40,000000	7,908478E-2
147,043447	32,500000	40,000000	7,908478E-2
147,043447	32,500000	40,000000	7,920515E-2
147,043447	32,500000	40,000000	7,920515E-2
147,043447	32,500000	40,000000	7,932552E-2
147,043447	32,500000	40,000000	7,944589E-2
147,043447	32,500000	40,000000	7,956626E-2
147,043447	32,500000	40,000000	7,956626E-2
147,043447	32,500000	40,000000	7,968663E-2
148,044818	32,500000	40,000000	7,968663E-2
148,044818	32,500000	40,000000	7,980700E-2
148,044818	32,500000	40,000000	7,992737E-2
148,044818	32,500000	40,000000	7,992737E-2
148,044818	32,900002	40,000000	8,004774E-2
148,044818	32,900002	40,000000	8,006090E-2
148,044818	32,900002	40,000000	8,017485E-2
148,044818	32,900002	40,000000	8,017485E-2
148,044818	32,900002	40,000000	8,028880E-2
148,044818	32,900002	40,000000	8,040275E-2
149,045394	32,900002	40,000000	8,051670E-2
149,045394	32,900002	40,000000	8,051670E-2
149,045394	32,900002	40,000000	8,063065E-2
149,045394	32,900002	40,000000	8,063065E-2
149,045394	33,300003	40,000000	8,074460E-2
149,045394	33,300003	40,000000	8,074460E-2
149,045394	33,300003	40,000000	8,075134E-2
149,045394	33,300003	40,000000	8,075134E-2
149,045394	33,300003	40,000000	8,085887E-2
149,045394	33,300003	40,000000	8,096641E-2
150,045713	33,300003	40,000000	8,107394E-2
150,045713	33,300003	40,000000	8,118147E-2
150,045713	33,300003	40,000000	8,118147E-2
150,045713	33,300003	40,000000	8,128900E-2
150,045713	33,500000	40,000000	8,139653E-2
150,045713	33,500000	40,000000	8,145046E-2
150,045713	33,500000	40,000000	8,155478E-2
150,045713	33,500000	40,000000	8,155478E-2
150,045713	33,500000	40,000000	8,155478E-2
150,045713	33,500000	40,000000	8,165910E-2
151,045981	33,500000	40,000000	8,165910E-2
151,045981	33,500000	40,000000	8,176342E-2
151,045981	33,500000	40,000000	8,186774E-2
151,045981	33,500000	40,000000	8,186774E-2
151,045981	33,500000	40,000000	8,197206E-2
151,045981	33,500000	40,000000	8,207638E-2
151,045981	33,500000	40,000000	8,207638E-2
151,045981	33,200001	40,000000	8,218070E-2
151,045981	33,200001	40,000000	8,236543E-2
151,045981	33,200001	40,000000	8,236543E-2
152,045372	33,200001	40,000000	8,247457E-2
152,045372	33,200001	40,000000	8,258370E-2
152,045372	33,200001	40,000000	8,258370E-2
152,045372	33,200001	40,000000	8,269284E-2
152,045372	33,200001	40,000000	8,269284E-2
152,045372	33,200001	40,000000	8,269284E-2
152,045372	33,200001	40,000000	8,280197E-2
152,045372	33,200001	40,000000	8,280197E-2
152,045372	33,200001	40,000000	8,291111E-2
152,045372	33,900002	40,000000	8,302025E-2
153,045793	33,900002	40,000000	8,294176E-2
153,045793	33,900002	40,000000	8,294176E-2
153,045793	33,900002	40,000000	8,303966E-2
153,045793	33,900002	40,000000	8,313757E-2
153,045793	33,900002	40,000000	8,313757E-2
153,045793	33,900002	40,000000	8,323547E-2
153,045793	33,900002	40,000000	8,333337E-2
153,045793	33,900002	40,000000	8,343127E-2
153,045793	33,900002	40,000000	8,343127E-2
153,045793	33,900002	40,000000	8,343127E-2
154,045193	34,000000	40,000000	8,350237E-2
154,045193	34,000000	40,000000	8,350237E-2
154,045193	34,000000	40,000000	8,359867E-2
154,045193	34,000000	40,000000	8,369496E-2
154,045193	34,000000	40,000000	8,379126E-2
154,045193	34,000000	40,000000	8,379126E-2
154,045193	34,000000	40,000000	8,388755E-2
154,045193	34,000000	40,000000	8,388755E-2
154,045193	34,000000	40,000000	8,398385E-2
154,045193	33,800003	40,000000	8,408015E-2
155,045665	33,800003	40,000000	8,423005E-2
155,045665	33,800003	40,000000	8,432955E-2
155,045665	33,800003	40,000000	8,432955E-2
155,045665	33,800003	40,000000	8,432955E-2
155,045665	33,800003	40,000000	8,442906E-2
155,045665	33,800003	40,000000	8,442906E-2
155,045665	33,800003	40,000000	8,452857E-2
155,045665	33,800003	40,000000	8,462807E-2
155,045665	33,800003	40,000000	8,462807E-2
155,045665	34,000000	40,000000	8,472758E-2
156,045105	34,000000	40,000000	8,477348E-2
156,045105	34,000000	40,000000	8,486978E-2
156,045105	34,000000	40,000000	8,486978E-2
156,045105	34,000000	40,000000	8,496607E-2
156,045105	34,000000	40,000000	8,496607E-2
156,045105	34,000000	40,000000	8,506237E-2
156,045105	34,000000	40,000000	8,515866E-2
156,045105	34,000000	40,000000	8,525496E-2
156,045105	34,000000	40,000000	8,525496E-2
156,045105	34,000000	40,000000	8,525496E-2
157,046502	34,000000	40,000000	8,535126E-2
157,046502	34,000000	40,000000	8,535126E-2
157,046502	34,000000	40,000000	8,544755E-2
157,046502	34,500000	40,000000	8,554385E-2
157,046502	34,500000	40,000000	8,550613E-2
157,046502	34,500000	40,000000	8,550613E-2
157,046502	34,500000	40,000000	8,559441E-2
157,046502	34,500000	40,000000	8,568268E-2
157,046502	34,500000	40,000000	8,568268E-2
157,046502	34,500000	40,000000	8,577095E-2
158,046948	34,500000	40,000000	8,585922E-2
158,046948	34,500000	40,000000	8,594749E-2
158,046948	34,500000	40,000000	8,594749E-2
158,046948	34,500000	40,000000	8,594749E-2
158,046948	34,500000	40,000000	8,603576E-2
158,046948	34,599998	40,000000	8,603576E-2
158,046948	34,599998	40,000000	8,609723E-2
158,046948	34,599998	40,000000	8,618390E-2
158,046948	34,599998	40,000000	8,627057E-2
158,046948	34,599998	40,000000	8,635723E-2
159,047317	34,599998	40,000000	8,635723E-2
159,047317	34,599998	40,000000	8,644390E-2
159,047317	34,599998	40,000000	8,653057E-2
159,047317	34,599998	40,000000	8,653057E-2
159,047317	35,000000	40,000000	8,661723E-2
159,047317	35,000000	40,000000	8,659669E-2
159,047317	35,000000	40,000000	8,659669E-2
159,047317	35,000000	40,000000	8,667694E-2
159,047317	35,000000	40,000000	8,667694E-2
159,047317	35,000000	40,000000	8,675718E-2
160,047738	35,000000	40,000000	8,675718E-2
160,047738	35,000000	40,000000	8,683743E-2
160,047738	35,000000	40,000000	8,691768E-2
160,047738	35,000000	40,000000	8,691768E-2
160,047738	35,000000	40,000000	8,699792E-2
160,047738	35,099998	40,000000	8,707817E-2
160,047738	35,099998	40,000000	8,713162E-2
160,047738	35,099998	40,000000	8,721026E-2
160,047738	35,099998	40,000000	8,728890E-2
160,047738	35,099998	40,000000	8,736754E-2
161,047170	35,099998	40,000000	8,736754E-2
161,047170	35,099998	40,000000	8,744618E-2
161,047170	35,099998	40,000000	8,752483E-2
161,047170	35,099998	40,000000	8,752483E-2
161,047170	35,000000	40,000000	8,760347E-2
161,047170	35,000000	40,000000	8,760347E-2
161,047170	35,000000	40,000000	8,770891E-2
161,047170	35,000000	40,000000	8,770891E-2
161,047170	35,000000	40,000000	8,778916E-2
161,047170	35,000000	40,000000	8,786941E-2
162,047618	35,000000	40,000000	8,794965E-2
162,047618	35,000000	40,000000	8,802990E-2
162,047618	35,000000	40,000000	8,802990E-2
162,047618	35,000000	40,000000	8,811015E-2
162,047618	35,000000	40,000000	8,819039E-2
162,047618	35,099998	40,000000	8,824384E-2
162,047618	35,099998	40,000000	8,832248E-2
162,047618	35,099998	40,000000	8,832248E-2
162,047618	35,099998	40,000000	8,832248E-2
162,047618	35,099998	40,000000	8,840112E-2
163,049074	35,099998	40,000000	8,840112E-2
163,049074	35,099998	40,000000	8,840112E-2
163,049074	35,099998	40,000000	8,847976E-2
163,049074	35,099998	40,000000	8,855841E-2
163,049074	35,099998	40,000000	8,863705E-2
163,049074	35,099998	40,000000	8,871569E-2
163,049074	35,099998	40,000000	8,871569E-2
163,049074	35,099998	40,000000	8,879433E-2
163,049074	35,299999	40,000000	8,887297E-2
163,049074	35,299999	40,000000	8,887297E-2
164,048465	35,299999	40,000000	8,889801E-2
164,048465	35,299999	40,000000	8,897344E-2
164,048465	35,299999	40,000000	8,897344E-2
164,048465	35,299999	40,000000	8,904888E-2
164,048465	35,299999	40,000000	8,904888E-2
164,048465	35,299999	40,000000	8,904888E-2
164,048465	35,299999	40,000000	8,912431E-2
164,048465	35,299999	40,000000	8,919974E-2
164,048465	35,299999	40,000000	8,927517E-2
164,048465	35,900002	40,000000	8,927517E-2
165,048862	35,900002	40,000000	8,918979E-2
165,048862	35,900002	40,000000	8,925559E-2
165,048862	35,900002	40,000000	8,925559E-2
165,048862	35,900002	40,000000	8,932139E-2
165,048862	35,900002	40,000000	8,938720E-2
165,048862	35,900002	40,000000	8,938720E-2
165,048862	35,900002	40,000000	8,945300E-2
165,048862	35,900002	40,000000	8,951880E-2
165,048862	35,900002	40,000000	8,951880E-2
165,048862	35,900002	40,000000	8,958460E-2
166,048295	36,400002	40,000000	8,958460E-2
166,048295	36,400002	40,000000	8,958460E-2
166,048295	36,400002	40,000000	8,951639E-2
166,048295	36,400002	40,000000	8,957417E-2
166,048295	36,400002	40,000000	8,963195E-2
166,048295	36,400002	40,000000	8,968973E-2
166,048295	36,400002	40,000000	8,968973E-2
166,048295	36,400002	40,000000	8,974750E-2
166,048295	36,400002	40,000000	8,980528E-2
166,048295	35,900002	40,000000	8,999707E-2
167,048766	35,900002	40,000000	9,006287E-2
167,048766	35,900002	40,000000	9,006287E-2
167,048766	35,900002	40,000000	9,012868E-2
167,048766	35,900002	40,000000	9,012868E-2
167,048766	35,900002	40,000000	9,019448E-2
167,048766	35,900002	40,000000	9,019448E-2
167,048766	35,900002	40,000000	9,026028E-2
167,048766	35,900002	40,000000	9,032608E-2
167,048766	35,900002	40,000000	9,039189E-2
167,048766	35,900002	40,000000	9,039189E-2
168,049155	35,900002	40,000000	9,045769E-2
168,049155	35,900002	40,000000	9,045769E-2
168,049155	36,299999	40,000000	9,052349E-2
168,049155	36,299999	40,000000	9,048209E-2
168,049155	36,299999	40,000000	9,054147E-2
168,049155	36,299999	40,000000	9,060085E-2
168,049155	36,299999	40,000000	9,066023E-2
168,049155	36,299999	40,000000	9,071962E-2
168,049155	36,299999	40,000000	9,071962E-2
168,049155	36,299999	40,000000	9,077900E-2
169,049633	36,299999	40,000000	9,077900E-2
169,049633	36,299999	40,000000	9,077900E-2
169,049633	36,299999	40,000000	9,083838E-2
169,049633	36,599998	40,000000	9,081736E-2
169,049633	36,599998	40,000000	9,087192E-2
169,049633	36,599998	40,000000	9,092649E-2
169,049633	36,599998	40,000000	9,092649E-2
169,049633	36,599998	40,000000	9,098106E-2
169,049633	36,599998	40,000000	9,103563E-2
169,049633	36,599998	40,000000	9,103563E-2
170,050005	36,599998	40,000000	9,109020E-2
170,050005	36,599998	40,000000	9,114476E-2
170,050005	36,599998	40,000000	9,114476E-2
170,050005	36,599998	40,000000	9,119933E-2
170,050005	36,900002	40,000000	9,119933E-2
170,050005	36,900002	40,000000	9,119933E-2
170,050005	36,900002	40,000000	9,117349E-2
170,050005	36,900002	40,000000	9,122325E-2
170,050005	36,900002	40,000000	9,127300E-2
170,050005	36,900002	40,000000	9,127300E-2
171,049436	36,900002	40,000000	9,132275E-2
171,049436	36,900002	40,000000	9,137250E-2
171,049436	36,900002	40,000000	9,137250E-2
171,049436	37,000000	40,000000	9,142226E-2
171,049436	37,000000	40,000000	9,144521E-2
171,049436	37,000000	40,000000	9,149336E-2
171,049436	37,000000	40,000000	9,149336E-2
171,049436	37,000000	40,000000	9,154150E-2
171,049436	37,000000	40,000000	9,154150E-2
171,049436	37,000000	40,000000	9,158965E-2
172,049860	37,000000	40,000000	9,158965E-2
172,049860	37,000000	40,000000	9,163780E-2
172,049860	37,000000	40,000000	9,168595E-2
172,049860	37,000000	40,000000	9,168595E-2
172,049860	36,800003	40,000000	9,173410E-2
172,049860	36,800003	40,000000	9,183585E-2
172,049860	36,800003	40,000000	9,183585E-2
172,049860	36,800003	40,000000	9,188721E-2
172,049860	36,800003	40,000000	9,193857E-2
172,049860	36,800003	40,000000	9,198992E-2
173,050272	36,800003	40,000000	9,198992E-2
173,050272	36,800003	40,000000	9,204128E-2
173,050272	36,800003	40,000000	9,204128E-2
173,050272	36,800003	40,000000	9,209264E-2
173,050272	36,800003	40,000000	9,209264E-2
173,050272	36,800003	40,000000	9,209264E-2
173,050272	36,800003	40,000000	9,214400E-2
173,050272	36,800003	40,000000	9,219536E-2
173,050272	37,000000	40,000000	9,224671E-2
173,050272	37,000000	40,000000	9,224671E-2
174,050804	37,000000	40,000000	9,224447E-2
174,050804	37,000000	40,000000	9,229262E-2
174,050804	37,000000	40,000000	9,229262E-2
174,050804	37,000000	40,000000	9,234076E-2
174,050804	37,000000	40,000000	9,238891E-2
174,050804	37,000000	40,000000	9,243706E-2
174,050804	37,000000	40,000000	9,248521E-2
174,050804	37,000000	40,000000	9,253336E-2
174,050804	37,000000	40,000000	9,253336E-2
174,050804	37,000000	40,000000	9,253336E-2
175,050149	37,000000	40,000000	9,258150E-2
175,050149	37,400002	40,000000	9,258150E-2
175,050149	37,400002	40,000000	9,252244E-2
175,050149	37,400002	40,000000	9,252244E-2
175,050149	37,400002	40,000000	9,256417E-2
175,050149	37,400002	40,000000	9,260590E-2
175,050149	37,400002	40,000000	9,264763E-2
175,050149	37,400002	40,000000	9,264763E-2
175,050149	37,400002	40,000000	9,268936E-2
175,050149	37,199997	40,000000	9,273108E-2
176,050568	37,199997	40,000000	9,282642E-2
176,050568	37,199997	40,000000	9,282642E-2
176,050568	37,199997	40,000000	9,287136E-2
176,050568	37,199997	40,000000	9,287136E-2
176,050568	37,199997	40,000000	9,291630E-2
176,050568	37,199997	40,000000	9,291630E-2
176,050568	37,199997	40,000000	9,291630E-2
176,050568	37,199997	40,000000	9,296123E-2
176,050568	37,199997	40,000000	9,300617E-2
176,050568	37,199997	40,000000	9,305111E-2
177,051031	37,199997	40,000000	9,305111E-2
177,051031	37,199997	40,000000	9,309605E-2
177,051031	37,199997	40,000000	9,314099E-2
177,051031	37,199997	40,000000	9,318593E-2
177,051031	37,199997	40,000000	9,318593E-2
177,051031	37,199997	40,000000	9,323086E-2
177,051031	37,199997	40,000000	9,327580E-2
177,051031	37,199997	40,000000	9,332074E-2
177,051031	37,199997	40,000000	9,332074E-2
177,051031	37,199997	40,000000	9,332074E-2
178,050419	37,199997	40,000000	9,332074E-2
178,050419	37,900002	40,000000	9,336568E-2
178,050419	37,900002	40,000000	9,322300E-2
178,050419	37,900002	40,000000	9,325670E-2
178,050419	37,900002	40,000000	9,325670E-2
178,050419	37,900002	40,000000	9,329041E-2
178,050419	37,900002	40,000000	9,332411E-2
178,050419	37,900002	40,000000	9,335781E-2
178,050419	37,900002	40,000000	9,339152E-2
178,050419	37,900002	40,000000	9,339152E-2
179,050858	37,700001	40,000000	9,342522E-2
179,050858	37,700001	40,000000	9,351253E-2
179,050858	37,700001	40,000000	9,351253E-2
179,050858	37,700001	40,000000	9,354944E-2
179,050858	37,700001	40,000000	9,354944E-2
179,050858	37,700001	40,000000	9,354944E-2
179,050858	37,700001	40,000000	9,358636E-2
179,050858	37,700001	40,000000	9,358636E-2
179,050858	37,700001	40,000000	9,362327E-2
179,050858	37,700001	40,000000	9,366018E-2
180,050255	37,700001	40,000000	9,369710E-2
180,050255	37,700001	40,000000	9,373401E-2
180,050255	37,700001	40,000000	9,373401E-2
180,050255	37,700001	40,000000	9,377092E-2
180,050255	37,800003	40,000000	9,380784E-2
180,050255	37,800003	40,000000	9,381795E-2
180,050255	37,800003	40,000000	9,385326E-2
180,050255	37,800003	40,000000	9,385326E-2
180,050255	37,800003	40,000000	9,385326E-2
180,050255	37,800003	40,000000	9,388857E-2
181,050702	37,800003	40,000000	9,388857E-2
181,050702	37,800003	40,000000	9,392387E-2
181,050702	37,800003	40,000000	9,392387E-2
181,050702	37,800003	40,000000	9,395918E-2
181,050702	38,000000	40,000000	9,399449E-2
181,050702	38,000000	40,000000	9,399449E-2
181,050702	38,000000	40,000000	9,397620E-2
181,050702	38,000000	40,000000	9,400829E-2
181,050702	38,000000	40,000000	9,404039E-2
181,050702	38,000000	40,000000	9,404039E-2
182,051146	38,000000	40,000000	9,407249E-2
182,051146	38,000000	40,000000	9,410459E-2
182,051146	38,000000	40,000000	9,413669E-2
182,051146	38,000000	40,000000	9,413669E-2
182,051146	38,000000	40,000000	9,413669E-2
182,051146	38,000000	40,000000	9,416879E-2
182,051146	37,900002	40,000000	9,416879E-2
182,051146	37,900002	40,000000	9,422769E-2
182,051146	37,900002	40,000000	9,426139E-2
182,051146	37,900002	40,000000	9,429510E-2
183,052553	37,900002	40,000000	9,432880E-2
183,052553	37,900002	40,000000	9,432880E-2
183,052553	37,900002	40,000000	9,436250E-2
183,052553	37,900002	40,000000	9,436250E-2
183,052553	37,900002	40,000000	9,439621E-2
183,052553	38,299999	40,000000	9,442991E-2
183,052553	38,299999	40,000000	9,442991E-2
183,052553	38,299999	40,000000	9,435641E-2
183,052553	38,299999	40,000000	9,435641E-2
183,052553	38,299999	40,000000	9,438369E-2
184,052966	38,299999	40,000000	9,438369E-2
184,052966	38,299999	40,000000	9,441097E-2
184,052966	38,299999	40,000000	9,443826E-2
184,052966	38,299999	40,000000	9,443826E-2
184,052966	38,299999	40,000000	9,446554E-2
184,052966	38,299999	40,000000	9,446554E-2
184,052966	38,299999	40,000000	9,449283E-2
184,052966	38,099998	40,000000	9,452011E-2
184,052966	38,099998	40,000000	9,452011E-2
184,052966	38,099998	40,000000	9,460100E-2
185,052399	38,099998	40,000000	9,463149E-2
185,052399	38,099998	40,000000	9,466199E-2
185,052399	38,099998	40,000000	9,466199E-2
185,052399	38,099998	40,000000	9,466199E-2
185,052399	38,099998	40,000000	9,469248E-2
185,052399	38,099998	40,000000	9,469248E-2
185,052399	38,099998	40,000000	9,472297E-2
185,052399	38,099998	40,000000	9,475347E-2
185,052399	38,199997	40,000000	9,478396E-2
185,052399	38,199997	40,000000	9,478765E-2
186,052801	38,199997	40,000000	9,478765E-2
186,052801	38,199997	40,000000	9,481654E-2
186,052801	38,199997	40,000000	9,484543E-2
186,052801	38,199997	40,000000	9,484543E-2
186,052801	38,199997	40,000000	9,487432E-2
186,052801	38,199997	40,000000	9,490321E-2
186,052801	38,199997	40,000000	9,493210E-2
186,052801	38,199997	40,000000	9,496099E-2
186,052801	38,199997	40,000000	9,496099E-2
186,052801	38,800003	40,000000	9,498988E-2
187,052278	38,800003	40,000000	9,498988E-2
187,052278	38,800003	40,000000	9,485795E-2
187,052278	38,800003	40,000000	9,485795E-2
187,052278	38,800003	40,000000	9,487721E-2
187,052278	38,800003	40,000000	9,489647E-2
187,052278	38,800003	40,000000	9,491573E-2
187,052278	38,800003	40,000000	9,493499E-2
187,052278	38,800003	40,000000	9,493499E-2
187,052278	38,299999	40,000000	9,495424E-2
187,052278	38,299999	40,000000	9,510752E-2
188,052683	38,299999	40,000000	9,510752E-2
188,052683	38,299999	40,000000	9,513480E-2
188,052683	38,299999	40,000000	9,516208E-2
188,052683	38,299999	40,000000	9,516208E-2
188,052683	38,299999	40,000000	9,516208E-2
188,052683	38,299999	40,000000	9,518937E-2
188,052683	38,299999	40,000000	9,518937E-2
188,052683	38,299999	40,000000	9,521665E-2
188,052683	38,599998	40,000000	9,524394E-2
188,052683	38,599998	40,000000	9,519081E-2
189,053099	38,599998	40,000000	9,519081E-2
189,053099	38,599998	40,000000	9,521328E-2
189,053099	38,599998	40,000000	9,523575E-2
189,053099	38,599998	40,000000	9,525822E-2
189,053099	38,599998	40,000000	9,528069E-2
189,053099	38,599998	40,000000	9,530316E-2
189,053099	38,599998	40,000000	9,530316E-2
189,053099	38,599998	40,000000	9,532563E-2
189,053099	38,599998	40,000000	9,532563E-2
189,053099	38,599998	40,000000	9,534810E-2
190,053683	38,900002	40,000000	9,534810E-2
190,053683	38,900002	40,000000	9,529016E-2
190,053683	38,900002	40,000000	9,529016E-2
190,053683	38,900002	40,000000	9,530781E-2
190,053683	38,900002	40,000000	9,532547E-2
190,053683	38,900002	40,000000	9,532547E-2
190,053683	38,900002	40,000000	9,534312E-2
190,053683	38,900002	40,000000	9,536078E-2
190,053683	38,900002	40,000000	9,537843E-2
190,053683	38,900002	40,000000	9,537843E-2
191,054078	38,900002	40,000000	9,539608E-2
191,054078	38,900002	40,000000	9,541374E-2
191,054078	38,900002	40,000000	9,541374E-2
191,054078	38,900002	40,000000	9,541374E-2
191,054078	38,900002	40,000000	9,543139E-2
191,054078	38,700001	40,000000	9,543139E-2
191,054078	38,700001	40,000000	9,550265E-2
191,054078	38,700001	40,000000	9,552352E-2
191,054078	38,700001	40,000000	9,554438E-2
191,054078	38,700001	40,000000	9,556524E-2
192,053381	38,700001	40,000000	9,556524E-2
192,053381	38,700001	40,000000	9,558611E-2
192,053381	38,700001	40,000000	9,560697E-2
192,053381	38,700001	40,000000	9,560697E-2
192,053381	39,000000	40,000000	9,562784E-2
192,053381	39,000000	40,000000	9,556829E-2
192,053381	39,000000	40,000000	9,556829E-2
192,053381	39,000000	40,000000	9,558434E-2
192,053381	39,000000	40,000000	9,558434E-2
192,053381	39,000000	40,000000	9,560039E-2
193,053779	39,000000	40,000000	9,560039E-2
193,053779	39,000000	40,000000	9,561644E-2
193,053779	39,000000	40,000000	9,563249E-2
193,053779	39,000000	40,000000	9,563249E-2
193,053779	39,000000	40,000000	9,564854E-2
193,053779	39,000000	40,000000	9,566459E-2
193,053779	39,000000	40,000000	9,566459E-2
193,053779	39,000000	40,000000	9,568064E-2
193,053779	39,000000	40,000000	9,569669E-2
193,053779	39,000000	40,000000	9,571274E-2
194,053242	39,000000	40,000000	9,571274E-2
194,053242	39,000000	40,000000	9,572879E-2
194,053242	39,000000	40,000000	9,574484E-2
194,053242	39,000000	40,000000	9,574484E-2
194,053242	39,000000	40,000000	9,576089E-2
194,053242	39,000000	40,000000	9,576089E-2
194,053242	39,000000	40,000000	9,577694E-2
194,053242	39,000000	40,000000	9,577694E-2
194,053242	39,000000	40,000000	9,579299E-2
194,053242	39,000000	40,000000	9,580904E-2
195,053672	39,000000	40,000000	9,582508E-2
195,053672	39,000000	40,000000	9,584113E-2
195,053672	39,000000	40,000000	9,584113E-2
195,053672	39,000000	40,000000	9,585718E-2
195,053672	39,000000	40,000000	9,587323E-2
195,053672	38,800003	40,000000	9,594289E-2
195,053672	38,800003	40,000000	9,594289E-2
195,053672	38,800003	40,000000	9,596215E-2
195,053672	38,800003	40,000000	9,596215E-2
195,053672	38,800003	40,000000	9,596215E-2
196,054073	38,800003	40,000000	9,596215E-2
196,054073	38,800003	40,000000	9,598140E-2
196,054073	38,800003	40,000000	9,600066E-2
196,054073	38,800003	40,000000	9,601992E-2
196,054073	38,800003	40,000000	9,601992E-2
196,054073	38,800003	40,000000	9,603918E-2
196,054073	38,800003	40,000000	9,605844E-2
196,054073	38,800003	40,000000	9,605844E-2
196,054073	38,800003	40,000000	9,607770E-2
196,054073	38,800003	40,000000	9,607770E-2
197,054508	38,900002	40,000000	9,609696E-2
197,054508	38,900002	40,000000	9,608942E-2
197,054508	38,900002	40,000000	9,610707E-2
197,054508	38,900002	40,000000	9,610707E-2
197,054508	38,900002	40,000000	9,610707E-2
197,054508	38,900002	40,000000	9,612473E-2
197,054508	38,900002	40,000000	9,612473E-2
197,054508	38,900002	40,000000	9,614238E-2
197,054508	38,900002	40,000000	9,614238E-2
197,054508	39,099998	40,000000	9,616003E-2
198,055904	39,099998	40,000000	9,612408E-2
198,055904	39,099998	40,000000	9,613853E-2
198,055904	39,099998	40,000000	9,613853E-2
198,055904	39,099998	40,000000	9,615297E-2
198,055904	39,099998	40,000000	9,616742E-2
198,055904	39,099998	40,000000	9,616742E-2
198,055904	39,099998	40,000000	9,618186E-2
198,055904	39,099998	40,000000	9,619631E-2
198,055904	39,099998	40,000000	9,619631E-2
198,055904	39,199997	40,000000	9,621075E-2
199,056341	39,199997	40,000000	9,621075E-2
199,056341	39,199997	40,000000	9,619839E-2
199,056341	39,199997	40,000000	9,619839E-2
199,056341	39,199997	40,000000	9,621123E-2
199,056341	39,199997	40,000000	9,622407E-2
199,056341	39,199997	40,000000	9,623691E-2
199,056341	39,199997	40,000000	9,624975E-2
199,056341	39,199997	40,000000	9,624975E-2
199,056341	39,199997	40,000000	9,626259E-2
199,056341	39,199997	40,000000	9,626259E-2
200,056754	39,299999	40,000000	9,627543E-2
200,056754	39,299999	40,000000	9,626147E-2
200,056754	39,299999	40,000000	9,626147E-2
200,056754	39,299999	40,000000	9,627270E-2
200,056754	39,299999	40,000000	9,627270E-2
200,056754	39,299999	40,000000	9,627270E-2
200,056754	39,299999	40,000000	9,628394E-2
200,056754	39,299999	40,000000	9,629517E-2
200,056754	39,299999	40,000000	9,630641E-2
200,056754	39,099998	40,000000	9,630641E-2
201,056194	39,099998	40,000000	9,637125E-2
201,056194	39,099998	40,000000	9,637125E-2
201,056194	39,099998	40,000000	9,638569E-2
201,056194	39,099998	40,000000	9,640013E-2
201,056194	39,099998	40,000000	9,640013E-2
201,056194	39,099998	40,000000	9,641458E-2
201,056194	39,099998	40,000000	9,642902E-2
201,056194	39,099998	40,000000	9,642902E-2
201,056194	39,099998	40,000000	9,644347E-2
201,056194	39,099998	40,000000	9,644347E-2
202,057587	39,099998	40,000000	9,644347E-2
202,057587	39,099998	40,000000	9,645791E-2
202,057587	39,099998	40,000000	9,645791E-2
202,057587	39,099998	40,000000	9,647236E-2
202,057587	39,299999	40,000000	9,648680E-2
202,057587	39,299999	40,000000	9,648680E-2
202,057587	39,299999	40,000000	9,644764E-2
202,057587	39,299999	40,000000	9,645888E-2
202,057587	39,299999	40,000000	9,647011E-2
202,057587	39,299999	40,000000	9,647011E-2
203,058039	39,299999	40,000000	9,648134E-2
203,058039	39,299999	40,000000	9,649258E-2
203,058039	39,299999	40,000000	9,649258E-2
203,058039	39,299999	40,000000	9,650381E-2
203,058039	39,099998	40,000000	9,650381E-2
203,058039	39,099998	40,000000	9,650381E-2
203,058039	39,099998	40,000000	9,656865E-2
203,058039	39,099998	40,000000	9,658310E-2
203,058039	39,099998	40,000000	9,658310E-2
203,058039	39,099998	40,000000	9,659754E-2
204,058554	39,099998	40,000000	9,661199E-2
204,058554	39,099998	40,000000	9,662643E-2
204,058554	39,099998	40,000000	9,662643E-2
204,058554	39,000000	40,000000	9,664088E-2
204,058554	39,000000	40,000000	9,668212E-2
204,058554	39,000000	40,000000	9,668212E-2
204,058554	39,000000	40,000000	9,669817E-2
204,058554	39,000000	40,000000	9,671422E-2
204,058554	39,000000	40,000000	9,671422E-2
204,058554	39,000000	40,000000	9,673027E-2
205,058895	39,000000	40,000000	9,673027E-2
205,058895	39,000000	40,000000	9,674632E-2
205,058895	39,000000	40,000000	9,674632E-2
205,058895	39,000000	40,000000	9,676237E-2
205,058895	39,599998	40,000000	9,677842E-2
205,058895	39,599998	40,000000	9,677842E-2
205,058895	39,599998	40,000000	9,663365E-2
205,058895	39,599998	40,000000	9,664007E-2
205,058895	39,599998	40,000000	9,664649E-2
205,058895	39,599998	40,000000	9,664649E-2
206,059303	39,599998	40,000000	9,665291E-2
206,059303	39,599998	40,000000	9,665933E-2
206,059303	39,599998	40,000000	9,665933E-2
206,059303	39,599998	40,000000	9,666575E-2
206,059303	39,599998	40,000000	9,666575E-2
206,059303	39,599998	40,000000	9,666575E-2
206,059303	39,599998	40,000000	9,667217E-2
206,059303	39,599998	40,000000	9,667217E-2
206,059303	39,599998	40,000000	9,667859E-2
206,059303	39,099998	40,000000	9,668501E-2
207,060770	39,099998	40,000000	9,682544E-2
207,060770	39,099998	40,000000	9,682544E-2
207,060770	39,099998	40,000000	9,683989E-2
207,060770	39,099998	40,000000	9,685433E-2
207,060770	39,099998	40,000000	9,686878E-2
207,060770	39,099998	40,000000	9,688322E-2
207,060770	39,099998	40,000000	9,689767E-2
207,060770	39,099998	40,000000	9,689767E-2
207,060770	39,099998	40,000000	9,689767E-2
207,060770	39,099998	40,000000	9,691211E-2
208,060266	39,299999	40,000000	9,691211E-2
208,060266	39,299999	40,000000	9,687295E-2
208,060266	39,299999	40,000000	9,688418E-2
208,060266	39,299999	40,000000	9,689542E-2
208,060266	39,299999	40,000000	9,690665E-2
208,060266	39,299999	40,000000	9,690665E-2
208,060266	39,299999	40,000000	9,691789E-2
208,060266	39,299999	40,000000	9,692912E-2
208,060266	39,299999	40,000000	9,694036E-2
208,060266	39,299999	40,000000	9,694036E-2
209,061570	39,500000	40,000000	9,695159E-2
209,061570	39,500000	40,000000	9,690922E-2
209,061570	39,500000	40,000000	9,691725E-2
209,061570	39,500000	40,000000	9,691725E-2
209,061570	39,500000	40,000000	9,692527E-2
209,061570	39,500000	40,000000	9,692527E-2
209,061570	39,500000	40,000000	9,692527E-2
209,061570	39,500000	40,000000	9,693330E-2
209,061570	39,500000	40,000000	9,694132E-2
209,061570	39,500000	40,000000	9,694934E-2
210,063056	39,299999	40,000000	9,695737E-2
210,063056	39,299999	40,000000	9,701900E-2
210,063056	39,299999	40,000000	9,703023E-2
210,063056	39,299999	40,000000	9,703023E-2
210,063056	39,299999	40,000000	9,704147E-2
210,063056	39,299999	40,000000	9,704147E-2
210,063056	39,299999	40,000000	9,705270E-2
210,063056	39,299999	40,000000	9,706394E-2
210,063056	39,299999	40,000000	9,706394E-2
210,063056	39,299999	40,000000	9,707517E-2
211,062442	39,299999	40,000000	9,707517E-2
211,062442	39,700001	40,000000	9,697920E-2
211,062442	39,700001	40,000000	9,697920E-2
211,062442	39,700001	40,000000	9,698401E-2
211,062442	39,700001	40,000000	9,698883E-2
211,062442	39,700001	40,000000	9,699364E-2
211,062442	39,700001	40,000000	9,699846E-2
211,062442	39,700001	40,000000	9,699846E-2
211,062442	39,700001	40,000000	9,700327E-2
211,062442	39,700001	40,000000	9,700809E-2
212,062866	39,700001	40,000000	9,700809E-2
212,062866	39,700001	40,000000	9,701290E-2
212,062866	39,700001	40,000000	9,701771E-2
212,062866	39,700001	40,000000	9,701771E-2
212,062866	39,700001	40,000000	9,702253E-2
212,062866	39,700001	40,000000	9,702253E-2
212,062866	39,700001	40,000000	9,702734E-2
212,062866	39,700001	40,000000	9,703216E-2
212,062866	39,700001	40,000000	9,703216E-2
212,062866	39,700001	40,000000	9,703697E-2
213,063294	39,700001	40,000000	9,704179E-2
213,063294	39,700001	40,000000	9,704179E-2
213,063294	39,700001	40,000000	9,704660E-2
213,063294	39,700001	40,000000	9,705142E-2
213,063294	39,700001	40,000000	9,705142E-2
213,063294	39,700001	40,000000	9,705623E-2
213,063294	39,700001	40,000000	9,706105E-2
213,063294	39,700001	40,000000	9,706586E-2
213,063294	39,700001	40,000000	9,706586E-2
213,063294	39,700001	40,000000	9,706586E-2
214,064771	39,700001	40,000000	9,707068E-2
214,064771	39,700001	40,000000	9,707068E-2
214,064771	39,700001	40,000000	9,707549E-2
214,064771	39,700001	40,000000	9,708031E-2
214,064771	39,700001	40,000000	9,708512E-2
214,064771	39,700001	40,000000	9,708994E-2
214,064771	39,700001	40,000000	9,708994E-2
214,064771	39,700001	40,000000	9,709475E-2
214,064771	39,700001	40,000000	9,709957E-2
214,064771	39,700001	40,000000	9,709957E-2
215,064143	39,700001	40,000000	9,710438E-2
215,064143	39,700001	40,000000	9,710920E-2
215,064143	39,700001	40,000000	9,711401E-2
215,064143	39,700001	40,000000	9,711401E-2
215,064143	39,500000	40,000000	9,717243E-2
215,064143	39,500000	40,000000	9,717243E-2
215,064143	39,500000	40,000000	9,717243E-2
215,064143	39,500000	40,000000	9,718046E-2
215,064143	39,500000	40,000000	9,718848E-2
215,064143	39,500000	40,000000	9,719651E-2
216,064566	39,500000	40,000000	9,720453E-2
216,064566	39,500000	40,000000	9,721255E-2
216,064566	39,500000	40,000000	9,721255E-2
216,064566	39,700001	40,000000	9,722058E-2
216,064566	39,700001	40,000000	9,717500E-2
216,064566	39,700001	40,000000	9,717500E-2
216,064566	39,700001	40,000000	9,717981E-2
216,064566	39,700001	40,000000	9,718463E-2
216,064566	39,700001	40,000000	9,718463E-2
216,064566	39,700001	40,000000	9,718944E-2
217,064971	39,700001	40,000000	9,718944E-2
217,064971	39,700001	40,000000	9,718944E-2
217,064971	39,700001	40,000000	9,719426E-2
217,064971	39,500000	40,000000	9,719907E-2
217,064971	39,500000	40,000000	9,725749E-2
217,064971	39,500000	40,000000	9,725749E-2
217,064971	39,500000	40,000000	9,726552E-2
217,064971	39,500000	40,000000	9,727354E-2
217,064971	39,500000	40,000000	9,727354E-2
217,064971	39,500000	40,000000	9,728157E-2
218,065387	39,500000	40,000000	9,728959E-2
218,065387	39,500000	40,000000	9,729762E-2
218,065387	39,500000	40,000000	9,729762E-2
218,065387	39,500000	40,000000	9,729762E-2
218,065387	39,500000	40,000000	9,730564E-2
218,065387	39,700001	40,000000	9,730564E-2
218,065387	39,700001	40,000000	9,726006E-2
218,065387	39,700001	40,000000	9,726006E-2
218,065387	39,700001	40,000000	9,726488E-2
218,065387	39,700001	40,000000	9,726969E-2
219,065825	39,700001	40,000000	9,726969E-2
219,065825	39,700001	40,000000	9,727450E-2
219,065825	39,700001	40,000000	9,727932E-2
219,065825	39,700001	40,000000	9,728413E-2
219,065825	39,700001	40,000000	9,728413E-2
219,065825	39,700001	40,000000	9,728895E-2
219,065825	39,700001	40,000000	9,729376E-2
219,065825	39,700001	40,000000	9,729376E-2
219,065825	39,700001	40,000000	9,729858E-2
219,065825	39,700001	40,000000	9,729858E-2
220,066292	39,700001	40,000000	9,729858E-2
220,066292	39,500000	40,000000	9,730339E-2
220,066292	39,500000	40,000000	9,736181E-2
220,066292	39,500000	40,000000	9,736984E-2
220,066292	39,500000	40,000000	9,736984E-2
220,066292	39,500000	40,000000	9,737786E-2
220,066292	39,500000	40,000000	9,738589E-2
220,066292	39,500000	40,000000	9,738589E-2
220,066292	39,500000	40,000000	9,739391E-2
220,066292	39,599998	40,000000	9,740194E-2
221,066690	39,599998	40,000000	9,740194E-2
221,066690	39,599998	40,000000	9,738316E-2
221,066690	39,599998	40,000000	9,738958E-2
221,066690	39,599998	40,000000	9,738958E-2
221,066690	39,599998	40,000000	9,739600E-2
221,066690	39,599998	40,000000	9,739600E-2
221,066690	39,599998	40,000000	9,740242E-2
221,066690	39,599998	40,000000	9,740242E-2
221,066690	39,599998	40,000000	9,740884E-2
221,066690	39,800003	40,000000	9,741526E-2
222,066107	39,800003	40,000000	9,741526E-2
222,066107	39,800003	40,000000	9,736807E-2
222,066107	39,800003	40,000000	9,737128E-2
222,066107	39,800003	40,000000	9,737449E-2
222,066107	39,800003	40,000000	9,737449E-2
222,066107	39,800003	40,000000	9,737770E-2
222,066107	39,800003	40,000000	9,738091E-2
222,066107	39,800003	40,000000	9,738091E-2
222,066107	39,800003	40,000000	9,738412E-2
222,066107	39,800003	40,000000	9,738412E-2
223,066523	39,800003	40,000000	9,738412E-2
223,066523	39,599998	40,000000	9,738733E-2
223,066523	39,599998	40,000000	9,744415E-2
223,066523	39,599998	40,000000	9,745057E-2
223,066523	39,599998	40,000000	9,745699E-2
223,066523	39,599998	40,000000	9,746341E-2
223,066523	39,599998	40,000000	9,746983E-2
223,066523	39,599998	40,000000	9,746983E-2
223,066523	39,599998	40,000000	9,747625E-2
223,066523	39,599998	40,000000	9,748267E-2
224,066971	39,599998	40,000000	9,748909E-2
224,066971	39,599998	40,000000	9,748909E-2
224,066971	39,599998	40,000000	9,749551E-2
224,066971	39,599998	40,000000	9,749551E-2
224,066971	39,599998	40,000000	9,750192E-2
224,066971	39,599998	40,000000	9,750192E-2
224,066971	39,599998	40,000000	9,750192E-2
224,066971	39,599998	40,000000	9,750834E-2
224,066971	39,599998	40,000000	9,751476E-2
224,066971	39,599998	40,000000	9,752118E-2
225,067368	39,599998	40,000000	9,752760E-2
225,067368	39,599998	40,000000	9,753402E-2
225,067368	39,599998	40,000000	9,753402E-2
225,067368	40,000000	40,000000	9,754044E-2
225,067368	40,000000	40,000000	9,754044E-2
225,067368	40,000000	40,000000	9,743965E-2
225,067368	40,000000	40,000000	9,743965E-2
225,067368	40,000000	40,000000	9,743965E-2
225,067368	40,000000	40,000000	9,743965E-2
225,067368	40,000000	40,000000	9,743965E-2
226,067812	40,000000	40,000000	9,743965E-2
226,067812	40,000000	40,000000	9,743965E-2
226,067812	40,000000	40,000000	9,743965E-2
226,067812	39,299999	40,000000	9,743965E-2
226,067812	39,299999	40,000000	9,743965E-2
226,067812	39,299999	40,000000	9,762727E-2
226,067812	39,299999	40,000000	9,763851E-2
226,067812	39,299999	40,000000	9,764974E-2
226,067812	39,299999	40,000000	9,764974E-2
226,067812	39,299999	40,000000	9,766097E-2
227,067227	39,299999	40,000000	9,767221E-2
227,067227	39,299999	40,000000	9,767221E-2
227,067227	39,299999	40,000000	9,768344E-2
227,067227	39,299999	40,000000	9,768344E-2
227,067227	39,700001	40,000000	9,769468E-2
227,067227	39,700001	40,000000	9,769468E-2
227,067227	39,700001	40,000000	9,759870E-2
227,067227	39,700001	40,000000	9,760352E-2
227,067227	39,700001	40,000000	9,760833E-2
227,067227	39,700001	40,000000	9,760833E-2
228,068719	39,700001	40,000000	9,761315E-2
228,068719	39,700001	40,000000	9,761796E-2
228,068719	39,700001	40,000000	9,762278E-2
228,068719	39,700001	40,000000	9,762278E-2
228,068719	39,700001	40,000000	9,762759E-2
228,068719	39,700001	40,000000	9,763241E-2
228,068719	39,700001	40,000000	9,763722E-2
228,068719	39,700001	40,000000	9,763722E-2
228,068719	39,700001	40,000000	9,763722E-2
228,068719	39,700001	40,000000	9,764204E-2
229,068106	39,700001	40,000000	9,764204E-2
229,068106	39,700001	40,000000	9,764685E-2
229,068106	39,700001	40,000000	9,765167E-2
229,068106	39,700001	40,000000	9,765648E-2
229,068106	39,700001	40,000000	9,765648E-2
229,068106	39,700001	40,000000	9,766129E-2
229,068106	39,900002	40,000000	9,766611E-2
229,068106	39,900002	40,000000	9,766611E-2
229,068106	39,900002	40,000000	9,761732E-2
229,068106	39,900002	40,000000	9,761892E-2
230,069538	39,900002	40,000000	9,761892E-2
230,069538	39,900002	40,000000	9,762053E-2
230,069538	39,900002	40,000000	9,762213E-2
230,069538	39,900002	40,000000	9,762213E-2
230,069538	39,900002	40,000000	9,762374E-2
230,069538	39,900002	40,000000	9,762374E-2
230,069538	39,900002	40,000000	9,762374E-2
230,069538	39,800003	40,000000	9,762534E-2
230,069538	39,800003	40,000000	9,765375E-2
230,069538	39,800003	40,000000	9,765696E-2
231,070963	39,800003	40,000000	9,766017E-2
231,070963	39,800003	40,000000	9,766017E-2
231,070963	39,800003	40,000000	9,766338E-2
231,070963	39,800003	40,000000	9,766659E-2
231,070963	39,800003	40,000000	9,766980E-2
231,070963	39,800003	40,000000	9,767301E-2
231,070963	39,800003	40,000000	9,767622E-2
231,070963	39,900002	40,000000	9,767943E-2
231,070963	39,900002	40,000000	9,767943E-2
231,070963	39,900002	40,000000	9,767943E-2
232,070320	39,900002	40,000000	9,765584E-2
232,070320	39,900002	40,000000	9,765584E-2
232,070320	39,900002	40,000000	9,765744E-2
232,070320	39,900002	40,000000	9,765905E-2
232,070320	39,900002	40,000000	9,766065E-2
232,070320	39,900002	40,000000	9,766226E-2
232,070320	39,900002	40,000000	9,766386E-2
232,070320	39,900002	40,000000	9,766386E-2
232,070320	39,900002	40,000000	9,766547E-2
232,070320	39,900002	40,000000	9,766707E-2
233,071765	39,900002	40,000000	9,766868E-2
233,071765	39,900002	40,000000	9,766868E-2
233,071765	39,900002	40,000000	9,767028E-2
233,071765	39,900002	40,000000	9,767028E-2
233,071765	39,900002	40,000000	9,767189E-2
233,071765	39,900002	40,000000	9,767189E-2
233,071765	39,900002	40,000000	9,767349E-2
233,071765	39,900002	40,000000	9,767510E-2
233,071765	39,900002	40,000000	9,767510E-2
233,071765	39,900002	40,000000	9,767670E-2
234,071174	39,900002	40,000000	9,767831E-2
234,071174	39,900002	40,000000	9,767991E-2
234,071174	39,900002	40,000000	9,767991E-2
234,071174	39,900002	40,000000	9,768152E-2
234,071174	39,900002	40,000000	9,768312E-2
234,071174	39,900002	40,000000	9,768312E-2
234,071174	39,900002	40,000000	9,768473E-2
234,071174	39,900002	40,000000	9,768473E-2
234,071174	39,900002	40,000000	9,768633E-2
234,071174	39,900002	40,000000	9,768633E-2
235,072626	39,900002	40,000000	9,768633E-2
235,072626	39,900002	40,000000	9,768794E-2
235,072626	39,900002	40,000000	9,768954E-2
235,072626	39,900002	40,000000	9,768954E-2
235,072626	40,099998	40,000000	9,769115E-2
235,072626	40,099998	40,000000	9,763915E-2
235,072626	40,099998	40,000000	9,763754E-2
235,072626	40,099998	40,000000	9,763754E-2
235,072626	40,099998	40,000000	9,763594E-2
235,072626	40,099998	40,000000	9,763433E-2
236,072163	40,099998	40,000000	9,763433E-2
236,072163	40,099998	40,000000	9,763273E-2
236,072163	40,099998	40,000000	9,763112E-2
236,072163	40,099998	40,000000	9,763112E-2
236,072163	40,099998	40,000000	9,762952E-2
236,072163	40,099998	40,000000	9,762952E-2
236,072163	40,099998	40,000000	9,762791E-2
236,072163	40,099998	40,000000	9,762631E-2
236,072163	40,099998	40,000000	9,762631E-2
236,072163	40,099998	40,000000	9,762470E-2
237,072479	40,099998	40,000000	9,762310E-2
237,072479	40,099998	40,000000	9,762149E-2
237,072479	40,099998	40,000000	9,762149E-2
237,072479	40,099998	40,000000	9,761989E-2
237,072479	40,099998	40,000000	9,761828E-2
237,072479	39,900002	40,000000	9,767028E-2
237,072479	39,900002	40,000000	9,767189E-2
237,072479	39,900002	40,000000	9,767349E-2
237,072479	39,900002	40,000000	9,767349E-2
237,072479	39,900002	40,000000	9,767349E-2
238,073926	39,900002	40,000000	9,767510E-2
238,073926	39,900002	40,000000	9,767510E-2
238,073926	39,900002	40,000000	9,767670E-2
238,073926	39,900002	40,000000	9,767831E-2
238,073926	39,599998	40,000000	9,767991E-2
238,073926	39,599998	40,000000	9,767991E-2
238,073926	39,599998	40,000000	9,776192E-2
238,073926	39,599998	40,000000	9,776834E-2
238,073926	39,599998	40,000000	9,776834E-2
238,073926	39,599998	40,000000	9,777476E-2
239,073321	39,599998	40,000000	9,778118E-2
239,073321	39,599998	40,000000	9,778118E-2
239,073321	39,599998	40,000000	9,778760E-2
239,073321	39,599998	40,000000	9,778760E-2
239,073321	39,599998	40,000000	9,779402E-2
239,073321	40,000000	40,000000	9,779402E-2
239,073321	40,000000	40,000000	9,769323E-2
239,073321	40,000000	40,000000	9,769323E-2
239,073321	40,000000	40,000000	9,769323E-2
239,073321	40,000000	40,000000	9,769323E-2
240,073939	40,000000	40,000000	9,769323E-2
240,073939	40,000000	40,000000	9,769323E-2
240,073939	40,000000	40,000000	9,769323E-2
240,073939	40,000000	40,000000	9,769323E-2
240,073939	40,000000	40,000000	9,769323E-2
240,073939	40,000000	40,000000	9,769323E-2
240,073939	40,000000	40,000000	9,769323E-2
240,073939	40,000000	40,000000	9,769323E-2
240,073939	40,000000	40,000000	9,769323E-2
240,073939	39,500000	40,000000	9,769323E-2
241,073193	39,500000	40,000000	9,769323E-2
241,073193	39,500000	40,000000	9,782724E-2
241,073193	39,500000	40,000000	9,783527E-2
241,073193	39,500000	40,000000	9,783527E-2
241,073193	39,500000	40,000000	9,784329E-2
241,073193	39,500000	40,000000	9,785132E-2
241,073193	39,500000	40,000000	9,785934E-2
241,073193	39,500000	40,000000	9,785934E-2
241,073193	39,500000	40,000000	9,786737E-2
241,073193	39,500000	40,000000	9,787539E-2
242,073638	39,599998	40,000000	9,785662E-2
242,073638	39,599998	40,000000	9,785662E-2
242,073638	39,599998	40,000000	9,786304E-2
242,073638	39,599998	40,000000	9,786304E-2
242,073638	39,599998	40,000000	9,786946E-2
242,073638	39,599998	40,000000	9,786946E-2
242,073638	39,599998	40,000000	9,787587E-2
242,073638	39,599998	40,000000	9,788229E-2
242,073638	40,199997	40,000000	9,788871E-2
242,073638	40,199997	40,000000	9,788871E-2
243,074018	40,199997	40,000000	9,773432E-2
243,074018	40,199997	40,000000	9,773111E-2
243,074018	40,199997	40,000000	9,773111E-2
243,074018	40,199997	40,000000	9,772790E-2
243,074018	40,199997	40,000000	9,772469E-2
243,074018	40,199997	40,000000	9,772469E-2
243,074018	40,199997	40,000000	9,772148E-2
243,074018	40,199997	40,000000	9,771827E-2
243,074018	40,199997	40,000000	9,771827E-2
243,074018	39,900002	40,000000	9,771506E-2
244,073457	39,900002	40,000000	9,771506E-2
244,073457	39,900002	40,000000	9,779226E-2
244,073457	39,900002	40,000000	9,779386E-2
244,073457	39,900002	40,000000	9,779386E-2
244,073457	39,900002	40,000000	9,779547E-2
244,073457	39,900002	40,000000	9,779707E-2
244,073457	39,900002	40,000000	9,779868E-2
244,073457	39,900002	40,000000	9,779868E-2
244,073457	39,900002	40,000000	9,780028E-2
244,073457	39,900002	40,000000	9,780189E-2
245,073899	40,200001	40,000000	9,780189E-2
245,073899	40,200001	40,000000	9,772308E-2
245,073899	40,200001	40,000000	9,771987E-2
245,073899	40,200001	40,000000	9,771987E-2
245,073899	40,200001	40,000000	9,771666E-2
245,073899	40,200001	40,000000	9,771666E-2
245,073899	40,200001	40,000000	9,771666E-2
245,073899	40,200001	40,000000	9,771345E-2
245,073899	40,200001	40,000000	9,771345E-2
245,073899	40,200001	40,000000	9,771024E-2
246,073360	40,200001	40,000000	9,770703E-2
246,073360	40,200001	40,000000	9,770703E-2
246,073360	39,799999	40,000000	9,770383E-2
246,073360	39,799999	40,000000	9,780783E-2
246,073360	39,799999	40,000000	9,780783E-2
246,073360	39,799999	40,000000	9,781104E-2
246,073360	39,799999	40,000000	9,781425E-2
246,073360	39,799999	40,000000	9,781746E-2
246,073360	39,799999	40,000000	9,781746E-2
246,073360	39,799999	40,000000	9,781746E-2
247,073797	39,799999	40,000000	9,782067E-2
247,073797	39,799999	40,000000	9,782067E-2
247,073797	39,799999	40,000000	9,782387E-2
247,073797	40,000000	40,000000	9,777348E-2
247,073797	40,000000	80,000000	9,777348E-2
247,073797	40,000000	80,000000	9,777348E-2
247,073797	40,000000	80,000000	1,084945E-1
247,073797	40,000000	80,000000	1,091364E-1
247,073797	40,000000	80,000000	1,091364E-1
247,073797	40,000000	80,000000	1,097784E-1
248,073137	40,000000	80,000000	1,104204E-1
248,073137	40,000000	80,000000	1,110624E-1
248,073137	40,000000	80,000000	1,110624E-1
248,073137	40,000000	80,000000	1,110624E-1
248,073137	42,599998	80,000000	1,110075E-1
248,073137	42,599998	80,000000	1,110075E-1
248,073137	42,599998	80,000000	1,116077E-1
248,073137	42,599998	80,000000	1,122080E-1
248,073137	42,599998	80,000000	1,128082E-1
248,073137	42,599998	80,000000	1,128082E-1
249,073608	42,599998	80,000000	1,134085E-1
249,073608	42,599998	80,000000	1,140087E-1
249,073608	42,599998	80,000000	1,140087E-1
249,073608	42,599998	80,000000	1,146090E-1
249,073608	51,099998	80,000000	1,152092E-1
249,073608	51,099998	80,000000	1,152092E-1
249,073608	51,099998	80,000000	1,135312E-1
249,073608	51,099998	80,000000	1,139951E-1
249,073608	51,099998	80,000000	1,139951E-1
249,073608	51,099998	80,000000	1,144589E-1
250,073985	51,099998	80,000000	1,144589E-1
250,073985	51,099998	80,000000	1,149227E-1
250,073985	51,099998	80,000000	1,149227E-1
250,073985	51,099998	80,000000	1,153866E-1
250,073985	53,400002	80,000000	1,158504E-1
250,073985	53,400002	80,000000	1,156978E-1
250,073985	53,400002	80,000000	1,161247E-1
250,073985	53,400002	80,000000	1,165516E-1
250,073985	53,400002	80,000000	1,165516E-1
250,073985	53,400002	80,000000	1,169785E-1
251,074541	53,400002	80,000000	1,174054E-1
251,074541	53,400002	80,000000	1,178323E-1
251,074541	53,400002	80,000000	1,178323E-1
251,074541	53,400002	80,000000	1,182592E-1
251,074541	53,400002	80,000000	1,182592E-1
251,074541	53,400002	80,000000	1,182592E-1
251,074541	53,400002	80,000000	1,186861E-1
251,074541	53,400002	80,000000	1,191131E-1
251,074541	54,700001	80,000000	1,195400E-1
251,074541	54,700001	80,000000	1,195400E-1
252,075855	54,700001	80,000000	1,196185E-1
252,075855	54,700001	80,000000	1,200245E-1
252,075855	54,700001	80,000000	1,204306E-1
252,075855	54,700001	80,000000	1,208366E-1
252,075855	54,700001	80,000000	1,212427E-1
252,075855	54,700001	80,000000	1,216487E-1
252,075855	54,700001	80,000000	1,216487E-1
252,075855	54,700001	80,000000	1,220548E-1
252,075855	54,700001	80,000000	1,220548E-1
252,075855	54,700001	80,000000	1,224608E-1
253,075387	59,900002	80,000000	1,224608E-1
253,075387	59,900002	80,000000	1,214731E-1
253,075387	59,900002	80,000000	1,217957E-1
253,075387	59,900002	80,000000	1,221183E-1
253,075387	59,900002	80,000000	1,221183E-1
253,075387	59,900002	80,000000	1,224409E-1
253,075387	59,900002	80,000000	1,227635E-1
253,075387	59,900002	80,000000	1,230861E-1
253,075387	59,900002	80,000000	1,230861E-1
253,075387	62,299999	80,000000	1,234087E-1
254,075738	62,299999	80,000000	1,234087E-1
254,075738	62,299999	80,000000	1,230880E-1
254,075738	62,299999	80,000000	1,233721E-1
254,075738	62,299999	80,000000	1,233721E-1
254,075738	62,299999	80,000000	1,236562E-1
254,075738	62,299999	80,000000	1,236562E-1
254,075738	62,299999	80,000000	1,239402E-1
254,075738	62,299999	80,000000	1,242243E-1
254,075738	62,299999	80,000000	1,245084E-1
254,075738	62,299999	80,000000	1,245084E-1
255,075127	63,899998	80,000000	1,247925E-1
255,075127	63,899998	80,000000	1,246477E-1
255,075127	63,899998	80,000000	1,249061E-1
255,075127	63,899998	80,000000	1,249061E-1
255,075127	63,899998	80,000000	1,251645E-1
255,075127	63,899998	80,000000	1,254229E-1
255,075127	63,899998	80,000000	1,256813E-1
255,075127	63,899998	80,000000	1,259397E-1
255,075127	63,899998	80,000000	1,259397E-1
255,075127	66,000000	80,000000	1,261981E-1
256,075570	66,000000	80,000000	1,261981E-1
256,075570	66,000000	80,000000	1,258936E-1
256,075570	66,000000	80,000000	1,258936E-1
256,075570	66,000000	80,000000	1,261183E-1
256,075570	66,000000	80,000000	1,263430E-1
256,075570	66,000000	80,000000	1,265677E-1
256,075570	66,000000	80,000000	1,267924E-1
256,075570	66,000000	80,000000	1,267924E-1
256,075570	66,000000	80,000000	1,270171E-1
256,075570	66,000000	80,000000	1,270171E-1
257,075986	68,000000	80,000000	1,272418E-1
257,075986	68,000000	80,000000	1,269304E-1
257,075986	68,000000	80,000000	1,269304E-1
257,075986	68,000000	80,000000	1,271230E-1
257,075986	68,000000	80,000000	1,271230E-1
257,075986	68,000000	80,000000	1,271230E-1
257,075986	68,000000	80,000000	1,273156E-1
257,075986	68,000000	80,000000	1,275082E-1
257,075986	68,000000	80,000000	1,275082E-1
257,075986	68,000000	80,000000	1,277008E-1
258,075422	68,000000	80,000000	1,278934E-1
258,075422	68,000000	80,000000	1,278934E-1
258,075422	68,000000	80,000000	1,280859E-1
258,075422	68,000000	80,000000	1,280859E-1
258,075422	68,000000	80,000000	1,282785E-1
258,075422	69,699997	80,000000	1,284711E-1
258,075422	69,699997	80,000000	1,282081E-1
258,075422	69,699997	80,000000	1,282081E-1
258,075422	69,699997	80,000000	1,282081E-1
258,075422	69,699997	80,000000	1,283734E-1
259,076814	69,699997	80,000000	1,283734E-1
259,076814	69,699997	80,000000	1,285387E-1
259,076814	69,699997	80,000000	1,287040E-1
259,076814	69,699997	80,000000	1,287040E-1
259,076814	69,699997	80,000000	1,288693E-1
259,076814	70,800003	80,000000	1,290346E-1
259,076814	70,800003	80,000000	1,289051E-1
259,076814	70,800003	80,000000	1,289051E-1
259,076814	70,800003	80,000000	1,290528E-1
259,076814	70,800003	80,000000	1,292004E-1
260,076257	70,800003	80,000000	1,292004E-1
260,076257	70,800003	80,000000	1,293481E-1
260,076257	70,800003	80,000000	1,294957E-1
260,076257	70,800003	80,000000	1,294957E-1
260,076257	71,399994	80,000000	1,296434E-1
260,076257	71,399994	80,000000	1,296434E-1
260,076257	71,399994	80,000000	1,296302E-1
260,076257	71,399994	80,000000	1,297682E-1
260,076257	71,399994	80,000000	1,297682E-1
260,076257	71,399994	80,000000	1,299063E-1
261,076661	71,399994	80,000000	1,300443E-1
261,076661	71,399994	80,000000	1,301823E-1
261,076661	71,399994	80,000000	1,301823E-1
261,076661	71,399994	80,000000	1,303203E-1
261,076661	72,699997	80,000000	1,304584E-1
261,076661	72,699997	80,000000	1,302480E-1
261,076661	72,699997	80,000000	1,303651E-1
261,076661	72,699997	80,000000	1,303651E-1
261,076661	72,699997	80,000000	1,303651E-1
261,076661	72,699997	80,000000	1,304823E-1
262,077090	72,699997	80,000000	1,304823E-1
262,077090	72,699997	80,000000	1,305994E-1
262,077090	72,699997	80,000000	1,307166E-1
262,077090	72,699997	80,000000	1,308338E-1
262,077090	72,699997	80,000000	1,308338E-1
262,077090	72,699997	80,000000	1,309509E-1
262,077090	72,699997	80,000000	1,310681E-1
262,077090	73,899994	80,000000	1,310681E-1
262,077090	73,899994	80,000000	1,308636E-1
262,077090	73,899994	80,000000	1,308636E-1
263,077516	73,899994	80,000000	1,309615E-1
263,077516	73,899994	80,000000	1,310594E-1
263,077516	73,899994	80,000000	1,310594E-1
263,077516	73,899994	80,000000	1,311573E-1
263,077516	73,899994	80,000000	1,311573E-1
263,077516	73,899994	80,000000	1,311573E-1
263,077516	73,899994	80,000000	1,312552E-1
263,077516	73,899994	80,000000	1,313531E-1
263,077516	73,899994	80,000000	1,314510E-1
263,077516	75,000000	80,000000	1,314510E-1
264,078923	75,000000	80,000000	1,312541E-1
264,078923	75,000000	80,000000	1,313343E-1
264,078923	75,000000	80,000000	1,313343E-1
264,078923	75,000000	80,000000	1,314146E-1
264,078923	75,000000	80,000000	1,314948E-1
264,078923	75,000000	80,000000	1,315751E-1
264,078923	75,000000	80,000000	1,315751E-1
264,078923	75,000000	80,000000	1,316553E-1
264,078923	75,000000	80,000000	1,316553E-1
264,078923	74,899994	80,000000	1,317356E-1
265,078359	74,899994	80,000000	1,317356E-1
265,078359	74,899994	80,000000	1,318426E-1
265,078359	74,899994	80,000000	1,318426E-1
265,078359	74,899994	80,000000	1,319245E-1
265,078359	74,899994	80,000000	1,320063E-1
265,078359	74,899994	80,000000	1,320882E-1
265,078359	74,899994	80,000000	1,321700E-1
265,078359	74,899994	80,000000	1,321700E-1
265,078359	75,899994	80,000000	1,322519E-1
265,078359	75,899994	80,000000	1,320657E-1
266,078768	75,899994	80,000000	1,320657E-1
266,078768	75,899994	80,000000	1,321315E-1
266,078768	75,899994	80,000000	1,321973E-1
266,078768	75,899994	80,000000	1,321973E-1
266,078768	75,899994	80,000000	1,322631E-1
266,078768	75,899994	80,000000	1,322631E-1
266,078768	75,899994	80,000000	1,322631E-1
266,078768	75,899994	80,000000	1,323289E-1
266,078768	75,899994	80,000000	1,323947E-1
266,078768	76,500000	80,000000	1,324605E-1
267,079243	76,500000	80,000000	1,324605E-1
267,079243	76,500000	80,000000	1,323655E-1
267,079243	76,500000	80,000000	1,324217E-1
267,079243	76,500000	80,000000	1,324779E-1
267,079243	76,500000	80,000000	1,324779E-1
267,079243	76,500000	80,000000	1,325340E-1
267,079243	76,500000	80,000000	1,325902E-1
267,079243	76,500000	80,000000	1,325902E-1
267,079243	76,500000	80,000000	1,326464E-1
267,079243	76,500000	80,000000	1,326464E-1
268,080668	76,500000	80,000000	1,326464E-1
268,080668	76,500000	80,000000	1,327026E-1
268,080668	76,500000	80,000000	1,327587E-1
268,080668	76,500000	80,000000	1,327587E-1
268,080668	76,500000	80,000000	1,328149E-1
268,080668	76,500000	80,000000	1,328711E-1
268,080668	76,500000	80,000000	1,329272E-1
268,080668	76,500000	80,000000	1,329272E-1
268,080668	76,500000	80,000000	1,329834E-1
268,080668	76,500000	80,000000	1,330396E-1
269,081105	76,500000	80,000000	1,330958E-1
269,081105	76,500000	80,000000	1,330958E-1
269,081105	76,500000	80,000000	1,331519E-1
269,081105	76,500000	80,000000	1,331519E-1
269,081105	76,500000	80,000000	1,332081E-1
269,081105	76,500000	80,000000	1,332081E-1
269,081105	77,300003	80,000000	1,332081E-1
269,081105	77,300003	80,000000	1,330499E-1
269,081105	77,300003	80,000000	1,330499E-1
269,081105	77,300003	80,000000	1,330932E-1
270,081504	77,300003	80,000000	1,331365E-1
270,081504	77,300003	80,000000	1,331799E-1
270,081504	77,300003	80,000000	1,331799E-1
270,081504	77,300003	80,000000	1,332232E-1
270,081504	77,300003	80,000000	1,332665E-1
270,081504	77,300003	80,000000	1,332665E-1
270,081504	77,800003	80,000000	1,333099E-1
270,081504	77,800003	80,000000	1,333099E-1
270,081504	77,800003	80,000000	1,332192E-1
270,081504	77,800003	80,000000	1,332192E-1
271,082904	77,800003	80,000000	1,332192E-1
271,082904	77,800003	80,000000	1,332545E-1
271,082904	77,800003	80,000000	1,332898E-1
271,082904	77,800003	80,000000	1,332898E-1
271,082904	77,800003	80,000000	1,333251E-1
271,082904	77,800003	80,000000	1,333604E-1
271,082904	77,800003	80,000000	1,333957E-1
271,082904	77,800003	80,000000	1,333957E-1
271,082904	77,800003	80,000000	1,334310E-1
271,082904	77,800003	80,000000	1,334663E-1
272,083360	77,800003	80,000000	1,334663E-1
272,083360	77,800003	80,000000	1,335017E-1
272,083360	77,800003	80,000000	1,335370E-1
272,083360	77,800003	80,000000	1,335370E-1
272,083360	77,800003	80,000000	1,335723E-1
272,083360	77,800003	80,000000	1,335723E-1
272,083360	77,800003	80,000000	1,336076E-1
272,083360	77,800003	80,000000	1,336429E-1
272,083360	77,800003	80,000000	1,336429E-1
272,083360	77,800003	80,000000	1,336782E-1
273,084758	77,800003	80,000000	1,337135E-1
273,084758	77,800003	80,000000	1,337488E-1
273,084758	77,800003	80,000000	1,337488E-1
273,084758	77,800003	80,000000	1,337841E-1
273,084758	77,800003	80,000000	1,338194E-1
273,084758	77,800003	80,000000	1,338547E-1
273,084758	77,800003	80,000000	1,338547E-1
273,084758	77,800003	80,000000	1,338900E-1
273,084758	77,800003	80,000000	1,338900E-1
273,084758	78,099998	80,000000	1,338450E-1
274,085248	78,099998	80,000000	1,338450E-1
274,085248	78,099998	80,000000	1,338754E-1
274,085248	78,099998	80,000000	1,339059E-1
274,085248	78,099998	80,000000	1,339364E-1
274,085248	78,099998	80,000000	1,339669E-1
274,085248	78,099998	80,000000	1,339669E-1
274,085248	78,099998	80,000000	1,339974E-1
274,085248	78,099998	80,000000	1,340279E-1
274,085248	78,099998	80,000000	1,340279E-1
274,085248	78,500000	80,000000	1,340584E-1
275,085606	78,500000	80,000000	1,339817E-1
275,085606	78,500000	80,000000	1,339817E-1
275,085606	78,500000	80,000000	1,340058E-1
275,085606	78,500000	80,000000	1,340058E-1
275,085606	78,500000	80,000000	1,340298E-1
275,085606	78,500000	80,000000	1,340298E-1
275,085606	78,500000	80,000000	1,340539E-1
275,085606	78,500000	80,000000	1,340780E-1
275,085606	78,500000	80,000000	1,340780E-1
275,085606	78,500000	80,000000	1,341021E-1
276,087143	78,699997	80,000000	1,341261E-1
276,087143	78,699997	80,000000	1,340966E-1
276,087143	78,699997	80,000000	1,340966E-1
276,087143	78,699997	80,000000	1,341175E-1
276,087143	78,699997	80,000000	1,341383E-1
276,087143	78,699997	80,000000	1,341383E-1
276,087143	78,699997	80,000000	1,341592E-1
276,087143	78,699997	80,000000	1,341801E-1
276,087143	78,699997	80,000000	1,341801E-1
276,087143	78,800003	80,000000	1,342009E-1
277,086870	78,800003	80,000000	1,342009E-1
277,086870	78,800003	80,000000	1,342009E-1
277,086870	78,800003	80,000000	1,341950E-1
277,086870	78,800003	80,000000	1,342142E-1
277,086870	78,800003	80,000000	1,342335E-1
277,086870	78,800003	80,000000	1,342528E-1
277,086870	78,800003	80,000000	1,342720E-1
277,086870	78,800003	80,000000	1,342720E-1
277,086870	78,800003	80,000000	1,342913E-1
277,086870	78,699997	80,000000	1,343105E-1
278,086325	78,699997	80,000000	1,343105E-1
278,086325	78,699997	80,000000	1,343566E-1
278,086325	78,699997	80,000000	1,343775E-1
278,086325	78,699997	80,000000	1,343775E-1
278,086325	78,699997	80,000000	1,343983E-1
278,086325	78,699997	80,000000	1,343983E-1
278,086325	78,699997	80,000000	1,344192E-1
278,086325	78,699997	80,000000	1,344401E-1
278,086325	78,699997	80,000000	1,344609E-1
278,086325	78,699997	80,000000	1,344609E-1
279,087756	78,699997	80,000000	1,344818E-1
279,087756	79,099998	80,000000	1,345027E-1
279,087756	79,099998	80,000000	1,345027E-1
279,087756	79,099998	80,000000	1,344163E-1
279,087756	79,099998	80,000000	1,344308E-1
279,087756	79,099998	80,000000	1,344308E-1
279,087756	79,099998	80,000000	1,344452E-1
279,087756	79,099998	80,000000	1,344596E-1
279,087756	79,099998	80,000000	1,344596E-1
279,087756	79,099998	80,000000	1,344741E-1
280,087137	79,099998	80,000000	1,344741E-1
280,087137	79,099998	80,000000	1,344885E-1
280,087137	79,099998	80,000000	1,344885E-1
280,087137	79,099998	80,000000	1,345030E-1
280,087137	79,099998	80,000000	1,345174E-1
280,087137	79,099998	80,000000	1,345319E-1
280,087137	79,099998	80,000000	1,345319E-1
280,087137	79,099998	80,000000	1,345463E-1
280,087137	79,099998	80,000000	1,345608E-1
280,087137	79,099998	80,000000	1,345752E-1
281,088592	79,099998	80,000000	1,345752E-1
281,088592	79,099998	80,000000	1,345896E-1
281,088592	79,099998	80,000000	1,346041E-1
281,088592	79,099998	80,000000	1,346041E-1
281,088592	79,099998	80,000000	1,346185E-1
281,088592	79,099998	80,000000	1,346185E-1
281,088592	79,099998	80,000000	1,346330E-1
281,088592	79,099998	80,000000	1,346330E-1
281,088592	79,300003	80,000000	1,346474E-1
281,088592	79,300003	80,000000	1,346083E-1
282,088960	79,300003	80,000000	1,346083E-1
282,088960	79,300003	80,000000	1,346195E-1
282,088960	79,300003	80,000000	1,346307E-1
282,088960	79,300003	80,000000	1,346420E-1
282,088960	79,300003	80,000000	1,346532E-1
282,088960	79,300003	80,000000	1,346532E-1
282,088960	79,300003	80,000000	1,346532E-1
282,088960	79,199997	80,000000	1,346644E-1
282,088960	79,199997	80,000000	1,346644E-1
282,088960	79,199997	80,000000	1,347025E-1
283,088404	79,199997	80,000000	1,347025E-1
283,088404	79,199997	80,000000	1,347153E-1
283,088404	79,199997	80,000000	1,347281E-1
283,088404	79,199997	80,000000	1,347410E-1
283,088404	79,199997	80,000000	1,347538E-1
283,088404	79,199997	80,000000	1,347667E-1
283,088404	79,199997	80,000000	1,347667E-1
283,088404	79,199997	80,000000	1,347795E-1
283,088404	79,300003	80,000000	1,347923E-1
283,088404	79,300003	80,000000	1,347784E-1
284,088838	79,300003	80,000000	1,347784E-1
284,088838	79,300003	80,000000	1,347896E-1
284,088838	79,300003	80,000000	1,348009E-1
284,088838	79,300003	80,000000	1,348009E-1
284,088838	79,300003	80,000000	1,348121E-1
284,088838	79,300003	80,000000	1,348121E-1
284,088838	79,300003	80,000000	1,348233E-1
284,088838	79,300003	80,000000	1,348233E-1
284,088838	79,199997	80,000000	1,348614E-1
284,088838	79,199997	80,000000	1,348742E-1
285,088242	79,199997	80,000000	1,348870E-1
285,088242	79,199997	80,000000	1,348870E-1
285,088242	79,199997	80,000000	1,348999E-1
285,088242	79,199997	80,000000	1,349127E-1
285,088242	79,199997	80,000000	1,349256E-1
285,088242	79,199997	80,000000	1,349256E-1
285,088242	79,199997	80,000000	1,349384E-1
285,088242	79,199997	80,000000	1,349512E-1
285,088242	79,199997	80,000000	1,349512E-1
285,088242	79,199997	80,000000	1,349641E-1
286,089726	79,199997	80,000000	1,349641E-1
286,089726	79,100006	80,000000	1,350037E-1
286,089726	79,100006	80,000000	1,350037E-1
286,089726	79,100006	80,000000	1,350182E-1
286,089726	79,100006	80,000000	1,350326E-1
286,089726	79,100006	80,000000	1,350470E-1
286,089726	79,100006	80,000000	1,350615E-1
286,089726	79,100006	80,000000	1,350615E-1
286,089726	79,100006	80,000000	1,350759E-1
286,089726	79,100006	80,000000	1,350904E-1
287,089078	79,100006	80,000000	1,350904E-1
287,089078	79,600006	80,000000	1,351048E-1
287,089078	79,600006	80,000000	1,349853E-1
287,089078	79,600006	80,000000	1,349853E-1
287,089078	79,600006	80,000000	1,349853E-1
287,089078	79,600006	80,000000	1,349917E-1
287,089078	79,600006	80,000000	1,349917E-1
287,089078	79,600006	80,000000	1,349981E-1
287,089078	79,600006	80,000000	1,350045E-1
287,089078	79,600006	80,000000	1,350109E-1
288,089515	79,600006	80,000000	1,350109E-1
288,089515	79,600006	80,000000	1,350174E-1
288,089515	79,399994	80,000000	1,350238E-1
288,089515	79,399994	80,000000	1,350238E-1
288,089515	79,399994	80,000000	1,350838E-1
288,089515	79,399994	80,000000	1,350934E-1
288,089515	79,399994	80,000000	1,351031E-1
288,089515	79,399994	80,000000	1,351031E-1
288,089515	79,399994	80,000000	1,351031E-1
288,089515	79,399994	80,000000	1,351127E-1
289,089943	79,399994	80,000000	1,351127E-1
289,089943	79,399994	80,000000	1,351223E-1
289,089943	79,500000	80,000000	1,351051E-1
289,089943	79,500000	80,000000	1,351132E-1
289,089943	79,500000	80,000000	1,351212E-1
289,089943	79,500000	80,000000	1,351212E-1
289,089943	79,500000	80,000000	1,351292E-1
289,089943	79,500000	80,000000	1,351372E-1
289,089943	79,500000	80,000000	1,351453E-1
289,089943	79,500000	80,000000	1,351453E-1
290,090403	79,500000	80,000000	1,351533E-1
290,090403	79,500000	80,000000	1,351613E-1
290,090403	79,500000	80,000000	1,351613E-1
290,090403	79,500000	80,000000	1,351613E-1
290,090403	79,500000	80,000000	1,351693E-1
290,090403	79,500000	80,000000	1,351693E-1
290,090403	79,500000	80,000000	1,351774E-1
290,090403	79,500000	80,000000	1,351854E-1
290,090403	79,500000	80,000000	1,351934E-1
290,090403	79,500000	80,000000	1,352014E-1
291,090776	79,500000	80,000000	1,352014E-1
291,090776	79,500000	80,000000	1,352095E-1
291,090776	79,500000	80,000000	1,352175E-1
291,090776	79,500000	80,000000	1,352175E-1
291,090776	79,500000	80,000000	1,352255E-1
291,090776	79,500000	80,000000	1,352335E-1
291,090776	79,500000	80,000000	1,352335E-1
291,090776	79,600006	80,000000	1,352416E-1
291,090776	79,600006	80,000000	1,352416E-1
291,090776	79,600006	80,000000	1,352228E-1
292,091210	79,600006	80,000000	1,352228E-1
292,091210	79,600006	80,000000	1,352292E-1
292,091210	79,600006	80,000000	1,352356E-1
292,091210	79,600006	80,000000	1,352420E-1
292,091210	79,600006	80,000000	1,352485E-1
292,091210	79,600006	80,000000	1,352485E-1
292,091210	79,600006	80,000000	1,352549E-1
292,091210	79,600006	80,000000	1,352549E-1
292,091210	79,300003	80,000000	1,352613E-1
292,091210	79,300003	80,000000	1,353481E-1
293,091630	79,300003	80,000000	1,353481E-1
293,091630	79,300003	80,000000	1,353594E-1
293,091630	79,300003	80,000000	1,353706E-1
293,091630	79,300003	80,000000	1,353706E-1
293,091630	79,300003	80,000000	1,353818E-1
293,091630	79,300003	80,000000	1,353818E-1
293,091630	79,300003	80,000000	1,353931E-1
293,091630	79,800003	80,000000	1,352703E-1
293,091630	79,800003	80,000000	1,352703E-1
293,091630	79,800003	80,000000	1,352735E-1
294,092127	79,800003	80,000000	1,352767E-1
294,092127	79,800003	80,000000	1,352799E-1
294,092127	79,800003	80,000000	1,352831E-1
294,092127	79,800003	80,000000	1,352831E-1
294,092127	79,800003	80,000000	1,352863E-1
294,092127	79,800003	80,000000	1,352896E-1
294,092127	79,800003	80,000000	1,352928E-1
294,092127	79,800003	80,000000	1,352960E-1
294,092127	79,800003	80,000000	1,352960E-1
294,092127	79,800003	80,000000	1,352992E-1
295,092483	79,800003	80,000000	1,352992E-1
295,092483	79,800003	80,000000	1,353024E-1
295,092483	79,800003	80,000000	1,353056E-1
295,092483	79,800003	80,000000	1,353088E-1
295,092483	79,800003	80,000000	1,353088E-1
295,092483	79,800003	80,000000	1,353120E-1
295,092483	79,800003	80,000000	1,353152E-1
295,092483	79,800003	80,000000	1,353184E-1
295,092483	79,800003	80,000000	1,353184E-1
295,092483	79,800003	80,000000	1,353217E-1
296,092895	79,500000	80,000000	1,353217E-1
296,092895	79,500000	80,000000	1,354053E-1
296,092895	79,500000	80,000000	1,354053E-1
296,092895	79,500000	80,000000	1,354133E-1
296,092895	79,500000	80,000000	1,354133E-1
296,092895	79,500000	80,000000	1,354133E-1
296,092895	79,500000	80,000000	1,354213E-1
296,092895	79,500000	80,000000	1,354293E-1
296,092895	79,500000	80,000000	1,354374E-1
296,092895	79,500000	80,000000	1,354374E-1
297,092307	79,500000	80,000000	1,354454E-1
297,092307	79,500000	80,000000	1,354534E-1
297,092307	79,500000	80,000000	1,354534E-1
297,092307	79,500000	80,000000	1,354614E-1
297,092307	79,500000	80,000000	1,354695E-1
297,092307	79,500000	80,000000	1,354775E-1
297,092307	79,500000	80,000000	1,354775E-1
297,092307	79,500000	80,000000	1,354855E-1
297,092307	79,500000	80,000000	1,354855E-1
297,092307	79,500000	80,000000	1,354935E-1
298,092738	79,500000	80,000000	1,354935E-1
298,092738	80,000000	80,000000	1,354935E-1
298,092738	80,000000	80,000000	1,353676E-1
298,092738	80,000000	80,000000	1,353676E-1
298,092738	80,000000	80,000000	1,353676E-1
298,092738	80,000000	80,000000	1,353676E-1
298,092738	80,000000	80,000000	1,353676E-1
298,092738	80,000000	80,000000	1,353676E-1
298,092738	80,000000	80,000000	1,353676E-1
298,092738	80,000000	80,000000	1,353676E-1
299,092200	80,000000	80,000000	1,353676E-1
299,092200	79,500000	80,000000	1,353676E-1
299,092200	79,500000	80,000000	1,355016E-1
299,092200	79,500000	80,000000	1,355016E-1
299,092200	79,500000	80,000000	1,355096E-1
299,092200	79,500000	80,000000	1,355096E-1
299,092200	79,500000	80,000000	1,355176E-1
299,092200	79,500000	80,000000	1,355176E-1
299,092200	79,500000	80,000000	1,355256E-1
299,092200	79,500000	80,000000	1,355337E-1
300,092624	79,500000	80,000000	1,355337E-1
300,092624	79,500000	80,000000	1,355417E-1
300,092624	79,699997	80,000000	1,355497E-1
300,092624	79,699997	80,000000	1,355041E-1
300,092624	79,699997	80,000000	1,355041E-1
300,092624	79,699997	80,000000	1,355090E-1
300,092624	79,699997	80,000000	1,355138E-1
300,092624	79,699997	80,000000	1,355138E-1
300,092624	79,699997	80,000000	1,355186E-1
300,092624	79,699997	80,000000	1,355186E-1
301,094056	79,699997	80,000000	1,355186E-1
301,094056	79,699997	80,000000	1,355234E-1
301,094056	79,699997	80,000000	1,355282E-1
301,094056	79,900002	80,000000	1,355330E-1
301,094056	79,900002	80,000000	1,355330E-1
301,094056	79,900002	80,000000	1,354842E-1
301,094056	79,900002	80,000000	1,354858E-1
301,094056	79,900002	80,000000	1,354858E-1
301,094056	79,900002	80,000000	1,354874E-1
301,094056	79,900002	80,000000	1,354890E-1
302,093495	79,900002	80,000000	1,354890E-1
302,093495	79,900002	80,000000	1,354890E-1
302,093495	79,900002	80,000000	1,354890E-1
302,093495	79,900002	80,000000	1,354907E-1
302,093495	79,900002	80,000000	1,354907E-1
302,093495	79,900002	80,000000	1,354907E-1
302,093495	79,900002	80,000000	1,354923E-1
302,093495	79,900002	80,000000	1,354923E-1
302,093495	79,900002	80,000000	1,354923E-1
302,093495	79,900002	80,000000	1,354923E-1
303,093941	79,900002	80,000000	1,354923E-1
303,093941	79,900002	80,000000	1,354923E-1
303,093941	79,900002	80,000000	1,354923E-1
303,093941	79,900002	80,000000	1,354923E-1
303,093941	79,900002	80,000000	1,354923E-1
303,093941	79,900002	80,000000	1,354923E-1
303,093941	79,900002	80,000000	1,354923E-1
303,093941	79,900002	80,000000	1,354923E-1
303,093941	79,900002	80,000000	1,354923E-1
303,093941	79,900002	80,000000	1,354923E-1
304,093376	79,900002	80,000000	1,354923E-1
304,093376	79,900002	80,000000	1,354923E-1
304,093376	79,900002	80,000000	1,354923E-1
304,093376	79,900002	80,000000	1,354923E-1
304,093376	79,900002	80,000000	1,354923E-1
304,093376	79,900002	80,000000	1,354923E-1
304,093376	79,900002	80,000000	1,354923E-1
304,093376	79,900002	80,000000	1,354923E-1
304,093376	79,900002	80,000000	1,354923E-1
304,093376	79,900002	80,000000	1,354923E-1
305,093755	79,900002	80,000000	1,354923E-1
305,093755	79,900002	80,000000	1,354939E-1
305,093755	79,900002	80,000000	1,354939E-1
305,093755	79,900002	80,000000	1,354939E-1
305,093755	79,900002	80,000000	1,354939E-1
305,093755	79,900002	80,000000	1,354939E-1
305,093755	79,900002	80,000000	1,354939E-1
305,093755	79,900002	80,000000	1,354939E-1
305,093755	79,900002	80,000000	1,354939E-1
305,093755	79,900002	80,000000	1,354939E-1
306,093180	79,900002	80,000000	1,354939E-1
306,093180	79,900002	80,000000	1,354939E-1
306,093180	79,900002	80,000000	1,354939E-1
306,093180	79,900002	80,000000	1,354939E-1
306,093180	79,900002	80,000000	1,354939E-1
306,093180	79,900002	80,000000	1,354939E-1
306,093180	79,900002	80,000000	1,354939E-1
306,093180	79,900002	80,000000	1,354955E-1
306,093180	79,699997	80,000000	1,354955E-1
306,093180	79,699997	80,000000	1,354955E-1
307,093605	79,699997	80,000000	1,355507E-1
307,093605	79,699997	80,000000	1,355507E-1
307,093605	79,699997	80,000000	1,355507E-1
307,093605	79,699997	80,000000	1,355507E-1
307,093605	79,699997	80,000000	1,355507E-1
307,093605	79,699997	80,000000	1,355507E-1
307,093605	79,699997	80,000000	1,355507E-1
307,093605	79,699997	80,000000	1,355507E-1
307,093605	79,699997	80,000000	1,355507E-1
307,093605	79,699997	80,000000	1,355507E-1
308,094068	79,699997	80,000000	1,355507E-1
308,094068	79,699997	80,000000	1,355507E-1
308,094068	79,699997	80,000000	1,355507E-1
308,094068	79,699997	80,000000	1,355507E-1
308,094068	79,699997	80,000000	1,355507E-1
308,094068	79,699997	80,000000	1,355507E-1
308,094068	79,699997	80,000000	1,355507E-1
308,094068	79,699997	80,000000	1,355507E-1
308,094068	79,699997	80,000000	1,355555E-1
308,094068	79,699997	80,000000	1,355555E-1
309,094501	79,699997	80,000000	1,355555E-1
309,094501	79,699997	80,000000	1,355555E-1
309,094501	79,699997	80,000000	1,355555E-1
309,094501	79,699997	80,000000	1,355555E-1
309,094501	79,699997	80,000000	1,355555E-1
309,094501	79,699997	80,000000	1,355555E-1
309,094501	79,699997	80,000000	1,355555E-1
309,094501	79,699997	80,000000	1,355555E-1
309,094501	79,699997	80,000000	1,355555E-1
309,094501	79,699997	80,000000	1,355555E-1
310,094903	79,699997	80,000000	1,355555E-1
310,094903	79,699997	80,000000	1,355555E-1
310,094903	79,699997	80,000000	1,355555E-1
310,094903	79,699997	80,000000	1,355555E-1
310,094903	79,699997	80,000000	1,355555E-1
310,094903	79,699997	80,000000	1,355555E-1
310,094903	79,699997	80,000000	1,355603E-1
310,094903	79,699997	80,000000	1,355603E-1
310,094903	79,699997	80,000000	1,355603E-1
310,094903	79,699997	80,000000	1,355603E-1
311,095339	79,699997	80,000000	1,355603E-1
311,095339	79,699997	80,000000	1,355603E-1
311,095339	79,699997	80,000000	1,355603E-1
311,095339	79,699997	80,000000	1,355603E-1
311,095339	79,699997	80,000000	1,355603E-1
311,095339	79,699997	80,000000	1,355603E-1
311,095339	79,699997	80,000000	1,355603E-1
311,095339	79,699997	80,000000	1,355603E-1
311,095339	79,699997	80,000000	1,355603E-1
311,095339	79,699997	80,000000	1,355603E-1
312,095763	79,699997	80,000000	1,355603E-1
312,095763	79,699997	80,000000	1,355603E-1
312,095763	79,699997	80,000000	1,355603E-1
312,095763	79,699997	80,000000	1,355603E-1
312,095763	79,600006	80,000000	1,355919E-1
312,095763	79,600006	80,000000	1,355919E-1
312,095763	79,600006	80,000000	1,355919E-1
312,095763	79,600006	80,000000	1,355919E-1
312,095763	79,600006	80,000000	1,355919E-1
312,095763	79,600006	80,000000	1,355919E-1
313,095173	79,600006	80,000000	1,355919E-1
313,095173	79,600006	80,000000	1,355919E-1
313,095173	79,600006	80,000000	1,355919E-1
313,095173	79,600006	80,000000	1,355919E-1
313,095173	79,600006	80,000000	1,355919E-1
313,095173	79,600006	80,000000	1,355919E-1
313,095173	79,600006	80,000000	1,355919E-1
313,095173	79,600006	80,000000	1,355919E-1
313,095173	79,600006	80,000000	1,355919E-1
313,095173	79,600006	80,000000	1,355919E-1
314,095283	79,600006	80,000000	1,355919E-1
314,095283	79,199997	80,000000	1,355919E-1
314,095283	79,199997	80,000000	1,357056E-1
314,095283	79,199997	80,000000	1,357056E-1
314,095283	79,199997	80,000000	1,357056E-1
314,095283	79,199997	80,000000	1,357184E-1
314,095283	79,199997	80,000000	1,357312E-1
314,095283	79,199997	80,000000	1,357312E-1
314,095283	79,500000	80,000000	1,357441E-1
314,095283	79,500000	80,000000	1,356765E-1
315,095754	79,500000	80,000000	1,356845E-1
315,095754	79,500000	80,000000	1,356926E-1
315,095754	79,500000	80,000000	1,356926E-1
315,095754	79,500000	80,000000	1,357006E-1
315,095754	79,500000	80,000000	1,357086E-1
315,095754	79,500000	80,000000	1,357166E-1
315,095754	79,500000	80,000000	1,357247E-1
315,095754	79,500000	80,000000	1,357247E-1
315,095754	79,500000	80,000000	1,357327E-1
315,095754	79,500000	80,000000	1,357327E-1
316,095193	79,500000	80,000000	1,357327E-1
316,095193	79,500000	80,000000	1,357407E-1
316,095193	79,500000	80,000000	1,357487E-1
316,095193	79,500000	80,000000	1,357568E-1
316,095193	79,500000	80,000000	1,357648E-1
316,095193	79,500000	80,000000	1,357648E-1
316,095193	79,500000	80,000000	1,357728E-1
316,095193	79,500000	80,000000	1,357808E-1
316,095193	79,500000	80,000000	1,357808E-1
316,095193	79,500000	80,000000	1,357889E-1
317,096574	79,500000	80,000000	1,357969E-1
317,096574	79,500000	80,000000	1,357969E-1
317,096574	79,500000	80,000000	1,358049E-1
317,096574	79,500000	80,000000	1,358049E-1
317,096574	79,500000	80,000000	1,358049E-1
317,096574	79,500000	80,000000	1,358129E-1
317,096574	79,500000	80,000000	1,358129E-1
317,096574	79,500000	80,000000	1,358209E-1
317,096574	79,699997	80,000000	1,358290E-1
317,096574	79,699997	80,000000	1,357834E-1
318,097998	79,699997	80,000000	1,357882E-1
318,097998	79,699997	80,000000	1,357882E-1
318,097998	79,699997	80,000000	1,357930E-1
318,097998	79,699997	80,000000	1,357978E-1
318,097998	79,699997	80,000000	1,358027E-1
318,097998	79,699997	80,000000	1,358075E-1
318,097998	79,699997	80,000000	1,358075E-1
318,097998	79,699997	80,000000	1,358123E-1
318,097998	79,599998	80,000000	1,358123E-1
318,097998	79,599998	80,000000	1,358123E-1
319,097452	79,599998	80,000000	1,358439E-1
319,097452	79,599998	80,000000	1,358439E-1
319,097452	79,599998	80,000000	1,358503E-1
319,097452	79,599998	80,000000	1,358567E-1
319,097452	79,599998	80,000000	1,358632E-1
319,097452	79,599998	80,000000	1,358632E-1
319,097452	79,599998	80,000000	1,358696E-1
319,097452	79,699997	80,000000	1,358760E-1
319,097452	79,699997	80,000000	1,358760E-1
319,097452	79,699997	80,000000	1,358556E-1
320,097892	79,699997	50,000000	1,358604E-1
320,097892	79,699997	50,000000	1,278245E-1
320,097892	79,699997	50,000000	1,278245E-1
320,097892	79,699997	50,000000	1,278245E-1
320,097892	79,699997	50,000000	1,273478E-1
320,097892	79,699997	50,000000	1,273478E-1
320,097892	79,699997	50,000000	1,268712E-1
320,097892	77,699997	50,000000	1,269306E-1
320,097892	77,699997	50,000000	1,264860E-1
320,097892	77,699997	50,000000	1,264860E-1
321,097295	77,699997	50,000000	1,260414E-1
321,097295	77,699997	50,000000	1,255969E-1
321,097295	77,699997	50,000000	1,255969E-1
321,097295	77,699997	50,000000	1,251523E-1
321,097295	77,699997	50,000000	1,247077E-1
321,097295	77,699997	50,000000	1,242631E-1
321,097295	77,699997	50,000000	1,242631E-1
321,097295	77,699997	50,000000	1,238186E-1
321,097295	77,699997	50,000000	1,238186E-1
321,097295	77,699997	50,000000	1,238186E-1
322,097688	77,699997	50,000000	1,233740E-1
322,097688	77,699997	50,000000	1,233740E-1
322,097688	77,699997	50,000000	1,229294E-1
322,097688	68,699997	50,000000	1,224849E-1
322,097688	68,699997	50,000000	1,244525E-1
322,097688	68,699997	50,000000	1,244525E-1
322,097688	68,699997	50,000000	1,241524E-1
322,097688	68,699997	50,000000	1,238523E-1
322,097688	68,699997	50,000000	1,238523E-1
322,097688	68,699997	50,000000	1,235522E-1
323,098111	68,699997	50,000000	1,232520E-1
323,098111	68,699997	50,000000	1,229519E-1
323,098111	68,699997	50,000000	1,229519E-1
323,098111	68,699997	50,000000	1,229519E-1
323,098111	68,699997	50,000000	1,226518E-1
323,098111	66,199997	50,000000	1,226518E-1
323,098111	66,199997	50,000000	1,230217E-1
323,098111	66,199997	50,000000	1,227617E-1
323,098111	66,199997	50,000000	1,225017E-1
323,098111	66,199997	50,000000	1,222417E-1
324,098651	66,199997	50,000000	1,222417E-1
324,098651	66,199997	50,000000	1,219817E-1
324,098651	66,199997	50,000000	1,217217E-1
324,098651	66,199997	50,000000	1,214617E-1
324,098651	65,400002	50,000000	1,214617E-1
324,098651	65,400002	50,000000	1,214161E-1
324,098651	65,400002	50,000000	1,214161E-1
324,098651	65,400002	50,000000	1,211690E-1
324,098651	65,400002	50,000000	1,211690E-1
324,098651	65,400002	50,000000	1,211690E-1
325,098978	65,400002	50,000000	1,209218E-1
325,098978	65,400002	50,000000	1,206747E-1
325,098978	65,400002	50,000000	1,204275E-1
325,098978	65,400002	50,000000	1,204275E-1
325,098978	64,300003	50,000000	1,201803E-1
325,098978	64,300003	50,000000	1,201803E-1
325,098978	64,300003	50,000000	1,202280E-1
325,098978	64,300003	50,000000	1,199985E-1
325,098978	64,300003	50,000000	1,000000E-1
325,098978	64,300003	50,000000	1,000000E-1
326,098409	64,300003	50,000000	1,000000E-1
326,098409	64,300003	50,000000	1,000000E-1
326,098409	64,300003	50,000000	1,000000E-1
326,098409	64,300003	50,000000	1,000000E-1
326,098409	64,300003	50,000000	1,000000E-1
326,098409	58,699997	50,000000	1,000000E-1
326,098409	58,699997	50,000000	1,000000E-1
326,098409	58,699997	50,000000	1,000000E-1
326,098409	58,699997	50,000000	1,000000E-1
326,098409	58,699997	50,000000	1,000000E-1
327,098582	58,699997	50,000000	1,000000E-1
327,098582	58,699997	50,000000	1,000000E-1
327,098582	58,699997	50,000000	1,000000E-1
327,098582	58,699997	50,000000	1,000000E-1
327,098582	58,699997	50,000000	1,000000E-1
327,098582	58,699997	50,000000	1,000000E-1
327,098582	58,699997	50,000000	1,000000E-1
327,098582	58,699997	50,000000	1,000000E-1
327,098582	43,599998	50,000000	1,000000E-1
327,098582	43,599998	50,000000	1,000000E-1
328,098966	43,599998	50,000000	1,000000E-1
328,098966	43,599998	50,000000	1,000000E-1
328,098966	43,599998	50,000000	1,000000E-1
328,098966	43,599998	50,000000	1,000000E-1
328,098966	43,599998	50,000000	1,000000E-1
328,098966	43,599998	50,000000	1,000000E-1
328,098966	43,599998	50,000000	1,000000E-1
328,098966	43,599998	50,000000	1,000000E-1
328,098966	43,599998	50,000000	1,000000E-1
328,098966	45,000000	50,000000	1,000000E-1
329,099372	45,000000	50,000000	1,000000E-1
329,099372	45,000000	50,000000	1,000000E-1
329,099372	45,000000	50,000000	1,000000E-1
329,099372	45,000000	50,000000	1,000000E-1
329,099372	45,000000	50,000000	1,000000E-1
329,099372	45,000000	50,000000	1,000000E-1
329,099372	45,000000	50,000000	1,000000E-1
329,099372	45,000000	50,000000	1,000000E-1
329,099372	45,599998	50,000000	1,000000E-1
329,099372	45,599998	50,000000	1,000000E-1
330,100786	45,599998	50,000000	1,000000E-1
330,100786	45,599998	50,000000	1,000000E-1
330,100786	45,599998	50,000000	1,000000E-1
330,100786	45,599998	50,000000	1,000000E-1
330,100786	45,599998	50,000000	1,000000E-1
330,100786	45,599998	50,000000	1,000000E-1
330,100786	45,599998	50,000000	8,000000E-2
330,100786	45,599998	50,000000	8,000000E-2
330,100786	45,599998	50,000000	8,000000E-2
330,100786	45,799999	50,000000	8,000000E-2
331,101000	45,799999	50,000000	8,000000E-2
331,101000	45,799999	50,000000	8,000000E-2
331,101000	45,799999	50,000000	8,000000E-2
331,101000	45,799999	50,000000	8,000000E-2
331,101000	45,799999	50,000000	8,000000E-2
331,101000	45,799999	50,000000	8,000000E-2
331,101000	45,799999	50,000000	8,000000E-2
331,101000	45,799999	50,000000	8,000000E-2
331,101000	36,599998	50,000000	8,000000E-2
331,101000	36,599998	50,000000	8,000000E-2
332,100373	36,599998	50,000000	8,000000E-2
332,100373	36,599998	50,000000	8,000000E-2
332,100373	36,599998	50,000000	8,000000E-2
332,100373	36,599998	50,000000	8,000000E-2
332,100373	36,599998	50,000000	8,000000E-2
332,100373	36,599998	50,000000	8,000000E-2
332,100373	36,599998	50,000000	8,000000E-2
332,100373	36,599998	50,000000	8,000000E-2
332,100373	36,599998	50,000000	8,000000E-2
332,100373	36,599998	50,000000	8,000000E-2
333,100888	36,599998	50,000000	8,000000E-2
333,100888	35,599998	50,000000	8,000000E-2
333,100888	35,599998	50,000000	8,000000E-2
333,100888	35,599998	50,000000	8,000000E-2
333,100888	35,599998	50,000000	8,000000E-2
333,100888	35,599998	50,000000	8,000000E-2
333,100888	35,599998	50,000000	8,000000E-2
333,100888	35,599998	50,000000	8,000000E-2
333,100888	35,599998	50,000000	8,000000E-2
333,100888	35,599998	50,000000	8,000000E-2
334,100241	35,599998	50,000000	8,000000E-2
334,100241	35,599998	50,000000	4,000000E-2
334,100241	35,500000	50,000000	4,000000E-2
334,100241	35,500000	50,000000	4,000000E-2
334,100241	35,500000	50,000000	4,000000E-2
334,100241	35,500000	50,000000	4,000000E-2
334,100241	35,500000	50,000000	4,000000E-2
334,100241	35,500000	50,000000	4,000000E-2
334,100241	35,500000	50,000000	4,000000E-2
334,100241	35,500000	50,000000	4,000000E-2
335,100653	35,500000	50,000000	4,000000E-2
335,100653	35,500000	50,000000	4,000000E-2
335,100653	35,500000	50,000000	4,000000E-2
335,100653	31,000000	50,000000	4,000000E-2
335,100653	31,000000	50,000000	4,000000E-2
335,100653	31,000000	50,000000	4,000000E-2
335,100653	31,000000	50,000000	4,000000E-2
335,100653	31,000000	50,000000	4,000000E-2
335,100653	31,000000	50,000000	4,000000E-2
335,100653	31,000000	50,000000	4,000000E-2
336,100119	31,000000	50,000000	4,000000E-2
336,100119	31,000000	50,000000	4,000000E-2
336,100119	25,799999	50,000000	4,000000E-2
336,100119	25,799999	50,000000	4,000000E-2
336,100119	25,799999	50,000000	4,000000E-2
336,100119	25,799999	50,000000	4,000000E-2
336,100119	25,799999	50,000000	4,000000E-2
336,100119	25,799999	50,000000	4,000000E-2
336,100119	25,799999	50,000000	4,000000E-2
336,100119	25,799999	50,000000	4,000000E-2
337,100501	25,799999	50,000000	4,000000E-2
337,100501	25,799999	50,000000	4,000000E-2
337,100501	25,799999	50,000000	4,000000E-2
337,100501	25,700001	50,000000	4,000000E-2
337,100501	25,700001	50,000000	4,000000E-2
337,100501	25,700001	50,000000	4,000000E-2
337,100501	25,700001	50,000000	4,000000E-2
337,100501	25,700001	50,000000	4,000000E-2
337,100501	25,700001	50,000000	4,000000E-2
337,100501	25,700001	50,000000	4,000000E-2
338,100948	25,700001	50,000000	4,000000E-2
338,100948	25,700001	50,000000	4,000000E-2
338,100948	25,700001	50,000000	4,000000E-2
338,100948	25,700001	50,000000	4,000000E-2
338,100948	25,700001	50,000000	4,000000E-2
338,100948	25,700001	50,000000	4,000000E-2
338,100948	25,700001	50,000000	4,000000E-2
338,100948	28,100000	50,000000	4,000000E-2
338,100948	28,100000	50,000000	4,000000E-2
338,100948	28,100000	50,000000	4,000000E-2
339,101424	28,100000	50,000000	4,000000E-2
339,101424	28,100000	50,000000	4,000000E-2
339,101424	28,100000	50,000000	2,000000E-2
339,101424	28,100000	50,000000	2,000000E-2
339,101424	28,100000	50,000000	2,000000E-2
339,101424	28,100000	50,000000	2,000000E-2
339,101424	28,100000	50,000000	2,000000E-2
339,101424	28,100000	50,000000	2,000000E-2
339,101424	28,100000	50,000000	2,000000E-2
339,101424	28,100000	50,000000	2,000000E-2
340,101804	28,100000	50,000000	2,000000E-2
340,101804	28,100000	50,000000	2,000000E-2
340,101804	26,500000	50,000000	2,000000E-2
340,101804	26,500000	50,000000	2,000000E-2
340,101804	26,500000	50,000000	2,000000E-2
340,101804	26,500000	50,000000	2,000000E-2
340,101804	26,500000	50,000000	2,000000E-2
340,101804	26,500000	50,000000	2,000000E-2
340,101804	26,500000	50,000000	2,000000E-2
340,101804	26,500000	50,000000	2,000000E-2
341,101191	26,500000	50,000000	2,000000E-2
341,101191	26,500000	50,000000	2,000000E-2
341,101191	26,500000	50,000000	2,000000E-2
341,101191	25,000000	50,000000	2,000000E-2
341,101191	25,000000	50,000000	2,000000E-2
341,101191	25,000000	50,000000	2,000000E-2
341,101191	25,000000	50,000000	2,000000E-2
341,101191	25,000000	50,000000	2,000000E-2
341,101191	25,000000	50,000000	2,000000E-2
341,101191	25,000000	50,000000	2,000000E-2
342,101654	25,000000	50,000000	2,000000E-2
342,101654	25,000000	50,000000	2,000000E-2
342,101654	25,200001	50,000000	2,000000E-2
342,101654	25,200001	50,000000	2,000000E-2
342,101654	25,200001	50,000000	2,000000E-2
342,101654	25,200001	50,000000	2,000000E-2
342,101654	25,200001	50,000000	2,000000E-2
342,101654	25,200001	50,000000	2,000000E-2
342,101654	25,200001	50,000000	2,000000E-2
342,101654	25,200001	50,000000	2,000000E-2
343,101049	25,200001	50,000000	2,000000E-2
343,101049	25,200001	50,000000	2,000000E-2
343,101049	25,900000	50,000000	2,000000E-2
343,101049	25,900000	50,000000	2,000000E-2
343,101049	25,900000	50,000000	2,000000E-2
343,101049	25,900000	50,000000	2,000000E-2
343,101049	25,900000	50,000000	2,000000E-2
343,101049	25,900000	50,000000	2,000000E-2
343,101049	25,900000	50,000000	2,000000E-2
343,101049	25,900000	50,000000	2,000000E-2
344,101492	25,900000	50,000000	2,000000E-2
344,101492	25,900000	50,000000	2,000000E-2
344,101492	25,900000	50,000000	2,000000E-2
344,101492	25,900000	50,000000	2,000000E-2
344,101492	25,900000	50,000000	2,000000E-2
344,101492	25,900000	50,000000	2,000000E-2
344,101492	25,900000	50,000000	2,000000E-2
344,101492	25,900000	50,000000	2,000000E-2
344,101492	25,599998	50,000000	2,000000E-2
344,101492	25,599998	50,000000	2,000000E-2
345,102916	25,599998	50,000000	2,000000E-2
345,102916	25,599998	50,000000	2,000000E-2
345,102916	25,599998	50,000000	2,000000E-2
345,102916	25,599998	50,000000	2,000000E-2
345,102916	25,599998	50,000000	2,000000E-2
345,102916	25,599998	50,000000	2,000000E-2
345,102916	25,599998	50,000000	2,000000E-2
345,102916	25,599998	50,000000	2,000000E-2
345,102916	25,599998	50,000000	2,000000E-2
345,102916	25,599998	50,000000	2,000000E-2
346,102306	22,700001	50,000000	2,000000E-2
346,102306	22,700001	50,000000	2,000000E-2
346,102306	22,700001	50,000000	2,000000E-2
346,102306	22,700001	50,000000	2,000000E-2
346,102306	22,700001	50,000000	2,000000E-2
346,102306	22,700001	50,000000	2,000000E-2
346,102306	22,700001	50,000000	2,000000E-2
346,102306	22,700001	50,000000	2,000000E-2
346,102306	22,700001	50,000000	2,000000E-2
346,102306	5,700000	50,000000	2,000000E-2
347,102751	5,700000	50,000000	2,000000E-2
347,102751	5,700000	50,000000	2,000000E-2
347,102751	5,700000	50,000000	2,000000E-2
347,102751	5,700000	50,000000	2,000000E-2
347,102751	5,700000	50,000000	2,000000E-2
347,102751	5,700000	50,000000	2,000000E-2
347,102751	5,700000	50,000000	2,000000E-2
347,102751	5,700000	50,000000	2,000000E-2
347,102751	5,700000	50,000000	2,000000E-2
347,102751	0,200000	50,000000	2,000000E-2
348,103153	0,200000	50,000000	2,000000E-2
348,103153	0,200000	50,000000	2,000000E-2
348,103153	0,200000	50,000000	2,000000E-2
348,103153	0,200000	50,000000	2,000000E-2
348,103153	0,200000	50,000000	2,000000E-2
348,103153	0,200000	50,000000	2,000000E-2
348,103153	0,200000	50,000000	2,000000E-2
348,103153	0,200000	50,000000	2,000000E-2
348,103153	0,200000	50,000000	2,000000E-2
348,103153	0,200000	50,000000	2,000000E-2
349,104575	0,300000	50,000000	2,000000E-2
349,104575	0,300000	50,000000	2,000000E-2
349,104575	0,300000	50,000000	2,000000E-2
349,104575	0,300000	50,000000	2,000000E-2
349,104575	0,300000	50,000000	2,000000E-2
349,104575	0,300000	50,000000	2,000000E-2
349,104575	0,300000	50,000000	2,000000E-2
349,104575	0,300000	50,000000	2,000000E-2
349,104575	0,300000	50,000000	2,000000E-2
349,104575	0,300000	50,000000	2,000000E-2
350,105013	0,400000	50,000000	2,000000E-2
350,105013	0,400000	50,000000	2,000000E-2
350,105013	0,400000	50,000000	2,000000E-2
350,105013	0,400000	50,000000	2,000000E-2
350,105013	0,400000	50,000000	2,000000E-2
350,105013	0,400000	50,000000	2,000000E-2
350,105013	0,400000	50,000000	2,000000E-2
350,105013	0,400000	50,000000	2,000000E-2
350,105013	0,400000	50,000000	2,000000E-2
350,105013	0,400000	50,000000	2,000000E-2
