t	IF	IR	VF	VR	VelSP	VelRE
0,000	0,000	0,000	0,000E+0	2,400E+1	0,000E+0
0,004	0,000	0,000	0,000E+0	2,400E+1	0,000E+0	0,000E+0
1,005	0,000	0,000	3,000E-1	2,400E+1	0,000E+0	0,000E+0
2,004	0,000	0,000	3,000E-1	2,400E+1	0,000E+0	0,000E+0
3,005	0,000	0,000	3,000E-1	2,400E+1	0,000E+0	0,000E+0
4,004	0,000	0,000	3,000E-1	2,400E+1	0,000E+0	0,000E+0
5,006	0,000	0,000	3,000E-1	2,400E+1	0,000E+0	0,000E+0
6,006	0,000	0,000	3,000E-1	2,400E+1	0,000E+0	0,000E+0
7,007	0,000	0,000	3,000E-1	2,400E+1	0,000E+0	0,000E+0
8,008	0,000	0,000	3,000E-1	2,400E+1	0,000E+0	0,000E+0
9,007	0,000	0,000	3,000E-1	2,400E+1	0,000E+0	0,000E+0
10,008	0,000	0,000	3,000E-1	2,400E+1	0,000E+0	0,000E+0
11,007	0,000	0,000	3,000E-1	2,400E+1	0,000E+0	0,000E+0
12,009	0,000	0,000	3,000E-1	2,400E+1	0,000E+0	0,000E+0
13,008	0,000	0,000	3,000E-1	2,400E+1	0,000E+0	0,000E+0
14,010	0,000	0,000	3,000E-1	2,400E+1	0,000E+0	0,000E+0
15,010	0,000	0,000	3,000E-1	2,400E+1	0,000E+0	0,000E+0
16,367	0,000	0,000	3,000E-1	2,400E+1	0,000E+0	0,000E+0
17,367	0,000	0,000	3,000E-1	2,400E+1	0,000E+0	0,000E+0
18,366	0,000	0,000	3,000E-1	2,400E+1	3,500E+3	0,000E+0
19,366	0,000	0,000	3,000E-1	2,400E+1	3,500E+3	0,000E+0
20,367	0,000	0,000	3,000E-1	2,400E+1	3,500E+3	0,000E+0
21,366	0,000	0,000	3,000E-1	2,400E+1	3,500E+3	0,000E+0
22,368	0,000	0,000	3,000E-1	2,400E+1	3,500E+3	0,000E+0
23,367	0,000	0,000	3,000E-1	2,400E+1	3,500E+3	0,000E+0
24,368	0,000	0,000	3,000E-1	2,400E+1	3,500E+3	0,000E+0
25,368	0,000	0,000	3,000E-1	2,400E+1	3,500E+3	0,000E+0
26,367	0,000	0,000	3,000E-1	2,400E+1	3,500E+3	0,000E+0
27,368	0,000	0,000	3,000E-1	2,400E+1	3,500E+3	2,286E+3
28,367	0,000	0,000	3,000E-1	2,400E+1	3,500E+3	3,814E+3
29,368	0,000	0,000	3,000E-1	2,400E+1	3,500E+3	3,559E+3
30,368	0,000	0,000	3,000E-1	2,400E+1	3,500E+3	3,331E+3
31,369	0,000	0,000	3,000E-1	2,400E+1	3,500E+3	3,361E+3
32,369	0,000	0,000	3,000E-1	2,400E+1	3,500E+3	3,539E+3
33,369	0,000	0,000	3,000E-1	2,400E+1	3,500E+3	3,529E+3
34,369	0,000	0,000	3,000E-1	2,400E+1	3,500E+3	3,489E+3
35,369	0,000	0,000	3,000E-1	2,400E+1	3,500E+3	3,500E+3
36,370	0,000	0,000	3,000E-1	2,400E+1	3,500E+3	3,509E+3
37,370	0,000	0,000	3,000E-1	2,400E+1	3,500E+3	3,489E+3
38,371	0,000	0,000	3,000E-1	2,400E+1	3,500E+3	3,494E+3
39,370	0,000	0,000	3,000E-1	2,400E+1	3,500E+3	3,503E+3
40,371	0,000	0,000	3,000E-1	2,400E+1	3,500E+3	3,496E+3
41,372	0,000	0,000	3,000E-1	2,400E+1	3,500E+3	3,512E+3
42,371	0,000	0,000	3,000E-1	2,400E+1	3,500E+3	3,484E+3
43,372	0,000	0,000	3,000E-1	2,400E+1	3,500E+3	3,485E+3
44,371	0,000	0,000	3,000E-1	2,400E+1	3,500E+3	3,509E+3
45,373	0,000	0,000	3,000E-1	2,400E+1	3,500E+3	3,502E+3
46,373	0,000	0,000	3,000E-1	2,400E+1	3,500E+3	3,506E+3
47,374	0,000	0,000	3,000E-1	2,400E+1	3,500E+3	3,507E+3
48,374	0,000	0,000	3,000E-1	2,400E+1	3,500E+3	3,512E+3
49,373	0,000	0,000	3,000E-1	2,400E+1	3,500E+3	3,517E+3
50,374	0,000	0,000	3,000E-1	2,400E+1	3,500E+3	3,491E+3
51,373	0,000	0,000	3,000E-1	2,400E+1	3,500E+3	3,502E+3
52,374	0,000	0,000	3,000E-1	2,400E+1	3,500E+3	3,495E+3
53,374	0,000	0,000	3,000E-1	2,400E+1	3,500E+3	3,494E+3
54,373	0,000	0,000	3,000E-1	2,400E+1	3,000E+3	3,494E+3
55,374	0,000	0,000	3,000E-1	2,400E+1	3,000E+3	3,258E+3
56,373	0,000	0,000	3,000E-1	2,400E+1	3,000E+3	2,929E+3
57,374	0,000	0,000	3,000E-1	2,400E+1	3,000E+3	2,725E+3
58,373	0,000	0,000	3,000E-1	2,400E+1	3,000E+3	2,845E+3
59,374	0,000	0,000	3,000E-1	2,400E+1	3,000E+3	3,059E+3
60,374	0,000	0,000	3,000E-1	2,400E+1	3,000E+3	3,056E+3
61,373	0,000	0,000	3,000E-1	2,400E+1	3,000E+3	3,001E+3
62,374	0,000	0,000	3,000E-1	2,400E+1	3,000E+3	2,969E+3
63,373	0,000	0,000	3,000E-1	2,400E+1	3,000E+3	2,991E+3
64,374	0,000	0,000	3,000E-1	2,400E+1	3,000E+3	3,015E+3
65,373	0,000	0,000	3,000E-1	2,400E+1	3,000E+3	3,007E+3
66,374	0,000	0,000	3,000E-1	2,400E+1	3,000E+3	2,988E+3
67,374	0,000	0,000	3,000E-1	2,400E+1	3,000E+3	2,992E+3
68,374	0,000	0,000	3,000E-1	2,400E+1	3,000E+3	3,000E+3
69,375	0,000	0,000	3,000E-1	2,400E+1	3,000E+3	3,009E+3
70,374	0,000	0,000	3,000E-1	2,400E+1	3,000E+3	2,992E+3
71,375	0,000	0,000	3,000E-1	2,400E+1	3,000E+3	3,006E+3
72,374	0,000	0,000	3,000E-1	2,400E+1	3,000E+3	3,015E+3
73,376	0,000	0,000	3,000E-1	2,400E+1	3,000E+3	2,997E+3
74,376	0,000	0,000	3,000E-1	2,400E+1	3,000E+3	2,994E+3
75,375	0,000	0,000	3,000E-1	2,400E+1	3,000E+3	2,995E+3
76,377	0,000	0,000	3,000E-1	2,400E+1	3,000E+3	2,994E+3
77,376	0,000	0,000	3,000E-1	2,400E+1	3,000E+3	2,999E+3
78,377	0,000	0,000	3,000E-1	2,400E+1	3,000E+3	2,996E+3
79,377	0,000	0,000	3,000E-1	2,400E+1	3,000E+3	2,998E+3
80,378	0,000	0,000	3,000E-1	2,400E+1	3,000E+3	3,001E+3
81,377	0,000	0,000	3,000E-1	2,400E+1	3,000E+3	3,002E+3
82,378	0,000	0,000	3,000E-1	2,400E+1	3,000E+3	2,993E+3
83,378	0,000	0,000	3,000E-1	2,400E+1	3,000E+3	3,003E+3
84,377	0,000	0,000	3,000E-1	2,400E+1	3,000E+3	3,000E+3
85,379	0,000	0,000	3,000E-1	2,400E+1	3,000E+3	2,999E+3
86,378	0,000	0,000	3,000E-1	2,400E+1	3,000E+3	2,995E+3
87,379	0,000	0,000	3,000E-1	2,400E+1	3,000E+3	3,010E+3
88,378	0,000	0,000	3,000E-1	2,400E+1	3,000E+3	2,995E+3
89,379	0,000	0,000	3,000E-1	2,400E+1	3,000E+3	3,000E+3
90,380	0,000	0,000	3,000E-1	2,400E+1	3,000E+3	3,004E+3
91,379	0,000	0,000	3,000E-1	2,400E+1	3,000E+3	2,994E+3
96,118	0,000	0,000	3,000E-1	2,400E+1	3,000E+3	2,998E+3
97,119	0,000	0,000	3,000E-1	2,400E+1	3,000E+3	3,004E+3
98,118	0,000	0,000	3,000E-1	2,400E+1	3,000E+3	2,997E+3
99,119	0,000	0,000	3,000E-1	2,400E+1	3,000E+3	3,000E+3
100,118	0,000	0,000	3,000E-1	2,400E+1	3,000E+3	3,012E+3
101,119	0,000	0,000	3,000E-1	2,400E+1	3,000E+3	3,001E+3
102,119	0,000	0,000	3,000E-1	2,400E+1	3,000E+3	3,002E+3
103,121	0,000	0,000	3,000E-1	2,400E+1	3,000E+3	3,000E+3
104,121	0,000	0,000	3,000E-1	2,400E+1	3,000E+3	3,004E+3
105,120	0,000	0,000	3,000E-1	2,400E+1	3,000E+3	2,989E+3
106,121	0,000	0,000	3,000E-1	2,400E+1	3,000E+3	3,000E+3
107,120	0,000	0,000	3,000E-1	2,400E+1	3,000E+3	3,009E+3
108,120	0,000	0,000	3,000E-1	2,400E+1	3,000E+3	3,009E+3
109,121	0,000	0,000	3,000E-1	2,400E+1	3,000E+3	2,999E+3
110,120	0,000	0,000	3,000E-1	2,400E+1	3,000E+3	2,999E+3
111,122	0,000	0,000	3,000E-1	2,400E+1	3,000E+3	2,999E+3
112,122	0,000	0,000	3,000E-1	2,400E+1	3,000E+3	2,999E+3
113,121	0,000	0,000	3,000E-1	2,400E+1	3,000E+3	3,000E+3
114,121	0,000	0,000	3,000E-1	2,400E+1	3,000E+3	3,003E+3
115,121	0,000	0,000	3,000E-1	2,400E+1	3,000E+3	3,001E+3
116,122	0,000	0,000	3,000E-1	2,400E+1	3,000E+3	2,998E+3
117,122	0,000	0,000	3,000E-1	2,400E+1	3,000E+3	3,007E+3
118,123	0,000	0,000	3,000E-1	2,400E+1	3,000E+3	2,996E+3
119,122	0,000	0,000	3,000E-1	2,400E+1	3,000E+3	3,005E+3
120,124	0,000	0,000	3,000E-1	2,400E+1	3,000E+3	3,003E+3
121,123	0,000	0,000	3,000E-1	2,400E+1	3,000E+3	3,002E+3
122,124	0,000	0,000	3,000E-1	2,400E+1	3,000E+3	3,000E+3
123,124	0,000	0,000	3,000E-1	2,400E+1	3,000E+3	2,999E+3
124,123	0,000	0,000	3,000E-1	2,400E+1	3,000E+3	2,999E+3
125,124	0,000	0,000	3,000E-1	2,400E+1	3,000E+3	3,006E+3
126,123	0,000	0,000	3,000E-1	2,400E+1	3,000E+3	2,999E+3
127,124	0,000	0,000	3,000E-1	2,400E+1	3,000E+3	2,994E+3
128,123	0,000	0,000	3,000E-1	2,400E+1	3,000E+3	2,996E+3
129,124	0,000	0,000	3,000E-1	2,400E+1	3,000E+3	3,000E+3
130,125	0,000	0,000	3,000E-1	2,400E+1	3,000E+3	2,997E+3
131,124	0,000	0,000	3,000E-1	2,400E+1	3,000E+3	3,003E+3
132,125	0,000	0,000	3,000E-1	2,400E+1	3,000E+3	3,010E+3
133,124	0,000	0,000	3,000E-1	2,400E+1	3,000E+3	3,007E+3
134,125	0,000	0,000	3,000E-1	2,400E+1	3,000E+3	3,000E+3
135,124	0,000	0,000	3,000E-1	2,400E+1	3,000E+3	2,994E+3
136,125	0,000	0,000	3,000E-1	2,400E+1	3,000E+3	3,001E+3
137,125	0,000	0,000	3,000E-1	2,400E+1	3,000E+3	3,000E+3
138,127	0,000	0,000	3,000E-1	2,400E+1	3,000E+3	3,001E+3
139,127	0,000	0,000	3,000E-1	2,400E+1	3,000E+3	3,008E+3
140,126	0,000	0,000	3,000E-1	2,400E+1	3,000E+3	2,999E+3
141,127	0,000	0,000	3,000E-1	2,400E+1	3,000E+3	2,997E+3
142,127	0,000	0,000	3,000E-1	2,400E+1	3,000E+3	3,008E+3
143,128	0,000	0,000	3,000E-1	2,400E+1	3,000E+3	2,997E+3
144,127	0,000	0,000	3,000E-1	2,400E+1	3,000E+3	2,995E+3
145,128	0,000	0,000	3,000E-1	2,400E+1	3,000E+3	3,009E+3
146,128	0,000	0,000	3,000E-1	2,400E+1	3,000E+3	3,004E+3
147,127	0,000	0,000	3,000E-1	2,400E+1	3,000E+3	2,993E+3
148,129	0,000	0,000	3,000E-1	2,400E+1	3,000E+3	3,002E+3
149,128	0,000	0,000	3,000E-1	2,400E+1	3,000E+3	3,006E+3
150,129	0,000	0,000	3,000E-1	2,400E+1	3,000E+3	3,000E+3
151,128	0,000	0,000	3,000E-1	2,400E+1	3,000E+3	2,995E+3
152,129	0,000	0,000	3,000E-1	2,400E+1	3,000E+3	3,010E+3
153,128	0,000	0,000	3,000E-1	2,400E+1	3,000E+3	3,006E+3
154,129	0,000	0,000	3,000E-1	2,400E+1	3,000E+3	3,000E+3
155,128	0,000	0,000	3,000E-1	2,400E+1	3,000E+3	2,997E+3
156,130	0,000	0,000	3,000E-1	2,400E+1	3,000E+3	2,995E+3
157,130	0,000	0,000	3,000E-1	2,400E+1	3,000E+3	3,003E+3
158,131	0,000	0,000	3,000E-1	2,400E+1	3,000E+3	3,007E+3
159,131	0,000	0,000	3,000E-1	2,400E+1	3,000E+3	3,004E+3
160,132	0,000	0,000	3,000E-1	2,400E+1	3,000E+3	3,000E+3
161,131	0,000	0,000	4,200E-1	2,400E+1	3,000E+3	2,999E+3
162,133	0,009	0,000	8,600E-1	2,400E+1	3,000E+3	3,000E+3
163,133	0,009	0,000	8,600E-1	2,400E+1	3,000E+3	2,969E+3
164,132	0,063	0,000	4,080E+0	2,400E+1	3,000E+3	2,963E+3
165,133	0,090	0,000	5,550E+0	2,400E+1	3,000E+3	2,986E+3
166,132	0,090	0,000	5,550E+0	2,400E+1	3,000E+3	2,972E+3
167,134	0,120	0,000	6,720E+0	2,400E+1	3,000E+3	2,969E+3
168,133	0,137	0,000	7,850E+0	2,400E+1	3,000E+3	2,979E+3
169,133	0,137	0,000	7,850E+0	2,400E+1	3,000E+3	2,973E+3
170,135	0,155	0,000	8,510E+0	2,400E+1	3,000E+3	2,983E+3
171,134	0,170	0,000	9,560E+0	2,400E+1	3,000E+3	2,975E+3
172,135	0,170	0,000	9,560E+0	2,400E+1	3,000E+3	3,010E+3
173,134	0,172	0,000	9,220E+0	2,400E+1	3,000E+3	2,994E+3
174,135	0,175	0,000	9,680E+0	2,400E+1	3,000E+3	3,001E+3
175,134	0,175	0,000	9,680E+0	2,400E+1	3,000E+3	3,008E+3
176,135	0,179	0,000	9,830E+0	2,400E+1	3,000E+3	2,994E+3
177,136	0,183	0,000	1,000E+1	2,400E+1	3,000E+3	2,995E+3
178,136	0,183	0,000	1,000E+1	2,400E+1	3,000E+3	2,991E+3
179,135	0,185	0,000	1,009E+1	2,400E+1	3,000E+3	2,984E+3
180,136	0,188	0,000	1,024E+1	2,400E+1	3,000E+3	2,996E+3
181,136	0,188	0,000	1,024E+1	2,400E+1	3,000E+3	3,000E+3
182,137	0,189	0,000	1,029E+1	2,400E+1	3,000E+3	3,000E+3
183,137	0,190	0,000	1,034E+1	2,400E+1	3,000E+3	2,997E+3
184,136	0,190	0,000	1,034E+1	2,400E+1	3,000E+3	2,997E+3
185,137	0,191	0,000	1,040E+1	2,400E+1	3,000E+3	2,999E+3
186,137	0,192	0,000	1,043E+1	2,400E+1	3,000E+3	3,003E+3
187,138	0,192	0,000	1,043E+1	2,400E+1	3,000E+3	3,004E+3
188,137	0,193	0,000	1,049E+1	2,400E+1	3,000E+3	3,000E+3
189,139	0,193	0,000	1,048E+1	2,400E+1	3,000E+3	2,989E+3
190,138	0,193	0,000	1,048E+1	2,400E+1	3,000E+3	2,998E+3
191,139	0,193	0,000	1,049E+1	2,400E+1	3,000E+3	2,997E+3
192,139	0,193	0,000	1,052E+1	2,400E+1	3,000E+3	2,998E+3
193,138	0,193	0,000	1,052E+1	2,400E+1	3,000E+3	2,995E+3
194,139	0,194	0,000	1,052E+1	2,400E+1	3,000E+3	3,003E+3
195,138	0,194	0,000	1,055E+1	2,400E+1	3,000E+3	2,994E+3
196,140	0,194	0,000	1,055E+1	2,400E+1	3,000E+3	2,997E+3
197,139	0,194	0,000	1,056E+1	2,400E+1	3,000E+3	3,012E+3
198,140	0,194	0,000	1,057E+1	2,400E+1	3,000E+3	3,001E+3
199,140	0,194	0,000	1,057E+1	2,400E+1	3,000E+3	3,002E+3
200,140	0,194	0,000	1,058E+1	2,400E+1	3,000E+3	3,001E+3
201,141	0,195	0,000	1,059E+1	2,400E+1	3,000E+3	3,004E+3
202,141	0,195	0,000	1,059E+1	2,400E+1	3,000E+3	2,992E+3
203,142	0,195	0,000	1,060E+1	2,400E+1	3,000E+3	2,994E+3
204,142	0,195	0,000	1,060E+1	2,400E+1	3,000E+3	3,001E+3
205,142	0,195	0,000	1,060E+1	2,400E+1	3,000E+3	2,998E+3
206,143	0,195	0,000	1,060E+1	2,400E+1	3,000E+3	3,013E+3
207,143	0,195	0,000	1,060E+1	2,400E+1	3,000E+3	2,998E+3
208,145	0,195	0,000	1,060E+1	2,400E+1	3,000E+3	3,004E+3
209,144	0,195	0,000	1,061E+1	2,400E+1	3,000E+3	3,003E+3
210,146	0,195	0,000	1,061E+1	2,400E+1	3,000E+3	3,000E+3
211,146	0,195	0,000	1,061E+1	2,400E+1	3,000E+3	3,004E+3
212,145	0,195	0,000	1,061E+1	2,400E+1	3,000E+3	3,010E+3
213,147	0,195	0,000	1,061E+1	2,400E+1	3,000E+3	2,992E+3
214,146	0,195	0,000	1,061E+1	2,400E+1	3,000E+3	3,005E+3
215,148	0,195	0,000	1,062E+1	2,400E+1	3,000E+3	2,998E+3
216,147	0,195	0,000	1,062E+1	2,400E+1	3,000E+3	2,999E+3
217,148	0,195	0,000	1,062E+1	2,400E+1	3,000E+3	3,001E+3
218,148	0,195	0,000	1,060E+1	2,400E+1	3,000E+3	3,008E+3
219,147	0,195	0,000	1,063E+1	2,400E+1	3,000E+3	2,998E+3
220,148	0,195	0,000	1,063E+1	2,400E+1	3,000E+3	3,001E+3
221,147	0,195	0,000	1,062E+1	2,400E+1	3,000E+3	2,994E+3
222,148	0,195	0,000	1,063E+1	2,400E+1	3,000E+3	2,998E+3
223,147	0,195	0,000	1,063E+1	2,400E+1	3,000E+3	3,004E+3
224,149	0,195	0,000	1,064E+1	2,400E+1	3,000E+3	2,998E+3
225,149	0,195	0,000	1,063E+1	2,400E+1	3,000E+3	2,997E+3
226,149	0,195	0,000	1,063E+1	2,400E+1	3,000E+3	3,004E+3
227,151	0,195	0,000	1,063E+1	2,400E+1	3,000E+3	2,997E+3
228,150	0,195	0,000	1,063E+1	2,400E+1	3,000E+3	3,003E+3
229,151	0,195	0,000	1,063E+1	2,400E+1	3,000E+3	3,003E+3
230,151	0,195	0,000	1,063E+1	2,400E+1	3,000E+3	3,001E+3
231,150	0,195	0,000	1,063E+1	2,400E+1	3,000E+3	3,000E+3
232,151	0,195	0,000	1,063E+1	2,400E+1	3,000E+3	3,004E+3
233,150	0,195	0,000	1,063E+1	2,400E+1	3,000E+3	3,003E+3
234,151	0,195	0,000	1,063E+1	2,400E+1	3,000E+3	3,000E+3
235,152	0,195	0,000	1,063E+1	2,400E+1	3,000E+3	3,001E+3
236,152	0,195	0,000	1,064E+1	2,400E+1	3,000E+3	2,991E+3
237,152	0,195	0,000	1,063E+1	2,400E+1	3,000E+3	3,005E+3
238,151	0,195	0,000	1,063E+1	2,400E+1	3,000E+3	3,004E+3
239,152	0,195	0,000	1,063E+1	2,400E+1	3,000E+3	3,000E+3
240,151	0,195	0,000	1,063E+1	2,400E+1	3,000E+3	2,995E+3
241,152	0,195	0,000	1,065E+1	2,400E+1	3,000E+3	3,001E+3
242,151	0,195	0,000	1,064E+1	2,400E+1	3,000E+3	3,004E+3
243,153	0,195	0,000	1,064E+1	2,400E+1	3,000E+3	2,999E+3
244,154	0,195	0,000	1,064E+1	2,400E+1	3,000E+3	3,003E+3
245,153	0,195	0,000	1,064E+1	2,400E+1	3,000E+3	3,009E+3
246,154	0,195	0,000	1,064E+1	2,400E+1	3,000E+3	3,000E+3
247,153	0,195	0,000	1,064E+1	2,400E+1	3,000E+3	3,000E+3
248,154	0,195	0,000	1,064E+1	2,400E+1	3,000E+3	3,004E+3
249,153	0,195	0,000	1,064E+1	2,400E+1	3,000E+3	3,004E+3
250,155	0,195	0,000	1,065E+1	2,400E+1	3,000E+3	3,001E+3
251,155	0,195	0,000	1,065E+1	2,400E+1	3,000E+3	2,998E+3
252,154	0,195	0,000	1,065E+1	2,400E+1	3,000E+3	3,010E+3
253,155	0,195	0,000	1,065E+1	2,400E+1	3,000E+3	2,992E+3
254,154	0,195	0,000	1,064E+1	2,400E+1	3,000E+3	2,994E+3
255,155	0,195	0,000	1,064E+1	2,400E+1	3,000E+3	3,006E+3
256,154	0,195	0,000	1,065E+1	2,400E+1	3,000E+3	2,996E+3
257,155	0,195	0,000	1,065E+1	2,400E+1	3,000E+3	3,004E+3
258,155	0,195	0,000	1,065E+1	2,400E+1	3,000E+3	2,996E+3
259,155	0,195	0,000	1,065E+1	2,400E+1	3,000E+3	2,998E+3
260,156	0,195	0,000	1,065E+1	2,400E+1	3,000E+3	3,000E+3
261,155	0,195	0,000	1,065E+1	2,400E+1	3,000E+3	3,009E+3
262,157	0,195	0,000	1,065E+1	2,400E+1	3,000E+3	3,000E+3
263,156	0,195	0,000	1,066E+1	2,400E+1	3,000E+3	3,001E+3
264,157	0,195	0,000	1,066E+1	2,400E+1	3,000E+3	2,993E+3
265,157	0,195	0,000	1,066E+1	2,400E+1	3,000E+3	3,001E+3
266,156	0,195	0,000	1,066E+1	2,400E+1	3,000E+3	3,003E+3
267,157	0,195	0,000	1,066E+1	2,400E+1	3,000E+3	3,003E+3
268,157	0,195	0,000	1,066E+1	2,400E+1	3,000E+3	2,995E+3
269,158	0,195	0,000	1,066E+1	2,400E+1	3,000E+3	3,000E+3
270,158	0,195	0,000	1,066E+1	2,400E+1	3,000E+3	2,994E+3
271,159	0,195	0,000	1,066E+1	2,400E+1	3,000E+3	2,999E+3
272,159	0,195	0,000	1,066E+1	2,400E+1	3,000E+3	2,999E+3
273,159	0,195	0,000	1,066E+1	2,400E+1	3,000E+3	3,001E+3
274,161	0,195	0,000	1,066E+1	2,400E+1	3,000E+3	3,004E+3
275,161	0,195	0,000	1,066E+1	2,400E+1	3,000E+3	2,997E+3
276,162	0,195	0,000	1,066E+1	2,400E+1	3,000E+3	3,000E+3
277,161	0,195	0,000	1,066E+1	2,400E+1	3,000E+3	3,004E+3
278,161	0,195	0,000	1,066E+1	2,400E+1	3,000E+3	3,000E+3
279,162	0,195	0,000	1,066E+1	2,400E+1	3,000E+3	3,005E+3
280,162	0,195	0,000	1,066E+1	2,400E+1	3,000E+3	3,012E+3
281,163	0,195	0,000	1,067E+1	2,400E+1	3,000E+3	2,992E+3
282,163	0,195	0,000	1,067E+1	2,400E+1	3,000E+3	2,997E+3
283,164	0,195	0,000	1,067E+1	2,400E+1	3,000E+3	3,002E+3
284,163	0,195	0,000	1,067E+1	2,400E+1	3,000E+3	3,007E+3
285,164	0,195	0,000	1,068E+1	2,400E+1	3,000E+3	3,003E+3
286,164	0,195	0,000	1,068E+1	2,400E+1	3,000E+3	2,997E+3
287,163	0,195	0,000	1,068E+1	2,400E+1	3,000E+3	2,998E+3
288,165	0,195	0,000	1,067E+1	2,400E+1	3,000E+3	3,009E+3
289,164	0,195	0,000	1,067E+1	2,400E+1	3,000E+3	2,998E+3
290,166	0,195	0,000	1,068E+1	2,400E+1	3,000E+3	3,005E+3
291,166	0,195	0,000	1,068E+1	2,400E+1	3,000E+3	2,997E+3
292,165	0,195	0,000	1,068E+1	2,400E+1	3,000E+3	2,995E+3
293,166	0,195	0,000	1,068E+1	2,400E+1	3,000E+3	3,003E+3
294,165	0,195	0,000	1,067E+1	2,400E+1	3,000E+3	2,998E+3
295,166	0,195	0,000	1,067E+1	2,400E+1	3,000E+3	2,995E+3
296,165	0,195	0,000	1,067E+1	2,400E+1	3,000E+3	2,989E+3
297,166	0,195	0,000	1,067E+1	2,400E+1	3,000E+3	3,000E+3
298,166	0,195	0,000	1,067E+1	2,400E+1	3,000E+3	3,005E+3
299,166	0,195	0,000	1,068E+1	2,400E+1	3,000E+3	3,008E+3
300,166	0,195	0,000	1,068E+1	2,400E+1	3,000E+3	3,001E+3
301,167	0,195	0,000	1,069E+1	2,400E+1	3,000E+3	3,000E+3
302,167	0,195	0,000	1,069E+1	2,400E+1	3,000E+3	2,998E+3
303,167	0,195	0,000	1,068E+1	2,400E+1	3,000E+3	2,989E+3
304,169	0,195	0,000	1,068E+1	2,400E+1	3,000E+3	2,998E+3
305,169	0,195	0,000	1,069E+1	2,400E+1	3,000E+3	2,995E+3
306,170	0,195	0,000	1,070E+1	2,400E+1	3,000E+3	3,007E+3
307,169	0,195	0,000	1,070E+1	2,400E+1	3,000E+3	3,012E+3
308,171	0,195	0,000	1,069E+1	2,400E+1	3,000E+3	3,002E+3
309,171	0,195	0,000	1,069E+1	2,400E+1	3,000E+3	2,998E+3
310,171	0,195	0,000	1,069E+1	2,400E+1	3,000E+3	3,001E+3
311,171	0,195	0,000	1,070E+1	2,400E+1	3,000E+3	2,992E+3
312,170	0,195	0,000	1,070E+1	2,400E+1	3,000E+3	3,006E+3
313,171	0,195	0,000	1,070E+1	2,400E+1	3,000E+3	3,004E+3
314,171	0,195	0,000	1,070E+1	2,400E+1	3,000E+3	3,001E+3
315,172	0,195	0,000	1,070E+1	2,400E+1	3,000E+3	3,009E+3
316,173	0,195	0,000	1,070E+1	2,400E+1	3,000E+3	3,000E+3
317,172	0,195	0,000	1,071E+1	2,400E+1	3,000E+3	3,010E+3
318,174	0,195	0,000	1,071E+1	2,400E+1	3,000E+3	3,005E+3
319,173	0,195	0,000	1,071E+1	2,400E+1	3,000E+3	3,002E+3
320,174	0,195	0,000	1,071E+1	2,400E+1	3,000E+3	3,000E+3
321,173	0,195	0,000	1,070E+1	2,400E+1	3,000E+3	2,998E+3
322,173	0,195	0,000	1,070E+1	2,400E+1	3,000E+3	3,001E+3
323,174	0,195	0,000	1,071E+1	2,400E+1	3,000E+3	2,994E+3
324,173	0,195	0,000	1,071E+1	2,400E+1	3,000E+3	3,004E+3
325,175	0,195	0,000	1,071E+1	2,400E+1	3,000E+3	3,000E+3
326,174	0,195	0,000	1,071E+1	2,400E+1	3,000E+3	3,000E+3
327,175	0,195	0,000	1,071E+1	2,400E+1	3,000E+3	3,000E+3
328,175	0,195	0,000	1,071E+1	2,400E+1	3,000E+3	2,994E+3
329,177	0,195	0,000	1,072E+1	2,400E+1	3,000E+3	3,006E+3
330,177	0,195	0,000	1,071E+1	2,400E+1	3,000E+3	3,002E+3
331,178	0,195	0,000	1,071E+1	2,400E+1	3,000E+3	2,994E+3
332,178	0,195	0,000	1,072E+1	2,400E+1	3,000E+3	2,999E+3
333,177	0,195	0,000	1,072E+1	2,400E+1	3,000E+3	2,998E+3
334,179	0,195	0,000	1,072E+1	2,400E+1	3,000E+3	3,001E+3
335,178	0,195	0,000	1,072E+1	2,400E+1	3,000E+3	2,999E+3
336,180	0,195	0,000	1,072E+1	2,400E+1	3,000E+3	3,003E+3
337,181	0,195	0,000	1,072E+1	2,400E+1	3,000E+3	2,998E+3
338,181	0,195	0,000	1,072E+1	2,400E+1	3,000E+3	2,997E+3
339,183	0,195	0,000	1,072E+1	2,400E+1	3,000E+3	2,995E+3
340,182	0,195	0,000	1,073E+1	2,400E+1	3,000E+3	3,003E+3
341,183	0,195	0,000	1,073E+1	2,400E+1	3,000E+3	2,993E+3
342,182	0,195	0,000	1,073E+1	2,400E+1	3,000E+3	2,997E+3
343,183	0,195	0,000	1,073E+1	2,400E+1	3,000E+3	2,998E+3
344,183	0,195	0,000	1,073E+1	2,400E+1	3,000E+3	3,002E+3
345,182	0,195	0,000	1,073E+1	2,400E+1	3,000E+3	2,994E+3
346,183	0,195	0,000	1,073E+1	2,400E+1	3,000E+3	3,000E+3
347,182	0,195	0,000	1,073E+1	2,400E+1	3,000E+3	2,999E+3
348,183	0,195	0,000	1,073E+1	2,400E+1	3,000E+3	2,998E+3
349,183	0,195	0,000	1,074E+1	2,400E+1	3,000E+3	2,997E+3
350,182	0,195	0,000	1,073E+1	2,400E+1	3,000E+3	3,002E+3
351,183	0,195	0,000	1,073E+1	2,400E+1	3,000E+3	2,995E+3
352,183	0,195	0,000	1,074E+1	2,400E+1	3,000E+3	3,016E+3
353,184	0,195	0,000	1,074E+1	2,400E+1	3,000E+3	3,002E+3
354,183	0,195	0,000	1,074E+1	2,400E+1	3,000E+3	2,995E+3
355,185	0,195	0,000	1,074E+1	2,400E+1	3,000E+3	3,000E+3
356,185	0,195	0,000	1,074E+1	2,400E+1	3,000E+3	2,994E+3
357,184	0,195	0,000	1,074E+1	2,400E+1	3,000E+3	2,990E+3
358,186	0,195	0,000	1,075E+1	2,400E+1	3,000E+3	3,007E+3
359,185	0,195	0,000	1,074E+1	2,400E+1	3,000E+3	3,002E+3
360,186	0,195	0,000	1,074E+1	2,400E+1	3,000E+3	3,000E+3
361,185	0,195	0,000	1,076E+1	2,400E+1	3,000E+3	3,001E+3
362,186	0,195	0,000	1,075E+1	2,400E+1	3,000E+3	3,011E+3
363,186	0,195	0,000	1,075E+1	2,400E+1	3,000E+3	3,006E+3
364,185	0,195	0,000	1,075E+1	2,400E+1	3,000E+3	3,004E+3
365,186	0,195	0,000	1,076E+1	2,400E+1	3,000E+3	3,000E+3
366,185	0,195	0,000	1,076E+1	2,400E+1	3,000E+3	2,991E+3
367,186	0,195	0,000	1,076E+1	2,400E+1	3,000E+3	2,996E+3
368,186	0,195	0,000	1,076E+1	2,400E+1	3,000E+3	3,006E+3
369,185	0,195	0,000	1,076E+1	2,400E+1	3,000E+3	2,992E+3
370,187	0,195	0,000	1,076E+1	2,400E+1	3,000E+3	2,995E+3
371,186	0,195	0,000	1,076E+1	2,400E+1	3,000E+3	3,001E+3
372,187	0,195	0,000	1,076E+1	2,400E+1	3,000E+3	3,001E+3
373,187	0,195	0,000	1,077E+1	2,400E+1	3,000E+3	2,980E+3
374,188	0,195	0,000	1,076E+1	2,400E+1	3,000E+3	3,000E+3
375,188	0,195	0,000	1,076E+1	2,400E+1	3,000E+3	2,998E+3
376,187	0,195	0,000	1,076E+1	2,400E+1	3,000E+3	3,000E+3
377,189	0,195	0,000	1,076E+1	2,400E+1	3,000E+3	2,997E+3
378,188	0,195	0,000	1,077E+1	2,400E+1	3,000E+3	3,000E+3
379,188	0,195	0,000	1,077E+1	2,400E+1	3,000E+3	2,995E+3
380,189	0,195	0,000	1,076E+1	2,400E+1	3,000E+3	3,000E+3
381,189	0,195	0,000	1,076E+1	2,400E+1	3,000E+3	3,000E+3
382,188	0,195	0,000	1,077E+1	2,400E+1	3,000E+3	2,999E+3
383,190	0,195	0,000	1,078E+1	2,400E+1	3,000E+3	2,999E+3
384,190	0,195	0,000	1,078E+1	2,400E+1	3,000E+3	3,003E+3
385,189	0,195	0,000	1,077E+1	2,400E+1	3,000E+3	3,005E+3
386,190	0,195	0,000	1,078E+1	2,400E+1	3,000E+3	3,000E+3
387,189	0,195	0,000	1,078E+1	2,400E+1	3,000E+3	3,000E+3
388,190	0,195	0,000	1,078E+1	2,400E+1	3,000E+3	3,003E+3
389,190	0,195	0,000	1,078E+1	2,400E+1	3,000E+3	2,994E+3
390,189	0,195	0,000	1,078E+1	2,400E+1	3,000E+3	3,003E+3
391,191	0,195	0,000	1,078E+1	2,400E+1	3,000E+3	2,989E+3
392,191	0,195	0,000	1,079E+1	2,400E+1	3,000E+3	3,001E+3
393,192	0,195	0,000	1,079E+1	2,400E+1	3,000E+3	3,003E+3
394,191	0,195	0,000	1,079E+1	2,400E+1	3,000E+3	3,006E+3
395,192	0,195	0,000	1,078E+1	2,400E+1	3,000E+3	3,006E+3
396,192	0,195	0,000	1,078E+1	2,400E+1	3,000E+3	3,003E+3
397,191	0,195	0,000	1,079E+1	2,400E+1	3,000E+3	3,006E+3
398,192	0,195	0,000	1,080E+1	2,400E+1	3,000E+3	2,992E+3
399,191	0,195	0,000	1,080E+1	2,400E+1	3,000E+3	2,995E+3
400,191	0,195	0,000	1,079E+1	2,400E+1	3,000E+3	3,006E+3
401,192	0,195	0,000	1,079E+1	2,400E+1	3,000E+3	3,004E+3
402,191	0,195	0,000	1,079E+1	2,400E+1	3,000E+3	2,997E+3
403,192	0,195	0,000	1,079E+1	2,400E+1	3,000E+3	3,002E+3
404,192	0,195	0,000	1,080E+1	2,400E+1	3,000E+3	2,992E+3
405,193	0,195	0,000	1,080E+1	2,400E+1	3,000E+3	3,005E+3
406,192	0,195	0,000	1,079E+1	2,400E+1	3,000E+3	3,009E+3
407,192	0,195	0,000	1,080E+1	2,400E+1	3,000E+3	3,010E+3
408,193	0,195	0,000	1,080E+1	2,400E+1	3,000E+3	3,000E+3
409,192	0,195	0,000	1,080E+1	2,400E+1	3,000E+3	3,001E+3
410,193	0,195	0,000	1,080E+1	2,400E+1	3,000E+3	2,996E+3
411,192	0,195	0,000	1,080E+1	2,400E+1	3,000E+3	2,994E+3
412,193	0,195	0,000	1,081E+1	2,400E+1	3,000E+3	3,004E+3
413,193	0,195	0,000	1,081E+1	2,400E+1	3,000E+3	3,001E+3
414,193	0,195	0,000	1,081E+1	2,400E+1	3,000E+3	3,004E+3
415,194	0,195	0,000	1,081E+1	2,400E+1	3,000E+3	2,998E+3
416,193	0,195	0,000	1,081E+1	2,400E+1	3,000E+3	3,000E+3
417,194	0,195	0,000	1,081E+1	2,400E+1	3,000E+3	3,010E+3
418,194	0,195	0,000	1,082E+1	2,400E+1	3,000E+3	3,004E+3
419,195	0,195	0,000	1,081E+1	2,400E+1	3,000E+3	3,000E+3
420,195	0,195	0,000	1,081E+1	2,400E+1	3,000E+3	2,996E+3
421,195	0,195	0,000	1,082E+1	2,400E+1	3,000E+3	3,000E+3
422,196	0,195	0,000	1,081E+1	2,400E+1	3,000E+3	3,006E+3
423,195	0,195	0,000	1,081E+1	2,400E+1	3,000E+3	3,007E+3
424,196	0,195	0,000	1,081E+1	2,400E+1	3,000E+3	2,998E+3
425,195	0,195	0,000	1,082E+1	2,400E+1	3,000E+3	3,003E+3
426,196	0,195	0,000	1,082E+1	2,400E+1	3,000E+3	2,999E+3
427,196	0,195	0,000	1,082E+1	2,400E+1	3,000E+3	2,994E+3
428,195	0,195	0,000	1,083E+1	2,400E+1	3,000E+3	3,001E+3
429,197	0,195	0,000	1,083E+1	2,400E+1	3,000E+3	3,003E+3
430,196	0,195	0,000	1,082E+1	2,400E+1	3,000E+3	3,005E+3
431,198	0,195	0,000	1,083E+1	2,400E+1	3,000E+3	3,008E+3
432,198	0,195	0,000	1,083E+1	2,400E+1	3,000E+3	2,993E+3
433,197	0,195	0,000	1,082E+1	2,400E+1	3,000E+3	2,998E+3
434,198	0,195	0,000	1,083E+1	2,400E+1	3,000E+3	2,997E+3
435,197	0,195	0,000	1,083E+1	2,400E+1	3,000E+3	2,998E+3
436,198	0,195	0,000	1,083E+1	2,400E+1	3,000E+3	2,998E+3
437,197	0,195	0,000	1,083E+1	2,400E+1	3,000E+3	2,994E+3
438,198	0,195	0,000	1,083E+1	2,400E+1	3,000E+3	2,990E+3
439,199	0,195	0,000	1,083E+1	2,400E+1	3,000E+3	3,003E+3
440,199	0,195	0,000	1,083E+1	2,400E+1	3,000E+3	2,992E+3
441,200	0,195	0,000	1,083E+1	2,400E+1	3,000E+3	2,995E+3
442,200	0,195	0,000	1,084E+1	2,400E+1	3,000E+3	2,999E+3
443,201	0,195	0,000	1,084E+1	2,400E+1	3,000E+3	2,992E+3
444,200	0,195	0,000	1,084E+1	2,400E+1	3,000E+3	2,998E+3
445,202	0,195	0,000	1,084E+1	2,400E+1	3,000E+3	3,004E+3
446,203	0,195	0,000	1,085E+1	2,400E+1	3,000E+3	3,007E+3
447,202	0,195	0,000	1,085E+1	2,400E+1	3,000E+3	3,008E+3
448,203	0,195	0,000	1,084E+1	2,400E+1	3,000E+3	2,993E+3
449,203	0,195	0,000	1,084E+1	2,400E+1	3,000E+3	3,006E+3
450,203	0,195	0,000	1,084E+1	2,400E+1	3,000E+3	3,002E+3
451,204	0,195	0,000	1,085E+1	2,400E+1	3,000E+3	3,001E+3
452,203	0,195	0,000	1,085E+1	2,400E+1	3,000E+3	3,003E+3
453,204	0,195	0,000	1,085E+1	2,400E+1	3,000E+3	3,000E+3
454,204	0,195	0,000	1,085E+1	2,400E+1	3,000E+3	3,005E+3
455,205	0,195	0,000	1,086E+1	2,400E+1	3,000E+3	3,002E+3
456,205	0,195	0,000	1,086E+1	2,400E+1	3,000E+3	3,001E+3
457,204	0,195	0,000	1,085E+1	2,400E+1	3,000E+3	2,998E+3
458,205	0,195	0,000	1,085E+1	2,400E+1	3,000E+3	2,999E+3
459,206	0,195	0,000	1,085E+1	2,400E+1	3,000E+3	2,991E+3
460,206	0,195	0,000	1,086E+1	2,400E+1	3,000E+3	3,001E+3
461,208	0,195	0,000	1,086E+1	2,400E+1	3,000E+3	3,005E+3
462,207	0,195	0,000	1,086E+1	2,400E+1	3,000E+3	3,005E+3
463,209	0,195	0,000	1,086E+1	2,400E+1	3,000E+3	2,996E+3
464,209	0,195	0,000	1,086E+1	2,400E+1	3,000E+3	2,992E+3
465,208	0,195	0,000	1,086E+1	2,400E+1	3,000E+3	3,001E+3
466,209	0,195	0,000	1,086E+1	2,400E+1	3,000E+3	2,998E+3
467,209	0,195	0,000	1,088E+1	2,400E+1	3,000E+3	2,998E+3
468,210	0,195	0,000	1,088E+1	2,400E+1	3,000E+3	3,006E+3
469,209	0,195	0,000	1,087E+1	2,400E+1	3,000E+3	2,994E+3
470,211	0,194	0,000	1,087E+1	2,400E+1	3,000E+3	2,994E+3
471,211	0,194	0,000	1,087E+1	2,400E+1	3,000E+3	3,012E+3
472,211	0,194	0,000	1,087E+1	2,400E+1	3,000E+3	3,006E+3
473,212	0,194	0,000	1,087E+1	2,400E+1	3,000E+3	3,004E+3
474,212	0,194	0,000	1,087E+1	2,400E+1	3,000E+3	2,998E+3
475,214	0,195	0,000	1,088E+1	2,400E+1	3,000E+3	2,992E+3
476,213	0,194	0,000	1,087E+1	2,400E+1	3,000E+3	2,997E+3
477,213	0,194	0,000	1,087E+1	2,400E+1	3,000E+3	3,000E+3
478,214	0,194	0,000	1,087E+1	2,400E+1	3,000E+3	3,000E+3
479,213	0,194	0,000	1,088E+1	2,400E+1	3,000E+3	2,995E+3
480,215	0,194	0,000	1,088E+1	2,400E+1	3,000E+3	2,996E+3
481,215	0,194	0,000	1,087E+1	2,400E+1	3,000E+3	3,009E+3
482,217	0,194	0,000	1,088E+1	2,400E+1	3,000E+3	3,002E+3
483,216	0,194	0,000	1,088E+1	2,400E+1	3,000E+3	2,999E+3
484,216	0,194	0,000	1,089E+1	2,400E+1	3,000E+3	3,000E+3
485,217	0,195	0,000	1,089E+1	2,400E+1	3,000E+3	3,000E+3
486,217	0,195	0,000	1,089E+1	2,400E+1	3,000E+3	2,996E+3
487,218	0,194	0,000	1,088E+1	2,400E+1	3,000E+3	2,992E+3
488,217	0,194	0,000	1,089E+1	2,400E+1	3,000E+3	3,009E+3
489,219	0,194	0,000	1,089E+1	2,400E+1	3,000E+3	2,999E+3
490,219	0,195	0,000	1,090E+1	2,400E+1	3,000E+3	2,996E+3
491,219	0,195	0,000	1,090E+1	2,400E+1	3,000E+3	3,006E+3
492,220	0,195	0,000	1,090E+1	2,400E+1	3,000E+3	3,002E+3
493,219	0,195	0,000	1,091E+1	2,400E+1	3,000E+3	3,004E+3
494,220	0,194	0,000	1,089E+1	2,400E+1	3,000E+3	3,003E+3
495,219	0,194	0,000	1,089E+1	2,400E+1	3,000E+3	3,006E+3
496,221	0,195	0,000	1,091E+1	2,400E+1	3,000E+3	3,004E+3
497,222	0,195	0,000	1,090E+1	2,400E+1	3,000E+3	3,003E+3
498,222	0,195	0,000	1,090E+1	2,400E+1	3,000E+3	3,001E+3
499,223	0,194	0,000	1,090E+1	2,400E+1	3,000E+3	3,007E+3
500,222	0,194	0,000	1,091E+1	2,400E+1	3,000E+3	2,996E+3
501,223	0,194	0,000	1,091E+1	2,400E+1	3,000E+3	3,000E+3
502,222	0,194	0,000	1,090E+1	2,400E+1	3,000E+3	3,006E+3
503,223	0,194	0,000	1,091E+1	2,400E+1	3,000E+3	3,000E+3
504,223	0,194	0,000	1,091E+1	2,400E+1	3,000E+3	3,003E+3
505,222	0,194	0,000	1,090E+1	2,400E+1	3,000E+3	2,998E+3
506,223	0,194	0,000	1,091E+1	2,400E+1	3,000E+3	3,003E+3
507,222	0,194	0,000	1,091E+1	2,400E+1	3,000E+3	3,007E+3
508,223	0,194	0,000	1,090E+1	2,400E+1	3,000E+3	2,997E+3
509,222	0,194	0,000	1,091E+1	2,400E+1	3,000E+3	3,003E+3
510,224	0,194	0,000	1,091E+1	2,400E+1	3,000E+3	2,997E+3
511,224	0,194	0,000	1,091E+1	2,400E+1	3,000E+3	2,995E+3
512,223	0,194	0,000	1,092E+1	2,400E+1	3,000E+3	3,003E+3
513,224	0,194	0,000	1,092E+1	2,400E+1	3,000E+3	2,995E+3
514,223	0,194	0,000	1,092E+1	2,400E+1	3,000E+3	2,994E+3
515,224	0,194	0,000	1,091E+1	2,400E+1	3,000E+3	3,003E+3
516,223	0,194	0,000	1,091E+1	2,400E+1	3,000E+3	2,994E+3
517,224	0,194	0,000	1,091E+1	2,400E+1	3,000E+3	3,009E+3
518,224	0,194	0,000	1,092E+1	2,400E+1	3,000E+3	3,004E+3
519,223	0,194	0,000	1,092E+1	2,400E+1	3,000E+3	3,002E+3
520,225	0,194	0,000	1,093E+1	2,400E+1	3,000E+3	3,006E+3
521,224	0,194	0,000	1,093E+1	2,400E+1	3,000E+3	3,008E+3
522,225	0,194	0,000	1,093E+1	2,400E+1	3,000E+3	3,001E+3
523,225	0,194	0,000	1,092E+1	2,400E+1	3,000E+3	3,005E+3
524,224	0,194	0,000	1,093E+1	2,400E+1	3,000E+3	3,000E+3
525,225	0,194	0,000	1,093E+1	2,400E+1	3,000E+3	2,997E+3
526,224	0,194	0,000	1,092E+1	2,400E+1	3,000E+3	2,997E+3
527,225	0,194	0,000	1,093E+1	2,400E+1	3,000E+3	2,994E+3
528,224	0,194	0,000	1,093E+1	2,400E+1	3,000E+3	2,998E+3
529,226	0,194	0,000	1,093E+1	2,400E+1	3,000E+3	2,998E+3
530,226	0,194	0,000	1,093E+1	2,400E+1	3,000E+3	2,998E+3
531,227	0,194	0,000	1,093E+1	2,400E+1	3,000E+3	3,001E+3
532,226	0,194	0,000	1,093E+1	2,400E+1	3,000E+3	2,995E+3
533,227	0,194	0,000	1,093E+1	2,400E+1	3,000E+3	2,994E+3
534,227	0,194	0,000	1,095E+1	2,400E+1	3,000E+3	2,996E+3
535,226	0,194	0,000	1,095E+1	2,400E+1	3,000E+3	2,993E+3
536,227	0,194	0,000	1,095E+1	2,400E+1	3,000E+3	2,998E+3
537,227	0,194	0,000	1,094E+1	2,400E+1	3,000E+3	3,003E+3
538,226	0,194	0,000	1,094E+1	2,400E+1	3,000E+3	3,004E+3
539,227	0,194	0,000	1,094E+1	2,400E+1	3,000E+3	2,997E+3
540,226	0,194	0,000	1,094E+1	2,400E+1	3,000E+3	3,004E+3
541,227	0,194	0,000	1,095E+1	2,400E+1	3,000E+3	2,997E+3
542,226	0,194	0,000	1,095E+1	2,400E+1	3,000E+3	2,998E+3
543,227	0,194	0,000	1,095E+1	2,400E+1	3,000E+3	3,007E+3
544,227	0,194	0,000	1,095E+1	2,400E+1	3,000E+3	3,006E+3
545,226	0,194	0,000	1,095E+1	2,400E+1	3,000E+3	3,006E+3
546,227	0,194	0,000	1,095E+1	2,400E+1	3,000E+3	3,004E+3
547,226	0,194	0,000	1,095E+1	2,400E+1	3,000E+3	3,006E+3
548,228	0,194	0,000	1,096E+1	2,400E+1	3,000E+3	3,001E+3
549,228	0,194	0,000	1,096E+1	2,400E+1	3,000E+3	3,012E+3
550,228	0,194	0,000	1,096E+1	2,400E+1	3,000E+3	2,999E+3
551,228	0,194	0,000	1,096E+1	2,400E+1	3,000E+3	3,000E+3
552,227	0,194	0,000	1,096E+1	2,400E+1	3,000E+3	3,003E+3
553,228	0,194	0,000	1,096E+1	2,400E+1	3,000E+3	3,009E+3
554,227	0,194	0,000	1,096E+1	2,400E+1	3,000E+3	3,000E+3
555,228	0,194	0,000	1,096E+1	2,400E+1	3,000E+3	3,001E+3
556,229	0,194	0,000	1,096E+1	2,400E+1	3,000E+3	3,006E+3
557,228	0,194	0,000	1,097E+1	2,400E+1	3,000E+3	3,013E+3
558,230	0,194	0,000	1,096E+1	2,400E+1	3,000E+3	3,003E+3
559,229	0,194	0,000	1,096E+1	2,400E+1	3,000E+3	3,003E+3
560,230	0,194	0,000	1,097E+1	2,400E+1	3,000E+3	3,000E+3
561,230	0,194	0,000	1,097E+1	2,400E+1	3,000E+3	3,002E+3
562,231	0,194	0,000	1,097E+1	2,400E+1	3,000E+3	3,000E+3
563,231	0,194	0,000	1,098E+1	2,400E+1	3,000E+3	2,999E+3
564,230	0,194	0,000	1,098E+1	2,400E+1	3,000E+3	3,002E+3
565,231	0,194	0,000	1,098E+1	2,400E+1	3,000E+3	2,996E+3
566,231	0,194	0,000	1,097E+1	2,400E+1	3,000E+3	3,016E+3
567,233	0,194	0,000	1,097E+1	2,400E+1	3,000E+3	2,998E+3
568,233	0,194	0,000	1,097E+1	2,400E+1	3,000E+3	3,001E+3
569,234	0,194	0,000	1,097E+1	2,400E+1	3,000E+3	3,007E+3
570,234	0,194	0,000	1,098E+1	2,400E+1	3,000E+3	2,992E+3
571,233	0,194	0,000	1,098E+1	2,400E+1	3,000E+3	3,000E+3
572,234	0,194	0,000	1,098E+1	2,400E+1	3,000E+3	3,016E+3
573,233	0,194	0,000	1,098E+1	2,400E+1	3,000E+3	3,003E+3
574,233	0,194	0,000	1,098E+1	2,400E+1	3,000E+3	2,992E+3
575,234	0,194	0,000	1,098E+1	2,400E+1	3,000E+3	3,001E+3
576,233	0,194	0,000	1,098E+1	2,400E+1	3,000E+3	2,998E+3
577,234	0,194	0,000	1,098E+1	2,400E+1	3,000E+3	3,001E+3
578,234	0,194	0,000	1,098E+1	2,400E+1	3,000E+3	3,000E+3
579,235	0,194	0,000	1,098E+1	2,400E+1	3,000E+3	2,997E+3
580,236	0,194	0,000	1,098E+1	2,400E+1	3,000E+3	3,007E+3
581,235	0,194	0,000	1,099E+1	2,400E+1	3,000E+3	3,008E+3
582,236	0,194	0,000	1,099E+1	2,400E+1	3,000E+3	3,005E+3
583,235	0,194	0,000	1,099E+1	2,400E+1	3,000E+3	3,001E+3
584,236	0,194	0,000	1,099E+1	2,400E+1	3,000E+3	3,000E+3
585,235	0,194	0,000	1,099E+1	2,400E+1	3,000E+3	3,001E+3
586,236	0,194	0,000	1,100E+1	2,400E+1	3,000E+3	3,010E+3
587,236	0,194	0,000	1,099E+1	2,400E+1	3,000E+3	2,995E+3
588,236	0,194	0,000	1,099E+1	2,400E+1	3,000E+3	3,008E+3
589,238	0,194	0,000	1,100E+1	2,400E+1	3,000E+3	3,001E+3
590,237	0,194	0,000	1,100E+1	2,400E+1	3,000E+3	3,001E+3
591,238	0,194	0,000	1,100E+1	2,400E+1	3,000E+3	3,009E+3
592,237	0,194	0,000	1,100E+1	2,400E+1	3,000E+3	3,000E+3
593,239	0,194	0,000	1,100E+1	2,400E+1	3,000E+3	3,006E+3
594,239	0,194	0,000	1,100E+1	2,400E+1	3,000E+3	3,000E+3
595,239	0,194	0,000	1,100E+1	2,400E+1	3,000E+3	3,001E+3
596,240	0,194	0,000	1,100E+1	2,400E+1	3,000E+3	2,998E+3
597,240	0,194	0,000	1,100E+1	2,400E+1	3,000E+3	2,991E+3
598,241	0,194	0,000	1,100E+1	2,400E+1	3,000E+3	3,003E+3
599,240	0,194	0,000	1,101E+1	2,400E+1	3,000E+3	2,996E+3
600,242	0,194	0,000	1,101E+1	2,400E+1	3,000E+3	3,005E+3
601,242	0,194	0,000	1,101E+1	2,400E+1	3,000E+3	3,000E+3
602,241	0,194	0,000	1,101E+1	2,400E+1	3,000E+3	3,006E+3
603,243	0,194	0,000	1,101E+1	2,400E+1	3,000E+3	2,998E+3
604,242	0,194	0,000	1,101E+1	2,400E+1	3,000E+3	3,001E+3
605,243	0,194	0,000	1,101E+1	2,400E+1	3,000E+3	2,995E+3
606,242	0,194	0,000	1,101E+1	2,400E+1	3,000E+3	3,000E+3
607,244	0,194	0,000	1,101E+1	2,400E+1	3,000E+3	2,992E+3
608,244	0,194	0,000	1,102E+1	2,400E+1	3,000E+3	2,991E+3
609,244	0,194	0,000	1,102E+1	2,400E+1	3,000E+3	3,003E+3
610,245	0,194	0,000	1,102E+1	2,400E+1	3,000E+3	3,001E+3
611,244	0,194	0,000	1,102E+1	2,400E+1	3,000E+3	3,003E+3
612,245	0,194	0,000	1,102E+1	2,400E+1	3,000E+3	3,010E+3
613,245	0,194	0,000	1,102E+1	2,400E+1	3,000E+3	2,996E+3
614,247	0,194	0,000	1,101E+1	2,400E+1	3,000E+3	2,993E+3
615,247	0,194	0,000	1,102E+1	2,400E+1	3,000E+3	2,998E+3
616,246	0,194	0,000	1,102E+1	2,400E+1	3,000E+3	3,003E+3
617,247	0,194	0,000	1,102E+1	2,400E+1	3,000E+3	2,999E+3
618,246	0,194	0,000	1,102E+1	2,400E+1	3,000E+3	3,001E+3
619,247	0,194	0,000	1,102E+1	2,400E+1	3,000E+3	3,003E+3
620,246	0,194	0,000	1,103E+1	2,400E+1	3,000E+3	2,999E+3
621,247	0,194	0,000	1,103E+1	2,400E+1	3,000E+3	2,995E+3
622,247	0,194	0,000	1,103E+1	2,400E+1	3,000E+3	2,995E+3
623,247	0,194	0,000	1,103E+1	2,400E+1	3,000E+3	2,996E+3
624,247	0,194	0,000	1,104E+1	2,400E+1	3,000E+3	2,995E+3
625,246	0,194	0,000	1,104E+1	2,400E+1	3,000E+3	2,994E+3
626,247	0,194	0,000	1,104E+1	2,400E+1	3,000E+3	2,992E+3
627,247	0,194	0,000	1,104E+1	2,400E+1	3,000E+3	3,004E+3
628,249	0,194	0,000	1,104E+1	2,400E+1	3,000E+3	3,009E+3
629,248	0,194	0,000	1,104E+1	2,400E+1	3,000E+3	3,000E+3
630,249	0,194	0,000	1,104E+1	2,400E+1	3,000E+3	2,991E+3
631,249	0,194	0,000	1,104E+1	2,400E+1	3,000E+3	3,007E+3
632,250	0,194	0,000	1,104E+1	2,400E+1	3,000E+3	3,009E+3
633,250	0,194	0,000	1,104E+1	2,400E+1	3,000E+3	3,012E+3
634,249	0,194	0,000	1,104E+1	2,400E+1	3,000E+3	3,000E+3
635,250	0,194	0,000	1,104E+1	2,400E+1	3,000E+3	3,003E+3
636,249	0,194	0,000	1,104E+1	2,400E+1	3,000E+3	3,007E+3
637,250	0,194	0,000	1,104E+1	2,400E+1	3,000E+3	3,010E+3
638,250	0,194	0,000	1,105E+1	2,400E+1	3,000E+3	3,000E+3
639,249	0,194	0,000	1,105E+1	2,400E+1	3,000E+3	2,992E+3
640,250	0,194	0,000	1,105E+1	2,400E+1	3,000E+3	3,004E+3
641,249	0,194	0,000	1,105E+1	2,400E+1	3,000E+3	2,998E+3
642,250	0,194	0,000	1,105E+1	2,400E+1	3,000E+3	2,997E+3
643,249	0,194	0,000	1,105E+1	2,400E+1	3,000E+3	3,004E+3
644,250	0,194	0,000	1,105E+1	2,400E+1	3,000E+3	2,996E+3
645,250	0,194	0,000	1,105E+1	2,400E+1	3,000E+3	3,009E+3
646,249	0,194	0,000	1,105E+1	2,400E+1	3,000E+3	3,003E+3
647,250	0,194	0,000	1,105E+1	2,400E+1	3,000E+3	3,002E+3
648,249	0,194	0,000	1,105E+1	2,400E+1	3,000E+3	2,995E+3
649,250	0,194	0,000	1,105E+1	2,400E+1	3,000E+3	2,989E+3
650,249	0,194	0,000	1,106E+1	2,400E+1	3,000E+3	3,003E+3
651,250	0,194	0,000	1,106E+1	2,400E+1	3,000E+3	2,992E+3
652,250	0,194	0,000	1,106E+1	2,400E+1	3,000E+3	3,002E+3
653,250	0,194	0,000	1,106E+1	2,400E+1	3,000E+3	3,001E+3
654,251	0,194	0,000	1,106E+1	2,400E+1	3,000E+3	3,001E+3
655,250	0,194	0,000	1,107E+1	2,400E+1	3,000E+3	2,991E+3
656,252	0,194	0,000	1,106E+1	2,400E+1	3,000E+3	2,994E+3
657,251	0,194	0,000	1,106E+1	2,400E+1	3,000E+3	2,997E+3
658,251	0,194	0,000	1,106E+1	2,400E+1	3,000E+3	2,999E+3
659,252	0,194	0,000	1,107E+1	2,400E+1	3,000E+3	3,002E+3
660,251	0,194	0,000	1,107E+1	2,400E+1	3,000E+3	2,996E+3
661,252	0,194	0,000	1,107E+1	2,400E+1	3,000E+3	3,007E+3
662,252	0,194	0,000	1,107E+1	2,400E+1	3,000E+3	3,001E+3
663,253	0,194	0,000	1,107E+1	2,400E+1	3,000E+3	2,997E+3
664,253	0,194	0,000	1,106E+1	2,400E+1	3,000E+3	3,001E+3
665,255	0,194	0,000	1,108E+1	2,400E+1	3,000E+3	3,000E+3
666,254	0,194	0,000	1,108E+1	2,400E+1	3,000E+3	2,997E+3
667,255	0,194	0,000	1,107E+1	2,400E+1	3,000E+3	3,000E+3
668,256	0,194	0,000	1,108E+1	2,400E+1	3,000E+3	3,012E+3
669,256	0,194	0,000	1,108E+1	2,400E+1	3,000E+3	2,994E+3
670,256	0,194	0,000	1,108E+1	2,400E+1	3,000E+3	3,000E+3
671,255	0,194	0,000	1,107E+1	2,400E+1	3,000E+3	2,995E+3
672,257	0,194	0,000	1,107E+1	2,400E+1	3,000E+3	3,004E+3
673,256	0,194	0,000	1,108E+1	2,400E+1	3,000E+3	3,004E+3
674,257	0,193	0,000	1,108E+1	2,400E+1	3,000E+3	2,997E+3
675,258	0,194	0,000	1,108E+1	2,400E+1	3,000E+3	3,001E+3
676,258	0,194	0,000	1,108E+1	2,400E+1	3,000E+3	2,999E+3
677,259	0,194	0,000	1,108E+1	2,400E+1	3,000E+3	3,001E+3
678,258	0,194	0,000	1,108E+1	2,400E+1	3,000E+3	3,001E+3
679,259	0,194	0,000	1,108E+1	2,400E+1	3,000E+3	3,006E+3
680,259	0,194	0,000	1,108E+1	2,400E+1	3,000E+3	3,000E+3
681,260	0,194	0,000	1,108E+1	2,400E+1	3,000E+3	2,994E+3
682,260	0,194	0,000	1,108E+1	2,400E+1	3,000E+3	3,007E+3
683,259	0,194	0,000	1,109E+1	2,400E+1	3,000E+3	3,000E+3
684,260	0,194	0,000	1,109E+1	2,400E+1	3,000E+3	3,002E+3
685,259	0,194	0,000	1,109E+1	2,400E+1	3,000E+3	2,999E+3
686,261	0,194	0,000	1,110E+1	2,400E+1	3,000E+3	3,007E+3
687,260	0,194	0,000	1,110E+1	2,400E+1	3,000E+3	2,995E+3
688,261	0,194	0,000	1,109E+1	2,400E+1	3,000E+3	3,012E+3
689,262	0,194	0,000	1,110E+1	2,400E+1	3,000E+3	2,999E+3
690,262	0,193	0,000	1,110E+1	2,400E+1	3,000E+3	3,008E+3
691,263	0,193	0,000	1,109E+1	2,400E+1	3,000E+3	3,004E+3
692,262	0,193	0,000	1,110E+1	2,400E+1	3,000E+3	2,997E+3
693,263	0,194	0,000	1,110E+1	2,400E+1	3,000E+3	3,007E+3
694,263	0,194	0,000	1,111E+1	2,400E+1	3,000E+3	2,997E+3
695,263	0,194	0,000	1,110E+1	2,400E+1	3,000E+3	3,004E+3
696,265	0,193	0,000	1,110E+1	2,400E+1	3,000E+3	3,004E+3
697,264	0,193	0,000	1,110E+1	2,400E+1	3,000E+3	2,996E+3
698,265	0,194	0,000	1,110E+1	2,400E+1	3,000E+3	3,007E+3
699,264	0,194	0,000	1,110E+1	2,400E+1	3,000E+3	2,996E+3
700,265	0,194	0,000	1,111E+1	2,400E+1	3,000E+3	3,004E+3
701,265	0,193	0,000	1,110E+1	2,400E+1	3,000E+3	2,999E+3
702,265	0,193	0,000	1,110E+1	2,400E+1	3,000E+3	2,990E+3
703,265	0,193	0,000	1,111E+1	2,400E+1	3,000E+3	3,004E+3
704,265	0,193	0,000	1,111E+1	2,400E+1	3,000E+3	3,002E+3
705,266	0,193	0,000	1,111E+1	2,400E+1	3,000E+3	2,999E+3
706,265	0,193	0,000	1,111E+1	2,400E+1	3,000E+3	2,999E+3
707,266	0,193	0,000	1,111E+1	2,400E+1	3,000E+3	2,998E+3
708,265	0,194	0,000	1,111E+1	2,400E+1	3,000E+3	3,004E+3
709,266	0,194	0,000	1,112E+1	2,400E+1	3,000E+3	3,006E+3
710,266	0,194	0,000	1,112E+1	2,400E+1	3,000E+3	3,009E+3
711,265	0,193	0,000	1,112E+1	2,400E+1	3,000E+3	3,007E+3
712,267	0,193	0,000	1,112E+1	2,400E+1	3,000E+3	3,002E+3
713,266	0,193	0,000	1,112E+1	2,400E+1	3,000E+3	3,004E+3
714,268	0,193	0,000	1,112E+1	2,400E+1	3,000E+3	2,994E+3
715,267	0,193	0,000	1,112E+1	2,400E+1	3,000E+3	3,003E+3
716,268	0,194	0,000	1,113E+1	2,400E+1	3,000E+3	3,004E+3
717,269	0,193	0,000	1,113E+1	2,400E+1	3,000E+3	3,003E+3
718,269	0,193	0,000	1,112E+1	2,400E+1	3,000E+3	3,001E+3
719,270	0,193	0,000	1,112E+1	2,400E+1	3,000E+3	3,001E+3
720,269	0,193	0,000	1,112E+1	2,400E+1	3,000E+3	2,999E+3
721,271	0,193	0,000	1,113E+1	2,400E+1	3,000E+3	3,006E+3
722,271	0,193	0,000	1,113E+1	2,400E+1	3,000E+3	3,009E+3
723,270	0,194	0,000	1,113E+1	2,400E+1	3,000E+3	3,001E+3
724,271	0,194	0,000	1,113E+1	2,400E+1	3,000E+3	3,000E+3
725,270	0,193	0,000	1,113E+1	2,400E+1	3,000E+3	2,995E+3
726,271	0,193	0,000	1,113E+1	2,400E+1	3,000E+3	3,007E+3
727,270	0,193	0,000	1,113E+1	2,400E+1	3,000E+3	3,004E+3
728,271	0,193	0,000	1,113E+1	2,400E+1	3,000E+3	3,002E+3
729,272	0,193	0,000	1,113E+1	2,400E+1	3,000E+3	3,008E+3
730,271	0,193	0,000	1,113E+1	2,400E+1	3,000E+3	3,000E+3
731,272	0,193	0,000	1,112E+1	2,400E+1	3,000E+3	3,008E+3
732,271	0,193	0,000	1,112E+1	2,400E+1	3,000E+3	3,000E+3
733,272	0,193	0,000	1,115E+1	2,400E+1	3,000E+3	3,004E+3
734,271	0,193	0,000	1,113E+1	2,400E+1	3,000E+3	3,000E+3
735,272	0,193	0,000	1,113E+1	2,400E+1	3,000E+3	3,001E+3
736,271	0,193	0,000	1,113E+1	2,400E+1	3,000E+3	3,004E+3
737,273	0,193	0,000	1,114E+1	2,400E+1	3,000E+3	3,003E+3
738,273	0,193	0,000	1,114E+1	2,400E+1	3,000E+3	3,004E+3
739,273	0,193	0,000	1,114E+1	2,400E+1	3,000E+3	3,000E+3
740,275	0,193	0,000	1,113E+1	2,400E+1	3,000E+3	3,009E+3
741,274	0,193	0,000	1,113E+1	2,400E+1	3,000E+3	3,001E+3
742,275	0,193	0,000	1,113E+1	2,400E+1	3,000E+3	3,000E+3
743,275	0,193	0,000	1,114E+1	2,400E+1	3,000E+3	3,003E+3
744,274	0,193	0,000	1,114E+1	2,400E+1	3,000E+3	3,000E+3
745,275	0,193	0,000	1,114E+1	2,400E+1	3,000E+3	2,998E+3
746,274	0,193	0,000	1,114E+1	2,400E+1	3,000E+3	2,996E+3
747,275	0,193	0,000	1,115E+1	2,400E+1	3,000E+3	2,999E+3
748,274	0,193	0,000	1,115E+1	2,400E+1	3,000E+3	2,993E+3
749,276	0,193	0,000	1,115E+1	2,400E+1	3,000E+3	3,001E+3
750,276	0,193	0,000	1,115E+1	2,400E+1	3,000E+3	3,005E+3
751,275	0,193	0,000	1,114E+1	2,400E+1	3,000E+3	3,005E+3
752,276	0,193	0,000	1,115E+1	2,400E+1	3,000E+3	3,001E+3
753,275	0,193	0,000	1,115E+1	2,400E+1	3,000E+3	3,004E+3
754,276	0,193	0,000	1,115E+1	2,400E+1	3,000E+3	2,990E+3
755,275	0,193	0,000	1,115E+1	2,400E+1	3,000E+3	2,995E+3
756,275	0,193	0,000	1,115E+1	2,400E+1	3,000E+3	2,992E+3
757,276	0,193	0,000	1,115E+1	2,400E+1	3,000E+3	3,000E+3
758,276	0,193	0,000	1,115E+1	2,400E+1	3,000E+3	2,991E+3
759,275	0,193	0,000	1,116E+1	2,400E+1	3,000E+3	3,007E+3
760,276	0,193	0,000	1,116E+1	2,400E+1	3,000E+3	3,005E+3
761,275	0,193	0,000	1,116E+1	2,400E+1	3,000E+3	2,998E+3
762,276	0,193	0,000	1,116E+1	2,400E+1	3,000E+3	2,999E+3
763,275	0,193	0,000	1,116E+1	2,400E+1	3,000E+3	3,001E+3
764,276	0,193	0,000	1,116E+1	2,400E+1	3,000E+3	3,002E+3
765,276	0,193	0,000	1,116E+1	2,400E+1	3,000E+3	3,002E+3
766,275	0,193	0,000	1,116E+1	2,400E+1	3,000E+3	2,992E+3
767,276	0,193	0,000	1,116E+1	2,400E+1	3,000E+3	2,999E+3
768,275	0,193	0,000	1,117E+1	2,400E+1	3,000E+3	2,996E+3
769,276	0,193	0,000	1,117E+1	2,400E+1	3,000E+3	2,998E+3
770,275	0,193	0,000	1,117E+1	2,400E+1	3,000E+3	3,000E+3
771,275	0,193	0,000	1,117E+1	2,400E+1	3,000E+3	2,991E+3
772,276	0,193	0,000	1,117E+1	2,400E+1	3,000E+3	2,997E+3
773,275	0,193	0,000	1,117E+1	2,400E+1	3,000E+3	2,998E+3
774,276	0,193	0,000	1,117E+1	2,400E+1	3,000E+3	3,003E+3
775,275	0,193	0,000	1,117E+1	2,400E+1	3,000E+3	3,001E+3
776,276	0,193	0,000	1,116E+1	2,400E+1	3,000E+3	3,004E+3
777,276	0,193	0,000	1,116E+1	2,400E+1	3,000E+3	3,006E+3
778,275	0,193	0,000	1,117E+1	2,400E+1	3,000E+3	3,001E+3
779,276	0,193	0,000	1,117E+1	2,400E+1	3,000E+3	2,994E+3
780,275	0,193	0,000	1,117E+1	2,400E+1	3,000E+3	2,990E+3
781,276	0,193	0,000	1,117E+1	2,400E+1	3,000E+3	3,010E+3
782,275	0,193	0,000	1,118E+1	2,400E+1	3,000E+3	3,007E+3
783,276	0,193	0,000	1,118E+1	2,400E+1	3,000E+3	3,000E+3
784,276	0,193	0,000	1,118E+1	2,400E+1	3,000E+3	3,004E+3
785,276	0,193	0,000	1,118E+1	2,400E+1	3,000E+3	2,997E+3
786,278	0,193	0,000	1,118E+1	2,400E+1	3,000E+3	2,998E+3
787,277	0,193	0,000	1,118E+1	2,400E+1	3,000E+3	2,994E+3
788,278	0,193	0,000	1,118E+1	2,400E+1	3,000E+3	3,006E+3
789,278	0,193	0,000	1,118E+1	2,400E+1	3,000E+3	3,005E+3
790,279	0,193	0,000	1,118E+1	2,400E+1	3,000E+3	2,994E+3
791,279	0,193	0,000	1,118E+1	2,400E+1	3,000E+3	2,996E+3
792,279	0,193	0,000	1,118E+1	2,400E+1	3,000E+3	2,991E+3
793,280	0,193	0,000	1,118E+1	2,400E+1	3,000E+3	2,988E+3
794,279	0,193	0,000	1,118E+1	2,400E+1	3,000E+3	2,990E+3
795,281	0,193	0,000	1,118E+1	2,400E+1	3,000E+3	2,995E+3
796,281	0,193	0,000	1,118E+1	2,400E+1	3,000E+3	3,001E+3
797,283	0,193	0,000	1,119E+1	2,400E+1	3,000E+3	3,014E+3
798,283	0,193	0,000	1,119E+1	2,400E+1	3,000E+3	3,004E+3
799,282	0,193	0,000	1,119E+1	2,400E+1	3,000E+3	2,999E+3
800,283	0,193	0,000	1,119E+1	2,400E+1	3,000E+3	2,998E+3
801,283	0,193	0,000	1,119E+1	2,400E+1	3,000E+3	3,001E+3
802,283	0,193	0,000	1,119E+1	2,400E+1	3,000E+3	2,991E+3
803,284	0,193	0,000	1,119E+1	2,400E+1	3,000E+3	3,001E+3
804,283	0,193	0,000	1,119E+1	2,400E+1	3,000E+3	2,998E+3
805,284	0,193	0,000	1,118E+1	2,400E+1	3,000E+3	3,010E+3
806,283	0,193	0,000	1,119E+1	2,400E+1	3,000E+3	3,006E+3
807,284	0,193	0,000	1,119E+1	2,400E+1	3,000E+3	3,009E+3
808,284	0,193	0,000	1,120E+1	2,400E+1	3,000E+3	3,009E+3
809,283	0,193	0,000	1,120E+1	2,400E+1	3,000E+3	3,008E+3
810,284	0,193	0,000	1,120E+1	2,400E+1	3,000E+3	3,001E+3
811,284	0,193	0,000	1,120E+1	2,400E+1	3,000E+3	3,004E+3
812,286	0,193	0,000	1,120E+1	2,400E+1	3,000E+3	3,004E+3
813,285	0,193	0,000	1,120E+1	2,400E+1	3,000E+3	2,995E+3
814,285	0,193	0,000	1,120E+1	2,400E+1	3,000E+3	2,997E+3
815,286	0,193	0,000	1,120E+1	2,400E+1	3,000E+3	3,007E+3
816,285	0,193	0,000	1,120E+1	2,400E+1	3,000E+3	3,003E+3
817,286	0,193	0,000	1,120E+1	2,400E+1	3,000E+3	2,998E+3
818,285	0,193	0,000	1,120E+1	2,400E+1	3,000E+3	2,997E+3
819,286	0,193	0,000	1,120E+1	2,400E+1	3,000E+3	3,009E+3
820,286	0,193	0,000	1,120E+1	2,400E+1	3,000E+3	3,002E+3
821,285	0,193	0,000	1,121E+1	2,400E+1	3,000E+3	3,001E+3
822,286	0,193	0,000	1,121E+1	2,400E+1	3,000E+3	2,997E+3
823,285	0,193	0,000	1,121E+1	2,400E+1	3,000E+3	3,000E+3
824,286	0,193	0,000	1,121E+1	2,400E+1	3,000E+3	3,010E+3
825,285	0,193	0,000	1,121E+1	2,400E+1	3,000E+3	2,999E+3
826,286	0,193	0,000	1,121E+1	2,400E+1	3,000E+3	3,010E+3
827,287	0,193	0,000	1,121E+1	2,400E+1	3,000E+3	3,009E+3
828,287	0,193	0,000	1,121E+1	2,400E+1	3,000E+3	2,997E+3
829,289	0,193	0,000	1,122E+1	2,400E+1	3,000E+3	3,000E+3
830,288	0,193	0,000	1,122E+1	2,400E+1	3,000E+3	3,006E+3
831,289	0,193	0,000	1,122E+1	2,400E+1	3,000E+3	3,012E+3
832,289	0,193	0,000	1,121E+1	2,400E+1	3,000E+3	2,992E+3
833,291	0,193	0,000	1,121E+1	2,400E+1	3,000E+3	3,010E+3
834,291	0,193	0,000	1,122E+1	2,400E+1	3,000E+3	3,000E+3
835,290	0,193	0,000	1,122E+1	2,400E+1	3,000E+3	3,006E+3
836,291	0,193	0,000	1,122E+1	2,400E+1	3,000E+3	3,014E+3
837,290	0,193	0,000	1,122E+1	2,400E+1	3,000E+3	3,001E+3
838,292	0,193	0,000	1,122E+1	2,400E+1	3,000E+3	3,001E+3
839,291	0,193	0,000	1,122E+1	2,400E+1	3,000E+3	3,003E+3
840,292	0,193	0,000	1,122E+1	2,400E+1	3,000E+3	3,001E+3
841,293	0,193	0,000	1,122E+1	2,400E+1	3,000E+3	3,013E+3
842,292	0,193	0,000	1,122E+1	2,400E+1	3,000E+3	3,012E+3
843,293	0,193	0,000	1,122E+1	2,400E+1	3,000E+3	3,003E+3
844,292	0,193	0,000	1,123E+1	2,400E+1	3,000E+3	3,004E+3
845,293	0,193	0,000	1,123E+1	2,400E+1	3,000E+3	2,998E+3
846,294	0,193	0,000	1,123E+1	2,400E+1	3,000E+3	3,000E+3
847,293	0,193	0,000	1,122E+1	2,400E+1	3,000E+3	3,003E+3
848,295	0,193	0,000	1,122E+1	2,400E+1	3,000E+3	3,003E+3
849,294	0,193	0,000	1,123E+1	2,400E+1	3,000E+3	2,998E+3
850,295	0,193	0,000	1,123E+1	2,400E+1	3,000E+3	3,000E+3
851,294	0,193	0,000	1,123E+1	2,400E+1	3,000E+3	2,999E+3
852,296	0,193	0,000	1,123E+1	2,400E+1	3,000E+3	2,999E+3
853,296	0,193	0,000	1,123E+1	2,400E+1	3,000E+3	3,011E+3
854,295	0,193	0,000	1,123E+1	2,400E+1	3,000E+3	3,004E+3
855,297	0,193	0,000	1,123E+1	2,400E+1	3,000E+3	2,996E+3
856,297	0,193	0,000	1,123E+1	2,400E+1	3,000E+3	3,001E+3
857,298	0,193	0,000	1,123E+1	2,400E+1	3,000E+3	3,016E+3
858,297	0,193	0,000	1,123E+1	2,400E+1	3,000E+3	3,002E+3
859,298	0,193	0,000	1,124E+1	2,400E+1	3,000E+3	3,006E+3
860,298	0,193	0,000	1,124E+1	2,400E+1	3,000E+3	3,001E+3
861,297	0,193	0,000	1,124E+1	2,400E+1	3,000E+3	3,003E+3
862,298	0,193	0,000	1,124E+1	2,400E+1	3,000E+3	3,011E+3
863,298	0,193	0,000	1,124E+1	2,400E+1	3,000E+3	2,994E+3
864,299	0,193	0,000	1,124E+1	2,400E+1	3,000E+3	3,009E+3
865,298	0,193	0,000	1,124E+1	2,400E+1	3,000E+3	2,998E+3
866,300	0,193	0,000	1,124E+1	2,400E+1	3,000E+3	3,005E+3
867,300	0,193	0,000	1,124E+1	2,400E+1	3,000E+3	3,001E+3
868,299	0,193	0,000	1,124E+1	2,400E+1	3,000E+3	2,997E+3
869,300	0,193	0,000	1,124E+1	2,400E+1	3,000E+3	3,007E+3
870,299	0,193	0,000	1,125E+1	2,400E+1	3,000E+3	2,993E+3
871,300	0,193	0,000	1,125E+1	2,400E+1	3,000E+3	3,002E+3
872,300	0,193	0,000	1,125E+1	2,400E+1	3,000E+3	2,997E+3
873,299	0,193	0,000	1,125E+1	2,400E+1	3,000E+3	3,003E+3
874,300	0,193	0,000	1,125E+1	2,400E+1	3,000E+3	3,005E+3
875,299	0,193	0,000	1,125E+1	2,400E+1	3,000E+3	3,001E+3
876,301	0,193	0,000	1,125E+1	2,400E+1	3,000E+3	2,997E+3
877,300	0,193	0,000	1,125E+1	2,400E+1	3,000E+3	3,003E+3
878,302	0,193	0,000	1,125E+1	2,400E+1	3,000E+3	2,996E+3
879,301	0,193	0,000	1,125E+1	2,400E+1	3,000E+3	2,994E+3
880,302	0,193	0,000	1,125E+1	2,400E+1	3,000E+3	3,003E+3
881,302	0,193	0,000	1,125E+1	2,400E+1	3,000E+3	3,009E+3
882,301	0,193	0,000	1,125E+1	2,400E+1	3,000E+3	2,995E+3
883,302	0,193	0,000	1,125E+1	2,400E+1	3,000E+3	3,007E+3
884,301	0,193	0,000	1,125E+1	2,400E+1	3,000E+3	3,012E+3
885,302	0,193	0,000	1,125E+1	2,400E+1	3,000E+3	3,001E+3
886,303	0,193	0,000	1,126E+1	2,400E+1	3,000E+3	2,994E+3
887,304	0,193	0,000	1,126E+1	2,400E+1	3,000E+3	3,002E+3
888,304	0,193	0,000	1,126E+1	2,400E+1	3,000E+3	3,000E+3
889,303	0,193	0,000	1,126E+1	2,400E+1	3,000E+3	2,997E+3
890,304	0,193	0,000	1,127E+1	2,400E+1	3,000E+3	2,998E+3
891,303	0,193	0,000	1,127E+1	2,400E+1	3,000E+3	3,001E+3
892,304	0,193	0,000	1,127E+1	2,400E+1	3,000E+3	2,997E+3
893,304	0,193	0,000	1,127E+1	2,400E+1	3,000E+3	3,004E+3
894,303	0,193	0,000	1,127E+1	2,400E+1	3,000E+3	3,012E+3
895,304	0,193	0,000	1,126E+1	2,400E+1	3,000E+3	2,996E+3
896,303	0,193	0,000	1,126E+1	2,400E+1	3,000E+3	3,000E+3
897,304	0,193	0,000	1,126E+1	2,400E+1	3,000E+3	2,999E+3
898,303	0,193	0,000	1,126E+1	2,400E+1	3,000E+3	3,003E+3
899,304	0,193	0,000	1,126E+1	2,400E+1	3,000E+3	3,007E+3
900,303	0,193	0,000	1,127E+1	2,400E+1	3,000E+3	3,009E+3
901,304	0,193	0,000	1,127E+1	2,400E+1	3,000E+3	3,001E+3
902,303	0,193	0,000	1,127E+1	2,400E+1	3,000E+3	3,001E+3
903,304	0,193	0,000	1,127E+1	2,400E+1	3,000E+3	2,995E+3
904,303	0,193	0,000	1,127E+1	2,400E+1	3,000E+3	3,006E+3
905,304	0,193	0,000	1,126E+1	2,400E+1	3,000E+3	3,002E+3
906,304	0,193	0,000	1,126E+1	2,400E+1	3,000E+3	3,000E+3
907,303	0,193	0,000	1,128E+1	2,400E+1	3,000E+3	2,999E+3
908,304	0,193	0,000	1,128E+1	2,400E+1	3,000E+3	3,003E+3
909,303	0,193	0,000	1,128E+1	2,400E+1	3,000E+3	3,002E+3
910,304	0,193	0,000	1,127E+1	2,400E+1	3,000E+3	3,000E+3
911,303	0,193	0,000	1,127E+1	2,400E+1	3,000E+3	3,001E+3
912,305	0,193	0,000	1,127E+1	2,400E+1	3,000E+3	3,001E+3
913,306	0,193	0,000	1,128E+1	2,400E+1	3,000E+3	3,000E+3
914,305	0,193	0,000	1,128E+1	2,400E+1	3,000E+3	3,001E+3
915,306	0,193	0,000	1,128E+1	2,400E+1	3,000E+3	3,015E+3
916,305	0,193	0,000	1,127E+1	2,400E+1	3,000E+3	3,009E+3
917,306	0,193	0,000	1,128E+1	2,400E+1	3,000E+3	3,001E+3
918,305	0,193	0,000	1,128E+1	2,400E+1	3,000E+3	3,009E+3
919,307	0,193	0,000	1,128E+1	2,400E+1	3,000E+3	3,002E+3
920,307	0,193	0,000	1,128E+1	2,400E+1	3,000E+3	2,999E+3
921,306	0,193	0,000	1,128E+1	2,400E+1	3,000E+3	3,010E+3
922,306	0,193	0,000	1,128E+1	2,400E+1	3,000E+3	3,000E+3
923,307	0,193	0,000	1,128E+1	2,400E+1	3,000E+3	3,001E+3
924,306	0,193	0,000	1,128E+1	2,400E+1	3,000E+3	2,990E+3
925,307	0,193	0,000	1,129E+1	2,400E+1	3,000E+3	3,002E+3
926,307	0,193	0,000	1,129E+1	2,400E+1	3,000E+3	3,000E+3
927,309	0,193	0,000	1,129E+1	2,400E+1	3,000E+3	2,992E+3
928,308	0,193	0,000	1,128E+1	2,400E+1	3,000E+3	3,003E+3
929,309	0,193	0,000	1,129E+1	2,400E+1	3,000E+3	3,006E+3
930,309	0,193	0,000	1,129E+1	2,400E+1	3,000E+3	3,005E+3
931,309	0,193	0,000	1,128E+1	2,400E+1	3,000E+3	3,000E+3
932,309	0,193	0,000	1,128E+1	2,400E+1	3,000E+3	2,995E+3
933,309	0,193	0,000	1,129E+1	2,400E+1	3,000E+3	3,003E+3
934,309	0,193	0,000	1,128E+1	2,400E+1	3,000E+3	3,002E+3
935,310	0,193	0,000	1,130E+1	2,400E+1	3,000E+3	3,003E+3
936,309	0,193	0,000	1,130E+1	2,400E+1	3,000E+3	3,004E+3
937,310	0,193	0,000	1,130E+1	2,400E+1	3,000E+3	3,010E+3
938,311	0,193	0,000	1,129E+1	2,400E+1	3,000E+3	2,995E+3
939,310	0,193	0,000	1,129E+1	2,400E+1	3,000E+3	3,005E+3
940,311	0,193	0,000	1,129E+1	2,400E+1	3,000E+3	3,005E+3
941,311	0,193	0,000	1,130E+1	2,400E+1	3,000E+3	2,999E+3
942,312	0,193	0,000	1,130E+1	2,400E+1	3,000E+3	2,999E+3
943,312	0,193	0,000	1,130E+1	2,400E+1	3,000E+3	2,996E+3
944,313	0,193	0,000	1,130E+1	2,400E+1	3,000E+3	3,000E+3
945,313	0,193	0,000	1,130E+1	2,400E+1	3,000E+3	2,991E+3
946,312	0,193	0,000	1,130E+1	2,400E+1	3,000E+3	2,993E+3
947,313	0,193	0,000	1,130E+1	2,400E+1	3,000E+3	3,000E+3
948,312	0,193	0,000	1,130E+1	2,400E+1	3,000E+3	2,995E+3
949,313	0,193	0,000	1,130E+1	2,400E+1	3,000E+3	3,002E+3
950,312	0,193	0,000	1,130E+1	2,400E+1	3,000E+3	3,012E+3
951,314	0,193	0,000	1,130E+1	2,400E+1	3,000E+3	2,992E+3
952,314	0,193	0,000	1,131E+1	2,400E+1	3,000E+3	2,997E+3
953,314	0,193	0,000	1,130E+1	2,400E+1	3,000E+3	3,001E+3
954,315	0,193	0,000	1,130E+1	2,400E+1	3,000E+3	3,006E+3
955,314	0,193	0,000	1,130E+1	2,400E+1	3,000E+3	3,008E+3
956,315	0,193	0,000	1,130E+1	2,400E+1	3,000E+3	2,989E+3
957,315	0,193	0,000	1,131E+1	2,400E+1	3,000E+3	3,000E+3
958,316	0,193	0,000	1,131E+1	2,400E+1	3,000E+3	2,995E+3
959,315	0,193	0,000	1,131E+1	2,400E+1	3,000E+3	2,990E+3
960,316	0,193	0,000	1,131E+1	2,400E+1	3,000E+3	3,000E+3
961,316	0,193	0,000	1,131E+1	2,400E+1	3,000E+3	3,001E+3
962,315	0,193	0,000	1,131E+1	2,400E+1	3,000E+3	3,005E+3
963,316	0,193	0,000	1,132E+1	2,400E+1	3,000E+3	3,003E+3
964,316	0,193	0,000	1,131E+1	2,400E+1	3,000E+3	3,001E+3
965,318	0,192	0,000	1,131E+1	2,400E+1	3,000E+3	3,003E+3
966,318	0,192	0,000	1,130E+1	2,400E+1	3,000E+3	3,000E+3
967,317	0,193	0,000	1,132E+1	2,400E+1	3,000E+3	2,999E+3
968,318	0,193	0,000	1,132E+1	2,400E+1	3,000E+3	3,001E+3
969,318	0,193	0,000	1,132E+1	2,400E+1	3,000E+3	3,006E+3
970,319	0,193	0,000	1,131E+1	2,400E+1	3,000E+3	2,994E+3
971,318	0,193	0,000	1,132E+1	2,400E+1	3,000E+3	3,005E+3
972,319	0,193	0,000	1,132E+1	2,400E+1	3,000E+3	3,003E+3
973,319	0,192	0,000	1,131E+1	2,400E+1	3,000E+3	2,999E+3
974,318	0,192	0,000	1,131E+1	2,400E+1	3,000E+3	2,997E+3
975,319	0,192	0,000	1,132E+1	2,400E+1	3,000E+3	3,009E+3
976,318	0,192	0,000	1,132E+1	2,400E+1	3,000E+3	3,007E+3
977,319	0,192	0,000	1,131E+1	2,400E+1	3,000E+3	3,008E+3
978,319	0,192	0,000	1,131E+1	2,400E+1	3,000E+3	3,010E+3
979,320	0,192	0,000	1,133E+1	2,400E+1	3,000E+3	2,991E+3
980,320	0,193	0,000	1,133E+1	2,400E+1	3,000E+3	2,997E+3
981,322	0,193	0,000	1,133E+1	2,400E+1	3,000E+3	3,002E+3
982,321	0,192	0,000	1,132E+1	2,400E+1	3,000E+3	3,003E+3
983,322	0,192	0,000	1,132E+1	2,400E+1	3,000E+3	3,004E+3
984,321	0,192	0,000	1,132E+1	2,400E+1	3,000E+3	2,998E+3
985,321	0,193	0,000	1,133E+1	2,400E+1	3,000E+3	3,002E+3
986,323	0,192	0,000	1,132E+1	2,400E+1	3,000E+3	3,007E+3
987,322	0,192	0,000	1,132E+1	2,400E+1	3,000E+3	2,999E+3
988,323	0,192	0,000	1,132E+1	2,400E+1	3,000E+3	3,000E+3
989,323	0,192	0,000	1,133E+1	2,400E+1	3,000E+3	3,000E+3
990,325	0,192	0,000	1,133E+1	2,400E+1	3,000E+3	3,001E+3
991,324	0,192	0,000	1,133E+1	2,400E+1	3,000E+3	2,997E+3
992,324	0,192	0,000	1,133E+1	2,400E+1	3,000E+3	2,998E+3
993,325	0,192	0,000	1,133E+1	2,400E+1	3,000E+3	3,010E+3
994,324	0,192	0,000	1,133E+1	2,400E+1	3,000E+3	3,004E+3
995,325	0,193	0,000	1,134E+1	2,400E+1	3,000E+3	3,004E+3
996,324	0,193	0,000	1,134E+1	2,400E+1	3,000E+3	2,999E+3
997,325	0,192	0,000	1,133E+1	2,400E+1	3,000E+3	2,995E+3
998,325	0,192	0,000	1,133E+1	2,400E+1	3,000E+3	3,001E+3
999,324	0,192	0,000	1,133E+1	2,400E+1	3,000E+3	3,010E+3
1000,326	0,192	0,000	1,133E+1	2,400E+1	3,000E+3	3,003E+3
1001,325	0,192	0,000	1,133E+1	2,400E+1	3,000E+3	2,998E+3
1002,326	0,192	0,000	1,133E+1	2,400E+1	3,000E+3	3,003E+3
1003,325	0,192	0,000	1,133E+1	2,400E+1	3,000E+3	2,995E+3
1004,326	0,192	0,000	1,134E+1	2,400E+1	3,000E+3	3,002E+3
1005,326	0,192	0,000	1,134E+1	2,400E+1	3,000E+3	3,003E+3
1006,325	0,192	0,000	1,134E+1	2,400E+1	3,000E+3	3,006E+3
1007,326	0,192	0,000	1,134E+1	2,400E+1	3,000E+3	2,996E+3
1008,325	0,192	0,000	1,134E+1	2,400E+1	3,000E+3	3,029E+3
1009,327	0,192	0,000	1,134E+1	2,400E+1	3,000E+3	2,996E+3
1010,326	0,192	0,000	1,134E+1	2,400E+1	3,000E+3	3,015E+3
1011,328	0,192	0,000	1,134E+1	2,400E+1	3,000E+3	3,000E+3
1012,328	0,192	0,000	1,134E+1	2,400E+1	3,000E+3	2,998E+3
1013,327	0,192	0,000	1,134E+1	2,400E+1	3,000E+3	3,007E+3
1014,328	0,192	0,000	1,134E+1	2,400E+1	3,000E+3	3,003E+3
1015,327	0,192	0,000	1,134E+1	2,400E+1	3,000E+3	3,010E+3
1016,328	0,192	0,000	1,134E+1	2,400E+1	3,000E+3	3,010E+3
1017,327	0,192	0,000	1,135E+1	2,400E+1	3,000E+3	3,001E+3
1018,328	0,192	0,000	1,135E+1	2,400E+1	3,000E+3	3,000E+3
1019,328	0,192	0,000	1,135E+1	2,400E+1	3,000E+3	3,003E+3
1020,328	0,192	0,000	1,135E+1	2,400E+1	3,000E+3	2,994E+3
1021,329	0,192	0,000	1,135E+1	2,400E+1	3,000E+3	3,003E+3
1022,328	0,192	0,000	1,135E+1	2,400E+1	3,000E+3	2,992E+3
1023,330	0,192	0,000	1,135E+1	2,400E+1	3,000E+3	2,998E+3
1024,329	0,192	0,000	1,135E+1	2,400E+1	3,000E+3	2,995E+3
1025,331	0,192	0,000	1,135E+1	2,400E+1	3,000E+3	2,998E+3
1026,331	0,192	0,000	1,135E+1	2,400E+1	3,000E+3	2,998E+3
1027,331	0,192	0,000	1,135E+1	2,400E+1	3,000E+3	3,007E+3
1028,332	0,192	0,000	1,135E+1	2,400E+1	3,000E+3	3,001E+3
1029,331	0,192	0,000	1,135E+1	2,400E+1	3,000E+3	3,001E+3
1030,332	0,192	0,000	1,135E+1	2,400E+1	3,000E+3	3,003E+3
1031,333	0,192	0,000	1,135E+1	2,400E+1	3,000E+3	3,010E+3
1032,332	0,192	0,000	1,135E+1	2,400E+1	3,000E+3	2,997E+3
1033,333	0,192	0,000	1,135E+1	2,400E+1	3,000E+3	3,010E+3
1034,332	0,192	0,000	1,136E+1	2,400E+1	3,000E+3	3,001E+3
1035,334	0,192	0,000	1,135E+1	2,400E+1	3,000E+3	3,000E+3
1036,333	0,192	0,000	1,135E+1	2,400E+1	3,000E+3	3,005E+3
1037,335	0,192	0,000	1,136E+1	2,400E+1	3,000E+3	3,000E+3
1038,336	0,192	0,000	1,136E+1	2,400E+1	3,000E+3	3,003E+3
1039,336	0,192	0,000	1,136E+1	2,400E+1	3,000E+3	3,003E+3
1040,338	0,192	0,000	1,136E+1	2,400E+1	3,000E+3	3,008E+3
1041,337	0,192	0,000	1,136E+1	2,400E+1	3,000E+3	3,000E+3
1042,338	0,192	0,000	1,136E+1	2,400E+1	3,000E+3	3,003E+3
1043,337	0,192	0,000	1,136E+1	2,400E+1	3,000E+3	3,000E+3
1044,338	0,192	0,000	1,137E+1	2,400E+1	3,000E+3	2,995E+3
1045,339	0,192	0,000	1,137E+1	2,400E+1	3,000E+3	3,001E+3
1046,339	0,192	0,000	1,136E+1	2,400E+1	3,000E+3	3,003E+3
1047,340	0,192	0,000	1,137E+1	2,400E+1	3,000E+3	2,992E+3
1048,340	0,192	0,000	1,137E+1	2,400E+1	3,000E+3	3,002E+3
1049,341	0,192	0,000	1,137E+1	2,400E+1	3,000E+3	2,999E+3
1050,341	0,192	0,000	1,137E+1	2,400E+1	3,000E+3	3,001E+3
1051,341	0,192	0,000	1,137E+1	2,400E+1	3,000E+3	3,004E+3
1052,342	0,192	0,000	1,137E+1	2,400E+1	3,000E+3	3,007E+3
1053,341	0,192	0,000	1,137E+1	2,400E+1	3,000E+3	3,004E+3
1054,342	0,192	0,000	1,137E+1	2,400E+1	3,000E+3	3,008E+3
1055,341	0,192	0,000	1,137E+1	2,400E+1	3,000E+3	3,003E+3
1056,343	0,192	0,000	1,138E+1	2,400E+1	3,000E+3	3,000E+3
1057,342	0,192	0,000	1,138E+1	2,400E+1	3,000E+3	3,007E+3
1058,342	0,192	0,000	1,137E+1	2,400E+1	3,000E+3	3,000E+3
1059,343	0,192	0,000	1,137E+1	2,400E+1	3,000E+3	3,001E+3
1060,342	0,192	0,000	1,137E+1	2,400E+1	3,000E+3	3,003E+3
1061,344	0,192	0,000	1,137E+1	2,400E+1	3,000E+3	3,000E+3
1062,343	0,192	0,000	1,137E+1	2,400E+1	3,000E+3	2,998E+3
1063,344	0,192	0,000	1,137E+1	2,400E+1	3,000E+3	3,002E+3
1064,345	0,192	0,000	1,137E+1	2,400E+1	3,000E+3	3,000E+3
1065,344	0,192	0,000	1,137E+1	2,400E+1	3,000E+3	3,005E+3
1066,345	0,192	0,000	1,137E+1	2,400E+1	3,000E+3	3,000E+3
1067,344	0,192	0,000	1,138E+1	2,400E+1	3,000E+3	3,003E+3
1068,345	0,192	0,000	1,137E+1	2,400E+1	3,000E+3	3,009E+3
1069,345	0,192	0,000	1,137E+1	2,400E+1	3,000E+3	2,998E+3
1070,346	0,192	0,000	1,138E+1	2,400E+1	3,000E+3	2,995E+3
1071,346	0,192	0,000	1,138E+1	2,400E+1	3,000E+3	2,998E+3
1072,345	0,192	0,000	1,138E+1	2,400E+1	3,000E+3	3,000E+3
1073,346	0,192	0,000	1,138E+1	2,400E+1	3,000E+3	3,004E+3
1074,345	0,192	0,000	1,138E+1	2,400E+1	3,000E+3	3,003E+3
1075,346	0,192	0,000	1,138E+1	2,400E+1	3,000E+3	2,998E+3
1076,345	0,192	0,000	1,138E+1	2,400E+1	3,000E+3	2,995E+3
1077,346	0,192	0,000	1,138E+1	2,400E+1	3,000E+3	3,007E+3
1078,346	0,192	0,000	1,138E+1	2,400E+1	3,000E+3	3,003E+3
1079,345	0,192	0,000	1,139E+1	2,400E+1	3,000E+3	3,003E+3
1080,346	0,192	0,000	1,139E+1	2,400E+1	3,000E+3	3,000E+3
1081,346	0,192	0,000	1,138E+1	2,400E+1	3,000E+3	3,003E+3
1082,345	0,192	0,000	1,138E+1	2,400E+1	3,000E+3	3,012E+3
1083,346	0,192	0,000	1,138E+1	2,400E+1	3,000E+3	3,003E+3
1084,345	0,192	0,000	1,138E+1	2,400E+1	3,000E+3	2,998E+3
1085,347	0,192	0,000	1,138E+1	2,400E+1	3,000E+3	3,003E+3
1086,346	0,192	0,000	1,138E+1	2,400E+1	3,000E+3	2,998E+3
1087,347	0,192	0,000	1,138E+1	2,400E+1	3,000E+3	3,010E+3
1088,346	0,192	0,000	1,139E+1	2,400E+1	3,000E+3	3,004E+3
1089,348	0,192	0,000	1,139E+1	2,400E+1	3,000E+3	3,003E+3
1090,349	0,192	0,000	1,139E+1	2,400E+1	3,000E+3	2,996E+3
1091,349	0,192	0,000	1,139E+1	2,400E+1	3,000E+3	3,001E+3
1092,349	0,192	0,000	1,139E+1	2,400E+1	3,000E+3	3,000E+3
1093,348	0,192	0,000	1,139E+1	2,400E+1	3,000E+3	2,995E+3
1094,349	0,192	0,000	1,139E+1	2,400E+1	3,000E+3	2,996E+3
1095,348	0,192	0,000	1,138E+1	2,400E+1	3,000E+3	3,001E+3
1096,349	0,192	0,000	1,140E+1	2,400E+1	3,000E+3	2,996E+3
1097,349	0,192	0,000	1,140E+1	2,400E+1	3,000E+3	3,007E+3
1098,348	0,192	0,000	1,138E+1	2,400E+1	3,000E+3	2,995E+3
1099,350	0,192	0,000	1,139E+1	2,400E+1	3,000E+3	3,014E+3
1100,349	0,192	0,000	1,139E+1	2,400E+1	3,000E+3	3,000E+3
1101,350	0,192	0,000	1,140E+1	2,400E+1	3,000E+3	3,015E+3
1102,352	0,192	0,000	1,139E+1	2,400E+1	3,000E+3	3,012E+3
1103,352	0,192	0,000	1,139E+1	2,400E+1	3,000E+3	3,002E+3
1104,353	0,192	0,000	1,139E+1	2,400E+1	3,000E+3	3,012E+3
1105,353	0,192	0,000	1,140E+1	2,400E+1	3,000E+3	2,998E+3
1106,352	0,192	0,000	1,140E+1	2,400E+1	3,000E+3	3,013E+3
1107,353	0,192	0,000	1,140E+1	2,400E+1	3,000E+3	3,000E+3
1108,352	0,192	0,000	1,139E+1	2,400E+1	3,000E+3	3,002E+3
1109,353	0,192	0,000	1,139E+1	2,400E+1	3,000E+3	3,006E+3
1110,352	0,192	0,000	1,140E+1	2,400E+1	3,000E+3	3,001E+3
1111,354	0,192	0,000	1,140E+1	2,400E+1	3,000E+3	3,003E+3
1112,354	0,192	0,000	1,140E+1	2,400E+1	3,000E+3	3,003E+3
1113,353	0,192	0,000	1,140E+1	2,400E+1	3,000E+3	3,003E+3
1114,354	0,192	0,000	1,140E+1	2,400E+1	3,000E+3	2,997E+3
1115,354	0,192	0,000	1,140E+1	2,400E+1	3,000E+3	3,001E+3
1116,355	0,192	0,000	1,141E+1	2,400E+1	3,000E+3	3,000E+3
1117,355	0,192	0,000	1,141E+1	2,400E+1	3,000E+3	2,998E+3
1118,357	0,192	0,000	1,141E+1	2,400E+1	3,000E+3	3,000E+3
1119,357	0,192	0,000	1,141E+1	2,400E+1	3,000E+3	3,000E+3
1120,356	0,192	0,000	1,140E+1	2,400E+1	3,000E+3	3,003E+3
1121,357	0,192	0,000	1,140E+1	2,400E+1	3,000E+3	2,999E+3
1122,357	0,192	0,000	1,141E+1	2,400E+1	3,000E+3	3,001E+3
1123,356	0,192	0,000	1,141E+1	2,400E+1	3,000E+3	3,006E+3
1124,357	0,192	0,000	1,141E+1	2,400E+1	3,000E+3	3,009E+3
1125,356	0,192	0,000	1,141E+1	2,400E+1	3,000E+3	3,003E+3
1126,357	0,192	0,000	1,142E+1	2,400E+1	3,000E+3	2,996E+3
1127,356	0,192	0,000	1,142E+1	2,400E+1	3,000E+3	3,004E+3
1128,357	0,192	0,000	1,141E+1	2,400E+1	3,000E+3	2,999E+3
1129,357	0,192	0,000	1,142E+1	2,400E+1	3,000E+3	3,006E+3
1130,356	0,192	0,000	1,142E+1	2,400E+1	3,000E+3	2,999E+3
1131,356	0,192	0,000	1,141E+1	2,400E+1	3,000E+3	2,999E+3
1132,358	0,192	0,000	1,141E+1	2,400E+1	3,000E+3	3,015E+3
1133,358	0,192	0,000	1,141E+1	2,400E+1	3,000E+3	3,007E+3
1134,357	0,192	0,000	1,141E+1	2,400E+1	3,000E+3	2,996E+3
1135,358	0,192	0,000	1,142E+1	2,400E+1	3,000E+3	2,992E+3
1136,357	0,192	0,000	1,142E+1	2,400E+1	3,000E+3	3,000E+3
1137,358	0,192	0,000	1,141E+1	2,400E+1	3,000E+3	3,001E+3
1138,358	0,192	0,000	1,142E+1	2,400E+1	3,000E+3	3,004E+3
1139,359	0,192	0,000	1,142E+1	2,400E+1	3,000E+3	3,002E+3
1140,359	0,192	0,000	1,142E+1	2,400E+1	3,000E+3	3,001E+3
1141,360	0,192	0,000	1,142E+1	2,400E+1	3,000E+3	2,998E+3
1142,360	0,192	0,000	1,142E+1	2,400E+1	3,000E+3	3,003E+3
1143,360	0,192	0,000	1,142E+1	2,400E+1	3,000E+3	3,003E+3
1144,361	0,192	0,000	1,141E+1	2,400E+1	3,000E+3	2,997E+3
1145,360	0,192	0,000	1,141E+1	2,400E+1	3,000E+3	3,001E+3
1146,361	0,192	0,000	1,142E+1	2,400E+1	3,000E+3	2,993E+3
1147,360	0,192	0,000	1,143E+1	2,400E+1	3,000E+3	3,002E+3
1148,360	0,192	0,000	1,143E+1	2,400E+1	3,000E+3	2,996E+3
1149,361	0,192	0,000	1,142E+1	2,400E+1	3,000E+3	2,999E+3
1150,360	0,192	0,000	1,141E+1	2,400E+1	3,000E+3	2,997E+3
1151,361	0,192	0,000	1,141E+1	2,400E+1	3,000E+3	3,003E+3
1152,361	0,192	0,000	1,142E+1	2,400E+1	3,000E+3	2,994E+3
1153,362	0,192	0,000	1,143E+1	2,400E+1	3,000E+3	2,995E+3
1154,362	0,192	0,000	1,143E+1	2,400E+1	3,000E+3	2,999E+3
1155,363	0,192	0,000	1,142E+1	2,400E+1	3,000E+3	2,998E+3
1156,364	0,192	0,000	1,143E+1	2,400E+1	3,000E+3	3,012E+3
1157,363	0,192	0,000	1,143E+1	2,400E+1	3,000E+3	2,999E+3
1158,364	0,192	0,000	1,142E+1	2,400E+1	3,000E+3	3,001E+3
1159,363	0,192	0,000	1,143E+1	2,400E+1	3,000E+3	3,011E+3
1160,364	0,192	0,000	1,143E+1	2,400E+1	3,000E+3	2,999E+3
1161,364	0,192	0,000	1,142E+1	2,400E+1	3,000E+3	2,996E+3
1162,364	0,192	0,000	1,142E+1	2,400E+1	3,000E+3	3,001E+3
1163,365	0,192	0,000	1,142E+1	2,400E+1	3,000E+3	3,001E+3
1164,365	0,192	0,000	1,142E+1	2,400E+1	3,000E+3	3,000E+3
1165,367	0,192	0,000	1,143E+1	2,400E+1	3,000E+3	3,000E+3
1166,367	0,192	0,000	1,143E+1	2,400E+1	3,000E+3	3,001E+3
1167,368	0,192	0,000	1,143E+1	2,400E+1	3,000E+3	3,003E+3
1168,368	0,192	0,000	1,143E+1	2,400E+1	3,000E+3	3,007E+3
1169,367	0,192	0,000	1,143E+1	2,400E+1	3,000E+3	3,009E+3
1170,369	0,192	0,000	1,144E+1	2,400E+1	3,000E+3	2,998E+3
1171,368	0,192	0,000	1,144E+1	2,400E+1	3,000E+3	2,995E+3
1172,369	0,192	0,000	1,144E+1	2,400E+1	3,000E+3	3,001E+3
1173,369	0,192	0,000	1,144E+1	2,400E+1	3,000E+3	3,005E+3
1174,370	0,192	0,000	1,143E+1	2,400E+1	3,000E+3	2,998E+3
1175,371	0,192	0,000	1,144E+1	2,400E+1	3,000E+3	3,006E+3
1176,370	0,192	0,000	1,144E+1	2,400E+1	3,000E+3	3,000E+3
1177,371	0,192	0,000	1,143E+1	2,400E+1	3,000E+3	2,998E+3
1178,370	0,192	0,000	1,144E+1	2,400E+1	3,000E+3	2,994E+3
1179,371	0,192	0,000	1,144E+1	2,400E+1	3,000E+3	2,989E+3
1180,371	0,192	0,000	1,145E+1	2,400E+1	3,000E+3	2,993E+3
1181,372	0,192	0,000	1,145E+1	2,400E+1	3,000E+3	3,013E+3
1182,372	0,192	0,000	1,145E+1	2,400E+1	3,000E+3	2,997E+3
1183,371	0,192	0,000	1,145E+1	2,400E+1	3,000E+3	3,006E+3
1184,372	0,192	0,000	1,145E+1	2,400E+1	3,000E+3	2,995E+3
1185,371	0,192	0,000	1,145E+1	2,400E+1	3,000E+3	3,001E+3
1186,372	0,192	0,000	1,145E+1	2,400E+1	3,000E+3	2,990E+3
1187,372	0,192	0,000	1,144E+1	2,400E+1	3,000E+3	3,000E+3
1188,371	0,192	0,000	1,144E+1	2,400E+1	3,000E+3	3,003E+3
1189,372	0,192	0,000	1,144E+1	2,400E+1	3,000E+3	2,997E+3
1190,372	0,192	0,000	1,144E+1	2,400E+1	3,000E+3	2,998E+3
1191,374	0,192	0,000	1,144E+1	2,400E+1	3,000E+3	3,008E+3
1192,373	0,192	0,000	1,145E+1	2,400E+1	3,000E+3	3,004E+3
1193,374	0,192	0,000	1,145E+1	2,400E+1	3,000E+3	2,991E+3
1194,374	0,192	0,000	1,145E+1	2,400E+1	3,000E+3	2,995E+3
1195,374	0,192	0,000	1,145E+1	2,400E+1	3,000E+3	3,003E+3
1196,376	0,192	0,000	1,145E+1	2,400E+1	3,000E+3	3,003E+3
1197,376	0,192	0,000	1,145E+1	2,400E+1	3,000E+3	2,993E+3
1198,378	0,192	0,000	1,145E+1	2,400E+1	3,000E+3	3,004E+3
1199,377	0,192	0,000	1,145E+1	2,400E+1	3,000E+3	3,007E+3
1200,379	0,192	0,000	1,145E+1	2,400E+1	3,000E+3	2,999E+3
1201,378	0,192	0,000	1,145E+1	2,400E+1	3,000E+3	2,995E+3
1202,379	0,192	0,000	1,145E+1	2,400E+1	3,000E+3	2,995E+3
1203,378	0,192	0,000	1,145E+1	2,400E+1	3,000E+3	2,995E+3
1204,380	0,192	0,000	1,145E+1	2,400E+1	3,000E+3	2,999E+3
1205,380	0,192	0,000	1,145E+1	2,400E+1	3,000E+3	2,995E+3
1206,379	0,192	0,000	1,145E+1	2,400E+1	3,000E+3	2,993E+3
1207,381	0,192	0,000	1,145E+1	2,400E+1	3,000E+3	3,003E+3
1208,380	0,192	0,000	1,145E+1	2,400E+1	3,000E+3	2,998E+3
1209,381	0,192	0,000	1,145E+1	2,400E+1	3,000E+3	2,997E+3
1210,381	0,192	0,000	1,145E+1	2,400E+1	3,000E+3	3,005E+3
1211,383	0,192	0,000	1,145E+1	2,400E+1	3,000E+3	3,000E+3
1212,383	0,192	0,000	1,145E+1	2,400E+1	3,000E+3	2,996E+3
1213,382	0,192	0,000	1,145E+1	2,400E+1	3,000E+3	3,007E+3
1214,383	0,192	0,000	1,146E+1	2,400E+1	3,000E+3	3,001E+3
1215,383	0,192	0,000	1,146E+1	2,400E+1	3,000E+3	3,003E+3
1216,384	0,192	0,000	1,145E+1	2,400E+1	3,000E+3	3,003E+3
1217,385	0,192	0,000	1,145E+1	2,400E+1	3,000E+3	2,998E+3
1218,386	0,192	0,000	1,145E+1	2,400E+1	3,000E+3	2,997E+3
1219,386	0,192	0,000	1,146E+1	2,400E+1	3,000E+3	2,995E+3
1220,386	0,192	0,000	1,146E+1	2,400E+1	3,000E+3	2,997E+3
1221,388	0,192	0,000	1,146E+1	2,400E+1	3,000E+3	2,998E+3
1222,387	0,192	0,000	1,146E+1	2,400E+1	3,000E+3	2,992E+3
1223,388	0,192	0,000	1,146E+1	2,400E+1	3,000E+3	3,010E+3
1224,389	0,192	0,000	1,146E+1	2,400E+1	3,000E+3	3,000E+3
1225,388	0,192	0,000	1,146E+1	2,400E+1	3,000E+3	2,998E+3
1226,390	0,192	0,000	1,146E+1	2,400E+1	3,000E+3	2,999E+3
1227,390	0,192	0,000	1,146E+1	2,400E+1	3,000E+3	2,999E+3
1228,391	0,192	0,000	1,146E+1	2,400E+1	3,000E+3	2,998E+3
1229,390	0,192	0,000	1,146E+1	2,400E+1	3,000E+3	2,994E+3
1230,391	0,192	0,000	1,146E+1	2,400E+1	3,000E+3	3,005E+3
1231,391	0,192	0,000	1,146E+1	2,400E+1	3,000E+3	2,998E+3
1232,390	0,192	0,000	1,146E+1	2,400E+1	3,000E+3	2,998E+3
1233,391	0,192	0,000	1,146E+1	2,400E+1	3,000E+3	2,988E+3
1234,390	0,192	0,000	1,146E+1	2,400E+1	3,000E+3	2,997E+3
1235,391	0,192	0,000	1,147E+1	2,400E+1	3,000E+3	3,003E+3
1236,390	0,192	0,000	1,147E+1	2,400E+1	3,000E+3	3,008E+3
1237,391	0,192	0,000	1,147E+1	2,400E+1	3,000E+3	2,992E+3
1238,392	0,192	0,000	1,147E+1	2,400E+1	3,000E+3	2,998E+3
1239,391	0,192	0,000	1,147E+1	2,400E+1	3,000E+3	3,000E+3
1240,392	0,192	0,000	1,146E+1	2,400E+1	3,000E+3	3,010E+3
1241,391	0,192	0,000	1,146E+1	2,400E+1	3,000E+3	3,007E+3
1242,392	0,192	0,000	1,146E+1	2,400E+1	3,000E+3	2,999E+3
1243,391	0,192	0,000	1,146E+1	2,400E+1	3,000E+3	2,986E+3
1244,392	0,192	0,000	1,146E+1	2,400E+1	3,000E+3	3,006E+3
1245,392	0,192	0,000	1,147E+1	2,400E+1	3,000E+3	3,006E+3
1246,391	0,192	0,000	1,147E+1	2,400E+1	3,000E+3	3,002E+3
1247,392	0,192	0,000	1,147E+1	2,400E+1	3,000E+3	3,003E+3
1248,391	0,192	0,000	1,147E+1	2,400E+1	3,000E+3	3,000E+3
1249,392	0,192	0,000	1,148E+1	2,400E+1	3,000E+3	2,988E+3
1250,393	0,192	0,000	1,148E+1	2,400E+1	3,000E+3	3,000E+3
1251,392	0,192	0,000	1,148E+1	2,400E+1	3,000E+3	2,997E+3
1252,393	0,192	0,000	1,147E+1	2,400E+1	3,000E+3	2,999E+3
1253,392	0,192	0,000	1,147E+1	2,400E+1	3,000E+3	3,004E+3
1254,393	0,192	0,000	1,148E+1	2,400E+1	3,000E+3	3,001E+3
1255,393	0,192	0,000	1,147E+1	2,400E+1	3,000E+3	3,003E+3
1256,394	0,192	0,000	1,147E+1	2,400E+1	3,000E+3	2,996E+3
1257,394	0,192	0,000	1,148E+1	2,400E+1	3,000E+3	2,988E+3
1258,394	0,192	0,000	1,148E+1	2,400E+1	3,000E+3	2,995E+3
1259,395	0,192	0,000	1,148E+1	2,400E+1	3,000E+3	3,003E+3
1260,394	0,192	0,000	1,148E+1	2,400E+1	3,000E+3	3,003E+3
1261,396	0,192	0,000	1,147E+1	2,400E+1	3,000E+3	2,998E+3
1262,395	0,192	0,000	1,147E+1	2,400E+1	3,000E+3	3,001E+3
1263,396	0,192	0,000	1,148E+1	2,400E+1	3,000E+3	3,001E+3
1264,396	0,192	0,000	1,148E+1	2,400E+1	3,000E+3	3,004E+3
1265,395	0,192	0,000	1,148E+1	2,400E+1	3,000E+3	3,001E+3
1266,397	0,192	0,000	1,149E+1	2,400E+1	3,000E+3	3,010E+3
1267,397	0,192	0,000	1,148E+1	2,400E+1	3,000E+3	2,995E+3
1268,399	0,192	0,000	1,149E+1	2,400E+1	3,000E+3	3,003E+3
1269,398	0,192	0,000	1,149E+1	2,400E+1	3,000E+3	3,006E+3
1270,399	0,192	0,000	1,149E+1	2,400E+1	3,000E+3	2,999E+3
1271,399	0,192	0,000	1,149E+1	2,400E+1	3,000E+3	3,001E+3
1272,398	0,192	0,000	1,149E+1	2,400E+1	3,000E+3	3,011E+3
1273,399	0,192	0,000	1,148E+1	2,400E+1	3,000E+3	2,996E+3
1274,398	0,192	0,000	1,148E+1	2,400E+1	3,000E+3	3,009E+3
1275,399	0,192	0,000	1,149E+1	2,400E+1	3,000E+3	2,998E+3
1276,398	0,192	0,000	1,148E+1	2,400E+1	3,000E+3	2,995E+3
1277,400	0,192	0,000	1,148E+1	2,400E+1	3,000E+3	2,993E+3
1278,400	0,192	0,000	1,148E+1	2,400E+1	3,000E+3	3,003E+3
1279,400	0,192	0,000	1,149E+1	2,400E+1	3,000E+3	3,004E+3
1280,402	0,192	0,000	1,149E+1	2,400E+1	3,000E+3	3,012E+3
1281,401	0,192	0,000	1,149E+1	2,400E+1	3,000E+3	2,993E+3
1282,402	0,192	0,000	1,149E+1	2,400E+1	3,000E+3	3,002E+3
1283,401	0,192	0,000	1,149E+1	2,400E+1	3,000E+3	2,995E+3
1284,402	0,192	0,000	1,149E+1	2,400E+1	3,000E+3	3,000E+3
1285,403	0,192	0,000	1,149E+1	2,400E+1	3,000E+3	2,996E+3
1286,402	0,192	0,000	1,149E+1	2,400E+1	3,000E+3	3,004E+3
1287,403	0,192	0,000	1,149E+1	2,400E+1	3,000E+3	2,988E+3
1288,402	0,192	0,000	1,150E+1	2,400E+1	3,000E+3	2,988E+3
1289,404	0,192	0,000	1,150E+1	2,400E+1	3,000E+3	3,006E+3
1290,404	0,192	0,000	1,149E+1	2,400E+1	3,000E+3	2,998E+3
1291,403	0,192	0,000	1,149E+1	2,400E+1	3,000E+3	3,003E+3
1292,404	0,192	0,000	1,149E+1	2,400E+1	3,000E+3	3,009E+3
1293,403	0,192	0,000	1,149E+1	2,400E+1	3,000E+3	3,003E+3
1294,405	0,192	0,000	1,150E+1	2,400E+1	3,000E+3	3,005E+3
1295,405	0,192	0,000	1,150E+1	2,400E+1	3,000E+3	3,002E+3
1296,407	0,192	0,000	1,150E+1	2,400E+1	3,000E+3	3,000E+3
1297,407	0,192	0,000	1,150E+1	2,400E+1	3,000E+3	3,001E+3
1298,406	0,192	0,000	1,150E+1	2,400E+1	3,000E+3	2,996E+3
1299,408	0,192	0,000	1,150E+1	2,400E+1	3,000E+3	3,002E+3
1300,407	0,192	0,000	1,150E+1	2,400E+1	3,000E+3	2,999E+3
1301,409	0,192	0,000	1,150E+1	2,400E+1	3,000E+3	3,004E+3
1302,408	0,192	0,000	1,150E+1	2,400E+1	3,000E+3	3,000E+3
1303,409	0,192	0,000	1,150E+1	2,400E+1	3,000E+3	3,000E+3
1304,409	0,192	0,000	1,150E+1	2,400E+1	3,000E+3	3,001E+3
1305,408	0,192	0,000	1,150E+1	2,400E+1	3,000E+3	3,005E+3
1306,409	0,192	0,000	1,150E+1	2,400E+1	3,000E+3	3,009E+3
1307,408	0,192	0,000	1,150E+1	2,400E+1	3,000E+3	2,991E+3
1308,409	0,192	0,000	1,150E+1	2,400E+1	3,000E+3	2,998E+3
1309,409	0,191	0,000	1,149E+1	2,400E+1	3,000E+3	2,994E+3
1310,410	0,191	0,000	1,149E+1	2,400E+1	3,000E+3	3,000E+3
1311,410	0,192	0,000	1,151E+1	2,400E+1	3,000E+3	2,996E+3
1312,409	0,192	0,000	1,149E+1	2,400E+1	3,000E+3	3,001E+3
1313,410	0,192	0,000	1,149E+1	2,400E+1	3,000E+3	3,001E+3
1314,410	0,192	0,000	1,151E+1	2,400E+1	3,000E+3	2,999E+3
1315,411	0,192	0,000	1,150E+1	2,400E+1	3,000E+3	3,003E+3
1316,410	0,192	0,000	1,150E+1	2,400E+1	3,000E+3	3,007E+3
1317,411	0,192	0,000	1,151E+1	2,400E+1	3,000E+3	3,006E+3
1318,411	0,192	0,000	1,151E+1	2,400E+1	3,000E+3	2,999E+3
1319,410	0,192	0,000	1,151E+1	2,400E+1	3,000E+3	3,003E+3
1320,411	0,192	0,000	1,151E+1	2,400E+1	3,000E+3	2,997E+3
1321,411	0,192	0,000	1,151E+1	2,400E+1	3,000E+3	2,999E+3
1322,412	0,192	0,000	1,151E+1	2,400E+1	3,000E+3	3,000E+3
1323,412	0,192	0,000	1,151E+1	2,400E+1	3,000E+3	2,989E+3
1324,412	0,192	0,000	1,151E+1	2,400E+1	3,000E+3	2,994E+3
1325,414	0,192	0,000	1,151E+1	2,400E+1	3,000E+3	3,007E+3
1326,413	0,192	0,000	1,151E+1	2,400E+1	3,000E+3	2,997E+3
1327,413	0,192	0,000	1,151E+1	2,400E+1	3,000E+3	3,012E+3
1328,414	0,192	0,000	1,151E+1	2,400E+1	3,000E+3	2,998E+3
1329,414	0,192	0,000	1,151E+1	2,400E+1	3,000E+3	2,997E+3
1330,413	0,192	0,000	1,152E+1	2,400E+1	3,000E+3	3,007E+3
1331,414	0,192	0,000	1,152E+1	2,400E+1	3,000E+3	2,997E+3
1332,414	0,192	0,000	1,151E+1	2,400E+1	3,000E+3	3,006E+3
1333,414	0,192	0,000	1,151E+1	2,400E+1	3,000E+3	2,998E+3
1334,413	0,192	0,000	1,151E+1	2,400E+1	3,000E+3	3,001E+3
1335,415	0,192	0,000	1,152E+1	2,400E+1	3,000E+3	3,005E+3
1336,414	0,192	0,000	1,152E+1	2,400E+1	3,000E+3	3,000E+3
1337,416	0,192	0,000	1,151E+1	2,400E+1	3,000E+3	3,001E+3
1338,415	0,192	0,000	1,151E+1	2,400E+1	3,000E+3	3,004E+3
1339,416	0,192	0,000	1,151E+1	2,400E+1	3,000E+3	3,010E+3
1340,416	0,192	0,000	1,151E+1	2,400E+1	3,000E+3	2,997E+3
1341,415	0,192	0,000	1,151E+1	2,400E+1	3,000E+3	2,995E+3
1342,416	0,192	0,000	1,151E+1	2,400E+1	3,000E+3	3,006E+3
1343,416	0,192	0,000	1,151E+1	2,400E+1	3,000E+3	2,995E+3
1344,415	0,192	0,000	1,151E+1	2,400E+1	3,000E+3	3,001E+3
1345,416	0,192	0,000	1,151E+1	2,400E+1	3,000E+3	3,001E+3
1346,415	0,192	0,000	1,152E+1	2,400E+1	3,000E+3	2,995E+3
1347,417	0,192	0,000	1,151E+1	2,400E+1	3,000E+3	3,000E+3
1348,416	0,192	0,000	1,152E+1	2,400E+1	3,000E+3	2,998E+3
1349,417	0,192	0,000	1,152E+1	2,400E+1	3,000E+3	2,994E+3
1350,418	0,192	0,000	1,152E+1	2,400E+1	3,000E+3	3,006E+3
1351,418	0,192	0,000	1,153E+1	2,400E+1	3,000E+3	3,001E+3
1352,420	0,192	0,000	1,153E+1	2,400E+1	3,000E+3	3,000E+3
1353,419	0,192	0,000	1,153E+1	2,400E+1	3,000E+3	3,004E+3
1354,420	0,192	0,000	1,152E+1	2,400E+1	3,000E+3	2,997E+3
1355,419	0,192	0,000	1,152E+1	2,400E+1	3,000E+3	3,014E+3
1356,420	0,192	0,000	1,152E+1	2,400E+1	3,000E+3	2,993E+3
1357,419	0,192	0,000	1,153E+1	2,400E+1	3,000E+3	3,003E+3
1358,421	0,192	0,000	1,152E+1	2,400E+1	3,000E+3	3,007E+3
1359,422	0,192	0,000	1,152E+1	2,400E+1	3,000E+3	2,999E+3
1360,422	0,192	0,000	1,151E+1	2,400E+1	3,000E+3	3,003E+3
1361,422	0,192	0,000	1,152E+1	2,400E+1	3,000E+3	2,996E+3
1362,422	0,192	0,000	1,152E+1	2,400E+1	3,000E+3	2,996E+3
1363,423	0,192	0,000	1,153E+1	2,400E+1	3,000E+3	3,000E+3
1364,422	0,192	0,000	1,153E+1	2,400E+1	3,000E+3	3,003E+3
1365,423	0,192	0,000	1,153E+1	2,400E+1	3,000E+3	3,000E+3
1366,424	0,192	0,000	1,153E+1	2,400E+1	3,000E+3	3,001E+3
1367,424	0,192	0,000	1,153E+1	2,400E+1	3,000E+3	3,007E+3
1368,426	0,192	0,000	1,153E+1	2,400E+1	3,000E+3	3,004E+3
1369,427	0,192	0,000	1,153E+1	2,400E+1	3,000E+3	2,995E+3
1370,428	0,192	0,000	1,153E+1	2,400E+1	3,000E+3	3,010E+3
1371,429	0,192	0,000	1,153E+1	2,400E+1	3,000E+3	3,005E+3
1372,428	0,192	0,000	1,153E+1	2,400E+1	3,000E+3	2,990E+3
1373,429	0,191	0,000	1,153E+1	2,400E+1	3,000E+3	3,004E+3
1374,428	0,191	0,000	1,153E+1	2,400E+1	3,000E+3	2,995E+3
1375,429	0,192	0,000	1,153E+1	2,400E+1	3,000E+3	2,997E+3
1376,429	0,192	0,000	1,153E+1	2,400E+1	3,000E+3	3,005E+3
1377,430	0,192	0,000	1,153E+1	2,400E+1	3,000E+3	3,006E+3
1378,431	0,191	0,000	1,153E+1	2,400E+1	3,000E+3	2,991E+3
1379,430	0,192	0,000	1,153E+1	2,400E+1	3,000E+3	2,995E+3
1380,432	0,192	0,000	1,153E+1	2,400E+1	3,000E+3	2,999E+3
1381,431	0,191	0,000	1,153E+1	2,400E+1	3,000E+3	3,007E+3
1382,432	0,192	0,000	1,153E+1	2,400E+1	3,000E+3	2,997E+3
1383,431	0,192	0,000	1,153E+1	2,400E+1	3,000E+3	3,000E+3
1384,433	0,191	0,000	1,152E+1	2,400E+1	3,000E+3	3,001E+3
1385,433	0,192	0,000	1,153E+1	2,400E+1	3,000E+3	3,003E+3
1386,432	0,192	0,000	1,153E+1	2,400E+1	3,000E+3	2,992E+3
1387,433	0,192	0,000	1,153E+1	2,400E+1	3,000E+3	2,999E+3
1388,432	0,192	0,000	1,154E+1	2,400E+1	3,000E+3	2,997E+3
1389,433	0,192	0,000	1,154E+1	2,400E+1	3,000E+3	3,005E+3
1390,432	0,192	0,000	1,154E+1	2,400E+1	3,000E+3	2,990E+3
1391,433	0,192	0,000	1,154E+1	2,400E+1	3,000E+3	2,998E+3
1392,434	0,192	0,000	1,154E+1	2,400E+1	3,000E+3	3,010E+3
1393,433	0,191	0,000	1,154E+1	2,400E+1	3,000E+3	2,995E+3
1394,434	0,191	0,000	1,153E+1	2,400E+1	3,000E+3	2,996E+3
1395,433	0,191	0,000	1,154E+1	2,400E+1	3,000E+3	3,000E+3
1396,435	0,191	0,000	1,154E+1	2,400E+1	3,000E+3	2,998E+3
1397,434	0,192	0,000	1,154E+1	2,400E+1	3,000E+3	3,001E+3
1398,434	0,192	0,000	1,154E+1	2,400E+1	3,000E+3	2,997E+3
1399,435	0,192	0,000	1,154E+1	2,400E+1	3,000E+3	2,999E+3
1400,434	0,192	0,000	1,155E+1	2,400E+1	3,000E+3	2,997E+3
1401,435	0,192	0,000	1,155E+1	2,400E+1	3,000E+3	2,992E+3
1402,434	0,192	0,000	1,155E+1	2,400E+1	3,000E+3	2,999E+3
1403,436	0,192	0,000	1,155E+1	2,400E+1	3,000E+3	3,001E+3
1404,435	0,191	0,000	1,154E+1	2,400E+1	3,000E+3	2,999E+3
1405,436	0,191	0,000	1,154E+1	2,400E+1	3,000E+3	2,997E+3
1406,436	0,191	0,000	1,154E+1	2,400E+1	3,000E+3	2,995E+3
1407,435	0,191	0,000	1,154E+1	2,400E+1	3,000E+3	3,002E+3
1408,436	0,191	0,000	1,154E+1	2,400E+1	3,000E+3	2,998E+3
1409,435	0,191	0,000	1,154E+1	2,400E+1	3,000E+3	3,004E+3
1410,437	0,191	0,000	1,154E+1	2,400E+1	3,000E+3	3,000E+3
1411,438	0,191	0,000	1,154E+1	2,400E+1	3,000E+3	3,000E+3
1412,438	0,191	0,000	1,155E+1	2,400E+1	3,000E+3	3,003E+3
1413,439	0,191	0,000	1,155E+1	2,400E+1	3,000E+3	3,006E+3
1414,438	0,191	0,000	1,155E+1	2,400E+1	3,000E+3	2,999E+3
1415,439	0,191	0,000	1,154E+1	2,400E+1	3,000E+3	3,006E+3
1416,439	0,191	0,000	1,154E+1	2,400E+1	3,000E+3	3,009E+3
1417,441	0,191	0,000	1,155E+1	2,400E+1	3,000E+3	3,007E+3
1418,440	0,191	0,000	1,155E+1	2,400E+1	3,000E+3	3,004E+3
1419,441	0,191	0,000	1,155E+1	2,400E+1	3,000E+3	3,006E+3
1420,440	0,191	0,000	1,155E+1	2,400E+1	3,000E+3	2,991E+3
1421,441	0,191	0,000	1,155E+1	2,400E+1	3,000E+3	3,005E+3
1422,441	0,191	0,000	1,155E+1	2,400E+1	3,000E+3	3,006E+3
1423,441	0,191	0,000	1,155E+1	2,400E+1	3,000E+3	2,997E+3
1424,442	0,191	0,000	1,155E+1	2,400E+1	3,000E+3	2,998E+3
1425,441	0,191	0,000	1,155E+1	2,400E+1	3,000E+3	3,000E+3
1426,442	0,191	0,000	1,155E+1	2,400E+1	3,000E+3	2,995E+3
1427,441	0,191	0,000	1,155E+1	2,400E+1	3,000E+3	2,999E+3
1428,442	0,191	0,000	1,155E+1	2,400E+1	3,000E+3	2,993E+3
1429,442	0,191	0,000	1,155E+1	2,400E+1	3,000E+3	3,003E+3
1430,442	0,191	0,000	1,155E+1	2,400E+1	3,000E+3	2,996E+3
1431,443	0,191	0,000	1,155E+1	2,400E+1	3,000E+3	2,993E+3
1432,442	0,192	0,000	1,156E+1	2,400E+1	3,000E+3	2,995E+3
1433,443	0,191	0,000	1,155E+1	2,400E+1	3,000E+3	3,003E+3
1434,442	0,191	0,000	1,155E+1	2,400E+1	3,000E+3	3,000E+3
1435,443	0,191	0,000	1,155E+1	2,400E+1	3,000E+3	3,007E+3
1436,443	0,192	0,000	1,156E+1	2,400E+1	3,000E+3	3,001E+3
1437,443	0,192	0,000	1,156E+1	2,400E+1	3,000E+3	3,004E+3
1438,444	0,191	0,000	1,156E+1	2,400E+1	3,000E+3	3,010E+3
1439,443	0,191	0,000	1,155E+1	2,400E+1	3,000E+3	2,998E+3
1440,444	0,191	0,000	1,155E+1	2,400E+1	3,000E+3	2,999E+3
1441,443	0,191	0,000	1,156E+1	2,400E+1	3,000E+3	3,001E+3
1442,444	0,191	0,000	1,156E+1	2,400E+1	3,000E+3	2,990E+3
1443,445	0,191	0,000	1,156E+1	2,400E+1	3,000E+3	3,007E+3
1444,444	0,191	0,000	1,155E+1	2,400E+1	3,000E+3	2,995E+3
1445,446	0,191	0,000	1,156E+1	2,400E+1	3,000E+3	3,002E+3
1446,445	0,191	0,000	1,156E+1	2,400E+1	3,000E+3	3,002E+3
1447,446	0,191	0,000	1,157E+1	2,400E+1	3,000E+3	3,002E+3
1448,445	0,191	0,000	1,156E+1	2,400E+1	3,000E+3	3,004E+3
1449,445	0,191	0,000	1,156E+1	2,400E+1	3,000E+3	2,992E+3
1450,446	0,191	0,000	1,156E+1	2,400E+1	3,000E+3	3,010E+3
1451,445	0,191	0,000	1,156E+1	2,400E+1	3,000E+3	2,997E+3
1452,447	0,191	0,000	1,156E+1	2,400E+1	3,000E+3	2,994E+3
1453,447	0,191	0,000	1,156E+1	2,400E+1	3,000E+3	3,010E+3
1454,448	0,191	0,000	1,157E+1	2,400E+1	3,000E+3	3,004E+3
1455,449	0,191	0,000	1,157E+1	2,400E+1	3,000E+3	3,008E+3
1456,448	0,191	0,000	1,156E+1	2,400E+1	3,000E+3	3,000E+3
1457,449	0,191	0,000	1,157E+1	2,400E+1	3,000E+3	3,004E+3
1458,448	0,191	0,000	1,157E+1	2,400E+1	3,000E+3	2,998E+3
1459,449	0,191	0,000	1,156E+1	2,400E+1	3,000E+3	3,001E+3
1460,449	0,191	0,000	1,156E+1	2,400E+1	3,000E+3	3,001E+3
1461,450	0,191	0,000	1,156E+1	2,400E+1	3,000E+3	2,992E+3
1462,451	0,191	0,000	1,156E+1	2,400E+1	3,000E+3	3,003E+3
1463,450	0,191	0,000	1,156E+1	2,400E+1	3,000E+3	2,998E+3
1464,451	0,191	0,000	1,156E+1	2,400E+1	3,000E+3	2,998E+3
1465,450	0,191	0,000	1,157E+1	2,400E+1	3,000E+3	3,000E+3
1466,452	0,191	0,000	1,157E+1	2,400E+1	3,000E+3	3,005E+3
1467,451	0,191	0,000	1,157E+1	2,400E+1	3,000E+3	2,998E+3
1468,453	0,191	0,000	1,156E+1	2,400E+1	3,000E+3	2,992E+3
1469,453	0,191	0,000	1,157E+1	2,400E+1	3,000E+3	2,997E+3
1470,452	0,191	0,000	1,157E+1	2,400E+1	3,000E+3	2,998E+3
1471,453	0,191	0,000	1,157E+1	2,400E+1	3,000E+3	2,997E+3
1472,452	0,191	0,000	1,157E+1	2,400E+1	3,000E+3	2,995E+3
1473,454	0,191	0,000	1,157E+1	2,400E+1	3,000E+3	3,005E+3
1474,453	0,191	0,000	1,157E+1	2,400E+1	3,000E+3	3,010E+3
1475,454	0,191	0,000	1,157E+1	2,400E+1	3,000E+3	3,007E+3
1476,454	0,191	0,000	1,157E+1	2,400E+1	3,000E+3	3,001E+3
1477,453	0,191	0,000	1,157E+1	2,400E+1	3,000E+3	2,997E+3
1478,454	0,191	0,000	1,157E+1	2,400E+1	3,000E+3	3,002E+3
1479,453	0,191	0,000	1,157E+1	2,400E+1	3,000E+3	2,995E+3
1480,454	0,191	0,000	1,157E+1	2,400E+1	3,000E+3	2,992E+3
1481,455	0,191	0,000	1,157E+1	2,400E+1	3,000E+3	3,006E+3
1482,454	0,191	0,000	1,157E+1	2,400E+1	3,000E+3	3,001E+3
1483,455	0,191	0,000	1,157E+1	2,400E+1	3,000E+3	3,007E+3
1484,454	0,191	0,000	1,157E+1	2,400E+1	3,000E+3	3,001E+3
1485,455	0,191	0,000	1,157E+1	2,400E+1	3,000E+3	3,002E+3
1486,454	0,191	0,000	1,157E+1	2,400E+1	3,000E+3	2,995E+3
1487,454	0,191	0,000	1,157E+1	2,400E+1	3,000E+3	2,998E+3
1488,454	0,191	0,000	1,157E+1	2,400E+1	3,000E+3	3,001E+3
1489,455	0,191	0,000	1,157E+1	2,400E+1	3,000E+3	3,000E+3
1490,456	0,191	0,000	1,157E+1	2,400E+1	3,000E+3	3,001E+3
1491,455	0,191	0,000	1,158E+1	2,400E+1	3,000E+3	3,002E+3
1492,456	0,191	0,000	1,158E+1	2,400E+1	3,000E+3	2,995E+3
1493,455	0,191	0,000	1,157E+1	2,400E+1	3,000E+3	3,003E+3
1494,456	0,191	0,000	1,157E+1	2,400E+1	3,000E+3	2,995E+3
1495,455	0,191	0,000	1,157E+1	2,400E+1	3,000E+3	3,009E+3
1496,456	0,191	0,000	1,157E+1	2,400E+1	3,000E+3	2,994E+3
1497,457	0,191	0,000	1,158E+1	2,400E+1	3,000E+3	3,004E+3
1498,456	0,191	0,000	1,158E+1	2,400E+1	3,000E+3	3,004E+3
1499,456	0,191	0,000	1,157E+1	2,400E+1	3,000E+3	3,000E+3
1500,457	0,191	0,000	1,158E+1	2,400E+1	3,000E+3	2,998E+3
1501,456	0,191	0,000	1,158E+1	2,400E+1	3,000E+3	2,995E+3
1502,458	0,191	0,000	1,158E+1	2,400E+1	3,000E+3	3,003E+3
1503,458	0,191	0,000	1,158E+1	2,400E+1	3,000E+3	2,998E+3
1504,457	0,191	0,000	1,158E+1	2,400E+1	3,000E+3	3,001E+3
1505,458	0,191	0,000	1,157E+1	2,400E+1	3,000E+3	2,996E+3
1506,458	0,191	0,000	1,157E+1	2,400E+1	3,000E+3	3,009E+3
1507,458	0,191	0,000	1,157E+1	2,400E+1	3,000E+3	2,991E+3
1508,457	0,191	0,000	1,158E+1	2,400E+1	3,000E+3	3,001E+3
1509,458	0,191	0,000	1,158E+1	2,400E+1	3,000E+3	2,998E+3
1510,457	0,191	0,000	1,158E+1	2,400E+1	3,000E+3	3,009E+3
1511,458	0,191	0,000	1,158E+1	2,400E+1	3,000E+3	3,012E+3
1512,458	0,191	0,000	1,158E+1	2,400E+1	3,000E+3	3,009E+3
1513,460	0,191	0,000	1,158E+1	2,400E+1	3,000E+3	3,002E+3
1514,460	0,191	0,000	1,158E+1	2,400E+1	3,000E+3	2,998E+3
1515,459	0,191	0,000	1,158E+1	2,400E+1	3,000E+3	3,006E+3
1516,461	0,191	0,000	1,158E+1	2,400E+1	3,000E+3	3,007E+3
1517,460	0,191	0,000	1,159E+1	2,400E+1	3,000E+3	3,000E+3
1518,462	0,191	0,000	1,159E+1	2,400E+1	3,000E+3	3,006E+3
1519,462	0,191	0,000	1,158E+1	2,400E+1	3,000E+3	2,995E+3
1520,463	0,191	0,000	1,159E+1	2,400E+1	3,000E+3	2,993E+3
1521,465	0,191	0,000	1,159E+1	2,400E+1	3,000E+3	3,011E+3
1522,464	0,191	0,000	1,158E+1	2,400E+1	3,000E+3	3,003E+3
1523,466	0,191	0,000	1,159E+1	2,400E+1	3,000E+3	2,996E+3
1524,465	0,191	0,000	1,159E+1	2,400E+1	3,000E+3	3,006E+3
1525,466	0,191	0,000	1,159E+1	2,400E+1	3,000E+3	3,003E+3
1526,466	0,191	0,000	1,158E+1	2,400E+1	3,000E+3	3,000E+3
1527,465	0,191	0,000	1,158E+1	2,400E+1	3,000E+3	3,007E+3
1528,466	0,191	0,000	1,158E+1	2,400E+1	3,000E+3	3,004E+3
1529,465	0,191	0,000	1,158E+1	2,400E+1	3,000E+3	3,007E+3
1530,466	0,191	0,000	1,158E+1	2,400E+1	3,000E+3	3,007E+3
1531,465	0,191	0,000	1,158E+1	2,400E+1	3,000E+3	3,001E+3
1532,466	0,191	0,000	1,159E+1	2,400E+1	3,000E+3	2,993E+3
1533,466	0,191	0,000	1,159E+1	2,400E+1	3,000E+3	2,999E+3
1534,465	0,191	0,000	1,159E+1	2,400E+1	3,000E+3	2,996E+3
1535,466	0,191	0,000	1,158E+1	2,400E+1	3,000E+3	3,004E+3
1536,465	0,191	0,000	1,158E+1	2,400E+1	3,000E+3	3,001E+3
1537,467	0,191	0,000	1,159E+1	2,400E+1	3,000E+3	3,002E+3
1538,466	0,191	0,000	1,159E+1	2,400E+1	3,000E+3	2,997E+3
1539,468	0,191	0,000	1,159E+1	2,400E+1	3,000E+3	3,003E+3
1540,468	0,191	0,000	1,159E+1	2,400E+1	3,000E+3	2,999E+3
1541,469	0,191	0,000	1,160E+1	2,400E+1	3,000E+3	2,999E+3
1542,470	0,191	0,000	1,160E+1	2,400E+1	3,000E+3	2,995E+3
1543,469	0,191	0,000	1,160E+1	2,400E+1	3,000E+3	3,001E+3
1544,470	0,191	0,000	1,159E+1	2,400E+1	3,000E+3	2,995E+3
1545,469	0,191	0,000	1,159E+1	2,400E+1	3,000E+3	3,007E+3
1546,471	0,191	0,000	1,160E+1	2,400E+1	3,000E+3	2,996E+3
1547,471	0,191	0,000	1,159E+1	2,400E+1	3,000E+3	3,000E+3
1548,470	0,191	0,000	1,159E+1	2,400E+1	3,000E+3	3,001E+3
1549,471	0,191	0,000	1,160E+1	2,400E+1	3,000E+3	2,994E+3
1550,471	0,191	0,000	1,159E+1	2,400E+1	3,000E+3	2,995E+3
1551,472	0,191	0,000	1,159E+1	2,400E+1	3,000E+3	2,997E+3
1552,471	0,191	0,000	1,160E+1	2,400E+1	3,000E+3	2,995E+3
1553,472	0,191	0,000	1,160E+1	2,400E+1	3,000E+3	2,993E+3
1554,472	0,191	0,000	1,160E+1	2,400E+1	3,000E+3	3,003E+3
1555,471	0,191	0,000	1,160E+1	2,400E+1	3,000E+3	3,001E+3
1556,473	0,191	0,000	1,160E+1	2,400E+1	3,000E+3	2,998E+3
1557,472	0,191	0,000	1,160E+1	2,400E+1	3,000E+3	3,001E+3
1558,474	0,191	0,000	1,160E+1	2,400E+1	3,000E+3	2,998E+3
1559,473	0,191	0,000	1,161E+1	2,400E+1	3,000E+3	3,006E+3
1560,475	0,191	0,000	1,161E+1	2,400E+1	3,000E+3	3,004E+3
1561,476	0,191	0,000	1,159E+1	2,400E+1	3,000E+3	2,998E+3
1562,476	0,191	0,000	1,160E+1	2,400E+1	3,000E+3	3,004E+3
1563,477	0,191	0,000	1,160E+1	2,400E+1	3,000E+3	2,996E+3
1564,477	0,191	0,000	1,160E+1	2,400E+1	3,000E+3	3,002E+3
1565,479	0,191	0,000	1,161E+1	2,400E+1	3,000E+3	2,994E+3
1566,479	0,191	0,000	1,161E+1	2,400E+1	3,000E+3	3,000E+3
1567,480	0,191	0,000	1,160E+1	2,400E+1	3,000E+3	3,000E+3
1568,481	0,191	0,000	1,159E+1	2,400E+1	3,000E+3	3,006E+3
1569,481	0,191	0,000	1,159E+1	2,400E+1	3,000E+3	3,000E+3
1570,483	0,191	0,000	1,160E+1	2,400E+1	3,000E+3	3,007E+3
1571,482	0,191	0,000	1,161E+1	2,400E+1	3,000E+3	3,000E+3
1572,483	0,191	0,000	1,161E+1	2,400E+1	3,000E+3	3,010E+3
1573,482	0,191	0,000	1,161E+1	2,400E+1	3,000E+3	3,003E+3
1574,482	0,191	0,000	1,161E+1	2,400E+1	3,000E+3	2,998E+3
1575,484	0,191	0,000	1,161E+1	2,400E+1	3,000E+3	3,000E+3
1576,484	0,191	0,000	1,161E+1	2,400E+1	3,000E+3	3,000E+3
1577,485	0,191	0,000	1,160E+1	2,400E+1	3,000E+3	3,006E+3
1578,485	0,191	0,000	1,160E+1	2,400E+1	3,000E+3	2,995E+3
1579,486	0,191	0,000	1,161E+1	2,400E+1	3,000E+3	2,997E+3
1580,486	0,191	0,000	1,161E+1	2,400E+1	3,000E+3	3,003E+3
1581,488	0,191	0,000	1,161E+1	2,400E+1	3,000E+3	2,998E+3
1582,488	0,191	0,000	1,161E+1	2,400E+1	3,000E+3	3,003E+3
1583,487	0,191	0,000	1,161E+1	2,400E+1	3,000E+3	3,007E+3
1584,488	0,191	0,000	1,161E+1	2,400E+1	3,000E+3	2,998E+3
1585,487	0,191	0,000	1,161E+1	2,400E+1	3,000E+3	2,992E+3
1586,488	0,191	0,000	1,161E+1	2,400E+1	3,000E+3	2,998E+3
1587,487	0,191	0,000	1,161E+1	2,400E+1	3,000E+3	2,995E+3
1588,488	0,191	0,000	1,161E+1	2,400E+1	3,000E+3	2,996E+3
1589,488	0,191	0,000	1,161E+1	2,400E+1	3,000E+3	3,001E+3
1590,487	0,191	0,000	1,161E+1	2,400E+1	3,000E+3	3,002E+3
1591,489	0,191	0,000	1,161E+1	2,400E+1	3,000E+3	2,995E+3
1592,488	0,191	0,000	1,161E+1	2,400E+1	3,000E+3	2,999E+3
1593,489	0,191	0,000	1,161E+1	2,400E+1	3,000E+3	2,998E+3
1594,488	0,191	0,000	1,161E+1	2,400E+1	3,000E+3	3,006E+3
1595,488	0,191	0,000	1,160E+1	2,400E+1	3,000E+3	2,992E+3
1596,489	0,191	0,000	1,160E+1	2,400E+1	3,000E+3	3,001E+3
1597,488	0,191	0,000	1,162E+1	2,400E+1	3,000E+3	3,007E+3
1598,489	0,191	0,000	1,161E+1	2,400E+1	3,000E+3	2,998E+3
1599,489	0,191	0,000	1,161E+1	2,400E+1	3,000E+3	3,003E+3
1600,490	0,191	0,000	1,160E+1	2,400E+1	3,000E+3	3,003E+3
1601,489	0,191	0,000	1,161E+1	2,400E+1	3,000E+3	3,000E+3
1602,490	0,191	0,000	1,161E+1	2,400E+1	3,000E+3	3,007E+3
1603,489	0,191	0,000	1,162E+1	2,400E+1	3,000E+3	3,001E+3
1604,489	0,191	0,000	1,162E+1	2,400E+1	3,000E+3	3,000E+3
1605,490	0,191	0,000	1,162E+1	2,400E+1	3,000E+3	2,993E+3
1606,490	0,191	0,000	1,161E+1	2,400E+1	3,000E+3	2,998E+3
1607,491	0,191	0,000	1,161E+1	2,400E+1	3,000E+3	2,999E+3
1608,491	0,191	0,000	1,161E+1	2,400E+1	3,000E+3	2,994E+3
1609,492	0,191	0,000	1,162E+1	2,400E+1	3,000E+3	2,999E+3
1610,493	0,191	0,000	1,161E+1	2,400E+1	3,000E+3	3,004E+3
1611,492	0,191	0,000	1,161E+1	2,400E+1	3,000E+3	3,004E+3
1612,493	0,191	0,000	1,162E+1	2,400E+1	3,000E+3	2,995E+3
1613,492	0,191	0,000	1,161E+1	2,400E+1	3,000E+3	2,995E+3
1614,493	0,191	0,000	1,161E+1	2,400E+1	3,000E+3	3,001E+3
1615,492	0,191	0,000	1,162E+1	2,400E+1	3,000E+3	3,007E+3
1616,493	0,191	0,000	1,162E+1	2,400E+1	3,000E+3	2,995E+3
1617,493	0,191	0,000	1,162E+1	2,400E+1	3,000E+3	3,006E+3
1618,493	0,191	0,000	1,161E+1	2,400E+1	3,000E+3	3,004E+3
1619,494	0,191	0,000	1,161E+1	2,400E+1	3,000E+3	3,002E+3
1620,493	0,191	0,000	1,161E+1	2,400E+1	3,000E+3	2,998E+3
1621,494	0,191	0,000	1,161E+1	2,400E+1	3,000E+3	3,001E+3
1622,494	0,191	0,000	1,162E+1	2,400E+1	3,000E+3	3,004E+3
1623,495	0,191	0,000	1,162E+1	2,400E+1	3,000E+3	2,996E+3
1624,494	0,191	0,000	1,162E+1	2,400E+1	3,000E+3	2,999E+3
1625,496	0,191	0,000	1,162E+1	2,400E+1	3,000E+3	3,001E+3
1626,496	0,191	0,000	1,162E+1	2,400E+1	3,000E+3	2,998E+3
1627,495	0,191	0,000	1,162E+1	2,400E+1	3,000E+3	2,998E+3
1628,497	0,191	0,000	1,162E+1	2,400E+1	3,000E+3	3,001E+3
1629,496	0,191	0,000	1,162E+1	2,400E+1	3,000E+3	3,006E+3
1630,497	0,191	0,000	1,162E+1	2,400E+1	3,000E+3	2,998E+3
1631,497	0,191	0,000	1,162E+1	2,400E+1	3,000E+3	2,997E+3
1632,497	0,191	0,000	1,162E+1	2,400E+1	3,000E+3	3,000E+3
1633,498	0,191	0,000	1,162E+1	2,400E+1	3,000E+3	3,009E+3
1634,497	0,191	0,000	1,162E+1	2,400E+1	3,000E+3	2,998E+3
1635,498	0,191	0,000	1,162E+1	2,400E+1	3,000E+3	3,004E+3
1636,497	0,191	0,000	1,162E+1	2,400E+1	3,000E+3	3,000E+3
1637,498	0,191	0,000	1,162E+1	2,400E+1	3,000E+3	2,990E+3
1638,499	0,191	0,000	1,163E+1	2,400E+1	3,000E+3	3,000E+3
1639,498	0,191	0,000	1,163E+1	2,400E+1	3,000E+3	2,998E+3
1640,500	0,191	0,000	1,163E+1	2,400E+1	3,000E+3	2,991E+3
1641,499	0,191	0,000	1,162E+1	2,400E+1	3,000E+3	2,997E+3
1642,500	0,191	0,000	1,163E+1	2,400E+1	3,000E+3	2,998E+3
1643,500	0,191	0,000	1,163E+1	2,400E+1	3,000E+3	3,001E+3
1644,501	0,191	0,000	1,162E+1	2,400E+1	3,000E+3	2,997E+3
1645,501	0,191	0,000	1,162E+1	2,400E+1	3,000E+3	3,003E+3
1646,500	0,191	0,000	1,162E+1	2,400E+1	3,000E+3	3,011E+3
1647,501	0,191	0,000	1,162E+1	2,400E+1	3,000E+3	2,998E+3
1648,500	0,191	0,000	1,162E+1	2,400E+1	3,000E+3	3,001E+3
1649,502	0,191	0,000	1,163E+1	2,400E+1	3,000E+3	2,999E+3
1650,501	0,191	0,000	1,163E+1	2,400E+1	3,000E+3	2,991E+3
1651,502	0,191	0,000	1,163E+1	2,400E+1	3,000E+3	2,997E+3
1652,502	0,191	0,000	1,163E+1	2,400E+1	3,000E+3	3,002E+3
1653,501	0,191	0,000	1,163E+1	2,400E+1	3,000E+3	2,998E+3
1654,502	0,191	0,000	1,163E+1	2,400E+1	3,000E+3	3,007E+3
1655,502	0,191	0,000	1,163E+1	2,400E+1	3,000E+3	3,000E+3
1656,503	0,191	0,000	1,163E+1	2,400E+1	3,000E+3	2,988E+3
1657,502	0,191	0,000	1,163E+1	2,400E+1	3,000E+3	2,998E+3
1658,502	0,191	0,000	1,163E+1	2,400E+1	3,000E+3	2,998E+3
1659,503	0,191	0,000	1,163E+1	2,400E+1	3,000E+3	3,003E+3
1660,502	0,191	0,000	1,163E+1	2,400E+1	3,000E+3	2,991E+3
1661,503	0,191	0,000	1,163E+1	2,400E+1	3,000E+3	3,000E+3
1662,502	0,191	0,000	1,163E+1	2,400E+1	3,000E+3	3,005E+3
1663,503	0,191	0,000	1,163E+1	2,400E+1	3,000E+3	2,995E+3
1664,502	0,191	0,000	1,163E+1	2,400E+1	3,000E+3	3,002E+3
1665,503	0,191	0,000	1,163E+1	2,400E+1	3,000E+3	3,002E+3
1666,504	0,191	0,000	1,163E+1	2,400E+1	3,000E+3	2,994E+3
1667,504	0,191	0,000	1,163E+1	2,400E+1	3,000E+3	3,010E+3
1668,505	0,191	0,000	1,163E+1	2,400E+1	3,000E+3	3,000E+3
1669,504	0,191	0,000	1,163E+1	2,400E+1	3,000E+3	2,996E+3
1670,506	0,191	0,000	1,164E+1	2,400E+1	3,000E+3	3,000E+3
1671,505	0,191	0,000	1,164E+1	2,400E+1	3,000E+3	3,009E+3
1672,507	0,191	0,000	1,163E+1	2,400E+1	3,000E+3	3,000E+3
1673,507	0,191	0,000	1,163E+1	2,400E+1	3,000E+3	2,995E+3
1674,506	0,191	0,000	1,163E+1	2,400E+1	3,000E+3	2,999E+3
1675,507	0,191	0,000	1,163E+1	2,400E+1	3,000E+3	2,991E+3
1676,507	0,191	0,000	1,163E+1	2,400E+1	3,000E+3	3,000E+3
1677,508	0,191	0,000	1,163E+1	2,400E+1	3,000E+3	2,998E+3
1678,508	0,191	0,000	1,163E+1	2,400E+1	3,000E+3	3,004E+3
1679,509	0,191	0,000	1,163E+1	2,400E+1	3,000E+3	3,005E+3
1680,510	0,191	0,000	1,163E+1	2,400E+1	3,000E+3	3,000E+3
1681,509	0,191	0,000	1,164E+1	2,400E+1	3,000E+3	3,006E+3
1682,511	0,191	0,000	1,164E+1	2,400E+1	3,000E+3	3,004E+3
1683,510	0,191	0,000	1,164E+1	2,400E+1	3,000E+3	2,997E+3
1684,511	0,191	0,000	1,164E+1	2,400E+1	3,000E+3	3,002E+3
1685,511	0,191	0,000	1,164E+1	2,400E+1	3,000E+3	2,998E+3
1686,512	0,191	0,000	1,164E+1	2,400E+1	3,000E+3	2,999E+3
1687,513	0,191	0,000	1,164E+1	2,400E+1	3,000E+3	3,002E+3
1688,512	0,191	0,000	1,164E+1	2,400E+1	3,000E+3	2,999E+3
1689,513	0,191	0,000	1,164E+1	2,400E+1	3,000E+3	2,997E+3
1690,513	0,191	0,000	1,164E+1	2,400E+1	3,000E+3	3,003E+3
1691,515	0,191	0,000	1,164E+1	2,400E+1	3,000E+3	2,991E+3
1692,514	0,191	0,000	1,163E+1	2,400E+1	3,000E+3	3,003E+3
1693,514	0,191	0,000	1,163E+1	2,400E+1	3,000E+3	2,999E+3
1694,515	0,191	0,000	1,164E+1	2,400E+1	3,000E+3	2,994E+3
1695,514	0,191	0,000	1,164E+1	2,400E+1	3,000E+3	2,988E+3
1696,515	0,191	0,000	1,165E+1	2,400E+1	3,000E+3	3,002E+3
1697,514	0,191	0,000	1,164E+1	2,400E+1	3,000E+3	3,004E+3
1698,515	0,191	0,000	1,164E+1	2,400E+1	3,000E+3	2,998E+3
1699,515	0,191	0,000	1,164E+1	2,400E+1	3,000E+3	3,007E+3
1700,514	0,191	0,000	1,165E+1	2,400E+1	3,000E+3	2,996E+3
1701,515	0,191	0,000	1,165E+1	2,400E+1	3,000E+3	3,009E+3
1702,514	0,191	0,000	1,164E+1	2,400E+1	3,000E+3	2,995E+3
1703,516	0,191	0,000	1,164E+1	2,400E+1	3,000E+3	3,000E+3
1704,515	0,191	0,000	1,164E+1	2,400E+1	3,000E+3	2,994E+3
1705,516	0,191	0,000	1,164E+1	2,400E+1	3,000E+3	2,995E+3
1706,515	0,191	0,000	1,164E+1	2,400E+1	3,000E+3	3,003E+3
1707,516	0,191	0,000	1,165E+1	2,400E+1	3,000E+3	3,000E+3
1708,517	0,191	0,000	1,165E+1	2,400E+1	3,000E+3	3,005E+3
1709,517	0,191	0,000	1,165E+1	2,400E+1	3,000E+3	3,013E+3
1710,518	0,191	0,000	1,164E+1	2,400E+1	3,000E+3	2,998E+3
1711,518	0,191	0,000	1,164E+1	2,400E+1	3,000E+3	3,006E+3
1712,519	0,191	0,000	1,164E+1	2,400E+1	3,000E+3	2,998E+3
1713,518	0,191	0,000	1,164E+1	2,400E+1	3,000E+3	2,999E+3
1714,520	0,191	0,000	1,164E+1	2,400E+1	3,000E+3	2,994E+3
1715,521	0,191	0,000	1,164E+1	2,400E+1	3,000E+3	2,997E+3
1716,520	0,191	0,000	1,165E+1	2,400E+1	3,000E+3	3,000E+3
1717,521	0,191	0,000	1,166E+1	2,400E+1	3,000E+3	3,004E+3
1718,521	0,191	0,000	1,166E+1	2,400E+1	3,000E+3	3,000E+3
1719,523	0,191	0,000	1,164E+1	2,400E+1	3,000E+3	3,002E+3
1720,522	0,191	0,000	1,165E+1	2,400E+1	3,000E+3	2,998E+3
1721,522	0,191	0,000	1,165E+1	2,400E+1	3,000E+3	3,000E+3
1722,523	0,191	0,000	1,165E+1	2,400E+1	3,000E+3	2,995E+3
1723,524	0,191	0,000	1,165E+1	2,400E+1	3,000E+3	3,003E+3
1724,524	0,191	0,000	1,165E+1	2,400E+1	3,000E+3	2,993E+3
1725,525	0,191	0,000	1,165E+1	2,400E+1	3,000E+3	3,000E+3
1726,525	0,191	0,000	1,165E+1	2,400E+1	3,000E+3	3,003E+3
1727,526	0,191	0,000	1,165E+1	2,400E+1	3,000E+3	3,007E+3
1728,525	0,191	0,000	1,165E+1	2,400E+1	3,000E+3	3,003E+3
1729,526	0,191	0,000	1,165E+1	2,400E+1	3,000E+3	3,000E+3
1730,526	0,191	0,000	1,165E+1	2,400E+1	3,000E+3	3,006E+3
1731,526	0,191	0,000	1,165E+1	2,400E+1	3,000E+3	2,999E+3
1732,527	0,191	0,000	1,165E+1	2,400E+1	3,000E+3	3,003E+3
1733,526	0,191	0,000	1,166E+1	2,400E+1	3,000E+3	2,997E+3
1734,527	0,191	0,000	1,165E+1	2,400E+1	3,000E+3	2,994E+3
1735,526	0,191	0,000	1,165E+1	2,400E+1	3,000E+3	3,009E+3
1736,527	0,191	0,000	1,165E+1	2,400E+1	3,000E+3	3,003E+3
1737,527	0,191	0,000	1,165E+1	2,400E+1	3,000E+3	3,004E+3
1738,526	0,191	0,000	1,165E+1	2,400E+1	3,000E+3	3,000E+3
1739,528	0,191	0,000	1,165E+1	2,400E+1	3,000E+3	3,007E+3
1740,527	0,191	0,000	1,166E+1	2,400E+1	3,000E+3	2,991E+3
1741,528	0,191	0,000	1,166E+1	2,400E+1	3,000E+3	3,000E+3
1742,527	0,191	0,000	1,166E+1	2,400E+1	3,000E+3	3,002E+3
1743,528	0,191	0,000	1,166E+1	2,400E+1	3,000E+3	2,995E+3
1744,528	0,191	0,000	1,166E+1	2,400E+1	3,000E+3	2,999E+3
1745,527	0,191	0,000	1,166E+1	2,400E+1	3,000E+3	3,003E+3
1746,528	0,191	0,000	1,166E+1	2,400E+1	3,000E+3	2,999E+3
1747,527	0,191	0,000	1,165E+1	2,400E+1	3,000E+3	3,010E+3
1748,529	0,191	0,000	1,165E+1	2,400E+1	3,000E+3	2,996E+3
1749,529	0,191	0,000	1,166E+1	2,400E+1	3,000E+3	3,002E+3
1750,530	0,191	0,000	1,166E+1	2,400E+1	3,000E+3	3,000E+3
1751,531	0,191	0,000	1,166E+1	2,400E+1	3,000E+3	2,999E+3
1752,530	0,191	0,000	1,166E+1	2,400E+1	3,000E+3	2,988E+3
1753,531	0,191	0,000	1,166E+1	2,400E+1	3,000E+3	2,994E+3
1754,530	0,191	0,000	1,166E+1	2,400E+1	3,000E+3	2,998E+3
1755,531	0,191	0,000	1,166E+1	2,400E+1	3,000E+3	3,000E+3
1756,531	0,191	0,000	1,166E+1	2,400E+1	3,000E+3	3,003E+3
1757,531	0,191	0,000	1,166E+1	2,400E+1	3,000E+3	2,997E+3
1758,531	0,191	0,000	1,166E+1	2,400E+1	3,000E+3	3,003E+3
1759,530	0,191	0,000	1,166E+1	2,400E+1	3,000E+3	3,004E+3
1760,532	0,191	0,000	1,166E+1	2,400E+1	3,000E+3	3,006E+3
1761,531	0,191	0,000	1,166E+1	2,400E+1	3,000E+3	3,001E+3
1762,533	0,191	0,000	1,166E+1	2,400E+1	3,000E+3	3,003E+3
1763,533	0,191	0,000	1,166E+1	2,400E+1	3,000E+3	2,998E+3
1764,533	0,191	0,000	1,166E+1	2,400E+1	3,000E+3	2,997E+3
1765,535	0,191	0,000	1,167E+1	2,400E+1	3,000E+3	2,991E+3
1766,534	0,191	0,000	1,166E+1	2,400E+1	3,000E+3	3,000E+3
1767,535	0,191	0,000	1,166E+1	2,400E+1	3,000E+3	3,003E+3
1768,535	0,191	0,000	1,166E+1	2,400E+1	3,000E+3	3,000E+3
1769,535	0,191	0,000	1,166E+1	2,400E+1	3,000E+3	2,998E+3
1770,536	0,191	0,000	1,167E+1	2,400E+1	3,000E+3	2,996E+3
1771,536	0,191	0,000	1,166E+1	2,400E+1	3,000E+3	3,005E+3
1772,535	0,191	0,000	1,166E+1	2,400E+1	3,000E+3	2,994E+3
1773,536	0,191	0,000	1,167E+1	2,400E+1	3,000E+3	3,000E+3
1774,535	0,191	0,000	1,167E+1	2,400E+1	3,000E+3	2,998E+3
1775,536	0,191	0,000	1,167E+1	2,400E+1	3,000E+3	2,994E+3
1776,535	0,191	0,000	1,166E+1	2,400E+1	3,000E+3	3,003E+3
1777,536	0,191	0,000	1,166E+1	2,400E+1	3,000E+3	3,003E+3
1778,536	0,191	0,000	1,166E+1	2,400E+1	3,000E+3	3,004E+3
1779,535	0,191	0,000	1,166E+1	2,400E+1	3,000E+3	2,997E+3
1780,536	0,191	0,000	1,166E+1	2,400E+1	3,000E+3	3,000E+3
1781,537	0,191	0,000	1,167E+1	2,400E+1	3,000E+3	3,003E+3
1782,536	0,191	0,000	1,167E+1	2,400E+1	3,000E+3	3,007E+3
1783,537	0,191	0,000	1,166E+1	2,400E+1	3,000E+3	2,998E+3
1784,536	0,191	0,000	1,166E+1	2,400E+1	3,000E+3	3,013E+3
1785,537	0,191	0,000	1,167E+1	2,400E+1	3,000E+3	3,003E+3
1786,537	0,191	0,000	1,167E+1	2,400E+1	3,000E+3	3,001E+3
1787,538	0,191	0,000	1,167E+1	2,400E+1	3,000E+3	3,003E+3
1788,538	0,191	0,000	1,167E+1	2,400E+1	3,000E+3	2,990E+3
1789,537	0,191	0,000	1,167E+1	2,400E+1	3,000E+3	3,005E+3
1790,538	0,191	0,000	1,167E+1	2,400E+1	3,000E+3	3,004E+3
1791,538	0,191	0,000	1,167E+1	2,400E+1	3,000E+3	3,001E+3
1792,539	0,191	0,000	1,167E+1	2,400E+1	3,000E+3	3,007E+3
1793,538	0,191	0,000	1,167E+1	2,400E+1	3,000E+3	3,006E+3
1794,540	0,191	0,000	1,167E+1	2,400E+1	3,000E+3	3,000E+3
1795,541	0,191	0,000	1,167E+1	2,400E+1	3,000E+3	3,003E+3
1796,540	0,191	0,000	1,167E+1	2,400E+1	3,000E+3	3,004E+3
1797,542	0,191	0,000	1,167E+1	2,400E+1	3,000E+3	3,004E+3
1798,542	0,191	0,000	1,167E+1	2,400E+1	3,000E+3	3,000E+3
1799,544	0,191	0,000	1,167E+1	2,400E+1	3,000E+3	2,988E+3
1800,543	0,191	0,000	1,167E+1	2,400E+1	3,000E+3	3,009E+3
1801,544	0,191	0,000	1,167E+1	2,400E+1	3,000E+3	2,992E+3
1802,544	0,191	0,000	1,167E+1	2,400E+1	3,000E+3	2,995E+3
1803,544	0,191	0,000	1,167E+1	2,400E+1	3,000E+3	3,001E+3
1804,545	0,191	0,000	1,167E+1	2,400E+1	3,000E+3	2,997E+3
1805,544	0,191	0,000	1,167E+1	2,400E+1	3,000E+3	3,002E+3
1806,545	0,191	0,000	1,167E+1	2,400E+1	3,000E+3	3,002E+3
1807,544	0,191	0,000	1,167E+1	2,400E+1	3,000E+3	3,013E+3
1808,544	0,191	0,000	1,167E+1	2,400E+1	3,000E+3	2,997E+3
1809,545	0,191	0,000	1,168E+1	2,400E+1	3,000E+3	3,006E+3
1810,545	0,191	0,000	1,168E+1	2,400E+1	3,000E+3	3,000E+3
1811,546	0,191	0,000	1,167E+1	2,400E+1	3,000E+3	3,003E+3
1812,545	0,191	0,000	1,167E+1	2,400E+1	3,000E+3	3,000E+3
1813,546	0,191	0,000	1,167E+1	2,400E+1	3,000E+3	2,997E+3
1814,545	0,191	0,000	1,168E+1	2,400E+1	3,000E+3	2,991E+3
1815,546	0,191	0,000	1,167E+1	2,400E+1	3,000E+3	2,995E+3
1816,546	0,191	0,000	1,167E+1	2,400E+1	3,000E+3	2,995E+3
1817,546	0,191	0,000	1,168E+1	2,400E+1	3,000E+3	3,006E+3
1818,547	0,191	0,000	1,167E+1	2,400E+1	3,000E+3	2,998E+3
1819,546	0,191	0,000	1,167E+1	2,400E+1	3,000E+3	3,003E+3
1820,547	0,191	0,000	1,167E+1	2,400E+1	3,000E+3	3,001E+3
1821,546	0,191	0,000	1,168E+1	2,400E+1	3,000E+3	3,001E+3
1822,547	0,191	0,000	1,168E+1	2,400E+1	3,000E+3	2,998E+3
1823,547	0,191	0,000	1,167E+1	2,400E+1	3,000E+3	2,997E+3
1824,547	0,191	0,000	1,168E+1	2,400E+1	3,000E+3	2,997E+3
1825,548	0,191	0,000	1,168E+1	2,400E+1	3,000E+3	3,002E+3
1826,548	0,191	0,000	1,167E+1	2,400E+1	3,000E+3	3,005E+3
1827,550	0,191	0,000	1,168E+1	2,400E+1	3,000E+3	2,996E+3
1828,549	0,191	0,000	1,168E+1	2,400E+1	3,000E+3	2,999E+3
1829,549	0,191	0,000	1,168E+1	2,400E+1	3,000E+3	3,004E+3
1830,550	0,191	0,000	1,169E+1	2,400E+1	3,000E+3	3,001E+3
1831,549	0,191	0,000	1,169E+1	2,400E+1	3,000E+3	3,007E+3
1832,550	0,191	0,000	1,168E+1	2,400E+1	3,000E+3	3,009E+3
1833,549	0,191	0,000	1,168E+1	2,400E+1	3,000E+3	2,997E+3
1834,550	0,191	0,000	1,168E+1	2,400E+1	3,000E+3	3,004E+3
1835,550	0,191	0,000	1,168E+1	2,400E+1	3,000E+3	3,001E+3
1836,550	0,191	0,000	1,168E+1	2,400E+1	3,000E+3	3,000E+3
1837,551	0,191	0,000	1,168E+1	2,400E+1	3,000E+3	3,006E+3
1838,550	0,191	0,000	1,168E+1	2,400E+1	3,000E+3	2,993E+3
1839,550	0,191	0,000	1,168E+1	2,400E+1	3,000E+3	2,988E+3
1840,551	0,191	0,000	1,168E+1	2,400E+1	3,000E+3	3,004E+3
1841,551	0,191	0,000	1,167E+1	2,400E+1	3,000E+3	2,992E+3
1842,552	0,191	0,000	1,168E+1	2,400E+1	3,000E+3	3,009E+3
1843,551	0,191	0,000	1,168E+1	2,400E+1	3,000E+3	2,994E+3
1844,553	0,191	0,000	1,167E+1	2,400E+1	3,000E+3	2,998E+3
1845,553	0,191	0,000	1,168E+1	2,400E+1	3,000E+3	2,998E+3
1846,552	0,191	0,000	1,168E+1	2,400E+1	3,000E+3	2,999E+3
1847,553	0,191	0,000	1,168E+1	2,400E+1	3,000E+3	3,007E+3
1848,552	0,191	0,000	1,168E+1	2,400E+1	3,000E+3	3,004E+3
1849,553	0,191	0,000	1,168E+1	2,400E+1	3,000E+3	2,989E+3
1850,553	0,191	0,000	1,168E+1	2,400E+1	3,000E+3	3,007E+3
1851,553	0,191	0,000	1,168E+1	2,400E+1	3,000E+3	2,994E+3
1852,553	0,191	0,000	1,168E+1	2,400E+1	3,000E+3	2,998E+3
1853,552	0,191	0,000	1,168E+1	2,400E+1	3,000E+3	2,999E+3
1854,553	0,191	0,000	1,168E+1	2,400E+1	3,000E+3	2,995E+3
1855,553	0,191	0,000	1,168E+1	2,400E+1	3,000E+3	3,001E+3
1856,554	0,191	0,000	1,168E+1	2,400E+1	3,000E+3	3,004E+3
1857,554	0,191	0,000	1,168E+1	2,400E+1	3,000E+3	3,007E+3
1858,553	0,191	0,000	1,168E+1	2,400E+1	3,000E+3	3,008E+3
1859,554	0,191	0,000	1,168E+1	2,400E+1	3,000E+3	3,001E+3
1860,553	0,191	0,000	1,169E+1	2,400E+1	3,000E+3	3,004E+3
1861,555	0,191	0,000	1,169E+1	2,400E+1	3,000E+3	3,001E+3
1862,555	0,191	0,000	1,169E+1	2,400E+1	3,000E+3	2,996E+3
1863,557	0,191	0,000	1,168E+1	2,400E+1	3,000E+3	3,004E+3
1864,558	0,191	0,000	1,168E+1	2,400E+1	3,000E+3	2,996E+3
1865,557	0,191	0,000	1,168E+1	2,400E+1	3,000E+3	2,989E+3
1866,558	0,191	0,000	1,169E+1	2,400E+1	3,000E+3	3,005E+3
1867,557	0,191	0,000	1,169E+1	2,400E+1	3,000E+3	2,996E+3
1868,558	0,191	0,000	1,169E+1	2,400E+1	3,000E+3	2,995E+3
1869,557	0,191	0,000	1,169E+1	2,400E+1	3,000E+3	3,003E+3
1870,559	0,191	0,000	1,169E+1	2,400E+1	3,000E+3	3,001E+3
1871,559	0,191	0,000	1,169E+1	2,400E+1	3,000E+3	2,998E+3
1872,559	0,191	0,000	1,168E+1	2,400E+1	3,000E+3	3,006E+3
1873,559	0,191	0,000	1,168E+1	2,400E+1	3,000E+3	3,002E+3
1874,560	0,191	0,000	1,169E+1	2,400E+1	3,000E+3	2,999E+3
1875,560	0,191	0,000	1,169E+1	2,400E+1	3,000E+3	3,001E+3
1876,561	0,191	0,000	1,169E+1	2,400E+1	3,000E+3	2,998E+3
1877,561	0,191	0,000	1,169E+1	2,400E+1	3,000E+3	3,000E+3
1878,562	0,191	0,000	1,169E+1	2,400E+1	3,000E+3	2,997E+3
1879,563	0,191	0,000	1,169E+1	2,400E+1	3,000E+3	3,000E+3
1880,562	0,191	0,000	1,170E+1	2,400E+1	3,000E+3	3,019E+3
1881,563	0,191	0,000	1,169E+1	2,400E+1	3,000E+3	2,997E+3
1882,562	0,191	0,000	1,169E+1	2,400E+1	3,000E+3	3,009E+3
1883,563	0,191	0,000	1,169E+1	2,400E+1	3,000E+3	2,999E+3
1884,564	0,191	0,000	1,169E+1	2,400E+1	3,000E+3	2,999E+3
1885,563	0,191	0,000	1,169E+1	2,400E+1	3,000E+3	2,993E+3
1886,565	0,191	0,000	1,169E+1	2,400E+1	3,000E+3	2,988E+3
1887,564	0,191	0,000	1,169E+1	2,400E+1	3,000E+3	3,007E+3
1888,565	0,191	0,000	1,169E+1	2,400E+1	3,000E+3	3,006E+3
1889,564	0,191	0,000	1,169E+1	2,400E+1	3,000E+3	3,470E+3
1890,565	0,000	0,000	3,000E-1	2,400E+1	3,000E+3	3,367E+3
1891,564	0,000	0,000	3,000E-1	2,400E+1	3,000E+3	3,081E+3
1892,565	0,000	0,000	3,000E-1	2,400E+1	3,000E+3	2,799E+3
1893,566	0,000	0,000	3,000E-1	2,400E+1	3,000E+3	2,706E+3
1894,565	0,000	0,000	3,000E-1	2,400E+1	3,000E+3	2,899E+3
1895,566	0,000	0,000	3,000E-1	2,400E+1	3,000E+3	3,090E+3
1896,566	0,000	0,000	3,000E-1	2,400E+1	3,000E+3	3,071E+3
1897,567	0,000	0,000	3,000E-1	2,400E+1	3,000E+3	3,047E+3
