t	PL(A)	PL(B)	PL(T)	PL(E)	V(A)	V(B)	V(E)	I(A)	I(B)	I(E)	n_bracos	n_res
2275,541	0,000	0,000	0,000E+0	0,000E+0	2,250E+0	2,380E+0	0,000E+0	0,000E+0	0,000E+0	0,000E+0	7	0001
0,005	0,000	0,000	0,000E+0	0,000E+0	0,000E+0	0,000E+0	0,000E+0	0,000E+0	0,000E+0	0,000E+0	7	0001
1,005	0,000	0,000	0,000E+0	0,000E+0	0,000E+0	0,000E+0	0,000E+0	0,000E+0	0,000E+0	0,000E+0	7	0001
2,006	0,000	0,000	0,000E+0	0,000E+0	0,000E+0	0,000E+0	0,000E+0	0,000E+0	0,000E+0	0,000E+0	7	0001
3,006	0,000	0,000	0,000E+0	0,000E+0	0,000E+0	0,000E+0	0,000E+0	0,000E+0	0,000E+0	0,000E+0	7	0001
4,006	0,000	0,000	0,000E+0	0,000E+0	0,000E+0	0,000E+0	0,000E+0	0,000E+0	0,000E+0	0,000E+0	7	0001
5,006	0,000	0,000	0,000E+0	0,000E+0	0,000E+0	0,000E+0	0,000E+0	0,000E+0	0,000E+0	0,000E+0	7	0001
6,007	0,000	0,000	0,000E+0	0,000E+0	0,000E+0	0,000E+0	0,000E+0	0,000E+0	0,000E+0	0,000E+0	7	0001
7,006	0,000	0,000	0,000E+0	0,000E+0	0,000E+0	0,000E+0	0,000E+0	0,000E+0	0,000E+0	0,000E+0	7	0001
8,006	0,000	0,000	0,000E+0	0,000E+0	0,000E+0	0,000E+0	0,000E+0	0,000E+0	0,000E+0	0,000E+0	7	0001
9,006	0,000	0,000	0,000E+0	0,000E+0	0,000E+0	0,000E+0	0,000E+0	0,000E+0	0,000E+0	0,000E+0	7	0001
10,006	0,000	0,000	0,000E+0	0,000E+0	0,000E+0	0,000E+0	0,000E+0	0,000E+0	0,000E+0	0,000E+0	7	0001
11,006	0,000	0,000	0,000E+0	0,000E+0	0,000E+0	0,000E+0	0,000E+0	0,000E+0	0,000E+0	0,000E+0	7	0001
12,006	0,000	0,000	0,000E+0	0,000E+0	0,000E+0	0,000E+0	0,000E+0	0,000E+0	0,000E+0	0,000E+0	7	0001
13,007	0,000	0,000	0,000E+0	0,000E+0	0,000E+0	0,000E+0	0,000E+0	0,000E+0	0,000E+0	0,000E+0	7	0001
14,006	0,000	0,000	0,000E+0	0,000E+0	0,000E+0	0,000E+0	0,000E+0	0,000E+0	0,000E+0	0,000E+0	7	0001
15,007	0,000	0,000	0,000E+0	0,000E+0	0,000E+0	0,000E+0	0,000E+0	0,000E+0	0,000E+0	0,000E+0	7	0001
16,007	0,000	0,000	0,000E+0	0,000E+0	0,000E+0	0,000E+0	0,000E+0	0,000E+0	0,000E+0	0,000E+0	7	0001
17,007	0,000	0,000	0,000E+0	0,000E+0	0,000E+0	0,000E+0	0,000E+0	0,000E+0	0,000E+0	0,000E+0	7	0001
18,007	0,000	0,000	0,000E+0	0,000E+0	0,000E+0	0,000E+0	0,000E+0	0,000E+0	0,000E+0	0,000E+0	7	0001
19,007	0,000	0,000	0,000E+0	0,000E+0	0,000E+0	0,000E+0	0,000E+0	0,000E+0	0,000E+0	0,000E+0	7	0001
20,007	0,000	0,000	0,000E+0	0,000E+0	0,000E+0	0,000E+0	0,000E+0	0,000E+0	0,000E+0	0,000E+0	7	0001
21,007	0,000	0,000	0,000E+0	0,000E+0	0,000E+0	0,000E+0	0,000E+0	0,000E+0	0,000E+0	0,000E+0	7	0001
22,008	0,000	0,000	0,000E+0	0,000E+0	0,000E+0	0,000E+0	0,000E+0	0,000E+0	0,000E+0	0,000E+0	7	0001
23,008	0,000	0,000	0,000E+0	0,000E+0	0,000E+0	0,000E+0	0,000E+0	0,000E+0	0,000E+0	0,000E+0	7	0001
24,009	0,000	0,000	0,000E+0	0,000E+0	0,000E+0	0,000E+0	0,000E+0	0,000E+0	0,000E+0	0,000E+0	7	0001
25,009	0,000	0,000	0,000E+0	0,000E+0	0,000E+0	0,000E+0	0,000E+0	0,000E+0	0,000E+0	0,000E+0	7	0001
26,009	0,000	0,000	0,000E+0	0,000E+0	0,000E+0	0,000E+0	0,000E+0	0,000E+0	0,000E+0	0,000E+0	7	0001
27,010	0,000	0,000	0,000E+0	0,000E+0	0,000E+0	0,000E+0	0,000E+0	0,000E+0	0,000E+0	0,000E+0	7	0001
28,010	0,000	0,000	0,000E+0	0,000E+0	0,000E+0	0,000E+0	0,000E+0	0,000E+0	0,000E+0	0,000E+0	7	0001
29,010	0,000	0,000	0,000E+0	0,000E+0	0,000E+0	0,000E+0	0,000E+0	0,000E+0	0,000E+0	0,000E+0	7	0001
30,010	0,000	0,000	0,000E+0	0,000E+0	0,000E+0	0,000E+0	0,000E+0	0,000E+0	0,000E+0	0,000E+0	7	0001
31,010	0,000	0,000	0,000E+0	0,000E+0	0,000E+0	0,000E+0	0,000E+0	0,000E+0	0,000E+0	0,000E+0	7	0001
32,010	0,000	0,000	0,000E+0	0,000E+0	0,000E+0	0,000E+0	0,000E+0	0,000E+0	0,000E+0	0,000E+0	7	0001
33,010	0,000	0,000	0,000E+0	0,000E+0	0,000E+0	0,000E+0	0,000E+0	0,000E+0	0,000E+0	0,000E+0	7	0001
34,010	0,000	0,000	0,000E+0	0,000E+0	0,000E+0	0,000E+0	0,000E+0	0,000E+0	0,000E+0	0,000E+0	7	0001
35,010	0,000	0,000	0,000E+0	0,000E+0	0,000E+0	0,000E+0	0,000E+0	0,000E+0	0,000E+0	0,000E+0	7	0001
36,010	0,000	0,000	0,000E+0	0,000E+0	0,000E+0	0,000E+0	0,000E+0	0,000E+0	0,000E+0	0,000E+0	7	0001
37,010	0,000	0,000	0,000E+0	0,000E+0	0,000E+0	0,000E+0	0,000E+0	0,000E+0	0,000E+0	0,000E+0	7	0001
38,010	0,000	0,000	0,000E+0	0,000E+0	0,000E+0	0,000E+0	0,000E+0	0,000E+0	0,000E+0	0,000E+0	7	0001
39,011	0,000	0,000	0,000E+0	0,000E+0	0,000E+0	0,000E+0	0,000E+0	0,000E+0	0,000E+0	0,000E+0	7	0001
40,011	0,000	0,000	0,000E+0	0,000E+0	0,000E+0	0,000E+0	0,000E+0	0,000E+0	0,000E+0	0,000E+0	7	0001
41,011	0,000	0,000	0,000E+0	0,000E+0	0,000E+0	0,000E+0	0,000E+0	0,000E+0	0,000E+0	0,000E+0	7	0001
42,011	0,000	0,000	0,000E+0	0,000E+0	0,000E+0	0,000E+0	0,000E+0	0,000E+0	0,000E+0	0,000E+0	7	0001
43,011	0,000	0,000	0,000E+0	0,000E+0	0,000E+0	0,000E+0	0,000E+0	0,000E+0	0,000E+0	0,000E+0	7	0001
44,011	0,000	0,000	0,000E+0	0,000E+0	0,000E+0	0,000E+0	0,000E+0	0,000E+0	0,000E+0	0,000E+0	7	0001
45,011	0,000	0,000	0,000E+0	0,000E+0	0,000E+0	0,000E+0	0,000E+0	0,000E+0	0,000E+0	0,000E+0	7	0001
46,013	0,000	0,000	0,000E+0	0,000E+0	0,000E+0	0,000E+0	0,000E+0	0,000E+0	0,000E+0	0,000E+0	7	0001
47,012	0,000	0,000	0,000E+0	0,000E+0	0,000E+0	0,000E+0	0,000E+0	0,000E+0	0,000E+0	0,000E+0	7	0001
48,013	0,000	0,000	0,000E+0	0,000E+0	0,000E+0	0,000E+0	0,000E+0	0,000E+0	0,000E+0	0,000E+0	7	0001
49,013	0,000	0,000	0,000E+0	0,000E+0	0,000E+0	0,000E+0	0,000E+0	0,000E+0	0,000E+0	0,000E+0	7	0001
50,013	0,000	0,000	0,000E+0	0,000E+0	0,000E+0	0,000E+0	0,000E+0	0,000E+0	0,000E+0	0,000E+0	7	0001
51,014	0,000	0,000	0,000E+0	0,000E+0	0,000E+0	0,000E+0	0,000E+0	0,000E+0	0,000E+0	0,000E+0	7	0001
52,014	0,000	0,000	0,000E+0	0,000E+0	0,000E+0	0,000E+0	0,000E+0	0,000E+0	0,000E+0	0,000E+0	7	0001
53,015	0,000	0,000	0,000E+0	0,000E+0	0,000E+0	0,000E+0	0,000E+0	0,000E+0	0,000E+0	0,000E+0	7	0001
54,014	0,000	0,000	0,000E+0	0,000E+0	0,000E+0	0,000E+0	0,000E+0	0,000E+0	0,000E+0	0,000E+0	7	0001
55,014	0,000	0,000	0,000E+0	0,000E+0	0,000E+0	0,000E+0	0,000E+0	0,000E+0	0,000E+0	0,000E+0	7	0001
56,014	0,000	0,000	0,000E+0	0,000E+0	0,000E+0	0,000E+0	0,000E+0	0,000E+0	0,000E+0	0,000E+0	7	0001
57,014	0,000	0,000	0,000E+0	0,000E+0	0,000E+0	0,000E+0	0,000E+0	0,000E+0	0,000E+0	0,000E+0	7	0001
58,014	0,000	0,000	0,000E+0	0,000E+0	0,000E+0	0,000E+0	0,000E+0	0,000E+0	0,000E+0	0,000E+0	7	0001
59,014	0,000	0,000	0,000E+0	0,000E+0	0,000E+0	0,000E+0	0,000E+0	0,000E+0	0,000E+0	0,000E+0	7	0001
60,014	0,000	0,000	0,000E+0	0,000E+0	0,000E+0	0,000E+0	0,000E+0	0,000E+0	0,000E+0	0,000E+0	7	0001
61,014	0,000	0,000	0,000E+0	0,000E+0	0,000E+0	0,000E+0	0,000E+0	0,000E+0	0,000E+0	0,000E+0	7	0001
62,014	0,000	0,000	0,000E+0	0,000E+0	0,000E+0	0,000E+0	0,000E+0	0,000E+0	0,000E+0	0,000E+0	7	0001
63,014	0,000	0,000	0,000E+0	0,000E+0	0,000E+0	0,000E+0	0,000E+0	0,000E+0	0,000E+0	0,000E+0	7	0001
64,014	0,000	0,000	0,000E+0	0,000E+0	0,000E+0	0,000E+0	0,000E+0	0,000E+0	0,000E+0	0,000E+0	7	0001
65,014	0,000	0,000	0,000E+0	0,000E+0	0,000E+0	0,000E+0	0,000E+0	0,000E+0	0,000E+0	0,000E+0	7	0001
66,014	0,000	0,000	0,000E+0	0,000E+0	0,000E+0	0,000E+0	0,000E+0	0,000E+0	0,000E+0	0,000E+0	7	0001
67,014	0,000	0,000	0,000E+0	0,000E+0	0,000E+0	0,000E+0	0,000E+0	0,000E+0	0,000E+0	0,000E+0	7	0001
68,014	0,000	0,000	0,000E+0	0,000E+0	0,000E+0	0,000E+0	0,000E+0	0,000E+0	0,000E+0	0,000E+0	7	0001
69,014	0,000	0,000	0,000E+0	0,000E+0	0,000E+0	0,000E+0	0,000E+0	0,000E+0	0,000E+0	0,000E+0	7	0001
70,014	0,000	0,000	0,000E+0	0,000E+0	0,000E+0	0,000E+0	0,000E+0	0,000E+0	0,000E+0	0,000E+0	7	0001
71,014	0,000	0,000	0,000E+0	0,000E+0	0,000E+0	0,000E+0	0,000E+0	0,000E+0	0,000E+0	0,000E+0	7	0001
72,014	0,000	0,000	0,000E+0	0,000E+0	0,000E+0	0,000E+0	0,000E+0	0,000E+0	0,000E+0	0,000E+0	7	0001
73,014	0,000	0,000	0,000E+0	0,000E+0	0,000E+0	0,000E+0	0,000E+0	0,000E+0	0,000E+0	0,000E+0	7	0001
74,014	0,000	0,000	0,000E+0	0,000E+0	0,000E+0	0,000E+0	0,000E+0	0,000E+0	0,000E+0	0,000E+0	7	0001
75,014	0,000	0,000	0,000E+0	0,000E+0	0,000E+0	0,000E+0	0,000E+0	0,000E+0	0,000E+0	0,000E+0	7	0001
76,014	0,000	0,000	0,000E+0	0,000E+0	0,000E+0	0,000E+0	0,000E+0	0,000E+0	0,000E+0	0,000E+0	7	0001
77,015	0,000	0,000	0,000E+0	0,000E+0	0,000E+0	0,000E+0	0,000E+0	0,000E+0	0,000E+0	0,000E+0	7	0001
78,015	0,000	0,000	0,000E+0	0,000E+0	0,000E+0	0,000E+0	0,000E+0	0,000E+0	0,000E+0	0,000E+0	7	0001
79,016	0,000	0,000	0,000E+0	0,000E+0	0,000E+0	0,000E+0	0,000E+0	0,000E+0	0,000E+0	0,000E+0	7	0001
80,017	0,000	0,000	0,000E+0	0,000E+0	0,000E+0	0,000E+0	0,000E+0	0,000E+0	0,000E+0	0,000E+0	7	0001
81,017	0,000	0,000	0,000E+0	0,000E+0	0,000E+0	0,000E+0	0,000E+0	0,000E+0	0,000E+0	0,000E+0	7	0001
82,017	0,000	0,000	0,000E+0	0,000E+0	0,000E+0	0,000E+0	0,000E+0	0,000E+0	0,000E+0	0,000E+0	7	0001
83,017	0,000	0,000	0,000E+0	0,000E+0	0,000E+0	0,000E+0	0,000E+0	0,000E+0	0,000E+0	0,000E+0	7	0001
84,017	0,000	0,000	0,000E+0	0,000E+0	0,000E+0	0,000E+0	0,000E+0	0,000E+0	0,000E+0	0,000E+0	7	0001
85,017	0,000	0,000	0,000E+0	0,000E+0	0,000E+0	0,000E+0	0,000E+0	0,000E+0	0,000E+0	0,000E+0	7	0001
86,018	0,000	0,000	0,000E+0	0,000E+0	0,000E+0	0,000E+0	0,000E+0	0,000E+0	0,000E+0	0,000E+0	7	0001
87,017	0,000	0,000	0,000E+0	0,000E+0	0,000E+0	0,000E+0	0,000E+0	0,000E+0	0,000E+0	0,000E+0	7	0001
88,017	0,000	0,000	0,000E+0	0,000E+0	0,000E+0	0,000E+0	0,000E+0	0,000E+0	0,000E+0	0,000E+0	7	0001
89,017	0,000	0,000	0,000E+0	0,000E+0	0,000E+0	0,000E+0	0,000E+0	0,000E+0	0,000E+0	0,000E+0	7	0001
90,018	0,000	0,000	0,000E+0	0,000E+0	0,000E+0	0,000E+0	0,000E+0	0,000E+0	0,000E+0	0,000E+0	7	0001
91,018	0,000	0,000	0,000E+0	0,000E+0	0,000E+0	0,000E+0	0,000E+0	0,000E+0	0,000E+0	0,000E+0	7	0001
92,019	0,000	0,000	0,000E+0	0,000E+0	0,000E+0	0,000E+0	0,000E+0	0,000E+0	0,000E+0	0,000E+0	7	0001
93,020	0,000	0,000	0,000E+0	0,000E+0	0,000E+0	0,000E+0	0,000E+0	0,000E+0	0,000E+0	0,000E+0	7	0001
94,019	0,000	0,000	0,000E+0	0,000E+0	0,000E+0	0,000E+0	0,000E+0	0,000E+0	0,000E+0	0,000E+0	7	0001
95,019	0,000	0,000	0,000E+0	0,000E+0	0,000E+0	0,000E+0	0,000E+0	0,000E+0	0,000E+0	0,000E+0	7	0001
96,020	0,000	0,000	0,000E+0	0,000E+0	0,000E+0	0,000E+0	0,000E+0	0,000E+0	0,000E+0	0,000E+0	7	0001
97,020	0,000	8,900	8,900E+0	0,000E+0	1,456E+1	3,961E+1	0,000E+0	0,000E+0	1,449E+0	0,000E+0	7	0001
98,021	22,100	13,900	3,600E+1	0,000E+0	6,902E+1	5,893E+1	0,000E+0	2,236E+0	1,950E+0	0,000E+0	7	0001
99,021	0,000	0,000	0,000E+0	0,000E+0	1,756E+1	1,763E+1	0,000E+0	0,000E+0	0,000E+0	0,000E+0	7	0001
100,023	0,000	0,000	0,000E+0	0,000E+0	1,222E+1	9,190E+0	0,000E+0	0,000E+0	0,000E+0	0,000E+0	7	0001
101,022	0,000	0,000	0,000E+0	0,000E+0	3,480E+0	3,540E+0	0,000E+0	0,000E+0	0,000E+0	0,000E+0	7	0001
102,022	14,400	0,000	1,440E+1	0,000E+0	4,571E+1	1,765E+1	0,000E+0	1,851E+0	0,000E+0	0,000E+0	7	0001
103,023	14,400	0,000	1,440E+1	0,000E+0	4,571E+1	1,765E+1	0,000E+0	1,851E+0	0,000E+0	0,000E+0	7	0001
104,023	9,800	36,400	4,620E+1	0,000E+0	8,490E+1	9,232E+1	0,000E+0	1,483E+0	2,170E+0	0,000E+0	7	0001
105,023	34,300	40,900	7,520E+1	0,000E+0	1,344E+2	1,349E+2	0,000E+0	5,932E-1	5,871E-1	0,000E+0	7	0001
106,023	24,300	27,800	5,210E+1	0,000E+0	1,809E+2	1,805E+2	0,000E+0	3,273E-1	3,202E-1	0,000E+0	7	0001
107,023	9,300	8,600	1,790E+1	0,000E+0	1,684E+2	1,683E+2	0,000E+0	9,750E-2	9,640E-2	0,000E+0	7	0001
108,024	10,000	9,300	1,930E+1	0,000E+0	1,636E+2	1,635E+2	0,000E+0	1,098E-1	1,087E-1	0,000E+0	7	0001
109,024	18,300	17,200	3,550E+1	0,000E+0	1,702E+2	1,701E+2	0,000E+0	1,782E-1	1,770E-1	0,000E+0	7	0001
110,024	15,300	14,400	2,970E+1	0,000E+0	1,722E+2	1,722E+2	0,000E+0	1,493E-1	1,476E-1	0,000E+0	7	0001
111,025	13,900	12,900	2,680E+1	0,000E+0	1,712E+2	1,710E+2	0,000E+0	1,380E-1	1,353E-1	0,000E+0	7	0001
112,025	14,600	13,400	2,800E+1	0,000E+0	1,711E+2	1,707E+2	0,000E+0	1,440E-1	1,411E-1	0,000E+0	7	0001
113,025	15,000	14,100	2,910E+1	0,000E+0	1,716E+2	1,713E+2	0,000E+0	1,472E-1	1,457E-1	0,000E+0	7	0001
114,026	15,000	14,100	2,910E+1	0,000E+0	1,716E+2	1,713E+2	0,000E+0	1,472E-1	1,457E-1	0,000E+0	7	0001
115,026	14,300	13,500	2,780E+1	0,000E+0	1,710E+2	1,709E+2	0,000E+0	1,419E-1	1,406E-1	0,000E+0	7	0001
116,027	14,600	13,600	2,820E+1	0,000E+0	1,712E+2	1,712E+2	0,000E+0	1,438E-1	1,417E-1	0,000E+0	7	0001
117,028	14,700	13,700	2,840E+1	0,000E+0	1,713E+2	1,712E+2	0,000E+0	1,444E-1	1,430E-1	0,000E+0	7	0001
118,028	14,400	13,400	2,780E+1	0,000E+0	1,711E+2	1,710E+2	0,000E+0	1,423E-1	1,402E-1	0,000E+0	7	0001
119,028	14,400	13,500	2,790E+1	0,000E+0	1,711E+2	1,710E+2	0,000E+0	1,426E-1	1,405E-1	0,000E+0	7	0001
120,029	14,600	13,600	2,820E+1	0,000E+0	1,713E+2	1,712E+2	0,000E+0	1,443E-1	1,419E-1	0,000E+0	7	0001
121,030	14,600	13,500	2,810E+1	0,000E+0	1,713E+2	1,711E+2	0,000E+0	1,437E-1	1,415E-1	0,000E+0	7	0001
122,030	14,800	13,800	2,860E+1	0,000E+0	1,713E+2	1,713E+2	0,000E+0	1,457E-1	1,441E-1	0,000E+0	7	0001
123,030	14,700	13,700	2,840E+1	0,000E+0	1,716E+2	1,714E+2	0,000E+0	1,449E-1	1,431E-1	0,000E+0	7	0001
124,030	14,500	13,600	2,810E+1	0,000E+0	1,714E+2	1,711E+2	0,000E+0	1,428E-1	1,414E-1	0,000E+0	7	0001
125,030	14,500	13,600	2,810E+1	0,000E+0	1,714E+2	1,711E+2	0,000E+0	1,428E-1	1,414E-1	0,000E+0	7	0001
126,032	14,700	13,700	2,840E+1	0,000E+0	1,714E+2	1,712E+2	0,000E+0	1,449E-1	1,429E-1	0,000E+0	7	0001
127,032	14,400	13,500	2,790E+1	0,000E+0	1,712E+2	1,712E+2	0,000E+0	1,424E-1	1,409E-1	0,000E+0	7	0001
128,032	14,300	13,400	2,770E+1	0,000E+0	1,711E+2	1,710E+2	0,000E+0	1,418E-1	1,398E-1	0,000E+0	7	0001
129,032	14,500	13,500	2,800E+1	0,000E+0	1,712E+2	1,713E+2	0,000E+0	1,433E-1	1,412E-1	0,000E+0	7	0001
130,033	14,400	13,500	2,790E+1	0,000E+0	1,711E+2	1,711E+2	0,000E+0	1,428E-1	1,409E-1	0,000E+0	7	0001
131,033	14,700	13,800	2,850E+1	0,000E+0	1,715E+2	1,711E+2	0,000E+0	1,452E-1	1,437E-1	0,000E+0	7	0001
132,033	14,800	13,800	2,860E+1	0,000E+0	1,716E+2	1,714E+2	0,000E+0	1,454E-1	1,433E-1	0,000E+0	7	0001
133,034	14,600	13,700	2,830E+1	0,000E+0	1,712E+2	1,712E+2	0,000E+0	1,441E-1	1,422E-1	0,000E+0	7	0001
134,033	14,900	13,700	2,860E+1	0,000E+0	1,714E+2	1,712E+2	0,000E+0	1,462E-1	1,428E-1	0,000E+0	7	0001
135,033	14,600	13,800	2,840E+1	0,000E+0	1,712E+2	1,714E+2	0,000E+0	1,444E-1	1,433E-1	0,000E+0	7	0001
136,033	14,600	13,800	2,840E+1	0,000E+0	1,712E+2	1,714E+2	0,000E+0	1,444E-1	1,433E-1	0,000E+0	7	0001
137,033	15,100	14,000	2,910E+1	0,000E+0	1,715E+2	1,711E+2	0,000E+0	1,477E-1	1,458E-1	0,000E+0	7	0001
138,033	15,400	14,300	2,970E+1	0,000E+0	1,715E+2	1,713E+2	0,000E+0	1,506E-1	1,485E-1	0,000E+0	7	0001
139,033	15,400	14,300	2,970E+1	0,000E+0	1,717E+2	1,714E+2	0,000E+0	1,507E-1	1,482E-1	0,000E+0	7	0001
140,034	15,500	14,500	3,000E+1	0,000E+0	1,717E+2	1,716E+2	0,000E+0	1,513E-1	1,495E-1	0,000E+0	7	0001
141,033	15,900	14,800	3,070E+1	0,000E+0	1,718E+2	1,716E+2	0,000E+0	1,549E-1	1,523E-1	0,000E+0	7	0001
142,033	16,100	15,100	3,120E+1	0,000E+0	1,719E+2	1,718E+2	0,000E+0	1,564E-1	1,549E-1	0,000E+0	7	0001
143,033	16,800	15,700	3,250E+1	0,000E+0	1,721E+2	1,720E+2	0,000E+0	1,614E-1	1,591E-1	0,000E+0	7	0001
144,033	17,000	15,900	3,290E+1	0,000E+0	1,724E+2	1,722E+2	0,000E+0	1,628E-1	1,609E-1	0,000E+0	7	0001
145,034	17,300	16,300	3,360E+1	0,000E+0	1,724E+2	1,722E+2	0,000E+0	1,660E-1	1,642E-1	0,000E+0	7	0001
146,034	17,300	16,300	3,360E+1	0,000E+0	1,724E+2	1,722E+2	0,000E+0	1,660E-1	1,642E-1	0,000E+0	7	0001
147,036	17,900	16,500	3,440E+1	0,000E+0	1,726E+2	1,725E+2	0,000E+0	1,700E-1	1,670E-1	0,000E+0	7	0001
148,035	18,300	17,000	3,530E+1	0,000E+0	1,726E+2	1,722E+2	0,000E+0	1,731E-1	1,709E-1	0,000E+0	7	0001
149,035	19,300	18,000	3,730E+1	0,000E+0	1,726E+2	1,727E+2	0,000E+0	1,807E-1	1,790E-1	0,000E+0	7	0001
150,036	19,800	18,600	3,840E+1	0,000E+0	1,728E+2	1,729E+2	0,000E+0	1,848E-1	1,839E-1	0,000E+0	7	0001
151,037	20,700	19,300	4,000E+1	0,000E+0	1,731E+2	1,731E+2	0,000E+0	1,919E-1	1,891E-1	0,000E+0	7	0001
152,038	21,600	20,000	4,160E+1	0,000E+0	1,734E+2	1,731E+2	0,000E+0	1,991E-1	1,951E-1	0,000E+0	7	0001
153,039	21,600	20,000	4,160E+1	0,000E+0	1,734E+2	1,731E+2	0,000E+0	1,991E-1	1,951E-1	0,000E+0	7	0001
154,040	23,400	22,100	4,550E+1	0,000E+0	1,739E+2	1,738E+2	0,000E+0	2,142E-1	2,104E-1	0,000E+0	7	0001
155,039	24,300	23,400	4,770E+1	0,000E+0	1,742E+2	1,742E+2	0,000E+0	2,230E-1	2,202E-1	0,000E+0	7	0001
156,040	25,500	24,700	5,020E+1	0,000E+0	1,743E+2	1,742E+2	0,000E+0	2,334E-1	2,310E-1	0,000E+0	7	0001
157,041	26,500	25,900	5,240E+1	0,000E+0	1,747E+2	1,746E+2	0,000E+0	2,414E-1	2,395E-1	0,000E+0	7	0001
158,041	27,500	27,000	5,450E+1	0,000E+0	1,749E+2	1,748E+2	0,000E+0	2,510E-1	2,492E-1	0,000E+0	7	0001
159,041	27,500	27,000	5,450E+1	0,000E+0	1,749E+2	1,748E+2	0,000E+0	2,510E-1	2,492E-1	0,000E+0	7	0001
160,041	29,800	29,800	5,960E+1	0,000E+0	1,757E+2	1,753E+2	0,000E+0	2,723E-1	2,708E-1	0,000E+0	7	0001
161,041	31,100	31,000	6,210E+1	0,000E+0	1,759E+2	1,758E+2	0,000E+0	2,837E-1	2,797E-1	0,000E+0	7	0001
162,042	31,600	31,600	6,320E+1	0,000E+0	1,763E+2	1,757E+2	0,000E+0	2,871E-1	2,843E-1	0,000E+0	7	0001
163,043	32,600	32,700	6,530E+1	0,000E+0	1,761E+2	1,761E+2	0,000E+0	2,976E-1	2,934E-1	0,000E+0	7	0001
164,042	33,100	33,600	6,670E+1	0,000E+0	1,762E+2	1,762E+2	0,000E+0	3,023E-1	3,000E-1	0,000E+0	7	0001
165,043	33,100	33,600	6,670E+1	0,000E+0	1,762E+2	1,762E+2	0,000E+0	3,023E-1	3,000E-1	0,000E+0	7	0001
166,043	34,900	35,700	7,060E+1	0,000E+0	1,766E+2	1,767E+2	0,000E+0	3,190E-1	3,154E-1	0,000E+0	7	0001
167,043	35,300	36,000	7,130E+1	0,000E+0	1,770E+2	1,766E+2	0,000E+0	3,228E-1	3,185E-1	0,000E+0	7	0001
168,044	35,400	36,300	7,170E+1	0,000E+0	1,769E+2	1,769E+2	0,000E+0	3,240E-1	3,200E-1	0,000E+0	7	0001
169,045	35,800	37,000	7,280E+1	0,000E+0	1,770E+2	1,768E+2	0,000E+0	3,282E-1	3,254E-1	0,000E+0	7	0001
170,046	36,200	37,400	7,360E+1	0,000E+0	1,771E+2	1,769E+2	0,000E+0	3,320E-1	3,290E-1	0,000E+0	7	0001
171,045	36,500	37,800	7,430E+1	0,000E+0	1,772E+2	1,770E+2	0,000E+0	3,352E-1	3,327E-1	0,000E+0	7	0001
172,045	36,900	38,300	7,520E+1	0,000E+0	1,772E+2	1,771E+2	0,000E+0	3,390E-1	3,362E-1	0,000E+0	7	0001
173,045	37,100	38,500	7,560E+1	0,000E+0	1,772E+2	1,771E+2	0,000E+0	3,406E-1	3,381E-1	0,000E+0	7	0001
174,046	37,300	38,600	7,590E+1	0,000E+0	1,774E+2	1,770E+2	0,000E+0	3,434E-1	3,391E-1	0,000E+0	7	0001
175,047	37,400	38,900	7,630E+1	0,000E+0	1,774E+2	1,772E+2	0,000E+0	3,435E-1	3,409E-1	0,000E+0	7	0001
176,048	37,400	38,900	7,630E+1	0,000E+0	1,774E+2	1,772E+2	0,000E+0	3,435E-1	3,409E-1	0,000E+0	7	0001
177,048	37,800	39,400	7,720E+1	0,000E+0	1,775E+2	1,771E+2	0,000E+0	3,486E-1	3,449E-1	0,000E+0	7	0001
178,049	38,000	39,400	7,740E+1	0,000E+0	1,776E+2	1,772E+2	0,000E+0	3,496E-1	3,452E-1	0,000E+0	7	0001
179,049	37,900	39,400	7,730E+1	0,000E+0	1,774E+2	1,774E+2	0,000E+0	3,480E-1	3,436E-1	0,000E+0	7	0001
180,050	38,100	40,000	7,810E+1	0,000E+0	1,776E+2	1,773E+2	0,000E+0	3,514E-1	3,494E-1	0,000E+0	7	0001
181,050	38,000	39,900	7,790E+1	0,000E+0	1,775E+2	1,775E+2	0,000E+0	3,504E-1	3,481E-1	0,000E+0	7	0001
182,051	38,100	40,100	7,820E+1	0,000E+0	1,774E+2	1,774E+2	0,000E+0	3,513E-1	3,494E-1	0,000E+0	7	0001
183,051	38,300	40,100	7,840E+1	0,000E+0	1,776E+2	1,774E+2	0,000E+0	3,522E-1	3,496E-1	0,000E+0	7	0001
184,053	58,700	68,800	1,275E+2	0,000E+0	1,809E+2	1,812E+2	0,000E+0	5,778E-1	5,727E-1	0,000E+0	7	0001
185,053	62,600	74,100	1,367E+2	0,000E+0	1,833E+2	1,830E+2	0,000E+0	6,077E-1	6,008E-1	0,000E+0	7	0001
186,054	62,600	74,100	1,367E+2	0,000E+0	1,833E+2	1,830E+2	0,000E+0	6,077E-1	6,008E-1	0,000E+0	7	0001
187,054	57,500	66,800	1,243E+2	0,000E+0	1,818E+2	1,819E+2	0,000E+0	5,530E-1	5,467E-1	0,000E+0	7	0001
188,054	60,800	71,100	1,319E+2	0,000E+0	1,823E+2	1,823E+2	0,000E+0	5,887E-1	5,800E-1	0,000E+0	7	0001
189,055	61,900	73,700	1,356E+2	0,000E+0	1,830E+2	1,829E+2	0,000E+0	6,025E-1	5,977E-1	0,000E+0	7	0001
190,056	62,200	73,900	1,361E+2	0,000E+0	1,828E+2	1,829E+2	0,000E+0	6,042E-1	5,989E-1	0,000E+0	7	0001
191,056	62,500	74,300	1,368E+2	0,000E+0	1,832E+2	1,830E+2	0,000E+0	6,094E-1	6,018E-1	0,000E+0	7	0001
192,056	63,700	75,900	1,396E+2	0,000E+0	1,832E+2	1,832E+2	0,000E+0	6,195E-1	6,130E-1	0,000E+0	7	0001
193,056	63,700	75,900	1,396E+2	0,000E+0	1,832E+2	1,832E+2	0,000E+0	6,195E-1	6,130E-1	0,000E+0	7	0001
194,056	64,300	77,200	1,415E+2	0,000E+0	1,836E+2	1,833E+2	0,000E+0	6,278E-1	6,222E-1	0,000E+0	7	0001
195,057	64,900	78,100	1,430E+2	0,000E+0	1,840E+2	1,838E+2	0,000E+0	6,358E-1	6,286E-1	0,000E+0	7	0001
196,057	64,900	78,600	1,435E+2	0,000E+0	1,839E+2	1,838E+2	0,000E+0	6,367E-1	6,324E-1	0,000E+0	7	0001
197,057	65,200	79,100	1,443E+2	0,000E+0	1,844E+2	1,841E+2	0,000E+0	6,398E-1	6,351E-1	0,000E+0	7	0001
198,057	65,400	79,300	1,447E+2	0,000E+0	1,838E+2	1,840E+2	0,000E+0	6,431E-1	6,372E-1	0,000E+0	7	0001
199,057	65,400	79,300	1,447E+2	0,000E+0	1,838E+2	1,840E+2	0,000E+0	6,431E-1	6,372E-1	0,000E+0	7	0001
200,057	66,100	80,300	1,464E+2	0,000E+0	1,843E+2	1,841E+2	0,000E+0	6,495E-1	6,436E-1	0,000E+0	7	0001
201,057	66,200	80,700	1,469E+2	0,000E+0	1,841E+2	1,840E+2	0,000E+0	6,523E-1	6,464E-1	0,000E+0	7	0001
202,058	66,400	80,600	1,470E+2	0,000E+0	1,843E+2	1,839E+2	0,000E+0	6,539E-1	6,458E-1	0,000E+0	7	0001
203,058	66,300	81,000	1,473E+2	0,000E+0	1,841E+2	1,841E+2	0,000E+0	6,527E-1	6,481E-1	0,000E+0	7	0001
204,058	66,600	80,800	1,474E+2	0,000E+0	1,841E+2	1,838E+2	0,000E+0	6,538E-1	6,479E-1	0,000E+0	7	0001
205,058	66,800	81,300	1,481E+2	0,000E+0	1,844E+2	1,839E+2	0,000E+0	6,587E-1	6,513E-1	0,000E+0	7	0001
206,059	66,600	81,600	1,482E+2	0,000E+0	1,843E+2	1,842E+2	0,000E+0	6,583E-1	6,518E-1	0,000E+0	7	0001
207,058	66,700	81,700	1,484E+2	0,000E+0	1,842E+2	1,840E+2	0,000E+0	6,574E-1	6,529E-1	0,000E+0	7	0001
208,058	66,900	81,900	1,488E+2	0,000E+0	1,842E+2	1,841E+2	0,000E+0	6,602E-1	6,549E-1	0,000E+0	7	0001
209,058	66,900	81,600	1,485E+2	0,000E+0	1,842E+2	1,841E+2	0,000E+0	6,582E-1	6,528E-1	0,000E+0	7	0001
210,058	66,900	81,600	1,485E+2	0,000E+0	1,842E+2	1,841E+2	0,000E+0	6,582E-1	6,528E-1	0,000E+0	7	0001
211,058	67,200	81,800	1,490E+2	0,000E+0	1,843E+2	1,840E+2	0,000E+0	6,601E-1	6,541E-1	0,000E+0	7	0001
212,058	67,200	81,900	1,491E+2	0,000E+0	1,843E+2	1,840E+2	0,000E+0	6,614E-1	6,561E-1	0,000E+0	7	0001
213,058	67,000	81,800	1,488E+2	0,000E+0	1,844E+2	1,839E+2	0,000E+0	6,600E-1	6,543E-1	0,000E+0	7	0001
214,058	66,800	81,600	1,484E+2	0,000E+0	1,842E+2	1,839E+2	0,000E+0	6,594E-1	6,534E-1	0,000E+0	7	0001
215,058	67,100	81,900	1,490E+2	0,000E+0	1,843E+2	1,840E+2	0,000E+0	6,614E-1	6,556E-1	0,000E+0	7	0001
216,058	67,100	81,900	1,490E+2	0,000E+0	1,843E+2	1,840E+2	0,000E+0	6,614E-1	6,556E-1	0,000E+0	7	0001
217,058	67,200	82,400	1,496E+2	0,000E+0	1,842E+2	1,841E+2	0,000E+0	6,637E-1	6,581E-1	0,000E+0	7	0001
218,058	67,200	82,000	1,492E+2	0,000E+0	1,844E+2	1,840E+2	0,000E+0	6,618E-1	6,554E-1	0,000E+0	7	0001
219,059	67,200	82,000	1,492E+2	0,000E+0	1,842E+2	1,840E+2	0,000E+0	6,608E-1	6,562E-1	0,000E+0	7	0001
220,060	67,600	82,400	1,500E+2	0,000E+0	1,845E+2	1,842E+2	0,000E+0	6,662E-1	6,583E-1	0,000E+0	7	0001
221,060	67,000	82,600	1,496E+2	0,000E+0	1,845E+2	1,844E+2	0,000E+0	6,634E-1	6,584E-1	0,000E+0	7	0001
222,060	67,000	82,100	1,491E+2	0,000E+0	1,842E+2	1,844E+2	0,000E+0	6,623E-1	6,556E-1	0,000E+0	7	0001
223,060	67,400	82,500	1,499E+2	0,000E+0	1,844E+2	1,842E+2	0,000E+0	6,642E-1	6,589E-1	0,000E+0	7	0001
224,060	67,300	82,400	1,497E+2	0,000E+0	1,844E+2	1,840E+2	0,000E+0	6,658E-1	6,582E-1	0,000E+0	7	0001
225,061	67,000	82,300	1,493E+2	0,000E+0	1,841E+2	1,841E+2	0,000E+0	6,602E-1	6,574E-1	0,000E+0	7	0001
226,060	67,300	82,400	1,497E+2	0,000E+0	1,844E+2	1,842E+2	0,000E+0	6,638E-1	6,580E-1	0,000E+0	7	0001
227,060	67,300	82,400	1,497E+2	0,000E+0	1,844E+2	1,842E+2	0,000E+0	6,638E-1	6,580E-1	0,000E+0	7	0001
228,060	67,300	82,400	1,497E+2	0,000E+0	1,844E+2	1,841E+2	0,000E+0	6,648E-1	6,577E-1	0,000E+0	7	0001
229,060	67,100	82,300	1,494E+2	0,000E+0	1,841E+2	1,841E+2	0,000E+0	6,613E-1	6,571E-1	0,000E+0	7	0001
230,061	67,100	82,400	1,495E+2	0,000E+0	1,842E+2	1,842E+2	0,000E+0	6,628E-1	6,576E-1	0,000E+0	7	0001
231,061	67,300	81,900	1,492E+2	0,000E+0	1,842E+2	1,840E+2	0,000E+0	6,621E-1	6,555E-1	0,000E+0	7	0001
232,062	67,300	82,300	1,496E+2	0,000E+0	1,845E+2	1,840E+2	0,000E+0	6,622E-1	6,588E-1	0,000E+0	7	0001
233,062	67,300	82,300	1,496E+2	0,000E+0	1,845E+2	1,840E+2	0,000E+0	6,622E-1	6,588E-1	0,000E+0	7	0001
234,062	67,200	82,500	1,497E+2	0,000E+0	1,841E+2	1,841E+2	0,000E+0	6,627E-1	6,591E-1	0,000E+0	7	0001
235,062	67,100	82,600	1,497E+2	0,000E+0	1,841E+2	1,843E+2	0,000E+0	6,639E-1	6,577E-1	0,000E+0	7	0001
236,063	67,500	82,100	1,496E+2	0,000E+0	1,844E+2	1,840E+2	0,000E+0	6,646E-1	6,568E-1	0,000E+0	7	0001
237,064	67,200	82,300	1,495E+2	0,000E+0	1,843E+2	1,843E+2	0,000E+0	6,633E-1	6,579E-1	0,000E+0	7	0001
238,064	67,300	82,500	1,498E+2	0,000E+0	1,844E+2	1,841E+2	0,000E+0	6,657E-1	6,597E-1	0,000E+0	7	0001
239,064	67,300	82,400	1,497E+2	0,000E+0	1,843E+2	1,842E+2	0,000E+0	6,635E-1	6,581E-1	0,000E+0	7	0001
240,064	67,500	82,300	1,498E+2	0,000E+0	1,845E+2	1,841E+2	0,000E+0	6,637E-1	6,583E-1	0,000E+0	7	0001
241,064	67,400	82,400	1,498E+2	0,000E+0	1,844E+2	1,841E+2	0,000E+0	6,650E-1	6,587E-1	0,000E+0	7	0001
242,065	67,500	82,300	1,498E+2	0,000E+0	1,844E+2	1,841E+2	0,000E+0	6,651E-1	6,574E-1	0,000E+0	7	0001
243,064	67,500	82,300	1,498E+2	0,000E+0	1,844E+2	1,841E+2	0,000E+0	6,651E-1	6,574E-1	0,000E+0	7	0001
244,064	67,100	82,800	1,499E+2	0,000E+0	1,843E+2	1,843E+2	0,000E+0	6,640E-1	6,605E-1	0,000E+0	7	0001
245,064	67,100	82,600	1,497E+2	0,000E+0	1,841E+2	1,842E+2	0,000E+0	6,623E-1	6,581E-1	0,000E+0	7	0001
246,064	67,100	82,600	1,497E+2	0,000E+0	1,841E+2	1,842E+2	0,000E+0	6,623E-1	6,581E-1	0,000E+0	7	0001
247,064	67,400	82,100	1,495E+2	0,000E+0	1,844E+2	1,842E+2	0,000E+0	6,652E-1	6,567E-1	0,000E+0	7	0001
248,065	67,600	82,500	1,501E+2	0,000E+0	1,841E+2	1,841E+2	0,000E+0	6,631E-1	6,593E-1	0,000E+0	7	0001
249,064	67,200	82,400	1,496E+2	0,000E+0	1,843E+2	1,841E+2	0,000E+0	6,649E-1	6,586E-1	0,000E+0	7	0001
250,064	67,300	82,600	1,499E+2	0,000E+0	1,842E+2	1,840E+2	0,000E+0	6,658E-1	6,597E-1	0,000E+0	7	0001
251,064	67,300	82,900	1,502E+2	0,000E+0	1,843E+2	1,843E+2	0,000E+0	6,661E-1	6,603E-1	0,000E+0	7	0001
252,064	67,300	82,700	1,500E+2	0,000E+0	1,841E+2	1,842E+2	0,000E+0	6,651E-1	6,594E-1	0,000E+0	7	0001
253,065	67,200	82,900	1,501E+2	0,000E+0	1,844E+2	1,841E+2	0,000E+0	6,652E-1	6,614E-1	0,000E+0	7	0001
254,065	67,200	82,900	1,501E+2	0,000E+0	1,844E+2	1,841E+2	0,000E+0	6,652E-1	6,614E-1	0,000E+0	7	0001
255,065	67,700	82,500	1,502E+2	0,000E+0	1,844E+2	1,839E+2	0,000E+0	6,663E-1	6,601E-1	0,000E+0	7	0001
256,065	67,500	82,500	1,500E+2	0,000E+0	1,843E+2	1,841E+2	0,000E+0	6,661E-1	6,591E-1	0,000E+0	7	0001
257,065	67,300	82,300	1,496E+2	0,000E+0	1,844E+2	1,841E+2	0,000E+0	6,661E-1	6,586E-1	0,000E+0	7	0001
258,065	67,700	82,400	1,501E+2	0,000E+0	1,844E+2	1,839E+2	0,000E+0	6,663E-1	6,593E-1	0,000E+0	7	0001
259,065	67,700	82,400	1,501E+2	0,000E+0	1,844E+2	1,839E+2	0,000E+0	6,663E-1	6,593E-1	0,000E+0	7	0001
260,065	67,700	82,400	1,501E+2	0,000E+0	1,844E+2	1,839E+2	0,000E+0	6,663E-1	6,593E-1	0,000E+0	7	0001
261,065	67,700	82,400	1,501E+2	0,000E+0	1,844E+2	1,839E+2	0,000E+0	6,663E-1	6,593E-1	0,000E+0	7	0001
262,066	67,700	82,400	1,501E+2	0,000E+0	1,844E+2	1,839E+2	0,000E+0	6,663E-1	6,593E-1	0,000E+0	7	0001
263,065	67,700	82,400	1,501E+2	0,000E+0	1,844E+2	1,839E+2	0,000E+0	6,663E-1	6,593E-1	0,000E+0	7	0001
264,066	67,700	82,400	1,501E+2	0,000E+0	1,844E+2	1,839E+2	0,000E+0	6,663E-1	6,593E-1	0,000E+0	7	0001
265,066	67,700	82,400	1,501E+2	0,000E+0	1,844E+2	1,839E+2	0,000E+0	6,663E-1	6,593E-1	0,000E+0	7	0001
266,066	67,700	82,400	1,501E+2	0,000E+0	1,844E+2	1,839E+2	0,000E+0	6,663E-1	6,593E-1	0,000E+0	7	0001
267,067	67,300	82,300	1,496E+2	0,000E+0	1,843E+2	1,840E+2	0,000E+0	6,643E-1	6,574E-1	0,000E+0	7	0001
268,066	67,300	82,300	1,496E+2	0,000E+0	1,843E+2	1,840E+2	0,000E+0	6,643E-1	6,574E-1	0,000E+0	7	0001
269,067	67,300	82,300	1,496E+2	0,000E+0	1,843E+2	1,840E+2	0,000E+0	6,643E-1	6,574E-1	0,000E+0	7	0001
270,067	67,100	82,200	1,493E+2	0,000E+0	1,842E+2	1,841E+2	0,000E+0	6,626E-1	6,572E-1	0,000E+0	7	0001
271,067	67,100	82,200	1,493E+2	0,000E+0	1,842E+2	1,841E+2	0,000E+0	6,626E-1	6,572E-1	0,000E+0	7	0001
272,067	67,100	82,300	1,494E+2	0,000E+0	1,842E+2	1,841E+2	0,000E+0	6,621E-1	6,583E-1	0,000E+0	7	0001
273,067	67,100	82,300	1,494E+2	0,000E+0	1,842E+2	1,841E+2	0,000E+0	6,621E-1	6,583E-1	0,000E+0	7	0001
274,067	67,400	82,200	1,496E+2	0,000E+0	1,845E+2	1,842E+2	0,000E+0	6,648E-1	6,570E-1	0,000E+0	7	0001
275,068	67,400	82,200	1,496E+2	0,000E+0	1,845E+2	1,842E+2	0,000E+0	6,648E-1	6,570E-1	0,000E+0	7	0001
276,068	67,500	82,000	1,495E+2	0,000E+0	1,842E+2	1,838E+2	0,000E+0	6,639E-1	6,566E-1	0,000E+0	7	0001
277,068	67,500	82,200	1,497E+2	0,000E+0	1,844E+2	1,842E+2	0,000E+0	6,650E-1	6,572E-1	0,000E+0	6	0001
278,068	67,300	82,400	1,497E+2	0,000E+0	1,843E+2	1,843E+2	0,000E+0	6,641E-1	6,587E-1	0,000E+0	6	0001
279,070	67,200	82,400	1,496E+2	0,000E+0	1,844E+2	1,843E+2	0,000E+0	6,631E-1	6,581E-1	0,000E+0	6	0001
280,069	67,200	82,600	1,498E+2	0,000E+0	1,845E+2	1,844E+2	0,000E+0	6,653E-1	6,592E-1	0,000E+0	6	0001
281,070	67,500	82,700	1,502E+2	0,000E+0	1,843E+2	1,842E+2	0,000E+0	6,662E-1	6,609E-1	0,000E+0	6	0001
282,070	67,500	82,600	1,501E+2	0,000E+0	1,844E+2	1,841E+2	0,000E+0	6,656E-1	6,599E-1	0,000E+0	6	0001
283,071	67,100	82,400	1,495E+2	0,000E+0	1,844E+2	1,843E+2	0,000E+0	6,625E-1	6,578E-1	0,000E+0	6	0001
284,071	67,300	82,600	1,499E+2	0,000E+0	1,844E+2	1,842E+2	0,000E+0	6,660E-1	6,598E-1	0,000E+0	6	0001
285,072	67,300	82,600	1,499E+2	0,000E+0	1,844E+2	1,842E+2	0,000E+0	6,660E-1	6,598E-1	0,000E+0	6	0001
286,073	67,300	82,600	1,499E+2	0,000E+0	1,844E+2	1,842E+2	0,000E+0	6,660E-1	6,598E-1	0,000E+0	6	0001
287,072	67,300	82,600	1,499E+2	0,000E+0	1,844E+2	1,842E+2	0,000E+0	6,660E-1	6,598E-1	0,000E+0	6	0001
288,072	67,700	82,500	1,502E+2	0,000E+0	1,844E+2	1,842E+2	0,000E+0	6,666E-1	6,593E-1	0,000E+0	6	0001
289,072	67,700	82,500	1,502E+2	0,000E+0	1,844E+2	1,842E+2	0,000E+0	6,666E-1	6,593E-1	0,000E+0	6	0001
290,072	67,200	82,700	1,499E+2	0,000E+0	1,842E+2	1,839E+2	0,000E+0	6,653E-1	6,603E-1	0,000E+0	6	0001
291,072	67,200	82,700	1,499E+2	0,000E+0	1,842E+2	1,839E+2	0,000E+0	6,653E-1	6,603E-1	0,000E+0	6	0001
292,073	67,200	82,700	1,499E+2	0,000E+0	1,842E+2	1,839E+2	0,000E+0	6,653E-1	6,603E-1	0,000E+0	6	0001
293,073	67,200	82,600	1,498E+2	0,000E+0	1,843E+2	1,842E+2	0,000E+0	6,639E-1	6,597E-1	0,000E+0	6	0001
294,073	67,200	82,600	1,498E+2	0,000E+0	1,843E+2	1,842E+2	0,000E+0	6,639E-1	6,597E-1	0,000E+0	6	0001
295,073	67,200	82,600	1,498E+2	0,000E+0	1,843E+2	1,842E+2	0,000E+0	6,639E-1	6,597E-1	0,000E+0	6	0001
296,074	67,200	82,600	1,498E+2	0,000E+0	1,843E+2	1,842E+2	0,000E+0	6,639E-1	6,597E-1	0,000E+0	6	0001
297,073	67,400	82,200	1,496E+2	0,000E+0	1,843E+2	1,841E+2	0,000E+0	6,645E-1	6,580E-1	0,000E+0	6	0001
298,073	67,500	82,600	1,501E+2	0,000E+0	1,844E+2	1,842E+2	0,000E+0	6,664E-1	6,594E-1	0,000E+0	6	0001
299,073	67,400	82,100	1,495E+2	0,000E+0	1,842E+2	1,840E+2	0,000E+0	6,647E-1	6,570E-1	0,000E+0	6	0001
300,074	67,400	82,500	1,499E+2	0,000E+0	1,844E+2	1,840E+2	0,000E+0	6,660E-1	6,590E-1	0,000E+0	6	0001
301,074	67,400	82,500	1,499E+2	0,000E+0	1,844E+2	1,840E+2	0,000E+0	6,660E-1	6,590E-1	0,000E+0	6	0001
302,075	67,500	82,700	1,502E+2	0,000E+0	1,844E+2	1,841E+2	0,000E+0	6,667E-1	6,601E-1	0,000E+0	6	0001
303,075	67,300	82,400	1,497E+2	0,000E+0	1,844E+2	1,842E+2	0,000E+0	6,638E-1	6,584E-1	0,000E+0	5	0001
304,075	67,500	82,600	1,501E+2	0,000E+0	1,844E+2	1,843E+2	0,000E+0	6,664E-1	6,594E-1	0,000E+0	5	0001
305,077	67,300	82,400	1,497E+2	0,000E+0	1,849E+2	1,846E+2	0,000E+0	6,642E-1	6,584E-1	0,000E+0	5	0001
306,076	67,500	82,600	1,501E+2	0,000E+0	1,846E+2	1,845E+2	0,000E+0	6,657E-1	6,596E-1	0,000E+0	5	0001
307,076	67,500	82,600	1,501E+2	0,000E+0	1,846E+2	1,845E+2	0,000E+0	6,657E-1	6,596E-1	0,000E+0	5	0001
308,076	67,500	82,600	1,501E+2	0,000E+0	1,846E+2	1,845E+2	0,000E+0	6,657E-1	6,596E-1	0,000E+0	5	0001
309,076	67,500	82,600	1,501E+2	0,000E+0	1,846E+2	1,845E+2	0,000E+0	6,657E-1	6,596E-1	0,000E+0	5	0001
310,076	67,500	82,600	1,501E+2	0,000E+0	1,846E+2	1,845E+2	0,000E+0	6,657E-1	6,596E-1	0,000E+0	5	0001
311,076	67,000	82,700	1,497E+2	0,000E+0	1,844E+2	1,843E+2	0,000E+0	6,641E-1	6,602E-1	0,000E+0	5	0001
312,076	67,000	82,700	1,497E+2	0,000E+0	1,844E+2	1,843E+2	0,000E+0	6,641E-1	6,602E-1	0,000E+0	5	0001
313,076	67,000	82,700	1,497E+2	0,000E+0	1,844E+2	1,843E+2	0,000E+0	6,641E-1	6,602E-1	0,000E+0	5	0001
314,076	67,400	82,300	1,497E+2	0,000E+0	1,846E+2	1,840E+2	0,000E+0	6,674E-1	6,589E-1	0,000E+0	5	0001
315,076	67,400	82,300	1,497E+2	0,000E+0	1,846E+2	1,840E+2	0,000E+0	6,674E-1	6,589E-1	0,000E+0	5	0001
316,077	67,400	82,300	1,497E+2	0,000E+0	1,846E+2	1,840E+2	0,000E+0	6,674E-1	6,589E-1	0,000E+0	5	0001
317,077	67,500	83,000	1,505E+2	0,000E+0	1,843E+2	1,844E+2	0,000E+0	6,683E-1	6,618E-1	0,000E+0	5	0001
318,079	67,500	83,000	1,505E+2	0,000E+0	1,844E+2	1,843E+2	0,000E+0	6,689E-1	6,622E-1	0,000E+0	5	0001
319,079	67,300	82,600	1,499E+2	0,000E+0	1,844E+2	1,840E+2	0,000E+0	6,670E-1	6,609E-1	0,000E+0	5	0001
320,079	67,400	82,600	1,500E+2	0,000E+0	1,843E+2	1,843E+2	0,000E+0	6,658E-1	6,593E-1	0,000E+0	5	0001
321,079	67,500	82,300	1,498E+2	0,000E+0	1,843E+2	1,840E+2	0,000E+0	6,655E-1	6,584E-1	0,000E+0	5	0001
322,079	67,500	82,300	1,498E+2	0,000E+0	1,843E+2	1,840E+2	0,000E+0	6,655E-1	6,584E-1	0,000E+0	5	0001
323,079	67,600	82,400	1,500E+2	0,000E+0	1,843E+2	1,842E+2	0,000E+0	6,669E-1	6,592E-1	0,000E+0	4	0001
324,079	67,200	82,600	1,498E+2	0,000E+0	1,843E+2	1,842E+2	0,000E+0	6,649E-1	6,602E-1	0,000E+0	4	0001
325,079	67,500	82,300	1,498E+2	0,000E+0	1,844E+2	1,840E+2	0,000E+0	6,654E-1	6,587E-1	0,000E+0	4	0001
326,079	67,300	82,700	1,500E+2	0,000E+0	1,842E+2	1,841E+2	0,000E+0	6,647E-1	6,603E-1	0,000E+0	4	0001
327,079	67,200	82,500	1,497E+2	0,000E+0	1,843E+2	1,843E+2	0,000E+0	6,636E-1	6,588E-1	0,000E+0	4	0001
328,079	67,200	82,500	1,497E+2	0,000E+0	1,843E+2	1,843E+2	0,000E+0	6,636E-1	6,588E-1	0,000E+0	4	0001
329,079	67,200	82,500	1,497E+2	0,000E+0	1,843E+2	1,843E+2	0,000E+0	6,636E-1	6,588E-1	0,000E+0	4	0001
330,079	67,200	82,500	1,497E+2	0,000E+0	1,843E+2	1,843E+2	0,000E+0	6,636E-1	6,588E-1	0,000E+0	4	0001
331,079	67,400	82,900	1,503E+2	0,000E+0	1,844E+2	1,841E+2	0,000E+0	6,678E-1	6,618E-1	0,000E+0	4	0001
332,079	67,600	82,600	1,502E+2	0,000E+0	1,843E+2	1,841E+2	0,000E+0	6,663E-1	6,599E-1	0,000E+0	4	0001
333,079	67,600	82,600	1,502E+2	0,000E+0	1,843E+2	1,841E+2	0,000E+0	6,663E-1	6,599E-1	0,000E+0	4	0001
334,079	67,600	82,600	1,502E+2	0,000E+0	1,843E+2	1,841E+2	0,000E+0	6,663E-1	6,599E-1	0,000E+0	4	0001
335,079	67,600	82,600	1,502E+2	0,000E+0	1,843E+2	1,841E+2	0,000E+0	6,663E-1	6,599E-1	0,000E+0	4	0001
336,079	67,300	82,700	1,500E+2	0,000E+0	1,844E+2	1,840E+2	0,000E+0	6,655E-1	6,613E-1	0,000E+0	4	0001
337,080	67,300	82,700	1,500E+2	0,000E+0	1,844E+2	1,840E+2	0,000E+0	6,655E-1	6,613E-1	0,000E+0	4	0001
338,080	67,300	82,700	1,500E+2	0,000E+0	1,844E+2	1,840E+2	0,000E+0	6,655E-1	6,613E-1	0,000E+0	4	0001
339,080	67,200	82,500	1,497E+2	0,000E+0	1,841E+2	1,839E+2	0,000E+0	6,645E-1	6,597E-1	0,000E+0	4	0001
340,080	67,200	82,500	1,497E+2	0,000E+0	1,843E+2	1,840E+2	0,000E+0	6,651E-1	6,593E-1	0,000E+0	4	0001
341,080	67,100	82,600	1,497E+2	0,000E+0	1,840E+2	1,838E+2	0,000E+0	6,636E-1	6,602E-1	0,000E+0	4	0001
342,080	67,400	82,700	1,501E+2	0,000E+0	1,842E+2	1,838E+2	0,000E+0	6,662E-1	6,618E-1	0,000E+0	4	0001
343,080	67,500	82,700	1,502E+2	0,000E+0	1,840E+2	1,842E+2	0,000E+0	6,665E-1	6,606E-1	0,000E+0	4	0001
344,081	67,500	83,000	1,505E+2	0,000E+0	1,841E+2	1,841E+2	0,000E+0	6,671E-1	6,622E-1	0,000E+0	4	0001
345,081	67,700	82,800	1,505E+2	0,000E+0	1,841E+2	1,841E+2	0,000E+0	6,669E-1	6,604E-1	0,000E+0	4	0001
346,081	67,300	82,400	1,497E+2	0,000E+0	1,843E+2	1,839E+2	0,000E+0	6,655E-1	6,593E-1	0,000E+0	4	0001
347,082	67,600	82,300	1,499E+2	0,000E+0	1,843E+2	1,841E+2	0,000E+0	6,648E-1	6,585E-1	0,000E+0	3	0001
348,082	67,500	82,600	1,501E+2	0,000E+0	1,841E+2	1,841E+2	0,000E+0	6,664E-1	6,605E-1	0,000E+0	3	0001
349,082	67,500	82,600	1,501E+2	0,000E+0	1,841E+2	1,841E+2	0,000E+0	6,664E-1	6,605E-1	0,000E+0	3	0001
350,082	67,400	82,400	1,498E+2	0,000E+0	1,843E+2	1,839E+2	0,000E+0	6,659E-1	6,591E-1	0,000E+0	3	0001
351,083	67,200	82,200	1,494E+2	0,000E+0	1,842E+2	1,839E+2	0,000E+0	6,660E-1	6,584E-1	0,000E+0	3	0001
352,083	67,200	82,200	1,494E+2	0,000E+0	1,842E+2	1,839E+2	0,000E+0	6,660E-1	6,584E-1	0,000E+0	3	0001
353,083	67,200	82,200	1,494E+2	0,000E+0	1,842E+2	1,839E+2	0,000E+0	6,660E-1	6,584E-1	0,000E+0	3	0001
354,084	67,100	82,600	1,497E+2	0,000E+0	1,840E+2	1,841E+2	0,000E+0	6,640E-1	6,596E-1	0,000E+0	3	0001
355,083	67,100	82,600	1,497E+2	0,000E+0	1,840E+2	1,841E+2	0,000E+0	6,640E-1	6,596E-1	0,000E+0	3	0001
356,083	67,100	82,600	1,497E+2	0,000E+0	1,840E+2	1,841E+2	0,000E+0	6,640E-1	6,596E-1	0,000E+0	3	0001
357,084	67,500	82,700	1,502E+2	0,000E+0	1,840E+2	1,840E+2	0,000E+0	6,668E-1	6,612E-1	0,000E+0	3	0001
358,085	67,500	82,700	1,502E+2	0,000E+0	1,840E+2	1,840E+2	0,000E+0	6,668E-1	6,612E-1	0,000E+0	3	0001
359,085	67,500	82,700	1,502E+2	0,000E+0	1,840E+2	1,840E+2	0,000E+0	6,668E-1	6,612E-1	0,000E+0	3	0001
360,086	67,500	82,700	1,502E+2	0,000E+0	1,840E+2	1,840E+2	0,000E+0	6,668E-1	6,612E-1	0,000E+0	3	0001
361,087	67,400	82,700	1,501E+2	0,000E+0	1,844E+2	1,840E+2	0,000E+0	6,670E-1	6,608E-1	0,000E+0	3	0001
362,086	67,400	82,500	1,499E+2	0,000E+0	1,842E+2	1,840E+2	0,000E+0	6,663E-1	6,580E-1	0,000E+0	3	0001
363,086	67,400	82,300	1,497E+2	0,000E+0	1,840E+2	1,841E+2	0,000E+0	6,652E-1	6,582E-1	0,000E+0	3	0001
364,086	67,400	82,300	1,497E+2	0,000E+0	1,840E+2	1,841E+2	0,000E+0	6,652E-1	6,582E-1	0,000E+0	3	0001
365,086	67,600	82,500	1,501E+2	0,000E+0	1,841E+2	1,839E+2	0,000E+0	6,665E-1	6,599E-1	0,000E+0	3	0001
366,086	67,500	82,400	1,499E+2	0,000E+0	1,844E+2	1,839E+2	0,000E+0	6,672E-1	6,597E-1	0,000E+0	2	0001
367,086	67,700	82,600	1,503E+2	0,000E+0	1,841E+2	1,839E+2	0,000E+0	6,691E-1	6,606E-1	0,000E+0	2	0001
368,087	67,500	82,900	1,504E+2	0,000E+0	1,841E+2	1,839E+2	0,000E+0	6,668E-1	6,621E-1	0,000E+0	2	0001
369,086	67,500	82,800	1,503E+2	0,000E+0	1,840E+2	1,839E+2	0,000E+0	6,672E-1	6,612E-1	0,000E+0	2	0001
370,087	67,700	82,600	1,503E+2	0,000E+0	1,841E+2	1,838E+2	0,000E+0	6,688E-1	6,618E-1	0,000E+0	2	0001
371,088	67,700	82,600	1,503E+2	0,000E+0	1,841E+2	1,838E+2	0,000E+0	6,688E-1	6,618E-1	0,000E+0	2	0001
372,089	67,700	82,600	1,503E+2	0,000E+0	1,841E+2	1,838E+2	0,000E+0	6,688E-1	6,618E-1	0,000E+0	2	0001
373,089	67,700	82,600	1,503E+2	0,000E+0	1,841E+2	1,838E+2	0,000E+0	6,688E-1	6,618E-1	0,000E+0	2	0001
374,089	67,400	82,200	1,496E+2	0,000E+0	1,842E+2	1,837E+2	0,000E+0	6,643E-1	6,584E-1	0,000E+0	2	0001
375,089	67,400	82,200	1,496E+2	0,000E+0	1,842E+2	1,837E+2	0,000E+0	6,643E-1	6,584E-1	0,000E+0	2	0001
376,089	67,400	82,200	1,496E+2	0,000E+0	1,842E+2	1,837E+2	0,000E+0	6,643E-1	6,584E-1	0,000E+0	2	0001
377,089	67,300	82,500	1,498E+2	0,000E+0	1,839E+2	1,839E+2	0,000E+0	6,660E-1	6,593E-1	0,000E+0	2	0001
378,089	67,300	82,500	1,498E+2	0,000E+0	1,839E+2	1,839E+2	0,000E+0	6,660E-1	6,593E-1	0,000E+0	2	0001
379,089	67,300	82,500	1,498E+2	0,000E+0	1,839E+2	1,839E+2	0,000E+0	6,660E-1	6,593E-1	0,000E+0	2	0001
380,089	67,300	82,500	1,498E+2	0,000E+0	1,839E+2	1,839E+2	0,000E+0	6,660E-1	6,593E-1	0,000E+0	2	0001
381,089	67,400	82,400	1,498E+2	0,000E+0	1,843E+2	1,839E+2	0,000E+0	6,666E-1	6,595E-1	0,000E+0	2	0001
382,090	67,500	82,400	1,499E+2	0,000E+0	1,842E+2	1,839E+2	0,000E+0	6,661E-1	6,585E-1	0,000E+0	2	0001
383,090	67,500	82,600	1,501E+2	0,000E+0	1,841E+2	1,841E+2	0,000E+0	6,666E-1	6,602E-1	0,000E+0	2	0001
384,090	67,500	82,600	1,501E+2	0,000E+0	1,841E+2	1,841E+2	0,000E+0	6,666E-1	6,602E-1	0,000E+0	2	0001
385,091	67,400	82,900	1,503E+2	0,000E+0	1,841E+2	1,840E+2	0,000E+0	6,673E-1	6,615E-1	0,000E+0	2	0001
386,091	67,500	82,000	1,495E+2	0,000E+0	1,841E+2	1,837E+2	0,000E+0	6,630E-1	6,577E-1	0,000E+0	2	0001
387,091	67,500	82,200	1,497E+2	0,000E+0	1,842E+2	1,836E+2	0,000E+0	6,655E-1	6,596E-1	0,000E+0	2	0001
388,091	67,300	82,700	1,500E+2	0,000E+0	1,841E+2	1,839E+2	0,000E+0	6,653E-1	6,604E-1	0,000E+0	2	0001
389,091	67,100	82,500	1,496E+2	0,000E+0	1,843E+2	1,841E+2	0,000E+0	6,655E-1	6,598E-1	0,000E+0	1	0001
390,091	67,100	82,500	1,496E+2	0,000E+0	1,843E+2	1,841E+2	0,000E+0	6,655E-1	6,598E-1	0,000E+0	1	0001
391,091	67,100	82,500	1,496E+2	0,000E+0	1,843E+2	1,841E+2	0,000E+0	6,655E-1	6,598E-1	0,000E+0	1	0001
392,092	67,300	82,300	1,496E+2	0,000E+0	1,838E+2	1,838E+2	0,000E+0	6,639E-1	6,581E-1	0,000E+0	1	0001
393,091	67,300	82,300	1,496E+2	0,000E+0	1,838E+2	1,838E+2	0,000E+0	6,639E-1	6,581E-1	0,000E+0	1	0001
394,091	67,400	83,100	1,505E+2	0,000E+0	1,838E+2	1,838E+2	0,000E+0	6,692E-1	6,631E-1	0,000E+0	1	0001
395,091	67,400	83,100	1,505E+2	0,000E+0	1,838E+2	1,838E+2	0,000E+0	6,692E-1	6,631E-1	0,000E+0	1	0001
396,091	67,400	83,100	1,505E+2	0,000E+0	1,838E+2	1,838E+2	0,000E+0	6,692E-1	6,631E-1	0,000E+0	1	0001
397,091	67,400	83,100	1,505E+2	0,000E+0	1,838E+2	1,838E+2	0,000E+0	6,692E-1	6,631E-1	0,000E+0	1	0001
398,091	67,600	82,600	1,502E+2	0,000E+0	1,839E+2	1,836E+2	0,000E+0	6,670E-1	6,621E-1	0,000E+0	1	0001
399,091	67,600	82,600	1,502E+2	0,000E+0	1,839E+2	1,836E+2	0,000E+0	6,670E-1	6,621E-1	0,000E+0	1	0001
400,092	67,600	82,600	1,502E+2	0,000E+0	1,839E+2	1,836E+2	0,000E+0	6,670E-1	6,621E-1	0,000E+0	1	0001
401,092	67,200	82,400	1,496E+2	0,000E+0	1,839E+2	1,837E+2	0,000E+0	6,654E-1	6,594E-1	0,000E+0	1	0001
402,092	67,300	82,400	1,497E+2	0,000E+0	1,837E+2	1,836E+2	0,000E+0	6,650E-1	6,602E-1	0,000E+0	1	0001
403,092	67,300	82,800	1,501E+2	0,000E+0	1,838E+2	1,837E+2	0,000E+0	6,668E-1	6,610E-1	0,000E+0	1	0001
404,093	67,500	82,500	1,500E+2	0,000E+0	1,839E+2	1,834E+2	0,000E+0	6,668E-1	6,612E-1	0,000E+0	1	0001
405,093	67,300	82,600	1,499E+2	0,000E+0	1,839E+2	1,838E+2	0,000E+0	6,668E-1	6,610E-1	0,000E+0	1	0001
406,094	67,300	82,600	1,499E+2	0,000E+0	1,839E+2	1,838E+2	0,000E+0	6,668E-1	6,610E-1	0,000E+0	1	0001
407,094	67,500	82,600	1,501E+2	0,000E+0	1,838E+2	1,838E+2	0,000E+0	6,673E-1	6,606E-1	0,000E+0	0	0001
408,094	67,500	82,500	1,500E+2	0,000E+0	1,836E+2	1,833E+2	0,000E+0	6,686E-1	6,610E-1	0,000E+0	0	0001
409,095	67,500	82,500	1,500E+2	0,000E+0	1,836E+2	1,833E+2	0,000E+0	6,686E-1	6,610E-1	0,000E+0	0	0001
410,095	67,500	82,500	1,500E+2	0,000E+0	1,836E+2	1,833E+2	0,000E+0	6,686E-1	6,610E-1	0,000E+0	0	0001
411,095	67,500	82,500	1,500E+2	0,000E+0	1,836E+2	1,833E+2	0,000E+0	6,686E-1	6,610E-1	0,000E+0	0	0001
412,095	67,500	82,500	1,500E+2	0,000E+0	1,836E+2	1,833E+2	0,000E+0	6,686E-1	6,610E-1	0,000E+0	0	0001
413,096	67,500	82,600	1,501E+2	0,000E+0	1,836E+2	1,835E+2	0,000E+0	6,673E-1	6,605E-1	0,000E+0	0	0001
414,096	67,500	82,600	1,501E+2	0,000E+0	1,836E+2	1,835E+2	0,000E+0	6,673E-1	6,605E-1	0,000E+0	0	0001
415,096	67,500	82,600	1,501E+2	0,000E+0	1,836E+2	1,835E+2	0,000E+0	6,673E-1	6,605E-1	0,000E+0	0	0001
416,096	67,400	82,700	1,501E+2	0,000E+0	1,837E+2	1,832E+2	0,000E+0	6,673E-1	6,623E-1	0,000E+0	0	0001
417,097	67,400	82,700	1,501E+2	0,000E+0	1,837E+2	1,832E+2	0,000E+0	6,673E-1	6,623E-1	0,000E+0	0	0001
418,098	67,600	82,500	1,501E+2	0,000E+0	1,836E+2	1,835E+2	0,000E+0	6,666E-1	6,592E-1	0,000E+0	0	0001
419,099	67,600	82,500	1,501E+2	0,000E+0	1,836E+2	1,835E+2	0,000E+0	6,666E-1	6,592E-1	0,000E+0	0	0001
420,099	67,600	82,500	1,501E+2	0,000E+0	1,837E+2	1,834E+2	0,000E+0	6,685E-1	6,608E-1	0,000E+0	0	0001
421,099	67,400	82,700	1,501E+2	0,000E+0	1,837E+2	1,835E+2	0,000E+0	6,673E-1	6,614E-1	0,000E+0	0	0001
422,099	67,000	82,300	1,493E+2	0,000E+0	1,836E+2	1,834E+2	0,000E+0	6,646E-1	6,586E-1	0,000E+0	0	0001
423,099	67,500	82,700	1,502E+2	0,000E+0	1,836E+2	1,836E+2	0,000E+0	6,687E-1	6,613E-1	0,000E+0	0	0001
424,099	67,300	82,600	1,499E+2	0,000E+0	1,834E+2	1,835E+2	0,000E+0	6,676E-1	6,602E-1	0,000E+0	0	0001
425,099	67,300	82,600	1,499E+2	0,000E+0	1,834E+2	1,835E+2	0,000E+0	6,676E-1	6,602E-1	0,000E+0	0	0010
426,100	67,200	83,000	1,502E+2	0,000E+0	1,836E+2	1,834E+2	0,000E+0	6,665E-1	6,634E-1	0,000E+0	0	0010
427,100	67,500	82,800	1,503E+2	0,000E+0	1,835E+2	1,836E+2	0,000E+0	6,683E-1	6,613E-1	0,000E+0	0	0010
428,100	67,600	82,300	1,499E+2	0,000E+0	1,839E+2	1,833E+2	0,000E+0	6,672E-1	6,600E-1	0,000E+0	0	0010
429,100	67,400	82,700	1,501E+2	0,000E+0	1,836E+2	1,832E+2	0,000E+0	6,672E-1	6,627E-1	0,000E+0	0	0010
430,100	67,200	82,700	1,499E+2	0,000E+0	1,833E+2	1,834E+2	0,000E+0	6,665E-1	6,614E-1	0,000E+0	0	0010
431,100	67,600	82,500	1,501E+2	0,000E+0	1,835E+2	1,834E+2	0,000E+0	6,672E-1	6,606E-1	0,000E+0	0	0010
432,101	67,100	82,500	1,496E+2	0,000E+0	1,833E+2	1,833E+2	0,000E+0	6,645E-1	6,607E-1	0,000E+0	0	0010
433,101	67,500	82,800	1,503E+2	0,000E+0	1,835E+2	1,834E+2	0,000E+0	6,677E-1	6,622E-1	0,000E+0	0	0010
434,102	67,100	82,800	1,499E+2	0,000E+0	1,836E+2	1,835E+2	0,000E+0	6,673E-1	6,612E-1	0,000E+0	0	0010
435,101	67,500	82,600	1,501E+2	0,000E+0	1,836E+2	1,833E+2	0,000E+0	6,680E-1	6,616E-1	0,000E+0	0	0010
436,101	67,500	82,600	1,501E+2	0,000E+0	1,836E+2	1,833E+2	0,000E+0	6,680E-1	6,616E-1	0,000E+0	0	0010
437,101	67,400	83,000	1,504E+2	0,000E+0	1,834E+2	1,835E+2	0,000E+0	6,704E-1	6,622E-1	0,000E+0	0	0010
438,101	67,400	82,800	1,502E+2	0,000E+0	1,834E+2	1,834E+2	0,000E+0	6,687E-1	6,622E-1	0,000E+0	0	0010
439,102	67,100	82,900	1,500E+2	0,000E+0	1,831E+2	1,835E+2	0,000E+0	6,668E-1	6,624E-1	0,000E+0	0	0010
440,102	67,400	82,900	1,503E+2	0,000E+0	1,838E+2	1,834E+2	0,000E+0	6,701E-1	6,637E-1	0,000E+0	0	0010
441,103	67,300	82,700	1,500E+2	0,000E+0	1,836E+2	1,834E+2	0,000E+0	6,668E-1	6,600E-1	0,000E+0	0	0010
442,103	67,100	82,400	1,495E+2	0,000E+0	1,834E+2	1,834E+2	0,000E+0	6,642E-1	6,589E-1	0,000E+0	0	0010
443,103	67,200	82,700	1,499E+2	0,000E+0	1,834E+2	1,835E+2	0,000E+0	6,654E-1	6,617E-1	0,000E+0	0	0010
444,103	67,100	82,600	1,497E+2	0,000E+0	1,836E+2	1,832E+2	0,000E+0	6,657E-1	6,614E-1	0,000E+0	0	0010
445,103	67,500	82,600	1,501E+2	0,000E+0	1,834E+2	1,832E+2	0,000E+0	6,669E-1	6,614E-1	0,000E+0	0	0010
446,103	67,500	82,600	1,501E+2	0,000E+0	1,834E+2	1,832E+2	0,000E+0	6,669E-1	6,614E-1	0,000E+0	0	0010
447,103	67,500	82,600	1,501E+2	0,000E+0	1,834E+2	1,832E+2	0,000E+0	6,669E-1	6,614E-1	0,000E+0	0	0010
448,104	67,500	82,600	1,501E+2	0,000E+0	1,834E+2	1,832E+2	0,000E+0	6,669E-1	6,614E-1	0,000E+0	0	0010
449,103	67,500	82,600	1,501E+2	0,000E+0	1,834E+2	1,832E+2	0,000E+0	6,669E-1	6,614E-1	0,000E+0	0	0010
450,103	67,300	82,700	1,500E+2	0,000E+0	1,835E+2	1,833E+2	0,000E+0	6,655E-1	6,619E-1	0,000E+0	0	0010
451,103	67,300	82,700	1,500E+2	0,000E+0	1,835E+2	1,833E+2	0,000E+0	6,655E-1	6,619E-1	0,000E+0	0	0010
452,103	67,300	82,700	1,500E+2	0,000E+0	1,835E+2	1,833E+2	0,000E+0	6,655E-1	6,619E-1	0,000E+0	0	0010
453,103	67,300	82,700	1,500E+2	0,000E+0	1,835E+2	1,833E+2	0,000E+0	6,655E-1	6,619E-1	0,000E+0	0	0010
454,103	67,400	82,600	1,500E+2	0,000E+0	1,836E+2	1,832E+2	0,000E+0	6,674E-1	6,611E-1	0,000E+0	0	0010
455,104	67,400	82,600	1,500E+2	0,000E+0	1,836E+2	1,832E+2	0,000E+0	6,674E-1	6,611E-1	0,000E+0	0	0010
456,103	67,400	82,600	1,500E+2	0,000E+0	1,836E+2	1,836E+2	0,000E+0	6,683E-1	6,613E-1	0,000E+0	0	0010
457,104	67,400	82,600	1,500E+2	0,000E+0	1,836E+2	1,836E+2	0,000E+0	6,683E-1	6,613E-1	0,000E+0	0	0010
458,104	67,200	83,100	1,503E+2	0,000E+0	1,835E+2	1,834E+2	0,000E+0	6,680E-1	6,635E-1	0,000E+0	0	0010
459,104	67,300	82,700	1,500E+2	0,000E+0	1,836E+2	1,834E+2	0,000E+0	6,655E-1	6,615E-1	0,000E+0	0	0010
460,104	67,300	82,500	1,498E+2	0,000E+0	1,837E+2	1,834E+2	0,000E+0	6,668E-1	6,607E-1	0,000E+0	0	0010
461,104	67,800	82,500	1,503E+2	0,000E+0	1,838E+2	1,831E+2	0,000E+0	6,694E-1	6,617E-1	0,000E+0	0	0010
462,106	67,400	83,000	1,504E+2	0,000E+0	1,835E+2	1,835E+2	0,000E+0	6,683E-1	6,628E-1	0,000E+0	1	0010
463,105	67,700	82,400	1,501E+2	0,000E+0	1,836E+2	1,835E+2	0,000E+0	6,660E-1	6,605E-1	0,000E+0	1	0010
464,106	67,700	82,400	1,501E+2	0,000E+0	1,836E+2	1,835E+2	0,000E+0	6,660E-1	6,605E-1	0,000E+0	1	0010
465,106	67,800	82,300	1,501E+2	0,000E+0	1,840E+2	1,837E+2	0,000E+0	6,690E-1	6,588E-1	0,000E+0	1	0010
466,106	67,100	82,200	1,493E+2	0,000E+0	1,837E+2	1,836E+2	0,000E+0	6,633E-1	6,586E-1	0,000E+0	1	0010
467,106	67,700	82,300	1,500E+2	0,000E+0	1,838E+2	1,836E+2	0,000E+0	6,675E-1	6,591E-1	0,000E+0	1	0010
468,107	67,400	82,700	1,501E+2	0,000E+0	1,839E+2	1,838E+2	0,000E+0	6,673E-1	6,614E-1	0,000E+0	1	0010
469,107	67,400	82,700	1,501E+2	0,000E+0	1,839E+2	1,838E+2	0,000E+0	6,673E-1	6,614E-1	0,000E+0	1	0010
470,108	67,400	82,700	1,501E+2	0,000E+0	1,839E+2	1,838E+2	0,000E+0	6,673E-1	6,614E-1	0,000E+0	1	0010
471,109	67,400	82,700	1,501E+2	0,000E+0	1,839E+2	1,838E+2	0,000E+0	6,673E-1	6,614E-1	0,000E+0	1	0010
472,108	67,500	82,300	1,498E+2	0,000E+0	1,838E+2	1,836E+2	0,000E+0	6,664E-1	6,599E-1	0,000E+0	1	0010
473,108	67,500	82,300	1,498E+2	0,000E+0	1,838E+2	1,836E+2	0,000E+0	6,664E-1	6,599E-1	0,000E+0	1	0010
474,108	67,500	82,300	1,498E+2	0,000E+0	1,838E+2	1,836E+2	0,000E+0	6,664E-1	6,599E-1	0,000E+0	1	0010
475,108	67,500	82,200	1,497E+2	0,000E+0	1,840E+2	1,838E+2	0,000E+0	6,662E-1	6,589E-1	0,000E+0	1	0010
476,109	67,500	82,200	1,497E+2	0,000E+0	1,840E+2	1,838E+2	0,000E+0	6,662E-1	6,589E-1	0,000E+0	1	0010
477,110	67,400	82,400	1,498E+2	0,000E+0	1,839E+2	1,835E+2	0,000E+0	6,673E-1	6,608E-1	0,000E+0	1	0010
478,109	67,400	82,400	1,498E+2	0,000E+0	1,839E+2	1,835E+2	0,000E+0	6,673E-1	6,608E-1	0,000E+0	1	0010
479,109	67,500	82,200	1,497E+2	0,000E+0	1,840E+2	1,834E+2	0,000E+0	6,677E-1	6,588E-1	0,000E+0	1	0010
480,109	67,500	82,200	1,497E+2	0,000E+0	1,840E+2	1,834E+2	0,000E+0	6,677E-1	6,588E-1	0,000E+0	1	0010
481,109	67,600	82,800	1,504E+2	0,000E+0	1,840E+2	1,838E+2	0,000E+0	6,685E-1	6,622E-1	0,000E+0	1	0010
482,109	67,100	82,900	1,500E+2	0,000E+0	1,837E+2	1,838E+2	0,000E+0	6,650E-1	6,624E-1	0,000E+0	2	0010
483,110	67,600	82,700	1,503E+2	0,000E+0	1,840E+2	1,839E+2	0,000E+0	6,681E-1	6,613E-1	0,000E+0	2	0010
484,112	67,500	82,700	1,502E+2	0,000E+0	1,839E+2	1,838E+2	0,000E+0	6,672E-1	6,607E-1	0,000E+0	2	0010
485,111	67,400	82,700	1,501E+2	0,000E+0	1,839E+2	1,837E+2	0,000E+0	6,677E-1	6,617E-1	0,000E+0	2	0010
486,112	67,500	82,500	1,500E+2	0,000E+0	1,841E+2	1,836E+2	0,000E+0	6,676E-1	6,604E-1	0,000E+0	2	0010
487,112	67,500	82,500	1,500E+2	0,000E+0	1,841E+2	1,836E+2	0,000E+0	6,676E-1	6,604E-1	0,000E+0	2	0010
488,112	67,500	82,500	1,500E+2	0,000E+0	1,841E+2	1,836E+2	0,000E+0	6,676E-1	6,604E-1	0,000E+0	2	0010
489,112	67,500	82,400	1,499E+2	0,000E+0	1,839E+2	1,835E+2	0,000E+0	6,655E-1	6,600E-1	0,000E+0	2	0010
490,113	67,500	82,400	1,499E+2	0,000E+0	1,839E+2	1,835E+2	0,000E+0	6,655E-1	6,600E-1	0,000E+0	2	0010
491,114	67,500	82,400	1,499E+2	0,000E+0	1,839E+2	1,835E+2	0,000E+0	6,655E-1	6,600E-1	0,000E+0	2	0010
492,113	67,500	82,400	1,499E+2	0,000E+0	1,839E+2	1,835E+2	0,000E+0	6,655E-1	6,600E-1	0,000E+0	2	0010
493,114	67,400	82,200	1,496E+2	0,000E+0	1,838E+2	1,835E+2	0,000E+0	6,659E-1	6,585E-1	0,000E+0	2	0010
494,114	67,400	82,200	1,496E+2	0,000E+0	1,838E+2	1,835E+2	0,000E+0	6,659E-1	6,585E-1	0,000E+0	2	0010
495,114	67,400	82,200	1,496E+2	0,000E+0	1,838E+2	1,835E+2	0,000E+0	6,659E-1	6,585E-1	0,000E+0	2	0010
496,114	67,300	82,700	1,500E+2	0,000E+0	1,837E+2	1,838E+2	0,000E+0	6,663E-1	6,620E-1	0,000E+0	2	0010
497,114	67,300	82,700	1,500E+2	0,000E+0	1,837E+2	1,838E+2	0,000E+0	6,663E-1	6,620E-1	0,000E+0	2	0010
498,115	67,600	82,900	1,505E+2	0,000E+0	1,839E+2	1,835E+2	0,000E+0	6,692E-1	6,641E-1	0,000E+0	2	0010
499,114	67,300	82,500	1,498E+2	0,000E+0	1,839E+2	1,837E+2	0,000E+0	6,644E-1	6,600E-1	0,000E+0	2	0010
500,114	67,100	82,700	1,498E+2	0,000E+0	1,836E+2	1,838E+2	0,000E+0	6,658E-1	6,611E-1	0,000E+0	2	0010
501,115	67,300	82,900	1,502E+2	0,000E+0	1,839E+2	1,841E+2	0,000E+0	6,686E-1	6,620E-1	0,000E+0	2	0010
502,117	67,400	82,600	1,500E+2	0,000E+0	1,843E+2	1,840E+2	0,000E+0	6,671E-1	6,606E-1	0,000E+0	2	0010
503,117	67,600	82,700	1,503E+2	0,000E+0	1,840E+2	1,839E+2	0,000E+0	6,685E-1	6,608E-1	0,000E+0	2	0010
504,117	67,500	82,500	1,500E+2	0,000E+0	1,841E+2	1,838E+2	0,000E+0	6,671E-1	6,607E-1	0,000E+0	2	0010
505,117	67,400	82,600	1,500E+2	0,000E+0	1,841E+2	1,839E+2	0,000E+0	6,682E-1	6,609E-1	0,000E+0	3	0010
506,117	67,400	82,600	1,500E+2	0,000E+0	1,841E+2	1,839E+2	0,000E+0	6,682E-1	6,609E-1	0,000E+0	3	0010
507,117	67,400	82,600	1,500E+2	0,000E+0	1,841E+2	1,839E+2	0,000E+0	6,682E-1	6,609E-1	0,000E+0	3	0010
508,117	67,400	82,600	1,500E+2	0,000E+0	1,841E+2	1,839E+2	0,000E+0	6,682E-1	6,609E-1	0,000E+0	3	0010
509,118	67,300	82,700	1,500E+2	0,000E+0	1,839E+2	1,836E+2	0,000E+0	6,670E-1	6,616E-1	0,000E+0	3	0010
510,118	67,300	82,700	1,500E+2	0,000E+0	1,839E+2	1,836E+2	0,000E+0	6,670E-1	6,616E-1	0,000E+0	3	0010
511,118	67,200	82,700	1,499E+2	0,000E+0	1,837E+2	1,835E+2	0,000E+0	6,654E-1	6,619E-1	0,000E+0	3	0010
512,119	67,200	82,700	1,499E+2	0,000E+0	1,837E+2	1,835E+2	0,000E+0	6,654E-1	6,619E-1	0,000E+0	3	0010
513,120	67,200	82,700	1,499E+2	0,000E+0	1,837E+2	1,835E+2	0,000E+0	6,654E-1	6,619E-1	0,000E+0	3	0010
514,120	67,400	82,400	1,498E+2	0,000E+0	1,839E+2	1,836E+2	0,000E+0	6,659E-1	6,605E-1	0,000E+0	3	0010
515,120	67,400	82,400	1,498E+2	0,000E+0	1,839E+2	1,836E+2	0,000E+0	6,659E-1	6,605E-1	0,000E+0	3	0010
516,122	67,400	82,400	1,498E+2	0,000E+0	1,839E+2	1,836E+2	0,000E+0	6,659E-1	6,605E-1	0,000E+0	3	0010
517,122	67,300	82,900	1,502E+2	0,000E+0	1,839E+2	1,838E+2	0,000E+0	6,663E-1	6,618E-1	0,000E+0	3	0010
518,122	67,800	82,400	1,502E+2	0,000E+0	1,839E+2	1,836E+2	0,000E+0	6,671E-1	6,601E-1	0,000E+0	3	0010
519,123	67,100	82,500	1,496E+2	0,000E+0	1,838E+2	1,836E+2	0,000E+0	6,642E-1	6,600E-1	0,000E+0	3	0010
520,123	67,200	82,700	1,499E+2	0,000E+0	1,841E+2	1,838E+2	0,000E+0	6,661E-1	6,615E-1	0,000E+0	3	0010
521,123	67,500	82,600	1,501E+2	0,000E+0	1,840E+2	1,836E+2	0,000E+0	6,688E-1	6,612E-1	0,000E+0	4	0010
522,123	67,300	82,600	1,499E+2	0,000E+0	1,838E+2	1,835E+2	0,000E+0	6,676E-1	6,618E-1	0,000E+0	4	0010
523,124	67,400	82,700	1,501E+2	0,000E+0	1,837E+2	1,837E+2	0,000E+0	6,662E-1	6,602E-1	0,000E+0	4	0010
524,123	67,400	82,500	1,499E+2	0,000E+0	1,838E+2	1,834E+2	0,000E+0	6,670E-1	6,605E-1	0,000E+0	4	0010
525,124	67,400	82,500	1,499E+2	0,000E+0	1,838E+2	1,834E+2	0,000E+0	6,670E-1	6,605E-1	0,000E+0	4	0010
526,125	67,300	82,900	1,502E+2	0,000E+0	1,837E+2	1,836E+2	0,000E+0	6,663E-1	6,624E-1	0,000E+0	4	0010
527,125	67,300	82,900	1,502E+2	0,000E+0	1,837E+2	1,836E+2	0,000E+0	6,663E-1	6,624E-1	0,000E+0	4	0010
528,125	67,300	82,900	1,502E+2	0,000E+0	1,837E+2	1,836E+2	0,000E+0	6,663E-1	6,624E-1	0,000E+0	4	0010
529,125	67,300	82,900	1,502E+2	0,000E+0	1,837E+2	1,836E+2	0,000E+0	6,663E-1	6,624E-1	0,000E+0	4	0010
530,126	67,400	82,400	1,498E+2	0,000E+0	1,838E+2	1,835E+2	0,000E+0	6,666E-1	6,592E-1	0,000E+0	4	0010
531,127	67,400	82,400	1,498E+2	0,000E+0	1,838E+2	1,835E+2	0,000E+0	6,666E-1	6,592E-1	0,000E+0	4	0010
532,127	67,400	82,400	1,498E+2	0,000E+0	1,838E+2	1,835E+2	0,000E+0	6,666E-1	6,592E-1	0,000E+0	4	0010
533,128	67,400	82,400	1,498E+2	0,000E+0	1,838E+2	1,835E+2	0,000E+0	6,666E-1	6,592E-1	0,000E+0	4	0010
534,128	67,300	83,000	1,503E+2	0,000E+0	1,839E+2	1,838E+2	0,000E+0	6,686E-1	6,631E-1	0,000E+0	4	0010
535,129	67,400	82,400	1,498E+2	0,000E+0	1,837E+2	1,835E+2	0,000E+0	6,669E-1	6,610E-1	0,000E+0	4	0010
536,129	67,400	82,400	1,498E+2	0,000E+0	1,837E+2	1,835E+2	0,000E+0	6,669E-1	6,610E-1	0,000E+0	4	0010
537,129	67,300	82,700	1,500E+2	0,000E+0	1,838E+2	1,836E+2	0,000E+0	6,679E-1	6,617E-1	0,000E+0	4	0010
538,130	67,400	82,500	1,499E+2	0,000E+0	1,837E+2	1,835E+2	0,000E+0	6,675E-1	6,612E-1	0,000E+0	4	0010
539,129	67,400	82,600	1,500E+2	0,000E+0	1,837E+2	1,839E+2	0,000E+0	6,668E-1	6,598E-1	0,000E+0	4	0010
540,130	67,500	82,700	1,502E+2	0,000E+0	1,838E+2	1,837E+2	0,000E+0	6,672E-1	6,618E-1	0,000E+0	4	0010
541,130	67,400	82,700	1,501E+2	0,000E+0	1,837E+2	1,837E+2	0,000E+0	6,669E-1	6,618E-1	0,000E+0	5	0010
542,130	67,400	82,100	1,495E+2	0,000E+0	1,839E+2	1,836E+2	0,000E+0	6,657E-1	6,580E-1	0,000E+0	5	0010
543,131	67,600	82,600	1,502E+2	0,000E+0	1,838E+2	1,835E+2	0,000E+0	6,686E-1	6,611E-1	0,000E+0	5	0010
544,131	67,600	82,600	1,502E+2	0,000E+0	1,838E+2	1,835E+2	0,000E+0	6,686E-1	6,611E-1	0,000E+0	5	0010
545,132	67,400	82,500	1,499E+2	0,000E+0	1,839E+2	1,835E+2	0,000E+0	6,675E-1	6,609E-1	0,000E+0	5	0010
546,131	67,400	82,500	1,499E+2	0,000E+0	1,839E+2	1,835E+2	0,000E+0	6,675E-1	6,609E-1	0,000E+0	5	0010
547,131	67,400	82,500	1,499E+2	0,000E+0	1,839E+2	1,835E+2	0,000E+0	6,675E-1	6,609E-1	0,000E+0	5	0010
548,132	67,400	82,500	1,499E+2	0,000E+0	1,839E+2	1,835E+2	0,000E+0	6,675E-1	6,609E-1	0,000E+0	5	0010
549,132	67,500	82,800	1,503E+2	0,000E+0	1,838E+2	1,835E+2	0,000E+0	6,677E-1	6,622E-1	0,000E+0	5	0010
550,132	67,500	82,800	1,503E+2	0,000E+0	1,838E+2	1,835E+2	0,000E+0	6,677E-1	6,622E-1	0,000E+0	5	0010
551,133	67,500	82,800	1,503E+2	0,000E+0	1,838E+2	1,835E+2	0,000E+0	6,677E-1	6,622E-1	0,000E+0	5	0010
552,134	67,500	82,600	1,501E+2	0,000E+0	1,838E+2	1,836E+2	0,000E+0	6,663E-1	6,605E-1	0,000E+0	5	0010
553,133	67,500	82,600	1,501E+2	0,000E+0	1,838E+2	1,836E+2	0,000E+0	6,663E-1	6,605E-1	0,000E+0	5	0010
554,133	67,500	82,600	1,501E+2	0,000E+0	1,838E+2	1,836E+2	0,000E+0	6,663E-1	6,605E-1	0,000E+0	5	0010
555,133	67,500	82,600	1,501E+2	0,000E+0	1,838E+2	1,836E+2	0,000E+0	6,663E-1	6,605E-1	0,000E+0	5	0010
556,133	67,400	82,800	1,502E+2	0,000E+0	1,837E+2	1,835E+2	0,000E+0	6,684E-1	6,620E-1	0,000E+0	5	0010
557,133	67,300	82,700	1,500E+2	0,000E+0	1,838E+2	1,835E+2	0,000E+0	6,676E-1	6,610E-1	0,000E+0	5	0010
558,134	67,400	82,500	1,499E+2	0,000E+0	1,839E+2	1,837E+2	0,000E+0	6,663E-1	6,600E-1	0,000E+0	5	0010
559,134	67,600	82,500	1,501E+2	0,000E+0	1,839E+2	1,836E+2	0,000E+0	6,678E-1	6,606E-1	0,000E+0	5	0010
560,134	67,600	82,500	1,501E+2	0,000E+0	1,839E+2	1,836E+2	0,000E+0	6,678E-1	6,606E-1	0,000E+0	5	0010
561,134	67,300	82,500	1,498E+2	0,000E+0	1,836E+2	1,835E+2	0,000E+0	6,654E-1	6,613E-1	0,000E+0	5	0010
562,134	67,700	82,500	1,502E+2	0,000E+0	1,839E+2	1,835E+2	0,000E+0	6,687E-1	6,611E-1	0,000E+0	6	0010
563,135	67,400	82,700	1,501E+2	0,000E+0	1,837E+2	1,835E+2	0,000E+0	6,669E-1	6,617E-1	0,000E+0	6	0010
564,135	67,500	82,600	1,501E+2	0,000E+0	1,839E+2	1,834E+2	0,000E+0	6,678E-1	6,611E-1	0,000E+0	6	0010
565,136	67,300	82,900	1,502E+2	0,000E+0	1,837E+2	1,837E+2	0,000E+0	6,673E-1	6,637E-1	0,000E+0	6	0010
566,136	67,300	82,900	1,502E+2	0,000E+0	1,837E+2	1,837E+2	0,000E+0	6,673E-1	6,637E-1	0,000E+0	6	0010
567,135	67,500	82,500	1,500E+2	0,000E+0	1,838E+2	1,833E+2	0,000E+0	6,676E-1	6,613E-1	0,000E+0	6	0010
568,135	67,500	82,500	1,500E+2	0,000E+0	1,838E+2	1,833E+2	0,000E+0	6,676E-1	6,613E-1	0,000E+0	6	0010
569,135	67,500	82,500	1,500E+2	0,000E+0	1,838E+2	1,833E+2	0,000E+0	6,676E-1	6,613E-1	0,000E+0	6	0010
570,136	67,200	82,500	1,497E+2	0,000E+0	1,838E+2	1,836E+2	0,000E+0	6,659E-1	6,608E-1	0,000E+0	6	0010
571,136	67,200	82,500	1,497E+2	0,000E+0	1,838E+2	1,836E+2	0,000E+0	6,659E-1	6,608E-1	0,000E+0	6	0010
572,136	67,200	82,500	1,497E+2	0,000E+0	1,838E+2	1,836E+2	0,000E+0	6,659E-1	6,608E-1	0,000E+0	6	0010
573,137	67,400	82,400	1,498E+2	0,000E+0	1,839E+2	1,835E+2	0,000E+0	6,681E-1	6,612E-1	0,000E+0	6	0010
574,136	67,400	82,400	1,498E+2	0,000E+0	1,839E+2	1,835E+2	0,000E+0	6,681E-1	6,612E-1	0,000E+0	6	0010
575,136	67,400	82,400	1,498E+2	0,000E+0	1,839E+2	1,835E+2	0,000E+0	6,681E-1	6,612E-1	0,000E+0	6	0010
576,136	67,500	82,600	1,501E+2	0,000E+0	1,838E+2	1,835E+2	0,000E+0	6,689E-1	6,618E-1	0,000E+0	6	0010
577,137	67,500	82,600	1,501E+2	0,000E+0	1,838E+2	1,835E+2	0,000E+0	6,689E-1	6,618E-1	0,000E+0	6	0010
578,136	67,700	82,600	1,503E+2	0,000E+0	1,839E+2	1,836E+2	0,000E+0	6,702E-1	6,613E-1	0,000E+0	6	0010
579,136	67,300	82,800	1,501E+2	0,000E+0	1,837E+2	1,835E+2	0,000E+0	6,677E-1	6,636E-1	0,000E+0	6	0010
580,136	67,300	82,600	1,499E+2	0,000E+0	1,838E+2	1,836E+2	0,000E+0	6,657E-1	6,618E-1	0,000E+0	7	0010
581,136	67,300	82,600	1,499E+2	0,000E+0	1,838E+2	1,836E+2	0,000E+0	6,657E-1	6,618E-1	0,000E+0	7	0010
582,136	67,500	82,700	1,502E+2	0,000E+0	1,839E+2	1,837E+2	0,000E+0	6,694E-1	6,619E-1	0,000E+0	7	0010
583,136	67,200	82,500	1,497E+2	0,000E+0	1,838E+2	1,836E+2	0,000E+0	6,654E-1	6,604E-1	0,000E+0	7	0010
584,137	67,400	82,800	1,502E+2	0,000E+0	1,840E+2	1,837E+2	0,000E+0	6,678E-1	6,628E-1	0,000E+0	7	0010
585,137	67,200	82,500	1,497E+2	0,000E+0	1,839E+2	1,838E+2	0,000E+0	6,657E-1	6,604E-1	0,000E+0	7	0010
586,137	67,200	82,500	1,497E+2	0,000E+0	1,839E+2	1,838E+2	0,000E+0	6,657E-1	6,604E-1	0,000E+0	7	0010
587,137	67,200	82,500	1,497E+2	0,000E+0	1,839E+2	1,838E+2	0,000E+0	6,657E-1	6,604E-1	0,000E+0	7	0010
588,137	67,200	82,500	1,497E+2	0,000E+0	1,839E+2	1,838E+2	0,000E+0	6,657E-1	6,604E-1	0,000E+0	7	0010
589,137	67,500	82,600	1,501E+2	0,000E+0	1,838E+2	1,836E+2	0,000E+0	6,664E-1	6,614E-1	0,000E+0	7	0010
590,137	67,500	82,600	1,501E+2	0,000E+0	1,838E+2	1,836E+2	0,000E+0	6,664E-1	6,614E-1	0,000E+0	7	0010
591,137	67,500	82,600	1,501E+2	0,000E+0	1,838E+2	1,836E+2	0,000E+0	6,664E-1	6,614E-1	0,000E+0	7	0010
592,138	67,600	82,900	1,505E+2	0,000E+0	1,838E+2	1,837E+2	0,000E+0	6,679E-1	6,622E-1	0,000E+0	7	0010
593,138	67,600	82,900	1,505E+2	0,000E+0	1,838E+2	1,837E+2	0,000E+0	6,679E-1	6,622E-1	0,000E+0	7	0010
594,138	67,500	82,700	1,502E+2	0,000E+0	1,839E+2	1,836E+2	0,000E+0	6,684E-1	6,621E-1	0,000E+0	7	0010
595,138	67,500	82,700	1,502E+2	0,000E+0	1,839E+2	1,836E+2	0,000E+0	6,684E-1	6,621E-1	0,000E+0	7	0010
596,138	67,400	82,800	1,502E+2	0,000E+0	1,838E+2	1,837E+2	0,000E+0	6,673E-1	6,616E-1	0,000E+0	7	0010
597,139	67,300	82,600	1,499E+2	0,000E+0	1,838E+2	1,835E+2	0,000E+0	6,667E-1	6,610E-1	0,000E+0	7	0010
598,138	67,400	82,900	1,503E+2	0,000E+0	1,838E+2	1,837E+2	0,000E+0	6,679E-1	6,630E-1	0,000E+0	7	0010
599,138	67,300	82,500	1,498E+2	0,000E+0	1,839E+2	1,836E+2	0,000E+0	6,682E-1	6,615E-1	0,000E+0	7	0010
600,138	67,500	82,700	1,502E+2	0,000E+0	1,839E+2	1,837E+2	0,000E+0	6,680E-1	6,616E-1	0,000E+0	7	0010
601,138	67,600	82,600	1,502E+2	0,000E+0	1,842E+2	1,837E+2	0,000E+0	6,691E-1	6,613E-1	0,000E+0	7	0010
602,138	67,500	82,200	1,497E+2	0,000E+0	1,839E+2	1,836E+2	0,000E+0	6,671E-1	6,597E-1	0,000E+0	7	0011
603,138	67,600	82,300	1,499E+2	0,000E+0	1,840E+2	1,836E+2	0,000E+0	6,683E-1	6,592E-1	0,000E+0	7	0011
604,139	67,700	82,700	1,504E+2	0,000E+0	1,839E+2	1,838E+2	0,000E+0	6,694E-1	6,614E-1	0,000E+0	7	0011
605,138	67,200	82,600	1,498E+2	0,000E+0	1,839E+2	1,837E+2	0,000E+0	6,663E-1	6,613E-1	0,000E+0	7	0011
606,138	67,500	82,500	1,500E+2	0,000E+0	1,837E+2	1,836E+2	0,000E+0	6,675E-1	6,603E-1	0,000E+0	7	0011
607,139	67,700	82,500	1,502E+2	0,000E+0	1,838E+2	1,835E+2	0,000E+0	6,687E-1	6,613E-1	0,000E+0	7	0011
608,139	67,700	82,500	1,502E+2	0,000E+0	1,838E+2	1,835E+2	0,000E+0	6,687E-1	6,613E-1	0,000E+0	7	0011
609,140	67,300	82,400	1,497E+2	0,000E+0	1,838E+2	1,835E+2	0,000E+0	6,673E-1	6,608E-1	0,000E+0	7	0011
610,140	67,500	82,500	1,500E+2	0,000E+0	1,839E+2	1,838E+2	0,000E+0	6,672E-1	6,596E-1	0,000E+0	7	0011
611,141	67,500	82,700	1,502E+2	0,000E+0	1,838E+2	1,839E+2	0,000E+0	6,682E-1	6,614E-1	0,000E+0	7	0011
612,141	67,400	82,600	1,500E+2	0,000E+0	1,839E+2	1,836E+2	0,000E+0	6,670E-1	6,618E-1	0,000E+0	7	0011
613,142	67,300	82,900	1,502E+2	0,000E+0	1,839E+2	1,838E+2	0,000E+0	6,682E-1	6,633E-1	0,000E+0	7	0011
614,141	67,300	82,900	1,502E+2	0,000E+0	1,839E+2	1,838E+2	0,000E+0	6,682E-1	6,633E-1	0,000E+0	7	0011
615,141	67,200	82,300	1,495E+2	0,000E+0	1,839E+2	1,835E+2	0,000E+0	6,662E-1	6,604E-1	0,000E+0	7	0011
616,141	67,200	82,300	1,495E+2	0,000E+0	1,839E+2	1,835E+2	0,000E+0	6,662E-1	6,604E-1	0,000E+0	7	0011
617,141	67,600	82,600	1,502E+2	0,000E+0	1,841E+2	1,837E+2	0,000E+0	6,692E-1	6,614E-1	0,000E+0	7	0011
618,141	67,100	82,600	1,497E+2	0,000E+0	1,839E+2	1,837E+2	0,000E+0	6,669E-1	6,613E-1	0,000E+0	7	0011
619,141	67,500	82,500	1,500E+2	0,000E+0	1,841E+2	1,836E+2	0,000E+0	6,680E-1	6,610E-1	0,000E+0	7	0011
620,141	67,200	82,300	1,495E+2	0,000E+0	1,836E+2	1,836E+2	0,000E+0	6,651E-1	6,592E-1	0,000E+0	7	0011
621,141	67,600	83,200	1,508E+2	0,000E+0	1,839E+2	1,839E+2	0,000E+0	6,683E-1	6,645E-1	0,000E+0	7	0011
622,141	67,200	82,500	1,497E+2	0,000E+0	1,839E+2	1,838E+2	0,000E+0	6,664E-1	6,603E-1	0,000E+0	7	0011
623,141	67,200	82,800	1,500E+2	0,000E+0	1,838E+2	1,839E+2	0,000E+0	6,655E-1	6,626E-1	0,000E+0	7	0011
624,141	67,500	82,800	1,503E+2	0,000E+0	1,840E+2	1,838E+2	0,000E+0	6,691E-1	6,615E-1	0,000E+0	7	0011
625,141	67,300	82,500	1,498E+2	0,000E+0	1,837E+2	1,837E+2	0,000E+0	6,656E-1	6,608E-1	0,000E+0	7	0011
626,142	67,200	83,000	1,502E+2	0,000E+0	1,837E+2	1,839E+2	0,000E+0	6,675E-1	6,624E-1	0,000E+0	7	0011
627,142	67,300	82,600	1,499E+2	0,000E+0	1,839E+2	1,837E+2	0,000E+0	6,674E-1	6,614E-1	0,000E+0	7	0001
628,142	67,500	82,600	1,501E+2	0,000E+0	1,838E+2	1,838E+2	0,000E+0	6,659E-1	6,610E-1	0,000E+0	7	0001
629,142	67,500	82,600	1,501E+2	0,000E+0	1,838E+2	1,838E+2	0,000E+0	6,659E-1	6,610E-1	0,000E+0	7	0001
630,148	67,200	82,800	1,500E+2	0,000E+0	1,837E+2	1,836E+2	0,000E+0	6,668E-1	6,631E-1	0,000E+0	7	0001
631,149	67,300	82,600	1,499E+2	0,000E+0	1,839E+2	1,836E+2	0,000E+0	6,676E-1	6,615E-1	0,000E+0	7	0001
632,150	67,500	82,800	1,503E+2	0,000E+0	1,840E+2	1,836E+2	0,000E+0	6,689E-1	6,631E-1	0,000E+0	7	0001
633,150	67,300	82,800	1,501E+2	0,000E+0	1,836E+2	1,838E+2	0,000E+0	6,674E-1	6,613E-1	0,000E+0	7	0001
634,150	67,400	82,500	1,499E+2	0,000E+0	1,840E+2	1,838E+2	0,000E+0	6,678E-1	6,608E-1	0,000E+0	7	0001
635,150	67,400	82,500	1,499E+2	0,000E+0	1,840E+2	1,838E+2	0,000E+0	6,678E-1	6,608E-1	0,000E+0	7	0001
636,150	67,400	82,800	1,502E+2	0,000E+0	1,839E+2	1,839E+2	0,000E+0	6,689E-1	6,627E-1	0,000E+0	7	0001
637,151	67,400	82,500	1,499E+2	0,000E+0	1,840E+2	1,840E+2	0,000E+0	6,671E-1	6,610E-1	0,000E+0	7	0001
638,152	67,500	82,500	1,500E+2	0,000E+0	1,839E+2	1,837E+2	0,000E+0	6,679E-1	6,615E-1	0,000E+0	7	0001
639,152	67,300	82,200	1,495E+2	0,000E+0	1,839E+2	1,836E+2	0,000E+0	6,678E-1	6,593E-1	0,000E+0	7	0001
640,152	67,300	82,200	1,495E+2	0,000E+0	1,839E+2	1,836E+2	0,000E+0	6,678E-1	6,593E-1	0,000E+0	7	0001
641,152	67,300	82,200	1,495E+2	0,000E+0	1,839E+2	1,836E+2	0,000E+0	6,678E-1	6,593E-1	0,000E+0	7	0001
642,152	67,300	82,200	1,495E+2	0,000E+0	1,839E+2	1,836E+2	0,000E+0	6,678E-1	6,593E-1	0,000E+0	7	0001
643,152	67,300	82,800	1,501E+2	0,000E+0	1,839E+2	1,836E+2	0,000E+0	6,681E-1	6,630E-1	0,000E+0	7	0001
644,152	67,300	82,800	1,501E+2	0,000E+0	1,839E+2	1,836E+2	0,000E+0	6,681E-1	6,630E-1	0,000E+0	7	0001
645,152	67,300	82,800	1,501E+2	0,000E+0	1,839E+2	1,836E+2	0,000E+0	6,681E-1	6,630E-1	0,000E+0	7	0001
646,153	67,300	82,800	1,501E+2	0,000E+0	1,839E+2	1,836E+2	0,000E+0	6,681E-1	6,630E-1	0,000E+0	7	0001
647,152	67,500	82,700	1,502E+2	0,000E+0	1,838E+2	1,838E+2	0,000E+0	6,682E-1	6,622E-1	0,000E+0	7	0001
648,152	67,500	82,700	1,502E+2	0,000E+0	1,838E+2	1,838E+2	0,000E+0	6,682E-1	6,622E-1	0,000E+0	7	0001
649,152	67,400	82,700	1,501E+2	0,000E+0	1,840E+2	1,837E+2	0,000E+0	6,674E-1	6,615E-1	0,000E+0	7	0001
650,152	67,400	82,700	1,501E+2	0,000E+0	1,840E+2	1,837E+2	0,000E+0	6,674E-1	6,615E-1	0,000E+0	7	0001
651,152	67,500	82,400	1,499E+2	0,000E+0	1,838E+2	1,835E+2	0,000E+0	6,672E-1	6,606E-1	0,000E+0	7	0001
652,153	67,500	82,600	1,501E+2	0,000E+0	1,839E+2	1,837E+2	0,000E+0	6,667E-1	6,613E-1	0,000E+0	7	0001
653,155	67,500	82,500	1,500E+2	0,000E+0	1,841E+2	1,839E+2	0,000E+0	6,686E-1	6,609E-1	0,000E+0	7	0001
654,154	67,400	82,500	1,499E+2	0,000E+0	1,838E+2	1,837E+2	0,000E+0	6,674E-1	6,613E-1	0,000E+0	7	0001
655,154	67,400	82,800	1,502E+2	0,000E+0	1,841E+2	1,837E+2	0,000E+0	6,670E-1	6,627E-1	0,000E+0	7	0001
656,154	67,400	82,800	1,502E+2	0,000E+0	1,841E+2	1,837E+2	0,000E+0	6,670E-1	6,627E-1	0,000E+0	6	0001
657,154	67,500	82,500	1,500E+2	0,000E+0	1,839E+2	1,838E+2	0,000E+0	6,689E-1	6,606E-1	0,000E+0	6	0001
658,154	67,700	82,500	1,502E+2	0,000E+0	1,839E+2	1,836E+2	0,000E+0	6,681E-1	6,611E-1	0,000E+0	6	0001
659,154	67,100	82,500	1,496E+2	0,000E+0	1,837E+2	1,838E+2	0,000E+0	6,658E-1	6,610E-1	0,000E+0	6	0001
660,155	67,600	82,600	1,502E+2	0,000E+0	1,841E+2	1,838E+2	0,000E+0	6,700E-1	6,620E-1	0,000E+0	6	0001
661,154	67,400	82,600	1,500E+2	0,000E+0	1,839E+2	1,838E+2	0,000E+0	6,676E-1	6,615E-1	0,000E+0	6	0001
662,154	67,500	82,600	1,501E+2	0,000E+0	1,842E+2	1,837E+2	0,000E+0	6,691E-1	6,627E-1	0,000E+0	6	0001
663,154	67,500	82,600	1,501E+2	0,000E+0	1,842E+2	1,837E+2	0,000E+0	6,691E-1	6,627E-1	0,000E+0	6	0001
664,155	67,500	82,600	1,501E+2	0,000E+0	1,842E+2	1,837E+2	0,000E+0	6,691E-1	6,627E-1	0,000E+0	6	0001
665,156	67,700	82,100	1,498E+2	0,000E+0	1,841E+2	1,837E+2	0,000E+0	6,669E-1	6,602E-1	0,000E+0	6	0001
666,155	67,700	82,100	1,498E+2	0,000E+0	1,841E+2	1,837E+2	0,000E+0	6,669E-1	6,602E-1	0,000E+0	6	0001
667,155	67,400	82,600	1,500E+2	0,000E+0	1,839E+2	1,837E+2	0,000E+0	6,673E-1	6,616E-1	0,000E+0	6	0001
668,155	67,400	82,600	1,500E+2	0,000E+0	1,839E+2	1,837E+2	0,000E+0	6,673E-1	6,616E-1	0,000E+0	6	0001
669,155	67,400	82,700	1,501E+2	0,000E+0	1,838E+2	1,838E+2	0,000E+0	6,684E-1	6,626E-1	0,000E+0	6	0001
670,155	67,400	82,700	1,501E+2	0,000E+0	1,838E+2	1,838E+2	0,000E+0	6,684E-1	6,626E-1	0,000E+0	6	0001
671,156	67,400	82,700	1,501E+2	0,000E+0	1,838E+2	1,838E+2	0,000E+0	6,684E-1	6,626E-1	0,000E+0	6	0001
672,155	67,400	82,700	1,501E+2	0,000E+0	1,838E+2	1,838E+2	0,000E+0	6,684E-1	6,626E-1	0,000E+0	6	0001
673,155	67,400	82,600	1,500E+2	0,000E+0	1,840E+2	1,836E+2	0,000E+0	6,675E-1	6,617E-1	0,000E+0	6	0001
674,155	67,400	82,800	1,502E+2	0,000E+0	1,839E+2	1,838E+2	0,000E+0	6,681E-1	6,615E-1	0,000E+0	6	0001
675,155	67,200	82,900	1,501E+2	0,000E+0	1,839E+2	1,838E+2	0,000E+0	6,674E-1	6,629E-1	0,000E+0	6	0001
676,155	68,100	82,100	1,502E+2	0,000E+0	1,841E+2	1,834E+2	0,000E+0	6,692E-1	6,603E-1	0,000E+0	6	0001
677,155	68,100	82,100	1,502E+2	0,000E+0	1,841E+2	1,834E+2	0,000E+0	6,692E-1	6,603E-1	0,000E+0	5	0001
678,157	67,500	82,600	1,501E+2	0,000E+0	1,838E+2	1,837E+2	0,000E+0	6,689E-1	6,623E-1	0,000E+0	5	0001
679,156	67,300	82,400	1,497E+2	0,000E+0	1,838E+2	1,836E+2	0,000E+0	6,681E-1	6,608E-1	0,000E+0	5	0001
680,157	67,400	82,500	1,499E+2	0,000E+0	1,838E+2	1,837E+2	0,000E+0	6,673E-1	6,606E-1	0,000E+0	5	0001
681,157	67,400	82,500	1,499E+2	0,000E+0	1,839E+2	1,837E+2	0,000E+0	6,685E-1	6,612E-1	0,000E+0	5	0001
682,157	67,700	82,300	1,500E+2	0,000E+0	1,841E+2	1,838E+2	0,000E+0	6,696E-1	6,594E-1	0,000E+0	5	0001
683,157	67,700	82,300	1,500E+2	0,000E+0	1,841E+2	1,838E+2	0,000E+0	6,696E-1	6,594E-1	0,000E+0	5	0001
684,157	67,700	82,300	1,500E+2	0,000E+0	1,841E+2	1,838E+2	0,000E+0	6,696E-1	6,594E-1	0,000E+0	5	0001
685,158	67,700	82,300	1,500E+2	0,000E+0	1,841E+2	1,838E+2	0,000E+0	6,696E-1	6,594E-1	0,000E+0	5	0001
686,157	67,500	82,600	1,501E+2	0,000E+0	1,840E+2	1,838E+2	0,000E+0	6,693E-1	6,618E-1	0,000E+0	5	0001
687,157	67,500	82,600	1,501E+2	0,000E+0	1,839E+2	1,837E+2	0,000E+0	6,686E-1	6,618E-1	0,000E+0	5	0001
688,159	67,500	82,600	1,501E+2	0,000E+0	1,839E+2	1,837E+2	0,000E+0	6,686E-1	6,618E-1	0,000E+0	5	0001
689,159	67,500	82,500	1,500E+2	0,000E+0	1,841E+2	1,840E+2	0,000E+0	6,687E-1	6,609E-1	0,000E+0	5	0001
690,159	67,500	82,500	1,500E+2	0,000E+0	1,841E+2	1,840E+2	0,000E+0	6,687E-1	6,609E-1	0,000E+0	5	0001
691,159	67,500	82,500	1,500E+2	0,000E+0	1,841E+2	1,840E+2	0,000E+0	6,687E-1	6,609E-1	0,000E+0	5	0001
692,160	67,500	82,500	1,500E+2	0,000E+0	1,841E+2	1,840E+2	0,000E+0	6,687E-1	6,609E-1	0,000E+0	5	0001
693,160	67,600	82,400	1,500E+2	0,000E+0	1,838E+2	1,838E+2	0,000E+0	6,687E-1	6,610E-1	0,000E+0	5	0001
694,160	67,600	82,400	1,500E+2	0,000E+0	1,838E+2	1,838E+2	0,000E+0	6,687E-1	6,610E-1	0,000E+0	5	0001
695,160	67,400	82,700	1,501E+2	0,000E+0	1,838E+2	1,837E+2	0,000E+0	6,672E-1	6,622E-1	0,000E+0	5	0001
696,161	67,400	82,700	1,501E+2	0,000E+0	1,838E+2	1,837E+2	0,000E+0	6,672E-1	6,622E-1	0,000E+0	5	0001
697,161	67,300	83,000	1,503E+2	0,000E+0	1,838E+2	1,836E+2	0,000E+0	6,667E-1	6,631E-1	0,000E+0	4	0001
698,162	67,600	82,400	1,500E+2	0,000E+0	1,840E+2	1,835E+2	0,000E+0	6,696E-1	6,604E-1	0,000E+0	4	0001
699,162	67,400	82,500	1,499E+2	0,000E+0	1,838E+2	1,840E+2	0,000E+0	6,677E-1	6,616E-1	0,000E+0	4	0001
700,162	67,500	82,500	1,500E+2	0,000E+0	1,838E+2	1,836E+2	0,000E+0	6,687E-1	6,608E-1	0,000E+0	4	0001
701,163	67,300	82,500	1,498E+2	0,000E+0	1,838E+2	1,837E+2	0,000E+0	6,673E-1	6,615E-1	0,000E+0	4	0001
702,163	67,300	82,500	1,498E+2	0,000E+0	1,838E+2	1,837E+2	0,000E+0	6,673E-1	6,615E-1	0,000E+0	4	0001
703,163	67,300	82,500	1,498E+2	0,000E+0	1,838E+2	1,837E+2	0,000E+0	6,673E-1	6,615E-1	0,000E+0	4	0001
704,163	67,300	82,500	1,498E+2	0,000E+0	1,838E+2	1,837E+2	0,000E+0	6,673E-1	6,615E-1	0,000E+0	4	0001
705,163	67,600	82,200	1,498E+2	0,000E+0	1,839E+2	1,835E+2	0,000E+0	6,680E-1	6,598E-1	0,000E+0	4	0001
706,163	67,600	82,200	1,498E+2	0,000E+0	1,839E+2	1,835E+2	0,000E+0	6,680E-1	6,598E-1	0,000E+0	4	0001
707,163	67,600	82,200	1,498E+2	0,000E+0	1,839E+2	1,835E+2	0,000E+0	6,680E-1	6,598E-1	0,000E+0	4	0001
708,163	67,500	82,600	1,501E+2	0,000E+0	1,839E+2	1,838E+2	0,000E+0	6,686E-1	6,622E-1	0,000E+0	4	0001
709,163	67,500	82,600	1,501E+2	0,000E+0	1,839E+2	1,838E+2	0,000E+0	6,686E-1	6,622E-1	0,000E+0	4	0001
710,164	67,500	82,800	1,503E+2	0,000E+0	1,837E+2	1,838E+2	0,000E+0	6,693E-1	6,633E-1	0,000E+0	4	0001
711,164	67,500	82,800	1,503E+2	0,000E+0	1,837E+2	1,838E+2	0,000E+0	6,693E-1	6,633E-1	0,000E+0	4	0001
712,164	67,500	82,900	1,504E+2	0,000E+0	1,838E+2	1,838E+2	0,000E+0	6,693E-1	6,642E-1	0,000E+0	4	0001
713,165	67,500	82,900	1,504E+2	0,000E+0	1,838E+2	1,838E+2	0,000E+0	6,693E-1	6,642E-1	0,000E+0	4	0001
714,164	67,400	82,500	1,499E+2	0,000E+0	1,839E+2	1,836E+2	0,000E+0	6,685E-1	6,608E-1	0,000E+0	4	0001
715,165	67,400	82,800	1,502E+2	0,000E+0	1,840E+2	1,836E+2	0,000E+0	6,695E-1	6,637E-1	0,000E+0	4	0001
716,165	67,400	82,700	1,501E+2	0,000E+0	1,841E+2	1,838E+2	0,000E+0	6,679E-1	6,623E-1	0,000E+0	4	0001
717,165	67,300	82,500	1,498E+2	0,000E+0	1,839E+2	1,839E+2	0,000E+0	6,669E-1	6,612E-1	0,000E+0	3	0001
718,166	67,600	82,600	1,502E+2	0,000E+0	1,838E+2	1,837E+2	0,000E+0	6,680E-1	6,629E-1	0,000E+0	3	0001
719,166	67,600	82,700	1,503E+2	0,000E+0	1,837E+2	1,837E+2	0,000E+0	6,679E-1	6,617E-1	0,000E+0	3	0001
720,166	67,600	82,700	1,503E+2	0,000E+0	1,837E+2	1,837E+2	0,000E+0	6,679E-1	6,617E-1	0,000E+0	3	0001
721,166	67,200	82,400	1,496E+2	0,000E+0	1,835E+2	1,836E+2	0,000E+0	6,651E-1	6,606E-1	0,000E+0	3	0001
722,166	67,400	82,300	1,497E+2	0,000E+0	1,838E+2	1,835E+2	0,000E+0	6,684E-1	6,599E-1	0,000E+0	3	0001
723,167	67,400	82,300	1,497E+2	0,000E+0	1,838E+2	1,835E+2	0,000E+0	6,684E-1	6,599E-1	0,000E+0	3	0001
724,167	67,400	82,300	1,497E+2	0,000E+0	1,838E+2	1,835E+2	0,000E+0	6,684E-1	6,599E-1	0,000E+0	3	0001
725,167	67,800	82,400	1,502E+2	0,000E+0	1,840E+2	1,835E+2	0,000E+0	6,702E-1	6,623E-1	0,000E+0	3	0001
726,167	67,800	82,400	1,502E+2	0,000E+0	1,840E+2	1,835E+2	0,000E+0	6,702E-1	6,623E-1	0,000E+0	3	0001
727,167	67,800	82,400	1,502E+2	0,000E+0	1,840E+2	1,835E+2	0,000E+0	6,702E-1	6,623E-1	0,000E+0	3	0001
728,167	67,500	82,600	1,501E+2	0,000E+0	1,837E+2	1,836E+2	0,000E+0	6,678E-1	6,621E-1	0,000E+0	3	0001
729,167	67,500	82,600	1,501E+2	0,000E+0	1,837E+2	1,836E+2	0,000E+0	6,678E-1	6,621E-1	0,000E+0	3	0001
730,167	67,500	82,600	1,501E+2	0,000E+0	1,837E+2	1,836E+2	0,000E+0	6,678E-1	6,621E-1	0,000E+0	3	0001
731,169	67,500	82,600	1,501E+2	0,000E+0	1,837E+2	1,836E+2	0,000E+0	6,678E-1	6,621E-1	0,000E+0	3	0001
732,168	67,500	82,500	1,500E+2	0,000E+0	1,839E+2	1,836E+2	0,000E+0	6,680E-1	6,603E-1	0,000E+0	3	0001
733,168	67,500	82,500	1,500E+2	0,000E+0	1,839E+2	1,836E+2	0,000E+0	6,680E-1	6,603E-1	0,000E+0	3	0001
734,168	67,600	82,200	1,498E+2	0,000E+0	1,840E+2	1,838E+2	0,000E+0	6,689E-1	6,598E-1	0,000E+0	3	0001
735,168	67,600	82,200	1,498E+2	0,000E+0	1,840E+2	1,838E+2	0,000E+0	6,689E-1	6,598E-1	0,000E+0	3	0001
736,169	67,800	82,400	1,502E+2	0,000E+0	1,838E+2	1,836E+2	0,000E+0	6,680E-1	6,604E-1	0,000E+0	2	0001
737,169	67,500	82,800	1,503E+2	0,000E+0	1,837E+2	1,835E+2	0,000E+0	6,685E-1	6,631E-1	0,000E+0	2	0001
738,171	67,300	82,600	1,499E+2	0,000E+0	1,839E+2	1,835E+2	0,000E+0	6,691E-1	6,626E-1	0,000E+0	2	0001
739,171	67,400	82,600	1,500E+2	0,000E+0	1,838E+2	1,838E+2	0,000E+0	6,671E-1	6,613E-1	0,000E+0	2	0001
740,171	67,200	82,600	1,498E+2	0,000E+0	1,839E+2	1,835E+2	0,000E+0	6,681E-1	6,607E-1	0,000E+0	2	0001
741,171	67,200	82,600	1,498E+2	0,000E+0	1,839E+2	1,835E+2	0,000E+0	6,681E-1	6,607E-1	0,000E+0	2	0001
742,171	67,200	82,600	1,498E+2	0,000E+0	1,839E+2	1,835E+2	0,000E+0	6,681E-1	6,607E-1	0,000E+0	2	0001
743,171	67,200	82,600	1,498E+2	0,000E+0	1,839E+2	1,835E+2	0,000E+0	6,681E-1	6,607E-1	0,000E+0	2	0001
744,171	67,200	82,600	1,498E+2	0,000E+0	1,839E+2	1,835E+2	0,000E+0	6,681E-1	6,607E-1	0,000E+0	2	0001
745,173	67,200	82,600	1,498E+2	0,000E+0	1,839E+2	1,835E+2	0,000E+0	6,681E-1	6,607E-1	0,000E+0	2	0001
746,172	67,200	82,600	1,498E+2	0,000E+0	1,839E+2	1,835E+2	0,000E+0	6,681E-1	6,607E-1	0,000E+0	2	0001
747,172	67,400	82,500	1,499E+2	0,000E+0	1,836E+2	1,837E+2	0,000E+0	6,674E-1	6,623E-1	0,000E+0	2	0001
748,172	67,400	82,500	1,499E+2	0,000E+0	1,836E+2	1,837E+2	0,000E+0	6,674E-1	6,623E-1	0,000E+0	2	0001
749,172	67,500	82,400	1,499E+2	0,000E+0	1,836E+2	1,835E+2	0,000E+0	6,673E-1	6,609E-1	0,000E+0	2	0001
750,172	67,400	82,800	1,502E+2	0,000E+0	1,839E+2	1,836E+2	0,000E+0	6,691E-1	6,631E-1	0,000E+0	2	0001
751,172	67,400	82,800	1,502E+2	0,000E+0	1,839E+2	1,836E+2	0,000E+0	6,691E-1	6,631E-1	0,000E+0	2	0001
752,173	67,200	82,600	1,498E+2	0,000E+0	1,838E+2	1,838E+2	0,000E+0	6,683E-1	6,628E-1	0,000E+0	2	0001
753,172	67,700	82,900	1,506E+2	0,000E+0	1,836E+2	1,832E+2	0,000E+0	6,700E-1	6,638E-1	0,000E+0	2	0001
754,172	67,500	82,400	1,499E+2	0,000E+0	1,837E+2	1,836E+2	0,000E+0	6,687E-1	6,612E-1	0,000E+0	2	0001
755,173	67,500	82,300	1,498E+2	0,000E+0	1,837E+2	1,836E+2	0,000E+0	6,680E-1	6,597E-1	0,000E+0	1	0001
756,174	67,500	82,500	1,500E+2	0,000E+0	1,838E+2	1,834E+2	0,000E+0	6,689E-1	6,618E-1	0,000E+0	1	0001
757,175	67,500	82,700	1,502E+2	0,000E+0	1,839E+2	1,834E+2	0,000E+0	6,712E-1	6,635E-1	0,000E+0	1	0001
758,175	67,400	82,600	1,500E+2	0,000E+0	1,838E+2	1,837E+2	0,000E+0	6,670E-1	6,621E-1	0,000E+0	1	0001
759,175	67,400	82,600	1,500E+2	0,000E+0	1,838E+2	1,837E+2	0,000E+0	6,670E-1	6,621E-1	0,000E+0	1	0001
760,175	67,500	82,600	1,501E+2	0,000E+0	1,839E+2	1,835E+2	0,000E+0	6,690E-1	6,622E-1	0,000E+0	1	0001
761,175	67,500	82,600	1,501E+2	0,000E+0	1,839E+2	1,835E+2	0,000E+0	6,690E-1	6,622E-1	0,000E+0	1	0001
762,176	67,500	82,600	1,501E+2	0,000E+0	1,839E+2	1,835E+2	0,000E+0	6,690E-1	6,622E-1	0,000E+0	1	0001
763,176	67,400	82,700	1,501E+2	0,000E+0	1,838E+2	1,836E+2	0,000E+0	6,680E-1	6,629E-1	0,000E+0	1	0001
764,177	67,400	82,700	1,501E+2	0,000E+0	1,838E+2	1,836E+2	0,000E+0	6,680E-1	6,629E-1	0,000E+0	1	0001
765,177	67,400	82,700	1,501E+2	0,000E+0	1,838E+2	1,836E+2	0,000E+0	6,680E-1	6,629E-1	0,000E+0	1	0001
766,178	67,400	82,700	1,501E+2	0,000E+0	1,838E+2	1,836E+2	0,000E+0	6,680E-1	6,629E-1	0,000E+0	1	0001
767,178	67,200	82,600	1,498E+2	0,000E+0	1,837E+2	1,834E+2	0,000E+0	6,661E-1	6,627E-1	0,000E+0	1	0001
768,179	67,200	82,600	1,498E+2	0,000E+0	1,837E+2	1,834E+2	0,000E+0	6,661E-1	6,627E-1	0,000E+0	1	0001
769,180	67,200	82,600	1,498E+2	0,000E+0	1,837E+2	1,834E+2	0,000E+0	6,661E-1	6,627E-1	0,000E+0	1	0001
770,180	67,300	82,500	1,498E+2	0,000E+0	1,837E+2	1,835E+2	0,000E+0	6,668E-1	6,618E-1	0,000E+0	1	0001
771,180	67,300	82,500	1,498E+2	0,000E+0	1,837E+2	1,835E+2	0,000E+0	6,668E-1	6,618E-1	0,000E+0	1	0001
772,180	67,200	83,000	1,502E+2	0,000E+0	1,837E+2	1,836E+2	0,000E+0	6,689E-1	6,648E-1	0,000E+0	1	0001
773,180	67,300	82,800	1,501E+2	0,000E+0	1,838E+2	1,834E+2	0,000E+0	6,682E-1	6,631E-1	0,000E+0	1	0001
774,180	67,500	82,500	1,500E+2	0,000E+0	1,836E+2	1,836E+2	0,000E+0	6,682E-1	6,616E-1	0,000E+0	1	0001
775,180	67,400	82,600	1,500E+2	0,000E+0	1,838E+2	1,836E+2	0,000E+0	6,688E-1	6,620E-1	0,000E+0	1	0001
776,180	67,200	82,500	1,497E+2	0,000E+0	1,837E+2	1,835E+2	0,000E+0	6,680E-1	6,624E-1	0,000E+0	1	0001
777,180	67,400	82,700	1,501E+2	0,000E+0	1,836E+2	1,835E+2	0,000E+0	6,683E-1	6,623E-1	0,000E+0	1	0001
778,181	67,400	82,800	1,502E+2	0,000E+0	1,839E+2	1,836E+2	0,000E+0	6,701E-1	6,630E-1	0,000E+0	1	0001
779,180	67,200	82,800	1,500E+2	0,000E+0	1,836E+2	1,835E+2	0,000E+0	6,672E-1	6,630E-1	0,000E+0	1	0001
780,180	67,200	82,800	1,500E+2	0,000E+0	1,836E+2	1,835E+2	0,000E+0	6,672E-1	6,630E-1	0,000E+0	1	0010
781,181	67,600	82,400	1,500E+2	0,000E+0	1,837E+2	1,834E+2	0,000E+0	6,677E-1	6,610E-1	0,000E+0	1	0010
782,181	67,300	82,800	1,501E+2	0,000E+0	1,836E+2	1,836E+2	0,000E+0	6,692E-1	6,638E-1	0,000E+0	1	0010
783,181	67,400	82,300	1,497E+2	0,000E+0	1,836E+2	1,833E+2	0,000E+0	6,695E-1	6,613E-1	0,000E+0	1	0010
784,181	67,400	82,300	1,497E+2	0,000E+0	1,836E+2	1,834E+2	0,000E+0	6,675E-1	6,600E-1	0,000E+0	1	0010
785,182	67,600	82,500	1,501E+2	0,000E+0	1,836E+2	1,833E+2	0,000E+0	6,695E-1	6,626E-1	0,000E+0	1	0010
786,181	67,400	82,700	1,501E+2	0,000E+0	1,837E+2	1,834E+2	0,000E+0	6,679E-1	6,623E-1	0,000E+0	1	0010
787,181	67,500	82,500	1,500E+2	0,000E+0	1,836E+2	1,835E+2	0,000E+0	6,700E-1	6,619E-1	0,000E+0	1	0010
788,182	67,300	82,700	1,500E+2	0,000E+0	1,838E+2	1,834E+2	0,000E+0	6,689E-1	6,634E-1	0,000E+0	1	0010
789,182	67,400	82,500	1,499E+2	0,000E+0	1,837E+2	1,836E+2	0,000E+0	6,690E-1	6,612E-1	0,000E+0	1	0010
790,182	67,400	82,500	1,499E+2	0,000E+0	1,837E+2	1,836E+2	0,000E+0	6,690E-1	6,612E-1	0,000E+0	1	0010
791,182	67,400	82,500	1,499E+2	0,000E+0	1,837E+2	1,836E+2	0,000E+0	6,690E-1	6,612E-1	0,000E+0	1	0010
792,182	67,400	82,500	1,499E+2	0,000E+0	1,837E+2	1,836E+2	0,000E+0	6,690E-1	6,612E-1	0,000E+0	1	0010
793,184	67,500	82,600	1,501E+2	0,000E+0	1,836E+2	1,833E+2	0,000E+0	6,688E-1	6,631E-1	0,000E+0	1	0010
794,183	67,500	82,600	1,501E+2	0,000E+0	1,836E+2	1,833E+2	0,000E+0	6,688E-1	6,631E-1	0,000E+0	1	0010
795,185	67,400	82,800	1,502E+2	0,000E+0	1,835E+2	1,834E+2	0,000E+0	6,692E-1	6,637E-1	0,000E+0	1	0010
796,185	67,400	82,800	1,502E+2	0,000E+0	1,835E+2	1,834E+2	0,000E+0	6,692E-1	6,637E-1	0,000E+0	1	0010
797,185	67,400	82,800	1,502E+2	0,000E+0	1,835E+2	1,834E+2	0,000E+0	6,692E-1	6,637E-1	0,000E+0	1	0010
798,185	67,400	82,800	1,502E+2	0,000E+0	1,835E+2	1,834E+2	0,000E+0	6,692E-1	6,637E-1	0,000E+0	1	0010
799,185	67,400	82,800	1,502E+2	0,000E+0	1,835E+2	1,834E+2	0,000E+0	6,692E-1	6,637E-1	0,000E+0	1	0010
800,185	67,400	82,800	1,502E+2	0,000E+0	1,835E+2	1,834E+2	0,000E+0	6,692E-1	6,637E-1	0,000E+0	1	0010
801,185	67,400	82,800	1,502E+2	0,000E+0	1,835E+2	1,834E+2	0,000E+0	6,692E-1	6,637E-1	0,000E+0	1	0010
802,185	67,400	82,600	1,500E+2	0,000E+0	1,837E+2	1,836E+2	0,000E+0	6,676E-1	6,630E-1	0,000E+0	1	0010
803,186	67,500	82,700	1,502E+2	0,000E+0	1,840E+2	1,836E+2	0,000E+0	6,702E-1	6,630E-1	0,000E+0	1	0010
804,187	67,500	82,600	1,501E+2	0,000E+0	1,837E+2	1,838E+2	0,000E+0	6,691E-1	6,629E-1	0,000E+0	1	0010
805,186	67,500	82,600	1,501E+2	0,000E+0	1,837E+2	1,838E+2	0,000E+0	6,691E-1	6,629E-1	0,000E+0	1	0010
806,187	67,300	82,700	1,500E+2	0,000E+0	1,841E+2	1,837E+2	0,000E+0	6,691E-1	6,626E-1	0,000E+0	2	0010
807,188	67,400	82,700	1,501E+2	0,000E+0	1,839E+2	1,837E+2	0,000E+0	6,691E-1	6,622E-1	0,000E+0	2	0010
808,188	67,700	82,400	1,501E+2	0,000E+0	1,837E+2	1,835E+2	0,000E+0	6,693E-1	6,609E-1	0,000E+0	2	0010
809,188	67,500	82,600	1,501E+2	0,000E+0	1,840E+2	1,834E+2	0,000E+0	6,701E-1	6,621E-1	0,000E+0	2	0010
810,188	67,600	82,400	1,500E+2	0,000E+0	1,838E+2	1,835E+2	0,000E+0	6,690E-1	6,617E-1	0,000E+0	2	0010
811,190	67,300	82,700	1,500E+2	0,000E+0	1,839E+2	1,838E+2	0,000E+0	6,681E-1	6,623E-1	0,000E+0	2	0010
812,189	67,300	82,700	1,500E+2	0,000E+0	1,839E+2	1,838E+2	0,000E+0	6,681E-1	6,623E-1	0,000E+0	2	0010
813,189	67,300	82,700	1,500E+2	0,000E+0	1,839E+2	1,838E+2	0,000E+0	6,681E-1	6,623E-1	0,000E+0	2	0010
814,189	67,300	82,700	1,500E+2	0,000E+0	1,839E+2	1,838E+2	0,000E+0	6,681E-1	6,623E-1	0,000E+0	2	0010
815,189	67,300	82,700	1,500E+2	0,000E+0	1,839E+2	1,838E+2	0,000E+0	6,681E-1	6,623E-1	0,000E+0	2	0010
816,189	67,300	82,600	1,499E+2	0,000E+0	1,837E+2	1,836E+2	0,000E+0	6,678E-1	6,623E-1	0,000E+0	2	0010
817,189	67,400	82,800	1,502E+2	0,000E+0	1,837E+2	1,837E+2	0,000E+0	6,679E-1	6,637E-1	0,000E+0	2	0010
818,190	67,400	82,800	1,502E+2	0,000E+0	1,837E+2	1,837E+2	0,000E+0	6,679E-1	6,637E-1	0,000E+0	2	0010
819,190	67,600	82,500	1,501E+2	0,000E+0	1,838E+2	1,834E+2	0,000E+0	6,702E-1	6,613E-1	0,000E+0	2	0010
820,191	67,600	82,500	1,501E+2	0,000E+0	1,838E+2	1,834E+2	0,000E+0	6,702E-1	6,613E-1	0,000E+0	2	0010
821,191	67,600	82,500	1,501E+2	0,000E+0	1,838E+2	1,834E+2	0,000E+0	6,702E-1	6,613E-1	0,000E+0	2	0010
822,191	67,600	82,500	1,501E+2	0,000E+0	1,838E+2	1,834E+2	0,000E+0	6,702E-1	6,613E-1	0,000E+0	2	0010
823,192	67,400	82,700	1,501E+2	0,000E+0	1,837E+2	1,836E+2	0,000E+0	6,683E-1	6,622E-1	0,000E+0	2	0010
824,192	67,400	82,400	1,498E+2	0,000E+0	1,839E+2	1,835E+2	0,000E+0	6,690E-1	6,610E-1	0,000E+0	2	0010
825,192	67,300	82,900	1,502E+2	0,000E+0	1,840E+2	1,838E+2	0,000E+0	6,679E-1	6,648E-1	0,000E+0	2	0010
826,193	67,300	82,900	1,502E+2	0,000E+0	1,840E+2	1,838E+2	0,000E+0	6,679E-1	6,648E-1	0,000E+0	2	0010
827,193	67,400	82,600	1,500E+2	0,000E+0	1,841E+2	1,838E+2	0,000E+0	6,680E-1	6,632E-1	0,000E+0	2	0010
828,193	67,500	82,600	1,501E+2	0,000E+0	1,839E+2	1,836E+2	0,000E+0	6,699E-1	6,633E-1	0,000E+0	2	0010
829,193	67,400	82,400	1,498E+2	0,000E+0	1,839E+2	1,836E+2	0,000E+0	6,688E-1	6,611E-1	0,000E+0	2	0010
830,193	67,400	82,200	1,496E+2	0,000E+0	1,837E+2	1,836E+2	0,000E+0	6,666E-1	6,603E-1	0,000E+0	2	0010
831,193	67,600	82,600	1,502E+2	0,000E+0	1,839E+2	1,835E+2	0,000E+0	6,704E-1	6,627E-1	0,000E+0	2	0010
832,193	67,700	82,600	1,503E+2	0,000E+0	1,838E+2	1,835E+2	0,000E+0	6,715E-1	6,634E-1	0,000E+0	2	0010
833,193	67,500	82,300	1,498E+2	0,000E+0	1,838E+2	1,835E+2	0,000E+0	6,686E-1	6,608E-1	0,000E+0	2	0010
834,194	67,500	82,600	1,501E+2	0,000E+0	1,838E+2	1,835E+2	0,000E+0	6,683E-1	6,625E-1	0,000E+0	3	0010
835,196	67,400	82,500	1,499E+2	0,000E+0	1,838E+2	1,838E+2	0,000E+0	6,686E-1	6,622E-1	0,000E+0	3	0010
836,196	67,400	82,500	1,499E+2	0,000E+0	1,838E+2	1,838E+2	0,000E+0	6,686E-1	6,622E-1	0,000E+0	3	0010
837,197	67,400	82,500	1,499E+2	0,000E+0	1,838E+2	1,838E+2	0,000E+0	6,686E-1	6,622E-1	0,000E+0	3	0010
838,197	67,400	82,500	1,499E+2	0,000E+0	1,838E+2	1,838E+2	0,000E+0	6,686E-1	6,622E-1	0,000E+0	3	0010
839,197	67,400	82,500	1,499E+2	0,000E+0	1,838E+2	1,838E+2	0,000E+0	6,686E-1	6,622E-1	0,000E+0	3	0010
840,197	67,300	82,600	1,499E+2	0,000E+0	1,837E+2	1,836E+2	0,000E+0	6,673E-1	6,618E-1	0,000E+0	3	0010
841,197	67,300	82,600	1,499E+2	0,000E+0	1,837E+2	1,836E+2	0,000E+0	6,673E-1	6,618E-1	0,000E+0	3	0010
842,197	67,300	82,600	1,499E+2	0,000E+0	1,837E+2	1,836E+2	0,000E+0	6,673E-1	6,618E-1	0,000E+0	3	0010
843,197	67,100	82,700	1,498E+2	0,000E+0	1,838E+2	1,838E+2	0,000E+0	6,670E-1	6,633E-1	0,000E+0	3	0010
844,197	67,100	82,700	1,498E+2	0,000E+0	1,838E+2	1,838E+2	0,000E+0	6,670E-1	6,633E-1	0,000E+0	3	0010
845,197	67,400	82,500	1,499E+2	0,000E+0	1,839E+2	1,837E+2	0,000E+0	6,700E-1	6,619E-1	0,000E+0	3	0010
846,198	67,400	82,500	1,499E+2	0,000E+0	1,839E+2	1,837E+2	0,000E+0	6,700E-1	6,619E-1	0,000E+0	3	0010
847,199	67,200	82,800	1,500E+2	0,000E+0	1,838E+2	1,836E+2	0,000E+0	6,678E-1	6,639E-1	0,000E+0	3	0010
848,198	67,300	82,800	1,501E+2	0,000E+0	1,838E+2	1,838E+2	0,000E+0	6,684E-1	6,635E-1	0,000E+0	3	0010
849,199	67,300	82,600	1,499E+2	0,000E+0	1,839E+2	1,837E+2	0,000E+0	6,688E-1	6,617E-1	0,000E+0	3	0010
850,199	67,400	82,600	1,500E+2	0,000E+0	1,839E+2	1,836E+2	0,000E+0	6,686E-1	6,637E-1	0,000E+0	4	0010
851,199	67,400	82,700	1,501E+2	0,000E+0	1,839E+2	1,838E+2	0,000E+0	6,692E-1	6,635E-1	0,000E+0	4	0010
852,199	67,500	82,600	1,501E+2	0,000E+0	1,839E+2	1,837E+2	0,000E+0	6,678E-1	6,624E-1	0,000E+0	4	0010
853,199	67,300	82,800	1,501E+2	0,000E+0	1,839E+2	1,838E+2	0,000E+0	6,694E-1	6,637E-1	0,000E+0	4	0010
854,200	67,200	83,000	1,502E+2	0,000E+0	1,840E+2	1,838E+2	0,000E+0	6,681E-1	6,646E-1	0,000E+0	4	0010
855,202	67,400	82,700	1,501E+2	0,000E+0	1,841E+2	1,839E+2	0,000E+0	6,694E-1	6,635E-1	0,000E+0	4	0010
856,201	67,400	82,700	1,501E+2	0,000E+0	1,841E+2	1,839E+2	0,000E+0	6,694E-1	6,635E-1	0,000E+0	4	0010
857,201	67,400	82,700	1,501E+2	0,000E+0	1,841E+2	1,839E+2	0,000E+0	6,694E-1	6,635E-1	0,000E+0	4	0010
858,201	67,500	82,300	1,498E+2	0,000E+0	1,844E+2	1,839E+2	0,000E+0	6,694E-1	6,616E-1	0,000E+0	4	0010
859,201	67,500	82,300	1,498E+2	0,000E+0	1,844E+2	1,839E+2	0,000E+0	6,694E-1	6,616E-1	0,000E+0	4	0010
860,201	67,500	82,300	1,498E+2	0,000E+0	1,844E+2	1,839E+2	0,000E+0	6,694E-1	6,616E-1	0,000E+0	4	0010
861,201	67,400	82,500	1,499E+2	0,000E+0	1,841E+2	1,839E+2	0,000E+0	6,677E-1	6,614E-1	0,000E+0	4	0010
862,202	67,400	82,500	1,499E+2	0,000E+0	1,841E+2	1,839E+2	0,000E+0	6,677E-1	6,614E-1	0,000E+0	4	0010
863,201	67,400	82,500	1,499E+2	0,000E+0	1,841E+2	1,839E+2	0,000E+0	6,677E-1	6,614E-1	0,000E+0	4	0010
864,201	67,700	82,500	1,502E+2	0,000E+0	1,841E+2	1,836E+2	0,000E+0	6,714E-1	6,621E-1	0,000E+0	4	0010
865,202	67,700	82,500	1,502E+2	0,000E+0	1,841E+2	1,836E+2	0,000E+0	6,714E-1	6,621E-1	0,000E+0	4	0010
866,202	67,600	82,700	1,503E+2	0,000E+0	1,838E+2	1,836E+2	0,000E+0	6,705E-1	6,634E-1	0,000E+0	4	0010
867,202	67,500	82,300	1,498E+2	0,000E+0	1,838E+2	1,836E+2	0,000E+0	6,675E-1	6,609E-1	0,000E+0	4	0010
868,202	67,600	82,400	1,500E+2	0,000E+0	1,839E+2	1,836E+2	0,000E+0	6,692E-1	6,618E-1	0,000E+0	4	0010
869,203	67,300	82,600	1,499E+2	0,000E+0	1,837E+2	1,836E+2	0,000E+0	6,684E-1	6,625E-1	0,000E+0	5	0010
870,202	67,500	82,600	1,501E+2	0,000E+0	1,840E+2	1,834E+2	0,000E+0	6,684E-1	6,623E-1	0,000E+0	5	0010
871,202	67,400	82,600	1,500E+2	0,000E+0	1,836E+2	1,835E+2	0,000E+0	6,692E-1	6,618E-1	0,000E+0	5	0010
872,203	67,400	82,700	1,501E+2	0,000E+0	1,838E+2	1,835E+2	0,000E+0	6,693E-1	6,639E-1	0,000E+0	5	0010
873,204	67,300	82,500	1,498E+2	0,000E+0	1,837E+2	1,835E+2	0,000E+0	6,672E-1	6,613E-1	0,000E+0	5	0010
874,204	67,300	82,500	1,498E+2	0,000E+0	1,837E+2	1,835E+2	0,000E+0	6,672E-1	6,613E-1	0,000E+0	5	0010
875,205	67,300	82,500	1,498E+2	0,000E+0	1,837E+2	1,835E+2	0,000E+0	6,672E-1	6,613E-1	0,000E+0	5	0010
876,206	67,300	82,500	1,498E+2	0,000E+0	1,837E+2	1,835E+2	0,000E+0	6,672E-1	6,613E-1	0,000E+0	5	0010
877,205	67,400	82,500	1,499E+2	0,000E+0	1,836E+2	1,837E+2	0,000E+0	6,675E-1	6,624E-1	0,000E+0	5	0010
878,206	67,400	82,500	1,499E+2	0,000E+0	1,836E+2	1,837E+2	0,000E+0	6,675E-1	6,624E-1	0,000E+0	5	0010
879,206	67,500	82,900	1,504E+2	0,000E+0	1,836E+2	1,835E+2	0,000E+0	6,697E-1	6,645E-1	0,000E+0	5	0010
880,206	67,500	82,900	1,504E+2	0,000E+0	1,836E+2	1,835E+2	0,000E+0	6,697E-1	6,645E-1	0,000E+0	5	0010
881,207	67,500	82,900	1,504E+2	0,000E+0	1,836E+2	1,835E+2	0,000E+0	6,697E-1	6,645E-1	0,000E+0	5	0010
882,208	67,400	82,600	1,500E+2	0,000E+0	1,838E+2	1,835E+2	0,000E+0	6,684E-1	6,629E-1	0,000E+0	5	0010
883,209	67,400	82,600	1,500E+2	0,000E+0	1,838E+2	1,835E+2	0,000E+0	6,684E-1	6,629E-1	0,000E+0	5	0010
884,209	67,400	82,600	1,500E+2	0,000E+0	1,838E+2	1,835E+2	0,000E+0	6,684E-1	6,629E-1	0,000E+0	5	0010
885,209	67,100	82,400	1,495E+2	0,000E+0	1,840E+2	1,837E+2	0,000E+0	6,681E-1	6,609E-1	0,000E+0	5	0010
886,209	67,600	82,500	1,501E+2	0,000E+0	1,838E+2	1,833E+2	0,000E+0	6,707E-1	6,626E-1	0,000E+0	5	0010
887,210	67,200	82,600	1,498E+2	0,000E+0	1,839E+2	1,838E+2	0,000E+0	6,678E-1	6,624E-1	0,000E+0	5	0010
888,210	67,600	82,600	1,502E+2	0,000E+0	1,838E+2	1,836E+2	0,000E+0	6,699E-1	6,634E-1	0,000E+0	5	0010
889,210	67,500	82,600	1,501E+2	0,000E+0	1,838E+2	1,839E+2	0,000E+0	6,681E-1	6,614E-1	0,000E+0	5	0010
890,211	67,500	82,600	1,501E+2	0,000E+0	1,838E+2	1,839E+2	0,000E+0	6,681E-1	6,614E-1	0,000E+0	5	0010
891,211	67,600	82,300	1,499E+2	0,000E+0	1,838E+2	1,835E+2	0,000E+0	6,692E-1	6,611E-1	0,000E+0	6	0010
892,211	67,300	82,500	1,498E+2	0,000E+0	1,838E+2	1,836E+2	0,000E+0	6,693E-1	6,622E-1	0,000E+0	6	0010
893,211	67,600	82,500	1,501E+2	0,000E+0	1,839E+2	1,835E+2	0,000E+0	6,698E-1	6,621E-1	0,000E+0	6	0010
894,211	67,400	82,500	1,499E+2	0,000E+0	1,836E+2	1,834E+2	0,000E+0	6,691E-1	6,637E-1	0,000E+0	6	0010
895,211	67,400	82,500	1,499E+2	0,000E+0	1,836E+2	1,834E+2	0,000E+0	6,691E-1	6,637E-1	0,000E+0	6	0010
896,212	67,400	82,500	1,499E+2	0,000E+0	1,836E+2	1,834E+2	0,000E+0	6,691E-1	6,637E-1	0,000E+0	6	0010
897,212	67,400	82,500	1,499E+2	0,000E+0	1,836E+2	1,834E+2	0,000E+0	6,691E-1	6,637E-1	0,000E+0	6	0010
898,213	67,600	82,300	1,499E+2	0,000E+0	1,838E+2	1,834E+2	0,000E+0	6,693E-1	6,616E-1	0,000E+0	6	0010
899,213	67,600	82,300	1,499E+2	0,000E+0	1,838E+2	1,834E+2	0,000E+0	6,693E-1	6,616E-1	0,000E+0	6	0010
900,213	67,400	82,800	1,502E+2	0,000E+0	1,838E+2	1,835E+2	0,000E+0	6,689E-1	6,640E-1	0,000E+0	6	0010
901,214	67,400	82,800	1,502E+2	0,000E+0	1,838E+2	1,835E+2	0,000E+0	6,689E-1	6,640E-1	0,000E+0	6	0010
902,214	67,400	82,800	1,502E+2	0,000E+0	1,838E+2	1,835E+2	0,000E+0	6,689E-1	6,640E-1	0,000E+0	6	0010
903,214	67,400	82,800	1,502E+2	0,000E+0	1,838E+2	1,834E+2	0,000E+0	6,700E-1	6,639E-1	0,000E+0	6	0010
904,214	67,400	82,800	1,502E+2	0,000E+0	1,838E+2	1,834E+2	0,000E+0	6,700E-1	6,639E-1	0,000E+0	6	0010
905,214	67,400	82,800	1,502E+2	0,000E+0	1,838E+2	1,834E+2	0,000E+0	6,700E-1	6,639E-1	0,000E+0	6	0010
906,215	67,400	82,800	1,502E+2	0,000E+0	1,838E+2	1,834E+2	0,000E+0	6,700E-1	6,639E-1	0,000E+0	6	0010
907,214	67,300	82,500	1,498E+2	0,000E+0	1,837E+2	1,835E+2	0,000E+0	6,685E-1	6,618E-1	0,000E+0	6	0010
908,214	67,600	82,500	1,501E+2	0,000E+0	1,835E+2	1,835E+2	0,000E+0	6,688E-1	6,622E-1	0,000E+0	6	0010
909,214	67,400	82,600	1,500E+2	0,000E+0	1,836E+2	1,835E+2	0,000E+0	6,689E-1	6,631E-1	0,000E+0	7	0010
910,215	67,500	82,700	1,502E+2	0,000E+0	1,837E+2	1,835E+2	0,000E+0	6,691E-1	6,630E-1	0,000E+0	7	0010
911,215	67,500	82,700	1,502E+2	0,000E+0	1,837E+2	1,835E+2	0,000E+0	6,691E-1	6,630E-1	0,000E+0	7	0010
912,215	67,500	82,700	1,502E+2	0,000E+0	1,837E+2	1,835E+2	0,000E+0	6,691E-1	6,630E-1	0,000E+0	7	0010
913,216	67,200	82,700	1,499E+2	0,000E+0	1,837E+2	1,835E+2	0,000E+0	6,676E-1	6,628E-1	0,000E+0	7	0010
914,215	67,500	82,500	1,500E+2	0,000E+0	1,837E+2	1,835E+2	0,000E+0	6,693E-1	6,621E-1	0,000E+0	7	0010
915,216	67,500	82,500	1,500E+2	0,000E+0	1,837E+2	1,835E+2	0,000E+0	6,693E-1	6,621E-1	0,000E+0	7	0010
916,216	67,500	82,500	1,500E+2	0,000E+0	1,837E+2	1,835E+2	0,000E+0	6,693E-1	6,621E-1	0,000E+0	7	0010
917,216	67,400	82,500	1,499E+2	0,000E+0	1,839E+2	1,836E+2	0,000E+0	6,680E-1	6,616E-1	0,000E+0	7	0010
918,216	67,400	82,500	1,499E+2	0,000E+0	1,839E+2	1,836E+2	0,000E+0	6,680E-1	6,616E-1	0,000E+0	7	0010
919,216	67,400	82,500	1,499E+2	0,000E+0	1,839E+2	1,836E+2	0,000E+0	6,680E-1	6,616E-1	0,000E+0	7	0010
920,217	67,300	82,400	1,497E+2	0,000E+0	1,839E+2	1,837E+2	0,000E+0	6,679E-1	6,615E-1	0,000E+0	7	0010
921,216	67,300	82,400	1,497E+2	0,000E+0	1,839E+2	1,837E+2	0,000E+0	6,679E-1	6,615E-1	0,000E+0	7	0010
922,216	67,300	82,400	1,497E+2	0,000E+0	1,839E+2	1,837E+2	0,000E+0	6,679E-1	6,615E-1	0,000E+0	7	0010
923,216	67,300	82,400	1,497E+2	0,000E+0	1,839E+2	1,837E+2	0,000E+0	6,679E-1	6,615E-1	0,000E+0	7	0010
924,216	67,100	82,700	1,498E+2	0,000E+0	1,836E+2	1,836E+2	0,000E+0	6,673E-1	6,634E-1	0,000E+0	7	0010
925,216	67,600	82,800	1,504E+2	0,000E+0	1,834E+2	1,832E+2	0,000E+0	6,708E-1	6,638E-1	0,000E+0	7	0010
926,216	67,400	82,800	1,502E+2	0,000E+0	1,836E+2	1,834E+2	0,000E+0	6,702E-1	6,646E-1	0,000E+0	7	0010
927,216	67,400	82,800	1,502E+2	0,000E+0	1,836E+2	1,834E+2	0,000E+0	6,702E-1	6,646E-1	0,000E+0	7	0010
928,217	67,400	82,500	1,499E+2	0,000E+0	1,836E+2	1,833E+2	0,000E+0	6,693E-1	6,625E-1	0,000E+0	7	0010
929,217	67,400	82,700	1,501E+2	0,000E+0	1,836E+2	1,834E+2	0,000E+0	6,708E-1	6,628E-1	0,000E+0	7	0010
930,218	67,700	82,300	1,500E+2	0,000E+0	1,837E+2	1,834E+2	0,000E+0	6,696E-1	6,608E-1	0,000E+0	7	0010
931,218	67,300	82,600	1,499E+2	0,000E+0	1,835E+2	1,835E+2	0,000E+0	6,673E-1	6,620E-1	0,000E+0	7	0010
932,218	67,400	82,600	1,500E+2	0,000E+0	1,837E+2	1,834E+2	0,000E+0	6,693E-1	6,627E-1	0,000E+0	7	0010
933,218	67,300	82,700	1,500E+2	0,000E+0	1,834E+2	1,835E+2	0,000E+0	6,682E-1	6,633E-1	0,000E+0	7	0010
934,219	67,300	82,400	1,497E+2	0,000E+0	1,835E+2	1,832E+2	0,000E+0	6,678E-1	6,614E-1	0,000E+0	7	0010
935,219	67,200	82,700	1,499E+2	0,000E+0	1,835E+2	1,835E+2	0,000E+0	6,681E-1	6,637E-1	0,000E+0	7	0010
936,220	67,500	82,400	1,499E+2	0,000E+0	1,837E+2	1,834E+2	0,000E+0	6,707E-1	6,619E-1	0,000E+0	7	0010
937,220	67,200	82,700	1,499E+2	0,000E+0	1,838E+2	1,838E+2	0,000E+0	6,701E-1	6,633E-1	0,000E+0	7	0010
938,221	67,300	82,600	1,499E+2	0,000E+0	1,838E+2	1,834E+2	0,000E+0	6,689E-1	6,628E-1	0,000E+0	7	0010
939,221	67,300	82,600	1,499E+2	0,000E+0	1,838E+2	1,834E+2	0,000E+0	6,689E-1	6,628E-1	0,000E+0	7	0010
940,222	67,500	82,500	1,500E+2	0,000E+0	1,838E+2	1,833E+2	0,000E+0	6,708E-1	6,626E-1	0,000E+0	7	0010
941,222	67,700	82,600	1,503E+2	0,000E+0	1,836E+2	1,835E+2	0,000E+0	6,686E-1	6,628E-1	0,000E+0	7	0010
942,223	67,700	82,600	1,503E+2	0,000E+0	1,836E+2	1,835E+2	0,000E+0	6,686E-1	6,628E-1	0,000E+0	7	0010
943,223	67,400	82,600	1,500E+2	0,000E+0	1,836E+2	1,834E+2	0,000E+0	6,685E-1	6,623E-1	0,000E+0	7	0010
944,223	67,600	82,300	1,499E+2	0,000E+0	1,839E+2	1,834E+2	0,000E+0	6,688E-1	6,619E-1	0,000E+0	7	0010
945,223	67,300	82,700	1,500E+2	0,000E+0	1,838E+2	1,836E+2	0,000E+0	6,695E-1	6,628E-1	0,000E+0	7	0011
946,223	67,500	82,600	1,501E+2	0,000E+0	1,835E+2	1,834E+2	0,000E+0	6,698E-1	6,634E-1	0,000E+0	7	0011
947,223	67,300	82,700	1,500E+2	0,000E+0	1,837E+2	1,836E+2	0,000E+0	6,686E-1	6,629E-1	0,000E+0	7	0011
948,224	67,300	82,800	1,501E+2	0,000E+0	1,837E+2	1,836E+2	0,000E+0	6,701E-1	6,636E-1	0,000E+0	7	0011
949,225	67,300	82,800	1,501E+2	0,000E+0	1,837E+2	1,836E+2	0,000E+0	6,701E-1	6,636E-1	0,000E+0	7	0011
950,225	67,300	82,700	1,500E+2	0,000E+0	1,836E+2	1,835E+2	0,000E+0	6,676E-1	6,637E-1	0,000E+0	7	0011
951,225	67,600	82,800	1,504E+2	0,000E+0	1,838E+2	1,836E+2	0,000E+0	6,717E-1	6,637E-1	0,000E+0	7	0011
952,225	67,300	82,400	1,497E+2	0,000E+0	1,837E+2	1,834E+2	0,000E+0	6,681E-1	6,624E-1	0,000E+0	7	0011
953,225	67,300	82,800	1,501E+2	0,000E+0	1,836E+2	1,836E+2	0,000E+0	6,688E-1	6,649E-1	0,000E+0	7	0011
954,226	67,200	82,500	1,497E+2	0,000E+0	1,836E+2	1,834E+2	0,000E+0	6,679E-1	6,627E-1	0,000E+0	7	0011
955,226	67,200	82,500	1,497E+2	0,000E+0	1,836E+2	1,834E+2	0,000E+0	6,679E-1	6,627E-1	0,000E+0	7	0011
956,226	67,200	82,500	1,497E+2	0,000E+0	1,836E+2	1,834E+2	0,000E+0	6,679E-1	6,627E-1	0,000E+0	7	0011
957,226	67,200	82,500	1,497E+2	0,000E+0	1,836E+2	1,834E+2	0,000E+0	6,679E-1	6,627E-1	0,000E+0	7	0011
958,226	67,200	82,500	1,497E+2	0,000E+0	1,836E+2	1,834E+2	0,000E+0	6,679E-1	6,627E-1	0,000E+0	7	0011
959,227	67,400	82,600	1,500E+2	0,000E+0	1,836E+2	1,834E+2	0,000E+0	6,684E-1	6,628E-1	0,000E+0	7	0011
960,226	67,400	82,600	1,500E+2	0,000E+0	1,836E+2	1,834E+2	0,000E+0	6,684E-1	6,628E-1	0,000E+0	7	0011
961,226	67,400	82,600	1,500E+2	0,000E+0	1,836E+2	1,834E+2	0,000E+0	6,684E-1	6,628E-1	0,000E+0	7	0011
962,226	67,500	82,800	1,503E+2	0,000E+0	1,836E+2	1,836E+2	0,000E+0	6,699E-1	6,634E-1	0,000E+0	7	0011
963,226	67,500	82,800	1,503E+2	0,000E+0	1,836E+2	1,836E+2	0,000E+0	6,699E-1	6,634E-1	0,000E+0	7	0011
964,227	67,400	82,800	1,502E+2	0,000E+0	1,836E+2	1,834E+2	0,000E+0	6,695E-1	6,636E-1	0,000E+0	7	0011
965,227	67,400	82,800	1,502E+2	0,000E+0	1,836E+2	1,834E+2	0,000E+0	6,695E-1	6,636E-1	0,000E+0	7	0011
966,227	67,400	82,500	1,499E+2	0,000E+0	1,836E+2	1,834E+2	0,000E+0	6,695E-1	6,625E-1	0,000E+0	7	0011
967,228	67,500	82,600	1,501E+2	0,000E+0	1,836E+2	1,835E+2	0,000E+0	6,692E-1	6,626E-1	0,000E+0	7	0011
968,228	67,500	82,600	1,501E+2	0,000E+0	1,836E+2	1,835E+2	0,000E+0	6,692E-1	6,626E-1	0,000E+0	7	0011
969,228	67,300	82,800	1,501E+2	0,000E+0	1,836E+2	1,835E+2	0,000E+0	6,689E-1	6,640E-1	0,000E+0	7	0011
970,228	67,400	82,600	1,500E+2	0,000E+0	1,836E+2	1,834E+2	0,000E+0	6,683E-1	6,633E-1	0,000E+0	6	0011
971,228	67,400	82,600	1,500E+2	0,000E+0	1,836E+2	1,834E+2	0,000E+0	6,683E-1	6,633E-1	0,000E+0	6	0011
972,228	67,500	82,700	1,502E+2	0,000E+0	1,836E+2	1,835E+2	0,000E+0	6,708E-1	6,636E-1	0,000E+0	6	0011
973,228	67,300	82,400	1,497E+2	0,000E+0	1,834E+2	1,834E+2	0,000E+0	6,681E-1	6,620E-1	0,000E+0	6	0011
974,228	67,600	82,300	1,499E+2	0,000E+0	1,837E+2	1,835E+2	0,000E+0	6,700E-1	6,611E-1	0,000E+0	6	0011
975,228	67,700	82,700	1,504E+2	0,000E+0	1,837E+2	1,834E+2	0,000E+0	6,701E-1	6,637E-1	0,000E+0	6	0011
976,229	67,700	82,700	1,504E+2	0,000E+0	1,837E+2	1,834E+2	0,000E+0	6,701E-1	6,637E-1	0,000E+0	6	0011
977,231	67,700	82,700	1,504E+2	0,000E+0	1,837E+2	1,834E+2	0,000E+0	6,701E-1	6,637E-1	0,000E+0	6	0011
978,230	67,700	82,700	1,504E+2	0,000E+0	1,837E+2	1,834E+2	0,000E+0	6,701E-1	6,637E-1	0,000E+0	6	0011
979,230	67,300	82,800	1,501E+2	0,000E+0	1,836E+2	1,837E+2	0,000E+0	6,685E-1	6,635E-1	0,000E+0	6	0011
980,230	67,300	82,800	1,501E+2	0,000E+0	1,836E+2	1,837E+2	0,000E+0	6,685E-1	6,635E-1	0,000E+0	6	0011
981,230	67,300	82,800	1,501E+2	0,000E+0	1,836E+2	1,837E+2	0,000E+0	6,685E-1	6,635E-1	0,000E+0	6	0011
982,231	67,300	82,800	1,501E+2	0,000E+0	1,836E+2	1,837E+2	0,000E+0	6,685E-1	6,635E-1	0,000E+0	6	0011
983,231	67,300	82,400	1,497E+2	0,000E+0	1,836E+2	1,834E+2	0,000E+0	6,678E-1	6,621E-1	0,000E+0	6	0011
984,231	67,300	82,400	1,497E+2	0,000E+0	1,836E+2	1,834E+2	0,000E+0	6,678E-1	6,621E-1	0,000E+0	6	0011
985,231	67,400	82,500	1,499E+2	0,000E+0	1,838E+2	1,836E+2	0,000E+0	6,691E-1	6,626E-1	0,000E+0	6	0011
986,231	67,400	82,500	1,499E+2	0,000E+0	1,838E+2	1,836E+2	0,000E+0	6,691E-1	6,626E-1	0,000E+0	6	0011
987,232	67,300	82,900	1,502E+2	0,000E+0	1,835E+2	1,836E+2	0,000E+0	6,694E-1	6,636E-1	0,000E+0	6	0011
988,233	67,300	82,700	1,500E+2	0,000E+0	1,838E+2	1,834E+2	0,000E+0	6,684E-1	6,637E-1	0,000E+0	6	0011
989,235	67,300	82,700	1,500E+2	0,000E+0	1,837E+2	1,835E+2	0,000E+0	6,704E-1	6,642E-1	0,000E+0	5	0011
990,234	67,300	82,700	1,500E+2	0,000E+0	1,837E+2	1,835E+2	0,000E+0	6,704E-1	6,642E-1	0,000E+0	5	0011
991,235	67,200	82,700	1,499E+2	0,000E+0	1,837E+2	1,836E+2	0,000E+0	6,692E-1	6,641E-1	0,000E+0	5	0011
992,236	67,200	82,700	1,499E+2	0,000E+0	1,837E+2	1,836E+2	0,000E+0	6,692E-1	6,641E-1	0,000E+0	5	0011
993,237	67,400	82,800	1,502E+2	0,000E+0	1,836E+2	1,833E+2	0,000E+0	6,706E-1	6,649E-1	0,000E+0	5	0011
994,237	67,400	82,800	1,502E+2	0,000E+0	1,836E+2	1,833E+2	0,000E+0	6,706E-1	6,649E-1	0,000E+0	5	0011
995,237	67,400	82,800	1,502E+2	0,000E+0	1,836E+2	1,833E+2	0,000E+0	6,706E-1	6,649E-1	0,000E+0	5	0011
996,237	67,400	82,500	1,499E+2	0,000E+0	1,837E+2	1,833E+2	0,000E+0	6,684E-1	6,625E-1	0,000E+0	5	0011
997,237	67,400	82,500	1,499E+2	0,000E+0	1,837E+2	1,833E+2	0,000E+0	6,684E-1	6,625E-1	0,000E+0	5	0011
998,237	67,400	82,500	1,499E+2	0,000E+0	1,836E+2	1,833E+2	0,000E+0	6,703E-1	6,632E-1	0,000E+0	5	0011
999,237	67,400	82,500	1,499E+2	0,000E+0	1,836E+2	1,833E+2	0,000E+0	6,703E-1	6,632E-1	0,000E+0	5	0011
1000,238	67,400	82,500	1,499E+2	0,000E+0	1,836E+2	1,833E+2	0,000E+0	6,703E-1	6,632E-1	0,000E+0	5	0011
1001,238	67,500	82,600	1,501E+2	0,000E+0	1,836E+2	1,832E+2	0,000E+0	6,693E-1	6,640E-1	0,000E+0	5	0011
1002,237	67,500	82,600	1,501E+2	0,000E+0	1,836E+2	1,832E+2	0,000E+0	6,693E-1	6,640E-1	0,000E+0	5	0011
1003,237	67,500	82,600	1,501E+2	0,000E+0	1,836E+2	1,832E+2	0,000E+0	6,693E-1	6,640E-1	0,000E+0	5	0011
1004,238	67,500	82,600	1,501E+2	0,000E+0	1,836E+2	1,832E+2	0,000E+0	6,693E-1	6,640E-1	0,000E+0	5	0011
1005,238	67,300	82,700	1,500E+2	0,000E+0	1,838E+2	1,834E+2	0,000E+0	6,681E-1	6,632E-1	0,000E+0	5	0011
1006,238	67,400	82,600	1,500E+2	0,000E+0	1,836E+2	1,832E+2	0,000E+0	6,697E-1	6,633E-1	0,000E+0	5	0011
1007,238	67,400	82,700	1,501E+2	0,000E+0	1,836E+2	1,832E+2	0,000E+0	6,693E-1	6,631E-1	0,000E+0	5	0011
1008,238	67,300	82,700	1,500E+2	0,000E+0	1,834E+2	1,835E+2	0,000E+0	6,686E-1	6,636E-1	0,000E+0	4	0011
1009,239	67,300	82,700	1,500E+2	0,000E+0	1,834E+2	1,835E+2	0,000E+0	6,686E-1	6,636E-1	0,000E+0	4	0011
1010,239	67,400	82,500	1,499E+2	0,000E+0	1,834E+2	1,835E+2	0,000E+0	6,689E-1	6,621E-1	0,000E+0	4	0011
1011,240	67,300	82,900	1,502E+2	0,000E+0	1,834E+2	1,833E+2	0,000E+0	6,699E-1	6,654E-1	0,000E+0	4	0011
1012,240	67,300	82,900	1,502E+2	0,000E+0	1,834E+2	1,833E+2	0,000E+0	6,699E-1	6,654E-1	0,000E+0	4	0011
1013,240	67,300	82,900	1,502E+2	0,000E+0	1,834E+2	1,833E+2	0,000E+0	6,699E-1	6,654E-1	0,000E+0	4	0011
1014,240	67,300	82,900	1,502E+2	0,000E+0	1,834E+2	1,833E+2	0,000E+0	6,699E-1	6,654E-1	0,000E+0	4	0011
1015,240	67,300	82,900	1,502E+2	0,000E+0	1,834E+2	1,833E+2	0,000E+0	6,699E-1	6,654E-1	0,000E+0	4	0011
1016,242	67,600	82,400	1,500E+2	0,000E+0	1,835E+2	1,832E+2	0,000E+0	6,699E-1	6,631E-1	0,000E+0	4	0011
1017,241	67,600	82,400	1,500E+2	0,000E+0	1,835E+2	1,832E+2	0,000E+0	6,699E-1	6,631E-1	0,000E+0	4	0011
1018,241	67,600	82,400	1,500E+2	0,000E+0	1,835E+2	1,832E+2	0,000E+0	6,699E-1	6,631E-1	0,000E+0	4	0011
1019,241	67,600	82,400	1,500E+2	0,000E+0	1,835E+2	1,832E+2	0,000E+0	6,699E-1	6,631E-1	0,000E+0	4	0011
1020,242	67,500	82,400	1,499E+2	0,000E+0	1,836E+2	1,834E+2	0,000E+0	6,694E-1	6,622E-1	0,000E+0	4	0011
1021,242	67,500	82,400	1,499E+2	0,000E+0	1,836E+2	1,834E+2	0,000E+0	6,694E-1	6,622E-1	0,000E+0	4	0011
1022,242	67,100	82,700	1,498E+2	0,000E+0	1,835E+2	1,836E+2	0,000E+0	6,676E-1	6,633E-1	0,000E+0	4	0011
1023,244	67,100	82,700	1,498E+2	0,000E+0	1,835E+2	1,836E+2	0,000E+0	6,676E-1	6,633E-1	0,000E+0	4	0011
1024,243	67,700	82,800	1,505E+2	0,000E+0	1,834E+2	1,834E+2	0,000E+0	6,707E-1	6,652E-1	0,000E+0	4	0011
1025,243	67,400	82,600	1,500E+2	0,000E+0	1,839E+2	1,836E+2	0,000E+0	6,702E-1	6,630E-1	0,000E+0	4	0011
1026,243	67,200	82,200	1,494E+2	0,000E+0	1,836E+2	1,835E+2	0,000E+0	6,680E-1	6,613E-1	0,000E+0	4	0011
1027,244	67,400	82,600	1,500E+2	0,000E+0	1,835E+2	1,834E+2	0,000E+0	6,683E-1	6,639E-1	0,000E+0	3	0011
1028,245	67,200	82,700	1,499E+2	0,000E+0	1,836E+2	1,833E+2	0,000E+0	6,687E-1	6,638E-1	0,000E+0	3	0011
1029,245	67,400	82,700	1,501E+2	0,000E+0	1,836E+2	1,832E+2	0,000E+0	6,702E-1	6,636E-1	0,000E+0	3	0011
1030,246	67,400	82,800	1,502E+2	0,000E+0	1,836E+2	1,834E+2	0,000E+0	6,695E-1	6,638E-1	0,000E+0	3	0011
1031,245	67,400	82,800	1,502E+2	0,000E+0	1,836E+2	1,834E+2	0,000E+0	6,695E-1	6,638E-1	0,000E+0	3	0011
1032,245	67,200	82,400	1,496E+2	0,000E+0	1,835E+2	1,832E+2	0,000E+0	6,685E-1	6,623E-1	0,000E+0	3	0011
1033,245	67,200	82,400	1,496E+2	0,000E+0	1,835E+2	1,832E+2	0,000E+0	6,685E-1	6,623E-1	0,000E+0	3	0011
1034,246	67,300	82,700	1,500E+2	0,000E+0	1,834E+2	1,834E+2	0,000E+0	6,687E-1	6,633E-1	0,000E+0	3	0011
1035,246	67,300	82,700	1,500E+2	0,000E+0	1,834E+2	1,834E+2	0,000E+0	6,687E-1	6,633E-1	0,000E+0	3	0011
1036,246	67,300	82,700	1,500E+2	0,000E+0	1,834E+2	1,834E+2	0,000E+0	6,687E-1	6,633E-1	0,000E+0	3	0011
1037,247	67,300	82,700	1,500E+2	0,000E+0	1,834E+2	1,834E+2	0,000E+0	6,687E-1	6,633E-1	0,000E+0	3	0011
1038,247	67,400	82,800	1,502E+2	0,000E+0	1,834E+2	1,833E+2	0,000E+0	6,700E-1	6,654E-1	0,000E+0	3	0011
1039,247	67,400	82,800	1,502E+2	0,000E+0	1,834E+2	1,833E+2	0,000E+0	6,700E-1	6,654E-1	0,000E+0	3	0011
1040,247	67,400	82,800	1,502E+2	0,000E+0	1,834E+2	1,833E+2	0,000E+0	6,700E-1	6,654E-1	0,000E+0	3	0011
1041,247	67,200	82,800	1,500E+2	0,000E+0	1,835E+2	1,833E+2	0,000E+0	6,667E-1	6,642E-1	0,000E+0	3	0011
1042,248	67,200	82,800	1,500E+2	0,000E+0	1,835E+2	1,833E+2	0,000E+0	6,667E-1	6,642E-1	0,000E+0	3	0011
1043,247	67,300	82,400	1,497E+2	0,000E+0	1,834E+2	1,832E+2	0,000E+0	6,683E-1	6,632E-1	0,000E+0	3	0011
1044,248	67,400	82,700	1,501E+2	0,000E+0	1,834E+2	1,834E+2	0,000E+0	6,688E-1	6,626E-1	0,000E+0	3	0011
1045,248	67,700	82,400	1,501E+2	0,000E+0	1,836E+2	1,832E+2	0,000E+0	6,711E-1	6,630E-1	0,000E+0	2	0011
1046,248	67,300	82,700	1,500E+2	0,000E+0	1,836E+2	1,832E+2	0,000E+0	6,709E-1	6,638E-1	0,000E+0	2	0011
1047,248	67,600	82,300	1,499E+2	0,000E+0	1,835E+2	1,833E+2	0,000E+0	6,697E-1	6,615E-1	0,000E+0	2	0011
1048,248	67,400	82,500	1,499E+2	0,000E+0	1,835E+2	1,832E+2	0,000E+0	6,706E-1	6,625E-1	0,000E+0	2	0011
1049,250	67,800	82,300	1,501E+2	0,000E+0	1,835E+2	1,831E+2	0,000E+0	6,699E-1	6,612E-1	0,000E+0	2	0011
1050,250	67,800	82,300	1,501E+2	0,000E+0	1,835E+2	1,831E+2	0,000E+0	6,699E-1	6,612E-1	0,000E+0	2	0011
1051,250	67,800	82,300	1,501E+2	0,000E+0	1,835E+2	1,831E+2	0,000E+0	6,699E-1	6,612E-1	0,000E+0	2	0011
1052,251	67,800	82,300	1,501E+2	0,000E+0	1,835E+2	1,831E+2	0,000E+0	6,699E-1	6,612E-1	0,000E+0	2	0011
1053,251	67,800	82,300	1,501E+2	0,000E+0	1,835E+2	1,831E+2	0,000E+0	6,699E-1	6,612E-1	0,000E+0	2	0011
1054,251	67,500	82,600	1,501E+2	0,000E+0	1,835E+2	1,833E+2	0,000E+0	6,696E-1	6,626E-1	0,000E+0	2	0011
1055,252	67,500	82,600	1,501E+2	0,000E+0	1,835E+2	1,833E+2	0,000E+0	6,696E-1	6,626E-1	0,000E+0	2	0011
1056,253	67,500	82,600	1,501E+2	0,000E+0	1,835E+2	1,833E+2	0,000E+0	6,696E-1	6,626E-1	0,000E+0	2	0011
1057,252	67,500	82,600	1,501E+2	0,000E+0	1,835E+2	1,833E+2	0,000E+0	6,696E-1	6,626E-1	0,000E+0	2	0011
1058,253	67,500	82,400	1,499E+2	0,000E+0	1,835E+2	1,832E+2	0,000E+0	6,688E-1	6,611E-1	0,000E+0	2	0011
1059,253	67,500	82,500	1,500E+2	0,000E+0	1,834E+2	1,832E+2	0,000E+0	6,708E-1	6,629E-1	0,000E+0	2	0011
1060,253	67,500	82,500	1,500E+2	0,000E+0	1,834E+2	1,832E+2	0,000E+0	6,708E-1	6,629E-1	0,000E+0	2	0011
1061,253	67,300	82,500	1,498E+2	0,000E+0	1,834E+2	1,832E+2	0,000E+0	6,695E-1	6,622E-1	0,000E+0	2	0011
1062,254	67,400	82,700	1,501E+2	0,000E+0	1,835E+2	1,834E+2	0,000E+0	6,692E-1	6,639E-1	0,000E+0	2	0011
1063,253	67,300	82,600	1,499E+2	0,000E+0	1,838E+2	1,834E+2	0,000E+0	6,677E-1	6,631E-1	0,000E+0	1	0011
1064,253	67,500	82,800	1,503E+2	0,000E+0	1,833E+2	1,832E+2	0,000E+0	6,714E-1	6,647E-1	0,000E+0	1	0011
1065,254	67,400	82,500	1,499E+2	0,000E+0	1,834E+2	1,831E+2	0,000E+0	6,692E-1	6,625E-1	0,000E+0	1	0011
1066,254	67,200	82,600	1,498E+2	0,000E+0	1,833E+2	1,832E+2	0,000E+0	6,673E-1	6,622E-1	0,000E+0	1	0011
1067,255	67,200	82,600	1,498E+2	0,000E+0	1,833E+2	1,832E+2	0,000E+0	6,673E-1	6,622E-1	0,000E+0	1	0011
1068,255	67,200	82,600	1,498E+2	0,000E+0	1,833E+2	1,832E+2	0,000E+0	6,673E-1	6,622E-1	0,000E+0	1	0011
1069,257	67,500	82,800	1,503E+2	0,000E+0	1,835E+2	1,831E+2	0,000E+0	6,715E-1	6,656E-1	0,000E+0	1	0011
1070,256	67,500	82,800	1,503E+2	0,000E+0	1,835E+2	1,831E+2	0,000E+0	6,715E-1	6,656E-1	0,000E+0	1	0011
1071,256	67,500	82,800	1,503E+2	0,000E+0	1,835E+2	1,831E+2	0,000E+0	6,715E-1	6,656E-1	0,000E+0	1	0011
1072,257	67,500	82,800	1,503E+2	0,000E+0	1,835E+2	1,831E+2	0,000E+0	6,715E-1	6,656E-1	0,000E+0	1	0011
1073,257	67,500	82,500	1,500E+2	0,000E+0	1,835E+2	1,832E+2	0,000E+0	6,702E-1	6,639E-1	0,000E+0	1	0011
1074,257	67,500	82,500	1,500E+2	0,000E+0	1,835E+2	1,832E+2	0,000E+0	6,702E-1	6,639E-1	0,000E+0	1	0011
1075,258	67,300	82,500	1,498E+2	0,000E+0	1,831E+2	1,831E+2	0,000E+0	6,686E-1	6,625E-1	0,000E+0	1	0011
1076,260	67,300	82,500	1,498E+2	0,000E+0	1,831E+2	1,831E+2	0,000E+0	6,686E-1	6,625E-1	0,000E+0	1	0011
1077,259	67,300	82,500	1,498E+2	0,000E+0	1,831E+2	1,831E+2	0,000E+0	6,686E-1	6,625E-1	0,000E+0	1	0011
1078,260	67,200	82,400	1,496E+2	0,000E+0	1,833E+2	1,831E+2	0,000E+0	6,682E-1	6,617E-1	0,000E+0	1	0011
1079,260	67,300	82,700	1,500E+2	0,000E+0	1,832E+2	1,831E+2	0,000E+0	6,707E-1	6,644E-1	0,000E+0	1	0011
1080,261	67,500	82,700	1,502E+2	0,000E+0	1,835E+2	1,832E+2	0,000E+0	6,716E-1	6,644E-1	0,000E+0	1	0011
1081,261	67,500	82,600	1,501E+2	0,000E+0	1,834E+2	1,831E+2	0,000E+0	6,705E-1	6,646E-1	0,000E+0	0	0011
1082,261	67,200	82,600	1,498E+2	0,000E+0	1,832E+2	1,833E+2	0,000E+0	6,663E-1	6,620E-1	0,000E+0	0	0011
1083,261	67,300	82,800	1,501E+2	0,000E+0	1,829E+2	1,828E+2	0,000E+0	6,703E-1	6,653E-1	0,000E+0	0	0011
1084,262	67,100	82,900	1,500E+2	0,000E+0	1,829E+2	1,829E+2	0,000E+0	6,690E-1	6,649E-1	0,000E+0	0	0011
1085,263	67,300	82,800	1,501E+2	0,000E+0	1,831E+2	1,828E+2	0,000E+0	6,706E-1	6,650E-1	0,000E+0	0	0011
1086,262	67,500	82,500	1,500E+2	0,000E+0	1,831E+2	1,828E+2	0,000E+0	6,703E-1	6,633E-1	0,000E+0	0	0011
1087,262	67,200	82,800	1,500E+2	0,000E+0	1,830E+2	1,828E+2	0,000E+0	6,711E-1	6,651E-1	0,000E+0	0	0011
1088,263	67,500	82,400	1,499E+2	0,000E+0	1,830E+2	1,828E+2	0,000E+0	6,710E-1	6,631E-1	0,000E+0	0	0011
1089,262	67,500	82,400	1,499E+2	0,000E+0	1,830E+2	1,828E+2	0,000E+0	6,710E-1	6,631E-1	0,000E+0	0	0011
1090,263	67,500	82,400	1,499E+2	0,000E+0	1,830E+2	1,828E+2	0,000E+0	6,710E-1	6,631E-1	0,000E+0	0	0011
1091,262	67,500	82,400	1,499E+2	0,000E+0	1,830E+2	1,828E+2	0,000E+0	6,710E-1	6,631E-1	0,000E+0	0	0011
1092,263	67,400	83,000	1,504E+2	0,000E+0	1,829E+2	1,829E+2	0,000E+0	6,710E-1	6,661E-1	0,000E+0	0	0011
1093,263	67,400	83,000	1,504E+2	0,000E+0	1,829E+2	1,829E+2	0,000E+0	6,710E-1	6,661E-1	0,000E+0	0	0011
1094,264	67,400	83,000	1,504E+2	0,000E+0	1,829E+2	1,829E+2	0,000E+0	6,710E-1	6,661E-1	0,000E+0	0	0011
1095,266	67,400	83,000	1,504E+2	0,000E+0	1,829E+2	1,829E+2	0,000E+0	6,710E-1	6,661E-1	0,000E+0	0	0011
1096,265	67,400	82,900	1,503E+2	0,000E+0	1,830E+2	1,829E+2	0,000E+0	6,726E-1	6,657E-1	0,000E+0	0	0011
1097,265	67,400	82,900	1,503E+2	0,000E+0	1,830E+2	1,829E+2	0,000E+0	6,726E-1	6,657E-1	0,000E+0	0	0011
1098,266	67,400	82,500	1,499E+2	0,000E+0	1,832E+2	1,828E+2	0,000E+0	6,694E-1	6,632E-1	0,000E+0	0	0011
1099,267	67,400	82,500	1,499E+2	0,000E+0	1,832E+2	1,828E+2	0,000E+0	6,694E-1	6,632E-1	0,000E+0	0	0011
1100,268	67,300	82,500	1,498E+2	0,000E+0	1,829E+2	1,829E+2	0,000E+0	6,683E-1	6,627E-1	0,000E+0	0	0011
1101,268	67,600	82,600	1,502E+2	0,000E+0	1,830E+2	1,829E+2	0,000E+0	6,712E-1	6,640E-1	0,000E+0	0	0011
1102,270	67,500	82,400	1,499E+2	0,000E+0	1,832E+2	1,828E+2	0,000E+0	6,719E-1	6,626E-1	0,000E+0	0	0011
1103,270	67,400	82,600	1,500E+2	0,000E+0	1,830E+2	1,826E+2	0,000E+0	6,705E-1	6,643E-1	0,000E+0	0	0011
1104,271	67,400	82,500	1,499E+2	0,000E+0	1,832E+2	1,828E+2	0,000E+0	6,713E-1	6,635E-1	0,000E+0	0	0011
1105,271	67,200	82,700	1,499E+2	0,000E+0	1,830E+2	1,828E+2	0,000E+0	6,707E-1	6,654E-1	0,000E+0	0	0011
1106,271	67,200	82,700	1,499E+2	0,000E+0	1,830E+2	1,828E+2	0,000E+0	6,707E-1	6,654E-1	0,000E+0	0	0011
1107,271	67,500	82,800	1,503E+2	0,000E+0	1,830E+2	1,827E+2	0,000E+0	6,717E-1	6,653E-1	0,000E+0	0	0011
1108,271	67,300	82,400	1,497E+2	0,000E+0	1,831E+2	1,827E+2	0,000E+0	6,692E-1	6,630E-1	0,000E+0	0	0011
1109,273	67,600	82,600	1,502E+2	0,000E+0	1,832E+2	1,829E+2	0,000E+0	6,716E-1	6,634E-1	0,000E+0	0	0011
1110,272	67,500	82,600	1,501E+2	0,000E+0	1,830E+2	1,826E+2	0,000E+0	6,704E-1	6,647E-1	0,000E+0	0	0011
1111,272	67,200	82,900	1,501E+2	0,000E+0	1,832E+2	1,829E+2	0,000E+0	6,693E-1	6,658E-1	0,000E+0	0	0011
1112,272	67,400	82,600	1,500E+2	0,000E+0	1,831E+2	1,828E+2	0,000E+0	6,703E-1	6,648E-1	0,000E+0	0	0011
1113,273	67,400	82,700	1,501E+2	0,000E+0	1,829E+2	1,829E+2	0,000E+0	6,703E-1	6,642E-1	0,000E+0	0	0011
1114,273	67,300	82,800	1,501E+2	0,000E+0	1,831E+2	1,830E+2	0,000E+0	6,690E-1	6,651E-1	0,000E+0	0	0100
1115,273	67,100	82,700	1,498E+2	0,000E+0	1,829E+2	1,828E+2	0,000E+0	6,688E-1	6,640E-1	0,000E+0	0	0100
1116,274	67,400	82,600	1,500E+2	0,000E+0	1,833E+2	1,829E+2	0,000E+0	6,724E-1	6,645E-1	0,000E+0	0	0100
1117,273	67,400	82,600	1,500E+2	0,000E+0	1,833E+2	1,829E+2	0,000E+0	6,724E-1	6,645E-1	0,000E+0	0	0100
1118,273	67,500	82,600	1,501E+2	0,000E+0	1,831E+2	1,828E+2	0,000E+0	6,718E-1	6,637E-1	0,000E+0	0	0100
1119,273	67,100	82,600	1,497E+2	0,000E+0	1,830E+2	1,830E+2	0,000E+0	6,696E-1	6,641E-1	0,000E+0	0	0100
1120,273	67,400	82,800	1,502E+2	0,000E+0	1,831E+2	1,828E+2	0,000E+0	6,703E-1	6,647E-1	0,000E+0	0	0100
1121,273	67,200	82,600	1,498E+2	0,000E+0	1,831E+2	1,827E+2	0,000E+0	6,705E-1	6,651E-1	0,000E+0	0	0100
1122,273	67,400	82,700	1,501E+2	0,000E+0	1,831E+2	1,828E+2	0,000E+0	6,708E-1	6,649E-1	0,000E+0	0	0100
1123,273	67,400	82,500	1,499E+2	0,000E+0	1,830E+2	1,831E+2	0,000E+0	6,695E-1	6,635E-1	0,000E+0	0	0100
1124,273	67,200	82,800	1,500E+2	0,000E+0	1,830E+2	1,828E+2	0,000E+0	6,696E-1	6,648E-1	0,000E+0	0	0100
1125,274	67,300	82,800	1,501E+2	0,000E+0	1,832E+2	1,829E+2	0,000E+0	6,689E-1	6,647E-1	0,000E+0	0	0100
1126,275	67,400	82,600	1,500E+2	0,000E+0	1,832E+2	1,828E+2	0,000E+0	6,716E-1	6,648E-1	0,000E+0	0	0100
1127,274	67,200	82,800	1,500E+2	0,000E+0	1,831E+2	1,830E+2	0,000E+0	6,680E-1	6,649E-1	0,000E+0	0	0100
1128,274	67,200	82,500	1,497E+2	0,000E+0	1,832E+2	1,830E+2	0,000E+0	6,708E-1	6,641E-1	0,000E+0	0	0100
1129,275	67,200	82,800	1,500E+2	0,000E+0	1,833E+2	1,831E+2	0,000E+0	6,707E-1	6,656E-1	0,000E+0	0	0100
1130,276	67,400	82,900	1,503E+2	0,000E+0	1,835E+2	1,833E+2	0,000E+0	6,716E-1	6,657E-1	0,000E+0	0	0100
1131,276	67,400	82,600	1,500E+2	0,000E+0	1,835E+2	1,832E+2	0,000E+0	6,701E-1	6,648E-1	0,000E+0	0	0100
1132,276	67,400	82,600	1,500E+2	0,000E+0	1,835E+2	1,832E+2	0,000E+0	6,701E-1	6,648E-1	0,000E+0	0	0100
1133,277	67,300	82,700	1,500E+2	0,000E+0	1,832E+2	1,832E+2	0,000E+0	6,724E-1	6,646E-1	0,000E+0	0	0100
1134,277	67,300	82,700	1,500E+2	0,000E+0	1,832E+2	1,832E+2	0,000E+0	6,724E-1	6,646E-1	0,000E+0	0	0100
1135,278	67,300	82,700	1,500E+2	0,000E+0	1,832E+2	1,832E+2	0,000E+0	6,724E-1	6,646E-1	0,000E+0	0	0100
1136,279	67,300	82,700	1,500E+2	0,000E+0	1,832E+2	1,832E+2	0,000E+0	6,724E-1	6,646E-1	0,000E+0	0	0100
1137,279	67,500	82,700	1,502E+2	0,000E+0	1,836E+2	1,831E+2	0,000E+0	6,718E-1	6,653E-1	0,000E+0	0	0100
1138,280	67,400	82,600	1,500E+2	0,000E+0	1,833E+2	1,832E+2	0,000E+0	6,684E-1	6,638E-1	0,000E+0	0	0100
1139,280	67,400	82,600	1,500E+2	0,000E+0	1,833E+2	1,832E+2	0,000E+0	6,684E-1	6,638E-1	0,000E+0	0	0100
1140,280	67,300	82,800	1,501E+2	0,000E+0	1,831E+2	1,829E+2	0,000E+0	6,708E-1	6,661E-1	0,000E+0	0	0100
1141,280	67,300	82,800	1,501E+2	0,000E+0	1,831E+2	1,829E+2	0,000E+0	6,708E-1	6,661E-1	0,000E+0	0	0100
1142,281	67,300	82,800	1,501E+2	0,000E+0	1,831E+2	1,829E+2	0,000E+0	6,708E-1	6,661E-1	0,000E+0	0	0100
1143,281	67,300	82,800	1,501E+2	0,000E+0	1,831E+2	1,829E+2	0,000E+0	6,708E-1	6,661E-1	0,000E+0	0	0100
1144,281	67,300	82,400	1,497E+2	0,000E+0	1,832E+2	1,831E+2	0,000E+0	6,700E-1	6,629E-1	0,000E+0	0	0100
1145,281	67,300	82,700	1,500E+2	0,000E+0	1,831E+2	1,831E+2	0,000E+0	6,712E-1	6,644E-1	0,000E+0	0	0100
1146,282	67,500	82,700	1,502E+2	0,000E+0	1,833E+2	1,830E+2	0,000E+0	6,710E-1	6,650E-1	0,000E+0	0	0100
1147,282	67,100	82,800	1,499E+2	0,000E+0	1,830E+2	1,830E+2	0,000E+0	6,692E-1	6,650E-1	0,000E+0	0	0100
1148,282	67,100	82,800	1,499E+2	0,000E+0	1,830E+2	1,830E+2	0,000E+0	6,692E-1	6,650E-1	0,000E+0	0	0100
1149,282	67,100	82,700	1,498E+2	0,000E+0	1,831E+2	1,831E+2	0,000E+0	6,686E-1	6,645E-1	0,000E+0	0	0100
1150,282	67,400	82,800	1,502E+2	0,000E+0	1,831E+2	1,831E+2	0,000E+0	6,708E-1	6,653E-1	0,000E+0	1	0100
1151,282	67,600	82,900	1,505E+2	0,000E+0	1,834E+2	1,833E+2	0,000E+0	6,726E-1	6,650E-1	0,000E+0	1	0100
1152,282	67,600	82,300	1,499E+2	0,000E+0	1,834E+2	1,831E+2	0,000E+0	6,703E-1	6,623E-1	0,000E+0	1	0100
1153,282	67,000	82,800	1,498E+2	0,000E+0	1,836E+2	1,836E+2	0,000E+0	6,693E-1	6,643E-1	0,000E+0	1	0100
1154,282	67,400	82,700	1,501E+2	0,000E+0	1,833E+2	1,831E+2	0,000E+0	6,719E-1	6,648E-1	0,000E+0	1	0100
1155,282	67,400	82,700	1,501E+2	0,000E+0	1,833E+2	1,831E+2	0,000E+0	6,719E-1	6,648E-1	0,000E+0	1	0100
1156,283	67,400	82,700	1,501E+2	0,000E+0	1,833E+2	1,831E+2	0,000E+0	6,719E-1	6,648E-1	0,000E+0	1	0100
1157,282	67,500	82,600	1,501E+2	0,000E+0	1,833E+2	1,832E+2	0,000E+0	6,698E-1	6,638E-1	0,000E+0	1	0100
1158,282	67,500	82,600	1,501E+2	0,000E+0	1,833E+2	1,832E+2	0,000E+0	6,698E-1	6,638E-1	0,000E+0	1	0100
1159,282	67,500	82,600	1,501E+2	0,000E+0	1,833E+2	1,832E+2	0,000E+0	6,698E-1	6,638E-1	0,000E+0	1	0100
1160,282	67,500	82,600	1,501E+2	0,000E+0	1,833E+2	1,832E+2	0,000E+0	6,698E-1	6,638E-1	0,000E+0	1	0100
1161,282	67,500	82,800	1,503E+2	0,000E+0	1,833E+2	1,832E+2	0,000E+0	6,707E-1	6,651E-1	0,000E+0	1	0100
1162,282	67,500	82,800	1,503E+2	0,000E+0	1,833E+2	1,832E+2	0,000E+0	6,707E-1	6,651E-1	0,000E+0	1	0100
1163,282	67,500	82,800	1,503E+2	0,000E+0	1,833E+2	1,832E+2	0,000E+0	6,707E-1	6,651E-1	0,000E+0	1	0100
1164,283	67,500	82,700	1,502E+2	0,000E+0	1,833E+2	1,830E+2	0,000E+0	6,715E-1	6,650E-1	0,000E+0	1	0100
1165,284	67,500	82,700	1,502E+2	0,000E+0	1,833E+2	1,830E+2	0,000E+0	6,715E-1	6,650E-1	0,000E+0	1	0100
1166,284	67,300	82,800	1,501E+2	0,000E+0	1,834E+2	1,830E+2	0,000E+0	6,699E-1	6,652E-1	0,000E+0	1	0100
1167,285	67,500	82,700	1,502E+2	0,000E+0	1,830E+2	1,828E+2	0,000E+0	6,710E-1	6,642E-1	0,000E+0	1	0100
1168,285	67,400	82,800	1,502E+2	0,000E+0	1,834E+2	1,831E+2	0,000E+0	6,707E-1	6,651E-1	0,000E+0	2	0100
1169,285	67,200	82,500	1,497E+2	0,000E+0	1,833E+2	1,832E+2	0,000E+0	6,688E-1	6,637E-1	0,000E+0	2	0100
1170,285	67,500	82,800	1,503E+2	0,000E+0	1,836E+2	1,834E+2	0,000E+0	6,715E-1	6,650E-1	0,000E+0	2	0100
1171,285	67,700	82,400	1,501E+2	0,000E+0	1,832E+2	1,832E+2	0,000E+0	6,698E-1	6,630E-1	0,000E+0	2	0100
1172,285	67,500	82,300	1,498E+2	0,000E+0	1,836E+2	1,831E+2	0,000E+0	6,712E-1	6,630E-1	0,000E+0	2	0100
1173,285	67,500	82,500	1,500E+2	0,000E+0	1,834E+2	1,832E+2	0,000E+0	6,695E-1	6,630E-1	0,000E+0	2	0100
1174,285	67,500	82,500	1,500E+2	0,000E+0	1,834E+2	1,832E+2	0,000E+0	6,695E-1	6,630E-1	0,000E+0	2	0100
1175,287	67,500	82,500	1,500E+2	0,000E+0	1,834E+2	1,832E+2	0,000E+0	6,695E-1	6,630E-1	0,000E+0	2	0100
1176,286	67,500	82,500	1,500E+2	0,000E+0	1,834E+2	1,832E+2	0,000E+0	6,695E-1	6,630E-1	0,000E+0	2	0100
1177,286	67,500	82,800	1,503E+2	0,000E+0	1,834E+2	1,834E+2	0,000E+0	6,709E-1	6,645E-1	0,000E+0	2	0100
1178,286	67,500	82,800	1,503E+2	0,000E+0	1,834E+2	1,834E+2	0,000E+0	6,709E-1	6,645E-1	0,000E+0	2	0100
1179,286	67,600	82,400	1,500E+2	0,000E+0	1,835E+2	1,831E+2	0,000E+0	6,708E-1	6,636E-1	0,000E+0	2	0100
1180,286	67,600	82,400	1,500E+2	0,000E+0	1,835E+2	1,831E+2	0,000E+0	6,708E-1	6,636E-1	0,000E+0	2	0100
1181,286	67,600	82,400	1,500E+2	0,000E+0	1,835E+2	1,831E+2	0,000E+0	6,708E-1	6,636E-1	0,000E+0	2	0100
1182,286	67,700	82,300	1,500E+2	0,000E+0	1,834E+2	1,833E+2	0,000E+0	6,710E-1	6,610E-1	0,000E+0	2	0100
1183,286	67,700	82,300	1,500E+2	0,000E+0	1,834E+2	1,833E+2	0,000E+0	6,710E-1	6,610E-1	0,000E+0	2	0100
1184,286	67,700	82,300	1,500E+2	0,000E+0	1,834E+2	1,833E+2	0,000E+0	6,710E-1	6,610E-1	0,000E+0	2	0100
1185,286	67,700	82,300	1,500E+2	0,000E+0	1,834E+2	1,833E+2	0,000E+0	6,710E-1	6,610E-1	0,000E+0	2	0100
1186,287	67,300	82,600	1,499E+2	0,000E+0	1,834E+2	1,833E+2	0,000E+0	6,691E-1	6,642E-1	0,000E+0	2	0100
1187,286	67,300	82,500	1,498E+2	0,000E+0	1,834E+2	1,833E+2	0,000E+0	6,690E-1	6,628E-1	0,000E+0	2	0100
1188,286	67,600	82,600	1,502E+2	0,000E+0	1,833E+2	1,833E+2	0,000E+0	6,715E-1	6,638E-1	0,000E+0	2	0100
1189,286	67,400	82,800	1,502E+2	0,000E+0	1,837E+2	1,834E+2	0,000E+0	6,720E-1	6,657E-1	0,000E+0	2	0100
1190,286	67,400	82,800	1,502E+2	0,000E+0	1,837E+2	1,834E+2	0,000E+0	6,720E-1	6,657E-1	0,000E+0	2	0100
1191,286	67,600	82,400	1,500E+2	0,000E+0	1,834E+2	1,829E+2	0,000E+0	6,712E-1	6,637E-1	0,000E+0	3	0100
1192,286	67,500	82,600	1,501E+2	0,000E+0	1,834E+2	1,834E+2	0,000E+0	6,710E-1	6,645E-1	0,000E+0	3	0100
1193,286	67,200	82,500	1,497E+2	0,000E+0	1,835E+2	1,832E+2	0,000E+0	6,688E-1	6,642E-1	0,000E+0	3	0100
1194,286	67,300	82,700	1,500E+2	0,000E+0	1,837E+2	1,834E+2	0,000E+0	6,699E-1	6,644E-1	0,000E+0	3	0100
1195,286	67,400	82,600	1,500E+2	0,000E+0	1,834E+2	1,831E+2	0,000E+0	6,703E-1	6,645E-1	0,000E+0	3	0100
1196,287	67,400	82,600	1,500E+2	0,000E+0	1,834E+2	1,831E+2	0,000E+0	6,703E-1	6,645E-1	0,000E+0	3	0100
1197,287	67,400	82,600	1,500E+2	0,000E+0	1,834E+2	1,831E+2	0,000E+0	6,703E-1	6,645E-1	0,000E+0	3	0100
1198,288	67,400	82,600	1,500E+2	0,000E+0	1,834E+2	1,831E+2	0,000E+0	6,703E-1	6,645E-1	0,000E+0	3	0100
1199,287	67,300	82,600	1,499E+2	0,000E+0	1,833E+2	1,833E+2	0,000E+0	6,692E-1	6,634E-1	0,000E+0	3	0100
1200,288	67,300	82,600	1,499E+2	0,000E+0	1,833E+2	1,833E+2	0,000E+0	6,692E-1	6,634E-1	0,000E+0	3	0100
1201,288	67,300	82,600	1,499E+2	0,000E+0	1,833E+2	1,833E+2	0,000E+0	6,692E-1	6,634E-1	0,000E+0	3	0100
1202,288	67,600	82,400	1,500E+2	0,000E+0	1,834E+2	1,833E+2	0,000E+0	6,703E-1	6,640E-1	0,000E+0	3	0100
1203,288	67,600	82,400	1,500E+2	0,000E+0	1,834E+2	1,833E+2	0,000E+0	6,703E-1	6,640E-1	0,000E+0	3	0100
1204,288	67,600	82,400	1,500E+2	0,000E+0	1,834E+2	1,833E+2	0,000E+0	6,703E-1	6,640E-1	0,000E+0	3	0100
1205,289	67,600	82,500	1,501E+2	0,000E+0	1,836E+2	1,834E+2	0,000E+0	6,704E-1	6,637E-1	0,000E+0	3	0100
1206,288	67,600	82,500	1,501E+2	0,000E+0	1,836E+2	1,834E+2	0,000E+0	6,704E-1	6,637E-1	0,000E+0	3	0100
1207,288	67,500	82,500	1,500E+2	0,000E+0	1,835E+2	1,834E+2	0,000E+0	6,696E-1	6,635E-1	0,000E+0	3	0100
1208,288	67,700	82,400	1,501E+2	0,000E+0	1,836E+2	1,833E+2	0,000E+0	6,710E-1	6,631E-1	0,000E+0	3	0100
1209,288	67,200	82,900	1,501E+2	0,000E+0	1,834E+2	1,834E+2	0,000E+0	6,701E-1	6,654E-1	0,000E+0	3	0100
1210,288	67,400	82,500	1,499E+2	0,000E+0	1,836E+2	1,832E+2	0,000E+0	6,708E-1	6,635E-1	0,000E+0	4	0100
1211,288	67,400	82,500	1,499E+2	0,000E+0	1,836E+2	1,832E+2	0,000E+0	6,708E-1	6,635E-1	0,000E+0	4	0100
1212,288	67,300	82,600	1,499E+2	0,000E+0	1,836E+2	1,833E+2	0,000E+0	6,706E-1	6,640E-1	0,000E+0	4	0100
1213,289	67,300	82,600	1,499E+2	0,000E+0	1,836E+2	1,833E+2	0,000E+0	6,706E-1	6,640E-1	0,000E+0	4	0100
1214,289	67,500	82,700	1,502E+2	0,000E+0	1,835E+2	1,833E+2	0,000E+0	6,710E-1	6,651E-1	0,000E+0	4	0100
1215,289	67,500	82,700	1,502E+2	0,000E+0	1,835E+2	1,833E+2	0,000E+0	6,710E-1	6,651E-1	0,000E+0	4	0100
1216,289	67,500	82,700	1,502E+2	0,000E+0	1,835E+2	1,833E+2	0,000E+0	6,710E-1	6,651E-1	0,000E+0	4	0100
1217,289	67,500	82,700	1,502E+2	0,000E+0	1,835E+2	1,833E+2	0,000E+0	6,710E-1	6,651E-1	0,000E+0	4	0100
1218,289	67,500	82,400	1,499E+2	0,000E+0	1,835E+2	1,830E+2	0,000E+0	6,711E-1	6,635E-1	0,000E+0	4	0100
1219,289	67,500	82,400	1,499E+2	0,000E+0	1,835E+2	1,830E+2	0,000E+0	6,711E-1	6,635E-1	0,000E+0	4	0100
1220,289	67,500	82,400	1,499E+2	0,000E+0	1,835E+2	1,830E+2	0,000E+0	6,711E-1	6,635E-1	0,000E+0	4	0100
1221,289	67,500	82,400	1,499E+2	0,000E+0	1,835E+2	1,830E+2	0,000E+0	6,711E-1	6,635E-1	0,000E+0	4	0100
1222,289	67,400	82,600	1,500E+2	0,000E+0	1,833E+2	1,832E+2	0,000E+0	6,705E-1	6,634E-1	0,000E+0	4	0100
1223,290	67,400	82,600	1,500E+2	0,000E+0	1,833E+2	1,832E+2	0,000E+0	6,705E-1	6,634E-1	0,000E+0	4	0100
1224,289	67,400	82,700	1,501E+2	0,000E+0	1,832E+2	1,832E+2	0,000E+0	6,704E-1	6,644E-1	0,000E+0	4	0100
1225,289	67,400	82,700	1,501E+2	0,000E+0	1,832E+2	1,832E+2	0,000E+0	6,704E-1	6,644E-1	0,000E+0	4	0100
1226,289	67,400	82,600	1,500E+2	0,000E+0	1,835E+2	1,833E+2	0,000E+0	6,713E-1	6,638E-1	0,000E+0	4	0100
1227,289	67,600	82,600	1,502E+2	0,000E+0	1,835E+2	1,831E+2	0,000E+0	6,717E-1	6,644E-1	0,000E+0	5	0100
1228,289	67,200	82,600	1,498E+2	0,000E+0	1,833E+2	1,830E+2	0,000E+0	6,706E-1	6,654E-1	0,000E+0	5	0100
1229,289	67,400	82,600	1,500E+2	0,000E+0	1,834E+2	1,833E+2	0,000E+0	6,699E-1	6,640E-1	0,000E+0	5	0100
1230,290	67,400	83,000	1,504E+2	0,000E+0	1,833E+2	1,833E+2	0,000E+0	6,704E-1	6,664E-1	0,000E+0	5	0100
1231,290	67,400	82,400	1,498E+2	0,000E+0	1,834E+2	1,830E+2	0,000E+0	6,706E-1	6,631E-1	0,000E+0	5	0100
1232,290	67,400	82,400	1,498E+2	0,000E+0	1,834E+2	1,830E+2	0,000E+0	6,706E-1	6,631E-1	0,000E+0	5	0100
1233,291	67,500	82,700	1,502E+2	0,000E+0	1,835E+2	1,830E+2	0,000E+0	6,714E-1	6,658E-1	0,000E+0	5	0100
1234,291	67,500	82,700	1,502E+2	0,000E+0	1,835E+2	1,830E+2	0,000E+0	6,714E-1	6,658E-1	0,000E+0	5	0100
1235,292	67,200	82,700	1,499E+2	0,000E+0	1,835E+2	1,833E+2	0,000E+0	6,693E-1	6,645E-1	0,000E+0	5	0100
1236,292	67,200	82,700	1,499E+2	0,000E+0	1,835E+2	1,833E+2	0,000E+0	6,693E-1	6,645E-1	0,000E+0	5	0100
1237,294	67,200	82,700	1,499E+2	0,000E+0	1,835E+2	1,833E+2	0,000E+0	6,693E-1	6,645E-1	0,000E+0	5	0100
1238,293	67,200	82,700	1,499E+2	0,000E+0	1,835E+2	1,833E+2	0,000E+0	6,693E-1	6,645E-1	0,000E+0	5	0100
1239,293	67,500	82,500	1,500E+2	0,000E+0	1,836E+2	1,831E+2	0,000E+0	6,704E-1	6,646E-1	0,000E+0	5	0100
1240,293	67,500	82,500	1,500E+2	0,000E+0	1,836E+2	1,831E+2	0,000E+0	6,704E-1	6,646E-1	0,000E+0	5	0100
1241,294	67,500	82,500	1,500E+2	0,000E+0	1,836E+2	1,831E+2	0,000E+0	6,704E-1	6,646E-1	0,000E+0	5	0100
1242,294	67,600	82,900	1,505E+2	0,000E+0	1,836E+2	1,834E+2	0,000E+0	6,729E-1	6,667E-1	0,000E+0	5	0100
1243,294	67,600	82,900	1,505E+2	0,000E+0	1,836E+2	1,834E+2	0,000E+0	6,729E-1	6,667E-1	0,000E+0	5	0100
1244,295	67,800	82,500	1,503E+2	0,000E+0	1,837E+2	1,833E+2	0,000E+0	6,726E-1	6,641E-1	0,000E+0	5	0100
1245,294	67,400	82,600	1,500E+2	0,000E+0	1,835E+2	1,835E+2	0,000E+0	6,708E-1	6,645E-1	0,000E+0	5	0100
1246,294	67,500	82,400	1,499E+2	0,000E+0	1,837E+2	1,832E+2	0,000E+0	6,701E-1	6,631E-1	0,000E+0	6	0100
1247,294	67,800	82,200	1,500E+2	0,000E+0	1,837E+2	1,833E+2	0,000E+0	6,703E-1	6,622E-1	0,000E+0	6	0100
1248,294	67,300	82,700	1,500E+2	0,000E+0	1,836E+2	1,835E+2	0,000E+0	6,702E-1	6,646E-1	0,000E+0	6	0100
1249,295	67,400	82,300	1,497E+2	0,000E+0	1,833E+2	1,831E+2	0,000E+0	6,700E-1	6,634E-1	0,000E+0	6	0100
1250,295	67,400	82,600	1,500E+2	0,000E+0	1,835E+2	1,833E+2	0,000E+0	6,705E-1	6,640E-1	0,000E+0	6	0100
1251,295	67,600	82,600	1,502E+2	0,000E+0	1,835E+2	1,834E+2	0,000E+0	6,722E-1	6,643E-1	0,000E+0	6	0100
1252,295	67,600	82,600	1,502E+2	0,000E+0	1,835E+2	1,834E+2	0,000E+0	6,722E-1	6,643E-1	0,000E+0	6	0100
1253,295	67,300	82,500	1,498E+2	0,000E+0	1,836E+2	1,833E+2	0,000E+0	6,695E-1	6,634E-1	0,000E+0	6	0100
1254,295	67,300	82,500	1,498E+2	0,000E+0	1,836E+2	1,833E+2	0,000E+0	6,695E-1	6,634E-1	0,000E+0	6	0100
1255,295	67,400	82,500	1,499E+2	0,000E+0	1,834E+2	1,832E+2	0,000E+0	6,703E-1	6,641E-1	0,000E+0	6	0100
1256,295	67,400	82,500	1,499E+2	0,000E+0	1,834E+2	1,832E+2	0,000E+0	6,703E-1	6,641E-1	0,000E+0	6	0100
1257,295	67,400	82,500	1,499E+2	0,000E+0	1,834E+2	1,832E+2	0,000E+0	6,703E-1	6,641E-1	0,000E+0	6	0100
1258,297	67,400	82,500	1,499E+2	0,000E+0	1,834E+2	1,832E+2	0,000E+0	6,703E-1	6,641E-1	0,000E+0	6	0100
1259,296	67,400	82,700	1,501E+2	0,000E+0	1,833E+2	1,834E+2	0,000E+0	6,700E-1	6,643E-1	0,000E+0	6	0100
1260,296	67,400	82,700	1,501E+2	0,000E+0	1,833E+2	1,834E+2	0,000E+0	6,700E-1	6,643E-1	0,000E+0	6	0100
1261,296	67,400	82,700	1,501E+2	0,000E+0	1,833E+2	1,834E+2	0,000E+0	6,700E-1	6,643E-1	0,000E+0	6	0100
1262,296	67,400	82,700	1,501E+2	0,000E+0	1,834E+2	1,833E+2	0,000E+0	6,703E-1	6,646E-1	0,000E+0	6	0100
1263,297	67,400	82,700	1,501E+2	0,000E+0	1,834E+2	1,833E+2	0,000E+0	6,703E-1	6,646E-1	0,000E+0	6	0100
1264,298	67,400	82,700	1,501E+2	0,000E+0	1,833E+2	1,832E+2	0,000E+0	6,687E-1	6,647E-1	0,000E+0	6	0100
1265,298	67,500	82,700	1,502E+2	0,000E+0	1,834E+2	1,832E+2	0,000E+0	6,715E-1	6,641E-1	0,000E+0	6	0100
1266,298	67,400	82,600	1,500E+2	0,000E+0	1,836E+2	1,831E+2	0,000E+0	6,702E-1	6,647E-1	0,000E+0	6	0100
1267,298	67,400	82,600	1,500E+2	0,000E+0	1,836E+2	1,831E+2	0,000E+0	6,702E-1	6,647E-1	0,000E+0	6	0100
1268,298	67,400	82,700	1,501E+2	0,000E+0	1,835E+2	1,832E+2	0,000E+0	6,707E-1	6,648E-1	0,000E+0	6	0100
1269,298	67,400	82,700	1,501E+2	0,000E+0	1,835E+2	1,832E+2	0,000E+0	6,707E-1	6,648E-1	0,000E+0	6	0100
1270,299	67,400	82,400	1,498E+2	0,000E+0	1,833E+2	1,834E+2	0,000E+0	6,699E-1	6,628E-1	0,000E+0	6	0100
1271,298	67,700	82,700	1,504E+2	0,000E+0	1,837E+2	1,833E+2	0,000E+0	6,719E-1	6,641E-1	0,000E+0	6	0100
1272,298	67,300	82,200	1,495E+2	0,000E+0	1,834E+2	1,831E+2	0,000E+0	6,701E-1	6,623E-1	0,000E+0	7	0100
1273,299	67,300	82,200	1,495E+2	0,000E+0	1,834E+2	1,831E+2	0,000E+0	6,701E-1	6,623E-1	0,000E+0	7	0100
1274,299	67,500	82,800	1,503E+2	0,000E+0	1,835E+2	1,832E+2	0,000E+0	6,723E-1	6,655E-1	0,000E+0	7	0100
1275,299	67,500	82,800	1,503E+2	0,000E+0	1,835E+2	1,832E+2	0,000E+0	6,723E-1	6,655E-1	0,000E+0	7	0100
1276,300	67,400	82,800	1,502E+2	0,000E+0	1,834E+2	1,833E+2	0,000E+0	6,716E-1	6,651E-1	0,000E+0	7	0100
1277,300	67,400	82,800	1,502E+2	0,000E+0	1,834E+2	1,833E+2	0,000E+0	6,716E-1	6,651E-1	0,000E+0	7	0100
1278,300	67,400	82,800	1,502E+2	0,000E+0	1,834E+2	1,833E+2	0,000E+0	6,716E-1	6,651E-1	0,000E+0	7	0100
1279,300	67,400	82,800	1,502E+2	0,000E+0	1,834E+2	1,833E+2	0,000E+0	6,716E-1	6,651E-1	0,000E+0	7	0100
1280,300	67,400	82,500	1,499E+2	0,000E+0	1,835E+2	1,833E+2	0,000E+0	6,696E-1	6,642E-1	0,000E+0	7	0100
1281,301	67,400	82,500	1,499E+2	0,000E+0	1,835E+2	1,833E+2	0,000E+0	6,696E-1	6,642E-1	0,000E+0	7	0100
1282,302	67,400	82,500	1,499E+2	0,000E+0	1,835E+2	1,833E+2	0,000E+0	6,696E-1	6,642E-1	0,000E+0	7	0100
1283,303	67,400	82,500	1,499E+2	0,000E+0	1,835E+2	1,833E+2	0,000E+0	6,696E-1	6,642E-1	0,000E+0	7	0100
1284,302	67,600	82,300	1,499E+2	0,000E+0	1,834E+2	1,831E+2	0,000E+0	6,707E-1	6,634E-1	0,000E+0	7	0100
1285,303	67,600	82,300	1,499E+2	0,000E+0	1,834E+2	1,831E+2	0,000E+0	6,707E-1	6,634E-1	0,000E+0	7	0100
1286,303	67,100	82,700	1,498E+2	0,000E+0	1,834E+2	1,832E+2	0,000E+0	6,707E-1	6,650E-1	0,000E+0	7	0100
1287,303	67,100	82,700	1,498E+2	0,000E+0	1,834E+2	1,832E+2	0,000E+0	6,707E-1	6,650E-1	0,000E+0	7	0100
1288,303	67,100	82,800	1,499E+2	0,000E+0	1,833E+2	1,832E+2	0,000E+0	6,703E-1	6,660E-1	0,000E+0	7	0100
1289,303	67,500	82,600	1,501E+2	0,000E+0	1,834E+2	1,831E+2	0,000E+0	6,723E-1	6,652E-1	0,000E+0	7	0100
1290,304	67,500	82,700	1,502E+2	0,000E+0	1,833E+2	1,831E+2	0,000E+0	6,703E-1	6,649E-1	0,000E+0	7	0100
1291,303	67,500	82,400	1,499E+2	0,000E+0	1,832E+2	1,831E+2	0,000E+0	6,710E-1	6,637E-1	0,000E+0	7	0100
1292,304	67,500	82,700	1,502E+2	0,000E+0	1,835E+2	1,831E+2	0,000E+0	6,720E-1	6,650E-1	0,000E+0	7	0100
1293,305	67,400	82,500	1,499E+2	0,000E+0	1,835E+2	1,830E+2	0,000E+0	6,715E-1	6,645E-1	0,000E+0	7	0101
1294,306	67,400	82,500	1,499E+2	0,000E+0	1,835E+2	1,830E+2	0,000E+0	6,715E-1	6,645E-1	0,000E+0	7	0101
1295,307	67,400	82,700	1,501E+2	0,000E+0	1,833E+2	1,831E+2	0,000E+0	6,700E-1	6,648E-1	0,000E+0	7	0101
1296,307	67,600	82,300	1,499E+2	0,000E+0	1,832E+2	1,829E+2	0,000E+0	6,727E-1	6,636E-1	0,000E+0	7	0101
1297,308	67,600	82,300	1,499E+2	0,000E+0	1,832E+2	1,829E+2	0,000E+0	6,727E-1	6,636E-1	0,000E+0	7	0101
1298,307	67,600	82,500	1,501E+2	0,000E+0	1,832E+2	1,831E+2	0,000E+0	6,703E-1	6,628E-1	0,000E+0	7	0101
1299,307	67,400	82,700	1,501E+2	0,000E+0	1,834E+2	1,834E+2	0,000E+0	6,706E-1	6,641E-1	0,000E+0	7	0101
1300,307	67,400	82,800	1,502E+2	0,000E+0	1,831E+2	1,830E+2	0,000E+0	6,718E-1	6,647E-1	0,000E+0	7	0101
1301,308	67,400	82,800	1,502E+2	0,000E+0	1,831E+2	1,830E+2	0,000E+0	6,718E-1	6,647E-1	0,000E+0	7	0101
1302,308	67,400	82,500	1,499E+2	0,000E+0	1,833E+2	1,833E+2	0,000E+0	6,709E-1	6,633E-1	0,000E+0	7	0101
1303,308	67,600	82,400	1,500E+2	0,000E+0	1,834E+2	1,833E+2	0,000E+0	6,702E-1	6,633E-1	0,000E+0	7	0101
1304,308	67,300	82,400	1,497E+2	0,000E+0	1,834E+2	1,833E+2	0,000E+0	6,692E-1	6,628E-1	0,000E+0	7	0101
1305,308	67,300	82,400	1,497E+2	0,000E+0	1,834E+2	1,833E+2	0,000E+0	6,692E-1	6,628E-1	0,000E+0	7	0101
1306,309	67,300	82,400	1,497E+2	0,000E+0	1,834E+2	1,833E+2	0,000E+0	6,692E-1	6,628E-1	0,000E+0	7	0101
1307,309	67,700	82,600	1,503E+2	0,000E+0	1,836E+2	1,831E+2	0,000E+0	6,731E-1	6,648E-1	0,000E+0	7	0101
1308,309	67,400	82,700	1,501E+2	0,000E+0	1,834E+2	1,833E+2	0,000E+0	6,714E-1	6,651E-1	0,000E+0	7	0101
1309,309	67,300	82,700	1,500E+2	0,000E+0	1,836E+2	1,832E+2	0,000E+0	6,693E-1	6,650E-1	0,000E+0	7	0101
1310,309	67,000	83,000	1,500E+2	0,000E+0	1,833E+2	1,833E+2	0,000E+0	6,702E-1	6,663E-1	0,000E+0	7	0101
1311,310	67,000	83,000	1,500E+2	0,000E+0	1,833E+2	1,833E+2	0,000E+0	6,702E-1	6,663E-1	0,000E+0	7	0101
1312,310	67,000	83,000	1,500E+2	0,000E+0	1,833E+2	1,833E+2	0,000E+0	6,702E-1	6,663E-1	0,000E+0	7	0101
1313,310	67,000	83,000	1,500E+2	0,000E+0	1,833E+2	1,833E+2	0,000E+0	6,702E-1	6,663E-1	0,000E+0	7	0101
1314,310	67,500	82,600	1,501E+2	0,000E+0	1,835E+2	1,835E+2	0,000E+0	6,697E-1	6,634E-1	0,000E+0	7	0101
1315,310	67,500	82,600	1,501E+2	0,000E+0	1,835E+2	1,835E+2	0,000E+0	6,697E-1	6,634E-1	0,000E+0	7	0101
1316,310	67,500	82,600	1,501E+2	0,000E+0	1,835E+2	1,835E+2	0,000E+0	6,697E-1	6,634E-1	0,000E+0	7	0101
1317,310	67,500	82,600	1,501E+2	0,000E+0	1,835E+2	1,835E+2	0,000E+0	6,697E-1	6,634E-1	0,000E+0	7	0101
1318,311	67,600	82,400	1,500E+2	0,000E+0	1,835E+2	1,834E+2	0,000E+0	6,710E-1	6,631E-1	0,000E+0	7	0101
1319,311	67,600	82,400	1,500E+2	0,000E+0	1,835E+2	1,834E+2	0,000E+0	6,710E-1	6,631E-1	0,000E+0	7	0101
1320,311	67,400	82,500	1,499E+2	0,000E+0	1,834E+2	1,833E+2	0,000E+0	6,707E-1	6,639E-1	0,000E+0	7	0101
1321,311	67,300	82,900	1,502E+2	0,000E+0	1,835E+2	1,836E+2	0,000E+0	6,713E-1	6,655E-1	0,000E+0	7	0101
1322,311	67,300	82,800	1,501E+2	0,000E+0	1,834E+2	1,831E+2	0,000E+0	6,716E-1	6,660E-1	0,000E+0	7	0101
1323,313	67,400	82,600	1,500E+2	0,000E+0	1,835E+2	1,835E+2	0,000E+0	6,717E-1	6,650E-1	0,000E+0	6	0101
1324,312	67,300	82,600	1,499E+2	0,000E+0	1,834E+2	1,833E+2	0,000E+0	6,692E-1	6,637E-1	0,000E+0	6	0101
1325,312	67,200	82,700	1,499E+2	0,000E+0	1,833E+2	1,833E+2	0,000E+0	6,695E-1	6,655E-1	0,000E+0	6	0101
1326,312	67,300	82,900	1,502E+2	0,000E+0	1,835E+2	1,833E+2	0,000E+0	6,709E-1	6,665E-1	0,000E+0	6	0101
1327,312	67,300	82,900	1,502E+2	0,000E+0	1,835E+2	1,833E+2	0,000E+0	6,709E-1	6,665E-1	0,000E+0	6	0101
1328,312	67,300	82,900	1,502E+2	0,000E+0	1,835E+2	1,833E+2	0,000E+0	6,709E-1	6,665E-1	0,000E+0	6	0101
1329,312	67,300	82,900	1,502E+2	0,000E+0	1,835E+2	1,833E+2	0,000E+0	6,709E-1	6,665E-1	0,000E+0	6	0101
1330,312	67,400	82,500	1,499E+2	0,000E+0	1,835E+2	1,833E+2	0,000E+0	6,705E-1	6,641E-1	0,000E+0	6	0101
1331,313	67,400	82,500	1,499E+2	0,000E+0	1,835E+2	1,833E+2	0,000E+0	6,705E-1	6,641E-1	0,000E+0	6	0101
1332,312	67,500	82,400	1,499E+2	0,000E+0	1,836E+2	1,834E+2	0,000E+0	6,699E-1	6,627E-1	0,000E+0	6	0101
1333,312	67,500	82,400	1,499E+2	0,000E+0	1,836E+2	1,834E+2	0,000E+0	6,699E-1	6,627E-1	0,000E+0	6	0101
1334,312	67,400	82,600	1,500E+2	0,000E+0	1,835E+2	1,834E+2	0,000E+0	6,698E-1	6,650E-1	0,000E+0	6	0101
1335,312	67,400	82,600	1,500E+2	0,000E+0	1,835E+2	1,834E+2	0,000E+0	6,698E-1	6,650E-1	0,000E+0	6	0101
1336,312	67,400	82,600	1,500E+2	0,000E+0	1,835E+2	1,834E+2	0,000E+0	6,698E-1	6,650E-1	0,000E+0	6	0101
1337,312	67,500	82,700	1,502E+2	0,000E+0	1,836E+2	1,835E+2	0,000E+0	6,721E-1	6,649E-1	0,000E+0	6	0101
1338,314	67,500	82,700	1,502E+2	0,000E+0	1,836E+2	1,835E+2	0,000E+0	6,721E-1	6,649E-1	0,000E+0	6	0101
1339,313	67,500	82,300	1,498E+2	0,000E+0	1,838E+2	1,834E+2	0,000E+0	6,713E-1	6,633E-1	0,000E+0	6	0101
1340,313	67,400	82,800	1,502E+2	0,000E+0	1,836E+2	1,834E+2	0,000E+0	6,697E-1	6,654E-1	0,000E+0	5	0101
1341,313	67,400	82,600	1,500E+2	0,000E+0	1,836E+2	1,836E+2	0,000E+0	6,713E-1	6,637E-1	0,000E+0	5	0101
1342,314	67,500	82,600	1,501E+2	0,000E+0	1,836E+2	1,834E+2	0,000E+0	6,714E-1	6,647E-1	0,000E+0	5	0101
1343,314	67,400	82,800	1,502E+2	0,000E+0	1,836E+2	1,837E+2	0,000E+0	6,707E-1	6,652E-1	0,000E+0	5	0101
1344,314	67,600	82,500	1,501E+2	0,000E+0	1,837E+2	1,834E+2	0,000E+0	6,723E-1	6,642E-1	0,000E+0	5	0101
1345,315	67,600	82,500	1,501E+2	0,000E+0	1,837E+2	1,834E+2	0,000E+0	6,723E-1	6,642E-1	0,000E+0	5	0101
1346,315	67,200	82,500	1,497E+2	0,000E+0	1,837E+2	1,834E+2	0,000E+0	6,697E-1	6,637E-1	0,000E+0	5	0101
1347,316	67,200	82,500	1,497E+2	0,000E+0	1,837E+2	1,834E+2	0,000E+0	6,697E-1	6,637E-1	0,000E+0	5	0101
1348,316	67,200	82,500	1,497E+2	0,000E+0	1,837E+2	1,834E+2	0,000E+0	6,697E-1	6,637E-1	0,000E+0	5	0101
1349,316	67,500	82,600	1,501E+2	0,000E+0	1,835E+2	1,834E+2	0,000E+0	6,704E-1	6,645E-1	0,000E+0	5	0101
1350,316	67,500	82,600	1,501E+2	0,000E+0	1,835E+2	1,834E+2	0,000E+0	6,704E-1	6,645E-1	0,000E+0	5	0101
1351,316	67,500	82,600	1,501E+2	0,000E+0	1,835E+2	1,834E+2	0,000E+0	6,704E-1	6,645E-1	0,000E+0	5	0101
1352,316	67,600	82,600	1,502E+2	0,000E+0	1,834E+2	1,833E+2	0,000E+0	6,713E-1	6,655E-1	0,000E+0	5	0101
1353,316	67,600	82,600	1,502E+2	0,000E+0	1,834E+2	1,833E+2	0,000E+0	6,713E-1	6,655E-1	0,000E+0	5	0101
1354,316	67,600	82,600	1,502E+2	0,000E+0	1,834E+2	1,833E+2	0,000E+0	6,713E-1	6,655E-1	0,000E+0	5	0101
1355,316	67,600	82,600	1,502E+2	0,000E+0	1,834E+2	1,833E+2	0,000E+0	6,713E-1	6,655E-1	0,000E+0	5	0101
1356,316	67,400	82,500	1,499E+2	0,000E+0	1,835E+2	1,833E+2	0,000E+0	6,706E-1	6,644E-1	0,000E+0	5	0101
1357,316	67,400	82,300	1,497E+2	0,000E+0	1,838E+2	1,834E+2	0,000E+0	6,699E-1	6,621E-1	0,000E+0	5	0101
1358,316	67,500	82,600	1,501E+2	0,000E+0	1,838E+2	1,835E+2	0,000E+0	6,718E-1	6,644E-1	0,000E+0	5	0101
1359,316	67,200	82,600	1,498E+2	0,000E+0	1,835E+2	1,835E+2	0,000E+0	6,696E-1	6,653E-1	0,000E+0	5	0101
1360,317	67,200	82,600	1,498E+2	0,000E+0	1,835E+2	1,835E+2	0,000E+0	6,696E-1	6,653E-1	0,000E+0	4	0101
1361,317	67,200	82,700	1,499E+2	0,000E+0	1,836E+2	1,835E+2	0,000E+0	6,709E-1	6,653E-1	0,000E+0	4	0101
1362,317	67,700	82,800	1,505E+2	0,000E+0	1,838E+2	1,834E+2	0,000E+0	6,730E-1	6,660E-1	0,000E+0	4	0101
1363,318	67,300	82,700	1,500E+2	0,000E+0	1,837E+2	1,834E+2	0,000E+0	6,711E-1	6,654E-1	0,000E+0	4	0101
1364,319	67,500	82,200	1,497E+2	0,000E+0	1,835E+2	1,833E+2	0,000E+0	6,702E-1	6,623E-1	0,000E+0	4	0101
1365,319	67,500	82,200	1,497E+2	0,000E+0	1,835E+2	1,833E+2	0,000E+0	6,702E-1	6,623E-1	0,000E+0	4	0101
1366,319	67,500	82,200	1,497E+2	0,000E+0	1,835E+2	1,833E+2	0,000E+0	6,702E-1	6,623E-1	0,000E+0	4	0101
1367,321	67,500	82,200	1,497E+2	0,000E+0	1,835E+2	1,833E+2	0,000E+0	6,702E-1	6,623E-1	0,000E+0	4	0101
1368,320	67,500	82,200	1,497E+2	0,000E+0	1,835E+2	1,833E+2	0,000E+0	6,702E-1	6,623E-1	0,000E+0	4	0101
1369,321	67,700	82,500	1,502E+2	0,000E+0	1,836E+2	1,832E+2	0,000E+0	6,721E-1	6,646E-1	0,000E+0	4	0101
1370,321	67,700	82,500	1,502E+2	0,000E+0	1,836E+2	1,832E+2	0,000E+0	6,721E-1	6,646E-1	0,000E+0	4	0101
1371,321	67,700	82,500	1,502E+2	0,000E+0	1,836E+2	1,832E+2	0,000E+0	6,721E-1	6,646E-1	0,000E+0	4	0101
1372,321	67,600	82,600	1,502E+2	0,000E+0	1,834E+2	1,830E+2	0,000E+0	6,722E-1	6,659E-1	0,000E+0	4	0101
1373,321	67,600	82,600	1,502E+2	0,000E+0	1,834E+2	1,830E+2	0,000E+0	6,722E-1	6,659E-1	0,000E+0	4	0101
1374,321	67,500	82,400	1,499E+2	0,000E+0	1,833E+2	1,832E+2	0,000E+0	6,702E-1	6,638E-1	0,000E+0	4	0101
1375,321	67,500	82,400	1,499E+2	0,000E+0	1,833E+2	1,832E+2	0,000E+0	6,702E-1	6,638E-1	0,000E+0	4	0101
1376,321	67,400	82,300	1,497E+2	0,000E+0	1,835E+2	1,830E+2	0,000E+0	6,706E-1	6,635E-1	0,000E+0	4	0101
1377,321	67,400	82,300	1,497E+2	0,000E+0	1,835E+2	1,830E+2	0,000E+0	6,706E-1	6,635E-1	0,000E+0	4	0101
1378,321	67,400	82,700	1,501E+2	0,000E+0	1,835E+2	1,834E+2	0,000E+0	6,712E-1	6,658E-1	0,000E+0	3	0101
1379,321	67,500	82,700	1,502E+2	0,000E+0	1,834E+2	1,834E+2	0,000E+0	6,705E-1	6,654E-1	0,000E+0	3	0101
1380,322	67,500	82,700	1,502E+2	0,000E+0	1,834E+2	1,834E+2	0,000E+0	6,705E-1	6,654E-1	0,000E+0	3	0101
1381,322	67,400	82,800	1,502E+2	0,000E+0	1,835E+2	1,833E+2	0,000E+0	6,715E-1	6,663E-1	0,000E+0	3	0101
1382,324	67,300	82,600	1,499E+2	0,000E+0	1,835E+2	1,833E+2	0,000E+0	6,704E-1	6,648E-1	0,000E+0	3	0101
1383,324	67,400	82,600	1,500E+2	0,000E+0	1,834E+2	1,833E+2	0,000E+0	6,698E-1	6,652E-1	0,000E+0	3	0101
1384,325	67,400	82,600	1,500E+2	0,000E+0	1,834E+2	1,833E+2	0,000E+0	6,698E-1	6,652E-1	0,000E+0	3	0101
1385,325	67,400	82,600	1,500E+2	0,000E+0	1,834E+2	1,833E+2	0,000E+0	6,698E-1	6,652E-1	0,000E+0	3	0101
1386,326	67,500	82,700	1,502E+2	0,000E+0	1,835E+2	1,832E+2	0,000E+0	6,713E-1	6,655E-1	0,000E+0	3	0101
1387,327	67,500	82,700	1,502E+2	0,000E+0	1,835E+2	1,832E+2	0,000E+0	6,713E-1	6,655E-1	0,000E+0	3	0101
1388,327	67,500	82,700	1,502E+2	0,000E+0	1,835E+2	1,832E+2	0,000E+0	6,713E-1	6,655E-1	0,000E+0	3	0101
1389,328	67,500	82,500	1,500E+2	0,000E+0	1,836E+2	1,833E+2	0,000E+0	6,711E-1	6,643E-1	0,000E+0	3	0101
1390,327	67,500	82,500	1,500E+2	0,000E+0	1,836E+2	1,833E+2	0,000E+0	6,711E-1	6,643E-1	0,000E+0	3	0101
1391,327	67,500	82,500	1,500E+2	0,000E+0	1,836E+2	1,833E+2	0,000E+0	6,711E-1	6,643E-1	0,000E+0	3	0101
1392,327	67,500	82,500	1,500E+2	0,000E+0	1,836E+2	1,833E+2	0,000E+0	6,711E-1	6,643E-1	0,000E+0	3	0101
1393,327	67,400	82,700	1,501E+2	0,000E+0	1,835E+2	1,833E+2	0,000E+0	6,709E-1	6,658E-1	0,000E+0	3	0101
1394,327	67,400	82,800	1,502E+2	0,000E+0	1,833E+2	1,832E+2	0,000E+0	6,704E-1	6,663E-1	0,000E+0	3	0101
1395,328	67,300	82,700	1,500E+2	0,000E+0	1,835E+2	1,832E+2	0,000E+0	6,726E-1	6,655E-1	0,000E+0	3	0101
1396,329	67,300	82,700	1,500E+2	0,000E+0	1,835E+2	1,832E+2	0,000E+0	6,726E-1	6,655E-1	0,000E+0	3	0101
1397,329	67,700	82,300	1,500E+2	0,000E+0	1,836E+2	1,832E+2	0,000E+0	6,723E-1	6,636E-1	0,000E+0	2	0101
1398,329	67,500	82,900	1,504E+2	0,000E+0	1,835E+2	1,831E+2	0,000E+0	6,720E-1	6,663E-1	0,000E+0	2	0101
1399,329	67,100	82,500	1,496E+2	0,000E+0	1,834E+2	1,832E+2	0,000E+0	6,701E-1	6,639E-1	0,000E+0	2	0101
1400,329	67,300	82,800	1,501E+2	0,000E+0	1,834E+2	1,833E+2	0,000E+0	6,705E-1	6,655E-1	0,000E+0	2	0101
1401,329	67,300	82,600	1,499E+2	0,000E+0	1,834E+2	1,831E+2	0,000E+0	6,716E-1	6,654E-1	0,000E+0	2	0101
1402,329	67,300	82,600	1,499E+2	0,000E+0	1,834E+2	1,831E+2	0,000E+0	6,716E-1	6,654E-1	0,000E+0	2	0101
1403,329	67,300	82,600	1,499E+2	0,000E+0	1,834E+2	1,831E+2	0,000E+0	6,716E-1	6,654E-1	0,000E+0	2	0101
1404,329	67,300	82,600	1,499E+2	0,000E+0	1,834E+2	1,831E+2	0,000E+0	6,716E-1	6,654E-1	0,000E+0	2	0101
1405,329	67,400	82,700	1,501E+2	0,000E+0	1,834E+2	1,833E+2	0,000E+0	6,716E-1	6,658E-1	0,000E+0	2	0101
1406,329	67,400	82,700	1,501E+2	0,000E+0	1,834E+2	1,833E+2	0,000E+0	6,716E-1	6,658E-1	0,000E+0	2	0101
1407,330	67,400	82,700	1,501E+2	0,000E+0	1,834E+2	1,833E+2	0,000E+0	6,716E-1	6,658E-1	0,000E+0	2	0101
1408,329	67,400	82,700	1,501E+2	0,000E+0	1,834E+2	1,833E+2	0,000E+0	6,716E-1	6,658E-1	0,000E+0	2	0101
1409,329	67,500	82,600	1,501E+2	0,000E+0	1,833E+2	1,832E+2	0,000E+0	6,731E-1	6,646E-1	0,000E+0	2	0101
1410,329	67,500	82,600	1,501E+2	0,000E+0	1,833E+2	1,832E+2	0,000E+0	6,731E-1	6,646E-1	0,000E+0	2	0101
1411,329	67,500	82,600	1,501E+2	0,000E+0	1,834E+2	1,832E+2	0,000E+0	6,700E-1	6,650E-1	0,000E+0	2	0101
1412,330	67,500	82,600	1,501E+2	0,000E+0	1,834E+2	1,832E+2	0,000E+0	6,700E-1	6,650E-1	0,000E+0	2	0101
1413,330	67,600	82,500	1,501E+2	0,000E+0	1,837E+2	1,832E+2	0,000E+0	6,722E-1	6,653E-1	0,000E+0	2	0101
1414,330	67,400	82,300	1,497E+2	0,000E+0	1,834E+2	1,831E+2	0,000E+0	6,698E-1	6,639E-1	0,000E+0	2	0101
1415,331	67,200	82,600	1,498E+2	0,000E+0	1,835E+2	1,834E+2	0,000E+0	6,710E-1	6,650E-1	0,000E+0	1	0101
1416,331	67,800	82,500	1,503E+2	0,000E+0	1,835E+2	1,832E+2	0,000E+0	6,737E-1	6,650E-1	0,000E+0	1	0101
1417,332	67,300	82,600	1,499E+2	0,000E+0	1,833E+2	1,833E+2	0,000E+0	6,708E-1	6,646E-1	0,000E+0	1	0101
1418,332	67,500	82,400	1,499E+2	0,000E+0	1,833E+2	1,831E+2	0,000E+0	6,714E-1	6,645E-1	0,000E+0	1	0101
1419,333	67,500	82,400	1,499E+2	0,000E+0	1,833E+2	1,831E+2	0,000E+0	6,714E-1	6,645E-1	0,000E+0	1	0101
1420,333	67,500	82,400	1,499E+2	0,000E+0	1,833E+2	1,831E+2	0,000E+0	6,714E-1	6,645E-1	0,000E+0	1	0101
1421,333	67,500	82,400	1,499E+2	0,000E+0	1,833E+2	1,831E+2	0,000E+0	6,714E-1	6,645E-1	0,000E+0	1	0101
1422,333	67,500	82,400	1,499E+2	0,000E+0	1,833E+2	1,831E+2	0,000E+0	6,714E-1	6,645E-1	0,000E+0	1	0101
1423,333	67,200	82,800	1,500E+2	0,000E+0	1,834E+2	1,831E+2	0,000E+0	6,722E-1	6,666E-1	0,000E+0	1	0101
1424,333	67,200	82,800	1,500E+2	0,000E+0	1,834E+2	1,831E+2	0,000E+0	6,722E-1	6,666E-1	0,000E+0	1	0101
1425,335	67,200	82,800	1,500E+2	0,000E+0	1,834E+2	1,831E+2	0,000E+0	6,722E-1	6,666E-1	0,000E+0	1	0101
1426,335	67,200	82,800	1,500E+2	0,000E+0	1,834E+2	1,831E+2	0,000E+0	6,722E-1	6,666E-1	0,000E+0	1	0101
1427,336	67,200	82,600	1,498E+2	0,000E+0	1,831E+2	1,832E+2	0,000E+0	6,701E-1	6,654E-1	0,000E+0	1	0101
1428,336	67,200	82,600	1,498E+2	0,000E+0	1,831E+2	1,832E+2	0,000E+0	6,701E-1	6,654E-1	0,000E+0	1	0101
1429,337	67,200	82,600	1,498E+2	0,000E+0	1,831E+2	1,832E+2	0,000E+0	6,701E-1	6,654E-1	0,000E+0	1	0101
1430,337	67,600	82,900	1,505E+2	0,000E+0	1,833E+2	1,832E+2	0,000E+0	6,728E-1	6,671E-1	0,000E+0	1	0101
1431,337	67,700	82,700	1,504E+2	0,000E+0	1,833E+2	1,832E+2	0,000E+0	6,730E-1	6,654E-1	0,000E+0	1	0101
1432,338	67,400	82,700	1,501E+2	0,000E+0	1,829E+2	1,827E+2	0,000E+0	6,705E-1	6,656E-1	0,000E+0	0	0101
1433,337	67,400	82,500	1,499E+2	0,000E+0	1,831E+2	1,829E+2	0,000E+0	6,717E-1	6,648E-1	0,000E+0	0	0101
1434,337	67,400	82,500	1,499E+2	0,000E+0	1,831E+2	1,829E+2	0,000E+0	6,733E-1	6,658E-1	0,000E+0	0	0101
1435,337	67,400	82,500	1,499E+2	0,000E+0	1,831E+2	1,829E+2	0,000E+0	6,733E-1	6,658E-1	0,000E+0	0	0101
1436,338	67,400	82,900	1,503E+2	0,000E+0	1,832E+2	1,829E+2	0,000E+0	6,730E-1	6,682E-1	0,000E+0	0	0101
1437,338	67,400	82,900	1,503E+2	0,000E+0	1,832E+2	1,829E+2	0,000E+0	6,730E-1	6,682E-1	0,000E+0	0	0101
1438,338	67,400	82,900	1,503E+2	0,000E+0	1,832E+2	1,829E+2	0,000E+0	6,730E-1	6,682E-1	0,000E+0	0	0101
1439,339	67,400	82,900	1,503E+2	0,000E+0	1,832E+2	1,829E+2	0,000E+0	6,730E-1	6,682E-1	0,000E+0	0	0101
1440,338	67,400	82,900	1,503E+2	0,000E+0	1,832E+2	1,829E+2	0,000E+0	6,730E-1	6,682E-1	0,000E+0	0	0101
1441,338	67,000	82,700	1,497E+2	0,000E+0	1,831E+2	1,829E+2	0,000E+0	6,709E-1	6,665E-1	0,000E+0	0	0101
1442,338	67,000	82,700	1,497E+2	0,000E+0	1,831E+2	1,829E+2	0,000E+0	6,709E-1	6,665E-1	0,000E+0	0	0101
1443,338	67,000	82,700	1,497E+2	0,000E+0	1,831E+2	1,829E+2	0,000E+0	6,709E-1	6,665E-1	0,000E+0	0	0101
1444,338	67,200	82,800	1,500E+2	0,000E+0	1,831E+2	1,830E+2	0,000E+0	6,724E-1	6,665E-1	0,000E+0	0	0101
1445,338	67,200	82,800	1,500E+2	0,000E+0	1,831E+2	1,830E+2	0,000E+0	6,724E-1	6,665E-1	0,000E+0	0	0101
1446,339	67,300	82,900	1,502E+2	0,000E+0	1,830E+2	1,828E+2	0,000E+0	6,712E-1	6,671E-1	0,000E+0	0	0101
1447,338	67,300	82,900	1,502E+2	0,000E+0	1,830E+2	1,828E+2	0,000E+0	6,712E-1	6,671E-1	0,000E+0	0	0101
1448,338	67,500	82,700	1,502E+2	0,000E+0	1,830E+2	1,827E+2	0,000E+0	6,719E-1	6,667E-1	0,000E+0	0	0101
1449,339	67,500	82,700	1,502E+2	0,000E+0	1,830E+2	1,827E+2	0,000E+0	6,719E-1	6,667E-1	0,000E+0	0	0101
1450,339	67,100	82,600	1,497E+2	0,000E+0	1,830E+2	1,829E+2	0,000E+0	6,704E-1	6,661E-1	0,000E+0	0	0101
1451,339	67,100	82,600	1,497E+2	0,000E+0	1,830E+2	1,829E+2	0,000E+0	6,704E-1	6,661E-1	0,000E+0	0	0101
1452,339	67,200	82,700	1,499E+2	0,000E+0	1,829E+2	1,827E+2	0,000E+0	6,702E-1	6,660E-1	0,000E+0	0	0101
1453,339	67,200	82,500	1,497E+2	0,000E+0	1,829E+2	1,830E+2	0,000E+0	6,709E-1	6,644E-1	0,000E+0	0	0101
1454,339	67,200	82,500	1,497E+2	0,000E+0	1,829E+2	1,830E+2	0,000E+0	6,709E-1	6,644E-1	0,000E+0	0	0101
1455,340	67,400	82,800	1,502E+2	0,000E+0	1,830E+2	1,829E+2	0,000E+0	6,739E-1	6,658E-1	0,000E+0	0	0110
1456,341	67,500	82,700	1,502E+2	0,000E+0	1,830E+2	1,828E+2	0,000E+0	6,727E-1	6,660E-1	0,000E+0	0	0110
1457,341	67,300	82,700	1,500E+2	0,000E+0	1,830E+2	1,828E+2	0,000E+0	6,710E-1	6,653E-1	0,000E+0	0	0110
1458,341	67,300	82,700	1,500E+2	0,000E+0	1,831E+2	1,826E+2	0,000E+0	6,716E-1	6,667E-1	0,000E+0	0	0110
1459,342	67,300	82,700	1,500E+2	0,000E+0	1,831E+2	1,826E+2	0,000E+0	6,716E-1	6,667E-1	0,000E+0	0	0110
1460,342	67,500	82,600	1,501E+2	0,000E+0	1,829E+2	1,825E+2	0,000E+0	6,727E-1	6,655E-1	0,000E+0	0	0110
1461,342	67,400	82,600	1,500E+2	0,000E+0	1,829E+2	1,828E+2	0,000E+0	6,721E-1	6,649E-1	0,000E+0	0	0110
1462,342	67,300	82,700	1,500E+2	0,000E+0	1,828E+2	1,828E+2	0,000E+0	6,702E-1	6,657E-1	0,000E+0	0	0110
1463,343	67,200	82,800	1,500E+2	0,000E+0	1,829E+2	1,828E+2	0,000E+0	6,722E-1	6,666E-1	0,000E+0	0	0110
1464,343	67,600	82,400	1,500E+2	0,000E+0	1,831E+2	1,826E+2	0,000E+0	6,741E-1	6,649E-1	0,000E+0	0	0110
1465,343	67,400	82,500	1,499E+2	0,000E+0	1,829E+2	1,827E+2	0,000E+0	6,720E-1	6,657E-1	0,000E+0	0	0110
1466,344	67,500	82,700	1,502E+2	0,000E+0	1,830E+2	1,827E+2	0,000E+0	6,734E-1	6,661E-1	0,000E+0	0	0110
1467,346	67,300	82,800	1,501E+2	0,000E+0	1,830E+2	1,827E+2	0,000E+0	6,704E-1	6,661E-1	0,000E+0	0	0110
1468,345	67,300	82,900	1,502E+2	0,000E+0	1,830E+2	1,829E+2	0,000E+0	6,721E-1	6,672E-1	0,000E+0	0	0110
1469,345	67,300	82,400	1,497E+2	0,000E+0	1,830E+2	1,826E+2	0,000E+0	6,717E-1	6,648E-1	0,000E+0	0	0110
1470,346	67,400	82,600	1,500E+2	0,000E+0	1,833E+2	1,826E+2	0,000E+0	6,731E-1	6,655E-1	0,000E+0	0	0110
1471,347	67,400	82,600	1,500E+2	0,000E+0	1,833E+2	1,826E+2	0,000E+0	6,731E-1	6,655E-1	0,000E+0	0	0110
1472,347	67,400	82,300	1,497E+2	0,000E+0	1,831E+2	1,828E+2	0,000E+0	6,716E-1	6,637E-1	0,000E+0	0	0110
1473,347	67,500	82,700	1,502E+2	0,000E+0	1,830E+2	1,828E+2	0,000E+0	6,733E-1	6,654E-1	0,000E+0	0	0110
1474,348	67,400	82,700	1,501E+2	0,000E+0	1,830E+2	1,827E+2	0,000E+0	6,735E-1	6,663E-1	0,000E+0	0	0110
1475,347	67,200	82,700	1,499E+2	0,000E+0	1,831E+2	1,829E+2	0,000E+0	6,705E-1	6,650E-1	0,000E+0	0	0110
1476,347	67,500	82,700	1,502E+2	0,000E+0	1,832E+2	1,830E+2	0,000E+0	6,718E-1	6,658E-1	0,000E+0	0	0110
1477,347	67,300	82,500	1,498E+2	0,000E+0	1,831E+2	1,829E+2	0,000E+0	6,701E-1	6,654E-1	0,000E+0	0	0110
1478,347	67,300	83,000	1,503E+2	0,000E+0	1,830E+2	1,828E+2	0,000E+0	6,718E-1	6,676E-1	0,000E+0	0	0110
1479,347	67,400	82,400	1,498E+2	0,000E+0	1,830E+2	1,829E+2	0,000E+0	6,715E-1	6,647E-1	0,000E+0	0	0110
1480,347	67,500	82,700	1,502E+2	0,000E+0	1,831E+2	1,828E+2	0,000E+0	6,725E-1	6,663E-1	0,000E+0	0	0110
1481,348	67,500	82,700	1,502E+2	0,000E+0	1,831E+2	1,828E+2	0,000E+0	6,725E-1	6,663E-1	0,000E+0	0	0110
1482,347	67,500	82,700	1,502E+2	0,000E+0	1,831E+2	1,828E+2	0,000E+0	6,725E-1	6,663E-1	0,000E+0	0	0110
1483,347	67,500	82,700	1,502E+2	0,000E+0	1,831E+2	1,828E+2	0,000E+0	6,725E-1	6,663E-1	0,000E+0	0	0110
1484,348	67,500	82,700	1,502E+2	0,000E+0	1,831E+2	1,828E+2	0,000E+0	6,725E-1	6,663E-1	0,000E+0	0	0110
1485,347	67,500	82,500	1,500E+2	0,000E+0	1,830E+2	1,827E+2	0,000E+0	6,724E-1	6,657E-1	0,000E+0	0	0110
1486,347	67,500	82,500	1,500E+2	0,000E+0	1,830E+2	1,827E+2	0,000E+0	6,724E-1	6,657E-1	0,000E+0	0	0110
1487,347	67,500	82,500	1,500E+2	0,000E+0	1,830E+2	1,827E+2	0,000E+0	6,724E-1	6,657E-1	0,000E+0	0	0110
1488,347	67,100	82,800	1,499E+2	0,000E+0	1,829E+2	1,831E+2	0,000E+0	6,700E-1	6,655E-1	0,000E+0	0	0110
1489,347	67,100	82,800	1,499E+2	0,000E+0	1,829E+2	1,831E+2	0,000E+0	6,700E-1	6,655E-1	0,000E+0	0	0110
1490,347	67,600	82,500	1,501E+2	0,000E+0	1,831E+2	1,827E+2	0,000E+0	6,738E-1	6,658E-1	0,000E+0	0	0110
1491,348	67,600	82,500	1,501E+2	0,000E+0	1,831E+2	1,827E+2	0,000E+0	6,738E-1	6,658E-1	0,000E+0	0	0110
1492,347	67,300	83,000	1,503E+2	0,000E+0	1,826E+2	1,826E+2	0,000E+0	6,713E-1	6,675E-1	0,000E+0	0	0110
1493,347	67,500	82,300	1,498E+2	0,000E+0	1,830E+2	1,828E+2	0,000E+0	6,727E-1	6,642E-1	0,000E+0	0	0110
1494,347	67,400	82,900	1,503E+2	0,000E+0	1,831E+2	1,830E+2	0,000E+0	6,720E-1	6,665E-1	0,000E+0	1	0110
1495,347	67,300	82,500	1,498E+2	0,000E+0	1,832E+2	1,830E+2	0,000E+0	6,709E-1	6,648E-1	0,000E+0	1	0110
1496,347	67,200	82,600	1,498E+2	0,000E+0	1,834E+2	1,829E+2	0,000E+0	6,708E-1	6,664E-1	0,000E+0	1	0110
1497,347	67,300	82,900	1,502E+2	0,000E+0	1,835E+2	1,836E+2	0,000E+0	6,715E-1	6,663E-1	0,000E+0	1	0110
1498,348	67,300	82,900	1,502E+2	0,000E+0	1,835E+2	1,836E+2	0,000E+0	6,715E-1	6,663E-1	0,000E+0	1	0110
1499,348	67,500	82,900	1,504E+2	0,000E+0	1,831E+2	1,830E+2	0,000E+0	6,731E-1	6,667E-1	0,000E+0	1	0110
1500,348	67,500	82,900	1,504E+2	0,000E+0	1,831E+2	1,830E+2	0,000E+0	6,731E-1	6,667E-1	0,000E+0	1	0110
1501,348	67,500	82,900	1,504E+2	0,000E+0	1,831E+2	1,830E+2	0,000E+0	6,731E-1	6,667E-1	0,000E+0	1	0110
1502,348	67,300	82,600	1,499E+2	0,000E+0	1,831E+2	1,828E+2	0,000E+0	6,710E-1	6,654E-1	0,000E+0	1	0110
1503,348	67,300	82,600	1,499E+2	0,000E+0	1,831E+2	1,828E+2	0,000E+0	6,710E-1	6,654E-1	0,000E+0	1	0110
1504,348	67,300	82,600	1,499E+2	0,000E+0	1,831E+2	1,828E+2	0,000E+0	6,710E-1	6,654E-1	0,000E+0	1	0110
1505,349	67,100	82,700	1,498E+2	0,000E+0	1,831E+2	1,831E+2	0,000E+0	6,692E-1	6,650E-1	0,000E+0	1	0110
1506,349	67,100	82,700	1,498E+2	0,000E+0	1,831E+2	1,831E+2	0,000E+0	6,692E-1	6,650E-1	0,000E+0	1	0110
1507,349	67,100	82,700	1,498E+2	0,000E+0	1,831E+2	1,831E+2	0,000E+0	6,692E-1	6,650E-1	0,000E+0	1	0110
1508,349	67,100	82,700	1,498E+2	0,000E+0	1,831E+2	1,831E+2	0,000E+0	6,692E-1	6,650E-1	0,000E+0	1	0110
1509,349	67,300	82,700	1,500E+2	0,000E+0	1,831E+2	1,829E+2	0,000E+0	6,706E-1	6,669E-1	0,000E+0	1	0110
1510,349	67,300	82,700	1,500E+2	0,000E+0	1,831E+2	1,831E+2	0,000E+0	6,714E-1	6,655E-1	0,000E+0	1	0110
1511,349	67,400	82,500	1,499E+2	0,000E+0	1,833E+2	1,829E+2	0,000E+0	6,711E-1	6,649E-1	0,000E+0	1	0110
1512,350	67,400	82,500	1,499E+2	0,000E+0	1,833E+2	1,829E+2	0,000E+0	6,711E-1	6,649E-1	0,000E+0	2	0110
1513,349	67,500	82,500	1,500E+2	0,000E+0	1,832E+2	1,829E+2	0,000E+0	6,732E-1	6,650E-1	0,000E+0	2	0110
1514,349	67,500	82,500	1,500E+2	0,000E+0	1,833E+2	1,831E+2	0,000E+0	6,711E-1	6,644E-1	0,000E+0	2	0110
1515,349	67,100	82,900	1,500E+2	0,000E+0	1,832E+2	1,835E+2	0,000E+0	6,693E-1	6,655E-1	0,000E+0	2	0110
1516,349	67,600	82,500	1,501E+2	0,000E+0	1,829E+2	1,829E+2	0,000E+0	6,708E-1	6,636E-1	0,000E+0	2	0110
1517,349	67,200	82,600	1,498E+2	0,000E+0	1,833E+2	1,834E+2	0,000E+0	6,709E-1	6,639E-1	0,000E+0	2	0110
1518,350	67,200	82,600	1,498E+2	0,000E+0	1,833E+2	1,834E+2	0,000E+0	6,709E-1	6,639E-1	0,000E+0	2	0110
1519,352	67,200	82,600	1,498E+2	0,000E+0	1,833E+2	1,834E+2	0,000E+0	6,709E-1	6,639E-1	0,000E+0	2	0110
1520,351	67,200	82,600	1,498E+2	0,000E+0	1,833E+2	1,834E+2	0,000E+0	6,709E-1	6,639E-1	0,000E+0	2	0110
1521,351	67,300	82,700	1,500E+2	0,000E+0	1,831E+2	1,831E+2	0,000E+0	6,716E-1	6,660E-1	0,000E+0	2	0110
1522,351	67,300	82,700	1,500E+2	0,000E+0	1,831E+2	1,831E+2	0,000E+0	6,716E-1	6,660E-1	0,000E+0	2	0110
1523,351	67,300	82,700	1,500E+2	0,000E+0	1,831E+2	1,831E+2	0,000E+0	6,716E-1	6,660E-1	0,000E+0	2	0110
1524,351	67,300	82,700	1,500E+2	0,000E+0	1,831E+2	1,831E+2	0,000E+0	6,716E-1	6,660E-1	0,000E+0	2	0110
1525,351	67,600	82,700	1,503E+2	0,000E+0	1,832E+2	1,832E+2	0,000E+0	6,740E-1	6,660E-1	0,000E+0	2	0110
1526,352	67,600	82,700	1,503E+2	0,000E+0	1,832E+2	1,832E+2	0,000E+0	6,740E-1	6,660E-1	0,000E+0	2	0110
1527,352	67,600	82,500	1,501E+2	0,000E+0	1,835E+2	1,829E+2	0,000E+0	6,732E-1	6,657E-1	0,000E+0	2	0110
1528,352	67,600	82,500	1,501E+2	0,000E+0	1,835E+2	1,829E+2	0,000E+0	6,732E-1	6,657E-1	0,000E+0	2	0110
1529,352	67,400	82,400	1,498E+2	0,000E+0	1,833E+2	1,829E+2	0,000E+0	6,711E-1	6,647E-1	0,000E+0	2	0110
1530,353	67,300	82,900	1,502E+2	0,000E+0	1,834E+2	1,833E+2	0,000E+0	6,712E-1	6,663E-1	0,000E+0	2	0110
1531,353	67,400	82,600	1,500E+2	0,000E+0	1,834E+2	1,832E+2	0,000E+0	6,725E-1	6,657E-1	0,000E+0	3	0110
1532,353	67,400	82,300	1,497E+2	0,000E+0	1,837E+2	1,832E+2	0,000E+0	6,711E-1	6,642E-1	0,000E+0	3	0110
1533,353	67,300	82,800	1,501E+2	0,000E+0	1,832E+2	1,832E+2	0,000E+0	6,718E-1	6,670E-1	0,000E+0	3	0110
1534,353	67,500	82,600	1,501E+2	0,000E+0	1,834E+2	1,830E+2	0,000E+0	6,719E-1	6,658E-1	0,000E+0	3	0110
1535,353	67,500	82,600	1,501E+2	0,000E+0	1,834E+2	1,830E+2	0,000E+0	6,719E-1	6,658E-1	0,000E+0	3	0110
1536,353	67,500	82,600	1,501E+2	0,000E+0	1,834E+2	1,830E+2	0,000E+0	6,719E-1	6,658E-1	0,000E+0	3	0110
1537,353	67,500	82,600	1,501E+2	0,000E+0	1,834E+2	1,830E+2	0,000E+0	6,719E-1	6,658E-1	0,000E+0	3	0110
1538,353	67,500	82,700	1,502E+2	0,000E+0	1,837E+2	1,833E+2	0,000E+0	6,728E-1	6,656E-1	0,000E+0	3	0110
1539,353	67,500	82,700	1,502E+2	0,000E+0	1,837E+2	1,833E+2	0,000E+0	6,728E-1	6,656E-1	0,000E+0	3	0110
1540,354	67,300	82,800	1,501E+2	0,000E+0	1,834E+2	1,833E+2	0,000E+0	6,713E-1	6,664E-1	0,000E+0	3	0110
1541,353	67,300	82,800	1,501E+2	0,000E+0	1,834E+2	1,833E+2	0,000E+0	6,713E-1	6,664E-1	0,000E+0	3	0110
1542,353	67,300	82,800	1,501E+2	0,000E+0	1,834E+2	1,833E+2	0,000E+0	6,713E-1	6,664E-1	0,000E+0	3	0110
1543,353	67,400	82,500	1,499E+2	0,000E+0	1,833E+2	1,832E+2	0,000E+0	6,726E-1	6,657E-1	0,000E+0	3	0110
1544,353	67,400	82,500	1,499E+2	0,000E+0	1,833E+2	1,832E+2	0,000E+0	6,726E-1	6,657E-1	0,000E+0	3	0110
1545,353	67,400	82,500	1,499E+2	0,000E+0	1,833E+2	1,832E+2	0,000E+0	6,726E-1	6,657E-1	0,000E+0	3	0110
1546,353	67,400	82,700	1,501E+2	0,000E+0	1,834E+2	1,832E+2	0,000E+0	6,726E-1	6,658E-1	0,000E+0	3	0110
1547,353	67,700	82,600	1,503E+2	0,000E+0	1,834E+2	1,833E+2	0,000E+0	6,727E-1	6,653E-1	0,000E+0	3	0110
1548,353	67,500	82,500	1,500E+2	0,000E+0	1,834E+2	1,831E+2	0,000E+0	6,725E-1	6,651E-1	0,000E+0	3	0110
1549,354	67,200	82,800	1,500E+2	0,000E+0	1,834E+2	1,833E+2	0,000E+0	6,711E-1	6,653E-1	0,000E+0	4	0110
1550,354	67,000	82,800	1,498E+2	0,000E+0	1,831E+2	1,831E+2	0,000E+0	6,697E-1	6,671E-1	0,000E+0	4	0110
1551,354	67,000	82,800	1,498E+2	0,000E+0	1,831E+2	1,831E+2	0,000E+0	6,697E-1	6,671E-1	0,000E+0	4	0110
1552,355	67,500	82,800	1,503E+2	0,000E+0	1,838E+2	1,832E+2	0,000E+0	6,740E-1	6,665E-1	0,000E+0	4	0110
1553,354	67,400	82,400	1,498E+2	0,000E+0	1,834E+2	1,832E+2	0,000E+0	6,717E-1	6,647E-1	0,000E+0	4	0110
1554,354	67,400	82,400	1,498E+2	0,000E+0	1,834E+2	1,832E+2	0,000E+0	6,717E-1	6,647E-1	0,000E+0	4	0110
1555,354	67,400	82,400	1,498E+2	0,000E+0	1,834E+2	1,832E+2	0,000E+0	6,717E-1	6,647E-1	0,000E+0	4	0110
1556,354	67,400	82,400	1,498E+2	0,000E+0	1,834E+2	1,832E+2	0,000E+0	6,717E-1	6,647E-1	0,000E+0	4	0110
1557,354	67,400	82,400	1,498E+2	0,000E+0	1,834E+2	1,832E+2	0,000E+0	6,717E-1	6,647E-1	0,000E+0	4	0110
1558,354	67,500	82,700	1,502E+2	0,000E+0	1,835E+2	1,833E+2	0,000E+0	6,724E-1	6,669E-1	0,000E+0	4	0110
1559,355	67,500	82,700	1,502E+2	0,000E+0	1,835E+2	1,833E+2	0,000E+0	6,724E-1	6,669E-1	0,000E+0	4	0110
1560,355	67,500	82,700	1,502E+2	0,000E+0	1,835E+2	1,833E+2	0,000E+0	6,724E-1	6,669E-1	0,000E+0	4	0110
1561,356	67,400	82,800	1,502E+2	0,000E+0	1,835E+2	1,834E+2	0,000E+0	6,721E-1	6,680E-1	0,000E+0	4	0110
1562,356	67,400	82,800	1,502E+2	0,000E+0	1,835E+2	1,834E+2	0,000E+0	6,721E-1	6,680E-1	0,000E+0	4	0110
1563,356	67,400	82,400	1,498E+2	0,000E+0	1,835E+2	1,834E+2	0,000E+0	6,707E-1	6,647E-1	0,000E+0	4	0110
1564,356	67,400	82,400	1,498E+2	0,000E+0	1,835E+2	1,834E+2	0,000E+0	6,707E-1	6,647E-1	0,000E+0	4	0110
1565,357	67,200	82,500	1,497E+2	0,000E+0	1,836E+2	1,836E+2	0,000E+0	6,712E-1	6,647E-1	0,000E+0	4	0110
1566,357	67,300	82,600	1,499E+2	0,000E+0	1,833E+2	1,833E+2	0,000E+0	6,701E-1	6,648E-1	0,000E+0	4	0110
1567,357	67,400	82,800	1,502E+2	0,000E+0	1,834E+2	1,832E+2	0,000E+0	6,719E-1	6,672E-1	0,000E+0	4	0110
1568,358	67,300	82,700	1,500E+2	0,000E+0	1,834E+2	1,834E+2	0,000E+0	6,702E-1	6,653E-1	0,000E+0	4	0110
1569,359	67,400	82,600	1,500E+2	0,000E+0	1,834E+2	1,831E+2	0,000E+0	6,730E-1	6,651E-1	0,000E+0	4	0110
1570,359	67,300	82,600	1,499E+2	0,000E+0	1,833E+2	1,834E+2	0,000E+0	6,716E-1	6,655E-1	0,000E+0	4	0110
1571,359	67,800	82,300	1,501E+2	0,000E+0	1,835E+2	1,831E+2	0,000E+0	6,736E-1	6,645E-1	0,000E+0	4	0110
1572,359	67,800	82,300	1,501E+2	0,000E+0	1,835E+2	1,831E+2	0,000E+0	6,736E-1	6,645E-1	0,000E+0	4	0110
1573,361	67,500	82,500	1,500E+2	0,000E+0	1,835E+2	1,831E+2	0,000E+0	6,719E-1	6,641E-1	0,000E+0	4	0110
1574,360	67,500	82,300	1,498E+2	0,000E+0	1,834E+2	1,831E+2	0,000E+0	6,715E-1	6,643E-1	0,000E+0	4	0110
1575,361	67,400	82,800	1,502E+2	0,000E+0	1,834E+2	1,831E+2	0,000E+0	6,728E-1	6,668E-1	0,000E+0	4	0110
1576,361	67,300	82,700	1,500E+2	0,000E+0	1,833E+2	1,832E+2	0,000E+0	6,711E-1	6,655E-1	0,000E+0	5	0110
1577,361	67,300	82,700	1,500E+2	0,000E+0	1,833E+2	1,832E+2	0,000E+0	6,711E-1	6,655E-1	0,000E+0	5	0110
1578,361	67,300	82,800	1,501E+2	0,000E+0	1,834E+2	1,831E+2	0,000E+0	6,714E-1	6,660E-1	0,000E+0	5	0110
1579,361	67,400	82,500	1,499E+2	0,000E+0	1,833E+2	1,832E+2	0,000E+0	6,718E-1	6,652E-1	0,000E+0	5	0110
1580,362	67,600	82,500	1,501E+2	0,000E+0	1,834E+2	1,832E+2	0,000E+0	6,727E-1	6,654E-1	0,000E+0	5	0110
1581,363	67,500	82,400	1,499E+2	0,000E+0	1,833E+2	1,829E+2	0,000E+0	6,714E-1	6,642E-1	0,000E+0	5	0110
1582,364	67,500	82,400	1,499E+2	0,000E+0	1,833E+2	1,829E+2	0,000E+0	6,714E-1	6,642E-1	0,000E+0	5	0110
1583,364	67,500	82,400	1,499E+2	0,000E+0	1,833E+2	1,829E+2	0,000E+0	6,714E-1	6,642E-1	0,000E+0	5	0110
1584,365	67,500	82,400	1,499E+2	0,000E+0	1,833E+2	1,829E+2	0,000E+0	6,714E-1	6,642E-1	0,000E+0	5	0110
1585,365	67,200	82,400	1,496E+2	0,000E+0	1,834E+2	1,831E+2	0,000E+0	6,702E-1	6,644E-1	0,000E+0	5	0110
1586,365	67,200	82,400	1,496E+2	0,000E+0	1,834E+2	1,831E+2	0,000E+0	6,702E-1	6,644E-1	0,000E+0	5	0110
1587,366	67,200	82,400	1,496E+2	0,000E+0	1,834E+2	1,831E+2	0,000E+0	6,702E-1	6,644E-1	0,000E+0	5	0110
1588,366	67,200	82,400	1,496E+2	0,000E+0	1,834E+2	1,831E+2	0,000E+0	6,702E-1	6,644E-1	0,000E+0	5	0110
1589,366	67,400	82,700	1,501E+2	0,000E+0	1,834E+2	1,834E+2	0,000E+0	6,723E-1	6,657E-1	0,000E+0	5	0110
1590,366	67,500	82,800	1,503E+2	0,000E+0	1,834E+2	1,832E+2	0,000E+0	6,735E-1	6,668E-1	0,000E+0	5	0110
1591,366	67,500	82,800	1,503E+2	0,000E+0	1,834E+2	1,832E+2	0,000E+0	6,735E-1	6,668E-1	0,000E+0	5	0110
1592,367	67,200	83,000	1,502E+2	0,000E+0	1,832E+2	1,832E+2	0,000E+0	6,713E-1	6,684E-1	0,000E+0	5	0110
1593,366	67,200	82,500	1,497E+2	0,000E+0	1,832E+2	1,832E+2	0,000E+0	6,688E-1	6,635E-1	0,000E+0	5	0110
1594,367	67,300	82,800	1,501E+2	0,000E+0	1,834E+2	1,831E+2	0,000E+0	6,724E-1	6,672E-1	0,000E+0	5	0110
1595,366	67,500	82,600	1,501E+2	0,000E+0	1,834E+2	1,832E+2	0,000E+0	6,717E-1	6,654E-1	0,000E+0	6	0110
1596,367	67,500	82,700	1,502E+2	0,000E+0	1,834E+2	1,832E+2	0,000E+0	6,719E-1	6,657E-1	0,000E+0	6	0110
1597,368	67,400	82,700	1,501E+2	0,000E+0	1,835E+2	1,833E+2	0,000E+0	6,720E-1	6,656E-1	0,000E+0	6	0110
1598,368	67,400	82,400	1,498E+2	0,000E+0	1,834E+2	1,830E+2	0,000E+0	6,716E-1	6,649E-1	0,000E+0	6	0110
1599,368	67,400	82,400	1,498E+2	0,000E+0	1,834E+2	1,830E+2	0,000E+0	6,716E-1	6,649E-1	0,000E+0	6	0110
1600,368	67,500	82,600	1,501E+2	0,000E+0	1,836E+2	1,832E+2	0,000E+0	6,725E-1	6,659E-1	0,000E+0	6	0110
1601,369	67,500	82,600	1,501E+2	0,000E+0	1,836E+2	1,832E+2	0,000E+0	6,725E-1	6,659E-1	0,000E+0	6	0110
1602,370	67,400	82,700	1,501E+2	0,000E+0	1,833E+2	1,831E+2	0,000E+0	6,713E-1	6,666E-1	0,000E+0	6	0110
1603,369	67,400	82,700	1,501E+2	0,000E+0	1,833E+2	1,831E+2	0,000E+0	6,713E-1	6,666E-1	0,000E+0	6	0110
1604,369	67,400	82,700	1,501E+2	0,000E+0	1,833E+2	1,831E+2	0,000E+0	6,713E-1	6,666E-1	0,000E+0	6	0110
1605,369	67,200	82,500	1,497E+2	0,000E+0	1,834E+2	1,832E+2	0,000E+0	6,720E-1	6,651E-1	0,000E+0	6	0110
1606,369	67,200	82,500	1,497E+2	0,000E+0	1,834E+2	1,832E+2	0,000E+0	6,720E-1	6,651E-1	0,000E+0	6	0110
1607,369	67,200	82,500	1,497E+2	0,000E+0	1,834E+2	1,832E+2	0,000E+0	6,720E-1	6,651E-1	0,000E+0	6	0110
1608,369	67,200	82,500	1,497E+2	0,000E+0	1,834E+2	1,832E+2	0,000E+0	6,720E-1	6,651E-1	0,000E+0	6	0110
1609,370	67,400	82,600	1,500E+2	0,000E+0	1,834E+2	1,832E+2	0,000E+0	6,719E-1	6,658E-1	0,000E+0	6	0110
1610,369	67,400	82,600	1,500E+2	0,000E+0	1,834E+2	1,832E+2	0,000E+0	6,719E-1	6,658E-1	0,000E+0	6	0110
1611,369	67,400	82,600	1,500E+2	0,000E+0	1,834E+2	1,832E+2	0,000E+0	6,728E-1	6,663E-1	0,000E+0	6	0110
1612,369	67,400	82,600	1,500E+2	0,000E+0	1,834E+2	1,832E+2	0,000E+0	6,728E-1	6,663E-1	0,000E+0	6	0110
1613,369	67,500	82,300	1,498E+2	0,000E+0	1,836E+2	1,830E+2	0,000E+0	6,739E-1	6,644E-1	0,000E+0	7	0110
1614,371	67,500	82,300	1,498E+2	0,000E+0	1,836E+2	1,830E+2	0,000E+0	6,739E-1	6,644E-1	0,000E+0	7	0110
1615,370	67,300	82,600	1,499E+2	0,000E+0	1,833E+2	1,832E+2	0,000E+0	6,714E-1	6,653E-1	0,000E+0	7	0110
1616,370	67,500	82,900	1,504E+2	0,000E+0	1,836E+2	1,831E+2	0,000E+0	6,726E-1	6,675E-1	0,000E+0	7	0110
1617,370	67,400	82,500	1,499E+2	0,000E+0	1,834E+2	1,832E+2	0,000E+0	6,718E-1	6,651E-1	0,000E+0	7	0110
1618,371	67,400	82,600	1,500E+2	0,000E+0	1,834E+2	1,833E+2	0,000E+0	6,706E-1	6,653E-1	0,000E+0	7	0110
1619,371	67,400	82,600	1,500E+2	0,000E+0	1,834E+2	1,833E+2	0,000E+0	6,706E-1	6,653E-1	0,000E+0	7	0110
1620,371	67,400	82,600	1,500E+2	0,000E+0	1,834E+2	1,833E+2	0,000E+0	6,706E-1	6,653E-1	0,000E+0	7	0110
1621,372	67,400	82,600	1,500E+2	0,000E+0	1,834E+2	1,833E+2	0,000E+0	6,706E-1	6,653E-1	0,000E+0	7	0110
1622,371	67,600	82,500	1,501E+2	0,000E+0	1,835E+2	1,833E+2	0,000E+0	6,727E-1	6,652E-1	0,000E+0	7	0110
1623,371	67,600	82,500	1,501E+2	0,000E+0	1,835E+2	1,833E+2	0,000E+0	6,727E-1	6,652E-1	0,000E+0	7	0110
1624,371	67,400	82,600	1,500E+2	0,000E+0	1,833E+2	1,831E+2	0,000E+0	6,723E-1	6,655E-1	0,000E+0	7	0110
1625,371	67,400	82,600	1,500E+2	0,000E+0	1,833E+2	1,831E+2	0,000E+0	6,723E-1	6,655E-1	0,000E+0	7	0110
1626,372	67,400	82,600	1,500E+2	0,000E+0	1,833E+2	1,831E+2	0,000E+0	6,723E-1	6,655E-1	0,000E+0	7	0110
1627,372	67,600	82,500	1,501E+2	0,000E+0	1,834E+2	1,831E+2	0,000E+0	6,730E-1	6,653E-1	0,000E+0	7	0110
1628,373	67,600	82,500	1,501E+2	0,000E+0	1,834E+2	1,831E+2	0,000E+0	6,730E-1	6,653E-1	0,000E+0	7	0110
1629,373	67,600	82,500	1,501E+2	0,000E+0	1,834E+2	1,831E+2	0,000E+0	6,730E-1	6,653E-1	0,000E+0	7	0110
1630,374	67,200	82,800	1,500E+2	0,000E+0	1,833E+2	1,832E+2	0,000E+0	6,713E-1	6,667E-1	0,000E+0	7	0110
1631,374	67,200	82,800	1,500E+2	0,000E+0	1,833E+2	1,832E+2	0,000E+0	6,724E-1	6,665E-1	0,000E+0	7	0110
1632,374	67,300	82,500	1,498E+2	0,000E+0	1,833E+2	1,831E+2	0,000E+0	6,721E-1	6,657E-1	0,000E+0	7	0110
1633,376	67,700	82,500	1,502E+2	0,000E+0	1,833E+2	1,830E+2	0,000E+0	6,740E-1	6,649E-1	0,000E+0	7	0110
1634,375	67,500	82,600	1,501E+2	0,000E+0	1,834E+2	1,831E+2	0,000E+0	6,712E-1	6,662E-1	0,000E+0	7	0110
1635,375	67,500	82,600	1,501E+2	0,000E+0	1,834E+2	1,831E+2	0,000E+0	6,712E-1	6,662E-1	0,000E+0	7	0110
1636,376	67,400	82,700	1,501E+2	0,000E+0	1,833E+2	1,831E+2	0,000E+0	6,719E-1	6,665E-1	0,000E+0	7	0110
1637,376	67,200	82,700	1,499E+2	0,000E+0	1,832E+2	1,832E+2	0,000E+0	6,702E-1	6,652E-1	0,000E+0	7	0110
1638,376	67,500	82,700	1,502E+2	0,000E+0	1,832E+2	1,829E+2	0,000E+0	6,728E-1	6,669E-1	0,000E+0	7	0110
1639,377	67,400	82,600	1,500E+2	0,000E+0	1,831E+2	1,832E+2	0,000E+0	6,715E-1	6,647E-1	0,000E+0	7	0110
1640,379	67,400	82,500	1,499E+2	0,000E+0	1,833E+2	1,831E+2	0,000E+0	6,712E-1	6,647E-1	0,000E+0	7	0110
1641,379	67,400	82,500	1,499E+2	0,000E+0	1,833E+2	1,831E+2	0,000E+0	6,712E-1	6,647E-1	0,000E+0	7	0110
1642,380	67,700	82,700	1,504E+2	0,000E+0	1,836E+2	1,831E+2	0,000E+0	6,735E-1	6,651E-1	0,000E+0	7	0110
1643,380	67,700	82,700	1,504E+2	0,000E+0	1,836E+2	1,831E+2	0,000E+0	6,735E-1	6,651E-1	0,000E+0	7	0110
1644,381	67,600	82,400	1,500E+2	0,000E+0	1,834E+2	1,830E+2	0,000E+0	6,726E-1	6,652E-1	0,000E+0	7	0111
1645,381	67,600	82,400	1,500E+2	0,000E+0	1,834E+2	1,830E+2	0,000E+0	6,726E-1	6,652E-1	0,000E+0	7	0111
1646,381	67,700	82,300	1,500E+2	0,000E+0	1,834E+2	1,832E+2	0,000E+0	6,742E-1	6,645E-1	0,000E+0	7	0111
1647,382	67,200	83,000	1,502E+2	0,000E+0	1,830E+2	1,832E+2	0,000E+0	6,711E-1	6,687E-1	0,000E+0	7	0111
1648,382	67,400	82,500	1,499E+2	0,000E+0	1,834E+2	1,831E+2	0,000E+0	6,722E-1	6,648E-1	0,000E+0	7	0111
1649,382	67,100	82,800	1,499E+2	0,000E+0	1,831E+2	1,832E+2	0,000E+0	6,699E-1	6,666E-1	0,000E+0	7	0111
1650,382	67,600	82,600	1,502E+2	0,000E+0	1,833E+2	1,831E+2	0,000E+0	6,728E-1	6,655E-1	0,000E+0	7	0111
1651,382	67,400	82,600	1,500E+2	0,000E+0	1,833E+2	1,829E+2	0,000E+0	6,727E-1	6,663E-1	0,000E+0	7	0111
1652,382	67,500	82,400	1,499E+2	0,000E+0	1,834E+2	1,832E+2	0,000E+0	6,721E-1	6,640E-1	0,000E+0	7	0111
1653,382	67,300	82,800	1,501E+2	0,000E+0	1,834E+2	1,831E+2	0,000E+0	6,716E-1	6,676E-1	0,000E+0	7	0111
1654,382	67,200	82,900	1,501E+2	0,000E+0	1,834E+2	1,833E+2	0,000E+0	6,706E-1	6,665E-1	0,000E+0	7	0111
1655,382	67,400	82,600	1,500E+2	0,000E+0	1,835E+2	1,830E+2	0,000E+0	6,731E-1	6,662E-1	0,000E+0	7	0111
1656,382	67,400	82,600	1,500E+2	0,000E+0	1,835E+2	1,830E+2	0,000E+0	6,731E-1	6,662E-1	0,000E+0	7	0111
1657,382	67,200	82,500	1,497E+2	0,000E+0	1,835E+2	1,833E+2	0,000E+0	6,723E-1	6,652E-1	0,000E+0	7	0111
1658,382	67,700	82,500	1,502E+2	0,000E+0	1,834E+2	1,830E+2	0,000E+0	6,736E-1	6,658E-1	0,000E+0	7	0111
1659,382	67,700	82,500	1,502E+2	0,000E+0	1,834E+2	1,830E+2	0,000E+0	6,736E-1	6,658E-1	0,000E+0	7	0111
1660,382	67,700	82,500	1,502E+2	0,000E+0	1,834E+2	1,830E+2	0,000E+0	6,736E-1	6,658E-1	0,000E+0	7	0111
1661,382	67,400	82,600	1,500E+2	0,000E+0	1,832E+2	1,831E+2	0,000E+0	6,713E-1	6,652E-1	0,000E+0	7	0111
1662,382	67,400	82,600	1,500E+2	0,000E+0	1,832E+2	1,831E+2	0,000E+0	6,713E-1	6,652E-1	0,000E+0	7	0111
1663,382	67,400	82,600	1,500E+2	0,000E+0	1,832E+2	1,831E+2	0,000E+0	6,713E-1	6,652E-1	0,000E+0	7	0111
1664,383	67,400	82,300	1,497E+2	0,000E+0	1,833E+2	1,830E+2	0,000E+0	6,716E-1	6,648E-1	0,000E+0	7	0111
1665,383	67,400	82,300	1,497E+2	0,000E+0	1,833E+2	1,830E+2	0,000E+0	6,716E-1	6,648E-1	0,000E+0	7	0111
1666,384	67,400	82,300	1,497E+2	0,000E+0	1,833E+2	1,830E+2	0,000E+0	6,716E-1	6,648E-1	0,000E+0	7	0111
1667,384	67,400	82,300	1,497E+2	0,000E+0	1,833E+2	1,830E+2	0,000E+0	6,716E-1	6,648E-1	0,000E+0	7	0111
1668,384	67,600	82,700	1,503E+2	0,000E+0	1,834E+2	1,831E+2	0,000E+0	6,738E-1	6,660E-1	0,000E+0	7	0111
1669,385	67,400	82,700	1,501E+2	0,000E+0	1,834E+2	1,831E+2	0,000E+0	6,729E-1	6,672E-1	0,000E+0	7	0111
1670,384	67,500	82,500	1,500E+2	0,000E+0	1,833E+2	1,831E+2	0,000E+0	6,719E-1	6,652E-1	0,000E+0	7	0111
1671,384	67,300	82,600	1,499E+2	0,000E+0	1,833E+2	1,831E+2	0,000E+0	6,713E-1	6,654E-1	0,000E+0	7	0111
1672,384	67,300	82,600	1,499E+2	0,000E+0	1,833E+2	1,831E+2	0,000E+0	6,713E-1	6,654E-1	0,000E+0	7	0111
1673,384	67,200	82,600	1,498E+2	0,000E+0	1,833E+2	1,830E+2	0,000E+0	6,718E-1	6,655E-1	0,000E+0	7	0111
1674,385	67,500	82,700	1,502E+2	0,000E+0	1,835E+2	1,832E+2	0,000E+0	6,729E-1	6,655E-1	0,000E+0	6	0111
1675,385	67,400	82,800	1,502E+2	0,000E+0	1,832E+2	1,832E+2	0,000E+0	6,727E-1	6,665E-1	0,000E+0	6	0111
1676,385	67,600	82,400	1,500E+2	0,000E+0	1,833E+2	1,831E+2	0,000E+0	6,722E-1	6,642E-1	0,000E+0	6	0111
1677,385	67,100	82,800	1,499E+2	0,000E+0	1,832E+2	1,834E+2	0,000E+0	6,698E-1	6,661E-1	0,000E+0	6	0111
1678,385	67,200	82,600	1,498E+2	0,000E+0	1,832E+2	1,831E+2	0,000E+0	6,706E-1	6,656E-1	0,000E+0	6	0111
1679,385	67,500	82,800	1,503E+2	0,000E+0	1,835E+2	1,831E+2	0,000E+0	6,734E-1	6,673E-1	0,000E+0	6	0111
1680,385	67,500	82,800	1,503E+2	0,000E+0	1,835E+2	1,831E+2	0,000E+0	6,734E-1	6,673E-1	0,000E+0	6	0111
1681,386	67,500	82,800	1,503E+2	0,000E+0	1,835E+2	1,831E+2	0,000E+0	6,734E-1	6,673E-1	0,000E+0	6	0111
1682,386	67,500	82,400	1,499E+2	0,000E+0	1,833E+2	1,832E+2	0,000E+0	6,706E-1	6,638E-1	0,000E+0	6	0111
1683,386	67,500	82,400	1,499E+2	0,000E+0	1,833E+2	1,832E+2	0,000E+0	6,706E-1	6,638E-1	0,000E+0	6	0111
1684,386	67,500	82,400	1,499E+2	0,000E+0	1,833E+2	1,832E+2	0,000E+0	6,706E-1	6,638E-1	0,000E+0	6	0111
1685,386	67,200	82,700	1,499E+2	0,000E+0	1,832E+2	1,832E+2	0,000E+0	6,703E-1	6,654E-1	0,000E+0	6	0111
1686,387	67,200	82,700	1,499E+2	0,000E+0	1,832E+2	1,832E+2	0,000E+0	6,703E-1	6,654E-1	0,000E+0	6	0111
1687,387	67,200	82,700	1,499E+2	0,000E+0	1,832E+2	1,832E+2	0,000E+0	6,703E-1	6,654E-1	0,000E+0	6	0111
1688,388	67,200	82,700	1,499E+2	0,000E+0	1,832E+2	1,832E+2	0,000E+0	6,703E-1	6,654E-1	0,000E+0	6	0111
1689,388	67,400	82,600	1,500E+2	0,000E+0	1,834E+2	1,831E+2	0,000E+0	6,722E-1	6,663E-1	0,000E+0	6	0111
1690,388	67,400	82,600	1,500E+2	0,000E+0	1,834E+2	1,831E+2	0,000E+0	6,722E-1	6,663E-1	0,000E+0	6	0111
1691,388	67,400	82,800	1,502E+2	0,000E+0	1,835E+2	1,832E+2	0,000E+0	6,740E-1	6,671E-1	0,000E+0	6	0111
1692,388	67,400	82,800	1,502E+2	0,000E+0	1,835E+2	1,832E+2	0,000E+0	6,740E-1	6,671E-1	0,000E+0	6	0111
1693,388	67,400	82,400	1,498E+2	0,000E+0	1,834E+2	1,831E+2	0,000E+0	6,726E-1	6,649E-1	0,000E+0	6	0111
1694,388	67,300	82,600	1,499E+2	0,000E+0	1,834E+2	1,833E+2	0,000E+0	6,717E-1	6,660E-1	0,000E+0	6	0111
1695,388	67,500	82,700	1,502E+2	0,000E+0	1,833E+2	1,832E+2	0,000E+0	6,727E-1	6,663E-1	0,000E+0	7	0111
1696,388	67,400	82,600	1,500E+2	0,000E+0	1,833E+2	1,833E+2	0,000E+0	6,710E-1	6,650E-1	0,000E+0	7	0111
1697,388	67,300	82,600	1,499E+2	0,000E+0	1,833E+2	1,831E+2	0,000E+0	6,728E-1	6,662E-1	0,000E+0	7	0111
1698,389	67,400	82,600	1,500E+2	0,000E+0	1,836E+2	1,831E+2	0,000E+0	6,720E-1	6,658E-1	0,000E+0	7	0111
1699,389	67,300	82,800	1,501E+2	0,000E+0	1,834E+2	1,831E+2	0,000E+0	6,718E-1	6,677E-1	0,000E+0	6	0111
1700,389	67,400	82,700	1,501E+2	0,000E+0	1,834E+2	1,831E+2	0,000E+0	6,715E-1	6,665E-1	0,000E+0	6	0111
1701,389	67,400	82,400	1,498E+2	0,000E+0	1,833E+2	1,830E+2	0,000E+0	6,717E-1	6,645E-1	0,000E+0	5	0111
1702,390	67,400	82,600	1,500E+2	0,000E+0	1,832E+2	1,833E+2	0,000E+0	6,714E-1	6,646E-1	0,000E+0	5	0111
1703,391	67,400	82,600	1,500E+2	0,000E+0	1,832E+2	1,833E+2	0,000E+0	6,714E-1	6,646E-1	0,000E+0	5	0111
1704,391	67,500	82,600	1,501E+2	0,000E+0	1,834E+2	1,831E+2	0,000E+0	6,726E-1	6,657E-1	0,000E+0	5	0111
1705,391	67,500	82,600	1,501E+2	0,000E+0	1,833E+2	1,829E+2	0,000E+0	6,718E-1	6,666E-1	0,000E+0	5	0111
1706,391	67,200	82,900	1,501E+2	0,000E+0	1,831E+2	1,831E+2	0,000E+0	6,707E-1	6,671E-1	0,000E+0	5	0111
1707,391	67,200	82,900	1,501E+2	0,000E+0	1,831E+2	1,831E+2	0,000E+0	6,707E-1	6,671E-1	0,000E+0	5	0111
1708,391	67,200	82,900	1,501E+2	0,000E+0	1,831E+2	1,831E+2	0,000E+0	6,707E-1	6,671E-1	0,000E+0	5	0111
1709,391	67,400	82,700	1,501E+2	0,000E+0	1,831E+2	1,831E+2	0,000E+0	6,731E-1	6,662E-1	0,000E+0	5	0111
1710,391	67,400	82,700	1,501E+2	0,000E+0	1,831E+2	1,831E+2	0,000E+0	6,731E-1	6,662E-1	0,000E+0	5	0111
1711,392	67,400	82,700	1,501E+2	0,000E+0	1,831E+2	1,831E+2	0,000E+0	6,731E-1	6,662E-1	0,000E+0	5	0111
1712,393	67,400	82,600	1,500E+2	0,000E+0	1,832E+2	1,830E+2	0,000E+0	6,723E-1	6,661E-1	0,000E+0	5	0111
1713,392	67,400	82,600	1,500E+2	0,000E+0	1,832E+2	1,830E+2	0,000E+0	6,723E-1	6,661E-1	0,000E+0	5	0111
1714,393	67,400	82,600	1,500E+2	0,000E+0	1,832E+2	1,830E+2	0,000E+0	6,723E-1	6,661E-1	0,000E+0	5	0111
1715,393	67,400	82,700	1,501E+2	0,000E+0	1,834E+2	1,834E+2	0,000E+0	6,719E-1	6,659E-1	0,000E+0	5	0111
1716,393	67,400	82,700	1,501E+2	0,000E+0	1,834E+2	1,834E+2	0,000E+0	6,719E-1	6,659E-1	0,000E+0	5	0111
1717,393	67,300	82,500	1,498E+2	0,000E+0	1,834E+2	1,831E+2	0,000E+0	6,708E-1	6,660E-1	0,000E+0	5	0111
1718,394	67,300	82,700	1,500E+2	0,000E+0	1,837E+2	1,834E+2	0,000E+0	6,717E-1	6,654E-1	0,000E+0	5	0111
1719,396	67,200	82,600	1,498E+2	0,000E+0	1,834E+2	1,832E+2	0,000E+0	6,705E-1	6,655E-1	0,000E+0	5	0111
1720,396	67,300	82,800	1,501E+2	0,000E+0	1,832E+2	1,832E+2	0,000E+0	6,702E-1	6,668E-1	0,000E+0	5	0111
1721,396	67,100	83,000	1,501E+2	0,000E+0	1,830E+2	1,831E+2	0,000E+0	6,702E-1	6,678E-1	0,000E+0	5	0111
1722,396	67,600	82,500	1,501E+2	0,000E+0	1,833E+2	1,831E+2	0,000E+0	6,729E-1	6,652E-1	0,000E+0	5	0111
1723,396	67,300	83,000	1,503E+2	0,000E+0	1,832E+2	1,832E+2	0,000E+0	6,722E-1	6,684E-1	0,000E+0	4	0111
1724,396	67,300	82,700	1,500E+2	0,000E+0	1,831E+2	1,829E+2	0,000E+0	6,711E-1	6,660E-1	0,000E+0	4	0111
1725,396	67,300	82,700	1,500E+2	0,000E+0	1,831E+2	1,829E+2	0,000E+0	6,711E-1	6,660E-1	0,000E+0	4	0111
1726,396	67,500	82,600	1,501E+2	0,000E+0	1,832E+2	1,830E+2	0,000E+0	6,737E-1	6,649E-1	0,000E+0	4	0111
1727,396	67,300	82,600	1,499E+2	0,000E+0	1,836E+2	1,832E+2	0,000E+0	6,722E-1	6,660E-1	0,000E+0	4	0111
1728,396	67,400	82,400	1,498E+2	0,000E+0	1,832E+2	1,830E+2	0,000E+0	6,713E-1	6,645E-1	0,000E+0	4	0111
1729,396	67,400	82,400	1,498E+2	0,000E+0	1,832E+2	1,830E+2	0,000E+0	6,713E-1	6,645E-1	0,000E+0	4	0111
1730,396	67,400	82,400	1,498E+2	0,000E+0	1,832E+2	1,830E+2	0,000E+0	6,713E-1	6,645E-1	0,000E+0	4	0111
1731,397	67,400	82,400	1,498E+2	0,000E+0	1,832E+2	1,830E+2	0,000E+0	6,713E-1	6,645E-1	0,000E+0	4	0111
1732,397	67,400	82,800	1,502E+2	0,000E+0	1,834E+2	1,831E+2	0,000E+0	6,714E-1	6,667E-1	0,000E+0	4	0111
1733,398	67,400	82,800	1,502E+2	0,000E+0	1,834E+2	1,831E+2	0,000E+0	6,714E-1	6,667E-1	0,000E+0	4	0111
1734,397	67,400	82,800	1,502E+2	0,000E+0	1,834E+2	1,831E+2	0,000E+0	6,714E-1	6,667E-1	0,000E+0	4	0111
1735,397	67,400	82,800	1,502E+2	0,000E+0	1,834E+2	1,831E+2	0,000E+0	6,714E-1	6,667E-1	0,000E+0	4	0111
1736,397	67,300	82,800	1,501E+2	0,000E+0	1,832E+2	1,831E+2	0,000E+0	6,728E-1	6,673E-1	0,000E+0	4	0111
1737,397	67,300	82,800	1,501E+2	0,000E+0	1,832E+2	1,831E+2	0,000E+0	6,728E-1	6,673E-1	0,000E+0	4	0111
1738,397	67,500	82,600	1,501E+2	0,000E+0	1,834E+2	1,829E+2	0,000E+0	6,732E-1	6,668E-1	0,000E+0	4	0111
1739,397	67,400	82,400	1,498E+2	0,000E+0	1,832E+2	1,829E+2	0,000E+0	6,724E-1	6,656E-1	0,000E+0	4	0111
1740,398	67,400	82,600	1,500E+2	0,000E+0	1,834E+2	1,832E+2	0,000E+0	6,745E-1	6,661E-1	0,000E+0	4	0111
1741,397	67,300	82,700	1,500E+2	0,000E+0	1,835E+2	1,833E+2	0,000E+0	6,725E-1	6,669E-1	0,000E+0	4	0111
1742,397	67,300	82,500	1,498E+2	0,000E+0	1,834E+2	1,834E+2	0,000E+0	6,716E-1	6,650E-1	0,000E+0	3	0111
1743,397	67,600	82,900	1,505E+2	0,000E+0	1,833E+2	1,830E+2	0,000E+0	6,743E-1	6,678E-1	0,000E+0	3	0111
1744,397	67,500	82,500	1,500E+2	0,000E+0	1,834E+2	1,831E+2	0,000E+0	6,727E-1	6,649E-1	0,000E+0	3	0111
1745,398	67,200	82,300	1,495E+2	0,000E+0	1,834E+2	1,829E+2	0,000E+0	6,716E-1	6,648E-1	0,000E+0	3	0111
1746,399	67,200	82,300	1,495E+2	0,000E+0	1,834E+2	1,829E+2	0,000E+0	6,716E-1	6,648E-1	0,000E+0	3	0111
1747,401	67,400	82,700	1,501E+2	0,000E+0	1,834E+2	1,832E+2	0,000E+0	6,711E-1	6,658E-1	0,000E+0	3	0111
1748,400	67,300	82,600	1,499E+2	0,000E+0	1,832E+2	1,830E+2	0,000E+0	6,711E-1	6,661E-1	0,000E+0	3	0111
1749,400	67,300	82,600	1,499E+2	0,000E+0	1,832E+2	1,830E+2	0,000E+0	6,711E-1	6,661E-1	0,000E+0	3	0111
1750,400	67,400	82,700	1,501E+2	0,000E+0	1,833E+2	1,830E+2	0,000E+0	6,724E-1	6,669E-1	0,000E+0	3	0111
1751,401	67,400	82,700	1,501E+2	0,000E+0	1,833E+2	1,830E+2	0,000E+0	6,724E-1	6,669E-1	0,000E+0	3	0111
1752,401	67,400	82,700	1,501E+2	0,000E+0	1,833E+2	1,830E+2	0,000E+0	6,724E-1	6,669E-1	0,000E+0	3	0111
1753,401	67,400	82,700	1,501E+2	0,000E+0	1,833E+2	1,830E+2	0,000E+0	6,724E-1	6,669E-1	0,000E+0	3	0111
1754,401	67,400	82,700	1,501E+2	0,000E+0	1,833E+2	1,830E+2	0,000E+0	6,724E-1	6,669E-1	0,000E+0	3	0111
1755,402	67,400	82,400	1,498E+2	0,000E+0	1,833E+2	1,830E+2	0,000E+0	6,712E-1	6,647E-1	0,000E+0	3	0111
1756,402	67,400	82,400	1,498E+2	0,000E+0	1,833E+2	1,830E+2	0,000E+0	6,712E-1	6,647E-1	0,000E+0	3	0111
1757,402	67,400	82,400	1,498E+2	0,000E+0	1,833E+2	1,830E+2	0,000E+0	6,712E-1	6,647E-1	0,000E+0	3	0111
1758,403	67,500	82,700	1,502E+2	0,000E+0	1,832E+2	1,831E+2	0,000E+0	6,727E-1	6,669E-1	0,000E+0	3	0111
1759,403	67,500	82,700	1,502E+2	0,000E+0	1,832E+2	1,831E+2	0,000E+0	6,727E-1	6,669E-1	0,000E+0	3	0111
1760,403	67,600	82,500	1,501E+2	0,000E+0	1,833E+2	1,830E+2	0,000E+0	6,731E-1	6,667E-1	0,000E+0	3	0111
1761,403	67,600	82,500	1,501E+2	0,000E+0	1,833E+2	1,830E+2	0,000E+0	6,731E-1	6,667E-1	0,000E+0	3	0111
1762,404	67,400	82,500	1,499E+2	0,000E+0	1,834E+2	1,830E+2	0,000E+0	6,744E-1	6,661E-1	0,000E+0	3	0111
1763,405	67,400	82,800	1,502E+2	0,000E+0	1,834E+2	1,830E+2	0,000E+0	6,729E-1	6,674E-1	0,000E+0	3	0111
1764,405	67,400	82,600	1,500E+2	0,000E+0	1,834E+2	1,830E+2	0,000E+0	6,729E-1	6,662E-1	0,000E+0	2	0111
1765,406	67,400	82,500	1,499E+2	0,000E+0	1,833E+2	1,828E+2	0,000E+0	6,733E-1	6,666E-1	0,000E+0	2	0111
1766,405	67,400	82,600	1,500E+2	0,000E+0	1,832E+2	1,831E+2	0,000E+0	6,720E-1	6,651E-1	0,000E+0	2	0111
1767,405	67,600	82,600	1,502E+2	0,000E+0	1,833E+2	1,830E+2	0,000E+0	6,735E-1	6,670E-1	0,000E+0	2	0111
1768,405	67,600	82,600	1,502E+2	0,000E+0	1,833E+2	1,830E+2	0,000E+0	6,735E-1	6,670E-1	0,000E+0	2	0111
1769,406	67,500	82,400	1,499E+2	0,000E+0	1,834E+2	1,830E+2	0,000E+0	6,739E-1	6,662E-1	0,000E+0	2	0111
1770,406	67,500	82,400	1,499E+2	0,000E+0	1,834E+2	1,830E+2	0,000E+0	6,739E-1	6,662E-1	0,000E+0	2	0111
1771,406	67,500	82,400	1,499E+2	0,000E+0	1,834E+2	1,830E+2	0,000E+0	6,739E-1	6,662E-1	0,000E+0	2	0111
1772,406	67,500	82,400	1,499E+2	0,000E+0	1,834E+2	1,830E+2	0,000E+0	6,739E-1	6,662E-1	0,000E+0	2	0111
1773,406	67,500	82,400	1,499E+2	0,000E+0	1,834E+2	1,830E+2	0,000E+0	6,739E-1	6,662E-1	0,000E+0	2	0111
1774,407	67,200	82,700	1,499E+2	0,000E+0	1,834E+2	1,830E+2	0,000E+0	6,705E-1	6,658E-1	0,000E+0	2	0111
1775,407	67,200	82,700	1,499E+2	0,000E+0	1,834E+2	1,830E+2	0,000E+0	6,705E-1	6,658E-1	0,000E+0	2	0111
1776,407	67,300	82,700	1,500E+2	0,000E+0	1,833E+2	1,831E+2	0,000E+0	6,735E-1	6,668E-1	0,000E+0	2	0111
1777,408	67,300	82,700	1,500E+2	0,000E+0	1,833E+2	1,831E+2	0,000E+0	6,735E-1	6,668E-1	0,000E+0	2	0111
1778,408	67,300	82,700	1,500E+2	0,000E+0	1,833E+2	1,831E+2	0,000E+0	6,735E-1	6,668E-1	0,000E+0	2	0111
1779,409	67,600	82,400	1,500E+2	0,000E+0	1,833E+2	1,830E+2	0,000E+0	6,726E-1	6,651E-1	0,000E+0	2	0111
1780,409	67,600	82,400	1,500E+2	0,000E+0	1,833E+2	1,830E+2	0,000E+0	6,726E-1	6,651E-1	0,000E+0	2	0111
1781,409	67,300	82,500	1,498E+2	0,000E+0	1,832E+2	1,829E+2	0,000E+0	6,719E-1	6,662E-1	0,000E+0	2	0111
1782,409	67,600	82,600	1,502E+2	0,000E+0	1,832E+2	1,830E+2	0,000E+0	6,716E-1	6,661E-1	0,000E+0	2	0111
1783,409	67,100	82,700	1,498E+2	0,000E+0	1,831E+2	1,830E+2	0,000E+0	6,721E-1	6,673E-1	0,000E+0	2	0111
1784,409	67,100	82,700	1,498E+2	0,000E+0	1,831E+2	1,830E+2	0,000E+0	6,721E-1	6,673E-1	0,000E+0	1	0111
1785,409	67,200	82,900	1,501E+2	0,000E+0	1,830E+2	1,829E+2	0,000E+0	6,715E-1	6,680E-1	0,000E+0	1	0111
1786,410	67,300	82,800	1,501E+2	0,000E+0	1,832E+2	1,829E+2	0,000E+0	6,731E-1	6,679E-1	0,000E+0	1	0111
1787,409	67,300	82,600	1,499E+2	0,000E+0	1,830E+2	1,829E+2	0,000E+0	6,717E-1	6,672E-1	0,000E+0	1	0111
1788,409	67,300	82,700	1,500E+2	0,000E+0	1,833E+2	1,830E+2	0,000E+0	6,722E-1	6,669E-1	0,000E+0	1	0111
1789,409	67,300	82,700	1,500E+2	0,000E+0	1,833E+2	1,830E+2	0,000E+0	6,722E-1	6,669E-1	0,000E+0	1	0111
1790,409	67,300	82,700	1,500E+2	0,000E+0	1,833E+2	1,830E+2	0,000E+0	6,722E-1	6,669E-1	0,000E+0	1	0111
1791,409	67,300	82,700	1,500E+2	0,000E+0	1,833E+2	1,830E+2	0,000E+0	6,722E-1	6,669E-1	0,000E+0	1	0111
1792,410	67,300	82,700	1,500E+2	0,000E+0	1,833E+2	1,830E+2	0,000E+0	6,722E-1	6,669E-1	0,000E+0	1	0111
1793,411	67,400	82,600	1,500E+2	0,000E+0	1,832E+2	1,829E+2	0,000E+0	6,727E-1	6,662E-1	0,000E+0	1	0111
1794,410	67,400	82,600	1,500E+2	0,000E+0	1,832E+2	1,829E+2	0,000E+0	6,727E-1	6,662E-1	0,000E+0	1	0111
1795,410	67,400	82,600	1,500E+2	0,000E+0	1,832E+2	1,829E+2	0,000E+0	6,727E-1	6,662E-1	0,000E+0	1	0111
1796,410	67,400	82,600	1,500E+2	0,000E+0	1,831E+2	1,829E+2	0,000E+0	6,725E-1	6,663E-1	0,000E+0	1	0111
1797,410	67,400	82,600	1,500E+2	0,000E+0	1,831E+2	1,829E+2	0,000E+0	6,725E-1	6,663E-1	0,000E+0	1	0111
1798,410	67,400	82,600	1,500E+2	0,000E+0	1,830E+2	1,829E+2	0,000E+0	6,720E-1	6,671E-1	0,000E+0	1	0111
1799,410	67,400	82,600	1,500E+2	0,000E+0	1,830E+2	1,829E+2	0,000E+0	6,720E-1	6,671E-1	0,000E+0	1	0111
1800,411	67,400	82,600	1,500E+2	0,000E+0	1,831E+2	1,829E+2	0,000E+0	6,740E-1	6,666E-1	0,000E+0	1	0111
1801,412	67,500	82,500	1,500E+2	0,000E+0	1,831E+2	1,829E+2	0,000E+0	6,739E-1	6,655E-1	0,000E+0	1	0111
1802,412	67,200	83,000	1,502E+2	0,000E+0	1,829E+2	1,830E+2	0,000E+0	6,716E-1	6,675E-1	0,000E+0	1	0111
1803,414	67,300	82,500	1,498E+2	0,000E+0	1,829E+2	1,830E+2	0,000E+0	6,705E-1	6,654E-1	0,000E+0	1	0111
1804,413	67,500	82,300	1,498E+2	0,000E+0	1,830E+2	1,825E+2	0,000E+0	6,727E-1	6,649E-1	0,000E+0	0	0111
1805,413	67,400	83,100	1,505E+2	0,000E+0	1,828E+2	1,826E+2	0,000E+0	6,745E-1	6,704E-1	0,000E+0	0	0111
1806,414	67,400	83,100	1,505E+2	0,000E+0	1,828E+2	1,826E+2	0,000E+0	6,745E-1	6,704E-1	0,000E+0	0	0111
1807,414	67,300	82,400	1,497E+2	0,000E+0	1,828E+2	1,824E+2	0,000E+0	6,712E-1	6,663E-1	0,000E+0	0	0111
1808,415	67,000	82,700	1,497E+2	0,000E+0	1,826E+2	1,825E+2	0,000E+0	6,712E-1	6,662E-1	0,000E+0	0	0111
1809,415	67,000	82,700	1,497E+2	0,000E+0	1,826E+2	1,825E+2	0,000E+0	6,712E-1	6,662E-1	0,000E+0	0	0111
1810,416	67,000	82,700	1,497E+2	0,000E+0	1,826E+2	1,825E+2	0,000E+0	6,712E-1	6,662E-1	0,000E+0	0	0111
1811,415	67,000	82,700	1,497E+2	0,000E+0	1,826E+2	1,825E+2	0,000E+0	6,712E-1	6,662E-1	0,000E+0	0	0111
1812,415	67,000	82,700	1,497E+2	0,000E+0	1,826E+2	1,825E+2	0,000E+0	6,712E-1	6,662E-1	0,000E+0	0	0111
1813,416	67,000	82,700	1,497E+2	0,000E+0	1,826E+2	1,825E+2	0,000E+0	6,712E-1	6,662E-1	0,000E+0	0	0111
1814,416	67,400	82,500	1,499E+2	0,000E+0	1,830E+2	1,825E+2	0,000E+0	6,750E-1	6,667E-1	0,000E+0	0	0111
1815,416	67,400	82,500	1,499E+2	0,000E+0	1,830E+2	1,825E+2	0,000E+0	6,750E-1	6,667E-1	0,000E+0	0	0111
1816,416	67,400	82,500	1,499E+2	0,000E+0	1,830E+2	1,825E+2	0,000E+0	6,750E-1	6,667E-1	0,000E+0	0	0111
1817,417	67,400	82,700	1,501E+2	0,000E+0	1,827E+2	1,827E+2	0,000E+0	6,719E-1	6,658E-1	0,000E+0	0	0111
1818,417	67,300	82,800	1,501E+2	0,000E+0	1,826E+2	1,824E+2	0,000E+0	6,731E-1	6,674E-1	0,000E+0	0	0111
1819,417	67,300	82,800	1,501E+2	0,000E+0	1,826E+2	1,824E+2	0,000E+0	6,731E-1	6,674E-1	0,000E+0	0	0111
1820,417	67,100	82,800	1,499E+2	0,000E+0	1,827E+2	1,826E+2	0,000E+0	6,724E-1	6,681E-1	0,000E+0	0	0111
1821,417	67,500	82,500	1,500E+2	0,000E+0	1,829E+2	1,826E+2	0,000E+0	6,739E-1	6,663E-1	0,000E+0	0	0111
1822,418	67,300	82,800	1,501E+2	0,000E+0	1,826E+2	1,826E+2	0,000E+0	6,731E-1	6,681E-1	0,000E+0	0	0111
1823,419	67,300	82,800	1,501E+2	0,000E+0	1,824E+2	1,824E+2	0,000E+0	6,712E-1	6,674E-1	0,000E+0	0	0111
1824,418	67,300	82,600	1,499E+2	0,000E+0	1,826E+2	1,825E+2	0,000E+0	6,734E-1	6,663E-1	0,000E+0	0	0111
1825,418	67,300	82,700	1,500E+2	0,000E+0	1,824E+2	1,822E+2	0,000E+0	6,737E-1	6,667E-1	0,000E+0	0	0111
1826,419	67,400	82,600	1,500E+2	0,000E+0	1,827E+2	1,826E+2	0,000E+0	6,729E-1	6,662E-1	0,000E+0	0	0111
1827,419	67,300	82,500	1,498E+2	0,000E+0	1,826E+2	1,825E+2	0,000E+0	6,726E-1	6,658E-1	0,000E+0	0	0111
1828,419	67,600	82,600	1,502E+2	0,000E+0	1,828E+2	1,825E+2	0,000E+0	6,743E-1	6,674E-1	0,000E+0	0	0111
1829,419	67,400	82,700	1,501E+2	0,000E+0	1,825E+2	1,822E+2	0,000E+0	6,731E-1	6,678E-1	0,000E+0	0	0111
1830,420	67,300	82,500	1,498E+2	0,000E+0	1,826E+2	1,822E+2	0,000E+0	6,727E-1	6,667E-1	0,000E+0	0	0111
1831,419	67,400	82,600	1,500E+2	0,000E+0	1,827E+2	1,823E+2	0,000E+0	6,729E-1	6,670E-1	0,000E+0	0	1001
1832,420	67,400	82,600	1,500E+2	0,000E+0	1,827E+2	1,823E+2	0,000E+0	6,729E-1	6,670E-1	0,000E+0	0	1001
1833,421	67,600	82,700	1,503E+2	0,000E+0	1,825E+2	1,822E+2	0,000E+0	6,749E-1	6,665E-1	0,000E+0	0	1001
1834,421	67,400	82,300	1,497E+2	0,000E+0	1,827E+2	1,824E+2	0,000E+0	6,713E-1	6,650E-1	0,000E+0	0	1001
1835,421	67,400	82,700	1,501E+2	0,000E+0	1,828E+2	1,824E+2	0,000E+0	6,735E-1	6,668E-1	0,000E+0	0	1001
1836,421	67,400	82,400	1,498E+2	0,000E+0	1,827E+2	1,824E+2	0,000E+0	6,726E-1	6,659E-1	0,000E+0	0	1001
1837,423	67,500	82,700	1,502E+2	0,000E+0	1,828E+2	1,825E+2	0,000E+0	6,746E-1	6,675E-1	0,000E+0	0	1001
1838,423	67,200	82,700	1,499E+2	0,000E+0	1,826E+2	1,825E+2	0,000E+0	6,716E-1	6,672E-1	0,000E+0	0	1001
1839,423	67,200	82,500	1,497E+2	0,000E+0	1,826E+2	1,827E+2	0,000E+0	6,723E-1	6,657E-1	0,000E+0	0	1001
1840,423	67,500	82,500	1,500E+2	0,000E+0	1,828E+2	1,826E+2	0,000E+0	6,725E-1	6,658E-1	0,000E+0	0	1001
1841,423	67,500	82,500	1,500E+2	0,000E+0	1,828E+2	1,826E+2	0,000E+0	6,725E-1	6,658E-1	0,000E+0	0	1001
1842,423	67,400	82,600	1,500E+2	0,000E+0	1,829E+2	1,825E+2	0,000E+0	6,743E-1	6,667E-1	0,000E+0	0	1001
1843,423	67,400	82,600	1,500E+2	0,000E+0	1,829E+2	1,825E+2	0,000E+0	6,743E-1	6,667E-1	0,000E+0	0	1001
1844,424	67,500	82,400	1,499E+2	0,000E+0	1,829E+2	1,825E+2	0,000E+0	6,747E-1	6,660E-1	0,000E+0	0	1001
1845,423	67,100	82,800	1,499E+2	0,000E+0	1,830E+2	1,827E+2	0,000E+0	6,736E-1	6,671E-1	0,000E+0	0	1001
1846,424	67,400	82,900	1,503E+2	0,000E+0	1,828E+2	1,828E+2	0,000E+0	6,737E-1	6,673E-1	0,000E+0	0	1001
1847,425	67,300	82,900	1,502E+2	0,000E+0	1,830E+2	1,826E+2	0,000E+0	6,739E-1	6,685E-1	0,000E+0	0	1001
1848,427	67,400	82,300	1,497E+2	0,000E+0	1,829E+2	1,829E+2	0,000E+0	6,720E-1	6,649E-1	0,000E+0	0	1001
1849,426	67,400	82,300	1,497E+2	0,000E+0	1,829E+2	1,829E+2	0,000E+0	6,720E-1	6,649E-1	0,000E+0	0	1001
1850,426	67,400	82,300	1,497E+2	0,000E+0	1,829E+2	1,829E+2	0,000E+0	6,720E-1	6,649E-1	0,000E+0	0	1001
1851,426	67,400	82,300	1,497E+2	0,000E+0	1,829E+2	1,829E+2	0,000E+0	6,720E-1	6,649E-1	0,000E+0	0	1001
1852,426	67,400	82,300	1,497E+2	0,000E+0	1,829E+2	1,829E+2	0,000E+0	6,720E-1	6,649E-1	0,000E+0	0	1001
1853,427	67,000	82,800	1,498E+2	0,000E+0	1,829E+2	1,827E+2	0,000E+0	6,713E-1	6,690E-1	0,000E+0	0	1001
1854,428	67,200	82,700	1,499E+2	0,000E+0	1,831E+2	1,828E+2	0,000E+0	6,739E-1	6,677E-1	0,000E+0	0	1001
1855,428	67,200	82,700	1,499E+2	0,000E+0	1,831E+2	1,828E+2	0,000E+0	6,739E-1	6,677E-1	0,000E+0	0	1001
1856,429	67,200	82,700	1,499E+2	0,000E+0	1,831E+2	1,828E+2	0,000E+0	6,739E-1	6,677E-1	0,000E+0	0	1001
1857,429	67,200	82,700	1,499E+2	0,000E+0	1,831E+2	1,828E+2	0,000E+0	6,739E-1	6,677E-1	0,000E+0	0	1001
1858,429	67,300	83,000	1,503E+2	0,000E+0	1,827E+2	1,827E+2	0,000E+0	6,742E-1	6,692E-1	0,000E+0	0	1001
1859,429	67,300	83,000	1,503E+2	0,000E+0	1,827E+2	1,827E+2	0,000E+0	6,742E-1	6,692E-1	0,000E+0	0	1001
1860,429	67,300	83,000	1,503E+2	0,000E+0	1,827E+2	1,827E+2	0,000E+0	6,742E-1	6,692E-1	0,000E+0	0	1001
1861,429	67,400	82,500	1,499E+2	0,000E+0	1,828E+2	1,826E+2	0,000E+0	6,726E-1	6,664E-1	0,000E+0	0	1001
1862,430	67,400	82,400	1,498E+2	0,000E+0	1,829E+2	1,824E+2	0,000E+0	6,729E-1	6,657E-1	0,000E+0	0	1001
1863,430	67,400	82,600	1,500E+2	0,000E+0	1,829E+2	1,825E+2	0,000E+0	6,736E-1	6,672E-1	0,000E+0	0	1001
1864,430	67,400	82,500	1,499E+2	0,000E+0	1,826E+2	1,825E+2	0,000E+0	6,731E-1	6,666E-1	0,000E+0	1	1001
1865,430	67,600	83,100	1,507E+2	0,000E+0	1,829E+2	1,826E+2	0,000E+0	6,754E-1	6,699E-1	0,000E+0	1	1001
1866,431	67,600	83,100	1,507E+2	0,000E+0	1,829E+2	1,826E+2	0,000E+0	6,754E-1	6,699E-1	0,000E+0	1	1001
1867,431	67,400	82,200	1,496E+2	0,000E+0	1,829E+2	1,826E+2	0,000E+0	6,702E-1	6,643E-1	0,000E+0	1	1001
1868,431	67,400	82,400	1,498E+2	0,000E+0	1,828E+2	1,827E+2	0,000E+0	6,723E-1	6,648E-1	0,000E+0	1	1001
1869,431	67,400	82,800	1,502E+2	0,000E+0	1,832E+2	1,831E+2	0,000E+0	6,738E-1	6,672E-1	0,000E+0	1	1001
1870,431	67,400	82,800	1,502E+2	0,000E+0	1,832E+2	1,831E+2	0,000E+0	6,738E-1	6,672E-1	0,000E+0	1	1001
1871,431	67,400	82,800	1,502E+2	0,000E+0	1,832E+2	1,831E+2	0,000E+0	6,738E-1	6,672E-1	0,000E+0	1	1001
1872,431	67,400	82,800	1,502E+2	0,000E+0	1,832E+2	1,831E+2	0,000E+0	6,738E-1	6,672E-1	0,000E+0	1	1001
1873,431	67,400	82,600	1,500E+2	0,000E+0	1,828E+2	1,827E+2	0,000E+0	6,720E-1	6,659E-1	0,000E+0	1	1001
1874,431	67,400	82,600	1,500E+2	0,000E+0	1,828E+2	1,827E+2	0,000E+0	6,720E-1	6,659E-1	0,000E+0	1	1001
1875,431	67,400	82,600	1,500E+2	0,000E+0	1,828E+2	1,827E+2	0,000E+0	6,720E-1	6,659E-1	0,000E+0	1	1001
1876,432	67,400	82,600	1,500E+2	0,000E+0	1,828E+2	1,827E+2	0,000E+0	6,720E-1	6,659E-1	0,000E+0	1	1001
1877,432	67,400	82,700	1,501E+2	0,000E+0	1,832E+2	1,829E+2	0,000E+0	6,746E-1	6,671E-1	0,000E+0	1	1001
1878,433	67,300	82,400	1,497E+2	0,000E+0	1,828E+2	1,827E+2	0,000E+0	6,731E-1	6,660E-1	0,000E+0	1	1001
1879,434	67,300	82,400	1,497E+2	0,000E+0	1,828E+2	1,827E+2	0,000E+0	6,731E-1	6,660E-1	0,000E+0	1	1001
1880,433	67,200	82,500	1,497E+2	0,000E+0	1,828E+2	1,827E+2	0,000E+0	6,728E-1	6,660E-1	0,000E+0	1	1001
1881,433	67,100	82,500	1,496E+2	0,000E+0	1,826E+2	1,827E+2	0,000E+0	6,715E-1	6,649E-1	0,000E+0	1	1001
1882,433	67,400	82,700	1,501E+2	0,000E+0	1,828E+2	1,828E+2	0,000E+0	6,733E-1	6,665E-1	0,000E+0	2	1001
1883,433	67,700	82,800	1,505E+2	0,000E+0	1,828E+2	1,826E+2	0,000E+0	6,741E-1	6,685E-1	0,000E+0	2	1001
1884,433	67,200	82,400	1,496E+2	0,000E+0	1,829E+2	1,828E+2	0,000E+0	6,722E-1	6,655E-1	0,000E+0	2	1001
1885,433	67,600	83,000	1,506E+2	0,000E+0	1,828E+2	1,828E+2	0,000E+0	6,732E-1	6,687E-1	0,000E+0	2	1001
1886,435	67,500	82,700	1,502E+2	0,000E+0	1,830E+2	1,829E+2	0,000E+0	6,727E-1	6,676E-1	0,000E+0	2	1001
1887,435	67,400	82,300	1,497E+2	0,000E+0	1,830E+2	1,827E+2	0,000E+0	6,728E-1	6,650E-1	0,000E+0	2	1001
1888,435	67,400	82,300	1,497E+2	0,000E+0	1,830E+2	1,827E+2	0,000E+0	6,728E-1	6,650E-1	0,000E+0	2	1001
1889,436	67,400	82,300	1,497E+2	0,000E+0	1,830E+2	1,827E+2	0,000E+0	6,728E-1	6,650E-1	0,000E+0	2	1001
1890,437	67,600	82,700	1,503E+2	0,000E+0	1,827E+2	1,826E+2	0,000E+0	6,727E-1	6,673E-1	0,000E+0	2	1001
1891,438	67,600	82,700	1,503E+2	0,000E+0	1,827E+2	1,826E+2	0,000E+0	6,727E-1	6,673E-1	0,000E+0	2	1001
1892,437	67,600	82,700	1,503E+2	0,000E+0	1,827E+2	1,826E+2	0,000E+0	6,727E-1	6,673E-1	0,000E+0	2	1001
1893,437	67,300	82,600	1,499E+2	0,000E+0	1,829E+2	1,830E+2	0,000E+0	6,718E-1	6,660E-1	0,000E+0	2	1001
1894,438	67,300	82,600	1,499E+2	0,000E+0	1,829E+2	1,830E+2	0,000E+0	6,718E-1	6,660E-1	0,000E+0	2	1001
1895,438	67,300	82,600	1,499E+2	0,000E+0	1,829E+2	1,830E+2	0,000E+0	6,718E-1	6,660E-1	0,000E+0	2	1001
1896,438	67,300	82,600	1,499E+2	0,000E+0	1,829E+2	1,830E+2	0,000E+0	6,718E-1	6,660E-1	0,000E+0	2	1001
1897,438	67,300	82,800	1,501E+2	0,000E+0	1,830E+2	1,828E+2	0,000E+0	6,722E-1	6,675E-1	0,000E+0	2	1001
1898,439	67,300	82,800	1,501E+2	0,000E+0	1,830E+2	1,828E+2	0,000E+0	6,722E-1	6,675E-1	0,000E+0	2	1001
1899,438	67,400	82,800	1,502E+2	0,000E+0	1,830E+2	1,829E+2	0,000E+0	6,734E-1	6,670E-1	0,000E+0	2	1001
1900,439	67,400	82,800	1,502E+2	0,000E+0	1,830E+2	1,829E+2	0,000E+0	6,734E-1	6,670E-1	0,000E+0	2	1001
1901,440	67,200	82,400	1,496E+2	0,000E+0	1,831E+2	1,827E+2	0,000E+0	6,712E-1	6,661E-1	0,000E+0	2	1001
1902,441	67,100	82,700	1,498E+2	0,000E+0	1,830E+2	1,828E+2	0,000E+0	6,718E-1	6,667E-1	0,000E+0	2	1001
1903,442	67,500	82,700	1,502E+2	0,000E+0	1,831E+2	1,828E+2	0,000E+0	6,743E-1	6,671E-1	0,000E+0	2	1001
1904,442	67,100	82,800	1,499E+2	0,000E+0	1,830E+2	1,829E+2	0,000E+0	6,720E-1	6,673E-1	0,000E+0	3	1001
1905,442	67,400	82,600	1,500E+2	0,000E+0	1,832E+2	1,829E+2	0,000E+0	6,719E-1	6,673E-1	0,000E+0	3	1001
1906,442	67,500	82,700	1,502E+2	0,000E+0	1,832E+2	1,832E+2	0,000E+0	6,741E-1	6,669E-1	0,000E+0	3	1001
1907,443	67,500	82,700	1,502E+2	0,000E+0	1,832E+2	1,832E+2	0,000E+0	6,741E-1	6,669E-1	0,000E+0	3	1001
1908,443	67,500	82,600	1,501E+2	0,000E+0	1,832E+2	1,831E+2	0,000E+0	6,734E-1	6,677E-1	0,000E+0	3	1001
1909,443	67,500	82,600	1,501E+2	0,000E+0	1,832E+2	1,831E+2	0,000E+0	6,734E-1	6,677E-1	0,000E+0	3	1001
1910,443	67,500	82,600	1,501E+2	0,000E+0	1,832E+2	1,831E+2	0,000E+0	6,734E-1	6,677E-1	0,000E+0	3	1001
1911,443	67,100	82,700	1,498E+2	0,000E+0	1,831E+2	1,832E+2	0,000E+0	6,712E-1	6,671E-1	0,000E+0	3	1001
1912,443	67,100	82,700	1,498E+2	0,000E+0	1,831E+2	1,832E+2	0,000E+0	6,712E-1	6,671E-1	0,000E+0	3	1001
1913,443	67,100	82,700	1,498E+2	0,000E+0	1,831E+2	1,832E+2	0,000E+0	6,712E-1	6,671E-1	0,000E+0	3	1001
1914,443	67,100	82,700	1,498E+2	0,000E+0	1,831E+2	1,832E+2	0,000E+0	6,712E-1	6,671E-1	0,000E+0	3	1001
1915,444	67,400	82,500	1,499E+2	0,000E+0	1,833E+2	1,830E+2	0,000E+0	6,717E-1	6,666E-1	0,000E+0	3	1001
1916,445	67,400	82,500	1,499E+2	0,000E+0	1,833E+2	1,830E+2	0,000E+0	6,717E-1	6,666E-1	0,000E+0	3	1001
1917,445	67,400	82,500	1,499E+2	0,000E+0	1,833E+2	1,830E+2	0,000E+0	6,717E-1	6,666E-1	0,000E+0	3	1001
1918,445	67,400	82,600	1,500E+2	0,000E+0	1,830E+2	1,828E+2	0,000E+0	6,726E-1	6,661E-1	0,000E+0	3	1001
1919,447	67,400	82,600	1,500E+2	0,000E+0	1,830E+2	1,828E+2	0,000E+0	6,726E-1	6,661E-1	0,000E+0	3	1001
1920,447	67,100	82,800	1,499E+2	0,000E+0	1,831E+2	1,828E+2	0,000E+0	6,724E-1	6,682E-1	0,000E+0	3	1001
1921,447	67,600	82,400	1,500E+2	0,000E+0	1,830E+2	1,828E+2	0,000E+0	6,724E-1	6,659E-1	0,000E+0	3	1001
1922,447	67,200	82,600	1,498E+2	0,000E+0	1,831E+2	1,826E+2	0,000E+0	6,734E-1	6,671E-1	0,000E+0	4	1001
1923,447	67,500	82,500	1,500E+2	0,000E+0	1,830E+2	1,828E+2	0,000E+0	6,727E-1	6,651E-1	0,000E+0	4	1001
1924,447	67,300	82,700	1,500E+2	0,000E+0	1,828E+2	1,829E+2	0,000E+0	6,718E-1	6,665E-1	0,000E+0	4	1001
1925,447	67,300	82,800	1,501E+2	0,000E+0	1,830E+2	1,827E+2	0,000E+0	6,728E-1	6,671E-1	0,000E+0	4	1001
1926,447	67,200	82,800	1,500E+2	0,000E+0	1,829E+2	1,829E+2	0,000E+0	6,720E-1	6,673E-1	0,000E+0	4	1001
1927,447	67,200	82,800	1,500E+2	0,000E+0	1,829E+2	1,829E+2	0,000E+0	6,720E-1	6,673E-1	0,000E+0	4	1001
1928,447	67,200	82,800	1,500E+2	0,000E+0	1,829E+2	1,829E+2	0,000E+0	6,720E-1	6,673E-1	0,000E+0	4	1001
1929,447	67,200	82,800	1,500E+2	0,000E+0	1,829E+2	1,829E+2	0,000E+0	6,720E-1	6,673E-1	0,000E+0	4	1001
1930,448	67,200	82,800	1,500E+2	0,000E+0	1,829E+2	1,829E+2	0,000E+0	6,720E-1	6,673E-1	0,000E+0	4	1001
1931,448	67,200	82,800	1,500E+2	0,000E+0	1,829E+2	1,829E+2	0,000E+0	6,720E-1	6,673E-1	0,000E+0	4	1001
1932,448	67,200	82,800	1,500E+2	0,000E+0	1,829E+2	1,829E+2	0,000E+0	6,720E-1	6,673E-1	0,000E+0	4	1001
1933,448	67,200	82,500	1,497E+2	0,000E+0	1,831E+2	1,829E+2	0,000E+0	6,720E-1	6,659E-1	0,000E+0	4	1001
1934,448	67,200	82,500	1,497E+2	0,000E+0	1,831E+2	1,829E+2	0,000E+0	6,720E-1	6,659E-1	0,000E+0	4	1001
1935,450	67,500	82,600	1,501E+2	0,000E+0	1,832E+2	1,831E+2	0,000E+0	6,725E-1	6,664E-1	0,000E+0	4	1001
1936,449	67,500	82,600	1,501E+2	0,000E+0	1,832E+2	1,831E+2	0,000E+0	6,725E-1	6,664E-1	0,000E+0	4	1001
1937,449	67,400	82,700	1,501E+2	0,000E+0	1,833E+2	1,830E+2	0,000E+0	6,745E-1	6,683E-1	0,000E+0	4	1001
1938,450	67,400	82,700	1,501E+2	0,000E+0	1,833E+2	1,830E+2	0,000E+0	6,745E-1	6,683E-1	0,000E+0	4	1001
1939,450	67,500	82,700	1,502E+2	0,000E+0	1,831E+2	1,828E+2	0,000E+0	6,742E-1	6,676E-1	0,000E+0	4	1001
1940,450	67,100	82,800	1,499E+2	0,000E+0	1,831E+2	1,830E+2	0,000E+0	6,726E-1	6,665E-1	0,000E+0	5	1001
1941,450	67,200	82,800	1,500E+2	0,000E+0	1,834E+2	1,831E+2	0,000E+0	6,730E-1	6,675E-1	0,000E+0	5	1001
1942,452	67,100	82,700	1,498E+2	0,000E+0	1,829E+2	1,829E+2	0,000E+0	6,724E-1	6,674E-1	0,000E+0	5	1001
1943,452	67,600	82,400	1,500E+2	0,000E+0	1,831E+2	1,828E+2	0,000E+0	6,731E-1	6,662E-1	0,000E+0	5	1001
1944,452	67,300	82,800	1,501E+2	0,000E+0	1,832E+2	1,829E+2	0,000E+0	6,735E-1	6,674E-1	0,000E+0	5	1001
1945,452	67,300	82,800	1,501E+2	0,000E+0	1,832E+2	1,829E+2	0,000E+0	6,735E-1	6,674E-1	0,000E+0	5	1001
1946,452	67,300	82,800	1,501E+2	0,000E+0	1,832E+2	1,829E+2	0,000E+0	6,735E-1	6,674E-1	0,000E+0	5	1001
1947,452	67,300	82,800	1,501E+2	0,000E+0	1,832E+2	1,829E+2	0,000E+0	6,735E-1	6,674E-1	0,000E+0	5	1001
1948,452	66,900	82,800	1,497E+2	0,000E+0	1,832E+2	1,831E+2	0,000E+0	6,707E-1	6,669E-1	0,000E+0	5	1001
1949,453	66,900	82,800	1,497E+2	0,000E+0	1,832E+2	1,831E+2	0,000E+0	6,707E-1	6,669E-1	0,000E+0	5	1001
1950,452	66,900	82,800	1,497E+2	0,000E+0	1,832E+2	1,831E+2	0,000E+0	6,707E-1	6,669E-1	0,000E+0	5	1001
1951,452	67,400	82,500	1,499E+2	0,000E+0	1,832E+2	1,830E+2	0,000E+0	6,712E-1	6,667E-1	0,000E+0	5	1001
1952,453	67,400	82,500	1,499E+2	0,000E+0	1,832E+2	1,830E+2	0,000E+0	6,712E-1	6,667E-1	0,000E+0	5	1001
1953,453	67,400	82,500	1,499E+2	0,000E+0	1,832E+2	1,830E+2	0,000E+0	6,712E-1	6,667E-1	0,000E+0	5	1001
1954,454	67,400	82,500	1,499E+2	0,000E+0	1,832E+2	1,830E+2	0,000E+0	6,712E-1	6,667E-1	0,000E+0	5	1001
1955,454	67,500	82,900	1,504E+2	0,000E+0	1,831E+2	1,830E+2	0,000E+0	6,739E-1	6,683E-1	0,000E+0	5	1001
1956,455	67,500	82,900	1,504E+2	0,000E+0	1,831E+2	1,830E+2	0,000E+0	6,739E-1	6,683E-1	0,000E+0	5	1001
1957,454	67,600	82,600	1,502E+2	0,000E+0	1,830E+2	1,828E+2	0,000E+0	6,732E-1	6,666E-1	0,000E+0	5	1001
1958,454	67,600	82,600	1,502E+2	0,000E+0	1,830E+2	1,828E+2	0,000E+0	6,732E-1	6,666E-1	0,000E+0	5	1001
1959,455	67,100	82,500	1,496E+2	0,000E+0	1,830E+2	1,830E+2	0,000E+0	6,713E-1	6,655E-1	0,000E+0	6	1001
1960,455	67,200	82,900	1,501E+2	0,000E+0	1,830E+2	1,829E+2	0,000E+0	6,722E-1	6,686E-1	0,000E+0	6	1001
1961,455	67,700	82,600	1,503E+2	0,000E+0	1,833E+2	1,830E+2	0,000E+0	6,747E-1	6,671E-1	0,000E+0	6	1001
1962,456	67,200	82,400	1,496E+2	0,000E+0	1,830E+2	1,827E+2	0,000E+0	6,734E-1	6,663E-1	0,000E+0	6	1001
1963,456	67,400	82,700	1,501E+2	0,000E+0	1,831E+2	1,830E+2	0,000E+0	6,732E-1	6,661E-1	0,000E+0	6	1001
1964,456	67,400	82,700	1,501E+2	0,000E+0	1,831E+2	1,830E+2	0,000E+0	6,732E-1	6,661E-1	0,000E+0	6	1001
1965,456	67,400	82,700	1,501E+2	0,000E+0	1,831E+2	1,830E+2	0,000E+0	6,732E-1	6,661E-1	0,000E+0	6	1001
1966,457	67,400	82,700	1,501E+2	0,000E+0	1,831E+2	1,830E+2	0,000E+0	6,732E-1	6,661E-1	0,000E+0	6	1001
1967,457	67,400	82,700	1,501E+2	0,000E+0	1,831E+2	1,830E+2	0,000E+0	6,732E-1	6,661E-1	0,000E+0	6	1001
1968,457	67,600	82,500	1,501E+2	0,000E+0	1,831E+2	1,829E+2	0,000E+0	6,742E-1	6,662E-1	0,000E+0	6	1001
1969,457	67,600	82,500	1,501E+2	0,000E+0	1,831E+2	1,829E+2	0,000E+0	6,742E-1	6,662E-1	0,000E+0	6	1001
1970,457	67,600	82,500	1,501E+2	0,000E+0	1,831E+2	1,829E+2	0,000E+0	6,742E-1	6,662E-1	0,000E+0	6	1001
1971,458	67,400	82,600	1,500E+2	0,000E+0	1,830E+2	1,828E+2	0,000E+0	6,731E-1	6,671E-1	0,000E+0	6	1001
1972,458	67,400	82,600	1,500E+2	0,000E+0	1,830E+2	1,828E+2	0,000E+0	6,731E-1	6,671E-1	0,000E+0	6	1001
1973,458	67,600	82,600	1,502E+2	0,000E+0	1,830E+2	1,829E+2	0,000E+0	6,735E-1	6,671E-1	0,000E+0	6	1001
1974,459	67,600	82,600	1,502E+2	0,000E+0	1,830E+2	1,829E+2	0,000E+0	6,735E-1	6,671E-1	0,000E+0	6	1001
1975,459	67,300	82,500	1,498E+2	0,000E+0	1,831E+2	1,829E+2	0,000E+0	6,721E-1	6,663E-1	0,000E+0	6	1001
1976,459	67,500	82,700	1,502E+2	0,000E+0	1,832E+2	1,831E+2	0,000E+0	6,734E-1	6,671E-1	0,000E+0	6	1001
1977,460	67,400	82,800	1,502E+2	0,000E+0	1,832E+2	1,830E+2	0,000E+0	6,736E-1	6,680E-1	0,000E+0	6	1001
1978,459	67,400	82,700	1,501E+2	0,000E+0	1,832E+2	1,830E+2	0,000E+0	6,732E-1	6,666E-1	0,000E+0	7	1001
1979,460	67,400	82,500	1,499E+2	0,000E+0	1,832E+2	1,830E+2	0,000E+0	6,729E-1	6,657E-1	0,000E+0	7	1001
1980,460	67,300	83,000	1,503E+2	0,000E+0	1,834E+2	1,833E+2	0,000E+0	6,725E-1	6,687E-1	0,000E+0	7	1001
1981,460	67,300	83,000	1,503E+2	0,000E+0	1,834E+2	1,833E+2	0,000E+0	6,725E-1	6,687E-1	0,000E+0	7	1001
1982,460	67,100	82,500	1,496E+2	0,000E+0	1,833E+2	1,832E+2	0,000E+0	6,718E-1	6,656E-1	0,000E+0	7	1001
1983,460	67,100	82,500	1,496E+2	0,000E+0	1,833E+2	1,832E+2	0,000E+0	6,718E-1	6,656E-1	0,000E+0	7	1001
1984,462	67,100	82,500	1,496E+2	0,000E+0	1,833E+2	1,832E+2	0,000E+0	6,718E-1	6,656E-1	0,000E+0	7	1001
1985,462	67,100	82,500	1,496E+2	0,000E+0	1,833E+2	1,832E+2	0,000E+0	6,718E-1	6,656E-1	0,000E+0	7	1001
1986,462	67,500	82,600	1,501E+2	0,000E+0	1,835E+2	1,832E+2	0,000E+0	6,739E-1	6,665E-1	0,000E+0	7	1001
1987,462	67,500	82,600	1,501E+2	0,000E+0	1,835E+2	1,832E+2	0,000E+0	6,739E-1	6,665E-1	0,000E+0	7	1001
1988,462	67,500	82,600	1,501E+2	0,000E+0	1,835E+2	1,832E+2	0,000E+0	6,739E-1	6,665E-1	0,000E+0	7	1001
1989,462	67,500	82,500	1,500E+2	0,000E+0	1,833E+2	1,832E+2	0,000E+0	6,740E-1	6,660E-1	0,000E+0	7	1001
1990,462	67,500	82,500	1,500E+2	0,000E+0	1,833E+2	1,832E+2	0,000E+0	6,740E-1	6,660E-1	0,000E+0	7	1001
1991,463	67,500	82,500	1,500E+2	0,000E+0	1,833E+2	1,832E+2	0,000E+0	6,740E-1	6,660E-1	0,000E+0	7	1001
1992,462	67,300	82,600	1,499E+2	0,000E+0	1,831E+2	1,830E+2	0,000E+0	6,729E-1	6,665E-1	0,000E+0	7	1001
1993,463	67,300	82,600	1,499E+2	0,000E+0	1,831E+2	1,830E+2	0,000E+0	6,729E-1	6,665E-1	0,000E+0	7	1001
1994,463	67,500	82,500	1,500E+2	0,000E+0	1,832E+2	1,830E+2	0,000E+0	6,747E-1	6,653E-1	0,000E+0	7	1001
1995,463	67,300	82,700	1,500E+2	0,000E+0	1,830E+2	1,829E+2	0,000E+0	6,715E-1	6,667E-1	0,000E+0	7	1001
1996,463	67,200	82,800	1,500E+2	0,000E+0	1,830E+2	1,831E+2	0,000E+0	6,725E-1	6,681E-1	0,000E+0	7	1001
1997,463	67,300	82,700	1,500E+2	0,000E+0	1,831E+2	1,831E+2	0,000E+0	6,711E-1	6,663E-1	0,000E+0	7	1001
1998,464	67,200	82,500	1,497E+2	0,000E+0	1,832E+2	1,830E+2	0,000E+0	6,715E-1	6,659E-1	0,000E+0	7	1001
1999,463	67,200	82,500	1,497E+2	0,000E+0	1,832E+2	1,830E+2	0,000E+0	6,715E-1	6,659E-1	0,000E+0	7	1001
2000,464	67,400	82,900	1,503E+2	0,000E+0	1,829E+2	1,830E+2	0,000E+0	6,724E-1	6,678E-1	0,000E+0	7	1001
2001,464	67,400	82,900	1,503E+2	0,000E+0	1,829E+2	1,830E+2	0,000E+0	6,724E-1	6,678E-1	0,000E+0	7	1001
2002,465	67,400	82,500	1,499E+2	0,000E+0	1,832E+2	1,827E+2	0,000E+0	6,740E-1	6,664E-1	0,000E+0	7	1001
2003,465	67,500	82,600	1,501E+2	0,000E+0	1,829E+2	1,829E+2	0,000E+0	6,721E-1	6,663E-1	0,000E+0	7	1001
2004,465	67,100	82,700	1,498E+2	0,000E+0	1,831E+2	1,830E+2	0,000E+0	6,722E-1	6,666E-1	0,000E+0	7	1001
2005,465	67,600	82,400	1,500E+2	0,000E+0	1,830E+2	1,829E+2	0,000E+0	6,733E-1	6,653E-1	0,000E+0	7	1001
2006,465	67,200	82,800	1,500E+2	0,000E+0	1,830E+2	1,831E+2	0,000E+0	6,723E-1	6,676E-1	0,000E+0	7	1001
2007,465	67,400	82,800	1,502E+2	0,000E+0	1,831E+2	1,829E+2	0,000E+0	6,731E-1	6,679E-1	0,000E+0	7	1001
2008,465	67,500	82,600	1,501E+2	0,000E+0	1,831E+2	1,828E+2	0,000E+0	6,725E-1	6,674E-1	0,000E+0	7	1001
2009,465	67,300	82,600	1,499E+2	0,000E+0	1,830E+2	1,828E+2	0,000E+0	6,728E-1	6,678E-1	0,000E+0	7	1010
2010,465	67,400	82,400	1,498E+2	0,000E+0	1,829E+2	1,828E+2	0,000E+0	6,724E-1	6,638E-1	0,000E+0	7	1010
2011,466	67,400	82,600	1,500E+2	0,000E+0	1,832E+2	1,829E+2	0,000E+0	6,749E-1	6,674E-1	0,000E+0	7	1010
2012,466	67,400	82,600	1,500E+2	0,000E+0	1,832E+2	1,829E+2	0,000E+0	6,749E-1	6,674E-1	0,000E+0	7	1010
2013,466	67,700	82,400	1,501E+2	0,000E+0	1,828E+2	1,825E+2	0,000E+0	6,728E-1	6,652E-1	0,000E+0	7	1010
2014,466	67,700	82,400	1,501E+2	0,000E+0	1,828E+2	1,825E+2	0,000E+0	6,728E-1	6,652E-1	0,000E+0	7	1010
2015,466	67,400	82,600	1,500E+2	0,000E+0	1,831E+2	1,827E+2	0,000E+0	6,731E-1	6,671E-1	0,000E+0	7	1010
2016,466	67,300	82,400	1,497E+2	0,000E+0	1,830E+2	1,827E+2	0,000E+0	6,728E-1	6,660E-1	0,000E+0	7	1010
2017,467	67,200	82,800	1,500E+2	0,000E+0	1,831E+2	1,829E+2	0,000E+0	6,721E-1	6,677E-1	0,000E+0	7	1010
2018,467	67,300	82,800	1,501E+2	0,000E+0	1,830E+2	1,830E+2	0,000E+0	6,738E-1	6,675E-1	0,000E+0	7	1010
2019,468	67,300	82,700	1,500E+2	0,000E+0	1,830E+2	1,828E+2	0,000E+0	6,725E-1	6,669E-1	0,000E+0	7	1010
2020,467	67,300	82,700	1,500E+2	0,000E+0	1,830E+2	1,828E+2	0,000E+0	6,725E-1	6,669E-1	0,000E+0	7	1010
2021,467	67,400	82,300	1,497E+2	0,000E+0	1,829E+2	1,828E+2	0,000E+0	6,724E-1	6,647E-1	0,000E+0	7	1010
2022,467	67,300	82,700	1,500E+2	0,000E+0	1,830E+2	1,828E+2	0,000E+0	6,720E-1	6,679E-1	0,000E+0	7	1010
2023,467	67,400	82,600	1,500E+2	0,000E+0	1,830E+2	1,827E+2	0,000E+0	6,745E-1	6,669E-1	0,000E+0	7	1010
2024,467	67,300	82,800	1,501E+2	0,000E+0	1,831E+2	1,828E+2	0,000E+0	6,722E-1	6,680E-1	0,000E+0	7	1010
2025,467	67,000	82,700	1,497E+2	0,000E+0	1,827E+2	1,828E+2	0,000E+0	6,706E-1	6,662E-1	0,000E+0	7	1010
2026,468	67,000	82,700	1,497E+2	0,000E+0	1,827E+2	1,828E+2	0,000E+0	6,706E-1	6,662E-1	0,000E+0	7	1010
2027,467	67,300	82,800	1,501E+2	0,000E+0	1,830E+2	1,829E+2	0,000E+0	6,739E-1	6,688E-1	0,000E+0	7	1010
2028,467	67,200	82,800	1,500E+2	0,000E+0	1,831E+2	1,830E+2	0,000E+0	6,739E-1	6,674E-1	0,000E+0	7	1010
2029,467	67,700	82,700	1,504E+2	0,000E+0	1,831E+2	1,828E+2	0,000E+0	6,738E-1	6,675E-1	0,000E+0	7	1010
2030,467	67,500	82,400	1,499E+2	0,000E+0	1,829E+2	1,828E+2	0,000E+0	6,734E-1	6,661E-1	0,000E+0	7	1010
2031,467	67,500	82,400	1,499E+2	0,000E+0	1,829E+2	1,828E+2	0,000E+0	6,734E-1	6,661E-1	0,000E+0	7	1010
2032,467	67,500	82,400	1,499E+2	0,000E+0	1,829E+2	1,828E+2	0,000E+0	6,734E-1	6,661E-1	0,000E+0	7	1010
2033,467	67,500	82,400	1,499E+2	0,000E+0	1,829E+2	1,828E+2	0,000E+0	6,734E-1	6,661E-1	0,000E+0	7	1010
2034,468	67,600	82,600	1,502E+2	0,000E+0	1,831E+2	1,829E+2	0,000E+0	6,746E-1	6,678E-1	0,000E+0	7	1010
2035,467	67,600	82,600	1,502E+2	0,000E+0	1,831E+2	1,829E+2	0,000E+0	6,746E-1	6,678E-1	0,000E+0	7	1010
2036,468	67,600	82,600	1,502E+2	0,000E+0	1,831E+2	1,829E+2	0,000E+0	6,746E-1	6,678E-1	0,000E+0	7	1010
2037,468	67,600	82,600	1,502E+2	0,000E+0	1,831E+2	1,829E+2	0,000E+0	6,746E-1	6,678E-1	0,000E+0	7	1010
2038,469	67,400	82,400	1,498E+2	0,000E+0	1,832E+2	1,828E+2	0,000E+0	6,736E-1	6,666E-1	0,000E+0	7	1010
2039,470	67,400	82,400	1,498E+2	0,000E+0	1,832E+2	1,828E+2	0,000E+0	6,736E-1	6,666E-1	0,000E+0	7	1010
2040,469	67,500	82,300	1,498E+2	0,000E+0	1,832E+2	1,827E+2	0,000E+0	6,732E-1	6,648E-1	0,000E+0	7	1010
2041,469	67,500	82,300	1,498E+2	0,000E+0	1,832E+2	1,827E+2	0,000E+0	6,732E-1	6,648E-1	0,000E+0	7	1010
2042,469	67,500	82,600	1,501E+2	0,000E+0	1,830E+2	1,827E+2	0,000E+0	6,737E-1	6,669E-1	0,000E+0	7	1010
2043,469	67,300	82,700	1,500E+2	0,000E+0	1,831E+2	1,828E+2	0,000E+0	6,738E-1	6,672E-1	0,000E+0	7	1010
2044,470	67,300	82,800	1,501E+2	0,000E+0	1,830E+2	1,828E+2	0,000E+0	6,733E-1	6,671E-1	0,000E+0	7	1010
2045,471	67,300	82,600	1,499E+2	0,000E+0	1,831E+2	1,828E+2	0,000E+0	6,735E-1	6,673E-1	0,000E+0	7	1010
2046,471	67,100	82,700	1,498E+2	0,000E+0	1,829E+2	1,828E+2	0,000E+0	6,726E-1	6,673E-1	0,000E+0	7	1010
2047,471	67,300	82,700	1,500E+2	0,000E+0	1,831E+2	1,828E+2	0,000E+0	6,730E-1	6,679E-1	0,000E+0	7	1010
2048,471	67,300	82,700	1,500E+2	0,000E+0	1,831E+2	1,828E+2	0,000E+0	6,730E-1	6,679E-1	0,000E+0	6	1010
2049,471	67,400	82,800	1,502E+2	0,000E+0	1,831E+2	1,829E+2	0,000E+0	6,726E-1	6,673E-1	0,000E+0	6	1010
2050,471	67,200	82,700	1,499E+2	0,000E+0	1,831E+2	1,831E+2	0,000E+0	6,741E-1	6,670E-1	0,000E+0	6	1010
2051,471	67,400	82,700	1,501E+2	0,000E+0	1,830E+2	1,828E+2	0,000E+0	6,727E-1	6,669E-1	0,000E+0	6	1010
2052,471	67,300	82,800	1,501E+2	0,000E+0	1,832E+2	1,829E+2	0,000E+0	6,744E-1	6,678E-1	0,000E+0	6	1010
2053,471	67,600	82,500	1,501E+2	0,000E+0	1,833E+2	1,828E+2	0,000E+0	6,753E-1	6,671E-1	0,000E+0	6	1010
2054,471	67,600	82,500	1,501E+2	0,000E+0	1,833E+2	1,828E+2	0,000E+0	6,753E-1	6,671E-1	0,000E+0	6	1010
2055,472	67,600	82,500	1,501E+2	0,000E+0	1,833E+2	1,828E+2	0,000E+0	6,753E-1	6,671E-1	0,000E+0	6	1010
2056,473	67,200	82,700	1,499E+2	0,000E+0	1,830E+2	1,828E+2	0,000E+0	6,732E-1	6,676E-1	0,000E+0	6	1010
2057,473	67,400	82,500	1,499E+2	0,000E+0	1,830E+2	1,828E+2	0,000E+0	6,733E-1	6,665E-1	0,000E+0	6	1010
2058,473	67,400	82,500	1,499E+2	0,000E+0	1,830E+2	1,828E+2	0,000E+0	6,733E-1	6,665E-1	0,000E+0	6	1010
2059,474	67,400	82,600	1,500E+2	0,000E+0	1,832E+2	1,828E+2	0,000E+0	6,729E-1	6,668E-1	0,000E+0	6	1010
2060,473	67,400	82,600	1,500E+2	0,000E+0	1,832E+2	1,828E+2	0,000E+0	6,729E-1	6,668E-1	0,000E+0	6	1010
2061,473	67,400	82,600	1,500E+2	0,000E+0	1,832E+2	1,828E+2	0,000E+0	6,729E-1	6,668E-1	0,000E+0	6	1010
2062,473	67,200	82,800	1,500E+2	0,000E+0	1,830E+2	1,829E+2	0,000E+0	6,732E-1	6,674E-1	0,000E+0	6	1010
2063,474	67,200	82,800	1,500E+2	0,000E+0	1,830E+2	1,829E+2	0,000E+0	6,732E-1	6,674E-1	0,000E+0	6	1010
2064,475	67,300	82,400	1,497E+2	0,000E+0	1,830E+2	1,828E+2	0,000E+0	6,718E-1	6,655E-1	0,000E+0	6	1010
2065,475	68,000	82,500	1,505E+2	0,000E+0	1,827E+2	1,825E+2	0,000E+0	6,748E-1	6,666E-1	0,000E+0	6	1010
2066,476	67,100	82,300	1,494E+2	0,000E+0	1,833E+2	1,830E+2	0,000E+0	6,728E-1	6,657E-1	0,000E+0	5	1010
2067,475	67,400	82,900	1,503E+2	0,000E+0	1,830E+2	1,831E+2	0,000E+0	6,731E-1	6,680E-1	0,000E+0	5	1010
2068,476	67,400	82,900	1,503E+2	0,000E+0	1,830E+2	1,831E+2	0,000E+0	6,731E-1	6,680E-1	0,000E+0	5	1010
2069,476	67,800	82,300	1,501E+2	0,000E+0	1,832E+2	1,829E+2	0,000E+0	6,762E-1	6,654E-1	0,000E+0	5	1010
2070,476	67,300	82,600	1,499E+2	0,000E+0	1,831E+2	1,828E+2	0,000E+0	6,729E-1	6,668E-1	0,000E+0	5	1010
2071,477	67,300	82,700	1,500E+2	0,000E+0	1,832E+2	1,829E+2	0,000E+0	6,734E-1	6,678E-1	0,000E+0	5	1010
2072,477	67,300	82,700	1,500E+2	0,000E+0	1,832E+2	1,829E+2	0,000E+0	6,734E-1	6,678E-1	0,000E+0	5	1010
2073,477	67,300	82,700	1,500E+2	0,000E+0	1,832E+2	1,829E+2	0,000E+0	6,734E-1	6,678E-1	0,000E+0	5	1010
2074,478	67,200	82,600	1,498E+2	0,000E+0	1,828E+2	1,829E+2	0,000E+0	6,721E-1	6,663E-1	0,000E+0	5	1010
2075,478	67,200	82,600	1,498E+2	0,000E+0	1,828E+2	1,829E+2	0,000E+0	6,721E-1	6,663E-1	0,000E+0	5	1010
2076,478	67,200	82,600	1,498E+2	0,000E+0	1,828E+2	1,829E+2	0,000E+0	6,721E-1	6,663E-1	0,000E+0	5	1010
2077,478	67,200	82,600	1,498E+2	0,000E+0	1,828E+2	1,829E+2	0,000E+0	6,721E-1	6,663E-1	0,000E+0	5	1010
2078,478	67,500	82,400	1,499E+2	0,000E+0	1,832E+2	1,828E+2	0,000E+0	6,743E-1	6,671E-1	0,000E+0	5	1010
2079,478	67,500	82,400	1,499E+2	0,000E+0	1,832E+2	1,828E+2	0,000E+0	6,743E-1	6,671E-1	0,000E+0	5	1010
2080,478	67,500	82,400	1,499E+2	0,000E+0	1,832E+2	1,828E+2	0,000E+0	6,743E-1	6,671E-1	0,000E+0	5	1010
2081,479	67,600	82,600	1,502E+2	0,000E+0	1,831E+2	1,828E+2	0,000E+0	6,744E-1	6,666E-1	0,000E+0	5	1010
2082,479	67,600	82,600	1,502E+2	0,000E+0	1,831E+2	1,828E+2	0,000E+0	6,744E-1	6,666E-1	0,000E+0	5	1010
2083,479	67,700	82,500	1,502E+2	0,000E+0	1,833E+2	1,830E+2	0,000E+0	6,743E-1	6,660E-1	0,000E+0	5	1010
2084,479	67,300	82,500	1,498E+2	0,000E+0	1,831E+2	1,829E+2	0,000E+0	6,739E-1	6,668E-1	0,000E+0	5	1010
2085,479	67,400	82,800	1,502E+2	0,000E+0	1,832E+2	1,830E+2	0,000E+0	6,737E-1	6,676E-1	0,000E+0	4	1010
2086,479	67,500	82,700	1,502E+2	0,000E+0	1,831E+2	1,828E+2	0,000E+0	6,743E-1	6,678E-1	0,000E+0	4	1010
2087,480	67,400	82,500	1,499E+2	0,000E+0	1,830E+2	1,830E+2	0,000E+0	6,726E-1	6,652E-1	0,000E+0	4	1010
2088,480	67,400	82,600	1,500E+2	0,000E+0	1,831E+2	1,828E+2	0,000E+0	6,731E-1	6,674E-1	0,000E+0	4	1010
2089,481	67,200	82,700	1,499E+2	0,000E+0	1,830E+2	1,830E+2	0,000E+0	6,718E-1	6,665E-1	0,000E+0	4	1010
2090,481	67,200	82,700	1,499E+2	0,000E+0	1,830E+2	1,830E+2	0,000E+0	6,718E-1	6,665E-1	0,000E+0	4	1010
2091,481	67,200	82,700	1,499E+2	0,000E+0	1,830E+2	1,830E+2	0,000E+0	6,718E-1	6,665E-1	0,000E+0	4	1010
2092,481	67,200	82,700	1,499E+2	0,000E+0	1,830E+2	1,830E+2	0,000E+0	6,718E-1	6,665E-1	0,000E+0	4	1010
2093,481	67,200	82,700	1,499E+2	0,000E+0	1,830E+2	1,830E+2	0,000E+0	6,718E-1	6,665E-1	0,000E+0	4	1010
2094,481	67,400	82,500	1,499E+2	0,000E+0	1,831E+2	1,829E+2	0,000E+0	6,738E-1	6,668E-1	0,000E+0	4	1010
2095,482	67,400	82,500	1,499E+2	0,000E+0	1,831E+2	1,829E+2	0,000E+0	6,738E-1	6,668E-1	0,000E+0	4	1010
2096,483	67,400	82,500	1,499E+2	0,000E+0	1,831E+2	1,829E+2	0,000E+0	6,738E-1	6,668E-1	0,000E+0	4	1010
2097,484	67,300	82,800	1,501E+2	0,000E+0	1,832E+2	1,833E+2	0,000E+0	6,731E-1	6,675E-1	0,000E+0	4	1010
2098,484	67,300	82,800	1,501E+2	0,000E+0	1,832E+2	1,833E+2	0,000E+0	6,731E-1	6,675E-1	0,000E+0	4	1010
2099,484	67,600	82,400	1,500E+2	0,000E+0	1,832E+2	1,829E+2	0,000E+0	6,733E-1	6,659E-1	0,000E+0	4	1010
2100,485	67,600	82,400	1,500E+2	0,000E+0	1,832E+2	1,829E+2	0,000E+0	6,733E-1	6,659E-1	0,000E+0	4	1010
2101,485	67,400	82,600	1,500E+2	0,000E+0	1,832E+2	1,829E+2	0,000E+0	6,726E-1	6,660E-1	0,000E+0	4	1010
2102,485	67,400	82,600	1,500E+2	0,000E+0	1,832E+2	1,829E+2	0,000E+0	6,726E-1	6,660E-1	0,000E+0	4	1010
2103,485	67,600	82,400	1,500E+2	0,000E+0	1,832E+2	1,828E+2	0,000E+0	6,744E-1	6,663E-1	0,000E+0	3	1010
2104,487	67,600	82,400	1,500E+2	0,000E+0	1,832E+2	1,828E+2	0,000E+0	6,744E-1	6,663E-1	0,000E+0	3	1010
2105,488	67,500	82,600	1,501E+2	0,000E+0	1,831E+2	1,829E+2	0,000E+0	6,744E-1	6,671E-1	0,000E+0	3	1010
2106,487	67,600	82,700	1,503E+2	0,000E+0	1,828E+2	1,826E+2	0,000E+0	6,732E-1	6,669E-1	0,000E+0	3	1010
2107,487	67,500	82,600	1,501E+2	0,000E+0	1,830E+2	1,829E+2	0,000E+0	6,737E-1	6,666E-1	0,000E+0	3	1010
2108,487	67,500	82,600	1,501E+2	0,000E+0	1,830E+2	1,829E+2	0,000E+0	6,737E-1	6,666E-1	0,000E+0	3	1010
2109,487	67,500	82,600	1,501E+2	0,000E+0	1,830E+2	1,829E+2	0,000E+0	6,737E-1	6,666E-1	0,000E+0	3	1010
2110,488	67,500	82,600	1,501E+2	0,000E+0	1,830E+2	1,829E+2	0,000E+0	6,737E-1	6,666E-1	0,000E+0	3	1010
2111,488	67,500	82,600	1,501E+2	0,000E+0	1,830E+2	1,829E+2	0,000E+0	6,737E-1	6,666E-1	0,000E+0	3	1010
2112,489	67,200	82,600	1,498E+2	0,000E+0	1,831E+2	1,829E+2	0,000E+0	6,725E-1	6,672E-1	0,000E+0	3	1010
2113,488	67,200	82,600	1,498E+2	0,000E+0	1,831E+2	1,829E+2	0,000E+0	6,725E-1	6,672E-1	0,000E+0	3	1010
2114,488	67,200	82,600	1,498E+2	0,000E+0	1,831E+2	1,829E+2	0,000E+0	6,725E-1	6,672E-1	0,000E+0	3	1010
2115,488	67,400	82,700	1,501E+2	0,000E+0	1,830E+2	1,831E+2	0,000E+0	6,717E-1	6,676E-1	0,000E+0	3	1010
2116,488	67,400	82,700	1,501E+2	0,000E+0	1,830E+2	1,831E+2	0,000E+0	6,717E-1	6,676E-1	0,000E+0	3	1010
2117,488	67,400	82,700	1,501E+2	0,000E+0	1,830E+2	1,831E+2	0,000E+0	6,717E-1	6,676E-1	0,000E+0	3	1010
2118,488	67,400	82,300	1,497E+2	0,000E+0	1,832E+2	1,829E+2	0,000E+0	6,712E-1	6,661E-1	0,000E+0	3	1010
2119,488	67,200	82,800	1,500E+2	0,000E+0	1,832E+2	1,829E+2	0,000E+0	6,732E-1	6,680E-1	0,000E+0	3	1010
2120,488	67,300	82,800	1,501E+2	0,000E+0	1,831E+2	1,831E+2	0,000E+0	6,723E-1	6,679E-1	0,000E+0	2	1010
2121,489	67,300	82,500	1,498E+2	0,000E+0	1,830E+2	1,829E+2	0,000E+0	6,731E-1	6,666E-1	0,000E+0	2	1010
2122,490	67,400	82,800	1,502E+2	0,000E+0	1,832E+2	1,830E+2	0,000E+0	6,731E-1	6,678E-1	0,000E+0	2	1010
2123,490	67,500	82,600	1,501E+2	0,000E+0	1,830E+2	1,828E+2	0,000E+0	6,750E-1	6,677E-1	0,000E+0	2	1010
2124,490	67,400	82,300	1,497E+2	0,000E+0	1,831E+2	1,826E+2	0,000E+0	6,726E-1	6,658E-1	0,000E+0	2	1010
2125,491	67,400	82,300	1,497E+2	0,000E+0	1,831E+2	1,826E+2	0,000E+0	6,726E-1	6,658E-1	0,000E+0	2	1010
2126,491	67,400	82,300	1,497E+2	0,000E+0	1,831E+2	1,826E+2	0,000E+0	6,726E-1	6,658E-1	0,000E+0	2	1010
2127,492	67,500	82,500	1,500E+2	0,000E+0	1,830E+2	1,827E+2	0,000E+0	6,748E-1	6,668E-1	0,000E+0	2	1010
2128,492	67,500	82,500	1,500E+2	0,000E+0	1,830E+2	1,827E+2	0,000E+0	6,748E-1	6,668E-1	0,000E+0	2	1010
2129,492	67,500	82,500	1,500E+2	0,000E+0	1,830E+2	1,827E+2	0,000E+0	6,748E-1	6,668E-1	0,000E+0	2	1010
2130,493	67,300	83,000	1,503E+2	0,000E+0	1,830E+2	1,829E+2	0,000E+0	6,733E-1	6,694E-1	0,000E+0	2	1010
2131,492	67,300	83,000	1,503E+2	0,000E+0	1,830E+2	1,829E+2	0,000E+0	6,733E-1	6,694E-1	0,000E+0	2	1010
2132,492	67,300	83,000	1,503E+2	0,000E+0	1,830E+2	1,829E+2	0,000E+0	6,733E-1	6,694E-1	0,000E+0	2	1010
2133,492	67,300	83,000	1,503E+2	0,000E+0	1,830E+2	1,829E+2	0,000E+0	6,733E-1	6,694E-1	0,000E+0	2	1010
2134,494	67,200	82,400	1,496E+2	0,000E+0	1,829E+2	1,826E+2	0,000E+0	6,721E-1	6,668E-1	0,000E+0	2	1010
2135,493	67,600	82,500	1,501E+2	0,000E+0	1,831E+2	1,827E+2	0,000E+0	6,741E-1	6,671E-1	0,000E+0	2	1010
2136,493	67,200	82,900	1,501E+2	0,000E+0	1,828E+2	1,829E+2	0,000E+0	6,731E-1	6,680E-1	0,000E+0	2	1010
2137,493	67,200	82,900	1,501E+2	0,000E+0	1,828E+2	1,829E+2	0,000E+0	6,731E-1	6,680E-1	0,000E+0	1	1010
2138,494	67,500	82,100	1,496E+2	0,000E+0	1,829E+2	1,826E+2	0,000E+0	6,738E-1	6,643E-1	0,000E+0	1	1010
2139,494	67,100	83,000	1,501E+2	0,000E+0	1,829E+2	1,826E+2	0,000E+0	6,735E-1	6,701E-1	0,000E+0	1	1010
2140,494	67,200	82,700	1,499E+2	0,000E+0	1,826E+2	1,828E+2	0,000E+0	6,720E-1	6,669E-1	0,000E+0	1	1010
2141,495	67,400	83,000	1,504E+2	0,000E+0	1,829E+2	1,826E+2	0,000E+0	6,734E-1	6,693E-1	0,000E+0	1	1010
2142,495	67,400	83,000	1,504E+2	0,000E+0	1,829E+2	1,826E+2	0,000E+0	6,734E-1	6,693E-1	0,000E+0	1	1010
2143,497	67,400	83,000	1,504E+2	0,000E+0	1,829E+2	1,826E+2	0,000E+0	6,734E-1	6,693E-1	0,000E+0	1	1010
2144,496	67,400	83,000	1,504E+2	0,000E+0	1,829E+2	1,826E+2	0,000E+0	6,734E-1	6,693E-1	0,000E+0	1	1010
2145,496	67,400	83,000	1,504E+2	0,000E+0	1,829E+2	1,826E+2	0,000E+0	6,734E-1	6,693E-1	0,000E+0	1	1010
2146,496	67,100	82,600	1,497E+2	0,000E+0	1,829E+2	1,826E+2	0,000E+0	6,731E-1	6,668E-1	0,000E+0	1	1010
2147,496	67,100	82,600	1,497E+2	0,000E+0	1,829E+2	1,826E+2	0,000E+0	6,731E-1	6,668E-1	0,000E+0	1	1010
2148,496	67,100	82,900	1,500E+2	0,000E+0	1,828E+2	1,828E+2	0,000E+0	6,727E-1	6,682E-1	0,000E+0	1	1010
2149,496	67,400	82,600	1,500E+2	0,000E+0	1,831E+2	1,828E+2	0,000E+0	6,742E-1	6,666E-1	0,000E+0	1	1010
2150,496	67,400	82,600	1,500E+2	0,000E+0	1,831E+2	1,828E+2	0,000E+0	6,742E-1	6,666E-1	0,000E+0	1	1010
2151,498	67,100	82,800	1,499E+2	0,000E+0	1,830E+2	1,827E+2	0,000E+0	6,738E-1	6,689E-1	0,000E+0	1	1010
2152,497	67,100	82,800	1,499E+2	0,000E+0	1,830E+2	1,827E+2	0,000E+0	6,738E-1	6,689E-1	0,000E+0	1	1010
2153,497	67,500	82,700	1,502E+2	0,000E+0	1,829E+2	1,827E+2	0,000E+0	6,749E-1	6,677E-1	0,000E+0	1	1010
2154,497	67,300	82,600	1,499E+2	0,000E+0	1,830E+2	1,827E+2	0,000E+0	6,747E-1	6,678E-1	0,000E+0	0	1010
2155,498	67,100	82,500	1,496E+2	0,000E+0	1,826E+2	1,822E+2	0,000E+0	6,723E-1	6,670E-1	0,000E+0	0	1010
2156,498	67,300	82,800	1,501E+2	0,000E+0	1,824E+2	1,824E+2	0,000E+0	6,749E-1	6,686E-1	0,000E+0	0	1010
2157,499	67,400	82,700	1,501E+2	0,000E+0	1,827E+2	1,824E+2	0,000E+0	6,741E-1	6,677E-1	0,000E+0	0	1010
2158,500	67,100	82,600	1,497E+2	0,000E+0	1,825E+2	1,825E+2	0,000E+0	6,727E-1	6,664E-1	0,000E+0	0	1010
2159,499	67,100	82,600	1,497E+2	0,000E+0	1,825E+2	1,825E+2	0,000E+0	6,727E-1	6,664E-1	0,000E+0	0	1010
2160,499	67,100	82,600	1,497E+2	0,000E+0	1,825E+2	1,825E+2	0,000E+0	6,727E-1	6,664E-1	0,000E+0	0	1010
2161,499	67,100	82,600	1,497E+2	0,000E+0	1,825E+2	1,825E+2	0,000E+0	6,727E-1	6,664E-1	0,000E+0	0	1010
2162,499	67,300	82,900	1,502E+2	0,000E+0	1,825E+2	1,826E+2	0,000E+0	6,743E-1	6,691E-1	0,000E+0	0	1010
2163,500	67,300	82,900	1,502E+2	0,000E+0	1,825E+2	1,826E+2	0,000E+0	6,743E-1	6,691E-1	0,000E+0	0	1010
2164,500	67,300	82,900	1,502E+2	0,000E+0	1,825E+2	1,826E+2	0,000E+0	6,743E-1	6,691E-1	0,000E+0	0	1010
2165,501	67,300	82,900	1,502E+2	0,000E+0	1,825E+2	1,823E+2	0,000E+0	6,751E-1	6,702E-1	0,000E+0	0	1010
2166,500	67,300	82,900	1,502E+2	0,000E+0	1,825E+2	1,823E+2	0,000E+0	6,751E-1	6,702E-1	0,000E+0	0	1010
2167,500	67,300	82,900	1,502E+2	0,000E+0	1,825E+2	1,823E+2	0,000E+0	6,751E-1	6,702E-1	0,000E+0	0	1010
2168,500	67,300	82,900	1,502E+2	0,000E+0	1,825E+2	1,823E+2	0,000E+0	6,751E-1	6,702E-1	0,000E+0	0	1010
2169,500	67,200	82,600	1,498E+2	0,000E+0	1,824E+2	1,823E+2	0,000E+0	6,731E-1	6,671E-1	0,000E+0	0	1010
2170,500	67,200	82,600	1,498E+2	0,000E+0	1,824E+2	1,823E+2	0,000E+0	6,731E-1	6,671E-1	0,000E+0	0	1010
2171,501	67,600	82,500	1,501E+2	0,000E+0	1,827E+2	1,824E+2	0,000E+0	6,738E-1	6,675E-1	0,000E+0	0	1010
2172,502	67,500	82,600	1,501E+2	0,000E+0	1,825E+2	1,826E+2	0,000E+0	6,745E-1	6,680E-1	0,000E+0	0	1010
2173,501	67,500	82,600	1,501E+2	0,000E+0	1,825E+2	1,826E+2	0,000E+0	6,745E-1	6,680E-1	0,000E+0	0	1010
2174,501	67,300	82,700	1,500E+2	0,000E+0	1,827E+2	1,825E+2	0,000E+0	6,736E-1	6,680E-1	0,000E+0	0	1010
2175,501	67,100	82,700	1,498E+2	0,000E+0	1,826E+2	1,826E+2	0,000E+0	6,724E-1	6,674E-1	0,000E+0	0	1010
2176,501	67,300	82,700	1,500E+2	0,000E+0	1,826E+2	1,825E+2	0,000E+0	6,731E-1	6,680E-1	0,000E+0	0	1010
2177,501	67,400	82,600	1,500E+2	0,000E+0	1,828E+2	1,824E+2	0,000E+0	6,750E-1	6,678E-1	0,000E+0	0	1010
2178,501	67,200	82,800	1,500E+2	0,000E+0	1,828E+2	1,824E+2	0,000E+0	6,740E-1	6,688E-1	0,000E+0	0	1011
2179,502	67,200	82,800	1,500E+2	0,000E+0	1,828E+2	1,824E+2	0,000E+0	6,740E-1	6,688E-1	0,000E+0	0	1011
2180,501	67,300	82,300	1,496E+2	0,000E+0	1,825E+2	1,824E+2	0,000E+0	6,739E-1	6,652E-1	0,000E+0	0	1011
2181,501	67,200	82,800	1,500E+2	0,000E+0	1,826E+2	1,824E+2	0,000E+0	6,740E-1	6,691E-1	0,000E+0	0	1011
2182,501	67,300	82,800	1,501E+2	0,000E+0	1,824E+2	1,824E+2	0,000E+0	6,732E-1	6,690E-1	0,000E+0	0	1011
2183,501	67,200	82,600	1,498E+2	0,000E+0	1,825E+2	1,823E+2	0,000E+0	6,729E-1	6,681E-1	0,000E+0	0	1011
2184,501	67,200	83,000	1,502E+2	0,000E+0	1,825E+2	1,824E+2	0,000E+0	6,743E-1	6,700E-1	0,000E+0	0	1011
2185,501	67,100	82,700	1,498E+2	0,000E+0	1,825E+2	1,826E+2	0,000E+0	6,721E-1	6,677E-1	0,000E+0	0	1011
2186,502	67,600	82,600	1,502E+2	0,000E+0	1,826E+2	1,823E+2	0,000E+0	6,756E-1	6,681E-1	0,000E+0	0	1011
2187,502	67,400	82,600	1,500E+2	0,000E+0	1,825E+2	1,826E+2	0,000E+0	6,739E-1	6,672E-1	0,000E+0	0	1011
2188,502	67,400	82,700	1,501E+2	0,000E+0	1,826E+2	1,825E+2	0,000E+0	6,746E-1	6,683E-1	0,000E+0	0	1011
2189,502	67,400	82,700	1,501E+2	0,000E+0	1,826E+2	1,825E+2	0,000E+0	6,746E-1	6,683E-1	0,000E+0	0	1011
2190,502	67,100	82,800	1,499E+2	0,000E+0	1,826E+2	1,824E+2	0,000E+0	6,743E-1	6,688E-1	0,000E+0	0	1011
2191,503	67,400	82,500	1,499E+2	0,000E+0	1,827E+2	1,823E+2	0,000E+0	6,746E-1	6,676E-1	0,000E+0	0	1011
2192,503	67,400	82,500	1,499E+2	0,000E+0	1,827E+2	1,823E+2	0,000E+0	6,746E-1	6,676E-1	0,000E+0	0	1011
2193,503	67,400	82,500	1,499E+2	0,000E+0	1,827E+2	1,823E+2	0,000E+0	6,746E-1	6,676E-1	0,000E+0	0	1011
2194,503	67,100	82,600	1,497E+2	0,000E+0	1,825E+2	1,825E+2	0,000E+0	6,730E-1	6,667E-1	0,000E+0	0	1011
2195,503	67,100	82,600	1,497E+2	0,000E+0	1,825E+2	1,825E+2	0,000E+0	6,730E-1	6,667E-1	0,000E+0	0	1011
2196,503	67,100	82,600	1,497E+2	0,000E+0	1,825E+2	1,825E+2	0,000E+0	6,730E-1	6,667E-1	0,000E+0	0	1011
2197,503	67,600	82,400	1,500E+2	0,000E+0	1,829E+2	1,824E+2	0,000E+0	6,753E-1	6,663E-1	0,000E+0	0	1011
2198,503	67,600	82,400	1,500E+2	0,000E+0	1,829E+2	1,824E+2	0,000E+0	6,753E-1	6,663E-1	0,000E+0	0	1011
2199,503	67,600	82,400	1,500E+2	0,000E+0	1,829E+2	1,824E+2	0,000E+0	6,753E-1	6,663E-1	0,000E+0	0	1011
2200,503	67,600	82,400	1,500E+2	0,000E+0	1,829E+2	1,824E+2	0,000E+0	6,753E-1	6,663E-1	0,000E+0	0	1011
2201,503	67,400	82,700	1,501E+2	0,000E+0	1,826E+2	1,823E+2	0,000E+0	6,750E-1	6,690E-1	0,000E+0	0	1011
2202,503	67,200	82,600	1,498E+2	0,000E+0	1,827E+2	1,823E+2	0,000E+0	6,751E-1	6,681E-1	0,000E+0	0	1011
2203,503	67,400	82,700	1,501E+2	0,000E+0	1,827E+2	1,824E+2	0,000E+0	6,739E-1	6,682E-1	0,000E+0	0	1011
2204,503	67,400	82,700	1,501E+2	0,000E+0	1,827E+2	1,824E+2	0,000E+0	6,739E-1	6,682E-1	0,000E+0	0	1011
2205,503	67,100	82,700	1,498E+2	0,000E+0	1,823E+2	1,824E+2	0,000E+0	6,721E-1	6,675E-1	0,000E+0	1	1011
2206,503	67,500	82,800	1,503E+2	0,000E+0	1,826E+2	1,825E+2	0,000E+0	6,754E-1	6,686E-1	0,000E+0	1	1011
2207,503	67,500	82,300	1,498E+2	0,000E+0	1,830E+2	1,826E+2	0,000E+0	6,738E-1	6,661E-1	0,000E+0	1	1011
2208,503	67,400	82,600	1,500E+2	0,000E+0	1,829E+2	1,827E+2	0,000E+0	6,746E-1	6,667E-1	0,000E+0	1	1011
2209,504	67,400	82,700	1,501E+2	0,000E+0	1,828E+2	1,828E+2	0,000E+0	6,734E-1	6,682E-1	0,000E+0	1	1011
2210,504	67,300	82,800	1,501E+2	0,000E+0	1,829E+2	1,829E+2	0,000E+0	6,745E-1	6,679E-1	0,000E+0	1	1011
2211,504	67,400	82,800	1,502E+2	0,000E+0	1,828E+2	1,828E+2	0,000E+0	6,737E-1	6,681E-1	0,000E+0	1	1011
2212,505	67,400	82,800	1,502E+2	0,000E+0	1,828E+2	1,828E+2	0,000E+0	6,737E-1	6,681E-1	0,000E+0	1	1011
2213,505	67,400	82,800	1,502E+2	0,000E+0	1,828E+2	1,828E+2	0,000E+0	6,737E-1	6,681E-1	0,000E+0	1	1011
2214,505	67,100	82,900	1,500E+2	0,000E+0	1,829E+2	1,828E+2	0,000E+0	6,731E-1	6,692E-1	0,000E+0	1	1011
2215,505	67,100	82,900	1,500E+2	0,000E+0	1,829E+2	1,828E+2	0,000E+0	6,731E-1	6,692E-1	0,000E+0	1	1011
2216,505	67,100	82,900	1,500E+2	0,000E+0	1,829E+2	1,828E+2	0,000E+0	6,731E-1	6,692E-1	0,000E+0	1	1011
2217,505	67,400	82,400	1,498E+2	0,000E+0	1,829E+2	1,827E+2	0,000E+0	6,741E-1	6,661E-1	0,000E+0	1	1011
2218,505	67,400	82,400	1,498E+2	0,000E+0	1,829E+2	1,827E+2	0,000E+0	6,741E-1	6,661E-1	0,000E+0	1	1011
2219,505	67,400	82,400	1,498E+2	0,000E+0	1,829E+2	1,827E+2	0,000E+0	6,741E-1	6,661E-1	0,000E+0	1	1011
2220,506	67,400	82,400	1,498E+2	0,000E+0	1,829E+2	1,827E+2	0,000E+0	6,741E-1	6,661E-1	0,000E+0	1	1011
2221,506	67,500	82,300	1,498E+2	0,000E+0	1,828E+2	1,828E+2	0,000E+0	6,725E-1	6,652E-1	0,000E+0	1	1011
2222,506	67,300	82,800	1,501E+2	0,000E+0	1,830E+2	1,827E+2	0,000E+0	6,740E-1	6,685E-1	0,000E+0	1	1011
2223,506	67,300	82,900	1,502E+2	0,000E+0	1,829E+2	1,827E+2	0,000E+0	6,735E-1	6,690E-1	0,000E+0	1	1011
2224,507	67,300	82,900	1,502E+2	0,000E+0	1,829E+2	1,827E+2	0,000E+0	6,735E-1	6,690E-1	0,000E+0	2	1011
2225,507	67,400	82,300	1,497E+2	0,000E+0	1,831E+2	1,826E+2	0,000E+0	6,739E-1	6,656E-1	0,000E+0	2	1011
2226,507	67,200	82,600	1,498E+2	0,000E+0	1,830E+2	1,830E+2	0,000E+0	6,724E-1	6,665E-1	0,000E+0	2	1011
2227,508	67,400	82,800	1,502E+2	0,000E+0	1,832E+2	1,830E+2	0,000E+0	6,756E-1	6,681E-1	0,000E+0	2	1011
2228,509	67,200	82,800	1,500E+2	0,000E+0	1,830E+2	1,831E+2	0,000E+0	6,728E-1	6,674E-1	0,000E+0	2	1011
2229,509	67,200	82,800	1,500E+2	0,000E+0	1,830E+2	1,831E+2	0,000E+0	6,728E-1	6,674E-1	0,000E+0	2	1011
2230,509	67,200	82,800	1,500E+2	0,000E+0	1,830E+2	1,831E+2	0,000E+0	6,728E-1	6,674E-1	0,000E+0	2	1011
2231,509	67,200	82,800	1,500E+2	0,000E+0	1,830E+2	1,831E+2	0,000E+0	6,728E-1	6,674E-1	0,000E+0	2	1011
2232,509	67,200	82,800	1,500E+2	0,000E+0	1,830E+2	1,831E+2	0,000E+0	6,728E-1	6,674E-1	0,000E+0	2	1011
2233,510	67,200	82,800	1,500E+2	0,000E+0	1,831E+2	1,829E+2	0,000E+0	6,734E-1	6,685E-1	0,000E+0	2	1011
2234,510	67,200	82,800	1,500E+2	0,000E+0	1,831E+2	1,829E+2	0,000E+0	6,734E-1	6,685E-1	0,000E+0	2	1011
2235,510	67,200	82,800	1,500E+2	0,000E+0	1,831E+2	1,829E+2	0,000E+0	6,734E-1	6,685E-1	0,000E+0	2	1011
2236,510	67,200	82,800	1,500E+2	0,000E+0	1,831E+2	1,829E+2	0,000E+0	6,734E-1	6,685E-1	0,000E+0	2	1011
2237,511	67,400	82,600	1,500E+2	0,000E+0	1,831E+2	1,829E+2	0,000E+0	6,729E-1	6,676E-1	0,000E+0	2	1011
2238,510	67,400	82,700	1,501E+2	0,000E+0	1,830E+2	1,831E+2	0,000E+0	6,737E-1	6,674E-1	0,000E+0	2	1011
2239,510	67,400	82,700	1,501E+2	0,000E+0	1,830E+2	1,831E+2	0,000E+0	6,737E-1	6,674E-1	0,000E+0	2	1011
2240,510	67,300	82,800	1,501E+2	0,000E+0	1,829E+2	1,829E+2	0,000E+0	6,727E-1	6,676E-1	0,000E+0	2	1011
2241,510	67,300	82,700	1,500E+2	0,000E+0	1,829E+2	1,827E+2	0,000E+0	6,741E-1	6,683E-1	0,000E+0	2	1011
2242,510	67,500	82,400	1,499E+2	0,000E+0	1,828E+2	1,828E+2	0,000E+0	6,735E-1	6,665E-1	0,000E+0	3	1011
2243,510	67,500	82,500	1,500E+2	0,000E+0	1,830E+2	1,828E+2	0,000E+0	6,746E-1	6,671E-1	0,000E+0	3	1011
2244,511	67,300	82,700	1,500E+2	0,000E+0	1,831E+2	1,828E+2	0,000E+0	6,734E-1	6,685E-1	0,000E+0	3	1011
2245,511	67,400	82,400	1,498E+2	0,000E+0	1,829E+2	1,829E+2	0,000E+0	6,728E-1	6,654E-1	0,000E+0	3	1011
2246,512	67,500	82,500	1,500E+2	0,000E+0	1,830E+2	1,827E+2	0,000E+0	6,735E-1	6,674E-1	0,000E+0	3	1011
2247,512	67,500	82,500	1,500E+2	0,000E+0	1,830E+2	1,827E+2	0,000E+0	6,735E-1	6,674E-1	0,000E+0	3	1011
2248,513	67,500	82,500	1,500E+2	0,000E+0	1,830E+2	1,827E+2	0,000E+0	6,735E-1	6,674E-1	0,000E+0	3	1011
2249,513	67,500	82,500	1,500E+2	0,000E+0	1,830E+2	1,827E+2	0,000E+0	6,735E-1	6,674E-1	0,000E+0	3	1011
2250,513	67,300	82,800	1,501E+2	0,000E+0	1,829E+2	1,829E+2	0,000E+0	6,736E-1	6,683E-1	0,000E+0	3	1011
2251,515	67,300	82,800	1,501E+2	0,000E+0	1,829E+2	1,829E+2	0,000E+0	6,736E-1	6,683E-1	0,000E+0	3	1011
2252,514	67,300	82,800	1,501E+2	0,000E+0	1,829E+2	1,829E+2	0,000E+0	6,736E-1	6,683E-1	0,000E+0	3	1011
2253,514	67,000	82,600	1,496E+2	0,000E+0	1,830E+2	1,829E+2	0,000E+0	6,703E-1	6,665E-1	0,000E+0	3	1011
2254,515	67,000	82,600	1,496E+2	0,000E+0	1,830E+2	1,829E+2	0,000E+0	6,703E-1	6,665E-1	0,000E+0	3	1011
2255,516	67,000	82,600	1,496E+2	0,000E+0	1,830E+2	1,829E+2	0,000E+0	6,703E-1	6,665E-1	0,000E+0	3	1011
2256,517	67,500	82,600	1,501E+2	0,000E+0	1,832E+2	1,829E+2	0,000E+0	6,745E-1	6,670E-1	0,000E+0	3	1011
2257,517	67,500	82,600	1,501E+2	0,000E+0	1,832E+2	1,829E+2	0,000E+0	6,745E-1	6,670E-1	0,000E+0	3	1011
2258,517	67,400	82,500	1,499E+2	0,000E+0	1,831E+2	1,827E+2	0,000E+0	6,747E-1	6,671E-1	0,000E+0	3	1011
2259,517	67,700	82,700	1,504E+2	0,000E+0	1,832E+2	1,827E+2	0,000E+0	6,760E-1	6,678E-1	0,000E+0	3	1011
2260,517	67,300	82,700	1,500E+2	0,000E+0	1,829E+2	1,829E+2	0,000E+0	6,733E-1	6,676E-1	0,000E+0	4	1011
2262,517	67,300	82,700	1,500E+2	0,000E+0	1,829E+2	1,829E+2	0,000E+0	6,733E-1	6,676E-1	0,000E+0	4	1011
2262,517	67,400	82,600	1,500E+2	0,000E+0	1,833E+2	1,828E+2	0,000E+0	6,729E-1	6,673E-1	0,000E+0	4	1011
2263,517	67,300	82,400	1,497E+2	0,000E+0	1,831E+2	1,829E+2	0,000E+0	6,731E-1	6,666E-1	0,000E+0	4	1011
2264,517	67,400	82,600	1,500E+2	0,000E+0	1,831E+2	1,829E+2	0,000E+0	6,729E-1	6,674E-1	0,000E+0	4	1011
2265,517	67,400	82,500	1,499E+2	0,000E+0	1,829E+2	1,828E+2	0,000E+0	6,738E-1	6,676E-1	0,000E+0	4	1011
2266,519	67,400	82,500	1,499E+2	0,000E+0	1,829E+2	1,828E+2	0,000E+0	6,738E-1	6,676E-1	0,000E+0	4	1011
2267,518	67,400	82,500	1,499E+2	0,000E+0	1,829E+2	1,828E+2	0,000E+0	6,738E-1	6,676E-1	0,000E+0	4	1011
2268,519	67,400	82,500	1,499E+2	0,000E+0	1,829E+2	1,828E+2	0,000E+0	6,738E-1	6,676E-1	0,000E+0	4	1011
2269,519	67,400	82,500	1,499E+2	0,000E+0	1,829E+2	1,828E+2	0,000E+0	6,738E-1	6,676E-1	0,000E+0	4	1011
2270,519	67,400	82,600	1,500E+2	0,000E+0	1,832E+2	1,828E+2	0,000E+0	6,737E-1	6,671E-1	0,000E+0	4	1011
2271,519	67,400	82,600	1,500E+2	0,000E+0	1,832E+2	1,828E+2	0,000E+0	6,737E-1	6,671E-1	0,000E+0	4	1011
2272,519	67,500	82,700	1,502E+2	0,000E+0	1,832E+2	1,828E+2	0,000E+0	6,752E-1	6,680E-1	0,000E+0	4	1011
2273,519	67,400	82,600	1,500E+2	0,000E+0	1,830E+2	1,830E+2	0,000E+0	6,737E-1	6,666E-1	0,000E+0	4	1011
2274,520	67,400	82,600	1,500E+2	0,000E+0	1,830E+2	1,830E+2	0,000E+0	6,737E-1	6,666E-1	0,000E+0	4	1011
2275,520	67,400	82,600	1,500E+2	0,000E+0	1,830E+2	1,830E+2	0,000E+0	6,737E-1	6,666E-1	0,000E+0	4	1011
2276,521	67,400	82,600	1,500E+2	0,000E+0	1,830E+2	1,830E+2	0,000E+0	6,737E-1	6,666E-1	0,000E+0	4	1011
2277,522	67,400	82,500	1,499E+2	0,000E+0	1,833E+2	1,828E+2	0,000E+0	6,742E-1	6,670E-1	0,000E+0	4	1011
2278,522	67,200	82,800	1,500E+2	0,000E+0	1,831E+2	1,830E+2	0,000E+0	6,735E-1	6,685E-1	0,000E+0	4	1011
2279,522	67,500	82,500	1,500E+2	0,000E+0	1,832E+2	1,829E+2	0,000E+0	6,743E-1	6,670E-1	0,000E+0	5	1011
2280,522	67,500	82,600	1,501E+2	0,000E+0	1,834E+2	1,830E+2	0,000E+0	6,747E-1	6,674E-1	0,000E+0	5	1011
2281,522	67,400	82,700	1,501E+2	0,000E+0	1,831E+2	1,832E+2	0,000E+0	6,742E-1	6,678E-1	0,000E+0	5	1011
2282,522	67,400	82,700	1,501E+2	0,000E+0	1,831E+2	1,832E+2	0,000E+0	6,742E-1	6,678E-1	0,000E+0	5	1011
2283,522	67,300	82,700	1,500E+2	0,000E+0	1,832E+2	1,830E+2	0,000E+0	6,722E-1	6,673E-1	0,000E+0	5	1011
2284,522	67,300	82,700	1,500E+2	0,000E+0	1,832E+2	1,830E+2	0,000E+0	6,722E-1	6,673E-1	0,000E+0	5	1011
2285,522	67,300	82,700	1,500E+2	0,000E+0	1,832E+2	1,830E+2	0,000E+0	6,722E-1	6,673E-1	0,000E+0	5	1011
2286,522	67,600	82,500	1,501E+2	0,000E+0	1,831E+2	1,829E+2	0,000E+0	6,749E-1	6,672E-1	0,000E+0	5	1011
2287,522	67,600	82,500	1,501E+2	0,000E+0	1,831E+2	1,829E+2	0,000E+0	6,749E-1	6,672E-1	0,000E+0	5	1011
2288,522	67,600	82,500	1,501E+2	0,000E+0	1,831E+2	1,829E+2	0,000E+0	6,749E-1	6,672E-1	0,000E+0	5	1011
2289,523	67,300	82,600	1,499E+2	0,000E+0	1,833E+2	1,830E+2	0,000E+0	6,741E-1	6,675E-1	0,000E+0	5	1011
2290,522	67,300	82,600	1,499E+2	0,000E+0	1,833E+2	1,830E+2	0,000E+0	6,741E-1	6,675E-1	0,000E+0	5	1011
2291,523	67,300	82,600	1,499E+2	0,000E+0	1,833E+2	1,830E+2	0,000E+0	6,741E-1	6,675E-1	0,000E+0	5	1011
2292,523	67,300	82,600	1,499E+2	0,000E+0	1,833E+2	1,830E+2	0,000E+0	6,741E-1	6,675E-1	0,000E+0	5	1011
2293,523	67,400	82,800	1,502E+2	0,000E+0	1,832E+2	1,832E+2	0,000E+0	6,736E-1	6,677E-1	0,000E+0	5	1011
2294,523	67,400	82,800	1,502E+2	0,000E+0	1,832E+2	1,832E+2	0,000E+0	6,736E-1	6,677E-1	0,000E+0	5	1011
2295,523	67,400	82,400	1,498E+2	0,000E+0	1,833E+2	1,829E+2	0,000E+0	6,727E-1	6,664E-1	0,000E+0	5	1011
2296,524	67,400	82,400	1,498E+2	0,000E+0	1,833E+2	1,829E+2	0,000E+0	6,727E-1	6,664E-1	0,000E+0	5	1011
2297,523	67,200	82,800	1,500E+2	0,000E+0	1,832E+2	1,831E+2	0,000E+0	6,726E-1	6,687E-1	0,000E+0	5	1011
2298,524	67,200	82,800	1,500E+2	0,000E+0	1,832E+2	1,831E+2	0,000E+0	6,731E-1	6,677E-1	0,000E+0	5	1011
2299,524	67,700	82,400	1,501E+2	0,000E+0	1,834E+2	1,831E+2	0,000E+0	6,767E-1	6,660E-1	0,000E+0	6	1011
2300,525	67,600	82,700	1,503E+2	0,000E+0	1,833E+2	1,831E+2	0,000E+0	6,751E-1	6,680E-1	0,000E+0	6	1011
2301,525	67,300	82,500	1,498E+2	0,000E+0	1,832E+2	1,829E+2	0,000E+0	6,727E-1	6,669E-1	0,000E+0	6	1011
2302,525	67,300	82,800	1,501E+2	0,000E+0	1,831E+2	1,832E+2	0,000E+0	6,732E-1	6,681E-1	0,000E+0	6	1011
2303,525	67,100	83,000	1,501E+2	0,000E+0	1,832E+2	1,832E+2	0,000E+0	6,730E-1	6,698E-1	0,000E+0	6	1011
2304,526	67,100	83,000	1,501E+2	0,000E+0	1,832E+2	1,832E+2	0,000E+0	6,730E-1	6,698E-1	0,000E+0	6	1011
2305,527	67,100	83,000	1,501E+2	0,000E+0	1,832E+2	1,832E+2	0,000E+0	6,730E-1	6,698E-1	0,000E+0	6	1011
2306,526	67,100	83,000	1,501E+2	0,000E+0	1,832E+2	1,832E+2	0,000E+0	6,730E-1	6,698E-1	0,000E+0	6	1011
2307,526	67,400	82,400	1,498E+2	0,000E+0	1,833E+2	1,830E+2	0,000E+0	6,726E-1	6,655E-1	0,000E+0	6	1011
2308,527	67,400	82,400	1,498E+2	0,000E+0	1,833E+2	1,830E+2	0,000E+0	6,726E-1	6,655E-1	0,000E+0	6	1011
2309,527	67,400	82,400	1,498E+2	0,000E+0	1,833E+2	1,830E+2	0,000E+0	6,726E-1	6,655E-1	0,000E+0	6	1011
2310,528	67,400	82,600	1,500E+2	0,000E+0	1,834E+2	1,832E+2	0,000E+0	6,744E-1	6,677E-1	0,000E+0	6	1011
2311,528	67,400	82,600	1,500E+2	0,000E+0	1,834E+2	1,832E+2	0,000E+0	6,744E-1	6,677E-1	0,000E+0	6	1011
2312,529	67,400	82,600	1,500E+2	0,000E+0	1,834E+2	1,832E+2	0,000E+0	6,744E-1	6,677E-1	0,000E+0	6	1011
2313,529	67,400	82,600	1,500E+2	0,000E+0	1,834E+2	1,832E+2	0,000E+0	6,744E-1	6,677E-1	0,000E+0	6	1011
2314,530	67,300	82,500	1,498E+2	0,000E+0	1,834E+2	1,829E+2	0,000E+0	6,744E-1	6,679E-1	0,000E+0	6	1011
2315,530	67,100	82,700	1,498E+2	0,000E+0	1,832E+2	1,830E+2	0,000E+0	6,734E-1	6,688E-1	0,000E+0	6	1011
2316,530	67,300	82,500	1,498E+2	0,000E+0	1,835E+2	1,830E+2	0,000E+0	6,742E-1	6,675E-1	0,000E+0	6	1011
2317,530	67,500	82,400	1,499E+2	0,000E+0	1,832E+2	1,830E+2	0,000E+0	6,744E-1	6,660E-1	0,000E+0	6	1011
2318,530	67,500	82,400	1,499E+2	0,000E+0	1,832E+2	1,830E+2	0,000E+0	6,744E-1	6,660E-1	0,000E+0	7	1011
2319,532	67,500	82,500	1,500E+2	0,000E+0	1,831E+2	1,830E+2	0,000E+0	6,750E-1	6,670E-1	0,000E+0	7	1011
2320,531	67,500	82,500	1,500E+2	0,000E+0	1,832E+2	1,830E+2	0,000E+0	6,740E-1	6,664E-1	0,000E+0	7	1011
2321,531	67,200	82,700	1,499E+2	0,000E+0	1,830E+2	1,829E+2	0,000E+0	6,735E-1	6,690E-1	0,000E+0	7	1011
2322,531	67,800	82,400	1,502E+2	0,000E+0	1,833E+2	1,829E+2	0,000E+0	6,757E-1	6,663E-1	0,000E+0	7	1011
2323,532	67,800	82,400	1,502E+2	0,000E+0	1,833E+2	1,829E+2	0,000E+0	6,757E-1	6,663E-1	0,000E+0	7	1011
2324,532	67,800	82,400	1,502E+2	0,000E+0	1,833E+2	1,829E+2	0,000E+0	6,757E-1	6,663E-1	0,000E+0	7	1011
2325,532	67,800	82,400	1,502E+2	0,000E+0	1,833E+2	1,829E+2	0,000E+0	6,757E-1	6,663E-1	0,000E+0	7	1011
2326,532	67,800	82,400	1,502E+2	0,000E+0	1,833E+2	1,829E+2	0,000E+0	6,757E-1	6,663E-1	0,000E+0	7	1011
2327,533	67,800	82,400	1,502E+2	0,000E+0	1,833E+2	1,829E+2	0,000E+0	6,757E-1	6,663E-1	0,000E+0	7	1011
2328,534	67,100	82,900	1,500E+2	0,000E+0	1,834E+2	1,832E+2	0,000E+0	6,726E-1	6,693E-1	0,000E+0	7	1011
2329,534	67,100	82,900	1,500E+2	0,000E+0	1,834E+2	1,832E+2	0,000E+0	6,726E-1	6,693E-1	0,000E+0	7	1011
2330,534	67,300	82,600	1,499E+2	0,000E+0	1,832E+2	1,831E+2	0,000E+0	6,732E-1	6,675E-1	0,000E+0	7	1011
2331,535	67,300	82,600	1,499E+2	0,000E+0	1,832E+2	1,831E+2	0,000E+0	6,732E-1	6,675E-1	0,000E+0	7	1011
2332,534	67,300	82,600	1,499E+2	0,000E+0	1,832E+2	1,831E+2	0,000E+0	6,732E-1	6,675E-1	0,000E+0	7	1011
2333,534	67,300	82,600	1,499E+2	0,000E+0	1,832E+2	1,831E+2	0,000E+0	6,732E-1	6,675E-1	0,000E+0	7	1011
2334,534	67,400	82,600	1,500E+2	0,000E+0	1,831E+2	1,832E+2	0,000E+0	6,744E-1	6,679E-1	0,000E+0	7	1011
2335,534	67,500	82,600	1,501E+2	0,000E+0	1,832E+2	1,829E+2	0,000E+0	6,734E-1	6,678E-1	0,000E+0	7	1011
2336,534	67,500	82,800	1,503E+2	0,000E+0	1,832E+2	1,832E+2	0,000E+0	6,745E-1	6,684E-1	0,000E+0	7	1011
2337,535	67,300	82,500	1,498E+2	0,000E+0	1,832E+2	1,831E+2	0,000E+0	6,730E-1	6,666E-1	0,000E+0	7	1011
2338,536	67,300	82,700	1,500E+2	0,000E+0	1,832E+2	1,830E+2	0,000E+0	6,747E-1	6,680E-1	0,000E+0	7	1011
2339,536	67,600	82,500	1,501E+2	0,000E+0	1,832E+2	1,830E+2	0,000E+0	6,748E-1	6,670E-1	0,000E+0	7	1101
2340,536	67,600	82,500	1,501E+2	0,000E+0	1,832E+2	1,830E+2	0,000E+0	6,748E-1	6,670E-1	0,000E+0	7	1101
2341,536	67,300	82,200	1,495E+2	0,000E+0	1,831E+2	1,827E+2	0,000E+0	6,742E-1	6,661E-1	0,000E+0	7	1101
2342,536	67,600	82,600	1,502E+2	0,000E+0	1,833E+2	1,829E+2	0,000E+0	6,752E-1	6,673E-1	0,000E+0	7	1101
2343,537	67,600	82,600	1,502E+2	0,000E+0	1,833E+2	1,829E+2	0,000E+0	6,752E-1	6,673E-1	0,000E+0	7	1101
2344,537	67,400	82,800	1,502E+2	0,000E+0	1,831E+2	1,830E+2	0,000E+0	6,738E-1	6,682E-1	0,000E+0	7	1101
2345,538	67,400	82,800	1,502E+2	0,000E+0	1,831E+2	1,830E+2	0,000E+0	6,738E-1	6,682E-1	0,000E+0	7	1101
2346,539	67,300	82,600	1,499E+2	0,000E+0	1,829E+2	1,831E+2	0,000E+0	6,723E-1	6,665E-1	0,000E+0	7	1101
2347,538	67,300	82,700	1,500E+2	0,000E+0	1,831E+2	1,830E+2	0,000E+0	6,741E-1	6,681E-1	0,000E+0	7	1101
2348,539	67,300	82,700	1,500E+2	0,000E+0	1,831E+2	1,830E+2	0,000E+0	6,741E-1	6,681E-1	0,000E+0	7	1101
2349,539	67,100	82,900	1,500E+2	0,000E+0	1,832E+2	1,830E+2	0,000E+0	6,734E-1	6,696E-1	0,000E+0	7	1101
2350,539	67,400	82,700	1,501E+2	0,000E+0	1,832E+2	1,829E+2	0,000E+0	6,744E-1	6,686E-1	0,000E+0	7	1101
2351,539	67,400	82,700	1,501E+2	0,000E+0	1,832E+2	1,829E+2	0,000E+0	6,744E-1	6,686E-1	0,000E+0	7	1101
2352,539	67,500	82,600	1,501E+2	0,000E+0	1,832E+2	1,831E+2	0,000E+0	6,755E-1	6,673E-1	0,000E+0	7	1101
2353,540	67,200	82,600	1,498E+2	0,000E+0	1,832E+2	1,831E+2	0,000E+0	6,730E-1	6,675E-1	0,000E+0	7	1101
2354,540	67,400	82,600	1,500E+2	0,000E+0	1,834E+2	1,830E+2	0,000E+0	6,748E-1	6,672E-1	0,000E+0	7	1101
2355,541	67,100	82,800	1,499E+2	0,000E+0	1,831E+2	1,831E+2	0,000E+0	6,739E-1	6,693E-1	0,000E+0	7	1101
2356,541	67,500	82,700	1,502E+2	0,000E+0	1,833E+2	1,828E+2	0,000E+0	6,750E-1	6,687E-1	0,000E+0	7	1101
2357,542	67,300	82,500	1,498E+2	0,000E+0	1,831E+2	1,830E+2	0,000E+0	6,728E-1	6,673E-1	0,000E+0	7	1101
2358,543	67,400	82,700	1,501E+2	0,000E+0	1,831E+2	1,831E+2	0,000E+0	6,738E-1	6,683E-1	0,000E+0	7	1101
2359,543	67,300	82,700	1,500E+2	0,000E+0	1,831E+2	1,829E+2	0,000E+0	6,741E-1	6,684E-1	0,000E+0	7	1101
2360,545	67,300	82,700	1,500E+2	0,000E+0	1,831E+2	1,829E+2	0,000E+0	6,741E-1	6,684E-1	0,000E+0	7	1101
2361,544	67,300	82,700	1,500E+2	0,000E+0	1,831E+2	1,829E+2	0,000E+0	6,741E-1	6,684E-1	0,000E+0	7	1101
2362,544	67,300	82,700	1,500E+2	0,000E+0	1,831E+2	1,829E+2	0,000E+0	6,741E-1	6,684E-1	0,000E+0	7	1101
2363,544	67,300	82,700	1,500E+2	0,000E+0	1,831E+2	1,829E+2	0,000E+0	6,741E-1	6,684E-1	0,000E+0	7	1101
2364,544	67,400	82,400	1,498E+2	0,000E+0	1,832E+2	1,829E+2	0,000E+0	6,739E-1	6,666E-1	0,000E+0	7	1101
2365,545	67,400	82,400	1,498E+2	0,000E+0	1,832E+2	1,829E+2	0,000E+0	6,739E-1	6,666E-1	0,000E+0	7	1101
2366,546	67,400	82,400	1,498E+2	0,000E+0	1,832E+2	1,829E+2	0,000E+0	6,739E-1	6,666E-1	0,000E+0	7	1101
2367,547	67,400	82,400	1,498E+2	0,000E+0	1,832E+2	1,829E+2	0,000E+0	6,739E-1	6,666E-1	0,000E+0	7	1101
2368,546	67,700	82,300	1,500E+2	0,000E+0	1,833E+2	1,829E+2	0,000E+0	6,746E-1	6,658E-1	0,000E+0	7	1101
2369,546	67,400	82,700	1,501E+2	0,000E+0	1,832E+2	1,828E+2	0,000E+0	6,742E-1	6,688E-1	0,000E+0	7	1101
2370,546	67,400	82,700	1,501E+2	0,000E+0	1,832E+2	1,828E+2	0,000E+0	6,742E-1	6,688E-1	0,000E+0	7	1101
2371,546	67,400	82,400	1,498E+2	0,000E+0	1,832E+2	1,828E+2	0,000E+0	6,736E-1	6,663E-1	0,000E+0	7	1101
2372,548	67,200	82,600	1,498E+2	0,000E+0	1,831E+2	1,829E+2	0,000E+0	6,728E-1	6,687E-1	0,000E+0	7	1101
2373,547	67,500	82,700	1,502E+2	0,000E+0	1,832E+2	1,829E+2	0,000E+0	6,742E-1	6,686E-1	0,000E+0	7	1101
2374,548	67,300	82,900	1,502E+2	0,000E+0	1,830E+2	1,831E+2	0,000E+0	6,744E-1	6,695E-1	0,000E+0	7	1101
2375,547	67,400	82,400	1,498E+2	0,000E+0	1,832E+2	1,829E+2	0,000E+0	6,737E-1	6,666E-1	0,000E+0	6	1101
2376,547	67,400	82,800	1,502E+2	0,000E+0	1,831E+2	1,832E+2	0,000E+0	6,742E-1	6,685E-1	0,000E+0	6	1101
2377,547	67,700	82,200	1,499E+2	0,000E+0	1,832E+2	1,827E+2	0,000E+0	6,756E-1	6,657E-1	0,000E+0	6	1101
2378,547	67,300	82,600	1,499E+2	0,000E+0	1,832E+2	1,830E+2	0,000E+0	6,738E-1	6,672E-1	0,000E+0	6	1101
2379,548	67,500	82,500	1,500E+2	0,000E+0	1,829E+2	1,829E+2	0,000E+0	6,749E-1	6,673E-1	0,000E+0	6	1101
2380,547	67,300	82,800	1,501E+2	0,000E+0	1,831E+2	1,830E+2	0,000E+0	6,743E-1	6,688E-1	0,000E+0	6	1101
2381,547	67,300	82,800	1,501E+2	0,000E+0	1,831E+2	1,830E+2	0,000E+0	6,743E-1	6,688E-1	0,000E+0	6	1101
2382,547	67,500	82,400	1,499E+2	0,000E+0	1,830E+2	1,829E+2	0,000E+0	6,740E-1	6,673E-1	0,000E+0	6	1101
2383,547	67,500	82,400	1,499E+2	0,000E+0	1,830E+2	1,829E+2	0,000E+0	6,740E-1	6,673E-1	0,000E+0	6	1101
2384,547	67,500	82,400	1,499E+2	0,000E+0	1,830E+2	1,829E+2	0,000E+0	6,740E-1	6,673E-1	0,000E+0	6	1101
2385,547	67,500	82,400	1,499E+2	0,000E+0	1,830E+2	1,829E+2	0,000E+0	6,740E-1	6,673E-1	0,000E+0	6	1101
2386,548	67,500	82,700	1,502E+2	0,000E+0	1,832E+2	1,830E+2	0,000E+0	6,743E-1	6,680E-1	0,000E+0	6	1101
2387,547	67,500	82,700	1,502E+2	0,000E+0	1,832E+2	1,830E+2	0,000E+0	6,743E-1	6,680E-1	0,000E+0	6	1101
2388,547	67,500	82,700	1,502E+2	0,000E+0	1,832E+2	1,830E+2	0,000E+0	6,743E-1	6,680E-1	0,000E+0	6	1101
2389,547	67,400	82,500	1,499E+2	0,000E+0	1,833E+2	1,829E+2	0,000E+0	6,749E-1	6,675E-1	0,000E+0	6	1101
2390,547	67,400	82,500	1,499E+2	0,000E+0	1,833E+2	1,829E+2	0,000E+0	6,749E-1	6,675E-1	0,000E+0	6	1101
2391,547	67,400	82,700	1,501E+2	0,000E+0	1,832E+2	1,831E+2	0,000E+0	6,746E-1	6,676E-1	0,000E+0	6	1101
2392,547	67,400	82,700	1,501E+2	0,000E+0	1,832E+2	1,831E+2	0,000E+0	6,746E-1	6,676E-1	0,000E+0	6	1101
2393,548	67,500	82,900	1,504E+2	0,000E+0	1,832E+2	1,833E+2	0,000E+0	6,735E-1	6,694E-1	0,000E+0	6	1101
2394,548	67,500	82,900	1,504E+2	0,000E+0	1,832E+2	1,833E+2	0,000E+0	6,735E-1	6,694E-1	0,000E+0	6	1101
2395,548	67,400	82,300	1,497E+2	0,000E+0	1,836E+2	1,833E+2	0,000E+0	6,723E-1	6,659E-1	0,000E+0	5	1101
2396,549	67,000	82,700	1,497E+2	0,000E+0	1,831E+2	1,831E+2	0,000E+0	6,731E-1	6,685E-1	0,000E+0	5	1101
2397,549	67,400	82,800	1,502E+2	0,000E+0	1,836E+2	1,832E+2	0,000E+0	6,743E-1	6,686E-1	0,000E+0	5	1101
2398,551	67,100	82,800	1,499E+2	0,000E+0	1,832E+2	1,830E+2	0,000E+0	6,725E-1	6,700E-1	0,000E+0	5	1101
2399,550	67,600	82,500	1,501E+2	0,000E+0	1,831E+2	1,828E+2	0,000E+0	6,753E-1	6,670E-1	0,000E+0	5	1101
2400,550	67,600	82,500	1,501E+2	0,000E+0	1,831E+2	1,828E+2	0,000E+0	6,753E-1	6,670E-1	0,000E+0	5	1101
2401,550	67,600	82,500	1,501E+2	0,000E+0	1,831E+2	1,828E+2	0,000E+0	6,753E-1	6,670E-1	0,000E+0	5	1101
2402,550	67,600	82,500	1,501E+2	0,000E+0	1,831E+2	1,828E+2	0,000E+0	6,753E-1	6,670E-1	0,000E+0	5	1101
2403,551	67,600	82,500	1,501E+2	0,000E+0	1,831E+2	1,828E+2	0,000E+0	6,753E-1	6,670E-1	0,000E+0	5	1101
2404,552	67,400	82,800	1,502E+2	0,000E+0	1,831E+2	1,830E+2	0,000E+0	6,733E-1	6,679E-1	0,000E+0	5	1101
2405,551	67,400	82,800	1,502E+2	0,000E+0	1,831E+2	1,830E+2	0,000E+0	6,733E-1	6,679E-1	0,000E+0	5	1101
2406,551	67,400	82,800	1,502E+2	0,000E+0	1,831E+2	1,830E+2	0,000E+0	6,733E-1	6,679E-1	0,000E+0	5	1101
2407,551	67,300	82,600	1,499E+2	0,000E+0	1,831E+2	1,829E+2	0,000E+0	6,746E-1	6,677E-1	0,000E+0	5	1101
2408,551	67,300	82,600	1,499E+2	0,000E+0	1,831E+2	1,829E+2	0,000E+0	6,746E-1	6,677E-1	0,000E+0	5	1101
2409,552	67,300	82,600	1,499E+2	0,000E+0	1,831E+2	1,829E+2	0,000E+0	6,746E-1	6,677E-1	0,000E+0	5	1101
2410,551	67,300	82,600	1,499E+2	0,000E+0	1,831E+2	1,829E+2	0,000E+0	6,746E-1	6,677E-1	0,000E+0	5	1101
2411,551	67,300	82,700	1,500E+2	0,000E+0	1,834E+2	1,833E+2	0,000E+0	6,744E-1	6,680E-1	0,000E+0	5	1101
2412,551	67,400	82,700	1,501E+2	0,000E+0	1,834E+2	1,830E+2	0,000E+0	6,757E-1	6,684E-1	0,000E+0	5	1101
2413,551	67,400	82,400	1,498E+2	0,000E+0	1,832E+2	1,831E+2	0,000E+0	6,737E-1	6,669E-1	0,000E+0	4	1101
2414,551	67,400	82,600	1,500E+2	0,000E+0	1,831E+2	1,829E+2	0,000E+0	6,740E-1	6,684E-1	0,000E+0	4	1101
2415,552	67,400	82,600	1,500E+2	0,000E+0	1,831E+2	1,829E+2	0,000E+0	6,740E-1	6,684E-1	0,000E+0	4	1101
2416,553	67,300	82,600	1,499E+2	0,000E+0	1,832E+2	1,828E+2	0,000E+0	6,746E-1	6,690E-1	0,000E+0	4	1101
2417,552	67,500	82,600	1,501E+2	0,000E+0	1,832E+2	1,831E+2	0,000E+0	6,756E-1	6,676E-1	0,000E+0	4	1101
2418,553	67,500	82,500	1,500E+2	0,000E+0	1,833E+2	1,832E+2	0,000E+0	6,755E-1	6,681E-1	0,000E+0	4	1101
2419,553	67,500	82,500	1,500E+2	0,000E+0	1,833E+2	1,832E+2	0,000E+0	6,755E-1	6,681E-1	0,000E+0	4	1101
2420,554	67,500	82,500	1,500E+2	0,000E+0	1,833E+2	1,832E+2	0,000E+0	6,755E-1	6,681E-1	0,000E+0	4	1101
2421,554	67,500	82,500	1,500E+2	0,000E+0	1,833E+2	1,832E+2	0,000E+0	6,755E-1	6,681E-1	0,000E+0	4	1101
2422,554	67,400	82,400	1,498E+2	0,000E+0	1,833E+2	1,831E+2	0,000E+0	6,749E-1	6,674E-1	0,000E+0	4	1101
2423,554	67,400	82,400	1,498E+2	0,000E+0	1,833E+2	1,831E+2	0,000E+0	6,749E-1	6,674E-1	0,000E+0	4	1101
2424,555	67,400	82,400	1,498E+2	0,000E+0	1,833E+2	1,831E+2	0,000E+0	6,749E-1	6,674E-1	0,000E+0	4	1101
2425,555	67,300	82,300	1,496E+2	0,000E+0	1,832E+2	1,829E+2	0,000E+0	6,733E-1	6,665E-1	0,000E+0	4	1101
2426,555	67,300	82,300	1,496E+2	0,000E+0	1,832E+2	1,829E+2	0,000E+0	6,733E-1	6,665E-1	0,000E+0	4	1101
2427,555	67,300	82,800	1,501E+2	0,000E+0	1,831E+2	1,830E+2	0,000E+0	6,742E-1	6,682E-1	0,000E+0	4	1101
2428,556	67,300	82,800	1,501E+2	0,000E+0	1,831E+2	1,830E+2	0,000E+0	6,742E-1	6,682E-1	0,000E+0	4	1101
2429,556	67,400	82,800	1,502E+2	0,000E+0	1,830E+2	1,830E+2	0,000E+0	6,733E-1	6,681E-1	0,000E+0	4	1101
2430,557	67,400	82,800	1,502E+2	0,000E+0	1,830E+2	1,830E+2	0,000E+0	6,733E-1	6,681E-1	0,000E+0	4	1101
2431,557	67,400	82,400	1,498E+2	0,000E+0	1,831E+2	1,829E+2	0,000E+0	6,744E-1	6,668E-1	0,000E+0	3	1101
2432,557	67,300	82,500	1,498E+2	0,000E+0	1,830E+2	1,828E+2	0,000E+0	6,728E-1	6,668E-1	0,000E+0	3	1101
2433,558	67,300	82,500	1,498E+2	0,000E+0	1,828E+2	1,827E+2	0,000E+0	6,734E-1	6,678E-1	0,000E+0	3	1101
2434,558	67,300	82,700	1,500E+2	0,000E+0	1,831E+2	1,827E+2	0,000E+0	6,750E-1	6,683E-1	0,000E+0	3	1101
2435,559	67,300	82,700	1,500E+2	0,000E+0	1,831E+2	1,828E+2	0,000E+0	6,744E-1	6,685E-1	0,000E+0	3	1101
2436,558	67,300	82,700	1,500E+2	0,000E+0	1,831E+2	1,828E+2	0,000E+0	6,744E-1	6,685E-1	0,000E+0	3	1101
2437,558	67,300	82,700	1,500E+2	0,000E+0	1,831E+2	1,828E+2	0,000E+0	6,744E-1	6,685E-1	0,000E+0	3	1101
2438,558	67,300	82,700	1,500E+2	0,000E+0	1,831E+2	1,828E+2	0,000E+0	6,744E-1	6,685E-1	0,000E+0	3	1101
2439,558	67,200	82,500	1,497E+2	0,000E+0	1,830E+2	1,829E+2	0,000E+0	6,730E-1	6,679E-1	0,000E+0	3	1101
2440,559	67,200	82,500	1,497E+2	0,000E+0	1,830E+2	1,829E+2	0,000E+0	6,730E-1	6,679E-1	0,000E+0	3	1101
2441,558	67,200	82,500	1,497E+2	0,000E+0	1,830E+2	1,829E+2	0,000E+0	6,730E-1	6,679E-1	0,000E+0	3	1101
2442,558	67,500	82,500	1,500E+2	0,000E+0	1,830E+2	1,827E+2	0,000E+0	6,745E-1	6,672E-1	0,000E+0	3	1101
2443,558	67,500	82,500	1,500E+2	0,000E+0	1,830E+2	1,827E+2	0,000E+0	6,745E-1	6,672E-1	0,000E+0	3	1101
2444,559	67,500	82,500	1,500E+2	0,000E+0	1,830E+2	1,827E+2	0,000E+0	6,745E-1	6,672E-1	0,000E+0	3	1101
2445,559	67,500	82,500	1,500E+2	0,000E+0	1,830E+2	1,827E+2	0,000E+0	6,745E-1	6,672E-1	0,000E+0	3	1101
2446,560	67,400	82,800	1,502E+2	0,000E+0	1,830E+2	1,831E+2	0,000E+0	6,744E-1	6,679E-1	0,000E+0	3	1101
2447,560	67,300	82,900	1,502E+2	0,000E+0	1,826E+2	1,825E+2	0,000E+0	6,730E-1	6,693E-1	0,000E+0	3	1101
2448,560	67,300	82,700	1,500E+2	0,000E+0	1,829E+2	1,827E+2	0,000E+0	6,746E-1	6,691E-1	0,000E+0	3	1101
2449,560	67,300	82,700	1,500E+2	0,000E+0	1,829E+2	1,827E+2	0,000E+0	6,746E-1	6,691E-1	0,000E+0	2	1101
2450,560	67,400	82,700	1,501E+2	0,000E+0	1,830E+2	1,830E+2	0,000E+0	6,755E-1	6,677E-1	0,000E+0	2	1101
2451,560	67,400	82,500	1,499E+2	0,000E+0	1,829E+2	1,830E+2	0,000E+0	6,737E-1	6,674E-1	0,000E+0	2	1101
2452,561	67,400	82,800	1,502E+2	0,000E+0	1,830E+2	1,826E+2	0,000E+0	6,752E-1	6,679E-1	0,000E+0	2	1101
2453,561	67,300	82,600	1,499E+2	0,000E+0	1,830E+2	1,829E+2	0,000E+0	6,738E-1	6,677E-1	0,000E+0	2	1101
2454,561	67,300	82,600	1,499E+2	0,000E+0	1,831E+2	1,828E+2	0,000E+0	6,728E-1	6,680E-1	0,000E+0	2	1101
2455,561	67,300	82,600	1,499E+2	0,000E+0	1,831E+2	1,828E+2	0,000E+0	6,728E-1	6,680E-1	0,000E+0	2	1101
2456,561	67,300	82,600	1,499E+2	0,000E+0	1,831E+2	1,828E+2	0,000E+0	6,728E-1	6,680E-1	0,000E+0	2	1101
2457,561	67,300	82,600	1,499E+2	0,000E+0	1,831E+2	1,828E+2	0,000E+0	6,728E-1	6,680E-1	0,000E+0	2	1101
2458,561	67,100	82,800	1,499E+2	0,000E+0	1,828E+2	1,830E+2	0,000E+0	6,725E-1	6,684E-1	0,000E+0	2	1101
2459,561	67,100	82,800	1,499E+2	0,000E+0	1,828E+2	1,830E+2	0,000E+0	6,725E-1	6,684E-1	0,000E+0	2	1101
2460,561	67,100	82,800	1,499E+2	0,000E+0	1,828E+2	1,830E+2	0,000E+0	6,725E-1	6,684E-1	0,000E+0	2	1101
2461,561	67,100	82,800	1,499E+2	0,000E+0	1,828E+2	1,830E+2	0,000E+0	6,725E-1	6,684E-1	0,000E+0	2	1101
2462,562	67,300	82,800	1,501E+2	0,000E+0	1,828E+2	1,828E+2	0,000E+0	6,740E-1	6,696E-1	0,000E+0	2	1101
2463,562	67,300	82,800	1,501E+2	0,000E+0	1,828E+2	1,828E+2	0,000E+0	6,740E-1	6,696E-1	0,000E+0	2	1101
2464,563	67,200	82,800	1,500E+2	0,000E+0	1,829E+2	1,829E+2	0,000E+0	6,738E-1	6,686E-1	0,000E+0	2	1101
2465,563	67,300	82,400	1,497E+2	0,000E+0	1,830E+2	1,829E+2	0,000E+0	6,742E-1	6,662E-1	0,000E+0	2	1101
2466,563	67,300	82,600	1,499E+2	0,000E+0	1,828E+2	1,829E+2	0,000E+0	6,744E-1	6,678E-1	0,000E+0	2	1101
2467,563	67,300	82,900	1,502E+2	0,000E+0	1,831E+2	1,829E+2	0,000E+0	6,754E-1	6,692E-1	0,000E+0	1	1101
2468,564	67,200	82,500	1,497E+2	0,000E+0	1,827E+2	1,825E+2	0,000E+0	6,728E-1	6,678E-1	0,000E+0	1	1101
2469,564	67,700	82,500	1,502E+2	0,000E+0	1,830E+2	1,824E+2	0,000E+0	6,768E-1	6,683E-1	0,000E+0	1	1101
2470,565	67,400	82,900	1,503E+2	0,000E+0	1,829E+2	1,826E+2	0,000E+0	6,742E-1	6,695E-1	0,000E+0	1	1101
2471,564	67,400	82,300	1,497E+2	0,000E+0	1,832E+2	1,827E+2	0,000E+0	6,738E-1	6,664E-1	0,000E+0	1	1101
2472,566	67,400	82,300	1,497E+2	0,000E+0	1,832E+2	1,827E+2	0,000E+0	6,738E-1	6,664E-1	0,000E+0	1	1101
2473,565	67,400	82,300	1,497E+2	0,000E+0	1,832E+2	1,827E+2	0,000E+0	6,738E-1	6,664E-1	0,000E+0	1	1101
2474,565	67,400	82,300	1,497E+2	0,000E+0	1,832E+2	1,827E+2	0,000E+0	6,738E-1	6,664E-1	0,000E+0	1	1101
2475,565	67,500	82,800	1,503E+2	0,000E+0	1,828E+2	1,826E+2	0,000E+0	6,755E-1	6,695E-1	0,000E+0	1	1101
2476,565	67,400	82,900	1,503E+2	0,000E+0	1,828E+2	1,827E+2	0,000E+0	6,746E-1	6,694E-1	0,000E+0	1	1101
2477,566	67,400	82,900	1,503E+2	0,000E+0	1,828E+2	1,827E+2	0,000E+0	6,746E-1	6,694E-1	0,000E+0	1	1101
2478,565	67,400	82,900	1,503E+2	0,000E+0	1,828E+2	1,827E+2	0,000E+0	6,746E-1	6,694E-1	0,000E+0	1	1101
2479,565	67,400	82,900	1,503E+2	0,000E+0	1,828E+2	1,827E+2	0,000E+0	6,746E-1	6,694E-1	0,000E+0	1	1101
2480,565	67,100	82,500	1,496E+2	0,000E+0	1,827E+2	1,826E+2	0,000E+0	6,735E-1	6,668E-1	0,000E+0	1	1101
2481,565	67,100	82,500	1,496E+2	0,000E+0	1,827E+2	1,826E+2	0,000E+0	6,735E-1	6,668E-1	0,000E+0	1	1101
2482,565	67,100	82,500	1,496E+2	0,000E+0	1,827E+2	1,826E+2	0,000E+0	6,735E-1	6,668E-1	0,000E+0	1	1101
2483,565	67,200	82,700	1,499E+2	0,000E+0	1,829E+2	1,826E+2	0,000E+0	6,742E-1	6,692E-1	0,000E+0	1	1101
2484,566	67,200	83,100	1,503E+2	0,000E+0	1,829E+2	1,829E+2	0,000E+0	6,741E-1	6,706E-1	0,000E+0	1	1101
2485,565	67,200	82,700	1,499E+2	0,000E+0	1,827E+2	1,827E+2	0,000E+0	6,731E-1	6,684E-1	0,000E+0	1	1101
2486,566	67,400	82,800	1,502E+2	0,000E+0	1,826E+2	1,824E+2	0,000E+0	6,734E-1	6,686E-1	0,000E+0	0	1101
2487,566	67,400	82,400	1,498E+2	0,000E+0	1,825E+2	1,824E+2	0,000E+0	6,746E-1	6,674E-1	0,000E+0	0	1101
2488,567	67,400	82,700	1,501E+2	0,000E+0	1,825E+2	1,824E+2	0,000E+0	6,753E-1	6,687E-1	0,000E+0	0	1101
2489,567	67,200	82,800	1,500E+2	0,000E+0	1,826E+2	1,825E+2	0,000E+0	6,743E-1	6,686E-1	0,000E+0	0	1101
2490,567	67,300	82,700	1,500E+2	0,000E+0	1,827E+2	1,824E+2	0,000E+0	6,745E-1	6,690E-1	0,000E+0	0	1101
2491,569	67,200	82,800	1,500E+2	0,000E+0	1,825E+2	1,824E+2	0,000E+0	6,752E-1	6,703E-1	0,000E+0	0	1101
2492,568	67,200	82,800	1,500E+2	0,000E+0	1,825E+2	1,824E+2	0,000E+0	6,752E-1	6,703E-1	0,000E+0	0	1101
2493,569	67,200	82,800	1,500E+2	0,000E+0	1,825E+2	1,824E+2	0,000E+0	6,752E-1	6,703E-1	0,000E+0	0	1101
2494,569	67,200	82,800	1,500E+2	0,000E+0	1,825E+2	1,824E+2	0,000E+0	6,752E-1	6,703E-1	0,000E+0	0	1101
2495,569	67,200	82,800	1,500E+2	0,000E+0	1,825E+2	1,824E+2	0,000E+0	6,752E-1	6,703E-1	0,000E+0	0	1101
2496,569	67,400	82,700	1,501E+2	0,000E+0	1,828E+2	1,825E+2	0,000E+0	6,750E-1	6,694E-1	0,000E+0	0	1101
2497,569	67,400	82,700	1,501E+2	0,000E+0	1,828E+2	1,825E+2	0,000E+0	6,750E-1	6,694E-1	0,000E+0	0	1101
2498,570	67,400	82,700	1,501E+2	0,000E+0	1,828E+2	1,825E+2	0,000E+0	6,750E-1	6,694E-1	0,000E+0	0	1101
2499,569	67,300	82,600	1,499E+2	0,000E+0	1,827E+2	1,825E+2	0,000E+0	6,756E-1	6,682E-1	0,000E+0	0	1101
2500,569	67,300	82,600	1,499E+2	0,000E+0	1,827E+2	1,825E+2	0,000E+0	6,756E-1	6,682E-1	0,000E+0	0	1101
2501,569	67,600	82,600	1,502E+2	0,000E+0	1,826E+2	1,824E+2	0,000E+0	6,753E-1	6,686E-1	0,000E+0	0	1101
2502,569	67,600	82,600	1,502E+2	0,000E+0	1,826E+2	1,824E+2	0,000E+0	6,753E-1	6,686E-1	0,000E+0	0	1101
2503,569	67,500	82,700	1,502E+2	0,000E+0	1,829E+2	1,826E+2	0,000E+0	6,768E-1	6,699E-1	0,000E+0	0	1101
2504,569	67,400	82,900	1,503E+2	0,000E+0	1,825E+2	1,824E+2	0,000E+0	6,756E-1	6,681E-1	0,000E+0	0	1101
2505,570	67,000	82,300	1,493E+2	0,000E+0	1,826E+2	1,825E+2	0,000E+0	6,744E-1	6,673E-1	0,000E+0	0	1101
2506,570	67,600	82,700	1,503E+2	0,000E+0	1,827E+2	1,823E+2	0,000E+0	6,764E-1	6,692E-1	0,000E+0	0	1101
2507,570	67,500	82,800	1,503E+2	0,000E+0	1,821E+2	1,820E+2	0,000E+0	6,748E-1	6,696E-1	0,000E+0	0	1101
2508,571	67,400	82,600	1,500E+2	0,000E+0	1,824E+2	1,824E+2	0,000E+0	6,729E-1	6,683E-1	0,000E+0	0	1101
2509,571	67,400	82,600	1,500E+2	0,000E+0	1,824E+2	1,824E+2	0,000E+0	6,729E-1	6,683E-1	0,000E+0	0	1101
2510,571	67,200	82,800	1,500E+2	0,000E+0	1,827E+2	1,826E+2	0,000E+0	6,742E-1	6,685E-1	0,000E+0	0	1101
2511,571	67,400	82,700	1,501E+2	0,000E+0	1,827E+2	1,823E+2	0,000E+0	6,748E-1	6,684E-1	0,000E+0	0	1101
2512,571	67,200	82,500	1,497E+2	0,000E+0	1,825E+2	1,824E+2	0,000E+0	6,750E-1	6,682E-1	0,000E+0	0	0010
2513,571	67,300	82,700	1,500E+2	0,000E+0	1,825E+2	1,821E+2	0,000E+0	6,754E-1	6,706E-1	0,000E+0	0	0010
2514,571	67,200	82,800	1,500E+2	0,000E+0	1,826E+2	1,825E+2	0,000E+0	6,752E-1	6,695E-1	0,000E+0	0	0010
2515,571	67,200	82,800	1,500E+2	0,000E+0	1,826E+2	1,825E+2	0,000E+0	6,752E-1	6,695E-1	0,000E+0	0	0010
2516,571	67,200	82,700	1,499E+2	0,000E+0	1,826E+2	1,825E+2	0,000E+0	6,747E-1	6,687E-1	0,000E+0	0	0010
2517,572	67,300	82,500	1,498E+2	0,000E+0	1,829E+2	1,827E+2	0,000E+0	6,764E-1	6,678E-1	0,000E+0	0	0010
2518,571	67,500	82,600	1,501E+2	0,000E+0	1,825E+2	1,824E+2	0,000E+0	6,741E-1	6,685E-1	0,000E+0	0	0010
2519,572	67,400	82,800	1,502E+2	0,000E+0	1,826E+2	1,825E+2	0,000E+0	6,752E-1	6,703E-1	0,000E+0	0	0010
2520,572	67,300	82,500	1,498E+2	0,000E+0	1,827E+2	1,825E+2	0,000E+0	6,739E-1	6,681E-1	0,000E+0	0	0010
2521,572	67,300	82,800	1,501E+2	0,000E+0	1,826E+2	1,825E+2	0,000E+0	6,743E-1	6,700E-1	0,000E+0	0	0010
2522,572	67,100	82,700	1,498E+2	0,000E+0	1,824E+2	1,825E+2	0,000E+0	6,740E-1	6,694E-1	0,000E+0	0	0010
2523,572	67,200	82,900	1,501E+2	0,000E+0	1,826E+2	1,826E+2	0,000E+0	6,731E-1	6,691E-1	0,000E+0	0	0010
2524,573	67,400	82,500	1,499E+2	0,000E+0	1,827E+2	1,824E+2	0,000E+0	6,761E-1	6,683E-1	0,000E+0	0	0010
2525,572	67,400	82,500	1,499E+2	0,000E+0	1,827E+2	1,824E+2	0,000E+0	6,761E-1	6,683E-1	0,000E+0	0	0010
2526,572	67,400	82,500	1,499E+2	0,000E+0	1,827E+2	1,824E+2	0,000E+0	6,761E-1	6,683E-1	0,000E+0	0	0010
2527,573	67,400	82,500	1,499E+2	0,000E+0	1,827E+2	1,824E+2	0,000E+0	6,761E-1	6,683E-1	0,000E+0	0	0010
2528,574	67,200	82,800	1,500E+2	0,000E+0	1,829E+2	1,826E+2	0,000E+0	6,759E-1	6,695E-1	0,000E+0	0	0010
2529,574	67,200	82,800	1,500E+2	0,000E+0	1,829E+2	1,826E+2	0,000E+0	6,759E-1	6,695E-1	0,000E+0	0	0010
2530,574	67,200	82,800	1,500E+2	0,000E+0	1,829E+2	1,826E+2	0,000E+0	6,759E-1	6,695E-1	0,000E+0	0	0010
2531,575	67,200	82,600	1,498E+2	0,000E+0	1,827E+2	1,823E+2	0,000E+0	6,758E-1	6,684E-1	0,000E+0	0	0010
2532,574	67,200	82,600	1,498E+2	0,000E+0	1,827E+2	1,823E+2	0,000E+0	6,758E-1	6,684E-1	0,000E+0	0	0010
2533,574	67,200	82,800	1,500E+2	0,000E+0	1,825E+2	1,825E+2	0,000E+0	6,750E-1	6,693E-1	0,000E+0	0	0010
2534,575	67,200	82,800	1,500E+2	0,000E+0	1,825E+2	1,825E+2	0,000E+0	6,750E-1	6,693E-1	0,000E+0	0	0010
2535,575	67,800	82,400	1,502E+2	0,000E+0	1,828E+2	1,823E+2	0,000E+0	6,770E-1	6,669E-1	0,000E+0	0	0010
2536,575	67,300	82,700	1,500E+2	0,000E+0	1,826E+2	1,826E+2	0,000E+0	6,757E-1	6,688E-1	0,000E+0	0	0010
2537,575	67,300	82,700	1,500E+2	0,000E+0	1,826E+2	1,826E+2	0,000E+0	6,757E-1	6,688E-1	0,000E+0	0	0010
2538,576	67,400	82,600	1,500E+2	0,000E+0	1,827E+2	1,826E+2	0,000E+0	6,759E-1	6,682E-1	0,000E+0	0	0010
2539,576	67,200	82,900	1,501E+2	0,000E+0	1,826E+2	1,826E+2	0,000E+0	6,744E-1	6,702E-1	0,000E+0	1	0010
2540,577	67,300	82,800	1,501E+2	0,000E+0	1,830E+2	1,828E+2	0,000E+0	6,755E-1	6,682E-1	0,000E+0	1	0010
2541,577	67,400	82,700	1,501E+2	0,000E+0	1,830E+2	1,827E+2	0,000E+0	6,748E-1	6,687E-1	0,000E+0	1	0010
2542,578	67,000	82,800	1,498E+2	0,000E+0	1,827E+2	1,830E+2	0,000E+0	6,729E-1	6,687E-1	0,000E+0	1	0010
2543,578	67,600	82,500	1,501E+2	0,000E+0	1,831E+2	1,828E+2	0,000E+0	6,758E-1	6,678E-1	0,000E+0	1	0010
2544,579	67,300	82,800	1,501E+2	0,000E+0	1,828E+2	1,828E+2	0,000E+0	6,746E-1	6,695E-1	0,000E+0	1	0010
2545,580	67,300	82,800	1,501E+2	0,000E+0	1,828E+2	1,828E+2	0,000E+0	6,746E-1	6,695E-1	0,000E+0	1	0010
2546,580	67,300	82,800	1,501E+2	0,000E+0	1,828E+2	1,828E+2	0,000E+0	6,746E-1	6,695E-1	0,000E+0	1	0010
2547,580	67,300	82,800	1,501E+2	0,000E+0	1,828E+2	1,828E+2	0,000E+0	6,746E-1	6,695E-1	0,000E+0	1	0010
2548,580	67,300	82,800	1,501E+2	0,000E+0	1,828E+2	1,828E+2	0,000E+0	6,746E-1	6,695E-1	0,000E+0	1	0010
2549,581	67,200	82,600	1,498E+2	0,000E+0	1,828E+2	1,828E+2	0,000E+0	6,724E-1	6,680E-1	0,000E+0	1	0010
2550,581	67,200	82,600	1,498E+2	0,000E+0	1,828E+2	1,828E+2	0,000E+0	6,724E-1	6,680E-1	0,000E+0	1	0010
2551,581	67,200	82,600	1,498E+2	0,000E+0	1,828E+2	1,828E+2	0,000E+0	6,724E-1	6,680E-1	0,000E+0	1	0010
2552,582	67,200	82,700	1,499E+2	0,000E+0	1,831E+2	1,829E+2	0,000E+0	6,740E-1	6,682E-1	0,000E+0	1	0010
2553,582	67,200	82,700	1,499E+2	0,000E+0	1,831E+2	1,829E+2	0,000E+0	6,740E-1	6,682E-1	0,000E+0	1	0010
2554,582	67,500	82,600	1,501E+2	0,000E+0	1,830E+2	1,828E+2	0,000E+0	6,751E-1	6,686E-1	0,000E+0	1	0010
2555,582	67,500	82,600	1,501E+2	0,000E+0	1,830E+2	1,828E+2	0,000E+0	6,751E-1	6,686E-1	0,000E+0	1	0010
2556,582	67,600	82,700	1,503E+2	0,000E+0	1,831E+2	1,828E+2	0,000E+0	6,761E-1	6,692E-1	0,000E+0	1	0010
2557,582	67,300	82,600	1,499E+2	0,000E+0	1,829E+2	1,828E+2	0,000E+0	6,741E-1	6,681E-1	0,000E+0	1	0010
2558,583	67,100	82,600	1,497E+2	0,000E+0	1,830E+2	1,827E+2	0,000E+0	6,731E-1	6,682E-1	0,000E+0	1	0010
2559,582	67,500	82,700	1,502E+2	0,000E+0	1,831E+2	1,830E+2	0,000E+0	6,762E-1	6,684E-1	0,000E+0	2	0010
2560,582	67,400	82,700	1,501E+2	0,000E+0	1,830E+2	1,828E+2	0,000E+0	6,754E-1	6,687E-1	0,000E+0	2	0010
2561,583	67,300	82,700	1,500E+2	0,000E+0	1,830E+2	1,830E+2	0,000E+0	6,740E-1	6,685E-1	0,000E+0	2	0010
2562,583	67,500	82,500	1,500E+2	0,000E+0	1,831E+2	1,828E+2	0,000E+0	6,755E-1	6,679E-1	0,000E+0	2	0010
2563,584	67,500	82,500	1,500E+2	0,000E+0	1,831E+2	1,828E+2	0,000E+0	6,755E-1	6,679E-1	0,000E+0	2	0010
2564,585	67,500	82,600	1,501E+2	0,000E+0	1,831E+2	1,827E+2	0,000E+0	6,747E-1	6,695E-1	0,000E+0	2	0010
2565,587	67,500	82,600	1,501E+2	0,000E+0	1,831E+2	1,827E+2	0,000E+0	6,747E-1	6,695E-1	0,000E+0	2	0010
2566,586	67,500	82,600	1,501E+2	0,000E+0	1,831E+2	1,827E+2	0,000E+0	6,747E-1	6,695E-1	0,000E+0	2	0010
2567,586	67,500	82,600	1,501E+2	0,000E+0	1,830E+2	1,828E+2	0,000E+0	6,738E-1	6,685E-1	0,000E+0	2	0010
2568,586	67,500	82,600	1,501E+2	0,000E+0	1,830E+2	1,828E+2	0,000E+0	6,738E-1	6,685E-1	0,000E+0	2	0010
2569,587	67,500	82,600	1,501E+2	0,000E+0	1,830E+2	1,828E+2	0,000E+0	6,738E-1	6,685E-1	0,000E+0	2	0010
2570,587	67,300	82,700	1,500E+2	0,000E+0	1,829E+2	1,828E+2	0,000E+0	6,733E-1	6,689E-1	0,000E+0	2	0010
2571,588	67,300	82,700	1,500E+2	0,000E+0	1,829E+2	1,828E+2	0,000E+0	6,733E-1	6,689E-1	0,000E+0	2	0010
2572,588	67,300	82,700	1,500E+2	0,000E+0	1,829E+2	1,828E+2	0,000E+0	6,733E-1	6,689E-1	0,000E+0	2	0010
2573,588	67,300	82,700	1,500E+2	0,000E+0	1,829E+2	1,828E+2	0,000E+0	6,733E-1	6,689E-1	0,000E+0	2	0010
2574,589	67,300	82,600	1,499E+2	0,000E+0	1,831E+2	1,829E+2	0,000E+0	6,740E-1	6,681E-1	0,000E+0	2	0010
2575,588	67,300	82,700	1,500E+2	0,000E+0	1,829E+2	1,829E+2	0,000E+0	6,742E-1	6,685E-1	0,000E+0	2	0010
2576,588	67,400	82,400	1,498E+2	0,000E+0	1,830E+2	1,827E+2	0,000E+0	6,746E-1	6,676E-1	0,000E+0	2	0010
2577,588	67,400	82,400	1,498E+2	0,000E+0	1,830E+2	1,827E+2	0,000E+0	6,746E-1	6,676E-1	0,000E+0	3	0010
2578,588	67,500	82,600	1,501E+2	0,000E+0	1,831E+2	1,827E+2	0,000E+0	6,758E-1	6,691E-1	0,000E+0	3	0010
2579,589	67,600	82,900	1,505E+2	0,000E+0	1,832E+2	1,830E+2	0,000E+0	6,744E-1	6,693E-1	0,000E+0	3	0010
2580,589	67,300	82,500	1,498E+2	0,000E+0	1,829E+2	1,829E+2	0,000E+0	6,746E-1	6,690E-1	0,000E+0	3	0010
2581,591	67,100	82,700	1,498E+2	0,000E+0	1,831E+2	1,830E+2	0,000E+0	6,718E-1	6,687E-1	0,000E+0	3	0010
2582,590	67,300	82,500	1,498E+2	0,000E+0	1,829E+2	1,828E+2	0,000E+0	6,738E-1	6,674E-1	0,000E+0	3	0010
2583,590	67,300	82,500	1,498E+2	0,000E+0	1,829E+2	1,828E+2	0,000E+0	6,738E-1	6,674E-1	0,000E+0	3	0010
2584,590	67,300	82,500	1,498E+2	0,000E+0	1,829E+2	1,828E+2	0,000E+0	6,738E-1	6,674E-1	0,000E+0	3	0010
2585,590	67,300	82,500	1,498E+2	0,000E+0	1,829E+2	1,828E+2	0,000E+0	6,738E-1	6,674E-1	0,000E+0	3	0010
2586,590	67,400	82,600	1,500E+2	0,000E+0	1,831E+2	1,827E+2	0,000E+0	6,743E-1	6,678E-1	0,000E+0	3	0010
2587,590	67,400	82,600	1,500E+2	0,000E+0	1,831E+2	1,827E+2	0,000E+0	6,743E-1	6,678E-1	0,000E+0	3	0010
2588,590	67,400	82,600	1,500E+2	0,000E+0	1,831E+2	1,827E+2	0,000E+0	6,743E-1	6,678E-1	0,000E+0	3	0010
2589,590	67,400	82,600	1,500E+2	0,000E+0	1,831E+2	1,827E+2	0,000E+0	6,743E-1	6,678E-1	0,000E+0	3	0010
2590,590	67,200	82,800	1,500E+2	0,000E+0	1,831E+2	1,830E+2	0,000E+0	6,753E-1	6,694E-1	0,000E+0	3	0010
2591,591	67,500	82,400	1,499E+2	0,000E+0	1,832E+2	1,831E+2	0,000E+0	6,749E-1	6,681E-1	0,000E+0	3	0010
2592,591	67,500	82,400	1,499E+2	0,000E+0	1,832E+2	1,831E+2	0,000E+0	6,749E-1	6,681E-1	0,000E+0	3	0010
2593,592	67,200	82,800	1,500E+2	0,000E+0	1,834E+2	1,831E+2	0,000E+0	6,755E-1	6,694E-1	0,000E+0	3	0010
2594,591	67,500	82,600	1,501E+2	0,000E+0	1,833E+2	1,832E+2	0,000E+0	6,754E-1	6,686E-1	0,000E+0	3	0010
2595,591	67,400	82,600	1,500E+2	0,000E+0	1,832E+2	1,831E+2	0,000E+0	6,757E-1	6,686E-1	0,000E+0	4	0010
2596,591	67,300	82,800	1,501E+2	0,000E+0	1,833E+2	1,832E+2	0,000E+0	6,734E-1	6,685E-1	0,000E+0	4	0010
2597,591	67,300	82,400	1,497E+2	0,000E+0	1,832E+2	1,831E+2	0,000E+0	6,747E-1	6,669E-1	0,000E+0	4	0010
2598,591	67,600	82,400	1,500E+2	0,000E+0	1,833E+2	1,830E+2	0,000E+0	6,756E-1	6,665E-1	0,000E+0	4	0010
2599,591	67,600	82,400	1,500E+2	0,000E+0	1,833E+2	1,830E+2	0,000E+0	6,756E-1	6,665E-1	0,000E+0	4	0010
2600,592	67,600	82,400	1,500E+2	0,000E+0	1,833E+2	1,830E+2	0,000E+0	6,756E-1	6,665E-1	0,000E+0	4	0010
2601,592	67,600	82,400	1,500E+2	0,000E+0	1,833E+2	1,830E+2	0,000E+0	6,756E-1	6,665E-1	0,000E+0	4	0010
2602,592	67,600	82,400	1,500E+2	0,000E+0	1,833E+2	1,830E+2	0,000E+0	6,756E-1	6,665E-1	0,000E+0	4	0010
2603,592	67,300	82,500	1,498E+2	0,000E+0	1,833E+2	1,830E+2	0,000E+0	6,756E-1	6,676E-1	0,000E+0	4	0010
2604,592	67,300	82,500	1,498E+2	0,000E+0	1,833E+2	1,830E+2	0,000E+0	6,756E-1	6,676E-1	0,000E+0	4	0010
2605,592	67,400	82,900	1,503E+2	0,000E+0	1,830E+2	1,831E+2	0,000E+0	6,754E-1	6,696E-1	0,000E+0	4	0010
2606,592	67,400	82,900	1,503E+2	0,000E+0	1,830E+2	1,831E+2	0,000E+0	6,754E-1	6,696E-1	0,000E+0	4	0010
2607,592	67,400	82,600	1,500E+2	0,000E+0	1,833E+2	1,828E+2	0,000E+0	6,751E-1	6,688E-1	0,000E+0	4	0010
2608,592	67,400	82,600	1,500E+2	0,000E+0	1,833E+2	1,828E+2	0,000E+0	6,751E-1	6,688E-1	0,000E+0	4	0010
2609,592	67,400	82,600	1,500E+2	0,000E+0	1,833E+2	1,828E+2	0,000E+0	6,751E-1	6,688E-1	0,000E+0	4	0010
2610,592	67,200	82,700	1,499E+2	0,000E+0	1,831E+2	1,830E+2	0,000E+0	6,734E-1	6,691E-1	0,000E+0	4	0010
2611,592	67,200	82,800	1,500E+2	0,000E+0	1,829E+2	1,830E+2	0,000E+0	6,736E-1	6,692E-1	0,000E+0	4	0010
2612,592	67,400	82,700	1,501E+2	0,000E+0	1,831E+2	1,829E+2	0,000E+0	6,743E-1	6,688E-1	0,000E+0	4	0010
2613,592	67,300	82,900	1,502E+2	0,000E+0	1,830E+2	1,830E+2	0,000E+0	6,731E-1	6,696E-1	0,000E+0	5	0010
2614,593	67,400	82,600	1,500E+2	0,000E+0	1,832E+2	1,830E+2	0,000E+0	6,749E-1	6,685E-1	0,000E+0	5	0010
2615,592	67,200	82,600	1,498E+2	0,000E+0	1,833E+2	1,832E+2	0,000E+0	6,735E-1	6,675E-1	0,000E+0	5	0010
2616,592	67,500	82,700	1,502E+2	0,000E+0	1,833E+2	1,831E+2	0,000E+0	6,741E-1	6,690E-1	0,000E+0	5	0010
2617,593	67,500	82,700	1,502E+2	0,000E+0	1,833E+2	1,831E+2	0,000E+0	6,741E-1	6,690E-1	0,000E+0	5	0010
2618,593	67,500	82,700	1,502E+2	0,000E+0	1,833E+2	1,831E+2	0,000E+0	6,741E-1	6,690E-1	0,000E+0	5	0010
2619,594	67,500	82,700	1,502E+2	0,000E+0	1,833E+2	1,831E+2	0,000E+0	6,741E-1	6,690E-1	0,000E+0	5	0010
2620,594	67,500	82,700	1,502E+2	0,000E+0	1,831E+2	1,828E+2	0,000E+0	6,735E-1	6,686E-1	0,000E+0	5	0010
2621,595	67,500	82,700	1,502E+2	0,000E+0	1,831E+2	1,828E+2	0,000E+0	6,735E-1	6,686E-1	0,000E+0	5	0010
2622,594	67,500	82,700	1,502E+2	0,000E+0	1,831E+2	1,828E+2	0,000E+0	6,735E-1	6,686E-1	0,000E+0	5	0010
2623,594	67,300	82,600	1,499E+2	0,000E+0	1,832E+2	1,828E+2	0,000E+0	6,728E-1	6,678E-1	0,000E+0	5	0010
2624,595	67,300	82,600	1,499E+2	0,000E+0	1,832E+2	1,828E+2	0,000E+0	6,728E-1	6,678E-1	0,000E+0	5	0010
2625,595	67,300	82,600	1,499E+2	0,000E+0	1,832E+2	1,828E+2	0,000E+0	6,728E-1	6,678E-1	0,000E+0	5	0010
2626,595	67,300	82,600	1,499E+2	0,000E+0	1,832E+2	1,828E+2	0,000E+0	6,728E-1	6,678E-1	0,000E+0	5	0010
2627,595	67,100	82,400	1,495E+2	0,000E+0	1,832E+2	1,829E+2	0,000E+0	6,739E-1	6,675E-1	0,000E+0	5	0010
2628,597	67,400	82,500	1,499E+2	0,000E+0	1,832E+2	1,829E+2	0,000E+0	6,749E-1	6,674E-1	0,000E+0	5	0010
2629,596	67,500	82,800	1,503E+2	0,000E+0	1,832E+2	1,831E+2	0,000E+0	6,753E-1	6,688E-1	0,000E+0	5	0010
2630,596	67,500	82,800	1,503E+2	0,000E+0	1,832E+2	1,831E+2	0,000E+0	6,753E-1	6,688E-1	0,000E+0	5	0010
2631,596	67,200	82,600	1,498E+2	0,000E+0	1,830E+2	1,830E+2	0,000E+0	6,736E-1	6,682E-1	0,000E+0	6	0010
2632,597	67,300	82,700	1,500E+2	0,000E+0	1,831E+2	1,832E+2	0,000E+0	6,743E-1	6,684E-1	0,000E+0	6	0010
2633,598	67,400	82,700	1,501E+2	0,000E+0	1,831E+2	1,829E+2	0,000E+0	6,750E-1	6,701E-1	0,000E+0	6	0010
2634,599	67,200	82,700	1,499E+2	0,000E+0	1,833E+2	1,830E+2	0,000E+0	6,752E-1	6,681E-1	0,000E+0	6	0010
2635,600	67,300	82,600	1,499E+2	0,000E+0	1,832E+2	1,830E+2	0,000E+0	6,745E-1	6,677E-1	0,000E+0	6	0010
2636,599	67,300	82,600	1,499E+2	0,000E+0	1,832E+2	1,830E+2	0,000E+0	6,745E-1	6,677E-1	0,000E+0	6	0010
2637,599	67,300	82,600	1,499E+2	0,000E+0	1,832E+2	1,830E+2	0,000E+0	6,745E-1	6,677E-1	0,000E+0	6	0010
2638,601	67,300	82,600	1,499E+2	0,000E+0	1,832E+2	1,830E+2	0,000E+0	6,745E-1	6,677E-1	0,000E+0	6	0010
2639,600	67,500	82,700	1,502E+2	0,000E+0	1,831E+2	1,830E+2	0,000E+0	6,745E-1	6,680E-1	0,000E+0	6	0010
2640,600	67,500	82,700	1,502E+2	0,000E+0	1,831E+2	1,830E+2	0,000E+0	6,745E-1	6,680E-1	0,000E+0	6	0010
2641,600	67,500	82,700	1,502E+2	0,000E+0	1,831E+2	1,830E+2	0,000E+0	6,745E-1	6,680E-1	0,000E+0	6	0010
2642,600	67,500	82,700	1,502E+2	0,000E+0	1,831E+2	1,830E+2	0,000E+0	6,745E-1	6,680E-1	0,000E+0	6	0010
2643,600	67,500	82,500	1,500E+2	0,000E+0	1,831E+2	1,829E+2	0,000E+0	6,749E-1	6,684E-1	0,000E+0	6	0010
2644,600	67,400	82,500	1,499E+2	0,000E+0	1,832E+2	1,829E+2	0,000E+0	6,744E-1	6,667E-1	0,000E+0	6	0010
2645,601	67,400	82,500	1,499E+2	0,000E+0	1,832E+2	1,829E+2	0,000E+0	6,744E-1	6,667E-1	0,000E+0	6	0010
2646,600	67,300	82,300	1,496E+2	0,000E+0	1,830E+2	1,830E+2	0,000E+0	6,735E-1	6,668E-1	0,000E+0	6	0010
2647,601	67,400	82,300	1,497E+2	0,000E+0	1,830E+2	1,830E+2	0,000E+0	6,738E-1	6,669E-1	0,000E+0	6	0010
2648,601	67,400	82,800	1,502E+2	0,000E+0	1,831E+2	1,830E+2	0,000E+0	6,739E-1	6,696E-1	0,000E+0	7	0010
2649,601	67,400	82,600	1,500E+2	0,000E+0	1,830E+2	1,831E+2	0,000E+0	6,753E-1	6,689E-1	0,000E+0	7	0010
2650,601	67,500	82,400	1,499E+2	0,000E+0	1,832E+2	1,828E+2	0,000E+0	6,739E-1	6,680E-1	0,000E+0	7	0010
2651,601	67,400	82,700	1,501E+2	0,000E+0	1,832E+2	1,828E+2	0,000E+0	6,755E-1	6,688E-1	0,000E+0	7	0010
2652,603	67,300	82,500	1,498E+2	0,000E+0	1,831E+2	1,828E+2	0,000E+0	6,738E-1	6,681E-1	0,000E+0	7	0010
2653,602	67,300	82,500	1,498E+2	0,000E+0	1,831E+2	1,828E+2	0,000E+0	6,738E-1	6,681E-1	0,000E+0	7	0010
2654,602	67,300	82,500	1,498E+2	0,000E+0	1,831E+2	1,828E+2	0,000E+0	6,738E-1	6,681E-1	0,000E+0	7	0010
2655,602	67,300	82,500	1,498E+2	0,000E+0	1,831E+2	1,828E+2	0,000E+0	6,738E-1	6,681E-1	0,000E+0	7	0010
2656,602	67,300	83,000	1,503E+2	0,000E+0	1,832E+2	1,832E+2	0,000E+0	6,744E-1	6,710E-1	0,000E+0	7	0010
2657,602	67,300	83,000	1,503E+2	0,000E+0	1,832E+2	1,832E+2	0,000E+0	6,744E-1	6,710E-1	0,000E+0	7	0010
2658,602	67,300	83,000	1,503E+2	0,000E+0	1,832E+2	1,832E+2	0,000E+0	6,744E-1	6,710E-1	0,000E+0	7	0010
2659,603	67,300	82,700	1,500E+2	0,000E+0	1,831E+2	1,831E+2	0,000E+0	6,738E-1	6,690E-1	0,000E+0	7	0010
2660,602	67,300	82,700	1,500E+2	0,000E+0	1,831E+2	1,831E+2	0,000E+0	6,738E-1	6,690E-1	0,000E+0	7	0010
2661,602	67,300	82,700	1,500E+2	0,000E+0	1,831E+2	1,831E+2	0,000E+0	6,738E-1	6,690E-1	0,000E+0	7	0010
2662,602	67,300	82,700	1,500E+2	0,000E+0	1,831E+2	1,831E+2	0,000E+0	6,738E-1	6,690E-1	0,000E+0	7	0010
2663,603	67,500	82,500	1,500E+2	0,000E+0	1,832E+2	1,828E+2	0,000E+0	6,754E-1	6,679E-1	0,000E+0	7	0010
2664,603	67,500	82,400	1,499E+2	0,000E+0	1,832E+2	1,828E+2	0,000E+0	6,747E-1	6,679E-1	0,000E+0	7	0010
2665,603	67,400	82,700	1,501E+2	0,000E+0	1,831E+2	1,830E+2	0,000E+0	6,749E-1	6,692E-1	0,000E+0	7	0010
2666,604	67,400	82,700	1,501E+2	0,000E+0	1,832E+2	1,830E+2	0,000E+0	6,748E-1	6,696E-1	0,000E+0	7	0010
2667,604	67,400	82,700	1,501E+2	0,000E+0	1,832E+2	1,830E+2	0,000E+0	6,748E-1	6,696E-1	0,000E+0	7	0010
2668,604	63,000	75,800	1,388E+2	0,000E+0	1,825E+2	1,823E+2	0,000E+0	6,245E-1	6,195E-1	0,000E+0	7	0010
2669,605	53,900	61,600	1,155E+2	0,000E+0	1,800E+2	1,798E+2	0,000E+0	5,212E-1	5,168E-1	0,000E+0	7	0010
2670,605	55,500	63,600	1,191E+2	0,000E+0	1,797E+2	1,804E+2	0,000E+0	5,405E-1	5,341E-1	0,000E+0	7	0010
2671,606	55,600	64,300	1,199E+2	0,000E+0	1,803E+2	1,801E+2	0,000E+0	5,403E-1	5,370E-1	0,000E+0	7	0010
2672,605	53,900	61,300	1,152E+2	0,000E+0	1,800E+2	1,798E+2	0,000E+0	5,205E-1	5,161E-1	0,000E+0	7	0010
2673,605	53,900	61,300	1,152E+2	0,000E+0	1,800E+2	1,798E+2	0,000E+0	5,205E-1	5,161E-1	0,000E+0	7	0010
2674,605	52,200	58,500	1,107E+2	0,000E+0	1,796E+2	1,792E+2	0,000E+0	5,023E-1	4,951E-1	0,000E+0	7	0010
2675,605	50,400	55,900	1,063E+2	0,000E+0	1,791E+2	1,788E+2	0,000E+0	4,810E-1	4,758E-1	0,000E+0	7	0010
2676,606	45,700	49,500	9,520E+1	0,000E+0	1,779E+2	1,777E+2	0,000E+0	4,314E-1	4,273E-1	0,000E+0	7	0010
2677,605	45,500	49,400	9,490E+1	0,000E+0	1,777E+2	1,776E+2	0,000E+0	4,301E-1	4,272E-1	0,000E+0	7	0010
2678,605	45,100	48,800	9,390E+1	0,000E+0	1,775E+2	1,776E+2	0,000E+0	4,259E-1	4,218E-1	0,000E+0	7	0010
2679,605	44,100	47,200	9,130E+1	0,000E+0	1,776E+2	1,773E+2	0,000E+0	4,149E-1	4,103E-1	0,000E+0	7	0010
2680,605	43,400	46,100	8,950E+1	0,000E+0	1,774E+2	1,771E+2	0,000E+0	4,078E-1	4,020E-1	0,000E+0	7	0010
2681,605	42,900	45,600	8,850E+1	0,000E+0	1,772E+2	1,769E+2	0,000E+0	4,021E-1	3,983E-1	0,000E+0	7	0010
2682,606	42,400	45,100	8,750E+1	0,000E+0	1,772E+2	1,770E+2	0,000E+0	3,976E-1	3,939E-1	0,000E+0	7	0010
2683,608	41,500	43,900	8,540E+1	0,000E+0	1,770E+2	1,769E+2	0,000E+0	3,884E-1	3,845E-1	0,000E+0	7	0010
2684,607	34,100	34,700	6,880E+1	0,000E+0	1,751E+2	1,751E+2	0,000E+0	3,158E-1	3,126E-1	0,000E+0	7	0010
2685,608	34,100	34,800	6,890E+1	0,000E+0	1,751E+2	1,750E+2	0,000E+0	3,161E-1	3,135E-1	0,000E+0	7	0010
2686,608	34,100	34,800	6,890E+1	0,000E+0	1,751E+2	1,750E+2	0,000E+0	3,161E-1	3,135E-1	0,000E+0	7	0010
2687,609	32,700	33,000	6,570E+1	0,000E+0	1,752E+2	1,748E+2	0,000E+0	3,041E-1	3,013E-1	0,000E+0	7	0010
2688,609	32,700	33,000	6,570E+1	0,000E+0	1,752E+2	1,748E+2	0,000E+0	3,041E-1	3,013E-1	0,000E+0	7	0010
2689,609	32,000	32,200	6,420E+1	0,000E+0	1,746E+2	1,746E+2	0,000E+0	2,958E-1	2,936E-1	0,000E+0	7	0010
2690,610	31,100	31,100	6,220E+1	0,000E+0	1,746E+2	1,744E+2	0,000E+0	2,866E-1	2,842E-1	0,000E+0	7	0010
2691,609	30,200	30,200	6,040E+1	0,000E+0	1,742E+2	1,741E+2	0,000E+0	2,790E-1	2,771E-1	0,000E+0	7	0010
2692,609	30,000	29,900	5,990E+1	0,000E+0	1,744E+2	1,740E+2	0,000E+0	2,777E-1	2,752E-1	0,000E+0	7	0010
2693,610	29,500	29,500	5,900E+1	0,000E+0	1,741E+2	1,742E+2	0,000E+0	2,730E-1	2,715E-1	0,000E+0	7	0010
2694,610	29,200	29,000	5,820E+1	0,000E+0	1,742E+2	1,739E+2	0,000E+0	2,705E-1	2,689E-1	0,000E+0	7	0010
2695,611	28,800	28,400	5,720E+1	0,000E+0	1,741E+2	1,738E+2	0,000E+0	2,662E-1	2,640E-1	0,000E+0	7	0010
2696,611	28,800	28,400	5,720E+1	0,000E+0	1,741E+2	1,738E+2	0,000E+0	2,662E-1	2,640E-1	0,000E+0	7	0010
2697,612	28,100	27,800	5,590E+1	0,000E+0	1,740E+2	1,738E+2	0,000E+0	2,602E-1	2,586E-1	0,000E+0	7	0010
2698,612	28,100	27,700	5,580E+1	0,000E+0	1,739E+2	1,739E+2	0,000E+0	2,599E-1	2,569E-1	0,000E+0	7	0010
2699,612	27,800	27,300	5,510E+1	0,000E+0	1,737E+2	1,737E+2	0,000E+0	2,573E-1	2,549E-1	0,000E+0	7	0010
2700,612	27,800	27,300	5,510E+1	0,000E+0	1,737E+2	1,737E+2	0,000E+0	2,573E-1	2,549E-1	0,000E+0	7	0010
2701,612	24,300	23,200	4,750E+1	0,000E+0	1,730E+2	1,728E+2	0,000E+0	2,248E-1	2,224E-1	0,000E+0	7	0010
2702,613	24,000	22,700	4,670E+1	0,000E+0	1,727E+2	1,727E+2	0,000E+0	2,220E-1	2,181E-1	0,000E+0	7	0010
2703,613	23,500	22,400	4,590E+1	0,000E+0	1,728E+2	1,726E+2	0,000E+0	2,182E-1	2,162E-1	0,000E+0	7	0010
2704,613	23,000	22,000	4,500E+1	0,000E+0	1,725E+2	1,725E+2	0,000E+0	2,136E-1	2,124E-1	0,000E+0	7	0010
2705,613	22,800	21,300	4,410E+1	0,000E+0	1,725E+2	1,723E+2	0,000E+0	2,115E-1	2,076E-1	0,000E+0	7	0010
2706,614	22,800	21,300	4,410E+1	0,000E+0	1,725E+2	1,723E+2	0,000E+0	2,115E-1	2,076E-1	0,000E+0	7	0010
2707,614	22,000	20,600	4,260E+1	0,000E+0	1,722E+2	1,720E+2	0,000E+0	2,055E-1	2,025E-1	0,000E+0	7	0010
2708,614	21,600	20,200	4,180E+1	0,000E+0	1,721E+2	1,720E+2	0,000E+0	2,012E-1	1,989E-1	0,000E+0	7	0010
2709,615	21,200	19,900	4,110E+1	0,000E+0	1,719E+2	1,718E+2	0,000E+0	1,983E-1	1,971E-1	0,000E+0	7	0010
2710,616	21,100	19,500	4,060E+1	0,000E+0	1,718E+2	1,716E+2	0,000E+0	1,974E-1	1,947E-1	0,000E+0	7	0010
2711,616	20,600	19,200	3,980E+1	0,000E+0	1,717E+2	1,716E+2	0,000E+0	1,927E-1	1,911E-1	0,000E+0	7	0010
2712,617	14,400	13,400	2,780E+1	0,000E+0	1,706E+2	1,704E+2	0,000E+0	1,434E-1	1,410E-1	0,000E+0	7	0010
2713,617	14,600	13,400	2,800E+1	0,000E+0	1,695E+2	1,694E+2	0,000E+0	1,460E-1	1,433E-1	0,000E+0	7	0010
2714,618	15,600	14,400	3,000E+1	0,000E+0	1,701E+2	1,701E+2	0,000E+0	1,540E-1	1,515E-1	0,000E+0	7	0010
2715,618	15,200	14,000	2,920E+1	0,000E+0	1,703E+2	1,701E+2	0,000E+0	1,498E-1	1,479E-1	0,000E+0	7	0010
2716,618	15,200	14,000	2,920E+1	0,000E+0	1,703E+2	1,701E+2	0,000E+0	1,498E-1	1,479E-1	0,000E+0	7	0010
2717,618	15,000	14,100	2,910E+1	0,000E+0	1,701E+2	1,702E+2	0,000E+0	1,489E-1	1,480E-1	0,000E+0	7	0010
2718,618	15,100	14,200	2,930E+1	0,000E+0	1,702E+2	1,702E+2	0,000E+0	1,499E-1	1,483E-1	0,000E+0	7	0010
2719,619	14,800	13,800	2,860E+1	0,000E+0	1,701E+2	1,701E+2	0,000E+0	1,472E-1	1,453E-1	0,000E+0	7	0010
2720,619	14,100	13,100	2,720E+1	0,000E+0	1,697E+2	1,696E+2	0,000E+0	1,418E-1	1,398E-1	0,000E+0	7	0010
2721,619	14,800	13,600	2,840E+1	0,000E+0	1,699E+2	1,696E+2	0,000E+0	1,475E-1	1,452E-1	0,000E+0	7	0010
2722,619	14,900	13,700	2,860E+1	0,000E+0	1,701E+2	1,699E+2	0,000E+0	1,478E-1	1,455E-1	0,000E+0	7	0010
2723,619	14,900	13,700	2,860E+1	0,000E+0	1,701E+2	1,699E+2	0,000E+0	1,478E-1	1,455E-1	0,000E+0	7	0010
2724,619	12,300	11,500	2,380E+1	0,000E+0	1,689E+2	1,688E+2	0,000E+0	1,262E-1	1,247E-1	0,000E+0	7	0010
2725,620	12,000	11,100	2,310E+1	0,000E+0	1,680E+2	1,676E+2	0,000E+0	1,242E-1	1,228E-1	0,000E+0	7	0010
2726,620	12,500	11,600	2,410E+1	0,000E+0	1,679E+2	1,678E+2	0,000E+0	1,289E-1	1,275E-1	0,000E+0	7	0010
2727,620	13,100	12,100	2,520E+1	0,000E+0	1,689E+2	1,687E+2	0,000E+0	1,333E-1	1,312E-1	0,000E+0	7	0010
2728,621	12,700	11,900	2,460E+1	0,000E+0	1,689E+2	1,687E+2	0,000E+0	1,298E-1	1,289E-1	0,000E+0	7	0010
2729,622	12,400	11,600	2,400E+1	0,000E+0	1,683E+2	1,683E+2	0,000E+0	1,276E-1	1,265E-1	0,000E+0	7	0010
2730,622	12,700	11,800	2,450E+1	0,000E+0	1,685E+2	1,684E+2	0,000E+0	1,306E-1	1,288E-1	0,000E+0	7	0010
2731,622	12,800	12,000	2,480E+1	0,000E+0	1,689E+2	1,689E+2	0,000E+0	1,304E-1	1,294E-1	0,000E+0	7	0010
2732,623	12,800	12,000	2,480E+1	0,000E+0	1,689E+2	1,689E+2	0,000E+0	1,304E-1	1,294E-1	0,000E+0	7	0010
2733,623	11,700	10,900	2,260E+1	0,000E+0	1,671E+2	1,670E+2	0,000E+0	1,227E-1	1,214E-1	0,000E+0	7	0010
2734,623	2,200	1,700	3,900E+0	0,000E+0	1,346E+2	1,345E+2	0,000E+0	4,020E-2	4,010E-2	0,000E+0	7	0010
2735,624	0,100	0,200	3,000E-1	0,000E+0	9,453E+1	9,431E+1	0,000E+0	0,000E+0	0,000E+0	0,000E+0	7	0010
2736,625	0,100	0,200	3,000E-1	0,000E+0	7,838E+1	7,830E+1	0,000E+0	0,000E+0	0,000E+0	0,000E+0	7	0010
2737,625	0,200	0,200	4,000E-1	0,000E+0	6,387E+1	6,381E+1	0,000E+0	0,000E+0	0,000E+0	0,000E+0	7	0010
2738,625	0,100	0,100	2,000E-1	0,000E+0	5,092E+1	5,089E+1	0,000E+0	0,000E+0	0,000E+0	0,000E+0	7	0010
2739,626	0,000	0,000	0,000E+0	0,000E+0	3,953E+1	3,952E+1	0,000E+0	0,000E+0	0,000E+0	0,000E+0	7	0010
2740,625	0,000	0,000	0,000E+0	0,000E+0	3,953E+1	3,952E+1	0,000E+0	0,000E+0	0,000E+0	0,000E+0	7	0010
2741,626	0,000	0,000	0,000E+0	0,000E+0	1,884E+1	1,889E+1	0,000E+0	0,000E+0	0,000E+0	0,000E+0	7	0010
