t	PL(A)	PL(B)	PL(T)	PL(E)	V(A)	V(B)	V(E)	I(A)	I(B)	I(E)	n_bracos	n_res
124,052	0,000	0,000	0,000E+0	0,000E+0	0,000E+0	0,000E+0	0,000E+0	0,000E+0	0,000E+0	0,000E+0	7	0111
0,003	0,000	0,000	0,000E+0	0,000E+0	0,000E+0	0,000E+0	0,000E+0	0,000E+0	0,000E+0	0,000E+0	7	0111
1,003	0,000	0,000	0,000E+0	0,000E+0	0,000E+0	0,000E+0	0,000E+0	0,000E+0	0,000E+0	0,000E+0	7	0111
2,005	0,000	0,000	0,000E+0	0,000E+0	0,000E+0	0,000E+0	0,000E+0	0,000E+0	0,000E+0	0,000E+0	7	0111
3,005	0,000	0,000	0,000E+0	0,000E+0	0,000E+0	0,000E+0	0,000E+0	0,000E+0	0,000E+0	0,000E+0	7	0111
4,006	0,000	0,000	0,000E+0	0,000E+0	0,000E+0	0,000E+0	0,000E+0	0,000E+0	0,000E+0	0,000E+0	7	0111
5,005	0,000	0,000	0,000E+0	0,000E+0	0,000E+0	0,000E+0	0,000E+0	0,000E+0	0,000E+0	0,000E+0	7	0111
6,005	0,000	0,000	0,000E+0	0,000E+0	0,000E+0	0,000E+0	0,000E+0	0,000E+0	0,000E+0	0,000E+0	7	0111
7,006	0,000	0,000	0,000E+0	0,000E+0	0,000E+0	0,000E+0	0,000E+0	0,000E+0	0,000E+0	0,000E+0	7	0111
8,005	0,000	0,000	0,000E+0	0,000E+0	0,000E+0	0,000E+0	0,000E+0	0,000E+0	0,000E+0	0,000E+0	7	0111
9,006	0,000	0,000	0,000E+0	0,000E+0	0,000E+0	0,000E+0	0,000E+0	0,000E+0	0,000E+0	0,000E+0	7	0111
10,005	0,000	0,000	0,000E+0	0,000E+0	0,000E+0	0,000E+0	0,000E+0	0,000E+0	0,000E+0	0,000E+0	7	0111
11,005	0,000	0,000	0,000E+0	0,000E+0	0,000E+0	0,000E+0	0,000E+0	0,000E+0	0,000E+0	0,000E+0	7	0111
12,005	0,000	0,000	0,000E+0	0,000E+0	0,000E+0	0,000E+0	0,000E+0	0,000E+0	0,000E+0	0,000E+0	7	0111
13,005	0,000	0,000	0,000E+0	0,000E+0	0,000E+0	0,000E+0	0,000E+0	0,000E+0	0,000E+0	0,000E+0	7	0111
14,006	0,000	0,000	0,000E+0	0,000E+0	0,000E+0	0,000E+0	0,000E+0	0,000E+0	0,000E+0	0,000E+0	7	0111
15,006	0,000	0,000	0,000E+0	0,000E+0	0,000E+0	0,000E+0	0,000E+0	0,000E+0	0,000E+0	0,000E+0	7	0111
16,007	0,000	0,000	0,000E+0	0,000E+0	0,000E+0	0,000E+0	0,000E+0	0,000E+0	0,000E+0	0,000E+0	7	0111
17,006	0,000	0,000	0,000E+0	0,000E+0	0,000E+0	0,000E+0	0,000E+0	0,000E+0	0,000E+0	0,000E+0	7	0111
18,006	0,000	0,000	0,000E+0	0,000E+0	0,000E+0	0,000E+0	0,000E+0	0,000E+0	0,000E+0	0,000E+0	7	0111
19,007	0,000	0,000	0,000E+0	0,000E+0	0,000E+0	0,000E+0	0,000E+0	0,000E+0	0,000E+0	0,000E+0	7	0111
20,007	0,000	32,500	3,250E+1	0,000E+0	4,333E+1	5,893E+1	0,000E+0	0,000E+0	2,776E+0	0,000E+0	7	0111
21,008	0,100	120,500	1,206E+2	0,000E+0	5,457E+1	8,711E+1	0,000E+0	0,000E+0	5,396E+0	0,000E+0	7	0111
22,008	25,800	30,100	5,590E+1	0,000E+0	1,178E+2	1,204E+2	0,000E+0	9,331E-1	8,940E-1	0,000E+0	7	0111
23,009	33,600	41,900	7,550E+1	0,000E+0	1,802E+2	1,800E+2	0,000E+0	4,798E-1	4,730E-1	0,000E+0	7	0111
24,009	6,600	5,900	1,250E+1	0,000E+0	1,621E+2	1,621E+2	0,000E+0	7,540E-2	7,440E-2	0,000E+0	7	0111
25,009	7,200	6,400	1,360E+1	0,000E+0	1,558E+2	1,559E+2	0,000E+0	8,550E-2	8,460E-2	0,000E+0	7	0111
26,009	11,700	10,700	2,240E+1	0,000E+0	1,606E+2	1,604E+2	0,000E+0	1,293E-1	1,278E-1	0,000E+0	7	0111
27,009	17,900	16,600	3,450E+1	0,000E+0	1,686E+2	1,686E+2	0,000E+0	1,755E-1	1,739E-1	0,000E+0	7	0111
28,010	13,600	12,800	2,640E+1	0,000E+0	1,704E+2	1,702E+2	0,000E+0	1,361E-1	1,345E-1	0,000E+0	7	0111
29,010	13,600	12,800	2,640E+1	0,000E+0	1,704E+2	1,702E+2	0,000E+0	1,361E-1	1,345E-1	0,000E+0	7	0111
30,011	11,700	11,000	2,270E+1	0,000E+0	1,670E+2	1,671E+2	0,000E+0	1,221E-1	1,213E-1	0,000E+0	7	0111
31,010	12,900	11,900	2,480E+1	0,000E+0	1,677E+2	1,676E+2	0,000E+0	1,322E-1	1,302E-1	0,000E+0	7	0111
32,010	13,500	12,600	2,610E+1	0,000E+0	1,687E+2	1,685E+2	0,000E+0	1,367E-1	1,346E-1	0,000E+0	7	0111
33,010	13,000	12,100	2,510E+1	0,000E+0	1,688E+2	1,687E+2	0,000E+0	1,317E-1	1,303E-1	0,000E+0	7	0111
34,010	12,400	11,600	2,400E+1	0,000E+0	1,681E+2	1,679E+2	0,000E+0	1,275E-1	1,263E-1	0,000E+0	7	0111
35,011	12,400	11,600	2,400E+1	0,000E+0	1,681E+2	1,679E+2	0,000E+0	1,275E-1	1,263E-1	0,000E+0	7	0111
36,010	13,100	12,100	2,520E+1	0,000E+0	1,686E+2	1,684E+2	0,000E+0	1,332E-1	1,308E-1	0,000E+0	7	0111
37,011	12,800	12,000	2,480E+1	0,000E+0	1,684E+2	1,684E+2	0,000E+0	1,306E-1	1,292E-1	0,000E+0	7	0111
38,011	12,900	12,000	2,490E+1	0,000E+0	1,687E+2	1,684E+2	0,000E+0	1,315E-1	1,292E-1	0,000E+0	7	0111
39,011	12,900	12,000	2,490E+1	0,000E+0	1,688E+2	1,686E+2	0,000E+0	1,315E-1	1,295E-1	0,000E+0	7	0111
40,012	12,900	11,900	2,480E+1	0,000E+0	1,686E+2	1,684E+2	0,000E+0	1,314E-1	1,291E-1	0,000E+0	7	0111
41,012	12,900	11,900	2,480E+1	0,000E+0	1,686E+2	1,684E+2	0,000E+0	1,314E-1	1,291E-1	0,000E+0	7	0111
42,013	12,900	12,100	2,500E+1	0,000E+0	1,685E+2	1,687E+2	0,000E+0	1,316E-1	1,299E-1	0,000E+0	7	0111
43,012	13,100	12,000	2,510E+1	0,000E+0	1,689E+2	1,685E+2	0,000E+0	1,327E-1	1,302E-1	0,000E+0	7	0111
44,012	13,100	12,000	2,510E+1	0,000E+0	1,689E+2	1,685E+2	0,000E+0	1,327E-1	1,302E-1	0,000E+0	7	0111
45,013	15,300	14,200	2,950E+1	0,000E+0	1,686E+2	1,686E+2	0,000E+0	1,541E-1	1,525E-1	0,000E+0	7	0111
46,013	21,000	19,600	4,060E+1	0,000E+0	1,712E+2	1,708E+2	0,000E+0	1,977E-1	1,953E-1	0,000E+0	7	0111
47,015	30,300	29,900	6,020E+1	0,000E+0	1,735E+2	1,732E+2	0,000E+0	2,821E-1	2,777E-1	0,000E+0	7	0111
48,014	39,300	41,600	8,090E+1	0,000E+0	1,759E+2	1,757E+2	0,000E+0	3,701E-1	3,684E-1	0,000E+0	7	0111
49,014	51,100	57,400	1,085E+2	0,000E+0	1,785E+2	1,784E+2	0,000E+0	4,936E-1	4,902E-1	0,000E+0	7	0111
50,014	58,900	69,600	1,285E+2	0,000E+0	1,805E+2	1,806E+2	0,000E+0	5,802E-1	5,775E-1	0,000E+0	7	0111
51,014	58,900	69,600	1,285E+2	0,000E+0	1,805E+2	1,806E+2	0,000E+0	5,802E-1	5,775E-1	0,000E+0	7	0111
52,015	71,400	89,600	1,610E+2	0,000E+0	1,841E+2	1,836E+2	0,000E+0	7,246E-1	7,170E-1	0,000E+0	7	0111
53,014	71,400	89,600	1,610E+2	0,000E+0	1,841E+2	1,836E+2	0,000E+0	7,246E-1	7,170E-1	0,000E+0	7	0111
54,015	62,400	75,100	1,375E+2	0,000E+0	1,756E+2	1,756E+2	0,000E+0	6,675E-1	6,637E-1	0,000E+0	7	0111
55,014	69,500	88,900	1,584E+2	0,000E+0	1,730E+2	1,728E+2	0,000E+0	8,332E-1	8,266E-1	0,000E+0	7	0111
56,015	79,400	107,100	1,865E+2	0,000E+0	1,764E+2	1,759E+2	0,000E+0	9,707E-1	9,569E-1	0,000E+0	7	0111
57,014	78,000	105,300	1,833E+2	0,000E+0	1,762E+2	1,760E+2	0,000E+0	9,443E-1	9,415E-1	0,000E+0	7	0111
58,015	78,100	105,600	1,837E+2	0,000E+0	1,761E+2	1,760E+2	0,000E+0	9,494E-1	9,437E-1	0,000E+0	7	0111
59,017	80,100	108,500	1,886E+2	0,000E+0	1,768E+2	1,766E+2	0,000E+0	9,741E-1	9,647E-1	0,000E+0	7	0111
60,016	81,600	112,000	1,936E+2	0,000E+0	1,773E+2	1,769E+2	0,000E+0	9,988E-1	9,897E-1	0,000E+0	7	0111
61,018	82,400	113,000	1,954E+2	0,000E+0	1,777E+2	1,772E+2	0,000E+0	1,011E+0	9,994E-1	0,000E+0	7	0111
62,017	82,300	115,200	1,975E+2	0,000E+0	1,776E+2	1,778E+2	0,000E+0	1,014E+0	1,016E+0	0,000E+0	7	0111
63,017	82,300	115,200	1,975E+2	0,000E+0	1,776E+2	1,778E+2	0,000E+0	1,014E+0	1,016E+0	0,000E+0	7	0111
64,017	85,800	117,200	2,030E+2	0,000E+0	1,789E+2	1,778E+2	0,000E+0	1,052E+0	1,028E+0	0,000E+0	7	0111
65,017	85,100	118,700	2,038E+2	0,000E+0	1,786E+2	1,781E+2	0,000E+0	1,052E+0	1,040E+0	0,000E+0	7	0111
66,018	84,900	119,100	2,040E+2	0,000E+0	1,785E+2	1,783E+2	0,000E+0	1,051E+0	1,041E+0	0,000E+0	7	0111
67,017	85,800	118,800	2,046E+2	0,000E+0	1,791E+2	1,784E+2	0,000E+0	1,060E+0	1,038E+0	0,000E+0	7	0111
68,017	85,800	119,700	2,055E+2	0,000E+0	1,791E+2	1,783E+2	0,000E+0	1,061E+0	1,044E+0	0,000E+0	7	0111
69,018	86,900	119,700	2,066E+2	0,000E+0	1,794E+2	1,782E+2	0,000E+0	1,074E+0	1,046E+0	0,000E+0	7	0111
70,018	85,500	122,300	2,078E+2	0,000E+0	1,787E+2	1,787E+2	0,000E+0	1,074E+0	1,069E+0	0,000E+0	7	0111
71,018	87,700	119,900	2,076E+2	0,000E+0	1,797E+2	1,784E+2	0,000E+0	1,078E+0	1,045E+0	0,000E+0	7	0111
72,019	85,700	122,200	2,079E+2	0,000E+0	1,788E+2	1,789E+2	0,000E+0	1,066E+0	1,063E+0	0,000E+0	7	0111
73,019	85,700	122,200	2,079E+2	0,000E+0	1,788E+2	1,789E+2	0,000E+0	1,066E+0	1,063E+0	0,000E+0	7	0111
74,021	85,900	122,400	2,083E+2	0,000E+0	1,790E+2	1,790E+2	0,000E+0	1,068E+0	1,063E+0	0,000E+0	7	0111
75,020	86,300	122,300	2,086E+2	0,000E+0	1,790E+2	1,786E+2	0,000E+0	1,078E+0	1,066E+0	0,000E+0	7	0111
76,021	87,100	121,800	2,089E+2	0,000E+0	1,795E+2	1,786E+2	0,000E+0	1,084E+0	1,062E+0	0,000E+0	7	0111
77,020	85,800	122,700	2,085E+2	0,000E+0	1,787E+2	1,787E+2	0,000E+0	1,076E+0	1,071E+0	0,000E+0	7	0111
78,020	87,000	122,300	2,093E+2	0,000E+0	1,794E+2	1,788E+2	0,000E+0	1,081E+0	1,062E+0	0,000E+0	7	0111
79,020	87,600	121,700	2,093E+2	0,000E+0	1,797E+2	1,788E+2	0,000E+0	1,084E+0	1,057E+0	0,000E+0	7	0111
80,020	87,400	122,300	2,097E+2	0,000E+0	1,798E+2	1,789E+2	0,000E+0	1,080E+0	1,062E+0	0,000E+0	7	0111
81,022	87,000	122,500	2,095E+2	0,000E+0	1,796E+2	1,788E+2	0,000E+0	1,084E+0	1,065E+0	0,000E+0	7	0111
82,021	86,300	123,400	2,097E+2	0,000E+0	1,791E+2	1,788E+2	0,000E+0	1,085E+0	1,075E+0	0,000E+0	7	0111
83,022	86,700	123,000	2,097E+2	0,000E+0	1,794E+2	1,791E+2	0,000E+0	1,079E+0	1,066E+0	0,000E+0	7	0111
84,021	86,700	123,000	2,097E+2	0,000E+0	1,794E+2	1,791E+2	0,000E+0	1,079E+0	1,066E+0	0,000E+0	7	0111
85,021	86,800	122,900	2,097E+2	0,000E+0	1,791E+2	1,789E+2	0,000E+0	1,084E+0	1,069E+0	0,000E+0	7	0111
86,023	86,700	123,200	2,099E+2	0,000E+0	1,792E+2	1,791E+2	0,000E+0	1,077E+0	1,069E+0	0,000E+0	7	0111
87,022	85,300	124,600	2,099E+2	0,000E+0	1,787E+2	1,795E+2	0,000E+0	1,065E+0	1,081E+0	0,000E+0	7	0111
88,023	86,900	122,800	2,097E+2	0,000E+0	1,795E+2	1,785E+2	0,000E+0	1,080E+0	1,068E+0	0,000E+0	7	0111
89,023	86,200	123,600	2,098E+2	0,000E+0	1,793E+2	1,794E+2	0,000E+0	1,073E+0	1,070E+0	0,000E+0	7	0111
90,023	87,800	122,200	2,100E+2	0,000E+0	1,796E+2	1,790E+2	0,000E+0	1,088E+0	1,060E+0	0,000E+0	7	0111
91,024	86,800	123,200	2,100E+2	0,000E+0	1,795E+2	1,790E+2	0,000E+0	1,083E+0	1,071E+0	0,000E+0	7	0111
92,025	86,600	123,300	2,099E+2	0,000E+0	1,792E+2	1,788E+2	0,000E+0	1,081E+0	1,073E+0	0,000E+0	7	0111
93,026	85,900	124,000	2,099E+2	0,000E+0	1,788E+2	1,786E+2	0,000E+0	1,092E+0	1,085E+0	0,000E+0	7	0111
94,025	86,800	123,300	2,101E+2	0,000E+0	1,793E+2	1,790E+2	0,000E+0	1,089E+0	1,073E+0	0,000E+0	7	0111
95,027	87,200	123,000	2,102E+2	0,000E+0	1,797E+2	1,791E+2	0,000E+0	1,086E+0	1,070E+0	0,000E+0	7	0111
96,026	87,200	123,000	2,102E+2	0,000E+0	1,797E+2	1,791E+2	0,000E+0	1,086E+0	1,070E+0	0,000E+0	7	0111
97,027	86,900	123,000	2,099E+2	0,000E+0	1,792E+2	1,789E+2	0,000E+0	1,088E+0	1,072E+0	0,000E+0	7	0111
98,027	88,600	121,300	2,099E+2	0,000E+0	1,801E+2	1,783E+2	0,000E+0	1,089E+0	1,056E+0	0,000E+0	7	0111
99,028	88,600	121,300	2,099E+2	0,000E+0	1,801E+2	1,783E+2	0,000E+0	1,089E+0	1,056E+0	0,000E+0	7	0111
100,029	86,800	123,000	2,098E+2	0,000E+0	1,793E+2	1,790E+2	0,000E+0	1,083E+0	1,069E+0	0,000E+0	7	0111
101,030	86,700	123,500	2,102E+2	0,000E+0	1,790E+2	1,787E+2	0,000E+0	1,094E+0	1,079E+0	0,000E+0	7	0111
102,029	86,700	123,500	2,102E+2	0,000E+0	1,790E+2	1,787E+2	0,000E+0	1,094E+0	1,079E+0	0,000E+0	7	0111
103,030	86,200	123,900	2,101E+2	0,000E+0	1,791E+2	1,789E+2	0,000E+0	1,082E+0	1,076E+0	0,000E+0	7	0111
104,029	87,900	122,100	2,100E+2	0,000E+0	1,795E+2	1,782E+2	0,000E+0	1,091E+0	1,072E+0	0,000E+0	7	0111
105,029	86,200	123,800	2,100E+2	0,000E+0	1,789E+2	1,788E+2	0,000E+0	1,086E+0	1,080E+0	0,000E+0	7	0111
106,030	87,700	122,300	2,100E+2	0,000E+0	1,792E+2	1,786E+2	0,000E+0	1,092E+0	1,066E+0	0,000E+0	7	0111
107,029	86,000	124,100	2,101E+2	0,000E+0	1,786E+2	1,789E+2	0,000E+0	1,087E+0	1,083E+0	0,000E+0	7	0111
108,031	86,000	124,100	2,101E+2	0,000E+0	1,786E+2	1,789E+2	0,000E+0	1,087E+0	1,083E+0	0,000E+0	7	0111
109,030	86,100	124,000	2,101E+2	0,000E+0	1,789E+2	1,787E+2	0,000E+0	1,084E+0	1,079E+0	0,000E+0	7	0111
110,031	86,600	123,700	2,103E+2	0,000E+0	1,787E+2	1,786E+2	0,000E+0	1,091E+0	1,081E+0	0,000E+0	7	0111
111,031	85,600	124,000	2,096E+2	0,000E+0	1,791E+2	1,794E+2	0,000E+0	1,087E+0	1,080E+0	0,000E+0	7	0111
112,031	85,600	124,000	2,096E+2	0,000E+0	1,791E+2	1,794E+2	0,000E+0	1,087E+0	1,080E+0	0,000E+0	7	0111
113,031	85,600	124,000	2,096E+2	0,000E+0	1,791E+2	1,794E+2	0,000E+0	1,087E+0	1,080E+0	0,000E+0	7	0111
114,032	85,600	124,000	2,096E+2	0,000E+0	1,791E+2	1,794E+2	0,000E+0	1,087E+0	1,080E+0	0,000E+0	7	0111
115,031	86,100	123,800	2,099E+2	0,000E+0	1,787E+2	1,787E+2	0,000E+0	1,090E+0	1,078E+0	0,000E+0	7	0111
116,032	86,100	123,800	2,099E+2	0,000E+0	1,787E+2	1,787E+2	0,000E+0	1,090E+0	1,078E+0	0,000E+0	7	0111
117,032	86,100	123,800	2,099E+2	0,000E+0	1,787E+2	1,787E+2	0,000E+0	1,090E+0	1,078E+0	0,000E+0	7	0111
118,033	87,900	122,600	2,105E+2	0,000E+0	1,798E+2	1,787E+2	0,000E+0	1,091E+0	1,066E+0	0,000E+0	7	0111
119,033	87,900	122,600	2,105E+2	0,000E+0	1,798E+2	1,787E+2	0,000E+0	1,091E+0	1,066E+0	0,000E+0	7	0111
120,033	86,800	123,300	2,101E+2	0,000E+0	1,792E+2	1,789E+2	0,000E+0	1,089E+0	1,075E+0	0,000E+0	7	0111
121,035	86,800	123,300	2,101E+2	0,000E+0	1,792E+2	1,789E+2	0,000E+0	1,089E+0	1,075E+0	0,000E+0	7	0111
122,034	87,100	122,500	2,096E+2	0,000E+0	1,794E+2	1,788E+2	0,000E+0	1,080E+0	1,065E+0	0,000E+0	7	0111
123,036	87,100	122,500	2,096E+2	0,000E+0	1,794E+2	1,788E+2	0,000E+0	1,080E+0	1,065E+0	0,000E+0	7	0111
124,035	86,600	123,500	2,101E+2	0,000E+0	1,790E+2	1,791E+2	0,000E+0	1,082E+0	1,074E+0	0,000E+0	7	0111
125,036	87,000	123,600	2,106E+2	0,000E+0	1,792E+2	1,791E+2	0,000E+0	1,083E+0	1,072E+0	0,000E+0	7	0111
126,035	87,500	122,600	2,101E+2	0,000E+0	1,798E+2	1,789E+2	0,000E+0	1,084E+0	1,064E+0	0,000E+0	7	0111
127,035	86,900	123,200	2,101E+2	0,000E+0	1,792E+2	1,787E+2	0,000E+0	1,080E+0	1,072E+0	0,000E+0	7	0111
128,036	87,900	122,100	2,100E+2	0,000E+0	1,800E+2	1,787E+2	0,000E+0	1,088E+0	1,061E+0	0,000E+0	6	0111
129,036	87,900	122,100	2,100E+2	0,000E+0	1,800E+2	1,787E+2	0,000E+0	1,088E+0	1,061E+0	0,000E+0	6	0111
130,038	86,600	123,600	2,102E+2	0,000E+0	1,788E+2	1,787E+2	0,000E+0	1,088E+0	1,078E+0	0,000E+0	6	0111
131,037	86,600	123,800	2,104E+2	0,000E+0	1,790E+2	1,788E+2	0,000E+0	1,085E+0	1,077E+0	0,000E+0	6	0111
132,037	87,700	122,400	2,101E+2	0,000E+0	1,798E+2	1,787E+2	0,000E+0	1,085E+0	1,063E+0	0,000E+0	6	0111
133,037	87,700	122,400	2,101E+2	0,000E+0	1,798E+2	1,787E+2	0,000E+0	1,085E+0	1,063E+0	0,000E+0	6	0111
134,037	87,700	122,400	2,101E+2	0,000E+0	1,798E+2	1,787E+2	0,000E+0	1,085E+0	1,063E+0	0,000E+0	6	0111
135,039	87,700	122,400	2,101E+2	0,000E+0	1,798E+2	1,787E+2	0,000E+0	1,085E+0	1,063E+0	0,000E+0	6	0111
136,039	87,700	122,400	2,101E+2	0,000E+0	1,798E+2	1,787E+2	0,000E+0	1,085E+0	1,063E+0	0,000E+0	6	0111
137,041	86,800	123,000	2,098E+2	0,000E+0	1,790E+2	1,790E+2	0,000E+0	1,081E+0	1,067E+0	0,000E+0	6	0111
138,040	86,800	123,000	2,098E+2	0,000E+0	1,790E+2	1,790E+2	0,000E+0	1,081E+0	1,067E+0	0,000E+0	6	0111
139,041	86,800	123,000	2,098E+2	0,000E+0	1,790E+2	1,790E+2	0,000E+0	1,081E+0	1,067E+0	0,000E+0	6	0111
140,041	87,200	122,900	2,101E+2	0,000E+0	1,792E+2	1,787E+2	0,000E+0	1,085E+0	1,071E+0	0,000E+0	6	0111
141,041	87,200	122,900	2,101E+2	0,000E+0	1,792E+2	1,787E+2	0,000E+0	1,085E+0	1,071E+0	0,000E+0	6	0111
142,042	85,900	124,100	2,100E+2	0,000E+0	1,788E+2	1,788E+2	0,000E+0	1,093E+0	1,085E+0	0,000E+0	6	0111
143,041	85,900	124,100	2,100E+2	0,000E+0	1,788E+2	1,788E+2	0,000E+0	1,093E+0	1,085E+0	0,000E+0	6	0111
144,041	88,000	122,400	2,104E+2	0,000E+0	1,798E+2	1,787E+2	0,000E+0	1,090E+0	1,063E+0	0,000E+0	6	0111
145,041	87,100	122,900	2,100E+2	0,000E+0	1,794E+2	1,788E+2	0,000E+0	1,082E+0	1,068E+0	0,000E+0	6	0111
146,041	86,900	122,700	2,096E+2	0,000E+0	1,793E+2	1,784E+2	0,000E+0	1,087E+0	1,069E+0	0,000E+0	5	0111
147,041	86,400	123,900	2,103E+2	0,000E+0	1,789E+2	1,789E+2	0,000E+0	1,085E+0	1,076E+0	0,000E+0	5	0111
148,042	86,500	123,200	2,097E+2	0,000E+0	1,792E+2	1,790E+2	0,000E+0	1,084E+0	1,072E+0	0,000E+0	5	0111
149,041	86,500	123,200	2,097E+2	0,000E+0	1,792E+2	1,790E+2	0,000E+0	1,084E+0	1,072E+0	0,000E+0	5	0111
150,042	86,500	123,200	2,097E+2	0,000E+0	1,792E+2	1,790E+2	0,000E+0	1,084E+0	1,072E+0	0,000E+0	5	0111
151,041	86,500	123,200	2,097E+2	0,000E+0	1,792E+2	1,790E+2	0,000E+0	1,084E+0	1,072E+0	0,000E+0	5	0111
152,042	88,200	121,600	2,098E+2	0,000E+0	1,798E+2	1,785E+2	0,000E+0	1,089E+0	1,059E+0	0,000E+0	5	0111
153,042	88,200	121,600	2,098E+2	0,000E+0	1,798E+2	1,785E+2	0,000E+0	1,089E+0	1,059E+0	0,000E+0	5	0111
154,043	88,200	121,600	2,098E+2	0,000E+0	1,798E+2	1,785E+2	0,000E+0	1,089E+0	1,059E+0	0,000E+0	5	0111
155,042	88,200	121,600	2,098E+2	0,000E+0	1,798E+2	1,785E+2	0,000E+0	1,089E+0	1,059E+0	0,000E+0	5	0111
156,044	87,700	122,600	2,103E+2	0,000E+0	1,797E+2	1,787E+2	0,000E+0	1,088E+0	1,070E+0	0,000E+0	5	0111
157,043	87,600	122,500	2,101E+2	0,000E+0	1,796E+2	1,789E+2	0,000E+0	1,086E+0	1,066E+0	0,000E+0	5	0111
158,043	87,600	122,500	2,101E+2	0,000E+0	1,796E+2	1,789E+2	0,000E+0	1,086E+0	1,066E+0	0,000E+0	5	0111
159,044	87,600	122,500	2,101E+2	0,000E+0	1,796E+2	1,789E+2	0,000E+0	1,086E+0	1,066E+0	0,000E+0	5	0111
160,043	87,600	122,500	2,101E+2	0,000E+0	1,796E+2	1,789E+2	0,000E+0	1,086E+0	1,066E+0	0,000E+0	5	0111
161,044	87,600	122,300	2,099E+2	0,000E+0	1,795E+2	1,786E+2	0,000E+0	1,089E+0	1,066E+0	0,000E+0	5	0111
162,043	86,300	123,900	2,102E+2	0,000E+0	1,788E+2	1,790E+2	0,000E+0	1,084E+0	1,078E+0	0,000E+0	4	0111
163,044	87,500	122,300	2,098E+2	0,000E+0	1,797E+2	1,786E+2	0,000E+0	1,087E+0	1,063E+0	0,000E+0	4	0111
164,043	87,300	123,300	2,106E+2	0,000E+0	1,795E+2	1,789E+2	0,000E+0	1,089E+0	1,070E+0	0,000E+0	4	0111
165,044	86,000	123,800	2,098E+2	0,000E+0	1,788E+2	1,788E+2	0,000E+0	1,078E+0	1,076E+0	0,000E+0	4	0111
166,045	86,000	123,800	2,098E+2	0,000E+0	1,788E+2	1,788E+2	0,000E+0	1,078E+0	1,076E+0	0,000E+0	4	0111
167,044	86,000	123,800	2,098E+2	0,000E+0	1,788E+2	1,788E+2	0,000E+0	1,078E+0	1,076E+0	0,000E+0	4	0111
168,045	86,000	123,800	2,098E+2	0,000E+0	1,788E+2	1,788E+2	0,000E+0	1,078E+0	1,076E+0	0,000E+0	4	0111
169,045	88,700	121,300	2,100E+2	0,000E+0	1,803E+2	1,784E+2	0,000E+0	1,092E+0	1,054E+0	0,000E+0	4	0111
170,045	88,700	121,300	2,100E+2	0,000E+0	1,803E+2	1,784E+2	0,000E+0	1,092E+0	1,054E+0	0,000E+0	4	0111
171,045	88,700	121,300	2,100E+2	0,000E+0	1,803E+2	1,784E+2	0,000E+0	1,092E+0	1,054E+0	0,000E+0	4	0111
172,045	87,900	122,400	2,103E+2	0,000E+0	1,800E+2	1,789E+2	0,000E+0	1,089E+0	1,062E+0	0,000E+0	4	0111
173,047	87,900	122,400	2,103E+2	0,000E+0	1,800E+2	1,789E+2	0,000E+0	1,089E+0	1,062E+0	0,000E+0	4	0111
174,046	86,400	123,900	2,103E+2	0,000E+0	1,796E+2	1,793E+2	0,000E+0	1,076E+0	1,076E+0	0,000E+0	4	0111
175,047	86,400	123,900	2,103E+2	0,000E+0	1,796E+2	1,793E+2	0,000E+0	1,076E+0	1,076E+0	0,000E+0	4	0111
176,046	87,800	122,400	2,102E+2	0,000E+0	1,797E+2	1,784E+2	0,000E+0	1,089E+0	1,065E+0	0,000E+0	4	0111
177,046	87,800	122,400	2,102E+2	0,000E+0	1,797E+2	1,784E+2	0,000E+0	1,089E+0	1,065E+0	0,000E+0	4	0111
178,046	85,800	123,800	2,096E+2	0,000E+0	1,788E+2	1,787E+2	0,000E+0	1,083E+0	1,076E+0	0,000E+0	4	0111
179,046	86,700	123,200	2,099E+2	0,000E+0	1,792E+2	1,788E+2	0,000E+0	1,087E+0	1,072E+0	0,000E+0	4	0111
180,046	87,800	122,300	2,101E+2	0,000E+0	1,802E+2	1,791E+2	0,000E+0	1,089E+0	1,062E+0	0,000E+0	3	0111
181,047	87,500	122,700	2,102E+2	0,000E+0	1,798E+2	1,789E+2	0,000E+0	1,091E+0	1,068E+0	0,000E+0	3	0111
182,048	87,100	122,900	2,100E+2	0,000E+0	1,797E+2	1,789E+2	0,000E+0	1,082E+0	1,069E+0	0,000E+0	3	0111
183,047	87,100	122,700	2,098E+2	0,000E+0	1,796E+2	1,789E+2	0,000E+0	1,090E+0	1,070E+0	0,000E+0	3	0111
184,048	87,100	122,700	2,098E+2	0,000E+0	1,796E+2	1,789E+2	0,000E+0	1,090E+0	1,070E+0	0,000E+0	3	0111
185,047	87,100	122,700	2,098E+2	0,000E+0	1,796E+2	1,789E+2	0,000E+0	1,090E+0	1,070E+0	0,000E+0	3	0111
186,047	87,100	122,700	2,098E+2	0,000E+0	1,796E+2	1,789E+2	0,000E+0	1,090E+0	1,070E+0	0,000E+0	3	0111
187,047	86,600	123,300	2,099E+2	0,000E+0	1,791E+2	1,789E+2	0,000E+0	1,088E+0	1,074E+0	0,000E+0	3	0111
188,047	86,600	123,300	2,099E+2	0,000E+0	1,791E+2	1,789E+2	0,000E+0	1,088E+0	1,074E+0	0,000E+0	3	0111
189,048	86,600	123,300	2,099E+2	0,000E+0	1,791E+2	1,789E+2	0,000E+0	1,088E+0	1,074E+0	0,000E+0	3	0111
190,047	86,900	122,900	2,098E+2	0,000E+0	1,795E+2	1,789E+2	0,000E+0	1,087E+0	1,071E+0	0,000E+0	3	0111
191,047	86,900	122,900	2,098E+2	0,000E+0	1,795E+2	1,789E+2	0,000E+0	1,087E+0	1,071E+0	0,000E+0	3	0111
192,048	86,900	122,900	2,098E+2	0,000E+0	1,795E+2	1,789E+2	0,000E+0	1,087E+0	1,071E+0	0,000E+0	3	0111
193,047	86,900	122,900	2,098E+2	0,000E+0	1,795E+2	1,789E+2	0,000E+0	1,087E+0	1,071E+0	0,000E+0	3	0111
194,047	88,100	122,000	2,101E+2	0,000E+0	1,799E+2	1,788E+2	0,000E+0	1,088E+0	1,061E+0	0,000E+0	3	0111
195,048	85,500	124,500	2,100E+2	0,000E+0	1,785E+2	1,791E+2	0,000E+0	1,077E+0	1,079E+0	0,000E+0	3	0111
196,047	86,400	123,600	2,100E+2	0,000E+0	1,792E+2	1,792E+2	0,000E+0	1,077E+0	1,072E+0	0,000E+0	2	0111
197,048	86,400	123,600	2,100E+2	0,000E+0	1,792E+2	1,792E+2	0,000E+0	1,077E+0	1,072E+0	0,000E+0	2	0111
198,049	86,500	123,600	2,101E+2	0,000E+0	1,792E+2	1,792E+2	0,000E+0	1,087E+0	1,075E+0	0,000E+0	2	0111
199,049	86,900	123,100	2,100E+2	0,000E+0	1,796E+2	1,788E+2	0,000E+0	1,080E+0	1,070E+0	0,000E+0	2	0111
200,051	86,700	123,400	2,101E+2	0,000E+0	1,790E+2	1,789E+2	0,000E+0	1,087E+0	1,074E+0	0,000E+0	2	0111
201,051	86,400	123,700	2,101E+2	0,000E+0	1,787E+2	1,789E+2	0,000E+0	1,086E+0	1,078E+0	0,000E+0	2	0111
202,052	86,400	123,700	2,101E+2	0,000E+0	1,787E+2	1,789E+2	0,000E+0	1,086E+0	1,078E+0	0,000E+0	2	0111
203,051	86,400	123,700	2,101E+2	0,000E+0	1,787E+2	1,789E+2	0,000E+0	1,086E+0	1,078E+0	0,000E+0	2	0111
204,051	86,400	123,700	2,101E+2	0,000E+0	1,787E+2	1,789E+2	0,000E+0	1,086E+0	1,078E+0	0,000E+0	2	0111
205,052	86,400	123,700	2,101E+2	0,000E+0	1,787E+2	1,789E+2	0,000E+0	1,086E+0	1,078E+0	0,000E+0	2	0111
206,051	85,800	124,100	2,099E+2	0,000E+0	1,786E+2	1,785E+2	0,000E+0	1,092E+0	1,085E+0	0,000E+0	2	0111
207,052	85,800	124,100	2,099E+2	0,000E+0	1,786E+2	1,785E+2	0,000E+0	1,092E+0	1,085E+0	0,000E+0	2	0111
208,051	85,800	124,100	2,099E+2	0,000E+0	1,786E+2	1,785E+2	0,000E+0	1,092E+0	1,085E+0	0,000E+0	2	0111
209,053	87,000	123,000	2,100E+2	0,000E+0	1,791E+2	1,787E+2	0,000E+0	1,087E+0	1,071E+0	0,000E+0	2	0111
210,052	87,000	123,000	2,100E+2	0,000E+0	1,791E+2	1,787E+2	0,000E+0	1,087E+0	1,071E+0	0,000E+0	2	0111
211,052	88,700	121,600	2,103E+2	0,000E+0	1,801E+2	1,785E+2	0,000E+0	1,090E+0	1,056E+0	0,000E+0	2	0111
212,053	88,700	121,600	2,103E+2	0,000E+0	1,801E+2	1,785E+2	0,000E+0	1,090E+0	1,056E+0	0,000E+0	2	0111
213,052	86,000	124,000	2,100E+2	0,000E+0	1,789E+2	1,790E+2	0,000E+0	1,082E+0	1,077E+0	0,000E+0	2	0111
214,053	86,000	124,000	2,100E+2	0,000E+0	1,789E+2	1,790E+2	0,000E+0	1,082E+0	1,077E+0	0,000E+0	2	0111
215,052	87,700	122,400	2,101E+2	0,000E+0	1,796E+2	1,786E+2	0,000E+0	1,089E+0	1,066E+0	0,000E+0	1	0111
216,053	86,800	123,100	2,099E+2	0,000E+0	1,790E+2	1,786E+2	0,000E+0	1,087E+0	1,074E+0	0,000E+0	1	0111
217,052	87,000	123,200	2,102E+2	0,000E+0	1,787E+2	1,785E+2	0,000E+0	1,091E+0	1,076E+0	0,000E+0	1	0111
218,052	86,500	123,800	2,103E+2	0,000E+0	1,789E+2	1,786E+2	0,000E+0	1,082E+0	1,076E+0	0,000E+0	1	0111
219,053	86,500	123,800	2,103E+2	0,000E+0	1,789E+2	1,786E+2	0,000E+0	1,082E+0	1,076E+0	0,000E+0	1	0111
220,052	86,500	123,800	2,103E+2	0,000E+0	1,789E+2	1,786E+2	0,000E+0	1,082E+0	1,076E+0	0,000E+0	1	0111
221,053	86,500	123,800	2,103E+2	0,000E+0	1,789E+2	1,786E+2	0,000E+0	1,082E+0	1,076E+0	0,000E+0	1	0111
222,053	86,500	123,800	2,103E+2	0,000E+0	1,789E+2	1,786E+2	0,000E+0	1,082E+0	1,076E+0	0,000E+0	1	0111
223,054	86,500	123,800	2,103E+2	0,000E+0	1,789E+2	1,786E+2	0,000E+0	1,082E+0	1,076E+0	0,000E+0	1	0111
224,054	86,500	123,800	2,103E+2	0,000E+0	1,789E+2	1,786E+2	0,000E+0	1,082E+0	1,076E+0	0,000E+0	1	0111
225,054	87,800	122,000	2,098E+2	0,000E+0	1,797E+2	1,786E+2	0,000E+0	1,086E+0	1,062E+0	0,000E+0	1	0111
226,054	87,600	122,100	2,097E+2	0,000E+0	1,796E+2	1,787E+2	0,000E+0	1,087E+0	1,062E+0	0,000E+0	1	0111
227,054	87,600	122,100	2,097E+2	0,000E+0	1,796E+2	1,787E+2	0,000E+0	1,087E+0	1,062E+0	0,000E+0	1	0111
228,055	87,600	122,100	2,097E+2	0,000E+0	1,796E+2	1,787E+2	0,000E+0	1,087E+0	1,062E+0	0,000E+0	1	0111
229,054	87,600	122,100	2,097E+2	0,000E+0	1,796E+2	1,787E+2	0,000E+0	1,087E+0	1,062E+0	0,000E+0	1	0111
230,055	86,700	123,400	2,101E+2	0,000E+0	1,790E+2	1,787E+2	0,000E+0	1,084E+0	1,074E+0	0,000E+0	1	0111
231,054	86,700	122,900	2,096E+2	0,000E+0	1,790E+2	1,786E+2	0,000E+0	1,080E+0	1,068E+0	0,000E+0	0	0111
232,054	87,300	122,900	2,102E+2	0,000E+0	1,789E+2	1,781E+2	0,000E+0	1,087E+0	1,070E+0	0,000E+0	0	0111
233,054	86,000	123,800	2,098E+2	0,000E+0	1,785E+2	1,783E+2	0,000E+0	1,079E+0	1,077E+0	0,000E+0	0	0111
234,054	87,100	122,900	2,100E+2	0,000E+0	1,792E+2	1,785E+2	0,000E+0	1,081E+0	1,073E+0	0,000E+0	0	0111
235,054	87,700	122,300	2,100E+2	0,000E+0	1,791E+2	1,780E+2	0,000E+0	1,087E+0	1,063E+0	0,000E+0	0	0111
236,054	87,700	122,300	2,100E+2	0,000E+0	1,791E+2	1,780E+2	0,000E+0	1,087E+0	1,063E+0	0,000E+0	0	0111
237,055	85,900	124,000	2,099E+2	0,000E+0	1,784E+2	1,786E+2	0,000E+0	1,080E+0	1,077E+0	0,000E+0	0	0111
238,056	85,900	124,000	2,099E+2	0,000E+0	1,784E+2	1,786E+2	0,000E+0	1,080E+0	1,077E+0	0,000E+0	0	0111
239,055	85,900	124,000	2,099E+2	0,000E+0	1,784E+2	1,786E+2	0,000E+0	1,080E+0	1,077E+0	0,000E+0	0	0111
240,055	86,200	123,700	2,099E+2	0,000E+0	1,783E+2	1,783E+2	0,000E+0	1,082E+0	1,077E+0	0,000E+0	0	0111
241,055	86,200	123,700	2,099E+2	0,000E+0	1,783E+2	1,783E+2	0,000E+0	1,082E+0	1,077E+0	0,000E+0	0	0111
242,055	86,200	123,700	2,099E+2	0,000E+0	1,783E+2	1,783E+2	0,000E+0	1,082E+0	1,077E+0	0,000E+0	0	0111
243,056	86,600	123,600	2,102E+2	0,000E+0	1,784E+2	1,784E+2	0,000E+0	1,085E+0	1,075E+0	0,000E+0	0	0111
244,055	86,600	123,600	2,102E+2	0,000E+0	1,784E+2	1,784E+2	0,000E+0	1,085E+0	1,075E+0	0,000E+0	0	0111
245,057	86,600	123,600	2,102E+2	0,000E+0	1,784E+2	1,784E+2	0,000E+0	1,085E+0	1,075E+0	0,000E+0	0	0111
246,056	86,600	123,600	2,102E+2	0,000E+0	1,784E+2	1,784E+2	0,000E+0	1,085E+0	1,075E+0	0,000E+0	0	0111
247,057	86,600	123,400	2,100E+2	0,000E+0	1,784E+2	1,782E+2	0,000E+0	1,091E+0	1,080E+0	0,000E+0	0	0111
248,056	87,700	122,200	2,099E+2	0,000E+0	1,791E+2	1,781E+2	0,000E+0	1,090E+0	1,065E+0	0,000E+0	0	0111
249,056	86,700	123,700	2,104E+2	0,000E+0	1,785E+2	1,784E+2	0,000E+0	1,087E+0	1,078E+0	0,000E+0	0	0111
250,057	86,700	123,700	2,104E+2	0,000E+0	1,785E+2	1,784E+2	0,000E+0	1,087E+0	1,078E+0	0,000E+0	0	0111
251,057	87,300	122,600	2,099E+2	0,000E+0	1,788E+2	1,779E+2	0,000E+0	1,090E+0	1,070E+0	0,000E+0	0	0111
252,058	86,800	123,200	2,100E+2	0,000E+0	1,785E+2	1,781E+2	0,000E+0	1,088E+0	1,076E+0	0,000E+0	0	0111
253,057	86,000	124,000	2,100E+2	0,000E+0	1,782E+2	1,784E+2	0,000E+0	1,085E+0	1,080E+0	0,000E+0	0	0111
254,058	86,900	123,100	2,100E+2	0,000E+0	1,787E+2	1,782E+2	0,000E+0	1,084E+0	1,070E+0	0,000E+0	0	0111
255,058	87,300	122,700	2,100E+2	0,000E+0	1,789E+2	1,781E+2	0,000E+0	1,085E+0	1,069E+0	0,000E+0	0	0111
256,059	86,000	123,800	2,098E+2	0,000E+0	1,785E+2	1,786E+2	0,000E+0	1,084E+0	1,076E+0	0,000E+0	0	0111
258,059	86,000	123,800	2,098E+2	0,000E+0	1,785E+2	1,786E+2	0,000E+0	1,084E+0	1,076E+0	0,000E+0	0	0111
258,059	86,500	123,600	2,101E+2	0,000E+0	1,786E+2	1,783E+2	0,000E+0	1,086E+0	1,077E+0	0,000E+0	0	0111
259,058	85,800	124,500	2,103E+2	0,000E+0	1,781E+2	1,785E+2	0,000E+0	1,082E+0	1,082E+0	0,000E+0	0	0111
260,058	87,000	123,000	2,100E+2	0,000E+0	1,787E+2	1,779E+2	0,000E+0	1,090E+0	1,072E+0	0,000E+0	0	0111
261,058	87,100	122,700	2,098E+2	0,000E+0	1,787E+2	1,780E+2	0,000E+0	1,084E+0	1,070E+0	0,000E+0	0	0111
262,058	86,400	123,600	2,100E+2	0,000E+0	1,784E+2	1,782E+2	0,000E+0	1,087E+0	1,078E+0	0,000E+0	0	0111
263,059	86,700	123,400	2,101E+2	0,000E+0	1,787E+2	1,785E+2	0,000E+0	1,084E+0	1,069E+0	0,000E+0	0	0111
264,058	86,600	123,300	2,099E+2	0,000E+0	1,789E+2	1,785E+2	0,000E+0	1,079E+0	1,074E+0	0,000E+0	0	0111
265,060	87,100	123,100	2,102E+2	0,000E+0	1,790E+2	1,781E+2	0,000E+0	1,084E+0	1,069E+0	0,000E+0	0	0111
266,059	87,000	123,100	2,101E+2	0,000E+0	1,787E+2	1,777E+2	0,000E+0	1,090E+0	1,077E+0	0,000E+0	0	0111
267,059	87,500	122,200	2,097E+2	0,000E+0	1,791E+2	1,779E+2	0,000E+0	1,089E+0	1,065E+0	0,000E+0	0	0111
268,059	87,500	122,200	2,097E+2	0,000E+0	1,791E+2	1,779E+2	0,000E+0	1,089E+0	1,065E+0	0,000E+0	0	0111
269,059	85,900	123,900	2,098E+2	0,000E+0	1,783E+2	1,786E+2	0,000E+0	1,076E+0	1,076E+0	0,000E+0	0	0111
270,060	86,200	124,100	2,103E+2	0,000E+0	1,783E+2	1,785E+2	0,000E+0	1,082E+0	1,078E+0	0,000E+0	0	0111
271,060	87,800	122,200	2,100E+2	0,000E+0	1,793E+2	1,782E+2	0,000E+0	1,089E+0	1,062E+0	0,000E+0	0	0111
272,062	87,200	123,000	2,102E+2	0,000E+0	1,786E+2	1,781E+2	0,000E+0	1,086E+0	1,072E+0	0,000E+0	0	0111
273,061	86,100	123,700	2,098E+2	0,000E+0	1,781E+2	1,783E+2	0,000E+0	1,085E+0	1,077E+0	0,000E+0	0	0111
274,061	86,900	123,100	2,100E+2	0,000E+0	1,788E+2	1,782E+2	0,000E+0	1,087E+0	1,071E+0	0,000E+0	0	0111
275,063	86,700	123,500	2,102E+2	0,000E+0	1,787E+2	1,783E+2	0,000E+0	1,086E+0	1,074E+0	0,000E+0	0	0111
276,062	86,800	123,300	2,101E+2	0,000E+0	1,789E+2	1,783E+2	0,000E+0	1,086E+0	1,072E+0	0,000E+0	0	0111
277,063	87,000	123,000	2,100E+2	0,000E+0	1,787E+2	1,782E+2	0,000E+0	1,087E+0	1,072E+0	0,000E+0	0	0111
278,062	88,000	121,800	2,098E+2	0,000E+0	1,792E+2	1,781E+2	0,000E+0	1,087E+0	1,061E+0	0,000E+0	0	0111
279,063	88,000	121,800	2,098E+2	0,000E+0	1,792E+2	1,781E+2	0,000E+0	1,087E+0	1,061E+0	0,000E+0	0	0111
280,064	86,900	123,000	2,099E+2	0,000E+0	1,787E+2	1,784E+2	0,000E+0	1,087E+0	1,069E+0	0,000E+0	0	0111
281,063	87,300	123,200	2,105E+2	0,000E+0	1,788E+2	1,783E+2	0,000E+0	1,087E+0	1,069E+0	0,000E+0	0	0111
282,064	85,700	124,200	2,099E+2	0,000E+0	1,785E+2	1,786E+2	0,000E+0	1,075E+0	1,077E+0	0,000E+0	0	0111
283,066	85,700	124,300	2,100E+2	0,000E+0	1,783E+2	1,786E+2	0,000E+0	1,077E+0	1,080E+0	0,000E+0	0	0111
284,065	86,700	123,200	2,099E+2	0,000E+0	1,788E+2	1,783E+2	0,000E+0	1,079E+0	1,071E+0	0,000E+0	0	0111
285,066	86,900	123,200	2,101E+2	0,000E+0	1,787E+2	1,783E+2	0,000E+0	1,083E+0	1,071E+0	0,000E+0	0	0111
286,065	87,300	122,700	2,100E+2	0,000E+0	1,789E+2	1,782E+2	0,000E+0	1,084E+0	1,065E+0	0,000E+0	0	0111
287,066	86,700	123,400	2,101E+2	0,000E+0	1,786E+2	1,784E+2	0,000E+0	1,089E+0	1,074E+0	0,000E+0	0	0111
288,067	86,300	123,500	2,098E+2	0,000E+0	1,787E+2	1,783E+2	0,000E+0	1,087E+0	1,076E+0	0,000E+0	0	0111
289,067	86,300	123,500	2,098E+2	0,000E+0	1,787E+2	1,783E+2	0,000E+0	1,087E+0	1,076E+0	0,000E+0	0	0111
290,068	87,000	123,200	2,102E+2	0,000E+0	1,786E+2	1,781E+2	0,000E+0	1,086E+0	1,076E+0	0,000E+0	0	0111
291,067	88,200	122,000	2,102E+2	0,000E+0	1,794E+2	1,782E+2	0,000E+0	1,093E+0	1,061E+0	0,000E+0	0	0111
292,068	85,900	124,100	2,100E+2	0,000E+0	1,783E+2	1,786E+2	0,000E+0	1,083E+0	1,076E+0	0,000E+0	0	0111
293,068	86,100	123,900	2,100E+2	0,000E+0	1,781E+2	1,783E+2	0,000E+0	1,089E+0	1,082E+0	0,000E+0	0	0111
294,068	85,900	124,000	2,099E+2	0,000E+0	1,784E+2	1,784E+2	0,000E+0	1,087E+0	1,081E+0	0,000E+0	0	0111
295,069	87,300	122,700	2,100E+2	0,000E+0	1,790E+2	1,782E+2	0,000E+0	1,087E+0	1,069E+0	0,000E+0	0	0111
296,068	87,100	123,100	2,102E+2	0,000E+0	1,789E+2	1,781E+2	0,000E+0	1,088E+0	1,072E+0	0,000E+0	0	0111
297,068	86,400	123,600	2,100E+2	0,000E+0	1,783E+2	1,785E+2	0,000E+0	1,081E+0	1,076E+0	0,000E+0	0	0110
298,069	86,800	123,300	2,101E+2	0,000E+0	1,788E+2	1,784E+2	0,000E+0	1,081E+0	1,071E+0	0,000E+0	0	0110
299,069	86,600	123,300	2,099E+2	0,000E+0	1,789E+2	1,781E+2	0,000E+0	1,086E+0	1,077E+0	0,000E+0	0	0110
300,070	86,600	123,300	2,099E+2	0,000E+0	1,789E+2	1,781E+2	0,000E+0	1,086E+0	1,077E+0	0,000E+0	0	0110
301,069	86,800	123,200	2,100E+2	0,000E+0	1,788E+2	1,784E+2	0,000E+0	1,079E+0	1,071E+0	0,000E+0	0	0110
302,070	86,900	122,900	2,098E+2	0,000E+0	1,788E+2	1,784E+2	0,000E+0	1,084E+0	1,069E+0	0,000E+0	0	0110
303,069	87,400	122,600	2,100E+2	0,000E+0	1,789E+2	1,782E+2	0,000E+0	1,090E+0	1,067E+0	0,000E+0	0	0110
304,069	87,400	122,600	2,100E+2	0,000E+0	1,789E+2	1,782E+2	0,000E+0	1,090E+0	1,067E+0	0,000E+0	0	0110
305,069	87,400	122,600	2,100E+2	0,000E+0	1,789E+2	1,782E+2	0,000E+0	1,090E+0	1,067E+0	0,000E+0	0	0110
306,069	87,000	123,300	2,103E+2	0,000E+0	1,789E+2	1,776E+2	0,000E+0	1,087E+0	1,075E+0	0,000E+0	0	0110
307,071	87,000	123,300	2,103E+2	0,000E+0	1,789E+2	1,776E+2	0,000E+0	1,087E+0	1,075E+0	0,000E+0	0	0110
308,070	85,700	124,300	2,100E+2	0,000E+0	1,790E+2	1,790E+2	0,000E+0	1,080E+0	1,083E+0	0,000E+0	0	0110
309,071	85,700	124,300	2,100E+2	0,000E+0	1,790E+2	1,790E+2	0,000E+0	1,080E+0	1,083E+0	0,000E+0	0	0110
310,070	85,700	124,300	2,100E+2	0,000E+0	1,790E+2	1,790E+2	0,000E+0	1,080E+0	1,083E+0	0,000E+0	0	0110
311,070	86,700	123,500	2,102E+2	0,000E+0	1,787E+2	1,783E+2	0,000E+0	1,078E+0	1,075E+0	0,000E+0	0	0110
312,071	86,700	123,500	2,102E+2	0,000E+0	1,787E+2	1,783E+2	0,000E+0	1,078E+0	1,075E+0	0,000E+0	0	0110
313,070	87,200	122,800	2,100E+2	0,000E+0	1,789E+2	1,782E+2	0,000E+0	1,088E+0	1,069E+0	0,000E+0	0	0110
314,071	87,200	122,800	2,100E+2	0,000E+0	1,789E+2	1,782E+2	0,000E+0	1,088E+0	1,069E+0	0,000E+0	0	0110
315,070	87,900	122,300	2,102E+2	0,000E+0	1,792E+2	1,783E+2	0,000E+0	1,092E+0	1,062E+0	0,000E+0	0	0110
316,072	87,900	122,300	2,102E+2	0,000E+0	1,792E+2	1,783E+2	0,000E+0	1,092E+0	1,062E+0	0,000E+0	0	0110
317,071	86,400	123,700	2,101E+2	0,000E+0	1,782E+2	1,782E+2	0,000E+0	1,083E+0	1,077E+0	0,000E+0	0	0110
318,072	86,800	123,000	2,098E+2	0,000E+0	1,782E+2	1,780E+2	0,000E+0	1,089E+0	1,075E+0	0,000E+0	0	0110
319,074	86,800	123,100	2,099E+2	0,000E+0	1,786E+2	1,781E+2	0,000E+0	1,084E+0	1,072E+0	0,000E+0	0	0110
320,073	86,700	123,600	2,103E+2	0,000E+0	1,782E+2	1,783E+2	0,000E+0	1,087E+0	1,077E+0	0,000E+0	1	0110
321,074	86,100	124,100	2,102E+2	0,000E+0	1,784E+2	1,783E+2	0,000E+0	1,085E+0	1,080E+0	0,000E+0	1	0110
322,073	86,100	124,100	2,102E+2	0,000E+0	1,784E+2	1,783E+2	0,000E+0	1,085E+0	1,080E+0	0,000E+0	1	0110
323,074	86,100	124,100	2,102E+2	0,000E+0	1,784E+2	1,783E+2	0,000E+0	1,085E+0	1,080E+0	0,000E+0	1	0110
324,073	86,900	122,600	2,095E+2	0,000E+0	1,789E+2	1,783E+2	0,000E+0	1,082E+0	1,069E+0	0,000E+0	1	0110
325,074	86,900	122,600	2,095E+2	0,000E+0	1,789E+2	1,783E+2	0,000E+0	1,082E+0	1,069E+0	0,000E+0	1	0110
326,075	86,900	122,600	2,095E+2	0,000E+0	1,789E+2	1,783E+2	0,000E+0	1,082E+0	1,069E+0	0,000E+0	1	0110
327,074	85,600	124,400	2,100E+2	0,000E+0	1,780E+2	1,786E+2	0,000E+0	1,077E+0	1,082E+0	0,000E+0	1	0110
328,075	85,600	124,400	2,100E+2	0,000E+0	1,780E+2	1,786E+2	0,000E+0	1,077E+0	1,082E+0	0,000E+0	1	0110
329,075	85,600	124,400	2,100E+2	0,000E+0	1,780E+2	1,786E+2	0,000E+0	1,077E+0	1,082E+0	0,000E+0	1	0110
330,074	86,800	123,500	2,103E+2	0,000E+0	1,787E+2	1,783E+2	0,000E+0	1,087E+0	1,076E+0	0,000E+0	1	0110
331,075	86,800	123,500	2,103E+2	0,000E+0	1,787E+2	1,783E+2	0,000E+0	1,087E+0	1,076E+0	0,000E+0	1	0110
332,074	86,800	123,500	2,103E+2	0,000E+0	1,787E+2	1,783E+2	0,000E+0	1,087E+0	1,076E+0	0,000E+0	1	0110
333,074	85,900	123,800	2,097E+2	0,000E+0	1,783E+2	1,787E+2	0,000E+0	1,083E+0	1,076E+0	0,000E+0	1	0110
334,076	85,900	123,800	2,097E+2	0,000E+0	1,783E+2	1,787E+2	0,000E+0	1,083E+0	1,076E+0	0,000E+0	1	0110
335,075	86,600	123,100	2,097E+2	0,000E+0	1,789E+2	1,783E+2	0,000E+0	1,085E+0	1,072E+0	0,000E+0	1	0110
336,076	87,100	122,700	2,098E+2	0,000E+0	1,793E+2	1,784E+2	0,000E+0	1,089E+0	1,067E+0	0,000E+0	2	0110
337,076	86,800	123,500	2,103E+2	0,000E+0	1,787E+2	1,789E+2	0,000E+0	1,084E+0	1,073E+0	0,000E+0	2	0110
338,077	86,800	123,500	2,103E+2	0,000E+0	1,787E+2	1,789E+2	0,000E+0	1,084E+0	1,073E+0	0,000E+0	2	0110
339,076	86,400	123,800	2,102E+2	0,000E+0	1,786E+2	1,786E+2	0,000E+0	1,086E+0	1,078E+0	0,000E+0	2	0110
340,076	87,200	122,700	2,099E+2	0,000E+0	1,789E+2	1,784E+2	0,000E+0	1,085E+0	1,070E+0	0,000E+0	2	0110
341,078	87,200	122,700	2,099E+2	0,000E+0	1,789E+2	1,784E+2	0,000E+0	1,085E+0	1,070E+0	0,000E+0	2	0110
342,077	87,200	122,700	2,099E+2	0,000E+0	1,789E+2	1,784E+2	0,000E+0	1,085E+0	1,070E+0	0,000E+0	2	0110
343,078	87,200	122,700	2,099E+2	0,000E+0	1,789E+2	1,784E+2	0,000E+0	1,085E+0	1,070E+0	0,000E+0	2	0110
344,078	86,700	123,500	2,102E+2	0,000E+0	1,789E+2	1,784E+2	0,000E+0	1,089E+0	1,077E+0	0,000E+0	2	0110
345,078	86,700	123,500	2,102E+2	0,000E+0	1,789E+2	1,784E+2	0,000E+0	1,089E+0	1,077E+0	0,000E+0	2	0110
346,080	86,700	123,500	2,102E+2	0,000E+0	1,789E+2	1,784E+2	0,000E+0	1,089E+0	1,077E+0	0,000E+0	2	0110
347,079	86,700	123,500	2,102E+2	0,000E+0	1,789E+2	1,784E+2	0,000E+0	1,089E+0	1,077E+0	0,000E+0	2	0110
348,079	87,000	123,300	2,103E+2	0,000E+0	1,786E+2	1,782E+2	0,000E+0	1,092E+0	1,076E+0	0,000E+0	2	0110
349,080	87,000	123,300	2,103E+2	0,000E+0	1,786E+2	1,782E+2	0,000E+0	1,092E+0	1,076E+0	0,000E+0	2	0110
350,079	86,800	123,100	2,099E+2	0,000E+0	1,788E+2	1,784E+2	0,000E+0	1,088E+0	1,072E+0	0,000E+0	2	0110
351,080	86,800	123,100	2,099E+2	0,000E+0	1,788E+2	1,784E+2	0,000E+0	1,088E+0	1,072E+0	0,000E+0	2	0110
352,079	86,700	123,100	2,098E+2	0,000E+0	1,786E+2	1,782E+2	0,000E+0	1,085E+0	1,074E+0	0,000E+0	2	0110
353,080	86,000	124,100	2,101E+2	0,000E+0	1,784E+2	1,785E+2	0,000E+0	1,079E+0	1,079E+0	0,000E+0	3	0110
354,079	85,600	124,600	2,102E+2	0,000E+0	1,783E+2	1,787E+2	0,000E+0	1,082E+0	1,082E+0	0,000E+0	3	0110
355,080	87,200	123,100	2,103E+2	0,000E+0	1,789E+2	1,782E+2	0,000E+0	1,090E+0	1,071E+0	0,000E+0	3	0110
356,081	86,200	123,500	2,097E+2	0,000E+0	1,787E+2	1,783E+2	0,000E+0	1,082E+0	1,075E+0	0,000E+0	3	0110
357,080	86,600	123,600	2,102E+2	0,000E+0	1,786E+2	1,782E+2	0,000E+0	1,089E+0	1,079E+0	0,000E+0	3	0110
358,082	86,600	123,600	2,102E+2	0,000E+0	1,786E+2	1,782E+2	0,000E+0	1,089E+0	1,079E+0	0,000E+0	3	0110
359,081	86,100	123,800	2,099E+2	0,000E+0	1,786E+2	1,783E+2	0,000E+0	1,083E+0	1,077E+0	0,000E+0	3	0110
360,083	86,000	123,900	2,099E+2	0,000E+0	1,785E+2	1,784E+2	0,000E+0	1,083E+0	1,077E+0	0,000E+0	3	0110
361,082	86,500	123,800	2,103E+2	0,000E+0	1,788E+2	1,786E+2	0,000E+0	1,085E+0	1,077E+0	0,000E+0	3	0110
362,082	86,500	123,800	2,103E+2	0,000E+0	1,788E+2	1,786E+2	0,000E+0	1,085E+0	1,077E+0	0,000E+0	3	0110
363,083	86,500	123,800	2,103E+2	0,000E+0	1,788E+2	1,786E+2	0,000E+0	1,085E+0	1,077E+0	0,000E+0	3	0110
364,082	86,500	123,800	2,103E+2	0,000E+0	1,788E+2	1,786E+2	0,000E+0	1,085E+0	1,077E+0	0,000E+0	3	0110
365,083	86,900	123,300	2,102E+2	0,000E+0	1,788E+2	1,785E+2	0,000E+0	1,082E+0	1,072E+0	0,000E+0	3	0110
366,082	86,900	123,300	2,102E+2	0,000E+0	1,788E+2	1,785E+2	0,000E+0	1,082E+0	1,072E+0	0,000E+0	3	0110
367,083	86,900	123,300	2,102E+2	0,000E+0	1,788E+2	1,785E+2	0,000E+0	1,082E+0	1,072E+0	0,000E+0	3	0110
368,084	86,600	123,300	2,099E+2	0,000E+0	1,788E+2	1,783E+2	0,000E+0	1,084E+0	1,069E+0	0,000E+0	3	0110
369,084	86,600	123,300	2,099E+2	0,000E+0	1,788E+2	1,783E+2	0,000E+0	1,084E+0	1,069E+0	0,000E+0	3	0110
370,086	86,300	123,500	2,098E+2	0,000E+0	1,784E+2	1,779E+2	0,000E+0	1,086E+0	1,078E+0	0,000E+0	3	0110
371,085	86,300	123,500	2,098E+2	0,000E+0	1,784E+2	1,779E+2	0,000E+0	1,086E+0	1,078E+0	0,000E+0	3	0110
372,086	86,800	123,600	2,104E+2	0,000E+0	1,786E+2	1,784E+2	0,000E+0	1,087E+0	1,075E+0	0,000E+0	3	0110
373,085	86,800	123,600	2,104E+2	0,000E+0	1,786E+2	1,784E+2	0,000E+0	1,087E+0	1,075E+0	0,000E+0	4	0110
374,085	86,700	123,000	2,097E+2	0,000E+0	1,789E+2	1,786E+2	0,000E+0	1,084E+0	1,071E+0	0,000E+0	4	0110
375,086	85,900	123,900	2,098E+2	0,000E+0	1,780E+2	1,781E+2	0,000E+0	1,084E+0	1,082E+0	0,000E+0	4	0110
376,085	85,700	124,200	2,099E+2	0,000E+0	1,782E+2	1,787E+2	0,000E+0	1,080E+0	1,080E+0	0,000E+0	4	0110
377,085	87,000	123,500	2,105E+2	0,000E+0	1,789E+2	1,783E+2	0,000E+0	1,087E+0	1,075E+0	0,000E+0	4	0110
378,085	88,000	122,000	2,100E+2	0,000E+0	1,795E+2	1,781E+2	0,000E+0	1,091E+0	1,062E+0	0,000E+0	4	0110
379,086	88,000	122,000	2,100E+2	0,000E+0	1,795E+2	1,781E+2	0,000E+0	1,091E+0	1,062E+0	0,000E+0	4	0110
380,087	88,000	122,000	2,100E+2	0,000E+0	1,795E+2	1,781E+2	0,000E+0	1,091E+0	1,062E+0	0,000E+0	4	0110
381,086	87,800	122,500	2,103E+2	0,000E+0	1,794E+2	1,783E+2	0,000E+0	1,091E+0	1,064E+0	0,000E+0	4	0110
382,087	87,800	122,500	2,103E+2	0,000E+0	1,794E+2	1,783E+2	0,000E+0	1,091E+0	1,064E+0	0,000E+0	4	0110
383,086	86,300	123,700	2,100E+2	0,000E+0	1,787E+2	1,784E+2	0,000E+0	1,082E+0	1,075E+0	0,000E+0	4	0110
384,086	86,300	123,700	2,100E+2	0,000E+0	1,787E+2	1,784E+2	0,000E+0	1,082E+0	1,075E+0	0,000E+0	4	0110
385,087	86,300	123,700	2,100E+2	0,000E+0	1,787E+2	1,784E+2	0,000E+0	1,082E+0	1,075E+0	0,000E+0	4	0110
386,086	86,300	123,700	2,100E+2	0,000E+0	1,787E+2	1,784E+2	0,000E+0	1,082E+0	1,075E+0	0,000E+0	4	0110
387,087	85,900	123,800	2,097E+2	0,000E+0	1,786E+2	1,787E+2	0,000E+0	1,075E+0	1,075E+0	0,000E+0	4	0110
388,086	85,900	123,800	2,097E+2	0,000E+0	1,786E+2	1,787E+2	0,000E+0	1,075E+0	1,075E+0	0,000E+0	4	0110
389,088	85,900	123,800	2,097E+2	0,000E+0	1,786E+2	1,787E+2	0,000E+0	1,075E+0	1,075E+0	0,000E+0	4	0110
390,087	86,700	123,400	2,101E+2	0,000E+0	1,789E+2	1,780E+2	0,000E+0	1,089E+0	1,075E+0	0,000E+0	4	0110
391,087	87,400	122,900	2,103E+2	0,000E+0	1,791E+2	1,784E+2	0,000E+0	1,087E+0	1,068E+0	0,000E+0	4	0110
392,089	86,800	123,100	2,099E+2	0,000E+0	1,788E+2	1,785E+2	0,000E+0	1,083E+0	1,071E+0	0,000E+0	5	0110
393,088	86,100	123,800	2,099E+2	0,000E+0	1,785E+2	1,787E+2	0,000E+0	1,080E+0	1,077E+0	0,000E+0	5	0110
394,089	86,400	123,800	2,102E+2	0,000E+0	1,785E+2	1,784E+2	0,000E+0	1,092E+0	1,081E+0	0,000E+0	5	0110
395,088	86,500	123,400	2,099E+2	0,000E+0	1,789E+2	1,785E+2	0,000E+0	1,084E+0	1,075E+0	0,000E+0	5	0110
396,088	86,500	123,400	2,099E+2	0,000E+0	1,789E+2	1,785E+2	0,000E+0	1,084E+0	1,075E+0	0,000E+0	5	0110
397,089	87,900	122,400	2,103E+2	0,000E+0	1,792E+2	1,784E+2	0,000E+0	1,089E+0	1,067E+0	0,000E+0	5	0110
398,090	87,900	122,400	2,103E+2	0,000E+0	1,792E+2	1,784E+2	0,000E+0	1,089E+0	1,067E+0	0,000E+0	5	0110
399,089	87,900	122,400	2,103E+2	0,000E+0	1,792E+2	1,784E+2	0,000E+0	1,089E+0	1,067E+0	0,000E+0	5	0110
400,090	87,900	122,400	2,103E+2	0,000E+0	1,792E+2	1,784E+2	0,000E+0	1,089E+0	1,067E+0	0,000E+0	5	0110
401,089	86,700	123,200	2,099E+2	0,000E+0	1,791E+2	1,789E+2	0,000E+0	1,086E+0	1,072E+0	0,000E+0	5	0110
402,089	86,700	123,200	2,099E+2	0,000E+0	1,791E+2	1,789E+2	0,000E+0	1,086E+0	1,072E+0	0,000E+0	5	0110
403,090	86,700	123,200	2,099E+2	0,000E+0	1,791E+2	1,789E+2	0,000E+0	1,086E+0	1,072E+0	0,000E+0	5	0110
404,089	86,700	123,200	2,099E+2	0,000E+0	1,791E+2	1,789E+2	0,000E+0	1,086E+0	1,072E+0	0,000E+0	5	0110
405,091	86,800	123,200	2,100E+2	0,000E+0	1,786E+2	1,786E+2	0,000E+0	1,084E+0	1,072E+0	0,000E+0	5	0110
406,090	86,600	123,500	2,101E+2	0,000E+0	1,786E+2	1,786E+2	0,000E+0	1,090E+0	1,077E+0	0,000E+0	5	0110
407,092	86,600	123,500	2,101E+2	0,000E+0	1,786E+2	1,786E+2	0,000E+0	1,090E+0	1,077E+0	0,000E+0	5	0110
408,092	87,000	123,100	2,101E+2	0,000E+0	1,790E+2	1,784E+2	0,000E+0	1,090E+0	1,075E+0	0,000E+0	5	0110
409,092	86,800	123,300	2,101E+2	0,000E+0	1,788E+2	1,786E+2	0,000E+0	1,082E+0	1,072E+0	0,000E+0	6	0110
410,093	86,100	124,000	2,101E+2	0,000E+0	1,789E+2	1,788E+2	0,000E+0	1,076E+0	1,075E+0	0,000E+0	6	0110
411,092	87,100	122,900	2,100E+2	0,000E+0	1,789E+2	1,784E+2	0,000E+0	1,087E+0	1,069E+0	0,000E+0	6	0110
412,093	87,000	123,100	2,101E+2	0,000E+0	1,791E+2	1,782E+2	0,000E+0	1,088E+0	1,072E+0	0,000E+0	6	0110
413,092	86,500	123,400	2,099E+2	0,000E+0	1,787E+2	1,785E+2	0,000E+0	1,081E+0	1,074E+0	0,000E+0	6	0110
414,093	86,500	123,400	2,099E+2	0,000E+0	1,787E+2	1,785E+2	0,000E+0	1,081E+0	1,074E+0	0,000E+0	6	0110
415,093	86,500	123,400	2,099E+2	0,000E+0	1,787E+2	1,785E+2	0,000E+0	1,081E+0	1,074E+0	0,000E+0	6	0110
416,093	86,500	123,400	2,099E+2	0,000E+0	1,787E+2	1,785E+2	0,000E+0	1,081E+0	1,074E+0	0,000E+0	6	0110
417,094	85,600	124,100	2,097E+2	0,000E+0	1,782E+2	1,788E+2	0,000E+0	1,077E+0	1,080E+0	0,000E+0	6	0110
418,093	85,600	124,100	2,097E+2	0,000E+0	1,782E+2	1,788E+2	0,000E+0	1,077E+0	1,080E+0	0,000E+0	6	0110
419,093	85,600	124,100	2,097E+2	0,000E+0	1,782E+2	1,788E+2	0,000E+0	1,077E+0	1,080E+0	0,000E+0	6	0110
420,094	85,600	124,100	2,097E+2	0,000E+0	1,782E+2	1,788E+2	0,000E+0	1,077E+0	1,080E+0	0,000E+0	6	0110
421,095	86,600	123,500	2,101E+2	0,000E+0	1,788E+2	1,785E+2	0,000E+0	1,085E+0	1,074E+0	0,000E+0	6	0110
422,096	86,600	123,500	2,101E+2	0,000E+0	1,788E+2	1,785E+2	0,000E+0	1,085E+0	1,074E+0	0,000E+0	6	0110
423,096	87,700	122,600	2,103E+2	0,000E+0	1,794E+2	1,783E+2	0,000E+0	1,091E+0	1,066E+0	0,000E+0	6	0110
424,097	87,700	122,600	2,103E+2	0,000E+0	1,794E+2	1,783E+2	0,000E+0	1,091E+0	1,066E+0	0,000E+0	6	0110
425,097	86,900	123,300	2,102E+2	0,000E+0	1,791E+2	1,785E+2	0,000E+0	1,084E+0	1,073E+0	0,000E+0	7	0110
426,097	87,000	122,800	2,098E+2	0,000E+0	1,790E+2	1,783E+2	0,000E+0	1,085E+0	1,069E+0	0,000E+0	7	0110
427,097	87,000	123,100	2,101E+2	0,000E+0	1,791E+2	1,786E+2	0,000E+0	1,085E+0	1,069E+0	0,000E+0	7	0110
428,097	86,500	123,600	2,101E+2	0,000E+0	1,787E+2	1,787E+2	0,000E+0	1,083E+0	1,075E+0	0,000E+0	7	0110
429,099	86,500	123,600	2,101E+2	0,000E+0	1,787E+2	1,787E+2	0,000E+0	1,083E+0	1,075E+0	0,000E+0	7	0110
430,098	86,400	123,800	2,102E+2	0,000E+0	1,788E+2	1,786E+2	0,000E+0	1,082E+0	1,075E+0	0,000E+0	7	0110
431,099	86,400	123,800	2,102E+2	0,000E+0	1,788E+2	1,786E+2	0,000E+0	1,082E+0	1,075E+0	0,000E+0	7	0110
432,098	86,400	123,800	2,102E+2	0,000E+0	1,788E+2	1,786E+2	0,000E+0	1,082E+0	1,075E+0	0,000E+0	7	0110
433,098	86,400	123,800	2,102E+2	0,000E+0	1,788E+2	1,786E+2	0,000E+0	1,082E+0	1,075E+0	0,000E+0	7	0110
434,099	87,200	122,700	2,099E+2	0,000E+0	1,786E+2	1,786E+2	0,000E+0	1,087E+0	1,065E+0	0,000E+0	7	0110
435,099	87,200	122,700	2,099E+2	0,000E+0	1,786E+2	1,786E+2	0,000E+0	1,087E+0	1,065E+0	0,000E+0	7	0110
436,100	87,200	122,700	2,099E+2	0,000E+0	1,786E+2	1,786E+2	0,000E+0	1,087E+0	1,065E+0	0,000E+0	7	0110
437,099	86,800	123,300	2,101E+2	0,000E+0	1,789E+2	1,784E+2	0,000E+0	1,081E+0	1,071E+0	0,000E+0	7	0110
438,099	86,800	123,300	2,101E+2	0,000E+0	1,789E+2	1,784E+2	0,000E+0	1,081E+0	1,071E+0	0,000E+0	7	0110
439,099	86,700	123,100	2,098E+2	0,000E+0	1,789E+2	1,784E+2	0,000E+0	1,086E+0	1,072E+0	0,000E+0	7	0110
440,100	86,700	123,100	2,098E+2	0,000E+0	1,789E+2	1,784E+2	0,000E+0	1,086E+0	1,072E+0	0,000E+0	7	0110
441,100	86,000	124,000	2,100E+2	0,000E+0	1,784E+2	1,785E+2	0,000E+0	1,084E+0	1,081E+0	0,000E+0	7	0110
442,102	86,500	123,900	2,104E+2	0,000E+0	1,786E+2	1,787E+2	0,000E+0	1,078E+0	1,077E+0	0,000E+0	7	0110
443,101	87,400	122,600	2,100E+2	0,000E+0	1,789E+2	1,781E+2	0,000E+0	1,089E+0	1,070E+0	0,000E+0	7	0110
444,102	87,700	122,300	2,100E+2	0,000E+0	1,791E+2	1,782E+2	0,000E+0	1,086E+0	1,064E+0	0,000E+0	7	0110
445,101	87,400	122,600	2,100E+2	0,000E+0	1,791E+2	1,782E+2	0,000E+0	1,087E+0	1,067E+0	0,000E+0	7	0110
446,102	86,700	123,500	2,102E+2	0,000E+0	1,790E+2	1,783E+2	0,000E+0	1,085E+0	1,074E+0	0,000E+0	7	0110
447,101	86,700	123,500	2,102E+2	0,000E+0	1,790E+2	1,783E+2	0,000E+0	1,085E+0	1,074E+0	0,000E+0	7	0110
448,101	86,900	123,200	2,101E+2	0,000E+0	1,786E+2	1,781E+2	0,000E+0	1,092E+0	1,078E+0	0,000E+0	7	0110
449,102	86,500	123,300	2,098E+2	0,000E+0	1,788E+2	1,786E+2	0,000E+0	1,082E+0	1,073E+0	0,000E+0	7	0110
450,102	86,300	123,700	2,100E+2	0,000E+0	1,784E+2	1,786E+2	0,000E+0	1,084E+0	1,077E+0	0,000E+0	7	0110
451,104	86,600	123,700	2,103E+2	0,000E+0	1,787E+2	1,783E+2	0,000E+0	1,087E+0	1,076E+0	0,000E+0	7	0110
452,104	86,600	123,400	2,100E+2	0,000E+0	1,789E+2	1,786E+2	0,000E+0	1,084E+0	1,072E+0	0,000E+0	7	0110
453,105	87,000	122,900	2,099E+2	0,000E+0	1,791E+2	1,785E+2	0,000E+0	1,082E+0	1,068E+0	0,000E+0	7	0110
454,105	87,000	123,000	2,100E+2	0,000E+0	1,788E+2	1,782E+2	0,000E+0	1,091E+0	1,074E+0	0,000E+0	7	0110
455,106	88,400	121,700	2,101E+2	0,000E+0	1,795E+2	1,781E+2	0,000E+0	1,094E+0	1,061E+0	0,000E+0	7	0110
456,107	86,200	123,600	2,098E+2	0,000E+0	1,785E+2	1,785E+2	0,000E+0	1,086E+0	1,078E+0	0,000E+0	7	0110
457,106	86,100	123,900	2,100E+2	0,000E+0	1,785E+2	1,785E+2	0,000E+0	1,089E+0	1,080E+0	0,000E+0	7	0110
458,107	86,100	123,900	2,100E+2	0,000E+0	1,785E+2	1,785E+2	0,000E+0	1,089E+0	1,080E+0	0,000E+0	7	0110
459,106	87,400	122,700	2,101E+2	0,000E+0	1,791E+2	1,781E+2	0,000E+0	1,089E+0	1,070E+0	0,000E+0	7	0110
460,106	87,100	122,900	2,100E+2	0,000E+0	1,788E+2	1,782E+2	0,000E+0	1,089E+0	1,071E+0	0,000E+0	7	0110
461,106	86,700	123,400	2,101E+2	0,000E+0	1,787E+2	1,783E+2	0,000E+0	1,087E+0	1,074E+0	0,000E+0	7	0110
462,106	86,600	123,600	2,102E+2	0,000E+0	1,785E+2	1,783E+2	0,000E+0	1,088E+0	1,077E+0	0,000E+0	7	0110
463,107	86,600	123,300	2,099E+2	0,000E+0	1,787E+2	1,784E+2	0,000E+0	1,085E+0	1,074E+0	0,000E+0	7	0110
464,106	86,200	123,900	2,101E+2	0,000E+0	1,786E+2	1,785E+2	0,000E+0	1,083E+0	1,078E+0	0,000E+0	7	0110
465,107	87,300	122,700	2,100E+2	0,000E+0	1,790E+2	1,781E+2	0,000E+0	1,092E+0	1,073E+0	0,000E+0	7	0110
466,106	87,200	122,600	2,098E+2	0,000E+0	1,790E+2	1,784E+2	0,000E+0	1,086E+0	1,067E+0	0,000E+0	7	0110
467,106	87,900	122,300	2,102E+2	0,000E+0	1,791E+2	1,779E+2	0,000E+0	1,091E+0	1,071E+0	0,000E+0	7	0110
468,106	87,900	122,300	2,102E+2	0,000E+0	1,791E+2	1,779E+2	0,000E+0	1,091E+0	1,071E+0	0,000E+0	7	0110
469,107	86,600	123,100	2,097E+2	0,000E+0	1,787E+2	1,783E+2	0,000E+0	1,088E+0	1,074E+0	0,000E+0	7	0110
470,109	86,100	124,100	2,102E+2	0,000E+0	1,787E+2	1,788E+2	0,000E+0	1,080E+0	1,077E+0	0,000E+0	7	0110
471,108	86,500	123,800	2,103E+2	0,000E+0	1,786E+2	1,787E+2	0,000E+0	1,079E+0	1,076E+0	0,000E+0	7	0110
473,108	87,300	122,800	2,101E+2	0,000E+0	1,789E+2	1,782E+2	0,000E+0	1,093E+0	1,079E+0	0,000E+0	7	0110
473,108	87,900	121,800	2,097E+2	0,000E+0	1,792E+2	1,780E+2	0,000E+0	1,089E+0	1,062E+0	0,000E+0	7	0110
474,109	86,500	123,600	2,101E+2	0,000E+0	1,784E+2	1,785E+2	0,000E+0	1,084E+0	1,077E+0	0,000E+0	7	0110
475,109	86,600	123,600	2,102E+2	0,000E+0	1,787E+2	1,787E+2	0,000E+0	1,083E+0	1,074E+0	0,000E+0	7	0110
476,109	87,700	122,400	2,101E+2	0,000E+0	1,793E+2	1,783E+2	0,000E+0	1,090E+0	1,066E+0	0,000E+0	7	0110
477,111	86,400	123,700	2,101E+2	0,000E+0	1,789E+2	1,788E+2	0,000E+0	1,079E+0	1,073E+0	0,000E+0	7	0110
478,111	85,800	124,000	2,098E+2	0,000E+0	1,781E+2	1,787E+2	0,000E+0	1,083E+0	1,080E+0	0,000E+0	7	0110
479,112	86,900	123,100	2,100E+2	0,000E+0	1,789E+2	1,785E+2	0,000E+0	1,089E+0	1,071E+0	0,000E+0	7	0110
480,111	86,900	123,100	2,100E+2	0,000E+0	1,789E+2	1,785E+2	0,000E+0	1,089E+0	1,071E+0	0,000E+0	7	0110
481,112	87,200	123,000	2,102E+2	0,000E+0	1,791E+2	1,783E+2	0,000E+0	1,088E+0	1,070E+0	0,000E+0	7	0110
482,113	87,800	122,400	2,102E+2	0,000E+0	1,792E+2	1,787E+2	0,000E+0	1,086E+0	1,065E+0	0,000E+0	7	0110
483,113	87,400	122,800	2,102E+2	0,000E+0	1,792E+2	1,783E+2	0,000E+0	1,086E+0	1,069E+0	0,000E+0	7	0110
484,115	87,400	122,800	2,102E+2	0,000E+0	1,792E+2	1,783E+2	0,000E+0	1,086E+0	1,069E+0	0,000E+0	7	0110
485,114	86,800	122,900	2,097E+2	0,000E+0	1,788E+2	1,784E+2	0,000E+0	1,086E+0	1,071E+0	0,000E+0	7	0110
486,114	86,800	123,600	2,104E+2	0,000E+0	1,789E+2	1,785E+2	0,000E+0	1,088E+0	1,075E+0	0,000E+0	7	0110
487,114	86,600	123,300	2,099E+2	0,000E+0	1,787E+2	1,784E+2	0,000E+0	1,089E+0	1,076E+0	0,000E+0	7	0110
488,114	85,600	124,200	2,098E+2	0,000E+0	1,786E+2	1,789E+2	0,000E+0	1,074E+0	1,080E+0	0,000E+0	7	0110
489,115	86,700	123,100	2,098E+2	0,000E+0	1,790E+2	1,784E+2	0,000E+0	1,087E+0	1,073E+0	0,000E+0	7	0110
490,115	85,900	124,200	2,101E+2	0,000E+0	1,785E+2	1,789E+2	0,000E+0	1,081E+0	1,081E+0	0,000E+0	7	0110
491,117	85,900	124,200	2,101E+2	0,000E+0	1,785E+2	1,789E+2	0,000E+0	1,081E+0	1,081E+0	0,000E+0	7	0110
492,116	85,900	124,100	2,100E+2	0,000E+0	1,787E+2	1,786E+2	0,000E+0	1,078E+0	1,076E+0	0,000E+0	7	0110
493,117	86,300	123,700	2,100E+2	0,000E+0	1,783E+2	1,787E+2	0,000E+0	1,081E+0	1,076E+0	0,000E+0	7	0110
494,117	86,700	123,400	2,101E+2	0,000E+0	1,785E+2	1,784E+2	0,000E+0	1,088E+0	1,077E+0	0,000E+0	7	0110
495,118	87,400	122,700	2,101E+2	0,000E+0	1,789E+2	1,785E+2	0,000E+0	1,091E+0	1,068E+0	0,000E+0	7	0110
496,119	87,400	122,600	2,100E+2	0,000E+0	1,791E+2	1,784E+2	0,000E+0	1,093E+0	1,069E+0	0,000E+0	7	0110
497,118	87,400	122,600	2,100E+2	0,000E+0	1,791E+2	1,784E+2	0,000E+0	1,093E+0	1,069E+0	0,000E+0	7	0110
498,120	86,700	123,400	2,101E+2	0,000E+0	1,789E+2	1,786E+2	0,000E+0	1,083E+0	1,073E+0	0,000E+0	7	0110
499,119	87,100	123,200	2,103E+2	0,000E+0	1,790E+2	1,785E+2	0,000E+0	1,084E+0	1,071E+0	0,000E+0	7	0110
500,119	87,500	122,300	2,098E+2	0,000E+0	1,792E+2	1,782E+2	0,000E+0	1,090E+0	1,065E+0	0,000E+0	7	0110
501,120	86,200	123,600	2,098E+2	0,000E+0	1,789E+2	1,787E+2	0,000E+0	1,081E+0	1,074E+0	0,000E+0	7	0110
502,121	87,600	122,800	2,104E+2	0,000E+0	1,794E+2	1,783E+2	0,000E+0	1,089E+0	1,069E+0	0,000E+0	7	0101
503,122	86,300	123,800	2,101E+2	0,000E+0	1,788E+2	1,787E+2	0,000E+0	1,080E+0	1,075E+0	0,000E+0	7	0101
504,122	86,900	123,100	2,100E+2	0,000E+0	1,792E+2	1,786E+2	0,000E+0	1,085E+0	1,074E+0	0,000E+0	7	0101
505,123	86,100	124,000	2,101E+2	0,000E+0	1,785E+2	1,787E+2	0,000E+0	1,080E+0	1,078E+0	0,000E+0	7	0101
506,122	86,200	124,200	2,104E+2	0,000E+0	1,793E+2	1,794E+2	0,000E+0	1,081E+0	1,078E+0	0,000E+0	7	0101
507,122	86,700	123,000	2,097E+2	0,000E+0	1,794E+2	1,791E+2	0,000E+0	1,087E+0	1,072E+0	0,000E+0	7	0101
508,122	86,700	123,000	2,097E+2	0,000E+0	1,794E+2	1,791E+2	0,000E+0	1,087E+0	1,072E+0	0,000E+0	7	0101
509,122	86,300	124,200	2,105E+2	0,000E+0	1,790E+2	1,793E+2	0,000E+0	1,090E+0	1,079E+0	0,000E+0	7	0101
510,124	87,100	122,900	2,100E+2	0,000E+0	1,799E+2	1,790E+2	0,000E+0	1,086E+0	1,069E+0	0,000E+0	7	0101
511,123	87,700	122,400	2,101E+2	0,000E+0	1,797E+2	1,787E+2	0,000E+0	1,094E+0	1,068E+0	0,000E+0	7	0101
512,124	87,700	122,400	2,101E+2	0,000E+0	1,797E+2	1,787E+2	0,000E+0	1,094E+0	1,068E+0	0,000E+0	7	0101
513,123	87,700	122,400	2,101E+2	0,000E+0	1,797E+2	1,787E+2	0,000E+0	1,094E+0	1,068E+0	0,000E+0	7	0101
514,123	87,700	122,400	2,101E+2	0,000E+0	1,797E+2	1,787E+2	0,000E+0	1,094E+0	1,068E+0	0,000E+0	7	0101
515,125	87,700	122,400	2,101E+2	0,000E+0	1,797E+2	1,787E+2	0,000E+0	1,094E+0	1,068E+0	0,000E+0	7	0101
516,124	87,500	122,400	2,099E+2	0,000E+0	1,799E+2	1,790E+2	0,000E+0	1,088E+0	1,065E+0	0,000E+0	7	0101
517,125	87,500	122,400	2,099E+2	0,000E+0	1,799E+2	1,790E+2	0,000E+0	1,088E+0	1,065E+0	0,000E+0	7	0101
518,124	87,500	122,400	2,099E+2	0,000E+0	1,799E+2	1,790E+2	0,000E+0	1,088E+0	1,065E+0	0,000E+0	7	0101
519,125	87,500	122,400	2,099E+2	0,000E+0	1,797E+2	1,789E+2	0,000E+0	1,086E+0	1,066E+0	0,000E+0	7	0101
520,124	87,500	122,400	2,099E+2	0,000E+0	1,797E+2	1,789E+2	0,000E+0	1,086E+0	1,066E+0	0,000E+0	7	0101
521,125	87,500	122,500	2,100E+2	0,000E+0	1,798E+2	1,788E+2	0,000E+0	1,090E+0	1,068E+0	0,000E+0	7	0101
522,126	87,500	122,500	2,100E+2	0,000E+0	1,798E+2	1,788E+2	0,000E+0	1,090E+0	1,068E+0	0,000E+0	7	0101
523,125	88,700	121,500	2,102E+2	0,000E+0	1,802E+2	1,788E+2	0,000E+0	1,092E+0	1,058E+0	0,000E+0	7	0101
524,126	88,700	121,500	2,102E+2	0,000E+0	1,802E+2	1,788E+2	0,000E+0	1,092E+0	1,058E+0	0,000E+0	7	0101
525,126	86,500	123,400	2,099E+2	0,000E+0	1,796E+2	1,794E+2	0,000E+0	1,078E+0	1,070E+0	0,000E+0	7	0101
526,126	87,000	123,000	2,100E+2	0,000E+0	1,796E+2	1,791E+2	0,000E+0	1,081E+0	1,068E+0	0,000E+0	7	0101
527,126	87,000	123,100	2,101E+2	0,000E+0	1,796E+2	1,790E+2	0,000E+0	1,091E+0	1,073E+0	0,000E+0	7	0101
528,126	86,200	123,600	2,098E+2	0,000E+0	1,791E+2	1,791E+2	0,000E+0	1,086E+0	1,078E+0	0,000E+0	7	0101
529,126	87,700	122,000	2,097E+2	0,000E+0	1,798E+2	1,788E+2	0,000E+0	1,087E+0	1,063E+0	0,000E+0	6	0101
530,128	85,900	124,300	2,102E+2	0,000E+0	1,788E+2	1,794E+2	0,000E+0	1,083E+0	1,081E+0	0,000E+0	6	0101
531,127	86,500	123,700	2,102E+2	0,000E+0	1,795E+2	1,792E+2	0,000E+0	1,086E+0	1,077E+0	0,000E+0	6	0101
532,128	86,200	123,400	2,096E+2	0,000E+0	1,794E+2	1,790E+2	0,000E+0	1,085E+0	1,077E+0	0,000E+0	6	0101
533,127	86,100	124,000	2,101E+2	0,000E+0	1,792E+2	1,791E+2	0,000E+0	1,081E+0	1,081E+0	0,000E+0	6	0101
534,128	86,100	124,000	2,101E+2	0,000E+0	1,792E+2	1,791E+2	0,000E+0	1,081E+0	1,081E+0	0,000E+0	6	0101
535,127	86,100	124,000	2,101E+2	0,000E+0	1,792E+2	1,791E+2	0,000E+0	1,081E+0	1,081E+0	0,000E+0	6	0101
536,127	86,100	124,000	2,101E+2	0,000E+0	1,792E+2	1,791E+2	0,000E+0	1,081E+0	1,081E+0	0,000E+0	6	0101
537,128	86,100	124,000	2,101E+2	0,000E+0	1,792E+2	1,791E+2	0,000E+0	1,081E+0	1,081E+0	0,000E+0	6	0101
538,127	86,600	123,500	2,101E+2	0,000E+0	1,795E+2	1,791E+2	0,000E+0	1,084E+0	1,073E+0	0,000E+0	6	0101
539,128	86,600	123,500	2,101E+2	0,000E+0	1,795E+2	1,791E+2	0,000E+0	1,084E+0	1,073E+0	0,000E+0	6	0101
540,127	86,600	123,500	2,101E+2	0,000E+0	1,795E+2	1,791E+2	0,000E+0	1,084E+0	1,073E+0	0,000E+0	6	0101
541,127	86,600	123,500	2,101E+2	0,000E+0	1,795E+2	1,791E+2	0,000E+0	1,084E+0	1,073E+0	0,000E+0	6	0101
542,128	85,800	124,400	2,102E+2	0,000E+0	1,792E+2	1,794E+2	0,000E+0	1,074E+0	1,080E+0	0,000E+0	6	0101
543,127	86,300	123,500	2,098E+2	0,000E+0	1,794E+2	1,791E+2	0,000E+0	1,087E+0	1,077E+0	0,000E+0	6	0101
544,127	86,300	123,500	2,098E+2	0,000E+0	1,794E+2	1,791E+2	0,000E+0	1,087E+0	1,077E+0	0,000E+0	6	0101
545,128	88,500	121,700	2,102E+2	0,000E+0	1,800E+2	1,787E+2	0,000E+0	1,087E+0	1,062E+0	0,000E+0	6	0101
546,127	88,500	121,700	2,102E+2	0,000E+0	1,800E+2	1,787E+2	0,000E+0	1,087E+0	1,062E+0	0,000E+0	5	0101
547,128	86,700	123,500	2,102E+2	0,000E+0	1,793E+2	1,789E+2	0,000E+0	1,087E+0	1,076E+0	0,000E+0	5	0101
548,127	87,200	123,100	2,103E+2	0,000E+0	1,798E+2	1,789E+2	0,000E+0	1,087E+0	1,071E+0	0,000E+0	5	0101
549,128	87,200	123,100	2,103E+2	0,000E+0	1,798E+2	1,789E+2	0,000E+0	1,087E+0	1,071E+0	0,000E+0	5	0101
550,127	87,000	122,700	2,097E+2	0,000E+0	1,798E+2	1,789E+2	0,000E+0	1,093E+0	1,071E+0	0,000E+0	5	0101
551,127	87,000	122,700	2,097E+2	0,000E+0	1,798E+2	1,789E+2	0,000E+0	1,093E+0	1,071E+0	0,000E+0	5	0101
552,129	87,000	122,700	2,097E+2	0,000E+0	1,798E+2	1,789E+2	0,000E+0	1,093E+0	1,071E+0	0,000E+0	5	0101
553,128	87,000	122,700	2,097E+2	0,000E+0	1,798E+2	1,789E+2	0,000E+0	1,093E+0	1,071E+0	0,000E+0	5	0101
554,129	86,800	123,500	2,103E+2	0,000E+0	1,794E+2	1,791E+2	0,000E+0	1,094E+0	1,076E+0	0,000E+0	5	0101
555,128	86,800	123,500	2,103E+2	0,000E+0	1,794E+2	1,791E+2	0,000E+0	1,094E+0	1,076E+0	0,000E+0	5	0101
556,128	86,800	123,500	2,103E+2	0,000E+0	1,794E+2	1,791E+2	0,000E+0	1,094E+0	1,076E+0	0,000E+0	5	0101
557,130	86,800	123,500	2,103E+2	0,000E+0	1,794E+2	1,791E+2	0,000E+0	1,094E+0	1,076E+0	0,000E+0	5	0101
558,129	85,900	124,400	2,103E+2	0,000E+0	1,791E+2	1,795E+2	0,000E+0	1,079E+0	1,082E+0	0,000E+0	5	0101
559,131	85,900	124,400	2,103E+2	0,000E+0	1,791E+2	1,795E+2	0,000E+0	1,079E+0	1,082E+0	0,000E+0	5	0101
560,130	87,600	122,600	2,102E+2	0,000E+0	1,796E+2	1,789E+2	0,000E+0	1,086E+0	1,066E+0	0,000E+0	5	0101
561,130	87,600	122,600	2,102E+2	0,000E+0	1,796E+2	1,789E+2	0,000E+0	1,086E+0	1,066E+0	0,000E+0	5	0101
562,132	86,800	123,000	2,098E+2	0,000E+0	1,793E+2	1,788E+2	0,000E+0	1,088E+0	1,074E+0	0,000E+0	4	0101
563,131	88,900	121,400	2,103E+2	0,000E+0	1,801E+2	1,787E+2	0,000E+0	1,095E+0	1,056E+0	0,000E+0	4	0101
564,132	86,200	123,900	2,101E+2	0,000E+0	1,792E+2	1,791E+2	0,000E+0	1,083E+0	1,077E+0	0,000E+0	4	0101
565,131	86,300	123,800	2,101E+2	0,000E+0	1,789E+2	1,791E+2	0,000E+0	1,085E+0	1,078E+0	0,000E+0	4	0101
566,132	86,300	123,800	2,101E+2	0,000E+0	1,789E+2	1,791E+2	0,000E+0	1,085E+0	1,078E+0	0,000E+0	4	0101
567,131	86,300	123,800	2,101E+2	0,000E+0	1,789E+2	1,791E+2	0,000E+0	1,085E+0	1,078E+0	0,000E+0	4	0101
568,131	86,300	123,800	2,101E+2	0,000E+0	1,789E+2	1,791E+2	0,000E+0	1,085E+0	1,078E+0	0,000E+0	4	0101
569,132	86,300	123,800	2,101E+2	0,000E+0	1,789E+2	1,791E+2	0,000E+0	1,085E+0	1,078E+0	0,000E+0	4	0101
570,131	87,900	122,600	2,105E+2	0,000E+0	1,797E+2	1,786E+2	0,000E+0	1,091E+0	1,067E+0	0,000E+0	4	0101
571,132	87,900	122,600	2,105E+2	0,000E+0	1,797E+2	1,786E+2	0,000E+0	1,091E+0	1,067E+0	0,000E+0	4	0101
572,131	87,900	122,600	2,105E+2	0,000E+0	1,797E+2	1,786E+2	0,000E+0	1,091E+0	1,067E+0	0,000E+0	4	0101
573,132	87,900	122,600	2,105E+2	0,000E+0	1,797E+2	1,786E+2	0,000E+0	1,091E+0	1,067E+0	0,000E+0	4	0101
574,132	87,300	122,800	2,101E+2	0,000E+0	1,797E+2	1,793E+2	0,000E+0	1,084E+0	1,068E+0	0,000E+0	4	0101
575,132	87,300	122,800	2,101E+2	0,000E+0	1,797E+2	1,793E+2	0,000E+0	1,084E+0	1,068E+0	0,000E+0	4	0101
576,133	86,100	123,900	2,100E+2	0,000E+0	1,789E+2	1,792E+2	0,000E+0	1,092E+0	1,085E+0	0,000E+0	4	0101
577,132	86,100	123,900	2,100E+2	0,000E+0	1,789E+2	1,792E+2	0,000E+0	1,092E+0	1,085E+0	0,000E+0	4	0101
578,133	87,000	123,000	2,100E+2	0,000E+0	1,796E+2	1,789E+2	0,000E+0	1,087E+0	1,071E+0	0,000E+0	4	0101
579,132	86,900	123,400	2,103E+2	0,000E+0	1,794E+2	1,790E+2	0,000E+0	1,087E+0	1,076E+0	0,000E+0	3	0101
580,132	86,800	123,000	2,098E+2	0,000E+0	1,795E+2	1,791E+2	0,000E+0	1,083E+0	1,071E+0	0,000E+0	3	0101
581,133	87,800	122,100	2,099E+2	0,000E+0	1,800E+2	1,783E+2	0,000E+0	1,086E+0	1,065E+0	0,000E+0	3	0101
582,134	86,600	123,500	2,101E+2	0,000E+0	1,794E+2	1,791E+2	0,000E+0	1,087E+0	1,076E+0	0,000E+0	3	0101
583,134	87,600	122,400	2,100E+2	0,000E+0	1,800E+2	1,790E+2	0,000E+0	1,086E+0	1,063E+0	0,000E+0	3	0101
584,134	87,600	122,400	2,100E+2	0,000E+0	1,800E+2	1,790E+2	0,000E+0	1,086E+0	1,063E+0	0,000E+0	3	0101
585,135	87,600	122,400	2,100E+2	0,000E+0	1,800E+2	1,790E+2	0,000E+0	1,086E+0	1,063E+0	0,000E+0	3	0101
586,136	87,600	122,400	2,100E+2	0,000E+0	1,800E+2	1,790E+2	0,000E+0	1,086E+0	1,063E+0	0,000E+0	3	0101
587,135	86,300	123,700	2,100E+2	0,000E+0	1,791E+2	1,792E+2	0,000E+0	1,080E+0	1,077E+0	0,000E+0	3	0101
588,136	86,300	123,700	2,100E+2	0,000E+0	1,791E+2	1,792E+2	0,000E+0	1,080E+0	1,077E+0	0,000E+0	3	0101
589,138	86,900	123,200	2,101E+2	0,000E+0	1,793E+2	1,789E+2	0,000E+0	1,088E+0	1,073E+0	0,000E+0	3	0101
590,137	86,900	123,200	2,101E+2	0,000E+0	1,793E+2	1,789E+2	0,000E+0	1,088E+0	1,073E+0	0,000E+0	3	0101
591,138	86,900	123,200	2,101E+2	0,000E+0	1,793E+2	1,789E+2	0,000E+0	1,088E+0	1,073E+0	0,000E+0	3	0101
592,137	86,800	123,300	2,101E+2	0,000E+0	1,792E+2	1,789E+2	0,000E+0	1,087E+0	1,075E+0	0,000E+0	3	0101
593,138	86,800	123,300	2,101E+2	0,000E+0	1,792E+2	1,789E+2	0,000E+0	1,087E+0	1,075E+0	0,000E+0	3	0101
594,137	86,800	123,300	2,101E+2	0,000E+0	1,792E+2	1,789E+2	0,000E+0	1,087E+0	1,075E+0	0,000E+0	3	0101
595,137	87,200	123,100	2,103E+2	0,000E+0	1,793E+2	1,789E+2	0,000E+0	1,092E+0	1,073E+0	0,000E+0	3	0101
596,139	86,300	123,700	2,100E+2	0,000E+0	1,791E+2	1,787E+2	0,000E+0	1,091E+0	1,082E+0	0,000E+0	2	0101
597,139	87,500	122,600	2,101E+2	0,000E+0	1,796E+2	1,788E+2	0,000E+0	1,086E+0	1,069E+0	0,000E+0	2	0101
598,140	87,600	122,400	2,100E+2	0,000E+0	1,795E+2	1,786E+2	0,000E+0	1,092E+0	1,067E+0	0,000E+0	2	0101
599,140	87,600	122,600	2,102E+2	0,000E+0	1,795E+2	1,786E+2	0,000E+0	1,092E+0	1,070E+0	0,000E+0	2	0101
600,140	87,600	122,600	2,102E+2	0,000E+0	1,795E+2	1,786E+2	0,000E+0	1,092E+0	1,070E+0	0,000E+0	2	0101
601,140	87,600	122,600	2,102E+2	0,000E+0	1,795E+2	1,786E+2	0,000E+0	1,092E+0	1,070E+0	0,000E+0	2	0101
602,140	87,600	122,600	2,102E+2	0,000E+0	1,795E+2	1,786E+2	0,000E+0	1,092E+0	1,070E+0	0,000E+0	2	0101
603,141	86,000	124,100	2,101E+2	0,000E+0	1,788E+2	1,792E+2	0,000E+0	1,076E+0	1,079E+0	0,000E+0	2	0101
604,140	86,000	124,100	2,101E+2	0,000E+0	1,788E+2	1,792E+2	0,000E+0	1,076E+0	1,079E+0	0,000E+0	2	0101
605,141	87,400	122,500	2,099E+2	0,000E+0	1,796E+2	1,788E+2	0,000E+0	1,087E+0	1,066E+0	0,000E+0	2	0101
606,140	87,400	122,500	2,099E+2	0,000E+0	1,796E+2	1,788E+2	0,000E+0	1,087E+0	1,066E+0	0,000E+0	2	0101
607,141	87,400	122,500	2,099E+2	0,000E+0	1,796E+2	1,788E+2	0,000E+0	1,087E+0	1,066E+0	0,000E+0	2	0101
608,140	86,800	123,600	2,104E+2	0,000E+0	1,791E+2	1,789E+2	0,000E+0	1,087E+0	1,077E+0	0,000E+0	2	0101
609,140	86,800	123,600	2,104E+2	0,000E+0	1,791E+2	1,789E+2	0,000E+0	1,087E+0	1,077E+0	0,000E+0	2	0101
610,141	86,800	123,600	2,104E+2	0,000E+0	1,791E+2	1,789E+2	0,000E+0	1,087E+0	1,077E+0	0,000E+0	2	0101
611,140	86,800	123,600	2,104E+2	0,000E+0	1,791E+2	1,789E+2	0,000E+0	1,087E+0	1,077E+0	0,000E+0	2	0101
612,140	87,100	122,700	2,098E+2	0,000E+0	1,796E+2	1,788E+2	0,000E+0	1,083E+0	1,068E+0	0,000E+0	2	0101
613,142	86,500	123,600	2,101E+2	0,000E+0	1,790E+2	1,789E+2	0,000E+0	1,084E+0	1,077E+0	0,000E+0	1	0101
614,141	87,000	123,100	2,101E+2	0,000E+0	1,791E+2	1,788E+2	0,000E+0	1,085E+0	1,073E+0	0,000E+0	1	0101
615,142	87,000	123,100	2,101E+2	0,000E+0	1,791E+2	1,788E+2	0,000E+0	1,085E+0	1,073E+0	0,000E+0	1	0101
616,141	86,900	122,900	2,098E+2	0,000E+0	1,792E+2	1,788E+2	0,000E+0	1,089E+0	1,070E+0	0,000E+0	1	0101
617,141	86,900	122,900	2,098E+2	0,000E+0	1,792E+2	1,788E+2	0,000E+0	1,089E+0	1,070E+0	0,000E+0	1	0101
618,141	86,900	122,900	2,098E+2	0,000E+0	1,792E+2	1,788E+2	0,000E+0	1,089E+0	1,070E+0	0,000E+0	1	0101
619,141	86,900	122,900	2,098E+2	0,000E+0	1,792E+2	1,788E+2	0,000E+0	1,089E+0	1,070E+0	0,000E+0	1	0101
620,142	87,400	122,800	2,102E+2	0,000E+0	1,798E+2	1,787E+2	0,000E+0	1,087E+0	1,067E+0	0,000E+0	1	0101
621,143	87,400	122,800	2,102E+2	0,000E+0	1,798E+2	1,787E+2	0,000E+0	1,087E+0	1,067E+0	0,000E+0	1	0101
622,142	87,400	122,800	2,102E+2	0,000E+0	1,798E+2	1,787E+2	0,000E+0	1,087E+0	1,067E+0	0,000E+0	1	0101
623,143	87,400	122,800	2,102E+2	0,000E+0	1,798E+2	1,787E+2	0,000E+0	1,087E+0	1,067E+0	0,000E+0	1	0101
624,142	85,700	124,300	2,100E+2	0,000E+0	1,787E+2	1,790E+2	0,000E+0	1,079E+0	1,081E+0	0,000E+0	1	0101
625,143	85,700	124,300	2,100E+2	0,000E+0	1,787E+2	1,790E+2	0,000E+0	1,079E+0	1,081E+0	0,000E+0	1	0101
626,145	85,700	124,300	2,100E+2	0,000E+0	1,787E+2	1,790E+2	0,000E+0	1,079E+0	1,081E+0	0,000E+0	1	0101
627,144	88,300	122,100	2,104E+2	0,000E+0	1,796E+2	1,785E+2	0,000E+0	1,096E+0	1,064E+0	0,000E+0	1	0101
628,146	86,400	123,900	2,103E+2	0,000E+0	1,790E+2	1,787E+2	0,000E+0	1,089E+0	1,079E+0	0,000E+0	0	0101
629,145	87,100	122,800	2,099E+2	0,000E+0	1,791E+2	1,783E+2	0,000E+0	1,086E+0	1,069E+0	0,000E+0	0	0101
630,146	86,600	123,800	2,104E+2	0,000E+0	1,785E+2	1,783E+2	0,000E+0	1,085E+0	1,077E+0	0,000E+0	0	0101
631,145	87,700	122,300	2,100E+2	0,000E+0	1,792E+2	1,781E+2	0,000E+0	1,095E+0	1,067E+0	0,000E+0	0	0101
632,145	87,700	122,300	2,100E+2	0,000E+0	1,792E+2	1,781E+2	0,000E+0	1,095E+0	1,067E+0	0,000E+0	0	0101
633,146	86,500	123,800	2,103E+2	0,000E+0	1,784E+2	1,782E+2	0,000E+0	1,095E+0	1,080E+0	0,000E+0	0	0101
634,145	86,500	123,800	2,103E+2	0,000E+0	1,784E+2	1,782E+2	0,000E+0	1,095E+0	1,080E+0	0,000E+0	0	0101
635,146	87,800	122,300	2,101E+2	0,000E+0	1,793E+2	1,774E+2	0,000E+0	1,088E+0	1,067E+0	0,000E+0	0	0101
636,145	87,800	122,300	2,101E+2	0,000E+0	1,793E+2	1,774E+2	0,000E+0	1,088E+0	1,067E+0	0,000E+0	0	0101
637,146	87,800	122,300	2,101E+2	0,000E+0	1,793E+2	1,774E+2	0,000E+0	1,088E+0	1,067E+0	0,000E+0	0	0101
638,146	87,800	122,300	2,101E+2	0,000E+0	1,793E+2	1,774E+2	0,000E+0	1,088E+0	1,067E+0	0,000E+0	0	0101
639,146	85,900	124,000	2,099E+2	0,000E+0	1,785E+2	1,785E+2	0,000E+0	1,084E+0	1,078E+0	0,000E+0	0	0101
640,147	85,900	124,000	2,099E+2	0,000E+0	1,785E+2	1,785E+2	0,000E+0	1,084E+0	1,078E+0	0,000E+0	0	0101
641,146	85,900	124,000	2,099E+2	0,000E+0	1,785E+2	1,785E+2	0,000E+0	1,084E+0	1,078E+0	0,000E+0	0	0101
642,148	86,800	123,400	2,102E+2	0,000E+0	1,786E+2	1,782E+2	0,000E+0	1,087E+0	1,075E+0	0,000E+0	0	0101
643,148	86,800	123,400	2,102E+2	0,000E+0	1,786E+2	1,782E+2	0,000E+0	1,087E+0	1,075E+0	0,000E+0	0	0101
644,149	86,700	123,400	2,101E+2	0,000E+0	1,786E+2	1,784E+2	0,000E+0	1,088E+0	1,076E+0	0,000E+0	0	0101
645,150	86,700	123,400	2,101E+2	0,000E+0	1,786E+2	1,784E+2	0,000E+0	1,088E+0	1,076E+0	0,000E+0	0	0101
646,149	87,000	122,800	2,098E+2	0,000E+0	1,788E+2	1,781E+2	0,000E+0	1,088E+0	1,072E+0	0,000E+0	0	0101
647,150	87,000	123,000	2,100E+2	0,000E+0	1,788E+2	1,782E+2	0,000E+0	1,087E+0	1,073E+0	0,000E+0	0	0101
648,150	85,600	124,800	2,104E+2	0,000E+0	1,780E+2	1,783E+2	0,000E+0	1,096E+0	1,093E+0	0,000E+0	0	0101
649,150	86,900	123,200	2,101E+2	0,000E+0	1,786E+2	1,782E+2	0,000E+0	1,086E+0	1,072E+0	0,000E+0	0	0101
650,150	87,500	122,800	2,103E+2	0,000E+0	1,790E+2	1,780E+2	0,000E+0	1,089E+0	1,069E+0	0,000E+0	0	0101
651,150	87,000	122,800	2,098E+2	0,000E+0	1,789E+2	1,784E+2	0,000E+0	1,084E+0	1,069E+0	0,000E+0	0	0101
652,152	87,000	122,800	2,098E+2	0,000E+0	1,789E+2	1,784E+2	0,000E+0	1,084E+0	1,069E+0	0,000E+0	0	0101
653,151	87,700	122,600	2,103E+2	0,000E+0	1,789E+2	1,782E+2	0,000E+0	1,090E+0	1,069E+0	0,000E+0	0	0101
654,152	88,100	121,400	2,095E+2	0,000E+0	1,793E+2	1,780E+2	0,000E+0	1,090E+0	1,058E+0	0,000E+0	0	0101
655,151	85,900	124,200	2,101E+2	0,000E+0	1,781E+2	1,784E+2	0,000E+0	1,090E+0	1,084E+0	0,000E+0	0	0101
656,152	86,700	123,900	2,106E+2	0,000E+0	1,785E+2	1,786E+2	0,000E+0	1,088E+0	1,078E+0	0,000E+0	0	0101
657,154	86,800	123,100	2,099E+2	0,000E+0	1,790E+2	1,784E+2	0,000E+0	1,083E+0	1,069E+0	0,000E+0	0	0101
658,154	87,800	122,300	2,101E+2	0,000E+0	1,792E+2	1,780E+2	0,000E+0	1,094E+0	1,067E+0	0,000E+0	0	0101
659,156	86,800	122,900	2,097E+2	0,000E+0	1,788E+2	1,783E+2	0,000E+0	1,086E+0	1,071E+0	0,000E+0	0	0101
660,155	85,900	124,200	2,101E+2	0,000E+0	1,781E+2	1,784E+2	0,000E+0	1,092E+0	1,085E+0	0,000E+0	0	0101
661,157	87,100	123,100	2,102E+2	0,000E+0	1,789E+2	1,782E+2	0,000E+0	1,092E+0	1,072E+0	0,000E+0	0	0101
662,156	86,200	124,100	2,103E+2	0,000E+0	1,784E+2	1,786E+2	0,000E+0	1,082E+0	1,079E+0	0,000E+0	0	0101
663,156	86,200	124,100	2,103E+2	0,000E+0	1,784E+2	1,786E+2	0,000E+0	1,082E+0	1,079E+0	0,000E+0	0	0101
664,157	86,700	123,300	2,100E+2	0,000E+0	1,787E+2	1,785E+2	0,000E+0	1,083E+0	1,072E+0	0,000E+0	0	0101
665,156	87,500	122,300	2,098E+2	0,000E+0	1,791E+2	1,780E+2	0,000E+0	1,088E+0	1,067E+0	0,000E+0	0	0101
666,156	86,300	123,900	2,102E+2	0,000E+0	1,783E+2	1,785E+2	0,000E+0	1,084E+0	1,080E+0	0,000E+0	0	0101
667,157	86,200	123,800	2,100E+2	0,000E+0	1,786E+2	1,785E+2	0,000E+0	1,084E+0	1,078E+0	0,000E+0	0	0101
668,156	87,000	122,800	2,098E+2	0,000E+0	1,788E+2	1,783E+2	0,000E+0	1,091E+0	1,072E+0	0,000E+0	0	0101
669,156	88,000	122,200	2,102E+2	0,000E+0	1,792E+2	1,781E+2	0,000E+0	1,092E+0	1,065E+0	0,000E+0	0	0101
670,157	86,700	123,600	2,103E+2	0,000E+0	1,785E+2	1,781E+2	0,000E+0	1,089E+0	1,079E+0	0,000E+0	0	0101
671,157	87,500	122,100	2,096E+2	0,000E+0	1,788E+2	1,780E+2	0,000E+0	1,091E+0	1,067E+0	0,000E+0	0	0101
672,158	86,500	123,500	2,100E+2	0,000E+0	1,785E+2	1,784E+2	0,000E+0	1,084E+0	1,075E+0	0,000E+0	0	0101
673,157	86,900	123,200	2,101E+2	0,000E+0	1,787E+2	1,781E+2	0,000E+0	1,089E+0	1,074E+0	0,000E+0	0	0101
674,158	86,700	123,400	2,101E+2	0,000E+0	1,787E+2	1,783E+2	0,000E+0	1,083E+0	1,073E+0	0,000E+0	0	0101
675,157	87,300	122,600	2,099E+2	0,000E+0	1,792E+2	1,782E+2	0,000E+0	1,087E+0	1,068E+0	0,000E+0	0	0101
676,157	87,300	122,600	2,099E+2	0,000E+0	1,792E+2	1,782E+2	0,000E+0	1,087E+0	1,068E+0	0,000E+0	0	0101
677,157	86,300	123,600	2,099E+2	0,000E+0	1,785E+2	1,785E+2	0,000E+0	1,084E+0	1,078E+0	0,000E+0	0	0101
678,157	86,400	123,600	2,100E+2	0,000E+0	1,785E+2	1,785E+2	0,000E+0	1,082E+0	1,075E+0	0,000E+0	0	0101
679,158	86,400	123,600	2,100E+2	0,000E+0	1,785E+2	1,785E+2	0,000E+0	1,082E+0	1,075E+0	0,000E+0	0	0101
680,157	86,600	123,500	2,101E+2	0,000E+0	1,786E+2	1,784E+2	0,000E+0	1,086E+0	1,074E+0	0,000E+0	0	0101
681,158	86,800	123,100	2,099E+2	0,000E+0	1,786E+2	1,782E+2	0,000E+0	1,089E+0	1,073E+0	0,000E+0	0	0101
682,157	86,600	123,500	2,101E+2	0,000E+0	1,785E+2	1,784E+2	0,000E+0	1,083E+0	1,075E+0	0,000E+0	0	0101
683,157	86,700	123,300	2,100E+2	0,000E+0	1,786E+2	1,781E+2	0,000E+0	1,090E+0	1,076E+0	0,000E+0	0	0101
684,157	86,500	123,200	2,097E+2	0,000E+0	1,786E+2	1,783E+2	0,000E+0	1,084E+0	1,073E+0	0,000E+0	0	0100
685,158	87,400	122,800	2,102E+2	0,000E+0	1,790E+2	1,782E+2	0,000E+0	1,090E+0	1,070E+0	0,000E+0	0	0100
686,160	86,900	123,200	2,101E+2	0,000E+0	1,788E+2	1,783E+2	0,000E+0	1,088E+0	1,074E+0	0,000E+0	0	0100
687,160	86,900	123,000	2,099E+2	0,000E+0	1,787E+2	1,783E+2	0,000E+0	1,084E+0	1,071E+0	0,000E+0	0	0100
688,161	86,700	123,600	2,103E+2	0,000E+0	1,784E+2	1,782E+2	0,000E+0	1,089E+0	1,077E+0	0,000E+0	0	0100
689,160	86,700	123,600	2,103E+2	0,000E+0	1,784E+2	1,782E+2	0,000E+0	1,089E+0	1,077E+0	0,000E+0	0	0100
690,160	86,600	123,400	2,100E+2	0,000E+0	1,785E+2	1,783E+2	0,000E+0	1,087E+0	1,077E+0	0,000E+0	0	0100
691,162	87,000	123,200	2,102E+2	0,000E+0	1,786E+2	1,782E+2	0,000E+0	1,091E+0	1,074E+0	0,000E+0	0	0100
692,161	87,400	122,500	2,099E+2	0,000E+0	1,792E+2	1,781E+2	0,000E+0	1,089E+0	1,067E+0	0,000E+0	0	0100
693,163	86,900	123,300	2,102E+2	0,000E+0	1,785E+2	1,781E+2	0,000E+0	1,092E+0	1,078E+0	0,000E+0	0	0100
694,162	86,400	123,300	2,097E+2	0,000E+0	1,786E+2	1,784E+2	0,000E+0	1,081E+0	1,074E+0	0,000E+0	0	0100
695,163	86,400	123,300	2,097E+2	0,000E+0	1,786E+2	1,784E+2	0,000E+0	1,081E+0	1,074E+0	0,000E+0	0	0100
696,162	86,400	123,300	2,097E+2	0,000E+0	1,786E+2	1,784E+2	0,000E+0	1,081E+0	1,074E+0	0,000E+0	0	0100
697,162	86,400	123,300	2,097E+2	0,000E+0	1,786E+2	1,784E+2	0,000E+0	1,081E+0	1,074E+0	0,000E+0	0	0100
698,163	87,100	123,000	2,101E+2	0,000E+0	1,788E+2	1,783E+2	0,000E+0	1,091E+0	1,075E+0	0,000E+0	0	0100
699,162	87,100	123,000	2,101E+2	0,000E+0	1,788E+2	1,783E+2	0,000E+0	1,091E+0	1,075E+0	0,000E+0	0	0100
700,164	87,100	123,000	2,101E+2	0,000E+0	1,788E+2	1,783E+2	0,000E+0	1,091E+0	1,075E+0	0,000E+0	0	0100
701,163	87,100	123,000	2,101E+2	0,000E+0	1,788E+2	1,783E+2	0,000E+0	1,091E+0	1,075E+0	0,000E+0	0	0100
702,164	86,800	123,100	2,099E+2	0,000E+0	1,785E+2	1,781E+2	0,000E+0	1,091E+0	1,076E+0	0,000E+0	0	0100
703,163	86,800	123,100	2,099E+2	0,000E+0	1,785E+2	1,781E+2	0,000E+0	1,091E+0	1,076E+0	0,000E+0	0	0100
704,163	86,900	123,400	2,103E+2	0,000E+0	1,788E+2	1,781E+2	0,000E+0	1,090E+0	1,076E+0	0,000E+0	0	0100
705,164	86,900	123,400	2,103E+2	0,000E+0	1,788E+2	1,781E+2	0,000E+0	1,090E+0	1,076E+0	0,000E+0	0	0100
706,163	87,400	122,700	2,101E+2	0,000E+0	1,785E+2	1,780E+2	0,000E+0	1,093E+0	1,072E+0	0,000E+0	0	0100
707,164	87,000	122,900	2,099E+2	0,000E+0	1,790E+2	1,784E+2	0,000E+0	1,086E+0	1,067E+0	0,000E+0	0	0100
708,163	87,000	123,200	2,102E+2	0,000E+0	1,788E+2	1,782E+2	0,000E+0	1,085E+0	1,071E+0	0,000E+0	1	0100
709,163	86,800	123,100	2,099E+2	0,000E+0	1,786E+2	1,781E+2	0,000E+0	1,083E+0	1,071E+0	0,000E+0	1	0100
710,164	87,200	123,300	2,105E+2	0,000E+0	1,786E+2	1,778E+2	0,000E+0	1,091E+0	1,077E+0	0,000E+0	1	0100
711,164	87,200	123,300	2,105E+2	0,000E+0	1,786E+2	1,778E+2	0,000E+0	1,091E+0	1,077E+0	0,000E+0	1	0100
712,165	86,200	123,500	2,097E+2	0,000E+0	1,782E+2	1,781E+2	0,000E+0	1,084E+0	1,077E+0	0,000E+0	1	0100
713,165	86,200	123,500	2,097E+2	0,000E+0	1,782E+2	1,781E+2	0,000E+0	1,084E+0	1,077E+0	0,000E+0	1	0100
714,167	86,200	123,800	2,100E+2	0,000E+0	1,783E+2	1,784E+2	0,000E+0	1,087E+0	1,079E+0	0,000E+0	1	0100
715,166	86,200	123,800	2,100E+2	0,000E+0	1,783E+2	1,784E+2	0,000E+0	1,087E+0	1,079E+0	0,000E+0	1	0100
716,167	86,600	123,500	2,101E+2	0,000E+0	1,785E+2	1,782E+2	0,000E+0	1,084E+0	1,075E+0	0,000E+0	1	0100
717,166	86,600	123,500	2,101E+2	0,000E+0	1,785E+2	1,782E+2	0,000E+0	1,084E+0	1,075E+0	0,000E+0	1	0100
718,166	86,600	123,500	2,101E+2	0,000E+0	1,785E+2	1,782E+2	0,000E+0	1,084E+0	1,075E+0	0,000E+0	1	0100
719,167	86,700	123,000	2,097E+2	0,000E+0	1,783E+2	1,779E+2	0,000E+0	1,085E+0	1,073E+0	0,000E+0	1	0100
720,166	86,700	123,000	2,097E+2	0,000E+0	1,783E+2	1,779E+2	0,000E+0	1,085E+0	1,073E+0	0,000E+0	1	0100
721,168	86,700	123,000	2,097E+2	0,000E+0	1,783E+2	1,779E+2	0,000E+0	1,085E+0	1,073E+0	0,000E+0	1	0100
722,167	86,700	123,000	2,097E+2	0,000E+0	1,783E+2	1,779E+2	0,000E+0	1,085E+0	1,073E+0	0,000E+0	1	0100
723,168	86,200	124,000	2,102E+2	0,000E+0	1,779E+2	1,779E+2	0,000E+0	1,093E+0	1,085E+0	0,000E+0	1	0100
724,169	86,200	124,000	2,102E+2	0,000E+0	1,779E+2	1,779E+2	0,000E+0	1,093E+0	1,085E+0	0,000E+0	1	0100
725,168	87,400	122,600	2,100E+2	0,000E+0	1,790E+2	1,781E+2	0,000E+0	1,087E+0	1,065E+0	0,000E+0	1	0100
726,169	87,400	122,600	2,100E+2	0,000E+0	1,790E+2	1,781E+2	0,000E+0	1,087E+0	1,065E+0	0,000E+0	1	0100
727,168	86,900	123,100	2,100E+2	0,000E+0	1,787E+2	1,780E+2	0,000E+0	1,086E+0	1,072E+0	0,000E+0	1	0100
728,168	86,300	123,500	2,098E+2	0,000E+0	1,782E+2	1,780E+2	0,000E+0	1,084E+0	1,076E+0	0,000E+0	1	0100
729,168	86,200	124,100	2,103E+2	0,000E+0	1,779E+2	1,780E+2	0,000E+0	1,090E+0	1,084E+0	0,000E+0	1	0100
730,168	86,700	123,400	2,101E+2	0,000E+0	1,784E+2	1,780E+2	0,000E+0	1,089E+0	1,076E+0	0,000E+0	1	0100
731,170	87,600	122,400	2,100E+2	0,000E+0	1,788E+2	1,778E+2	0,000E+0	1,091E+0	1,067E+0	0,000E+0	2	0100
732,169	87,400	122,600	2,100E+2	0,000E+0	1,786E+2	1,777E+2	0,000E+0	1,093E+0	1,070E+0	0,000E+0	2	0100
733,170	87,000	123,100	2,101E+2	0,000E+0	1,785E+2	1,778E+2	0,000E+0	1,087E+0	1,074E+0	0,000E+0	2	0100
734,169	87,000	123,100	2,101E+2	0,000E+0	1,785E+2	1,778E+2	0,000E+0	1,087E+0	1,074E+0	0,000E+0	2	0100
735,169	87,000	123,100	2,101E+2	0,000E+0	1,785E+2	1,778E+2	0,000E+0	1,087E+0	1,074E+0	0,000E+0	2	0100
736,169	87,000	123,100	2,101E+2	0,000E+0	1,785E+2	1,778E+2	0,000E+0	1,087E+0	1,074E+0	0,000E+0	2	0100
737,169	87,000	123,000	2,100E+2	0,000E+0	1,785E+2	1,778E+2	0,000E+0	1,087E+0	1,073E+0	0,000E+0	2	0100
738,170	87,000	123,000	2,100E+2	0,000E+0	1,785E+2	1,778E+2	0,000E+0	1,087E+0	1,073E+0	0,000E+0	2	0100
739,170	87,000	123,000	2,100E+2	0,000E+0	1,785E+2	1,778E+2	0,000E+0	1,087E+0	1,073E+0	0,000E+0	2	0100
740,171	86,500	123,600	2,101E+2	0,000E+0	1,782E+2	1,779E+2	0,000E+0	1,089E+0	1,079E+0	0,000E+0	2	0100
741,170	86,500	123,600	2,101E+2	0,000E+0	1,782E+2	1,779E+2	0,000E+0	1,089E+0	1,079E+0	0,000E+0	2	0100
742,170	86,500	123,600	2,101E+2	0,000E+0	1,782E+2	1,779E+2	0,000E+0	1,089E+0	1,079E+0	0,000E+0	2	0100
743,170	86,500	123,600	2,101E+2	0,000E+0	1,782E+2	1,779E+2	0,000E+0	1,089E+0	1,079E+0	0,000E+0	2	0100
744,171	87,100	122,900	2,100E+2	0,000E+0	1,785E+2	1,779E+2	0,000E+0	1,090E+0	1,072E+0	0,000E+0	2	0100
745,172	86,800	123,200	2,100E+2	0,000E+0	1,785E+2	1,779E+2	0,000E+0	1,090E+0	1,075E+0	0,000E+0	2	0100
746,171	86,800	123,300	2,101E+2	0,000E+0	1,784E+2	1,780E+2	0,000E+0	1,086E+0	1,073E+0	0,000E+0	3	0100
747,173	86,800	123,300	2,101E+2	0,000E+0	1,784E+2	1,780E+2	0,000E+0	1,086E+0	1,073E+0	0,000E+0	3	0100
748,172	88,100	122,000	2,101E+2	0,000E+0	1,791E+2	1,779E+2	0,000E+0	1,093E+0	1,060E+0	0,000E+0	3	0100
749,172	86,600	123,600	2,102E+2	0,000E+0	1,785E+2	1,780E+2	0,000E+0	1,089E+0	1,077E+0	0,000E+0	3	0100
750,172	87,200	122,600	2,098E+2	0,000E+0	1,789E+2	1,780E+2	0,000E+0	1,083E+0	1,068E+0	0,000E+0	3	0100
751,172	87,200	122,600	2,098E+2	0,000E+0	1,789E+2	1,780E+2	0,000E+0	1,083E+0	1,068E+0	0,000E+0	3	0100
752,174	87,200	122,600	2,098E+2	0,000E+0	1,789E+2	1,780E+2	0,000E+0	1,083E+0	1,068E+0	0,000E+0	3	0100
753,173	87,200	122,600	2,098E+2	0,000E+0	1,789E+2	1,780E+2	0,000E+0	1,083E+0	1,068E+0	0,000E+0	3	0100
754,174	87,200	122,600	2,098E+2	0,000E+0	1,789E+2	1,780E+2	0,000E+0	1,083E+0	1,068E+0	0,000E+0	3	0100
755,173	86,900	123,100	2,100E+2	0,000E+0	1,785E+2	1,780E+2	0,000E+0	1,094E+0	1,075E+0	0,000E+0	3	0100
756,173	86,900	123,100	2,100E+2	0,000E+0	1,785E+2	1,780E+2	0,000E+0	1,094E+0	1,075E+0	0,000E+0	3	0100
757,174	86,900	123,100	2,100E+2	0,000E+0	1,785E+2	1,780E+2	0,000E+0	1,094E+0	1,075E+0	0,000E+0	3	0100
758,173	85,700	124,600	2,103E+2	0,000E+0	1,781E+2	1,780E+2	0,000E+0	1,088E+0	1,086E+0	0,000E+0	3	0100
759,174	85,700	124,600	2,103E+2	0,000E+0	1,781E+2	1,780E+2	0,000E+0	1,088E+0	1,086E+0	0,000E+0	3	0100
760,173	86,200	123,900	2,101E+2	0,000E+0	1,782E+2	1,781E+2	0,000E+0	1,087E+0	1,082E+0	0,000E+0	3	0100
761,174	86,200	123,900	2,101E+2	0,000E+0	1,782E+2	1,781E+2	0,000E+0	1,087E+0	1,082E+0	0,000E+0	3	0100
762,174	86,100	124,100	2,102E+2	0,000E+0	1,780E+2	1,783E+2	0,000E+0	1,080E+0	1,081E+0	0,000E+0	3	0100
763,174	86,100	124,100	2,102E+2	0,000E+0	1,780E+2	1,783E+2	0,000E+0	1,080E+0	1,081E+0	0,000E+0	3	0100
764,175	85,700	123,900	2,096E+2	0,000E+0	1,780E+2	1,781E+2	0,000E+0	1,083E+0	1,082E+0	0,000E+0	4	0100
765,174	87,300	122,700	2,100E+2	0,000E+0	1,789E+2	1,782E+2	0,000E+0	1,088E+0	1,067E+0	0,000E+0	4	0100
766,175	86,500	123,800	2,103E+2	0,000E+0	1,783E+2	1,783E+2	0,000E+0	1,085E+0	1,077E+0	0,000E+0	4	0100
767,174	86,200	124,200	2,104E+2	0,000E+0	1,782E+2	1,780E+2	0,000E+0	1,091E+0	1,084E+0	0,000E+0	4	0100
768,175	86,200	124,200	2,104E+2	0,000E+0	1,782E+2	1,780E+2	0,000E+0	1,091E+0	1,084E+0	0,000E+0	4	0100
769,175	86,200	124,200	2,104E+2	0,000E+0	1,782E+2	1,780E+2	0,000E+0	1,091E+0	1,084E+0	0,000E+0	4	0100
770,176	86,200	124,200	2,104E+2	0,000E+0	1,782E+2	1,780E+2	0,000E+0	1,091E+0	1,084E+0	0,000E+0	4	0100
771,178	86,200	124,200	2,104E+2	0,000E+0	1,782E+2	1,780E+2	0,000E+0	1,091E+0	1,084E+0	0,000E+0	4	0100
772,177	86,200	124,200	2,104E+2	0,000E+0	1,782E+2	1,780E+2	0,000E+0	1,091E+0	1,084E+0	0,000E+0	4	0100
773,179	86,900	122,800	2,097E+2	0,000E+0	1,787E+2	1,780E+2	0,000E+0	1,084E+0	1,069E+0	0,000E+0	4	0100
774,179	86,900	122,800	2,097E+2	0,000E+0	1,787E+2	1,780E+2	0,000E+0	1,084E+0	1,069E+0	0,000E+0	4	0100
775,179	86,200	123,200	2,094E+2	0,000E+0	1,783E+2	1,779E+2	0,000E+0	1,088E+0	1,076E+0	0,000E+0	4	0100
776,179	86,200	123,200	2,094E+2	0,000E+0	1,783E+2	1,779E+2	0,000E+0	1,088E+0	1,076E+0	0,000E+0	4	0100
777,179	86,700	123,300	2,100E+2	0,000E+0	1,785E+2	1,781E+2	0,000E+0	1,086E+0	1,073E+0	0,000E+0	4	0100
778,180	86,700	123,300	2,100E+2	0,000E+0	1,785E+2	1,781E+2	0,000E+0	1,086E+0	1,073E+0	0,000E+0	4	0100
779,179	86,300	124,200	2,105E+2	0,000E+0	1,783E+2	1,783E+2	0,000E+0	1,088E+0	1,081E+0	0,000E+0	5	0100
780,181	86,200	123,700	2,099E+2	0,000E+0	1,781E+2	1,779E+2	0,000E+0	1,091E+0	1,082E+0	0,000E+0	5	0100
781,181	87,000	122,400	2,094E+2	0,000E+0	1,787E+2	1,780E+2	0,000E+0	1,088E+0	1,068E+0	0,000E+0	5	0100
782,181	87,000	122,400	2,094E+2	0,000E+0	1,787E+2	1,780E+2	0,000E+0	1,088E+0	1,068E+0	0,000E+0	5	0100
783,182	86,900	123,400	2,103E+2	0,000E+0	1,786E+2	1,783E+2	0,000E+0	1,091E+0	1,076E+0	0,000E+0	5	0100
784,182	86,900	123,400	2,103E+2	0,000E+0	1,786E+2	1,783E+2	0,000E+0	1,091E+0	1,076E+0	0,000E+0	5	0100
785,183	86,900	123,400	2,103E+2	0,000E+0	1,786E+2	1,783E+2	0,000E+0	1,091E+0	1,076E+0	0,000E+0	5	0100
786,182	86,900	123,400	2,103E+2	0,000E+0	1,786E+2	1,783E+2	0,000E+0	1,091E+0	1,076E+0	0,000E+0	5	0100
787,183	86,300	123,900	2,102E+2	0,000E+0	1,784E+2	1,784E+2	0,000E+0	1,086E+0	1,078E+0	0,000E+0	5	0100
788,182	86,300	123,900	2,102E+2	0,000E+0	1,784E+2	1,784E+2	0,000E+0	1,086E+0	1,078E+0	0,000E+0	5	0100
789,182	86,300	123,900	2,102E+2	0,000E+0	1,784E+2	1,784E+2	0,000E+0	1,086E+0	1,078E+0	0,000E+0	5	0100
790,184	86,300	123,900	2,102E+2	0,000E+0	1,784E+2	1,784E+2	0,000E+0	1,086E+0	1,078E+0	0,000E+0	5	0100
791,184	86,400	123,400	2,098E+2	0,000E+0	1,783E+2	1,781E+2	0,000E+0	1,090E+0	1,077E+0	0,000E+0	5	0100
792,185	86,400	123,400	2,098E+2	0,000E+0	1,783E+2	1,781E+2	0,000E+0	1,090E+0	1,077E+0	0,000E+0	5	0100
793,184	86,000	123,900	2,099E+2	0,000E+0	1,784E+2	1,782E+2	0,000E+0	1,082E+0	1,078E+0	0,000E+0	5	0100
794,184	87,200	122,700	2,099E+2	0,000E+0	1,786E+2	1,777E+2	0,000E+0	1,094E+0	1,073E+0	0,000E+0	5	0100
795,185	86,100	123,800	2,099E+2	0,000E+0	1,782E+2	1,782E+2	0,000E+0	1,082E+0	1,079E+0	0,000E+0	5	0100
796,185	87,000	123,300	2,103E+2	0,000E+0	1,787E+2	1,783E+2	0,000E+0	1,088E+0	1,072E+0	0,000E+0	5	0100
797,186	85,800	124,600	2,104E+2	0,000E+0	1,781E+2	1,785E+2	0,000E+0	1,079E+0	1,084E+0	0,000E+0	6	0100
798,185	87,400	122,400	2,098E+2	0,000E+0	1,787E+2	1,778E+2	0,000E+0	1,092E+0	1,070E+0	0,000E+0	6	0100
799,185	85,700	124,100	2,098E+2	0,000E+0	1,780E+2	1,784E+2	0,000E+0	1,081E+0	1,081E+0	0,000E+0	6	0100
800,186	85,700	124,100	2,098E+2	0,000E+0	1,780E+2	1,784E+2	0,000E+0	1,081E+0	1,081E+0	0,000E+0	6	0100
801,186	87,100	123,300	2,104E+2	0,000E+0	1,787E+2	1,781E+2	0,000E+0	1,093E+0	1,075E+0	0,000E+0	6	0100
802,188	87,100	123,300	2,104E+2	0,000E+0	1,787E+2	1,781E+2	0,000E+0	1,093E+0	1,075E+0	0,000E+0	6	0100
803,187	87,100	123,300	2,104E+2	0,000E+0	1,787E+2	1,781E+2	0,000E+0	1,093E+0	1,075E+0	0,000E+0	6	0100
804,188	87,100	123,300	2,104E+2	0,000E+0	1,787E+2	1,781E+2	0,000E+0	1,093E+0	1,075E+0	0,000E+0	6	0100
805,187	86,900	123,100	2,100E+2	0,000E+0	1,786E+2	1,781E+2	0,000E+0	1,084E+0	1,074E+0	0,000E+0	6	0100
806,187	86,900	123,100	2,100E+2	0,000E+0	1,786E+2	1,781E+2	0,000E+0	1,084E+0	1,074E+0	0,000E+0	6	0100
807,188	86,500	123,300	2,098E+2	0,000E+0	1,784E+2	1,783E+2	0,000E+0	1,080E+0	1,072E+0	0,000E+0	6	0100
808,187	86,500	123,300	2,098E+2	0,000E+0	1,784E+2	1,783E+2	0,000E+0	1,080E+0	1,072E+0	0,000E+0	6	0100
809,188	86,500	123,300	2,098E+2	0,000E+0	1,784E+2	1,783E+2	0,000E+0	1,080E+0	1,072E+0	0,000E+0	6	0100
810,187	86,500	123,300	2,098E+2	0,000E+0	1,784E+2	1,783E+2	0,000E+0	1,080E+0	1,072E+0	0,000E+0	6	0100
811,188	86,900	123,400	2,103E+2	0,000E+0	1,788E+2	1,782E+2	0,000E+0	1,084E+0	1,072E+0	0,000E+0	6	0100
812,187	86,100	124,100	2,102E+2	0,000E+0	1,782E+2	1,782E+2	0,000E+0	1,085E+0	1,082E+0	0,000E+0	6	0100
813,187	86,400	123,900	2,103E+2	0,000E+0	1,784E+2	1,783E+2	0,000E+0	1,085E+0	1,078E+0	0,000E+0	7	0100
814,188	87,000	123,100	2,101E+2	0,000E+0	1,786E+2	1,781E+2	0,000E+0	1,086E+0	1,072E+0	0,000E+0	7	0100
815,187	87,000	123,100	2,101E+2	0,000E+0	1,786E+2	1,781E+2	0,000E+0	1,086E+0	1,072E+0	0,000E+0	7	0100
816,188	86,900	123,300	2,102E+2	0,000E+0	1,785E+2	1,782E+2	0,000E+0	1,087E+0	1,074E+0	0,000E+0	7	0100
817,188	86,900	123,300	2,102E+2	0,000E+0	1,785E+2	1,782E+2	0,000E+0	1,087E+0	1,074E+0	0,000E+0	7	0100
818,188	86,900	123,300	2,102E+2	0,000E+0	1,785E+2	1,782E+2	0,000E+0	1,087E+0	1,074E+0	0,000E+0	7	0100
819,188	86,900	123,300	2,102E+2	0,000E+0	1,785E+2	1,782E+2	0,000E+0	1,087E+0	1,074E+0	0,000E+0	7	0100
820,188	88,200	121,800	2,100E+2	0,000E+0	1,790E+2	1,778E+2	0,000E+0	1,091E+0	1,063E+0	0,000E+0	7	0100
821,189	88,200	121,800	2,100E+2	0,000E+0	1,790E+2	1,778E+2	0,000E+0	1,091E+0	1,063E+0	0,000E+0	7	0100
822,188	88,200	121,800	2,100E+2	0,000E+0	1,790E+2	1,778E+2	0,000E+0	1,091E+0	1,063E+0	0,000E+0	7	0100
823,189	86,300	123,500	2,098E+2	0,000E+0	1,783E+2	1,781E+2	0,000E+0	1,086E+0	1,077E+0	0,000E+0	7	0100
824,188	86,300	123,500	2,098E+2	0,000E+0	1,783E+2	1,781E+2	0,000E+0	1,086E+0	1,077E+0	0,000E+0	7	0100
825,188	86,300	123,500	2,098E+2	0,000E+0	1,783E+2	1,781E+2	0,000E+0	1,086E+0	1,077E+0	0,000E+0	7	0100
826,189	86,300	123,500	2,098E+2	0,000E+0	1,783E+2	1,781E+2	0,000E+0	1,086E+0	1,077E+0	0,000E+0	7	0100
827,189	86,000	124,100	2,101E+2	0,000E+0	1,781E+2	1,783E+2	0,000E+0	1,090E+0	1,084E+0	0,000E+0	7	0100
828,190	86,300	123,700	2,100E+2	0,000E+0	1,786E+2	1,782E+2	0,000E+0	1,083E+0	1,077E+0	0,000E+0	7	0100
829,189	86,200	124,000	2,102E+2	0,000E+0	1,783E+2	1,783E+2	0,000E+0	1,081E+0	1,079E+0	0,000E+0	7	0100
830,190	85,300	124,700	2,100E+2	0,000E+0	1,779E+2	1,785E+2	0,000E+0	1,081E+0	1,086E+0	0,000E+0	7	0100
831,189	85,300	124,700	2,100E+2	0,000E+0	1,779E+2	1,785E+2	0,000E+0	1,081E+0	1,086E+0	0,000E+0	7	0100
832,189	86,400	123,600	2,100E+2	0,000E+0	1,786E+2	1,780E+2	0,000E+0	1,085E+0	1,078E+0	0,000E+0	7	0100
833,190	87,200	122,900	2,101E+2	0,000E+0	1,788E+2	1,781E+2	0,000E+0	1,089E+0	1,071E+0	0,000E+0	7	0100
834,190	86,800	123,300	2,101E+2	0,000E+0	1,785E+2	1,783E+2	0,000E+0	1,087E+0	1,075E+0	0,000E+0	7	0100
835,191	85,500	123,900	2,094E+2	0,000E+0	1,781E+2	1,784E+2	0,000E+0	1,079E+0	1,079E+0	0,000E+0	7	0100
836,190	86,500	123,700	2,102E+2	0,000E+0	1,783E+2	1,782E+2	0,000E+0	1,089E+0	1,079E+0	0,000E+0	7	0100
837,191	86,800	123,500	2,103E+2	0,000E+0	1,787E+2	1,782E+2	0,000E+0	1,089E+0	1,076E+0	0,000E+0	7	0100
838,190	85,700	124,200	2,099E+2	0,000E+0	1,781E+2	1,785E+2	0,000E+0	1,076E+0	1,080E+0	0,000E+0	7	0100
839,190	87,100	123,000	2,101E+2	0,000E+0	1,787E+2	1,782E+2	0,000E+0	1,087E+0	1,072E+0	0,000E+0	7	0100
840,191	87,300	122,700	2,100E+2	0,000E+0	1,789E+2	1,780E+2	0,000E+0	1,091E+0	1,071E+0	0,000E+0	7	0100
841,190	86,500	123,800	2,103E+2	0,000E+0	1,781E+2	1,780E+2	0,000E+0	1,094E+0	1,083E+0	0,000E+0	7	0100
842,191	86,500	123,800	2,103E+2	0,000E+0	1,781E+2	1,780E+2	0,000E+0	1,094E+0	1,083E+0	0,000E+0	7	0100
843,190	87,300	122,500	2,098E+2	0,000E+0	1,788E+2	1,779E+2	0,000E+0	1,093E+0	1,069E+0	0,000E+0	7	0100
844,192	86,100	124,100	2,102E+2	0,000E+0	1,781E+2	1,782E+2	0,000E+0	1,083E+0	1,080E+0	0,000E+0	7	0100
845,192	87,400	122,500	2,099E+2	0,000E+0	1,788E+2	1,779E+2	0,000E+0	1,092E+0	1,070E+0	0,000E+0	7	0100
846,193	86,900	123,300	2,102E+2	0,000E+0	1,784E+2	1,781E+2	0,000E+0	1,085E+0	1,076E+0	0,000E+0	7	0100
847,193	86,200	123,900	2,101E+2	0,000E+0	1,783E+2	1,784E+2	0,000E+0	1,084E+0	1,079E+0	0,000E+0	7	0100
848,194	86,800	123,300	2,101E+2	0,000E+0	1,784E+2	1,778E+2	0,000E+0	1,093E+0	1,076E+0	0,000E+0	7	0100
849,193	86,900	123,100	2,100E+2	0,000E+0	1,787E+2	1,781E+2	0,000E+0	1,084E+0	1,071E+0	0,000E+0	7	0100
850,193	86,900	122,900	2,098E+2	0,000E+0	1,784E+2	1,780E+2	0,000E+0	1,087E+0	1,073E+0	0,000E+0	7	0100
851,194	87,400	122,900	2,103E+2	0,000E+0	1,786E+2	1,780E+2	0,000E+0	1,088E+0	1,071E+0	0,000E+0	7	0100
852,195	87,400	122,900	2,103E+2	0,000E+0	1,786E+2	1,780E+2	0,000E+0	1,088E+0	1,071E+0	0,000E+0	7	0100
853,195	86,200	123,600	2,098E+2	0,000E+0	1,782E+2	1,781E+2	0,000E+0	1,089E+0	1,079E+0	0,000E+0	7	0100
854,196	85,900	123,900	2,098E+2	0,000E+0	1,782E+2	1,784E+2	0,000E+0	1,081E+0	1,078E+0	0,000E+0	7	0100
855,195	85,900	123,900	2,098E+2	0,000E+0	1,782E+2	1,784E+2	0,000E+0	1,081E+0	1,078E+0	0,000E+0	7	0100
856,195	88,000	122,100	2,101E+2	0,000E+0	1,790E+2	1,778E+2	0,000E+0	1,092E+0	1,065E+0	0,000E+0	7	0100
857,196	88,000	122,100	2,101E+2	0,000E+0	1,790E+2	1,778E+2	0,000E+0	1,092E+0	1,065E+0	0,000E+0	7	0100
858,196	87,700	122,200	2,099E+2	0,000E+0	1,790E+2	1,779E+2	0,000E+0	1,090E+0	1,066E+0	0,000E+0	7	0100
859,197	86,800	123,000	2,098E+2	0,000E+0	1,784E+2	1,779E+2	0,000E+0	1,091E+0	1,074E+0	0,000E+0	7	0100
860,196	87,200	122,600	2,098E+2	0,000E+0	1,789E+2	1,780E+2	0,000E+0	1,089E+0	1,066E+0	0,000E+0	7	0100
861,196	86,200	124,100	2,103E+2	0,000E+0	1,782E+2	1,782E+2	0,000E+0	1,085E+0	1,083E+0	0,000E+0	7	0100
862,197	86,100	123,700	2,098E+2	0,000E+0	1,783E+2	1,781E+2	0,000E+0	1,087E+0	1,081E+0	0,000E+0	7	0100
863,197	86,300	123,800	2,101E+2	0,000E+0	1,781E+2	1,781E+2	0,000E+0	1,088E+0	1,081E+0	0,000E+0	7	0100
865,198	86,300	123,800	2,101E+2	0,000E+0	1,781E+2	1,781E+2	0,000E+0	1,088E+0	1,081E+0	0,000E+0	7	0100
865,198	86,700	123,400	2,101E+2	0,000E+0	1,783E+2	1,778E+2	0,000E+0	1,091E+0	1,077E+0	0,000E+0	7	0100
866,199	86,400	123,800	2,102E+2	0,000E+0	1,783E+2	1,782E+2	0,000E+0	1,088E+0	1,079E+0	0,000E+0	7	0100
867,198	88,200	122,000	2,102E+2	0,000E+0	1,792E+2	1,778E+2	0,000E+0	1,092E+0	1,063E+0	0,000E+0	7	0100
868,198	86,800	123,000	2,098E+2	0,000E+0	1,787E+2	1,780E+2	0,000E+0	1,087E+0	1,072E+0	0,000E+0	7	0100
869,199	87,300	122,500	2,098E+2	0,000E+0	1,788E+2	1,780E+2	0,000E+0	1,092E+0	1,070E+0	0,000E+0	7	0100
870,198	86,500	123,700	2,102E+2	0,000E+0	1,786E+2	1,783E+2	0,000E+0	1,090E+0	1,080E+0	0,000E+0	7	0100
871,199	86,200	123,600	2,098E+2	0,000E+0	1,784E+2	1,785E+2	0,000E+0	1,084E+0	1,078E+0	0,000E+0	7	0100
872,198	86,600	123,300	2,099E+2	0,000E+0	1,787E+2	1,783E+2	0,000E+0	1,090E+0	1,075E+0	0,000E+0	7	0100
873,198	85,800	124,600	2,104E+2	0,000E+0	1,781E+2	1,785E+2	0,000E+0	1,084E+0	1,084E+0	0,000E+0	7	0100
874,199	86,600	123,600	2,102E+2	0,000E+0	1,783E+2	1,781E+2	0,000E+0	1,092E+0	1,081E+0	0,000E+0	7	0100
875,199	87,800	122,000	2,098E+2	0,000E+0	1,791E+2	1,779E+2	0,000E+0	1,095E+0	1,065E+0	0,000E+0	7	0100
876,199	86,000	124,100	2,101E+2	0,000E+0	1,781E+2	1,781E+2	0,000E+0	1,087E+0	1,082E+0	0,000E+0	7	0100
877,200	85,800	124,500	2,103E+2	0,000E+0	1,781E+2	1,785E+2	0,000E+0	1,078E+0	1,083E+0	0,000E+0	7	0100
878,199	85,800	124,500	2,103E+2	0,000E+0	1,781E+2	1,785E+2	0,000E+0	1,078E+0	1,083E+0	0,000E+0	7	0100
879,200	87,000	123,000	2,100E+2	0,000E+0	1,789E+2	1,781E+2	0,000E+0	1,087E+0	1,071E+0	0,000E+0	7	0100
880,199	85,500	124,200	2,097E+2	0,000E+0	1,783E+2	1,782E+2	0,000E+0	1,090E+0	1,084E+0	0,000E+0	7	0100
881,200	88,400	122,000	2,104E+2	0,000E+0	1,794E+2	1,779E+2	0,000E+0	1,096E+0	1,063E+0	0,000E+0	7	0100
882,201	86,100	123,900	2,100E+2	0,000E+0	1,782E+2	1,785E+2	0,000E+0	1,082E+0	1,078E+0	0,000E+0	7	0100
883,201	86,100	123,700	2,098E+2	0,000E+0	1,784E+2	1,782E+2	0,000E+0	1,087E+0	1,079E+0	0,000E+0	7	0100
884,203	87,000	123,100	2,101E+2	0,000E+0	1,789E+2	1,782E+2	0,000E+0	1,086E+0	1,071E+0	0,000E+0	7	0100
885,202	87,000	123,100	2,101E+2	0,000E+0	1,789E+2	1,782E+2	0,000E+0	1,086E+0	1,071E+0	0,000E+0	7	0100
886,203	86,700	123,500	2,102E+2	0,000E+0	1,785E+2	1,782E+2	0,000E+0	1,090E+0	1,077E+0	0,000E+0	7	0100
887,202	87,200	122,900	2,101E+2	0,000E+0	1,787E+2	1,781E+2	0,000E+0	1,089E+0	1,072E+0	0,000E+0	7	0100
888,204	87,000	122,900	2,099E+2	0,000E+0	1,787E+2	1,781E+2	0,000E+0	1,087E+0	1,070E+0	0,000E+0	7	0011
889,203	86,900	122,900	2,098E+2	0,000E+0	1,788E+2	1,782E+2	0,000E+0	1,086E+0	1,070E+0	0,000E+0	7	0011
890,203	86,300	123,900	2,102E+2	0,000E+0	1,783E+2	1,782E+2	0,000E+0	1,092E+0	1,082E+0	0,000E+0	7	0011
891,204	87,300	122,700	2,100E+2	0,000E+0	1,788E+2	1,781E+2	0,000E+0	1,092E+0	1,071E+0	0,000E+0	7	0011
892,203	87,300	122,700	2,100E+2	0,000E+0	1,788E+2	1,781E+2	0,000E+0	1,092E+0	1,071E+0	0,000E+0	7	0011
893,204	86,500	123,400	2,099E+2	0,000E+0	1,794E+2	1,791E+2	0,000E+0	1,079E+0	1,074E+0	0,000E+0	7	0011
894,203	86,100	123,700	2,098E+2	0,000E+0	1,786E+2	1,787E+2	0,000E+0	1,093E+0	1,084E+0	0,000E+0	7	0011
895,203	87,200	123,000	2,102E+2	0,000E+0	1,796E+2	1,788E+2	0,000E+0	1,092E+0	1,071E+0	0,000E+0	7	0011
896,204	87,200	123,000	2,102E+2	0,000E+0	1,796E+2	1,788E+2	0,000E+0	1,092E+0	1,071E+0	0,000E+0	7	0011
897,204	87,200	123,000	2,102E+2	0,000E+0	1,796E+2	1,788E+2	0,000E+0	1,092E+0	1,071E+0	0,000E+0	7	0011
898,206	87,200	123,000	2,102E+2	0,000E+0	1,796E+2	1,788E+2	0,000E+0	1,092E+0	1,071E+0	0,000E+0	7	0011
899,205	87,800	122,500	2,103E+2	0,000E+0	1,800E+2	1,789E+2	0,000E+0	1,092E+0	1,065E+0	0,000E+0	7	0011
900,206	87,800	122,500	2,103E+2	0,000E+0	1,800E+2	1,789E+2	0,000E+0	1,092E+0	1,065E+0	0,000E+0	7	0011
901,205	87,800	122,500	2,103E+2	0,000E+0	1,800E+2	1,789E+2	0,000E+0	1,092E+0	1,065E+0	0,000E+0	7	0011
902,206	87,800	122,500	2,103E+2	0,000E+0	1,800E+2	1,789E+2	0,000E+0	1,092E+0	1,065E+0	0,000E+0	7	0011
903,207	86,700	123,500	2,102E+2	0,000E+0	1,791E+2	1,790E+2	0,000E+0	1,089E+0	1,077E+0	0,000E+0	7	0011
904,206	87,600	122,400	2,100E+2	0,000E+0	1,796E+2	1,788E+2	0,000E+0	1,091E+0	1,067E+0	0,000E+0	7	0011
905,207	87,600	122,400	2,100E+2	0,000E+0	1,796E+2	1,788E+2	0,000E+0	1,091E+0	1,067E+0	0,000E+0	7	0011
906,207	86,700	123,400	2,101E+2	0,000E+0	1,795E+2	1,791E+2	0,000E+0	1,089E+0	1,075E+0	0,000E+0	7	0011
907,209	87,900	122,400	2,103E+2	0,000E+0	1,798E+2	1,788E+2	0,000E+0	1,090E+0	1,067E+0	0,000E+0	7	0011
908,208	86,800	123,200	2,100E+2	0,000E+0	1,793E+2	1,789E+2	0,000E+0	1,092E+0	1,076E+0	0,000E+0	7	0011
909,209	86,800	123,100	2,099E+2	0,000E+0	1,796E+2	1,791E+2	0,000E+0	1,083E+0	1,070E+0	0,000E+0	7	0011
910,210	87,400	122,900	2,103E+2	0,000E+0	1,796E+2	1,787E+2	0,000E+0	1,088E+0	1,071E+0	0,000E+0	7	0011
911,209	86,100	124,000	2,101E+2	0,000E+0	1,791E+2	1,790E+2	0,000E+0	1,089E+0	1,082E+0	0,000E+0	7	0011
912,210	85,300	124,200	2,095E+2	0,000E+0	1,784E+2	1,788E+2	0,000E+0	1,084E+0	1,085E+0	0,000E+0	7	0011
913,209	87,100	123,300	2,104E+2	0,000E+0	1,795E+2	1,789E+2	0,000E+0	1,087E+0	1,073E+0	0,000E+0	7	0011
914,210	86,500	123,700	2,102E+2	0,000E+0	1,794E+2	1,791E+2	0,000E+0	1,089E+0	1,077E+0	0,000E+0	7	0011
915,209	85,900	123,700	2,096E+2	0,000E+0	1,792E+2	1,791E+2	0,000E+0	1,077E+0	1,075E+0	0,000E+0	7	0011
916,209	86,700	123,500	2,102E+2	0,000E+0	1,792E+2	1,788E+2	0,000E+0	1,086E+0	1,079E+0	0,000E+0	7	0011
917,210	86,700	123,500	2,102E+2	0,000E+0	1,792E+2	1,788E+2	0,000E+0	1,086E+0	1,079E+0	0,000E+0	7	0011
918,210	87,200	122,900	2,101E+2	0,000E+0	1,793E+2	1,789E+2	0,000E+0	1,088E+0	1,071E+0	0,000E+0	7	0011
919,211	85,200	124,500	2,097E+2	0,000E+0	1,786E+2	1,791E+2	0,000E+0	1,077E+0	1,082E+0	0,000E+0	7	0011
920,210	87,700	122,700	2,104E+2	0,000E+0	1,797E+2	1,786E+2	0,000E+0	1,094E+0	1,070E+0	0,000E+0	6	0011
921,211	85,800	124,300	2,101E+2	0,000E+0	1,791E+2	1,792E+2	0,000E+0	1,074E+0	1,079E+0	0,000E+0	6	0011
922,210	87,800	122,400	2,102E+2	0,000E+0	1,795E+2	1,787E+2	0,000E+0	1,088E+0	1,066E+0	0,000E+0	6	0011
923,210	88,000	121,900	2,099E+2	0,000E+0	1,796E+2	1,785E+2	0,000E+0	1,092E+0	1,062E+0	0,000E+0	6	0011
924,211	88,000	121,900	2,099E+2	0,000E+0	1,796E+2	1,785E+2	0,000E+0	1,092E+0	1,062E+0	0,000E+0	6	0011
925,210	88,000	121,900	2,099E+2	0,000E+0	1,796E+2	1,785E+2	0,000E+0	1,092E+0	1,062E+0	0,000E+0	6	0011
926,211	86,800	123,200	2,100E+2	0,000E+0	1,792E+2	1,788E+2	0,000E+0	1,090E+0	1,075E+0	0,000E+0	6	0011
927,210	86,800	123,200	2,100E+2	0,000E+0	1,792E+2	1,788E+2	0,000E+0	1,090E+0	1,075E+0	0,000E+0	6	0011
928,211	87,500	122,900	2,104E+2	0,000E+0	1,795E+2	1,787E+2	0,000E+0	1,090E+0	1,072E+0	0,000E+0	6	0011
929,210	87,500	122,900	2,104E+2	0,000E+0	1,795E+2	1,787E+2	0,000E+0	1,090E+0	1,072E+0	0,000E+0	6	0011
930,210	87,500	122,900	2,104E+2	0,000E+0	1,795E+2	1,787E+2	0,000E+0	1,090E+0	1,072E+0	0,000E+0	6	0011
931,211	87,400	122,600	2,100E+2	0,000E+0	1,796E+2	1,787E+2	0,000E+0	1,092E+0	1,068E+0	0,000E+0	6	0011
932,211	87,400	122,600	2,100E+2	0,000E+0	1,796E+2	1,787E+2	0,000E+0	1,092E+0	1,068E+0	0,000E+0	6	0011
933,212	87,400	122,600	2,100E+2	0,000E+0	1,796E+2	1,787E+2	0,000E+0	1,092E+0	1,068E+0	0,000E+0	6	0011
934,212	87,400	122,600	2,100E+2	0,000E+0	1,796E+2	1,787E+2	0,000E+0	1,092E+0	1,068E+0	0,000E+0	6	0011
935,212	87,200	122,800	2,100E+2	0,000E+0	1,795E+2	1,787E+2	0,000E+0	1,088E+0	1,068E+0	0,000E+0	6	0011
936,212	86,900	123,200	2,101E+2	0,000E+0	1,794E+2	1,787E+2	0,000E+0	1,089E+0	1,072E+0	0,000E+0	6	0011
937,212	87,300	122,800	2,101E+2	0,000E+0	1,794E+2	1,789E+2	0,000E+0	1,084E+0	1,066E+0	0,000E+0	6	0011
938,213	87,300	122,800	2,101E+2	0,000E+0	1,794E+2	1,789E+2	0,000E+0	1,084E+0	1,066E+0	0,000E+0	6	0011
939,214	87,400	123,000	2,104E+2	0,000E+0	1,795E+2	1,788E+2	0,000E+0	1,090E+0	1,071E+0	0,000E+0	6	0011
940,213	86,700	123,200	2,099E+2	0,000E+0	1,791E+2	1,787E+2	0,000E+0	1,088E+0	1,075E+0	0,000E+0	6	0011
941,214	86,500	123,300	2,098E+2	0,000E+0	1,790E+2	1,786E+2	0,000E+0	1,086E+0	1,075E+0	0,000E+0	6	0011
942,213	88,400	121,600	2,100E+2	0,000E+0	1,801E+2	1,786E+2	0,000E+0	1,093E+0	1,057E+0	0,000E+0	6	0011
943,214	86,700	123,500	2,102E+2	0,000E+0	1,790E+2	1,788E+2	0,000E+0	1,092E+0	1,077E+0	0,000E+0	6	0011
944,213	86,700	123,400	2,101E+2	0,000E+0	1,792E+2	1,789E+2	0,000E+0	1,089E+0	1,075E+0	0,000E+0	6	0011
945,214	86,700	123,200	2,099E+2	0,000E+0	1,794E+2	1,786E+2	0,000E+0	1,086E+0	1,073E+0	0,000E+0	6	0011
946,213	86,100	124,100	2,102E+2	0,000E+0	1,788E+2	1,790E+2	0,000E+0	1,085E+0	1,083E+0	0,000E+0	6	0011
947,214	87,400	122,500	2,099E+2	0,000E+0	1,794E+2	1,788E+2	0,000E+0	1,091E+0	1,069E+0	0,000E+0	5	0011
948,214	86,000	123,600	2,096E+2	0,000E+0	1,793E+2	1,791E+2	0,000E+0	1,080E+0	1,075E+0	0,000E+0	5	0011
949,214	86,300	123,900	2,102E+2	0,000E+0	1,791E+2	1,791E+2	0,000E+0	1,084E+0	1,078E+0	0,000E+0	5	0011
950,215	86,300	123,900	2,102E+2	0,000E+0	1,791E+2	1,791E+2	0,000E+0	1,084E+0	1,078E+0	0,000E+0	5	0011
951,214	87,800	122,100	2,099E+2	0,000E+0	1,799E+2	1,789E+2	0,000E+0	1,088E+0	1,063E+0	0,000E+0	5	0011
952,215	85,600	124,600	2,102E+2	0,000E+0	1,788E+2	1,790E+2	0,000E+0	1,084E+0	1,087E+0	0,000E+0	5	0011
953,214	85,600	124,600	2,102E+2	0,000E+0	1,788E+2	1,790E+2	0,000E+0	1,084E+0	1,087E+0	0,000E+0	5	0011
954,215	85,600	124,600	2,102E+2	0,000E+0	1,788E+2	1,790E+2	0,000E+0	1,084E+0	1,087E+0	0,000E+0	5	0011
955,214	85,600	124,600	2,102E+2	0,000E+0	1,788E+2	1,790E+2	0,000E+0	1,084E+0	1,087E+0	0,000E+0	5	0011
956,215	87,700	122,100	2,098E+2	0,000E+0	1,797E+2	1,786E+2	0,000E+0	1,089E+0	1,064E+0	0,000E+0	5	0011
957,214	87,700	122,100	2,098E+2	0,000E+0	1,797E+2	1,786E+2	0,000E+0	1,089E+0	1,064E+0	0,000E+0	5	0011
958,215	87,700	122,100	2,098E+2	0,000E+0	1,797E+2	1,786E+2	0,000E+0	1,089E+0	1,064E+0	0,000E+0	5	0011
959,216	87,700	122,100	2,098E+2	0,000E+0	1,797E+2	1,786E+2	0,000E+0	1,089E+0	1,064E+0	0,000E+0	5	0011
960,215	86,600	123,500	2,101E+2	0,000E+0	1,791E+2	1,790E+2	0,000E+0	1,078E+0	1,074E+0	0,000E+0	5	0011
961,216	86,600	123,500	2,101E+2	0,000E+0	1,791E+2	1,790E+2	0,000E+0	1,078E+0	1,074E+0	0,000E+0	5	0011
962,215	86,900	123,300	2,102E+2	0,000E+0	1,790E+2	1,787E+2	0,000E+0	1,095E+0	1,079E+0	0,000E+0	5	0011
963,215	86,900	123,300	2,102E+2	0,000E+0	1,790E+2	1,787E+2	0,000E+0	1,095E+0	1,079E+0	0,000E+0	5	0011
964,215	87,200	122,800	2,100E+2	0,000E+0	1,796E+2	1,788E+2	0,000E+0	1,090E+0	1,070E+0	0,000E+0	5	0011
965,215	85,900	124,200	2,101E+2	0,000E+0	1,788E+2	1,789E+2	0,000E+0	1,088E+0	1,086E+0	0,000E+0	5	0011
966,217	85,200	124,700	2,099E+2	0,000E+0	1,786E+2	1,793E+2	0,000E+0	1,074E+0	1,084E+0	0,000E+0	5	0011
967,216	85,700	124,600	2,103E+2	0,000E+0	1,786E+2	1,790E+2	0,000E+0	1,090E+0	1,087E+0	0,000E+0	5	0011
968,217	86,200	124,000	2,102E+2	0,000E+0	1,790E+2	1,791E+2	0,000E+0	1,087E+0	1,081E+0	0,000E+0	5	0011
969,216	87,500	122,400	2,099E+2	0,000E+0	1,798E+2	1,789E+2	0,000E+0	1,091E+0	1,065E+0	0,000E+0	4	0011
970,216	87,500	122,400	2,099E+2	0,000E+0	1,798E+2	1,789E+2	0,000E+0	1,091E+0	1,065E+0	0,000E+0	4	0011
971,218	86,400	123,800	2,102E+2	0,000E+0	1,789E+2	1,791E+2	0,000E+0	1,078E+0	1,078E+0	0,000E+0	4	0011
972,217	87,100	122,600	2,097E+2	0,000E+0	1,793E+2	1,786E+2	0,000E+0	1,087E+0	1,071E+0	0,000E+0	4	0011
973,218	87,800	122,200	2,100E+2	0,000E+0	1,798E+2	1,786E+2	0,000E+0	1,090E+0	1,062E+0	0,000E+0	4	0011
974,217	87,800	122,200	2,100E+2	0,000E+0	1,798E+2	1,786E+2	0,000E+0	1,090E+0	1,062E+0	0,000E+0	4	0011
975,218	87,800	122,200	2,100E+2	0,000E+0	1,798E+2	1,786E+2	0,000E+0	1,090E+0	1,062E+0	0,000E+0	4	0011
976,218	87,800	122,200	2,100E+2	0,000E+0	1,798E+2	1,786E+2	0,000E+0	1,090E+0	1,062E+0	0,000E+0	4	0011
977,218	87,700	122,600	2,103E+2	0,000E+0	1,795E+2	1,786E+2	0,000E+0	1,093E+0	1,070E+0	0,000E+0	4	0011
978,220	87,700	122,600	2,103E+2	0,000E+0	1,795E+2	1,786E+2	0,000E+0	1,093E+0	1,070E+0	0,000E+0	4	0011
979,219	87,700	122,600	2,103E+2	0,000E+0	1,795E+2	1,786E+2	0,000E+0	1,093E+0	1,070E+0	0,000E+0	4	0011
980,219	87,700	122,600	2,103E+2	0,000E+0	1,795E+2	1,786E+2	0,000E+0	1,093E+0	1,070E+0	0,000E+0	4	0011
981,219	86,300	123,900	2,102E+2	0,000E+0	1,794E+2	1,793E+2	0,000E+0	1,079E+0	1,077E+0	0,000E+0	4	0011
982,221	86,300	123,900	2,102E+2	0,000E+0	1,794E+2	1,793E+2	0,000E+0	1,079E+0	1,077E+0	0,000E+0	4	0011
983,220	85,800	124,400	2,102E+2	0,000E+0	1,788E+2	1,790E+2	0,000E+0	1,091E+0	1,086E+0	0,000E+0	4	0011
984,221	85,800	124,400	2,102E+2	0,000E+0	1,788E+2	1,790E+2	0,000E+0	1,091E+0	1,086E+0	0,000E+0	4	0011
985,220	86,800	122,900	2,097E+2	0,000E+0	1,792E+2	1,786E+2	0,000E+0	1,092E+0	1,074E+0	0,000E+0	4	0011
986,220	86,000	124,200	2,102E+2	0,000E+0	1,790E+2	1,791E+2	0,000E+0	1,082E+0	1,081E+0	0,000E+0	4	0011
987,220	86,200	124,100	2,103E+2	0,000E+0	1,793E+2	1,791E+2	0,000E+0	1,080E+0	1,079E+0	0,000E+0	4	0011
988,220	86,400	123,700	2,101E+2	0,000E+0	1,790E+2	1,785E+2	0,000E+0	1,092E+0	1,082E+0	0,000E+0	3	0011
989,221	87,000	122,800	2,098E+2	0,000E+0	1,795E+2	1,786E+2	0,000E+0	1,087E+0	1,070E+0	0,000E+0	3	0011
990,220	86,000	124,100	2,101E+2	0,000E+0	1,788E+2	1,788E+2	0,000E+0	1,088E+0	1,082E+0	0,000E+0	3	0011
991,221	86,000	124,100	2,101E+2	0,000E+0	1,788E+2	1,788E+2	0,000E+0	1,088E+0	1,082E+0	0,000E+0	3	0011
992,221	86,300	124,000	2,103E+2	0,000E+0	1,789E+2	1,790E+2	0,000E+0	1,093E+0	1,084E+0	0,000E+0	3	0011
993,221	88,300	122,000	2,103E+2	0,000E+0	1,798E+2	1,785E+2	0,000E+0	1,095E+0	1,065E+0	0,000E+0	3	0011
994,222	88,300	122,000	2,103E+2	0,000E+0	1,798E+2	1,785E+2	0,000E+0	1,095E+0	1,065E+0	0,000E+0	3	0011
995,222	88,300	122,000	2,103E+2	0,000E+0	1,798E+2	1,785E+2	0,000E+0	1,095E+0	1,065E+0	0,000E+0	3	0011
996,224	88,300	122,000	2,103E+2	0,000E+0	1,798E+2	1,785E+2	0,000E+0	1,095E+0	1,065E+0	0,000E+0	3	0011
997,224	88,300	122,000	2,103E+2	0,000E+0	1,798E+2	1,785E+2	0,000E+0	1,095E+0	1,065E+0	0,000E+0	3	0011
998,225	88,300	122,000	2,103E+2	0,000E+0	1,798E+2	1,785E+2	0,000E+0	1,095E+0	1,065E+0	0,000E+0	3	0011
999,224	88,300	122,000	2,103E+2	0,000E+0	1,798E+2	1,785E+2	0,000E+0	1,095E+0	1,065E+0	0,000E+0	3	0011
1000,225	88,300	122,000	2,103E+2	0,000E+0	1,798E+2	1,785E+2	0,000E+0	1,095E+0	1,065E+0	0,000E+0	3	0011
1001,226	88,500	121,500	2,100E+2	0,000E+0	1,798E+2	1,784E+2	0,000E+0	1,094E+0	1,059E+0	0,000E+0	3	0011
1002,226	88,500	121,500	2,100E+2	0,000E+0	1,798E+2	1,784E+2	0,000E+0	1,094E+0	1,059E+0	0,000E+0	3	0011
1003,227	86,800	123,300	2,101E+2	0,000E+0	1,792E+2	1,787E+2	0,000E+0	1,091E+0	1,075E+0	0,000E+0	3	0011
1004,226	86,800	123,300	2,101E+2	0,000E+0	1,792E+2	1,787E+2	0,000E+0	1,091E+0	1,075E+0	0,000E+0	3	0011
1005,227	86,800	123,400	2,102E+2	0,000E+0	1,792E+2	1,788E+2	0,000E+0	1,090E+0	1,078E+0	0,000E+0	3	0011
1006,226	86,800	123,400	2,102E+2	0,000E+0	1,792E+2	1,788E+2	0,000E+0	1,090E+0	1,078E+0	0,000E+0	2	0011
1007,226	86,800	123,200	2,100E+2	0,000E+0	1,793E+2	1,789E+2	0,000E+0	1,087E+0	1,073E+0	0,000E+0	2	0011
1008,227	86,200	123,500	2,097E+2	0,000E+0	1,790E+2	1,788E+2	0,000E+0	1,087E+0	1,077E+0	0,000E+0	2	0011
1009,226	86,200	123,800	2,100E+2	0,000E+0	1,791E+2	1,791E+2	0,000E+0	1,077E+0	1,075E+0	0,000E+0	2	0011
1010,227	85,800	124,300	2,101E+2	0,000E+0	1,791E+2	1,792E+2	0,000E+0	1,075E+0	1,079E+0	0,000E+0	2	0011
1011,226	85,800	124,300	2,101E+2	0,000E+0	1,791E+2	1,792E+2	0,000E+0	1,075E+0	1,079E+0	0,000E+0	2	0011
1012,228	85,800	124,300	2,101E+2	0,000E+0	1,791E+2	1,792E+2	0,000E+0	1,075E+0	1,079E+0	0,000E+0	2	0011
1013,227	85,800	124,300	2,101E+2	0,000E+0	1,791E+2	1,792E+2	0,000E+0	1,075E+0	1,079E+0	0,000E+0	2	0011
1014,228	87,200	122,700	2,099E+2	0,000E+0	1,796E+2	1,788E+2	0,000E+0	1,086E+0	1,069E+0	0,000E+0	2	0011
1015,227	87,200	122,700	2,099E+2	0,000E+0	1,796E+2	1,788E+2	0,000E+0	1,086E+0	1,069E+0	0,000E+0	2	0011
1016,228	87,200	122,700	2,099E+2	0,000E+0	1,796E+2	1,788E+2	0,000E+0	1,086E+0	1,069E+0	0,000E+0	2	0011
1017,229	87,200	122,700	2,099E+2	0,000E+0	1,796E+2	1,788E+2	0,000E+0	1,086E+0	1,069E+0	0,000E+0	2	0011
1018,228	88,000	121,900	2,099E+2	0,000E+0	1,798E+2	1,787E+2	0,000E+0	1,091E+0	1,062E+0	0,000E+0	2	0011
1019,229	88,000	121,900	2,099E+2	0,000E+0	1,798E+2	1,787E+2	0,000E+0	1,091E+0	1,062E+0	0,000E+0	2	0011
1020,228	87,100	123,100	2,102E+2	0,000E+0	1,793E+2	1,788E+2	0,000E+0	1,090E+0	1,074E+0	0,000E+0	2	0011
1021,229	87,100	123,100	2,102E+2	0,000E+0	1,793E+2	1,788E+2	0,000E+0	1,090E+0	1,074E+0	0,000E+0	2	0011
1022,230	86,600	123,600	2,102E+2	0,000E+0	1,792E+2	1,787E+2	0,000E+0	1,089E+0	1,078E+0	0,000E+0	1	0011
1023,229	87,200	123,000	2,102E+2	0,000E+0	1,794E+2	1,786E+2	0,000E+0	1,085E+0	1,069E+0	0,000E+0	1	0011
1024,230	86,800	123,300	2,101E+2	0,000E+0	1,790E+2	1,784E+2	0,000E+0	1,089E+0	1,075E+0	0,000E+0	1	0011
1025,229	87,400	122,500	2,099E+2	0,000E+0	1,797E+2	1,786E+2	0,000E+0	1,092E+0	1,067E+0	0,000E+0	1	0011
1026,230	86,600	123,600	2,102E+2	0,000E+0	1,791E+2	1,788E+2	0,000E+0	1,088E+0	1,077E+0	0,000E+0	1	0011
1027,229	86,600	123,600	2,102E+2	0,000E+0	1,791E+2	1,788E+2	0,000E+0	1,088E+0	1,077E+0	0,000E+0	1	0011
1028,229	86,600	123,600	2,102E+2	0,000E+0	1,791E+2	1,788E+2	0,000E+0	1,088E+0	1,077E+0	0,000E+0	1	0011
1029,230	86,600	123,600	2,102E+2	0,000E+0	1,791E+2	1,788E+2	0,000E+0	1,088E+0	1,077E+0	0,000E+0	1	0011
1030,229	86,600	123,600	2,102E+2	0,000E+0	1,791E+2	1,788E+2	0,000E+0	1,088E+0	1,077E+0	0,000E+0	1	0011
1031,230	88,100	121,900	2,100E+2	0,000E+0	1,796E+2	1,784E+2	0,000E+0	1,092E+0	1,063E+0	0,000E+0	1	0011
1032,229	88,100	121,900	2,100E+2	0,000E+0	1,796E+2	1,784E+2	0,000E+0	1,092E+0	1,063E+0	0,000E+0	1	0011
1033,230	88,100	121,900	2,100E+2	0,000E+0	1,796E+2	1,784E+2	0,000E+0	1,092E+0	1,063E+0	0,000E+0	1	0011
1034,229	85,900	124,200	2,101E+2	0,000E+0	1,786E+2	1,788E+2	0,000E+0	1,086E+0	1,083E+0	0,000E+0	1	0011
1035,230	85,900	124,200	2,101E+2	0,000E+0	1,786E+2	1,788E+2	0,000E+0	1,086E+0	1,083E+0	0,000E+0	1	0011
1036,231	87,400	122,900	2,103E+2	0,000E+0	1,795E+2	1,787E+2	0,000E+0	1,091E+0	1,071E+0	0,000E+0	1	0011
1037,230	87,400	122,900	2,103E+2	0,000E+0	1,795E+2	1,787E+2	0,000E+0	1,091E+0	1,071E+0	0,000E+0	1	0011
1038,231	86,200	123,800	2,100E+2	0,000E+0	1,787E+2	1,787E+2	0,000E+0	1,088E+0	1,081E+0	0,000E+0	1	0011
1039,230	86,200	123,800	2,100E+2	0,000E+0	1,787E+2	1,787E+2	0,000E+0	1,088E+0	1,081E+0	0,000E+0	0	0011
1040,230	87,600	122,100	2,097E+2	0,000E+0	1,793E+2	1,781E+2	0,000E+0	1,089E+0	1,066E+0	0,000E+0	0	0011
1041,230	85,900	124,200	2,101E+2	0,000E+0	1,781E+2	1,782E+2	0,000E+0	1,093E+0	1,086E+0	0,000E+0	0	0011
1042,231	85,900	124,100	2,100E+2	0,000E+0	1,782E+2	1,783E+2	0,000E+0	1,087E+0	1,083E+0	0,000E+0	0	0011
1043,231	86,100	123,900	2,100E+2	0,000E+0	1,781E+2	1,783E+2	0,000E+0	1,091E+0	1,082E+0	0,000E+0	0	0011
1044,233	86,100	123,900	2,100E+2	0,000E+0	1,781E+2	1,783E+2	0,000E+0	1,091E+0	1,082E+0	0,000E+0	0	0011
1045,232	86,100	123,900	2,100E+2	0,000E+0	1,781E+2	1,783E+2	0,000E+0	1,091E+0	1,082E+0	0,000E+0	0	0011
1046,232	86,100	123,900	2,100E+2	0,000E+0	1,781E+2	1,783E+2	0,000E+0	1,091E+0	1,082E+0	0,000E+0	0	0011
1047,232	86,800	123,300	2,101E+2	0,000E+0	1,787E+2	1,782E+2	0,000E+0	1,085E+0	1,074E+0	0,000E+0	0	0011
1048,232	86,800	123,300	2,101E+2	0,000E+0	1,787E+2	1,782E+2	0,000E+0	1,085E+0	1,074E+0	0,000E+0	0	0011
1049,234	86,800	123,300	2,101E+2	0,000E+0	1,787E+2	1,782E+2	0,000E+0	1,085E+0	1,074E+0	0,000E+0	0	0011
1050,234	86,800	123,300	2,101E+2	0,000E+0	1,787E+2	1,782E+2	0,000E+0	1,085E+0	1,074E+0	0,000E+0	0	0011
1051,235	87,100	122,900	2,100E+2	0,000E+0	1,787E+2	1,780E+2	0,000E+0	1,092E+0	1,073E+0	0,000E+0	0	0011
1052,234	87,100	122,900	2,100E+2	0,000E+0	1,787E+2	1,780E+2	0,000E+0	1,092E+0	1,073E+0	0,000E+0	0	0011
1053,234	86,800	123,200	2,100E+2	0,000E+0	1,787E+2	1,781E+2	0,000E+0	1,087E+0	1,074E+0	0,000E+0	0	0011
1054,235	86,800	123,200	2,100E+2	0,000E+0	1,787E+2	1,781E+2	0,000E+0	1,087E+0	1,074E+0	0,000E+0	0	0011
1055,234	86,300	123,800	2,101E+2	0,000E+0	1,786E+2	1,784E+2	0,000E+0	1,084E+0	1,077E+0	0,000E+0	0	0011
1056,235	86,700	123,600	2,103E+2	0,000E+0	1,787E+2	1,785E+2	0,000E+0	1,083E+0	1,075E+0	0,000E+0	0	0011
1057,234	86,600	123,100	2,097E+2	0,000E+0	1,784E+2	1,781E+2	0,000E+0	1,084E+0	1,075E+0	0,000E+0	0	0011
1058,236	86,500	123,800	2,103E+2	0,000E+0	1,783E+2	1,783E+2	0,000E+0	1,091E+0	1,081E+0	0,000E+0	0	0011
1059,235	86,500	123,500	2,100E+2	0,000E+0	1,782E+2	1,782E+2	0,000E+0	1,087E+0	1,076E+0	0,000E+0	0	0011
1060,235	86,600	123,200	2,098E+2	0,000E+0	1,786E+2	1,783E+2	0,000E+0	1,087E+0	1,074E+0	0,000E+0	0	0011
1061,236	86,600	123,200	2,098E+2	0,000E+0	1,786E+2	1,783E+2	0,000E+0	1,087E+0	1,074E+0	0,000E+0	0	0011
1062,235	86,600	123,300	2,099E+2	0,000E+0	1,785E+2	1,781E+2	0,000E+0	1,089E+0	1,076E+0	0,000E+0	0	0011
1063,236	86,500	123,900	2,104E+2	0,000E+0	1,783E+2	1,783E+2	0,000E+0	1,086E+0	1,080E+0	0,000E+0	0	0011
1064,235	86,700	123,100	2,098E+2	0,000E+0	1,787E+2	1,782E+2	0,000E+0	1,085E+0	1,073E+0	0,000E+0	0	0011
1065,236	86,300	123,800	2,101E+2	0,000E+0	1,782E+2	1,782E+2	0,000E+0	1,090E+0	1,082E+0	0,000E+0	0	0011
1066,235	86,800	123,500	2,103E+2	0,000E+0	1,786E+2	1,784E+2	0,000E+0	1,085E+0	1,074E+0	0,000E+0	0	0011
1067,236	86,300	123,600	2,099E+2	0,000E+0	1,784E+2	1,784E+2	0,000E+0	1,086E+0	1,078E+0	0,000E+0	0	0011
1068,235	86,800	123,200	2,100E+2	0,000E+0	1,784E+2	1,779E+2	0,000E+0	1,090E+0	1,078E+0	0,000E+0	0	0011
1069,235	86,200	124,200	2,104E+2	0,000E+0	1,780E+2	1,783E+2	0,000E+0	1,087E+0	1,084E+0	0,000E+0	0	0011
1070,235	87,200	122,800	2,100E+2	0,000E+0	1,788E+2	1,781E+2	0,000E+0	1,090E+0	1,071E+0	0,000E+0	0	0011
1071,236	86,000	124,000	2,100E+2	0,000E+0	1,784E+2	1,784E+2	0,000E+0	1,081E+0	1,078E+0	0,000E+0	0	0011
1072,237	86,000	124,000	2,100E+2	0,000E+0	1,784E+2	1,784E+2	0,000E+0	1,081E+0	1,078E+0	0,000E+0	0	0011
1073,236	86,100	124,100	2,102E+2	0,000E+0	1,784E+2	1,785E+2	0,000E+0	1,082E+0	1,081E+0	0,000E+0	0	0011
1074,237	86,600	123,400	2,100E+2	0,000E+0	1,786E+2	1,781E+2	0,000E+0	1,091E+0	1,078E+0	0,000E+0	0	0011
1075,236	86,600	123,400	2,100E+2	0,000E+0	1,784E+2	1,783E+2	0,000E+0	1,086E+0	1,078E+0	0,000E+0	0	0011
1076,236	87,000	123,200	2,102E+2	0,000E+0	1,787E+2	1,782E+2	0,000E+0	1,091E+0	1,076E+0	0,000E+0	0	0011
1077,238	85,600	123,900	2,095E+2	0,000E+0	1,784E+2	1,784E+2	0,000E+0	1,083E+0	1,080E+0	0,000E+0	0	0011
1078,237	85,600	123,900	2,095E+2	0,000E+0	1,784E+2	1,784E+2	0,000E+0	1,083E+0	1,080E+0	0,000E+0	0	0011
1079,238	86,800	123,800	2,106E+2	0,000E+0	1,788E+2	1,782E+2	0,000E+0	1,091E+0	1,079E+0	0,000E+0	0	0011
1080,237	86,800	123,200	2,100E+2	0,000E+0	1,786E+2	1,781E+2	0,000E+0	1,092E+0	1,076E+0	0,000E+0	0	0011
1081,238	87,000	122,900	2,099E+2	0,000E+0	1,788E+2	1,784E+2	0,000E+0	1,082E+0	1,071E+0	0,000E+0	0	0011
1082,237	87,100	123,000	2,101E+2	0,000E+0	1,789E+2	1,782E+2	0,000E+0	1,091E+0	1,073E+0	0,000E+0	0	0011
1083,237	86,100	124,200	2,103E+2	0,000E+0	1,787E+2	1,785E+2	0,000E+0	1,082E+0	1,078E+0	0,000E+0	0	0011
1084,239	86,100	124,200	2,103E+2	0,000E+0	1,787E+2	1,785E+2	0,000E+0	1,082E+0	1,078E+0	0,000E+0	0	0011
1085,239	86,400	123,800	2,102E+2	0,000E+0	1,788E+2	1,786E+2	0,000E+0	1,086E+0	1,078E+0	0,000E+0	0	0011
1086,240	87,000	122,700	2,097E+2	0,000E+0	1,789E+2	1,781E+2	0,000E+0	1,086E+0	1,072E+0	0,000E+0	0	0011
1087,239	87,200	122,600	2,098E+2	0,000E+0	1,790E+2	1,781E+2	0,000E+0	1,086E+0	1,069E+0	0,000E+0	0	0011
1088,240	85,800	124,400	2,102E+2	0,000E+0	1,783E+2	1,787E+2	0,000E+0	1,080E+0	1,083E+0	0,000E+0	0	0011
1089,239	86,000	124,100	2,101E+2	0,000E+0	1,780E+2	1,783E+2	0,000E+0	1,087E+0	1,084E+0	0,000E+0	0	0011
1090,239	86,900	123,000	2,099E+2	0,000E+0	1,784E+2	1,780E+2	0,000E+0	1,093E+0	1,074E+0	0,000E+0	0	0011
1091,240	85,600	124,600	2,102E+2	0,000E+0	1,779E+2	1,783E+2	0,000E+0	1,083E+0	1,085E+0	0,000E+0	0	0011
1092,239	86,900	122,900	2,098E+2	0,000E+0	1,788E+2	1,780E+2	0,000E+0	1,084E+0	1,071E+0	0,000E+0	0	0011
1093,240	86,900	122,900	2,098E+2	0,000E+0	1,785E+2	1,781E+2	0,000E+0	1,087E+0	1,074E+0	0,000E+0	0	0010
1094,239	86,200	124,000	2,102E+2	0,000E+0	1,780E+2	1,781E+2	0,000E+0	1,093E+0	1,087E+0	0,000E+0	0	0010
1095,240	86,200	124,000	2,102E+2	0,000E+0	1,780E+2	1,781E+2	0,000E+0	1,093E+0	1,087E+0	0,000E+0	0	0010
1096,239	86,100	123,700	2,098E+2	0,000E+0	1,780E+2	1,782E+2	0,000E+0	1,090E+0	1,082E+0	0,000E+0	0	0010
1097,239	87,400	123,000	2,104E+2	0,000E+0	1,788E+2	1,782E+2	0,000E+0	1,089E+0	1,072E+0	0,000E+0	0	0010
1098,240	87,100	122,800	2,099E+2	0,000E+0	1,788E+2	1,782E+2	0,000E+0	1,091E+0	1,069E+0	0,000E+0	0	0010
1099,240	86,700	123,400	2,101E+2	0,000E+0	1,786E+2	1,781E+2	0,000E+0	1,089E+0	1,078E+0	0,000E+0	0	0010
1100,241	86,700	123,400	2,101E+2	0,000E+0	1,786E+2	1,781E+2	0,000E+0	1,089E+0	1,078E+0	0,000E+0	0	0010
1101,240	86,700	123,400	2,101E+2	0,000E+0	1,786E+2	1,781E+2	0,000E+0	1,089E+0	1,078E+0	0,000E+0	0	0010
1102,240	86,700	123,400	2,101E+2	0,000E+0	1,786E+2	1,781E+2	0,000E+0	1,089E+0	1,078E+0	0,000E+0	0	0010
1103,241	86,700	123,400	2,101E+2	0,000E+0	1,786E+2	1,781E+2	0,000E+0	1,089E+0	1,078E+0	0,000E+0	0	0010
1104,240	86,700	123,400	2,101E+2	0,000E+0	1,786E+2	1,781E+2	0,000E+0	1,089E+0	1,078E+0	0,000E+0	0	0010
1105,241	86,300	123,300	2,096E+2	0,000E+0	1,781E+2	1,778E+2	0,000E+0	1,092E+0	1,080E+0	0,000E+0	0	0010
1106,241	86,300	123,300	2,096E+2	0,000E+0	1,781E+2	1,778E+2	0,000E+0	1,092E+0	1,080E+0	0,000E+0	0	0010
1107,242	87,200	122,600	2,098E+2	0,000E+0	1,788E+2	1,779E+2	0,000E+0	1,087E+0	1,069E+0	0,000E+0	0	0010
1108,241	87,200	122,600	2,098E+2	0,000E+0	1,788E+2	1,779E+2	0,000E+0	1,087E+0	1,069E+0	0,000E+0	0	0010
1109,241	87,200	122,600	2,098E+2	0,000E+0	1,788E+2	1,779E+2	0,000E+0	1,087E+0	1,069E+0	0,000E+0	0	0010
1110,242	87,200	122,600	2,098E+2	0,000E+0	1,788E+2	1,779E+2	0,000E+0	1,087E+0	1,069E+0	0,000E+0	0	0010
1111,241	87,000	123,100	2,101E+2	0,000E+0	1,786E+2	1,781E+2	0,000E+0	1,090E+0	1,076E+0	0,000E+0	0	0010
1112,242	86,000	123,800	2,098E+2	0,000E+0	1,782E+2	1,782E+2	0,000E+0	1,090E+0	1,082E+0	0,000E+0	0	0010
1113,242	86,200	124,100	2,103E+2	0,000E+0	1,782E+2	1,784E+2	0,000E+0	1,090E+0	1,082E+0	0,000E+0	1	0010
1114,244	86,400	123,500	2,099E+2	0,000E+0	1,787E+2	1,784E+2	0,000E+0	1,084E+0	1,077E+0	0,000E+0	1	0010
1115,243	87,800	122,200	2,100E+2	0,000E+0	1,796E+2	1,782E+2	0,000E+0	1,095E+0	1,066E+0	0,000E+0	1	0010
1116,244	87,000	123,100	2,101E+2	0,000E+0	1,790E+2	1,783E+2	0,000E+0	1,094E+0	1,076E+0	0,000E+0	1	0010
1117,245	87,000	123,100	2,101E+2	0,000E+0	1,790E+2	1,783E+2	0,000E+0	1,094E+0	1,076E+0	0,000E+0	1	0010
1118,244	87,000	123,100	2,101E+2	0,000E+0	1,790E+2	1,783E+2	0,000E+0	1,094E+0	1,076E+0	0,000E+0	1	0010
1119,245	87,000	123,100	2,101E+2	0,000E+0	1,790E+2	1,783E+2	0,000E+0	1,094E+0	1,076E+0	0,000E+0	1	0010
1120,244	87,800	122,100	2,099E+2	0,000E+0	1,795E+2	1,783E+2	0,000E+0	1,091E+0	1,064E+0	0,000E+0	1	0010
1121,244	87,800	122,100	2,099E+2	0,000E+0	1,795E+2	1,783E+2	0,000E+0	1,091E+0	1,064E+0	0,000E+0	1	0010
1122,245	87,800	122,100	2,099E+2	0,000E+0	1,795E+2	1,783E+2	0,000E+0	1,091E+0	1,064E+0	0,000E+0	1	0010
1123,246	88,400	121,500	2,099E+2	0,000E+0	1,798E+2	1,782E+2	0,000E+0	1,095E+0	1,058E+0	0,000E+0	1	0010
1124,247	88,400	121,500	2,099E+2	0,000E+0	1,798E+2	1,782E+2	0,000E+0	1,095E+0	1,058E+0	0,000E+0	1	0010
1125,246	88,400	121,500	2,099E+2	0,000E+0	1,798E+2	1,782E+2	0,000E+0	1,095E+0	1,058E+0	0,000E+0	1	0010
1126,248	88,400	121,500	2,099E+2	0,000E+0	1,798E+2	1,782E+2	0,000E+0	1,095E+0	1,058E+0	0,000E+0	1	0010
1127,247	86,300	123,700	2,100E+2	0,000E+0	1,786E+2	1,784E+2	0,000E+0	1,093E+0	1,080E+0	0,000E+0	1	0010
1128,247	86,300	123,700	2,100E+2	0,000E+0	1,786E+2	1,784E+2	0,000E+0	1,093E+0	1,080E+0	0,000E+0	1	0010
1129,247	86,600	123,400	2,100E+2	0,000E+0	1,788E+2	1,785E+2	0,000E+0	1,087E+0	1,076E+0	0,000E+0	2	0010
1130,247	86,600	123,400	2,100E+2	0,000E+0	1,788E+2	1,785E+2	0,000E+0	1,087E+0	1,076E+0	0,000E+0	2	0010
1131,248	85,700	124,300	2,100E+2	0,000E+0	1,785E+2	1,789E+2	0,000E+0	1,085E+0	1,082E+0	0,000E+0	2	0010
1132,247	87,700	122,300	2,100E+2	0,000E+0	1,797E+2	1,784E+2	0,000E+0	1,091E+0	1,065E+0	0,000E+0	2	0010
1133,248	87,200	122,800	2,100E+2	0,000E+0	1,792E+2	1,784E+2	0,000E+0	1,089E+0	1,071E+0	0,000E+0	2	0010
1134,247	87,200	122,800	2,100E+2	0,000E+0	1,792E+2	1,784E+2	0,000E+0	1,089E+0	1,071E+0	0,000E+0	2	0010
1135,247	87,200	122,800	2,100E+2	0,000E+0	1,792E+2	1,784E+2	0,000E+0	1,089E+0	1,071E+0	0,000E+0	2	0010
1136,248	87,200	122,800	2,100E+2	0,000E+0	1,792E+2	1,784E+2	0,000E+0	1,089E+0	1,071E+0	0,000E+0	2	0010
1137,247	87,200	122,800	2,100E+2	0,000E+0	1,792E+2	1,784E+2	0,000E+0	1,089E+0	1,071E+0	0,000E+0	2	0010
1138,248	86,500	123,600	2,101E+2	0,000E+0	1,787E+2	1,784E+2	0,000E+0	1,097E+0	1,082E+0	0,000E+0	2	0010
1139,248	86,500	123,600	2,101E+2	0,000E+0	1,787E+2	1,784E+2	0,000E+0	1,097E+0	1,082E+0	0,000E+0	2	0010
1140,248	86,500	123,600	2,101E+2	0,000E+0	1,787E+2	1,784E+2	0,000E+0	1,097E+0	1,082E+0	0,000E+0	2	0010
1141,249	86,500	123,600	2,101E+2	0,000E+0	1,787E+2	1,784E+2	0,000E+0	1,097E+0	1,082E+0	0,000E+0	2	0010
1142,250	86,100	124,000	2,101E+2	0,000E+0	1,783E+2	1,783E+2	0,000E+0	1,098E+0	1,089E+0	0,000E+0	2	0010
1143,249	85,900	123,900	2,098E+2	0,000E+0	1,785E+2	1,789E+2	0,000E+0	1,082E+0	1,081E+0	0,000E+0	2	0010
1144,250	85,900	123,900	2,098E+2	0,000E+0	1,785E+2	1,789E+2	0,000E+0	1,082E+0	1,081E+0	0,000E+0	2	0010
1145,250	87,500	122,500	2,100E+2	0,000E+0	1,795E+2	1,786E+2	0,000E+0	1,096E+0	1,068E+0	0,000E+0	2	0010
1146,250	87,700	122,400	2,101E+2	0,000E+0	1,796E+2	1,784E+2	0,000E+0	1,092E+0	1,067E+0	0,000E+0	2	0010
1147,251	88,200	121,900	2,101E+2	0,000E+0	1,796E+2	1,782E+2	0,000E+0	1,093E+0	1,062E+0	0,000E+0	2	0010
1148,252	86,300	123,800	2,101E+2	0,000E+0	1,788E+2	1,788E+2	0,000E+0	1,092E+0	1,081E+0	0,000E+0	3	0010
1149,253	86,400	123,400	2,098E+2	0,000E+0	1,789E+2	1,789E+2	0,000E+0	1,083E+0	1,076E+0	0,000E+0	3	0010
1150,253	86,700	123,600	2,103E+2	0,000E+0	1,791E+2	1,787E+2	0,000E+0	1,088E+0	1,077E+0	0,000E+0	3	0010
1151,255	88,300	121,800	2,101E+2	0,000E+0	1,798E+2	1,783E+2	0,000E+0	1,095E+0	1,061E+0	0,000E+0	3	0010
1152,254	85,800	124,000	2,098E+2	0,000E+0	1,784E+2	1,786E+2	0,000E+0	1,089E+0	1,085E+0	0,000E+0	3	0010
1153,255	86,600	123,300	2,099E+2	0,000E+0	1,791E+2	1,789E+2	0,000E+0	1,085E+0	1,074E+0	0,000E+0	3	0010
1154,254	86,500	123,600	2,101E+2	0,000E+0	1,791E+2	1,787E+2	0,000E+0	1,086E+0	1,078E+0	0,000E+0	3	0010
1155,254	86,500	123,600	2,101E+2	0,000E+0	1,791E+2	1,787E+2	0,000E+0	1,086E+0	1,078E+0	0,000E+0	3	0010
1156,255	87,300	122,700	2,100E+2	0,000E+0	1,794E+2	1,787E+2	0,000E+0	1,091E+0	1,071E+0	0,000E+0	3	0010
1157,255	87,300	122,700	2,100E+2	0,000E+0	1,794E+2	1,787E+2	0,000E+0	1,091E+0	1,071E+0	0,000E+0	3	0010
1158,254	87,300	122,700	2,100E+2	0,000E+0	1,794E+2	1,787E+2	0,000E+0	1,091E+0	1,071E+0	0,000E+0	3	0010
1159,255	87,300	122,700	2,100E+2	0,000E+0	1,794E+2	1,787E+2	0,000E+0	1,091E+0	1,071E+0	0,000E+0	3	0010
1160,254	86,000	123,700	2,097E+2	0,000E+0	1,792E+2	1,792E+2	0,000E+0	1,080E+0	1,077E+0	0,000E+0	3	0010
1161,255	86,000	123,700	2,097E+2	0,000E+0	1,792E+2	1,792E+2	0,000E+0	1,080E+0	1,077E+0	0,000E+0	3	0010
1162,256	86,000	123,700	2,097E+2	0,000E+0	1,792E+2	1,792E+2	0,000E+0	1,080E+0	1,077E+0	0,000E+0	3	0010
1163,255	87,700	122,500	2,102E+2	0,000E+0	1,797E+2	1,786E+2	0,000E+0	1,093E+0	1,068E+0	0,000E+0	3	0010
1164,257	87,700	122,500	2,102E+2	0,000E+0	1,797E+2	1,786E+2	0,000E+0	1,093E+0	1,068E+0	0,000E+0	3	0010
1165,257	88,700	121,700	2,104E+2	0,000E+0	1,799E+2	1,781E+2	0,000E+0	1,095E+0	1,061E+0	0,000E+0	3	0010
1166,259	88,700	121,700	2,104E+2	0,000E+0	1,799E+2	1,781E+2	0,000E+0	1,095E+0	1,061E+0	0,000E+0	3	0010
1167,258	86,700	123,100	2,098E+2	0,000E+0	1,791E+2	1,788E+2	0,000E+0	1,090E+0	1,075E+0	0,000E+0	3	0010
1168,258	86,700	123,100	2,098E+2	0,000E+0	1,791E+2	1,788E+2	0,000E+0	1,090E+0	1,075E+0	0,000E+0	4	0010
1169,259	86,500	123,600	2,101E+2	0,000E+0	1,791E+2	1,787E+2	0,000E+0	1,087E+0	1,078E+0	0,000E+0	4	0010
1170,259	87,900	122,300	2,102E+2	0,000E+0	1,794E+2	1,785E+2	0,000E+0	1,095E+0	1,069E+0	0,000E+0	4	0010
1171,259	86,700	123,500	2,102E+2	0,000E+0	1,788E+2	1,786E+2	0,000E+0	1,091E+0	1,080E+0	0,000E+0	4	0010
1172,259	86,000	123,700	2,097E+2	0,000E+0	1,784E+2	1,785E+2	0,000E+0	1,096E+0	1,086E+0	0,000E+0	4	0010
1173,259	86,000	123,700	2,097E+2	0,000E+0	1,784E+2	1,785E+2	0,000E+0	1,096E+0	1,086E+0	0,000E+0	4	0010
1174,260	86,000	123,700	2,097E+2	0,000E+0	1,784E+2	1,785E+2	0,000E+0	1,096E+0	1,086E+0	0,000E+0	4	0010
1175,259	86,000	123,700	2,097E+2	0,000E+0	1,784E+2	1,785E+2	0,000E+0	1,096E+0	1,086E+0	0,000E+0	4	0010
1176,260	86,300	123,800	2,101E+2	0,000E+0	1,790E+2	1,788E+2	0,000E+0	1,081E+0	1,078E+0	0,000E+0	4	0010
1177,259	86,300	123,800	2,101E+2	0,000E+0	1,790E+2	1,788E+2	0,000E+0	1,081E+0	1,078E+0	0,000E+0	4	0010
1178,260	86,300	123,800	2,101E+2	0,000E+0	1,790E+2	1,788E+2	0,000E+0	1,081E+0	1,078E+0	0,000E+0	4	0010
1179,261	86,400	123,600	2,100E+2	0,000E+0	1,789E+2	1,786E+2	0,000E+0	1,089E+0	1,079E+0	0,000E+0	4	0010
1180,261	86,400	123,600	2,100E+2	0,000E+0	1,789E+2	1,786E+2	0,000E+0	1,089E+0	1,079E+0	0,000E+0	4	0010
1181,263	86,200	124,100	2,103E+2	0,000E+0	1,788E+2	1,789E+2	0,000E+0	1,090E+0	1,084E+0	0,000E+0	4	0010
1182,263	86,200	124,100	2,103E+2	0,000E+0	1,788E+2	1,789E+2	0,000E+0	1,090E+0	1,084E+0	0,000E+0	4	0010
1183,263	87,200	123,100	2,103E+2	0,000E+0	1,795E+2	1,787E+2	0,000E+0	1,092E+0	1,072E+0	0,000E+0	4	0010
1184,263	86,300	123,300	2,096E+2	0,000E+0	1,791E+2	1,789E+2	0,000E+0	1,081E+0	1,074E+0	0,000E+0	4	0010
1185,264	86,500	123,800	2,103E+2	0,000E+0	1,792E+2	1,789E+2	0,000E+0	1,089E+0	1,079E+0	0,000E+0	5	0010
1186,263	87,500	122,700	2,102E+2	0,000E+0	1,798E+2	1,788E+2	0,000E+0	1,091E+0	1,068E+0	0,000E+0	5	0010
1187,264	87,500	122,700	2,102E+2	0,000E+0	1,798E+2	1,788E+2	0,000E+0	1,091E+0	1,068E+0	0,000E+0	5	0010
1188,263	86,700	123,300	2,100E+2	0,000E+0	1,789E+2	1,785E+2	0,000E+0	1,092E+0	1,080E+0	0,000E+0	5	0010
1189,264	87,300	122,700	2,100E+2	0,000E+0	1,791E+2	1,785E+2	0,000E+0	1,094E+0	1,073E+0	0,000E+0	5	0010
1190,263	87,300	122,700	2,100E+2	0,000E+0	1,791E+2	1,785E+2	0,000E+0	1,094E+0	1,073E+0	0,000E+0	5	0010
1191,263	87,300	122,700	2,100E+2	0,000E+0	1,791E+2	1,785E+2	0,000E+0	1,094E+0	1,073E+0	0,000E+0	5	0010
1192,263	86,800	123,400	2,102E+2	0,000E+0	1,791E+2	1,787E+2	0,000E+0	1,091E+0	1,077E+0	0,000E+0	5	0010
1193,264	86,800	123,400	2,102E+2	0,000E+0	1,791E+2	1,787E+2	0,000E+0	1,091E+0	1,077E+0	0,000E+0	5	0010
1194,263	86,800	123,400	2,102E+2	0,000E+0	1,791E+2	1,787E+2	0,000E+0	1,091E+0	1,077E+0	0,000E+0	5	0010
1195,264	85,800	123,800	2,096E+2	0,000E+0	1,786E+2	1,786E+2	0,000E+0	1,087E+0	1,081E+0	0,000E+0	5	0010
1196,264	85,800	123,800	2,096E+2	0,000E+0	1,786E+2	1,786E+2	0,000E+0	1,087E+0	1,081E+0	0,000E+0	5	0010
1197,264	85,800	123,800	2,096E+2	0,000E+0	1,786E+2	1,786E+2	0,000E+0	1,087E+0	1,081E+0	0,000E+0	5	0010
1198,265	85,800	123,800	2,096E+2	0,000E+0	1,786E+2	1,786E+2	0,000E+0	1,087E+0	1,081E+0	0,000E+0	5	0010
1199,264	87,200	122,600	2,098E+2	0,000E+0	1,793E+2	1,785E+2	0,000E+0	1,092E+0	1,071E+0	0,000E+0	5	0010
1200,265	87,200	122,600	2,098E+2	0,000E+0	1,793E+2	1,785E+2	0,000E+0	1,092E+0	1,071E+0	0,000E+0	5	0010
1201,264	88,100	122,200	2,103E+2	0,000E+0	1,798E+2	1,784E+2	0,000E+0	1,096E+0	1,066E+0	0,000E+0	5	0010
1202,264	86,500	123,500	2,100E+2	0,000E+0	1,789E+2	1,786E+2	0,000E+0	1,092E+0	1,079E+0	0,000E+0	5	0010
1203,264	85,600	124,400	2,100E+2	0,000E+0	1,784E+2	1,790E+2	0,000E+0	1,088E+0	1,087E+0	0,000E+0	5	0010
1204,264	87,600	122,500	2,101E+2	0,000E+0	1,794E+2	1,787E+2	0,000E+0	1,089E+0	1,068E+0	0,000E+0	5	0010
1205,266	87,800	122,300	2,101E+2	0,000E+0	1,797E+2	1,786E+2	0,000E+0	1,093E+0	1,067E+0	0,000E+0	5	0010
1206,265	86,600	123,400	2,100E+2	0,000E+0	1,789E+2	1,785E+2	0,000E+0	1,082E+0	1,075E+0	0,000E+0	5	0010
1207,266	86,600	123,400	2,100E+2	0,000E+0	1,789E+2	1,785E+2	0,000E+0	1,082E+0	1,075E+0	0,000E+0	5	0010
1208,265	87,600	122,600	2,102E+2	0,000E+0	1,794E+2	1,785E+2	0,000E+0	1,094E+0	1,069E+0	0,000E+0	5	0010
1209,266	85,900	123,800	2,097E+2	0,000E+0	1,785E+2	1,787E+2	0,000E+0	1,086E+0	1,082E+0	0,000E+0	5	0010
1210,265	86,300	124,100	2,104E+2	0,000E+0	1,788E+2	1,786E+2	0,000E+0	1,091E+0	1,083E+0	0,000E+0	5	0010
1211,266	87,000	122,900	2,099E+2	0,000E+0	1,790E+2	1,784E+2	0,000E+0	1,090E+0	1,073E+0	0,000E+0	5	0010
1212,267	86,500	123,500	2,100E+2	0,000E+0	1,786E+2	1,785E+2	0,000E+0	1,094E+0	1,082E+0	0,000E+0	5	0010
1213,267	87,800	122,100	2,099E+2	0,000E+0	1,795E+2	1,784E+2	0,000E+0	1,092E+0	1,065E+0	0,000E+0	5	0010
1214,268	86,800	123,300	2,101E+2	0,000E+0	1,790E+2	1,789E+2	0,000E+0	1,087E+0	1,075E+0	0,000E+0	5	0010
1215,268	87,400	122,600	2,100E+2	0,000E+0	1,796E+2	1,789E+2	0,000E+0	1,089E+0	1,068E+0	0,000E+0	5	0010
1216,269	86,900	123,100	2,100E+2	0,000E+0	1,795E+2	1,788E+2	0,000E+0	1,090E+0	1,075E+0	0,000E+0	6	0010
1217,270	87,400	122,700	2,101E+2	0,000E+0	1,796E+2	1,789E+2	0,000E+0	1,095E+0	1,073E+0	0,000E+0	6	0010
1218,270	87,400	122,700	2,101E+2	0,000E+0	1,796E+2	1,789E+2	0,000E+0	1,095E+0	1,073E+0	0,000E+0	6	0010
1219,272	86,800	119,900	2,067E+2	0,000E+0	1,792E+2	1,782E+2	0,000E+0	1,077E+0	1,051E+0	0,000E+0	6	0010
1220,271	86,800	119,900	2,067E+2	0,000E+0	1,792E+2	1,782E+2	0,000E+0	1,077E+0	1,051E+0	0,000E+0	6	0010
1221,271	53,200	59,900	1,131E+2	0,000E+0	1,469E+2	1,468E+2	0,000E+0	8,275E-1	8,234E-1	0,000E+0	6	0010
1222,272	52,400	64,900	1,173E+2	0,000E+0	1,291E+2	1,292E+2	0,000E+0	1,235E+0	1,220E+0	0,000E+0	6	0010
1223,271	58,100	84,600	1,427E+2	0,000E+0	1,271E+2	1,263E+2	0,000E+0	1,626E+0	1,609E+0	0,000E+0	6	0010
1224,272	58,100	84,600	1,427E+2	0,000E+0	1,271E+2	1,263E+2	0,000E+0	1,626E+0	1,609E+0	0,000E+0	6	0010
1225,271	0,000	0,000	0,000E+0	0,000E+0	0,000E+0	0,000E+0	0,000E+0	0,000E+0	0,000E+0	0,000E+0	6	0010
1226,271	0,000	0,000	0,000E+0	0,000E+0	0,000E+0	0,000E+0	0,000E+0	0,000E+0	0,000E+0	0,000E+0	6	0010
1227,271	0,000	0,000	0,000E+0	0,000E+0	0,000E+0	0,000E+0	0,000E+0	0,000E+0	0,000E+0	0,000E+0	6	0010
1228,271	0,000	0,000	0,000E+0	0,000E+0	0,000E+0	0,000E+0	0,000E+0	0,000E+0	0,000E+0	0,000E+0	6	0010
1229,272	0,000	0,000	0,000E+0	0,000E+0	0,000E+0	0,000E+0	0,000E+0	0,000E+0	0,000E+0	0,000E+0	6	0010
1230,271	0,000	0,000	0,000E+0	0,000E+0	0,000E+0	0,000E+0	0,000E+0	0,000E+0	0,000E+0	0,000E+0	6	0010
1231,272	0,000	0,000	0,000E+0	0,000E+0	0,000E+0	0,000E+0	0,000E+0	0,000E+0	0,000E+0	0,000E+0	6	0010
1232,272	0,000	0,000	0,000E+0	0,000E+0	0,000E+0	0,000E+0	0,000E+0	0,000E+0	0,000E+0	0,000E+0	6	0010
1233,272	0,000	0,000	0,000E+0	0,000E+0	0,000E+0	0,000E+0	0,000E+0	0,000E+0	0,000E+0	0,000E+0	6	0010
1234,274	0,000	0,000	0,000E+0	0,000E+0	0,000E+0	0,000E+0	0,000E+0	0,000E+0	0,000E+0	0,000E+0	6	0010
1235,274	0,000	0,000	0,000E+0	0,000E+0	0,000E+0	0,000E+0	0,000E+0	0,000E+0	0,000E+0	0,000E+0	6	0010
1236,276	0,000	0,000	0,000E+0	0,000E+0	0,000E+0	0,000E+0	0,000E+0	0,000E+0	0,000E+0	0,000E+0	6	0010
1237,275	0,000	0,000	0,000E+0	0,000E+0	0,000E+0	0,000E+0	0,000E+0	0,000E+0	0,000E+0	0,000E+0	6	0010
1238,276	0,000	0,000	0,000E+0	0,000E+0	0,000E+0	0,000E+0	0,000E+0	0,000E+0	0,000E+0	0,000E+0	6	0010
1239,275	0,000	0,000	0,000E+0	0,000E+0	0,000E+0	0,000E+0	0,000E+0	0,000E+0	0,000E+0	0,000E+0	6	0010
1240,275	0,000	0,000	0,000E+0	0,000E+0	0,000E+0	0,000E+0	0,000E+0	0,000E+0	0,000E+0	0,000E+0	6	0010
1241,276	0,000	0,000	0,000E+0	0,000E+0	0,000E+0	0,000E+0	0,000E+0	0,000E+0	0,000E+0	0,000E+0	6	0010
1242,275	0,000	0,000	0,000E+0	0,000E+0	0,000E+0	0,000E+0	0,000E+0	0,000E+0	0,000E+0	0,000E+0	6	0010
1243,277	0,000	0,000	0,000E+0	0,000E+0	0,000E+0	0,000E+0	0,000E+0	0,000E+0	0,000E+0	0,000E+0	6	0010
1244,277	0,000	0,000	0,000E+0	0,000E+0	0,000E+0	0,000E+0	0,000E+0	0,000E+0	0,000E+0	0,000E+0	6	0010
1245,277	0,000	0,000	0,000E+0	0,000E+0	0,000E+0	0,000E+0	0,000E+0	0,000E+0	0,000E+0	0,000E+0	6	0010
1246,277	0,000	0,000	0,000E+0	0,000E+0	0,000E+0	0,000E+0	0,000E+0	0,000E+0	0,000E+0	0,000E+0	6	0010
1247,278	0,000	0,000	0,000E+0	0,000E+0	0,000E+0	0,000E+0	0,000E+0	0,000E+0	0,000E+0	0,000E+0	6	0010
1248,279	0,000	0,000	0,000E+0	0,000E+0	0,000E+0	0,000E+0	0,000E+0	0,000E+0	0,000E+0	0,000E+0	6	0010
1249,278	0,000	0,000	0,000E+0	0,000E+0	0,000E+0	0,000E+0	0,000E+0	0,000E+0	0,000E+0	0,000E+0	6	0010
1250,280	0,000	0,000	0,000E+0	0,000E+0	0,000E+0	0,000E+0	0,000E+0	0,000E+0	0,000E+0	0,000E+0	6	0010
1251,279	25,200	0,000	2,520E+1	0,000E+0	5,458E+1	4,439E+1	0,000E+0	2,423E+0	0,000E+0	0,000E+0	6	0010
1252,280	1,700	4,600	6,300E+0	0,000E+0	4,581E+1	5,506E+1	0,000E+0	1,011E+0	8,243E-1	0,000E+0	6	0010
1253,280	0,000	0,000	0,000E+0	0,000E+0	1,529E+1	1,505E+1	0,000E+0	0,000E+0	0,000E+0	0,000E+0	6	0010
1254,280	0,000	0,000	0,000E+0	0,000E+0	9,430E+0	6,930E+0	0,000E+0	0,000E+0	0,000E+0	0,000E+0	6	0010
1255,282	0,000	0,200	2,000E-1	0,000E+0	2,800E+0	1,683E+1	0,000E+0	7,340E-2	2,735E-1	0,000E+0	6	0010
1256,281	26,300	26,400	5,270E+1	0,000E+0	2,876E+1	4,809E+1	0,000E+0	3,510E+0	3,503E+0	0,000E+0	6	0010
1257,282	26,300	26,400	5,270E+1	0,000E+0	2,876E+1	4,809E+1	0,000E+0	3,510E+0	3,503E+0	0,000E+0	6	0010
1258,281	21,700	35,500	5,720E+1	0,000E+0	1,073E+2	9,205E+1	0,000E+0	9,738E-1	3,326E+0	0,000E+0	6	0010
1259,281	34,600	40,600	7,520E+1	0,000E+0	1,636E+2	1,638E+2	0,000E+0	5,224E-1	5,160E-1	0,000E+0	6	0010
1260,281	9,100	8,300	1,740E+1	0,000E+0	1,570E+2	1,570E+2	0,000E+0	1,057E-1	1,047E-1	0,000E+0	6	0010
1261,281	8,200	7,200	1,540E+1	0,000E+0	1,484E+2	1,483E+2	0,000E+0	1,039E-1	1,027E-1	0,000E+0	6	0010
1262,283	12,500	11,100	2,360E+1	0,000E+0	1,510E+2	1,509E+2	0,000E+0	1,524E-1	1,499E-1	0,000E+0	6	0010
1263,282	12,500	11,100	2,360E+1	0,000E+0	1,510E+2	1,509E+2	0,000E+0	1,524E-1	1,499E-1	0,000E+0	6	0010
1264,283	12,700	11,500	2,420E+1	0,000E+0	1,562E+2	1,562E+2	0,000E+0	1,460E-1	1,453E-1	0,000E+0	6	0010
1265,282	12,700	11,500	2,420E+1	0,000E+0	1,562E+2	1,562E+2	0,000E+0	1,460E-1	1,453E-1	0,000E+0	6	0010
1266,282	13,500	12,000	2,550E+1	0,000E+0	1,566E+2	1,565E+2	0,000E+0	1,534E-1	1,503E-1	0,000E+0	6	0010
1267,284	13,500	12,000	2,550E+1	0,000E+0	1,566E+2	1,565E+2	0,000E+0	1,534E-1	1,503E-1	0,000E+0	6	0010
1268,284	13,300	12,000	2,530E+1	0,000E+0	1,562E+2	1,568E+2	0,000E+0	1,516E-1	1,513E-1	0,000E+0	6	0010
1269,285	13,500	12,000	2,550E+1	0,000E+0	1,568E+2	1,565E+2	0,000E+0	1,534E-1	1,506E-1	0,000E+0	6	0010
1270,284	13,300	11,900	2,520E+1	0,000E+0	1,564E+2	1,566E+2	0,000E+0	1,524E-1	1,505E-1	0,000E+0	6	0010
1271,285	13,500	12,000	2,550E+1	0,000E+0	1,569E+2	1,565E+2	0,000E+0	1,540E-1	1,494E-1	0,000E+0	6	0010
1272,284	13,300	11,900	2,520E+1	0,000E+0	1,563E+2	1,566E+2	0,000E+0	1,521E-1	1,497E-1	0,000E+0	6	0010
1273,285	13,400	12,100	2,550E+1	0,000E+0	1,567E+2	1,568E+2	0,000E+0	1,524E-1	1,507E-1	0,000E+0	6	0010
1274,286	13,400	12,100	2,550E+1	0,000E+0	1,567E+2	1,568E+2	0,000E+0	1,524E-1	1,507E-1	0,000E+0	6	0010
1275,285	13,400	12,100	2,550E+1	0,000E+0	1,567E+2	1,568E+2	0,000E+0	1,524E-1	1,507E-1	0,000E+0	6	0010
1276,287	66,800	148,500	2,153E+2	0,000E+0	1,281E+2	1,276E+2	0,000E+0	3,395E+0	3,385E+0	0,000E+0	6	0010
1277,287	0,000	0,000	0,000E+0	0,000E+0	0,000E+0	0,000E+0	0,000E+0	0,000E+0	0,000E+0	0,000E+0	6	0010
1278,289	0,000	0,000	0,000E+0	0,000E+0	0,000E+0	0,000E+0	0,000E+0	0,000E+0	0,000E+0	0,000E+0	6	0010
1279,288	0,000	0,000	0,000E+0	0,000E+0	0,000E+0	0,000E+0	0,000E+0	0,000E+0	0,000E+0	0,000E+0	6	0010
1280,288	0,000	0,000	0,000E+0	0,000E+0	0,000E+0	0,000E+0	0,000E+0	0,000E+0	0,000E+0	0,000E+0	6	0010
1281,290	0,000	0,000	0,000E+0	0,000E+0	0,000E+0	0,000E+0	0,000E+0	0,000E+0	0,000E+0	0,000E+0	6	0010
1282,289	0,000	0,000	0,000E+0	0,000E+0	0,000E+0	0,000E+0	0,000E+0	0,000E+0	0,000E+0	0,000E+0	6	0010
1283,290	0,000	0,000	0,000E+0	0,000E+0	0,000E+0	0,000E+0	0,000E+0	0,000E+0	0,000E+0	0,000E+0	6	0010
1284,289	0,000	0,000	0,000E+0	0,000E+0	0,000E+0	0,000E+0	0,000E+0	0,000E+0	0,000E+0	0,000E+0	6	0010
1285,289	0,000	0,000	0,000E+0	0,000E+0	0,000E+0	0,000E+0	0,000E+0	0,000E+0	0,000E+0	0,000E+0	6	0010
1286,289	0,000	0,000	0,000E+0	0,000E+0	0,000E+0	0,000E+0	0,000E+0	0,000E+0	0,000E+0	0,000E+0	6	0010
1287,289	0,000	0,000	0,000E+0	0,000E+0	0,000E+0	0,000E+0	0,000E+0	0,000E+0	0,000E+0	0,000E+0	6	0010
1288,290	0,000	0,000	0,000E+0	0,000E+0	0,000E+0	0,000E+0	0,000E+0	0,000E+0	0,000E+0	0,000E+0	6	0010
1289,289	0,000	0,000	0,000E+0	0,000E+0	0,000E+0	0,000E+0	0,000E+0	0,000E+0	0,000E+0	0,000E+0	6	0010
1290,290	0,000	0,000	0,000E+0	0,000E+0	0,000E+0	0,000E+0	0,000E+0	0,000E+0	0,000E+0	0,000E+0	6	0010
1291,289	0,000	0,000	0,000E+0	0,000E+0	0,000E+0	0,000E+0	0,000E+0	0,000E+0	0,000E+0	0,000E+0	6	0010
1292,289	0,000	0,000	0,000E+0	0,000E+0	0,000E+0	0,000E+0	0,000E+0	0,000E+0	0,000E+0	0,000E+0	6	0010
1293,290	0,000	4,400	4,400E+0	0,000E+0	1,112E+1	3,191E+1	0,000E+0	0,000E+0	9,875E-1	0,000E+0	6	0010
1294,290	0,100	94,100	9,420E+1	0,000E+0	3,798E+1	8,253E+1	0,000E+0	8,950E-2	4,672E+0	0,000E+0	6	0010
1295,291	5,900	3,700	9,600E+0	0,000E+0	3,921E+1	3,409E+1	0,000E+0	1,153E+0	9,736E-1	0,000E+0	6	0010
1296,291	5,900	3,700	9,600E+0	0,000E+0	3,921E+1	3,409E+1	0,000E+0	1,153E+0	9,736E-1	0,000E+0	6	0010
1297,292	0,000	0,000	0,000E+0	0,000E+0	1,387E+1	1,447E+1	0,000E+0	0,000E+0	0,000E+0	0,000E+0	6	0010
1298,292	0,000	0,000	0,000E+0	0,000E+0	0,000E+0	1,570E+0	0,000E+0	0,000E+0	0,000E+0	0,000E+0	6	0010
1299,292	34,100	0,000	3,410E+1	0,000E+0	6,002E+1	2,509E+1	0,000E+0	2,803E+0	3,270E-2	0,000E+0	6	0010
1300,293	122,500	0,000	1,225E+2	0,000E+0	8,766E+1	4,322E+1	0,000E+0	5,380E+0	0,000E+0	0,000E+0	6	0010
1301,294	1,900	4,500	6,400E+0	0,000E+0	3,019E+1	3,157E+1	0,000E+0	7,290E-1	8,762E-1	0,000E+0	6	0010
1302,295	0,000	0,000	0,000E+0	0,000E+0	6,000E+0	6,070E+0	0,000E+0	0,000E+0	0,000E+0	0,000E+0	6	0010
1304,295	5,700	3,500	9,200E+0	0,000E+0	3,811E+1	1,338E+1	0,000E+0	1,615E+0	1,209E+0	0,000E+0	6	0010
1304,295	51,700	53,300	1,050E+2	0,000E+0	5,578E+1	3,955E+1	0,000E+0	4,958E+0	4,967E+0	0,000E+0	6	0010
1305,294	31,500	2,700	3,420E+1	0,000E+0	4,661E+1	3,701E+1	0,000E+0	3,749E+0	6,437E-1	0,000E+0	6	0010
1306,294	0,000	0,000	0,000E+0	0,000E+0	1,472E+1	1,300E+1	0,000E+0	0,000E+0	0,000E+0	0,000E+0	6	0010
1307,295	0,000	0,000	0,000E+0	0,000E+0	3,050E+0	3,200E+0	0,000E+0	0,000E+0	0,000E+0	0,000E+0	6	0010
1308,294	0,000	0,000	0,000E+0	0,000E+0	3,050E+0	3,200E+0	0,000E+0	0,000E+0	0,000E+0	0,000E+0	6	0010
1309,295	0,100	120,800	1,209E+2	0,000E+0	5,631E+1	8,781E+1	0,000E+0	0,000E+0	5,323E+0	0,000E+0	6	0010
1310,294	21,400	28,100	4,950E+1	0,000E+0	1,085E+2	1,161E+2	0,000E+0	9,143E-1	9,290E-1	0,000E+0	6	0010
1311,295	30,200	35,400	6,560E+1	0,000E+0	1,674E+2	1,673E+2	0,000E+0	4,571E-1	4,536E-1	0,000E+0	6	0010
1312,294	9,900	9,000	1,890E+1	0,000E+0	1,555E+2	1,555E+2	0,000E+0	1,162E-1	1,159E-1	0,000E+0	6	0010
1313,294	9,900	9,000	1,890E+1	0,000E+0	1,555E+2	1,555E+2	0,000E+0	1,162E-1	1,159E-1	0,000E+0	6	0010
1314,295	13,000	11,600	2,460E+1	0,000E+0	1,529E+2	1,524E+2	0,000E+0	1,559E-1	1,537E-1	0,000E+0	6	0010
1315,294	16,100	14,500	3,060E+1	0,000E+0	1,582E+2	1,582E+2	0,000E+0	1,775E-1	1,748E-1	0,000E+0	6	0010
1316,295	15,500	13,800	2,930E+1	0,000E+0	1,579E+2	1,575E+2	0,000E+0	1,724E-1	1,695E-1	0,000E+0	6	0010
1317,295	15,700	14,300	3,000E+1	0,000E+0	1,579E+2	1,579E+2	0,000E+0	1,755E-1	1,750E-1	0,000E+0	6	0010
1318,295	15,400	14,200	2,960E+1	0,000E+0	1,575E+2	1,578E+2	0,000E+0	1,724E-1	1,738E-1	0,000E+0	6	0010
1319,295	15,900	13,900	2,980E+1	0,000E+0	1,577E+2	1,579E+2	0,000E+0	1,757E-1	1,699E-1	0,000E+0	6	0010
1320,295	15,700	13,900	2,960E+1	0,000E+0	1,573E+2	1,578E+2	0,000E+0	1,755E-1	1,724E-1	0,000E+0	6	0010
1321,296	15,700	14,100	2,980E+1	0,000E+0	1,578E+2	1,578E+2	0,000E+0	1,742E-1	1,730E-1	0,000E+0	6	0010
1322,295	15,700	13,900	2,960E+1	0,000E+0	1,579E+2	1,578E+2	0,000E+0	1,746E-1	1,704E-1	0,000E+0	6	0010
1323,296	15,900	13,900	2,980E+1	0,000E+0	1,575E+2	1,577E+2	0,000E+0	1,762E-1	1,714E-1	0,000E+0	6	0010
1324,296	15,900	13,900	2,980E+1	0,000E+0	1,575E+2	1,577E+2	0,000E+0	1,762E-1	1,714E-1	0,000E+0	6	0010
1325,296	15,500	14,200	2,970E+1	0,000E+0	1,579E+2	1,577E+2	0,000E+0	1,725E-1	1,715E-1	0,000E+0	6	0010
1326,296	15,800	13,900	2,970E+1	0,000E+0	1,579E+2	1,578E+2	0,000E+0	1,764E-1	1,710E-1	0,000E+0	6	0010
1327,296	15,400	14,400	2,980E+1	0,000E+0	1,578E+2	1,580E+2	0,000E+0	1,722E-1	1,748E-1	0,000E+0	6	0010
1328,298	15,500	14,000	2,950E+1	0,000E+0	1,577E+2	1,576E+2	0,000E+0	1,731E-1	1,708E-1	0,000E+0	6	0010
1329,297	15,600	14,400	3,000E+1	0,000E+0	1,580E+2	1,581E+2	0,000E+0	1,728E-1	1,733E-1	0,000E+0	6	0010
1330,298	15,700	13,900	2,960E+1	0,000E+0	1,582E+2	1,579E+2	0,000E+0	1,736E-1	1,674E-1	0,000E+0	6	0010
1331,297	15,500	14,000	2,950E+1	0,000E+0	1,581E+2	1,583E+2	0,000E+0	1,732E-1	1,708E-1	0,000E+0	6	0010
1332,297	15,700	13,900	2,960E+1	0,000E+0	1,581E+2	1,579E+2	0,000E+0	1,738E-1	1,707E-1	0,000E+0	6	0010
1333,297	15,800	14,100	2,990E+1	0,000E+0	1,583E+2	1,579E+2	0,000E+0	1,750E-1	1,715E-1	0,000E+0	6	0010
1334,297	15,800	14,100	2,990E+1	0,000E+0	1,583E+2	1,579E+2	0,000E+0	1,750E-1	1,715E-1	0,000E+0	6	0010
1335,298	15,800	14,000	2,980E+1	0,000E+0	1,578E+2	1,580E+2	0,000E+0	1,757E-1	1,718E-1	0,000E+0	6	0010
1336,297	15,600	14,100	2,970E+1	0,000E+0	1,582E+2	1,580E+2	0,000E+0	1,733E-1	1,713E-1	0,000E+0	6	0010
1337,298	15,600	14,200	2,980E+1	0,000E+0	1,580E+2	1,581E+2	0,000E+0	1,740E-1	1,739E-1	0,000E+0	6	0010
1338,297	15,800	13,900	2,970E+1	0,000E+0	1,579E+2	1,576E+2	0,000E+0	1,752E-1	1,707E-1	0,000E+0	6	0010
1339,297	15,800	14,000	2,980E+1	0,000E+0	1,580E+2	1,577E+2	0,000E+0	1,754E-1	1,709E-1	0,000E+0	6	0010
1340,298	15,700	14,000	2,970E+1	0,000E+0	1,575E+2	1,578E+2	0,000E+0	1,744E-1	1,715E-1	0,000E+0	6	0010
1341,297	15,500	14,200	2,970E+1	0,000E+0	1,579E+2	1,579E+2	0,000E+0	1,718E-1	1,712E-1	0,000E+0	6	0010
1342,298	15,700	14,000	2,970E+1	0,000E+0	1,578E+2	1,578E+2	0,000E+0	1,747E-1	1,714E-1	0,000E+0	6	0010
1343,297	15,600	14,000	2,960E+1	0,000E+0	1,579E+2	1,577E+2	0,000E+0	1,730E-1	1,696E-1	0,000E+0	6	0010
1344,297	15,600	14,100	2,970E+1	0,000E+0	1,580E+2	1,579E+2	0,000E+0	1,729E-1	1,711E-1	0,000E+0	6	0010
1345,297	15,700	14,100	2,980E+1	0,000E+0	1,577E+2	1,578E+2	0,000E+0	1,751E-1	1,727E-1	0,000E+0	6	0010
1346,297	15,700	14,100	2,980E+1	0,000E+0	1,577E+2	1,578E+2	0,000E+0	1,751E-1	1,727E-1	0,000E+0	6	0010
1347,298	15,600	14,000	2,960E+1	0,000E+0	1,575E+2	1,580E+2	0,000E+0	1,741E-1	1,720E-1	0,000E+0	6	0010
1348,297	15,400	14,300	2,970E+1	0,000E+0	1,576E+2	1,581E+2	0,000E+0	1,716E-1	1,733E-1	0,000E+0	6	0010
1349,299	15,600	14,000	2,960E+1	0,000E+0	1,579E+2	1,579E+2	0,000E+0	1,731E-1	1,699E-1	0,000E+0	6	0010
1350,298	15,600	14,200	2,980E+1	0,000E+0	1,579E+2	1,578E+2	0,000E+0	1,736E-1	1,728E-1	0,000E+0	6	0010
1351,299	15,700	14,100	2,980E+1	0,000E+0	1,577E+2	1,578E+2	0,000E+0	1,744E-1	1,723E-1	0,000E+0	6	0010
1352,299	15,600	13,900	2,950E+1	0,000E+0	1,577E+2	1,578E+2	0,000E+0	1,730E-1	1,701E-1	0,000E+0	6	0010
1353,299	15,600	13,900	2,950E+1	0,000E+0	1,578E+2	1,578E+2	0,000E+0	1,737E-1	1,702E-1	0,000E+0	6	0010
1354,301	15,700	14,000	2,970E+1	0,000E+0	1,582E+2	1,576E+2	0,000E+0	1,734E-1	1,696E-1	0,000E+0	6	0010
1355,300	15,700	14,000	2,970E+1	0,000E+0	1,582E+2	1,576E+2	0,000E+0	1,734E-1	1,696E-1	0,000E+0	6	0010
1356,301	15,700	14,100	2,980E+1	0,000E+0	1,581E+2	1,578E+2	0,000E+0	1,735E-1	1,705E-1	0,000E+0	6	0010
1357,300	15,700	14,100	2,980E+1	0,000E+0	1,581E+2	1,578E+2	0,000E+0	1,735E-1	1,705E-1	0,000E+0	6	0010
1358,301	15,800	13,900	2,970E+1	0,000E+0	1,573E+2	1,578E+2	0,000E+0	1,751E-1	1,708E-1	0,000E+0	6	0010
1359,302	15,600	14,100	2,970E+1	0,000E+0	1,577E+2	1,578E+2	0,000E+0	1,728E-1	1,711E-1	0,000E+0	6	0010
1360,303	15,600	14,200	2,980E+1	0,000E+0	1,578E+2	1,577E+2	0,000E+0	1,732E-1	1,714E-1	0,000E+0	6	0010
1361,305	15,600	14,200	2,980E+1	0,000E+0	1,578E+2	1,579E+2	0,000E+0	1,735E-1	1,733E-1	0,000E+0	6	0010
1362,304	15,400	14,200	2,960E+1	0,000E+0	1,581E+2	1,575E+2	0,000E+0	1,711E-1	1,708E-1	0,000E+0	6	0010
1363,306	15,700	14,000	2,970E+1	0,000E+0	1,575E+2	1,576E+2	0,000E+0	1,744E-1	1,710E-1	0,000E+0	6	0010
1364,305	15,600	13,900	2,950E+1	0,000E+0	1,576E+2	1,577E+2	0,000E+0	1,737E-1	1,698E-1	0,000E+0	6	0010
1365,305	15,700	14,000	2,970E+1	0,000E+0	1,578E+2	1,576E+2	0,000E+0	1,739E-1	1,706E-1	0,000E+0	6	0010
1366,306	15,600	14,100	2,970E+1	0,000E+0	1,580E+2	1,577E+2	0,000E+0	1,732E-1	1,707E-1	0,000E+0	6	0010
1367,307	15,900	13,700	2,960E+1	0,000E+0	1,581E+2	1,576E+2	0,000E+0	1,744E-1	1,665E-1	0,000E+0	6	0010
1368,308	15,900	13,700	2,960E+1	0,000E+0	1,581E+2	1,576E+2	0,000E+0	1,744E-1	1,665E-1	0,000E+0	6	0010
1369,308	15,700	14,000	2,970E+1	0,000E+0	1,579E+2	1,577E+2	0,000E+0	1,743E-1	1,707E-1	0,000E+0	6	0010
1370,309	15,800	14,000	2,980E+1	0,000E+0	1,577E+2	1,578E+2	0,000E+0	1,747E-1	1,712E-1	0,000E+0	6	0010
1371,308	15,700	13,800	2,950E+1	0,000E+0	1,579E+2	1,576E+2	0,000E+0	1,737E-1	1,677E-1	0,000E+0	6	0010
1372,308	15,700	14,000	2,970E+1	0,000E+0	1,579E+2	1,578E+2	0,000E+0	1,738E-1	1,707E-1	0,000E+0	6	0010
1373,309	15,800	14,100	2,990E+1	0,000E+0	1,580E+2	1,575E+2	0,000E+0	1,746E-1	1,710E-1	0,000E+0	6	0010
1374,308	15,500	14,200	2,970E+1	0,000E+0	1,580E+2	1,578E+2	0,000E+0	1,727E-1	1,726E-1	0,000E+0	6	0010
1375,309	15,500	14,200	2,970E+1	0,000E+0	1,580E+2	1,578E+2	0,000E+0	1,727E-1	1,726E-1	0,000E+0	6	0010
1376,308	15,800	14,000	2,980E+1	0,000E+0	1,578E+2	1,579E+2	0,000E+0	1,751E-1	1,709E-1	0,000E+0	6	0010
1377,310	15,400	14,000	2,940E+1	0,000E+0	1,577E+2	1,578E+2	0,000E+0	1,725E-1	1,719E-1	0,000E+0	6	0010
1378,309	15,700	14,200	2,990E+1	0,000E+0	1,575E+2	1,581E+2	0,000E+0	1,743E-1	1,737E-1	0,000E+0	6	0010
1379,309	15,500	14,200	2,970E+1	0,000E+0	1,578E+2	1,579E+2	0,000E+0	1,729E-1	1,726E-1	0,000E+0	6	0010
1380,310	15,500	14,100	2,960E+1	0,000E+0	1,577E+2	1,579E+2	0,000E+0	1,725E-1	1,716E-1	0,000E+0	6	0010
1381,309	15,500	14,100	2,960E+1	0,000E+0	1,577E+2	1,579E+2	0,000E+0	1,725E-1	1,716E-1	0,000E+0	6	0010
1382,310	15,500	14,100	2,960E+1	0,000E+0	1,577E+2	1,579E+2	0,000E+0	1,725E-1	1,716E-1	0,000E+0	6	0010
1383,309	15,700	13,900	2,960E+1	0,000E+0	1,581E+2	1,575E+2	0,000E+0	1,735E-1	1,692E-1	0,000E+0	6	0010
1384,310	15,700	13,900	2,960E+1	0,000E+0	1,578E+2	1,579E+2	0,000E+0	1,745E-1	1,700E-1	0,000E+0	6	0010
1385,309	15,700	13,900	2,960E+1	0,000E+0	1,578E+2	1,579E+2	0,000E+0	1,745E-1	1,700E-1	0,000E+0	6	0010
1386,309	15,700	14,100	2,980E+1	0,000E+0	1,580E+2	1,580E+2	0,000E+0	1,741E-1	1,719E-1	0,000E+0	6	0010
1387,310	15,800	13,700	2,950E+1	0,000E+0	1,578E+2	1,578E+2	0,000E+0	1,759E-1	1,692E-1	0,000E+0	6	0010
1388,309	15,400	14,200	2,960E+1	0,000E+0	1,579E+2	1,577E+2	0,000E+0	1,706E-1	1,711E-1	0,000E+0	6	0010
1389,310	15,600	14,100	2,970E+1	0,000E+0	1,581E+2	1,579E+2	0,000E+0	1,734E-1	1,712E-1	0,000E+0	6	0010
1390,309	15,700	14,100	2,980E+1	0,000E+0	1,578E+2	1,579E+2	0,000E+0	1,740E-1	1,707E-1	0,000E+0	6	0010
1391,310	15,700	14,000	2,970E+1	0,000E+0	1,579E+2	1,579E+2	0,000E+0	1,740E-1	1,706E-1	0,000E+0	6	0010
1392,310	15,900	13,800	2,970E+1	0,000E+0	1,577E+2	1,575E+2	0,000E+0	1,764E-1	1,701E-1	0,000E+0	6	0010
1393,311	15,900	13,800	2,970E+1	0,000E+0	1,577E+2	1,575E+2	0,000E+0	1,764E-1	1,701E-1	0,000E+0	6	0010
1394,312	15,600	14,100	2,970E+1	0,000E+0	1,578E+2	1,578E+2	0,000E+0	1,737E-1	1,721E-1	0,000E+0	6	0010
1395,311	15,700	14,000	2,970E+1	0,000E+0	1,576E+2	1,579E+2	0,000E+0	1,758E-1	1,728E-1	0,000E+0	6	0010
1396,313	15,600	14,000	2,960E+1	0,000E+0	1,576E+2	1,579E+2	0,000E+0	1,743E-1	1,714E-1	0,000E+0	6	0010
1397,312	15,700	14,000	2,970E+1	0,000E+0	1,580E+2	1,577E+2	0,000E+0	1,745E-1	1,711E-1	0,000E+0	6	0010
1398,312	15,700	14,000	2,970E+1	0,000E+0	1,580E+2	1,577E+2	0,000E+0	1,745E-1	1,711E-1	0,000E+0	6	0010
1399,312	15,800	13,900	2,970E+1	0,000E+0	1,581E+2	1,577E+2	0,000E+0	1,748E-1	1,692E-1	0,000E+0	6	0010
1400,312	15,800	13,900	2,970E+1	0,000E+0	1,583E+2	1,576E+2	0,000E+0	1,747E-1	1,678E-1	0,000E+0	6	0010
1401,313	15,700	14,100	2,980E+1	0,000E+0	1,580E+2	1,578E+2	0,000E+0	1,745E-1	1,714E-1	0,000E+0	6	0010
1402,312	15,600	13,900	2,950E+1	0,000E+0	1,579E+2	1,578E+2	0,000E+0	1,730E-1	1,694E-1	0,000E+0	6	0010
1403,313	15,600	14,000	2,960E+1	0,000E+0	1,578E+2	1,577E+2	0,000E+0	1,736E-1	1,710E-1	0,000E+0	6	0010
1404,312	15,900	14,000	2,990E+1	0,000E+0	1,581E+2	1,575E+2	0,000E+0	1,751E-1	1,705E-1	0,000E+0	6	0010
1405,312	15,500	14,200	2,970E+1	0,000E+0	1,576E+2	1,579E+2	0,000E+0	1,729E-1	1,727E-1	0,000E+0	6	0010
1406,313	15,500	14,100	2,960E+1	0,000E+0	1,579E+2	1,579E+2	0,000E+0	1,728E-1	1,715E-1	0,000E+0	6	0010
1407,312	15,700	14,000	2,970E+1	0,000E+0	1,578E+2	1,578E+2	0,000E+0	1,737E-1	1,697E-1	0,000E+0	6	0010
1408,314	15,700	13,900	2,960E+1	0,000E+0	1,580E+2	1,578E+2	0,000E+0	1,739E-1	1,702E-1	0,000E+0	6	0010
1409,313	15,600	14,200	2,980E+1	0,000E+0	1,581E+2	1,578E+2	0,000E+0	1,731E-1	1,718E-1	0,000E+0	6	0010
1410,315	15,300	14,300	2,960E+1	0,000E+0	1,575E+2	1,580E+2	0,000E+0	1,714E-1	1,742E-1	0,000E+0	6	0010
1411,314	15,300	14,300	2,960E+1	0,000E+0	1,575E+2	1,580E+2	0,000E+0	1,714E-1	1,742E-1	0,000E+0	6	0010
1412,315	15,700	14,100	2,980E+1	0,000E+0	1,576E+2	1,579E+2	0,000E+0	1,742E-1	1,716E-1	0,000E+0	6	0010
1413,317	15,600	14,200	2,980E+1	0,000E+0	1,578E+2	1,581E+2	0,000E+0	1,741E-1	1,740E-1	0,000E+0	6	0010
1414,316	15,600	14,200	2,980E+1	0,000E+0	1,578E+2	1,581E+2	0,000E+0	1,741E-1	1,740E-1	0,000E+0	6	0010
1415,317	15,700	13,900	2,960E+1	0,000E+0	1,580E+2	1,580E+2	0,000E+0	1,739E-1	1,699E-1	0,000E+0	6	0010
1416,317	15,800	13,800	2,960E+1	0,000E+0	1,578E+2	1,576E+2	0,000E+0	1,758E-1	1,696E-1	0,000E+0	6	0010
1417,317	15,700	14,000	2,970E+1	0,000E+0	1,580E+2	1,578E+2	0,000E+0	1,746E-1	1,718E-1	0,000E+0	6	0010
1418,317	15,500	14,300	2,980E+1	0,000E+0	1,579E+2	1,579E+2	0,000E+0	1,730E-1	1,734E-1	0,000E+0	6	0010
1419,318	15,400	14,400	2,980E+1	0,000E+0	1,581E+2	1,582E+2	0,000E+0	1,716E-1	1,725E-1	0,000E+0	6	0010
1420,319	15,600	14,000	2,960E+1	0,000E+0	1,578E+2	1,578E+2	0,000E+0	1,733E-1	1,707E-1	0,000E+0	6	0010
1421,318	15,600	14,000	2,960E+1	0,000E+0	1,578E+2	1,578E+2	0,000E+0	1,733E-1	1,707E-1	0,000E+0	6	0010
1422,319	28,000	41,300	6,930E+1	0,000E+0	1,305E+2	1,324E+2	0,000E+0	1,776E+0	1,721E+0	0,000E+0	6	0010
1423,318	0,000	0,000	0,000E+0	0,000E+0	0,000E+0	0,000E+0	0,000E+0	0,000E+0	0,000E+0	0,000E+0	6	0010
1424,318	0,000	0,000	0,000E+0	0,000E+0	0,000E+0	0,000E+0	0,000E+0	0,000E+0	0,000E+0	0,000E+0	6	0010
1425,318	0,000	0,000	0,000E+0	0,000E+0	0,000E+0	0,000E+0	0,000E+0	0,000E+0	0,000E+0	0,000E+0	6	0010
1426,318	0,000	0,000	0,000E+0	0,000E+0	0,000E+0	0,000E+0	0,000E+0	0,000E+0	0,000E+0	0,000E+0	6	0010
1427,319	0,000	0,000	0,000E+0	0,000E+0	0,000E+0	0,000E+0	0,000E+0	0,000E+0	0,000E+0	0,000E+0	6	0010
1428,318	0,000	0,000	0,000E+0	0,000E+0	0,000E+0	0,000E+0	0,000E+0	0,000E+0	0,000E+0	0,000E+0	6	0010
1429,319	0,000	0,000	0,000E+0	0,000E+0	0,000E+0	0,000E+0	0,000E+0	0,000E+0	0,000E+0	0,000E+0	6	0010
1430,318	0,000	0,000	0,000E+0	0,000E+0	0,000E+0	0,000E+0	0,000E+0	0,000E+0	0,000E+0	0,000E+0	6	0010
1431,318	0,000	0,000	0,000E+0	0,000E+0	0,000E+0	0,000E+0	0,000E+0	0,000E+0	0,000E+0	0,000E+0	6	0010
1432,318	0,000	0,000	0,000E+0	0,000E+0	0,000E+0	0,000E+0	0,000E+0	0,000E+0	0,000E+0	0,000E+0	6	0010
1433,318	0,000	0,000	0,000E+0	0,000E+0	0,000E+0	0,000E+0	0,000E+0	0,000E+0	0,000E+0	0,000E+0	6	0010
1434,319	0,000	0,000	0,000E+0	0,000E+0	0,000E+0	0,000E+0	0,000E+0	0,000E+0	0,000E+0	0,000E+0	6	0010
1435,319	0,000	0,000	0,000E+0	0,000E+0	0,000E+0	0,000E+0	0,000E+0	0,000E+0	0,000E+0	0,000E+0	6	0010
1436,320	0,000	0,000	0,000E+0	0,000E+0	0,000E+0	0,000E+0	0,000E+0	0,000E+0	0,000E+0	0,000E+0	6	0010
1437,319	0,000	0,000	0,000E+0	0,000E+0	0,000E+0	0,000E+0	0,000E+0	0,000E+0	0,000E+0	0,000E+0	6	0010
1438,319	0,000	0,000	0,000E+0	0,000E+0	0,000E+0	0,000E+0	0,000E+0	0,000E+0	0,000E+0	0,000E+0	6	0010
1439,319	36,700	0,000	3,670E+1	0,000E+0	6,150E+1	4,658E+1	0,000E+0	2,932E+0	0,000E+0	0,000E+0	6	0010
1440,319	121,400	0,100	1,215E+2	0,000E+0	8,734E+1	5,814E+1	0,000E+0	5,397E+0	0,000E+0	0,000E+0	6	0010
1441,321	0,500	4,800	5,300E+0	0,000E+0	2,638E+1	2,942E+1	0,000E+0	5,152E-1	8,782E-1	0,000E+0	6	0010
1442,320	0,000	0,000	0,000E+0	0,000E+0	1,038E+1	1,056E+1	0,000E+0	0,000E+0	0,000E+0	0,000E+0	6	0010
1443,320	0,000	0,000	0,000E+0	0,000E+0	0,000E+0	0,000E+0	0,000E+0	0,000E+0	0,000E+0	0,000E+0	6	0010
1444,320	0,000	0,000	0,000E+0	0,000E+0	0,000E+0	0,000E+0	0,000E+0	0,000E+0	0,000E+0	0,000E+0	6	0010
1445,320	58,200	58,500	1,167E+2	0,000E+0	3,995E+1	5,502E+1	0,000E+0	5,257E+0	5,247E+0	0,000E+0	6	0010
1446,321	25,200	34,400	5,960E+1	0,000E+0	1,137E+2	1,020E+2	0,000E+0	9,760E-1	2,819E+0	0,000E+0	6	0010
1447,320	32,100	37,500	6,960E+1	0,000E+0	1,661E+2	1,656E+2	0,000E+0	4,837E-1	4,786E-1	0,000E+0	6	0010
1448,321	10,200	9,300	1,950E+1	0,000E+0	1,566E+2	1,564E+2	0,000E+0	1,187E-1	1,175E-1	0,000E+0	6	0010
1449,320	12,200	11,000	2,320E+1	0,000E+0	1,527E+2	1,528E+2	0,000E+0	1,465E-1	1,451E-1	0,000E+0	6	0010
1450,320	16,700	15,100	3,180E+1	0,000E+0	1,582E+2	1,579E+2	0,000E+0	1,838E-1	1,817E-1	0,000E+0	6	0010
1451,320	15,100	13,700	2,880E+1	0,000E+0	1,577E+2	1,576E+2	0,000E+0	1,688E-1	1,669E-1	0,000E+0	6	0010
1452,321	15,400	13,900	2,930E+1	0,000E+0	1,577E+2	1,576E+2	0,000E+0	1,716E-1	1,694E-1	0,000E+0	6	0010
1453,322	15,300	13,800	2,910E+1	0,000E+0	1,579E+2	1,576E+2	0,000E+0	1,699E-1	1,674E-1	0,000E+0	6	0010
1454,321	15,300	13,800	2,910E+1	0,000E+0	1,579E+2	1,576E+2	0,000E+0	1,699E-1	1,674E-1	0,000E+0	6	0010
1455,322	15,400	13,800	2,920E+1	0,000E+0	1,581E+2	1,577E+2	0,000E+0	1,724E-1	1,682E-1	0,000E+0	6	0010
1456,322	15,500	13,800	2,930E+1	0,000E+0	1,580E+2	1,577E+2	0,000E+0	1,725E-1	1,691E-1	0,000E+0	6	0010
1457,322	15,500	13,700	2,920E+1	0,000E+0	1,575E+2	1,576E+2	0,000E+0	1,725E-1	1,703E-1	0,000E+0	6	0010
1458,322	15,400	13,800	2,920E+1	0,000E+0	1,578E+2	1,576E+2	0,000E+0	1,718E-1	1,686E-1	0,000E+0	6	0010
1459,322	15,500	13,700	2,920E+1	0,000E+0	1,574E+2	1,576E+2	0,000E+0	1,731E-1	1,690E-1	0,000E+0	6	0010
1460,323	15,400	13,900	2,930E+1	0,000E+0	1,577E+2	1,576E+2	0,000E+0	1,708E-1	1,684E-1	0,000E+0	6	0010
1461,322	15,100	14,000	2,910E+1	0,000E+0	1,577E+2	1,577E+2	0,000E+0	1,692E-1	1,701E-1	0,000E+0	6	0010
1462,323	15,500	13,700	2,920E+1	0,000E+0	1,576E+2	1,575E+2	0,000E+0	1,724E-1	1,689E-1	0,000E+0	6	0010
1463,322	15,300	14,000	2,930E+1	0,000E+0	1,573E+2	1,578E+2	0,000E+0	1,707E-1	1,705E-1	0,000E+0	6	0010
1464,323	15,300	13,700	2,900E+1	0,000E+0	1,574E+2	1,577E+2	0,000E+0	1,708E-1	1,677E-1	0,000E+0	6	0010
1465,324	15,300	13,700	2,900E+1	0,000E+0	1,574E+2	1,577E+2	0,000E+0	1,708E-1	1,677E-1	0,000E+0	6	0010
1466,325	15,400	13,900	2,930E+1	0,000E+0	1,576E+2	1,576E+2	0,000E+0	1,712E-1	1,692E-1	0,000E+0	6	0010
1467,326	15,400	13,900	2,930E+1	0,000E+0	1,576E+2	1,576E+2	0,000E+0	1,712E-1	1,692E-1	0,000E+0	6	0010
1468,325	15,200	13,900	2,910E+1	0,000E+0	1,580E+2	1,578E+2	0,000E+0	1,693E-1	1,694E-1	0,000E+0	6	0010
1469,326	15,500	13,800	2,930E+1	0,000E+0	1,579E+2	1,578E+2	0,000E+0	1,726E-1	1,688E-1	0,000E+0	6	0010
1470,325	15,100	13,800	2,890E+1	0,000E+0	1,575E+2	1,576E+2	0,000E+0	1,690E-1	1,674E-1	0,000E+0	6	0010
1471,325	15,400	14,000	2,940E+1	0,000E+0	1,577E+2	1,577E+2	0,000E+0	1,723E-1	1,714E-1	0,000E+0	6	0010
1472,326	15,300	13,700	2,900E+1	0,000E+0	1,575E+2	1,578E+2	0,000E+0	1,707E-1	1,689E-1	0,000E+0	6	0010
1473,325	15,200	13,900	2,910E+1	0,000E+0	1,576E+2	1,577E+2	0,000E+0	1,697E-1	1,694E-1	0,000E+0	6	0010
1474,327	15,500	13,700	2,920E+1	0,000E+0	1,575E+2	1,575E+2	0,000E+0	1,734E-1	1,701E-1	0,000E+0	6	0010
1475,326	15,400	13,500	2,890E+1	0,000E+0	1,573E+2	1,576E+2	0,000E+0	1,728E-1	1,682E-1	0,000E+0	6	0010
1476,327	15,300	14,100	2,940E+1	0,000E+0	1,577E+2	1,576E+2	0,000E+0	1,704E-1	1,705E-1	0,000E+0	6	0010
1477,327	15,500	13,600	2,910E+1	0,000E+0	1,581E+2	1,576E+2	0,000E+0	1,710E-1	1,651E-1	0,000E+0	6	0010
1478,327	15,500	13,600	2,910E+1	0,000E+0	1,581E+2	1,576E+2	0,000E+0	1,710E-1	1,651E-1	0,000E+0	6	0010
1479,328	15,200	13,700	2,890E+1	0,000E+0	1,576E+2	1,576E+2	0,000E+0	1,705E-1	1,686E-1	0,000E+0	6	0010
1480,327	21,900	20,600	4,250E+1	0,000E+0	1,618E+2	1,612E+2	0,000E+0	2,379E-1	2,337E-1	0,000E+0	6	0010
1481,328	22,600	21,400	4,400E+1	0,000E+0	1,714E+2	1,713E+2	0,000E+0	2,164E-1	2,133E-1	0,000E+0	6	0010
1482,327	18,400	16,900	3,530E+1	0,000E+0	1,707E+2	1,706E+2	0,000E+0	1,763E-1	1,737E-1	0,000E+0	6	0010
1483,327	19,100	17,500	3,660E+1	0,000E+0	1,709E+2	1,707E+2	0,000E+0	1,823E-1	1,789E-1	0,000E+0	6	0010
1484,327	18,900	17,500	3,640E+1	0,000E+0	1,709E+2	1,708E+2	0,000E+0	1,805E-1	1,785E-1	0,000E+0	6	0010
1485,327	19,100	17,300	3,640E+1	0,000E+0	1,708E+2	1,706E+2	0,000E+0	1,810E-1	1,780E-1	0,000E+0	6	0010
1486,328	17,400	16,000	3,340E+1	0,000E+0	1,700E+2	1,696E+2	0,000E+0	1,692E-1	1,669E-1	0,000E+0	6	0010
1487,327	9,500	8,600	1,810E+1	0,000E+0	1,575E+2	1,574E+2	0,000E+0	1,097E-1	1,087E-1	0,000E+0	6	0010
1488,328	9,800	8,700	1,850E+1	0,000E+0	1,499E+2	1,500E+2	0,000E+0	1,223E-1	1,206E-1	0,000E+0	6	0010
1489,327	9,800	8,700	1,850E+1	0,000E+0	1,499E+2	1,500E+2	0,000E+0	1,223E-1	1,206E-1	0,000E+0	6	0010
1490,327	16,500	14,700	3,120E+1	0,000E+0	1,581E+2	1,582E+2	0,000E+0	1,816E-1	1,785E-1	0,000E+0	6	0010
1491,328	14,900	13,500	2,840E+1	0,000E+0	1,578E+2	1,576E+2	0,000E+0	1,671E-1	1,655E-1	0,000E+0	6	0010
1492,328	15,600	13,900	2,950E+1	0,000E+0	1,581E+2	1,576E+2	0,000E+0	1,729E-1	1,705E-1	0,000E+0	6	0010
1493,330	15,300	13,700	2,900E+1	0,000E+0	1,581E+2	1,576E+2	0,000E+0	1,698E-1	1,667E-1	0,000E+0	6	0010
1494,329	15,200	13,900	2,910E+1	0,000E+0	1,577E+2	1,578E+2	0,000E+0	1,705E-1	1,701E-1	0,000E+0	6	0010
1495,330	15,200	13,900	2,910E+1	0,000E+0	1,577E+2	1,578E+2	0,000E+0	1,705E-1	1,701E-1	0,000E+0	6	0010
1496,329	15,200	14,000	2,920E+1	0,000E+0	1,576E+2	1,580E+2	0,000E+0	1,699E-1	1,699E-1	0,000E+0	6	0010
1497,329	15,300	13,700	2,900E+1	0,000E+0	1,578E+2	1,576E+2	0,000E+0	1,707E-1	1,672E-1	0,000E+0	6	0010
1498,329	15,400	13,800	2,920E+1	0,000E+0	1,577E+2	1,578E+2	0,000E+0	1,721E-1	1,686E-1	0,000E+0	6	0010
1499,330	15,400	13,800	2,920E+1	0,000E+0	1,578E+2	1,576E+2	0,000E+0	1,713E-1	1,687E-1	0,000E+0	6	0010
1500,332	15,400	13,800	2,920E+1	0,000E+0	1,574E+2	1,578E+2	0,000E+0	1,721E-1	1,700E-1	0,000E+0	6	0010
1501,332	15,600	13,600	2,920E+1	0,000E+0	1,574E+2	1,576E+2	0,000E+0	1,733E-1	1,677E-1	0,000E+0	6	0010
1502,333	15,400	13,600	2,900E+1	0,000E+0	1,577E+2	1,579E+2	0,000E+0	1,717E-1	1,669E-1	0,000E+0	6	0010
1503,333	15,500	13,600	2,910E+1	0,000E+0	1,576E+2	1,575E+2	0,000E+0	1,727E-1	1,673E-1	0,000E+0	6	0010
1504,333	15,400	13,800	2,920E+1	0,000E+0	1,576E+2	1,577E+2	0,000E+0	1,717E-1	1,694E-1	0,000E+0	6	0010
1505,334	15,400	13,800	2,920E+1	0,000E+0	1,577E+2	1,577E+2	0,000E+0	1,723E-1	1,688E-1	0,000E+0	6	0010
1506,333	15,400	13,800	2,920E+1	0,000E+0	1,577E+2	1,577E+2	0,000E+0	1,723E-1	1,688E-1	0,000E+0	6	0010
1507,335	15,400	13,800	2,920E+1	0,000E+0	1,575E+2	1,578E+2	0,000E+0	1,715E-1	1,693E-1	0,000E+0	6	0010
1508,334	15,300	13,800	2,910E+1	0,000E+0	1,579E+2	1,578E+2	0,000E+0	1,704E-1	1,681E-1	0,000E+0	6	0010
1509,336	15,700	13,400	2,910E+1	0,000E+0	1,577E+2	1,576E+2	0,000E+0	1,744E-1	1,663E-1	0,000E+0	6	0010
1510,335	15,400	13,900	2,930E+1	0,000E+0	1,579E+2	1,577E+2	0,000E+0	1,714E-1	1,707E-1	0,000E+0	6	0010
1511,335	15,400	13,900	2,930E+1	0,000E+0	1,579E+2	1,577E+2	0,000E+0	1,714E-1	1,707E-1	0,000E+0	6	0010
1512,336	15,300	13,500	2,880E+1	0,000E+0	1,575E+2	1,576E+2	0,000E+0	1,716E-1	1,686E-1	0,000E+0	6	0010
1513,335	15,200	13,700	2,890E+1	0,000E+0	1,575E+2	1,578E+2	0,000E+0	1,703E-1	1,683E-1	0,000E+0	6	0010
1514,336	15,500	13,700	2,920E+1	0,000E+0	1,575E+2	1,578E+2	0,000E+0	1,729E-1	1,699E-1	0,000E+0	6	0010
1515,335	15,500	13,700	2,920E+1	0,000E+0	1,580E+2	1,574E+2	0,000E+0	1,721E-1	1,682E-1	0,000E+0	6	0010
1516,336	15,300	13,700	2,900E+1	0,000E+0	1,578E+2	1,577E+2	0,000E+0	1,708E-1	1,688E-1	0,000E+0	6	0010
1517,335	15,300	13,700	2,900E+1	0,000E+0	1,578E+2	1,577E+2	0,000E+0	1,708E-1	1,688E-1	0,000E+0	6	0010
1518,335	15,500	13,700	2,920E+1	0,000E+0	1,577E+2	1,578E+2	0,000E+0	1,725E-1	1,682E-1	0,000E+0	6	0010
1519,336	15,100	14,000	2,910E+1	0,000E+0	1,580E+2	1,580E+2	0,000E+0	1,691E-1	1,695E-1	0,000E+0	6	0010
1520,335	15,500	13,700	2,920E+1	0,000E+0	1,580E+2	1,584E+2	0,000E+0	1,725E-1	1,686E-1	0,000E+0	6	0010
1521,336	15,300	13,600	2,890E+1	0,000E+0	1,580E+2	1,580E+2	0,000E+0	1,707E-1	1,669E-1	0,000E+0	6	0010
1522,336	15,300	14,000	2,930E+1	0,000E+0	1,579E+2	1,581E+2	0,000E+0	1,715E-1	1,715E-1	0,000E+0	6	0010
1523,336	15,300	13,700	2,900E+1	0,000E+0	1,578E+2	1,578E+2	0,000E+0	1,707E-1	1,686E-1	0,000E+0	6	0010
1524,336	15,400	13,800	2,920E+1	0,000E+0	1,575E+2	1,578E+2	0,000E+0	1,734E-1	1,707E-1	0,000E+0	6	0010
1525,336	15,200	13,900	2,910E+1	0,000E+0	1,578E+2	1,577E+2	0,000E+0	1,700E-1	1,683E-1	0,000E+0	6	0010
1526,337	15,200	13,900	2,910E+1	0,000E+0	1,578E+2	1,577E+2	0,000E+0	1,700E-1	1,683E-1	0,000E+0	6	0010
1527,336	15,100	13,900	2,900E+1	0,000E+0	1,578E+2	1,579E+2	0,000E+0	1,690E-1	1,698E-1	0,000E+0	6	0010
1528,337	15,100	13,900	2,900E+1	0,000E+0	1,578E+2	1,579E+2	0,000E+0	1,690E-1	1,698E-1	0,000E+0	6	0010
1529,336	14,500	13,100	2,760E+1	0,000E+0	1,577E+2	1,574E+2	0,000E+0	1,631E-1	1,612E-1	0,000E+0	6	0010
1530,336	15,400	13,500	2,890E+1	0,000E+0	1,574E+2	1,575E+2	0,000E+0	1,723E-1	1,673E-1	0,000E+0	6	0010
1531,336	17,000	15,300	3,230E+1	0,000E+0	1,578E+2	1,579E+2	0,000E+0	1,872E-1	1,849E-1	0,000E+0	6	0010
1532,337	22,700	20,900	4,360E+1	0,000E+0	1,595E+2	1,593E+2	0,000E+0	2,445E-1	2,404E-1	0,000E+0	6	0010
1533,338	34,100	34,300	6,840E+1	0,000E+0	1,621E+2	1,624E+2	0,000E+0	3,693E-1	3,655E-1	0,000E+0	6	0010
1534,338	46,100	50,600	9,670E+1	0,000E+0	1,654E+2	1,655E+2	0,000E+0	5,168E-1	5,129E-1	0,000E+0	6	0010
1535,339	46,100	50,600	9,670E+1	0,000E+0	1,654E+2	1,655E+2	0,000E+0	5,168E-1	5,129E-1	0,000E+0	6	0010
1536,338	64,800	79,700	1,445E+2	0,000E+0	1,708E+2	1,707E+2	0,000E+0	7,636E-1	7,556E-1	0,000E+0	6	0010
1537,338	72,400	93,800	1,662E+2	0,000E+0	1,735E+2	1,733E+2	0,000E+0	8,703E-1	8,633E-1	0,000E+0	6	0010
1538,339	69,900	88,400	1,583E+2	0,000E+0	1,733E+2	1,727E+2	0,000E+0	8,264E-1	8,163E-1	0,000E+0	6	0010
1539,338	72,000	93,100	1,651E+2	0,000E+0	1,735E+2	1,734E+2	0,000E+0	8,620E-1	8,559E-1	0,000E+0	6	0010
1540,339	72,000	93,100	1,651E+2	0,000E+0	1,735E+2	1,734E+2	0,000E+0	8,620E-1	8,559E-1	0,000E+0	6	0010
1541,338	76,300	101,300	1,776E+2	0,000E+0	1,749E+2	1,747E+2	0,000E+0	9,267E-1	9,184E-1	0,000E+0	6	0010
1542,339	79,200	107,100	1,863E+2	0,000E+0	1,761E+2	1,757E+2	0,000E+0	9,702E-1	9,608E-1	0,000E+0	6	0010
1543,338	79,700	108,400	1,881E+2	0,000E+0	1,763E+2	1,760E+2	0,000E+0	9,807E-1	9,701E-1	0,000E+0	6	0010
1544,338	81,100	110,400	1,915E+2	0,000E+0	1,768E+2	1,763E+2	0,000E+0	9,979E-1	9,842E-1	0,000E+0	6	0010
1545,338	82,400	114,100	1,965E+2	0,000E+0	1,776E+2	1,772E+2	0,000E+0	1,017E+0	1,008E+0	0,000E+0	6	0010
1546,338	83,100	115,700	1,988E+2	0,000E+0	1,776E+2	1,772E+2	0,000E+0	1,031E+0	1,022E+0	0,000E+0	6	0010
1547,340	83,200	118,300	2,015E+2	0,000E+0	1,773E+2	1,776E+2	0,000E+0	1,041E+0	1,043E+0	0,000E+0	6	0010
1548,340	83,800	120,300	2,041E+2	0,000E+0	1,774E+2	1,780E+2	0,000E+0	1,054E+0	1,056E+0	0,000E+0	6	0010
1549,342	85,400	119,100	2,045E+2	0,000E+0	1,785E+2	1,775E+2	0,000E+0	1,066E+0	1,047E+0	0,000E+0	6	0010
1550,341	85,300	119,500	2,048E+2	0,000E+0	1,781E+2	1,776E+2	0,000E+0	1,066E+0	1,051E+0	0,000E+0	6	0010
1551,342	86,400	119,300	2,057E+2	0,000E+0	1,786E+2	1,776E+2	0,000E+0	1,074E+0	1,049E+0	0,000E+0	6	0010
1552,343	86,400	119,300	2,057E+2	0,000E+0	1,786E+2	1,776E+2	0,000E+0	1,074E+0	1,049E+0	0,000E+0	6	0010
1553,343	85,600	121,700	2,073E+2	0,000E+0	1,782E+2	1,781E+2	0,000E+0	1,077E+0	1,067E+0	0,000E+0	6	0010
1554,345	86,000	121,700	2,077E+2	0,000E+0	1,782E+2	1,779E+2	0,000E+0	1,083E+0	1,068E+0	0,000E+0	6	0010
1555,344	85,500	122,300	2,078E+2	0,000E+0	1,784E+2	1,782E+2	0,000E+0	1,074E+0	1,069E+0	0,000E+0	6	0010
1556,345	86,700	121,600	2,083E+2	0,000E+0	1,788E+2	1,780E+2	0,000E+0	1,084E+0	1,065E+0	0,000E+0	6	0010
1557,345	86,000	122,400	2,084E+2	0,000E+0	1,783E+2	1,780E+2	0,000E+0	1,086E+0	1,075E+0	0,000E+0	6	0010
1558,345	86,100	122,600	2,087E+2	0,000E+0	1,785E+2	1,783E+2	0,000E+0	1,081E+0	1,072E+0	0,000E+0	6	0010
1559,345	85,800	123,200	2,090E+2	0,000E+0	1,784E+2	1,784E+2	0,000E+0	1,086E+0	1,078E+0	0,000E+0	6	0010
1560,346	86,400	123,100	2,095E+2	0,000E+0	1,786E+2	1,782E+2	0,000E+0	1,084E+0	1,074E+0	0,000E+0	6	0010
1561,347	85,900	123,300	2,092E+2	0,000E+0	1,782E+2	1,781E+2	0,000E+0	1,091E+0	1,083E+0	0,000E+0	6	0010
1562,346	86,100	123,600	2,097E+2	0,000E+0	1,786E+2	1,783E+2	0,000E+0	1,086E+0	1,081E+0	0,000E+0	6	0010
1563,347	86,100	123,600	2,097E+2	0,000E+0	1,786E+2	1,783E+2	0,000E+0	1,086E+0	1,081E+0	0,000E+0	6	0010
1564,346	86,400	122,700	2,091E+2	0,000E+0	1,787E+2	1,781E+2	0,000E+0	1,085E+0	1,073E+0	0,000E+0	6	0010
1565,346	85,800	123,700	2,095E+2	0,000E+0	1,785E+2	1,785E+2	0,000E+0	1,081E+0	1,081E+0	0,000E+0	6	0010
1566,347	86,400	123,300	2,097E+2	0,000E+0	1,787E+2	1,784E+2	0,000E+0	1,089E+0	1,079E+0	0,000E+0	6	0010
1567,346	85,200	124,700	2,099E+2	0,000E+0	1,779E+2	1,786E+2	0,000E+0	1,083E+0	1,089E+0	0,000E+0	6	0010
1568,347	87,800	122,100	2,099E+2	0,000E+0	1,792E+2	1,779E+2	0,000E+0	1,093E+0	1,067E+0	0,000E+0	6	0010
1569,346	86,100	123,600	2,097E+2	0,000E+0	1,783E+2	1,783E+2	0,000E+0	1,086E+0	1,080E+0	0,000E+0	6	0010
1570,347	85,800	124,200	2,100E+2	0,000E+0	1,781E+2	1,785E+2	0,000E+0	1,084E+0	1,084E+0	0,000E+0	6	0010
1571,346	86,500	123,100	2,096E+2	0,000E+0	1,788E+2	1,782E+2	0,000E+0	1,087E+0	1,074E+0	0,000E+0	6	0010
1572,347	86,200	124,000	2,102E+2	0,000E+0	1,786E+2	1,785E+2	0,000E+0	1,086E+0	1,080E+0	0,000E+0	6	0010
1573,348	87,100	122,600	2,097E+2	0,000E+0	1,791E+2	1,782E+2	0,000E+0	1,089E+0	1,072E+0	0,000E+0	6	0010
1574,348	87,100	122,600	2,097E+2	0,000E+0	1,791E+2	1,782E+2	0,000E+0	1,089E+0	1,072E+0	0,000E+0	6	0010
1575,349	86,300	123,400	2,097E+2	0,000E+0	1,786E+2	1,788E+2	0,000E+0	1,085E+0	1,079E+0	0,000E+0	6	0010
1576,348	86,500	123,200	2,097E+2	0,000E+0	1,785E+2	1,784E+2	0,000E+0	1,091E+0	1,079E+0	0,000E+0	6	0010
1577,349	87,300	122,600	2,099E+2	0,000E+0	1,791E+2	1,784E+2	0,000E+0	1,093E+0	1,071E+0	0,000E+0	6	0010
1578,348	86,900	122,900	2,098E+2	0,000E+0	1,790E+2	1,782E+2	0,000E+0	1,092E+0	1,073E+0	0,000E+0	6	0010
1579,348	86,500	123,600	2,101E+2	0,000E+0	1,787E+2	1,784E+2	0,000E+0	1,090E+0	1,081E+0	0,000E+0	6	0010
1580,348	86,500	123,600	2,101E+2	0,000E+0	1,787E+2	1,784E+2	0,000E+0	1,090E+0	1,081E+0	0,000E+0	6	0010
1581,349	85,900	123,900	2,098E+2	0,000E+0	1,785E+2	1,784E+2	0,000E+0	1,091E+0	1,083E+0	0,000E+0	6	0010
1583,349	85,900	123,900	2,098E+2	0,000E+0	1,785E+2	1,784E+2	0,000E+0	1,091E+0	1,083E+0	0,000E+0	6	0010
1583,349	85,400	124,800	2,102E+2	0,000E+0	1,783E+2	1,788E+2	0,000E+0	1,077E+0	1,086E+0	0,000E+0	6	0010
1584,348	85,900	124,100	2,100E+2	0,000E+0	1,782E+2	1,782E+2	0,000E+0	1,092E+0	1,089E+0	0,000E+0	6	0010
1585,349	86,300	123,500	2,098E+2	0,000E+0	1,787E+2	1,782E+2	0,000E+0	1,085E+0	1,078E+0	0,000E+0	6	0010
1586,350	86,300	123,500	2,098E+2	0,000E+0	1,787E+2	1,782E+2	0,000E+0	1,085E+0	1,078E+0	0,000E+0	6	0010
1587,350	86,600	123,500	2,101E+2	0,000E+0	1,788E+2	1,785E+2	0,000E+0	1,087E+0	1,076E+0	0,000E+0	6	0010
1588,351	86,600	123,500	2,101E+2	0,000E+0	1,788E+2	1,785E+2	0,000E+0	1,087E+0	1,076E+0	0,000E+0	6	0010
1589,350	86,300	123,500	2,098E+2	0,000E+0	1,786E+2	1,784E+2	0,000E+0	1,087E+0	1,077E+0	0,000E+0	6	0010
1590,352	85,800	124,500	2,103E+2	0,000E+0	1,784E+2	1,784E+2	0,000E+0	1,081E+0	1,084E+0	0,000E+0	6	0010
1591,351	87,400	122,400	2,098E+2	0,000E+0	1,789E+2	1,780E+2	0,000E+0	1,097E+0	1,070E+0	0,000E+0	6	0010
1592,351	87,400	122,400	2,098E+2	0,000E+0	1,789E+2	1,780E+2	0,000E+0	1,097E+0	1,070E+0	0,000E+0	6	0010
1593,351	86,900	123,100	2,100E+2	0,000E+0	1,788E+2	1,781E+2	0,000E+0	1,092E+0	1,076E+0	0,000E+0	6	0010
1594,351	86,700	123,100	2,098E+2	0,000E+0	1,787E+2	1,781E+2	0,000E+0	1,090E+0	1,077E+0	0,000E+0	6	0010
1595,352	86,700	123,700	2,104E+2	0,000E+0	1,788E+2	1,784E+2	0,000E+0	1,092E+0	1,080E+0	0,000E+0	6	0010
1596,351	86,900	122,900	2,098E+2	0,000E+0	1,789E+2	1,782E+2	0,000E+0	1,091E+0	1,075E+0	0,000E+0	6	0010
1597,352	87,600	122,200	2,098E+2	0,000E+0	1,793E+2	1,781E+2	0,000E+0	1,091E+0	1,068E+0	0,000E+0	6	0010
1598,351	87,600	122,200	2,098E+2	0,000E+0	1,793E+2	1,781E+2	0,000E+0	1,091E+0	1,068E+0	0,000E+0	6	0010
1599,352	87,400	122,600	2,100E+2	0,000E+0	1,788E+2	1,779E+2	0,000E+0	1,099E+0	1,075E+0	0,000E+0	6	0010
1600,354	86,900	123,100	2,100E+2	0,000E+0	1,787E+2	1,782E+2	0,000E+0	1,090E+0	1,075E+0	0,000E+0	6	0010
1601,355	87,100	122,700	2,098E+2	0,000E+0	1,789E+2	1,782E+2	0,000E+0	1,088E+0	1,072E+0	0,000E+0	6	0010
1602,357	87,500	122,500	2,100E+2	0,000E+0	1,791E+2	1,779E+2	0,000E+0	1,093E+0	1,070E+0	0,000E+0	6	0010
1603,356	86,700	123,200	2,099E+2	0,000E+0	1,787E+2	1,782E+2	0,000E+0	1,092E+0	1,079E+0	0,000E+0	6	0010
1604,357	86,100	123,800	2,099E+2	0,000E+0	1,781E+2	1,784E+2	0,000E+0	1,091E+0	1,085E+0	0,000E+0	6	0010
1605,356	86,100	124,000	2,101E+2	0,000E+0	1,782E+2	1,781E+2	0,000E+0	1,091E+0	1,086E+0	0,000E+0	6	0010
1606,356	86,900	123,100	2,100E+2	0,000E+0	1,790E+2	1,781E+2	0,000E+0	1,094E+0	1,077E+0	0,000E+0	6	0010
1607,357	86,300	123,800	2,101E+2	0,000E+0	1,786E+2	1,783E+2	0,000E+0	1,094E+0	1,083E+0	0,000E+0	6	0010
1608,356	87,100	122,600	2,097E+2	0,000E+0	1,790E+2	1,781E+2	0,000E+0	1,091E+0	1,071E+0	0,000E+0	6	0010
1609,357	87,100	122,600	2,097E+2	0,000E+0	1,790E+2	1,781E+2	0,000E+0	1,091E+0	1,071E+0	0,000E+0	6	0010
1610,356	86,800	123,100	2,099E+2	0,000E+0	1,787E+2	1,782E+2	0,000E+0	1,086E+0	1,074E+0	0,000E+0	6	0010
1611,357	86,400	123,600	2,100E+2	0,000E+0	1,782E+2	1,782E+2	0,000E+0	1,092E+0	1,082E+0	0,000E+0	6	0010
1612,357	85,800	124,100	2,099E+2	0,000E+0	1,783E+2	1,784E+2	0,000E+0	1,084E+0	1,083E+0	0,000E+0	6	0010
1613,357	86,600	123,400	2,100E+2	0,000E+0	1,786E+2	1,783E+2	0,000E+0	1,085E+0	1,076E+0	0,000E+0	6	0010
1614,358	86,500	123,600	2,101E+2	0,000E+0	1,785E+2	1,782E+2	0,000E+0	1,089E+0	1,080E+0	0,000E+0	6	0010
1615,357	86,600	123,500	2,101E+2	0,000E+0	1,784E+2	1,780E+2	0,000E+0	1,095E+0	1,083E+0	0,000E+0	6	0010
1616,358	85,700	123,900	2,096E+2	0,000E+0	1,782E+2	1,781E+2	0,000E+0	1,090E+0	1,084E+0	0,000E+0	6	0010
1617,357	87,000	122,800	2,098E+2	0,000E+0	1,785E+2	1,781E+2	0,000E+0	1,094E+0	1,076E+0	0,000E+0	6	0010
1618,357	86,400	123,500	2,099E+2	0,000E+0	1,783E+2	1,781E+2	0,000E+0	1,092E+0	1,081E+0	0,000E+0	6	0010
1619,357	86,200	124,000	2,102E+2	0,000E+0	1,781E+2	1,781E+2	0,000E+0	1,095E+0	1,087E+0	0,000E+0	6	0010
1620,357	86,200	124,000	2,102E+2	0,000E+0	1,781E+2	1,781E+2	0,000E+0	1,095E+0	1,087E+0	0,000E+0	6	0010
1621,358	87,000	122,600	2,096E+2	0,000E+0	1,786E+2	1,777E+2	0,000E+0	1,096E+0	1,077E+0	0,000E+0	6	0010
1622,358	86,700	122,900	2,096E+2	0,000E+0	1,785E+2	1,779E+2	0,000E+0	1,094E+0	1,076E+0	0,000E+0	6	0010
1623,359	86,300	123,700	2,100E+2	0,000E+0	1,785E+2	1,785E+2	0,000E+0	1,085E+0	1,078E+0	0,000E+0	6	0010
1624,358	87,700	122,400	2,101E+2	0,000E+0	1,791E+2	1,780E+2	0,000E+0	1,094E+0	1,069E+0	0,000E+0	6	0010
1625,358	87,700	122,400	2,101E+2	0,000E+0	1,791E+2	1,780E+2	0,000E+0	1,094E+0	1,069E+0	0,000E+0	6	0010
1626,359	86,500	123,900	2,104E+2	0,000E+0	1,785E+2	1,781E+2	0,000E+0	1,087E+0	1,081E+0	0,000E+0	6	0010
1627,359	85,600	123,900	2,095E+2	0,000E+0	1,782E+2	1,783E+2	0,000E+0	1,085E+0	1,084E+0	0,000E+0	6	0010
1628,360	86,000	123,400	2,094E+2	0,000E+0	1,781E+2	1,781E+2	0,000E+0	1,089E+0	1,083E+0	0,000E+0	6	0010
1629,359	86,000	124,100	2,101E+2	0,000E+0	1,783E+2	1,784E+2	0,000E+0	1,086E+0	1,083E+0	0,000E+0	6	0010
1630,361	86,900	123,400	2,103E+2	0,000E+0	1,786E+2	1,783E+2	0,000E+0	1,090E+0	1,076E+0	0,000E+0	6	0010
1631,360	85,500	124,300	2,098E+2	0,000E+0	1,779E+2	1,784E+2	0,000E+0	1,085E+0	1,087E+0	0,000E+0	6	0010
1632,360	86,100	123,700	2,098E+2	0,000E+0	1,784E+2	1,783E+2	0,000E+0	1,087E+0	1,081E+0	0,000E+0	6	0010
1633,360	87,000	123,000	2,100E+2	0,000E+0	1,786E+2	1,781E+2	0,000E+0	1,095E+0	1,078E+0	0,000E+0	6	0010
1634,361	86,800	122,700	2,095E+2	0,000E+0	1,786E+2	1,779E+2	0,000E+0	1,091E+0	1,074E+0	0,000E+0	6	0010
1635,362	87,400	122,700	2,101E+2	0,000E+0	1,788E+2	1,781E+2	0,000E+0	1,089E+0	1,072E+0	0,000E+0	6	0010
1636,361	87,400	122,700	2,101E+2	0,000E+0	1,788E+2	1,781E+2	0,000E+0	1,089E+0	1,072E+0	0,000E+0	6	0010
1637,362	86,400	123,500	2,099E+2	0,000E+0	1,785E+2	1,781E+2	0,000E+0	1,096E+0	1,082E+0	0,000E+0	6	0010
1638,361	86,400	123,600	2,100E+2	0,000E+0	1,784E+2	1,780E+2	0,000E+0	1,095E+0	1,082E+0	0,000E+0	6	0010
1639,361	87,600	122,800	2,104E+2	0,000E+0	1,789E+2	1,780E+2	0,000E+0	1,092E+0	1,073E+0	0,000E+0	6	0010
1640,363	86,400	123,300	2,097E+2	0,000E+0	1,783E+2	1,784E+2	0,000E+0	1,085E+0	1,075E+0	0,000E+0	6	0010
1641,362	85,600	123,700	2,093E+2	0,000E+0	1,781E+2	1,783E+2	0,000E+0	1,083E+0	1,081E+0	0,000E+0	6	0010
1642,363	86,800	123,600	2,104E+2	0,000E+0	1,785E+2	1,781E+2	0,000E+0	1,095E+0	1,080E+0	0,000E+0	6	0010
1643,363	85,700	123,900	2,096E+2	0,000E+0	1,786E+2	1,784E+2	0,000E+0	1,086E+0	1,082E+0	0,000E+0	6	0010
1644,363	87,800	122,000	2,098E+2	0,000E+0	1,790E+2	1,778E+2	0,000E+0	1,094E+0	1,067E+0	0,000E+0	6	0010
1645,364	86,900	122,900	2,098E+2	0,000E+0	1,785E+2	1,781E+2	0,000E+0	1,093E+0	1,074E+0	0,000E+0	6	0010
1646,363	86,600	123,500	2,101E+2	0,000E+0	1,784E+2	1,782E+2	0,000E+0	1,090E+0	1,078E+0	0,000E+0	6	0010
1647,365	86,600	123,500	2,101E+2	0,000E+0	1,784E+2	1,782E+2	0,000E+0	1,090E+0	1,078E+0	0,000E+0	6	0010
1648,364	87,800	122,100	2,099E+2	0,000E+0	1,791E+2	1,780E+2	0,000E+0	1,093E+0	1,066E+0	0,000E+0	6	0010
1649,365	86,700	123,500	2,102E+2	0,000E+0	1,785E+2	1,777E+2	0,000E+0	1,098E+0	1,082E+0	0,000E+0	6	0010
1650,365	85,800	124,500	2,103E+2	0,000E+0	1,781E+2	1,783E+2	0,000E+0	1,088E+0	1,089E+0	0,000E+0	6	0010
1651,365	87,600	122,000	2,096E+2	0,000E+0	1,790E+2	1,778E+2	0,000E+0	1,090E+0	1,067E+0	0,000E+0	6	0010
1652,366	87,100	122,600	2,097E+2	0,000E+0	1,788E+2	1,781E+2	0,000E+0	1,094E+0	1,072E+0	0,000E+0	6	0010
1653,366	87,200	122,900	2,101E+2	0,000E+0	1,787E+2	1,780E+2	0,000E+0	1,095E+0	1,075E+0	0,000E+0	6	0010
1654,368	85,800	124,000	2,098E+2	0,000E+0	1,782E+2	1,785E+2	0,000E+0	1,080E+0	1,081E+0	0,000E+0	6	0010
1655,367	87,000	123,000	2,100E+2	0,000E+0	1,788E+2	1,780E+2	0,000E+0	1,088E+0	1,073E+0	0,000E+0	6	0010
1656,367	86,900	123,100	2,100E+2	0,000E+0	1,784E+2	1,781E+2	0,000E+0	1,087E+0	1,074E+0	0,000E+0	6	0010
1657,367	86,000	124,000	2,100E+2	0,000E+0	1,780E+2	1,782E+2	0,000E+0	1,085E+0	1,085E+0	0,000E+0	6	0010
1658,367	85,900	124,100	2,100E+2	0,000E+0	1,779E+2	1,779E+2	0,000E+0	1,096E+0	1,089E+0	0,000E+0	6	0010
1659,368	86,100	124,000	2,101E+2	0,000E+0	1,782E+2	1,780E+2	0,000E+0	1,090E+0	1,085E+0	0,000E+0	6	0010
1660,368	86,100	124,000	2,101E+2	0,000E+0	1,782E+2	1,780E+2	0,000E+0	1,090E+0	1,085E+0	0,000E+0	6	0010
1661,369	87,000	122,900	2,099E+2	0,000E+0	1,787E+2	1,780E+2	0,000E+0	1,089E+0	1,073E+0	0,000E+0	6	0010
1662,368	86,900	123,300	2,102E+2	0,000E+0	1,784E+2	1,778E+2	0,000E+0	1,094E+0	1,080E+0	0,000E+0	6	0010
1663,368	86,900	123,300	2,102E+2	0,000E+0	1,784E+2	1,778E+2	0,000E+0	1,094E+0	1,080E+0	0,000E+0	6	0010
1664,368	86,500	123,000	2,095E+2	0,000E+0	1,787E+2	1,781E+2	0,000E+0	1,088E+0	1,073E+0	0,000E+0	6	0010
1665,368	86,400	123,300	2,097E+2	0,000E+0	1,784E+2	1,782E+2	0,000E+0	1,086E+0	1,076E+0	0,000E+0	6	0010
1666,369	86,800	123,500	2,103E+2	0,000E+0	1,786E+2	1,781E+2	0,000E+0	1,096E+0	1,080E+0	0,000E+0	6	0010
1667,368	87,100	122,700	2,098E+2	0,000E+0	1,787E+2	1,781E+2	0,000E+0	1,089E+0	1,072E+0	0,000E+0	6	0010
1668,369	87,900	122,300	2,102E+2	0,000E+0	1,789E+2	1,778E+2	0,000E+0	1,096E+0	1,070E+0	0,000E+0	6	0010
1669,368	85,700	124,100	2,098E+2	0,000E+0	1,783E+2	1,783E+2	0,000E+0	1,085E+0	1,082E+0	0,000E+0	6	0010
1670,368	85,700	124,100	2,098E+2	0,000E+0	1,783E+2	1,783E+2	0,000E+0	1,085E+0	1,082E+0	0,000E+0	6	0010
1671,370	86,300	123,700	2,100E+2	0,000E+0	1,781E+2	1,781E+2	0,000E+0	1,090E+0	1,082E+0	0,000E+0	6	0010
1672,369	86,300	123,700	2,100E+2	0,000E+0	1,781E+2	1,781E+2	0,000E+0	1,090E+0	1,082E+0	0,000E+0	6	0010
1673,370	87,900	122,000	2,099E+2	0,000E+0	1,791E+2	1,776E+2	0,000E+0	1,093E+0	1,066E+0	0,000E+0	6	0010
1674,369	87,900	122,000	2,099E+2	0,000E+0	1,791E+2	1,776E+2	0,000E+0	1,093E+0	1,066E+0	0,000E+0	6	0010
1675,371	87,200	122,500	2,097E+2	0,000E+0	1,788E+2	1,779E+2	0,000E+0	1,094E+0	1,071E+0	0,000E+0	6	0010
1676,370	87,600	122,100	2,097E+2	0,000E+0	1,791E+2	1,779E+2	0,000E+0	1,093E+0	1,067E+0	0,000E+0	6	0010
1677,370	86,700	123,400	2,101E+2	0,000E+0	1,784E+2	1,782E+2	0,000E+0	1,090E+0	1,078E+0	0,000E+0	6	0010
1678,371	86,300	123,900	2,102E+2	0,000E+0	1,784E+2	1,782E+2	0,000E+0	1,089E+0	1,081E+0	0,000E+0	6	0010
1679,370	86,100	123,900	2,100E+2	0,000E+0	1,785E+2	1,784E+2	0,000E+0	1,089E+0	1,082E+0	0,000E+0	6	0010
1680,371	87,300	122,500	2,098E+2	0,000E+0	1,787E+2	1,780E+2	0,000E+0	1,095E+0	1,074E+0	0,000E+0	6	0010
1681,371	87,700	122,500	2,102E+2	0,000E+0	1,789E+2	1,779E+2	0,000E+0	1,097E+0	1,072E+0	0,000E+0	6	0010
1682,372	86,300	123,400	2,097E+2	0,000E+0	1,783E+2	1,780E+2	0,000E+0	1,092E+0	1,080E+0	0,000E+0	6	0010
1683,371	87,100	122,700	2,098E+2	0,000E+0	1,788E+2	1,780E+2	0,000E+0	1,092E+0	1,072E+0	0,000E+0	6	0010
1684,372	86,100	124,000	2,101E+2	0,000E+0	1,783E+2	1,784E+2	0,000E+0	1,089E+0	1,083E+0	0,000E+0	6	0010
1685,373	86,100	124,000	2,101E+2	0,000E+0	1,783E+2	1,784E+2	0,000E+0	1,089E+0	1,083E+0	0,000E+0	6	0010
1686,373	86,900	123,100	2,100E+2	0,000E+0	1,787E+2	1,782E+2	0,000E+0	1,087E+0	1,075E+0	0,000E+0	6	0010
1687,374	86,700	123,000	2,097E+2	0,000E+0	1,784E+2	1,779E+2	0,000E+0	1,094E+0	1,077E+0	0,000E+0	6	0010
1688,373	85,500	124,400	2,099E+2	0,000E+0	1,778E+2	1,781E+2	0,000E+0	1,092E+0	1,090E+0	0,000E+0	6	0010
1689,374	86,200	124,000	2,102E+2	0,000E+0	1,783E+2	1,781E+2	0,000E+0	1,095E+0	1,084E+0	0,000E+0	6	0010
1690,374	86,200	123,700	2,099E+2	0,000E+0	1,782E+2	1,783E+2	0,000E+0	1,090E+0	1,083E+0	0,000E+0	6	0010
1691,374	86,300	123,200	2,095E+2	0,000E+0	1,787E+2	1,783E+2	0,000E+0	1,087E+0	1,077E+0	0,000E+0	6	0010
1692,375	86,300	123,200	2,095E+2	0,000E+0	1,787E+2	1,783E+2	0,000E+0	1,087E+0	1,077E+0	0,000E+0	6	0010
1693,374	86,200	123,900	2,101E+2	0,000E+0	1,783E+2	1,784E+2	0,000E+0	1,090E+0	1,083E+0	0,000E+0	6	0010
1694,375	87,400	123,000	2,104E+2	0,000E+0	1,787E+2	1,780E+2	0,000E+0	1,095E+0	1,074E+0	0,000E+0	6	0010
1695,374	85,800	124,000	2,098E+2	0,000E+0	1,781E+2	1,781E+2	0,000E+0	1,090E+0	1,084E+0	0,000E+0	6	0010
1696,374	86,500	123,600	2,101E+2	0,000E+0	1,787E+2	1,784E+2	0,000E+0	1,088E+0	1,078E+0	0,000E+0	6	0010
1697,374	85,500	124,600	2,101E+2	0,000E+0	1,782E+2	1,783E+2	0,000E+0	1,085E+0	1,088E+0	0,000E+0	6	0010
1698,374	86,900	123,100	2,100E+2	0,000E+0	1,785E+2	1,781E+2	0,000E+0	1,090E+0	1,078E+0	0,000E+0	6	0010
1699,375	86,500	123,100	2,096E+2	0,000E+0	1,786E+2	1,780E+2	0,000E+0	1,090E+0	1,077E+0	0,000E+0	6	0010
1700,375	86,700	123,500	2,102E+2	0,000E+0	1,784E+2	1,781E+2	0,000E+0	1,090E+0	1,079E+0	0,000E+0	6	0010
1701,376	87,200	122,900	2,101E+2	0,000E+0	1,790E+2	1,780E+2	0,000E+0	1,091E+0	1,073E+0	0,000E+0	6	0010
1702,375	86,300	123,500	2,098E+2	0,000E+0	1,786E+2	1,783E+2	0,000E+0	1,085E+0	1,077E+0	0,000E+0	6	0010
1703,375	86,300	123,500	2,098E+2	0,000E+0	1,786E+2	1,783E+2	0,000E+0	1,085E+0	1,077E+0	0,000E+0	6	0010
1704,376	86,200	123,900	2,101E+2	0,000E+0	1,782E+2	1,781E+2	0,000E+0	1,089E+0	1,084E+0	0,000E+0	6	0010
1705,375	88,400	121,600	2,100E+2	0,000E+0	1,792E+2	1,776E+2	0,000E+0	1,098E+0	1,063E+0	0,000E+0	6	0010
1706,376	85,900	123,800	2,097E+2	0,000E+0	1,779E+2	1,780E+2	0,000E+0	1,092E+0	1,085E+0	0,000E+0	6	0010
1707,376	86,500	123,600	2,101E+2	0,000E+0	1,784E+2	1,781E+2	0,000E+0	1,091E+0	1,079E+0	0,000E+0	6	0010
1708,377	86,200	123,700	2,099E+2	0,000E+0	1,783E+2	1,782E+2	0,000E+0	1,091E+0	1,081E+0	0,000E+0	6	0010
1709,377	86,800	123,400	2,102E+2	0,000E+0	1,782E+2	1,781E+2	0,000E+0	1,092E+0	1,079E+0	0,000E+0	6	0010
1710,378	86,200	123,500	2,097E+2	0,000E+0	1,782E+2	1,779E+2	0,000E+0	1,096E+0	1,083E+0	0,000E+0	6	0010
1711,380	86,200	123,500	2,097E+2	0,000E+0	1,782E+2	1,779E+2	0,000E+0	1,096E+0	1,083E+0	0,000E+0	6	0010
1712,380	86,100	123,800	2,099E+2	0,000E+0	1,783E+2	1,780E+2	0,000E+0	1,089E+0	1,084E+0	0,000E+0	6	0010
1713,381	86,100	123,800	2,099E+2	0,000E+0	1,783E+2	1,780E+2	0,000E+0	1,089E+0	1,084E+0	0,000E+0	6	0010
1714,380	86,900	123,300	2,102E+2	0,000E+0	1,785E+2	1,781E+2	0,000E+0	1,090E+0	1,077E+0	0,000E+0	6	0010
1715,380	86,900	123,300	2,102E+2	0,000E+0	1,785E+2	1,781E+2	0,000E+0	1,090E+0	1,077E+0	0,000E+0	6	0010
1716,380	86,000	123,600	2,096E+2	0,000E+0	1,781E+2	1,781E+2	0,000E+0	1,087E+0	1,084E+0	0,000E+0	6	0010
1717,381	86,400	123,500	2,099E+2	0,000E+0	1,782E+2	1,778E+2	0,000E+0	1,092E+0	1,084E+0	0,000E+0	6	0010
1718,382	86,100	124,300	2,104E+2	0,000E+0	1,784E+2	1,783E+2	0,000E+0	1,087E+0	1,085E+0	0,000E+0	6	0010
1719,382	86,400	123,100	2,095E+2	0,000E+0	1,784E+2	1,783E+2	0,000E+0	1,086E+0	1,075E+0	0,000E+0	6	0010
1720,384	87,700	122,700	2,104E+2	0,000E+0	1,788E+2	1,778E+2	0,000E+0	1,096E+0	1,073E+0	0,000E+0	6	0010
1721,384	87,700	122,700	2,104E+2	0,000E+0	1,788E+2	1,778E+2	0,000E+0	1,096E+0	1,073E+0	0,000E+0	6	0010
1722,384	87,100	123,100	2,102E+2	0,000E+0	1,788E+2	1,780E+2	0,000E+0	1,091E+0	1,077E+0	0,000E+0	6	0010
1723,385	86,500	123,200	2,097E+2	0,000E+0	1,784E+2	1,781E+2	0,000E+0	1,087E+0	1,077E+0	0,000E+0	6	0010
1724,385	86,300	123,600	2,099E+2	0,000E+0	1,783E+2	1,782E+2	0,000E+0	1,090E+0	1,080E+0	0,000E+0	6	0010
1725,386	85,600	124,200	2,098E+2	0,000E+0	1,780E+2	1,783E+2	0,000E+0	1,091E+0	1,088E+0	0,000E+0	6	0010
1726,386	87,300	122,900	2,102E+2	0,000E+0	1,788E+2	1,779E+2	0,000E+0	1,096E+0	1,073E+0	0,000E+0	6	0010
1727,388	86,400	123,200	2,096E+2	0,000E+0	1,784E+2	1,780E+2	0,000E+0	1,089E+0	1,077E+0	0,000E+0	6	0010
1728,388	86,900	123,200	2,101E+2	0,000E+0	1,785E+2	1,781E+2	0,000E+0	1,091E+0	1,078E+0	0,000E+0	6	0010
1729,388	86,200	123,400	2,096E+2	0,000E+0	1,783E+2	1,781E+2	0,000E+0	1,090E+0	1,081E+0	0,000E+0	6	0010
1730,388	86,100	123,900	2,100E+2	0,000E+0	1,784E+2	1,785E+2	0,000E+0	1,081E+0	1,080E+0	0,000E+0	6	0010
1731,388	87,200	122,700	2,099E+2	0,000E+0	1,786E+2	1,780E+2	0,000E+0	1,094E+0	1,072E+0	0,000E+0	6	0010
1732,389	87,200	122,700	2,099E+2	0,000E+0	1,786E+2	1,780E+2	0,000E+0	1,094E+0	1,072E+0	0,000E+0	6	0010
1733,388	86,900	123,100	2,100E+2	0,000E+0	1,785E+2	1,779E+2	0,000E+0	1,095E+0	1,078E+0	0,000E+0	6	0010
1734,389	87,600	122,400	2,100E+2	0,000E+0	1,788E+2	1,777E+2	0,000E+0	1,095E+0	1,072E+0	0,000E+0	6	0010
1735,388	87,200	122,600	2,098E+2	0,000E+0	1,787E+2	1,780E+2	0,000E+0	1,091E+0	1,073E+0	0,000E+0	6	0010
1736,388	86,600	123,500	2,101E+2	0,000E+0	1,784E+2	1,781E+2	0,000E+0	1,089E+0	1,078E+0	0,000E+0	6	0010
1737,389	86,100	123,900	2,100E+2	0,000E+0	1,783E+2	1,784E+2	0,000E+0	1,088E+0	1,081E+0	0,000E+0	6	0010
1738,388	86,100	123,900	2,100E+2	0,000E+0	1,783E+2	1,784E+2	0,000E+0	1,088E+0	1,081E+0	0,000E+0	6	0010
1739,389	85,900	123,800	2,097E+2	0,000E+0	1,782E+2	1,779E+2	0,000E+0	1,090E+0	1,085E+0	0,000E+0	6	0010
1740,388	87,100	122,500	2,096E+2	0,000E+0	1,787E+2	1,778E+2	0,000E+0	1,095E+0	1,073E+0	0,000E+0	6	0010
1741,389	85,600	124,600	2,102E+2	0,000E+0	1,780E+2	1,782E+2	0,000E+0	1,089E+0	1,088E+0	0,000E+0	6	0010
1742,388	86,400	123,800	2,102E+2	0,000E+0	1,782E+2	1,781E+2	0,000E+0	1,095E+0	1,086E+0	0,000E+0	6	0010
1743,388	86,100	123,600	2,097E+2	0,000E+0	1,785E+2	1,784E+2	0,000E+0	1,082E+0	1,077E+0	0,000E+0	6	0010
1744,389	86,100	123,600	2,097E+2	0,000E+0	1,785E+2	1,784E+2	0,000E+0	1,082E+0	1,077E+0	0,000E+0	6	0010
1745,390	87,200	122,800	2,100E+2	0,000E+0	1,786E+2	1,780E+2	0,000E+0	1,094E+0	1,075E+0	0,000E+0	6	0010
1746,390	85,900	124,200	2,101E+2	0,000E+0	1,780E+2	1,782E+2	0,000E+0	1,090E+0	1,087E+0	0,000E+0	7	0010
1747,390	86,700	123,100	2,098E+2	0,000E+0	1,785E+2	1,780E+2	0,000E+0	1,094E+0	1,077E+0	0,000E+0	7	0010
1748,390	86,700	123,500	2,102E+2	0,000E+0	1,785E+2	1,782E+2	0,000E+0	1,087E+0	1,077E+0	0,000E+0	7	0010
1749,390	86,800	123,400	2,102E+2	0,000E+0	1,787E+2	1,781E+2	0,000E+0	1,091E+0	1,078E+0	0,000E+0	7	0010
1750,391	86,900	122,900	2,098E+2	0,000E+0	1,785E+2	1,779E+2	0,000E+0	1,095E+0	1,077E+0	0,000E+0	7	0010
1751,390	86,100	123,600	2,097E+2	0,000E+0	1,785E+2	1,781E+2	0,000E+0	1,086E+0	1,082E+0	0,000E+0	7	0010
1752,391	86,800	123,200	2,100E+2	0,000E+0	1,788E+2	1,784E+2	0,000E+0	1,091E+0	1,076E+0	0,000E+0	7	0010
1753,390	86,100	123,800	2,099E+2	0,000E+0	1,783E+2	1,784E+2	0,000E+0	1,092E+0	1,084E+0	0,000E+0	7	0010
1754,390	86,100	123,800	2,099E+2	0,000E+0	1,783E+2	1,784E+2	0,000E+0	1,092E+0	1,084E+0	0,000E+0	7	0010
1755,391	87,400	122,500	2,099E+2	0,000E+0	1,788E+2	1,781E+2	0,000E+0	1,095E+0	1,072E+0	0,000E+0	7	0010
1756,391	86,600	123,800	2,104E+2	0,000E+0	1,787E+2	1,782E+2	0,000E+0	1,087E+0	1,080E+0	0,000E+0	7	0010
1757,393	87,200	122,700	2,099E+2	0,000E+0	1,787E+2	1,778E+2	0,000E+0	1,099E+0	1,076E+0	0,000E+0	7	0010
1758,392	86,300	123,600	2,099E+2	0,000E+0	1,781E+2	1,781E+2	0,000E+0	1,091E+0	1,083E+0	0,000E+0	7	0010
1759,394	86,400	123,600	2,100E+2	0,000E+0	1,783E+2	1,781E+2	0,000E+0	1,096E+0	1,083E+0	0,000E+0	7	0010
1760,393	87,100	122,900	2,100E+2	0,000E+0	1,788E+2	1,781E+2	0,000E+0	1,094E+0	1,075E+0	0,000E+0	0	0010
1761,393	87,100	122,900	2,100E+2	0,000E+0	1,788E+2	1,781E+2	0,000E+0	1,094E+0	1,075E+0	0,000E+0	0	0010
1762,395	87,100	122,900	2,100E+2	0,000E+0	1,788E+2	1,781E+2	0,000E+0	1,094E+0	1,075E+0	0,000E+0	0	0010
1763,395	87,600	122,200	2,098E+2	0,000E+0	1,791E+2	1,778E+2	0,000E+0	1,092E+0	1,069E+0	0,000E+0	0	0010
1764,397	86,900	123,100	2,100E+2	0,000E+0	1,786E+2	1,781E+2	0,000E+0	1,088E+0	1,077E+0	0,000E+0	0	0010
1765,396	86,600	123,400	2,100E+2	0,000E+0	1,783E+2	1,781E+2	0,000E+0	1,094E+0	1,081E+0	0,000E+0	0	0010
1766,397	87,200	122,800	2,100E+2	0,000E+0	1,789E+2	1,779E+2	0,000E+0	1,091E+0	1,071E+0	0,000E+0	0	0010
1767,397	86,300	123,900	2,102E+2	0,000E+0	1,783E+2	1,784E+2	0,000E+0	1,085E+0	1,080E+0	0,000E+0	0	0010
1768,397	86,200	123,600	2,098E+2	0,000E+0	1,786E+2	1,782E+2	0,000E+0	1,085E+0	1,078E+0	0,000E+0	0	0010
1769,398	86,200	123,600	2,098E+2	0,000E+0	1,786E+2	1,782E+2	0,000E+0	1,085E+0	1,078E+0	0,000E+0	0	0010
1770,398	86,200	123,600	2,098E+2	0,000E+0	1,786E+2	1,782E+2	0,000E+0	1,085E+0	1,078E+0	0,000E+0	0	0010
1771,398	87,200	122,900	2,101E+2	0,000E+0	1,787E+2	1,779E+2	0,000E+0	1,095E+0	1,076E+0	0,000E+0	0	0010
1772,399	87,200	122,900	2,101E+2	0,000E+0	1,787E+2	1,779E+2	0,000E+0	1,095E+0	1,076E+0	0,000E+0	0	0010
1773,398	87,200	122,900	2,101E+2	0,000E+0	1,787E+2	1,779E+2	0,000E+0	1,095E+0	1,076E+0	0,000E+0	0	0010
1774,399	87,200	123,000	2,102E+2	0,000E+0	1,787E+2	1,779E+2	0,000E+0	1,096E+0	1,075E+0	0,000E+0	0	0010
1775,398	87,200	123,000	2,102E+2	0,000E+0	1,787E+2	1,779E+2	0,000E+0	1,096E+0	1,075E+0	0,000E+0	0	0010
1776,398	87,200	123,000	2,102E+2	0,000E+0	1,787E+2	1,779E+2	0,000E+0	1,096E+0	1,075E+0	0,000E+0	0	0010
1777,398	87,200	123,000	2,102E+2	0,000E+0	1,787E+2	1,779E+2	0,000E+0	1,096E+0	1,075E+0	0,000E+0	0	0010
1778,399	86,800	123,100	2,099E+2	0,000E+0	1,786E+2	1,780E+2	0,000E+0	1,088E+0	1,076E+0	0,000E+0	0	0010
1779,400	86,800	123,100	2,099E+2	0,000E+0	1,786E+2	1,780E+2	0,000E+0	1,088E+0	1,076E+0	0,000E+0	0	0010
1780,399	86,500	123,400	2,099E+2	0,000E+0	1,784E+2	1,781E+2	0,000E+0	1,087E+0	1,077E+0	0,000E+0	0	0010
1781,400	86,500	123,400	2,099E+2	0,000E+0	1,784E+2	1,781E+2	0,000E+0	1,087E+0	1,077E+0	0,000E+0	0	0010
1782,399	86,300	123,700	2,100E+2	0,000E+0	1,783E+2	1,782E+2	0,000E+0	1,083E+0	1,082E+0	0,000E+0	0	0010
1783,399	86,000	124,000	2,100E+2	0,000E+0	1,783E+2	1,783E+2	0,000E+0	1,087E+0	1,082E+0	0,000E+0	0	0010
1784,399	86,700	123,300	2,100E+2	0,000E+0	1,789E+2	1,782E+2	0,000E+0	1,089E+0	1,076E+0	0,000E+0	0	0010
1785,399	86,100	123,900	2,100E+2	0,000E+0	1,784E+2	1,784E+2	0,000E+0	1,088E+0	1,081E+0	0,000E+0	0	0010
1786,400	87,100	122,800	2,099E+2	0,000E+0	1,789E+2	1,780E+2	0,000E+0	1,093E+0	1,073E+0	0,000E+0	0	0010
1787,399	87,400	122,400	2,098E+2	0,000E+0	1,790E+2	1,779E+2	0,000E+0	1,093E+0	1,069E+0	0,000E+0	0	0010
1788,400	87,400	122,400	2,098E+2	0,000E+0	1,790E+2	1,779E+2	0,000E+0	1,093E+0	1,069E+0	0,000E+0	0	0010
1789,399	87,200	122,700	2,099E+2	0,000E+0	1,786E+2	1,779E+2	0,000E+0	1,095E+0	1,077E+0	0,000E+0	1	0010
1790,399	87,400	122,500	2,099E+2	0,000E+0	1,790E+2	1,779E+2	0,000E+0	1,098E+0	1,071E+0	0,000E+0	1	0010
1791,399	86,500	123,700	2,102E+2	0,000E+0	1,784E+2	1,782E+2	0,000E+0	1,091E+0	1,080E+0	0,000E+0	1	0010
1792,399	87,300	122,700	2,100E+2	0,000E+0	1,788E+2	1,779E+2	0,000E+0	1,093E+0	1,072E+0	0,000E+0	1	0010
1793,400	87,100	122,700	2,098E+2	0,000E+0	1,786E+2	1,779E+2	0,000E+0	1,094E+0	1,074E+0	0,000E+0	1	0010
1794,399	86,300	123,700	2,100E+2	0,000E+0	1,782E+2	1,780E+2	0,000E+0	1,091E+0	1,083E+0	0,000E+0	1	0010
1795,401	86,300	123,700	2,100E+2	0,000E+0	1,782E+2	1,780E+2	0,000E+0	1,091E+0	1,083E+0	0,000E+0	1	0010
1796,400	86,300	123,700	2,100E+2	0,000E+0	1,782E+2	1,780E+2	0,000E+0	1,091E+0	1,083E+0	0,000E+0	1	0010
1797,400	85,900	124,200	2,101E+2	0,000E+0	1,780E+2	1,783E+2	0,000E+0	1,086E+0	1,084E+0	0,000E+0	1	0010
1798,401	85,900	124,200	2,101E+2	0,000E+0	1,780E+2	1,783E+2	0,000E+0	1,086E+0	1,084E+0	0,000E+0	1	0010
1799,400	85,900	124,200	2,101E+2	0,000E+0	1,780E+2	1,783E+2	0,000E+0	1,086E+0	1,084E+0	0,000E+0	1	0010
1800,402	87,100	123,300	2,104E+2	0,000E+0	1,786E+2	1,781E+2	0,000E+0	1,092E+0	1,077E+0	0,000E+0	1	0010
1801,402	87,100	123,300	2,104E+2	0,000E+0	1,786E+2	1,781E+2	0,000E+0	1,092E+0	1,077E+0	0,000E+0	1	0010
1802,403	87,100	123,300	2,104E+2	0,000E+0	1,786E+2	1,781E+2	0,000E+0	1,092E+0	1,077E+0	0,000E+0	1	0010
1803,402	87,100	123,300	2,104E+2	0,000E+0	1,786E+2	1,781E+2	0,000E+0	1,092E+0	1,077E+0	0,000E+0	1	0010
1804,403	85,900	123,800	2,097E+2	0,000E+0	1,782E+2	1,783E+2	0,000E+0	1,086E+0	1,084E+0	0,000E+0	1	0010
1805,404	85,900	123,800	2,097E+2	0,000E+0	1,782E+2	1,783E+2	0,000E+0	1,086E+0	1,084E+0	0,000E+0	1	0010
1806,403	85,700	123,800	2,095E+2	0,000E+0	1,782E+2	1,784E+2	0,000E+0	1,079E+0	1,081E+0	0,000E+0	2	0010
1807,405	85,700	123,800	2,095E+2	0,000E+0	1,782E+2	1,784E+2	0,000E+0	1,079E+0	1,081E+0	0,000E+0	2	0010
1808,405	85,900	124,300	2,102E+2	0,000E+0	1,784E+2	1,785E+2	0,000E+0	1,087E+0	1,083E+0	0,000E+0	2	0010
1809,405	86,700	123,300	2,100E+2	0,000E+0	1,784E+2	1,779E+2	0,000E+0	1,090E+0	1,078E+0	0,000E+0	2	0010
1810,405	86,700	123,300	2,100E+2	0,000E+0	1,784E+2	1,779E+2	0,000E+0	1,090E+0	1,078E+0	0,000E+0	2	0010
1811,406	86,700	123,300	2,100E+2	0,000E+0	1,784E+2	1,779E+2	0,000E+0	1,090E+0	1,078E+0	0,000E+0	2	0010
1812,407	87,500	122,600	2,101E+2	0,000E+0	1,780E+2	1,771E+2	0,000E+0	1,095E+0	1,073E+0	0,000E+0	2	0010
1814,407	87,500	122,600	2,101E+2	0,000E+0	1,780E+2	1,771E+2	0,000E+0	1,095E+0	1,073E+0	0,000E+0	2	0010
1814,407	87,500	122,600	2,101E+2	0,000E+0	1,780E+2	1,771E+2	0,000E+0	1,095E+0	1,073E+0	0,000E+0	2	0010
1815,406	87,500	122,600	2,101E+2	0,000E+0	1,780E+2	1,771E+2	0,000E+0	1,095E+0	1,073E+0	0,000E+0	2	0010
1816,406	86,600	123,700	2,103E+2	0,000E+0	1,779E+2	1,779E+2	0,000E+0	1,090E+0	1,079E+0	0,000E+0	2	0010
1817,406	86,600	123,700	2,103E+2	0,000E+0	1,779E+2	1,779E+2	0,000E+0	1,090E+0	1,079E+0	0,000E+0	2	0010
1818,407	86,600	123,700	2,103E+2	0,000E+0	1,779E+2	1,779E+2	0,000E+0	1,090E+0	1,079E+0	0,000E+0	2	0010
1819,408	86,900	123,200	2,101E+2	0,000E+0	1,784E+2	1,779E+2	0,000E+0	1,089E+0	1,077E+0	0,000E+0	2	0010
1820,407	86,900	123,200	2,101E+2	0,000E+0	1,784E+2	1,779E+2	0,000E+0	1,089E+0	1,077E+0	0,000E+0	2	0010
1821,408	86,300	123,700	2,100E+2	0,000E+0	1,781E+2	1,780E+2	0,000E+0	1,096E+0	1,083E+0	0,000E+0	2	0010
1822,407	87,400	122,600	2,100E+2	0,000E+0	1,786E+2	1,778E+2	0,000E+0	1,094E+0	1,072E+0	0,000E+0	2	0010
1823,407	86,400	123,600	2,100E+2	0,000E+0	1,781E+2	1,780E+2	0,000E+0	1,089E+0	1,080E+0	0,000E+0	2	0010
1824,407	86,400	123,600	2,100E+2	0,000E+0	1,781E+2	1,780E+2	0,000E+0	1,089E+0	1,080E+0	0,000E+0	2	0010
1825,408	87,900	122,000	2,099E+2	0,000E+0	1,788E+2	1,776E+2	0,000E+0	1,097E+0	1,067E+0	0,000E+0	2	0010
1826,409	86,400	123,500	2,099E+2	0,000E+0	1,780E+2	1,776E+2	0,000E+0	1,094E+0	1,083E+0	0,000E+0	2	0010
1827,408	86,500	123,600	2,101E+2	0,000E+0	1,781E+2	1,779E+2	0,000E+0	1,089E+0	1,076E+0	0,000E+0	2	0010
1828,409	87,700	122,600	2,103E+2	0,000E+0	1,785E+2	1,776E+2	0,000E+0	1,091E+0	1,069E+0	0,000E+0	2	0010
1829,408	86,600	123,300	2,099E+2	0,000E+0	1,778E+2	1,774E+2	0,000E+0	1,090E+0	1,080E+0	0,000E+0	2	0010
1830,408	87,200	122,900	2,101E+2	0,000E+0	1,783E+2	1,775E+2	0,000E+0	1,097E+0	1,075E+0	0,000E+0	2	0010
1831,409	86,700	123,100	2,098E+2	0,000E+0	1,782E+2	1,778E+2	0,000E+0	1,092E+0	1,077E+0	0,000E+0	2	0010
1832,408	86,700	123,300	2,100E+2	0,000E+0	1,780E+2	1,776E+2	0,000E+0	1,092E+0	1,078E+0	0,000E+0	2	0010
1833,409	86,300	123,700	2,100E+2	0,000E+0	1,779E+2	1,777E+2	0,000E+0	1,096E+0	1,084E+0	0,000E+0	2	0010
1834,408	86,300	123,700	2,100E+2	0,000E+0	1,779E+2	1,777E+2	0,000E+0	1,096E+0	1,084E+0	0,000E+0	2	0010
1835,409	87,100	122,600	2,097E+2	0,000E+0	1,785E+2	1,776E+2	0,000E+0	1,091E+0	1,072E+0	0,000E+0	2	0010
1836,408	87,300	122,800	2,101E+2	0,000E+0	1,782E+2	1,776E+2	0,000E+0	1,095E+0	1,076E+0	0,000E+0	2	0010
1837,408	87,200	122,500	2,097E+2	0,000E+0	1,786E+2	1,776E+2	0,000E+0	1,091E+0	1,070E+0	0,000E+0	2	0010
1838,409	88,000	122,000	2,100E+2	0,000E+0	1,791E+2	1,776E+2	0,000E+0	1,099E+0	1,064E+0	0,000E+0	2	0010
1839,408	86,300	124,000	2,103E+2	0,000E+0	1,780E+2	1,780E+2	0,000E+0	1,092E+0	1,084E+0	0,000E+0	2	0010
1840,409	87,800	122,300	2,101E+2	0,000E+0	1,791E+2	1,778E+2	0,000E+0	1,094E+0	1,069E+0	0,000E+0	2	0010
1841,408	86,500	123,600	2,101E+2	0,000E+0	1,780E+2	1,777E+2	0,000E+0	1,096E+0	1,085E+0	0,000E+0	2	0010
1842,408	86,300	123,800	2,101E+2	0,000E+0	1,780E+2	1,778E+2	0,000E+0	1,094E+0	1,086E+0	0,000E+0	2	0010
1843,408	85,500	124,300	2,098E+2	0,000E+0	1,779E+2	1,783E+2	0,000E+0	1,084E+0	1,085E+0	0,000E+0	2	0010
1844,408	86,300	123,600	2,099E+2	0,000E+0	1,780E+2	1,780E+2	0,000E+0	1,092E+0	1,081E+0	0,000E+0	2	0010
1845,409	86,300	123,600	2,099E+2	0,000E+0	1,780E+2	1,780E+2	0,000E+0	1,092E+0	1,081E+0	0,000E+0	2	0010
1846,408	86,300	123,700	2,100E+2	0,000E+0	1,781E+2	1,781E+2	0,000E+0	1,087E+0	1,080E+0	0,000E+0	2	0010
1847,409	86,200	123,800	2,100E+2	0,000E+0	1,780E+2	1,777E+2	0,000E+0	1,089E+0	1,084E+0	0,000E+0	2	0010
1848,408	86,500	123,100	2,096E+2	0,000E+0	1,784E+2	1,776E+2	0,000E+0	1,090E+0	1,078E+0	0,000E+0	2	0010
1849,409	87,100	122,800	2,099E+2	0,000E+0	1,784E+2	1,778E+2	0,000E+0	1,092E+0	1,074E+0	0,000E+0	2	0010
1850,409	87,300	123,000	2,103E+2	0,000E+0	1,785E+2	1,778E+2	0,000E+0	1,096E+0	1,074E+0	0,000E+0	2	0010
1851,409	86,200	123,700	2,099E+2	0,000E+0	1,779E+2	1,780E+2	0,000E+0	1,093E+0	1,084E+0	0,000E+0	2	0010
1852,410	86,300	123,600	2,099E+2	0,000E+0	1,782E+2	1,777E+2	0,000E+0	1,089E+0	1,081E+0	0,000E+0	2	0010
1853,410	87,400	122,800	2,102E+2	0,000E+0	1,787E+2	1,776E+2	0,000E+0	1,093E+0	1,073E+0	0,000E+0	2	0010
1854,411	86,700	123,300	2,100E+2	0,000E+0	1,780E+2	1,776E+2	0,000E+0	1,095E+0	1,081E+0	0,000E+0	2	0010
1855,411	86,300	123,800	2,101E+2	0,000E+0	1,779E+2	1,780E+2	0,000E+0	1,090E+0	1,082E+0	0,000E+0	2	0010
1856,412	87,200	122,600	2,098E+2	0,000E+0	1,787E+2	1,777E+2	0,000E+0	1,092E+0	1,071E+0	0,000E+0	2	0010
1857,413	87,200	122,600	2,098E+2	0,000E+0	1,787E+2	1,777E+2	0,000E+0	1,092E+0	1,071E+0	0,000E+0	2	0010
1858,413	86,900	123,300	2,102E+2	0,000E+0	1,783E+2	1,777E+2	0,000E+0	1,096E+0	1,080E+0	0,000E+0	2	0010
1859,414	86,000	123,800	2,098E+2	0,000E+0	1,781E+2	1,780E+2	0,000E+0	1,085E+0	1,083E+0	0,000E+0	3	0010
1860,413	86,400	123,700	2,101E+2	0,000E+0	1,777E+2	1,778E+2	0,000E+0	1,091E+0	1,085E+0	0,000E+0	3	0010
1861,414	87,200	122,800	2,100E+2	0,000E+0	1,785E+2	1,779E+2	0,000E+0	1,089E+0	1,073E+0	0,000E+0	3	0010
1862,413	86,800	123,100	2,099E+2	0,000E+0	1,785E+2	1,780E+2	0,000E+0	1,092E+0	1,075E+0	0,000E+0	3	0010
1863,413	86,800	123,100	2,099E+2	0,000E+0	1,785E+2	1,780E+2	0,000E+0	1,092E+0	1,075E+0	0,000E+0	3	0010
1864,415	86,800	123,100	2,099E+2	0,000E+0	1,785E+2	1,780E+2	0,000E+0	1,092E+0	1,075E+0	0,000E+0	3	0010
1865,415	86,800	123,100	2,099E+2	0,000E+0	1,785E+2	1,780E+2	0,000E+0	1,092E+0	1,075E+0	0,000E+0	3	0010
1866,416	86,600	123,500	2,101E+2	0,000E+0	1,781E+2	1,777E+2	0,000E+0	1,092E+0	1,082E+0	0,000E+0	3	0010
1867,415	86,600	123,500	2,101E+2	0,000E+0	1,781E+2	1,777E+2	0,000E+0	1,092E+0	1,082E+0	0,000E+0	3	0010
1868,417	86,600	123,500	2,101E+2	0,000E+0	1,783E+2	1,779E+2	0,000E+0	1,093E+0	1,080E+0	0,000E+0	3	0010
1869,417	86,600	123,500	2,101E+2	0,000E+0	1,783E+2	1,779E+2	0,000E+0	1,093E+0	1,080E+0	0,000E+0	3	0010
1870,416	86,600	123,500	2,101E+2	0,000E+0	1,783E+2	1,779E+2	0,000E+0	1,093E+0	1,080E+0	0,000E+0	3	0010
1871,418	87,600	122,200	2,098E+2	0,000E+0	1,787E+2	1,779E+2	0,000E+0	1,094E+0	1,069E+0	0,000E+0	3	0010
1872,417	87,600	122,200	2,098E+2	0,000E+0	1,787E+2	1,779E+2	0,000E+0	1,094E+0	1,069E+0	0,000E+0	3	0010
1873,417	87,600	122,200	2,098E+2	0,000E+0	1,787E+2	1,779E+2	0,000E+0	1,094E+0	1,069E+0	0,000E+0	3	0010
1874,418	86,400	123,500	2,099E+2	0,000E+0	1,781E+2	1,778E+2	0,000E+0	1,094E+0	1,083E+0	0,000E+0	3	0010
1875,417	86,400	123,500	2,099E+2	0,000E+0	1,781E+2	1,778E+2	0,000E+0	1,094E+0	1,083E+0	0,000E+0	3	0010
1876,418	86,400	123,500	2,099E+2	0,000E+0	1,781E+2	1,778E+2	0,000E+0	1,094E+0	1,083E+0	0,000E+0	3	0010
1877,418	86,400	123,500	2,099E+2	0,000E+0	1,781E+2	1,778E+2	0,000E+0	1,094E+0	1,083E+0	0,000E+0	3	0010
1878,417	86,400	123,500	2,099E+2	0,000E+0	1,781E+2	1,778E+2	0,000E+0	1,094E+0	1,083E+0	0,000E+0	3	0010
1879,418	86,300	123,600	2,099E+2	0,000E+0	1,782E+2	1,781E+2	0,000E+0	1,090E+0	1,081E+0	0,000E+0	3	0010
1880,417	86,300	123,600	2,099E+2	0,000E+0	1,782E+2	1,781E+2	0,000E+0	1,090E+0	1,081E+0	0,000E+0	3	0010
1881,417	87,000	123,400	2,104E+2	0,000E+0	1,785E+2	1,779E+2	0,000E+0	1,090E+0	1,075E+0	0,000E+0	3	0010
1882,418	86,600	123,500	2,101E+2	0,000E+0	1,782E+2	1,778E+2	0,000E+0	1,092E+0	1,082E+0	0,000E+0	3	0010
1883,418	86,000	123,800	2,098E+2	0,000E+0	1,782E+2	1,782E+2	0,000E+0	1,084E+0	1,081E+0	0,000E+0	3	0010
1884,420	86,000	123,700	2,097E+2	0,000E+0	1,779E+2	1,781E+2	0,000E+0	1,087E+0	1,084E+0	0,000E+0	3	0010
1885,419	86,000	123,700	2,097E+2	0,000E+0	1,779E+2	1,781E+2	0,000E+0	1,087E+0	1,084E+0	0,000E+0	3	0010
1886,421	87,100	123,000	2,101E+2	0,000E+0	1,786E+2	1,778E+2	0,000E+0	1,097E+0	1,077E+0	0,000E+0	3	0010
1887,420	86,300	124,200	2,105E+2	0,000E+0	1,781E+2	1,781E+2	0,000E+0	1,090E+0	1,084E+0	0,000E+0	3	0010
1888,422	87,700	122,200	2,099E+2	0,000E+0	1,790E+2	1,776E+2	0,000E+0	1,097E+0	1,069E+0	0,000E+0	3	0010
1889,422	87,000	123,100	2,101E+2	0,000E+0	1,781E+2	1,779E+2	0,000E+0	1,091E+0	1,077E+0	0,000E+0	3	0010
1890,422	86,500	123,500	2,100E+2	0,000E+0	1,784E+2	1,781E+2	0,000E+0	1,090E+0	1,078E+0	0,000E+0	3	0010
1891,422	86,500	123,500	2,100E+2	0,000E+0	1,784E+2	1,781E+2	0,000E+0	1,090E+0	1,078E+0	0,000E+0	4	0010
1892,423	86,600	123,300	2,099E+2	0,000E+0	1,784E+2	1,779E+2	0,000E+0	1,094E+0	1,077E+0	0,000E+0	4	0010
1893,424	86,500	123,500	2,100E+2	0,000E+0	1,783E+2	1,778E+2	0,000E+0	1,095E+0	1,082E+0	0,000E+0	4	0010
1894,423	86,700	123,300	2,100E+2	0,000E+0	1,784E+2	1,778E+2	0,000E+0	1,090E+0	1,080E+0	0,000E+0	4	0010
1895,424	86,700	123,300	2,100E+2	0,000E+0	1,784E+2	1,778E+2	0,000E+0	1,090E+0	1,080E+0	0,000E+0	4	0010
1896,423	86,300	123,400	2,097E+2	0,000E+0	1,784E+2	1,782E+2	0,000E+0	1,085E+0	1,078E+0	0,000E+0	4	0010
1897,425	86,300	123,400	2,097E+2	0,000E+0	1,784E+2	1,782E+2	0,000E+0	1,085E+0	1,078E+0	0,000E+0	4	0010
1898,424	86,300	123,400	2,097E+2	0,000E+0	1,784E+2	1,782E+2	0,000E+0	1,085E+0	1,078E+0	0,000E+0	4	0010
1899,424	86,300	123,400	2,097E+2	0,000E+0	1,784E+2	1,782E+2	0,000E+0	1,085E+0	1,078E+0	0,000E+0	4	0010
1900,425	86,300	123,400	2,097E+2	0,000E+0	1,784E+2	1,782E+2	0,000E+0	1,085E+0	1,078E+0	0,000E+0	4	0010
1901,424	86,300	123,400	2,097E+2	0,000E+0	1,784E+2	1,782E+2	0,000E+0	1,085E+0	1,078E+0	0,000E+0	4	0010
1902,425	85,700	124,200	2,099E+2	0,000E+0	1,777E+2	1,777E+2	0,000E+0	1,095E+0	1,091E+0	0,000E+0	4	0010
1903,424	87,000	123,400	2,104E+2	0,000E+0	1,787E+2	1,781E+2	0,000E+0	1,095E+0	1,077E+0	0,000E+0	4	0010
1904,424	87,000	123,400	2,104E+2	0,000E+0	1,787E+2	1,781E+2	0,000E+0	1,095E+0	1,077E+0	0,000E+0	4	0010
1905,424	86,700	123,700	2,104E+2	0,000E+0	1,787E+2	1,781E+2	0,000E+0	1,089E+0	1,079E+0	0,000E+0	4	0010
1906,425	86,700	123,700	2,104E+2	0,000E+0	1,787E+2	1,781E+2	0,000E+0	1,089E+0	1,079E+0	0,000E+0	4	0010
1907,426	87,400	122,400	2,098E+2	0,000E+0	1,785E+2	1,778E+2	0,000E+0	1,091E+0	1,073E+0	0,000E+0	4	0010
1908,425	87,400	122,400	2,098E+2	0,000E+0	1,785E+2	1,778E+2	0,000E+0	1,091E+0	1,073E+0	0,000E+0	4	0010
1909,427	87,700	122,300	2,100E+2	0,000E+0	1,790E+2	1,778E+2	0,000E+0	1,098E+0	1,069E+0	0,000E+0	5	0010
1910,427	86,000	124,200	2,102E+2	0,000E+0	1,781E+2	1,780E+2	0,000E+0	1,093E+0	1,086E+0	0,000E+0	5	0010
1911,427	86,300	123,700	2,100E+2	0,000E+0	1,781E+2	1,780E+2	0,000E+0	1,096E+0	1,084E+0	0,000E+0	5	0010
1912,427	86,300	123,700	2,100E+2	0,000E+0	1,781E+2	1,780E+2	0,000E+0	1,096E+0	1,084E+0	0,000E+0	5	0010
1913,427	87,400	122,700	2,101E+2	0,000E+0	1,787E+2	1,776E+2	0,000E+0	1,097E+0	1,076E+0	0,000E+0	5	0010
1914,428	87,400	122,700	2,101E+2	0,000E+0	1,787E+2	1,776E+2	0,000E+0	1,097E+0	1,076E+0	0,000E+0	5	0010
1915,427	87,400	122,700	2,101E+2	0,000E+0	1,787E+2	1,776E+2	0,000E+0	1,097E+0	1,076E+0	0,000E+0	5	0010
1916,428	86,700	123,300	2,100E+2	0,000E+0	1,782E+2	1,778E+2	0,000E+0	1,091E+0	1,080E+0	0,000E+0	5	0010
1917,428	86,700	123,300	2,100E+2	0,000E+0	1,782E+2	1,778E+2	0,000E+0	1,091E+0	1,080E+0	0,000E+0	5	0010
1918,429	87,400	122,600	2,100E+2	0,000E+0	1,787E+2	1,775E+2	0,000E+0	1,095E+0	1,073E+0	0,000E+0	5	0010
1919,428	87,400	122,600	2,100E+2	0,000E+0	1,787E+2	1,775E+2	0,000E+0	1,095E+0	1,073E+0	0,000E+0	5	0010
1920,430	87,400	122,600	2,100E+2	0,000E+0	1,787E+2	1,775E+2	0,000E+0	1,095E+0	1,073E+0	0,000E+0	5	0010
1921,430	87,100	122,900	2,100E+2	0,000E+0	1,784E+2	1,777E+2	0,000E+0	1,097E+0	1,073E+0	0,000E+0	5	0010
1922,430	87,100	122,900	2,100E+2	0,000E+0	1,784E+2	1,777E+2	0,000E+0	1,097E+0	1,073E+0	0,000E+0	5	0010
1923,431	87,100	122,900	2,100E+2	0,000E+0	1,784E+2	1,777E+2	0,000E+0	1,097E+0	1,073E+0	0,000E+0	5	0010
1924,431	87,100	122,900	2,100E+2	0,000E+0	1,784E+2	1,777E+2	0,000E+0	1,097E+0	1,073E+0	0,000E+0	5	0010
1925,432	86,100	124,200	2,103E+2	0,000E+0	1,777E+2	1,779E+2	0,000E+0	1,095E+0	1,089E+0	0,000E+0	5	0010
1926,431	86,900	122,700	2,096E+2	0,000E+0	1,784E+2	1,779E+2	0,000E+0	1,090E+0	1,072E+0	0,000E+0	5	0010
1927,431	86,700	123,200	2,099E+2	0,000E+0	1,781E+2	1,779E+2	0,000E+0	1,093E+0	1,078E+0	0,000E+0	5	0010
1928,431	87,000	123,100	2,101E+2	0,000E+0	1,785E+2	1,780E+2	0,000E+0	1,095E+0	1,077E+0	0,000E+0	5	0010
1929,431	87,000	123,100	2,101E+2	0,000E+0	1,785E+2	1,780E+2	0,000E+0	1,095E+0	1,077E+0	0,000E+0	6	0010
1930,433	86,400	123,700	2,101E+2	0,000E+0	1,782E+2	1,780E+2	0,000E+0	1,089E+0	1,082E+0	0,000E+0	6	0010
1931,432	86,400	123,700	2,101E+2	0,000E+0	1,782E+2	1,780E+2	0,000E+0	1,089E+0	1,082E+0	0,000E+0	6	0010
1932,433	86,500	123,100	2,096E+2	0,000E+0	1,782E+2	1,779E+2	0,000E+0	1,089E+0	1,079E+0	0,000E+0	6	0010
1933,432	86,100	124,200	2,103E+2	0,000E+0	1,779E+2	1,779E+2	0,000E+0	1,097E+0	1,088E+0	0,000E+0	6	0010
1934,433	86,100	124,200	2,103E+2	0,000E+0	1,779E+2	1,779E+2	0,000E+0	1,097E+0	1,088E+0	0,000E+0	6	0010
1935,434	86,100	124,200	2,103E+2	0,000E+0	1,779E+2	1,779E+2	0,000E+0	1,097E+0	1,088E+0	0,000E+0	6	0010
1936,433	86,100	124,200	2,103E+2	0,000E+0	1,779E+2	1,779E+2	0,000E+0	1,097E+0	1,088E+0	0,000E+0	6	0010
1937,434	85,700	124,300	2,100E+2	0,000E+0	1,780E+2	1,779E+2	0,000E+0	1,091E+0	1,089E+0	0,000E+0	6	0010
1938,433	85,700	124,300	2,100E+2	0,000E+0	1,780E+2	1,779E+2	0,000E+0	1,091E+0	1,089E+0	0,000E+0	6	0010
1939,435	85,700	124,300	2,100E+2	0,000E+0	1,780E+2	1,779E+2	0,000E+0	1,091E+0	1,089E+0	0,000E+0	6	0010
1940,434	85,700	124,300	2,100E+2	0,000E+0	1,780E+2	1,779E+2	0,000E+0	1,091E+0	1,089E+0	0,000E+0	6	0010
1941,434	87,400	122,600	2,100E+2	0,000E+0	1,788E+2	1,777E+2	0,000E+0	1,097E+0	1,071E+0	0,000E+0	6	0010
1942,435	86,700	123,400	2,101E+2	0,000E+0	1,784E+2	1,780E+2	0,000E+0	1,087E+0	1,076E+0	0,000E+0	6	0010
1943,434	86,700	123,400	2,101E+2	0,000E+0	1,784E+2	1,780E+2	0,000E+0	1,087E+0	1,076E+0	0,000E+0	6	0010
1944,434	87,100	123,000	2,101E+2	0,000E+0	1,783E+2	1,777E+2	0,000E+0	1,095E+0	1,079E+0	0,000E+0	6	0010
1945,434	86,300	123,500	2,098E+2	0,000E+0	1,780E+2	1,781E+2	0,000E+0	1,090E+0	1,081E+0	0,000E+0	7	0010
1946,434	87,000	123,300	2,103E+2	0,000E+0	1,783E+2	1,778E+2	0,000E+0	1,099E+0	1,081E+0	0,000E+0	7	0010
1947,434	85,800	124,200	2,100E+2	0,000E+0	1,781E+2	1,783E+2	0,000E+0	1,082E+0	1,085E+0	0,000E+0	7	0010
1948,435	86,400	123,900	2,103E+2	0,000E+0	1,781E+2	1,780E+2	0,000E+0	1,088E+0	1,082E+0	0,000E+0	7	0010
1949,434	86,400	123,900	2,103E+2	0,000E+0	1,781E+2	1,780E+2	0,000E+0	1,088E+0	1,082E+0	0,000E+0	7	0010
1950,435	86,400	123,900	2,103E+2	0,000E+0	1,781E+2	1,780E+2	0,000E+0	1,088E+0	1,082E+0	0,000E+0	7	0010
1951,434	86,400	123,900	2,103E+2	0,000E+0	1,781E+2	1,780E+2	0,000E+0	1,088E+0	1,082E+0	0,000E+0	7	0010
1952,434	86,400	123,900	2,103E+2	0,000E+0	1,781E+2	1,780E+2	0,000E+0	1,088E+0	1,082E+0	0,000E+0	7	0010
1953,436	86,900	122,900	2,098E+2	0,000E+0	1,783E+2	1,781E+2	0,000E+0	1,089E+0	1,075E+0	0,000E+0	7	0010
1954,435	86,900	122,900	2,098E+2	0,000E+0	1,783E+2	1,781E+2	0,000E+0	1,089E+0	1,075E+0	0,000E+0	7	0010
1955,436	86,900	122,900	2,098E+2	0,000E+0	1,783E+2	1,781E+2	0,000E+0	1,089E+0	1,075E+0	0,000E+0	7	0010
1956,435	86,700	123,100	2,098E+2	0,000E+0	1,782E+2	1,778E+2	0,000E+0	1,091E+0	1,079E+0	0,000E+0	7	0010
1957,436	86,700	123,100	2,098E+2	0,000E+0	1,782E+2	1,778E+2	0,000E+0	1,091E+0	1,079E+0	0,000E+0	7	0010
1958,435	86,600	123,500	2,101E+2	0,000E+0	1,781E+2	1,777E+2	0,000E+0	1,098E+0	1,084E+0	0,000E+0	7	0010
1959,435	86,600	123,500	2,101E+2	0,000E+0	1,781E+2	1,777E+2	0,000E+0	1,098E+0	1,084E+0	0,000E+0	7	0010
1960,436	86,800	123,300	2,101E+2	0,000E+0	1,783E+2	1,779E+2	0,000E+0	1,089E+0	1,080E+0	0,000E+0	7	0010
1961,435	86,800	123,300	2,101E+2	0,000E+0	1,783E+2	1,779E+2	0,000E+0	1,089E+0	1,080E+0	0,000E+0	7	0010
1962,436	86,500	123,700	2,102E+2	0,000E+0	1,780E+2	1,779E+2	0,000E+0	1,096E+0	1,083E+0	0,000E+0	7	0010
1963,436	86,900	123,200	2,101E+2	0,000E+0	1,785E+2	1,778E+2	0,000E+0	1,091E+0	1,076E+0	0,000E+0	7	0010
1964,437	86,900	123,200	2,101E+2	0,000E+0	1,785E+2	1,778E+2	0,000E+0	1,091E+0	1,076E+0	0,000E+0	7	0010
1965,436	87,700	122,200	2,099E+2	0,000E+0	1,790E+2	1,779E+2	0,000E+0	1,094E+0	1,067E+0	0,000E+0	7	0010
1966,436	87,200	122,600	2,098E+2	0,000E+0	1,785E+2	1,776E+2	0,000E+0	1,095E+0	1,076E+0	0,000E+0	7	0010
1967,437	86,100	124,000	2,101E+2	0,000E+0	1,780E+2	1,780E+2	0,000E+0	1,096E+0	1,087E+0	0,000E+0	7	0010
1968,437	86,100	124,000	2,101E+2	0,000E+0	1,780E+2	1,780E+2	0,000E+0	1,096E+0	1,087E+0	0,000E+0	7	0010
1969,438	86,600	123,400	2,100E+2	0,000E+0	1,783E+2	1,779E+2	0,000E+0	1,086E+0	1,076E+0	0,000E+0	7	0010
1970,437	87,600	122,500	2,101E+2	0,000E+0	1,786E+2	1,776E+2	0,000E+0	1,097E+0	1,072E+0	0,000E+0	7	0010
1971,438	87,600	122,500	2,101E+2	0,000E+0	1,786E+2	1,776E+2	0,000E+0	1,097E+0	1,072E+0	0,000E+0	7	0010
1972,437	86,700	123,100	2,098E+2	0,000E+0	1,783E+2	1,777E+2	0,000E+0	1,092E+0	1,077E+0	0,000E+0	7	0010
1973,437	85,800	124,100	2,099E+2	0,000E+0	1,782E+2	1,781E+2	0,000E+0	1,084E+0	1,082E+0	0,000E+0	7	0010
1974,438	86,800	123,200	2,100E+2	0,000E+0	1,782E+2	1,777E+2	0,000E+0	1,093E+0	1,079E+0	0,000E+0	7	0010
1975,437	85,700	124,600	2,103E+2	0,000E+0	1,778E+2	1,781E+2	0,000E+0	1,089E+0	1,088E+0	0,000E+0	7	0010
1976,438	86,700	123,200	2,099E+2	0,000E+0	1,782E+2	1,778E+2	0,000E+0	1,089E+0	1,076E+0	0,000E+0	7	0010
1977,437	86,500	123,500	2,100E+2	0,000E+0	1,780E+2	1,778E+2	0,000E+0	1,090E+0	1,081E+0	0,000E+0	7	0010
1978,437	86,500	123,500	2,100E+2	0,000E+0	1,780E+2	1,778E+2	0,000E+0	1,090E+0	1,081E+0	0,000E+0	7	0010
1979,438	86,400	123,700	2,101E+2	0,000E+0	1,780E+2	1,778E+2	0,000E+0	1,089E+0	1,081E+0	0,000E+0	7	0010
1980,437	86,600	123,200	2,098E+2	0,000E+0	1,782E+2	1,776E+2	0,000E+0	1,093E+0	1,079E+0	0,000E+0	7	0010
1981,439	87,100	123,000	2,101E+2	0,000E+0	1,784E+2	1,777E+2	0,000E+0	1,094E+0	1,076E+0	0,000E+0	7	0010
1982,439	86,800	123,300	2,101E+2	0,000E+0	1,781E+2	1,778E+2	0,000E+0	1,093E+0	1,080E+0	0,000E+0	7	0010
1983,440	86,600	123,400	2,100E+2	0,000E+0	1,781E+2	1,779E+2	0,000E+0	1,090E+0	1,081E+0	0,000E+0	7	0010
1984,439	86,100	123,600	2,097E+2	0,000E+0	1,782E+2	1,782E+2	0,000E+0	1,085E+0	1,079E+0	0,000E+0	7	0010
1985,439	86,100	123,600	2,097E+2	0,000E+0	1,782E+2	1,782E+2	0,000E+0	1,085E+0	1,079E+0	0,000E+0	7	0010
1986,440	86,500	123,400	2,099E+2	0,000E+0	1,783E+2	1,780E+2	0,000E+0	1,091E+0	1,080E+0	0,000E+0	7	0010
1987,440	86,900	123,000	2,099E+2	0,000E+0	1,785E+2	1,778E+2	0,000E+0	1,090E+0	1,075E+0	0,000E+0	7	0010
1988,441	86,900	123,000	2,099E+2	0,000E+0	1,785E+2	1,778E+2	0,000E+0	1,090E+0	1,075E+0	0,000E+0	7	0010
1989,440	86,500	123,700	2,102E+2	0,000E+0	1,783E+2	1,778E+2	0,000E+0	1,092E+0	1,084E+0	0,000E+0	7	0010
1990,441	86,000	123,800	2,098E+2	0,000E+0	1,781E+2	1,781E+2	0,000E+0	1,085E+0	1,082E+0	0,000E+0	7	0010
1991,440	87,700	122,400	2,101E+2	0,000E+0	1,787E+2	1,777E+2	0,000E+0	1,095E+0	1,072E+0	0,000E+0	7	0010
1992,440	86,300	124,000	2,103E+2	0,000E+0	1,781E+2	1,780E+2	0,000E+0	1,090E+0	1,084E+0	0,000E+0	7	0010
1993,440	86,700	123,400	2,101E+2	0,000E+0	1,786E+2	1,781E+2	0,000E+0	1,090E+0	1,076E+0	0,000E+0	7	0010
1994,440	86,700	123,400	2,101E+2	0,000E+0	1,786E+2	1,781E+2	0,000E+0	1,090E+0	1,076E+0	0,000E+0	7	0010
1995,441	87,800	122,200	2,100E+2	0,000E+0	1,789E+2	1,776E+2	0,000E+0	1,097E+0	1,070E+0	0,000E+0	7	0010
1996,440	86,200	123,600	2,098E+2	0,000E+0	1,781E+2	1,779E+2	0,000E+0	1,092E+0	1,084E+0	0,000E+0	7	0010
1997,440	86,800	123,100	2,099E+2	0,000E+0	1,784E+2	1,779E+2	0,000E+0	1,094E+0	1,077E+0	0,000E+0	7	0010
1998,440	86,500	123,700	2,102E+2	0,000E+0	1,779E+2	1,778E+2	0,000E+0	1,094E+0	1,083E+0	0,000E+0	7	0010
1999,441	87,900	122,100	2,100E+2	0,000E+0	1,792E+2	1,777E+2	0,000E+0	1,097E+0	1,067E+0	0,000E+0	7	0010
2000,440	87,500	122,300	2,098E+2	0,000E+0	1,790E+2	1,778E+2	0,000E+0	1,094E+0	1,070E+0	0,000E+0	7	0001
2001,441	86,800	123,400	2,102E+2	0,000E+0	1,782E+2	1,780E+2	0,000E+0	1,093E+0	1,080E+0	0,000E+0	7	0001
2002,440	87,500	122,600	2,101E+2	0,000E+0	1,786E+2	1,776E+2	0,000E+0	1,096E+0	1,073E+0	0,000E+0	7	0001
2003,441	86,600	123,100	2,097E+2	0,000E+0	1,782E+2	1,778E+2	0,000E+0	1,095E+0	1,078E+0	0,000E+0	7	0001
2004,441	85,800	124,200	2,100E+2	0,000E+0	1,779E+2	1,782E+2	0,000E+0	1,089E+0	1,086E+0	0,000E+0	7	0001
2005,441	87,000	123,000	2,100E+2	0,000E+0	1,786E+2	1,778E+2	0,000E+0	1,091E+0	1,074E+0	0,000E+0	7	0001
2006,442	87,000	123,000	2,100E+2	0,000E+0	1,786E+2	1,778E+2	0,000E+0	1,091E+0	1,074E+0	0,000E+0	7	0001
2007,441	86,800	123,400	2,102E+2	0,000E+0	1,780E+2	1,776E+2	0,000E+0	1,093E+0	1,082E+0	0,000E+0	7	0001
2008,442	87,700	122,700	2,104E+2	0,000E+0	1,788E+2	1,777E+2	0,000E+0	1,098E+0	1,074E+0	0,000E+0	7	0001
2009,443	86,000	123,800	2,098E+2	0,000E+0	1,786E+2	1,787E+2	0,000E+0	1,090E+0	1,083E+0	0,000E+0	7	0001
2010,442	88,200	121,600	2,098E+2	0,000E+0	1,797E+2	1,782E+2	0,000E+0	1,093E+0	1,062E+0	0,000E+0	7	0001
2011,443	88,200	121,600	2,098E+2	0,000E+0	1,797E+2	1,782E+2	0,000E+0	1,093E+0	1,062E+0	0,000E+0	7	0001
2012,442	87,700	122,500	2,102E+2	0,000E+0	1,796E+2	1,786E+2	0,000E+0	1,096E+0	1,069E+0	0,000E+0	7	0001
2013,442	87,500	122,700	2,102E+2	0,000E+0	1,792E+2	1,782E+2	0,000E+0	1,092E+0	1,072E+0	0,000E+0	7	0001
2014,444	87,000	122,900	2,099E+2	0,000E+0	1,790E+2	1,782E+2	0,000E+0	1,094E+0	1,075E+0	0,000E+0	7	0001
2015,444	87,000	122,900	2,099E+2	0,000E+0	1,790E+2	1,785E+2	0,000E+0	1,093E+0	1,074E+0	0,000E+0	7	0001
2016,446	86,400	123,900	2,103E+2	0,000E+0	1,786E+2	1,785E+2	0,000E+0	1,095E+0	1,085E+0	0,000E+0	7	0001
2017,445	86,400	123,900	2,103E+2	0,000E+0	1,786E+2	1,785E+2	0,000E+0	1,095E+0	1,085E+0	0,000E+0	7	0001
2018,446	86,400	123,900	2,103E+2	0,000E+0	1,786E+2	1,785E+2	0,000E+0	1,095E+0	1,085E+0	0,000E+0	7	0001
2019,446	86,400	123,900	2,103E+2	0,000E+0	1,786E+2	1,785E+2	0,000E+0	1,095E+0	1,085E+0	0,000E+0	7	0001
2020,447	86,600	123,400	2,100E+2	0,000E+0	1,788E+2	1,783E+2	0,000E+0	1,094E+0	1,081E+0	0,000E+0	7	0001
2021,448	86,700	123,000	2,097E+2	0,000E+0	1,790E+2	1,784E+2	0,000E+0	1,093E+0	1,078E+0	0,000E+0	7	0001
2022,447	86,700	123,000	2,097E+2	0,000E+0	1,790E+2	1,784E+2	0,000E+0	1,093E+0	1,078E+0	0,000E+0	7	0001
2023,448	86,700	123,000	2,097E+2	0,000E+0	1,790E+2	1,784E+2	0,000E+0	1,093E+0	1,078E+0	0,000E+0	7	0001
2024,447	86,700	123,000	2,097E+2	0,000E+0	1,790E+2	1,784E+2	0,000E+0	1,093E+0	1,078E+0	0,000E+0	7	0001
2025,448	88,300	121,300	2,096E+2	0,000E+0	1,796E+2	1,781E+2	0,000E+0	1,096E+0	1,061E+0	0,000E+0	7	0001
2026,447	88,300	121,300	2,096E+2	0,000E+0	1,796E+2	1,781E+2	0,000E+0	1,096E+0	1,061E+0	0,000E+0	7	0001
2027,447	88,300	121,300	2,096E+2	0,000E+0	1,796E+2	1,781E+2	0,000E+0	1,096E+0	1,061E+0	0,000E+0	7	0001
2028,448	87,400	122,800	2,102E+2	0,000E+0	1,792E+2	1,784E+2	0,000E+0	1,096E+0	1,074E+0	0,000E+0	7	0001
2029,447	86,100	124,100	2,102E+2	0,000E+0	1,788E+2	1,785E+2	0,000E+0	1,090E+0	1,086E+0	0,000E+0	7	0001
2030,448	87,700	122,300	2,100E+2	0,000E+0	1,796E+2	1,783E+2	0,000E+0	1,096E+0	1,069E+0	0,000E+0	7	0001
2031,448	87,300	122,600	2,099E+2	0,000E+0	1,792E+2	1,783E+2	0,000E+0	1,093E+0	1,072E+0	0,000E+0	6	0001
2032,448	86,600	123,300	2,099E+2	0,000E+0	1,788E+2	1,783E+2	0,000E+0	1,089E+0	1,079E+0	0,000E+0	6	0001
2033,448	86,100	123,700	2,098E+2	0,000E+0	1,786E+2	1,786E+2	0,000E+0	1,089E+0	1,082E+0	0,000E+0	6	0001
2034,449	86,500	123,600	2,101E+2	0,000E+0	1,787E+2	1,784E+2	0,000E+0	1,094E+0	1,082E+0	0,000E+0	6	0001
2035,450	86,300	123,800	2,101E+2	0,000E+0	1,788E+2	1,786E+2	0,000E+0	1,084E+0	1,080E+0	0,000E+0	6	0001
2036,449	86,300	123,800	2,101E+2	0,000E+0	1,788E+2	1,786E+2	0,000E+0	1,084E+0	1,080E+0	0,000E+0	6	0001
2037,450	86,300	123,800	2,101E+2	0,000E+0	1,788E+2	1,786E+2	0,000E+0	1,084E+0	1,080E+0	0,000E+0	6	0001
2038,449	86,300	123,800	2,101E+2	0,000E+0	1,788E+2	1,786E+2	0,000E+0	1,084E+0	1,080E+0	0,000E+0	6	0001
2039,449	87,600	122,300	2,099E+2	0,000E+0	1,793E+2	1,783E+2	0,000E+0	1,091E+0	1,070E+0	0,000E+0	6	0001
2040,449	87,600	122,300	2,099E+2	0,000E+0	1,793E+2	1,783E+2	0,000E+0	1,091E+0	1,070E+0	0,000E+0	6	0001
2041,449	87,600	122,300	2,099E+2	0,000E+0	1,793E+2	1,783E+2	0,000E+0	1,091E+0	1,070E+0	0,000E+0	6	0001
2042,449	87,600	122,300	2,099E+2	0,000E+0	1,793E+2	1,783E+2	0,000E+0	1,091E+0	1,070E+0	0,000E+0	6	0001
2043,449	87,500	122,300	2,098E+2	0,000E+0	1,796E+2	1,785E+2	0,000E+0	1,092E+0	1,069E+0	0,000E+0	6	0001
2044,450	87,500	122,300	2,098E+2	0,000E+0	1,796E+2	1,785E+2	0,000E+0	1,092E+0	1,069E+0	0,000E+0	6	0001
2045,449	87,300	122,800	2,101E+2	0,000E+0	1,792E+2	1,784E+2	0,000E+0	1,095E+0	1,075E+0	0,000E+0	6	0001
2046,450	87,300	122,800	2,101E+2	0,000E+0	1,792E+2	1,784E+2	0,000E+0	1,095E+0	1,075E+0	0,000E+0	6	0001
2047,450	86,100	123,900	2,100E+2	0,000E+0	1,786E+2	1,789E+2	0,000E+0	1,082E+0	1,079E+0	0,000E+0	6	0001
2048,451	87,800	122,200	2,100E+2	0,000E+0	1,795E+2	1,782E+2	0,000E+0	1,096E+0	1,068E+0	0,000E+0	6	0001
2049,450	87,200	123,000	2,102E+2	0,000E+0	1,792E+2	1,784E+2	0,000E+0	1,095E+0	1,077E+0	0,000E+0	5	0001
2050,450	86,700	123,100	2,098E+2	0,000E+0	1,788E+2	1,784E+2	0,000E+0	1,090E+0	1,076E+0	0,000E+0	5	0001
2051,451	86,200	123,800	2,100E+2	0,000E+0	1,784E+2	1,786E+2	0,000E+0	1,098E+0	1,086E+0	0,000E+0	5	0001
2052,450	86,100	124,100	2,102E+2	0,000E+0	1,786E+2	1,788E+2	0,000E+0	1,089E+0	1,082E+0	0,000E+0	5	0001
2053,451	86,100	124,100	2,102E+2	0,000E+0	1,786E+2	1,788E+2	0,000E+0	1,089E+0	1,082E+0	0,000E+0	5	0001
2054,450	85,500	124,400	2,099E+2	0,000E+0	1,782E+2	1,783E+2	0,000E+0	1,094E+0	1,091E+0	0,000E+0	5	0001
2055,451	85,500	124,400	2,099E+2	0,000E+0	1,782E+2	1,783E+2	0,000E+0	1,094E+0	1,091E+0	0,000E+0	5	0001
2056,450	86,700	123,200	2,099E+2	0,000E+0	1,786E+2	1,782E+2	0,000E+0	1,094E+0	1,082E+0	0,000E+0	5	0001
2057,450	86,700	123,200	2,099E+2	0,000E+0	1,786E+2	1,782E+2	0,000E+0	1,094E+0	1,082E+0	0,000E+0	5	0001
2058,451	86,700	123,200	2,099E+2	0,000E+0	1,786E+2	1,782E+2	0,000E+0	1,094E+0	1,082E+0	0,000E+0	5	0001
2059,451	86,700	123,200	2,099E+2	0,000E+0	1,786E+2	1,782E+2	0,000E+0	1,094E+0	1,082E+0	0,000E+0	5	0001
2060,452	87,100	122,800	2,099E+2	0,000E+0	1,789E+2	1,782E+2	0,000E+0	1,092E+0	1,075E+0	0,000E+0	5	0001
2061,451	87,100	122,800	2,099E+2	0,000E+0	1,789E+2	1,782E+2	0,000E+0	1,092E+0	1,075E+0	0,000E+0	5	0001
2062,451	87,100	122,800	2,099E+2	0,000E+0	1,789E+2	1,782E+2	0,000E+0	1,092E+0	1,075E+0	0,000E+0	5	0001
2063,452	86,500	123,800	2,103E+2	0,000E+0	1,787E+2	1,783E+2	0,000E+0	1,094E+0	1,084E+0	0,000E+0	5	0001
2064,451	86,500	123,800	2,103E+2	0,000E+0	1,787E+2	1,783E+2	0,000E+0	1,094E+0	1,084E+0	0,000E+0	5	0001
2065,452	86,900	123,200	2,101E+2	0,000E+0	1,789E+2	1,784E+2	0,000E+0	1,096E+0	1,077E+0	0,000E+0	5	0001
2066,451	85,800	124,300	2,101E+2	0,000E+0	1,784E+2	1,783E+2	0,000E+0	1,092E+0	1,088E+0	0,000E+0	5	0001
2067,452	87,500	122,600	2,101E+2	0,000E+0	1,792E+2	1,784E+2	0,000E+0	1,094E+0	1,073E+0	0,000E+0	5	0001
2068,453	86,700	123,200	2,099E+2	0,000E+0	1,787E+2	1,785E+2	0,000E+0	1,085E+0	1,076E+0	0,000E+0	5	0001
2069,452	87,400	122,500	2,099E+2	0,000E+0	1,791E+2	1,782E+2	0,000E+0	1,094E+0	1,071E+0	0,000E+0	4	0001
2070,453	86,400	123,700	2,101E+2	0,000E+0	1,785E+2	1,785E+2	0,000E+0	1,094E+0	1,083E+0	0,000E+0	4	0001
2071,452	87,200	122,800	2,100E+2	0,000E+0	1,791E+2	1,784E+2	0,000E+0	1,095E+0	1,074E+0	0,000E+0	4	0001
2072,452	87,200	122,800	2,100E+2	0,000E+0	1,791E+2	1,784E+2	0,000E+0	1,095E+0	1,074E+0	0,000E+0	4	0001
2073,453	86,900	123,000	2,099E+2	0,000E+0	1,792E+2	1,784E+2	0,000E+0	1,093E+0	1,077E+0	0,000E+0	4	0001
2074,454	86,900	123,000	2,099E+2	0,000E+0	1,792E+2	1,784E+2	0,000E+0	1,093E+0	1,077E+0	0,000E+0	4	0001
2075,456	86,900	123,000	2,099E+2	0,000E+0	1,792E+2	1,784E+2	0,000E+0	1,093E+0	1,077E+0	0,000E+0	4	0001
2076,455	86,900	123,000	2,099E+2	0,000E+0	1,792E+2	1,784E+2	0,000E+0	1,093E+0	1,077E+0	0,000E+0	4	0001
2077,456	86,900	123,000	2,099E+2	0,000E+0	1,792E+2	1,784E+2	0,000E+0	1,093E+0	1,077E+0	0,000E+0	4	0001
2078,455	86,700	123,500	2,102E+2	0,000E+0	1,792E+2	1,789E+2	0,000E+0	1,091E+0	1,079E+0	0,000E+0	4	0001
2079,456	86,700	123,500	2,102E+2	0,000E+0	1,792E+2	1,789E+2	0,000E+0	1,091E+0	1,079E+0	0,000E+0	4	0001
2080,455	86,700	123,500	2,102E+2	0,000E+0	1,792E+2	1,789E+2	0,000E+0	1,091E+0	1,079E+0	0,000E+0	4	0001
2081,455	87,100	123,200	2,103E+2	0,000E+0	1,792E+2	1,787E+2	0,000E+0	1,090E+0	1,074E+0	0,000E+0	4	0001
2082,456	87,100	123,200	2,103E+2	0,000E+0	1,792E+2	1,787E+2	0,000E+0	1,090E+0	1,074E+0	0,000E+0	4	0001
2083,455	87,100	123,200	2,103E+2	0,000E+0	1,792E+2	1,787E+2	0,000E+0	1,090E+0	1,074E+0	0,000E+0	4	0001
2084,456	86,600	123,000	2,096E+2	0,000E+0	1,789E+2	1,785E+2	0,000E+0	1,092E+0	1,078E+0	0,000E+0	4	0001
2085,456	86,100	123,500	2,096E+2	0,000E+0	1,784E+2	1,785E+2	0,000E+0	1,094E+0	1,084E+0	0,000E+0	3	0001
2086,456	87,200	122,900	2,101E+2	0,000E+0	1,790E+2	1,785E+2	0,000E+0	1,094E+0	1,077E+0	0,000E+0	3	0001
2087,457	86,400	123,800	2,102E+2	0,000E+0	1,783E+2	1,783E+2	0,000E+0	1,098E+0	1,087E+0	0,000E+0	3	0001
2088,456	86,200	124,000	2,102E+2	0,000E+0	1,784E+2	1,784E+2	0,000E+0	1,097E+0	1,087E+0	0,000E+0	3	0001
2089,457	86,200	124,000	2,102E+2	0,000E+0	1,784E+2	1,784E+2	0,000E+0	1,097E+0	1,087E+0	0,000E+0	3	0001
2090,456	86,200	124,000	2,102E+2	0,000E+0	1,784E+2	1,784E+2	0,000E+0	1,097E+0	1,087E+0	0,000E+0	3	0001
2091,456	86,200	124,000	2,102E+2	0,000E+0	1,784E+2	1,784E+2	0,000E+0	1,097E+0	1,087E+0	0,000E+0	3	0001
2092,457	87,100	122,900	2,100E+2	0,000E+0	1,790E+2	1,784E+2	0,000E+0	1,092E+0	1,076E+0	0,000E+0	3	0001
2093,456	86,600	123,000	2,096E+2	0,000E+0	1,788E+2	1,785E+2	0,000E+0	1,096E+0	1,079E+0	0,000E+0	3	0001
2094,457	86,600	123,000	2,096E+2	0,000E+0	1,788E+2	1,785E+2	0,000E+0	1,096E+0	1,079E+0	0,000E+0	3	0001
2095,456	86,600	123,000	2,096E+2	0,000E+0	1,788E+2	1,785E+2	0,000E+0	1,096E+0	1,079E+0	0,000E+0	3	0001
2096,456	86,600	123,000	2,096E+2	0,000E+0	1,788E+2	1,785E+2	0,000E+0	1,096E+0	1,079E+0	0,000E+0	3	0001
2097,456	85,500	124,600	2,101E+2	0,000E+0	1,784E+2	1,789E+2	0,000E+0	1,088E+0	1,088E+0	0,000E+0	3	0001
2098,456	85,500	124,600	2,101E+2	0,000E+0	1,784E+2	1,789E+2	0,000E+0	1,088E+0	1,088E+0	0,000E+0	3	0001
2099,457	85,500	124,600	2,101E+2	0,000E+0	1,784E+2	1,789E+2	0,000E+0	1,088E+0	1,088E+0	0,000E+0	3	0001
2100,456	87,100	123,400	2,105E+2	0,000E+0	1,790E+2	1,784E+2	0,000E+0	1,092E+0	1,081E+0	0,000E+0	3	0001
2101,457	87,400	122,400	2,098E+2	0,000E+0	1,794E+2	1,784E+2	0,000E+0	1,093E+0	1,069E+0	0,000E+0	2	0001
2102,456	86,800	123,200	2,100E+2	0,000E+0	1,791E+2	1,787E+2	0,000E+0	1,089E+0	1,076E+0	0,000E+0	2	0001
2103,456	86,600	123,400	2,100E+2	0,000E+0	1,790E+2	1,784E+2	0,000E+0	1,090E+0	1,079E+0	0,000E+0	2	0001
2104,457	86,900	123,000	2,099E+2	0,000E+0	1,790E+2	1,785E+2	0,000E+0	1,090E+0	1,077E+0	0,000E+0	2	0001
2105,457	86,900	123,000	2,099E+2	0,000E+0	1,790E+2	1,785E+2	0,000E+0	1,090E+0	1,077E+0	0,000E+0	2	0001
2106,458	86,900	123,000	2,099E+2	0,000E+0	1,790E+2	1,785E+2	0,000E+0	1,090E+0	1,077E+0	0,000E+0	2	0001
2107,457	86,500	123,500	2,100E+2	0,000E+0	1,789E+2	1,785E+2	0,000E+0	1,092E+0	1,080E+0	0,000E+0	2	0001
2108,457	86,500	123,500	2,100E+2	0,000E+0	1,789E+2	1,785E+2	0,000E+0	1,092E+0	1,080E+0	0,000E+0	2	0001
2109,457	86,200	124,200	2,104E+2	0,000E+0	1,784E+2	1,786E+2	0,000E+0	1,087E+0	1,086E+0	0,000E+0	2	0001
2110,457	86,200	124,200	2,104E+2	0,000E+0	1,784E+2	1,786E+2	0,000E+0	1,087E+0	1,086E+0	0,000E+0	2	0001
2111,458	86,200	124,200	2,104E+2	0,000E+0	1,784E+2	1,786E+2	0,000E+0	1,087E+0	1,086E+0	0,000E+0	2	0001
2112,459	86,200	124,200	2,104E+2	0,000E+0	1,784E+2	1,786E+2	0,000E+0	1,087E+0	1,086E+0	0,000E+0	2	0001
2113,458	86,500	123,300	2,098E+2	0,000E+0	1,791E+2	1,786E+2	0,000E+0	1,087E+0	1,078E+0	0,000E+0	2	0001
2114,459	86,500	123,300	2,098E+2	0,000E+0	1,791E+2	1,786E+2	0,000E+0	1,087E+0	1,078E+0	0,000E+0	2	0001
2115,460	86,500	123,300	2,098E+2	0,000E+0	1,791E+2	1,786E+2	0,000E+0	1,087E+0	1,078E+0	0,000E+0	2	0001
2116,459	86,900	123,100	2,100E+2	0,000E+0	1,789E+2	1,783E+2	0,000E+0	1,096E+0	1,080E+0	0,000E+0	2	0001
2117,460	86,700	123,200	2,099E+2	0,000E+0	1,792E+2	1,786E+2	0,000E+0	1,091E+0	1,077E+0	0,000E+0	2	0001
2118,460	87,000	123,000	2,100E+2	0,000E+0	1,791E+2	1,787E+2	0,000E+0	1,088E+0	1,073E+0	0,000E+0	2	0001
2119,462	87,100	123,100	2,102E+2	0,000E+0	1,789E+2	1,784E+2	0,000E+0	1,095E+0	1,078E+0	0,000E+0	2	0001
2120,461	87,100	123,000	2,101E+2	0,000E+0	1,790E+2	1,783E+2	0,000E+0	1,094E+0	1,076E+0	0,000E+0	2	0001
2121,461	86,700	123,100	2,098E+2	0,000E+0	1,789E+2	1,784E+2	0,000E+0	1,091E+0	1,076E+0	0,000E+0	2	0001
2122,462	87,100	123,000	2,101E+2	0,000E+0	1,789E+2	1,785E+2	0,000E+0	1,093E+0	1,077E+0	0,000E+0	2	0001
2123,462	86,200	123,900	2,101E+2	0,000E+0	1,787E+2	1,785E+2	0,000E+0	1,091E+0	1,083E+0	0,000E+0	2	0001
2124,464	87,700	122,100	2,098E+2	0,000E+0	1,796E+2	1,783E+2	0,000E+0	1,095E+0	1,066E+0	0,000E+0	2	0001
2125,463	87,600	122,200	2,098E+2	0,000E+0	1,796E+2	1,784E+2	0,000E+0	1,095E+0	1,068E+0	0,000E+0	2	0001
2126,463	87,600	122,200	2,098E+2	0,000E+0	1,796E+2	1,784E+2	0,000E+0	1,095E+0	1,068E+0	0,000E+0	2	0001
2127,464	87,000	123,400	2,104E+2	0,000E+0	1,791E+2	1,785E+2	0,000E+0	1,093E+0	1,079E+0	0,000E+0	2	0001
2128,464	86,400	123,200	2,096E+2	0,000E+0	1,788E+2	1,787E+2	0,000E+0	1,086E+0	1,078E+0	0,000E+0	2	0001
2129,465	86,400	123,200	2,096E+2	0,000E+0	1,788E+2	1,787E+2	0,000E+0	1,086E+0	1,078E+0	0,000E+0	2	0001
2130,464	86,500	123,800	2,103E+2	0,000E+0	1,786E+2	1,786E+2	0,000E+0	1,092E+0	1,083E+0	0,000E+0	2	0001
2131,466	86,500	123,800	2,103E+2	0,000E+0	1,786E+2	1,786E+2	0,000E+0	1,092E+0	1,083E+0	0,000E+0	2	0001
2132,465	87,000	123,200	2,102E+2	0,000E+0	1,790E+2	1,784E+2	0,000E+0	1,095E+0	1,079E+0	0,000E+0	2	0001
2133,466	87,800	122,300	2,101E+2	0,000E+0	1,793E+2	1,784E+2	0,000E+0	1,095E+0	1,070E+0	0,000E+0	2	0001
2134,466	86,700	123,300	2,100E+2	0,000E+0	1,787E+2	1,783E+2	0,000E+0	1,096E+0	1,083E+0	0,000E+0	2	0001
2135,466	87,500	122,300	2,098E+2	0,000E+0	1,791E+2	1,782E+2	0,000E+0	1,097E+0	1,071E+0	0,000E+0	2	0001
2136,467	87,100	122,800	2,099E+2	0,000E+0	1,793E+2	1,787E+2	0,000E+0	1,087E+0	1,072E+0	0,000E+0	2	0001
2137,466	86,800	123,200	2,100E+2	0,000E+0	1,791E+2	1,786E+2	0,000E+0	1,096E+0	1,077E+0	0,000E+0	2	0001
2138,467	86,800	123,200	2,100E+2	0,000E+0	1,791E+2	1,786E+2	0,000E+0	1,096E+0	1,077E+0	0,000E+0	2	0001
2139,466	86,400	123,600	2,100E+2	0,000E+0	1,788E+2	1,785E+2	0,000E+0	1,095E+0	1,084E+0	0,000E+0	2	0001
2140,466	87,700	122,500	2,102E+2	0,000E+0	1,797E+2	1,783E+2	0,000E+0	1,097E+0	1,072E+0	0,000E+0	2	0001
2141,467	86,000	123,600	2,096E+2	0,000E+0	1,786E+2	1,787E+2	0,000E+0	1,086E+0	1,081E+0	0,000E+0	2	0001
2142,467	86,000	124,000	2,100E+2	0,000E+0	1,788E+2	1,788E+2	0,000E+0	1,088E+0	1,082E+0	0,000E+0	2	0001
2143,468	86,700	123,500	2,102E+2	0,000E+0	1,789E+2	1,785E+2	0,000E+0	1,093E+0	1,081E+0	0,000E+0	2	0001
2144,467	86,700	123,500	2,102E+2	0,000E+0	1,789E+2	1,785E+2	0,000E+0	1,093E+0	1,081E+0	0,000E+0	2	0001
2145,469	86,300	123,600	2,099E+2	0,000E+0	1,786E+2	1,784E+2	0,000E+0	1,089E+0	1,082E+0	0,000E+0	2	0001
2146,468	87,600	122,600	2,102E+2	0,000E+0	1,794E+2	1,782E+2	0,000E+0	1,095E+0	1,072E+0	0,000E+0	2	0001
2147,468	86,100	123,800	2,099E+2	0,000E+0	1,787E+2	1,787E+2	0,000E+0	1,084E+0	1,082E+0	0,000E+0	2	0001
2148,469	86,300	123,600	2,099E+2	0,000E+0	1,788E+2	1,787E+2	0,000E+0	1,087E+0	1,079E+0	0,000E+0	2	0001
2149,468	86,000	124,100	2,101E+2	0,000E+0	1,790E+2	1,791E+2	0,000E+0	1,083E+0	1,079E+0	0,000E+0	2	0001
2150,468	86,900	123,400	2,103E+2	0,000E+0	1,793E+2	1,787E+2	0,000E+0	1,093E+0	1,077E+0	0,000E+0	2	0001
2151,469	87,200	122,900	2,101E+2	0,000E+0	1,791E+2	1,783E+2	0,000E+0	1,094E+0	1,075E+0	0,000E+0	2	0001
2152,470	87,000	123,000	2,100E+2	0,000E+0	1,791E+2	1,786E+2	0,000E+0	1,088E+0	1,074E+0	0,000E+0	2	0001
2153,469	87,000	123,200	2,102E+2	0,000E+0	1,788E+2	1,784E+2	0,000E+0	1,096E+0	1,078E+0	0,000E+0	2	0001
2154,470	87,000	123,200	2,102E+2	0,000E+0	1,788E+2	1,784E+2	0,000E+0	1,096E+0	1,078E+0	0,000E+0	2	0001
2155,470	86,200	123,600	2,098E+2	0,000E+0	1,788E+2	1,787E+2	0,000E+0	1,089E+0	1,080E+0	0,000E+0	2	0001
2156,471	86,100	124,100	2,102E+2	0,000E+0	1,786E+2	1,785E+2	0,000E+0	1,095E+0	1,087E+0	0,000E+0	1	0001
2157,470	87,000	123,000	2,100E+2	0,000E+0	1,791E+2	1,785E+2	0,000E+0	1,097E+0	1,078E+0	0,000E+0	1	0001
2158,470	86,500	123,200	2,097E+2	0,000E+0	1,792E+2	1,788E+2	0,000E+0	1,083E+0	1,074E+0	0,000E+0	1	0001
2159,471	86,500	123,800	2,103E+2	0,000E+0	1,786E+2	1,786E+2	0,000E+0	1,089E+0	1,083E+0	0,000E+0	1	0001
2160,470	86,500	123,800	2,103E+2	0,000E+0	1,786E+2	1,786E+2	0,000E+0	1,089E+0	1,083E+0	0,000E+0	1	0001
2161,470	86,500	123,800	2,103E+2	0,000E+0	1,786E+2	1,786E+2	0,000E+0	1,089E+0	1,083E+0	0,000E+0	1	0001
2162,471	86,500	123,800	2,103E+2	0,000E+0	1,786E+2	1,786E+2	0,000E+0	1,089E+0	1,083E+0	0,000E+0	1	0001
2163,470	86,500	123,800	2,103E+2	0,000E+0	1,786E+2	1,786E+2	0,000E+0	1,089E+0	1,083E+0	0,000E+0	1	0001
2164,470	86,300	123,900	2,102E+2	0,000E+0	1,786E+2	1,785E+2	0,000E+0	1,093E+0	1,084E+0	0,000E+0	1	0001
2165,471	86,300	123,900	2,102E+2	0,000E+0	1,786E+2	1,785E+2	0,000E+0	1,093E+0	1,084E+0	0,000E+0	1	0001
2166,470	86,300	123,900	2,102E+2	0,000E+0	1,786E+2	1,785E+2	0,000E+0	1,093E+0	1,084E+0	0,000E+0	1	0001
2167,470	86,500	122,800	2,093E+2	0,000E+0	1,784E+2	1,781E+2	0,000E+0	1,100E+0	1,080E+0	0,000E+0	1	0001
2168,470	86,500	122,800	2,093E+2	0,000E+0	1,784E+2	1,781E+2	0,000E+0	1,100E+0	1,080E+0	0,000E+0	1	0001
2169,471	86,600	123,100	2,097E+2	0,000E+0	1,787E+2	1,781E+2	0,000E+0	1,093E+0	1,077E+0	0,000E+0	1	0001
2170,470	86,600	123,100	2,097E+2	0,000E+0	1,787E+2	1,781E+2	0,000E+0	1,093E+0	1,077E+0	0,000E+0	1	0001
2171,472	86,600	123,700	2,103E+2	0,000E+0	1,784E+2	1,782E+2	0,000E+0	1,095E+0	1,082E+0	0,000E+0	0	0001
2172,471	85,800	123,700	2,095E+2	0,000E+0	1,779E+2	1,781E+2	0,000E+0	1,082E+0	1,081E+0	0,000E+0	0	0001
2173,472	87,100	122,700	2,098E+2	0,000E+0	1,783E+2	1,775E+2	0,000E+0	1,095E+0	1,076E+0	0,000E+0	0	0001
2174,473	86,700	123,300	2,100E+2	0,000E+0	1,783E+2	1,778E+2	0,000E+0	1,091E+0	1,079E+0	0,000E+0	0	0001
2175,472	86,700	123,300	2,100E+2	0,000E+0	1,783E+2	1,778E+2	0,000E+0	1,091E+0	1,079E+0	0,000E+0	0	0001
2176,473	86,700	123,300	2,100E+2	0,000E+0	1,783E+2	1,778E+2	0,000E+0	1,091E+0	1,079E+0	0,000E+0	0	0001
2177,472	86,700	123,300	2,100E+2	0,000E+0	1,783E+2	1,778E+2	0,000E+0	1,091E+0	1,079E+0	0,000E+0	0	0001
2178,473	86,700	123,300	2,100E+2	0,000E+0	1,783E+2	1,778E+2	0,000E+0	1,091E+0	1,079E+0	0,000E+0	0	0001
2179,472	86,300	123,500	2,098E+2	0,000E+0	1,783E+2	1,781E+2	0,000E+0	1,089E+0	1,078E+0	0,000E+0	0	0001
2180,472	86,300	123,500	2,098E+2	0,000E+0	1,783E+2	1,781E+2	0,000E+0	1,089E+0	1,078E+0	0,000E+0	0	0001
2181,473	86,300	123,500	2,098E+2	0,000E+0	1,783E+2	1,781E+2	0,000E+0	1,089E+0	1,078E+0	0,000E+0	0	0001
2182,472	86,300	123,500	2,098E+2	0,000E+0	1,783E+2	1,781E+2	0,000E+0	1,089E+0	1,078E+0	0,000E+0	0	0001
2183,474	86,600	123,400	2,100E+2	0,000E+0	1,782E+2	1,779E+2	0,000E+0	1,095E+0	1,083E+0	0,000E+0	0	0001
2184,473	86,600	123,400	2,100E+2	0,000E+0	1,782E+2	1,779E+2	0,000E+0	1,095E+0	1,083E+0	0,000E+0	0	0001
2185,474	86,900	123,400	2,103E+2	0,000E+0	1,783E+2	1,778E+2	0,000E+0	1,097E+0	1,079E+0	0,000E+0	0	0001
2186,473	87,600	122,700	2,103E+2	0,000E+0	1,787E+2	1,776E+2	0,000E+0	1,101E+0	1,075E+0	0,000E+0	0	0001
2187,473	85,900	124,100	2,100E+2	0,000E+0	1,779E+2	1,779E+2	0,000E+0	1,093E+0	1,088E+0	0,000E+0	0	0001
2188,475	86,300	123,700	2,100E+2	0,000E+0	1,780E+2	1,780E+2	0,000E+0	1,096E+0	1,085E+0	0,000E+0	0	0001
2189,474	86,600	123,100	2,097E+2	0,000E+0	1,782E+2	1,780E+2	0,000E+0	1,093E+0	1,078E+0	0,000E+0	0	0001
2190,476	86,400	123,600	2,100E+2	0,000E+0	1,783E+2	1,782E+2	0,000E+0	1,091E+0	1,080E+0	0,000E+0	0	0001
2191,476	87,100	123,200	2,103E+2	0,000E+0	1,786E+2	1,779E+2	0,000E+0	1,095E+0	1,077E+0	0,000E+0	0	0001
2192,477	87,100	122,800	2,099E+2	0,000E+0	1,786E+2	1,779E+2	0,000E+0	1,090E+0	1,074E+0	0,000E+0	0	0001
2193,477	87,100	122,800	2,099E+2	0,000E+0	1,786E+2	1,779E+2	0,000E+0	1,090E+0	1,074E+0	0,000E+0	0	0001
2194,477	70,000	96,200	1,662E+2	0,000E+0	1,764E+2	1,761E+2	0,000E+0	9,303E-1	9,206E-1	0,000E+0	0	0001
2195,478	70,900	104,700	1,756E+2	0,000E+0	1,734E+2	1,734E+2	0,000E+0	1,079E+0	1,073E+0	0,000E+0	0	0001
2196,478	9,400	8,600	1,800E+1	0,000E+0	1,617E+2	1,615E+2	0,000E+0	1,058E-1	1,046E-1	0,000E+0	0	0001
2197,480	4,500	3,800	8,300E+0	0,000E+0	1,448E+2	1,449E+2	0,000E+0	6,200E-2	6,140E-2	0,000E+0	0	0001
2198,479	3,900	3,200	7,100E+0	0,000E+0	1,350E+2	1,350E+2	0,000E+0	5,990E-2	5,960E-2	0,000E+0	0	0001
2199,480	8,200	7,200	1,540E+1	0,000E+0	1,421E+2	1,419E+2	0,000E+0	1,114E-1	1,113E-1	0,000E+0	0	0001
