0,004487	0,000000	80,000000	0,000000E+0
0,042899	0,000000	80,000000	0,000000E+0
0,042899	0,000000	80,000000	0,000000E+0
0,042899	0,000000	80,000000	0,000000E+0
0,042899	0,000000	80,000000	0,000000E+0
0,042899	0,000000	80,000000	0,000000E+0
0,042899	0,000000	80,000000	0,000000E+0
0,042899	0,000000	80,000000	0,000000E+0
0,042899	0,000000	80,000000	0,000000E+0
0,042899	0,000000	80,000000	0,000000E+0
0,042899	0,000000	80,000000	0,000000E+0
1,043178	0,000000	80,000000	0,000000E+0
1,043178	0,000000	80,000000	0,000000E+0
1,043178	0,000000	80,000000	0,000000E+0
1,043178	0,000000	80,000000	0,000000E+0
1,043178	0,000000	80,000000	0,000000E+0
1,043178	0,000000	80,000000	0,000000E+0
1,043178	0,000000	80,000000	0,000000E+0
1,043178	0,000000	80,000000	0,000000E+0
1,043178	0,000000	80,000000	0,000000E+0
1,043178	0,000000	80,000000	0,000000E+0
2,043605	0,000000	80,000000	0,000000E+0
2,043605	0,000000	80,000000	0,000000E+0
2,043605	0,000000	80,000000	0,000000E+0
2,043605	0,000000	80,000000	0,000000E+0
2,043605	0,000000	80,000000	0,000000E+0
2,043605	0,000000	80,000000	0,000000E+0
2,043605	0,000000	80,000000	0,000000E+0
2,043605	0,000000	80,000000	0,000000E+0
2,043605	0,000000	80,000000	0,000000E+0
2,043605	0,000000	80,000000	0,000000E+0
3,044012	0,000000	80,000000	0,000000E+0
3,044012	0,000000	80,000000	0,000000E+0
3,044012	0,000000	80,000000	0,000000E+0
3,044012	0,000000	80,000000	0,000000E+0
3,044012	0,000000	80,000000	0,000000E+0
3,044012	0,000000	80,000000	0,000000E+0
3,044012	0,000000	80,000000	0,000000E+0
3,044012	0,000000	80,000000	0,000000E+0
3,044012	0,000000	80,000000	0,000000E+0
3,044012	0,000000	80,000000	0,000000E+0
4,044446	0,000000	80,000000	0,000000E+0
4,044446	0,000000	80,000000	0,000000E+0
4,044446	0,000000	80,000000	0,000000E+0
4,044446	0,000000	80,000000	0,000000E+0
4,044446	0,000000	80,000000	0,000000E+0
4,044446	0,000000	80,000000	0,000000E+0
4,044446	0,000000	80,000000	0,000000E+0
4,044446	0,000000	80,000000	0,000000E+0
4,044446	0,000000	80,000000	0,000000E+0
4,044446	0,000000	80,000000	0,000000E+0
5,043871	0,000000	80,000000	0,000000E+0
5,043871	0,000000	80,000000	0,000000E+0
5,043871	0,000000	80,000000	0,000000E+0
5,043871	0,000000	80,000000	0,000000E+0
5,043871	0,000000	80,000000	0,000000E+0
5,043871	0,000000	80,000000	0,000000E+0
5,043871	0,000000	80,000000	0,000000E+0
5,043871	0,000000	80,000000	0,000000E+0
5,043871	0,000000	80,000000	0,000000E+0
5,043871	0,000000	80,000000	0,000000E+0
6,044295	0,000000	80,000000	0,000000E+0
6,044295	0,000000	80,000000	0,000000E+0
6,044295	0,000000	80,000000	0,000000E+0
6,044295	0,000000	80,000000	0,000000E+0
6,044295	0,000000	80,000000	0,000000E+0
6,044295	0,000000	80,000000	0,000000E+0
6,044295	0,000000	80,000000	0,000000E+0
6,044295	0,000000	80,000000	0,000000E+0
6,044295	0,000000	80,000000	0,000000E+0
6,044295	0,000000	80,000000	0,000000E+0
7,043717	0,000000	80,000000	0,000000E+0
7,043717	0,000000	80,000000	0,000000E+0
7,043717	0,000000	80,000000	0,000000E+0
7,043717	0,000000	80,000000	0,000000E+0
7,043717	0,000000	80,000000	0,000000E+0
7,043717	0,000000	80,000000	0,000000E+0
7,043717	0,000000	80,000000	0,000000E+0
7,043717	0,000000	80,000000	0,000000E+0
7,043717	0,000000	80,000000	0,000000E+0
7,043717	0,000000	80,000000	0,000000E+0
8,045138	0,000000	80,000000	0,000000E+0
8,045138	0,000000	80,000000	0,000000E+0
8,045138	0,000000	80,000000	0,000000E+0
8,045138	0,000000	80,000000	0,000000E+0
8,045138	0,000000	80,000000	0,000000E+0
8,045138	0,000000	80,000000	0,000000E+0
8,045138	0,000000	80,000000	0,000000E+0
8,045138	0,000000	80,000000	0,000000E+0
8,045138	0,000000	80,000000	0,000000E+0
8,045138	0,000000	80,000000	0,000000E+0
9,045557	0,000000	80,000000	0,000000E+0
9,045557	0,000000	80,000000	0,000000E+0
9,045557	0,000000	80,000000	0,000000E+0
9,045557	0,000000	80,000000	0,000000E+0
9,045557	0,000000	80,000000	0,000000E+0
9,045557	0,000000	80,000000	0,000000E+0
9,045557	0,000000	80,000000	0,000000E+0
9,045557	0,000000	80,000000	0,000000E+0
9,045557	0,000000	80,000000	0,000000E+0
9,045557	0,000000	80,000000	0,000000E+0
10,044988	0,000000	80,000000	0,000000E+0
10,044988	0,000000	80,000000	0,000000E+0
10,044988	0,000000	80,000000	0,000000E+0
10,044988	0,000000	80,000000	0,000000E+0
10,044988	0,000000	80,000000	0,000000E+0
10,044988	0,000000	80,000000	0,000000E+0
10,044988	0,000000	80,000000	0,000000E+0
10,044988	0,000000	80,000000	0,000000E+0
10,044988	0,000000	80,000000	0,000000E+0
10,044988	0,000000	80,000000	0,000000E+0
11,045437	0,000000	80,000000	0,000000E+0
11,045437	0,000000	80,000000	0,000000E+0
11,045437	0,000000	80,000000	0,000000E+0
11,045437	0,000000	80,000000	0,000000E+0
11,045437	0,000000	80,000000	0,000000E+0
11,045437	0,000000	80,000000	0,000000E+0
11,045437	0,000000	80,000000	0,000000E+0
11,045437	0,000000	80,000000	0,000000E+0
11,045437	0,000000	80,000000	0,000000E+0
11,045437	0,000000	80,000000	0,000000E+0
12,044838	0,000000	80,000000	0,000000E+0
12,044838	0,000000	80,000000	0,000000E+0
12,044838	0,000000	80,000000	0,000000E+0
12,044838	0,000000	80,000000	0,000000E+0
12,044838	0,000000	80,000000	0,000000E+0
12,044838	0,000000	80,000000	0,000000E+0
12,044838	0,000000	80,000000	0,000000E+0
12,044838	0,000000	80,000000	0,000000E+0
12,044838	0,000000	80,000000	0,000000E+0
12,044838	0,000000	80,000000	0,000000E+0
13,045261	0,000000	80,000000	0,000000E+0
13,045261	0,000000	80,000000	0,000000E+0
13,045261	0,000000	80,000000	0,000000E+0
13,045261	0,000000	80,000000	0,000000E+0
13,045261	0,000000	80,000000	0,000000E+0
13,045261	0,000000	80,000000	0,000000E+0
13,045261	0,000000	80,000000	0,000000E+0
13,045261	0,000000	80,000000	0,000000E+0
13,045261	0,000000	80,000000	0,000000E+0
13,045261	0,000000	80,000000	0,000000E+0
14,046683	0,000000	80,000000	0,000000E+0
14,046683	0,000000	80,000000	0,000000E+0
14,046683	0,000000	80,000000	0,000000E+0
14,046683	0,000000	80,000000	0,000000E+0
14,046683	0,000000	80,000000	0,000000E+0
14,046683	0,000000	80,000000	0,000000E+0
14,046683	0,000000	80,000000	0,000000E+0
14,046683	0,000000	80,000000	0,000000E+0
14,046683	0,000000	80,000000	0,000000E+0
14,046683	0,000000	80,000000	0,000000E+0
15,046109	0,000000	80,000000	0,000000E+0
15,046109	0,000000	80,000000	0,000000E+0
15,046109	0,000000	80,000000	0,000000E+0
15,046109	0,000000	80,000000	0,000000E+0
15,046109	0,000000	80,000000	0,000000E+0
15,046109	0,000000	80,000000	0,000000E+0
15,046109	0,000000	80,000000	0,000000E+0
15,046109	0,000000	80,000000	0,000000E+0
15,046109	0,000000	80,000000	0,000000E+0
15,046109	0,000000	80,000000	0,000000E+0
16,047532	0,000000	80,000000	0,000000E+0
16,047532	0,000000	80,000000	0,000000E+0
16,047532	0,000000	80,000000	0,000000E+0
16,047532	0,000000	80,000000	0,000000E+0
16,047532	0,000000	80,000000	0,000000E+0
16,047532	0,000000	80,000000	0,000000E+0
16,047532	0,000000	80,000000	0,000000E+0
16,047532	0,000000	80,000000	0,000000E+0
16,047532	0,000000	80,000000	0,000000E+0
16,047532	0,000000	80,000000	0,000000E+0
17,046954	0,000000	80,000000	0,000000E+0
17,046954	0,000000	80,000000	0,000000E+0
17,046954	0,000000	80,000000	0,000000E+0
17,046954	0,000000	80,000000	0,000000E+0
17,046954	0,000000	80,000000	0,000000E+0
17,046954	0,000000	80,000000	0,000000E+0
17,046954	0,000000	80,000000	0,000000E+0
17,046954	0,000000	80,000000	0,000000E+0
17,046954	0,000000	80,000000	0,000000E+0
17,046954	0,000000	80,000000	0,000000E+0
18,047377	0,000000	80,000000	0,000000E+0
18,047377	0,000000	80,000000	0,000000E+0
18,047377	0,000000	80,000000	0,000000E+0
18,047377	0,000000	80,000000	0,000000E+0
18,047377	0,000000	80,000000	0,000000E+0
18,047377	0,000000	80,000000	0,000000E+0
18,047377	0,000000	80,000000	0,000000E+0
18,047377	0,000000	80,000000	0,000000E+0
18,047377	0,000000	80,000000	0,000000E+0
18,047377	0,000000	80,000000	0,000000E+0
19,046814	0,000000	80,000000	0,000000E+0
19,046814	0,000000	80,000000	0,000000E+0
19,046814	0,000000	80,000000	0,000000E+0
19,046814	0,000000	80,000000	0,000000E+0
19,046814	0,000000	80,000000	0,000000E+0
19,046814	0,000000	80,000000	0,000000E+0
19,046814	0,000000	80,000000	0,000000E+0
19,046814	0,000000	80,000000	0,000000E+0
19,046814	0,000000	80,000000	0,000000E+0
19,046814	0,000000	80,000000	0,000000E+0
20,047234	0,000000	80,000000	0,000000E+0
20,047234	0,000000	80,000000	0,000000E+0
20,047234	0,000000	80,000000	0,000000E+0
20,047234	0,000000	80,000000	0,000000E+0
20,047234	0,000000	80,000000	0,000000E+0
20,047234	0,000000	80,000000	0,000000E+0
20,047234	0,000000	80,000000	0,000000E+0
20,047234	0,000000	80,000000	0,000000E+0
20,047234	0,000000	80,000000	0,000000E+0
20,047234	0,000000	80,000000	0,000000E+0
21,048652	0,000000	80,000000	0,000000E+0
21,048652	0,000000	80,000000	0,000000E+0
21,048652	0,000000	80,000000	0,000000E+0
21,048652	0,000000	80,000000	0,000000E+0
21,048652	0,000000	80,000000	0,000000E+0
21,048652	0,000000	80,000000	0,000000E+0
21,048652	0,000000	80,000000	0,000000E+0
21,048652	0,000000	80,000000	0,000000E+0
21,048652	0,000000	80,000000	0,000000E+0
21,048652	0,000000	80,000000	0,000000E+0
22,048098	0,000000	80,000000	0,000000E+0
22,048098	0,000000	80,000000	0,000000E+0
22,048098	0,000000	80,000000	0,000000E+0
22,048098	0,000000	80,000000	0,000000E+0
22,048098	0,000000	80,000000	0,000000E+0
22,048098	0,000000	80,000000	0,000000E+0
22,048098	0,000000	80,000000	0,000000E+0
22,048098	0,000000	80,000000	0,000000E+0
22,048098	0,000000	80,000000	0,000000E+0
22,048098	0,000000	80,000000	0,000000E+0
23,048506	0,000000	80,000000	0,000000E+0
23,048506	0,000000	80,000000	0,000000E+0
23,048506	0,000000	80,000000	0,000000E+0
23,048506	0,000000	80,000000	0,000000E+0
23,048506	0,000000	80,000000	0,000000E+0
23,048506	0,000000	80,000000	0,000000E+0
23,048506	0,000000	80,000000	0,000000E+0
23,048506	0,000000	80,000000	0,000000E+0
23,048506	0,000000	80,000000	0,000000E+0
23,048506	0,000000	80,000000	0,000000E+0
24,047932	0,000000	80,000000	0,000000E+0
24,047932	0,000000	80,000000	0,000000E+0
24,047932	0,000000	80,000000	0,000000E+0
24,047932	0,000000	80,000000	0,000000E+0
24,047932	0,000000	80,000000	0,000000E+0
24,047932	0,000000	80,000000	0,000000E+0
24,047932	0,000000	80,000000	0,000000E+0
24,047932	0,000000	80,000000	0,000000E+0
24,047932	0,000000	80,000000	0,000000E+0
24,047932	0,000000	80,000000	0,000000E+0
25,048352	0,000000	80,000000	0,000000E+0
25,048352	0,000000	80,000000	0,000000E+0
25,048352	0,000000	80,000000	0,000000E+0
25,048352	0,000000	80,000000	0,000000E+0
25,048352	0,000000	80,000000	0,000000E+0
25,048352	0,000000	80,000000	0,000000E+0
25,048352	0,000000	80,000000	0,000000E+0
25,048352	0,000000	80,000000	0,000000E+0
25,048352	0,000000	80,000000	0,000000E+0
25,048352	0,000000	80,000000	0,000000E+0
26,047801	0,000000	80,000000	0,000000E+0
26,047801	0,000000	80,000000	0,000000E+0
26,047801	0,000000	80,000000	0,000000E+0
26,047801	0,000000	80,000000	0,000000E+0
26,047801	0,000000	80,000000	0,000000E+0
26,047801	0,000000	80,000000	0,000000E+0
26,047801	0,000000	80,000000	0,000000E+0
26,047801	0,000000	80,000000	0,000000E+0
26,047801	0,000000	80,000000	0,000000E+0
26,047801	0,000000	80,000000	0,000000E+0
27,049199	0,000000	80,000000	0,000000E+0
27,049199	0,000000	80,000000	0,000000E+0
27,049199	0,000000	80,000000	0,000000E+0
27,049199	0,000000	80,000000	0,000000E+0
27,049199	0,000000	80,000000	0,000000E+0
27,049199	0,000000	80,000000	0,000000E+0
27,049199	0,000000	80,000000	0,000000E+0
27,049199	0,000000	80,000000	0,000000E+0
27,049199	0,000000	80,000000	0,000000E+0
27,049199	0,000000	80,000000	0,000000E+0
28,049630	0,000000	80,000000	0,000000E+0
28,049630	0,000000	80,000000	0,000000E+0
28,049630	0,000000	80,000000	0,000000E+0
28,049630	0,000000	80,000000	0,000000E+0
28,049630	0,000000	80,000000	0,000000E+0
28,049630	0,000000	80,000000	0,000000E+0
28,049630	0,000000	80,000000	0,000000E+0
28,049630	0,000000	80,000000	0,000000E+0
28,049630	0,000000	80,000000	0,000000E+0
28,049630	0,000000	80,000000	0,000000E+0
29,050058	0,000000	80,000000	0,000000E+0
29,050058	0,000000	80,000000	0,000000E+0
29,050058	0,000000	80,000000	0,000000E+0
29,050058	0,000000	80,000000	0,000000E+0
29,050058	0,000000	80,000000	0,000000E+0
29,050058	0,000000	80,000000	0,000000E+0
29,050058	0,000000	80,000000	0,000000E+0
29,050058	0,000000	80,000000	0,000000E+0
29,050058	0,000000	80,000000	0,000000E+0
29,050058	0,000000	80,000000	0,000000E+0
30,051179	0,000000	80,000000	0,000000E+0
30,051179	0,000000	80,000000	0,000000E+0
30,051179	0,000000	80,000000	0,000000E+0
30,051179	0,000000	80,000000	0,000000E+0
30,051179	0,000000	80,000000	0,000000E+0
30,051179	0,000000	80,000000	0,000000E+0
30,051179	0,000000	80,000000	0,000000E+0
30,051179	0,000000	80,000000	0,000000E+0
30,051179	0,000000	80,000000	0,000000E+0
30,051179	0,000000	80,000000	0,000000E+0
31,050919	0,000000	80,000000	0,000000E+0
31,050919	0,000000	80,000000	0,000000E+0
31,050919	0,000000	80,000000	0,000000E+0
31,050919	0,000000	80,000000	0,000000E+0
31,050919	0,000000	80,000000	0,000000E+0
31,050919	0,000000	80,000000	0,000000E+0
31,050919	0,000000	80,000000	0,000000E+0
31,050919	0,000000	80,000000	0,000000E+0
31,050919	0,000000	80,000000	0,000000E+0
31,050919	0,000000	80,000000	0,000000E+0
32,051336	0,000000	80,000000	0,000000E+0
32,051336	0,000000	80,000000	0,000000E+0
32,051336	0,000000	80,000000	0,000000E+0
32,051336	0,000000	80,000000	0,000000E+0
32,051336	0,000000	80,000000	0,000000E+0
32,051336	0,000000	80,000000	0,000000E+0
32,051336	0,000000	80,000000	0,000000E+0
32,051336	0,000000	80,000000	0,000000E+0
32,051336	0,000000	80,000000	0,000000E+0
32,051336	0,000000	80,000000	0,000000E+0
33,050770	0,000000	80,000000	0,000000E+0
33,050770	0,000000	80,000000	0,000000E+0
33,050770	0,000000	80,000000	0,000000E+0
33,050770	0,000000	80,000000	0,000000E+0
33,050770	0,000000	80,000000	0,000000E+0
33,050770	0,000000	80,000000	0,000000E+0
33,050770	0,000000	80,000000	0,000000E+0
33,050770	0,000000	80,000000	0,000000E+0
33,050770	0,000000	80,000000	0,000000E+0
33,050770	0,000000	80,000000	0,000000E+0
34,051179	0,000000	80,000000	0,000000E+0
34,051179	0,000000	80,000000	0,000000E+0
34,051179	0,000000	80,000000	0,000000E+0
34,051179	0,000000	80,000000	0,000000E+0
34,051179	0,000000	80,000000	0,000000E+0
34,051179	0,000000	80,000000	0,000000E+0
34,051179	0,000000	80,000000	0,000000E+0
34,051179	0,000000	80,000000	0,000000E+0
34,051179	0,000000	80,000000	0,000000E+0
34,051179	0,000000	80,000000	0,000000E+0
35,051619	0,000000	80,000000	0,000000E+0
35,051619	0,000000	80,000000	0,000000E+0
35,051619	0,000000	80,000000	0,000000E+0
35,051619	0,000000	80,000000	0,000000E+0
35,051619	0,000000	80,000000	0,000000E+0
35,051619	0,000000	80,000000	0,000000E+0
35,051619	0,000000	80,000000	0,000000E+0
35,051619	0,000000	80,000000	0,000000E+0
35,051619	0,000000	80,000000	0,000000E+0
35,051619	0,000000	80,000000	0,000000E+0
36,051073	0,000000	80,000000	0,000000E+0
36,051073	0,000000	80,000000	0,000000E+0
36,051073	0,000000	80,000000	0,000000E+0
36,051073	0,000000	80,000000	0,000000E+0
36,051073	0,000000	80,000000	0,000000E+0
36,051073	0,000000	80,000000	0,000000E+0
36,051073	0,000000	80,000000	0,000000E+0
36,051073	0,000000	80,000000	0,000000E+0
36,051073	0,000000	80,000000	0,000000E+0
36,051073	0,000000	80,000000	0,000000E+0
37,051452	0,000000	80,000000	0,000000E+0
37,051452	0,000000	80,000000	0,000000E+0
37,051452	0,000000	80,000000	0,000000E+0
37,051452	0,000000	80,000000	0,000000E+0
37,051452	0,000000	80,000000	0,000000E+0
37,051452	0,000000	80,000000	0,000000E+0
37,051452	0,000000	80,000000	0,000000E+0
37,051452	0,000000	80,000000	0,000000E+0
37,051452	0,000000	80,000000	0,000000E+0
37,051452	0,000000	80,000000	0,000000E+0
38,051878	0,000000	80,000000	0,000000E+0
38,051878	0,000000	80,000000	0,000000E+0
38,051878	0,000000	80,000000	0,000000E+0
38,051878	0,000000	80,000000	0,000000E+0
38,051878	0,000000	80,000000	0,000000E+0
38,051878	0,000000	80,000000	0,000000E+0
38,051878	0,000000	80,000000	0,000000E+0
38,051878	0,000000	80,000000	0,000000E+0
38,051878	0,000000	80,000000	0,000000E+0
38,051878	0,000000	80,000000	0,000000E+0
39,052290	0,000000	80,000000	0,000000E+0
39,052290	0,000000	80,000000	0,000000E+0
39,052290	0,000000	80,000000	0,000000E+0
39,052290	0,000000	80,000000	0,000000E+0
39,052290	0,000000	80,000000	0,000000E+0
39,052290	0,000000	80,000000	0,000000E+0
39,052290	0,000000	80,000000	0,000000E+0
39,052290	0,000000	80,000000	0,000000E+0
39,052290	0,000000	80,000000	0,000000E+0
39,052290	0,000000	80,000000	0,000000E+0
40,051723	0,000000	80,000000	0,000000E+0
40,051723	0,000000	80,000000	0,000000E+0
40,051723	0,000000	80,000000	0,000000E+0
40,051723	0,000000	80,000000	0,000000E+0
40,051723	0,000000	80,000000	0,000000E+0
40,051723	0,000000	80,000000	0,000000E+0
40,051723	0,000000	80,000000	0,000000E+0
40,051723	0,000000	80,000000	0,000000E+0
40,051723	0,000000	80,000000	0,000000E+0
40,051723	0,000000	80,000000	0,000000E+0
41,052159	0,000000	80,000000	0,000000E+0
41,052159	0,000000	80,000000	0,000000E+0
41,052159	0,000000	80,000000	0,000000E+0
41,052159	0,000000	80,000000	0,000000E+0
41,052159	0,000000	80,000000	0,000000E+0
41,052159	0,000000	80,000000	0,000000E+0
41,052159	0,000000	80,000000	0,000000E+0
41,052159	0,000000	80,000000	0,000000E+0
41,052159	0,000000	80,000000	0,000000E+0
41,052159	0,000000	80,000000	0,000000E+0
42,052567	0,000000	80,000000	0,000000E+0
42,052567	0,000000	80,000000	0,000000E+0
42,052567	0,000000	80,000000	0,000000E+0
42,052567	0,000000	80,000000	0,000000E+0
42,052567	0,000000	80,000000	0,000000E+0
42,052567	0,000000	80,000000	0,000000E+0
42,052567	0,000000	80,000000	0,000000E+0
42,052567	0,000000	80,000000	0,000000E+0
42,052567	0,000000	80,000000	0,000000E+0
42,052567	0,000000	80,000000	0,000000E+0
43,052018	0,000000	80,000000	0,000000E+0
43,052018	0,000000	80,000000	0,000000E+0
43,052018	0,000000	80,000000	0,000000E+0
43,052018	0,000000	80,000000	0,000000E+0
43,052018	0,000000	80,000000	0,000000E+0
43,052018	0,000000	80,000000	0,000000E+0
43,052018	0,000000	80,000000	0,000000E+0
43,052018	0,000000	80,000000	0,000000E+0
43,052018	0,000000	80,000000	0,000000E+0
43,052018	0,000000	80,000000	0,000000E+0
44,053412	0,000000	80,000000	0,000000E+0
44,053412	0,000000	80,000000	0,000000E+0
44,053412	0,000000	80,000000	0,000000E+0
44,053412	0,000000	80,000000	0,000000E+0
44,053412	0,000000	80,000000	0,000000E+0
44,053412	0,000000	80,000000	0,000000E+0
44,053412	0,000000	80,000000	0,000000E+0
44,053412	0,000000	80,000000	0,000000E+0
44,053412	0,000000	80,000000	0,000000E+0
44,053412	0,000000	80,000000	0,000000E+0
45,052837	0,000000	80,000000	0,000000E+0
45,052837	0,000000	80,000000	0,000000E+0
45,052837	0,000000	80,000000	0,000000E+0
45,052837	0,000000	80,000000	0,000000E+0
45,052837	0,000000	80,000000	0,000000E+0
45,052837	0,000000	80,000000	0,000000E+0
45,052837	0,000000	80,000000	0,000000E+0
45,052837	0,000000	80,000000	0,000000E+0
45,052837	0,000000	80,000000	0,000000E+0
45,052837	0,000000	80,000000	0,000000E+0
46,052884	0,000000	80,000000	0,000000E+0
46,052884	0,000000	80,000000	0,000000E+0
46,052884	0,000000	80,000000	0,000000E+0
46,052884	0,000000	80,000000	0,000000E+0
46,052884	0,000000	80,000000	0,000000E+0
46,052884	0,000000	80,000000	0,000000E+0
46,052884	0,000000	80,000000	0,000000E+0
46,052884	0,000000	80,000000	0,000000E+0
46,052884	0,000000	80,000000	0,000000E+0
46,052884	0,000000	80,000000	0,000000E+0
46,052884	0,000000	80,000000	0,000000E+0
47,054325	0,000000	80,000000	0,000000E+0
47,054325	0,000000	80,000000	0,000000E+0
47,054325	0,000000	80,000000	0,000000E+0
47,054325	0,000000	80,000000	0,000000E+0
47,054325	0,000000	80,000000	0,000000E+0
47,054325	0,000000	80,000000	0,000000E+0
47,054325	0,000000	80,000000	0,000000E+0
47,054325	0,000000	80,000000	0,000000E+0
47,054325	0,000000	80,000000	0,000000E+0
47,054325	0,000000	80,000000	0,000000E+0
48,053736	0,000000	80,000000	0,000000E+0
48,053736	0,000000	80,000000	0,000000E+0
48,053736	0,000000	80,000000	0,000000E+0
48,053736	0,000000	80,000000	0,000000E+0
48,053736	0,000000	80,000000	0,000000E+0
48,053736	0,000000	80,000000	0,000000E+0
48,053736	0,000000	80,000000	0,000000E+0
48,053736	0,000000	80,000000	0,000000E+0
48,053736	0,000000	80,000000	0,000000E+0
48,053736	0,000000	80,000000	0,000000E+0
49,054177	0,000000	80,000000	0,000000E+0
49,054177	0,000000	80,000000	0,000000E+0
49,054177	0,000000	80,000000	0,000000E+0
49,054177	0,000000	80,000000	0,000000E+0
49,054177	0,000000	80,000000	0,000000E+0
49,054177	0,000000	80,000000	0,000000E+0
49,054177	0,000000	80,000000	0,000000E+0
49,054177	0,000000	80,000000	0,000000E+0
49,054177	0,000000	80,000000	0,000000E+0
49,054177	0,000000	80,000000	0,000000E+0
50,054674	0,000000	80,000000	0,000000E+0
50,054674	0,000000	80,000000	0,000000E+0
50,054674	0,000000	80,000000	0,000000E+0
50,054674	0,000000	80,000000	0,000000E+0
50,054674	0,000000	80,000000	0,000000E+0
50,054674	0,000000	80,000000	0,000000E+0
50,054674	0,000000	80,000000	0,000000E+0
50,054674	0,000000	80,000000	0,000000E+0
50,054674	0,000000	80,000000	0,000000E+0
50,054674	0,000000	80,000000	0,000000E+0
51,054022	0,000000	80,000000	0,000000E+0
51,054022	0,000000	80,000000	0,000000E+0
51,054022	0,000000	80,000000	0,000000E+0
51,054022	0,000000	80,000000	0,000000E+0
51,054022	0,000000	80,000000	0,000000E+0
51,054022	0,000000	80,000000	0,000000E+0
51,054022	0,000000	80,000000	0,000000E+0
51,054022	0,000000	80,000000	0,000000E+0
51,054022	0,000000	80,000000	0,000000E+0
51,054022	0,000000	80,000000	0,000000E+0
52,054435	0,000000	80,000000	0,000000E+0
52,054435	0,000000	80,000000	0,000000E+0
52,054435	0,000000	80,000000	0,000000E+0
52,054435	0,000000	80,000000	0,000000E+0
52,054435	0,000000	80,000000	0,000000E+0
52,054435	0,000000	80,000000	0,000000E+0
52,054435	0,000000	80,000000	0,000000E+0
52,054435	0,000000	80,000000	0,000000E+0
52,054435	0,000000	80,000000	0,000000E+0
52,054435	0,000000	80,000000	0,000000E+0
53,053862	0,000000	80,000000	0,000000E+0
53,053862	0,000000	80,000000	0,000000E+0
53,053862	0,000000	80,000000	0,000000E+0
53,053862	0,000000	80,000000	0,000000E+0
53,053862	0,000000	80,000000	0,000000E+0
53,053862	0,000000	80,000000	1,000000E-1
53,053862	0,000000	80,000000	1,000000E-1
53,053862	0,000000	80,000000	1,000000E-1
53,053862	0,000000	80,000000	1,000000E-1
53,053862	0,000000	80,000000	1,000000E-1
54,054291	0,000000	80,000000	1,000000E-1
54,054291	0,000000	80,000000	1,000000E-1
54,054291	0,000000	80,000000	1,000000E-1
54,054291	0,000000	80,000000	1,000000E-1
54,054291	0,000000	80,000000	1,000000E-1
54,054291	0,000000	80,000000	1,000000E-1
54,054291	0,000000	80,000000	1,000000E-1
54,054291	0,000000	80,000000	1,000000E-1
54,054291	0,000000	80,000000	1,000000E-1
54,054291	0,000000	80,000000	1,000000E-1
55,054709	0,000000	80,000000	1,000000E-1
55,054709	0,000000	80,000000	1,000000E-1
55,054709	0,000000	80,000000	1,000000E-1
55,054709	0,000000	80,000000	1,000000E-1
55,054709	0,000000	80,000000	1,000000E-1
55,054709	0,000000	80,000000	1,000000E-1
55,054709	0,000000	80,000000	1,000000E-1
55,054709	0,000000	80,000000	1,000000E-1
55,054709	0,000000	80,000000	1,000000E-1
55,054709	0,000000	80,000000	1,000000E-1
56,056125	0,000000	80,000000	1,000000E-1
56,056125	0,000000	80,000000	1,000000E-1
56,056125	0,000000	80,000000	1,000000E-1
56,056125	0,000000	80,000000	1,000000E-1
56,056125	0,000000	80,000000	1,000000E-1
56,056125	0,000000	80,000000	1,000000E-1
56,056125	0,000000	80,000000	1,000000E-1
56,056125	0,000000	80,000000	1,000000E-1
56,056125	0,000000	80,000000	1,000000E-1
56,056125	0,000000	80,000000	1,000000E-1
57,056558	0,000000	80,000000	1,000000E-1
57,056558	0,000000	80,000000	1,000000E-1
57,056558	0,000000	80,000000	1,000000E-1
57,056558	0,000000	80,000000	1,000000E-1
57,056558	0,000000	80,000000	1,000000E-1
57,056558	0,000000	80,000000	1,000000E-1
57,056558	0,000000	80,000000	1,000000E-1
57,056558	0,000000	80,000000	1,000000E-1
57,056558	0,000000	80,000000	1,000000E-1
57,056558	0,000000	80,000000	1,000000E-1
58,055974	0,000000	80,000000	1,000000E-1
58,055974	0,000000	80,000000	1,000000E-1
58,055974	0,000000	80,000000	1,000000E-1
58,055974	0,000000	80,000000	1,000000E-1
58,055974	0,000000	80,000000	1,000000E-1
58,055974	0,000000	80,000000	1,000000E-1
58,055974	0,000000	80,000000	1,000000E-1
58,055974	0,000000	80,000000	1,000000E-1
58,055974	0,000000	80,000000	1,000000E-1
58,055974	0,000000	80,000000	1,000000E-1
59,056399	0,000000	80,000000	1,000000E-1
59,056399	0,000000	80,000000	1,000000E-1
59,056399	0,000000	80,000000	1,000000E-1
59,056399	0,000000	80,000000	1,000000E-1
59,056399	0,000000	80,000000	1,000000E-1
59,056399	0,000000	80,000000	1,000000E-1
59,056399	0,000000	80,000000	1,000000E-1
59,056399	0,000000	80,000000	1,000000E-1
59,056399	0,000000	80,000000	1,000000E-1
59,056399	0,000000	80,000000	1,000000E-1
60,055823	0,000000	80,000000	1,000000E-1
60,055823	0,000000	80,000000	1,000000E-1
60,055823	0,000000	80,000000	1,000000E-1
60,055823	0,000000	80,000000	1,000000E-1
60,055823	0,000000	80,000000	1,000000E-1
60,055823	0,000000	80,000000	1,000000E-1
60,055823	0,000000	80,000000	1,000000E-1
60,055823	0,000000	80,000000	1,000000E-1
60,055823	0,000000	80,000000	1,000000E-1
60,055823	0,000000	80,000000	1,000000E-1
61,056257	0,000000	80,000000	1,000000E-1
61,056257	0,000000	80,000000	1,000000E-1
61,056257	0,000000	80,000000	1,000000E-1
61,056257	0,000000	80,000000	1,000000E-1
61,056257	0,000000	80,000000	1,000000E-1
61,056257	0,000000	80,000000	1,000000E-1
61,056257	0,000000	80,000000	1,000000E-1
61,056257	0,000000	80,000000	1,000000E-1
61,056257	0,000000	80,000000	1,000000E-1
61,056257	0,000000	80,000000	1,000000E-1
62,056691	0,000000	80,000000	1,000000E-1
62,056691	0,000000	80,000000	1,000000E-1
62,056691	0,000000	80,000000	1,000000E-1
62,056691	0,000000	80,000000	1,000000E-1
62,056691	0,000000	80,000000	1,000000E-1
62,056691	0,000000	80,000000	1,000000E-1
62,056691	0,000000	80,000000	1,000000E-1
62,056691	0,000000	80,000000	1,000000E-1
62,056691	0,000000	80,000000	1,000000E-1
62,056691	0,000000	80,000000	1,000000E-1
63,057103	0,000000	80,000000	1,000000E-1
63,057103	0,000000	80,000000	1,000000E-1
63,057103	0,000000	80,000000	1,000000E-1
63,057103	0,000000	80,000000	1,000000E-1
63,057103	0,000000	80,000000	1,000000E-1
63,057103	0,000000	80,000000	1,000000E-1
63,057103	0,000000	80,000000	1,000000E-1
63,057103	0,000000	80,000000	1,000000E-1
63,057103	0,000000	80,000000	1,000000E-1
63,057103	0,000000	80,000000	1,000000E-1
64,057523	0,000000	80,000000	1,000000E-1
64,057523	0,000000	80,000000	1,000000E-1
64,057523	0,000000	80,000000	1,000000E-1
64,057523	0,000000	80,000000	1,000000E-1
64,057523	0,000000	80,000000	1,000000E-1
64,057523	0,000000	80,000000	1,000000E-1
64,057523	0,000000	80,000000	1,000000E-1
64,057523	0,000000	80,000000	1,000000E-1
64,057523	0,000000	80,000000	1,000000E-1
64,057523	0,000000	80,000000	1,000000E-1
65,057950	0,000000	80,000000	1,000000E-1
65,057950	0,000000	80,000000	1,000000E-1
65,057950	0,000000	80,000000	1,000000E-1
65,057950	0,000000	80,000000	1,000000E-1
65,057950	0,000000	80,000000	1,000000E-1
65,057950	0,000000	80,000000	1,000000E-1
65,057950	0,000000	80,000000	1,000000E-1
65,057950	0,000000	80,000000	1,000000E-1
65,057950	0,000000	80,000000	1,000000E-1
65,057950	0,000000	80,000000	1,000000E-1
66,058390	0,000000	80,000000	1,000000E-1
66,058390	0,000000	80,000000	1,000000E-1
66,058390	0,000000	80,000000	1,000000E-1
66,058390	0,000000	80,000000	1,000000E-1
66,058390	0,000000	80,000000	1,000000E-1
66,058390	0,000000	80,000000	1,000000E-1
66,058390	0,000000	80,000000	1,000000E-1
66,058390	0,000000	80,000000	1,000000E-1
66,058390	0,000000	80,000000	1,000000E-1
66,058390	0,000000	80,000000	1,000000E-1
67,057800	0,000000	80,000000	1,000000E-1
67,057800	0,000000	80,000000	1,000000E-1
67,057800	0,000000	80,000000	1,000000E-1
67,057800	0,000000	80,000000	1,000000E-1
67,057800	0,000000	80,000000	1,000000E-1
67,057800	0,000000	80,000000	1,000000E-1
67,057800	0,000000	80,000000	1,000000E-1
67,057800	0,000000	80,000000	1,000000E-1
67,057800	0,000000	80,000000	1,000000E-1
67,057800	0,000000	80,000000	1,000000E-1
68,058270	0,000000	80,000000	1,000000E-1
68,058270	0,000000	80,000000	1,000000E-1
68,058270	0,000000	80,000000	1,000000E-1
68,058270	0,000000	80,000000	1,000000E-1
68,058270	0,000000	80,000000	1,000000E-1
68,058270	0,000000	80,000000	1,000000E-1
68,058270	0,000000	80,000000	1,000000E-1
68,058270	0,000000	80,000000	1,000000E-1
68,058270	0,000000	80,000000	1,000000E-1
68,058270	0,000000	80,000000	1,000000E-1
69,058663	0,000000	80,000000	1,000000E-1
69,058663	0,000000	80,000000	1,000000E-1
69,058663	0,000000	80,000000	1,000000E-1
69,058663	0,000000	80,000000	1,000000E-1
69,058663	0,000000	80,000000	1,000000E-1
69,058663	0,000000	80,000000	1,000000E-1
69,058663	0,000000	80,000000	1,000000E-1
69,058663	0,000000	80,000000	1,000000E-1
69,058663	0,000000	80,000000	1,000000E-1
69,058663	0,000000	80,000000	1,000000E-1
70,058066	0,000000	80,000000	1,000000E-1
70,058066	0,000000	80,000000	1,000000E-1
70,058066	0,000000	80,000000	1,000000E-1
70,058066	0,000000	80,000000	1,000000E-1
70,058066	0,000000	80,000000	1,000000E-1
70,058066	0,000000	80,000000	1,000000E-1
70,058066	0,000000	80,000000	1,000000E-1
70,058066	0,000000	80,000000	1,000000E-1
70,058066	0,000000	80,000000	1,000000E-1
70,058066	0,000000	80,000000	1,000000E-1
71,058552	0,000000	80,000000	1,000000E-1
71,058552	0,000000	80,000000	1,000000E-1
71,058552	0,000000	80,000000	1,000000E-1
71,058552	0,000000	80,000000	1,000000E-1
71,058552	0,000000	80,000000	1,000000E-1
71,058552	0,000000	80,000000	1,000000E-1
71,058552	0,000000	80,000000	1,000000E-1
71,058552	0,000000	80,000000	1,000000E-1
71,058552	0,000000	80,000000	1,000000E-1
71,058552	0,000000	80,000000	1,000000E-1
72,057916	0,000000	80,000000	1,000000E-1
72,057916	0,000000	80,000000	1,000000E-1
72,057916	0,000000	80,000000	1,000000E-1
72,057916	0,000000	80,000000	1,000000E-1
72,057916	0,000000	80,000000	1,000000E-1
72,057916	0,000000	80,000000	1,000000E-1
72,057916	0,000000	80,000000	1,000000E-1
72,057916	0,000000	80,000000	1,000000E-1
72,057916	0,000000	80,000000	1,000000E-1
72,057916	0,000000	80,000000	1,000000E-1
73,059345	0,000000	80,000000	1,000000E-1
73,059345	0,000000	80,000000	1,000000E-1
73,059345	0,000000	80,000000	1,000000E-1
73,059345	0,000000	80,000000	1,000000E-1
73,059345	0,000000	80,000000	1,000000E-1
73,059345	0,000000	80,000000	1,000000E-1
73,059345	0,000000	80,000000	1,000000E-1
73,059345	0,000000	80,000000	1,000000E-1
73,059345	0,000000	80,000000	1,000000E-1
73,059345	0,000000	80,000000	1,000000E-1
74,059773	0,000000	80,000000	1,000000E-1
74,059773	0,000000	80,000000	1,000000E-1
74,059773	0,000000	80,000000	1,000000E-1
74,059773	0,000000	80,000000	1,000000E-1
74,059773	0,000000	80,000000	1,000000E-1
74,059773	0,000000	80,000000	1,000000E-1
74,059773	0,000000	80,000000	1,000000E-1
74,059773	0,000000	80,000000	1,000000E-1
74,059773	0,000000	80,000000	1,000000E-1
74,059773	0,000000	80,000000	1,000000E-1
75,060185	0,000000	80,000000	1,000000E-1
75,060185	0,000000	80,000000	1,000000E-1
75,060185	0,000000	80,000000	1,000000E-1
75,060185	0,000000	80,000000	1,000000E-1
75,060185	0,000000	80,000000	1,000000E-1
75,060185	0,000000	80,000000	1,000000E-1
75,060185	0,000000	80,000000	1,000000E-1
75,060185	0,000000	80,000000	1,000000E-1
75,060185	0,000000	80,000000	1,000000E-1
75,060185	0,000000	80,000000	1,000000E-1
76,060619	0,000000	80,000000	1,000000E-1
76,060619	0,000000	80,000000	1,000000E-1
76,060619	0,000000	80,000000	1,000000E-1
76,060619	0,000000	80,000000	1,000000E-1
76,060619	0,000000	80,000000	1,000000E-1
76,060619	0,000000	80,000000	1,000000E-1
76,060619	0,000000	80,000000	1,000000E-1
76,060619	0,000000	80,000000	1,000000E-1
76,060619	0,000000	80,000000	1,000000E-1
76,060619	0,000000	80,000000	1,000000E-1
77,060049	0,000000	80,000000	1,000000E-1
77,060049	0,000000	80,000000	1,000000E-1
77,060049	0,000000	80,000000	1,000000E-1
77,060049	0,000000	80,000000	1,000000E-1
77,060049	0,000000	80,000000	1,000000E-1
77,060049	0,000000	80,000000	1,000000E-1
77,060049	0,000000	80,000000	1,000000E-1
77,060049	0,000000	80,000000	1,000000E-1
77,060049	0,000000	80,000000	1,000000E-1
77,060049	0,000000	80,000000	1,000000E-1
78,061465	0,000000	80,000000	1,000000E-1
78,061465	0,000000	80,000000	1,000000E-1
78,061465	0,000000	80,000000	1,000000E-1
78,061465	0,000000	80,000000	1,000000E-1
78,061465	0,000000	80,000000	1,000000E-1
78,061465	0,000000	80,000000	1,000000E-1
78,061465	0,000000	80,000000	1,000000E-1
78,061465	0,000000	80,000000	1,000000E-1
78,061465	0,000000	80,000000	1,000000E-1
78,061465	0,000000	80,000000	1,000000E-1
79,060889	0,000000	80,000000	1,000000E-1
79,060889	0,000000	80,000000	1,000000E-1
79,060889	0,000000	80,000000	1,000000E-1
79,060889	0,000000	80,000000	1,000000E-1
79,060889	0,000000	80,000000	1,000000E-1
79,060889	0,000000	80,000000	1,000000E-1
79,060889	0,000000	80,000000	1,000000E-1
79,060889	0,000000	80,000000	1,000000E-1
79,060889	0,000000	80,000000	1,000000E-1
79,060889	0,000000	80,000000	1,000000E-1
80,061314	0,000000	80,000000	1,000000E-1
80,061314	0,000000	80,000000	1,000000E-1
80,061314	0,000000	80,000000	1,000000E-1
80,061314	0,000000	80,000000	1,000000E-1
80,061314	0,000000	80,000000	1,000000E-1
80,061314	0,000000	80,000000	1,000000E-1
80,061314	0,000000	80,000000	1,000000E-1
80,061314	0,000000	80,000000	1,000000E-1
80,061314	0,000000	80,000000	1,000000E-1
80,061314	0,000000	80,000000	1,000000E-1
81,060743	0,000000	80,000000	1,000000E-1
81,060743	0,000000	80,000000	1,000000E-1
81,060743	0,000000	80,000000	1,000000E-1
81,060743	0,000000	80,000000	1,000000E-1
81,060743	0,000000	80,000000	1,000000E-1
81,060743	0,000000	80,000000	1,000000E-1
81,060743	0,000000	80,000000	1,000000E-1
81,060743	0,000000	80,000000	1,000000E-1
81,060743	0,000000	80,000000	1,000000E-1
81,060743	0,000000	80,000000	1,000000E-1
82,061159	0,000000	80,000000	1,000000E-1
82,061159	0,000000	80,000000	1,000000E-1
82,061159	0,000000	80,000000	1,000000E-1
82,061159	0,000000	80,000000	1,000000E-1
82,061159	0,000000	80,000000	1,000000E-1
82,061159	0,000000	80,000000	1,000000E-1
82,061159	0,000000	80,000000	1,000000E-1
82,061159	0,000000	80,000000	1,000000E-1
82,061159	0,000000	80,000000	1,000000E-1
82,061159	0,000000	80,000000	1,000000E-1
83,062608	0,000000	80,000000	1,000000E-1
83,062608	0,000000	80,000000	1,000000E-1
83,062608	0,000000	80,000000	1,000000E-1
83,062608	0,000000	80,000000	1,000000E-1
83,062608	0,000000	80,000000	1,000000E-1
83,062608	0,000000	80,000000	1,000000E-1
83,062608	0,000000	80,000000	1,000000E-1
83,062608	0,000000	80,000000	1,000000E-1
83,062608	0,000000	80,000000	1,000000E-1
83,062608	0,000000	80,000000	1,000000E-1
84,062011	0,000000	80,000000	1,000000E-1
84,062011	0,000000	80,000000	1,000000E-1
84,062011	0,000000	80,000000	1,000000E-1
84,062011	0,000000	80,000000	1,000000E-1
84,062011	0,000000	80,000000	1,000000E-1
84,062011	0,000000	80,000000	1,000000E-1
84,062011	0,000000	80,000000	1,000000E-1
84,062011	0,000000	80,000000	1,000000E-1
84,062011	0,000000	80,000000	1,000000E-1
84,062011	0,000000	80,000000	1,000000E-1
85,062449	0,000000	80,000000	1,000000E-1
85,062449	0,000000	80,000000	1,000000E-1
85,062449	0,000000	80,000000	1,000000E-1
85,062449	0,000000	80,000000	1,000000E-1
85,062449	0,000000	80,000000	1,000000E-1
85,062449	0,000000	80,000000	1,000000E-1
85,062449	0,000000	80,000000	1,000000E-1
85,062449	0,000000	80,000000	1,000000E-1
85,062449	0,000000	80,000000	1,000000E-1
85,062449	0,000000	80,000000	1,000000E-1
86,061862	0,000000	80,000000	1,000000E-1
86,061862	0,000000	80,000000	1,000000E-1
86,061862	0,000000	80,000000	1,000000E-1
86,061862	0,000000	80,000000	1,000000E-1
86,061862	0,000000	80,000000	1,000000E-1
86,061862	0,000000	80,000000	1,000000E-1
86,061862	0,000000	80,000000	1,000000E-1
86,061862	0,000000	80,000000	1,000000E-1
86,061862	0,000000	80,000000	1,000000E-1
86,061862	0,000000	80,000000	1,000000E-1
87,062347	0,000000	80,000000	1,000000E-1
87,062347	0,000000	80,000000	1,000000E-1
87,062347	0,000000	80,000000	1,000000E-1
87,062347	0,000000	80,000000	1,000000E-1
87,062347	0,000000	80,000000	1,000000E-1
87,062347	0,000000	80,000000	1,000000E-1
87,062347	0,000000	80,000000	1,000000E-1
87,062347	0,000000	80,000000	1,000000E-1
87,062347	0,000000	80,000000	1,000000E-1
87,062347	0,000000	80,000000	1,000000E-1
88,062711	0,000000	80,000000	1,000000E-1
88,062711	0,000000	80,000000	1,000000E-1
88,062711	0,000000	80,000000	1,000000E-1
88,062711	0,000000	80,000000	1,000000E-1
88,062711	0,000000	80,000000	1,000000E-1
88,062711	0,000000	80,000000	1,000000E-1
88,062711	0,000000	80,000000	1,000000E-1
88,062711	0,000000	80,000000	1,000000E-1
88,062711	0,000000	80,000000	1,000000E-1
88,062711	0,000000	80,000000	1,000000E-1
89,063164	0,000000	80,000000	1,000000E-1
89,063164	0,000000	80,000000	1,012840E-1
89,063164	0,000000	80,000000	1,025679E-1
89,063164	0,000000	80,000000	1,025679E-1
89,063164	0,000000	80,000000	1,038519E-1
89,063164	0,000000	80,000000	1,038519E-1
89,063164	0,000000	80,000000	1,051358E-1
89,063164	0,000000	80,000000	1,064198E-1
89,063164	0,000000	80,000000	1,064198E-1
89,063164	0,000000	80,000000	1,077037E-1
90,063620	0,000000	80,000000	1,089877E-1
90,063620	0,000000	80,000000	1,102716E-1
90,063620	0,000000	80,000000	1,115556E-1
90,063620	0,000000	80,000000	1,128395E-1
90,063620	0,000000	80,000000	1,141235E-1
90,063620	0,000000	80,000000	1,141235E-1
90,063620	0,000000	80,000000	1,154074E-1
90,063620	0,000000	80,000000	1,166914E-1
90,063620	0,000000	80,000000	1,166914E-1
90,063620	0,000000	80,000000	1,179753E-1
91,063008	0,000000	80,000000	1,179753E-1
91,063008	0,000000	80,000000	1,192593E-1
91,063008	0,000000	80,000000	1,205432E-1
91,063008	0,000000	80,000000	1,218272E-1
91,063008	0,000000	80,000000	1,231111E-1
91,063008	0,000000	80,000000	1,243951E-1
91,063008	0,000000	80,000000	1,256790E-1
91,063008	0,000000	80,000000	1,256790E-1
91,063008	0,000000	80,000000	1,269630E-1
91,063008	0,000000	80,000000	1,282469E-1
92,063421	0,000000	80,000000	1,295309E-1
92,063421	0,000000	80,000000	1,308148E-1
92,063421	0,000000	80,000000	1,308148E-1
92,063421	0,000000	80,000000	1,320988E-1
92,063421	0,000000	80,000000	1,320988E-1
92,063421	0,000000	80,000000	1,333827E-1
92,063421	0,000000	80,000000	1,346667E-1
92,063421	0,000000	80,000000	1,359506E-1
92,063421	0,000000	80,000000	1,359506E-1
92,063421	0,000000	80,000000	1,372346E-1
93,063840	0,000000	80,000000	1,385185E-1
93,063840	0,000000	80,000000	1,398025E-1
93,063840	0,000000	80,000000	1,410864E-1
93,063840	0,000000	80,000000	1,423704E-1
93,063840	0,000000	80,000000	1,423704E-1
93,063840	0,000000	80,000000	1,436543E-1
93,063840	0,000000	80,000000	1,449383E-1
93,063840	0,000000	80,000000	1,449383E-1
93,063840	0,000000	80,000000	1,462222E-1
93,063840	0,000000	80,000000	1,462222E-1
94,064259	0,000000	80,000000	1,475062E-1
94,064259	0,000000	80,000000	1,487901E-1
94,064259	0,000000	80,000000	1,487901E-1
94,064259	0,000000	80,000000	1,500741E-1
94,064259	0,000000	80,000000	1,513580E-1
94,064259	80,500000	80,000000	1,310660E-1
94,064259	80,500000	80,000000	1,310580E-1
94,064259	80,500000	80,000000	1,310499E-1
94,064259	80,500000	80,000000	1,310499E-1
94,064259	80,500000	80,000000	1,310419E-1
95,064783	80,500000	80,000000	1,310339E-1
95,064783	80,500000	80,000000	1,310339E-1
95,064783	80,500000	80,000000	1,310259E-1
95,064783	80,500000	80,000000	1,310259E-1
95,064783	80,500000	80,000000	1,310178E-1
95,064783	80,500000	80,000000	1,310178E-1
95,064783	80,500000	80,000000	1,310098E-1
95,064783	81,800003	80,000000	1,310018E-1
95,064783	81,800003	80,000000	1,310018E-1
95,064783	81,800003	80,000000	1,306453E-1
96,064128	81,800003	80,000000	1,306164E-1
96,064128	81,800003	80,000000	1,305876E-1
96,064128	81,800003	80,000000	1,305876E-1
96,064128	81,800003	80,000000	1,305587E-1
96,064128	81,800003	80,000000	1,305298E-1
96,064128	81,800003	80,000000	1,305298E-1
96,064128	76,000000	80,000000	1,305009E-1
96,064128	76,000000	80,000000	1,305009E-1
96,064128	76,000000	80,000000	1,320265E-1
96,064128	76,000000	80,000000	1,320265E-1
97,064568	76,000000	80,000000	1,320907E-1
97,064568	76,000000	80,000000	1,320907E-1
97,064568	76,000000	80,000000	1,321549E-1
97,064568	76,000000	80,000000	1,322191E-1
97,064568	76,000000	80,000000	1,322833E-1
97,064568	76,000000	80,000000	1,322833E-1
97,064568	75,800003	80,000000	1,323475E-1
97,064568	75,800003	80,000000	1,324653E-1
97,064568	75,800003	80,000000	1,324653E-1
97,064568	75,800003	80,000000	1,325327E-1
98,064968	75,800003	80,000000	1,326001E-1
98,064968	75,800003	80,000000	1,326676E-1
98,064968	75,800003	80,000000	1,326676E-1
98,064968	75,800003	80,000000	1,326676E-1
98,064968	75,800003	80,000000	1,327350E-1
98,064968	75,800003	80,000000	1,327350E-1
98,064968	75,800003	80,000000	1,328024E-1
98,064968	77,199997	80,000000	1,328698E-1
98,064968	77,199997	80,000000	1,328698E-1
98,064968	77,199997	80,000000	1,325620E-1
99,065388	77,199997	80,000000	1,326069E-1
99,065388	77,199997	80,000000	1,326518E-1
99,065388	77,199997	80,000000	1,326518E-1
99,065388	77,199997	80,000000	1,326968E-1
99,065388	77,199997	80,000000	1,327417E-1
99,065388	77,199997	80,000000	1,327417E-1
99,065388	77,199997	80,000000	1,327866E-1
99,065388	77,199997	80,000000	1,328316E-1
99,065388	77,199997	80,000000	1,328316E-1
99,065388	77,199997	80,000000	1,328765E-1
100,064865	77,599998	80,000000	1,328765E-1
100,064865	77,599998	80,000000	1,328142E-1
100,064865	77,599998	80,000000	1,328528E-1
100,064865	77,599998	80,000000	1,328913E-1
100,064865	77,599998	80,000000	1,328913E-1
100,064865	77,599998	80,000000	1,329298E-1
100,064865	77,599998	80,000000	1,329683E-1
100,064865	77,599998	80,000000	1,330068E-1
100,064865	77,599998	80,000000	1,330068E-1
100,064865	77,599998	80,000000	1,330454E-1
101,066244	77,599998	80,000000	1,330839E-1
101,066244	77,599998	80,000000	1,330839E-1
101,066244	77,500000	80,000000	1,331224E-1
101,066244	77,500000	80,000000	1,331224E-1
101,066244	77,500000	80,000000	1,331877E-1
101,066244	77,500000	80,000000	1,331877E-1
101,066244	77,500000	80,000000	1,332278E-1
101,066244	77,500000	80,000000	1,332278E-1
101,066244	77,500000	80,000000	1,332680E-1
101,066244	77,500000	80,000000	1,333081E-1
102,066673	77,500000	80,000000	1,333482E-1
102,066673	77,500000	80,000000	1,333482E-1
102,066673	77,699997	80,000000	1,333883E-1
102,066673	77,699997	80,000000	1,333749E-1
102,066673	77,699997	80,000000	1,334118E-1
102,066673	77,699997	80,000000	1,334118E-1
102,066673	77,699997	80,000000	1,334487E-1
102,066673	77,699997	80,000000	1,334856E-1
102,066673	77,699997	80,000000	1,334856E-1
102,066673	77,699997	80,000000	1,334856E-1
103,066109	77,699997	80,000000	1,335225E-1
103,066109	77,699997	80,000000	1,335225E-1
103,066109	77,699997	80,000000	1,335594E-1
103,066109	77,699997	80,000000	1,335963E-1
103,066109	77,699997	80,000000	1,335963E-1
103,066109	77,699997	80,000000	1,336332E-1
103,066109	77,699997	80,000000	1,336702E-1
103,066109	77,699997	80,000000	1,337071E-1
103,066109	77,699997	80,000000	1,337071E-1
103,066109	77,699997	80,000000	1,337440E-1
104,066543	77,699997	80,000000	1,337809E-1
104,066543	77,699997	80,000000	1,337809E-1
104,066543	78,199997	80,000000	1,338178E-1
104,066543	78,199997	80,000000	1,338178E-1
104,066543	78,199997	80,000000	1,337207E-1
104,066543	78,199997	80,000000	1,337207E-1
104,066543	78,199997	80,000000	1,337496E-1
104,066543	78,199997	80,000000	1,337785E-1
104,066543	78,199997	80,000000	1,338074E-1
104,066543	78,199997	80,000000	1,338363E-1
105,067002	78,199997	80,000000	1,338363E-1
105,067002	78,199997	80,000000	1,338652E-1
105,067002	78,199997	80,000000	1,338941E-1
105,067002	78,199997	80,000000	1,338941E-1
105,067002	78,199997	80,000000	1,339229E-1
105,067002	78,199997	80,000000	1,339229E-1
105,067002	78,199997	80,000000	1,339518E-1
105,067002	78,199997	80,000000	1,339518E-1
105,067002	78,199997	80,000000	1,339807E-1
105,067002	78,199997	80,000000	1,339807E-1
106,067928	78,199997	80,000000	1,340096E-1
106,067928	78,199997	80,000000	1,340096E-1
106,067928	78,199997	80,000000	1,340385E-1
106,067928	78,199997	80,000000	1,340674E-1
106,067928	78,199997	80,000000	1,340963E-1
106,067928	78,199997	80,000000	1,340963E-1
106,067928	78,000000	80,000000	1,341252E-1
106,067928	78,000000	80,000000	1,342077E-1
106,067928	78,000000	80,000000	1,342077E-1
106,067928	78,000000	80,000000	1,342398E-1
107,068409	78,000000	80,000000	1,342719E-1
107,068409	78,000000	80,000000	1,343040E-1
107,068409	78,000000	80,000000	1,343040E-1
107,068409	78,000000	80,000000	1,343040E-1
107,068409	78,000000	80,000000	1,343361E-1
107,068409	78,000000	80,000000	1,343361E-1
107,068409	78,000000	80,000000	1,343681E-1
107,068409	77,900002	80,000000	1,344002E-1
107,068409	77,900002	80,000000	1,344002E-1
107,068409	77,900002	80,000000	1,344591E-1
108,067766	77,900002	80,000000	1,344929E-1
108,067766	77,900002	80,000000	1,345266E-1
108,067766	77,900002	80,000000	1,345603E-1
108,067766	77,900002	80,000000	1,345940E-1
108,067766	77,900002	80,000000	1,345940E-1
108,067766	77,900002	80,000000	1,346277E-1
108,067766	77,899994	80,000000	1,346614E-1
108,067766	77,899994	80,000000	1,346951E-1
108,067766	77,899994	80,000000	1,346951E-1
108,067766	77,899994	80,000000	1,346951E-1
109,068240	77,899994	80,000000	1,347288E-1
109,068240	77,899994	80,000000	1,347288E-1
109,068240	77,899994	80,000000	1,347625E-1
109,068240	77,899994	80,000000	1,347962E-1
109,068240	77,899994	80,000000	1,347962E-1
109,068240	77,899994	80,000000	1,348299E-1
109,068240	78,399994	80,000000	1,348636E-1
109,068240	78,399994	80,000000	1,347633E-1
109,068240	78,399994	80,000000	1,347890E-1
109,068240	78,399994	80,000000	1,348146E-1
110,068649	78,399994	80,000000	1,348146E-1
110,068649	78,399994	80,000000	1,348403E-1
110,068649	78,399994	80,000000	1,348660E-1
110,068649	78,399994	80,000000	1,348660E-1
110,068649	78,399994	80,000000	1,348917E-1
110,068649	78,399994	80,000000	1,348917E-1
110,068649	78,399994	80,000000	1,349174E-1
110,068649	78,399994	80,000000	1,349430E-1
110,068649	78,399994	80,000000	1,349430E-1
110,068649	78,500000	80,000000	1,349687E-1
111,069068	78,500000	80,000000	1,349676E-1
111,069068	78,500000	80,000000	1,349676E-1
111,069068	78,500000	80,000000	1,349917E-1
111,069068	78,500000	80,000000	1,350157E-1
111,069068	78,500000	80,000000	1,350157E-1
111,069068	78,500000	80,000000	1,350398E-1
111,069068	78,500000	80,000000	1,350639E-1
111,069068	78,500000	80,000000	1,350639E-1
111,069068	78,500000	80,000000	1,350880E-1
111,069068	78,500000	80,000000	1,350880E-1
112,069509	78,500000	80,000000	1,350880E-1
112,069509	78,500000	80,000000	1,351120E-1
112,069509	78,500000	80,000000	1,351361E-1
112,069509	78,500000	80,000000	1,351602E-1
112,069509	78,500000	80,000000	1,351843E-1
112,069509	78,500000	80,000000	1,352083E-1
112,069509	78,500000	80,000000	1,352324E-1
112,069509	78,500000	80,000000	1,352324E-1
112,069509	78,500000	80,000000	1,352565E-1
112,069509	78,500000	80,000000	1,352806E-1
113,068950	78,500000	80,000000	1,353046E-1
113,068950	78,500000	80,000000	1,353287E-1
113,068950	78,500000	80,000000	1,353287E-1
113,068950	78,500000	80,000000	1,353287E-1
113,068950	78,500000	80,000000	1,353528E-1
113,068950	78,500000	80,000000	1,353528E-1
113,068950	78,500000	80,000000	1,353769E-1
113,068950	78,500000	80,000000	1,354009E-1
113,068950	78,500000	80,000000	1,354250E-1
113,068950	78,500000	80,000000	1,354250E-1
114,070352	78,500000	80,000000	1,354491E-1
114,070352	78,900002	80,000000	1,354732E-1
114,070352	78,900002	80,000000	1,354732E-1
114,070352	78,900002	80,000000	1,353900E-1
114,070352	78,900002	80,000000	1,354077E-1
114,070352	78,900002	80,000000	1,354253E-1
114,070352	78,900002	80,000000	1,354253E-1
114,070352	78,900002	80,000000	1,354430E-1
114,070352	78,900002	80,000000	1,354430E-1
114,070352	78,900002	80,000000	1,354606E-1
115,069749	78,500000	80,000000	1,354606E-1
115,069749	78,500000	80,000000	1,355855E-1
115,069749	78,500000	80,000000	1,356096E-1
115,069749	78,500000	80,000000	1,356336E-1
115,069749	78,500000	80,000000	1,356336E-1
115,069749	78,500000	80,000000	1,356577E-1
115,069749	78,500000	80,000000	1,356818E-1
115,069749	78,500000	80,000000	1,357059E-1
115,069749	78,500000	80,000000	1,357059E-1
115,069749	78,500000	80,000000	1,357299E-1
116,070180	78,500000	80,000000	1,357540E-1
116,070180	78,800003	80,000000	1,357540E-1
116,070180	78,800003	80,000000	1,356977E-1
116,070180	78,800003	80,000000	1,356977E-1
116,070180	78,800003	80,000000	1,357169E-1
116,070180	78,800003	80,000000	1,357169E-1
116,070180	78,800003	80,000000	1,357362E-1
116,070180	78,800003	80,000000	1,357555E-1
116,070180	78,800003	80,000000	1,357747E-1
116,070180	78,800003	80,000000	1,357940E-1
117,070608	78,800003	80,000000	1,358132E-1
117,070608	78,800003	80,000000	1,358132E-1
117,070608	78,800003	80,000000	1,358325E-1
117,070608	78,800003	80,000000	1,358518E-1
117,070608	78,800003	80,000000	1,358518E-1
117,070608	78,800003	80,000000	1,358710E-1
117,070608	78,800003	80,000000	1,358710E-1
117,070608	78,500000	80,000000	1,358903E-1
117,070608	78,500000	80,000000	1,358903E-1
117,070608	78,500000	80,000000	1,359899E-1
118,071114	78,500000	80,000000	1,359899E-1
118,071114	78,500000	80,000000	1,360140E-1
118,071114	78,500000	80,000000	1,360381E-1
118,071114	78,500000	80,000000	1,360622E-1
118,071114	78,500000	80,000000	1,360622E-1
118,071114	78,500000	80,000000	1,360862E-1
118,071114	78,500000	80,000000	1,360862E-1
118,071114	78,300003	80,000000	1,361103E-1
118,071114	78,300003	80,000000	1,361880E-1
118,071114	78,300003	80,000000	1,362153E-1
119,071463	78,300003	80,000000	1,362153E-1
119,071463	78,300003	80,000000	1,362426E-1
119,071463	78,300003	80,000000	1,362698E-1
119,071463	78,300003	80,000000	1,362698E-1
119,071463	78,300003	80,000000	1,362698E-1
119,071463	78,300003	80,000000	1,362971E-1
119,071463	78,300003	80,000000	1,363244E-1
119,071463	79,300003	80,000000	1,363244E-1
119,071463	79,300003	80,000000	1,360837E-1
119,071463	79,300003	80,000000	1,360949E-1
120,070938	79,300003	80,000000	1,360949E-1
120,070938	79,300003	80,000000	1,361061E-1
120,070938	79,300003	80,000000	1,361174E-1
120,070938	79,300003	80,000000	1,361174E-1
120,070938	79,300003	80,000000	1,361286E-1
120,070938	79,199997	80,000000	1,361398E-1
120,070938	79,199997	80,000000	1,361398E-1
120,070938	79,199997	80,000000	1,361779E-1
120,070938	79,199997	80,000000	1,361779E-1
120,070938	79,199997	80,000000	1,361907E-1
121,072483	79,199997	80,000000	1,361907E-1
121,072483	79,199997	80,000000	1,362036E-1
121,072483	79,199997	80,000000	1,362164E-1
121,072483	79,199997	80,000000	1,362292E-1
121,072483	79,199997	80,000000	1,362292E-1
121,072483	79,199997	80,000000	1,362421E-1
121,072483	79,199997	80,000000	1,362549E-1
121,072483	79,199997	80,000000	1,362678E-1
121,072483	78,699997	80,000000	1,364146E-1
121,072483	78,699997	80,000000	1,364355E-1
122,072964	78,699997	80,000000	1,364355E-1
122,072964	78,699997	80,000000	1,364563E-1
122,072964	78,699997	80,000000	1,364772E-1
122,072964	78,699997	80,000000	1,364772E-1
122,072964	78,699997	80,000000	1,364772E-1
122,072964	78,699997	80,000000	1,364772E-1
122,072964	78,699997	80,000000	1,364981E-1
122,072964	78,699997	80,000000	1,365189E-1
122,072964	78,699997	80,000000	1,365189E-1
122,072964	78,699997	80,000000	1,365398E-1
123,073301	78,699997	80,000000	1,365398E-1
123,073301	79,400002	80,000000	1,365607E-1
123,073301	79,400002	80,000000	1,363939E-1
123,073301	79,400002	80,000000	1,364035E-1
123,073301	79,400002	80,000000	1,364035E-1
123,073301	79,400002	80,000000	1,364132E-1
123,073301	79,400002	80,000000	1,364228E-1
123,073301	79,400002	80,000000	1,364228E-1
123,073301	79,400002	80,000000	1,364324E-1
123,073301	79,400002	80,000000	1,364324E-1
124,072704	79,099998	80,000000	1,364324E-1
124,072704	79,099998	80,000000	1,365225E-1
124,072704	79,099998	80,000000	1,365369E-1
124,072704	79,099998	80,000000	1,365513E-1
124,072704	79,099998	80,000000	1,365658E-1
124,072704	79,099998	80,000000	1,365802E-1
124,072704	79,099998	80,000000	1,365802E-1
124,072704	79,099998	80,000000	1,365947E-1
124,072704	79,099998	80,000000	1,366091E-1
124,072704	79,099998	80,000000	1,366091E-1
125,074225	78,899994	80,000000	1,366236E-1
125,074225	78,899994	80,000000	1,366916E-1
125,074225	78,899994	80,000000	1,366916E-1
125,074225	78,899994	80,000000	1,367093E-1
125,074225	78,899994	80,000000	1,367093E-1
125,074225	78,899994	80,000000	1,367269E-1
125,074225	78,899994	80,000000	1,367446E-1
125,074225	78,899994	80,000000	1,367446E-1
125,074225	78,899994	80,000000	1,367622E-1
125,074225	78,899994	80,000000	1,367799E-1
126,074638	78,899994	80,000000	1,367799E-1
126,074638	79,199997	80,000000	1,367975E-1
126,074638	79,199997	80,000000	1,367348E-1
126,074638	79,199997	80,000000	1,367476E-1
126,074638	79,199997	80,000000	1,367476E-1
126,074638	79,199997	80,000000	1,367605E-1
126,074638	79,199997	80,000000	1,367733E-1
126,074638	79,199997	80,000000	1,367733E-1
126,074638	79,199997	80,000000	1,367733E-1
126,074638	79,199997	80,000000	1,367862E-1
127,074014	79,199997	80,000000	1,367862E-1
127,074014	79,500000	80,000000	1,367990E-1
127,074014	79,500000	80,000000	1,367314E-1
127,074014	79,500000	80,000000	1,367394E-1
127,074014	79,500000	80,000000	1,367394E-1
127,074014	79,500000	80,000000	1,367475E-1
127,074014	79,500000	80,000000	1,367555E-1
127,074014	79,500000	80,000000	1,367555E-1
127,074014	79,500000	80,000000	1,367635E-1
127,074014	79,500000	80,000000	1,367715E-1
128,074528	79,500000	81,000000	1,370476E-1
128,074528	79,500000	81,000000	1,370476E-1
128,074528	79,500000	81,000000	1,370717E-1
128,074528	79,500000	81,000000	1,370717E-1
128,074528	79,500000	81,000000	1,370957E-1
128,074528	79,500000	81,000000	1,370957E-1
128,074528	79,500000	81,000000	1,371198E-1
128,074528	79,500000	81,000000	1,371198E-1
128,074528	79,500000	81,000000	1,371439E-1
128,074528	79,699997	81,000000	1,371144E-1
129,074866	79,699997	81,000000	1,371352E-1
129,074866	79,699997	81,000000	1,371561E-1
129,074866	79,699997	81,000000	1,371561E-1
129,074866	79,699997	81,000000	1,371770E-1
129,074866	79,699997	81,000000	1,371978E-1
129,074866	79,699997	81,000000	1,372187E-1
129,074866	79,699997	81,000000	1,372187E-1
129,074866	79,699997	81,000000	1,372395E-1
129,074866	79,699997	81,000000	1,372395E-1
129,074866	80,199997	81,000000	1,372604E-1
130,076389	80,199997	81,000000	1,372604E-1
130,076389	80,199997	81,000000	1,371473E-1
130,076389	80,199997	81,000000	1,371601E-1
130,076389	80,199997	81,000000	1,371729E-1
130,076389	80,199997	81,000000	1,371729E-1
130,076389	80,199997	81,000000	1,371858E-1
130,076389	80,199997	81,000000	1,371986E-1
130,076389	80,199997	81,000000	1,372115E-1
130,076389	80,199997	81,000000	1,372243E-1
130,076389	79,699997	81,000000	1,373712E-1
131,077704	79,699997	81,000000	1,373920E-1
131,077704	79,699997	81,000000	1,373920E-1
131,077704	79,699997	81,000000	1,374129E-1
131,077704	79,699997	81,000000	1,374129E-1
131,077704	79,699997	81,000000	1,374337E-1
131,077704	79,699997	81,000000	1,374337E-1
131,077704	79,699997	81,000000	1,374546E-1
131,077704	79,699997	81,000000	1,374755E-1
131,077704	79,699997	81,000000	1,374963E-1
131,077704	79,599998	81,000000	1,374963E-1
132,077164	79,599998	81,000000	1,375440E-1
132,077164	79,599998	81,000000	1,375665E-1
132,077164	79,599998	81,000000	1,375665E-1
132,077164	79,599998	81,000000	1,375889E-1
132,077164	79,599998	81,000000	1,376114E-1
132,077164	79,599998	81,000000	1,376339E-1
132,077164	79,599998	81,000000	1,376339E-1
132,077164	79,599998	81,000000	1,376564E-1
132,077164	79,599998	81,000000	1,376564E-1
132,077164	79,599998	80,000000	1,376788E-1
133,077636	79,699997	80,000000	1,376788E-1
133,077636	79,699997	80,000000	1,374065E-1
133,077636	79,699997	80,000000	1,374065E-1
133,077636	79,699997	80,000000	1,374113E-1
133,077636	79,699997	80,000000	1,374161E-1
133,077636	79,699997	80,000000	1,374161E-1
133,077636	79,699997	80,000000	1,374209E-1
133,077636	79,699997	80,000000	1,374257E-1
133,077636	79,699997	80,000000	1,374257E-1
133,077636	79,699997	80,000000	1,374305E-1
134,077984	79,699997	80,000000	1,374354E-1
134,077984	79,699997	80,000000	1,374402E-1
134,077984	79,699997	80,000000	1,374402E-1
134,077984	79,699997	80,000000	1,374402E-1
134,077984	79,699997	80,000000	1,374450E-1
134,077984	80,000000	80,000000	1,374450E-1
134,077984	80,000000	80,000000	1,373694E-1
134,077984	80,000000	80,000000	1,373694E-1
134,077984	80,000000	80,000000	1,373694E-1
134,077984	80,000000	80,000000	1,373694E-1
135,078456	80,000000	80,000000	1,373694E-1
135,078456	80,000000	80,000000	1,373694E-1
135,078456	80,000000	80,000000	1,373694E-1
135,078456	80,000000	80,000000	1,373694E-1
135,078456	79,300003	80,000000	1,373694E-1
135,078456	79,300003	80,000000	1,375570E-1
135,078456	79,300003	80,000000	1,375570E-1
135,078456	79,300003	80,000000	1,375682E-1
135,078456	79,300003	80,000000	1,375682E-1
135,078456	79,300003	80,000000	1,375795E-1
136,077805	79,300003	80,000000	1,375795E-1
136,077805	79,300003	80,000000	1,375907E-1
136,077805	79,300003	80,000000	1,376019E-1
136,077805	79,300003	80,000000	1,376019E-1
136,077805	79,300003	80,000000	1,376132E-1
136,077805	79,699997	80,000000	1,376244E-1
136,077805	79,699997	80,000000	1,376244E-1
136,077805	79,699997	80,000000	1,375284E-1
136,077805	79,699997	80,000000	1,375284E-1
136,077805	79,699997	80,000000	1,375284E-1
137,078266	79,699997	80,000000	1,375333E-1
137,078266	79,699997	80,000000	1,375333E-1
137,078266	79,699997	80,000000	1,375333E-1
137,078266	79,699997	80,000000	1,375333E-1
137,078266	79,699997	80,000000	1,375333E-1
137,078266	79,699997	80,000000	1,375333E-1
137,078266	79,699997	80,000000	1,375333E-1
137,078266	79,699997	80,000000	1,375333E-1
137,078266	79,699997	80,000000	1,375333E-1
137,078266	79,699997	80,000000	1,375333E-1
138,078433	79,699997	80,000000	1,375333E-1
138,078433	79,699997	80,000000	1,375333E-1
138,078433	79,699997	80,000000	1,375333E-1
138,078433	79,699997	80,000000	1,375333E-1
138,078433	79,699997	80,000000	1,375333E-1
138,078433	79,699997	80,000000	1,375333E-1
138,078433	79,699997	80,000000	1,375333E-1
138,078433	79,699997	80,000000	1,375333E-1
138,078433	79,699997	80,000000	1,375333E-1
138,078433	79,699997	80,000000	1,375333E-1
139,078895	79,699997	80,000000	1,375333E-1
139,078895	79,699997	80,000000	1,375333E-1
139,078895	79,699997	80,000000	1,375333E-1
139,078895	79,699997	80,000000	1,375333E-1
139,078895	79,699997	80,000000	1,375333E-1
139,078895	79,699997	80,000000	1,375381E-1
139,078895	79,699997	80,000000	1,375381E-1
139,078895	79,699997	80,000000	1,375381E-1
139,078895	79,699997	80,000000	1,375429E-1
139,078895	79,699997	80,000000	1,375429E-1
140,079257	79,699997	80,000000	1,375429E-1
140,079257	79,699997	80,000000	1,375429E-1
140,079257	79,699997	80,000000	1,375429E-1
140,079257	79,699997	80,000000	1,375429E-1
140,079257	79,699997	80,000000	1,375429E-1
140,079257	79,699997	80,000000	1,375429E-1
140,079257	79,699997	80,000000	1,375429E-1
140,079257	79,699997	80,000000	1,375429E-1
140,079257	79,699997	80,000000	1,375429E-1
140,079257	79,699997	80,000000	1,375429E-1
141,079690	79,699997	80,000000	1,375429E-1
141,079690	79,699997	80,000000	1,375429E-1
141,079690	79,699997	80,000000	1,375429E-1
141,079690	79,800003	80,000000	1,375429E-1
141,079690	79,800003	80,000000	1,375429E-1
141,079690	79,800003	80,000000	1,375429E-1
141,079690	79,800003	80,000000	1,375429E-1
141,079690	79,800003	80,000000	1,375429E-1
141,079690	79,800003	80,000000	1,375429E-1
141,079690	79,800003	80,000000	1,375429E-1
142,079173	79,800003	80,000000	1,375429E-1
142,079173	79,800003	80,000000	1,375429E-1
142,079173	79,800003	80,000000	1,375429E-1
142,079173	79,800003	80,000000	1,375429E-1
142,079173	79,800003	80,000000	1,375429E-1
142,079173	79,800003	80,000000	1,375429E-1
142,079173	79,800003	80,000000	1,375429E-1
142,079173	79,800003	80,000000	1,375429E-1
142,079173	79,800003	80,000000	1,375429E-1
142,079173	79,800003	80,000000	1,375429E-1
143,079560	79,800003	80,000000	1,375209E-1
143,079560	79,800003	80,000000	1,375209E-1
143,079560	79,800003	80,000000	1,375209E-1
143,079560	79,800003	80,000000	1,375209E-1
143,079560	79,800003	80,000000	1,375209E-1
143,079560	79,800003	80,000000	1,375209E-1
143,079560	79,800003	80,000000	1,375209E-1
143,079560	79,800003	80,000000	1,375209E-1
143,079560	79,800003	80,000000	1,375209E-1
143,079560	79,800003	80,000000	1,375209E-1
144,079030	79,800003	80,000000	1,375209E-1
144,079030	79,800003	80,000000	1,375209E-1
144,079030	79,800003	80,000000	1,375209E-1
144,079030	79,800003	80,000000	1,375209E-1
144,079030	79,800003	80,000000	1,375209E-1
144,079030	79,800003	80,000000	1,375209E-1
144,079030	79,800003	80,000000	1,375209E-1
144,079030	79,800003	80,000000	1,375241E-1
144,079030	79,800003	80,000000	1,375241E-1
144,079030	79,500000	80,000000	1,375241E-1
145,079406	79,500000	80,000000	1,375241E-1
145,079406	79,500000	80,000000	1,375241E-1
145,079406	79,500000	80,000000	1,375241E-1
145,079406	79,500000	80,000000	1,375241E-1
145,079406	79,500000	80,000000	1,375241E-1
145,079406	79,500000	80,000000	1,375241E-1
145,079406	79,500000	80,000000	1,375241E-1
145,079406	79,500000	80,000000	1,375241E-1
145,079406	79,500000	80,000000	1,375241E-1
145,079406	79,500000	80,000000	1,375241E-1
146,078881	79,500000	80,000000	1,375241E-1
146,078881	79,500000	80,000000	1,375241E-1
146,078881	79,500000	80,000000	1,375241E-1
146,078881	79,500000	80,000000	1,375241E-1
146,078881	79,500000	80,000000	1,375241E-1
146,078881	79,500000	80,000000	1,376077E-1
146,078881	79,300003	80,000000	1,376077E-1
146,078881	79,300003	80,000000	1,376077E-1
146,078881	79,300003	80,000000	1,376077E-1
146,078881	79,300003	80,000000	1,376077E-1
147,079243	79,300003	80,000000	1,376077E-1
147,079243	79,300003	80,000000	1,376077E-1
147,079243	79,300003	80,000000	1,376077E-1
147,079243	79,300003	80,000000	1,376077E-1
147,079243	79,300003	80,000000	1,376077E-1
147,079243	79,300003	80,000000	1,376077E-1
147,079243	79,300003	80,000000	1,376077E-1
147,079243	79,300003	80,000000	1,376077E-1
147,079243	79,300003	80,000000	1,376077E-1
147,079243	79,300003	80,000000	1,376077E-1
148,079692	79,300003	80,000000	1,376077E-1
148,079692	79,300003	80,000000	1,376077E-1
148,079692	79,300003	80,000000	1,376693E-1
148,079692	79,300003	80,000000	1,376693E-1
148,079692	79,300003	80,000000	1,376693E-1
148,079692	79,300003	80,000000	1,376693E-1
148,079692	79,199997	80,000000	1,377074E-1
148,079692	79,199997	80,000000	1,377074E-1
148,079692	79,199997	80,000000	1,377074E-1
148,079692	79,600006	80,000000	1,377202E-1
149,079099	79,600006	80,000000	1,376259E-1
149,079099	79,600006	80,000000	1,376323E-1
149,079099	79,600006	80,000000	1,376387E-1
149,079099	79,600006	80,000000	1,376451E-1
149,079099	79,600006	80,000000	1,376451E-1
149,079099	79,600006	80,000000	1,376515E-1
149,079099	79,600006	80,000000	1,376580E-1
149,079099	79,600006	80,000000	1,376580E-1
149,079099	79,600006	80,000000	1,376644E-1
149,079099	79,600006	80,000000	1,376708E-1
150,080577	79,600006	80,000000	1,376708E-1
150,080577	79,600006	80,000000	1,376772E-1
150,080577	79,300003	80,000000	1,376772E-1
150,080577	79,300003	80,000000	1,376772E-1
150,080577	79,300003	80,000000	1,377640E-1
150,080577	79,300003	80,000000	1,377753E-1
150,080577	79,300003	80,000000	1,377865E-1
150,080577	79,300003	80,000000	1,377865E-1
150,080577	79,300003	80,000000	1,377977E-1
150,080577	79,300003	80,000000	1,378090E-1
151,079941	79,300003	80,000000	1,378090E-1
151,079941	79,300003	80,000000	1,378202E-1
151,079941	79,300003	80,000000	1,378314E-1
151,079941	79,300003	80,000000	1,378427E-1
151,079941	79,300003	80,000000	1,378427E-1
151,079941	79,300003	80,000000	1,378539E-1
151,079941	79,300003	80,000000	1,378539E-1
151,079941	79,300003	80,000000	1,378652E-1
151,079941	79,300003	80,000000	1,378652E-1
151,079941	79,300003	80,000000	1,378764E-1
152,080372	79,300003	80,000000	1,378764E-1
152,080372	79,699997	80,000000	1,378876E-1
152,080372	79,699997	80,000000	1,377916E-1
152,080372	79,699997	80,000000	1,377965E-1
152,080372	79,699997	80,000000	1,377965E-1
152,080372	79,699997	80,000000	1,378013E-1
152,080372	79,699997	80,000000	1,378061E-1
152,080372	79,699997	80,000000	1,378061E-1
152,080372	79,699997	80,000000	1,378109E-1
152,080372	79,699997	80,000000	1,378157E-1
153,080546	79,699997	80,000000	1,378157E-1
153,080546	79,599998	80,000000	1,378205E-1
153,080546	79,599998	80,000000	1,378205E-1
153,080546	79,599998	80,000000	1,378205E-1
153,080546	79,599998	80,000000	1,378522E-1
153,080546	79,599998	80,000000	1,378586E-1
153,080546	79,599998	80,000000	1,378650E-1
153,080546	79,599998	80,000000	1,378650E-1
153,080546	79,599998	80,000000	1,378714E-1
153,080546	79,599998	80,000000	1,378778E-1
154,079989	79,599998	80,000000	1,378778E-1
154,079989	79,599998	80,000000	1,378843E-1
154,079989	79,599998	80,000000	1,378843E-1
154,079989	79,599998	80,000000	1,378843E-1
154,079989	79,599998	80,000000	1,378843E-1
154,079989	80,000000	80,000000	1,377835E-1
154,079989	80,000000	80,000000	1,377835E-1
154,079989	80,000000	80,000000	1,377835E-1
154,079989	80,000000	80,000000	1,377835E-1
154,079989	80,000000	80,000000	1,377835E-1
155,081453	80,000000	80,000000	1,377835E-1
155,081453	80,000000	80,000000	1,377835E-1
155,081453	80,000000	80,000000	1,377835E-1
155,081453	80,000000	80,000000	1,377835E-1
155,081453	80,000000	80,000000	1,377835E-1
155,081453	80,000000	80,000000	1,377835E-1
155,081453	80,000000	80,000000	1,377835E-1
155,081453	80,000000	80,000000	1,377835E-1
155,081453	80,000000	80,000000	1,377835E-1
155,081453	80,000000	80,000000	1,377835E-1
156,080882	80,000000	80,000000	1,377835E-1
156,080882	80,000000	80,000000	1,377835E-1
156,080882	80,000000	80,000000	1,377835E-1
156,080882	80,000000	80,000000	1,377835E-1
156,080882	80,000000	80,000000	1,377835E-1
156,080882	80,000000	80,000000	1,377835E-1
156,080882	80,000000	80,000000	1,377835E-1
156,080882	80,000000	80,000000	1,377835E-1
156,080882	80,000000	80,000000	1,377835E-1
156,080882	80,000000	80,000000	1,377835E-1
157,081269	80,000000	80,000000	1,377835E-1
157,081269	80,000000	80,000000	1,377835E-1
157,081269	80,000000	80,000000	1,377835E-1
157,081269	80,000000	80,000000	1,377835E-1
157,081269	80,000000	80,000000	1,377835E-1
157,081269	80,000000	80,000000	1,377835E-1
157,081269	80,000000	80,000000	1,377835E-1
157,081269	80,000000	80,000000	1,377835E-1
157,081269	80,000000	80,000000	1,377835E-1
157,081269	80,000000	80,000000	1,377835E-1
158,081699	80,000000	80,000000	1,377835E-1
158,081699	80,000000	80,000000	1,377835E-1
158,081699	80,000000	80,000000	1,377835E-1
158,081699	80,000000	80,000000	1,377835E-1
158,081699	80,000000	80,000000	1,377835E-1
158,081699	80,000000	80,000000	1,377835E-1
158,081699	80,000000	80,000000	1,377835E-1
158,081699	80,000000	80,000000	1,377835E-1
158,081699	80,000000	80,000000	1,377835E-1
158,081699	79,300003	80,000000	1,377835E-1
159,081151	79,300003	80,000000	1,377835E-1
159,081151	79,300003	80,000000	1,377835E-1
159,081151	79,300003	80,000000	1,377835E-1
159,081151	79,300003	80,000000	1,377835E-1
159,081151	79,300003	80,000000	1,377835E-1
159,081151	79,300003	80,000000	1,377835E-1
159,081151	79,300003	80,000000	1,377835E-1
159,081151	79,300003	80,000000	1,377835E-1
159,081151	79,300003	80,000000	1,377835E-1
159,081151	79,300003	80,000000	1,377835E-1
160,081574	79,300003	80,000000	1,377835E-1
160,081574	79,300003	80,000000	1,377835E-1
160,081574	79,300003	80,000000	1,377835E-1
160,081574	79,300003	80,000000	1,377835E-1
160,081574	79,300003	80,000000	1,377835E-1
160,081574	79,300003	80,000000	1,377835E-1
160,081574	79,300003	80,000000	1,377835E-1
160,081574	79,300003	80,000000	1,377835E-1
160,081574	79,300003	80,000000	1,377835E-1
160,081574	79,300003	80,000000	1,377835E-1
161,080938	79,300003	80,000000	1,377835E-1
161,080938	79,300003	80,000000	1,377835E-1
161,080938	79,300003	80,000000	1,377835E-1
161,080938	79,300003	80,000000	1,377835E-1
161,080938	79,300003	80,000000	1,377835E-1
161,080938	79,300003	80,000000	1,377835E-1
161,080938	79,300003	80,000000	1,377835E-1
161,080938	79,300003	80,000000	1,377835E-1
161,080938	79,300003	80,000000	1,377835E-1
161,080938	79,300003	80,000000	1,377835E-1
162,082421	79,300003	80,000000	1,377835E-1
162,082421	79,300003	80,000000	1,377835E-1
162,082421	79,300003	80,000000	1,377835E-1
162,082421	79,300003	80,000000	1,377835E-1
162,082421	79,300003	80,000000	1,377835E-1
162,082421	79,300003	80,000000	1,377835E-1
162,082421	79,300003	80,000000	1,377835E-1
162,082421	79,300003	80,000000	1,377835E-1
162,082421	79,300003	80,000000	1,377835E-1
162,082421	79,300003	80,000000	1,377835E-1
163,081808	79,300003	80,000000	1,377835E-1
163,081808	79,300003	80,000000	1,379711E-1
163,081808	79,300003	80,000000	1,379711E-1
163,081808	79,300003	80,000000	1,379711E-1
163,081808	79,300003	80,000000	1,379711E-1
163,081808	79,300003	80,000000	1,379711E-1
163,081808	79,300003	80,000000	1,379711E-1
163,081808	79,300003	80,000000	1,379711E-1
163,081808	79,300003	80,000000	1,379711E-1
163,081808	79,300003	80,000000	1,379711E-1
164,082282	79,300003	80,000000	1,379711E-1
164,082282	79,300003	80,000000	1,379711E-1
164,082282	79,300003	80,000000	1,379711E-1
164,082282	79,300003	80,000000	1,379711E-1
164,082282	79,300003	80,000000	1,379711E-1
164,082282	79,300003	80,000000	1,379711E-1
164,082282	79,300003	80,000000	1,379711E-1
164,082282	79,300003	80,000000	1,379711E-1
164,082282	79,300003	80,000000	1,379823E-1
164,082282	79,199997	80,000000	1,379823E-1
165,082725	79,199997	80,000000	1,379823E-1
165,082725	79,199997	80,000000	1,379823E-1
165,082725	79,199997	80,000000	1,379823E-1
165,082725	79,199997	80,000000	1,379823E-1
165,082725	79,199997	80,000000	1,379823E-1
165,082725	79,199997	80,000000	1,379823E-1
165,082725	79,199997	80,000000	1,379823E-1
165,082725	79,199997	80,000000	1,379823E-1
165,082725	79,199997	80,000000	1,379823E-1
165,082725	79,199997	80,000000	1,379823E-1
166,082688	79,199997	80,000000	1,379823E-1
166,082688	79,199997	80,000000	1,379823E-1
166,082688	79,199997	80,000000	1,379823E-1
166,082688	79,199997	80,000000	1,379823E-1
166,082688	79,199997	80,000000	1,379823E-1
166,082688	79,199997	80,000000	1,379823E-1
166,082688	79,199997	80,000000	1,380204E-1
166,082688	79,199997	80,000000	1,380204E-1
166,082688	79,199997	80,000000	1,380204E-1
166,082688	79,199997	80,000000	1,380204E-1
167,082128	79,199997	80,000000	1,380204E-1
167,082128	79,199997	80,000000	1,380204E-1
167,082128	79,199997	80,000000	1,380204E-1
167,082128	79,199997	80,000000	1,380204E-1
167,082128	79,199997	80,000000	1,380204E-1
167,082128	79,199997	80,000000	1,380204E-1
167,082128	79,199997	80,000000	1,380204E-1
167,082128	79,199997	80,000000	1,380204E-1
167,082128	79,199997	80,000000	1,380204E-1
167,082128	79,199997	80,000000	1,380204E-1
168,082568	79,199997	80,000000	1,380204E-1
168,082568	79,199997	80,000000	1,380204E-1
168,082568	79,199997	80,000000	1,380204E-1
168,082568	79,199997	80,000000	1,380332E-1
168,082568	79,300003	80,000000	1,380332E-1
168,082568	79,300003	80,000000	1,380332E-1
168,082568	79,300003	80,000000	1,380332E-1
168,082568	79,300003	80,000000	1,380332E-1
168,082568	79,300003	80,000000	1,380332E-1
168,082568	79,300003	80,000000	1,380332E-1
169,082032	79,300003	80,000000	1,380332E-1
169,082032	79,300003	80,000000	1,380332E-1
169,082032	79,300003	80,000000	1,380332E-1
169,082032	79,300003	80,000000	1,380332E-1
169,082032	79,300003	80,000000	1,380332E-1
169,082032	79,300003	80,000000	1,380332E-1
169,082032	79,300003	80,000000	1,380332E-1
169,082032	79,300003	80,000000	1,380332E-1
169,082032	79,300003	80,000000	1,380332E-1
169,082032	79,300003	80,000000	1,380332E-1
170,082425	79,300003	80,000000	1,380332E-1
170,082425	79,300003	80,000000	1,380192E-1
170,082425	79,400002	80,000000	1,380192E-1
170,082425	79,400002	80,000000	1,380192E-1
170,082425	79,599998	80,000000	1,380037E-1
170,082425	79,599998	80,000000	1,380037E-1
170,082425	79,599998	80,000000	1,380037E-1
170,082425	79,599998	80,000000	1,379597E-1
170,082425	79,599998	80,000000	1,379597E-1
170,082425	79,000000	80,000000	1,379661E-1
171,081847	79,000000	80,000000	1,381333E-1
171,081847	79,000000	80,000000	1,381494E-1
171,081847	79,000000	80,000000	1,381494E-1
171,081847	79,000000	80,000000	1,381654E-1
171,081847	79,000000	80,000000	1,381815E-1
171,081847	79,000000	80,000000	1,381815E-1
171,081847	79,000000	80,000000	1,381975E-1
171,081847	79,000000	80,000000	1,382136E-1
171,081847	79,000000	80,000000	1,382136E-1
171,081847	79,000000	80,000000	1,382296E-1
172,082229	79,000000	80,000000	1,382296E-1
172,082229	79,000000	80,000000	1,382296E-1
172,082229	79,000000	80,000000	1,382457E-1
172,082229	79,000000	80,000000	1,382617E-1
172,082229	79,000000	80,000000	1,382617E-1
172,082229	79,500000	80,000000	1,382778E-1
172,082229	79,500000	80,000000	1,381598E-1
172,082229	79,500000	80,000000	1,381678E-1
172,082229	79,500000	80,000000	1,381678E-1
172,082229	79,500000	80,000000	1,381759E-1
173,082591	79,500000	80,000000	1,381839E-1
173,082591	79,500000	80,000000	1,381839E-1
173,082591	79,500000	80,000000	1,381919E-1
173,082591	79,500000	80,000000	1,381999E-1
173,082591	79,500000	80,000000	1,381999E-1
173,082591	79,500000	80,000000	1,382080E-1
173,082591	79,500000	80,000000	1,382080E-1
173,082591	79,500000	80,000000	1,382160E-1
173,082591	79,500000	80,000000	1,382240E-1
173,082591	79,500000	80,000000	1,382240E-1
174,082021	79,500000	80,000000	1,382320E-1
174,082021	79,500000	80,000000	1,382401E-1
174,082021	79,500000	80,000000	1,382481E-1
174,082021	79,500000	80,000000	1,382481E-1
174,082021	79,500000	80,000000	1,382561E-1
174,082021	79,099998	80,000000	1,382641E-1
174,082021	79,099998	80,000000	1,382641E-1
174,082021	79,099998	80,000000	1,383794E-1
174,082021	79,099998	80,000000	1,383938E-1
174,082021	79,099998	80,000000	1,383938E-1
175,082472	79,099998	80,000000	1,384083E-1
175,082472	79,099998	80,000000	1,384083E-1
175,082472	79,099998	80,000000	1,384083E-1
175,082472	79,099998	80,000000	1,384227E-1
175,082472	79,099998	80,000000	1,384372E-1
175,082472	79,099998	80,000000	1,384516E-1
175,082472	79,099998	80,000000	1,384516E-1
175,082472	79,099998	80,000000	1,384660E-1
175,082472	79,099998	80,000000	1,384660E-1
175,082472	79,099998	80,000000	1,384660E-1
176,081943	79,800003	80,000000	1,384660E-1
176,081943	79,800003	80,000000	1,382929E-1
176,081943	79,800003	80,000000	1,382929E-1
176,081943	79,800003	80,000000	1,382929E-1
176,081943	79,800003	80,000000	1,382929E-1
176,081943	79,800003	80,000000	1,382929E-1
176,081943	79,800003	80,000000	1,382929E-1
176,081943	79,800003	80,000000	1,382929E-1
176,081943	79,800003	80,000000	1,382929E-1
176,081943	79,800003	80,000000	1,382929E-1
177,082291	79,800003	80,000000	1,382929E-1
177,082291	79,800003	80,000000	1,382929E-1
177,082291	79,800003	80,000000	1,382929E-1
177,082291	79,800003	80,000000	1,382929E-1
177,082291	79,800003	80,000000	1,382929E-1
177,082291	79,800003	80,000000	1,382929E-1
177,082291	79,800003	80,000000	1,382929E-1
177,082291	79,800003	80,000000	1,382929E-1
177,082291	79,800003	80,000000	1,382929E-1
177,082291	79,800003	80,000000	1,382929E-1
178,083764	79,800003	80,000000	1,382929E-1
178,083764	79,800003	80,000000	1,382929E-1
178,083764	79,800003	80,000000	1,382929E-1
178,083764	79,800003	80,000000	1,382929E-1
178,083764	79,800003	80,000000	1,382929E-1
178,083764	79,800003	80,000000	1,382961E-1
178,083764	79,800003	80,000000	1,382961E-1
178,083764	79,800003	80,000000	1,382961E-1
178,083764	79,800003	80,000000	1,382961E-1
178,083764	79,800003	80,000000	1,382961E-1
179,083169	79,800003	80,000000	1,382961E-1
179,083169	79,800003	80,000000	1,382961E-1
179,083169	79,800003	80,000000	1,382961E-1
179,083169	79,800003	80,000000	1,382961E-1
179,083169	79,800003	80,000000	1,382961E-1
179,083169	79,800003	80,000000	1,382961E-1
179,083169	79,800003	80,000000	1,382961E-1
179,083169	79,800003	80,000000	1,382961E-1
179,083169	79,800003	80,000000	1,382961E-1
179,083169	79,800003	80,000000	1,382961E-1
180,083673	79,800003	80,000000	1,382961E-1
180,083673	79,800003	80,000000	1,382961E-1
180,083673	79,800003	80,000000	1,382961E-1
180,083673	79,800003	80,000000	1,382993E-1
180,083673	79,800003	80,000000	1,382993E-1
180,083673	79,699997	80,000000	1,382993E-1
180,083673	79,699997	80,000000	1,382993E-1
180,083673	79,699997	80,000000	1,382993E-1
180,083673	79,699997	80,000000	1,382993E-1
180,083673	79,699997	80,000000	1,382993E-1
181,084016	79,699997	80,000000	1,382993E-1
181,084016	79,699997	80,000000	1,382993E-1
181,084016	79,699997	80,000000	1,382993E-1
181,084016	79,699997	80,000000	1,382993E-1
181,084016	79,699997	80,000000	1,382993E-1
181,084016	79,699997	80,000000	1,382993E-1
181,084016	79,699997	80,000000	1,382993E-1
181,084016	79,699997	80,000000	1,382993E-1
181,084016	79,699997	80,000000	1,382993E-1
181,084016	79,699997	80,000000	1,382993E-1
182,084549	79,699997	80,000000	1,383293E-1
182,084549	79,699997	80,000000	1,383293E-1
182,084549	79,699997	80,000000	1,383293E-1
182,084549	79,699997	80,000000	1,383341E-1
182,084549	79,699997	80,000000	1,383341E-1
182,084549	79,699997	80,000000	1,383341E-1
182,084549	79,699997	80,000000	1,383341E-1
182,084549	79,699997	80,000000	1,383341E-1
182,084549	79,699997	80,000000	1,383341E-1
182,084549	79,699997	80,000000	1,383341E-1
183,083911	79,699997	80,000000	1,383341E-1
183,083911	79,699997	80,000000	1,383341E-1
183,083911	79,699997	80,000000	1,383341E-1
183,083911	79,699997	80,000000	1,383341E-1
183,083911	79,699997	80,000000	1,383341E-1
183,083911	79,699997	80,000000	1,383341E-1
183,083911	79,699997	80,000000	1,383341E-1
183,083911	79,699997	80,000000	1,383341E-1
183,083911	79,699997	80,000000	1,383341E-1
183,083911	79,699997	80,000000	1,383341E-1
184,085269	79,400002	80,000000	1,383341E-1
184,085269	79,400002	80,000000	1,383341E-1
184,085269	79,400002	80,000000	1,384193E-1
184,085269	79,400002	80,000000	1,384193E-1
184,085269	79,400002	80,000000	1,384193E-1
184,085269	79,400002	80,000000	1,384193E-1
184,085269	79,400002	80,000000	1,384193E-1
184,085269	79,400002	80,000000	1,384193E-1
184,085269	79,400002	80,000000	1,384193E-1
184,085269	79,400002	80,000000	1,384193E-1
185,085837	79,400002	80,000000	1,384193E-1
185,085837	79,400002	80,000000	1,384193E-1
185,085837	79,400002	80,000000	1,384193E-1
185,085837	79,400002	80,000000	1,384193E-1
185,085837	79,400002	80,000000	1,384193E-1
185,085837	79,400002	80,000000	1,384193E-1
185,085837	79,400002	80,000000	1,384193E-1
185,085837	79,400002	80,000000	1,384193E-1
185,085837	79,400002	80,000000	1,384193E-1
185,085837	79,400002	80,000000	1,384290E-1
186,085123	79,400002	80,000000	1,384290E-1
186,085123	79,400002	80,000000	1,384290E-1
186,085123	79,400002	80,000000	1,384290E-1
186,085123	79,400002	80,000000	1,384290E-1
186,085123	79,400002	80,000000	1,384290E-1
186,085123	79,400002	80,000000	1,384290E-1
186,085123	79,400002	80,000000	1,384290E-1
186,085123	79,400002	80,000000	1,384290E-1
186,085123	79,400002	80,000000	1,384290E-1
186,085123	79,400002	80,000000	1,384290E-1
187,086571	79,400002	80,000000	1,384290E-1
187,086571	79,400002	80,000000	1,384290E-1
187,086571	79,400002	80,000000	1,384290E-1
187,086571	79,400002	80,000000	1,384290E-1
187,086571	79,400002	80,000000	1,384290E-1
187,086571	79,400002	80,000000	1,384290E-1
187,086571	79,400002	80,000000	1,384290E-1
187,086571	79,400002	80,000000	1,384290E-1
187,086571	79,800003	80,000000	1,384386E-1
187,086571	79,800003	80,000000	1,384386E-1
188,086007	79,800003	80,000000	1,384386E-1
188,086007	79,399994	80,000000	1,383410E-1
188,086007	79,399994	80,000000	1,384514E-1
188,086007	79,399994	80,000000	1,384611E-1
188,086007	79,399994	80,000000	1,384707E-1
188,086007	79,399994	80,000000	1,384803E-1
188,086007	79,399994	80,000000	1,384803E-1
188,086007	79,399994	80,000000	1,384900E-1
188,086007	79,399994	80,000000	1,384996E-1
188,086007	79,399994	80,000000	1,384996E-1
189,086455	79,399994	80,000000	1,385092E-1
189,086455	79,399994	80,000000	1,385188E-1
189,086455	79,399994	80,000000	1,385188E-1
189,086455	79,399994	80,000000	1,385285E-1
189,086455	79,199997	80,000000	1,385285E-1
189,086455	79,199997	80,000000	1,385285E-1
189,086455	79,199997	80,000000	1,385917E-1
189,086455	79,199997	80,000000	1,386045E-1
189,086455	79,199997	80,000000	1,386045E-1
189,086455	79,199997	80,000000	1,386174E-1
190,085822	79,199997	80,000000	1,386302E-1
190,085822	79,199997	80,000000	1,386431E-1
190,085822	79,199997	80,000000	1,386559E-1
190,085822	79,600006	80,000000	1,385615E-1
190,085822	79,600006	80,000000	1,385615E-1
190,085822	79,600006	80,000000	1,385680E-1
190,085822	79,600006	80,000000	1,385744E-1
190,085822	79,600006	80,000000	1,385808E-1
190,085822	79,600006	80,000000	1,385808E-1
190,085822	79,600006	80,000000	1,385872E-1
191,086246	79,600006	80,000000	1,385872E-1
191,086246	79,600006	80,000000	1,385936E-1
191,086246	79,600006	80,000000	1,385936E-1
191,086246	79,599998	80,000000	1,386001E-1
191,086246	79,599998	80,000000	1,386065E-1
191,086246	79,599998	80,000000	1,386129E-1
191,086246	79,599998	80,000000	1,386129E-1
191,086246	79,599998	80,000000	1,386193E-1
191,086246	79,599998	80,000000	1,386257E-1
191,086246	79,599998	80,000000	1,386257E-1
192,086660	79,599998	80,000000	1,386322E-1
192,086660	79,599998	80,000000	1,386386E-1
192,086660	79,599998	80,000000	1,386450E-1
192,086660	79,599998	80,000000	1,386450E-1
192,086660	79,300003	80,000000	1,387318E-1
192,086660	79,300003	80,000000	1,387318E-1
192,086660	79,300003	80,000000	1,387318E-1
192,086660	79,300003	80,000000	1,387431E-1
192,086660	79,300003	80,000000	1,387543E-1
192,086660	79,300003	80,000000	1,387655E-1
193,086131	79,300003	80,000000	1,387768E-1
193,086131	79,300003	80,000000	1,387880E-1
193,086131	79,300003	80,000000	1,387880E-1
193,086131	79,300003	80,000000	1,387992E-1
193,086131	79,800003	80,000000	1,386764E-1
193,086131	79,800003	80,000000	1,386797E-1
193,086131	79,800003	80,000000	1,386797E-1
193,086131	79,800003	80,000000	1,386829E-1
193,086131	79,800003	80,000000	1,386829E-1
193,086131	79,800003	80,000000	1,386861E-1
194,087525	79,800003	80,000000	1,386861E-1
194,087525	79,800003	80,000000	1,386893E-1
194,087525	79,800003	80,000000	1,386925E-1
194,087525	79,800003	80,000000	1,386925E-1
194,087525	79,800003	80,000000	1,386957E-1
194,087525	79,800003	80,000000	1,386989E-1
194,087525	79,800003	80,000000	1,387021E-1
194,087525	79,800003	80,000000	1,387053E-1
194,087525	79,800003	80,000000	1,387053E-1
194,087525	79,800003	80,000000	1,387085E-1
195,086992	79,800003	80,000000	1,387085E-1
195,086992	79,800003	80,000000	1,387118E-1
195,086992	79,899994	80,000000	1,387150E-1
195,086992	79,899994	80,000000	1,387150E-1
195,086992	79,899994	80,000000	1,386914E-1
195,086992	79,899994	80,000000	1,386914E-1
195,086992	79,899994	80,000000	1,386914E-1
195,086992	79,899994	80,000000	1,386930E-1
195,086992	79,899994	80,000000	1,386930E-1
195,086992	79,899994	80,000000	1,386930E-1
196,087449	79,899994	80,000000	1,386930E-1
196,087449	79,899994	80,000000	1,386930E-1
196,087449	79,899994	80,000000	1,386930E-1
196,087449	79,899994	80,000000	1,386930E-1
196,087449	79,899994	80,000000	1,386930E-1
196,087449	79,899994	80,000000	1,386930E-1
196,087449	79,899994	80,000000	1,386930E-1
196,087449	79,899994	80,000000	1,386930E-1
196,087449	79,899994	80,000000	1,386930E-1
196,087449	79,899994	80,000000	1,386930E-1
197,086874	79,899994	80,000000	1,386930E-1
197,086874	79,899994	80,000000	1,386930E-1
197,086874	79,899994	80,000000	1,386930E-1
197,086874	79,899994	80,000000	1,386930E-1
197,086874	79,899994	80,000000	1,386930E-1
197,086874	79,899994	80,000000	1,386930E-1
197,086874	79,899994	80,000000	1,386930E-1
197,086874	79,899994	80,000000	1,386930E-1
197,086874	79,899994	80,000000	1,386930E-1
197,086874	79,899994	80,000000	1,386930E-1
198,087299	79,899994	80,000000	1,386930E-1
198,087299	79,899994	80,000000	1,386930E-1
198,087299	79,899994	80,000000	1,386946E-1
198,087299	79,899994	80,000000	1,386946E-1
198,087299	79,800003	80,000000	1,386946E-1
198,087299	79,800003	80,000000	1,386946E-1
198,087299	79,800003	80,000000	1,386946E-1
198,087299	79,800003	80,000000	1,386946E-1
198,087299	79,800003	80,000000	1,386946E-1
198,087299	79,800003	80,000000	1,386946E-1
199,087476	79,800003	80,000000	1,386946E-1
199,087476	79,800003	80,000000	1,386946E-1
199,087476	79,800003	80,000000	1,386946E-1
199,087476	79,800003	80,000000	1,386946E-1
199,087476	79,800003	80,000000	1,386946E-1
199,087476	79,800003	80,000000	1,386946E-1
199,087476	79,800003	80,000000	1,386946E-1
199,087476	79,800003	80,000000	1,386946E-1
199,087476	79,800003	80,000000	1,386946E-1
199,087476	79,800003	80,000000	1,387230E-1
200,086953	79,800003	80,000000	1,387230E-1
200,086953	79,800003	80,000000	1,387230E-1
200,086953	79,800003	80,000000	1,387230E-1
200,086953	79,800003	80,000000	1,387230E-1
200,086953	79,800003	80,000000	1,387230E-1
200,086953	79,800003	80,000000	1,387230E-1
200,086953	79,800003	80,000000	1,387230E-1
200,086953	79,800003	80,000000	1,387230E-1
200,086953	79,800003	80,000000	1,387230E-1
200,086953	79,800003	80,000000	1,387230E-1
201,087384	79,800003	80,000000	1,387230E-1
201,087384	79,800003	80,000000	1,387230E-1
201,087384	79,800003	80,000000	1,387230E-1
201,087384	79,800003	80,000000	1,387230E-1
201,087384	79,800003	80,000000	1,387230E-1
201,087384	79,800003	80,000000	1,387230E-1
201,087384	79,800003	80,000000	1,387230E-1
201,087384	79,800003	80,000000	1,387262E-1
201,087384	79,800003	80,000000	1,387262E-1
201,087384	79,800003	80,000000	1,387262E-1
202,086739	79,800003	80,000000	1,387262E-1
202,086739	79,800003	80,000000	1,387262E-1
202,086739	79,800003	80,000000	1,387262E-1
202,086739	79,800003	80,000000	1,387262E-1
202,086739	79,800003	80,000000	1,387262E-1
202,086739	79,800003	80,000000	1,387262E-1
202,086739	79,800003	80,000000	1,387262E-1
202,086739	79,800003	80,000000	1,387262E-1
202,086739	79,800003	80,000000	1,387262E-1
202,086739	79,800003	80,000000	1,387262E-1
203,087165	79,800003	80,000000	1,387262E-1
203,087165	79,800003	80,000000	1,387262E-1
203,087165	79,800003	80,000000	1,387262E-1
203,087165	79,800003	80,000000	1,387262E-1
203,087165	79,800003	80,000000	1,387294E-1
203,087165	79,800003	80,000000	1,387294E-1
203,087165	79,800003	80,000000	1,387294E-1
203,087165	79,800003	80,000000	1,387294E-1
203,087165	79,800003	80,000000	1,387294E-1
203,087165	79,800003	80,000000	1,387294E-1
204,087659	79,800003	80,000000	1,387294E-1
204,087659	79,800003	80,000000	1,387294E-1
204,087659	79,800003	80,000000	1,387294E-1
204,087659	79,800003	80,000000	1,387294E-1
204,087659	79,800003	80,000000	1,387294E-1
204,087659	79,800003	80,000000	1,387294E-1
204,087659	79,800003	80,000000	1,387294E-1
204,087659	79,800003	80,000000	1,387294E-1
204,087659	79,800003	80,000000	1,387294E-1
204,087659	79,800003	80,000000	1,387294E-1
205,087076	79,800003	80,000000	1,387294E-1
205,087076	79,800003	80,000000	1,387294E-1
205,087076	79,800003	80,000000	1,387326E-1
205,087076	79,900002	80,000000	1,387326E-1
205,087076	79,900002	80,000000	1,387326E-1
205,087076	79,900002	80,000000	1,387326E-1
205,087076	79,900002	80,000000	1,387326E-1
205,087076	79,900002	80,000000	1,387326E-1
205,087076	79,900002	80,000000	1,387326E-1
205,087076	79,900002	80,000000	1,387326E-1
206,087504	79,900002	80,000000	1,387326E-1
206,087504	79,900002	80,000000	1,387326E-1
206,087504	79,900002	80,000000	1,387326E-1
206,087504	79,900002	80,000000	1,387326E-1
206,087504	79,900002	80,000000	1,387326E-1
206,087504	79,900002	80,000000	1,387326E-1
206,087504	79,900002	80,000000	1,387326E-1
206,087504	79,900002	80,000000	1,387326E-1
206,087504	79,900002	80,000000	1,387326E-1
206,087504	79,900002	80,000000	1,387090E-1
207,086856	79,900002	80,000000	1,387090E-1
207,086856	79,900002	80,000000	1,387090E-1
207,086856	80,000000	80,000000	1,387106E-1
207,086856	80,000000	80,000000	1,387106E-1
207,086856	80,000000	80,000000	1,387106E-1
207,086856	80,000000	80,000000	1,386854E-1
207,086856	80,000000	80,000000	1,386854E-1
207,086856	79,900002	80,000000	1,386854E-1
207,086856	79,900002	80,000000	1,387122E-1
207,086856	79,900002	80,000000	1,387122E-1
208,087278	79,900002	80,000000	1,387138E-1
208,087278	79,900002	80,000000	1,387154E-1
208,087278	79,900002	80,000000	1,387154E-1
208,087278	79,900002	80,000000	1,387171E-1
208,087278	79,900002	80,000000	1,387187E-1
208,087278	79,900002	80,000000	1,387203E-1
208,087278	79,900002	80,000000	1,387203E-1
208,087278	79,900002	80,000000	1,387219E-1
208,087278	79,900002	80,000000	1,387219E-1
208,087278	79,900002	80,000000	1,387219E-1
209,087696	79,900002	80,000000	1,387235E-1
209,087696	79,900002	80,000000	1,387235E-1
209,087696	79,900002	80,000000	1,387251E-1
209,087696	79,699997	80,000000	1,387267E-1
209,087696	79,699997	80,000000	1,387819E-1
209,087696	79,699997	80,000000	1,387819E-1
209,087696	79,699997	80,000000	1,387867E-1
209,087696	79,699997	80,000000	1,387915E-1
209,087696	79,699997	80,000000	1,387915E-1
209,087696	79,699997	80,000000	1,387963E-1
210,087214	79,699997	80,000000	1,388012E-1
210,087214	79,699997	80,000000	1,388060E-1
210,087214	79,699997	80,000000	1,388060E-1
210,087214	79,699997	80,000000	1,388060E-1
210,087214	79,699997	80,000000	1,388108E-1
210,087214	79,699997	80,000000	1,388108E-1
210,087214	79,699997	80,000000	1,388156E-1
210,087214	79,699997	80,000000	1,388204E-1
210,087214	79,699997	80,000000	1,388252E-1
210,087214	79,699997	80,000000	1,388252E-1
211,088690	79,699997	80,000000	1,388300E-1
211,088690	79,699997	80,000000	1,388349E-1
211,088690	79,699997	80,000000	1,388397E-1
211,088690	79,699997	80,000000	1,388397E-1
211,088690	79,800003	80,000000	1,388445E-1
211,088690	79,800003	80,000000	1,388225E-1
211,088690	79,800003	80,000000	1,388225E-1
211,088690	79,800003	80,000000	1,388257E-1
211,088690	79,800003	80,000000	1,388257E-1
211,088690	79,800003	80,000000	1,388289E-1
212,089010	79,800003	80,000000	1,388289E-1
212,089010	79,800003	80,000000	1,388321E-1
212,089010	79,800003	80,000000	1,388353E-1
212,089010	79,800003	80,000000	1,388353E-1
212,089010	79,800003	80,000000	1,388385E-1
212,089010	79,500000	80,000000	1,388418E-1
212,089010	79,500000	80,000000	1,389254E-1
212,089010	79,500000	80,000000	1,389334E-1
212,089010	79,500000	80,000000	1,389414E-1
212,089010	79,500000	80,000000	1,389414E-1
213,089403	79,500000	80,000000	1,389494E-1
213,089403	79,500000	80,000000	1,389575E-1
213,089403	79,500000	80,000000	1,389655E-1
213,089403	79,500000	80,000000	1,389655E-1
213,089403	79,500000	80,000000	1,389655E-1
213,089403	79,600006	80,000000	1,389735E-1
213,089403	79,600006	80,000000	1,389735E-1
213,089403	79,600006	80,000000	1,389547E-1
213,089403	79,600006	80,000000	1,389612E-1
213,089403	79,600006	80,000000	1,389676E-1
214,088905	79,600006	80,000000	1,389676E-1
214,088905	79,600006	80,000000	1,389740E-1
214,088905	79,600006	80,000000	1,389804E-1
214,088905	79,600006	80,000000	1,389804E-1
214,088905	79,600006	80,000000	1,389868E-1
214,088905	79,600006	80,000000	1,389868E-1
214,088905	79,600006	80,000000	1,389933E-1
214,088905	79,800003	80,000000	1,389461E-1
214,088905	79,800003	80,000000	1,389461E-1
214,088905	79,800003	80,000000	1,389493E-1
215,089246	79,800003	80,000000	1,389493E-1
215,089246	79,800003	80,000000	1,389525E-1
215,089246	79,800003	80,000000	1,389557E-1
215,089246	79,800003	80,000000	1,389589E-1
215,089246	79,800003	80,000000	1,389589E-1
215,089246	79,800003	80,000000	1,389621E-1
215,089246	79,800003	80,000000	1,389653E-1
215,089246	79,800003	80,000000	1,389685E-1
215,089246	79,800003	80,000000	1,389718E-1
215,089246	79,800003	80,000000	1,389718E-1
216,089680	79,800003	80,000000	1,389750E-1
216,089680	79,800003	80,000000	1,389782E-1
216,089680	79,800003	80,000000	1,389782E-1
216,089680	79,800003	80,000000	1,389814E-1
216,089680	79,800003	80,000000	1,389814E-1
216,089680	79,800003	80,000000	1,389814E-1
216,089680	79,800003	80,000000	1,389846E-1
216,089680	79,800003	80,000000	1,389878E-1
216,089680	79,800003	80,000000	1,389878E-1
216,089680	79,800003	80,000000	1,389910E-1
217,090115	79,800003	80,000000	1,389942E-1
217,090115	79,800003	80,000000	1,389974E-1
217,090115	79,800003	80,000000	1,390006E-1
217,090115	79,800003	80,000000	1,390039E-1
217,090115	79,800003	80,000000	1,390039E-1
217,090115	79,800003	80,000000	1,390071E-1
217,090115	79,699997	80,000000	1,390103E-1
217,090115	79,699997	80,000000	1,390103E-1
217,090115	79,699997	80,000000	1,390403E-1
217,090115	79,699997	80,000000	1,390403E-1
218,091543	79,699997	80,000000	1,390403E-1
218,091543	79,699997	80,000000	1,390451E-1
218,091543	79,699997	80,000000	1,390499E-1
218,091543	79,699997	80,000000	1,390547E-1
218,091543	79,699997	80,000000	1,390547E-1
218,091543	79,699997	80,000000	1,390595E-1
218,091543	79,800003	80,000000	1,390644E-1
218,091543	79,800003	80,000000	1,390644E-1
218,091543	79,800003	80,000000	1,390424E-1
218,091543	79,800003	80,000000	1,390456E-1
219,090960	79,800003	80,000000	1,390488E-1
219,090960	79,800003	80,000000	1,390520E-1
219,090960	79,800003	80,000000	1,390520E-1
219,090960	79,800003	80,000000	1,390552E-1
219,090960	79,800003	80,000000	1,390552E-1
219,090960	79,800003	80,000000	1,390552E-1
219,090960	79,900002	80,000000	1,390584E-1
219,090960	79,900002	80,000000	1,390348E-1
219,090960	79,900002	80,000000	1,390348E-1
219,090960	79,900002	80,000000	1,390364E-1
220,091398	79,900002	80,000000	1,390380E-1
220,091398	79,900002	80,000000	1,390380E-1
220,091398	79,900002	80,000000	1,390396E-1
220,091398	79,900002	80,000000	1,390412E-1
220,091398	79,900002	80,000000	1,390412E-1
220,091398	79,900002	80,000000	1,390429E-1
220,091398	79,800003	80,000000	1,390445E-1
220,091398	79,800003	80,000000	1,390445E-1
220,091398	79,800003	80,000000	1,390445E-1
220,091398	79,800003	80,000000	1,390729E-1
221,091854	79,800003	80,000000	1,390729E-1
221,091854	79,800003	80,000000	1,390761E-1
221,091854	79,800003	80,000000	1,390793E-1
221,091854	79,800003	80,000000	1,390825E-1
221,091854	79,800003	80,000000	1,390857E-1
221,091854	79,800003	80,000000	1,390857E-1
221,091854	79,800003	80,000000	1,390889E-1
221,091854	79,699997	80,000000	1,390921E-1
221,091854	79,699997	80,000000	1,391221E-1
221,091854	79,699997	80,000000	1,391270E-1
222,093207	79,699997	80,000000	1,391270E-1
222,093207	79,699997	80,000000	1,391318E-1
222,093207	79,699997	80,000000	1,391318E-1
222,093207	79,699997	80,000000	1,391318E-1
222,093207	79,699997	80,000000	1,391366E-1
222,093207	79,699997	80,000000	1,391366E-1
222,093207	79,699997	80,000000	1,391366E-1
222,093207	79,699997	80,000000	1,391414E-1
222,093207	79,699997	80,000000	1,391462E-1
222,093207	79,699997	80,000000	1,391510E-1
223,093659	79,699997	80,000000	1,391510E-1
223,093659	79,699997	80,000000	1,391558E-1
223,093659	79,699997	80,000000	1,391558E-1
223,093659	79,900002	80,000000	1,391607E-1
223,093659	79,900002	80,000000	1,391119E-1
223,093659	79,900002	80,000000	1,391135E-1
223,093659	79,900002	80,000000	1,391135E-1
223,093659	79,900002	80,000000	1,391151E-1
223,093659	79,900002	80,000000	1,391151E-1
223,093659	79,900002	80,000000	1,391167E-1
224,094071	79,900002	80,000000	1,391167E-1
224,094071	79,900002	80,000000	1,391167E-1
224,094071	79,900002	80,000000	1,391183E-1
224,094071	79,800003	80,000000	1,391199E-1
224,094071	79,800003	80,000000	1,391483E-1
224,094071	79,800003	80,000000	1,391483E-1
224,094071	79,800003	80,000000	1,391515E-1
224,094071	79,800003	80,000000	1,391547E-1
224,094071	79,800003	80,000000	1,391547E-1
224,094071	79,800003	80,000000	1,391579E-1
225,094482	79,800003	80,000000	1,391611E-1
225,094482	79,800003	80,000000	1,391643E-1
225,094482	79,800003	80,000000	1,391643E-1
225,094482	79,800003	80,000000	1,391643E-1
225,094482	80,000000	80,000000	1,391676E-1
225,094482	80,000000	80,000000	1,391676E-1
225,094482	80,000000	80,000000	1,391172E-1
225,094482	80,000000	80,000000	1,391172E-1
225,094482	80,000000	80,000000	1,391172E-1
225,094482	80,000000	80,000000	1,391172E-1
226,095548	80,000000	80,000000	1,391172E-1
226,095548	80,000000	80,000000	1,391172E-1
226,095548	80,000000	80,000000	1,391172E-1
226,095548	80,099998	80,000000	1,391172E-1
226,095548	80,099998	80,000000	1,391172E-1
226,095548	80,099998	80,000000	1,391172E-1
226,095548	80,099998	80,000000	1,391172E-1
226,095548	80,099998	80,000000	1,391172E-1
226,095548	80,099998	80,000000	1,391172E-1
226,095548	80,099998	80,000000	1,391172E-1
227,095002	80,099998	80,000000	1,391172E-1
227,095002	80,099998	80,000000	1,391172E-1
227,095002	80,099998	80,000000	1,391172E-1
227,095002	80,099998	80,000000	1,391172E-1
227,095002	80,099998	80,000000	1,391172E-1
227,095002	80,099998	80,000000	1,391172E-1
227,095002	80,099998	80,000000	1,391172E-1
227,095002	80,099998	80,000000	1,391172E-1
227,095002	80,099998	80,000000	1,391172E-1
227,095002	80,099998	80,000000	1,391172E-1
228,095431	80,099998	80,000000	1,391172E-1
228,095431	80,099998	80,000000	1,391172E-1
228,095431	80,099998	80,000000	1,391172E-1
228,095431	80,099998	80,000000	1,391172E-1
228,095431	80,099998	80,000000	1,391172E-1
228,095431	80,099998	80,000000	1,391172E-1
228,095431	80,099998	80,000000	1,391172E-1
228,095431	80,099998	80,000000	1,390904E-1
228,095431	80,099998	80,000000	1,390904E-1
228,095431	80,099998	80,000000	1,390904E-1
229,095773	80,099998	80,000000	1,390904E-1
229,095773	80,099998	80,000000	1,390904E-1
229,095773	80,099998	80,000000	1,390904E-1
229,095773	80,099998	80,000000	1,390904E-1
229,095773	80,099998	80,000000	1,390904E-1
229,095773	80,099998	80,000000	1,390904E-1
229,095773	80,099998	80,000000	1,390904E-1
229,095773	80,099998	80,000000	1,390904E-1
229,095773	80,099998	80,000000	1,390904E-1
229,095773	80,099998	80,000000	1,390904E-1
230,096721	80,099998	80,000000	1,390904E-1
230,096721	80,099998	80,000000	1,390904E-1
230,096721	80,099998	80,000000	1,390904E-1
230,096721	80,099998	80,000000	1,390904E-1
230,096721	80,099998	80,000000	1,390904E-1
230,096721	80,000000	80,000000	1,390888E-1
230,096721	80,000000	80,000000	1,390888E-1
230,096721	80,000000	80,000000	1,390888E-1
230,096721	80,000000	80,000000	1,390888E-1
230,096721	80,000000	80,000000	1,390888E-1
231,097696	80,000000	80,000000	1,390888E-1
231,097696	80,000000	80,000000	1,390888E-1
231,097696	80,000000	80,000000	1,390888E-1
231,097696	80,000000	80,000000	1,390888E-1
231,097696	80,000000	80,000000	1,390888E-1
231,097696	80,000000	80,000000	1,390888E-1
231,097696	80,000000	80,000000	1,390888E-1
231,097696	80,000000	80,000000	1,390888E-1
231,097696	80,000000	80,000000	1,390888E-1
231,097696	80,000000	80,000000	1,390888E-1
232,097171	80,000000	80,000000	1,390888E-1
232,097171	80,000000	80,000000	1,390888E-1
232,097171	80,000000	80,000000	1,391140E-1
232,097171	80,000000	80,000000	1,391140E-1
232,097171	80,000000	80,000000	1,391140E-1
232,097171	80,000000	80,000000	1,391140E-1
232,097171	80,000000	80,000000	1,391140E-1
232,097171	80,000000	80,000000	1,391140E-1
232,097171	80,000000	80,000000	1,391140E-1
232,097171	80,000000	80,000000	1,391140E-1
233,098574	80,000000	80,000000	1,391140E-1
233,098574	80,000000	80,000000	1,391140E-1
233,098574	80,000000	80,000000	1,391140E-1
233,098574	80,000000	80,000000	1,391140E-1
233,098574	80,000000	80,000000	1,391140E-1
233,098574	80,000000	80,000000	1,391140E-1
233,098574	80,000000	80,000000	1,391140E-1
233,098574	80,000000	80,000000	1,391140E-1
233,098574	80,000000	80,000000	1,391140E-1
233,098574	80,000000	80,000000	1,391140E-1
234,097932	80,000000	80,000000	1,391140E-1
234,097932	80,300003	80,000000	1,391140E-1
234,097932	80,300003	80,000000	1,391140E-1
234,097932	80,300003	80,000000	1,391140E-1
234,097932	80,300003	80,000000	1,391140E-1
234,097932	80,300003	80,000000	1,391140E-1
234,097932	80,300003	80,000000	1,391140E-1
234,097932	80,300003	80,000000	1,391140E-1
234,097932	80,300003	80,000000	1,391140E-1
234,097932	80,300003	80,000000	1,391140E-1
235,098449	80,300003	80,000000	1,391140E-1
235,098449	80,300003	80,000000	1,391140E-1
235,098449	80,300003	80,000000	1,391140E-1
235,098449	80,300003	80,000000	1,391140E-1
235,098449	80,300003	80,000000	1,391140E-1
235,098449	80,300003	80,000000	1,391140E-1
235,098449	80,300003	80,000000	1,391140E-1
235,098449	80,300003	80,000000	1,390335E-1
235,098449	79,800003	80,000000	1,390335E-1
235,098449	79,800003	80,000000	1,390335E-1
236,097801	79,800003	80,000000	1,390335E-1
236,097801	79,800003	80,000000	1,390335E-1
236,097801	79,800003	80,000000	1,390335E-1
236,097801	79,800003	80,000000	1,390335E-1
236,097801	79,800003	80,000000	1,390335E-1
236,097801	79,800003	80,000000	1,390335E-1
236,097801	79,800003	80,000000	1,390335E-1
236,097801	79,800003	80,000000	1,390335E-1
236,097801	79,800003	80,000000	1,390335E-1
236,097801	79,800003	80,000000	1,390335E-1
237,098276	79,800003	80,000000	1,390335E-1
237,098276	79,800003	80,000000	1,390335E-1
237,098276	79,800003	80,000000	1,390335E-1
237,098276	79,800003	80,000000	1,390335E-1
237,098276	79,800003	80,000000	1,390335E-1
237,098276	79,800003	80,000000	1,391627E-1
237,098276	79,800003	80,000000	1,391627E-1
237,098276	79,800003	80,000000	1,391627E-1
237,098276	79,600006	80,000000	1,392196E-1
237,098276	79,600006	80,000000	1,392196E-1
238,098651	79,600006	80,000000	1,392196E-1
238,098651	79,600006	80,000000	1,392260E-1
238,098651	79,599998	80,000000	1,392324E-1
238,098651	79,599998	80,000000	1,392388E-1
238,098651	79,599998	80,000000	1,392452E-1
238,098651	79,599998	80,000000	1,392452E-1
238,098651	79,599998	80,000000	1,392517E-1
238,098651	79,599998	80,000000	1,392581E-1
238,098651	79,599998	80,000000	1,392581E-1
238,098651	79,599998	80,000000	1,392645E-1
239,099118	79,599998	80,000000	1,392709E-1
239,099118	79,599998	80,000000	1,392773E-1
239,099118	79,599998	80,000000	1,392773E-1
239,099118	79,599998	80,000000	1,392838E-1
239,099118	80,500000	80,000000	1,392838E-1
239,099118	80,500000	80,000000	1,392838E-1
239,099118	80,500000	80,000000	1,390490E-1
239,099118	80,500000	80,000000	1,390409E-1
239,099118	80,500000	80,000000	1,390409E-1
239,099118	80,500000	80,000000	1,390329E-1
240,099489	80,500000	80,000000	1,390249E-1
240,099489	80,500000	80,000000	1,390249E-1
240,099489	80,500000	80,000000	1,390169E-1
240,099489	80,099998	80,000000	1,390088E-1
240,099489	80,099998	80,000000	1,391080E-1
240,099489	80,099998	80,000000	1,391080E-1
240,099489	80,099998	80,000000	1,391064E-1
240,099489	80,099998	80,000000	1,391048E-1
240,099489	80,099998	80,000000	1,391048E-1
240,099489	80,099998	80,000000	1,391048E-1
241,098880	80,099998	80,000000	1,391032E-1
241,098880	80,099998	80,000000	1,391032E-1
241,098880	80,099998	80,000000	1,391016E-1
241,098880	79,400002	80,000000	1,391000E-1
241,098880	79,400002	80,000000	1,392860E-1
241,098880	79,400002	80,000000	1,392860E-1
241,098880	79,400002	80,000000	1,392956E-1
241,098880	79,400002	80,000000	1,393053E-1
241,098880	79,400002	80,000000	1,393149E-1
241,098880	79,400002	80,000000	1,393149E-1
242,099300	79,400002	80,000000	1,393245E-1
242,099300	79,400002	80,000000	1,393341E-1
242,099300	79,400002	80,000000	1,393341E-1
242,099300	79,400002	80,000000	1,393438E-1
242,099300	79,800003	80,000000	1,393438E-1
242,099300	79,800003	80,000000	1,393438E-1
242,099300	79,800003	80,000000	1,392462E-1
242,099300	79,800003	80,000000	1,392494E-1
242,099300	79,800003	80,000000	1,392526E-1
242,099300	79,800003	80,000000	1,392558E-1
243,098809	79,800003	80,000000	1,392558E-1
243,098809	79,800003	80,000000	1,392590E-1
243,098809	79,800003	80,000000	1,392622E-1
243,098809	79,800003	80,000000	1,392655E-1
243,098809	79,900002	80,000000	1,392655E-1
243,098809	79,900002	80,000000	1,392419E-1
243,098809	79,900002	80,000000	1,392419E-1
243,098809	79,900002	80,000000	1,392435E-1
243,098809	79,900002	80,000000	1,392451E-1
243,098809	79,900002	80,000000	1,392451E-1
244,099175	79,900002	80,000000	1,392451E-1
244,099175	79,900002	80,000000	1,392467E-1
244,099175	79,900002	80,000000	1,392483E-1
244,099175	79,900002	80,000000	1,392483E-1
244,099175	79,900002	80,000000	1,392499E-1
244,099175	79,900002	80,000000	1,392515E-1
244,099175	79,900002	80,000000	1,392515E-1
244,099175	79,900002	80,000000	1,392531E-1
244,099175	79,900002	80,000000	1,392531E-1
244,099175	79,800003	80,000000	1,392547E-1
245,099725	79,800003	80,000000	1,392831E-1
245,099725	79,800003	80,000000	1,392831E-1
245,099725	79,800003	80,000000	1,392863E-1
245,099725	79,800003	80,000000	1,392895E-1
245,099725	79,800003	80,000000	1,392895E-1
245,099725	79,800003	80,000000	1,392895E-1
245,099725	79,800003	80,000000	1,392927E-1
245,099725	79,800003	80,000000	1,392960E-1
245,099725	80,100006	80,000000	1,392188E-1
245,099725	80,100006	80,000000	1,392188E-1
246,100118	80,100006	80,000000	1,392171E-1
246,100118	80,100006	80,000000	1,392155E-1
246,100118	80,100006	80,000000	1,392139E-1
246,100118	80,100006	80,000000	1,392123E-1
246,100118	80,100006	80,000000	1,392107E-1
246,100118	80,100006	80,000000	1,392107E-1
246,100118	80,100006	80,000000	1,392091E-1
246,100118	80,100006	80,000000	1,392075E-1
246,100118	80,199997	80,000000	1,392075E-1
246,100118	80,199997	80,000000	1,392075E-1
247,100607	80,199997	80,000000	1,391791E-1
247,100607	80,199997	80,000000	1,391791E-1
247,100607	80,199997	80,000000	1,391759E-1
247,100607	80,199997	80,000000	1,391727E-1
247,100607	80,199997	80,000000	1,391695E-1
247,100607	80,199997	80,000000	1,391663E-1
247,100607	80,199997	80,000000	1,391663E-1
247,100607	80,199997	80,000000	1,391631E-1
247,100607	79,900002	80,000000	1,391599E-1
247,100607	79,900002	80,000000	1,392370E-1
248,101035	79,900002	80,000000	1,392370E-1
248,101035	79,900002	80,000000	1,392387E-1
248,101035	79,900002	80,000000	1,392403E-1
248,101035	79,900002	80,000000	1,392403E-1
248,101035	79,900002	80,000000	1,392419E-1
248,101035	79,900002	80,000000	1,392419E-1
248,101035	79,900002	80,000000	1,392435E-1
248,101035	79,900002	80,000000	1,392435E-1
248,101035	79,900002	80,000000	1,392435E-1
248,101035	79,900002	80,000000	1,392435E-1
249,101503	79,900002	80,000000	1,392451E-1
249,101503	79,900002	80,000000	1,392451E-1
249,101503	79,900002	80,000000	1,392451E-1
249,101503	79,900002	80,000000	1,392451E-1
249,101503	79,900002	80,000000	1,392451E-1
249,101503	79,900002	80,000000	1,392451E-1
249,101503	79,900002	80,000000	1,392451E-1
249,101503	79,900002	80,000000	1,392451E-1
249,101503	79,900002	80,000000	1,392451E-1
249,101503	79,900002	80,000000	1,392451E-1
250,101854	79,900002	80,000000	1,392451E-1
250,101854	79,900002	80,000000	1,392451E-1
250,101854	79,900002	80,000000	1,392451E-1
250,101854	79,900002	80,000000	1,392451E-1
250,101854	79,900002	80,000000	1,392451E-1
250,101854	79,900002	80,000000	1,392451E-1
250,101854	79,900002	80,000000	1,392451E-1
250,101854	79,900002	80,000000	1,392451E-1
250,101854	79,900002	80,000000	1,392451E-1
250,101854	79,900002	80,000000	1,392451E-1
251,102307	79,900002	80,000000	1,392451E-1
251,102307	79,900002	80,000000	1,392451E-1
251,102307	79,900002	80,000000	1,392451E-1
251,102307	79,900002	80,000000	1,392451E-1
251,102307	79,900002	80,000000	1,392451E-1
251,102307	79,900002	80,000000	1,392451E-1
251,102307	79,699997	80,000000	1,393003E-1
251,102307	79,699997	80,000000	1,393003E-1
251,102307	79,699997	80,000000	1,393003E-1
251,102307	79,699997	80,000000	1,393003E-1
252,103784	79,699997	80,000000	1,393003E-1
252,103784	79,699997	80,000000	1,393003E-1
252,103784	79,699997	80,000000	1,393003E-1
252,103784	79,699997	80,000000	1,393003E-1
252,103784	79,699997	80,000000	1,393003E-1
252,103784	79,699997	80,000000	1,393003E-1
252,103784	79,699997	80,000000	1,393003E-1
252,103784	79,699997	80,000000	1,393003E-1
252,103784	79,699997	80,000000	1,393003E-1
252,103784	79,699997	80,000000	1,393003E-1
253,103152	79,699997	80,000000	1,393003E-1
253,103152	79,699997	80,000000	1,393003E-1
253,103152	79,699997	80,000000	1,393003E-1
253,103152	79,699997	80,000000	1,393051E-1
253,103152	79,699997	80,000000	1,393051E-1
253,103152	79,699997	80,000000	1,393051E-1
253,103152	79,699997	80,000000	1,393051E-1
253,103152	79,699997	80,000000	1,393051E-1
253,103152	79,699997	80,000000	1,393051E-1
253,103152	79,699997	80,000000	1,393051E-1
254,104710	79,699997	80,000000	1,393051E-1
254,104710	79,699997	80,000000	1,393051E-1
254,104710	79,699997	80,000000	1,393051E-1
254,104710	79,699997	80,000000	1,393051E-1
254,104710	79,699997	80,000000	1,393051E-1
254,104710	79,699997	80,000000	1,393051E-1
254,104710	79,699997	80,000000	1,393051E-1
254,104710	79,699997	80,000000	1,393051E-1
254,104710	79,699997	80,000000	1,393051E-1
254,104710	79,699997	80,000000	1,393051E-1
255,104170	79,699997	80,000000	1,393051E-1
255,104170	80,199997	80,000000	1,393099E-1
255,104170	80,199997	80,000000	1,393099E-1
255,104170	80,199997	80,000000	1,393099E-1
255,104170	80,199997	80,000000	1,393099E-1
255,104170	80,199997	80,000000	1,393099E-1
255,104170	80,199997	80,000000	1,393099E-1
255,104170	80,199997	80,000000	1,393099E-1
255,104170	80,199997	80,000000	1,393099E-1
255,104170	80,199997	80,000000	1,393099E-1
256,104611	80,199997	80,000000	1,393099E-1
256,104611	80,199997	80,000000	1,393099E-1
256,104611	80,199997	80,000000	1,393099E-1
256,104611	80,199997	80,000000	1,393099E-1
256,104611	80,199997	80,000000	1,393099E-1
256,104611	80,199997	80,000000	1,393099E-1
256,104611	80,199997	80,000000	1,393099E-1
256,104611	80,199997	80,000000	1,393099E-1
256,104611	80,100006	80,000000	1,391807E-1
256,104611	80,100006	80,000000	1,391807E-1
257,103965	80,100006	80,000000	1,391807E-1
257,103965	80,100006	80,000000	1,391807E-1
257,103965	80,100006	80,000000	1,391807E-1
257,103965	80,100006	80,000000	1,391807E-1
257,103965	80,100006	80,000000	1,391807E-1
257,103965	80,100006	80,000000	1,391807E-1
257,103965	80,100006	80,000000	1,391807E-1
257,103965	80,100006	80,000000	1,391807E-1
257,103965	80,100006	80,000000	1,391807E-1
257,103965	80,100006	80,000000	1,391807E-1
258,105445	80,100006	80,000000	1,391807E-1
258,105445	80,100006	80,000000	1,391807E-1
258,105445	80,100006	80,000000	1,391807E-1
258,105445	80,100006	80,000000	1,391807E-1
258,105445	80,100006	80,000000	1,391807E-1
258,105445	80,100006	80,000000	1,391807E-1
258,105445	80,199997	80,000000	1,392043E-1
258,105445	80,199997	80,000000	1,392043E-1
258,105445	80,199997	80,000000	1,392043E-1
258,105445	80,199997	80,000000	1,392043E-1
259,104819	80,199997	80,000000	1,392043E-1
259,104819	80,199997	80,000000	1,392043E-1
259,104819	80,199997	80,000000	1,392043E-1
259,104819	80,199997	80,000000	1,392043E-1
259,104819	80,199997	80,000000	1,392043E-1
259,104819	80,199997	80,000000	1,392043E-1
259,104819	80,199997	80,000000	1,392043E-1
259,104819	80,199997	80,000000	1,392043E-1
259,104819	80,199997	80,000000	1,392043E-1
259,104819	80,199997	80,000000	1,392043E-1
260,105263	80,199997	80,000000	1,392043E-1
260,105263	80,199997	80,000000	1,392043E-1
260,105263	80,199997	80,000000	1,392043E-1
260,105263	80,199997	80,000000	1,391759E-1
260,105263	80,199997	80,000000	1,391759E-1
260,105263	80,199997	80,000000	1,391759E-1
260,105263	79,699997	80,000000	1,393067E-1
260,105263	79,699997	80,000000	1,393067E-1
260,105263	79,699997	80,000000	1,393067E-1
260,105263	79,699997	80,000000	1,393067E-1
261,106746	79,900002	80,000000	1,393115E-1
261,106746	79,900002	80,000000	1,392627E-1
261,106746	79,900002	80,000000	1,392643E-1
261,106746	79,900002	80,000000	1,392659E-1
261,106746	79,900002	80,000000	1,392675E-1
261,106746	79,900002	80,000000	1,392675E-1
261,106746	79,900002	80,000000	1,392691E-1
261,106746	79,900002	80,000000	1,392708E-1
261,106746	79,900002	80,000000	1,392708E-1
261,106746	79,900002	80,000000	1,392724E-1
262,107065	79,900002	80,000000	1,392740E-1
262,107065	79,900002	80,000000	1,392756E-1
262,107065	79,899994	80,000000	1,392756E-1
262,107065	79,899994	80,000000	1,392756E-1
262,107065	79,899994	80,000000	1,392756E-1
262,107065	79,899994	80,000000	1,392772E-1
262,107065	79,899994	80,000000	1,392788E-1
262,107065	79,899994	80,000000	1,392804E-1
262,107065	79,899994	80,000000	1,392804E-1
262,107065	79,899994	80,000000	1,392820E-1
263,108532	79,899994	80,000000	1,392836E-1
263,108532	79,899994	80,000000	1,392836E-1
263,108532	79,800003	80,000000	1,392852E-1
263,108532	79,800003	80,000000	1,393136E-1
263,108532	79,800003	80,000000	1,393136E-1
263,108532	79,800003	80,000000	1,393168E-1
263,108532	79,800003	80,000000	1,393200E-1
263,108532	79,800003	80,000000	1,393200E-1
263,108532	79,800003	80,000000	1,393232E-1
263,108532	79,800003	80,000000	1,393232E-1
264,107936	79,800003	80,000000	1,393264E-1
264,107936	79,800003	80,000000	1,393297E-1
264,107936	79,300003	80,000000	1,393297E-1
264,107936	79,300003	80,000000	1,394669E-1
264,107936	79,300003	80,000000	1,394781E-1
264,107936	79,300003	80,000000	1,394781E-1
264,107936	79,300003	80,000000	1,394893E-1
264,107936	79,300003	80,000000	1,395006E-1
264,107936	79,300003	80,000000	1,395118E-1
264,107936	79,300003	80,000000	1,395118E-1
265,108339	79,300003	80,000000	1,395230E-1
265,108339	79,300003	80,000000	1,395343E-1
265,108339	79,300003	80,000000	1,395343E-1
265,108339	80,199997	80,000000	1,395343E-1
265,108339	80,199997	80,000000	1,395343E-1
265,108339	80,199997	80,000000	1,393043E-1
265,108339	80,199997	80,000000	1,393011E-1
265,108339	80,199997	80,000000	1,392979E-1
265,108339	80,199997	80,000000	1,392979E-1
265,108339	80,199997	80,000000	1,392947E-1
266,107759	80,199997	80,000000	1,392915E-1
266,107759	80,199997	80,000000	1,392915E-1
266,107759	80,000000	80,000000	1,392882E-1
266,107759	80,000000	80,000000	1,393386E-1
266,107759	80,000000	80,000000	1,393386E-1
266,107759	80,000000	80,000000	1,393386E-1
266,107759	80,000000	80,000000	1,393386E-1
266,107759	80,000000	80,000000	1,393386E-1
266,107759	80,000000	80,000000	1,393386E-1
266,107759	80,000000	80,000000	1,393386E-1
267,108206	80,000000	80,000000	1,393386E-1
267,108206	80,000000	80,000000	1,393386E-1
267,108206	80,000000	80,000000	1,393386E-1
267,108206	80,000000	80,000000	1,393386E-1
267,108206	80,000000	80,000000	1,393386E-1
267,108206	80,000000	80,000000	1,393386E-1
267,108206	80,000000	80,000000	1,393386E-1
267,108206	80,000000	80,000000	1,393386E-1
267,108206	80,000000	80,000000	1,393386E-1
267,108206	80,000000	80,000000	1,393386E-1
268,108616	80,000000	80,000000	1,393386E-1
268,108616	80,000000	80,000000	1,393386E-1
268,108616	80,000000	80,000000	1,393386E-1
268,108616	80,000000	80,000000	1,393386E-1
268,108616	80,000000	80,000000	1,393386E-1
268,108616	80,000000	80,000000	1,393386E-1
268,108616	80,000000	80,000000	1,393386E-1
268,108616	80,000000	80,000000	1,393386E-1
268,108616	80,000000	80,000000	1,393386E-1
268,108616	80,000000	80,000000	1,393386E-1
269,108050	80,000000	80,000000	1,393386E-1
269,108050	80,000000	80,000000	1,393386E-1
269,108050	80,099998	80,000000	1,393386E-1
269,108050	80,099998	80,000000	1,393118E-1
269,108050	80,099998	80,000000	1,393102E-1
269,108050	80,099998	80,000000	1,393086E-1
269,108050	80,099998	80,000000	1,393070E-1
269,108050	80,099998	80,000000	1,393070E-1
269,108050	80,099998	80,000000	1,393054E-1
269,108050	80,099998	80,000000	1,393054E-1
270,109538	80,099998	80,000000	1,393038E-1
270,109538	79,699997	80,000000	1,393038E-1
270,109538	79,699997	80,000000	1,394094E-1
270,109538	79,699997	80,000000	1,394142E-1
270,109538	79,699997	80,000000	1,394191E-1
270,109538	79,699997	80,000000	1,394239E-1
270,109538	79,699997	80,000000	1,394239E-1
270,109538	79,699997	80,000000	1,394287E-1
270,109538	79,699997	80,000000	1,394335E-1
270,109538	79,699997	80,000000	1,394335E-1
271,108950	79,699997	80,000000	1,394383E-1
271,108950	79,800003	80,000000	1,394431E-1
271,108950	79,800003	80,000000	1,394431E-1
271,108950	79,800003	80,000000	1,394211E-1
271,108950	79,800003	80,000000	1,394211E-1
271,108950	79,800003	80,000000	1,394243E-1
271,108950	79,800003	80,000000	1,394276E-1
271,108950	79,800003	80,000000	1,394308E-1
271,108950	79,800003	80,000000	1,394308E-1
271,108950	79,800003	80,000000	1,394340E-1
272,109393	79,800003	80,000000	1,394372E-1
272,109393	79,800003	80,000000	1,394372E-1
272,109393	79,800003	80,000000	1,394404E-1
272,109393	79,800003	80,000000	1,394436E-1
272,109393	80,000000	80,000000	1,394436E-1
272,109393	80,000000	80,000000	1,393932E-1
272,109393	80,000000	80,000000	1,393932E-1
272,109393	80,000000	80,000000	1,393932E-1
272,109393	80,000000	80,000000	1,393932E-1
272,109393	80,000000	80,000000	1,393932E-1
273,108771	80,000000	80,000000	1,393932E-1
273,108771	80,000000	80,000000	1,393932E-1
273,108771	80,000000	80,000000	1,393932E-1
273,108771	80,000000	80,000000	1,393932E-1
273,108771	80,000000	80,000000	1,393932E-1
273,108771	80,000000	80,000000	1,393932E-1
273,108771	80,000000	80,000000	1,393932E-1
273,108771	80,000000	80,000000	1,393932E-1
273,108771	79,699997	80,000000	1,393932E-1
273,108771	79,699997	80,000000	1,393932E-1
274,109167	79,699997	80,000000	1,393932E-1
274,109167	79,699997	80,000000	1,393932E-1
274,109167	79,699997	80,000000	1,393932E-1
274,109167	79,699997	80,000000	1,393932E-1
274,109167	79,699997	80,000000	1,393932E-1
274,109167	79,699997	80,000000	1,393932E-1
274,109167	79,699997	80,000000	1,393932E-1
274,109167	79,699997	80,000000	1,393932E-1
274,109167	79,699997	80,000000	1,393932E-1
274,109167	79,699997	80,000000	1,393932E-1
275,109613	79,699997	80,000000	1,393932E-1
275,109613	79,699997	80,000000	1,393932E-1
275,109613	79,699997	80,000000	1,393932E-1
275,109613	79,699997	80,000000	1,393932E-1
275,109613	79,699997	80,000000	1,393932E-1
275,109613	79,699997	80,000000	1,393932E-1
275,109613	79,699997	80,000000	1,393932E-1
275,109613	79,699997	80,000000	1,393932E-1
275,109613	79,699997	80,000000	1,393932E-1
275,109613	79,699997	80,000000	1,393932E-1
276,109048	79,699997	80,000000	1,393932E-1
276,109048	79,699997	80,000000	1,393932E-1
276,109048	79,699997	80,000000	1,394736E-1
276,109048	79,699997	80,000000	1,394736E-1
276,109048	79,800003	80,000000	1,394736E-1
276,109048	79,800003	80,000000	1,394736E-1
276,109048	79,800003	80,000000	1,394736E-1
276,109048	79,800003	80,000000	1,394736E-1
276,109048	79,800003	80,000000	1,394736E-1
276,109048	79,800003	80,000000	1,394736E-1
277,109452	79,800003	80,000000	1,394736E-1
277,109452	79,800003	80,000000	1,394736E-1
277,109452	79,800003	80,000000	1,394736E-1
277,109452	79,800003	80,000000	1,394736E-1
277,109452	79,800003	80,000000	1,394736E-1
277,109452	79,800003	80,000000	1,394736E-1
277,109452	79,800003	80,000000	1,394736E-1
277,109452	79,800003	80,000000	1,394736E-1
277,109452	79,800003	80,000000	1,394736E-1
277,109452	79,800003	80,000000	1,394736E-1
278,109560	79,800003	80,000000	1,394516E-1
278,109560	79,800003	80,000000	1,394516E-1
278,109560	79,800003	80,000000	1,394516E-1
278,109560	79,800003	80,000000	1,394548E-1
278,109560	79,800003	80,000000	1,394548E-1
278,109560	79,800003	80,000000	1,394548E-1
278,109560	79,800003	80,000000	1,394548E-1
278,109560	79,800003	80,000000	1,394548E-1
278,109560	79,800003	80,000000	1,394548E-1
278,109560	79,800003	80,000000	1,394548E-1
279,109043	79,800003	80,000000	1,394548E-1
279,109043	79,800003	80,000000	1,394548E-1
279,109043	79,800003	80,000000	1,394548E-1
279,109043	79,800003	80,000000	1,394548E-1
279,109043	79,800003	80,000000	1,394548E-1
279,109043	79,800003	80,000000	1,394548E-1
279,109043	79,800003	80,000000	1,394548E-1
279,109043	79,800003	80,000000	1,394548E-1
279,109043	79,800003	80,000000	1,394548E-1
279,109043	79,800003	80,000000	1,394548E-1
280,110524	79,800003	80,000000	1,394548E-1
280,110524	79,800003	80,000000	1,394548E-1
280,110524	79,800003	80,000000	1,394548E-1
280,110524	79,800003	80,000000	1,394548E-1
280,110524	79,800003	80,000000	1,394548E-1
280,110524	79,800003	80,000000	1,394548E-1
280,110524	79,800003	80,000000	1,394548E-1
280,110524	79,800003	80,000000	1,394548E-1
280,110524	79,800003	80,000000	1,394548E-1
280,110524	79,800003	80,000000	1,394548E-1
281,109897	79,800003	80,000000	1,394548E-1
281,109897	79,800003	80,000000	1,394548E-1
281,109897	79,800003	80,000000	1,394548E-1
281,109897	79,800003	80,000000	1,394548E-1
281,109897	79,800003	80,000000	1,394548E-1
281,109897	79,800003	80,000000	1,394580E-1
281,109897	79,800003	80,000000	1,394580E-1
281,109897	79,800003	80,000000	1,394580E-1
281,109897	79,800003	80,000000	1,394580E-1
281,109897	79,800003	80,000000	1,394580E-1
282,110319	79,800003	80,000000	1,394580E-1
282,110319	79,800003	80,000000	1,394580E-1
282,110319	79,800003	80,000000	1,394580E-1
282,110319	79,800003	80,000000	1,394580E-1
282,110319	79,800003	80,000000	1,394580E-1
282,110319	79,800003	80,000000	1,394580E-1
282,110319	79,800003	80,000000	1,394580E-1
282,110319	79,800003	80,000000	1,394580E-1
282,110319	79,800003	80,000000	1,394580E-1
282,110319	79,800003	80,000000	1,394580E-1
283,110723	79,800003	80,000000	1,394580E-1
283,110723	79,800003	80,000000	1,394580E-1
283,110723	79,800003	80,000000	1,394580E-1
283,110723	79,800003	80,000000	1,394613E-1
283,110723	80,500000	80,000000	1,394613E-1
283,110723	80,500000	80,000000	1,394613E-1
283,110723	80,500000	80,000000	1,394613E-1
283,110723	80,500000	80,000000	1,394613E-1
283,110723	80,500000	80,000000	1,394613E-1
283,110723	80,500000	80,000000	1,394613E-1
284,111100	80,500000	80,000000	1,394613E-1
284,111100	80,500000	80,000000	1,394613E-1
284,111100	80,500000	80,000000	1,394613E-1
284,111100	80,500000	80,000000	1,394613E-1
284,111100	80,500000	80,000000	1,394613E-1
284,111100	80,500000	80,000000	1,394613E-1
284,111100	80,500000	80,000000	1,394613E-1
284,111100	80,500000	80,000000	1,394613E-1
284,111100	80,500000	80,000000	1,394613E-1
284,111100	80,500000	80,000000	1,394613E-1
285,111534	80,500000	80,000000	1,392769E-1
285,111534	80,199997	80,000000	1,392769E-1
285,111534	80,199997	80,000000	1,392769E-1
285,111534	80,099998	80,000000	1,393492E-1
285,111534	80,099998	80,000000	1,393492E-1
285,111534	80,099998	80,000000	1,393492E-1
285,111534	80,099998	80,000000	1,393728E-1
285,111534	80,099998	80,000000	1,393728E-1
285,111534	80,099998	80,000000	1,393712E-1
285,111534	80,099998	80,000000	1,393696E-1
286,112713	80,099998	80,000000	1,393696E-1
286,112713	80,099998	80,000000	1,393680E-1
286,112713	80,099998	80,000000	1,393664E-1
286,112713	80,099998	80,000000	1,393648E-1
286,112713	80,099998	80,000000	1,393632E-1
286,112713	80,099998	80,000000	1,393616E-1
286,112713	80,099998	80,000000	1,393600E-1
286,112713	80,099998	80,000000	1,393600E-1
286,112713	80,099998	80,000000	1,393584E-1
286,112713	80,099998	80,000000	1,393584E-1
287,112087	80,099998	80,000000	1,393584E-1
287,112087	80,099998	80,000000	1,393584E-1
287,112087	80,099998	80,000000	1,393568E-1
287,112087	80,099998	80,000000	1,393552E-1
287,112087	79,900002	80,000000	1,393536E-1
287,112087	79,900002	80,000000	1,393536E-1
287,112087	79,900002	80,000000	1,394056E-1
287,112087	79,900002	80,000000	1,394072E-1
287,112087	79,900002	80,000000	1,394088E-1
287,112087	79,900002	80,000000	1,394104E-1
288,112534	79,900002	80,000000	1,394104E-1
288,112534	79,900002	80,000000	1,394120E-1
288,112534	79,900002	80,000000	1,394120E-1
288,112534	79,900002	80,000000	1,394136E-1
288,112534	79,900002	80,000000	1,394136E-1
288,112534	79,900002	80,000000	1,394152E-1
288,112534	80,199997	80,000000	1,394152E-1
288,112534	80,199997	80,000000	1,393364E-1
288,112534	80,199997	80,000000	1,393332E-1
288,112534	80,199997	80,000000	1,393300E-1
289,111969	80,199997	80,000000	1,393268E-1
289,111969	80,199997	80,000000	1,393268E-1
289,111969	80,199997	80,000000	1,393236E-1
289,111969	80,199997	80,000000	1,393203E-1
289,111969	80,199997	80,000000	1,393203E-1
289,111969	79,699997	80,000000	1,393171E-1
289,111969	79,699997	80,000000	1,394479E-1
289,111969	79,699997	80,000000	1,394528E-1
289,111969	79,699997	80,000000	1,394528E-1
289,111969	79,699997	80,000000	1,394576E-1
290,112375	79,699997	80,000000	1,394576E-1
290,112375	79,699997	80,000000	1,394576E-1
290,112375	79,699997	80,000000	1,394624E-1
290,112375	79,699997	80,000000	1,394624E-1
290,112375	79,699997	80,000000	1,394672E-1
290,112375	79,699997	80,000000	1,394720E-1
290,112375	79,699997	80,000000	1,394720E-1
290,112375	79,699997	80,000000	1,394768E-1
290,112375	79,699997	80,000000	1,394816E-1
290,112375	79,699997	80,000000	1,394816E-1
291,112825	79,699997	80,000000	1,394865E-1
291,112825	79,699997	80,000000	1,394865E-1
291,112825	79,699997	80,000000	1,394865E-1
291,112825	79,699997	80,000000	1,394865E-1
291,112825	79,699997	80,000000	1,394865E-1
291,112825	79,699997	80,000000	1,394865E-1
291,112825	79,699997	80,000000	1,394865E-1
291,112825	79,699997	80,000000	1,394865E-1
291,112825	79,699997	80,000000	1,394865E-1
291,112825	79,699997	80,000000	1,394865E-1
292,113218	79,699997	80,000000	1,394865E-1
292,113218	79,699997	80,000000	1,394865E-1
292,113218	79,699997	80,000000	1,394865E-1
292,113218	79,699997	80,000000	1,394865E-1
292,113218	79,699997	80,000000	1,394865E-1
292,113218	79,699997	80,000000	1,394865E-1
292,113218	79,699997	80,000000	1,394865E-1
292,113218	79,699997	80,000000	1,394865E-1
292,113218	79,699997	80,000000	1,394865E-1
292,113218	79,699997	80,000000	1,394865E-1
293,113686	79,699997	80,000000	1,394865E-1
293,113686	79,699997	80,000000	1,394865E-1
293,113686	79,699997	80,000000	1,394865E-1
293,113686	79,699997	80,000000	1,394865E-1
293,113686	79,699997	80,000000	1,394913E-1
293,113686	79,699997	80,000000	1,394913E-1
293,113686	79,699997	80,000000	1,394913E-1
293,113686	79,699997	80,000000	1,394913E-1
293,113686	79,699997	80,000000	1,394913E-1
293,113686	79,699997	80,000000	1,394913E-1
294,113613	79,699997	80,000000	1,394913E-1
294,113613	79,699997	80,000000	1,394913E-1
294,113613	79,699997	80,000000	1,394913E-1
294,113613	79,699997	80,000000	1,394913E-1
294,113613	79,699997	80,000000	1,394913E-1
294,113613	79,699997	80,000000	1,394913E-1
294,113613	79,699997	80,000000	1,394913E-1
294,113613	79,699997	80,000000	1,394913E-1
294,113613	79,699997	80,000000	1,394913E-1
294,113613	79,699997	80,000000	1,394913E-1
295,113066	79,699997	80,000000	1,394913E-1
295,113066	79,699997	80,000000	1,394913E-1
295,113066	80,000000	80,000000	1,394961E-1
295,113066	80,000000	80,000000	1,394961E-1
295,113066	80,000000	80,000000	1,394961E-1
295,113066	80,000000	80,000000	1,394961E-1
295,113066	80,000000	80,000000	1,394961E-1
295,113066	80,000000	80,000000	1,394961E-1
295,113066	80,000000	80,000000	1,394961E-1
295,113066	80,000000	80,000000	1,394961E-1
296,113511	80,000000	80,000000	1,394961E-1
296,113511	80,000000	80,000000	1,394961E-1
296,113511	80,000000	80,000000	1,394961E-1
296,113511	80,000000	80,000000	1,394961E-1
296,113511	80,000000	80,000000	1,394961E-1
296,113511	80,000000	80,000000	1,394961E-1
296,113511	80,000000	80,000000	1,394961E-1
296,113511	80,000000	80,000000	1,394961E-1
296,113511	80,000000	80,000000	1,394961E-1
296,113511	80,000000	80,000000	1,394961E-1
297,112908	80,000000	80,000000	1,394205E-1
297,112908	80,000000	80,000000	1,394205E-1
297,112908	80,000000	80,000000	1,394205E-1
297,112908	80,000000	80,000000	1,394205E-1
297,112908	80,000000	80,000000	1,394205E-1
297,112908	80,000000	80,000000	1,394205E-1
297,112908	80,000000	80,000000	1,394205E-1
297,112908	80,000000	80,000000	1,394205E-1
297,112908	80,000000	80,000000	1,394205E-1
297,112908	80,000000	80,000000	1,394205E-1
298,114410	80,000000	80,000000	1,394205E-1
298,114410	80,000000	80,000000	1,394205E-1
298,114410	80,000000	80,000000	1,394205E-1
298,114410	80,000000	80,000000	1,394205E-1
298,114410	80,000000	80,000000	1,394205E-1
298,114410	80,000000	80,000000	1,394205E-1
298,114410	80,000000	80,000000	1,394205E-1
298,114410	80,000000	80,000000	1,394205E-1
298,114410	79,900002	80,000000	1,394205E-1
298,114410	79,900002	80,000000	1,394205E-1
299,113747	79,900002	80,000000	1,394205E-1
299,113747	79,900002	80,000000	1,394205E-1
299,113747	79,900002	80,000000	1,394205E-1
299,113747	79,900002	80,000000	1,394205E-1
299,113747	79,900002	80,000000	1,394205E-1
299,113747	79,900002	80,000000	1,394205E-1
299,113747	79,900002	80,000000	1,394205E-1
299,113747	79,900002	80,000000	1,394205E-1
299,113747	79,900002	80,000000	1,394205E-1
299,113747	79,900002	80,000000	1,394205E-1
300,114184	79,900002	80,000000	1,394205E-1
300,114184	79,900002	80,000000	1,394205E-1
300,114184	79,900002	80,000000	1,394205E-1
300,114184	79,900002	80,000000	1,394205E-1
300,114184	79,900002	80,000000	1,394205E-1
300,114184	79,900002	80,000000	1,394473E-1
300,114184	79,600006	80,000000	1,394473E-1
300,114184	79,600006	80,000000	1,394473E-1
300,114184	79,600006	80,000000	1,394473E-1
300,114184	79,600006	80,000000	1,394473E-1
301,114649	79,600006	80,000000	1,394473E-1
301,114649	79,600006	80,000000	1,394473E-1
301,114649	79,600006	80,000000	1,394473E-1
301,114649	79,600006	80,000000	1,394473E-1
301,114649	79,600006	80,000000	1,394473E-1
301,114649	79,600006	80,000000	1,394473E-1
301,114649	79,600006	80,000000	1,394473E-1
301,114649	79,600006	80,000000	1,394473E-1
301,114649	79,600006	80,000000	1,394473E-1
301,114649	79,600006	80,000000	1,394473E-1
302,114013	79,600006	80,000000	1,394473E-1
302,114013	79,600006	80,000000	1,394473E-1
302,114013	79,600006	80,000000	1,395293E-1
302,114013	79,600006	80,000000	1,395293E-1
302,114013	79,600006	80,000000	1,395293E-1
302,114013	79,600006	80,000000	1,395293E-1
302,114013	79,599998	80,000000	1,395357E-1
302,114013	79,599998	80,000000	1,395357E-1
302,114013	79,599998	80,000000	1,395357E-1
302,114013	79,900002	80,000000	1,395421E-1
303,115510	79,900002	80,000000	1,394682E-1
303,115510	79,900002	80,000000	1,394698E-1
303,115510	79,900002	80,000000	1,394714E-1
303,115510	79,900002	80,000000	1,394730E-1
303,115510	79,900002	80,000000	1,394730E-1
303,115510	79,900002	80,000000	1,394746E-1
303,115510	79,900002	80,000000	1,394762E-1
303,115510	79,900002	80,000000	1,394762E-1
303,115510	79,900002	80,000000	1,394778E-1
303,115510	79,900002	80,000000	1,394794E-1
304,114884	79,900002	80,000000	1,394794E-1
304,114884	79,900002	80,000000	1,394810E-1
304,114884	80,199997	80,000000	1,394810E-1
304,114884	80,199997	80,000000	1,394810E-1
304,114884	80,199997	80,000000	1,394022E-1
304,114884	80,199997	80,000000	1,393990E-1
304,114884	80,199997	80,000000	1,393958E-1
304,114884	80,199997	80,000000	1,393926E-1
304,114884	80,199997	80,000000	1,393894E-1
304,114884	80,199997	80,000000	1,393862E-1
305,115359	80,199997	80,000000	1,393862E-1
305,115359	80,300003	80,000000	1,393561E-1
305,115359	80,300003	80,000000	1,393513E-1
305,115359	80,300003	80,000000	1,393465E-1
305,115359	80,300003	80,000000	1,393465E-1
305,115359	80,300003	80,000000	1,393417E-1
305,115359	80,300003	80,000000	1,393417E-1
305,115359	80,300003	80,000000	1,393369E-1
305,115359	80,300003	80,000000	1,393369E-1
305,115359	80,300003	80,000000	1,393321E-1
306,115745	80,300003	80,000000	1,393272E-1
306,115745	80,099998	80,000000	1,393224E-1
306,115745	80,099998	80,000000	1,393224E-1
306,115745	80,099998	80,000000	1,393712E-1
306,115745	80,099998	80,000000	1,393696E-1
306,115745	80,099998	80,000000	1,393680E-1
306,115745	80,099998	80,000000	1,393680E-1
306,115745	80,099998	80,000000	1,393664E-1
306,115745	80,099998	80,000000	1,393648E-1
306,115745	80,099998	80,000000	1,393648E-1
307,117167	80,099998	80,000000	1,393632E-1
307,117167	80,099998	80,000000	1,393632E-1
307,117167	80,000000	80,000000	1,393616E-1
307,117167	80,000000	80,000000	1,393616E-1
307,117167	80,000000	80,000000	1,393868E-1
307,117167	80,000000	80,000000	1,393868E-1
307,117167	80,000000	80,000000	1,393868E-1
307,117167	80,000000	80,000000	1,393868E-1
307,117167	80,000000	80,000000	1,393868E-1
307,117167	80,000000	80,000000	1,393868E-1
308,117595	80,000000	80,000000	1,393868E-1
308,117595	80,000000	80,000000	1,393868E-1
308,117595	80,000000	80,000000	1,393868E-1
308,117595	80,000000	80,000000	1,393868E-1
308,117595	79,599998	80,000000	1,393868E-1
308,117595	79,599998	80,000000	1,394940E-1
308,117595	79,599998	80,000000	1,394940E-1
308,117595	79,599998	80,000000	1,394940E-1
308,117595	79,599998	80,000000	1,395004E-1
308,117595	79,599998	80,000000	1,395004E-1
309,117038	79,599998	80,000000	1,395068E-1
309,117038	79,599998	80,000000	1,395133E-1
309,117038	79,599998	80,000000	1,395197E-1
309,117038	79,599998	80,000000	1,395261E-1
309,117038	79,599998	80,000000	1,395261E-1
309,117038	79,899994	80,000000	1,394521E-1
309,117038	79,899994	80,000000	1,394537E-1
309,117038	79,899994	80,000000	1,394537E-1
309,117038	79,899994	80,000000	1,394553E-1
309,117038	79,899994	80,000000	1,394569E-1
310,117640	79,899994	80,000000	1,394585E-1
310,117640	79,899994	80,000000	1,394585E-1
310,117640	79,899994	80,000000	1,394585E-1
310,117640	79,899994	80,000000	1,394601E-1
310,117640	79,899994	80,000000	1,394601E-1
310,117640	79,899994	80,000000	1,394617E-1
310,117640	79,699997	80,000000	1,394633E-1
310,117640	79,699997	80,000000	1,395186E-1
310,117640	79,699997	80,000000	1,395234E-1
310,117640	79,699997	80,000000	1,395234E-1
311,117120	79,699997	80,000000	1,395282E-1
311,117120	79,699997	80,000000	1,395282E-1
311,117120	79,699997	80,000000	1,395330E-1
311,117120	79,699997	80,000000	1,395378E-1
311,117120	79,699997	80,000000	1,395378E-1
311,117120	80,100006	80,000000	1,395426E-1
311,117120	80,100006	80,000000	1,395426E-1
311,117120	80,100006	80,000000	1,394402E-1
311,117120	80,100006	80,000000	1,394402E-1
311,117120	80,100006	80,000000	1,394402E-1
312,117583	80,100006	80,000000	1,394402E-1
312,117583	80,100006	80,000000	1,394386E-1
312,117583	80,100006	80,000000	1,394386E-1
312,117583	80,100006	80,000000	1,394386E-1
312,117583	80,100006	80,000000	1,394386E-1
312,117583	80,100006	80,000000	1,394386E-1
312,117583	80,100006	80,000000	1,394386E-1
312,117583	80,100006	80,000000	1,394386E-1
312,117583	80,100006	80,000000	1,394386E-1
312,117583	80,100006	80,000000	1,394386E-1
313,117995	80,100006	80,000000	1,394386E-1
313,117995	80,100006	80,000000	1,394386E-1
313,117995	80,100006	80,000000	1,394386E-1
313,117995	80,100006	80,000000	1,394386E-1
313,117995	80,100006	80,000000	1,394386E-1
313,117995	80,100006	80,000000	1,394386E-1
313,117995	80,100006	80,000000	1,394386E-1
313,117995	80,100006	80,000000	1,394386E-1
313,117995	80,100006	80,000000	1,394386E-1
313,117995	80,100006	80,000000	1,394386E-1
314,118383	80,100006	80,000000	1,394386E-1
314,118383	80,100006	80,000000	1,394386E-1
314,118383	80,100006	80,000000	1,394386E-1
314,118383	80,100006	80,000000	1,394386E-1
314,118383	80,100006	80,000000	1,394386E-1
314,118383	80,100006	80,000000	1,394370E-1
314,118383	80,100006	80,000000	1,394370E-1
314,118383	80,100006	80,000000	1,394370E-1
314,118383	80,100006	80,000000	1,394370E-1
314,118383	80,100006	80,000000	1,394370E-1
315,117774	80,100006	80,000000	1,394370E-1
315,117774	80,100006	80,000000	1,394370E-1
315,117774	80,100006	80,000000	1,394370E-1
315,117774	80,100006	80,000000	1,394370E-1
315,117774	80,100006	80,000000	1,394370E-1
315,117774	80,100006	80,000000	1,394370E-1
315,117774	80,100006	80,000000	1,394370E-1
315,117774	80,100006	80,000000	1,394370E-1
315,117774	80,100006	80,000000	1,394370E-1
315,117774	80,100006	80,000000	1,394370E-1
316,118487	80,100006	80,000000	1,394370E-1
316,118487	80,100006	80,000000	1,394370E-1
316,118487	80,100006	80,000000	1,394370E-1
316,118487	79,800003	80,000000	1,394354E-1
316,118487	79,800003	80,000000	1,394354E-1
316,118487	79,800003	80,000000	1,394354E-1
316,118487	79,800003	80,000000	1,394354E-1
316,118487	79,800003	80,000000	1,394354E-1
316,118487	79,800003	80,000000	1,394354E-1
316,118487	79,800003	80,000000	1,394354E-1
317,117848	79,800003	80,000000	1,394354E-1
317,117848	79,800003	80,000000	1,394354E-1
317,117848	79,800003	80,000000	1,394354E-1
317,117848	79,800003	80,000000	1,394354E-1
317,117848	79,800003	80,000000	1,394354E-1
317,117848	79,800003	80,000000	1,394354E-1
317,117848	79,800003	80,000000	1,394354E-1
317,117848	79,800003	80,000000	1,394354E-1
317,117848	79,800003	80,000000	1,394354E-1
317,117848	79,800003	80,000000	1,394354E-1
318,118339	79,800003	80,000000	1,395142E-1
318,118339	79,800003	80,000000	1,395142E-1
318,118339	79,800003	80,000000	1,395142E-1
318,118339	79,800003	80,000000	1,395142E-1
318,118339	79,800003	80,000000	1,395142E-1
318,118339	79,800003	80,000000	1,395142E-1
318,118339	79,800003	80,000000	1,395142E-1
318,118339	79,800003	80,000000	1,395142E-1
318,118339	79,800003	80,000000	1,395142E-1
318,118339	79,800003	80,000000	1,395142E-1
319,118764	79,800003	80,000000	1,395142E-1
319,118764	79,800003	80,000000	1,395142E-1
319,118764	79,800003	80,000000	1,395142E-1
319,118764	79,800003	80,000000	1,395142E-1
319,118764	79,800003	80,000000	1,395142E-1
319,118764	79,800003	80,000000	1,395142E-1
319,118764	79,800003	80,000000	1,395142E-1
319,118764	79,800003	80,000000	1,395142E-1
319,118764	79,800003	80,000000	1,395174E-1
319,118764	79,599998	80,000000	1,395174E-1
320,118143	79,599998	80,000000	1,395174E-1
320,118143	79,599998	80,000000	1,395174E-1
320,118143	79,599998	80,000000	1,395174E-1
320,118143	79,599998	80,000000	1,395174E-1
320,118143	79,599998	80,000000	1,395174E-1
320,118143	79,599998	80,000000	1,395174E-1
320,118143	79,599998	80,000000	1,395174E-1
320,118143	79,599998	80,000000	1,395174E-1
320,118143	79,599998	80,000000	1,395174E-1
320,118143	79,599998	80,000000	1,395174E-1
321,118592	79,599998	80,000000	1,395174E-1
321,118592	79,599998	80,000000	1,395174E-1
321,118592	79,599998	80,000000	1,395174E-1
321,118592	79,599998	80,000000	1,395174E-1
321,118592	79,599998	80,000000	1,395174E-1
321,118592	79,599998	80,000000	1,395742E-1
321,118592	79,800003	80,000000	1,395742E-1
321,118592	79,800003	80,000000	1,395742E-1
321,118592	79,800003	80,000000	1,395742E-1
321,118592	79,800003	80,000000	1,395742E-1
322,117991	79,800003	80,000000	1,395742E-1
322,117991	79,800003	80,000000	1,395742E-1
322,117991	79,800003	80,000000	1,395742E-1
322,117991	79,800003	80,000000	1,395742E-1
322,117991	79,800003	80,000000	1,395742E-1
322,117991	79,800003	80,000000	1,395742E-1
322,117991	79,800003	80,000000	1,395742E-1
322,117991	79,800003	80,000000	1,395742E-1
322,117991	79,800003	80,000000	1,395742E-1
322,117991	79,800003	80,000000	1,395742E-1
323,118557	79,800003	80,000000	1,395742E-1
323,118557	79,800003	80,000000	1,395742E-1
323,118557	79,800003	80,000000	1,395271E-1
323,118557	79,800003	80,000000	1,395271E-1
323,118557	79,800003	80,000000	1,395271E-1
323,118557	79,800003	80,000000	1,395303E-1
323,118557	79,800003	80,000000	1,395303E-1
323,118557	80,000000	80,000000	1,395303E-1
323,118557	80,000000	80,000000	1,394799E-1
323,118557	80,000000	80,000000	1,394799E-1
324,117873	80,000000	80,000000	1,394799E-1
324,117873	80,000000	80,000000	1,394799E-1
324,117873	80,000000	80,000000	1,394799E-1
324,117873	80,000000	80,000000	1,394799E-1
324,117873	80,000000	80,000000	1,394799E-1
324,117873	80,000000	80,000000	1,394799E-1
324,117873	80,000000	80,000000	1,394799E-1
324,117873	80,000000	80,000000	1,394799E-1
324,117873	80,000000	80,000000	1,394799E-1
324,117873	80,000000	80,000000	1,394799E-1
325,118309	80,000000	80,000000	1,394799E-1
325,118309	80,000000	80,000000	1,394799E-1
325,118309	79,599998	80,000000	1,394799E-1
325,118309	79,599998	80,000000	1,394799E-1
325,118309	79,599998	80,000000	1,395871E-1
325,118309	79,599998	80,000000	1,395935E-1
325,118309	79,599998	80,000000	1,395935E-1
325,118309	79,599998	80,000000	1,395999E-1
325,118309	79,599998	80,000000	1,396063E-1
325,118309	79,599998	80,000000	1,396128E-1
326,118655	79,599998	80,000000	1,396128E-1
326,118655	79,800003	80,000000	1,396192E-1
326,118655	79,800003	80,000000	1,395720E-1
326,118655	79,800003	80,000000	1,395720E-1
326,118655	79,800003	80,000000	1,395752E-1
326,118655	79,800003	80,000000	1,395784E-1
326,118655	79,800003	80,000000	1,395784E-1
326,118655	79,800003	80,000000	1,395816E-1
326,118655	79,800003	80,000000	1,395816E-1
326,118655	79,800003	80,000000	1,395816E-1
327,119133	79,800003	80,000000	1,395848E-1
327,119133	79,800003	80,000000	1,395881E-1
327,119133	80,000000	80,000000	1,395913E-1
327,119133	80,000000	80,000000	1,395409E-1
327,119133	80,000000	80,000000	1,395409E-1
327,119133	80,000000	80,000000	1,395409E-1
327,119133	80,000000	80,000000	1,395409E-1
327,119133	80,000000	80,000000	1,395409E-1
327,119133	80,000000	80,000000	1,395409E-1
327,119133	80,000000	80,000000	1,395409E-1
328,119555	80,000000	80,000000	1,395409E-1
328,119555	80,000000	80,000000	1,395409E-1
328,119555	80,000000	80,000000	1,395409E-1
328,119555	80,099998	80,000000	1,395141E-1
328,119555	80,099998	80,000000	1,395141E-1
328,119555	80,099998	80,000000	1,395125E-1
328,119555	80,099998	80,000000	1,395109E-1
328,119555	80,099998	80,000000	1,395092E-1
328,119555	80,099998	80,000000	1,395076E-1
328,119555	80,099998	80,000000	1,395076E-1
329,118979	80,099998	80,000000	1,395060E-1
329,118979	80,099998	80,000000	1,395044E-1
329,118979	80,099998	80,000000	1,395044E-1
329,118979	80,099998	80,000000	1,395028E-1
329,118979	80,099998	80,000000	1,395028E-1
329,118979	80,099998	80,000000	1,395012E-1
329,118979	80,099998	80,000000	1,395012E-1
329,118979	80,099998	80,000000	1,394996E-1
329,118979	80,099998	80,000000	1,394996E-1
329,118979	80,099998	80,000000	1,394980E-1
330,120122	80,099998	80,000000	1,394964E-1
330,120122	80,099998	80,000000	1,394948E-1
330,120122	80,099998	80,000000	1,394932E-1
330,120122	80,099998	80,000000	1,394916E-1
330,120122	80,099998	80,000000	1,394916E-1
330,120122	80,199997	80,000000	1,394900E-1
330,120122	80,199997	80,000000	1,394900E-1
330,120122	80,199997	80,000000	1,394616E-1
330,120122	80,199997	80,000000	1,394584E-1
330,120122	80,199997	80,000000	1,394552E-1
331,120536	80,199997	80,000000	1,394552E-1
331,120536	80,199997	80,000000	1,394520E-1
331,120536	80,199997	80,000000	1,394520E-1
331,120536	80,199997	80,000000	1,394520E-1
331,120536	80,199997	80,000000	1,394487E-1
331,120536	80,199997	80,000000	1,394455E-1
331,120536	80,100006	80,000000	1,394455E-1
331,120536	80,100006	80,000000	1,394691E-1
331,120536	80,100006	80,000000	1,394675E-1
331,120536	80,100006	80,000000	1,394675E-1
332,119988	80,100006	80,000000	1,394659E-1
332,119988	80,100006	80,000000	1,394643E-1
332,119988	80,100006	80,000000	1,394643E-1
332,119988	80,100006	80,000000	1,394627E-1
332,119988	80,100006	80,000000	1,394611E-1
332,119988	80,100006	80,000000	1,394595E-1
332,119988	79,699997	80,000000	1,394595E-1
332,119988	79,699997	80,000000	1,394595E-1
332,119988	79,699997	80,000000	1,394595E-1
332,119988	79,699997	80,000000	1,395651E-1
333,120470	79,699997	80,000000	1,395699E-1
333,120470	79,699997	80,000000	1,395747E-1
333,120470	79,699997	80,000000	1,395747E-1
333,120470	79,699997	80,000000	1,395795E-1
333,120470	79,699997	80,000000	1,395795E-1
333,120470	79,699997	80,000000	1,395844E-1
333,120470	79,699997	80,000000	1,395844E-1
333,120470	79,800003	80,000000	1,395844E-1
333,120470	79,800003	80,000000	1,395844E-1
333,120470	79,800003	80,000000	1,395844E-1
334,120891	79,800003	80,000000	1,395844E-1
334,120891	79,800003	80,000000	1,395844E-1
334,120891	79,800003	80,000000	1,395844E-1
334,120891	79,800003	80,000000	1,395844E-1
334,120891	79,800003	80,000000	1,395844E-1
334,120891	79,800003	80,000000	1,395844E-1
334,120891	79,800003	80,000000	1,395844E-1
334,120891	79,800003	80,000000	1,395844E-1
334,120891	79,800003	80,000000	1,395844E-1
334,120891	79,800003	80,000000	1,395844E-1
335,121314	79,800003	80,000000	1,395844E-1
335,121314	79,800003	80,000000	1,395844E-1
335,121314	79,800003	80,000000	1,395844E-1
335,121314	79,800003	80,000000	1,395844E-1
335,121314	79,800003	80,000000	1,395844E-1
335,121314	79,800003	80,000000	1,395844E-1
335,121314	79,800003	80,000000	1,395844E-1
335,121314	79,800003	80,000000	1,395844E-1
335,121314	79,800003	80,000000	1,395844E-1
335,121314	79,800003	80,000000	1,395844E-1
336,121695	79,800003	80,000000	1,395624E-1
336,121695	79,800003	80,000000	1,395624E-1
336,121695	79,800003	80,000000	1,395624E-1
336,121695	79,800003	80,000000	1,395624E-1
336,121695	79,800003	80,000000	1,395624E-1
336,121695	79,800003	80,000000	1,395624E-1
336,121695	79,800003	80,000000	1,395624E-1
336,121695	79,800003	80,000000	1,395624E-1
336,121695	79,800003	80,000000	1,395624E-1
336,121695	79,800003	80,000000	1,395624E-1
337,121171	79,800003	80,000000	1,395624E-1
337,121171	79,800003	80,000000	1,395624E-1
337,121171	79,800003	80,000000	1,395624E-1
337,121171	79,800003	80,000000	1,395624E-1
337,121171	79,800003	80,000000	1,395624E-1
337,121171	79,800003	80,000000	1,395624E-1
337,121171	79,800003	80,000000	1,395624E-1
337,121171	79,899994	80,000000	1,395656E-1
337,121171	79,899994	80,000000	1,395656E-1
337,121171	79,899994	80,000000	1,395656E-1
338,121605	79,899994	80,000000	1,395656E-1
338,121605	79,899994	80,000000	1,395656E-1
338,121605	79,899994	80,000000	1,395656E-1
338,121605	79,899994	80,000000	1,395656E-1
338,121605	79,899994	80,000000	1,395656E-1
338,121605	79,899994	80,000000	1,395656E-1
338,121605	79,899994	80,000000	1,395656E-1
338,121605	79,899994	80,000000	1,395656E-1
338,121605	79,899994	80,000000	1,395656E-1
338,121605	79,899994	80,000000	1,395656E-1
339,120963	79,899994	80,000000	1,395656E-1
339,120963	79,899994	80,000000	1,395656E-1
339,120963	79,899994	80,000000	1,395656E-1
339,120963	79,899994	80,000000	1,395656E-1
339,120963	79,899994	80,000000	1,395420E-1
339,120963	79,899994	80,000000	1,395420E-1
339,120963	79,899994	80,000000	1,395420E-1
339,120963	79,899994	80,000000	1,395420E-1
339,120963	79,899994	80,000000	1,395420E-1
339,120963	79,899994	80,000000	1,395420E-1
340,121379	79,899994	80,000000	1,395420E-1
340,121379	79,899994	80,000000	1,395420E-1
340,121379	79,899994	80,000000	1,395420E-1
340,121379	79,899994	80,000000	1,395420E-1
340,121379	79,899994	80,000000	1,395420E-1
340,121379	79,899994	80,000000	1,395420E-1
340,121379	79,899994	80,000000	1,395420E-1
340,121379	79,899994	80,000000	1,395420E-1
340,121379	79,899994	80,000000	1,395420E-1
340,121379	79,899994	80,000000	1,395420E-1
341,120872	79,899994	80,000000	1,395420E-1
341,120872	79,899994	80,000000	1,395420E-1
341,120872	79,899994	80,000000	1,395436E-1
341,120872	79,900002	80,000000	1,395436E-1
341,120872	79,900002	80,000000	1,395436E-1
341,120872	79,900002	80,000000	1,395436E-1
341,120872	79,900002	80,000000	1,395436E-1
341,120872	79,900002	80,000000	1,395436E-1
341,120872	79,900002	80,000000	1,395436E-1
341,120872	79,900002	80,000000	1,395436E-1
342,121380	79,900002	80,000000	1,395436E-1
342,121380	79,900002	80,000000	1,395436E-1
342,121380	79,900002	80,000000	1,395436E-1
342,121380	79,900002	80,000000	1,395436E-1
342,121380	79,900002	80,000000	1,395436E-1
342,121380	79,900002	80,000000	1,395436E-1
342,121380	79,900002	80,000000	1,395436E-1
342,121380	79,900002	80,000000	1,395436E-1
342,121380	79,900002	80,000000	1,395436E-1
342,121380	79,900002	80,000000	1,395452E-1
343,121701	79,600006	80,000000	1,395452E-1
343,121701	79,600006	80,000000	1,395452E-1
343,121701	79,600006	80,000000	1,395452E-1
343,121701	79,600006	80,000000	1,395452E-1
343,121701	79,600006	80,000000	1,395452E-1
343,121701	79,600006	80,000000	1,395452E-1
343,121701	79,600006	80,000000	1,395452E-1
343,121701	79,600006	80,000000	1,395452E-1
343,121701	79,600006	80,000000	1,395452E-1
343,121701	79,600006	80,000000	1,395452E-1
344,121162	79,600006	80,000000	1,395452E-1
344,121162	79,600006	80,000000	1,395452E-1
344,121162	79,600006	80,000000	1,395452E-1
344,121162	79,600006	80,000000	1,395452E-1
344,121162	79,600006	80,000000	1,395452E-1
344,121162	79,600006	80,000000	1,395452E-1
344,121162	79,600006	80,000000	1,395452E-1
344,121162	79,600006	80,000000	1,396272E-1
344,121162	79,600006	80,000000	1,396272E-1
344,121162	79,600006	80,000000	1,396272E-1
345,121528	79,599998	80,000000	1,396336E-1
345,121528	79,599998	80,000000	1,396336E-1
345,121528	79,599998	80,000000	1,396336E-1
345,121528	79,599998	80,000000	1,396401E-1
345,121528	79,900002	80,000000	1,396401E-1
345,121528	79,900002	80,000000	1,395661E-1
345,121528	79,900002	80,000000	1,395677E-1
345,121528	79,900002	80,000000	1,395693E-1
345,121528	79,900002	80,000000	1,395709E-1
345,121528	79,900002	80,000000	1,395725E-1
346,121572	79,900002	80,000000	1,395725E-1
346,121572	79,900002	80,000000	1,395741E-1
346,121572	79,900002	80,000000	1,395757E-1
346,121572	79,900002	80,000000	1,395757E-1
346,121572	79,900002	80,000000	1,395773E-1
346,121572	79,900002	80,000000	1,395789E-1
346,121572	79,800003	80,000000	1,395789E-1
346,121572	79,800003	80,000000	1,395789E-1
346,121572	79,800003	80,000000	1,396073E-1
346,121572	79,800003	80,000000	1,396073E-1
347,120964	79,800003	80,000000	1,396105E-1
347,120964	79,800003	80,000000	1,396137E-1
347,120964	79,800003	80,000000	1,396169E-1
347,120964	79,800003	80,000000	1,396169E-1
347,120964	79,800003	80,000000	1,396201E-1
347,120964	79,500000	80,000000	1,396234E-1
347,120964	79,500000	80,000000	1,396234E-1
347,120964	79,500000	80,000000	1,397070E-1
347,120964	79,500000	80,000000	1,397150E-1
347,120964	79,500000	80,000000	1,397230E-1
348,121463	79,500000	80,000000	1,397230E-1
348,121463	79,500000	80,000000	1,397230E-1
348,121463	79,500000	80,000000	1,397311E-1
348,121463	79,500000	80,000000	1,397311E-1
348,121463	79,500000	80,000000	1,397391E-1
348,121463	79,599998	80,000000	1,397471E-1
348,121463	79,599998	80,000000	1,397471E-1
348,121463	79,599998	80,000000	1,397283E-1
348,121463	79,599998	80,000000	1,397347E-1
348,121463	79,599998	80,000000	1,397412E-1
349,121851	79,599998	80,000000	1,397412E-1
349,121851	79,599998	80,000000	1,397476E-1
349,121851	79,599998	80,000000	1,397540E-1
349,121851	79,599998	80,000000	1,397604E-1
349,121851	79,599998	80,000000	1,397604E-1
349,121851	79,599998	80,000000	1,397668E-1
349,121851	80,099998	80,000000	1,397668E-1
349,121851	80,099998	80,000000	1,397668E-1
349,121851	80,099998	80,000000	1,396392E-1
349,121851	80,099998	80,000000	1,396376E-1
350,123275	80,099998	80,000000	1,396376E-1
350,123275	80,099998	80,000000	1,396376E-1
350,123275	80,099998	80,000000	1,396360E-1
350,123275	80,099998	80,000000	1,396360E-1
350,123275	80,099998	80,000000	1,396360E-1
350,123275	80,099998	80,000000	1,396360E-1
350,123275	80,099998	80,000000	1,396360E-1
350,123275	80,099998	80,000000	1,396360E-1
350,123275	80,099998	80,000000	1,396360E-1
350,123275	80,099998	80,000000	1,396360E-1
351,124733	80,099998	80,000000	1,396360E-1
351,124733	80,099998	80,000000	1,396360E-1
351,124733	80,099998	80,000000	1,396360E-1
351,124733	80,099998	80,000000	1,396360E-1
351,124733	80,099998	80,000000	1,396360E-1
351,124733	80,099998	80,000000	1,396360E-1
351,124733	80,099998	80,000000	1,396360E-1
351,124733	80,099998	80,000000	1,396360E-1
351,124733	80,099998	80,000000	1,396360E-1
351,124733	80,099998	80,000000	1,396360E-1
352,124156	80,099998	80,000000	1,396360E-1
352,124156	80,099998	80,000000	1,396360E-1
352,124156	80,099998	80,000000	1,396360E-1
352,124156	80,099998	80,000000	1,396360E-1
352,124156	80,099998	80,000000	1,396360E-1
352,124156	80,099998	80,000000	1,396360E-1
352,124156	80,099998	80,000000	1,396344E-1
352,124156	80,099998	80,000000	1,396344E-1
352,124156	80,099998	80,000000	1,396344E-1
352,124156	80,099998	80,000000	1,396344E-1
353,124574	80,099998	80,000000	1,396344E-1
353,124574	80,099998	80,000000	1,396344E-1
353,124574	80,099998	80,000000	1,396344E-1
353,124574	80,099998	80,000000	1,396344E-1
353,124574	80,099998	80,000000	1,396344E-1
353,124574	80,099998	80,000000	1,396344E-1
353,124574	80,099998	80,000000	1,396344E-1
353,124574	80,099998	80,000000	1,396344E-1
353,124574	80,099998	80,000000	1,396344E-1
353,124574	80,099998	80,000000	1,396344E-1
354,124012	80,099998	80,000000	1,396344E-1
354,124012	80,099998	80,000000	1,396344E-1
354,124012	80,099998	80,000000	1,396344E-1
354,124012	80,099998	80,000000	1,396344E-1
354,124012	80,300003	80,000000	1,396328E-1
354,124012	80,300003	80,000000	1,396328E-1
354,124012	80,300003	80,000000	1,396328E-1
354,124012	80,300003	80,000000	1,396328E-1
354,124012	80,300003	80,000000	1,396328E-1
354,124012	80,300003	80,000000	1,396328E-1
355,124428	80,300003	80,000000	1,396328E-1
355,124428	80,300003	80,000000	1,396328E-1
355,124428	80,300003	80,000000	1,396328E-1
355,124428	80,300003	80,000000	1,396328E-1
355,124428	80,300003	80,000000	1,396328E-1
355,124428	80,300003	80,000000	1,396328E-1
355,124428	80,300003	80,000000	1,396328E-1
355,124428	80,300003	80,000000	1,396328E-1
355,124428	80,300003	80,000000	1,396328E-1
355,124428	80,300003	80,000000	1,396328E-1
356,123884	80,300003	80,000000	1,396328E-1
356,123884	80,300003	80,000000	1,395776E-1
356,123884	80,300003	80,000000	1,395776E-1
356,123884	80,300003	80,000000	1,395776E-1
356,123884	80,300003	80,000000	1,395776E-1
356,123884	80,300003	80,000000	1,395776E-1
356,123884	80,300003	80,000000	1,395776E-1
356,123884	80,300003	80,000000	1,395776E-1
356,123884	80,300003	80,000000	1,395776E-1
356,123884	80,300003	80,000000	1,395776E-1
357,124222	80,300003	80,000000	1,395776E-1
357,124222	80,300003	80,000000	1,395776E-1
357,124222	80,300003	80,000000	1,395776E-1
357,124222	80,300003	80,000000	1,395776E-1
357,124222	80,300003	80,000000	1,395776E-1
357,124222	80,300003	80,000000	1,395776E-1
357,124222	80,300003	80,000000	1,395776E-1
357,124222	80,300003	80,000000	1,395776E-1
357,124222	80,300003	80,000000	1,395728E-1
357,124222	80,099998	80,000000	1,395728E-1
358,124665	80,099998	80,000000	1,395728E-1
358,124665	80,099998	80,000000	1,395728E-1
358,124665	80,099998	80,000000	1,395728E-1
358,124665	80,099998	80,000000	1,395728E-1
358,124665	80,099998	80,000000	1,395728E-1
358,124665	80,099998	80,000000	1,395728E-1
358,124665	80,099998	80,000000	1,395728E-1
358,124665	80,099998	80,000000	1,395728E-1
358,124665	80,099998	80,000000	1,395728E-1
358,124665	80,099998	80,000000	1,395728E-1
359,125122	80,099998	80,000000	1,395728E-1
359,125122	80,099998	80,000000	1,395728E-1
359,125122	80,099998	80,000000	1,395728E-1
359,125122	80,099998	80,000000	1,395728E-1
359,125122	80,099998	80,000000	1,395728E-1
359,125122	80,099998	80,000000	1,396216E-1
359,125122	80,000000	80,000000	1,396216E-1
359,125122	80,000000	80,000000	1,396216E-1
359,125122	80,000000	80,000000	1,396216E-1
359,125122	80,000000	80,000000	1,396216E-1
360,125490	80,000000	80,000000	1,396216E-1
360,125490	80,000000	80,000000	1,396216E-1
360,125490	80,000000	80,000000	1,396216E-1
360,125490	80,000000	80,000000	1,396216E-1
360,125490	80,000000	80,000000	1,396216E-1
360,125490	80,000000	80,000000	1,396216E-1
360,125490	80,000000	80,000000	1,396216E-1
360,125490	80,000000	80,000000	1,396216E-1
360,125490	80,000000	80,000000	1,396216E-1
360,125490	80,000000	80,000000	1,396216E-1
361,124969	80,000000	80,000000	1,396216E-1
361,124969	80,000000	80,000000	1,396216E-1
361,124969	80,000000	80,000000	1,396216E-1
361,124969	80,000000	80,000000	1,396468E-1
361,124969	80,000000	80,000000	1,396468E-1
361,124969	80,000000	80,000000	1,396468E-1
361,124969	79,800003	80,000000	1,397004E-1
361,124969	79,800003	80,000000	1,397004E-1
361,124969	79,800003	80,000000	1,397004E-1
361,124969	79,800003	80,000000	1,397036E-1
362,126395	79,600006	80,000000	1,397036E-1
362,126395	79,600006	80,000000	1,397604E-1
362,126395	79,600006	80,000000	1,397668E-1
362,126395	79,600006	80,000000	1,397733E-1
362,126395	79,600006	80,000000	1,397797E-1
362,126395	79,600006	80,000000	1,397861E-1
362,126395	79,600006	80,000000	1,397861E-1
362,126395	79,600006	80,000000	1,397925E-1
362,126395	79,600006	80,000000	1,397989E-1
362,126395	79,600006	80,000000	1,397989E-1
363,126746	79,600006	80,000000	1,398054E-1
363,126746	79,600006	80,000000	1,398118E-1
363,126746	80,099998	80,000000	1,398118E-1
363,126746	80,099998	80,000000	1,398118E-1
363,126746	80,099998	80,000000	1,396842E-1
363,126746	80,099998	80,000000	1,396826E-1
363,126746	80,099998	80,000000	1,396826E-1
363,126746	80,099998	80,000000	1,396810E-1
363,126746	80,099998	80,000000	1,396794E-1
363,126746	80,099998	80,000000	1,396778E-1
364,127247	80,099998	80,000000	1,396778E-1
364,127247	79,599998	80,000000	1,396762E-1
364,127247	79,599998	80,000000	1,398086E-1
364,127247	79,599998	80,000000	1,398150E-1
364,127247	79,599998	80,000000	1,398214E-1
364,127247	79,599998	80,000000	1,398278E-1
364,127247	79,599998	80,000000	1,398278E-1
364,127247	79,599998	80,000000	1,398342E-1
364,127247	79,599998	80,000000	1,398342E-1
364,127247	79,599998	80,000000	1,398407E-1
365,127630	79,599998	80,000000	1,398407E-1
365,127630	79,599998	80,000000	1,398471E-1
365,127630	80,099998	80,000000	1,398535E-1
365,127630	80,099998	80,000000	1,398535E-1
365,127630	80,099998	80,000000	1,397259E-1
365,127630	80,099998	80,000000	1,397243E-1
365,127630	80,099998	80,000000	1,397227E-1
365,127630	80,099998	80,000000	1,397211E-1
365,127630	80,099998	80,000000	1,397195E-1
365,127630	80,099998	80,000000	1,397179E-1
366,127072	80,099998	80,000000	1,397179E-1
366,127072	80,099998	80,000000	1,397163E-1
366,127072	80,000000	80,000000	1,397163E-1
366,127072	80,000000	80,000000	1,397163E-1
366,127072	80,000000	80,000000	1,397415E-1
366,127072	80,000000	80,000000	1,397415E-1
366,127072	80,000000	80,000000	1,397415E-1
366,127072	80,000000	80,000000	1,397415E-1
366,127072	80,000000	80,000000	1,397415E-1
366,127072	80,000000	80,000000	1,397415E-1
367,127463	80,000000	80,000000	1,397415E-1
367,127463	80,000000	80,000000	1,397415E-1
367,127463	79,800003	80,000000	1,397415E-1
367,127463	79,800003	80,000000	1,397951E-1
367,127463	79,800003	80,000000	1,397983E-1
367,127463	79,800003	80,000000	1,398015E-1
367,127463	79,800003	80,000000	1,398015E-1
367,127463	79,800003	80,000000	1,398047E-1
367,127463	79,800003	80,000000	1,398047E-1
367,127463	79,800003	80,000000	1,398079E-1
368,126978	79,800003	80,000000	1,398079E-1
368,126978	79,800003	80,000000	1,398111E-1
368,126978	79,800003	80,000000	1,398143E-1
368,126978	79,800003	80,000000	1,398176E-1
368,126978	79,800003	80,000000	1,398208E-1
368,126978	79,800003	80,000000	1,398208E-1
368,126978	79,800003	80,000000	1,398208E-1
368,126978	79,800003	80,000000	1,398208E-1
368,126978	79,800003	80,000000	1,398240E-1
368,126978	79,800003	80,000000	1,398240E-1
369,127383	79,800003	80,000000	1,398240E-1
369,127383	79,800003	80,000000	1,398240E-1
369,127383	79,800003	80,000000	1,398240E-1
369,127383	79,800003	80,000000	1,398240E-1
369,127383	79,800003	80,000000	1,398240E-1
369,127383	79,800003	80,000000	1,398240E-1
369,127383	79,800003	80,000000	1,398240E-1
369,127383	79,800003	80,000000	1,398240E-1
369,127383	79,800003	80,000000	1,398240E-1
369,127383	79,800003	80,000000	1,398240E-1
370,126798	79,800003	80,000000	1,398240E-1
370,126798	79,800003	80,000000	1,398240E-1
370,126798	79,800003	80,000000	1,398240E-1
370,126798	79,800003	80,000000	1,398240E-1
370,126798	79,800003	80,000000	1,398240E-1
370,126798	79,800003	80,000000	1,398240E-1
370,126798	79,800003	80,000000	1,398240E-1
370,126798	79,800003	80,000000	1,398240E-1
370,126798	79,800003	80,000000	1,398240E-1
370,126798	79,800003	80,000000	1,398240E-1
371,127242	79,800003	80,000000	1,398240E-1
371,127242	79,800003	80,000000	1,398240E-1
371,127242	79,800003	80,000000	1,398272E-1
371,127242	79,800003	80,000000	1,398272E-1
371,127242	79,699997	80,000000	1,398272E-1
371,127242	79,699997	80,000000	1,398272E-1
371,127242	79,699997	80,000000	1,398272E-1
371,127242	79,699997	80,000000	1,398272E-1
371,127242	79,699997	80,000000	1,398272E-1
371,127242	79,699997	80,000000	1,398272E-1
372,128641	79,699997	80,000000	1,398272E-1
372,128641	79,699997	80,000000	1,398272E-1
372,128641	79,699997	80,000000	1,398272E-1
372,128641	79,699997	80,000000	1,398272E-1
372,128641	79,699997	80,000000	1,398272E-1
372,128641	79,699997	80,000000	1,398272E-1
372,128641	79,699997	80,000000	1,398272E-1
372,128641	79,699997	80,000000	1,398272E-1
372,128641	79,699997	80,000000	1,398272E-1
372,128641	79,699997	80,000000	1,398272E-1
373,128042	79,699997	80,000000	1,398572E-1
373,128042	79,699997	80,000000	1,398572E-1
373,128042	79,699997	80,000000	1,398572E-1
373,128042	79,699997	80,000000	1,398572E-1
373,128042	79,699997	80,000000	1,398572E-1
373,128042	79,699997	80,000000	1,398572E-1
373,128042	79,699997	80,000000	1,398572E-1
373,128042	79,699997	80,000000	1,398572E-1
373,128042	79,699997	80,000000	1,398572E-1
373,128042	79,699997	80,000000	1,398572E-1
374,128487	79,699997	80,000000	1,398572E-1
374,128487	79,699997	80,000000	1,398572E-1
374,128487	79,699997	80,000000	1,398572E-1
374,128487	79,699997	80,000000	1,398572E-1
374,128487	79,699997	80,000000	1,398572E-1
374,128487	79,699997	80,000000	1,398572E-1
374,128487	79,699997	80,000000	1,398572E-1
374,128487	80,099998	80,000000	1,398620E-1
374,128487	80,099998	80,000000	1,398620E-1
374,128487	80,099998	80,000000	1,398620E-1
375,128922	80,099998	80,000000	1,398620E-1
375,128922	80,099998	80,000000	1,398620E-1
375,128922	80,099998	80,000000	1,398620E-1
375,128922	80,099998	80,000000	1,398620E-1
375,128922	80,099998	80,000000	1,398620E-1
375,128922	80,099998	80,000000	1,398620E-1
375,128922	80,099998	80,000000	1,398620E-1
375,128922	80,099998	80,000000	1,398620E-1
375,128922	80,099998	80,000000	1,398620E-1
375,128922	80,099998	80,000000	1,398620E-1
376,129292	80,099998	80,000000	1,398620E-1
376,129292	80,099998	80,000000	1,398620E-1
376,129292	80,099998	80,000000	1,398620E-1
376,129292	80,099998	80,000000	1,398620E-1
376,129292	80,099998	80,000000	1,398620E-1
376,129292	80,099998	80,000000	1,397596E-1
376,129292	80,099998	80,000000	1,397596E-1
376,129292	80,099998	80,000000	1,397596E-1
376,129292	80,099998	80,000000	1,397596E-1
376,129292	80,099998	80,000000	1,397596E-1
377,130752	80,099998	80,000000	1,397596E-1
377,130752	80,099998	80,000000	1,397596E-1
377,130752	80,099998	80,000000	1,397596E-1
377,130752	80,099998	80,000000	1,397596E-1
377,130752	80,099998	80,000000	1,397596E-1
377,130752	80,099998	80,000000	1,397596E-1
377,130752	80,099998	80,000000	1,397596E-1
377,130752	80,099998	80,000000	1,397596E-1
377,130752	80,099998	80,000000	1,397596E-1
377,130752	80,099998	80,000000	1,397596E-1
378,130201	80,099998	80,000000	1,397596E-1
378,130201	80,099998	80,000000	1,397596E-1
378,130201	80,099998	80,000000	1,397580E-1
378,130201	79,900002	80,000000	1,397580E-1
378,130201	79,900002	80,000000	1,397580E-1
378,130201	79,900002	80,000000	1,397580E-1
378,130201	79,900002	80,000000	1,397580E-1
378,130201	79,900002	80,000000	1,397580E-1
378,130201	79,900002	80,000000	1,397580E-1
378,130201	79,900002	80,000000	1,397580E-1
379,130580	79,900002	80,000000	1,397580E-1
379,130580	79,900002	80,000000	1,397580E-1
379,130580	79,900002	80,000000	1,397580E-1
379,130580	79,900002	80,000000	1,397580E-1
379,130580	79,900002	80,000000	1,397580E-1
379,130580	79,900002	80,000000	1,397580E-1
379,130580	79,900002	80,000000	1,397580E-1
379,130580	79,900002	80,000000	1,397580E-1
379,130580	79,900002	80,000000	1,397580E-1
379,130580	79,900002	80,000000	1,397580E-1
380,129971	79,900002	80,000000	1,398100E-1
380,129971	80,000000	80,000000	1,398100E-1
380,129971	80,000000	80,000000	1,398100E-1
380,129971	80,099998	80,000000	1,397848E-1
380,129971	80,099998	80,000000	1,397848E-1
380,129971	80,099998	80,000000	1,397848E-1
380,129971	80,099998	80,000000	1,397580E-1
380,129971	79,900002	80,000000	1,397564E-1
380,129971	79,900002	80,000000	1,397564E-1
380,129971	79,900002	80,000000	1,398084E-1
381,131448	79,900002	80,000000	1,398100E-1
381,131448	79,900002	80,000000	1,398116E-1
381,131448	79,900002	80,000000	1,398116E-1
381,131448	79,900002	80,000000	1,398132E-1
381,131448	79,900002	80,000000	1,398148E-1
381,131448	79,900002	80,000000	1,398148E-1
381,131448	79,900002	80,000000	1,398164E-1
381,131448	79,900002	80,000000	1,398164E-1
381,131448	79,900002	80,000000	1,398180E-1
381,131448	79,900002	80,000000	1,398180E-1
382,130920	79,900002	80,000000	1,398196E-1
382,130920	79,900002	80,000000	1,398196E-1
382,130920	80,000000	80,000000	1,398212E-1
382,130920	80,000000	80,000000	1,398212E-1
382,130920	80,000000	80,000000	1,397960E-1
382,130920	80,000000	80,000000	1,397960E-1
382,130920	80,000000	80,000000	1,397960E-1
382,130920	80,000000	80,000000	1,397960E-1
382,130920	80,000000	80,000000	1,397960E-1
382,130920	80,000000	80,000000	1,397960E-1
383,131313	80,000000	80,000000	1,397960E-1
383,131313	80,000000	80,000000	1,397960E-1
383,131313	80,000000	80,000000	1,397960E-1
383,131313	80,000000	80,000000	1,397960E-1
383,131313	80,000000	80,000000	1,397960E-1
383,131313	79,899994	80,000000	1,397960E-1
383,131313	79,899994	80,000000	1,397960E-1
383,131313	79,899994	80,000000	1,398229E-1
383,131313	79,899994	80,000000	1,398245E-1
383,131313	79,899994	80,000000	1,398261E-1
384,131712	79,899994	80,000000	1,398277E-1
384,131712	79,899994	80,000000	1,398277E-1
384,131712	79,899994	80,000000	1,398293E-1
384,131712	79,900002	80,000000	1,398309E-1
384,131712	79,900002	80,000000	1,398309E-1
384,131712	79,900002	80,000000	1,398325E-1
384,131712	79,900002	80,000000	1,398341E-1
384,131712	79,900002	80,000000	1,398341E-1
384,131712	79,900002	80,000000	1,398357E-1
384,131712	79,900002	80,000000	1,398357E-1
385,131257	79,900002	80,000000	1,398373E-1
385,131257	79,900002	80,000000	1,398373E-1
385,131257	79,900002	80,000000	1,398389E-1
385,131257	79,900002	80,000000	1,398405E-1
385,131257	79,900002	80,000000	1,398421E-1
385,131257	79,900002	80,000000	1,398437E-1
385,131257	79,900002	80,000000	1,398437E-1
385,131257	79,900002	80,000000	1,398453E-1
385,131257	79,900002	80,000000	1,398469E-1
385,131257	79,900002	80,000000	1,398485E-1
386,131545	79,900002	80,000000	1,398485E-1
386,131545	79,900002	80,000000	1,398501E-1
386,131545	79,900002	80,000000	1,398517E-1
386,131545	79,900002	80,000000	1,398517E-1
386,131545	79,900002	80,000000	1,398533E-1
386,131545	79,900002	80,000000	1,398533E-1
386,131545	79,900002	80,000000	1,398533E-1
386,131545	79,900002	80,000000	1,398550E-1
386,131545	79,900002	80,000000	1,398566E-1
386,131545	79,900002	80,000000	1,398582E-1
387,130963	79,900002	80,000000	1,398582E-1
387,130963	79,900002	80,000000	1,398598E-1
387,130963	79,900002	80,000000	1,398614E-1
387,130963	79,900002	80,000000	1,398614E-1
387,130963	79,900002	80,000000	1,398630E-1
387,130963	79,900002	80,000000	1,398646E-1
387,130963	79,900002	80,000000	1,398646E-1
387,130963	79,900002	80,000000	1,398662E-1
387,130963	79,900002	80,000000	1,398662E-1
387,130963	79,900002	80,000000	1,398678E-1
388,132459	79,900002	80,000000	1,398678E-1
388,132459	79,900002	80,000000	1,398694E-1
388,132459	79,900002	80,000000	1,398710E-1
388,132459	79,900002	80,000000	1,398710E-1
388,132459	79,900002	80,000000	1,398726E-1
388,132459	79,900002	80,000000	1,398742E-1
388,132459	79,900002	80,000000	1,398758E-1
388,132459	79,900002	80,000000	1,398758E-1
388,132459	79,800003	80,000000	1,398774E-1
388,132459	79,800003	80,000000	1,399058E-1
389,131875	79,800003	80,000000	1,399058E-1
389,131875	79,800003	80,000000	1,399090E-1
389,131875	79,800003	80,000000	1,399122E-1
389,131875	79,800003	80,000000	1,399122E-1
389,131875	79,800003	80,000000	1,399155E-1
389,131875	79,800003	80,000000	1,399155E-1
389,131875	79,800003	80,000000	1,399187E-1
389,131875	79,800003	80,000000	1,399187E-1
389,131875	79,800003	80,000000	1,399219E-1
389,131875	80,300003	80,000000	1,399251E-1
390,132251	80,300003	80,000000	1,399251E-1
390,132251	80,300003	80,000000	1,397943E-1
390,132251	80,300003	80,000000	1,397895E-1
390,132251	80,300003	80,000000	1,397847E-1
390,132251	80,300003	80,000000	1,397847E-1
390,132251	80,300003	80,000000	1,397798E-1
390,132251	80,300003	80,000000	1,397750E-1
390,132251	80,300003	80,000000	1,397750E-1
390,132251	80,300003	80,000000	1,397702E-1
390,132251	79,899994	80,000000	1,397702E-1
391,132693	79,899994	80,000000	1,397702E-1
391,132693	79,899994	80,000000	1,398726E-1
391,132693	79,899994	80,000000	1,398742E-1
391,132693	79,899994	80,000000	1,398742E-1
391,132693	79,899994	80,000000	1,398758E-1
391,132693	79,899994	80,000000	1,398774E-1
391,132693	79,899994	80,000000	1,398774E-1
391,132693	79,899994	80,000000	1,398790E-1
391,132693	79,800003	80,000000	1,398806E-1
391,132693	79,800003	80,000000	1,399090E-1
392,132121	79,800003	80,000000	1,399090E-1
392,132121	79,800003	80,000000	1,399122E-1
392,132121	79,800003	80,000000	1,399155E-1
392,132121	79,800003	80,000000	1,399155E-1
392,132121	79,800003	80,000000	1,399155E-1
392,132121	79,800003	80,000000	1,399187E-1
392,132121	79,800003	80,000000	1,399187E-1
392,132121	79,800003	80,000000	1,399219E-1
392,132121	79,800003	80,000000	1,399251E-1
392,132121	79,800003	80,000000	1,399251E-1
393,132494	79,699997	80,000000	1,399283E-1
393,132494	79,699997	80,000000	1,399283E-1
393,132494	79,699997	80,000000	1,399583E-1
393,132494	79,699997	80,000000	1,399631E-1
393,132494	79,699997	80,000000	1,399631E-1
393,132494	79,699997	80,000000	1,399679E-1
393,132494	79,699997	80,000000	1,399728E-1
393,132494	79,699997	80,000000	1,399776E-1
393,132494	79,699997	80,000000	1,399776E-1
393,132494	79,699997	80,000000	1,399824E-1
394,132922	79,699997	80,000000	1,399824E-1
394,132922	79,699997	80,000000	1,399824E-1
394,132922	79,699997	80,000000	1,399872E-1
394,132922	79,699997	80,000000	1,399920E-1
394,132922	79,699997	80,000000	1,399920E-1
394,132922	79,699997	80,000000	1,399968E-1
394,132922	80,000000	80,000000	1,400016E-1
394,132922	80,000000	80,000000	1,399260E-1
394,132922	80,000000	80,000000	1,399260E-1
394,132922	80,000000	80,000000	1,399260E-1
395,134313	80,000000	80,000000	1,399260E-1
395,134313	80,000000	80,000000	1,399260E-1
395,134313	80,000000	80,000000	1,399260E-1
395,134313	80,000000	80,000000	1,399260E-1
395,134313	80,000000	80,000000	1,399260E-1
395,134313	80,000000	80,000000	1,399260E-1
395,134313	80,099998	80,000000	1,399260E-1
395,134313	80,099998	80,000000	1,399260E-1
395,134313	80,099998	80,000000	1,398992E-1
395,134313	80,099998	80,000000	1,398976E-1
396,134858	80,099998	80,000000	1,398960E-1
396,134858	80,099998	80,000000	1,398960E-1
396,134858	80,099998	80,000000	1,398944E-1
396,134858	80,099998	80,000000	1,398928E-1
396,134858	80,099998	80,000000	1,398928E-1
396,134858	80,099998	80,000000	1,398912E-1
396,134858	79,899994	80,000000	1,398896E-1
396,134858	79,899994	80,000000	1,399416E-1
396,134858	79,899994	80,000000	1,399416E-1
396,134858	79,899994	80,000000	1,399416E-1
397,135229	79,899994	80,000000	1,399432E-1
397,135229	79,899994	80,000000	1,399432E-1
397,135229	79,899994	80,000000	1,399448E-1
397,135229	79,899994	80,000000	1,399464E-1
397,135229	79,899994	80,000000	1,399480E-1
397,135229	79,899994	80,000000	1,399480E-1
397,135229	80,099998	80,000000	1,399496E-1
397,135229	80,099998	80,000000	1,398976E-1
397,135229	80,099998	80,000000	1,398960E-1
397,135229	80,099998	80,000000	1,398960E-1
398,135628	80,099998	80,000000	1,398944E-1
398,135628	80,099998	80,000000	1,398928E-1
398,135628	80,099998	80,000000	1,398928E-1
398,135628	80,099998	80,000000	1,398912E-1
398,135628	80,099998	80,000000	1,398912E-1
398,135628	80,099998	80,000000	1,398896E-1
398,135628	80,099998	80,000000	1,398896E-1
398,135628	80,099998	80,000000	1,398880E-1
398,135628	79,900002	80,000000	1,399400E-1
398,135628	79,900002	80,000000	1,399400E-1
399,135023	79,900002	80,000000	1,399416E-1
399,135023	79,900002	80,000000	1,399432E-1
399,135023	79,900002	80,000000	1,399432E-1
399,135023	79,900002	80,000000	1,399448E-1
399,135023	79,900002	80,000000	1,399464E-1
399,135023	79,900002	80,000000	1,399464E-1
399,135023	79,900002	80,000000	1,399480E-1
399,135023	79,900002	80,000000	1,399496E-1
399,135023	79,900002	80,000000	1,399496E-1
399,135023	79,900002	80,000000	1,399512E-1
400,135520	79,900002	80,000000	1,399512E-1
400,135520	79,900002	80,000000	1,399529E-1
400,135520	79,900002	80,000000	1,399545E-1
400,135520	79,900002	80,000000	1,399545E-1
400,135520	80,599998	80,000000	1,399561E-1
400,135520	80,599998	80,000000	1,397701E-1
400,135520	80,599998	80,000000	1,397604E-1
400,135520	80,599998	80,000000	1,397604E-1
400,135520	80,599998	80,000000	1,397508E-1
400,135520	80,599998	80,000000	1,397412E-1
401,134895	80,599998	80,000000	1,397412E-1
401,134895	80,599998	80,000000	1,397412E-1
401,134895	80,599998	80,000000	1,397315E-1
401,134895	80,599998	80,000000	1,397315E-1
401,134895	80,599998	80,000000	1,397315E-1
401,134895	80,599998	80,000000	1,397315E-1
401,134895	80,599998	80,000000	1,397315E-1
401,134895	80,599998	80,000000	1,397315E-1
401,134895	80,599998	80,000000	1,397315E-1
401,134895	80,599998	80,000000	1,397315E-1
402,136414	80,599998	80,000000	1,397315E-1
402,136414	80,599998	80,000000	1,397315E-1
402,136414	80,599998	80,000000	1,397315E-1
402,136414	80,599998	80,000000	1,397315E-1
402,136414	80,599998	80,000000	1,397315E-1
402,136414	80,599998	80,000000	1,397315E-1
402,136414	80,599998	80,000000	1,397315E-1
402,136414	80,599998	80,000000	1,397315E-1
402,136414	80,599998	80,000000	1,397315E-1
402,136414	80,599998	80,000000	1,397315E-1
403,137726	80,599998	80,000000	1,397315E-1
403,137726	80,599998	80,000000	1,397315E-1
403,137726	80,599998	80,000000	1,397315E-1
403,137726	80,599998	80,000000	1,397315E-1
403,137726	80,599998	80,000000	1,397315E-1
403,137726	80,599998	80,000000	1,397315E-1
403,137726	80,599998	80,000000	1,397315E-1
403,137726	80,599998	80,000000	1,397219E-1
403,137726	80,599998	80,000000	1,397219E-1
403,137726	80,599998	80,000000	1,397123E-1
404,137141	80,599998	80,000000	1,397123E-1
404,137141	80,599998	80,000000	1,397123E-1
404,137141	80,599998	80,000000	1,397123E-1
404,137141	80,599998	80,000000	1,397123E-1
404,137141	80,599998	80,000000	1,397123E-1
404,137141	80,599998	80,000000	1,397123E-1
404,137141	80,599998	80,000000	1,397123E-1
404,137141	80,599998	80,000000	1,397123E-1
404,137141	80,599998	80,000000	1,397123E-1
404,137141	80,599998	80,000000	1,397123E-1
405,137607	80,599998	80,000000	1,397123E-1
405,137607	80,599998	80,000000	1,397123E-1
405,137607	80,599998	80,000000	1,397123E-1
405,137607	80,599998	80,000000	1,397123E-1
405,137607	80,000000	80,000000	1,397123E-1
405,137607	80,000000	80,000000	1,397123E-1
405,137607	80,000000	80,000000	1,398635E-1
405,137607	80,000000	80,000000	1,398635E-1
405,137607	80,000000	80,000000	1,398635E-1
405,137607	80,000000	80,000000	1,398635E-1
406,138656	80,000000	80,000000	1,398635E-1
406,138656	80,000000	80,000000	1,398635E-1
406,138656	80,000000	80,000000	1,398635E-1
406,138656	80,000000	80,000000	1,398635E-1
406,138656	80,000000	80,000000	1,398635E-1
406,138656	80,000000	80,000000	1,398635E-1
406,138656	80,000000	80,000000	1,398635E-1
406,138656	80,000000	80,000000	1,398635E-1
406,138656	80,000000	80,000000	1,398635E-1
406,138656	80,000000	80,000000	1,398635E-1
407,138122	80,000000	80,000000	1,398635E-1
407,138122	80,000000	80,000000	1,398635E-1
407,138122	80,000000	80,000000	1,398635E-1
407,138122	79,900002	80,000000	1,398903E-1
407,138122	79,900002	80,000000	1,398903E-1
407,138122	79,900002	80,000000	1,398903E-1
407,138122	79,900002	80,000000	1,398903E-1
407,138122	79,900002	80,000000	1,398903E-1
407,138122	79,900002	80,000000	1,398903E-1
407,138122	79,900002	80,000000	1,398903E-1
408,138518	79,900002	80,000000	1,398903E-1
408,138518	79,900002	80,000000	1,398903E-1
408,138518	79,900002	80,000000	1,398903E-1
408,138518	79,900002	80,000000	1,398903E-1
408,138518	79,900002	80,000000	1,398903E-1
408,138518	79,900002	80,000000	1,398903E-1
408,138518	79,900002	80,000000	1,398903E-1
408,138518	79,900002	80,000000	1,398903E-1
408,138518	79,900002	80,000000	1,398903E-1
408,138518	79,900002	80,000000	1,398903E-1
409,137891	79,900002	80,000000	1,398919E-1
409,137891	79,900002	80,000000	1,398919E-1
409,137891	79,900002	80,000000	1,398919E-1
409,137891	79,900002	80,000000	1,398919E-1
409,137891	79,900002	80,000000	1,398919E-1
409,137891	79,900002	80,000000	1,398919E-1
409,137891	79,900002	80,000000	1,398919E-1
409,137891	79,900002	80,000000	1,398919E-1
409,137891	79,900002	80,000000	1,398919E-1
409,137891	79,900002	80,000000	1,398919E-1
410,139347	79,900002	80,000000	1,398919E-1
410,139347	79,900002	80,000000	1,398919E-1
410,139347	79,900002	80,000000	1,398919E-1
410,139347	79,900002	80,000000	1,398919E-1
410,139347	79,900002	80,000000	1,398919E-1
410,139347	79,900002	80,000000	1,398919E-1
410,139347	79,900002	80,000000	1,398919E-1
410,139347	79,899994	80,000000	1,398935E-1
410,139347	79,899994	80,000000	1,398935E-1
410,139347	79,899994	80,000000	1,398935E-1
411,139783	79,899994	80,000000	1,398935E-1
411,139783	79,899994	80,000000	1,398935E-1
411,139783	79,899994	80,000000	1,398935E-1
411,139783	79,899994	80,000000	1,398935E-1
411,139783	79,899994	80,000000	1,398935E-1
411,139783	79,899994	80,000000	1,398935E-1
411,139783	79,899994	80,000000	1,398935E-1
411,139783	79,899994	80,000000	1,398935E-1
411,139783	79,899994	80,000000	1,398935E-1
411,139783	79,899994	80,000000	1,398935E-1
412,141192	79,899994	80,000000	1,398935E-1
412,141192	79,899994	80,000000	1,398935E-1
412,141192	79,899994	80,000000	1,398935E-1
412,141192	79,899994	80,000000	1,398935E-1
412,141192	79,599998	80,000000	1,398951E-1
412,141192	79,599998	80,000000	1,398951E-1
412,141192	79,599998	80,000000	1,398951E-1
412,141192	79,599998	80,000000	1,399771E-1
412,141192	79,599998	80,000000	1,399771E-1
412,141192	79,599998	80,000000	1,399835E-1
413,142593	79,599998	80,000000	1,399899E-1
413,142593	79,599998	80,000000	1,399899E-1
413,142593	80,000000	80,000000	1,399963E-1
413,142593	80,000000	80,000000	1,398956E-1
413,142593	80,000000	80,000000	1,398956E-1
413,142593	80,000000	80,000000	1,398956E-1
413,142593	80,000000	80,000000	1,398956E-1
413,142593	80,000000	80,000000	1,398956E-1
413,142593	80,000000	80,000000	1,398956E-1
413,142593	80,000000	80,000000	1,398956E-1
414,142593	80,000000	80,000000	1,398956E-1
414,142593	80,000000	80,000000	1,398956E-1
414,142593	80,000000	80,000000	1,398956E-1
414,142593	79,900002	80,000000	1,399224E-1
414,142593	79,900002	80,000000	1,399240E-1
414,142593	79,900002	80,000000	1,399240E-1
414,142593	79,900002	80,000000	1,399240E-1
414,142593	79,900002	80,000000	1,399256E-1
414,142593	79,900002	80,000000	1,399272E-1
414,142593	79,900002	80,000000	1,399272E-1
415,142494	79,900002	80,000000	1,399288E-1
415,142494	79,900002	80,000000	1,399304E-1
415,142494	79,900002	80,000000	1,399320E-1
415,142494	79,900002	80,000000	1,399336E-1
415,142494	79,900002	80,000000	1,399336E-1
415,142494	79,900002	80,000000	1,399336E-1
415,142494	79,900002	80,000000	1,399352E-1
415,142494	79,900002	80,000000	1,399352E-1
415,142494	80,100006	80,000000	1,398832E-1
415,142494	80,100006	80,000000	1,398816E-1
416,142857	80,100006	80,000000	1,398816E-1
416,142857	80,100006	80,000000	1,398800E-1
416,142857	80,100006	80,000000	1,398784E-1
416,142857	80,100006	80,000000	1,398768E-1
416,142857	80,100006	80,000000	1,398768E-1
416,142857	80,100006	80,000000	1,398752E-1
416,142857	80,000000	80,000000	1,398736E-1
416,142857	80,000000	80,000000	1,398736E-1
416,142857	80,000000	80,000000	1,398988E-1
416,142857	80,000000	80,000000	1,398988E-1
417,143323	80,000000	80,000000	1,398988E-1
417,143323	80,000000	80,000000	1,398988E-1
417,143323	80,000000	80,000000	1,398988E-1
417,143323	80,000000	80,000000	1,398988E-1
417,143323	80,000000	80,000000	1,398988E-1
417,143323	80,000000	80,000000	1,398988E-1
417,143323	79,699997	80,000000	1,398988E-1
417,143323	79,699997	80,000000	1,398988E-1
417,143323	79,699997	80,000000	1,399792E-1
417,143323	79,699997	80,000000	1,399840E-1
418,142711	79,699997	80,000000	1,399840E-1
418,142711	79,699997	80,000000	1,399888E-1
418,142711	79,699997	80,000000	1,399936E-1
418,142711	79,699997	80,000000	1,399984E-1
418,142711	79,699997	80,000000	1,399984E-1
418,142711	79,699997	80,000000	1,399984E-1
418,142711	79,699997	80,000000	1,400032E-1
418,142711	79,599998	80,000000	1,400032E-1
418,142711	79,599998	80,000000	1,400349E-1
418,142711	79,599998	80,000000	1,400413E-1
419,143187	79,599998	80,000000	1,400477E-1
419,143187	79,599998	80,000000	1,400541E-1
419,143187	79,599998	80,000000	1,400541E-1
419,143187	79,599998	80,000000	1,400605E-1
419,143187	79,599998	80,000000	1,400670E-1
419,143187	79,599998	80,000000	1,400670E-1
419,143187	79,599998	80,000000	1,400734E-1
419,143187	79,599998	80,000000	1,400798E-1
419,143187	79,599998	80,000000	1,400862E-1
419,143187	80,000000	80,000000	1,400862E-1
420,143465	80,000000	80,000000	1,400862E-1
420,143465	80,000000	80,000000	1,399854E-1
420,143465	80,000000	80,000000	1,399854E-1
420,143465	80,000000	80,000000	1,399854E-1
420,143465	80,000000	80,000000	1,399854E-1
420,143465	80,000000	80,000000	1,399854E-1
420,143465	80,000000	80,000000	1,399854E-1
420,143465	80,000000	80,000000	1,399854E-1
420,143465	80,000000	80,000000	1,399854E-1
420,143465	80,000000	80,000000	1,399854E-1
421,142908	80,000000	80,000000	1,399854E-1
421,142908	80,000000	80,000000	1,399854E-1
421,142908	80,000000	80,000000	1,399854E-1
421,142908	80,000000	80,000000	1,399854E-1
421,142908	80,000000	80,000000	1,399854E-1
421,142908	80,000000	80,000000	1,399854E-1
421,142908	80,000000	80,000000	1,399854E-1
421,142908	80,099998	80,000000	1,399586E-1
421,142908	80,099998	80,000000	1,399586E-1
421,142908	80,099998	80,000000	1,399570E-1
422,144289	80,099998	80,000000	1,399554E-1
422,144289	80,099998	80,000000	1,399538E-1
422,144289	80,099998	80,000000	1,399522E-1
422,144289	80,099998	80,000000	1,399506E-1
422,144289	80,099998	80,000000	1,399506E-1
422,144289	80,099998	80,000000	1,399506E-1
422,144289	80,099998	80,000000	1,399490E-1
422,144289	80,099998	80,000000	1,399474E-1
422,144289	80,099998	80,000000	1,399458E-1
422,144289	80,099998	80,000000	1,399458E-1
423,145754	80,099998	80,000000	1,399458E-1
423,145754	80,099998	80,000000	1,399442E-1
423,145754	80,099998	80,000000	1,399442E-1
423,145754	80,099998	80,000000	1,399426E-1
423,145754	80,099998	80,000000	1,399410E-1
423,145754	80,099998	80,000000	1,399394E-1
423,145754	80,099998	80,000000	1,399394E-1
423,145754	80,000000	80,000000	1,399378E-1
423,145754	80,000000	80,000000	1,399630E-1
423,145754	80,000000	80,000000	1,399630E-1
424,146130	80,000000	80,000000	1,399630E-1
424,146130	80,000000	80,000000	1,399630E-1
424,146130	80,000000	80,000000	1,399630E-1
424,146130	80,000000	80,000000	1,399630E-1
424,146130	80,000000	80,000000	1,399630E-1
424,146130	80,000000	80,000000	1,399630E-1
424,146130	80,300003	80,000000	1,399630E-1
424,146130	80,300003	80,000000	1,399630E-1
424,146130	80,300003	80,000000	1,398826E-1
424,146130	80,300003	80,000000	1,398826E-1
425,147402	80,300003	80,000000	1,398777E-1
425,147402	80,300003	80,000000	1,398729E-1
425,147402	80,300003	80,000000	1,398681E-1
425,147402	80,300003	80,000000	1,398633E-1
425,147402	80,300003	80,000000	1,398633E-1
425,147402	80,300003	80,000000	1,398585E-1
425,147402	80,300003	80,000000	1,398537E-1
425,147402	80,300003	80,000000	1,398489E-1
425,147402	80,300003	80,000000	1,398489E-1
425,147402	80,300003	80,000000	1,398440E-1
426,146771	80,300003	80,000000	1,398440E-1
426,146771	80,300003	80,000000	1,398440E-1
426,146771	80,300003	80,000000	1,398392E-1
426,146771	80,300003	80,000000	1,398392E-1
426,146771	80,300003	80,000000	1,398344E-1
426,146771	80,300003	80,000000	1,398296E-1
426,146771	80,300003	80,000000	1,398296E-1
426,146771	80,300003	80,000000	1,398248E-1
426,146771	80,300003	80,000000	1,398200E-1
426,146771	80,300003	80,000000	1,398151E-1
427,147186	80,300003	80,000000	1,398151E-1
427,147186	80,300003	80,000000	1,398151E-1
427,147186	80,000000	80,000000	1,398151E-1
427,147186	80,000000	80,000000	1,398907E-1
427,147186	80,000000	80,000000	1,398907E-1
427,147186	80,000000	80,000000	1,398907E-1
427,147186	80,000000	80,000000	1,398907E-1
427,147186	80,000000	80,000000	1,398907E-1
427,147186	80,000000	80,000000	1,398907E-1
427,147186	80,000000	80,000000	1,398907E-1
428,147686	80,000000	80,000000	1,398907E-1
428,147686	80,000000	80,000000	1,398907E-1
428,147686	80,000000	80,000000	1,398907E-1
428,147686	80,000000	80,000000	1,398907E-1
428,147686	80,000000	80,000000	1,398907E-1
428,147686	80,000000	80,000000	1,398907E-1
428,147686	80,000000	80,000000	1,398907E-1
428,147686	80,000000	80,000000	1,398907E-1
428,147686	80,000000	80,000000	1,398907E-1
428,147686	80,000000	80,000000	1,398907E-1
429,147044	80,000000	80,000000	1,398907E-1
429,147044	80,000000	80,000000	1,398907E-1
429,147044	80,000000	80,000000	1,398907E-1
429,147044	80,000000	80,000000	1,398907E-1
429,147044	80,000000	80,000000	1,398907E-1
429,147044	80,000000	80,000000	1,398907E-1
429,147044	80,000000	80,000000	1,398907E-1
429,147044	80,000000	80,000000	1,398907E-1
429,147044	80,000000	80,000000	1,398907E-1
429,147044	80,000000	80,000000	1,398907E-1
430,147548	80,000000	80,000000	1,398907E-1
430,147548	80,000000	80,000000	1,398907E-1
430,147548	80,000000	80,000000	1,398907E-1
430,147548	80,000000	80,000000	1,398907E-1
430,147548	80,000000	80,000000	1,398907E-1
430,147548	80,000000	80,000000	1,398907E-1
430,147548	80,000000	80,000000	1,398907E-1
430,147548	80,000000	80,000000	1,398907E-1
430,147548	80,000000	80,000000	1,398907E-1
430,147548	80,000000	80,000000	1,398907E-1
431,148034	80,000000	80,000000	1,398907E-1
431,148034	80,000000	80,000000	1,398907E-1
431,148034	80,000000	80,000000	1,398907E-1
431,148034	80,000000	80,000000	1,398907E-1
431,148034	80,000000	80,000000	1,398907E-1
431,148034	80,000000	80,000000	1,398907E-1
431,148034	79,800003	80,000000	1,398907E-1
431,148034	79,800003	80,000000	1,398907E-1
431,148034	79,800003	80,000000	1,398907E-1
431,148034	79,800003	80,000000	1,398907E-1
432,148439	79,800003	80,000000	1,398907E-1
432,148439	79,800003	80,000000	1,398907E-1
432,148439	79,800003	80,000000	1,398907E-1
432,148439	79,800003	80,000000	1,398907E-1
432,148439	79,800003	80,000000	1,398907E-1
432,148439	79,800003	80,000000	1,398907E-1
432,148439	79,800003	80,000000	1,398907E-1
432,148439	79,800003	80,000000	1,398907E-1
432,148439	79,800003	80,000000	1,398907E-1
432,148439	79,800003	80,000000	1,398907E-1
433,148858	79,800003	80,000000	1,398907E-1
433,148858	79,800003	80,000000	1,399443E-1
433,148858	79,800003	80,000000	1,399443E-1
433,148858	79,800003	80,000000	1,399443E-1
433,148858	79,800003	80,000000	1,399443E-1
433,148858	79,800003	80,000000	1,399476E-1
433,148858	79,800003	80,000000	1,399476E-1
433,148858	79,800003	80,000000	1,399476E-1
433,148858	79,800003	80,000000	1,399476E-1
433,148858	79,800003	80,000000	1,399476E-1
434,149308	79,800003	80,000000	1,399476E-1
434,149308	79,800003	80,000000	1,399476E-1
434,149308	79,800003	80,000000	1,399476E-1
434,149308	79,800003	80,000000	1,399476E-1
434,149308	79,800003	80,000000	1,399476E-1
434,149308	79,800003	80,000000	1,399476E-1
434,149308	79,800003	80,000000	1,399476E-1
434,149308	79,800003	80,000000	1,399476E-1
434,149308	79,800003	80,000000	1,399476E-1
434,149308	79,800003	80,000000	1,399476E-1
435,149678	79,800003	80,000000	1,399476E-1
435,149678	79,900002	80,000000	1,399476E-1
435,149678	79,900002	80,000000	1,399476E-1
435,149678	79,900002	80,000000	1,399240E-1
435,149678	79,900002	80,000000	1,399240E-1
435,149678	79,900002	80,000000	1,399240E-1
435,149678	79,900002	80,000000	1,399240E-1
435,149678	79,900002	80,000000	1,399240E-1
435,149678	79,900002	80,000000	1,399240E-1
435,149678	79,900002	80,000000	1,399240E-1
436,149146	79,900002	80,000000	1,399240E-1
436,149146	79,900002	80,000000	1,399240E-1
436,149146	79,900002	80,000000	1,399240E-1
436,149146	79,900002	80,000000	1,399240E-1
436,149146	79,900002	80,000000	1,399240E-1
436,149146	79,900002	80,000000	1,399240E-1
436,149146	79,900002	80,000000	1,399240E-1
436,149146	79,900002	80,000000	1,399240E-1
436,149146	79,900002	80,000000	1,399240E-1
436,149146	79,900002	80,000000	1,399240E-1
437,150548	79,900002	80,000000	1,399240E-1
437,150548	79,900002	80,000000	1,399240E-1
437,150548	79,900002	80,000000	1,399240E-1
437,150548	79,900002	80,000000	1,399240E-1
437,150548	79,900002	80,000000	1,399240E-1
437,150548	79,900002	80,000000	1,399240E-1
437,150548	79,900002	80,000000	1,399240E-1
437,150548	79,900002	80,000000	1,399240E-1
437,150548	79,900002	80,000000	1,399240E-1
437,150548	79,900002	80,000000	1,399240E-1
438,149951	79,900002	80,000000	1,399240E-1
438,149951	79,900002	80,000000	1,399240E-1
438,149951	79,900002	80,000000	1,399240E-1
438,149951	79,900002	80,000000	1,399240E-1
438,149951	79,900002	80,000000	1,399240E-1
438,149951	79,900002	80,000000	1,399256E-1
438,149951	80,000000	80,000000	1,399256E-1
438,149951	80,000000	80,000000	1,399256E-1
438,149951	80,000000	80,000000	1,399004E-1
438,149951	80,000000	80,000000	1,399004E-1
439,150367	80,000000	80,000000	1,399004E-1
439,150367	79,699997	80,000000	1,399808E-1
439,150367	79,699997	80,000000	1,399856E-1
439,150367	79,699997	80,000000	1,399856E-1
439,150367	79,699997	80,000000	1,399904E-1
439,150367	79,699997	80,000000	1,399952E-1
439,150367	79,699997	80,000000	1,400000E-1
439,150367	79,699997	80,000000	1,400000E-1
439,150367	79,699997	80,000000	1,400049E-1
439,150367	79,699997	80,000000	1,400049E-1
440,149803	79,699997	80,000000	1,400097E-1
440,149803	79,699997	80,000000	1,400145E-1
440,149803	79,699997	80,000000	1,400193E-1
440,149803	79,699997	80,000000	1,400193E-1
440,149803	79,699997	80,000000	1,400241E-1
440,149803	79,699997	80,000000	1,400241E-1
440,149803	80,199997	80,000000	1,400241E-1
440,149803	80,199997	80,000000	1,398949E-1
440,149803	80,199997	80,000000	1,398917E-1
440,149803	80,199997	80,000000	1,398885E-1
441,150203	80,199997	80,000000	1,398853E-1
441,150203	80,199997	80,000000	1,398821E-1
441,150203	80,199997	80,000000	1,398821E-1
441,150203	80,199997	80,000000	1,398789E-1
441,150203	80,199997	80,000000	1,398789E-1
441,150203	80,099998	80,000000	1,398757E-1
441,150203	80,099998	80,000000	1,398992E-1
441,150203	80,099998	80,000000	1,398992E-1
441,150203	80,099998	80,000000	1,398976E-1
441,150203	80,099998	80,000000	1,398976E-1
442,150681	80,099998	80,000000	1,398960E-1
442,150681	80,099998	80,000000	1,398960E-1
442,150681	80,099998	80,000000	1,398944E-1
442,150681	80,099998	80,000000	1,398928E-1
442,150681	80,099998	80,000000	1,398928E-1
442,150681	80,099998	80,000000	1,398912E-1
442,150681	79,900002	80,000000	1,398896E-1
442,150681	79,900002	80,000000	1,399416E-1
442,150681	79,900002	80,000000	1,399416E-1
442,150681	79,900002	80,000000	1,399432E-1
443,150094	79,900002	80,000000	1,399448E-1
443,150094	79,900002	80,000000	1,399448E-1
443,150094	79,900002	80,000000	1,399464E-1
443,150094	79,900002	80,000000	1,399480E-1
443,150094	79,900002	80,000000	1,399480E-1
443,150094	79,500000	80,000000	1,399496E-1
443,150094	79,500000	80,000000	1,399496E-1
443,150094	79,500000	80,000000	1,400585E-1
443,150094	79,500000	80,000000	1,400665E-1
443,150094	79,500000	80,000000	1,400665E-1
444,151484	79,500000	80,000000	1,400745E-1
444,151484	79,500000	80,000000	1,400825E-1
444,151484	79,500000	80,000000	1,400906E-1
444,151484	79,500000	80,000000	1,400906E-1
444,151484	79,500000	80,000000	1,400906E-1
444,151484	79,500000	80,000000	1,400986E-1
444,151484	79,500000	80,000000	1,400986E-1
444,151484	79,500000	80,000000	1,400986E-1
444,151484	79,500000	80,000000	1,400986E-1
444,151484	79,500000	80,000000	1,400986E-1
445,150899	79,500000	80,000000	1,400986E-1
445,150899	79,500000	80,000000	1,400986E-1
445,150899	79,500000	80,000000	1,400986E-1
445,150899	79,500000	80,000000	1,400986E-1
445,150899	79,500000	80,000000	1,400986E-1
445,150899	79,500000	80,000000	1,400986E-1
445,150899	79,500000	80,000000	1,400986E-1
445,150899	79,500000	80,000000	1,400986E-1
445,150899	79,500000	80,000000	1,400986E-1
445,150899	79,500000	80,000000	1,400986E-1
446,151399	79,500000	80,000000	1,400986E-1
446,151399	79,500000	80,000000	1,400986E-1
446,151399	79,500000	80,000000	1,400986E-1
446,151399	79,500000	80,000000	1,400986E-1
446,151399	79,500000	80,000000	1,400986E-1
446,151399	79,500000	80,000000	1,400986E-1
446,151399	79,500000	80,000000	1,400986E-1
446,151399	79,500000	80,000000	1,400986E-1
446,151399	79,500000	80,000000	1,400986E-1
446,151399	79,500000	80,000000	1,400986E-1
447,150812	79,699997	80,000000	1,400530E-1
447,150812	79,699997	80,000000	1,400530E-1
447,150812	79,699997	80,000000	1,400530E-1
447,150812	79,699997	80,000000	1,400530E-1
447,150812	79,699997	80,000000	1,400530E-1
447,150812	79,699997	80,000000	1,400530E-1
447,150812	79,699997	80,000000	1,400530E-1
447,150812	79,699997	80,000000	1,400530E-1
447,150812	79,699997	80,000000	1,400530E-1
447,150812	79,699997	80,000000	1,400530E-1
448,151187	79,699997	80,000000	1,400530E-1
448,151187	79,699997	80,000000	1,400530E-1
448,151187	79,699997	80,000000	1,400530E-1
448,151187	79,699997	80,000000	1,400530E-1
448,151187	79,699997	80,000000	1,400530E-1
448,151187	79,699997	80,000000	1,400530E-1
448,151187	79,699997	80,000000	1,400530E-1
448,151187	79,699997	80,000000	1,400578E-1
448,151187	79,699997	80,000000	1,400578E-1
448,151187	79,699997	80,000000	1,400578E-1
449,151655	79,699997	80,000000	1,400578E-1
449,151655	79,699997	80,000000	1,400578E-1
449,151655	79,699997	80,000000	1,400578E-1
449,151655	79,699997	80,000000	1,400578E-1
449,151655	79,699997	80,000000	1,400578E-1
449,151655	79,699997	80,000000	1,400578E-1
449,151655	79,699997	80,000000	1,400578E-1
449,151655	79,699997	80,000000	1,400578E-1
449,151655	79,699997	80,000000	1,400578E-1
449,151655	79,699997	80,000000	1,400578E-1
450,151079	79,699997	80,000000	1,400578E-1
450,151079	79,699997	80,000000	1,400578E-1
450,151079	79,699997	80,000000	1,400578E-1
450,151079	79,699997	80,000000	1,400578E-1
450,151079	80,199997	80,000000	1,400626E-1
450,151079	80,199997	80,000000	1,400626E-1
450,151079	80,199997	80,000000	1,400626E-1
450,151079	80,199997	80,000000	1,400626E-1
450,151079	80,199997	80,000000	1,400626E-1
450,151079	80,199997	80,000000	1,400626E-1
451,152524	80,199997	80,000000	1,400626E-1
451,152524	80,199997	80,000000	1,400626E-1
451,152524	80,199997	80,000000	1,400626E-1
451,152524	80,199997	80,000000	1,400626E-1
451,152524	80,199997	80,000000	1,400626E-1
451,152524	80,199997	80,000000	1,400626E-1
451,152524	80,199997	80,000000	1,400626E-1
451,152524	80,199997	80,000000	1,400626E-1
451,152524	80,199997	80,000000	1,400626E-1
451,152524	80,199997	80,000000	1,400626E-1
452,151940	80,199997	80,000000	1,400626E-1
452,151940	80,199997	80,000000	1,400626E-1
452,151940	80,300003	80,000000	1,399334E-1
452,151940	80,300003	80,000000	1,399334E-1
452,151940	80,300003	80,000000	1,399334E-1
452,151940	80,300003	80,000000	1,399334E-1
452,151940	80,300003	80,000000	1,399334E-1
452,151940	80,300003	80,000000	1,399334E-1
452,151940	80,300003	80,000000	1,399334E-1
452,151940	80,300003	80,000000	1,399334E-1
453,152351	80,300003	80,000000	1,399334E-1
453,152351	80,300003	80,000000	1,399334E-1
453,152351	80,300003	80,000000	1,399334E-1
453,152351	80,300003	80,000000	1,399334E-1
453,152351	80,300003	80,000000	1,399334E-1
453,152351	80,300003	80,000000	1,399334E-1
453,152351	80,300003	80,000000	1,399334E-1
453,152351	80,300003	80,000000	1,399334E-1
453,152351	80,300003	80,000000	1,399334E-1
453,152351	80,300003	80,000000	1,399334E-1
454,151766	79,800003	80,000000	1,400374E-1
454,151766	79,800003	80,000000	1,400374E-1
454,151766	79,800003	80,000000	1,400374E-1
454,151766	79,800003	80,000000	1,400374E-1
454,151766	79,800003	80,000000	1,400374E-1
454,151766	79,800003	80,000000	1,400374E-1
454,151766	79,800003	80,000000	1,400374E-1
454,151766	79,800003	80,000000	1,400374E-1
454,151766	79,800003	80,000000	1,400374E-1
454,151766	79,800003	80,000000	1,400374E-1
455,152179	79,800003	80,000000	1,400374E-1
455,152179	79,800003	80,000000	1,400374E-1
455,152179	79,800003	80,000000	1,400374E-1
455,152179	79,800003	80,000000	1,400374E-1
455,152179	79,800003	80,000000	1,400374E-1
455,152179	79,800003	80,000000	1,400374E-1
455,152179	79,800003	80,000000	1,400406E-1
455,152179	80,100006	80,000000	1,400406E-1
455,152179	80,100006	80,000000	1,400406E-1
455,152179	80,100006	80,000000	1,399634E-1
456,152548	80,100006	80,000000	1,399618E-1
456,152548	80,000000	80,000000	1,399618E-1
456,152548	80,000000	80,000000	1,399870E-1
456,152548	80,000000	80,000000	1,399870E-1
456,152548	80,000000	80,000000	1,399870E-1
456,152548	80,000000	80,000000	1,399870E-1
456,152548	80,000000	80,000000	1,399870E-1
456,152548	80,000000	80,000000	1,399870E-1
456,152548	80,000000	80,000000	1,399870E-1
456,152548	80,000000	80,000000	1,399870E-1
457,151969	80,000000	80,000000	1,399870E-1
457,151969	80,000000	80,000000	1,399870E-1
457,151969	80,000000	80,000000	1,399870E-1
457,151969	79,900002	80,000000	1,399870E-1
457,151969	79,900002	80,000000	1,399870E-1
457,151969	79,900002	80,000000	1,400138E-1
457,151969	79,900002	80,000000	1,400154E-1
457,151969	79,900002	80,000000	1,400171E-1
457,151969	79,900002	80,000000	1,400187E-1
457,151969	79,900002	80,000000	1,400203E-1
458,152430	79,900002	80,000000	1,400203E-1
458,152430	80,000000	80,000000	1,400219E-1
458,152430	80,000000	80,000000	1,400219E-1
458,152430	80,000000	80,000000	1,399967E-1
458,152430	80,000000	80,000000	1,399967E-1
458,152430	80,000000	80,000000	1,399967E-1
458,152430	80,000000	80,000000	1,399967E-1
458,152430	80,000000	80,000000	1,399967E-1
458,152430	80,000000	80,000000	1,399967E-1
458,152430	80,000000	80,000000	1,399967E-1
459,151838	80,000000	80,000000	1,399967E-1
459,151838	80,000000	80,000000	1,399967E-1
459,151838	80,000000	80,000000	1,399967E-1
459,151838	79,900002	80,000000	1,399967E-1
459,151838	79,900002	80,000000	1,400235E-1
459,151838	79,900002	80,000000	1,400251E-1
459,151838	79,900002	80,000000	1,400251E-1
459,151838	79,900002	80,000000	1,400267E-1
459,151838	79,900002	80,000000	1,400283E-1
459,151838	79,900002	80,000000	1,400299E-1
460,152285	79,900002	80,000000	1,400315E-1
460,152285	79,900002	80,000000	1,400331E-1
460,152285	79,900002	80,000000	1,400331E-1
460,152285	79,899994	80,000000	1,400331E-1
460,152285	79,899994	80,000000	1,400331E-1
460,152285	79,899994	80,000000	1,400347E-1
460,152285	79,899994	80,000000	1,400363E-1
460,152285	79,899994	80,000000	1,400379E-1
460,152285	79,899994	80,000000	1,400379E-1
460,152285	79,899994	80,000000	1,400395E-1
461,152784	79,899994	80,000000	1,400411E-1
461,152784	79,899994	80,000000	1,400411E-1
461,152784	79,899994	80,000000	1,400427E-1
461,152784	79,899994	80,000000	1,400427E-1
461,152784	79,899994	80,000000	1,400427E-1
461,152784	79,899994	80,000000	1,400443E-1
461,152784	79,899994	80,000000	1,400443E-1
461,152784	79,899994	80,000000	1,400443E-1
461,152784	79,899994	80,000000	1,400459E-1
461,152784	79,899994	80,000000	1,400459E-1
462,152108	79,899994	80,000000	1,400459E-1
462,152108	79,899994	80,000000	1,400459E-1
462,152108	79,899994	80,000000	1,400459E-1
462,152108	79,899994	80,000000	1,400459E-1
462,152108	79,899994	80,000000	1,400459E-1
462,152108	79,899994	80,000000	1,400459E-1
462,152108	79,899994	80,000000	1,400459E-1
462,152108	79,899994	80,000000	1,400459E-1
462,152108	79,899994	80,000000	1,400459E-1
462,152108	79,899994	80,000000	1,400459E-1
463,152266	79,899994	80,000000	1,400459E-1
463,152266	79,899994	80,000000	1,400459E-1
463,152266	79,899994	80,000000	1,400459E-1
463,152266	79,899994	80,000000	1,400459E-1
463,152266	79,899994	80,000000	1,400459E-1
463,152266	79,899994	80,000000	1,400459E-1
463,152266	79,899994	80,000000	1,400459E-1
463,152266	79,899994	80,000000	1,400459E-1
463,152266	79,899994	80,000000	1,400459E-1
463,152266	79,899994	80,000000	1,400459E-1
464,152326	79,899994	80,000000	1,400459E-1
464,152326	79,899994	80,000000	1,400459E-1
464,152326	79,899994	80,000000	1,400459E-1
464,152326	79,899994	80,000000	1,400475E-1
464,152326	79,899994	80,000000	1,400475E-1
464,152326	79,899994	80,000000	1,400475E-1
464,152326	79,899994	80,000000	1,400475E-1
464,152326	79,899994	80,000000	1,400475E-1
464,152326	79,899994	80,000000	1,400475E-1
464,152326	79,899994	80,000000	1,400475E-1
465,151806	79,899994	80,000000	1,400475E-1
465,151806	79,899994	80,000000	1,400475E-1
465,151806	79,899994	80,000000	1,400475E-1
465,151806	79,899994	80,000000	1,400475E-1
465,151806	79,899994	80,000000	1,400475E-1
465,151806	79,899994	80,000000	1,400475E-1
465,151806	79,899994	80,000000	1,400475E-1
465,151806	79,899994	80,000000	1,400475E-1
465,151806	79,899994	80,000000	1,400475E-1
465,151806	79,899994	80,000000	1,400475E-1
466,153285	79,900002	80,000000	1,400475E-1
466,153285	79,900002	80,000000	1,400475E-1
466,153285	79,900002	80,000000	1,400475E-1
466,153285	79,900002	80,000000	1,400475E-1
466,153285	79,900002	80,000000	1,400475E-1
466,153285	79,900002	80,000000	1,400475E-1
466,153285	79,900002	80,000000	1,400475E-1
466,153285	79,900002	80,000000	1,400475E-1
466,153285	79,900002	80,000000	1,400475E-1
466,153285	79,900002	80,000000	1,400475E-1
467,152723	79,900002	80,000000	1,400475E-1
467,152723	79,900002	80,000000	1,400475E-1
467,152723	79,900002	80,000000	1,400475E-1
467,152723	79,900002	80,000000	1,400475E-1
467,152723	79,900002	80,000000	1,400475E-1
467,152723	79,900002	80,000000	1,400491E-1
467,152723	79,900002	80,000000	1,400491E-1
467,152723	79,900002	80,000000	1,400491E-1
467,152723	79,900002	80,000000	1,400491E-1
467,152723	79,900002	80,000000	1,400491E-1
468,153127	79,900002	80,000000	1,400491E-1
468,153127	79,900002	80,000000	1,400491E-1
468,153127	79,900002	80,000000	1,400491E-1
468,153127	79,900002	80,000000	1,400491E-1
468,153127	79,900002	80,000000	1,400491E-1
468,153127	79,900002	80,000000	1,400491E-1
468,153127	79,900002	80,000000	1,400491E-1
468,153127	79,900002	80,000000	1,400491E-1
468,153127	79,900002	80,000000	1,400491E-1
468,153127	79,900002	80,000000	1,400491E-1
468,153127	79,900002	80,000000	1,400491E-1
469,154713	79,900002	80,000000	1,400491E-1
469,154713	79,900002	80,000000	1,400491E-1
469,154713	79,900002	80,000000	1,400508E-1
469,154713	79,899994	80,000000	1,400508E-1
469,154713	79,899994	80,000000	1,400508E-1
469,154713	79,899994	80,000000	1,400508E-1
469,154713	79,899994	80,000000	1,400508E-1
469,154713	79,899994	80,000000	1,400508E-1
469,154713	79,899994	80,000000	1,400508E-1
469,154713	79,899994	80,000000	1,400508E-1
470,154177	79,899994	80,000000	1,400508E-1
470,154177	79,899994	80,000000	1,400508E-1
470,154177	79,899994	80,000000	1,400508E-1
470,154177	79,899994	80,000000	1,400508E-1
470,154177	79,899994	80,000000	1,400508E-1
470,154177	79,899994	80,000000	1,400508E-1
470,154177	79,899994	80,000000	1,400508E-1
470,154177	79,899994	80,000000	1,400508E-1
470,154177	79,899994	80,000000	1,400508E-1
470,154177	79,899994	80,000000	1,400508E-1
471,154456	79,899994	80,000000	1,400524E-1
471,154456	79,899994	80,000000	1,400524E-1
471,154456	79,899994	80,000000	1,400524E-1
471,154456	79,899994	80,000000	1,400524E-1
471,154456	79,899994	80,000000	1,400524E-1
471,154456	79,899994	80,000000	1,400524E-1
471,154456	79,899994	80,000000	1,400524E-1
471,154456	79,899994	80,000000	1,400524E-1
471,154456	79,899994	80,000000	1,400524E-1
471,154456	79,899994	80,000000	1,400524E-1
472,153907	79,899994	80,000000	1,400524E-1
472,153907	79,899994	80,000000	1,400524E-1
472,153907	79,899994	80,000000	1,400524E-1
472,153907	79,899994	80,000000	1,400524E-1
472,153907	79,899994	80,000000	1,400524E-1
472,153907	79,899994	80,000000	1,400524E-1
472,153907	79,899994	80,000000	1,400524E-1
472,153907	79,899994	80,000000	1,400540E-1
472,153907	79,900002	80,000000	1,400540E-1
472,153907	79,900002	80,000000	1,400540E-1
473,154247	79,800003	80,000000	1,400556E-1
473,154247	79,800003	80,000000	1,400556E-1
473,154247	79,699997	80,000000	1,400556E-1
473,154247	79,699997	80,000000	1,401108E-1
473,154247	79,699997	80,000000	1,401156E-1
473,154247	79,699997	80,000000	1,401204E-1
473,154247	79,699997	80,000000	1,401204E-1
473,154247	79,699997	80,000000	1,401252E-1
473,154247	79,699997	80,000000	1,401300E-1
473,154247	79,699997	80,000000	1,401349E-1
474,154750	79,699997	80,000000	1,401397E-1
474,154750	79,699997	80,000000	1,401445E-1
474,154750	80,199997	80,000000	1,401493E-1
474,154750	80,199997	80,000000	1,401493E-1
474,154750	80,199997	80,000000	1,400201E-1
474,154750	80,199997	80,000000	1,400201E-1
474,154750	80,199997	80,000000	1,400201E-1
474,154750	80,199997	80,000000	1,400169E-1
474,154750	80,199997	80,000000	1,400137E-1
474,154750	80,199997	80,000000	1,400105E-1
475,154200	80,199997	80,000000	1,400073E-1
475,154200	80,199997	80,000000	1,400041E-1
475,154200	80,199997	80,000000	1,400008E-1
475,154200	80,199997	80,000000	1,399976E-1
475,154200	80,300003	80,000000	1,399976E-1
475,154200	80,300003	80,000000	1,399676E-1
475,154200	80,300003	80,000000	1,399628E-1
475,154200	80,300003	80,000000	1,399628E-1
475,154200	80,300003	80,000000	1,399580E-1
475,154200	80,300003	80,000000	1,399580E-1
476,154607	80,300003	80,000000	1,399532E-1
476,154607	80,300003	80,000000	1,399532E-1
476,154607	80,300003	80,000000	1,399484E-1
476,154607	79,800003	80,000000	1,400776E-1
476,154607	79,800003	80,000000	1,400776E-1
476,154607	79,800003	80,000000	1,400808E-1
476,154607	79,800003	80,000000	1,400840E-1
476,154607	79,800003	80,000000	1,400872E-1
476,154607	79,800003	80,000000	1,400872E-1
476,154607	79,800003	80,000000	1,400904E-1
477,154099	79,800003	80,000000	1,400936E-1
477,154099	79,800003	80,000000	1,400936E-1
477,154099	79,800003	80,000000	1,400968E-1
477,154099	79,800003	80,000000	1,401000E-1
477,154099	79,800003	80,000000	1,401000E-1
477,154099	79,800003	80,000000	1,401032E-1
477,154099	79,800003	80,000000	1,401032E-1
477,154099	80,100006	80,000000	1,400260E-1
477,154099	80,100006	80,000000	1,400244E-1
477,154099	80,100006	80,000000	1,400244E-1
478,154459	80,100006	80,000000	1,400228E-1
478,154459	80,100006	80,000000	1,400212E-1
478,154459	80,100006	80,000000	1,400196E-1
478,154459	80,100006	80,000000	1,400196E-1
478,154459	80,100006	80,000000	1,400196E-1
478,154459	80,100006	80,000000	1,400196E-1
478,154459	80,100006	80,000000	1,400180E-1
478,154459	80,100006	80,000000	1,400180E-1
478,154459	80,100006	80,000000	1,400180E-1
478,154459	80,100006	80,000000	1,400180E-1
479,154822	80,100006	80,000000	1,400180E-1
479,154822	80,100006	80,000000	1,400180E-1
479,154822	80,100006	80,000000	1,400180E-1
479,154822	80,100006	80,000000	1,400180E-1
479,154822	80,100006	80,000000	1,400180E-1
479,154822	80,100006	80,000000	1,400180E-1
479,154822	80,100006	80,000000	1,400180E-1
479,154822	80,100006	80,000000	1,400180E-1
479,154822	80,100006	80,000000	1,400180E-1
479,154822	80,100006	80,000000	1,400180E-1
480,156254	80,100006	80,000000	1,400180E-1
480,156254	80,100006	80,000000	1,400180E-1
480,156254	80,100006	80,000000	1,400180E-1
480,156254	80,100006	80,000000	1,400180E-1
480,156254	80,100006	80,000000	1,400180E-1
480,156254	80,100006	80,000000	1,400180E-1
480,156254	80,100006	80,000000	1,400180E-1
480,156254	80,100006	80,000000	1,400180E-1
480,156254	80,100006	80,000000	1,400180E-1
480,156254	80,100006	80,000000	1,400164E-1
481,157690	80,100006	80,000000	1,400164E-1
481,157690	80,100006	80,000000	1,400164E-1
481,157690	80,100006	80,000000	1,400164E-1
481,157690	80,100006	80,000000	1,400164E-1
481,157690	80,100006	80,000000	1,400164E-1
481,157690	80,100006	80,000000	1,400164E-1
481,157690	80,100006	80,000000	1,400164E-1
481,157690	80,100006	80,000000	1,400164E-1
481,157690	80,100006	80,000000	1,400164E-1
481,157690	80,100006	80,000000	1,400164E-1
482,158143	80,100006	80,000000	1,400164E-1
482,158143	80,100006	80,000000	1,400164E-1
482,158143	80,100006	80,000000	1,400164E-1
482,158143	80,100006	80,000000	1,400164E-1
482,158143	80,100006	80,000000	1,400164E-1
482,158143	80,100006	80,000000	1,400164E-1
482,158143	80,100006	80,000000	1,400164E-1
482,158143	80,100006	80,000000	1,400148E-1
482,158143	80,100006	80,000000	1,400148E-1
482,158143	80,000000	80,000000	1,400148E-1
483,158572	80,000000	80,000000	1,400148E-1
483,158572	80,000000	80,000000	1,400148E-1
483,158572	80,000000	80,000000	1,400148E-1
483,158572	80,000000	80,000000	1,400148E-1
483,158572	80,000000	80,000000	1,400148E-1
483,158572	80,000000	80,000000	1,400148E-1
483,158572	80,000000	80,000000	1,400148E-1
483,158572	80,000000	80,000000	1,400148E-1
483,158572	80,000000	80,000000	1,400148E-1
483,158572	80,000000	80,000000	1,400148E-1
484,157960	80,000000	80,000000	1,400148E-1
484,157960	80,000000	80,000000	1,400148E-1
484,157960	80,000000	80,000000	1,400148E-1
484,157960	80,000000	80,000000	1,400148E-1
484,157960	80,000000	80,000000	1,400400E-1
484,157960	80,000000	80,000000	1,400400E-1
484,157960	80,000000	80,000000	1,400400E-1
484,157960	80,000000	80,000000	1,400400E-1
484,157960	80,000000	80,000000	1,400400E-1
484,157960	80,000000	80,000000	1,400400E-1
485,158513	80,000000	80,000000	1,400400E-1
485,158513	80,000000	80,000000	1,400400E-1
485,158513	80,000000	80,000000	1,400400E-1
485,158513	80,000000	80,000000	1,400400E-1
485,158513	80,000000	80,000000	1,400400E-1
485,158513	80,000000	80,000000	1,400400E-1
485,158513	80,000000	80,000000	1,400400E-1
485,158513	80,000000	80,000000	1,400400E-1
485,158513	80,000000	80,000000	1,400400E-1
485,158513	80,000000	80,000000	1,400400E-1
486,157887	80,000000	80,000000	1,400400E-1
486,157887	80,000000	80,000000	1,400400E-1
486,157887	80,000000	80,000000	1,400400E-1
486,157887	80,000000	80,000000	1,400400E-1
486,157887	79,800003	80,000000	1,400400E-1
486,157887	79,800003	80,000000	1,400400E-1
486,157887	79,800003	80,000000	1,400400E-1
486,157887	79,800003	80,000000	1,400400E-1
486,157887	79,800003	80,000000	1,400400E-1
486,157887	79,800003	80,000000	1,400400E-1
487,158347	79,800003	80,000000	1,400400E-1
487,158347	79,800003	80,000000	1,400400E-1
487,158347	79,800003	80,000000	1,400400E-1
487,158347	79,800003	80,000000	1,400400E-1
487,158347	79,800003	80,000000	1,400400E-1
487,158347	79,800003	80,000000	1,400400E-1
487,158347	79,800003	80,000000	1,400400E-1
487,158347	79,800003	80,000000	1,400400E-1
487,158347	79,800003	80,000000	1,400400E-1
487,158347	79,800003	80,000000	1,400936E-1
488,158733	79,800003	80,000000	1,400936E-1
488,158733	79,800003	80,000000	1,400936E-1
488,158733	79,699997	80,000000	1,400936E-1
488,158733	79,699997	80,000000	1,401236E-1
488,158733	79,699997	80,000000	1,401236E-1
488,158733	79,699997	80,000000	1,401236E-1
488,158733	79,699997	80,000000	1,401236E-1
488,158733	79,699997	80,000000	1,401236E-1
488,158733	79,699997	80,000000	1,401236E-1
488,158733	79,699997	80,000000	1,401236E-1
489,159197	79,699997	80,000000	1,401236E-1
489,159197	79,699997	80,000000	1,401236E-1
489,159197	79,699997	80,000000	1,401236E-1
489,159197	79,699997	80,000000	1,401236E-1
489,159197	79,699997	80,000000	1,401236E-1
489,159197	79,699997	80,000000	1,401236E-1
489,159197	79,699997	80,000000	1,401236E-1
489,159197	79,699997	80,000000	1,401236E-1
489,159197	79,699997	80,000000	1,401236E-1
489,159197	79,699997	80,000000	1,401236E-1
490,159549	79,699997	80,000000	1,401236E-1
490,159549	79,699997	80,000000	1,401284E-1
490,159549	80,000000	80,000000	1,401284E-1
490,159549	80,000000	80,000000	1,401284E-1
490,159549	79,899994	80,000000	1,400528E-1
490,159549	79,899994	80,000000	1,400796E-1
490,159549	79,899994	80,000000	1,400812E-1
490,159549	79,899994	80,000000	1,400829E-1
490,159549	79,899994	80,000000	1,400845E-1
490,159549	79,899994	80,000000	1,400861E-1
491,159126	79,899994	80,000000	1,400861E-1
491,159126	79,899994	80,000000	1,400877E-1
491,159126	79,899994	80,000000	1,400893E-1
491,159126	79,899994	80,000000	1,400909E-1
491,159126	79,899994	80,000000	1,400925E-1
491,159126	79,899994	80,000000	1,400925E-1
491,159126	79,599998	80,000000	1,400941E-1
491,159126	79,599998	80,000000	1,400941E-1
491,159126	79,599998	80,000000	1,401761E-1
491,159126	79,599998	80,000000	1,401761E-1
492,159452	79,599998	80,000000	1,401825E-1
492,159452	79,599998	80,000000	1,401825E-1
492,159452	79,599998	80,000000	1,401889E-1
492,159452	79,599998	80,000000	1,401954E-1
492,159452	79,599998	80,000000	1,401954E-1
492,159452	79,599998	80,000000	1,402018E-1
492,159452	80,000000	80,000000	1,402082E-1
492,159452	80,000000	80,000000	1,401074E-1
492,159452	80,000000	80,000000	1,401074E-1
492,159452	80,000000	80,000000	1,401074E-1
493,158845	80,000000	80,000000	1,401074E-1
493,158845	80,000000	80,000000	1,401074E-1
493,158845	80,000000	80,000000	1,401074E-1
493,158845	80,000000	80,000000	1,401074E-1
493,158845	80,000000	80,000000	1,401074E-1
493,158845	80,000000	80,000000	1,401074E-1
493,158845	80,000000	80,000000	1,401074E-1
493,158845	80,000000	80,000000	1,401074E-1
493,158845	80,000000	80,000000	1,401074E-1
493,158845	80,000000	80,000000	1,401074E-1
494,159297	80,000000	80,000000	1,401074E-1
494,159297	80,000000	80,000000	1,401074E-1
494,159297	80,000000	80,000000	1,401074E-1
494,159297	80,000000	80,000000	1,401074E-1
494,159297	80,000000	80,000000	1,401074E-1
494,159297	80,000000	80,000000	1,401074E-1
494,159297	80,000000	80,000000	1,401074E-1
494,159297	80,000000	80,000000	1,401074E-1
494,159297	80,000000	80,000000	1,401074E-1
494,159297	80,000000	80,000000	1,401074E-1
495,160765	80,000000	80,000000	1,401074E-1
495,160765	80,000000	80,000000	1,401074E-1
495,160765	80,000000	80,000000	1,401074E-1
495,160765	80,000000	80,000000	1,401074E-1
495,160765	80,000000	80,000000	1,401074E-1
495,160765	80,000000	80,000000	1,401074E-1
495,160765	80,000000	80,000000	1,401074E-1
495,160765	80,000000	80,000000	1,401074E-1
495,160765	80,000000	80,000000	1,401074E-1
495,160765	80,000000	80,000000	1,401074E-1
496,160104	80,000000	80,000000	1,401074E-1
496,160104	80,000000	80,000000	1,401074E-1
496,160104	80,000000	80,000000	1,401074E-1
496,160104	80,000000	80,000000	1,401074E-1
496,160104	80,000000	80,000000	1,401074E-1
496,160104	80,000000	80,000000	1,401074E-1
496,160104	80,000000	80,000000	1,401074E-1
496,160104	80,000000	80,000000	1,401074E-1
496,160104	80,000000	80,000000	1,401074E-1
496,160104	80,000000	80,000000	1,401074E-1
497,161604	80,000000	80,000000	1,401074E-1
497,161604	80,000000	80,000000	1,401074E-1
497,161604	80,000000	80,000000	1,401074E-1
497,161604	80,000000	80,000000	1,401074E-1
497,161604	80,000000	80,000000	1,401074E-1
497,161604	80,000000	80,000000	1,401074E-1
497,161604	80,000000	80,000000	1,401074E-1
497,161604	80,000000	80,000000	1,401074E-1
497,161604	80,000000	80,000000	1,401074E-1
497,161604	80,000000	80,000000	1,401074E-1
498,160949	80,000000	80,000000	1,401074E-1
498,160949	80,000000	80,000000	1,401074E-1
498,160949	80,000000	80,000000	1,401074E-1
498,160949	80,000000	80,000000	1,401074E-1
498,160949	80,000000	80,000000	1,401074E-1
498,160949	80,000000	80,000000	1,401074E-1
498,160949	80,000000	80,000000	1,401074E-1
498,160949	80,000000	80,000000	1,401074E-1
498,160949	80,000000	80,000000	1,401074E-1
498,160949	80,000000	80,000000	1,401074E-1
499,162389	80,000000	80,000000	1,401074E-1
499,162389	80,000000	80,000000	1,401074E-1
499,162389	80,000000	80,000000	1,401074E-1
499,162389	80,000000	80,000000	1,401074E-1
499,162389	80,000000	80,000000	1,401074E-1
499,162389	80,399994	80,000000	1,401074E-1
499,162389	80,399994	80,000000	1,401074E-1
499,162389	80,399994	80,000000	1,401074E-1
499,162389	80,399994	80,000000	1,401074E-1
499,162389	80,399994	80,000000	1,401074E-1
500,161819	80,399994	80,000000	1,401074E-1
500,161819	80,399994	80,000000	1,401074E-1
500,161819	80,399994	80,000000	1,401074E-1
500,161819	80,399994	80,000000	1,401074E-1
500,161819	80,399994	80,000000	1,401074E-1
500,161819	80,399994	80,000000	1,401074E-1
500,161819	80,399994	80,000000	1,401074E-1
500,161819	80,399994	80,000000	1,401074E-1
500,161819	80,399994	80,000000	1,401074E-1
500,161819	80,399994	80,000000	1,401074E-1
501,162291	80,399994	80,000000	1,401074E-1
501,162291	80,399994	80,000000	1,401074E-1
501,162291	80,399994	80,000000	1,400002E-1
501,162291	80,399994	80,000000	1,400002E-1
501,162291	80,399994	80,000000	1,400002E-1
501,162291	80,399994	80,000000	1,400002E-1
501,162291	80,399994	80,000000	1,400002E-1
501,162291	80,399994	80,000000	1,400002E-1
501,162291	80,399994	80,000000	1,400002E-1
501,162291	80,399994	80,000000	1,400002E-1
502,162212	80,399994	80,000000	1,400002E-1
502,162212	80,399994	80,000000	1,400002E-1
502,162212	80,399994	80,000000	1,400002E-1
502,162212	80,399994	80,000000	1,400002E-1
502,162212	80,399994	80,000000	1,400002E-1
502,162212	80,399994	80,000000	1,400002E-1
502,162212	80,399994	80,000000	1,400002E-1
502,162212	80,399994	80,000000	1,400002E-1
502,162212	80,399994	80,000000	1,400002E-1
502,162212	80,399994	80,000000	1,400002E-1
503,162598	80,399994	80,000000	1,399938E-1
503,162598	80,100006	80,000000	1,399938E-1
503,162598	80,100006	80,000000	1,399938E-1
503,162598	80,100006	80,000000	1,399938E-1
503,162598	80,100006	80,000000	1,399938E-1
503,162598	80,100006	80,000000	1,399938E-1
503,162598	80,100006	80,000000	1,399938E-1
503,162598	80,100006	80,000000	1,399938E-1
503,162598	80,100006	80,000000	1,399938E-1
503,162598	80,100006	80,000000	1,399938E-1
504,162064	80,100006	80,000000	1,399938E-1
504,162064	80,100006	80,000000	1,399938E-1
504,162064	80,100006	80,000000	1,399938E-1
504,162064	80,100006	80,000000	1,399938E-1
504,162064	80,100006	80,000000	1,399938E-1
504,162064	80,100006	80,000000	1,399938E-1
504,162064	80,100006	80,000000	1,399938E-1
504,162064	80,100006	80,000000	1,400678E-1
504,162064	79,899994	80,000000	1,400678E-1
504,162064	79,899994	80,000000	1,400678E-1
505,162500	79,899994	80,000000	1,400678E-1
505,162500	79,899994	80,000000	1,400678E-1
505,162500	79,899994	80,000000	1,400678E-1
505,162500	79,899994	80,000000	1,400678E-1
505,162500	79,899994	80,000000	1,400678E-1
505,162500	79,899994	80,000000	1,400678E-1
505,162500	79,899994	80,000000	1,400678E-1
505,162500	79,899994	80,000000	1,400678E-1
505,162500	79,899994	80,000000	1,400678E-1
505,162500	79,899994	80,000000	1,400678E-1
506,162926	79,899994	80,000000	1,400678E-1
506,162926	79,899994	80,000000	1,400678E-1
506,162926	79,899994	80,000000	1,400678E-1
506,162926	79,899994	80,000000	1,400678E-1
506,162926	79,899994	80,000000	1,400678E-1
506,162926	79,899994	80,000000	1,401198E-1
506,162926	79,899994	80,000000	1,401198E-1
506,162926	79,899994	80,000000	1,401198E-1
506,162926	79,800003	80,000000	1,401482E-1
506,162926	79,800003	80,000000	1,401482E-1
507,163280	79,800003	80,000000	1,401482E-1
507,163280	79,800003	80,000000	1,401514E-1
507,163280	79,500000	80,000000	1,401514E-1
507,163280	79,500000	80,000000	1,402350E-1
507,163280	79,500000	80,000000	1,402350E-1
507,163280	79,500000	80,000000	1,402430E-1
507,163280	79,500000	80,000000	1,402511E-1
507,163280	79,500000	80,000000	1,402591E-1
507,163280	79,500000	80,000000	1,402671E-1
507,163280	79,500000	80,000000	1,402671E-1
508,164704	79,500000	80,000000	1,402751E-1
508,164704	79,500000	80,000000	1,402751E-1
508,164704	79,500000	80,000000	1,402832E-1
508,164704	79,500000	80,000000	1,402912E-1
508,164704	79,800003	80,000000	1,402912E-1
508,164704	79,800003	80,000000	1,402912E-1
508,164704	79,800003	80,000000	1,402188E-1
508,164704	79,800003	80,000000	1,402220E-1
508,164704	79,800003	80,000000	1,402220E-1
508,164704	79,800003	80,000000	1,402252E-1
509,164176	79,800003	80,000000	1,402284E-1
509,164176	79,800003	80,000000	1,402284E-1
509,164176	79,800003	80,000000	1,402316E-1
509,164176	80,100006	80,000000	1,402348E-1
509,164176	80,100006	80,000000	1,402348E-1
509,164176	80,100006	80,000000	1,401576E-1
509,164176	80,100006	80,000000	1,401560E-1
509,164176	80,100006	80,000000	1,401544E-1
509,164176	80,100006	80,000000	1,401544E-1
509,164176	80,100006	80,000000	1,401528E-1
510,164601	80,100006	80,000000	1,401528E-1
510,164601	80,100006	80,000000	1,401512E-1
510,164601	80,100006	80,000000	1,401512E-1
510,164601	80,100006	80,000000	1,401496E-1
510,164601	80,199997	80,000000	1,401480E-1
510,164601	80,199997	80,000000	1,401480E-1
510,164601	80,199997	80,000000	1,401196E-1
510,164601	80,199997	80,000000	1,401164E-1
510,164601	80,199997	80,000000	1,401164E-1
510,164601	80,199997	80,000000	1,401132E-1
511,164974	80,199997	80,000000	1,401100E-1
511,164974	80,199997	80,000000	1,401068E-1
511,164974	80,199997	80,000000	1,401068E-1
511,164974	80,199997	80,000000	1,401036E-1
511,164974	79,699997	80,000000	1,401036E-1
511,164974	79,699997	80,000000	1,401036E-1
511,164974	79,699997	80,000000	1,401036E-1
511,164974	79,699997	80,000000	1,402344E-1
511,164974	79,699997	80,000000	1,402344E-1
511,164974	79,699997	80,000000	1,402344E-1
512,165387	79,699997	80,000000	1,402392E-1
512,165387	79,699997	80,000000	1,402392E-1
512,165387	79,699997	80,000000	1,402392E-1
512,165387	79,699997	80,000000	1,402392E-1
512,165387	79,699997	80,000000	1,402392E-1
512,165387	79,699997	80,000000	1,402392E-1
512,165387	79,699997	80,000000	1,402392E-1
512,165387	79,699997	80,000000	1,402392E-1
512,165387	79,699997	80,000000	1,402392E-1
512,165387	79,699997	80,000000	1,402392E-1
513,164833	79,699997	80,000000	1,402392E-1
513,164833	79,699997	80,000000	1,402392E-1
513,164833	79,699997	80,000000	1,402392E-1
513,164833	79,699997	80,000000	1,402392E-1
513,164833	79,699997	80,000000	1,402392E-1
513,164833	79,699997	80,000000	1,402392E-1
513,164833	79,699997	80,000000	1,402392E-1
513,164833	79,699997	80,000000	1,402392E-1
513,164833	79,699997	80,000000	1,402392E-1
513,164833	79,699997	80,000000	1,402392E-1
514,165274	79,699997	80,000000	1,402392E-1
514,165274	79,699997	80,000000	1,402392E-1
514,165274	79,699997	80,000000	1,402392E-1
514,165274	79,699997	80,000000	1,402392E-1
514,165274	79,699997	80,000000	1,402440E-1
514,165274	79,699997	80,000000	1,402440E-1
514,165274	79,699997	80,000000	1,402440E-1
514,165274	79,699997	80,000000	1,402440E-1
514,165274	79,699997	80,000000	1,402440E-1
514,165274	79,699997	80,000000	1,402440E-1
515,165788	79,699997	80,000000	1,402440E-1
515,165788	79,699997	80,000000	1,402440E-1
515,165788	79,699997	80,000000	1,402440E-1
515,165788	79,699997	80,000000	1,402440E-1
515,165788	79,699997	80,000000	1,402440E-1
515,165788	79,699997	80,000000	1,402440E-1
515,165788	79,699997	80,000000	1,402440E-1
515,165788	79,699997	80,000000	1,402440E-1
515,165788	79,699997	80,000000	1,402440E-1
515,165788	79,699997	80,000000	1,402440E-1
516,165087	79,699997	80,000000	1,402440E-1
516,165087	79,699997	80,000000	1,402440E-1
516,165087	79,800003	80,000000	1,402488E-1
516,165087	79,800003	80,000000	1,402488E-1
516,165087	79,800003	80,000000	1,402488E-1
516,165087	79,800003	80,000000	1,402488E-1
516,165087	79,800003	80,000000	1,402488E-1
516,165087	79,800003	80,000000	1,402488E-1
516,165087	79,800003	80,000000	1,402488E-1
516,165087	79,800003	80,000000	1,402488E-1
517,165555	79,800003	80,000000	1,402488E-1
517,165555	79,800003	80,000000	1,402488E-1
517,165555	79,800003	80,000000	1,402488E-1
517,165555	79,800003	80,000000	1,402488E-1
517,165555	79,800003	80,000000	1,402488E-1
517,165555	79,800003	80,000000	1,402488E-1
517,165555	79,800003	80,000000	1,402488E-1
517,165555	79,800003	80,000000	1,402488E-1
517,165555	79,800003	80,000000	1,402488E-1
517,165555	79,800003	80,000000	1,402268E-1
518,165035	79,800003	80,000000	1,402268E-1
518,165035	79,800003	80,000000	1,402268E-1
518,165035	79,800003	80,000000	1,402268E-1
518,165035	79,800003	80,000000	1,402268E-1
518,165035	79,800003	80,000000	1,402268E-1
518,165035	79,800003	80,000000	1,402268E-1
518,165035	79,800003	80,000000	1,402268E-1
518,165035	79,800003	80,000000	1,402268E-1
518,165035	79,800003	80,000000	1,402268E-1
518,165035	79,800003	80,000000	1,402268E-1
519,165427	79,800003	80,000000	1,402268E-1
519,165427	79,800003	80,000000	1,402268E-1
519,165427	79,800003	80,000000	1,402268E-1
519,165427	79,800003	80,000000	1,402268E-1
519,165427	79,800003	80,000000	1,402268E-1
519,165427	79,800003	80,000000	1,402268E-1
519,165427	79,800003	80,000000	1,402268E-1
519,165427	79,800003	80,000000	1,402300E-1
519,165427	80,099998	80,000000	1,402300E-1
519,165427	80,099998	80,000000	1,402300E-1
520,165845	80,099998	80,000000	1,402300E-1
520,165845	80,099998	80,000000	1,402300E-1
520,165845	80,099998	80,000000	1,402300E-1
520,165845	80,099998	80,000000	1,402300E-1
520,165845	80,099998	80,000000	1,402300E-1
520,165845	80,099998	80,000000	1,402300E-1
520,165845	80,099998	80,000000	1,402300E-1
520,165845	80,099998	80,000000	1,402300E-1
520,165845	80,099998	80,000000	1,402300E-1
520,165845	80,099998	80,000000	1,402300E-1
521,167218	80,099998	80,000000	1,402300E-1
521,167218	80,099998	80,000000	1,402300E-1
521,167218	80,099998	80,000000	1,402300E-1
521,167218	80,099998	80,000000	1,402300E-1
521,167218	80,099998	80,000000	1,401528E-1
521,167218	80,300003	80,000000	1,401528E-1
521,167218	80,300003	80,000000	1,401528E-1
521,167218	80,300003	80,000000	1,401528E-1
521,167218	80,300003	80,000000	1,401528E-1
521,167218	80,300003	80,000000	1,401528E-1
522,167742	80,300003	80,000000	1,401528E-1
522,167742	80,300003	80,000000	1,401528E-1
522,167742	80,300003	80,000000	1,401528E-1
522,167742	80,300003	80,000000	1,401528E-1
522,167742	80,300003	80,000000	1,401528E-1
522,167742	80,300003	80,000000	1,401528E-1
522,167742	80,300003	80,000000	1,401528E-1
522,167742	80,300003	80,000000	1,401528E-1
522,167742	80,300003	80,000000	1,401528E-1
522,167742	80,300003	80,000000	1,401528E-1
523,168638	80,300003	80,000000	1,401528E-1
523,168638	80,300003	80,000000	1,401528E-1
523,168638	80,300003	80,000000	1,400976E-1
523,168638	80,300003	80,000000	1,400976E-1
523,168638	80,300003	80,000000	1,400976E-1
523,168638	79,899994	80,000000	1,402000E-1
523,168638	79,899994	80,000000	1,402000E-1
523,168638	79,899994	80,000000	1,402000E-1
523,168638	79,899994	80,000000	1,402016E-1
523,168638	79,800003	80,000000	1,402016E-1
524,168043	79,800003	80,000000	1,402300E-1
524,168043	79,800003	80,000000	1,402332E-1
524,168043	79,800003	80,000000	1,402332E-1
524,168043	79,800003	80,000000	1,402364E-1
524,168043	79,800003	80,000000	1,402397E-1
524,168043	79,800003	80,000000	1,402397E-1
524,168043	79,800003	80,000000	1,402429E-1
524,168043	79,800003	80,000000	1,402461E-1
524,168043	79,800003	80,000000	1,402493E-1
524,168043	79,800003	80,000000	1,402525E-1
525,168463	79,800003	80,000000	1,402525E-1
525,168463	80,000000	80,000000	1,402021E-1
525,168463	80,000000	80,000000	1,402021E-1
525,168463	80,000000	80,000000	1,402021E-1
525,168463	80,000000	80,000000	1,402021E-1
525,168463	80,000000	80,000000	1,402021E-1
525,168463	80,000000	80,000000	1,402021E-1
525,168463	80,000000	80,000000	1,402021E-1
525,168463	80,000000	80,000000	1,402021E-1
525,168463	80,000000	80,000000	1,402021E-1
526,169499	80,099998	80,000000	1,402021E-1
526,169499	80,099998	80,000000	1,401753E-1
526,169499	80,099998	80,000000	1,401753E-1
526,169499	80,099998	80,000000	1,401737E-1
526,169499	80,099998	80,000000	1,401721E-1
526,169499	80,099998	80,000000	1,401721E-1
526,169499	80,099998	80,000000	1,401705E-1
526,169499	80,099998	80,000000	1,401705E-1
526,169499	80,099998	80,000000	1,401689E-1
526,169499	80,099998	80,000000	1,401689E-1
527,168911	80,099998	80,000000	1,401673E-1
527,168911	79,900002	80,000000	1,401657E-1
527,168911	79,900002	80,000000	1,401657E-1
527,168911	79,900002	80,000000	1,402177E-1
527,168911	79,900002	80,000000	1,402193E-1
527,168911	79,900002	80,000000	1,402209E-1
527,168911	79,900002	80,000000	1,402209E-1
527,168911	79,900002	80,000000	1,402225E-1
527,168911	79,900002	80,000000	1,402241E-1
527,168911	79,900002	80,000000	1,402241E-1
528,169611	79,900002	80,000000	1,402257E-1
528,169611	80,000000	80,000000	1,402257E-1
528,169611	80,000000	80,000000	1,402257E-1
528,169611	80,000000	80,000000	1,402005E-1
528,169611	80,000000	80,000000	1,402005E-1
528,169611	80,000000	80,000000	1,402005E-1
528,169611	80,000000	80,000000	1,402005E-1
528,169611	80,000000	80,000000	1,402005E-1
528,169611	80,000000	80,000000	1,402005E-1
528,169611	80,000000	80,000000	1,402005E-1
529,169042	80,000000	80,000000	1,402005E-1
529,169042	79,899994	80,000000	1,402005E-1
529,169042	79,899994	80,000000	1,402273E-1
529,169042	79,899994	80,000000	1,402273E-1
529,169042	79,899994	80,000000	1,402289E-1
529,169042	79,899994	80,000000	1,402305E-1
529,169042	79,899994	80,000000	1,402305E-1
529,169042	79,899994	80,000000	1,402305E-1
529,169042	79,899994	80,000000	1,402321E-1
529,169042	79,899994	80,000000	1,402321E-1
530,169512	79,899994	80,000000	1,402321E-1
530,169512	79,899994	80,000000	1,402337E-1
530,169512	79,899994	80,000000	1,402337E-1
530,169512	79,899994	80,000000	1,402337E-1
530,169512	79,899994	80,000000	1,402337E-1
530,169512	79,899994	80,000000	1,402337E-1
530,169512	79,899994	80,000000	1,402337E-1
530,169512	79,899994	80,000000	1,402337E-1
530,169512	79,899994	80,000000	1,402337E-1
530,169512	79,899994	80,000000	1,402337E-1
531,169008	79,899994	80,000000	1,402337E-1
531,169008	79,899994	80,000000	1,402337E-1
531,169008	79,899994	80,000000	1,402337E-1
531,169008	79,899994	80,000000	1,402337E-1
531,169008	79,899994	80,000000	1,402337E-1
531,169008	79,899994	80,000000	1,402337E-1
531,169008	79,899994	80,000000	1,402337E-1
531,169008	79,899994	80,000000	1,402337E-1
531,169008	79,899994	80,000000	1,402337E-1
531,169008	79,899994	80,000000	1,402337E-1
532,169351	79,899994	80,000000	1,402337E-1
532,169351	79,899994	80,000000	1,402337E-1
532,169351	79,899994	80,000000	1,402337E-1
532,169351	79,899994	80,000000	1,402337E-1
532,169351	79,899994	80,000000	1,402337E-1
532,169351	79,899994	80,000000	1,402337E-1
532,169351	79,899994	80,000000	1,402353E-1
532,169351	79,899994	80,000000	1,402353E-1
532,169351	80,000000	80,000000	1,402353E-1
532,169351	80,000000	80,000000	1,402353E-1
533,168825	80,000000	80,000000	1,402353E-1
533,168825	80,000000	80,000000	1,402353E-1
533,168825	80,000000	80,000000	1,402353E-1
533,168825	80,000000	80,000000	1,402353E-1
533,168825	80,000000	80,000000	1,402353E-1
533,168825	80,000000	80,000000	1,402353E-1
533,168825	80,000000	80,000000	1,402353E-1
533,168825	80,000000	80,000000	1,402353E-1
533,168825	80,000000	80,000000	1,402353E-1
533,168825	80,000000	80,000000	1,402353E-1
534,169281	80,000000	80,000000	1,402353E-1
534,169281	80,000000	80,000000	1,402353E-1
534,169281	80,000000	80,000000	1,402353E-1
534,169281	80,000000	80,000000	1,402101E-1
534,169281	80,000000	80,000000	1,402101E-1
534,169281	80,000000	80,000000	1,402101E-1
534,169281	80,000000	80,000000	1,402101E-1
534,169281	80,000000	80,000000	1,402101E-1
534,169281	80,000000	80,000000	1,402101E-1
534,169281	80,000000	80,000000	1,402101E-1
535,170624	80,000000	80,000000	1,402101E-1
535,170624	80,000000	80,000000	1,402101E-1
535,170624	80,000000	80,000000	1,402101E-1
535,170624	80,000000	80,000000	1,402101E-1
535,170624	80,000000	80,000000	1,402101E-1
535,170624	80,000000	80,000000	1,402101E-1
535,170624	80,000000	80,000000	1,402101E-1
535,170624	80,000000	80,000000	1,402101E-1
535,170624	80,000000	80,000000	1,402101E-1
535,170624	80,000000	80,000000	1,402101E-1
536,170067	80,000000	80,000000	1,402101E-1
536,170067	79,900002	80,000000	1,402101E-1
536,170067	79,900002	80,000000	1,402101E-1
536,170067	79,900002	80,000000	1,402101E-1
536,170067	79,900002	80,000000	1,402101E-1
536,170067	79,900002	80,000000	1,402101E-1
536,170067	79,900002	80,000000	1,402101E-1
536,170067	79,900002	80,000000	1,402101E-1
536,170067	79,900002	80,000000	1,402101E-1
536,170067	79,900002	80,000000	1,402101E-1
537,170534	79,900002	80,000000	1,402101E-1
537,170534	79,900002	80,000000	1,402101E-1
537,170534	79,900002	80,000000	1,402101E-1
537,170534	79,900002	80,000000	1,402101E-1
537,170534	79,900002	80,000000	1,402101E-1
537,170534	79,900002	80,000000	1,402101E-1
537,170534	79,900002	80,000000	1,402101E-1
537,170534	79,900002	80,000000	1,402101E-1
537,170534	79,900002	80,000000	1,402101E-1
537,170534	79,900002	80,000000	1,402369E-1
538,169916	79,900002	80,000000	1,402369E-1
538,169916	79,900002	80,000000	1,402369E-1
538,169916	79,900002	80,000000	1,402369E-1
538,169916	79,900002	80,000000	1,402369E-1
538,169916	79,900002	80,000000	1,402369E-1
538,169916	79,900002	80,000000	1,402369E-1
538,169916	79,900002	80,000000	1,402369E-1
538,169916	79,900002	80,000000	1,402369E-1
538,169916	79,900002	80,000000	1,402369E-1
538,169916	79,900002	80,000000	1,402369E-1
539,170349	79,900002	80,000000	1,402369E-1
539,170349	79,900002	80,000000	1,402369E-1
539,170349	79,900002	80,000000	1,402369E-1
539,170349	79,900002	80,000000	1,402369E-1
539,170349	79,900002	80,000000	1,402369E-1
539,170349	79,900002	80,000000	1,402369E-1
539,170349	79,900002	80,000000	1,402385E-1
539,170349	79,800003	80,000000	1,402385E-1
539,170349	79,800003	80,000000	1,402385E-1
539,170349	79,800003	80,000000	1,402385E-1
540,169765	79,800003	80,000000	1,402385E-1
540,169765	79,800003	80,000000	1,402385E-1
540,169765	79,800003	80,000000	1,402385E-1
540,169765	79,800003	80,000000	1,402385E-1
540,169765	79,800003	80,000000	1,402385E-1
540,169765	79,800003	80,000000	1,402385E-1
540,169765	79,800003	80,000000	1,402385E-1
540,169765	79,800003	80,000000	1,402385E-1
540,169765	79,800003	80,000000	1,402385E-1
540,169765	79,800003	80,000000	1,402385E-1
541,170988	79,800003	80,000000	1,402385E-1
541,170988	79,800003	80,000000	1,402385E-1
541,170988	79,800003	80,000000	1,402385E-1
541,170988	79,800003	80,000000	1,402385E-1
541,170988	79,800003	80,000000	1,402669E-1
541,170988	79,800003	80,000000	1,402669E-1
541,170988	79,800003	80,000000	1,402669E-1
541,170988	79,800003	80,000000	1,402701E-1
541,170988	79,800003	80,000000	1,402701E-1
541,170988	79,800003	80,000000	1,402701E-1
542,171401	79,800003	80,000000	1,402734E-1
542,171401	79,800003	80,000000	1,402734E-1
542,171401	79,699997	80,000000	1,402766E-1
542,171401	79,699997	80,000000	1,403066E-1
542,171401	79,699997	80,000000	1,403114E-1
542,171401	79,699997	80,000000	1,403114E-1
542,171401	79,699997	80,000000	1,403162E-1
542,171401	79,699997	80,000000	1,403210E-1
542,171401	79,699997	80,000000	1,403210E-1
542,171401	79,699997	80,000000	1,403258E-1
543,171874	79,699997	80,000000	1,403307E-1
543,171874	79,699997	80,000000	1,403307E-1
543,171874	79,699997	80,000000	1,403355E-1
543,171874	79,699997	80,000000	1,403355E-1
543,171874	79,699997	80,000000	1,403355E-1
543,171874	79,699997	80,000000	1,403403E-1
543,171874	79,699997	80,000000	1,403451E-1
543,171874	79,699997	80,000000	1,403451E-1
543,171874	80,400002	80,000000	1,403499E-1
543,171874	80,400002	80,000000	1,401671E-1
544,173315	80,400002	80,000000	1,401607E-1
544,173315	80,400002	80,000000	1,401607E-1
544,173315	80,400002	80,000000	1,401543E-1
544,173315	80,400002	80,000000	1,401479E-1
544,173315	80,400002	80,000000	1,401479E-1
544,173315	80,400002	80,000000	1,401414E-1
544,173315	80,400002	80,000000	1,401350E-1
544,173315	80,400002	80,000000	1,401350E-1
544,173315	80,400002	80,000000	1,401286E-1
544,173315	80,400002	80,000000	1,401286E-1
545,173679	79,800003	80,000000	1,401286E-1
545,173679	79,800003	80,000000	1,402830E-1
545,173679	79,800003	80,000000	1,402862E-1
545,173679	79,800003	80,000000	1,402894E-1
545,173679	79,800003	80,000000	1,402926E-1
545,173679	79,800003	80,000000	1,402958E-1
545,173679	79,800003	80,000000	1,402958E-1
545,173679	79,800003	80,000000	1,402990E-1
545,173679	79,800003	80,000000	1,402990E-1
545,173679	79,899994	80,000000	1,403022E-1
546,173090	79,899994	80,000000	1,402787E-1
546,173090	79,899994	80,000000	1,402803E-1
546,173090	79,899994	80,000000	1,402803E-1
546,173090	79,899994	80,000000	1,402803E-1
546,173090	79,899994	80,000000	1,402819E-1
546,173090	79,899994	80,000000	1,402819E-1
546,173090	79,899994	80,000000	1,402835E-1
546,173090	79,899994	80,000000	1,402851E-1
546,173090	79,899994	80,000000	1,402867E-1
546,173090	79,899994	80,000000	1,402867E-1
547,173520	80,099998	80,000000	1,402883E-1
547,173520	80,099998	80,000000	1,402363E-1
547,173520	80,099998	80,000000	1,402363E-1
547,173520	80,099998	80,000000	1,402347E-1
547,173520	80,099998	80,000000	1,402331E-1
547,173520	80,099998	80,000000	1,402315E-1
547,173520	80,099998	80,000000	1,402315E-1
547,173520	80,099998	80,000000	1,402299E-1
547,173520	80,099998	80,000000	1,402299E-1
547,173520	80,099998	80,000000	1,402283E-1
548,174004	79,800003	80,000000	1,402283E-1
548,174004	79,800003	80,000000	1,402283E-1
548,174004	79,800003	80,000000	1,403071E-1
548,174004	79,800003	80,000000	1,403103E-1
548,174004	79,800003	80,000000	1,403135E-1
548,174004	79,800003	80,000000	1,403167E-1
548,174004	79,800003	80,000000	1,403167E-1
548,174004	79,800003	80,000000	1,403199E-1
548,174004	79,800003	80,000000	1,403231E-1
548,174004	79,800003	80,000000	1,403231E-1
549,174042	80,000000	80,000000	1,402727E-1
549,174042	80,000000	80,000000	1,402727E-1
549,174042	80,000000	80,000000	1,402727E-1
549,174042	80,000000	80,000000	1,402727E-1
549,174042	80,000000	80,000000	1,402727E-1
549,174042	80,000000	80,000000	1,402727E-1
549,174042	80,000000	80,000000	1,402727E-1
549,174042	80,000000	80,000000	1,402727E-1
549,174042	80,000000	80,000000	1,402727E-1
549,174042	80,000000	80,000000	1,402727E-1
550,175536	80,000000	80,000000	1,402727E-1
550,175536	80,000000	80,000000	1,402727E-1
550,175536	80,000000	80,000000	1,402727E-1
550,175536	80,000000	80,000000	1,402727E-1
550,175536	80,100006	80,000000	1,402727E-1
550,175536	80,100006	80,000000	1,402727E-1
550,175536	80,100006	80,000000	1,402459E-1
550,175536	80,100006	80,000000	1,402443E-1
550,175536	80,100006	80,000000	1,402443E-1
550,175536	80,100006	80,000000	1,402443E-1
551,174940	80,100006	80,000000	1,402427E-1
551,174940	80,100006	80,000000	1,402427E-1
551,174940	80,100006	80,000000	1,402411E-1
551,174940	80,000000	80,000000	1,402395E-1
551,174940	80,000000	80,000000	1,402647E-1
551,174940	80,000000	80,000000	1,402647E-1
551,174940	80,000000	80,000000	1,402647E-1
551,174940	80,000000	80,000000	1,402647E-1
551,174940	80,000000	80,000000	1,402647E-1
551,174940	80,000000	80,000000	1,402647E-1
552,175342	80,000000	80,000000	1,402647E-1
552,175342	80,000000	80,000000	1,402647E-1
552,175342	80,000000	80,000000	1,402647E-1
552,175342	80,000000	80,000000	1,402647E-1
552,175342	80,099998	80,000000	1,402647E-1
552,175342	80,099998	80,000000	1,402647E-1
552,175342	80,099998	80,000000	1,402379E-1
552,175342	80,099998	80,000000	1,402363E-1
552,175342	80,099998	80,000000	1,402347E-1
552,175342	80,099998	80,000000	1,402331E-1
553,174804	80,099998	80,000000	1,402331E-1
553,174804	80,099998	80,000000	1,402315E-1
553,174804	80,099998	80,000000	1,402299E-1
553,174804	80,099998	80,000000	1,402283E-1
553,174804	79,800003	80,000000	1,402283E-1
553,174804	79,800003	80,000000	1,403071E-1
553,174804	79,800003	80,000000	1,403103E-1
553,174804	79,800003	80,000000	1,403103E-1
553,174804	79,800003	80,000000	1,403135E-1
553,174804	79,800003	80,000000	1,403135E-1
554,175204	79,800003	80,000000	1,403135E-1
554,175204	79,800003	80,000000	1,403167E-1
554,175204	79,800003	80,000000	1,403199E-1
554,175204	79,800003	80,000000	1,403231E-1
554,175204	79,800003	80,000000	1,403231E-1
554,175204	79,800003	80,000000	1,403263E-1
554,175204	79,699997	80,000000	1,403563E-1
554,175204	79,699997	80,000000	1,403612E-1
554,175204	79,699997	80,000000	1,403612E-1
554,175204	79,699997	80,000000	1,403660E-1
555,175637	79,699997	80,000000	1,403708E-1
555,175637	79,699997	80,000000	1,403756E-1
555,175637	79,699997	80,000000	1,403756E-1
555,175637	79,699997	80,000000	1,403756E-1
555,175637	79,699997	80,000000	1,403804E-1
555,175637	79,699997	80,000000	1,403804E-1
555,175637	79,699997	80,000000	1,403852E-1
555,175637	79,699997	80,000000	1,403900E-1
555,175637	79,900002	80,000000	1,403949E-1
555,175637	79,900002	80,000000	1,403949E-1
556,175027	79,900002	80,000000	1,403461E-1
556,175027	79,900002	80,000000	1,403477E-1
556,175027	79,900002	80,000000	1,403477E-1
556,175027	79,900002	80,000000	1,403493E-1
556,175027	79,900002	80,000000	1,403509E-1
556,175027	79,900002	80,000000	1,403525E-1
556,175027	79,900002	80,000000	1,403525E-1
556,175027	79,900002	80,000000	1,403541E-1
556,175027	80,099998	80,000000	1,403541E-1
556,175027	80,099998	80,000000	1,403541E-1
557,176568	80,099998	80,000000	1,403021E-1
557,176568	80,099998	80,000000	1,403021E-1
557,176568	80,099998	80,000000	1,403005E-1
557,176568	80,099998	80,000000	1,402989E-1
557,176568	80,099998	80,000000	1,402973E-1
557,176568	80,099998	80,000000	1,402973E-1
557,176568	80,099998	80,000000	1,402957E-1
557,176568	80,000000	80,000000	1,402941E-1
557,176568	80,000000	80,000000	1,402941E-1
557,176568	80,000000	80,000000	1,403193E-1
558,175959	80,000000	80,000000	1,403193E-1
558,175959	80,000000	80,000000	1,403193E-1
558,175959	80,000000	80,000000	1,403193E-1
558,175959	80,000000	80,000000	1,403193E-1
558,175959	80,000000	80,000000	1,403193E-1
558,175959	80,000000	80,000000	1,403193E-1
558,175959	80,000000	80,000000	1,403193E-1
558,175959	79,900002	80,000000	1,403193E-1
558,175959	79,900002	80,000000	1,403193E-1
558,175959	79,900002	80,000000	1,403461E-1
559,176362	79,900002	80,000000	1,403477E-1
559,176362	79,900002	80,000000	1,403493E-1
559,176362	79,900002	80,000000	1,403493E-1
559,176362	79,900002	80,000000	1,403509E-1
559,176362	79,900002	80,000000	1,403525E-1
559,176362	79,900002	80,000000	1,403525E-1
559,176362	79,900002	80,000000	1,403541E-1
559,176362	79,900002	80,000000	1,403541E-1
559,176362	79,900002	80,000000	1,403557E-1
559,176362	79,900002	80,000000	1,403557E-1
560,176734	79,900002	80,000000	1,403557E-1
560,176734	79,900002	80,000000	1,403573E-1
560,176734	79,900002	80,000000	1,403589E-1
560,176734	80,199997	80,000000	1,402801E-1
560,176734	80,199997	80,000000	1,402769E-1
560,176734	80,199997	80,000000	1,402769E-1
560,176734	80,199997	80,000000	1,402737E-1
560,176734	80,199997	80,000000	1,402705E-1
560,176734	80,199997	80,000000	1,402673E-1
560,176734	80,199997	80,000000	1,402673E-1
561,177144	80,199997	80,000000	1,402641E-1
561,177144	80,199997	80,000000	1,402608E-1
561,177144	80,199997	80,000000	1,402608E-1
561,177144	80,199997	80,000000	1,402576E-1
561,177144	80,199997	80,000000	1,402576E-1
561,177144	79,899994	80,000000	1,403348E-1
561,177144	79,899994	80,000000	1,403348E-1
561,177144	79,899994	80,000000	1,403364E-1
561,177144	79,899994	80,000000	1,403380E-1
561,177144	79,899994	80,000000	1,403396E-1
562,177637	79,899994	80,000000	1,403413E-1
562,177637	79,899994	80,000000	1,403413E-1
562,177637	79,899994	80,000000	1,403429E-1
562,177637	79,899994	80,000000	1,403445E-1
562,177637	79,899994	80,000000	1,403445E-1
562,177637	79,899994	80,000000	1,403461E-1
562,177637	79,899994	80,000000	1,403477E-1
562,177637	79,899994	80,000000	1,403477E-1
562,177637	79,899994	80,000000	1,403493E-1
562,177637	79,899994	80,000000	1,403493E-1
563,177052	79,899994	80,000000	1,403509E-1
563,177052	79,899994	80,000000	1,403525E-1
563,177052	79,899994	80,000000	1,403525E-1
563,177052	79,899994	80,000000	1,403541E-1
563,177052	80,099998	80,000000	1,403557E-1
563,177052	80,099998	80,000000	1,403037E-1
563,177052	80,099998	80,000000	1,403037E-1
563,177052	80,099998	80,000000	1,403021E-1
563,177052	80,099998	80,000000	1,403005E-1
563,177052	80,099998	80,000000	1,403005E-1
564,177494	80,099998	80,000000	1,402989E-1
564,177494	80,099998	80,000000	1,402973E-1
564,177494	80,099998	80,000000	1,402973E-1
564,177494	80,099998	80,000000	1,402957E-1
564,177494	80,099998	80,000000	1,402957E-1
564,177494	80,000000	80,000000	1,403209E-1
564,177494	80,000000	80,000000	1,403209E-1
564,177494	80,000000	80,000000	1,403209E-1
564,177494	80,000000	80,000000	1,403209E-1
564,177494	80,000000	80,000000	1,403209E-1
565,176838	80,000000	80,000000	1,403209E-1
565,176838	80,000000	80,000000	1,403209E-1
565,176838	80,000000	80,000000	1,403209E-1
565,176838	80,000000	80,000000	1,403209E-1
565,176838	80,000000	80,000000	1,403209E-1
565,176838	80,000000	80,000000	1,403209E-1
565,176838	80,000000	80,000000	1,403209E-1
565,176838	80,000000	80,000000	1,403209E-1
565,176838	80,000000	80,000000	1,403209E-1
565,176838	80,000000	80,000000	1,403209E-1
566,177287	80,000000	80,000000	1,403209E-1
566,177287	80,000000	80,000000	1,403209E-1
566,177287	80,000000	80,000000	1,403209E-1
566,177287	80,000000	80,000000	1,403209E-1
566,177287	80,000000	80,000000	1,403209E-1
566,177287	80,000000	80,000000	1,403209E-1
566,177287	80,000000	80,000000	1,403209E-1
566,177287	80,000000	80,000000	1,403209E-1
566,177287	80,000000	80,000000	1,403209E-1
566,177287	80,000000	80,000000	1,403209E-1
567,177755	80,000000	80,000000	1,403209E-1
567,177755	80,000000	80,000000	1,403209E-1
567,177755	80,000000	80,000000	1,403209E-1
567,177755	80,000000	80,000000	1,403209E-1
567,177755	80,000000	80,000000	1,403209E-1
567,177755	80,000000	80,000000	1,403209E-1
567,177755	80,000000	80,000000	1,403209E-1
567,177755	80,000000	80,000000	1,403209E-1
567,177755	80,000000	80,000000	1,403209E-1
567,177755	80,000000	80,000000	1,403209E-1
568,177184	80,000000	80,000000	1,403209E-1
568,177184	80,000000	80,000000	1,403209E-1
568,177184	80,000000	80,000000	1,403209E-1
568,177184	80,000000	80,000000	1,403209E-1
568,177184	80,000000	80,000000	1,403209E-1
568,177184	80,000000	80,000000	1,403209E-1
568,177184	80,000000	80,000000	1,403209E-1
568,177184	80,000000	80,000000	1,403209E-1
568,177184	80,000000	80,000000	1,403209E-1
568,177184	80,000000	80,000000	1,403209E-1
569,177589	80,000000	80,000000	1,403209E-1
569,177589	80,000000	80,000000	1,403209E-1
569,177589	80,000000	80,000000	1,403209E-1
569,177589	80,000000	80,000000	1,403209E-1
569,177589	80,000000	80,000000	1,403209E-1
569,177589	80,000000	80,000000	1,403209E-1
569,177589	80,000000	80,000000	1,403209E-1
569,177589	80,000000	80,000000	1,403209E-1
569,177589	80,000000	80,000000	1,403209E-1
569,177589	80,000000	80,000000	1,403209E-1
570,178038	80,000000	80,000000	1,403209E-1
570,178038	80,000000	80,000000	1,403209E-1
570,178038	80,000000	80,000000	1,403209E-1
570,178038	80,000000	80,000000	1,403209E-1
570,178038	80,000000	80,000000	1,403209E-1
570,178038	80,000000	80,000000	1,403209E-1
570,178038	80,000000	80,000000	1,403209E-1
570,178038	80,000000	80,000000	1,403209E-1
570,178038	80,000000	80,000000	1,403209E-1
570,178038	80,000000	80,000000	1,403209E-1
571,178406	80,000000	80,000000	1,403209E-1
571,178406	80,000000	80,000000	1,403209E-1
571,178406	80,000000	80,000000	1,403209E-1
571,178406	80,199997	80,000000	1,403209E-1
571,178406	80,199997	80,000000	1,403209E-1
571,178406	80,199997	80,000000	1,403209E-1
571,178406	80,199997	80,000000	1,403209E-1
571,178406	80,199997	80,000000	1,403209E-1
571,178406	80,199997	80,000000	1,403209E-1
571,178406	80,199997	80,000000	1,403209E-1
572,177920	80,199997	80,000000	1,403209E-1
572,177920	80,199997	80,000000	1,403209E-1
572,177920	80,199997	80,000000	1,403209E-1
572,177920	80,199997	80,000000	1,403209E-1
572,177920	80,199997	80,000000	1,403209E-1
572,177920	80,199997	80,000000	1,403209E-1
572,177920	80,199997	80,000000	1,403209E-1
572,177920	80,199997	80,000000	1,403209E-1
572,177920	80,199997	80,000000	1,403209E-1
572,177920	80,199997	80,000000	1,403209E-1
573,179298	80,199997	80,000000	1,403209E-1
573,179298	80,000000	80,000000	1,402673E-1
573,179298	80,000000	80,000000	1,402673E-1
573,179298	80,000000	80,000000	1,402673E-1
573,179298	80,000000	80,000000	1,402673E-1
573,179298	80,000000	80,000000	1,402673E-1
573,179298	80,000000	80,000000	1,402673E-1
573,179298	80,000000	80,000000	1,402673E-1
573,179298	80,000000	80,000000	1,402673E-1
573,179298	80,000000	80,000000	1,402673E-1
574,180725	80,000000	80,000000	1,402673E-1
574,180725	80,000000	80,000000	1,402673E-1
574,180725	80,000000	80,000000	1,402673E-1
574,180725	80,000000	80,000000	1,402673E-1
574,180725	80,000000	80,000000	1,402673E-1
574,180725	80,000000	80,000000	1,402673E-1
574,180725	80,000000	80,000000	1,402673E-1
574,180725	80,000000	80,000000	1,402673E-1
574,180725	80,000000	80,000000	1,403177E-1
574,180725	80,000000	80,000000	1,403177E-1
575,180094	80,000000	80,000000	1,403177E-1
575,180094	80,000000	80,000000	1,403177E-1
575,180094	80,000000	80,000000	1,403177E-1
575,180094	80,000000	80,000000	1,403177E-1
575,180094	80,000000	80,000000	1,403177E-1
575,180094	80,000000	80,000000	1,403177E-1
575,180094	80,000000	80,000000	1,403177E-1
575,180094	80,000000	80,000000	1,403177E-1
575,180094	80,000000	80,000000	1,403177E-1
575,180094	80,000000	80,000000	1,403177E-1
576,181516	80,000000	80,000000	1,403177E-1
576,181516	80,000000	80,000000	1,403177E-1
576,181516	80,000000	80,000000	1,403177E-1
576,181516	80,000000	80,000000	1,403177E-1
576,181516	80,000000	80,000000	1,403177E-1
576,181516	80,000000	80,000000	1,403177E-1
576,181516	79,800003	80,000000	1,403713E-1
576,181516	79,800003	80,000000	1,403713E-1
576,181516	79,800003	80,000000	1,403713E-1
576,181516	79,800003	80,000000	1,403745E-1
577,180913	79,800003	80,000000	1,403745E-1
577,180913	79,800003	80,000000	1,403745E-1
577,180913	79,900002	80,000000	1,403777E-1
577,180913	79,900002	80,000000	1,403541E-1
577,180913	79,900002	80,000000	1,403541E-1
577,180913	79,900002	80,000000	1,403557E-1
577,180913	79,900002	80,000000	1,403573E-1
577,180913	79,900002	80,000000	1,403573E-1
577,180913	79,900002	80,000000	1,403589E-1
577,180913	79,900002	80,000000	1,403605E-1
578,181430	79,900002	80,000000	1,403621E-1
578,181430	79,900002	80,000000	1,403637E-1
578,181430	80,000000	80,000000	1,403637E-1
578,181430	80,000000	80,000000	1,403385E-1
578,181430	80,000000	80,000000	1,403385E-1
578,181430	80,000000	80,000000	1,403385E-1
578,181430	80,000000	80,000000	1,403385E-1
578,181430	80,000000	80,000000	1,403385E-1
578,181430	80,000000	80,000000	1,403385E-1
578,181430	80,000000	80,000000	1,403385E-1
579,180779	80,000000	80,000000	1,403385E-1
579,180779	80,000000	80,000000	1,403385E-1
579,180779	79,800003	80,000000	1,403385E-1
579,180779	79,800003	80,000000	1,403921E-1
579,180779	79,800003	80,000000	1,403953E-1
579,180779	79,800003	80,000000	1,403953E-1
579,180779	79,800003	80,000000	1,403985E-1
579,180779	79,800003	80,000000	1,404018E-1
579,180779	79,800003	80,000000	1,404050E-1
579,180779	79,800003	80,000000	1,404050E-1
580,181246	79,800003	80,000000	1,404082E-1
580,181246	79,800003	80,000000	1,404082E-1
580,181246	80,000000	80,000000	1,404082E-1
580,181246	80,000000	80,000000	1,403578E-1
580,181246	80,000000	80,000000	1,403578E-1
580,181246	80,000000	80,000000	1,403578E-1
580,181246	80,000000	80,000000	1,403578E-1
580,181246	80,000000	80,000000	1,403578E-1
580,181246	80,000000	80,000000	1,403578E-1
580,181246	80,000000	80,000000	1,403578E-1
581,180887	80,000000	80,000000	1,403578E-1
581,180887	80,000000	80,000000	1,403578E-1
581,180887	80,100006	80,000000	1,403578E-1
581,180887	80,100006	80,000000	1,403310E-1
581,180887	80,100006	80,000000	1,403310E-1
581,180887	80,100006	80,000000	1,403294E-1
581,180887	80,100006	80,000000	1,403294E-1
581,180887	80,100006	80,000000	1,403278E-1
581,180887	80,100006	80,000000	1,403262E-1
581,180887	80,100006	80,000000	1,403262E-1
582,181411	80,100006	80,000000	1,403246E-1
582,181411	80,100006	80,000000	1,403230E-1
582,181411	80,100006	80,000000	1,403213E-1
582,181411	80,100006	80,000000	1,403213E-1
582,181411	80,100006	80,000000	1,403197E-1
582,181411	80,100006	80,000000	1,403197E-1
582,181411	79,800003	80,000000	1,403181E-1
582,181411	79,800003	80,000000	1,403181E-1
582,181411	79,800003	80,000000	1,403181E-1
582,181411	79,800003	80,000000	1,403181E-1
583,181656	79,800003	80,000000	1,403181E-1
583,181656	79,800003	80,000000	1,403181E-1
583,181656	79,800003	80,000000	1,403181E-1
583,181656	79,800003	80,000000	1,403181E-1
583,181656	79,800003	80,000000	1,403181E-1
583,181656	79,800003	80,000000	1,403181E-1
583,181656	79,800003	80,000000	1,403181E-1
583,181656	79,800003	80,000000	1,403181E-1
583,181656	79,800003	80,000000	1,403181E-1
583,181656	79,800003	80,000000	1,403181E-1
584,182083	79,800003	80,000000	1,403181E-1
584,182083	79,800003	80,000000	1,403181E-1
584,182083	79,800003	80,000000	1,403181E-1
584,182083	79,800003	80,000000	1,403181E-1
584,182083	79,800003	80,000000	1,403181E-1
584,182083	79,800003	80,000000	1,403181E-1
584,182083	79,800003	80,000000	1,403181E-1
584,182083	79,800003	80,000000	1,403181E-1
584,182083	79,800003	80,000000	1,403181E-1
584,182083	79,800003	80,000000	1,403181E-1
585,182505	79,800003	80,000000	1,403181E-1
585,182505	79,800003	80,000000	1,403969E-1
585,182505	79,800003	80,000000	1,403969E-1
585,182505	79,800003	80,000000	1,403969E-1
585,182505	79,800003	80,000000	1,403969E-1
585,182505	79,800003	80,000000	1,403969E-1
585,182505	79,800003	80,000000	1,403969E-1
585,182505	79,800003	80,000000	1,403969E-1
585,182505	79,800003	80,000000	1,403969E-1
585,182505	79,800003	80,000000	1,403969E-1
586,182573	79,800003	80,000000	1,403969E-1
586,182573	79,800003	80,000000	1,403969E-1
586,182573	79,800003	80,000000	1,403969E-1
586,182573	79,800003	80,000000	1,403969E-1
586,182573	79,800003	80,000000	1,403969E-1
586,182573	79,800003	80,000000	1,403969E-1
586,182573	79,800003	80,000000	1,403969E-1
586,182573	79,800003	80,000000	1,403969E-1
586,182573	79,800003	80,000000	1,404001E-1
586,182573	79,800003	80,000000	1,404001E-1
587,183010	79,899994	80,000000	1,404001E-1
587,183010	79,899994	80,000000	1,404001E-1
587,183010	79,899994	80,000000	1,404001E-1
587,183010	79,899994	80,000000	1,404001E-1
587,183010	79,899994	80,000000	1,404001E-1
587,183010	79,899994	80,000000	1,404001E-1
587,183010	79,899994	80,000000	1,404001E-1
587,183010	79,899994	80,000000	1,404001E-1
587,183010	79,899994	80,000000	1,404001E-1
587,183010	79,899994	80,000000	1,404001E-1
588,183448	79,899994	80,000000	1,404001E-1
588,183448	79,899994	80,000000	1,404001E-1
588,183448	79,899994	80,000000	1,404001E-1
588,183448	79,899994	80,000000	1,404001E-1
588,183448	79,899994	80,000000	1,404001E-1
588,183448	79,899994	80,000000	1,404001E-1
588,183448	79,899994	80,000000	1,403766E-1
588,183448	79,899994	80,000000	1,403766E-1
588,183448	79,899994	80,000000	1,403766E-1
588,183448	79,899994	80,000000	1,403766E-1
589,182870	79,899994	80,000000	1,403766E-1
589,182870	79,899994	80,000000	1,403766E-1
589,182870	79,899994	80,000000	1,403766E-1
589,182870	79,899994	80,000000	1,403766E-1
589,182870	79,899994	80,000000	1,403766E-1
589,182870	79,899994	80,000000	1,403766E-1
589,182870	79,899994	80,000000	1,403766E-1
589,182870	79,899994	80,000000	1,403766E-1
589,182870	79,899994	80,000000	1,403766E-1
589,182870	79,899994	80,000000	1,403766E-1
590,183263	79,899994	80,000000	1,403766E-1
590,183263	79,899994	80,000000	1,403766E-1
590,183263	79,899994	80,000000	1,403766E-1
590,183263	79,899994	80,000000	1,403782E-1
590,183263	80,099998	80,000000	1,403782E-1
590,183263	80,099998	80,000000	1,403782E-1
590,183263	80,099998	80,000000	1,403782E-1
590,183263	80,099998	80,000000	1,403782E-1
590,183263	80,099998	80,000000	1,403782E-1
590,183263	80,099998	80,000000	1,403782E-1
591,183646	80,099998	80,000000	1,403782E-1
591,183646	80,099998	80,000000	1,403782E-1
591,183646	80,099998	80,000000	1,403782E-1
591,183646	80,099998	80,000000	1,403782E-1
591,183646	80,099998	80,000000	1,403782E-1
591,183646	80,099998	80,000000	1,403782E-1
591,183646	80,099998	80,000000	1,403782E-1
591,183646	80,099998	80,000000	1,403782E-1
591,183646	80,099998	80,000000	1,403782E-1
591,183646	80,099998	80,000000	1,403782E-1
592,183141	80,099998	80,000000	1,403262E-1
592,183141	80,099998	80,000000	1,403262E-1
592,183141	80,099998	80,000000	1,403262E-1
592,183141	80,099998	80,000000	1,403262E-1
592,183141	80,099998	80,000000	1,403262E-1
592,183141	80,099998	80,000000	1,403262E-1
592,183141	80,099998	80,000000	1,403262E-1
592,183141	80,099998	80,000000	1,403262E-1
592,183141	80,099998	80,000000	1,403262E-1
592,183141	80,099998	80,000000	1,403262E-1
593,184573	80,099998	80,000000	1,403262E-1
593,184573	80,099998	80,000000	1,403262E-1
593,184573	80,099998	80,000000	1,403262E-1
593,184573	80,099998	80,000000	1,403262E-1
593,184573	80,099998	80,000000	1,403262E-1
593,184573	80,099998	80,000000	1,403262E-1
593,184573	80,099998	80,000000	1,403262E-1
593,184573	80,099998	80,000000	1,403262E-1
593,184573	80,099998	80,000000	1,403246E-1
593,184573	79,699997	80,000000	1,403246E-1
594,184908	79,699997	80,000000	1,403246E-1
594,184908	79,900002	80,000000	1,404302E-1
594,184908	79,900002	80,000000	1,404302E-1
594,184908	79,900002	80,000000	1,404302E-1
594,184908	79,900002	80,000000	1,403814E-1
594,184908	79,900002	80,000000	1,403830E-1
594,184908	79,900002	80,000000	1,403830E-1
594,184908	79,900002	80,000000	1,403846E-1
594,184908	79,900002	80,000000	1,403862E-1
594,184908	79,900002	80,000000	1,403878E-1
595,185415	79,900002	80,000000	1,403894E-1
595,185415	79,900002	80,000000	1,403894E-1
595,185415	79,900002	80,000000	1,403910E-1
595,185415	79,900002	80,000000	1,403926E-1
595,185415	80,099998	80,000000	1,403406E-1
595,185415	80,099998	80,000000	1,403390E-1
595,185415	80,099998	80,000000	1,403390E-1
595,185415	80,099998	80,000000	1,403374E-1
595,185415	80,099998	80,000000	1,403374E-1
595,185415	80,099998	80,000000	1,403358E-1
596,185792	80,099998	80,000000	1,403342E-1
596,185792	80,099998	80,000000	1,403342E-1
596,185792	80,099998	80,000000	1,403326E-1
596,185792	80,199997	80,000000	1,403310E-1
596,185792	80,199997	80,000000	1,403310E-1
596,185792	80,199997	80,000000	1,403026E-1
596,185792	80,199997	80,000000	1,402994E-1
596,185792	80,199997	80,000000	1,402962E-1
596,185792	80,199997	80,000000	1,402929E-1
596,185792	80,199997	80,000000	1,402929E-1
597,186207	80,199997	80,000000	1,402897E-1
597,186207	80,199997	80,000000	1,402865E-1
597,186207	80,199997	80,000000	1,402865E-1
597,186207	80,199997	80,000000	1,402833E-1
597,186207	80,199997	80,000000	1,402833E-1
597,186207	80,199997	80,000000	1,402801E-1
597,186207	80,199997	80,000000	1,402801E-1
597,186207	80,000000	80,000000	1,402769E-1
597,186207	80,000000	80,000000	1,403273E-1
597,186207	80,000000	80,000000	1,403273E-1
598,187614	80,000000	80,000000	1,403273E-1
598,187614	80,000000	80,000000	1,403273E-1
598,187614	80,000000	80,000000	1,403273E-1
598,187614	80,000000	80,000000	1,403273E-1
598,187614	80,000000	80,000000	1,403273E-1
598,187614	80,000000	80,000000	1,403273E-1
598,187614	80,000000	80,000000	1,403273E-1
598,187614	80,000000	80,000000	1,403273E-1
598,187614	80,000000	80,000000	1,403273E-1
598,187614	79,599998	80,000000	1,403273E-1
599,187041	79,599998	80,000000	1,404345E-1
599,187041	79,599998	80,000000	1,404409E-1
599,187041	79,599998	80,000000	1,404473E-1
599,187041	79,599998	80,000000	1,404538E-1
599,187041	79,599998	80,000000	1,404538E-1
599,187041	79,599998	80,000000	1,404602E-1
599,187041	79,599998	80,000000	1,404666E-1
599,187041	79,599998	80,000000	1,404666E-1
599,187041	80,000000	80,000000	1,404730E-1
599,187041	80,000000	80,000000	1,404730E-1
600,187507	80,000000	80,000000	1,404730E-1
600,187507	80,000000	80,000000	1,403722E-1
600,187507	80,000000	80,000000	1,403722E-1
600,187507	80,000000	80,000000	1,403722E-1
600,187507	80,000000	80,000000	1,403722E-1
600,187507	80,000000	80,000000	1,403722E-1
600,187507	80,000000	80,000000	1,403722E-1
600,187507	80,000000	80,000000	1,403722E-1
600,187507	80,000000	80,000000	1,403722E-1
600,187507	80,000000	80,000000	1,403722E-1
601,186897	80,000000	80,000000	1,403722E-1
601,186897	80,000000	80,000000	1,403722E-1
601,186897	80,000000	80,000000	1,403722E-1
601,186897	80,000000	80,000000	1,403722E-1
601,186897	80,000000	80,000000	1,403722E-1
601,186897	80,000000	80,000000	1,403722E-1
601,186897	80,000000	80,000000	1,403722E-1
601,186897	80,000000	80,000000	1,403722E-1
601,186897	80,000000	80,000000	1,403722E-1
601,186897	80,000000	80,000000	1,403722E-1
602,186927	80,000000	80,000000	1,403722E-1
602,186927	80,000000	80,000000	1,403722E-1
602,186927	80,000000	80,000000	1,403722E-1
602,186927	80,000000	80,000000	1,403722E-1
602,186927	80,000000	80,000000	1,403722E-1
602,186927	80,000000	80,000000	1,403722E-1
602,186927	80,000000	80,000000	1,403722E-1
602,186927	80,000000	80,000000	1,403722E-1
602,186927	80,000000	80,000000	1,403722E-1
602,186927	80,000000	80,000000	1,403722E-1
603,187335	80,000000	80,000000	1,403722E-1
603,187335	80,000000	80,000000	1,403722E-1
603,187335	80,000000	80,000000	1,403722E-1
603,187335	80,000000	80,000000	1,403722E-1
603,187335	80,000000	80,000000	1,403722E-1
603,187335	80,000000	80,000000	1,403722E-1
603,187335	80,000000	80,000000	1,403722E-1
603,187335	80,000000	80,000000	1,403722E-1
603,187335	80,000000	80,000000	1,403722E-1
603,187335	80,000000	80,000000	1,403722E-1
604,186830	80,000000	80,000000	1,403722E-1
604,186830	80,000000	80,000000	1,403722E-1
604,186830	80,000000	80,000000	1,403722E-1
604,186830	80,000000	80,000000	1,403722E-1
604,186830	80,000000	80,000000	1,403722E-1
604,186830	80,000000	80,000000	1,403722E-1
604,186830	80,000000	80,000000	1,403722E-1
604,186830	80,000000	80,000000	1,403722E-1
604,186830	80,000000	80,000000	1,403722E-1
604,186830	80,000000	80,000000	1,403722E-1
605,187209	80,000000	80,000000	1,403722E-1
605,187209	80,000000	80,000000	1,403722E-1
605,187209	80,000000	80,000000	1,403722E-1
605,187209	80,000000	80,000000	1,403722E-1
605,187209	80,000000	80,000000	1,403722E-1
605,187209	80,000000	80,000000	1,403722E-1
605,187209	80,000000	80,000000	1,403722E-1
605,187209	80,000000	80,000000	1,403722E-1
605,187209	80,000000	80,000000	1,403722E-1
605,187209	80,000000	80,000000	1,403722E-1
606,187658	80,000000	80,000000	1,403722E-1
606,187658	80,000000	80,000000	1,403722E-1
606,187658	80,000000	80,000000	1,403722E-1
606,187658	80,000000	80,000000	1,403722E-1
606,187658	80,000000	80,000000	1,403722E-1
606,187658	80,000000	80,000000	1,403722E-1
606,187658	80,000000	80,000000	1,403722E-1
606,187658	80,000000	80,000000	1,403722E-1
606,187658	80,000000	80,000000	1,403722E-1
606,187658	80,000000	80,000000	1,403722E-1
607,187121	80,000000	80,000000	1,403722E-1
607,187121	80,000000	80,000000	1,403722E-1
607,187121	80,000000	80,000000	1,403722E-1
607,187121	80,000000	80,000000	1,403722E-1
607,187121	80,000000	80,000000	1,403722E-1
607,187121	80,000000	80,000000	1,403722E-1
607,187121	80,000000	80,000000	1,403722E-1
607,187121	80,000000	80,000000	1,403722E-1
607,187121	80,000000	80,000000	1,403722E-1
607,187121	79,900002	80,000000	1,403722E-1
608,188524	79,900002	80,000000	1,403722E-1
608,188524	79,900002	80,000000	1,403722E-1
608,188524	79,900002	80,000000	1,403722E-1
608,188524	79,900002	80,000000	1,403722E-1
608,188524	79,900002	80,000000	1,403722E-1
608,188524	79,900002	80,000000	1,403722E-1
608,188524	79,900002	80,000000	1,403722E-1
608,188524	79,900002	80,000000	1,403722E-1
608,188524	79,900002	80,000000	1,403722E-1
608,188524	79,900002	80,000000	1,403722E-1
609,187871	79,900002	80,000000	1,403722E-1
609,187871	79,900002	80,000000	1,403722E-1
609,187871	79,900002	80,000000	1,403722E-1
609,187871	79,900002	80,000000	1,403722E-1
609,187871	79,900002	80,000000	1,403722E-1
609,187871	79,900002	80,000000	1,403722E-1
609,187871	79,900002	80,000000	1,403722E-1
609,187871	80,100006	80,000000	1,403990E-1
609,187871	80,100006	80,000000	1,403990E-1
609,187871	80,100006	80,000000	1,403990E-1
610,188341	80,100006	80,000000	1,403990E-1
610,188341	80,100006	80,000000	1,403990E-1
610,188341	80,100006	80,000000	1,403990E-1
610,188341	80,100006	80,000000	1,403990E-1
610,188341	80,100006	80,000000	1,403990E-1
610,188341	80,100006	80,000000	1,403990E-1
610,188341	80,100006	80,000000	1,403990E-1
610,188341	80,100006	80,000000	1,403990E-1
610,188341	80,100006	80,000000	1,403990E-1
610,188341	80,100006	80,000000	1,403990E-1
611,187734	80,100006	80,000000	1,403990E-1
611,187734	80,100006	80,000000	1,403990E-1
611,187734	80,100006	80,000000	1,403990E-1
611,187734	80,100006	80,000000	1,403990E-1
611,187734	80,100006	80,000000	1,403470E-1
611,187734	80,100006	80,000000	1,403470E-1
611,187734	80,100006	80,000000	1,403470E-1
611,187734	79,699997	80,000000	1,404526E-1
611,187734	79,699997	80,000000	1,404526E-1
611,187734	79,699997	80,000000	1,404526E-1
612,188214	79,699997	80,000000	1,404526E-1
612,188214	79,699997	80,000000	1,404574E-1
612,188214	79,699997	80,000000	1,404623E-1
612,188214	79,699997	80,000000	1,404671E-1
612,188214	79,699997	80,000000	1,404719E-1
612,188214	79,699997	80,000000	1,404767E-1
612,188214	79,699997	80,000000	1,404767E-1
612,188214	79,699997	80,000000	1,404815E-1
612,188214	79,699997	80,000000	1,404863E-1
612,188214	79,699997	80,000000	1,404912E-1
613,188683	79,699997	80,000000	1,404912E-1
613,188683	79,699997	80,000000	1,404960E-1
613,188683	79,699997	80,000000	1,405008E-1
613,188683	79,899994	80,000000	1,405008E-1
613,188683	79,899994	80,000000	1,405008E-1
613,188683	79,899994	80,000000	1,404520E-1
613,188683	79,899994	80,000000	1,404520E-1
613,188683	79,899994	80,000000	1,404536E-1
613,188683	79,899994	80,000000	1,404552E-1
613,188683	79,899994	80,000000	1,404552E-1
614,188011	79,899994	80,000000	1,404568E-1
614,188011	79,899994	80,000000	1,404584E-1
614,188011	79,899994	80,000000	1,404600E-1
614,188011	79,900002	80,000000	1,404600E-1
614,188011	79,900002	80,000000	1,404616E-1
614,188011	79,900002	80,000000	1,404632E-1
614,188011	79,900002	80,000000	1,404632E-1
614,188011	79,900002	80,000000	1,404648E-1
614,188011	79,900002	80,000000	1,404648E-1
614,188011	79,900002	80,000000	1,404664E-1
615,188482	79,900002	80,000000	1,404664E-1
615,188482	79,900002	80,000000	1,404680E-1
615,188482	79,900002	80,000000	1,404696E-1
615,188482	79,900002	80,000000	1,404696E-1
615,188482	80,000000	80,000000	1,404713E-1
615,188482	80,000000	80,000000	1,404461E-1
615,188482	80,000000	80,000000	1,404461E-1
615,188482	80,000000	80,000000	1,404461E-1
615,188482	80,000000	80,000000	1,404461E-1
615,188482	80,000000	80,000000	1,404461E-1
616,187929	80,000000	80,000000	1,404461E-1
616,187929	80,000000	80,000000	1,404461E-1
616,187929	80,000000	80,000000	1,404461E-1
616,187929	79,800003	80,000000	1,404461E-1
616,187929	79,800003	80,000000	1,404461E-1
616,187929	79,800003	80,000000	1,404997E-1
616,187929	79,800003	80,000000	1,404997E-1
616,187929	79,800003	80,000000	1,405029E-1
616,187929	79,800003	80,000000	1,405061E-1
616,187929	79,800003	80,000000	1,405061E-1
617,188348	79,800003	80,000000	1,405093E-1
617,188348	79,800003	80,000000	1,405125E-1
617,188348	79,800003	80,000000	1,405125E-1
617,188348	80,099998	80,000000	1,405157E-1
617,188348	80,099998	80,000000	1,404385E-1
617,188348	80,099998	80,000000	1,404385E-1
617,188348	80,099998	80,000000	1,404369E-1
617,188348	80,099998	80,000000	1,404369E-1
617,188348	80,099998	80,000000	1,404353E-1
617,188348	80,099998	80,000000	1,404353E-1
618,188738	80,099998	80,000000	1,404353E-1
618,188738	80,099998	80,000000	1,404337E-1
618,188738	80,099998	80,000000	1,404337E-1
618,188738	80,099998	80,000000	1,404337E-1
618,188738	80,099998	80,000000	1,404321E-1
618,188738	80,099998	80,000000	1,404321E-1
618,188738	80,099998	80,000000	1,404321E-1
618,188738	80,099998	80,000000	1,404321E-1
618,188738	80,099998	80,000000	1,404321E-1
618,188738	80,099998	80,000000	1,404321E-1
619,188158	80,099998	80,000000	1,404321E-1
619,188158	80,099998	80,000000	1,404321E-1
619,188158	80,099998	80,000000	1,404321E-1
619,188158	80,099998	80,000000	1,404321E-1
619,188158	80,099998	80,000000	1,404321E-1
619,188158	80,099998	80,000000	1,404321E-1
619,188158	80,099998	80,000000	1,404321E-1
619,188158	80,099998	80,000000	1,404321E-1
619,188158	80,099998	80,000000	1,404321E-1
619,188158	80,099998	80,000000	1,404321E-1
620,188617	80,099998	80,000000	1,404321E-1
620,188617	80,099998	80,000000	1,404321E-1
620,188617	80,099998	80,000000	1,404321E-1
620,188617	80,099998	80,000000	1,404321E-1
620,188617	80,099998	80,000000	1,404321E-1
620,188617	80,099998	80,000000	1,404321E-1
620,188617	80,099998	80,000000	1,404321E-1
620,188617	80,099998	80,000000	1,404321E-1
620,188617	80,099998	80,000000	1,404305E-1
620,188617	80,099998	80,000000	1,404305E-1
621,187969	80,199997	80,000000	1,404305E-1
621,187969	80,199997	80,000000	1,404305E-1
621,187969	80,199997	80,000000	1,404305E-1
621,187969	80,199997	80,000000	1,404305E-1
621,187969	80,199997	80,000000	1,404305E-1
621,187969	80,199997	80,000000	1,404305E-1
621,187969	80,199997	80,000000	1,404305E-1
621,187969	80,199997	80,000000	1,404305E-1
621,187969	80,199997	80,000000	1,404305E-1
621,187969	80,199997	80,000000	1,404305E-1
622,188443	80,199997	80,000000	1,404305E-1
622,188443	80,199997	80,000000	1,404305E-1
622,188443	80,199997	80,000000	1,404305E-1
622,188443	80,199997	80,000000	1,404305E-1
622,188443	80,199997	80,000000	1,404305E-1
622,188443	80,199997	80,000000	1,404305E-1
622,188443	80,199997	80,000000	1,404021E-1
622,188443	80,199997	80,000000	1,404021E-1
622,188443	80,199997	80,000000	1,404021E-1
622,188443	80,199997	80,000000	1,404021E-1
623,187892	80,199997	80,000000	1,404021E-1
623,187892	80,199997	80,000000	1,404021E-1
623,187892	80,199997	80,000000	1,404021E-1
623,187892	80,199997	80,000000	1,404021E-1
623,187892	80,199997	80,000000	1,404021E-1
623,187892	80,199997	80,000000	1,404021E-1
623,187892	80,199997	80,000000	1,404021E-1
623,187892	80,199997	80,000000	1,404021E-1
623,187892	80,199997	80,000000	1,404021E-1
623,187892	80,199997	80,000000	1,404021E-1
624,188328	80,199997	80,000000	1,404021E-1
624,188328	80,199997	80,000000	1,404021E-1
624,188328	80,199997	80,000000	1,404021E-1
624,188328	80,099998	80,000000	1,403989E-1
624,188328	80,099998	80,000000	1,403989E-1
624,188328	80,099998	80,000000	1,403989E-1
624,188328	80,099998	80,000000	1,403989E-1
624,188328	80,099998	80,000000	1,403989E-1
624,188328	80,099998	80,000000	1,403989E-1
624,188328	80,099998	80,000000	1,403989E-1
625,188758	80,099998	80,000000	1,403989E-1
625,188758	80,099998	80,000000	1,403989E-1
625,188758	80,099998	80,000000	1,403989E-1
625,188758	80,099998	80,000000	1,403989E-1
625,188758	80,099998	80,000000	1,403989E-1
625,188758	80,099998	80,000000	1,403989E-1
625,188758	80,099998	80,000000	1,403989E-1
625,188758	80,099998	80,000000	1,403989E-1
625,188758	80,099998	80,000000	1,403989E-1
625,188758	80,099998	80,000000	1,403989E-1
626,188163	80,099998	80,000000	1,404225E-1
626,188163	80,099998	80,000000	1,404225E-1
626,188163	80,099998	80,000000	1,404225E-1
626,188163	80,099998	80,000000	1,404225E-1
626,188163	80,099998	80,000000	1,404225E-1
626,188163	80,099998	80,000000	1,404225E-1
626,188163	80,099998	80,000000	1,404225E-1
626,188163	80,099998	80,000000	1,404225E-1
626,188163	80,099998	80,000000	1,404225E-1
626,188163	80,099998	80,000000	1,404225E-1
627,188586	80,099998	80,000000	1,404225E-1
627,188586	80,099998	80,000000	1,404225E-1
627,188586	80,099998	80,000000	1,404225E-1
627,188586	80,099998	80,000000	1,404225E-1
627,188586	80,099998	80,000000	1,404225E-1
627,188586	80,099998	80,000000	1,404225E-1
627,188586	80,099998	80,000000	1,404225E-1
627,188586	80,099998	80,000000	1,404225E-1
627,188586	80,099998	80,000000	1,404209E-1
627,188586	80,099998	80,000000	1,404209E-1
628,189013	80,099998	80,000000	1,404209E-1
628,189013	80,099998	80,000000	1,404209E-1
628,189013	80,099998	80,000000	1,404209E-1
628,189013	80,099998	80,000000	1,404209E-1
628,189013	80,099998	80,000000	1,404209E-1
628,189013	80,099998	80,000000	1,404209E-1
628,189013	80,099998	80,000000	1,404209E-1
628,189013	80,099998	80,000000	1,404209E-1
628,189013	80,099998	80,000000	1,404209E-1
628,189013	80,099998	80,000000	1,404209E-1
629,189276	80,099998	80,000000	1,404209E-1
629,189276	80,099998	80,000000	1,404209E-1
629,189276	80,099998	80,000000	1,404209E-1
629,189276	80,099998	80,000000	1,404209E-1
629,189276	80,099998	80,000000	1,404209E-1
629,189276	80,099998	80,000000	1,404193E-1
629,189276	79,600006	80,000000	1,404193E-1
629,189276	79,600006	80,000000	1,404193E-1
629,189276	79,600006	80,000000	1,405517E-1
629,189276	79,800003	80,000000	1,405517E-1
630,189424	79,800003	80,000000	1,405517E-1
630,189424	79,800003	80,000000	1,405517E-1
630,189424	79,800003	80,000000	1,405045E-1
630,189424	79,800003	80,000000	1,405077E-1
630,189424	79,800003	80,000000	1,405077E-1
630,189424	79,800003	80,000000	1,405109E-1
630,189424	79,800003	80,000000	1,405141E-1
630,189424	79,800003	80,000000	1,405173E-1
630,189424	79,800003	80,000000	1,405173E-1
630,189424	79,800003	80,000000	1,405205E-1
631,188902	79,800003	80,000000	1,405237E-1
631,188902	79,800003	80,000000	1,405237E-1
631,188902	79,800003	80,000000	1,405269E-1
631,188902	79,800003	80,000000	1,405269E-1
631,188902	79,800003	80,000000	1,405302E-1
631,188902	79,800003	80,000000	1,405302E-1
631,188902	79,800003	80,000000	1,405334E-1
631,188902	79,800003	80,000000	1,405334E-1
631,188902	79,800003	80,000000	1,405366E-1
631,188902	80,199997	80,000000	1,405398E-1
632,189292	80,199997	80,000000	1,404358E-1
632,189292	80,199997	80,000000	1,404358E-1
632,189292	80,199997	80,000000	1,404326E-1
632,189292	80,199997	80,000000	1,404294E-1
632,189292	80,199997	80,000000	1,404294E-1
632,189292	80,199997	80,000000	1,404262E-1
632,189292	80,199997	80,000000	1,404229E-1
632,189292	80,199997	80,000000	1,404197E-1
632,189292	80,199997	80,000000	1,404165E-1
632,189292	80,199997	80,000000	1,404165E-1
633,190725	80,300003	80,000000	1,404133E-1
633,190725	80,300003	80,000000	1,404133E-1
633,190725	80,300003	80,000000	1,403833E-1
633,190725	80,300003	80,000000	1,403833E-1
633,190725	80,300003	80,000000	1,403785E-1
633,190725	80,300003	80,000000	1,403737E-1
633,190725	80,300003	80,000000	1,403689E-1
633,190725	80,300003	80,000000	1,403640E-1
633,190725	80,300003	80,000000	1,403640E-1
633,190725	80,300003	80,000000	1,403592E-1
634,190150	79,899994	80,000000	1,403544E-1
634,190150	79,899994	80,000000	1,403544E-1
634,190150	79,899994	80,000000	1,404568E-1
634,190150	79,899994	80,000000	1,404584E-1
634,190150	79,899994	80,000000	1,404584E-1
634,190150	79,899994	80,000000	1,404600E-1
634,190150	79,899994	80,000000	1,404600E-1
634,190150	79,899994	80,000000	1,404616E-1
634,190150	79,899994	80,000000	1,404632E-1
634,190150	79,899994	80,000000	1,404632E-1
635,190647	79,899994	80,000000	1,404648E-1
635,190647	80,199997	80,000000	1,403860E-1
635,190647	80,199997	80,000000	1,403828E-1
635,190647	80,199997	80,000000	1,403796E-1
635,190647	80,199997	80,000000	1,403764E-1
635,190647	80,199997	80,000000	1,403764E-1
635,190647	80,199997	80,000000	1,403732E-1
635,190647	80,199997	80,000000	1,403700E-1
635,190647	80,199997	80,000000	1,403668E-1
635,190647	80,199997	80,000000	1,403668E-1
636,189996	79,500000	80,000000	1,403636E-1
636,189996	79,500000	80,000000	1,403636E-1
636,189996	79,500000	80,000000	1,405480E-1
636,189996	79,500000	80,000000	1,405560E-1
636,189996	79,500000	80,000000	1,405560E-1
636,189996	79,500000	80,000000	1,405640E-1
636,189996	79,500000	80,000000	1,405720E-1
636,189996	79,500000	80,000000	1,405801E-1
636,189996	79,500000	80,000000	1,405801E-1
636,189996	79,500000	80,000000	1,405881E-1
637,190454	79,500000	80,000000	1,405881E-1
637,190454	79,899994	80,000000	1,405961E-1
637,190454	79,899994	80,000000	1,404969E-1
637,190454	79,899994	80,000000	1,404969E-1
637,190454	79,899994	80,000000	1,404985E-1
637,190454	79,899994	80,000000	1,404985E-1
637,190454	79,899994	80,000000	1,404985E-1
637,190454	79,899994	80,000000	1,405001E-1
637,190454	79,899994	80,000000	1,405001E-1
637,190454	79,899994	80,000000	1,405001E-1
638,189857	79,899994	80,000000	1,405017E-1
638,189857	79,899994	80,000000	1,405017E-1
638,189857	79,899994	80,000000	1,405017E-1
638,189857	79,899994	80,000000	1,405017E-1
638,189857	79,899994	80,000000	1,405017E-1
638,189857	79,899994	80,000000	1,405017E-1
638,189857	79,899994	80,000000	1,405017E-1
638,189857	79,899994	80,000000	1,405017E-1
638,189857	79,899994	80,000000	1,405017E-1
638,189857	79,899994	80,000000	1,405017E-1
639,190274	79,899994	80,000000	1,405017E-1
639,190274	79,899994	80,000000	1,405017E-1
639,190274	79,899994	80,000000	1,405017E-1
639,190274	79,899994	80,000000	1,405017E-1
639,190274	79,899994	80,000000	1,405017E-1
639,190274	79,899994	80,000000	1,405017E-1
639,190274	79,899994	80,000000	1,405017E-1
639,190274	79,899994	80,000000	1,405017E-1
639,190274	79,899994	80,000000	1,405017E-1
639,190274	79,899994	80,000000	1,405017E-1
640,190744	79,899994	80,000000	1,405017E-1
640,190744	79,899994	80,000000	1,405017E-1
640,190744	79,899994	80,000000	1,405017E-1
640,190744	79,899994	80,000000	1,405017E-1
640,190744	79,899994	80,000000	1,405034E-1
640,190744	79,899994	80,000000	1,405034E-1
640,190744	79,899994	80,000000	1,405034E-1
640,190744	79,699997	80,000000	1,405034E-1
640,190744	79,699997	80,000000	1,405034E-1
640,190744	79,699997	80,000000	1,405034E-1
641,190121	79,699997	80,000000	1,405034E-1
641,190121	79,699997	80,000000	1,405034E-1
641,190121	79,699997	80,000000	1,405034E-1
641,190121	79,699997	80,000000	1,405034E-1
641,190121	79,699997	80,000000	1,405034E-1
641,190121	79,699997	80,000000	1,405034E-1
641,190121	79,699997	80,000000	1,405034E-1
641,190121	79,699997	80,000000	1,405034E-1
641,190121	79,699997	80,000000	1,405034E-1
641,190121	79,699997	80,000000	1,405034E-1
642,190609	79,699997	80,000000	1,405034E-1
642,190609	79,699997	80,000000	1,405034E-1
642,190609	79,699997	80,000000	1,405586E-1
642,190609	79,699997	80,000000	1,405586E-1
642,190609	80,199997	80,000000	1,405586E-1
642,190609	80,199997	80,000000	1,405586E-1
642,190609	80,199997	80,000000	1,405586E-1
642,190609	80,199997	80,000000	1,405586E-1
642,190609	80,199997	80,000000	1,405586E-1
642,190609	80,199997	80,000000	1,405586E-1
643,190003	80,199997	80,000000	1,405586E-1
643,190003	80,199997	80,000000	1,405586E-1
643,190003	80,199997	80,000000	1,405586E-1
643,190003	80,199997	80,000000	1,405586E-1
643,190003	80,199997	80,000000	1,405586E-1
643,190003	80,199997	80,000000	1,405586E-1
643,190003	80,199997	80,000000	1,405586E-1
643,190003	80,199997	80,000000	1,405586E-1
643,190003	80,199997	80,000000	1,405586E-1
643,190003	80,199997	80,000000	1,404294E-1
644,191415	80,199997	80,000000	1,404294E-1
644,191415	80,199997	80,000000	1,404294E-1
644,191415	80,199997	80,000000	1,404262E-1
644,191415	80,199997	80,000000	1,404262E-1
644,191415	80,199997	80,000000	1,404262E-1
644,191415	80,199997	80,000000	1,404262E-1
644,191415	80,199997	80,000000	1,404262E-1
644,191415	80,199997	80,000000	1,404262E-1
644,191415	80,199997	80,000000	1,404262E-1
644,191415	80,199997	80,000000	1,404262E-1
645,191077	80,199997	80,000000	1,404262E-1
645,191077	80,199997	80,000000	1,404262E-1
645,191077	80,199997	80,000000	1,404262E-1
645,191077	80,199997	80,000000	1,404262E-1
645,191077	80,199997	80,000000	1,404262E-1
645,191077	80,199997	80,000000	1,404262E-1
645,191077	80,199997	80,000000	1,404262E-1
645,191077	80,199997	80,000000	1,404262E-1
645,191077	80,199997	80,000000	1,404262E-1
645,191077	80,199997	80,000000	1,404262E-1
646,192167	80,199997	80,000000	1,404229E-1
646,192167	80,199997	80,000000	1,404229E-1
646,192167	80,199997	80,000000	1,404229E-1
646,192167	80,199997	80,000000	1,404229E-1
646,192167	80,199997	80,000000	1,404229E-1
646,192167	80,199997	80,000000	1,404229E-1
646,192167	80,199997	80,000000	1,404229E-1
646,192167	80,199997	80,000000	1,404229E-1
646,192167	80,199997	80,000000	1,404229E-1
646,192167	80,199997	80,000000	1,404229E-1
647,192630	80,199997	80,000000	1,404229E-1
647,192630	80,199997	80,000000	1,404229E-1
647,192630	80,199997	80,000000	1,404229E-1
647,192630	80,199997	80,000000	1,404229E-1
647,192630	80,199997	80,000000	1,404229E-1
647,192630	80,199997	80,000000	1,404229E-1
647,192630	80,199997	80,000000	1,404229E-1
647,192630	80,199997	80,000000	1,404229E-1
647,192630	80,199997	80,000000	1,404229E-1
647,192630	80,199997	80,000000	1,404229E-1
648,191989	80,199997	80,000000	1,404229E-1
648,191989	80,199997	80,000000	1,404229E-1
648,191989	80,199997	80,000000	1,404229E-1
648,191989	80,199997	80,000000	1,404229E-1
648,191989	80,199997	80,000000	1,404229E-1
648,191989	80,199997	80,000000	1,404229E-1
648,191989	80,199997	80,000000	1,404229E-1
648,191989	80,199997	80,000000	1,404229E-1
648,191989	80,199997	80,000000	1,404229E-1
648,191989	80,199997	80,000000	1,404229E-1
649,193450	80,199997	80,000000	1,404229E-1
649,193450	80,199997	80,000000	1,404229E-1
649,193450	79,900002	80,000000	1,404197E-1
649,193450	79,900002	80,000000	1,404197E-1
649,193450	79,900002	80,000000	1,404197E-1
649,193450	79,900002	80,000000	1,404197E-1
649,193450	80,000000	80,000000	1,404969E-1
649,193450	80,000000	80,000000	1,404969E-1
649,193450	80,000000	80,000000	1,404969E-1
649,193450	79,800003	80,000000	1,404717E-1
650,192789	79,800003	80,000000	1,405253E-1
650,192789	79,800003	80,000000	1,405253E-1
650,192789	79,800003	80,000000	1,405285E-1
650,192789	79,800003	80,000000	1,405318E-1
650,192789	79,800003	80,000000	1,405350E-1
650,192789	79,800003	80,000000	1,405350E-1
650,192789	79,800003	80,000000	1,405382E-1
650,192789	79,800003	80,000000	1,405382E-1
650,192789	80,100006	80,000000	1,405414E-1
650,192789	80,100006	80,000000	1,404642E-1
651,193247	80,100006	80,000000	1,404642E-1
651,193247	80,100006	80,000000	1,404626E-1
651,193247	80,100006	80,000000	1,404626E-1
651,193247	80,100006	80,000000	1,404610E-1
651,193247	80,100006	80,000000	1,404610E-1
651,193247	80,100006	80,000000	1,404594E-1
651,193247	80,100006	80,000000	1,404578E-1
651,193247	80,100006	80,000000	1,404578E-1
651,193247	80,099998	80,000000	1,404562E-1
651,193247	80,099998	80,000000	1,404546E-1
652,193672	80,099998	80,000000	1,404530E-1
652,193672	80,099998	80,000000	1,404514E-1
652,193672	80,099998	80,000000	1,404514E-1
652,193672	80,099998	80,000000	1,404497E-1
652,193672	80,099998	80,000000	1,404481E-1
652,193672	80,099998	80,000000	1,404465E-1
652,193672	80,099998	80,000000	1,404465E-1
652,193672	80,099998	80,000000	1,404449E-1
652,193672	80,099998	80,000000	1,404449E-1
652,193672	80,099998	80,000000	1,404433E-1
653,193081	79,900002	80,000000	1,404433E-1
653,193081	79,900002	80,000000	1,404953E-1
653,193081	79,900002	80,000000	1,404969E-1
653,193081	79,900002	80,000000	1,404985E-1
653,193081	79,900002	80,000000	1,405001E-1
653,193081	79,900002	80,000000	1,405017E-1
653,193081	79,900002	80,000000	1,405033E-1
653,193081	79,900002	80,000000	1,405033E-1
653,193081	79,900002	80,000000	1,405050E-1
653,193081	79,900002	80,000000	1,405050E-1
654,194553	79,900002	80,000000	1,405066E-1
654,194553	79,900002	80,000000	1,405066E-1
654,194553	79,900002	80,000000	1,405082E-1
654,194553	79,900002	80,000000	1,405082E-1
654,194553	79,900002	80,000000	1,405098E-1
654,194553	79,900002	80,000000	1,405114E-1
654,194553	79,900002	80,000000	1,405130E-1
654,194553	79,900002	80,000000	1,405130E-1
654,194553	79,900002	80,000000	1,405146E-1
654,194553	79,899994	80,000000	1,405162E-1
655,194917	79,899994	80,000000	1,405162E-1
655,194917	79,899994	80,000000	1,405178E-1
655,194917	79,899994	80,000000	1,405194E-1
655,194917	79,899994	80,000000	1,405194E-1
655,194917	79,899994	80,000000	1,405210E-1
655,194917	79,899994	80,000000	1,405226E-1
655,194917	79,899994	80,000000	1,405226E-1
655,194917	79,899994	80,000000	1,405242E-1
655,194917	79,899994	80,000000	1,405242E-1
655,194917	79,899994	80,000000	1,405258E-1
656,195390	79,899994	80,000000	1,405258E-1
656,195390	79,900002	80,000000	1,405274E-1
656,195390	79,900002	80,000000	1,405290E-1
656,195390	79,900002	80,000000	1,405306E-1
656,195390	79,900002	80,000000	1,405306E-1
656,195390	79,900002	80,000000	1,405322E-1
656,195390	79,900002	80,000000	1,405338E-1
656,195390	79,900002	80,000000	1,405354E-1
656,195390	79,900002	80,000000	1,405371E-1
656,195390	79,900002	80,000000	1,405387E-1
657,195804	79,900002	80,000000	1,405387E-1
657,195804	79,900002	80,000000	1,405403E-1
657,195804	79,900002	80,000000	1,405403E-1
657,195804	79,900002	80,000000	1,405419E-1
657,195804	79,900002	80,000000	1,405419E-1
657,195804	79,900002	80,000000	1,405435E-1
657,195804	79,900002	80,000000	1,405451E-1
657,195804	79,900002	80,000000	1,405467E-1
657,195804	79,900002	80,000000	1,405467E-1
657,195804	79,900002	80,000000	1,405483E-1
658,196237	80,199997	80,000000	1,405499E-1
658,196237	80,199997	80,000000	1,404711E-1
658,196237	80,199997	80,000000	1,404711E-1
658,196237	80,199997	80,000000	1,404679E-1
658,196237	80,199997	80,000000	1,404647E-1
658,196237	80,199997	80,000000	1,404615E-1
658,196237	80,199997	80,000000	1,404615E-1
658,196237	80,199997	80,000000	1,404615E-1
658,196237	80,199997	80,000000	1,404583E-1
658,196237	80,199997	80,000000	1,404583E-1
659,196691	80,199997	80,000000	1,404583E-1
659,196691	80,199997	80,000000	1,404583E-1
659,196691	80,199997	80,000000	1,404583E-1
659,196691	80,199997	80,000000	1,404583E-1
659,196691	80,199997	80,000000	1,404583E-1
659,196691	80,199997	80,000000	1,404583E-1
659,196691	80,199997	80,000000	1,404583E-1
659,196691	80,199997	80,000000	1,404583E-1
659,196691	80,199997	80,000000	1,404583E-1
659,196691	80,199997	80,000000	1,404583E-1
660,196117	80,199997	80,000000	1,404583E-1
660,196117	80,199997	80,000000	1,404583E-1
660,196117	80,199997	80,000000	1,404583E-1
660,196117	80,199997	80,000000	1,404583E-1
660,196117	80,199997	80,000000	1,404583E-1
660,196117	80,199997	80,000000	1,404583E-1
660,196117	80,199997	80,000000	1,404583E-1
660,196117	80,199997	80,000000	1,404583E-1
660,196117	80,199997	80,000000	1,404583E-1
660,196117	80,199997	80,000000	1,404583E-1
661,197566	80,199997	80,000000	1,404583E-1
661,197566	80,199997	80,000000	1,404583E-1
661,197566	80,199997	80,000000	1,404583E-1
661,197566	80,199997	80,000000	1,404550E-1
661,197566	80,199997	80,000000	1,404550E-1
661,197566	80,199997	80,000000	1,404550E-1
661,197566	80,199997	80,000000	1,404550E-1
661,197566	80,199997	80,000000	1,404550E-1
661,197566	80,199997	80,000000	1,404550E-1
661,197566	80,199997	80,000000	1,404550E-1
662,196990	80,199997	80,000000	1,404550E-1
662,196990	80,199997	80,000000	1,404550E-1
662,196990	80,199997	80,000000	1,404550E-1
662,196990	80,199997	80,000000	1,404550E-1
662,196990	80,199997	80,000000	1,404550E-1
662,196990	80,199997	80,000000	1,404550E-1
662,196990	80,199997	80,000000	1,404550E-1
662,196990	80,199997	80,000000	1,404550E-1
662,196990	80,199997	80,000000	1,404550E-1
662,196990	80,199997	80,000000	1,404550E-1
663,197390	80,199997	80,000000	1,404550E-1
663,197390	80,199997	80,000000	1,404518E-1
663,197390	80,199997	80,000000	1,404518E-1
663,197390	80,199997	80,000000	1,404518E-1
663,197390	80,199997	80,000000	1,404518E-1
663,197390	80,199997	80,000000	1,404518E-1
663,197390	80,199997	80,000000	1,404518E-1
663,197390	80,199997	80,000000	1,404518E-1
663,197390	80,199997	80,000000	1,404518E-1
663,197390	80,199997	80,000000	1,404518E-1
664,197820	80,199997	80,000000	1,404518E-1
664,197820	80,199997	80,000000	1,404518E-1
664,197820	80,199997	80,000000	1,404518E-1
664,197820	80,199997	80,000000	1,404518E-1
664,197820	80,199997	80,000000	1,404518E-1
664,197820	80,199997	80,000000	1,404518E-1
664,197820	80,199997	80,000000	1,404518E-1
664,197820	80,199997	80,000000	1,404518E-1
664,197820	80,199997	80,000000	1,404486E-1
664,197820	79,599998	80,000000	1,404486E-1
665,198234	79,599998	80,000000	1,404486E-1
665,198234	79,599998	80,000000	1,404486E-1
665,198234	79,599998	80,000000	1,404486E-1
665,198234	79,599998	80,000000	1,404486E-1
665,198234	79,599998	80,000000	1,404486E-1
665,198234	79,599998	80,000000	1,404486E-1
665,198234	79,599998	80,000000	1,404486E-1
665,198234	79,599998	80,000000	1,404486E-1
665,198234	79,599998	80,000000	1,404486E-1
665,198234	79,599998	80,000000	1,404486E-1
666,198649	79,599998	80,000000	1,404486E-1
666,198649	79,599998	80,000000	1,404486E-1
666,198649	79,599998	80,000000	1,404486E-1
666,198649	79,599998	80,000000	1,404486E-1
666,198649	79,599998	80,000000	1,404486E-1
666,198649	79,599998	80,000000	1,406062E-1
666,198649	79,800003	80,000000	1,406062E-1
666,198649	79,800003	80,000000	1,406062E-1
666,198649	79,800003	80,000000	1,406062E-1
666,198649	79,800003	80,000000	1,406062E-1
667,198028	79,800003	80,000000	1,406062E-1
667,198028	79,800003	80,000000	1,406062E-1
667,198028	79,800003	80,000000	1,406062E-1
667,198028	79,800003	80,000000	1,406062E-1
667,198028	79,800003	80,000000	1,406062E-1
667,198028	79,800003	80,000000	1,406062E-1
667,198028	79,800003	80,000000	1,406062E-1
667,198028	79,800003	80,000000	1,406062E-1
667,198028	79,800003	80,000000	1,406062E-1
667,198028	79,800003	80,000000	1,406062E-1
668,199453	79,800003	80,000000	1,406062E-1
668,199453	79,800003	80,000000	1,406062E-1
668,199453	79,800003	80,000000	1,406062E-1
668,199453	79,800003	80,000000	1,405590E-1
668,199453	79,800003	80,000000	1,405590E-1
668,199453	79,800003	80,000000	1,405590E-1
668,199453	79,800003	80,000000	1,405590E-1
668,199453	79,800003	80,000000	1,405590E-1
668,199453	79,800003	80,000000	1,405590E-1
668,199453	79,800003	80,000000	1,405590E-1
669,198873	79,800003	80,000000	1,405590E-1
669,198873	79,800003	80,000000	1,405590E-1
669,198873	79,800003	80,000000	1,405590E-1
669,198873	79,800003	80,000000	1,405590E-1
669,198873	79,800003	80,000000	1,405590E-1
669,198873	79,800003	80,000000	1,405590E-1
669,198873	79,800003	80,000000	1,405590E-1
669,198873	79,800003	80,000000	1,405590E-1
669,198873	79,800003	80,000000	1,405590E-1
669,198873	79,800003	80,000000	1,405590E-1
670,199331	80,000000	80,000000	1,405086E-1
670,199331	80,000000	80,000000	1,405086E-1
670,199331	80,000000	80,000000	1,405086E-1
670,199331	80,000000	80,000000	1,405086E-1
670,199331	80,000000	80,000000	1,405086E-1
670,199331	80,000000	80,000000	1,405086E-1
670,199331	80,000000	80,000000	1,405086E-1
670,199331	80,000000	80,000000	1,405086E-1
670,199331	80,000000	80,000000	1,405086E-1
670,199331	80,000000	80,000000	1,405086E-1
671,198733	80,000000	80,000000	1,405086E-1
671,198733	80,000000	80,000000	1,405086E-1
671,198733	80,000000	80,000000	1,405086E-1
671,198733	80,000000	80,000000	1,405086E-1
671,198733	80,000000	80,000000	1,405086E-1
671,198733	79,699997	80,000000	1,405086E-1
671,198733	79,699997	80,000000	1,405086E-1
671,198733	79,699997	80,000000	1,405891E-1
671,198733	79,699997	80,000000	1,405939E-1
671,198733	79,699997	80,000000	1,405939E-1
672,199152	79,699997	80,000000	1,405987E-1
672,199152	79,699997	80,000000	1,405987E-1
672,199152	79,699997	80,000000	1,405987E-1
672,199152	79,699997	80,000000	1,406035E-1
672,199152	79,699997	80,000000	1,406083E-1
672,199152	79,699997	80,000000	1,406131E-1
672,199152	79,699997	80,000000	1,406131E-1
672,199152	79,900002	80,000000	1,406179E-1
672,199152	79,900002	80,000000	1,405692E-1
672,199152	79,900002	80,000000	1,405708E-1
673,199566	79,900002	80,000000	1,405708E-1
673,199566	79,900002	80,000000	1,405724E-1
673,199566	79,900002	80,000000	1,405740E-1
673,199566	79,900002	80,000000	1,405740E-1
673,199566	79,900002	80,000000	1,405756E-1
673,199566	79,900002	80,000000	1,405756E-1
673,199566	79,900002	80,000000	1,405756E-1
673,199566	79,800003	80,000000	1,405772E-1
673,199566	79,800003	80,000000	1,406056E-1
673,199566	79,800003	80,000000	1,406088E-1
674,199053	79,800003	80,000000	1,406120E-1
674,199053	79,800003	80,000000	1,406152E-1
674,199053	79,800003	80,000000	1,406152E-1
674,199053	79,800003	80,000000	1,406184E-1
674,199053	79,800003	80,000000	1,406216E-1
674,199053	80,099998	80,000000	1,406248E-1
674,199053	80,099998	80,000000	1,406248E-1
674,199053	80,099998	80,000000	1,405476E-1
674,199053	80,099998	80,000000	1,405460E-1
674,199053	80,099998	80,000000	1,405460E-1
675,199425	80,099998	80,000000	1,405444E-1
675,199425	80,099998	80,000000	1,405444E-1
675,199425	80,099998	80,000000	1,405428E-1
675,199425	80,099998	80,000000	1,405412E-1
675,199425	80,099998	80,000000	1,405396E-1
675,199425	80,099998	80,000000	1,405396E-1
675,199425	80,199997	80,000000	1,405380E-1
675,199425	80,199997	80,000000	1,405096E-1
675,199425	80,199997	80,000000	1,405096E-1
675,199425	80,199997	80,000000	1,405064E-1
676,198861	80,199997	80,000000	1,405032E-1
676,198861	80,199997	80,000000	1,405032E-1
676,198861	80,199997	80,000000	1,405032E-1
676,198861	80,199997	80,000000	1,405000E-1
676,198861	80,199997	80,000000	1,405000E-1
676,198861	80,199997	80,000000	1,405000E-1
676,198861	80,199997	80,000000	1,404968E-1
676,198861	80,199997	80,000000	1,404968E-1
676,198861	80,199997	80,000000	1,404968E-1
676,198861	80,199997	80,000000	1,404968E-1
677,199077	80,199997	80,000000	1,404968E-1
677,199077	80,199997	80,000000	1,404968E-1
677,199077	80,199997	80,000000	1,404968E-1
677,199077	80,199997	80,000000	1,404968E-1
677,199077	80,199997	80,000000	1,404968E-1
677,199077	80,199997	80,000000	1,404968E-1
677,199077	80,199997	80,000000	1,404968E-1
677,199077	80,199997	80,000000	1,404968E-1
677,199077	80,199997	80,000000	1,404968E-1
677,199077	80,199997	80,000000	1,404968E-1
678,199413	80,199997	80,000000	1,404968E-1
678,199413	80,199997	80,000000	1,404968E-1
678,199413	80,199997	80,000000	1,404968E-1
678,199413	80,199997	80,000000	1,404968E-1
678,199413	80,199997	80,000000	1,404968E-1
678,199413	80,199997	80,000000	1,404968E-1
678,199413	80,199997	80,000000	1,404968E-1
678,199413	80,199997	80,000000	1,404968E-1
678,199413	80,199997	80,000000	1,404968E-1
678,199413	80,199997	80,000000	1,404968E-1
679,199830	80,199997	80,000000	1,404968E-1
679,199830	79,900002	80,000000	1,405740E-1
679,199830	79,900002	80,000000	1,405740E-1
679,199830	79,900002	80,000000	1,405740E-1
679,199830	79,900002	80,000000	1,405740E-1
679,199830	79,900002	80,000000	1,405740E-1
679,199830	79,900002	80,000000	1,405740E-1
679,199830	79,900002	80,000000	1,405740E-1
679,199830	79,900002	80,000000	1,405740E-1
679,199830	79,900002	80,000000	1,405740E-1
680,201298	79,900002	80,000000	1,405740E-1
680,201298	79,900002	80,000000	1,405740E-1
680,201298	79,900002	80,000000	1,405740E-1
680,201298	79,900002	80,000000	1,405740E-1
680,201298	79,900002	80,000000	1,405740E-1
680,201298	79,900002	80,000000	1,405740E-1
680,201298	79,900002	80,000000	1,405740E-1
680,201298	79,900002	80,000000	1,405740E-1
680,201298	79,699997	80,000000	1,406292E-1
680,201298	79,699997	80,000000	1,406292E-1
681,202672	79,699997	80,000000	1,406292E-1
681,202672	79,699997	80,000000	1,406292E-1
681,202672	79,699997	80,000000	1,406292E-1
681,202672	79,699997	80,000000	1,406292E-1
681,202672	79,699997	80,000000	1,406292E-1
681,202672	79,699997	80,000000	1,406292E-1
681,202672	79,699997	80,000000	1,406292E-1
681,202672	79,699997	80,000000	1,406292E-1
681,202672	79,699997	80,000000	1,406292E-1
681,202672	79,699997	80,000000	1,406292E-1
682,202058	79,699997	80,000000	1,406292E-1
682,202058	79,699997	80,000000	1,406292E-1
682,202058	79,699997	80,000000	1,406292E-1
682,202058	79,699997	80,000000	1,406292E-1
682,202058	79,699997	80,000000	1,406340E-1
682,202058	79,699997	80,000000	1,406340E-1
682,202058	79,699997	80,000000	1,406340E-1
682,202058	79,699997	80,000000	1,406340E-1
682,202058	79,699997	80,000000	1,406340E-1
682,202058	79,699997	80,000000	1,406340E-1
683,202481	79,699997	80,000000	1,406340E-1
683,202481	79,699997	80,000000	1,406340E-1
683,202481	79,699997	80,000000	1,406340E-1
683,202481	79,699997	80,000000	1,406340E-1
683,202481	79,699997	80,000000	1,406340E-1
683,202481	79,699997	80,000000	1,406340E-1
683,202481	79,699997	80,000000	1,406340E-1
683,202481	79,699997	80,000000	1,406340E-1
683,202481	79,699997	80,000000	1,406340E-1
683,202481	79,699997	80,000000	1,406340E-1
684,201937	80,199997	80,000000	1,406340E-1
684,201937	80,199997	80,000000	1,405048E-1
684,201937	80,199997	80,000000	1,405048E-1
684,201937	80,199997	80,000000	1,405048E-1
684,201937	80,199997	80,000000	1,405048E-1
684,201937	80,199997	80,000000	1,405048E-1
684,201937	80,199997	80,000000	1,405048E-1
684,201937	80,199997	80,000000	1,405048E-1
684,201937	80,199997	80,000000	1,405048E-1
684,201937	80,199997	80,000000	1,405048E-1
685,202335	80,199997	80,000000	1,405048E-1
685,202335	80,199997	80,000000	1,405048E-1
685,202335	80,199997	80,000000	1,405048E-1
685,202335	80,199997	80,000000	1,405048E-1
685,202335	80,199997	80,000000	1,405048E-1
685,202335	80,199997	80,000000	1,405048E-1
685,202335	80,199997	80,000000	1,405048E-1
685,202335	80,199997	80,000000	1,405048E-1
685,202335	80,199997	80,000000	1,405048E-1
685,202335	80,199997	80,000000	1,405016E-1
686,201793	80,199997	80,000000	1,405016E-1
686,201793	80,199997	80,000000	1,405016E-1
686,201793	80,199997	80,000000	1,405016E-1
686,201793	80,199997	80,000000	1,405016E-1
686,201793	80,199997	80,000000	1,405016E-1
686,201793	80,199997	80,000000	1,405016E-1
686,201793	80,199997	80,000000	1,405016E-1
686,201793	80,199997	80,000000	1,405016E-1
686,201793	80,199997	80,000000	1,405016E-1
686,201793	80,199997	80,000000	1,405016E-1
687,203215	80,199997	80,000000	1,405016E-1
687,203215	80,199997	80,000000	1,405016E-1
687,203215	80,199997	80,000000	1,405016E-1
687,203215	80,199997	80,000000	1,405016E-1
687,203215	80,199997	80,000000	1,405016E-1
687,203215	80,199997	80,000000	1,405016E-1
687,203215	79,899994	80,000000	1,405016E-1
687,203215	79,899994	80,000000	1,405788E-1
687,203215	79,900002	80,000000	1,405788E-1
687,203215	79,900002	80,000000	1,405788E-1
688,203606	79,900002	80,000000	1,405804E-1
688,203606	79,800003	80,000000	1,405820E-1
688,203606	79,800003	80,000000	1,406104E-1
688,203606	79,800003	80,000000	1,406104E-1
688,203606	79,800003	80,000000	1,406136E-1
688,203606	79,800003	80,000000	1,406168E-1
688,203606	79,800003	80,000000	1,406200E-1
688,203606	79,800003	80,000000	1,406232E-1
688,203606	79,800003	80,000000	1,406232E-1
688,203606	79,800003	80,000000	1,406264E-1
689,203077	79,800003	80,000000	1,406297E-1
689,203077	79,800003	80,000000	1,406297E-1
689,203077	80,000000	80,000000	1,406329E-1
689,203077	80,000000	80,000000	1,406329E-1
689,203077	80,000000	80,000000	1,405825E-1
689,203077	80,000000	80,000000	1,405825E-1
689,203077	80,000000	80,000000	1,405825E-1
689,203077	80,000000	80,000000	1,405825E-1
689,203077	80,000000	80,000000	1,405825E-1
689,203077	80,000000	80,000000	1,405825E-1
690,204450	80,000000	80,000000	1,405825E-1
690,204450	80,000000	80,000000	1,405825E-1
690,204450	80,000000	80,000000	1,405825E-1
690,204450	80,000000	80,000000	1,405825E-1
690,204450	80,000000	80,000000	1,405825E-1
690,204450	80,000000	80,000000	1,405825E-1
690,204450	80,000000	80,000000	1,405825E-1
690,204450	80,000000	80,000000	1,405825E-1
690,204450	80,000000	80,000000	1,405825E-1
690,204450	80,000000	80,000000	1,405825E-1
691,203876	80,000000	80,000000	1,405825E-1
691,203876	80,000000	80,000000	1,405825E-1
691,203876	80,099998	80,000000	1,405557E-1
691,203876	80,099998	80,000000	1,405557E-1
691,203876	80,099998	80,000000	1,405541E-1
691,203876	80,099998	80,000000	1,405525E-1
691,203876	80,099998	80,000000	1,405509E-1
691,203876	80,099998	80,000000	1,405509E-1
691,203876	80,099998	80,000000	1,405493E-1
691,203876	80,099998	80,000000	1,405476E-1
692,203784	80,099998	80,000000	1,405476E-1
692,203784	80,099998	80,000000	1,405460E-1
692,203784	80,099998	80,000000	1,405460E-1
692,203784	80,099998	80,000000	1,405444E-1
692,203784	80,099998	80,000000	1,405444E-1
692,203784	80,099998	80,000000	1,405428E-1
692,203784	80,099998	80,000000	1,405412E-1
692,203784	80,099998	80,000000	1,405396E-1
692,203784	80,099998	80,000000	1,405396E-1
692,203784	79,800003	80,000000	1,405380E-1
693,204217	79,800003	80,000000	1,406168E-1
693,204217	79,800003	80,000000	1,406168E-1
693,204217	79,800003	80,000000	1,406200E-1
693,204217	79,800003	80,000000	1,406232E-1
693,204217	79,800003	80,000000	1,406264E-1
693,204217	79,800003	80,000000	1,406264E-1
693,204217	79,800003	80,000000	1,406297E-1
693,204217	79,800003	80,000000	1,406297E-1
693,204217	79,800003	80,000000	1,406297E-1
693,204217	80,100006	80,000000	1,406329E-1
694,204700	80,100006	80,000000	1,405557E-1
694,204700	80,100006	80,000000	1,405541E-1
694,204700	80,100006	80,000000	1,405541E-1
694,204700	80,100006	80,000000	1,405541E-1
694,204700	80,100006	80,000000	1,405525E-1
694,204700	80,100006	80,000000	1,405525E-1
694,204700	80,100006	80,000000	1,405525E-1
694,204700	80,100006	80,000000	1,405525E-1
694,204700	80,100006	80,000000	1,405525E-1
694,204700	80,100006	80,000000	1,405525E-1
695,205127	80,100006	80,000000	1,405525E-1
695,205127	80,100006	80,000000	1,405525E-1
695,205127	80,100006	80,000000	1,405525E-1
695,205127	80,100006	80,000000	1,405525E-1
695,205127	80,100006	80,000000	1,405525E-1
695,205127	80,100006	80,000000	1,405525E-1
695,205127	80,100006	80,000000	1,405525E-1
695,205127	80,100006	80,000000	1,405525E-1
695,205127	80,100006	80,000000	1,405525E-1
695,205127	80,100006	80,000000	1,405525E-1
696,205189	80,100006	80,000000	1,405525E-1
696,205189	80,100006	80,000000	1,405525E-1
696,205189	80,100006	80,000000	1,405525E-1
696,205189	80,100006	80,000000	1,405525E-1
696,205189	80,100006	80,000000	1,405525E-1
696,205189	80,100006	80,000000	1,405525E-1
696,205189	80,100006	80,000000	1,405525E-1
696,205189	80,100006	80,000000	1,405509E-1
696,205189	80,100006	80,000000	1,405509E-1
696,205189	80,100006	80,000000	1,405509E-1
697,205638	80,100006	80,000000	1,405509E-1
697,205638	80,100006	80,000000	1,405509E-1
697,205638	80,100006	80,000000	1,405509E-1
697,205638	80,100006	80,000000	1,405509E-1
697,205638	80,100006	80,000000	1,405509E-1
697,205638	80,100006	80,000000	1,405509E-1
697,205638	80,100006	80,000000	1,405509E-1
697,205638	80,100006	80,000000	1,405509E-1
697,205638	80,100006	80,000000	1,405509E-1
697,205638	80,100006	80,000000	1,405509E-1
698,205040	80,100006	80,000000	1,405509E-1
698,205040	80,100006	80,000000	1,405509E-1
698,205040	80,100006	80,000000	1,405509E-1
698,205040	80,100006	80,000000	1,405509E-1
698,205040	80,100006	80,000000	1,405509E-1
698,205040	80,099998	80,000000	1,405493E-1
698,205040	80,099998	80,000000	1,405493E-1
698,205040	80,099998	80,000000	1,405493E-1
698,205040	80,099998	80,000000	1,405493E-1
698,205040	80,099998	80,000000	1,405493E-1
699,205408	80,099998	80,000000	1,405493E-1
699,205408	80,099998	80,000000	1,405493E-1
699,205408	80,099998	80,000000	1,405493E-1
699,205408	80,099998	80,000000	1,405493E-1
699,205408	80,099998	80,000000	1,405493E-1
699,205408	80,099998	80,000000	1,405493E-1
699,205408	80,099998	80,000000	1,405493E-1
699,205408	80,099998	80,000000	1,405493E-1
699,205408	80,099998	80,000000	1,405493E-1
699,205408	80,099998	80,000000	1,405493E-1
700,204830	80,099998	80,000000	1,405493E-1
700,204830	80,099998	80,000000	1,405493E-1
700,204830	80,099998	80,000000	1,405476E-1
700,204830	80,099998	80,000000	1,405476E-1
700,204830	80,099998	80,000000	1,405476E-1
700,204830	80,099998	80,000000	1,405476E-1
700,204830	80,099998	80,000000	1,405476E-1
700,204830	80,099998	80,000000	1,405476E-1
700,204830	80,099998	80,000000	1,405476E-1
700,204830	80,099998	80,000000	1,405476E-1
701,205251	80,099998	80,000000	1,405476E-1
701,205251	80,099998	80,000000	1,405476E-1
701,205251	80,099998	80,000000	1,405476E-1
701,205251	80,099998	80,000000	1,405476E-1
701,205251	80,099998	80,000000	1,405476E-1
701,205251	80,099998	80,000000	1,405476E-1
701,205251	80,099998	80,000000	1,405476E-1
701,205251	80,099998	80,000000	1,405476E-1
701,205251	80,099998	80,000000	1,405476E-1
701,205251	80,099998	80,000000	1,405476E-1
702,206663	80,099998	80,000000	1,405460E-1
702,206663	79,800003	80,000000	1,405460E-1
702,206663	79,800003	80,000000	1,405460E-1
702,206663	79,800003	80,000000	1,405460E-1
702,206663	79,800003	80,000000	1,405460E-1
702,206663	79,800003	80,000000	1,405460E-1
702,206663	79,800003	80,000000	1,405460E-1
702,206663	79,800003	80,000000	1,405460E-1
702,206663	79,800003	80,000000	1,405460E-1
702,206663	79,800003	80,000000	1,405460E-1
703,207529	79,800003	80,000000	1,405460E-1
703,207529	79,800003	80,000000	1,405460E-1
703,207529	79,800003	80,000000	1,405460E-1
703,207529	79,800003	80,000000	1,405460E-1
703,207529	79,800003	80,000000	1,405460E-1
703,207529	79,800003	80,000000	1,405460E-1
703,207529	79,800003	80,000000	1,405460E-1
703,207529	79,800003	80,000000	1,406248E-1
703,207529	80,000000	80,000000	1,406248E-1
703,207529	80,000000	80,000000	1,406248E-1
704,207955	80,000000	80,000000	1,406248E-1
704,207955	80,000000	80,000000	1,406248E-1
704,207955	80,000000	80,000000	1,406248E-1
704,207955	80,000000	80,000000	1,406248E-1
704,207955	80,000000	80,000000	1,406248E-1
704,207955	80,000000	80,000000	1,406248E-1
704,207955	80,000000	80,000000	1,406248E-1
704,207955	80,000000	80,000000	1,406248E-1
704,207955	80,000000	80,000000	1,406248E-1
704,207955	80,000000	80,000000	1,406248E-1
705,208408	80,000000	80,000000	1,406248E-1
705,208408	80,000000	80,000000	1,406248E-1
705,208408	80,000000	80,000000	1,406248E-1
705,208408	80,000000	80,000000	1,406248E-1
705,208408	80,000000	80,000000	1,406248E-1
705,208408	80,000000	80,000000	1,405744E-1
705,208408	80,000000	80,000000	1,405744E-1
705,208408	80,000000	80,000000	1,405744E-1
705,208408	79,699997	80,000000	1,406549E-1
705,208408	79,699997	80,000000	1,406549E-1
706,209423	79,699997	80,000000	1,406549E-1
706,209423	79,699997	80,000000	1,406597E-1
706,209423	79,900002	80,000000	1,406597E-1
706,209423	79,900002	80,000000	1,406109E-1
706,209423	79,900002	80,000000	1,406125E-1
706,209423	79,900002	80,000000	1,406141E-1
706,209423	79,900002	80,000000	1,406157E-1
706,209423	79,900002	80,000000	1,406173E-1
706,209423	79,900002	80,000000	1,406173E-1
706,209423	79,900002	80,000000	1,406189E-1
707,208870	79,900002	80,000000	1,406205E-1
707,208870	79,900002	80,000000	1,406205E-1
707,208870	79,900002	80,000000	1,406221E-1
707,208870	79,900002	80,000000	1,406237E-1
707,208870	80,199997	80,000000	1,406237E-1
707,208870	80,199997	80,000000	1,406237E-1
707,208870	80,199997	80,000000	1,405449E-1
707,208870	80,199997	80,000000	1,405449E-1
707,208870	80,199997	80,000000	1,405417E-1
707,208870	80,199997	80,000000	1,405385E-1
708,209240	80,199997	80,000000	1,405353E-1
708,209240	80,199997	80,000000	1,405353E-1
708,209240	80,199997	80,000000	1,405321E-1
708,209240	79,900002	80,000000	1,405289E-1
708,209240	79,900002	80,000000	1,405289E-1
708,209240	79,900002	80,000000	1,406061E-1
708,209240	79,900002	80,000000	1,406077E-1
708,209240	79,900002	80,000000	1,406093E-1
708,209240	79,900002	80,000000	1,406109E-1
708,209240	79,900002	80,000000	1,406109E-1
709,209685	79,900002	80,000000	1,406125E-1
709,209685	79,900002	80,000000	1,406125E-1
709,209685	79,900002	80,000000	1,406141E-1
709,209685	79,899994	80,000000	1,406157E-1
709,209685	79,899994	80,000000	1,406157E-1
709,209685	79,899994	80,000000	1,406173E-1
709,209685	79,899994	80,000000	1,406189E-1
709,209685	79,899994	80,000000	1,406205E-1
709,209685	79,899994	80,000000	1,406205E-1
709,209685	79,899994	80,000000	1,406221E-1
710,209147	79,899994	80,000000	1,406237E-1
710,209147	79,899994	80,000000	1,406237E-1
710,209147	79,899994	80,000000	1,406253E-1
710,209147	79,899994	80,000000	1,406269E-1
710,209147	80,000000	80,000000	1,406269E-1
710,209147	80,000000	80,000000	1,406269E-1
710,209147	80,000000	80,000000	1,406269E-1
710,209147	80,000000	80,000000	1,406017E-1
710,209147	80,000000	80,000000	1,406017E-1
710,209147	80,000000	80,000000	1,406017E-1
711,209519	80,000000	80,000000	1,406017E-1
711,209519	80,000000	80,000000	1,406017E-1
711,209519	80,000000	80,000000	1,406017E-1
711,209519	80,000000	80,000000	1,406017E-1
711,209519	80,199997	80,000000	1,406017E-1
711,209519	80,199997	80,000000	1,405481E-1
711,209519	80,199997	80,000000	1,405449E-1
711,209519	80,199997	80,000000	1,405417E-1
711,209519	80,199997	80,000000	1,405417E-1
711,209519	80,199997	80,000000	1,405417E-1
712,209961	80,199997	80,000000	1,405385E-1
712,209961	80,199997	80,000000	1,405385E-1
712,209961	80,199997	80,000000	1,405353E-1
712,209961	80,199997	80,000000	1,405321E-1
712,209961	80,199997	80,000000	1,405289E-1
712,209961	80,199997	80,000000	1,405257E-1
712,209961	80,199997	80,000000	1,405257E-1
712,209961	80,199997	80,000000	1,405225E-1
712,209961	80,199997	80,000000	1,405192E-1
712,209961	80,199997	80,000000	1,405192E-1
713,210378	80,199997	80,000000	1,405160E-1
713,210378	80,199997	80,000000	1,405128E-1
713,210378	80,199997	80,000000	1,405128E-1
713,210378	79,699997	80,000000	1,405096E-1
713,210378	79,699997	80,000000	1,405096E-1
713,210378	79,699997	80,000000	1,406404E-1
713,210378	79,699997	80,000000	1,406404E-1
713,210378	79,699997	80,000000	1,406452E-1
713,210378	79,699997	80,000000	1,406452E-1
713,210378	79,699997	80,000000	1,406500E-1
714,209805	79,699997	80,000000	1,406549E-1
714,209805	79,699997	80,000000	1,406549E-1
714,209805	79,699997	80,000000	1,406597E-1
714,209805	79,699997	80,000000	1,406645E-1
714,209805	79,699997	80,000000	1,406645E-1
714,209805	79,699997	80,000000	1,406693E-1
714,209805	79,699997	80,000000	1,406741E-1
714,209805	79,699997	80,000000	1,406789E-1
714,209805	79,699997	80,000000	1,406789E-1
714,209805	79,699997	80,000000	1,406789E-1
715,210249	79,699997	80,000000	1,406837E-1
715,210249	79,699997	80,000000	1,406837E-1
715,210249	79,699997	80,000000	1,406886E-1
715,210249	79,900002	80,000000	1,406398E-1
715,210249	79,900002	80,000000	1,406414E-1
715,210249	79,900002	80,000000	1,406430E-1
715,210249	79,900002	80,000000	1,406430E-1
715,210249	79,900002	80,000000	1,406446E-1
715,210249	79,900002	80,000000	1,406462E-1
715,210249	79,900002	80,000000	1,406462E-1
716,210730	79,900002	80,000000	1,406478E-1
716,210730	79,900002	80,000000	1,406494E-1
716,210730	79,900002	80,000000	1,406494E-1
716,210730	79,800003	80,000000	1,406510E-1
716,210730	79,800003	80,000000	1,406510E-1
716,210730	79,800003	80,000000	1,406794E-1
716,210730	79,800003	80,000000	1,406794E-1
716,210730	79,800003	80,000000	1,406826E-1
716,210730	79,800003	80,000000	1,406858E-1
716,210730	79,800003	80,000000	1,406858E-1
717,211221	79,800003	80,000000	1,406890E-1
717,211221	79,800003	80,000000	1,406923E-1
717,211221	79,800003	80,000000	1,406955E-1
717,211221	79,800003	80,000000	1,406987E-1
717,211221	79,800003	80,000000	1,407019E-1
717,211221	79,800003	80,000000	1,407019E-1
717,211221	80,199997	80,000000	1,407051E-1
717,211221	80,199997	80,000000	1,406011E-1
717,211221	80,199997	80,000000	1,406011E-1
717,211221	80,199997	80,000000	1,405979E-1
718,211273	80,199997	80,000000	1,405979E-1
718,211273	80,199997	80,000000	1,405947E-1
718,211273	80,199997	80,000000	1,405947E-1
718,211273	80,199997	80,000000	1,405915E-1
718,211273	80,199997	80,000000	1,405883E-1
718,211273	80,199997	80,000000	1,405850E-1
718,211273	80,199997	80,000000	1,405850E-1
718,211273	80,000000	80,000000	1,405818E-1
718,211273	80,000000	80,000000	1,406322E-1
718,211273	80,000000	80,000000	1,406322E-1
719,211704	80,000000	80,000000	1,406322E-1
719,211704	80,000000	80,000000	1,406322E-1
719,211704	80,000000	80,000000	1,406322E-1
719,211704	80,000000	80,000000	1,406322E-1
719,211704	80,000000	80,000000	1,406322E-1
719,211704	80,000000	80,000000	1,406322E-1
719,211704	80,000000	80,000000	1,406322E-1
719,211704	80,000000	80,000000	1,406322E-1
719,211704	80,000000	80,000000	1,406322E-1
719,211704	80,000000	80,000000	1,406322E-1
720,211095	80,000000	80,000000	1,406322E-1
720,211095	80,000000	80,000000	1,406322E-1
720,211095	80,000000	80,000000	1,406322E-1
720,211095	80,000000	80,000000	1,406322E-1
720,211095	80,000000	80,000000	1,406322E-1
720,211095	80,000000	80,000000	1,406322E-1
720,211095	80,000000	80,000000	1,406322E-1
720,211095	80,000000	80,000000	1,406322E-1
720,211095	80,000000	80,000000	1,406322E-1
720,211095	80,000000	80,000000	1,406322E-1
721,211515	80,000000	80,000000	1,406322E-1
721,211515	80,000000	80,000000	1,406322E-1
721,211515	80,000000	80,000000	1,406322E-1
721,211515	80,000000	80,000000	1,406322E-1
721,211515	80,000000	80,000000	1,406322E-1
721,211515	80,000000	80,000000	1,406322E-1
721,211515	80,000000	80,000000	1,406322E-1
721,211515	80,000000	80,000000	1,406322E-1
721,211515	80,000000	80,000000	1,406322E-1
721,211515	80,000000	80,000000	1,406322E-1
722,211939	80,000000	80,000000	1,406322E-1
722,211939	80,000000	80,000000	1,406322E-1
722,211939	80,199997	80,000000	1,405786E-1
722,211939	80,199997	80,000000	1,405786E-1
722,211939	80,199997	80,000000	1,405786E-1
722,211939	80,199997	80,000000	1,405786E-1
722,211939	80,199997	80,000000	1,405786E-1
722,211939	80,199997	80,000000	1,405786E-1
722,211939	80,199997	80,000000	1,405786E-1
722,211939	80,199997	80,000000	1,405786E-1
723,212442	80,199997	80,000000	1,405786E-1
723,212442	80,199997	80,000000	1,405786E-1
723,212442	80,199997	80,000000	1,405786E-1
723,212442	80,199997	80,000000	1,405786E-1
723,212442	80,199997	80,000000	1,405786E-1
723,212442	80,199997	80,000000	1,405786E-1
723,212442	80,199997	80,000000	1,405786E-1
723,212442	80,199997	80,000000	1,405786E-1
723,212442	80,199997	80,000000	1,405754E-1
723,212442	80,199997	80,000000	1,405754E-1
724,212308	80,199997	80,000000	1,405754E-1
724,212308	80,199997	80,000000	1,405754E-1
724,212308	80,199997	80,000000	1,405754E-1
724,212308	80,199997	80,000000	1,405754E-1
724,212308	80,199997	80,000000	1,405754E-1
724,212308	80,199997	80,000000	1,405754E-1
724,212308	80,199997	80,000000	1,405754E-1
724,212308	80,199997	80,000000	1,405754E-1
724,212308	80,199997	80,000000	1,405754E-1
724,212308	80,199997	80,000000	1,405754E-1
725,211792	80,199997	80,000000	1,405754E-1
725,211792	80,199997	80,000000	1,405754E-1
725,211792	80,199997	80,000000	1,405754E-1
725,211792	80,199997	80,000000	1,405754E-1
725,211792	79,899994	80,000000	1,405754E-1
725,211792	79,899994	80,000000	1,406526E-1
725,211792	79,899994	80,000000	1,406526E-1
725,211792	79,899994	80,000000	1,406526E-1
725,211792	79,899994	80,000000	1,406526E-1
725,211792	79,899994	80,000000	1,406526E-1
726,212178	79,899994	80,000000	1,406526E-1
726,212178	79,899994	80,000000	1,406526E-1
726,212178	79,899994	80,000000	1,406526E-1
726,212178	79,899994	80,000000	1,406526E-1
726,212178	79,899994	80,000000	1,406526E-1
726,212178	79,899994	80,000000	1,406526E-1
726,212178	79,899994	80,000000	1,406526E-1
726,212178	79,899994	80,000000	1,406526E-1
726,212178	79,899994	80,000000	1,406526E-1
726,212178	79,899994	80,000000	1,406526E-1
727,212636	79,899994	80,000000	1,406526E-1
727,212636	79,899994	80,000000	1,406526E-1
727,212636	79,899994	80,000000	1,406542E-1
727,212636	79,899994	80,000000	1,406542E-1
727,212636	79,899994	80,000000	1,406542E-1
727,212636	79,899994	80,000000	1,406542E-1
727,212636	79,899994	80,000000	1,406542E-1
727,212636	79,899994	80,000000	1,406542E-1
727,212636	79,899994	80,000000	1,406542E-1
727,212636	79,899994	80,000000	1,406542E-1
728,213121	79,899994	80,000000	1,406542E-1
728,213121	79,899994	80,000000	1,406542E-1
728,213121	79,899994	80,000000	1,406542E-1
728,213121	79,899994	80,000000	1,406542E-1
728,213121	79,899994	80,000000	1,406542E-1
728,213121	79,899994	80,000000	1,406542E-1
728,213121	79,899994	80,000000	1,406542E-1
728,213121	79,899994	80,000000	1,406542E-1
728,213121	80,000000	80,000000	1,406542E-1
728,213121	80,000000	80,000000	1,406290E-1
729,213522	80,000000	80,000000	1,406290E-1
729,213522	80,000000	80,000000	1,406290E-1
729,213522	80,000000	80,000000	1,406290E-1
729,213522	80,000000	80,000000	1,406290E-1
729,213522	80,000000	80,000000	1,406290E-1
729,213522	80,000000	80,000000	1,406290E-1
729,213522	80,000000	80,000000	1,406290E-1
729,213522	80,000000	80,000000	1,406290E-1
729,213522	80,000000	80,000000	1,406290E-1
729,213522	80,000000	80,000000	1,406290E-1
730,212931	80,000000	80,000000	1,406290E-1
730,212931	80,000000	80,000000	1,406290E-1
730,212931	80,000000	80,000000	1,406290E-1
730,212931	80,000000	80,000000	1,406290E-1
730,212931	80,000000	80,000000	1,406290E-1
730,212931	80,000000	80,000000	1,406290E-1
730,212931	80,000000	80,000000	1,406290E-1
730,212931	80,099998	80,000000	1,406022E-1
730,212931	80,099998	80,000000	1,406022E-1
730,212931	80,099998	80,000000	1,406006E-1
731,214414	80,099998	80,000000	1,405990E-1
731,214414	80,099998	80,000000	1,405974E-1
731,214414	80,099998	80,000000	1,405974E-1
731,214414	80,099998	80,000000	1,405958E-1
731,214414	80,099998	80,000000	1,405958E-1
731,214414	79,900002	80,000000	1,405942E-1
731,214414	79,900002	80,000000	1,406462E-1
731,214414	79,900002	80,000000	1,406478E-1
731,214414	79,900002	80,000000	1,406478E-1
731,214414	79,900002	80,000000	1,406494E-1
732,213822	79,900002	80,000000	1,406494E-1
732,213822	79,900002	80,000000	1,406510E-1
732,213822	79,900002	80,000000	1,406510E-1
732,213822	79,900002	80,000000	1,406526E-1
732,213822	79,899994	80,000000	1,406526E-1
732,213822	79,899994	80,000000	1,406542E-1
732,213822	79,899994	80,000000	1,406558E-1
732,213822	79,899994	80,000000	1,406574E-1
732,213822	79,899994	80,000000	1,406574E-1
732,213822	79,899994	80,000000	1,406590E-1
733,214224	79,899994	80,000000	1,406590E-1
733,214224	79,899994	80,000000	1,406606E-1
733,214224	79,899994	80,000000	1,406622E-1
733,214224	79,899994	80,000000	1,406638E-1
733,214224	79,899994	80,000000	1,406655E-1
733,214224	79,899994	80,000000	1,406655E-1
733,214224	79,899994	80,000000	1,406655E-1
733,214224	79,899994	80,000000	1,406671E-1
733,214224	79,899994	80,000000	1,406671E-1
733,214224	79,899994	80,000000	1,406687E-1
734,214606	79,899994	80,000000	1,406703E-1
734,214606	79,899994	80,000000	1,406719E-1
734,214606	80,300003	80,000000	1,406719E-1
734,214606	80,300003	80,000000	1,405663E-1
734,214606	80,300003	80,000000	1,405615E-1
734,214606	80,300003	80,000000	1,405615E-1
734,214606	80,300003	80,000000	1,405566E-1
734,214606	80,300003	80,000000	1,405518E-1
734,214606	80,300003	80,000000	1,405470E-1
734,214606	80,300003	80,000000	1,405470E-1
735,214060	80,300003	80,000000	1,405422E-1
735,214060	80,300003	80,000000	1,405422E-1
735,214060	80,300003	80,000000	1,405374E-1
735,214060	79,899994	80,000000	1,405374E-1
735,214060	79,899994	80,000000	1,406398E-1
735,214060	79,899994	80,000000	1,406414E-1
735,214060	79,899994	80,000000	1,406430E-1
735,214060	79,899994	80,000000	1,406446E-1
735,214060	79,899994	80,000000	1,406446E-1
735,214060	79,899994	80,000000	1,406462E-1
736,215517	79,899994	80,000000	1,406478E-1
736,215517	79,899994	80,000000	1,406494E-1
736,215517	79,899994	80,000000	1,406510E-1
736,215517	79,899994	80,000000	1,406526E-1
736,215517	79,899994	80,000000	1,406526E-1
736,215517	79,899994	80,000000	1,406542E-1
736,215517	79,899994	80,000000	1,406542E-1
736,215517	79,899994	80,000000	1,406558E-1
736,215517	79,899994	80,000000	1,406558E-1
736,215517	79,899994	80,000000	1,406574E-1
737,214886	79,899994	80,000000	1,406574E-1
737,214886	79,899994	80,000000	1,406574E-1
737,214886	79,899994	80,000000	1,406574E-1
737,214886	80,000000	80,000000	1,406590E-1
737,214886	80,000000	80,000000	1,406590E-1
737,214886	80,000000	80,000000	1,406590E-1
737,214886	80,000000	80,000000	1,406590E-1
737,214886	80,000000	80,000000	1,406590E-1
737,214886	80,000000	80,000000	1,406590E-1
737,214886	80,000000	80,000000	1,406590E-1
738,216345	80,000000	80,000000	1,406590E-1
738,216345	80,000000	80,000000	1,406590E-1
738,216345	80,000000	80,000000	1,406590E-1
738,216345	80,000000	80,000000	1,406590E-1
738,216345	80,000000	80,000000	1,406590E-1
738,216345	80,000000	80,000000	1,406590E-1
738,216345	80,000000	80,000000	1,406590E-1
738,216345	80,000000	80,000000	1,406590E-1
738,216345	80,000000	80,000000	1,406590E-1
738,216345	80,000000	80,000000	1,406590E-1
739,216757	80,000000	80,000000	1,406590E-1
739,216757	80,000000	80,000000	1,406590E-1
739,216757	80,000000	80,000000	1,406590E-1
739,216757	80,000000	80,000000	1,406590E-1
739,216757	80,000000	80,000000	1,406590E-1
739,216757	80,000000	80,000000	1,406590E-1
739,216757	80,000000	80,000000	1,406338E-1
739,216757	80,000000	80,000000	1,406338E-1
739,216757	80,000000	80,000000	1,406338E-1
739,216757	80,000000	80,000000	1,406338E-1
740,216153	80,000000	80,000000	1,406338E-1
740,216153	80,000000	80,000000	1,406338E-1
740,216153	80,000000	80,000000	1,406338E-1
740,216153	80,000000	80,000000	1,406338E-1
740,216153	80,000000	80,000000	1,406338E-1
740,216153	80,000000	80,000000	1,406338E-1
740,216153	80,000000	80,000000	1,406338E-1
740,216153	80,000000	80,000000	1,406338E-1
740,216153	80,000000	80,000000	1,406338E-1
740,216153	80,000000	80,000000	1,406338E-1
741,216613	80,000000	80,000000	1,406338E-1
741,216613	80,000000	80,000000	1,406338E-1
741,216613	80,000000	80,000000	1,406338E-1
741,216613	80,000000	80,000000	1,406338E-1
741,216613	80,000000	80,000000	1,406338E-1
741,216613	80,000000	80,000000	1,406338E-1
741,216613	80,000000	80,000000	1,406338E-1
741,216613	80,000000	80,000000	1,406338E-1
741,216613	80,000000	80,000000	1,406338E-1
741,216613	80,000000	80,000000	1,406338E-1
742,216001	80,000000	80,000000	1,406338E-1
742,216001	80,000000	80,000000	1,406338E-1
742,216001	80,000000	80,000000	1,406338E-1
742,216001	80,000000	80,000000	1,406338E-1
742,216001	80,000000	80,000000	1,406338E-1
742,216001	80,000000	80,000000	1,406338E-1
742,216001	80,000000	80,000000	1,406338E-1
742,216001	80,000000	80,000000	1,406338E-1
742,216001	80,000000	80,000000	1,406338E-1
742,216001	80,000000	80,000000	1,406338E-1
743,217441	80,000000	80,000000	1,406338E-1
743,217441	80,000000	80,000000	1,406338E-1
743,217441	80,000000	80,000000	1,406338E-1
743,217441	80,000000	80,000000	1,406338E-1
743,217441	80,000000	80,000000	1,406338E-1
743,217441	80,000000	80,000000	1,406338E-1
743,217441	80,000000	80,000000	1,406338E-1
743,217441	80,000000	80,000000	1,406338E-1
743,217441	80,000000	80,000000	1,406338E-1
743,217441	80,000000	80,000000	1,406338E-1
744,216902	80,000000	80,000000	1,406338E-1
744,216902	80,000000	80,000000	1,406338E-1
744,216902	80,000000	80,000000	1,406338E-1
744,216902	80,000000	80,000000	1,406338E-1
744,216902	80,000000	80,000000	1,406338E-1
744,216902	80,000000	80,000000	1,406338E-1
744,216902	80,000000	80,000000	1,406338E-1
744,216902	80,000000	80,000000	1,406338E-1
744,216902	80,000000	80,000000	1,406338E-1
744,216902	80,000000	80,000000	1,406338E-1
745,217253	80,099998	80,000000	1,406338E-1
745,217253	80,099998	80,000000	1,406338E-1
745,217253	80,099998	80,000000	1,406338E-1
745,217253	80,099998	80,000000	1,406338E-1
745,217253	80,099998	80,000000	1,406338E-1
745,217253	80,099998	80,000000	1,406338E-1
745,217253	80,099998	80,000000	1,406338E-1
745,217253	80,099998	80,000000	1,406338E-1
745,217253	80,099998	80,000000	1,406338E-1
745,217253	80,099998	80,000000	1,406338E-1
746,217676	80,099998	80,000000	1,406338E-1
746,217676	80,099998	80,000000	1,406338E-1
746,217676	80,099998	80,000000	1,406338E-1
746,217676	80,099998	80,000000	1,406338E-1
746,217676	80,099998	80,000000	1,406338E-1
746,217676	80,099998	80,000000	1,406338E-1
746,217676	80,099998	80,000000	1,406070E-1
746,217676	80,199997	80,000000	1,406070E-1
746,217676	80,199997	80,000000	1,406070E-1
746,217676	80,199997	80,000000	1,406070E-1
747,217161	80,199997	80,000000	1,406070E-1
747,217161	80,199997	80,000000	1,406070E-1
747,217161	80,199997	80,000000	1,406070E-1
747,217161	80,199997	80,000000	1,406070E-1
747,217161	80,199997	80,000000	1,406070E-1
747,217161	80,199997	80,000000	1,406070E-1
747,217161	80,199997	80,000000	1,406070E-1
747,217161	80,199997	80,000000	1,406070E-1
747,217161	80,199997	80,000000	1,406070E-1
747,217161	80,199997	80,000000	1,406070E-1
748,217547	80,199997	80,000000	1,406070E-1
748,217547	80,199997	80,000000	1,406070E-1
748,217547	80,199997	80,000000	1,406070E-1
748,217547	80,199997	80,000000	1,406070E-1
748,217547	80,199997	80,000000	1,405786E-1
748,217547	80,199997	80,000000	1,405786E-1
748,217547	80,199997	80,000000	1,405786E-1
748,217547	80,199997	80,000000	1,405754E-1
748,217547	80,199997	80,000000	1,405754E-1
748,217547	80,199997	80,000000	1,405754E-1
749,218007	80,000000	80,000000	1,405722E-1
749,218007	80,000000	80,000000	1,406226E-1
749,218007	80,000000	80,000000	1,406226E-1
749,218007	80,000000	80,000000	1,406226E-1
749,218007	80,000000	80,000000	1,406226E-1
749,218007	80,000000	80,000000	1,406226E-1
749,218007	80,000000	80,000000	1,406226E-1
749,218007	80,000000	80,000000	1,406226E-1
749,218007	80,000000	80,000000	1,406226E-1
749,218007	80,000000	80,000000	1,406226E-1
750,218436	80,000000	80,000000	1,406226E-1
750,218436	80,000000	80,000000	1,406226E-1
750,218436	79,800003	80,000000	1,406226E-1
750,218436	79,800003	80,000000	1,406226E-1
750,218436	79,800003	80,000000	1,406762E-1
750,218436	79,800003	80,000000	1,406762E-1
750,218436	79,800003	80,000000	1,406794E-1
750,218436	79,800003	80,000000	1,406826E-1
750,218436	79,800003	80,000000	1,406858E-1
750,218436	79,800003	80,000000	1,406858E-1
751,217783	79,800003	80,000000	1,406890E-1
751,217783	79,800003	80,000000	1,406890E-1
751,217783	79,800003	80,000000	1,406923E-1
751,217783	80,100006	80,000000	1,406955E-1
751,217783	80,100006	80,000000	1,406183E-1
751,217783	80,100006	80,000000	1,406183E-1
751,217783	80,100006	80,000000	1,406167E-1
751,217783	80,100006	80,000000	1,406167E-1
751,217783	80,100006	80,000000	1,406151E-1
751,217783	80,100006	80,000000	1,406151E-1
752,218252	80,100006	80,000000	1,406135E-1
752,218252	80,100006	80,000000	1,406135E-1
752,218252	80,100006	80,000000	1,406118E-1
752,218252	79,900002	80,000000	1,406102E-1
752,218252	79,900002	80,000000	1,406622E-1
752,218252	79,900002	80,000000	1,406622E-1
752,218252	79,900002	80,000000	1,406638E-1
752,218252	79,900002	80,000000	1,406655E-1
752,218252	79,900002	80,000000	1,406655E-1
752,218252	79,900002	80,000000	1,406671E-1
753,219626	79,900002	80,000000	1,406687E-1
753,219626	79,900002	80,000000	1,406687E-1
753,219626	80,000000	80,000000	1,406703E-1
753,219626	80,000000	80,000000	1,406703E-1
753,219626	80,000000	80,000000	1,406451E-1
753,219626	80,000000	80,000000	1,406451E-1
753,219626	80,000000	80,000000	1,406451E-1
753,219626	80,000000	80,000000	1,406451E-1
753,219626	80,000000	80,000000	1,406451E-1
753,219626	80,000000	80,000000	1,406451E-1
754,220082	80,000000	80,000000	1,406451E-1
754,220082	80,000000	80,000000	1,406451E-1
754,220082	80,000000	80,000000	1,406451E-1
754,220082	80,000000	80,000000	1,406451E-1
754,220082	80,000000	80,000000	1,406451E-1
754,220082	80,000000	80,000000	1,406451E-1
754,220082	80,000000	80,000000	1,406451E-1
754,220082	80,000000	80,000000	1,406451E-1
754,220082	80,000000	80,000000	1,406451E-1
754,220082	80,000000	80,000000	1,406451E-1
755,220585	80,000000	80,000000	1,406451E-1
755,220585	80,000000	80,000000	1,406451E-1
755,220585	80,000000	80,000000	1,406451E-1
755,220585	80,000000	80,000000	1,406451E-1
755,220585	80,000000	80,000000	1,406451E-1
755,220585	80,000000	80,000000	1,406451E-1
755,220585	80,000000	80,000000	1,406451E-1
755,220585	80,000000	80,000000	1,406451E-1
755,220585	80,000000	80,000000	1,406451E-1
755,220585	80,000000	80,000000	1,406451E-1
756,220195	80,000000	80,000000	1,406451E-1
756,220195	80,000000	80,000000	1,406451E-1
756,220195	80,000000	80,000000	1,406451E-1
756,220195	80,000000	80,000000	1,406451E-1
756,220195	80,000000	80,000000	1,406451E-1
756,220195	80,000000	80,000000	1,406451E-1
756,220195	80,000000	80,000000	1,406451E-1
756,220195	80,000000	80,000000	1,406451E-1
756,220195	80,000000	80,000000	1,406451E-1
756,220195	80,000000	80,000000	1,406451E-1
757,221660	80,000000	80,000000	1,406451E-1
757,221660	80,000000	80,000000	1,406451E-1
757,221660	80,000000	80,000000	1,406451E-1
757,221660	80,000000	80,000000	1,406451E-1
757,221660	80,000000	80,000000	1,406451E-1
757,221660	80,000000	80,000000	1,406451E-1
757,221660	80,000000	80,000000	1,406451E-1
757,221660	80,000000	80,000000	1,406451E-1
757,221660	80,000000	80,000000	1,406451E-1
757,221660	80,000000	80,000000	1,406451E-1
758,221037	80,099998	80,000000	1,406451E-1
758,221037	80,099998	80,000000	1,406451E-1
758,221037	80,099998	80,000000	1,406451E-1
758,221037	80,099998	80,000000	1,406451E-1
758,221037	80,099998	80,000000	1,406451E-1
758,221037	80,099998	80,000000	1,406451E-1
758,221037	80,099998	80,000000	1,406451E-1
758,221037	80,099998	80,000000	1,406451E-1
758,221037	80,099998	80,000000	1,406451E-1
758,221037	80,099998	80,000000	1,406451E-1
759,221458	80,099998	80,000000	1,406451E-1
759,221458	80,099998	80,000000	1,406451E-1
759,221458	80,099998	80,000000	1,406451E-1
759,221458	80,099998	80,000000	1,406451E-1
759,221458	80,099998	80,000000	1,406451E-1
759,221458	80,099998	80,000000	1,406451E-1
759,221458	80,099998	80,000000	1,406451E-1
759,221458	80,099998	80,000000	1,406183E-1
759,221458	80,099998	80,000000	1,406183E-1
759,221458	80,099998	80,000000	1,406183E-1
760,220874	80,099998	80,000000	1,406183E-1
760,220874	80,099998	80,000000	1,406183E-1
760,220874	80,099998	80,000000	1,406183E-1
760,220874	80,099998	80,000000	1,406183E-1
760,220874	80,099998	80,000000	1,406183E-1
760,220874	80,099998	80,000000	1,406183E-1
760,220874	80,099998	80,000000	1,406183E-1
760,220874	80,099998	80,000000	1,406183E-1
760,220874	80,099998	80,000000	1,406183E-1
760,220874	80,099998	80,000000	1,406183E-1
761,221290	80,099998	80,000000	1,406183E-1
761,221290	80,099998	80,000000	1,406183E-1
761,221290	80,099998	80,000000	1,406183E-1
761,221290	80,099998	80,000000	1,406183E-1
761,221290	80,099998	80,000000	1,406183E-1
761,221290	80,099998	80,000000	1,406167E-1
761,221290	80,199997	80,000000	1,406167E-1
761,221290	80,199997	80,000000	1,406167E-1
761,221290	80,199997	80,000000	1,406167E-1
761,221290	80,199997	80,000000	1,406167E-1
762,221731	80,199997	80,000000	1,406167E-1
762,221731	80,199997	80,000000	1,406167E-1
762,221731	80,199997	80,000000	1,406167E-1
762,221731	80,199997	80,000000	1,406167E-1
762,221731	80,199997	80,000000	1,406167E-1
762,221731	80,199997	80,000000	1,406167E-1
762,221731	80,199997	80,000000	1,406167E-1
762,221731	80,199997	80,000000	1,406167E-1
762,221731	80,199997	80,000000	1,406167E-1
762,221731	80,199997	80,000000	1,406167E-1
763,222223	80,199997	80,000000	1,406167E-1
763,222223	80,199997	80,000000	1,406167E-1
763,222223	80,199997	80,000000	1,405883E-1
763,222223	79,699997	80,000000	1,405883E-1
763,222223	79,699997	80,000000	1,405883E-1
763,222223	79,699997	80,000000	1,405883E-1
763,222223	79,699997	80,000000	1,405883E-1
763,222223	79,699997	80,000000	1,405883E-1
763,222223	79,699997	80,000000	1,405883E-1
763,222223	79,699997	80,000000	1,405883E-1
764,222646	79,699997	80,000000	1,405883E-1
764,222646	79,699997	80,000000	1,405883E-1
764,222646	79,699997	80,000000	1,405883E-1
764,222646	79,699997	80,000000	1,405883E-1
764,222646	79,699997	80,000000	1,405883E-1
764,222646	79,699997	80,000000	1,405883E-1
764,222646	79,699997	80,000000	1,405883E-1
764,222646	79,699997	80,000000	1,405883E-1
764,222646	79,699997	80,000000	1,405883E-1
764,222646	79,699997	80,000000	1,405883E-1
765,223070	79,699997	80,000000	1,407191E-1
765,223070	79,699997	80,000000	1,407191E-1
765,223070	79,699997	80,000000	1,407191E-1
765,223070	79,800003	80,000000	1,406971E-1
765,223070	79,800003	80,000000	1,406971E-1
765,223070	79,800003	80,000000	1,406971E-1
765,223070	79,800003	80,000000	1,407003E-1
765,223070	79,900002	80,000000	1,406767E-1
765,223070	79,900002	80,000000	1,406783E-1
765,223070	79,900002	80,000000	1,406783E-1
766,223982	79,900002	80,000000	1,406799E-1
766,223982	79,900002	80,000000	1,406815E-1
766,223982	79,900002	80,000000	1,406831E-1
766,223982	79,900002	80,000000	1,406831E-1
766,223982	79,900002	80,000000	1,406847E-1
766,223982	79,900002	80,000000	1,406863E-1
766,223982	79,900002	80,000000	1,406879E-1
766,223982	79,900002	80,000000	1,406879E-1
766,223982	79,900002	80,000000	1,406895E-1
766,223982	79,899994	80,000000	1,406895E-1
767,224420	79,899994	80,000000	1,406895E-1
767,224420	79,899994	80,000000	1,406911E-1
767,224420	79,899994	80,000000	1,406927E-1
767,224420	79,899994	80,000000	1,406943E-1
767,224420	79,899994	80,000000	1,406943E-1
767,224420	79,899994	80,000000	1,406959E-1
767,224420	79,899994	80,000000	1,406976E-1
767,224420	79,899994	80,000000	1,406992E-1
767,224420	80,099998	80,000000	1,406472E-1
767,224420	80,099998	80,000000	1,406456E-1
768,223884	80,099998	80,000000	1,406456E-1
768,223884	80,099998	80,000000	1,406439E-1
768,223884	80,099998	80,000000	1,406423E-1
768,223884	80,099998	80,000000	1,406423E-1
768,223884	80,099998	80,000000	1,406407E-1
768,223884	80,099998	80,000000	1,406407E-1
768,223884	80,099998	80,000000	1,406407E-1
768,223884	80,099998	80,000000	1,406391E-1
768,223884	80,099998	80,000000	1,406375E-1
768,223884	79,899994	80,000000	1,406359E-1
769,224360	79,899994	80,000000	1,406359E-1
769,224360	79,899994	80,000000	1,406879E-1
769,224360	79,899994	80,000000	1,406895E-1
769,224360	79,899994	80,000000	1,406895E-1
769,224360	79,899994	80,000000	1,406911E-1
769,224360	79,899994	80,000000	1,406927E-1
769,224360	79,899994	80,000000	1,406943E-1
769,224360	79,899994	80,000000	1,406943E-1
769,224360	79,899994	80,000000	1,406959E-1
769,224360	80,000000	80,000000	1,406959E-1
770,224716	80,000000	80,000000	1,406959E-1
770,224716	80,000000	80,000000	1,406707E-1
770,224716	80,000000	80,000000	1,406707E-1
770,224716	80,000000	80,000000	1,406707E-1
770,224716	80,000000	80,000000	1,406707E-1
770,224716	80,000000	80,000000	1,406707E-1
770,224716	80,000000	80,000000	1,406707E-1
770,224716	80,000000	80,000000	1,406707E-1
770,224716	80,000000	80,000000	1,406707E-1
770,224716	80,000000	80,000000	1,406707E-1
771,224101	80,000000	80,000000	1,406707E-1
771,224101	80,000000	80,000000	1,406707E-1
771,224101	80,000000	80,000000	1,406707E-1
771,224101	80,000000	80,000000	1,406707E-1
771,224101	80,000000	80,000000	1,406707E-1
771,224101	80,000000	80,000000	1,406707E-1
771,224101	80,000000	80,000000	1,406707E-1
771,224101	80,000000	80,000000	1,406707E-1
771,224101	80,000000	80,000000	1,406707E-1
771,224101	80,000000	80,000000	1,406707E-1
772,224534	80,000000	80,000000	1,406707E-1
772,224534	80,000000	80,000000	1,406707E-1
772,224534	80,000000	80,000000	1,406707E-1
772,224534	80,000000	80,000000	1,406707E-1
772,224534	80,000000	80,000000	1,406707E-1
772,224534	80,000000	80,000000	1,406707E-1
772,224534	80,000000	80,000000	1,406707E-1
772,224534	80,000000	80,000000	1,406707E-1
772,224534	80,000000	80,000000	1,406707E-1
772,224534	80,000000	80,000000	1,406707E-1
773,224013	80,000000	80,000000	1,406707E-1
773,224013	80,000000	80,000000	1,406707E-1
773,224013	80,000000	80,000000	1,406707E-1
773,224013	80,000000	80,000000	1,406707E-1
773,224013	80,000000	80,000000	1,406707E-1
773,224013	80,000000	80,000000	1,406707E-1
773,224013	80,000000	80,000000	1,406707E-1
773,224013	80,000000	80,000000	1,406707E-1
773,224013	80,000000	80,000000	1,406707E-1
773,224013	80,000000	80,000000	1,406707E-1
774,225414	80,000000	80,000000	1,406707E-1
774,225414	80,000000	80,000000	1,406707E-1
774,225414	80,000000	80,000000	1,406707E-1
774,225414	80,000000	80,000000	1,406707E-1
774,225414	80,099998	80,000000	1,406707E-1
774,225414	80,099998	80,000000	1,406707E-1
774,225414	80,099998	80,000000	1,406707E-1
774,225414	80,099998	80,000000	1,406707E-1
774,225414	80,099998	80,000000	1,406707E-1
774,225414	80,099998	80,000000	1,406707E-1
775,224850	80,099998	80,000000	1,406707E-1
775,224850	80,099998	80,000000	1,406707E-1
775,224850	80,099998	80,000000	1,406707E-1
775,224850	80,099998	80,000000	1,406707E-1
775,224850	80,099998	80,000000	1,406707E-1
775,224850	80,099998	80,000000	1,406707E-1
775,224850	80,099998	80,000000	1,406707E-1
775,224850	80,099998	80,000000	1,406707E-1
775,224850	80,099998	80,000000	1,406707E-1
775,224850	80,099998	80,000000	1,406707E-1
776,225254	80,099998	80,000000	1,406707E-1
776,225254	80,099998	80,000000	1,406439E-1
776,225254	80,099998	80,000000	1,406439E-1
776,225254	80,099998	80,000000	1,406439E-1
776,225254	80,099998	80,000000	1,406439E-1
776,225254	80,099998	80,000000	1,406439E-1
776,225254	80,099998	80,000000	1,406439E-1
776,225254	80,099998	80,000000	1,406439E-1
776,225254	80,099998	80,000000	1,406439E-1
776,225254	80,099998	80,000000	1,406439E-1
777,225641	80,099998	80,000000	1,406439E-1
777,225641	80,099998	80,000000	1,406439E-1
777,225641	80,099998	80,000000	1,406439E-1
777,225641	80,099998	80,000000	1,406439E-1
777,225641	80,099998	80,000000	1,406439E-1
777,225641	80,099998	80,000000	1,406439E-1
777,225641	80,099998	80,000000	1,406439E-1
777,225641	80,099998	80,000000	1,406439E-1
777,225641	80,099998	80,000000	1,406439E-1
777,225641	80,099998	80,000000	1,406423E-1
778,225146	79,899994	80,000000	1,406423E-1
778,225146	79,899994	80,000000	1,406423E-1
778,225146	79,899994	80,000000	1,406423E-1
778,225146	79,899994	80,000000	1,406423E-1
778,225146	79,899994	80,000000	1,406423E-1
778,225146	79,899994	80,000000	1,406423E-1
778,225146	79,899994	80,000000	1,406423E-1
778,225146	79,899994	80,000000	1,406423E-1
778,225146	79,899994	80,000000	1,406423E-1
778,225146	79,899994	80,000000	1,406423E-1
779,225549	79,899994	80,000000	1,406423E-1
779,225549	79,899994	80,000000	1,406423E-1
779,225549	79,899994	80,000000	1,406423E-1
779,225549	79,899994	80,000000	1,406423E-1
779,225549	79,899994	80,000000	1,406423E-1
779,225549	79,899994	80,000000	1,406423E-1
779,225549	79,899994	80,000000	1,406423E-1
779,225549	79,899994	80,000000	1,406943E-1
779,225549	79,900002	80,000000	1,406943E-1
779,225549	79,900002	80,000000	1,406943E-1
780,224978	79,900002	80,000000	1,406943E-1
780,224978	79,900002	80,000000	1,406943E-1
780,224978	79,900002	80,000000	1,406943E-1
780,224978	79,900002	80,000000	1,406943E-1
780,224978	79,900002	80,000000	1,406943E-1
780,224978	79,900002	80,000000	1,406943E-1
780,224978	79,900002	80,000000	1,406943E-1
780,224978	79,900002	80,000000	1,406943E-1
780,224978	79,900002	80,000000	1,406943E-1
780,224978	79,900002	80,000000	1,406943E-1
781,226402	79,900002	80,000000	1,406943E-1
781,226402	79,900002	80,000000	1,406943E-1
781,226402	79,900002	80,000000	1,406943E-1
781,226402	79,900002	80,000000	1,406943E-1
781,226402	79,900002	80,000000	1,406959E-1
781,226402	79,900002	80,000000	1,406959E-1
781,226402	79,900002	80,000000	1,406959E-1
781,226402	79,900002	80,000000	1,406976E-1
781,226402	79,900002	80,000000	1,406976E-1
781,226402	79,900002	80,000000	1,406976E-1
782,225781	79,900002	80,000000	1,406992E-1
782,225781	79,599998	80,000000	1,406992E-1
782,225781	79,599998	80,000000	1,407812E-1
782,225781	79,599998	80,000000	1,407876E-1
782,225781	79,599998	80,000000	1,407940E-1
782,225781	79,599998	80,000000	1,408004E-1
782,225781	79,599998	80,000000	1,408068E-1
782,225781	79,599998	80,000000	1,408068E-1
782,225781	79,599998	80,000000	1,408133E-1
782,225781	79,599998	80,000000	1,408197E-1
783,225792	79,599998	80,000000	1,408197E-1
783,225792	79,599998	80,000000	1,408261E-1
783,225792	80,000000	80,000000	1,408325E-1
783,225792	80,000000	80,000000	1,408325E-1
783,225792	80,000000	80,000000	1,408325E-1
783,225792	80,000000	80,000000	1,407317E-1
783,225792	80,000000	80,000000	1,407317E-1
783,225792	80,000000	80,000000	1,407317E-1
783,225792	80,000000	80,000000	1,407317E-1
783,225792	80,000000	80,000000	1,407317E-1
784,226202	80,000000	80,000000	1,407317E-1
784,226202	80,000000	80,000000	1,407317E-1
784,226202	80,300003	80,000000	1,407317E-1
784,226202	80,300003	80,000000	1,407317E-1
784,226202	80,300003	80,000000	1,406513E-1
784,226202	80,300003	80,000000	1,406465E-1
784,226202	80,300003	80,000000	1,406417E-1
784,226202	80,300003	80,000000	1,406417E-1
784,226202	80,300003	80,000000	1,406417E-1
784,226202	80,300003	80,000000	1,406369E-1
785,226604	80,300003	80,000000	1,406369E-1
785,226604	80,300003	80,000000	1,406321E-1
785,226604	80,000000	80,000000	1,406273E-1
785,226604	80,000000	80,000000	1,406273E-1
785,226604	80,000000	80,000000	1,407028E-1
785,226604	80,000000	80,000000	1,407028E-1
785,226604	80,000000	80,000000	1,407028E-1
785,226604	80,000000	80,000000	1,407028E-1
785,226604	80,000000	80,000000	1,407028E-1
785,226604	80,000000	80,000000	1,407028E-1
786,226047	80,000000	80,000000	1,407028E-1
786,226047	80,000000	80,000000	1,407028E-1
786,226047	80,000000	80,000000	1,407028E-1
786,226047	80,000000	80,000000	1,407028E-1
786,226047	80,000000	80,000000	1,407028E-1
786,226047	80,000000	80,000000	1,407028E-1
786,226047	80,000000	80,000000	1,407028E-1
786,226047	80,000000	80,000000	1,407028E-1
786,226047	80,000000	80,000000	1,407028E-1
786,226047	80,000000	80,000000	1,407028E-1
787,226484	80,000000	80,000000	1,407028E-1
787,226484	80,000000	80,000000	1,407028E-1
787,226484	80,000000	80,000000	1,407028E-1
787,226484	79,699997	80,000000	1,407028E-1
787,226484	79,699997	80,000000	1,407833E-1
787,226484	79,699997	80,000000	1,407833E-1
787,226484	79,699997	80,000000	1,407881E-1
787,226484	79,699997	80,000000	1,407881E-1
787,226484	79,699997	80,000000	1,407929E-1
787,226484	79,699997	80,000000	1,407929E-1
788,225878	79,699997	80,000000	1,407929E-1
788,225878	79,699997	80,000000	1,407977E-1
788,225878	79,699997	80,000000	1,407977E-1
788,225878	79,699997	80,000000	1,407977E-1
788,225878	79,699997	80,000000	1,407977E-1
788,225878	79,699997	80,000000	1,407977E-1
788,225878	79,699997	80,000000	1,407977E-1
788,225878	79,699997	80,000000	1,407977E-1
788,225878	79,699997	80,000000	1,407977E-1
788,225878	79,699997	80,000000	1,407977E-1
789,226354	79,699997	80,000000	1,407977E-1
789,226354	79,699997	80,000000	1,407977E-1
789,226354	79,699997	80,000000	1,407977E-1
789,226354	79,699997	80,000000	1,407977E-1
789,226354	79,699997	80,000000	1,407977E-1
789,226354	79,699997	80,000000	1,407977E-1
789,226354	79,699997	80,000000	1,407977E-1
789,226354	79,699997	80,000000	1,407977E-1
789,226354	79,699997	80,000000	1,407977E-1
789,226354	79,699997	80,000000	1,407977E-1
790,225815	79,699997	80,000000	1,407977E-1
790,225815	79,699997	80,000000	1,407977E-1
790,225815	79,699997	80,000000	1,407977E-1
790,225815	79,699997	80,000000	1,407977E-1
790,225815	79,699997	80,000000	1,407977E-1
790,225815	79,699997	80,000000	1,407977E-1
790,225815	80,199997	80,000000	1,408025E-1
790,225815	80,199997	80,000000	1,408025E-1
790,225815	80,199997	80,000000	1,408025E-1
790,225815	80,199997	80,000000	1,408025E-1
791,226192	80,199997	80,000000	1,408025E-1
791,226192	80,199997	80,000000	1,408025E-1
791,226192	80,199997	80,000000	1,408025E-1
791,226192	80,199997	80,000000	1,408025E-1
791,226192	80,199997	80,000000	1,408025E-1
791,226192	80,199997	80,000000	1,408025E-1
791,226192	80,199997	80,000000	1,408025E-1
791,226192	80,199997	80,000000	1,408025E-1
791,226192	80,199997	80,000000	1,408025E-1
791,226192	80,199997	80,000000	1,408025E-1
792,226574	80,199997	80,000000	1,408025E-1
792,226574	80,199997	80,000000	1,406733E-1
792,226574	80,199997	80,000000	1,406733E-1
792,226574	80,199997	80,000000	1,406733E-1
792,226574	79,900002	80,000000	1,406733E-1
792,226574	79,900002	80,000000	1,406733E-1
792,226574	79,900002	80,000000	1,406733E-1
792,226574	79,900002	80,000000	1,406733E-1
792,226574	79,900002	80,000000	1,406733E-1
792,226574	79,900002	80,000000	1,406733E-1
793,226032	79,900002	80,000000	1,406733E-1
793,226032	79,900002	80,000000	1,406733E-1
793,226032	79,900002	80,000000	1,406733E-1
793,226032	79,900002	80,000000	1,406733E-1
793,226032	79,900002	80,000000	1,406733E-1
793,226032	79,900002	80,000000	1,406733E-1
793,226032	79,900002	80,000000	1,406733E-1
793,226032	79,900002	80,000000	1,406733E-1
793,226032	79,900002	80,000000	1,406733E-1
793,226032	79,900002	80,000000	1,407505E-1
794,226482	79,900002	80,000000	1,407505E-1
794,226482	79,900002	80,000000	1,407505E-1
794,226482	79,900002	80,000000	1,407505E-1
794,226482	79,900002	80,000000	1,407505E-1
794,226482	79,900002	80,000000	1,407505E-1
794,226482	79,900002	80,000000	1,407505E-1
794,226482	79,900002	80,000000	1,407505E-1
794,226482	79,900002	80,000000	1,407505E-1
794,226482	79,900002	80,000000	1,407505E-1
794,226482	79,900002	80,000000	1,407505E-1
795,226919	79,900002	80,000000	1,407505E-1
795,226919	79,900002	80,000000	1,407505E-1
795,226919	79,900002	80,000000	1,407505E-1
795,226919	79,900002	80,000000	1,407505E-1
795,226919	79,900002	80,000000	1,407505E-1
795,226919	79,900002	80,000000	1,407505E-1
795,226919	80,000000	80,000000	1,407521E-1
795,226919	80,000000	80,000000	1,407521E-1
795,226919	80,000000	80,000000	1,407521E-1
795,226919	80,000000	80,000000	1,407521E-1
796,228312	80,000000	80,000000	1,407521E-1
796,228312	80,000000	80,000000	1,407521E-1
796,228312	80,000000	80,000000	1,407521E-1
796,228312	80,000000	80,000000	1,407521E-1
796,228312	80,000000	80,000000	1,407521E-1
796,228312	80,000000	80,000000	1,407521E-1
796,228312	80,000000	80,000000	1,407521E-1
796,228312	80,000000	80,000000	1,407521E-1
796,228312	80,000000	80,000000	1,407521E-1
796,228312	80,000000	80,000000	1,407521E-1
797,229718	80,000000	80,000000	1,407521E-1
797,229718	80,000000	80,000000	1,407521E-1
797,229718	80,000000	80,000000	1,407521E-1
797,229718	80,000000	80,000000	1,407521E-1
797,229718	80,000000	80,000000	1,407269E-1
797,229718	80,000000	80,000000	1,407269E-1
797,229718	80,000000	80,000000	1,407269E-1
797,229718	80,000000	80,000000	1,407269E-1
797,229718	80,000000	80,000000	1,407269E-1
797,229718	80,000000	80,000000	1,407269E-1
798,229151	80,000000	80,000000	1,407269E-1
798,229151	80,000000	80,000000	1,407269E-1
798,229151	80,000000	80,000000	1,407269E-1
798,229151	80,000000	80,000000	1,407269E-1
798,229151	80,000000	80,000000	1,407269E-1
798,229151	80,000000	80,000000	1,407269E-1
798,229151	80,000000	80,000000	1,407269E-1
798,229151	80,000000	80,000000	1,407269E-1
798,229151	80,000000	80,000000	1,407269E-1
798,229151	80,000000	80,000000	1,407269E-1
799,230169	80,000000	80,000000	1,407269E-1
799,230169	80,000000	80,000000	1,407269E-1
799,230169	80,099998	80,000000	1,407269E-1
799,230169	80,099998	80,000000	1,407269E-1
799,230169	80,000000	80,000000	1,407001E-1
799,230169	80,000000	80,000000	1,407001E-1
799,230169	80,000000	80,000000	1,407001E-1
799,230169	80,000000	80,000000	1,407253E-1
799,230169	80,000000	80,000000	1,407253E-1
799,230169	80,099998	80,000000	1,407253E-1
800,230579	80,099998	80,000000	1,406985E-1
800,230579	80,099998	80,000000	1,406969E-1
800,230579	80,099998	80,000000	1,406953E-1
800,230579	80,099998	80,000000	1,406953E-1
800,230579	80,099998	80,000000	1,406937E-1
800,230579	80,099998	80,000000	1,406937E-1
800,230579	80,099998	80,000000	1,406921E-1
800,230579	80,099998	80,000000	1,406921E-1
800,230579	79,899994	80,000000	1,406905E-1
800,230579	79,899994	80,000000	1,407425E-1
801,230017	79,899994	80,000000	1,407425E-1
801,230017	79,899994	80,000000	1,407441E-1
801,230017	79,899994	80,000000	1,407441E-1
801,230017	79,899994	80,000000	1,407441E-1
801,230017	79,899994	80,000000	1,407457E-1
801,230017	79,899994	80,000000	1,407473E-1
801,230017	79,899994	80,000000	1,407489E-1
801,230017	79,899994	80,000000	1,407505E-1
801,230017	79,899994	80,000000	1,407505E-1
801,230017	79,899994	80,000000	1,407521E-1
802,230483	79,899994	80,000000	1,407537E-1
802,230483	79,899994	80,000000	1,407537E-1
802,230483	79,899994	80,000000	1,407553E-1
802,230483	79,899994	80,000000	1,407569E-1
802,230483	79,899994	80,000000	1,407569E-1
802,230483	79,899994	80,000000	1,407569E-1
802,230483	79,899994	80,000000	1,407585E-1
802,230483	79,899994	80,000000	1,407585E-1
802,230483	79,899994	80,000000	1,407601E-1
802,230483	79,899994	80,000000	1,407618E-1
803,229844	79,899994	80,000000	1,407618E-1
803,229844	79,899994	80,000000	1,407634E-1
803,229844	79,899994	80,000000	1,407634E-1
803,229844	79,899994	80,000000	1,407650E-1
803,229844	79,899994	80,000000	1,407666E-1
803,229844	79,899994	80,000000	1,407666E-1
803,229844	79,899994	80,000000	1,407682E-1
803,229844	79,899994	80,000000	1,407698E-1
803,229844	79,899994	80,000000	1,407714E-1
803,229844	79,899994	80,000000	1,407714E-1
804,230270	79,899994	80,000000	1,407714E-1
804,230270	79,899994	80,000000	1,407730E-1
804,230270	79,900002	80,000000	1,407730E-1
804,230270	79,900002	80,000000	1,407746E-1
804,230270	79,900002	80,000000	1,407762E-1
804,230270	79,900002	80,000000	1,407778E-1
804,230270	79,900002	80,000000	1,407794E-1
804,230270	79,900002	80,000000	1,407794E-1
804,230270	79,900002	80,000000	1,407810E-1
804,230270	79,900002	80,000000	1,407826E-1
805,230705	79,900002	80,000000	1,407826E-1
805,230705	79,800003	80,000000	1,407842E-1
805,230705	79,800003	80,000000	1,407842E-1
805,230705	79,800003	80,000000	1,407842E-1
805,230705	79,800003	80,000000	1,408126E-1
805,230705	79,800003	80,000000	1,408126E-1
805,230705	79,800003	80,000000	1,408126E-1
805,230705	79,800003	80,000000	1,408126E-1
805,230705	79,800003	80,000000	1,408158E-1
805,230705	79,800003	80,000000	1,408158E-1
806,230142	79,800003	80,000000	1,408158E-1
806,230142	79,800003	80,000000	1,408158E-1
806,230142	79,800003	80,000000	1,408158E-1
806,230142	79,800003	80,000000	1,408158E-1
806,230142	79,800003	80,000000	1,408158E-1
806,230142	79,800003	80,000000	1,408158E-1
806,230142	79,800003	80,000000	1,408158E-1
806,230142	79,800003	80,000000	1,408158E-1
806,230142	79,800003	80,000000	1,408158E-1
806,230142	79,800003	80,000000	1,408158E-1
807,230537	79,800003	80,000000	1,408158E-1
807,230537	79,800003	80,000000	1,408158E-1
807,230537	79,800003	80,000000	1,408158E-1
807,230537	79,800003	80,000000	1,408158E-1
807,230537	79,800003	80,000000	1,408158E-1
807,230537	79,800003	80,000000	1,408158E-1
807,230537	79,800003	80,000000	1,408158E-1
807,230537	79,800003	80,000000	1,408158E-1
807,230537	79,800003	80,000000	1,408158E-1
807,230537	79,800003	80,000000	1,408158E-1
808,229965	79,800003	80,000000	1,408158E-1
808,229965	79,800003	80,000000	1,408158E-1
808,229965	79,800003	80,000000	1,408190E-1
808,229965	79,800003	80,000000	1,408190E-1
808,229965	79,800003	80,000000	1,408190E-1
808,229965	79,800003	80,000000	1,408190E-1
808,229965	79,800003	80,000000	1,408190E-1
808,229965	79,800003	80,000000	1,408190E-1
808,229965	79,800003	80,000000	1,408190E-1
808,229965	79,800003	80,000000	1,408190E-1
809,230440	79,800003	80,000000	1,408190E-1
809,230440	79,800003	80,000000	1,408190E-1
809,230440	79,800003	80,000000	1,408190E-1
809,230440	79,800003	80,000000	1,408190E-1
809,230440	79,800003	80,000000	1,408190E-1
809,230440	79,800003	80,000000	1,408190E-1
809,230440	79,800003	80,000000	1,408190E-1
809,230440	79,800003	80,000000	1,408190E-1
809,230440	79,800003	80,000000	1,408223E-1
809,230440	79,800003	80,000000	1,408223E-1
810,229839	79,800003	80,000000	1,408223E-1
810,229839	79,800003	80,000000	1,408223E-1
810,229839	79,800003	80,000000	1,408223E-1
810,229839	79,800003	80,000000	1,408223E-1
810,229839	79,800003	80,000000	1,408223E-1
810,229839	79,800003	80,000000	1,408223E-1
810,229839	79,800003	80,000000	1,408223E-1
810,229839	79,800003	80,000000	1,408223E-1
810,229839	79,800003	80,000000	1,408223E-1
810,229839	79,800003	80,000000	1,408223E-1
811,230261	79,800003	80,000000	1,408223E-1
811,230261	79,800003	80,000000	1,408223E-1
811,230261	79,800003	80,000000	1,408223E-1
811,230261	79,800003	80,000000	1,408223E-1
811,230261	79,800003	80,000000	1,408223E-1
811,230261	79,800003	80,000000	1,408255E-1
811,230261	79,800003	80,000000	1,408255E-1
811,230261	79,800003	80,000000	1,408255E-1
811,230261	79,800003	80,000000	1,408255E-1
811,230261	79,800003	80,000000	1,408255E-1
812,230726	79,800003	80,000000	1,408255E-1
812,230726	79,800003	80,000000	1,408255E-1
812,230726	79,800003	80,000000	1,408255E-1
812,230726	79,800003	80,000000	1,408255E-1
812,230726	79,800003	80,000000	1,408255E-1
812,230726	79,800003	80,000000	1,408255E-1
812,230726	79,800003	80,000000	1,408255E-1
812,230726	79,800003	80,000000	1,408255E-1
812,230726	79,800003	80,000000	1,408255E-1
812,230726	79,800003	80,000000	1,408255E-1
813,230105	79,800003	80,000000	1,408255E-1
813,230105	79,800003	80,000000	1,408255E-1
813,230105	79,800003	80,000000	1,408287E-1
813,230105	80,099998	80,000000	1,408287E-1
813,230105	80,099998	80,000000	1,408287E-1
813,230105	80,099998	80,000000	1,408287E-1
813,230105	80,099998	80,000000	1,408287E-1
813,230105	80,099998	80,000000	1,408287E-1
813,230105	80,099998	80,000000	1,408287E-1
813,230105	80,099998	80,000000	1,408287E-1
814,230131	80,099998	80,000000	1,408287E-1
814,230131	80,099998	80,000000	1,408287E-1
814,230131	80,099998	80,000000	1,408287E-1
814,230131	80,099998	80,000000	1,408287E-1
814,230131	80,099998	80,000000	1,408287E-1
814,230131	80,099998	80,000000	1,408287E-1
814,230131	80,099998	80,000000	1,408287E-1
814,230131	80,099998	80,000000	1,408287E-1
814,230131	80,099998	80,000000	1,408287E-1
814,230131	80,099998	80,000000	1,408287E-1
815,230603	80,099998	80,000000	1,407515E-1
815,230603	80,099998	80,000000	1,407515E-1
815,230603	80,099998	80,000000	1,407515E-1
815,230603	80,099998	80,000000	1,407515E-1
815,230603	80,099998	80,000000	1,407515E-1
815,230603	80,099998	80,000000	1,407515E-1
815,230603	80,099998	80,000000	1,407515E-1
815,230603	80,099998	80,000000	1,407515E-1
815,230603	80,099998	80,000000	1,407515E-1
815,230603	80,099998	80,000000	1,407515E-1
816,231023	80,099998	80,000000	1,407515E-1
816,231023	80,099998	80,000000	1,407515E-1
816,231023	80,099998	80,000000	1,407515E-1
816,231023	80,099998	80,000000	1,407515E-1
816,231023	80,099998	80,000000	1,407515E-1
816,231023	80,099998	80,000000	1,407515E-1
816,231023	80,099998	80,000000	1,407515E-1
816,231023	80,099998	80,000000	1,407515E-1
816,231023	80,099998	80,000000	1,407499E-1
816,231023	80,099998	80,000000	1,407499E-1
817,231419	80,099998	80,000000	1,407499E-1
817,231419	80,100006	80,000000	1,407483E-1
817,231419	80,100006	80,000000	1,407483E-1
817,231419	80,100006	80,000000	1,407483E-1
817,231419	80,100006	80,000000	1,407467E-1
817,231419	79,800003	80,000000	1,407467E-1
817,231419	79,800003	80,000000	1,408255E-1
817,231419	79,800003	80,000000	1,408287E-1
817,231419	79,800003	80,000000	1,408287E-1
817,231419	79,800003	80,000000	1,408319E-1
818,230873	79,800003	80,000000	1,408351E-1
818,230873	79,800003	80,000000	1,408383E-1
818,230873	79,800003	80,000000	1,408383E-1
818,230873	79,800003	80,000000	1,408415E-1
818,230873	79,800003	80,000000	1,408447E-1
818,230873	79,800003	80,000000	1,408447E-1
818,230873	80,199997	80,000000	1,408479E-1
818,230873	80,199997	80,000000	1,408479E-1
818,230873	80,199997	80,000000	1,408479E-1
818,230873	80,199997	80,000000	1,407439E-1
819,231293	80,199997	80,000000	1,407407E-1
819,231293	80,199997	80,000000	1,407407E-1
819,231293	80,199997	80,000000	1,407375E-1
819,231293	80,199997	80,000000	1,407343E-1
819,231293	80,199997	80,000000	1,407311E-1
819,231293	80,199997	80,000000	1,407311E-1
819,231293	79,899994	80,000000	1,407279E-1
819,231293	79,899994	80,000000	1,408051E-1
819,231293	79,899994	80,000000	1,408051E-1
819,231293	79,899994	80,000000	1,408067E-1
820,231719	79,899994	80,000000	1,408083E-1
820,231719	79,899994	80,000000	1,408083E-1
820,231719	79,899994	80,000000	1,408099E-1
820,231719	79,899994	80,000000	1,408099E-1
820,231719	79,899994	80,000000	1,408099E-1
820,231719	79,899994	80,000000	1,408115E-1
820,231719	79,899994	80,000000	1,408131E-1
820,231719	80,000000	80,000000	1,408147E-1
820,231719	80,000000	80,000000	1,407895E-1
820,231719	80,000000	80,000000	1,407895E-1
821,231143	80,000000	80,000000	1,407895E-1
821,231143	80,000000	80,000000	1,407895E-1
821,231143	80,000000	80,000000	1,407895E-1
821,231143	80,000000	80,000000	1,407895E-1
821,231143	80,000000	80,000000	1,407895E-1
821,231143	80,000000	80,000000	1,407895E-1
821,231143	80,000000	80,000000	1,407895E-1
821,231143	79,900002	80,000000	1,407895E-1
821,231143	79,900002	80,000000	1,407895E-1
821,231143	79,900002	80,000000	1,408163E-1
822,232518	79,900002	80,000000	1,408179E-1
822,232518	79,900002	80,000000	1,408179E-1
822,232518	79,900002	80,000000	1,408195E-1
822,232518	79,900002	80,000000	1,408211E-1
822,232518	79,900002	80,000000	1,408211E-1
822,232518	79,900002	80,000000	1,408227E-1
822,232518	79,900002	80,000000	1,408243E-1
822,232518	79,899994	80,000000	1,408243E-1
822,232518	79,899994	80,000000	1,408243E-1
822,232518	79,899994	80,000000	1,408260E-1
823,231933	79,899994	80,000000	1,408260E-1
823,231933	79,899994	80,000000	1,408260E-1
823,231933	79,899994	80,000000	1,408260E-1
823,231933	79,899994	80,000000	1,408276E-1
823,231933	79,899994	80,000000	1,408276E-1
823,231933	79,899994	80,000000	1,408276E-1
823,231933	79,899994	80,000000	1,408276E-1
823,231933	79,899994	80,000000	1,408276E-1
823,231933	79,899994	80,000000	1,408276E-1
823,231933	79,899994	80,000000	1,408276E-1
824,232447	79,899994	80,000000	1,408276E-1
824,232447	79,899994	80,000000	1,408276E-1
824,232447	79,899994	80,000000	1,408276E-1
824,232447	79,899994	80,000000	1,408276E-1
824,232447	79,899994	80,000000	1,408276E-1
824,232447	79,899994	80,000000	1,408276E-1
824,232447	79,899994	80,000000	1,408276E-1
824,232447	79,899994	80,000000	1,408276E-1
824,232447	79,899994	80,000000	1,408276E-1
824,232447	79,899994	80,000000	1,408276E-1
825,231842	79,899994	80,000000	1,408276E-1
825,231842	79,899994	80,000000	1,408276E-1
825,231842	79,899994	80,000000	1,408276E-1
825,231842	79,899994	80,000000	1,408276E-1
825,231842	79,899994	80,000000	1,408276E-1
825,231842	79,899994	80,000000	1,408276E-1
825,231842	79,899994	80,000000	1,408276E-1
825,231842	79,899994	80,000000	1,408276E-1
825,231842	79,899994	80,000000	1,408276E-1
825,231842	79,899994	80,000000	1,408276E-1
826,231904	79,899994	80,000000	1,408276E-1
826,231904	79,899994	80,000000	1,408276E-1
826,231904	79,899994	80,000000	1,408276E-1
826,231904	79,899994	80,000000	1,408276E-1
826,231904	79,899994	80,000000	1,408276E-1
826,231904	79,899994	80,000000	1,408276E-1
826,231904	79,899994	80,000000	1,408276E-1
826,231904	79,899994	80,000000	1,408276E-1
826,231904	79,899994	80,000000	1,408276E-1
826,231904	79,899994	80,000000	1,408276E-1
827,232296	79,899994	80,000000	1,408276E-1
827,232296	79,899994	80,000000	1,408276E-1
827,232296	79,899994	80,000000	1,408276E-1
827,232296	79,899994	80,000000	1,408292E-1
827,232296	79,800003	80,000000	1,408292E-1
827,232296	79,800003	80,000000	1,408292E-1
827,232296	79,800003	80,000000	1,408292E-1
827,232296	79,800003	80,000000	1,408292E-1
827,232296	79,800003	80,000000	1,408292E-1
827,232296	79,800003	80,000000	1,408292E-1
828,232702	79,800003	80,000000	1,408292E-1
828,232702	79,800003	80,000000	1,408292E-1
828,232702	79,800003	80,000000	1,408292E-1
828,232702	79,800003	80,000000	1,408292E-1
828,232702	79,800003	80,000000	1,408292E-1
828,232702	79,800003	80,000000	1,408292E-1
828,232702	79,800003	80,000000	1,408292E-1
828,232702	79,800003	80,000000	1,408292E-1
828,232702	79,800003	80,000000	1,408292E-1
828,232702	79,800003	80,000000	1,408292E-1
829,233153	79,800003	80,000000	1,408576E-1
829,233153	79,800003	80,000000	1,408576E-1
829,233153	79,800003	80,000000	1,408576E-1
829,233153	79,800003	80,000000	1,408576E-1
829,233153	79,800003	80,000000	1,408576E-1
829,233153	79,800003	80,000000	1,408576E-1
829,233153	79,800003	80,000000	1,408576E-1
829,233153	79,800003	80,000000	1,408576E-1
829,233153	79,800003	80,000000	1,408576E-1
829,233153	79,800003	80,000000	1,408576E-1
830,233544	79,800003	80,000000	1,408576E-1
830,233544	79,800003	80,000000	1,408576E-1
830,233544	79,800003	80,000000	1,408576E-1
830,233544	79,800003	80,000000	1,408576E-1
830,233544	79,800003	80,000000	1,408576E-1
830,233544	79,800003	80,000000	1,408576E-1
830,233544	79,800003	80,000000	1,408576E-1
830,233544	79,800003	80,000000	1,408576E-1
830,233544	80,300003	80,000000	1,408608E-1
830,233544	80,300003	80,000000	1,408608E-1
831,232966	80,300003	80,000000	1,408608E-1
831,232966	80,300003	80,000000	1,408608E-1
831,232966	80,300003	80,000000	1,408608E-1
831,232966	80,300003	80,000000	1,408608E-1
831,232966	80,300003	80,000000	1,408608E-1
831,232966	80,300003	80,000000	1,408608E-1
831,232966	80,300003	80,000000	1,408608E-1
831,232966	80,300003	80,000000	1,408608E-1
831,232966	80,300003	80,000000	1,408608E-1
831,232966	80,300003	80,000000	1,408608E-1
832,234421	80,300003	80,000000	1,408608E-1
832,234421	80,300003	80,000000	1,408608E-1
832,234421	80,300003	80,000000	1,408608E-1
832,234421	80,300003	80,000000	1,408608E-1
832,234421	80,300003	80,000000	1,408608E-1
832,234421	80,300003	80,000000	1,407300E-1
832,234421	80,300003	80,000000	1,407300E-1
832,234421	80,300003	80,000000	1,407300E-1
832,234421	80,300003	80,000000	1,407300E-1
832,234421	80,300003	80,000000	1,407300E-1
833,234872	80,300003	80,000000	1,407300E-1
833,234872	80,300003	80,000000	1,407300E-1
833,234872	80,300003	80,000000	1,407300E-1
833,234872	80,300003	80,000000	1,407300E-1
833,234872	80,300003	80,000000	1,407300E-1
833,234872	80,300003	80,000000	1,407300E-1
833,234872	80,300003	80,000000	1,407300E-1
833,234872	80,300003	80,000000	1,407300E-1
833,234872	80,300003	80,000000	1,407300E-1
833,234872	80,300003	80,000000	1,407300E-1
834,235241	80,300003	80,000000	1,407300E-1
834,235241	80,300003	80,000000	1,407300E-1
834,235241	80,300003	80,000000	1,407300E-1
834,235241	79,699997	80,000000	1,407252E-1
834,235241	79,699997	80,000000	1,407252E-1
834,235241	79,699997	80,000000	1,407252E-1
834,235241	79,599998	80,000000	1,408812E-1
834,235241	79,599998	80,000000	1,408812E-1
834,235241	79,599998	80,000000	1,409128E-1
834,235241	80,099998	80,000000	1,409192E-1
835,235722	80,099998	80,000000	1,409192E-1
835,235722	80,099998	80,000000	1,407916E-1
835,235722	80,099998	80,000000	1,407900E-1
835,235722	80,099998	80,000000	1,407900E-1
835,235722	80,099998	80,000000	1,407884E-1
835,235722	80,099998	80,000000	1,407868E-1
835,235722	80,099998	80,000000	1,407852E-1
835,235722	80,099998	80,000000	1,407852E-1
835,235722	80,000000	80,000000	1,407836E-1
835,235722	80,000000	80,000000	1,407836E-1
836,235096	80,000000	80,000000	1,408088E-1
836,235096	80,000000	80,000000	1,408088E-1
836,235096	80,000000	80,000000	1,408088E-1
836,235096	80,000000	80,000000	1,408088E-1
836,235096	80,000000	80,000000	1,408088E-1
836,235096	80,000000	80,000000	1,408088E-1
836,235096	80,000000	80,000000	1,408088E-1
836,235096	80,000000	80,000000	1,408088E-1
836,235096	80,000000	80,000000	1,408088E-1
836,235096	80,000000	80,000000	1,408088E-1
837,235564	80,000000	80,000000	1,408088E-1
837,235564	80,000000	80,000000	1,408088E-1
837,235564	80,000000	80,000000	1,408088E-1
837,235564	80,000000	80,000000	1,408088E-1
837,235564	80,000000	80,000000	1,408088E-1
837,235564	80,000000	80,000000	1,408088E-1
837,235564	80,000000	80,000000	1,408088E-1
837,235564	80,000000	80,000000	1,408088E-1
837,235564	80,000000	80,000000	1,408088E-1
837,235564	80,000000	80,000000	1,408088E-1
838,234992	80,000000	80,000000	1,408088E-1
838,234992	80,000000	80,000000	1,408088E-1
838,234992	80,000000	80,000000	1,408088E-1
838,234992	80,000000	80,000000	1,408088E-1
838,234992	80,000000	80,000000	1,408088E-1
838,234992	80,000000	80,000000	1,408088E-1
838,234992	80,000000	80,000000	1,408088E-1
838,234992	80,000000	80,000000	1,408088E-1
838,234992	80,000000	80,000000	1,408088E-1
838,234992	80,000000	80,000000	1,408088E-1
839,236378	80,000000	80,000000	1,408088E-1
839,236378	80,000000	80,000000	1,408088E-1
839,236378	80,000000	80,000000	1,408088E-1
839,236378	80,000000	80,000000	1,408088E-1
839,236378	80,000000	80,000000	1,408088E-1
839,236378	80,000000	80,000000	1,408088E-1
839,236378	80,000000	80,000000	1,408088E-1
839,236378	80,000000	80,000000	1,408088E-1
839,236378	79,900002	80,000000	1,408088E-1
839,236378	79,900002	80,000000	1,408088E-1
840,236805	79,900002	80,000000	1,408088E-1
840,236805	79,900002	80,000000	1,408088E-1
840,236805	79,900002	80,000000	1,408088E-1
840,236805	79,900002	80,000000	1,408088E-1
840,236805	79,900002	80,000000	1,408088E-1
840,236805	79,900002	80,000000	1,408088E-1
840,236805	79,900002	80,000000	1,408088E-1
840,236805	79,900002	80,000000	1,408088E-1
840,236805	79,900002	80,000000	1,408088E-1
840,236805	79,900002	80,000000	1,408088E-1
841,238281	79,900002	80,000000	1,408088E-1
841,238281	79,900002	80,000000	1,408088E-1
841,238281	79,900002	80,000000	1,408088E-1
841,238281	79,900002	80,000000	1,408088E-1
841,238281	79,900002	80,000000	1,408088E-1
841,238281	79,900002	80,000000	1,408088E-1
841,238281	79,900002	80,000000	1,408088E-1
841,238281	79,900002	80,000000	1,408088E-1
841,238281	79,900002	80,000000	1,408088E-1
841,238281	79,900002	80,000000	1,408088E-1
842,239656	79,900002	80,000000	1,408088E-1
842,239656	79,900002	80,000000	1,408088E-1
842,239656	79,900002	80,000000	1,408356E-1
842,239656	79,900002	80,000000	1,408356E-1
842,239656	79,900002	80,000000	1,408356E-1
842,239656	79,900002	80,000000	1,408356E-1
842,239656	79,900002	80,000000	1,408356E-1
842,239656	79,900002	80,000000	1,408356E-1
842,239656	79,900002	80,000000	1,408356E-1
842,239656	79,900002	80,000000	1,408356E-1
843,240069	79,900002	80,000000	1,408356E-1
843,240069	79,900002	80,000000	1,408356E-1
843,240069	79,900002	80,000000	1,408356E-1
843,240069	79,900002	80,000000	1,408356E-1
843,240069	79,900002	80,000000	1,408356E-1
843,240069	79,900002	80,000000	1,408356E-1
843,240069	79,900002	80,000000	1,408356E-1
843,240069	79,900002	80,000000	1,408356E-1
843,240069	79,900002	80,000000	1,408356E-1
843,240069	79,900002	80,000000	1,408356E-1
844,240509	79,900002	80,000000	1,408372E-1
844,240509	79,900002	80,000000	1,408372E-1
844,240509	79,899994	80,000000	1,408372E-1
844,240509	79,899994	80,000000	1,408372E-1
844,240509	79,899994	80,000000	1,408372E-1
844,240509	79,899994	80,000000	1,408372E-1
844,240509	79,899994	80,000000	1,408372E-1
844,240509	79,899994	80,000000	1,408372E-1
844,240509	79,899994	80,000000	1,408372E-1
844,240509	79,899994	80,000000	1,408372E-1
845,239936	79,899994	80,000000	1,408372E-1
845,239936	79,899994	80,000000	1,408372E-1
845,239936	79,899994	80,000000	1,408372E-1
845,239936	79,899994	80,000000	1,408372E-1
845,239936	79,899994	80,000000	1,408372E-1
845,239936	79,899994	80,000000	1,408372E-1
845,239936	79,899994	80,000000	1,408372E-1
845,239936	79,899994	80,000000	1,408388E-1
845,239936	79,899994	80,000000	1,408388E-1
845,239936	79,899994	80,000000	1,408388E-1
846,240331	79,899994	80,000000	1,408388E-1
846,240331	79,899994	80,000000	1,408388E-1
846,240331	79,899994	80,000000	1,408388E-1
846,240331	79,899994	80,000000	1,408388E-1
846,240331	79,899994	80,000000	1,408388E-1
846,240331	79,899994	80,000000	1,408388E-1
846,240331	79,899994	80,000000	1,408388E-1
846,240331	79,899994	80,000000	1,408388E-1
846,240331	79,899994	80,000000	1,408388E-1
846,240331	79,899994	80,000000	1,408388E-1
847,239759	79,899994	80,000000	1,408388E-1
847,239759	79,899994	80,000000	1,408388E-1
847,239759	79,899994	80,000000	1,408388E-1
847,239759	79,899994	80,000000	1,408388E-1
847,239759	79,899994	80,000000	1,408388E-1
847,239759	79,899994	80,000000	1,408404E-1
847,239759	79,899994	80,000000	1,408404E-1
847,239759	79,699997	80,000000	1,408404E-1
847,239759	79,699997	80,000000	1,408404E-1
847,239759	79,699997	80,000000	1,408404E-1
848,240198	79,699997	80,000000	1,408404E-1
848,240198	79,699997	80,000000	1,408404E-1
848,240198	79,699997	80,000000	1,408404E-1
848,240198	79,699997	80,000000	1,408404E-1
848,240198	79,699997	80,000000	1,408404E-1
848,240198	79,699997	80,000000	1,408404E-1
848,240198	79,699997	80,000000	1,408404E-1
848,240198	79,699997	80,000000	1,408404E-1
848,240198	79,699997	80,000000	1,408404E-1
848,240198	79,699997	80,000000	1,408404E-1
849,240740	79,699997	80,000000	1,408404E-1
849,240740	79,699997	80,000000	1,408404E-1
849,240740	79,699997	80,000000	1,408956E-1
849,240740	79,699997	80,000000	1,408956E-1
849,240740	79,900002	80,000000	1,408956E-1
849,240740	79,900002	80,000000	1,408468E-1
849,240740	79,900002	80,000000	1,408468E-1
849,240740	79,900002	80,000000	1,408468E-1
849,240740	79,900002	80,000000	1,408468E-1
849,240740	79,900002	80,000000	1,408468E-1
850,242159	79,900002	80,000000	1,408468E-1
850,242159	79,900002	80,000000	1,408468E-1
850,242159	79,900002	80,000000	1,408468E-1
850,242159	79,900002	80,000000	1,408468E-1
850,242159	79,900002	80,000000	1,408468E-1
850,242159	79,900002	80,000000	1,408468E-1
850,242159	79,900002	80,000000	1,408468E-1
850,242159	79,900002	80,000000	1,408468E-1
850,242159	79,900002	80,000000	1,408468E-1
850,242159	79,900002	80,000000	1,408468E-1
851,242606	79,900002	80,000000	1,408468E-1
851,242606	79,900002	80,000000	1,408468E-1
851,242606	79,900002	80,000000	1,408468E-1
851,242606	79,900002	80,000000	1,408484E-1
851,242606	79,900002	80,000000	1,408484E-1
851,242606	79,900002	80,000000	1,408484E-1
851,242606	79,900002	80,000000	1,408484E-1
851,242606	79,900002	80,000000	1,408500E-1
851,242606	79,900002	80,000000	1,408516E-1
851,242606	79,900002	80,000000	1,408532E-1
852,242998	79,900002	80,000000	1,408548E-1
852,242998	79,900002	80,000000	1,408564E-1
852,242998	79,900002	80,000000	1,408564E-1
852,242998	79,900002	80,000000	1,408580E-1
852,242998	79,900002	80,000000	1,408597E-1
852,242998	79,900002	80,000000	1,408597E-1
852,242998	79,900002	80,000000	1,408613E-1
852,242998	79,900002	80,000000	1,408629E-1
852,242998	79,900002	80,000000	1,408629E-1
852,242998	79,900002	80,000000	1,408645E-1
853,244395	79,800003	80,000000	1,408645E-1
853,244395	79,800003	80,000000	1,408645E-1
853,244395	79,800003	80,000000	1,408929E-1
853,244395	79,800003	80,000000	1,408961E-1
853,244395	79,800003	80,000000	1,408961E-1
853,244395	79,800003	80,000000	1,408993E-1
853,244395	79,800003	80,000000	1,409025E-1
853,244395	79,800003	80,000000	1,409025E-1
853,244395	79,800003	80,000000	1,409057E-1
853,244395	80,100006	80,000000	1,409089E-1
854,243911	80,100006	80,000000	1,408317E-1
854,243911	80,100006	80,000000	1,408301E-1
854,243911	80,100006	80,000000	1,408285E-1
854,243911	80,100006	80,000000	1,408269E-1
854,243911	80,100006	80,000000	1,408269E-1
854,243911	80,100006	80,000000	1,408269E-1
854,243911	80,100006	80,000000	1,408253E-1
854,243911	80,100006	80,000000	1,408253E-1
854,243911	80,100006	80,000000	1,408237E-1
854,243911	80,199997	80,000000	1,407953E-1
855,244261	80,199997	80,000000	1,407921E-1
855,244261	80,199997	80,000000	1,407889E-1
855,244261	80,199997	80,000000	1,407889E-1
855,244261	80,199997	80,000000	1,407857E-1
855,244261	80,199997	80,000000	1,407825E-1
855,244261	80,199997	80,000000	1,407825E-1
855,244261	80,199997	80,000000	1,407792E-1
855,244261	80,199997	80,000000	1,407760E-1
855,244261	80,199997	80,000000	1,407760E-1
855,244261	80,199997	80,000000	1,407728E-1
856,244721	79,800003	80,000000	1,407728E-1
856,244721	79,800003	80,000000	1,407728E-1
856,244721	79,800003	80,000000	1,408768E-1
856,244721	79,800003	80,000000	1,408800E-1
856,244721	79,800003	80,000000	1,408800E-1
856,244721	79,800003	80,000000	1,408832E-1
856,244721	79,800003	80,000000	1,408865E-1
856,244721	79,800003	80,000000	1,408865E-1
856,244721	79,800003	80,000000	1,408897E-1
856,244721	79,800003	80,000000	1,408929E-1
857,243872	79,800003	80,000000	1,408961E-1
857,243872	79,800003	80,000000	1,408961E-1
857,243872	79,800003	80,000000	1,408993E-1
857,243872	79,800003	80,000000	1,409025E-1
857,243872	79,800003	80,000000	1,409025E-1
857,243872	79,800003	80,000000	1,409025E-1
857,243872	79,800003	80,000000	1,409057E-1
857,243872	79,800003	80,000000	1,409057E-1
857,243872	79,800003	80,000000	1,409089E-1
857,243872	79,800003	80,000000	1,409121E-1
858,244317	79,800003	80,000000	1,409153E-1
858,244317	79,800003	80,000000	1,409186E-1
858,244317	79,800003	80,000000	1,409186E-1
858,244317	79,800003	80,000000	1,409218E-1
858,244317	79,800003	80,000000	1,409218E-1
858,244317	80,300003	80,000000	1,409250E-1
858,244317	80,300003	80,000000	1,407942E-1
858,244317	80,300003	80,000000	1,407894E-1
858,244317	80,300003	80,000000	1,407845E-1
858,244317	80,300003	80,000000	1,407845E-1
859,244709	80,300003	80,000000	1,407797E-1
859,244709	80,300003	80,000000	1,407797E-1
859,244709	80,300003	80,000000	1,407797E-1
859,244709	79,899994	80,000000	1,407749E-1
859,244709	79,899994	80,000000	1,408773E-1
859,244709	79,899994	80,000000	1,408789E-1
859,244709	79,899994	80,000000	1,408805E-1
859,244709	79,899994	80,000000	1,408821E-1
859,244709	79,899994	80,000000	1,408821E-1
859,244709	79,899994	80,000000	1,408837E-1
860,244118	79,899994	80,000000	1,408853E-1
860,244118	79,899994	80,000000	1,408853E-1
860,244118	79,899994	80,000000	1,408869E-1
860,244118	80,300003	80,000000	1,408885E-1
860,244118	80,300003	80,000000	1,408885E-1
860,244118	80,300003	80,000000	1,408885E-1
860,244118	80,300003	80,000000	1,407829E-1
860,244118	80,300003	80,000000	1,407829E-1
860,244118	80,300003	80,000000	1,407781E-1
860,244118	80,300003	80,000000	1,407733E-1
861,244574	80,300003	80,000000	1,407685E-1
861,244574	80,300003	80,000000	1,407637E-1
861,244574	80,300003	80,000000	1,407637E-1
861,244574	80,300003	80,000000	1,407589E-1
861,244574	80,300003	80,000000	1,407540E-1
861,244574	79,900002	80,000000	1,407540E-1
861,244574	79,900002	80,000000	1,408564E-1
861,244574	79,900002	80,000000	1,408580E-1
861,244574	79,900002	80,000000	1,408580E-1
861,244574	79,900002	80,000000	1,408580E-1
862,243945	79,900002	80,000000	1,408597E-1
862,243945	79,900002	80,000000	1,408613E-1
862,243945	79,900002	80,000000	1,408613E-1
862,243945	79,900002	80,000000	1,408629E-1
862,243945	79,900002	80,000000	1,408629E-1
862,243945	79,900002	80,000000	1,408645E-1
862,243945	80,000000	80,000000	1,408661E-1
862,243945	80,000000	80,000000	1,408661E-1
862,243945	80,000000	80,000000	1,408409E-1
862,243945	80,000000	80,000000	1,408409E-1
863,244377	80,000000	80,000000	1,408409E-1
863,244377	80,000000	80,000000	1,408409E-1
863,244377	80,000000	80,000000	1,408409E-1
863,244377	80,000000	80,000000	1,408409E-1
863,244377	80,000000	80,000000	1,408409E-1
863,244377	80,000000	80,000000	1,408409E-1
863,244377	80,000000	80,000000	1,408409E-1
863,244377	80,000000	80,000000	1,408409E-1
863,244377	79,800003	80,000000	1,408409E-1
863,244377	79,800003	80,000000	1,408945E-1
864,244822	79,800003	80,000000	1,408945E-1
864,244822	79,800003	80,000000	1,408977E-1
864,244822	79,800003	80,000000	1,409009E-1
864,244822	79,800003	80,000000	1,409009E-1
864,244822	79,800003	80,000000	1,409041E-1
864,244822	79,800003	80,000000	1,409073E-1
864,244822	79,800003	80,000000	1,409073E-1
864,244822	79,800003	80,000000	1,409105E-1
864,244822	79,800003	80,000000	1,409105E-1
864,244822	79,800003	80,000000	1,409137E-1
865,245304	79,899994	80,000000	1,409137E-1
865,245304	79,899994	80,000000	1,409137E-1
865,245304	79,899994	80,000000	1,408901E-1
865,245304	79,899994	80,000000	1,408918E-1
865,245304	79,899994	80,000000	1,408934E-1
865,245304	79,899994	80,000000	1,408934E-1
865,245304	79,899994	80,000000	1,408950E-1
865,245304	80,000000	80,000000	1,408966E-1
865,245304	80,000000	80,000000	1,408966E-1
865,245304	80,000000	80,000000	1,408714E-1
866,245733	80,000000	80,000000	1,408714E-1
866,245733	80,000000	80,000000	1,408714E-1
866,245733	80,000000	80,000000	1,408714E-1
866,245733	80,000000	80,000000	1,408714E-1
866,245733	80,000000	80,000000	1,408714E-1
866,245733	80,000000	80,000000	1,408714E-1
866,245733	80,000000	80,000000	1,408714E-1
866,245733	80,000000	80,000000	1,408714E-1
866,245733	80,000000	80,000000	1,408714E-1
866,245733	80,000000	80,000000	1,408714E-1
867,244821	80,000000	80,000000	1,408714E-1
867,244821	80,000000	80,000000	1,408714E-1
867,244821	80,000000	80,000000	1,408714E-1
867,244821	80,000000	80,000000	1,408714E-1
867,244821	80,000000	80,000000	1,408714E-1
867,244821	80,000000	80,000000	1,408714E-1
867,244821	80,000000	80,000000	1,408714E-1
867,244821	80,000000	80,000000	1,408714E-1
867,244821	80,000000	80,000000	1,408714E-1
867,244821	80,000000	80,000000	1,408714E-1
868,245271	80,000000	80,000000	1,408714E-1
868,245271	80,000000	80,000000	1,408714E-1
868,245271	80,000000	80,000000	1,408714E-1
868,245271	80,000000	80,000000	1,408714E-1
868,245271	80,000000	80,000000	1,408714E-1
868,245271	80,000000	80,000000	1,408714E-1
868,245271	80,000000	80,000000	1,408714E-1
868,245271	80,000000	80,000000	1,408714E-1
868,245271	80,000000	80,000000	1,408714E-1
868,245271	80,000000	80,000000	1,408714E-1
869,245649	80,000000	80,000000	1,408714E-1
869,245649	80,000000	80,000000	1,408714E-1
869,245649	80,000000	80,000000	1,408714E-1
869,245649	80,000000	80,000000	1,408714E-1
869,245649	80,000000	80,000000	1,408714E-1
869,245649	80,000000	80,000000	1,408714E-1
869,245649	80,000000	80,000000	1,408714E-1
869,245649	80,000000	80,000000	1,408714E-1
869,245649	80,000000	80,000000	1,408714E-1
869,245649	80,000000	80,000000	1,408714E-1
870,245055	80,000000	80,000000	1,408714E-1
870,245055	80,000000	80,000000	1,408714E-1
870,245055	80,000000	80,000000	1,408714E-1
870,245055	80,000000	80,000000	1,408714E-1
870,245055	80,000000	80,000000	1,408714E-1
870,245055	80,000000	80,000000	1,408714E-1
870,245055	80,000000	80,000000	1,408714E-1
870,245055	80,000000	80,000000	1,408714E-1
870,245055	80,000000	80,000000	1,408714E-1
870,245055	80,000000	80,000000	1,408714E-1
871,246514	80,000000	80,000000	1,408714E-1
871,246514	80,000000	80,000000	1,408714E-1
871,246514	80,000000	80,000000	1,408714E-1
871,246514	80,000000	80,000000	1,408714E-1
871,246514	80,000000	80,000000	1,408714E-1
871,246514	80,000000	80,000000	1,408714E-1
871,246514	80,000000	80,000000	1,408714E-1
871,246514	80,000000	80,000000	1,408714E-1
871,246514	80,000000	80,000000	1,408714E-1
871,246514	80,000000	80,000000	1,408714E-1
872,245907	80,000000	80,000000	1,408714E-1
872,245907	80,000000	80,000000	1,408714E-1
872,245907	80,000000	80,000000	1,408714E-1
872,245907	80,000000	80,000000	1,408714E-1
872,245907	80,000000	80,000000	1,408714E-1
872,245907	80,000000	80,000000	1,408714E-1
872,245907	80,000000	80,000000	1,408714E-1
872,245907	80,000000	80,000000	1,408714E-1
872,245907	80,000000	80,000000	1,408714E-1
872,245907	80,000000	80,000000	1,408714E-1
873,246275	80,000000	80,000000	1,408714E-1
873,246275	80,000000	80,000000	1,408714E-1
873,246275	80,000000	80,000000	1,408714E-1
873,246275	80,000000	80,000000	1,408714E-1
873,246275	80,000000	80,000000	1,408714E-1
873,246275	80,000000	80,000000	1,408714E-1
873,246275	80,000000	80,000000	1,408714E-1
873,246275	80,000000	80,000000	1,408714E-1
873,246275	80,000000	80,000000	1,408714E-1
873,246275	80,000000	80,000000	1,408714E-1
874,246646	80,000000	80,000000	1,408714E-1
874,246646	80,000000	80,000000	1,408714E-1
874,246646	80,000000	80,000000	1,408714E-1
874,246646	79,899994	80,000000	1,408714E-1
874,246646	79,899994	80,000000	1,408714E-1
874,246646	79,899994	80,000000	1,408714E-1
874,246646	79,899994	80,000000	1,408714E-1
874,246646	79,899994	80,000000	1,408714E-1
874,246646	79,899994	80,000000	1,408714E-1
874,246646	79,899994	80,000000	1,408714E-1
875,246125	79,899994	80,000000	1,408714E-1
875,246125	79,899994	80,000000	1,408714E-1
875,246125	79,899994	80,000000	1,408714E-1
875,246125	79,899994	80,000000	1,408714E-1
875,246125	79,899994	80,000000	1,408714E-1
875,246125	79,899994	80,000000	1,408714E-1
875,246125	79,899994	80,000000	1,408714E-1
875,246125	79,899994	80,000000	1,408714E-1
875,246125	79,899994	80,000000	1,408714E-1
875,246125	79,899994	80,000000	1,408714E-1
876,246549	79,899994	80,000000	1,408714E-1
876,246549	80,000000	80,000000	1,408982E-1
876,246549	80,000000	80,000000	1,408982E-1
876,246549	80,000000	80,000000	1,408982E-1
876,246549	80,000000	80,000000	1,408982E-1
876,246549	80,000000	80,000000	1,408982E-1
876,246549	80,000000	80,000000	1,408982E-1
876,246549	80,000000	80,000000	1,408982E-1
876,246549	80,000000	80,000000	1,408982E-1
876,246549	80,000000	80,000000	1,408982E-1
877,246982	80,000000	80,000000	1,408982E-1
877,246982	80,000000	80,000000	1,408982E-1
877,246982	80,000000	80,000000	1,408982E-1
877,246982	80,000000	80,000000	1,408982E-1
877,246982	80,000000	80,000000	1,408982E-1
877,246982	80,000000	80,000000	1,408982E-1
877,246982	80,000000	80,000000	1,408982E-1
877,246982	80,000000	80,000000	1,408982E-1
877,246982	80,000000	80,000000	1,408730E-1
877,246982	80,000000	80,000000	1,408730E-1
878,248343	80,000000	80,000000	1,408730E-1
878,248343	80,099998	80,000000	1,408462E-1
878,248343	80,099998	80,000000	1,408462E-1
878,248343	80,000000	80,000000	1,408462E-1
878,248343	80,000000	80,000000	1,408714E-1
878,248343	80,000000	80,000000	1,408714E-1
878,248343	80,000000	80,000000	1,408714E-1
878,248343	80,000000	80,000000	1,408714E-1
878,248343	80,000000	80,000000	1,408714E-1
878,248343	80,000000	80,000000	1,408714E-1
879,247764	80,000000	80,000000	1,408714E-1
879,247764	80,000000	80,000000	1,408714E-1
879,247764	80,000000	80,000000	1,408714E-1
879,247764	80,000000	80,000000	1,408714E-1
879,247764	80,000000	80,000000	1,408714E-1
879,247764	80,000000	80,000000	1,408714E-1
879,247764	80,000000	80,000000	1,408714E-1
879,247764	80,000000	80,000000	1,408714E-1
879,247764	80,000000	80,000000	1,408714E-1
879,247764	80,000000	80,000000	1,408714E-1
880,248236	80,000000	80,000000	1,408714E-1
880,248236	80,000000	80,000000	1,408714E-1
880,248236	80,000000	80,000000	1,408714E-1
880,248236	80,000000	80,000000	1,408714E-1
880,248236	80,000000	80,000000	1,408714E-1
880,248236	80,000000	80,000000	1,408714E-1
880,248236	80,000000	80,000000	1,408714E-1
880,248236	80,000000	80,000000	1,408714E-1
880,248236	80,000000	80,000000	1,408714E-1
880,248236	80,100006	80,000000	1,408714E-1
881,248591	80,100006	80,000000	1,408714E-1
881,248591	80,100006	80,000000	1,408446E-1
881,248591	80,100006	80,000000	1,408446E-1
881,248591	80,100006	80,000000	1,408446E-1
881,248591	80,100006	80,000000	1,408430E-1
881,248591	80,100006	80,000000	1,408414E-1
881,248591	80,100006	80,000000	1,408397E-1
881,248591	80,100006	80,000000	1,408381E-1
881,248591	80,100006	80,000000	1,408365E-1
881,248591	80,000000	80,000000	1,408365E-1
882,248022	80,000000	80,000000	1,408617E-1
882,248022	80,000000	80,000000	1,408617E-1
882,248022	80,000000	80,000000	1,408617E-1
882,248022	80,000000	80,000000	1,408617E-1
882,248022	80,000000	80,000000	1,408617E-1
882,248022	80,000000	80,000000	1,408617E-1
882,248022	80,000000	80,000000	1,408617E-1
882,248022	80,000000	80,000000	1,408617E-1
882,248022	80,000000	80,000000	1,408617E-1
882,248022	80,000000	80,000000	1,408617E-1
883,248512	79,699997	80,000000	1,408617E-1
883,248512	79,699997	80,000000	1,409421E-1
883,248512	79,699997	80,000000	1,409421E-1
883,248512	79,699997	80,000000	1,409470E-1
883,248512	79,699997	80,000000	1,409518E-1
883,248512	79,699997	80,000000	1,409566E-1
883,248512	79,699997	80,000000	1,409566E-1
883,248512	79,699997	80,000000	1,409614E-1
883,248512	79,699997	80,000000	1,409662E-1
883,248512	79,699997	80,000000	1,409710E-1
884,247948	79,699997	80,000000	1,409710E-1
884,247948	79,699997	80,000000	1,409759E-1
884,247948	79,699997	80,000000	1,409759E-1
884,247948	79,900002	80,000000	1,409759E-1
884,247948	79,900002	80,000000	1,409271E-1
884,247948	79,900002	80,000000	1,409287E-1
884,247948	79,900002	80,000000	1,409303E-1
884,247948	79,900002	80,000000	1,409319E-1
884,247948	79,900002	80,000000	1,409335E-1
884,247948	79,900002	80,000000	1,409335E-1
885,248450	79,900002	80,000000	1,409351E-1
885,248450	79,900002	80,000000	1,409367E-1
885,248450	79,900002	80,000000	1,409367E-1
885,248450	79,900002	80,000000	1,409383E-1
885,248450	80,199997	80,000000	1,409399E-1
885,248450	80,199997	80,000000	1,409399E-1
885,248450	80,199997	80,000000	1,409399E-1
885,248450	80,199997	80,000000	1,408611E-1
885,248450	80,199997	80,000000	1,408611E-1
885,248450	80,199997	80,000000	1,408611E-1
886,248498	80,199997	80,000000	1,408611E-1
886,248498	80,199997	80,000000	1,408579E-1
886,248498	80,199997	80,000000	1,408579E-1
886,248498	80,199997	80,000000	1,408579E-1
886,248498	80,199997	80,000000	1,408579E-1
886,248498	80,199997	80,000000	1,408579E-1
886,248498	80,199997	80,000000	1,408579E-1
886,248498	80,199997	80,000000	1,408579E-1
886,248498	80,199997	80,000000	1,408579E-1
886,248498	80,199997	80,000000	1,408579E-1
887,247873	80,199997	80,000000	1,408579E-1
887,247873	80,199997	80,000000	1,408579E-1
887,247873	80,199997	80,000000	1,408579E-1
887,247873	80,199997	80,000000	1,408579E-1
887,247873	80,199997	80,000000	1,408579E-1
887,247873	80,199997	80,000000	1,408579E-1
887,247873	80,199997	80,000000	1,408579E-1
887,247873	80,199997	80,000000	1,408579E-1
887,247873	80,199997	80,000000	1,408579E-1
887,247873	80,199997	80,000000	1,408579E-1
888,248295	80,199997	80,000000	1,408579E-1
888,248295	80,199997	80,000000	1,408579E-1
888,248295	80,199997	80,000000	1,408579E-1
888,248295	80,199997	80,000000	1,408579E-1
888,248295	80,199997	80,000000	1,408579E-1
888,248295	80,199997	80,000000	1,408547E-1
888,248295	80,199997	80,000000	1,408547E-1
888,248295	79,900002	80,000000	1,408547E-1
888,248295	79,900002	80,000000	1,408547E-1
888,248295	79,900002	80,000000	1,408547E-1
889,248879	79,900002	80,000000	1,408547E-1
889,248879	79,900002	80,000000	1,408547E-1
889,248879	79,900002	80,000000	1,408547E-1
889,248879	79,900002	80,000000	1,408547E-1
889,248879	79,900002	80,000000	1,408547E-1
889,248879	79,900002	80,000000	1,408547E-1
889,248879	79,900002	80,000000	1,408547E-1
889,248879	79,900002	80,000000	1,408547E-1
889,248879	79,900002	80,000000	1,408547E-1
889,248879	79,900002	80,000000	1,408547E-1
890,249196	79,900002	80,000000	1,408547E-1
890,249196	79,900002	80,000000	1,408547E-1
890,249196	79,900002	80,000000	1,409319E-1
890,249196	79,900002	80,000000	1,409319E-1
890,249196	79,900002	80,000000	1,409319E-1
890,249196	79,900002	80,000000	1,409335E-1
890,249196	79,900002	80,000000	1,409335E-1
890,249196	79,900002	80,000000	1,409335E-1
890,249196	79,900002	80,000000	1,409335E-1
890,249196	79,900002	80,000000	1,409335E-1
891,250678	79,900002	80,000000	1,409335E-1
891,250678	79,900002	80,000000	1,409335E-1
891,250678	79,900002	80,000000	1,409335E-1
891,250678	79,900002	80,000000	1,409335E-1
891,250678	79,900002	80,000000	1,409335E-1
891,250678	79,900002	80,000000	1,409335E-1
891,250678	79,900002	80,000000	1,409335E-1
891,250678	79,900002	80,000000	1,409335E-1
891,250678	79,900002	80,000000	1,409335E-1
891,250678	79,900002	80,000000	1,409335E-1
892,250043	79,900002	80,000000	1,409335E-1
892,250043	79,899994	80,000000	1,409335E-1
892,250043	79,899994	80,000000	1,409335E-1
892,250043	79,899994	80,000000	1,409351E-1
892,250043	79,899994	80,000000	1,409351E-1
892,250043	79,899994	80,000000	1,409351E-1
892,250043	79,899994	80,000000	1,409351E-1
892,250043	79,899994	80,000000	1,409351E-1
892,250043	79,899994	80,000000	1,409351E-1
892,250043	79,899994	80,000000	1,409351E-1
893,250495	79,899994	80,000000	1,409351E-1
893,250495	79,899994	80,000000	1,409351E-1
893,250495	79,899994	80,000000	1,409351E-1
893,250495	79,899994	80,000000	1,409351E-1
893,250495	79,899994	80,000000	1,409351E-1
893,250495	79,899994	80,000000	1,409351E-1
893,250495	79,899994	80,000000	1,409351E-1
893,250495	79,899994	80,000000	1,409351E-1
893,250495	79,899994	80,000000	1,409351E-1
893,250495	79,899994	80,000000	1,409351E-1
894,250980	79,899994	80,000000	1,409351E-1
894,250980	79,899994	80,000000	1,409367E-1
894,250980	79,899994	80,000000	1,409367E-1
894,250980	79,899994	80,000000	1,409367E-1
894,250980	79,899994	80,000000	1,409367E-1
894,250980	79,899994	80,000000	1,409367E-1
894,250980	79,899994	80,000000	1,409367E-1
894,250980	79,899994	80,000000	1,409367E-1
894,250980	79,899994	80,000000	1,409367E-1
894,250980	79,899994	80,000000	1,409367E-1
895,251433	79,899994	80,000000	1,409367E-1
895,251433	79,899994	80,000000	1,409367E-1
895,251433	79,899994	80,000000	1,409367E-1
895,251433	79,899994	80,000000	1,409367E-1
895,251433	79,899994	80,000000	1,409367E-1
895,251433	79,899994	80,000000	1,409367E-1
895,251433	79,800003	80,000000	1,409367E-1
895,251433	79,800003	80,000000	1,409367E-1
895,251433	79,800003	80,000000	1,409367E-1
895,251433	79,800003	80,000000	1,409367E-1
896,250809	79,800003	80,000000	1,409367E-1
896,250809	79,800003	80,000000	1,409367E-1
896,250809	79,800003	80,000000	1,409367E-1
896,250809	79,800003	80,000000	1,409367E-1
896,250809	79,800003	80,000000	1,409367E-1
896,250809	79,800003	80,000000	1,409367E-1
896,250809	79,800003	80,000000	1,409367E-1
896,250809	79,800003	80,000000	1,409367E-1
896,250809	79,800003	80,000000	1,409367E-1
896,250809	79,800003	80,000000	1,409367E-1
897,251033	79,800003	80,000000	1,409367E-1
897,251033	79,800003	80,000000	1,409367E-1
897,251033	79,800003	80,000000	1,409367E-1
897,251033	79,800003	80,000000	1,409367E-1
897,251033	79,800003	80,000000	1,409367E-1
897,251033	79,800003	80,000000	1,409367E-1
897,251033	79,800003	80,000000	1,409367E-1
897,251033	79,800003	80,000000	1,409367E-1
897,251033	79,800003	80,000000	1,409367E-1
897,251033	79,800003	80,000000	1,409367E-1
898,251434	79,800003	80,000000	1,409367E-1
898,251434	79,800003	80,000000	1,409367E-1
898,251434	79,800003	80,000000	1,409367E-1
898,251434	79,800003	80,000000	1,409367E-1
898,251434	79,800003	80,000000	1,409367E-1
898,251434	79,800003	80,000000	1,409367E-1
898,251434	79,800003	80,000000	1,409367E-1
898,251434	79,800003	80,000000	1,409367E-1
898,251434	79,800003	80,000000	1,409367E-1
898,251434	79,800003	80,000000	1,409367E-1
899,250832	79,800003	80,000000	1,409367E-1
899,250832	79,800003	80,000000	1,409367E-1
899,250832	79,800003	80,000000	1,409367E-1
899,250832	79,800003	80,000000	1,409367E-1
899,250832	79,800003	80,000000	1,409367E-1
899,250832	79,800003	80,000000	1,409367E-1
899,250832	79,800003	80,000000	1,409367E-1
899,250832	79,800003	80,000000	1,409367E-1
899,250832	79,800003	80,000000	1,409651E-1
899,250832	79,800003	80,000000	1,409651E-1
900,252255	79,800003	80,000000	1,409651E-1
900,252255	79,800003	80,000000	1,409651E-1
900,252255	79,800003	80,000000	1,409651E-1
900,252255	79,800003	80,000000	1,409651E-1
900,252255	79,800003	80,000000	1,409651E-1
900,252255	79,800003	80,000000	1,409651E-1
900,252255	79,800003	80,000000	1,409651E-1
900,252255	79,800003	80,000000	1,409651E-1
900,252255	79,800003	80,000000	1,409651E-1
900,252255	79,800003	80,000000	1,409651E-1
901,252685	79,800003	80,000000	1,409651E-1
901,252685	79,800003	80,000000	1,409651E-1
901,252685	79,800003	80,000000	1,409651E-1
901,252685	79,800003	80,000000	1,409651E-1
901,252685	79,800003	80,000000	1,409651E-1
901,252685	79,800003	80,000000	1,409651E-1
901,252685	79,800003	80,000000	1,409683E-1
901,252685	80,199997	80,000000	1,409683E-1
901,252685	80,199997	80,000000	1,409683E-1
901,252685	80,199997	80,000000	1,408643E-1
902,252029	80,199997	80,000000	1,408643E-1
902,252029	79,800003	80,000000	1,409683E-1
902,252029	79,800003	80,000000	1,409715E-1
902,252029	79,800003	80,000000	1,409747E-1
902,252029	79,800003	80,000000	1,409747E-1
902,252029	79,800003	80,000000	1,409779E-1
902,252029	79,800003	80,000000	1,409811E-1
902,252029	79,800003	80,000000	1,409811E-1
902,252029	79,800003	80,000000	1,409844E-1
902,252029	79,800003	80,000000	1,409876E-1
903,252441	79,800003	80,000000	1,409908E-1
903,252441	79,800003	80,000000	1,409908E-1
903,252441	79,800003	80,000000	1,409940E-1
903,252441	80,000000	80,000000	1,409940E-1
903,252441	80,000000	80,000000	1,409940E-1
903,252441	80,000000	80,000000	1,409436E-1
903,252441	80,000000	80,000000	1,409436E-1
903,252441	80,000000	80,000000	1,409436E-1
903,252441	80,000000	80,000000	1,409436E-1
903,252441	80,000000	80,000000	1,409436E-1
904,251930	80,000000	80,000000	1,409436E-1
904,251930	80,000000	80,000000	1,409436E-1
904,251930	80,199997	80,000000	1,409436E-1
904,251930	80,199997	80,000000	1,408900E-1
904,251930	80,199997	80,000000	1,408900E-1
904,251930	80,199997	80,000000	1,408868E-1
904,251930	80,199997	80,000000	1,408836E-1
904,251930	80,199997	80,000000	1,408836E-1
904,251930	80,199997	80,000000	1,408836E-1
904,251930	80,199997	80,000000	1,408804E-1
905,252312	80,199997	80,000000	1,408804E-1
905,252312	80,199997	80,000000	1,408771E-1
905,252312	79,899994	80,000000	1,409543E-1
905,252312	79,899994	80,000000	1,409560E-1
905,252312	79,899994	80,000000	1,409560E-1
905,252312	79,899994	80,000000	1,409576E-1
905,252312	79,899994	80,000000	1,409592E-1
905,252312	79,899994	80,000000	1,409592E-1
905,252312	79,899994	80,000000	1,409608E-1
905,252312	79,899994	80,000000	1,409624E-1
906,251820	79,899994	80,000000	1,409640E-1
906,251820	79,899994	80,000000	1,409656E-1
906,251820	79,899994	80,000000	1,409656E-1
906,251820	80,300003	80,000000	1,409656E-1
906,251820	80,300003	80,000000	1,408600E-1
906,251820	80,300003	80,000000	1,408600E-1
906,251820	80,300003	80,000000	1,408552E-1
906,251820	80,300003	80,000000	1,408503E-1
906,251820	80,300003	80,000000	1,408455E-1
906,251820	80,300003	80,000000	1,408455E-1
907,252148	80,300003	80,000000	1,408455E-1
907,252148	80,300003	80,000000	1,408407E-1
907,252148	80,300003	80,000000	1,408407E-1
907,252148	80,300003	80,000000	1,408407E-1
907,252148	80,300003	80,000000	1,408407E-1
907,252148	80,300003	80,000000	1,408407E-1
907,252148	80,300003	80,000000	1,408407E-1
907,252148	80,300003	80,000000	1,408407E-1
907,252148	80,300003	80,000000	1,408407E-1
907,252148	80,300003	80,000000	1,408407E-1
908,252627	80,300003	80,000000	1,408407E-1
908,252627	80,300003	80,000000	1,408407E-1
908,252627	80,300003	80,000000	1,408407E-1
908,252627	80,300003	80,000000	1,408407E-1
908,252627	80,300003	80,000000	1,408407E-1
908,252627	80,300003	80,000000	1,408407E-1
908,252627	80,300003	80,000000	1,408407E-1
908,252627	80,300003	80,000000	1,408407E-1
908,252627	80,300003	80,000000	1,408407E-1
908,252627	80,300003	80,000000	1,408407E-1
909,252096	80,300003	80,000000	1,408407E-1
909,252096	80,300003	80,000000	1,408407E-1
909,252096	80,300003	80,000000	1,408407E-1
909,252096	80,300003	80,000000	1,408407E-1
909,252096	80,300003	80,000000	1,408407E-1
909,252096	80,300003	80,000000	1,408407E-1
909,252096	80,300003	80,000000	1,408359E-1
909,252096	79,699997	80,000000	1,408359E-1
909,252096	79,699997	80,000000	1,408359E-1
909,252096	79,699997	80,000000	1,408359E-1
910,251914	79,699997	80,000000	1,408359E-1
910,251914	79,699997	80,000000	1,408359E-1
910,251914	79,699997	80,000000	1,408359E-1
910,251914	79,699997	80,000000	1,408359E-1
910,251914	79,699997	80,000000	1,408359E-1
910,251914	79,699997	80,000000	1,408359E-1
910,251914	79,699997	80,000000	1,408359E-1
910,251914	79,699997	80,000000	1,408359E-1
910,251914	79,699997	80,000000	1,408359E-1
910,251914	79,699997	80,000000	1,408359E-1
911,252286	79,699997	80,000000	1,408359E-1
911,252286	79,699997	80,000000	1,408359E-1
911,252286	79,699997	80,000000	1,408359E-1
911,252286	79,699997	80,000000	1,409919E-1
911,252286	79,699997	80,000000	1,409919E-1
911,252286	79,699997	80,000000	1,409919E-1
911,252286	79,699997	80,000000	1,409919E-1
911,252286	79,699997	80,000000	1,409919E-1
911,252286	79,699997	80,000000	1,409919E-1
911,252286	79,699997	80,000000	1,409919E-1
912,252767	79,699997	80,000000	1,409919E-1
912,252767	79,699997	80,000000	1,409919E-1
912,252767	79,699997	80,000000	1,409919E-1
912,252767	79,699997	80,000000	1,409919E-1
912,252767	79,699997	80,000000	1,409919E-1
912,252767	79,699997	80,000000	1,409919E-1
912,252767	79,699997	80,000000	1,409919E-1
912,252767	79,699997	80,000000	1,409919E-1
912,252767	79,699997	80,000000	1,409919E-1
912,252767	79,699997	80,000000	1,409919E-1
913,252198	79,699997	80,000000	1,409967E-1
913,252198	79,699997	80,000000	1,409967E-1
913,252198	79,699997	80,000000	1,409967E-1
913,252198	79,899994	80,000000	1,409967E-1
913,252198	79,899994	80,000000	1,409967E-1
913,252198	79,899994	80,000000	1,409967E-1
913,252198	79,899994	80,000000	1,409967E-1
913,252198	79,899994	80,000000	1,409967E-1
913,252198	79,899994	80,000000	1,409967E-1
913,252198	79,899994	80,000000	1,409967E-1
914,252560	79,899994	80,000000	1,409967E-1
914,252560	79,899994	80,000000	1,409967E-1
914,252560	79,899994	80,000000	1,409967E-1
914,252560	79,899994	80,000000	1,409967E-1
914,252560	79,899994	80,000000	1,409967E-1
914,252560	79,899994	80,000000	1,409967E-1
914,252560	79,899994	80,000000	1,409967E-1
914,252560	79,899994	80,000000	1,409967E-1
914,252560	79,899994	80,000000	1,409479E-1
914,252560	79,899994	80,000000	1,409479E-1
915,251988	80,199997	80,000000	1,409479E-1
915,251988	80,199997	80,000000	1,409479E-1
915,251988	80,199997	80,000000	1,409479E-1
915,251988	80,199997	80,000000	1,409479E-1
915,251988	80,199997	80,000000	1,409479E-1
915,251988	80,199997	80,000000	1,409479E-1
915,251988	80,199997	80,000000	1,409479E-1
915,251988	80,199997	80,000000	1,409479E-1
915,251988	80,199997	80,000000	1,409479E-1
915,251988	80,199997	80,000000	1,409479E-1
916,253471	80,199997	80,000000	1,409479E-1
916,253471	80,199997	80,000000	1,409479E-1
916,253471	80,199997	80,000000	1,409479E-1
916,253471	80,199997	80,000000	1,409479E-1
916,253471	80,199997	80,000000	1,409479E-1
916,253471	80,199997	80,000000	1,409479E-1
916,253471	80,199997	80,000000	1,408691E-1
916,253471	80,199997	80,000000	1,408691E-1
916,253471	79,800003	80,000000	1,408691E-1
916,253471	79,800003	80,000000	1,408691E-1
917,252888	79,800003	80,000000	1,408691E-1
917,252888	79,800003	80,000000	1,408691E-1
917,252888	79,800003	80,000000	1,408691E-1
917,252888	79,800003	80,000000	1,408691E-1
917,252888	79,800003	80,000000	1,408691E-1
917,252888	79,800003	80,000000	1,408691E-1
917,252888	79,800003	80,000000	1,408691E-1
917,252888	79,800003	80,000000	1,408691E-1
917,252888	79,800003	80,000000	1,408691E-1
917,252888	79,800003	80,000000	1,408691E-1
918,253325	79,800003	80,000000	1,408691E-1
918,253325	79,800003	80,000000	1,408691E-1
918,253325	79,800003	80,000000	1,408691E-1
918,253325	79,800003	80,000000	1,409731E-1
918,253325	79,800003	80,000000	1,409731E-1
918,253325	79,800003	80,000000	1,409731E-1
918,253325	79,800003	80,000000	1,409763E-1
918,253325	80,000000	80,000000	1,409763E-1
918,253325	80,000000	80,000000	1,409763E-1
918,253325	80,000000	80,000000	1,409259E-1
919,253713	80,000000	80,000000	1,409259E-1
919,253713	80,000000	80,000000	1,409259E-1
919,253713	80,000000	80,000000	1,409259E-1
919,253713	80,000000	80,000000	1,409259E-1
919,253713	80,000000	80,000000	1,409259E-1
919,253713	80,000000	80,000000	1,409259E-1
919,253713	80,000000	80,000000	1,409259E-1
919,253713	80,000000	80,000000	1,409259E-1
919,253713	80,000000	80,000000	1,409259E-1
919,253713	80,000000	80,000000	1,409259E-1
920,253089	80,000000	80,000000	1,409259E-1
920,253089	80,000000	80,000000	1,409259E-1
920,253089	80,000000	80,000000	1,409259E-1
920,253089	79,899994	80,000000	1,409527E-1
920,253089	79,899994	80,000000	1,409527E-1
920,253089	79,899994	80,000000	1,409543E-1
920,253089	79,899994	80,000000	1,409543E-1
920,253089	79,899994	80,000000	1,409560E-1
920,253089	79,899994	80,000000	1,409576E-1
920,253089	79,899994	80,000000	1,409592E-1
921,253283	79,899994	80,000000	1,409608E-1
921,253283	79,899994	80,000000	1,409608E-1
921,253283	80,100006	80,000000	1,409624E-1
921,253283	80,100006	80,000000	1,409104E-1
921,253283	80,100006	80,000000	1,409088E-1
921,253283	80,100006	80,000000	1,409072E-1
921,253283	80,100006	80,000000	1,409072E-1
921,253283	80,100006	80,000000	1,409056E-1
921,253283	80,100006	80,000000	1,409056E-1
921,253283	80,100006	80,000000	1,409056E-1
922,253732	80,100006	80,000000	1,409039E-1
922,253732	79,699997	80,000000	1,409023E-1
922,253732	79,699997	80,000000	1,409023E-1
922,253732	79,699997	80,000000	1,410079E-1
922,253732	79,699997	80,000000	1,410128E-1
922,253732	79,699997	80,000000	1,410176E-1
922,253732	79,699997	80,000000	1,410224E-1
922,253732	79,699997	80,000000	1,410272E-1
922,253732	79,699997	80,000000	1,410320E-1
922,253732	79,699997	80,000000	1,410320E-1
922,253732	79,699997	80,000000	1,410368E-1
923,254170	79,699997	80,000000	1,410417E-1
923,254170	79,900002	80,000000	1,410417E-1
923,254170	79,900002	80,000000	1,410417E-1
923,254170	79,900002	80,000000	1,409929E-1
923,254170	79,900002	80,000000	1,409929E-1
923,254170	79,900002	80,000000	1,409945E-1
923,254170	79,900002	80,000000	1,409961E-1
923,254170	79,900002	80,000000	1,409961E-1
923,254170	79,900002	80,000000	1,409977E-1
924,254570	79,900002	80,000000	1,409993E-1
924,254570	79,900002	80,000000	1,409993E-1
924,254570	80,300003	80,000000	1,410009E-1
924,254570	80,300003	80,000000	1,408953E-1
924,254570	80,300003	80,000000	1,408953E-1
924,254570	80,300003	80,000000	1,408905E-1
924,254570	80,300003	80,000000	1,408857E-1
924,254570	80,300003	80,000000	1,408857E-1
924,254570	80,300003	80,000000	1,408857E-1
924,254570	80,300003	80,000000	1,408808E-1
924,254570	80,300003	80,000000	1,408808E-1
925,254999	80,300003	80,000000	1,408760E-1
925,254999	80,300003	80,000000	1,408712E-1
925,254999	80,300003	80,000000	1,408664E-1
925,254999	80,300003	80,000000	1,408616E-1
925,254999	80,300003	80,000000	1,408616E-1
925,254999	80,300003	80,000000	1,408568E-1
925,254999	79,900002	80,000000	1,408519E-1
925,254999	79,900002	80,000000	1,409543E-1
925,254999	79,900002	80,000000	1,409543E-1
925,254999	79,900002	80,000000	1,409559E-1
926,256445	79,900002	80,000000	1,409576E-1
926,256445	79,900002	80,000000	1,409576E-1
926,256445	79,900002	80,000000	1,409592E-1
926,256445	79,900002	80,000000	1,409592E-1
926,256445	79,900002	80,000000	1,409608E-1
926,256445	79,900002	80,000000	1,409608E-1
926,256445	79,900002	80,000000	1,409624E-1
926,256445	79,900002	80,000000	1,409640E-1
926,256445	79,900002	80,000000	1,409656E-1
926,256445	79,900002	80,000000	1,409672E-1
927,256750	79,900002	80,000000	1,409688E-1
927,256750	79,900002	80,000000	1,409688E-1
927,256750	79,900002	80,000000	1,409704E-1
927,256750	79,900002	80,000000	1,409720E-1
927,256750	79,900002	80,000000	1,409720E-1
927,256750	79,699997	80,000000	1,409736E-1
927,256750	79,699997	80,000000	1,409736E-1
927,256750	79,699997	80,000000	1,410288E-1
927,256750	79,699997	80,000000	1,410288E-1
927,256750	79,699997	80,000000	1,410336E-1
928,257174	79,699997	80,000000	1,410384E-1
928,257174	79,699997	80,000000	1,410433E-1
928,257174	79,699997	80,000000	1,410433E-1
928,257174	79,699997	80,000000	1,410481E-1
928,257174	79,699997	80,000000	1,410481E-1
928,257174	79,699997	80,000000	1,410529E-1
928,257174	80,300003	80,000000	1,410577E-1
928,257174	80,300003	80,000000	1,409017E-1
928,257174	80,300003	80,000000	1,409017E-1
928,257174	80,300003	80,000000	1,408969E-1
929,257554	80,300003	80,000000	1,408921E-1
929,257554	80,300003	80,000000	1,408921E-1
929,257554	80,300003	80,000000	1,408873E-1
929,257554	80,300003	80,000000	1,408873E-1
929,257554	80,300003	80,000000	1,408873E-1
929,257554	80,300003	80,000000	1,408824E-1
929,257554	80,300003	80,000000	1,408776E-1
929,257554	79,900002	80,000000	1,408728E-1
929,257554	79,900002	80,000000	1,408728E-1
929,257554	79,900002	80,000000	1,409752E-1
930,258056	79,900002	80,000000	1,409768E-1
930,258056	79,900002	80,000000	1,409768E-1
930,258056	79,900002	80,000000	1,409784E-1
930,258056	79,900002	80,000000	1,409800E-1
930,258056	79,900002	80,000000	1,409800E-1
930,258056	79,900002	80,000000	1,409816E-1
930,258056	79,900002	80,000000	1,409816E-1
930,258056	79,900002	80,000000	1,409832E-1
930,258056	79,900002	80,000000	1,409832E-1
930,258056	79,900002	80,000000	1,409848E-1
931,258385	79,900002	80,000000	1,409864E-1
931,258385	79,900002	80,000000	1,409880E-1
931,258385	79,900002	80,000000	1,409880E-1
931,258385	79,899994	80,000000	1,409897E-1
931,258385	79,899994	80,000000	1,409913E-1
931,258385	79,899994	80,000000	1,409929E-1
931,258385	79,899994	80,000000	1,409945E-1
931,258385	79,899994	80,000000	1,409961E-1
931,258385	79,899994	80,000000	1,409961E-1
931,258385	79,899994	80,000000	1,409977E-1
932,257836	79,899994	80,000000	1,409993E-1
932,257836	79,899994	80,000000	1,409993E-1
932,257836	79,899994	80,000000	1,410009E-1
932,257836	79,899994	80,000000	1,410009E-1
932,257836	79,800003	80,000000	1,410293E-1
932,257836	79,800003	80,000000	1,410293E-1
932,257836	79,800003	80,000000	1,410325E-1
932,257836	79,800003	80,000000	1,410357E-1
932,257836	79,800003	80,000000	1,410389E-1
932,257836	79,800003	80,000000	1,410421E-1
933,258259	79,800003	80,000000	1,410421E-1
933,258259	79,800003	80,000000	1,410453E-1
933,258259	79,800003	80,000000	1,410453E-1
933,258259	79,800003	80,000000	1,410486E-1
933,258259	80,000000	80,000000	1,410486E-1
933,258259	80,000000	80,000000	1,410486E-1
933,258259	80,000000	80,000000	1,410486E-1
933,258259	80,000000	80,000000	1,410486E-1
933,258259	80,000000	80,000000	1,410486E-1
933,258259	80,000000	80,000000	1,410486E-1
934,258401	80,000000	80,000000	1,410486E-1
934,258401	80,000000	80,000000	1,410486E-1
934,258401	80,000000	80,000000	1,410486E-1
934,258401	80,000000	80,000000	1,410486E-1
934,258401	80,000000	80,000000	1,410486E-1
934,258401	80,000000	80,000000	1,410486E-1
934,258401	80,000000	80,000000	1,410486E-1
934,258401	80,000000	80,000000	1,410486E-1
934,258401	80,000000	80,000000	1,410486E-1
934,258401	80,000000	80,000000	1,410486E-1
935,258834	80,000000	80,000000	1,410486E-1
935,258834	80,000000	80,000000	1,410486E-1
935,258834	80,000000	80,000000	1,410486E-1
935,258834	80,000000	80,000000	1,410486E-1
935,258834	80,000000	80,000000	1,410486E-1
935,258834	80,000000	80,000000	1,410486E-1
935,258834	80,000000	80,000000	1,410486E-1
935,258834	80,000000	80,000000	1,409982E-1
935,258834	80,000000	80,000000	1,409982E-1
935,258834	80,000000	80,000000	1,409982E-1
936,259190	80,000000	80,000000	1,409982E-1
936,259190	80,000000	80,000000	1,409982E-1
936,259190	80,000000	80,000000	1,409982E-1
936,259190	80,000000	80,000000	1,409982E-1
936,259190	80,000000	80,000000	1,409982E-1
936,259190	80,000000	80,000000	1,409982E-1
936,259190	80,000000	80,000000	1,409982E-1
936,259190	80,000000	80,000000	1,409982E-1
936,259190	80,000000	80,000000	1,409982E-1
936,259190	80,000000	80,000000	1,409982E-1
937,259621	80,000000	80,000000	1,409982E-1
937,259621	80,000000	80,000000	1,409982E-1
937,259621	80,000000	80,000000	1,409982E-1
937,259621	80,000000	80,000000	1,409982E-1
937,259621	80,000000	80,000000	1,409982E-1
937,259621	79,800003	80,000000	1,409982E-1
937,259621	79,800003	80,000000	1,409982E-1
937,259621	79,800003	80,000000	1,409982E-1
937,259621	79,800003	80,000000	1,409982E-1
937,259621	79,800003	80,000000	1,409982E-1
938,259064	79,800003	80,000000	1,409982E-1
938,259064	79,800003	80,000000	1,409982E-1
938,259064	79,800003	80,000000	1,409982E-1
938,259064	79,800003	80,000000	1,409982E-1
938,259064	79,800003	80,000000	1,409982E-1
938,259064	79,800003	80,000000	1,409982E-1
938,259064	79,800003	80,000000	1,409982E-1
938,259064	79,800003	80,000000	1,409982E-1
938,259064	79,800003	80,000000	1,409982E-1
938,259064	79,800003	80,000000	1,409982E-1
939,259485	79,800003	80,000000	1,409982E-1
939,259485	79,800003	80,000000	1,409982E-1
939,259485	79,800003	80,000000	1,409982E-1
939,259485	79,800003	80,000000	1,410518E-1
939,259485	79,800003	80,000000	1,410518E-1
939,259485	79,800003	80,000000	1,410518E-1
939,259485	79,800003	80,000000	1,410518E-1
939,259485	79,800003	80,000000	1,410518E-1
939,259485	79,800003	80,000000	1,410518E-1
939,259485	79,800003	80,000000	1,410518E-1
940,258947	79,800003	80,000000	1,410518E-1
940,258947	79,800003	80,000000	1,410518E-1
940,258947	79,800003	80,000000	1,410518E-1
940,258947	79,800003	80,000000	1,410518E-1
940,258947	79,800003	80,000000	1,410518E-1
940,258947	79,800003	80,000000	1,410518E-1
940,258947	79,800003	80,000000	1,410518E-1
940,258947	79,800003	80,000000	1,410518E-1
940,258947	79,800003	80,000000	1,410518E-1
940,258947	79,800003	80,000000	1,410518E-1
941,259347	79,800003	80,000000	1,410550E-1
941,259347	80,000000	80,000000	1,410550E-1
941,259347	80,000000	80,000000	1,410550E-1
941,259347	80,000000	80,000000	1,410550E-1
941,259347	80,000000	80,000000	1,410550E-1
941,259347	80,000000	80,000000	1,410550E-1
941,259347	80,000000	80,000000	1,410550E-1
941,259347	80,000000	80,000000	1,410550E-1
941,259347	80,000000	80,000000	1,410550E-1
941,259347	80,000000	80,000000	1,410550E-1
942,259744	80,000000	80,000000	1,410550E-1
942,259744	80,000000	80,000000	1,410550E-1
942,259744	80,000000	80,000000	1,410550E-1
942,259744	80,000000	80,000000	1,410550E-1
942,259744	80,000000	80,000000	1,410550E-1
942,259744	80,000000	80,000000	1,410550E-1
942,259744	80,000000	80,000000	1,410550E-1
942,259744	80,000000	80,000000	1,410550E-1
942,259744	80,000000	80,000000	1,410046E-1
942,259744	80,100006	80,000000	1,410046E-1
943,260171	80,100006	80,000000	1,410046E-1
943,260171	80,100006	80,000000	1,410046E-1
943,260171	80,100006	80,000000	1,410046E-1
943,260171	80,100006	80,000000	1,410046E-1
943,260171	80,100006	80,000000	1,410046E-1
943,260171	80,100006	80,000000	1,410046E-1
943,260171	80,100006	80,000000	1,410046E-1
943,260171	80,100006	80,000000	1,410046E-1
943,260171	80,100006	80,000000	1,410046E-1
943,260171	80,100006	80,000000	1,410046E-1
944,260623	80,100006	80,000000	1,410046E-1
944,260623	80,100006	80,000000	1,410046E-1
944,260623	80,100006	80,000000	1,410046E-1
944,260623	80,100006	80,000000	1,410046E-1
944,260623	80,100006	80,000000	1,410046E-1
944,260623	80,100006	80,000000	1,409778E-1
944,260623	80,100006	80,000000	1,409778E-1
944,260623	80,100006	80,000000	1,409778E-1
944,260623	80,300003	80,000000	1,409226E-1
944,260623	80,300003	80,000000	1,409226E-1
945,260044	80,300003	80,000000	1,409226E-1
945,260044	80,300003	80,000000	1,409177E-1
945,260044	79,900002	80,000000	1,409177E-1
945,260044	79,900002	80,000000	1,410201E-1
945,260044	79,900002	80,000000	1,410218E-1
945,260044	79,900002	80,000000	1,410234E-1
945,260044	79,900002	80,000000	1,410250E-1
945,260044	79,900002	80,000000	1,410250E-1
945,260044	79,900002	80,000000	1,410266E-1
945,260044	79,900002	80,000000	1,410282E-1
946,260070	79,900002	80,000000	1,410298E-1
946,260070	79,900002	80,000000	1,410314E-1
946,260070	79,900002	80,000000	1,410314E-1
946,260070	79,900002	80,000000	1,410330E-1
946,260070	80,000000	80,000000	1,410330E-1
946,260070	80,000000	80,000000	1,410330E-1
946,260070	80,000000	80,000000	1,410078E-1
946,260070	80,000000	80,000000	1,410078E-1
946,260070	80,000000	80,000000	1,410078E-1
946,260070	80,000000	80,000000	1,410078E-1
947,261480	80,000000	80,000000	1,410078E-1
947,261480	80,000000	80,000000	1,410078E-1
947,261480	80,000000	80,000000	1,410078E-1
947,261480	79,800003	80,000000	1,410078E-1
947,261480	79,800003	80,000000	1,410078E-1
947,261480	79,800003	80,000000	1,410614E-1
947,261480	79,800003	80,000000	1,410646E-1
947,261480	79,800003	80,000000	1,410646E-1
947,261480	79,800003	80,000000	1,410678E-1
947,261480	79,800003	80,000000	1,410678E-1
948,262015	79,800003	80,000000	1,410710E-1
948,262015	79,800003	80,000000	1,410710E-1
948,262015	79,800003	80,000000	1,410742E-1
948,262015	79,800003	80,000000	1,410774E-1
948,262015	79,800003	80,000000	1,410774E-1
948,262015	80,099998	80,000000	1,410807E-1
948,262015	80,099998	80,000000	1,410035E-1
948,262015	80,099998	80,000000	1,410018E-1
948,262015	80,099998	80,000000	1,410002E-1
948,262015	80,099998	80,000000	1,409986E-1
949,262320	80,099998	80,000000	1,409970E-1
949,262320	80,099998	80,000000	1,409970E-1
949,262320	80,099998	80,000000	1,409954E-1
949,262320	80,099998	80,000000	1,409938E-1
949,262320	80,300003	80,000000	1,409938E-1
949,262320	80,300003	80,000000	1,409938E-1
949,262320	80,300003	80,000000	1,409386E-1
949,262320	80,300003	80,000000	1,409386E-1
949,262320	80,300003	80,000000	1,409338E-1
949,262320	80,300003	80,000000	1,409290E-1
950,261799	80,300003	80,000000	1,409290E-1
950,261799	80,300003	80,000000	1,409290E-1
950,261799	80,300003	80,000000	1,409290E-1
950,261799	80,300003	80,000000	1,409242E-1
950,261799	80,300003	80,000000	1,409242E-1
950,261799	80,300003	80,000000	1,409242E-1
950,261799	80,300003	80,000000	1,409242E-1
950,261799	80,300003	80,000000	1,409242E-1
950,261799	80,300003	80,000000	1,409242E-1
950,261799	80,300003	80,000000	1,409242E-1
951,263228	80,300003	80,000000	1,409242E-1
951,263228	80,300003	80,000000	1,409242E-1
951,263228	80,300003	80,000000	1,409242E-1
951,263228	80,300003	80,000000	1,409242E-1
951,263228	80,300003	80,000000	1,409242E-1
951,263228	80,300003	80,000000	1,409242E-1
951,263228	80,300003	80,000000	1,409242E-1
951,263228	80,300003	80,000000	1,409242E-1
951,263228	80,300003	80,000000	1,409242E-1
951,263228	80,300003	80,000000	1,409242E-1
952,263575	80,300003	80,000000	1,409242E-1
952,263575	80,300003	80,000000	1,409242E-1
952,263575	80,300003	80,000000	1,409242E-1
952,263575	80,300003	80,000000	1,409242E-1
952,263575	80,300003	80,000000	1,409242E-1
952,263575	80,300003	80,000000	1,409242E-1
952,263575	80,300003	80,000000	1,409194E-1
952,263575	80,300003	80,000000	1,409194E-1
952,263575	80,300003	80,000000	1,409194E-1
952,263575	80,300003	80,000000	1,409194E-1
953,263078	80,300003	80,000000	1,409194E-1
953,263078	80,300003	80,000000	1,409194E-1
953,263078	80,300003	80,000000	1,409194E-1
953,263078	80,300003	80,000000	1,409194E-1
953,263078	80,300003	80,000000	1,409194E-1
953,263078	80,300003	80,000000	1,409194E-1
953,263078	80,300003	80,000000	1,409194E-1
953,263078	80,300003	80,000000	1,409194E-1
953,263078	80,300003	80,000000	1,409194E-1
953,263078	80,300003	80,000000	1,409194E-1
954,263504	80,300003	80,000000	1,409194E-1
954,263504	80,300003	80,000000	1,409194E-1
954,263504	80,300003	80,000000	1,409194E-1
954,263504	80,300003	80,000000	1,409145E-1
954,263504	80,300003	80,000000	1,409145E-1
954,263504	80,300003	80,000000	1,409145E-1
954,263504	80,300003	80,000000	1,409145E-1
954,263504	80,300003	80,000000	1,409145E-1
954,263504	80,300003	80,000000	1,409145E-1
954,263504	80,300003	80,000000	1,409145E-1
955,262934	80,300003	80,000000	1,409145E-1
955,262934	80,300003	80,000000	1,409145E-1
955,262934	80,300003	80,000000	1,409145E-1
955,262934	80,300003	80,000000	1,409145E-1
955,262934	80,300003	80,000000	1,409145E-1
955,262934	80,300003	80,000000	1,409145E-1
955,262934	80,300003	80,000000	1,409145E-1
955,262934	80,300003	80,000000	1,409145E-1
955,262934	80,300003	80,000000	1,409145E-1
955,262934	80,300003	80,000000	1,409145E-1
956,263357	80,300003	80,000000	1,409097E-1
956,263357	80,300003	80,000000	1,409097E-1
956,263357	80,100006	80,000000	1,409097E-1
956,263357	80,100006	80,000000	1,409097E-1
956,263357	80,100006	80,000000	1,409097E-1
956,263357	80,100006	80,000000	1,409097E-1
956,263357	80,100006	80,000000	1,409097E-1
956,263357	80,100006	80,000000	1,409097E-1
956,263357	80,100006	80,000000	1,409097E-1
956,263357	80,100006	80,000000	1,409097E-1
957,262781	80,100006	80,000000	1,409097E-1
957,262781	80,100006	80,000000	1,409097E-1
957,262781	80,100006	80,000000	1,409097E-1
957,262781	80,100006	80,000000	1,409097E-1
957,262781	80,100006	80,000000	1,409097E-1
957,262781	80,100006	80,000000	1,409097E-1
957,262781	80,100006	80,000000	1,409097E-1
957,262781	80,100006	80,000000	1,409097E-1
957,262781	80,100006	80,000000	1,409585E-1
957,262781	80,100006	80,000000	1,409585E-1
958,263194	79,899994	80,000000	1,409585E-1
958,263194	79,899994	80,000000	1,410105E-1
958,263194	79,899994	80,000000	1,410105E-1
958,263194	79,899994	80,000000	1,410105E-1
958,263194	79,899994	80,000000	1,410105E-1
958,263194	79,899994	80,000000	1,410105E-1
958,263194	79,899994	80,000000	1,410105E-1
958,263194	79,899994	80,000000	1,410105E-1
958,263194	79,899994	80,000000	1,410105E-1
958,263194	79,899994	80,000000	1,410105E-1
959,263666	79,899994	80,000000	1,410105E-1
959,263666	79,899994	80,000000	1,410105E-1
959,263666	79,899994	80,000000	1,410105E-1
959,263666	79,899994	80,000000	1,410105E-1
959,263666	79,899994	80,000000	1,410105E-1
959,263666	79,899994	80,000000	1,410105E-1
959,263666	79,899994	80,000000	1,410105E-1
959,263666	79,899994	80,000000	1,410105E-1
959,263666	79,899994	80,000000	1,410105E-1
959,263666	79,899994	80,000000	1,410105E-1
960,263021	79,899994	80,000000	1,410105E-1
960,263021	79,899994	80,000000	1,410105E-1
960,263021	79,899994	80,000000	1,410105E-1
960,263021	79,899994	80,000000	1,410105E-1
960,263021	79,899994	80,000000	1,410105E-1
960,263021	79,899994	80,000000	1,410105E-1
960,263021	79,899994	80,000000	1,410105E-1
960,263021	79,899994	80,000000	1,410105E-1
960,263021	79,899994	80,000000	1,410105E-1
960,263021	79,899994	80,000000	1,410105E-1
961,263464	79,899994	80,000000	1,410105E-1
961,263464	79,899994	80,000000	1,410105E-1
961,263464	79,899994	80,000000	1,410105E-1
961,263464	79,899994	80,000000	1,410105E-1
961,263464	79,899994	80,000000	1,410121E-1
961,263464	79,899994	80,000000	1,410121E-1
961,263464	79,899994	80,000000	1,410121E-1
961,263464	80,000000	80,000000	1,409869E-1
961,263464	80,000000	80,000000	1,409869E-1
961,263464	80,000000	80,000000	1,409869E-1
962,262844	80,000000	80,000000	1,409869E-1
962,262844	80,099998	80,000000	1,409601E-1
962,262844	80,099998	80,000000	1,409585E-1
962,262844	80,099998	80,000000	1,409585E-1
962,262844	80,099998	80,000000	1,409569E-1
962,262844	80,099998	80,000000	1,409553E-1
962,262844	80,099998	80,000000	1,409537E-1
962,262844	80,099998	80,000000	1,409521E-1
962,262844	80,099998	80,000000	1,409505E-1
962,262844	80,099998	80,000000	1,409489E-1
963,264305	80,099998	80,000000	1,409489E-1
963,264305	80,099998	80,000000	1,409473E-1
963,264305	80,099998	80,000000	1,409457E-1
963,264305	80,000000	80,000000	1,409457E-1
963,264305	80,000000	80,000000	1,409457E-1
963,264305	80,000000	80,000000	1,409709E-1
963,264305	80,000000	80,000000	1,409709E-1
963,264305	80,000000	80,000000	1,409709E-1
963,264305	80,000000	80,000000	1,409709E-1
963,264305	80,000000	80,000000	1,409709E-1
964,264700	80,000000	80,000000	1,409709E-1
964,264700	80,000000	80,000000	1,409709E-1
964,264700	79,899994	80,000000	1,409709E-1
964,264700	79,899994	80,000000	1,409977E-1
964,264700	79,899994	80,000000	1,409993E-1
964,264700	79,899994	80,000000	1,410009E-1
964,264700	79,899994	80,000000	1,410025E-1
964,264700	79,899994	80,000000	1,410025E-1
964,264700	79,899994	80,000000	1,410025E-1
964,264700	79,899994	80,000000	1,410041E-1
965,265162	79,899994	80,000000	1,410041E-1
965,265162	79,899994	80,000000	1,410057E-1
965,265162	79,899994	80,000000	1,410073E-1
965,265162	79,899994	80,000000	1,410089E-1
965,265162	79,899994	80,000000	1,410105E-1
965,265162	79,899994	80,000000	1,410121E-1
965,265162	79,899994	80,000000	1,410137E-1
965,265162	79,899994	80,000000	1,410137E-1
965,265162	79,899994	80,000000	1,410153E-1
965,265162	79,899994	80,000000	1,410169E-1
966,266603	79,899994	80,000000	1,410185E-1
966,266603	79,899994	80,000000	1,410185E-1
966,266603	79,899994	80,000000	1,410201E-1
966,266603	80,000000	80,000000	1,410201E-1
966,266603	80,000000	80,000000	1,410201E-1
966,266603	80,000000	80,000000	1,409949E-1
966,266603	80,000000	80,000000	1,409949E-1
966,266603	80,000000	80,000000	1,409949E-1
966,266603	80,000000	80,000000	1,409949E-1
966,266603	80,000000	80,000000	1,409949E-1
967,266021	80,000000	80,000000	1,409949E-1
967,266021	80,000000	80,000000	1,409949E-1
967,266021	80,000000	80,000000	1,409949E-1
967,266021	79,899994	80,000000	1,409949E-1
967,266021	79,899994	80,000000	1,410218E-1
967,266021	79,899994	80,000000	1,410234E-1
967,266021	79,899994	80,000000	1,410250E-1
967,266021	79,899994	80,000000	1,410250E-1
967,266021	79,899994	80,000000	1,410266E-1
967,266021	79,899994	80,000000	1,410266E-1
968,266382	79,899994	80,000000	1,410266E-1
968,266382	79,899994	80,000000	1,410282E-1
968,266382	79,899994	80,000000	1,410298E-1
968,266382	79,899994	80,000000	1,410314E-1
968,266382	79,899994	80,000000	1,410330E-1
968,266382	79,899994	80,000000	1,410330E-1
968,266382	79,899994	80,000000	1,410346E-1
968,266382	79,899994	80,000000	1,410362E-1
968,266382	79,899994	80,000000	1,410378E-1
968,266382	79,899994	80,000000	1,410378E-1
969,265805	79,899994	80,000000	1,410394E-1
969,265805	79,899994	80,000000	1,410410E-1
969,265805	79,899994	80,000000	1,410410E-1
969,265805	79,899994	80,000000	1,410426E-1
969,265805	79,899994	80,000000	1,410426E-1
969,265805	79,899994	80,000000	1,410426E-1
969,265805	79,899994	80,000000	1,410442E-1
969,265805	79,899994	80,000000	1,410442E-1
969,265805	79,899994	80,000000	1,410442E-1
969,265805	79,899994	80,000000	1,410442E-1
970,266298	79,899994	80,000000	1,410442E-1
970,266298	79,899994	80,000000	1,410442E-1
970,266298	79,899994	80,000000	1,410442E-1
970,266298	79,899994	80,000000	1,410442E-1
970,266298	79,899994	80,000000	1,410442E-1
970,266298	79,899994	80,000000	1,410442E-1
970,266298	79,899994	80,000000	1,410442E-1
970,266298	79,899994	80,000000	1,410442E-1
970,266298	79,899994	80,000000	1,410442E-1
970,266298	79,899994	80,000000	1,410442E-1
971,267749	79,899994	80,000000	1,410442E-1
971,267749	79,899994	80,000000	1,410442E-1
971,267749	79,899994	80,000000	1,410442E-1
971,267749	79,899994	80,000000	1,410442E-1
971,267749	79,899994	80,000000	1,410442E-1
971,267749	79,899994	80,000000	1,410442E-1
971,267749	79,899994	80,000000	1,410442E-1
971,267749	79,899994	80,000000	1,410442E-1
971,267749	79,899994	80,000000	1,410442E-1
971,267749	79,899994	80,000000	1,410442E-1
972,267106	79,899994	80,000000	1,410442E-1
972,267106	79,899994	80,000000	1,410458E-1
972,267106	80,300003	80,000000	1,410458E-1
972,267106	80,300003	80,000000	1,410458E-1
972,267106	80,300003	80,000000	1,410458E-1
972,267106	80,300003	80,000000	1,410458E-1
972,267106	80,300003	80,000000	1,410458E-1
972,267106	80,300003	80,000000	1,410458E-1
972,267106	80,300003	80,000000	1,410458E-1
972,267106	80,300003	80,000000	1,410458E-1
973,267536	80,300003	80,000000	1,410458E-1
973,267536	80,300003	80,000000	1,410458E-1
973,267536	80,300003	80,000000	1,410458E-1
973,267536	80,300003	80,000000	1,410458E-1
973,267536	80,300003	80,000000	1,410458E-1
973,267536	80,300003	80,000000	1,410458E-1
973,267536	80,300003	80,000000	1,410458E-1
973,267536	80,300003	80,000000	1,410458E-1
973,267536	80,300003	80,000000	1,409402E-1
973,267536	80,300003	80,000000	1,409402E-1
974,267402	80,300003	80,000000	1,409402E-1
974,267402	80,300003	80,000000	1,409402E-1
974,267402	80,300003	80,000000	1,409402E-1
974,267402	80,300003	80,000000	1,409402E-1
974,267402	80,300003	80,000000	1,409402E-1
974,267402	80,300003	80,000000	1,409402E-1
974,267402	80,300003	80,000000	1,409402E-1
974,267402	80,300003	80,000000	1,409402E-1
974,267402	80,300003	80,000000	1,409402E-1
974,267402	80,300003	80,000000	1,409402E-1
975,266756	80,300003	80,000000	1,409402E-1
975,266756	80,300003	80,000000	1,409402E-1
975,266756	80,300003	80,000000	1,409402E-1
975,266756	80,300003	80,000000	1,409402E-1
975,266756	80,099998	80,000000	1,409890E-1
975,266756	80,099998	80,000000	1,409890E-1
975,266756	80,099998	80,000000	1,409890E-1
975,266756	80,099998	80,000000	1,409890E-1
975,266756	80,099998	80,000000	1,409890E-1
975,266756	80,099998	80,000000	1,409890E-1
976,267254	80,099998	80,000000	1,409890E-1
976,267254	80,099998	80,000000	1,409890E-1
976,267254	80,099998	80,000000	1,409890E-1
976,267254	80,099998	80,000000	1,409890E-1
976,267254	80,099998	80,000000	1,409890E-1
976,267254	80,099998	80,000000	1,409890E-1
976,267254	80,099998	80,000000	1,409890E-1
976,267254	80,099998	80,000000	1,409890E-1
976,267254	80,099998	80,000000	1,409890E-1
976,267254	80,099998	80,000000	1,409890E-1
977,267658	80,099998	80,000000	1,409890E-1
977,267658	80,099998	80,000000	1,409874E-1
977,267658	80,099998	80,000000	1,409874E-1
977,267658	80,099998	80,000000	1,409874E-1
977,267658	80,099998	80,000000	1,409874E-1
977,267658	80,099998	80,000000	1,409874E-1
977,267658	80,099998	80,000000	1,409874E-1
977,267658	80,099998	80,000000	1,409874E-1
977,267658	80,099998	80,000000	1,409874E-1
977,267658	80,099998	80,000000	1,409874E-1
978,267072	80,099998	80,000000	1,409874E-1
978,267072	80,099998	80,000000	1,409874E-1
978,267072	80,099998	80,000000	1,409874E-1
978,267072	80,099998	80,000000	1,409874E-1
978,267072	80,099998	80,000000	1,409874E-1
978,267072	80,099998	80,000000	1,409874E-1
978,267072	80,099998	80,000000	1,409874E-1
978,267072	80,100006	80,000000	1,409858E-1
978,267072	80,100006	80,000000	1,409858E-1
978,267072	80,100006	80,000000	1,409858E-1
979,267498	80,100006	80,000000	1,409858E-1
979,267498	80,100006	80,000000	1,409858E-1
979,267498	80,100006	80,000000	1,409858E-1
979,267498	80,100006	80,000000	1,409858E-1
979,267498	80,100006	80,000000	1,409858E-1
979,267498	80,100006	80,000000	1,409858E-1
979,267498	80,100006	80,000000	1,409858E-1
979,267498	80,100006	80,000000	1,409858E-1
979,267498	80,100006	80,000000	1,409858E-1
979,267498	80,100006	80,000000	1,409858E-1
980,266923	80,100006	80,000000	1,409858E-1
980,266923	80,100006	80,000000	1,409858E-1
980,266923	80,100006	80,000000	1,409858E-1
980,266923	80,100006	80,000000	1,409858E-1
980,266923	79,800003	80,000000	1,409842E-1
980,266923	79,800003	80,000000	1,409842E-1
980,266923	79,800003	80,000000	1,409842E-1
980,266923	79,800003	80,000000	1,410630E-1
980,266923	79,800003	80,000000	1,410630E-1
980,266923	79,800003	80,000000	1,410662E-1
981,267268	79,800003	80,000000	1,410662E-1
981,267268	79,800003	80,000000	1,410694E-1
981,267268	79,800003	80,000000	1,410726E-1
981,267268	79,699997	80,000000	1,410758E-1
981,267268	79,699997	80,000000	1,411059E-1
981,267268	79,699997	80,000000	1,411107E-1
981,267268	79,699997	80,000000	1,411107E-1
981,267268	79,699997	80,000000	1,411155E-1
981,267268	79,699997	80,000000	1,411203E-1
981,267268	79,699997	80,000000	1,411203E-1
982,267725	79,699997	80,000000	1,411251E-1
982,267725	79,699997	80,000000	1,411251E-1
982,267725	79,699997	80,000000	1,411299E-1
982,267725	79,699997	80,000000	1,411299E-1
982,267725	79,699997	80,000000	1,411347E-1
982,267725	80,300003	80,000000	1,409787E-1
982,267725	80,300003	80,000000	1,409787E-1
982,267725	80,300003	80,000000	1,409739E-1
982,267725	80,300003	80,000000	1,409691E-1
982,267725	80,300003	80,000000	1,409691E-1
983,268196	80,300003	80,000000	1,409643E-1
983,268196	80,300003	80,000000	1,409595E-1
983,268196	80,300003	80,000000	1,409595E-1
983,268196	80,300003	80,000000	1,409547E-1
983,268196	80,300003	80,000000	1,409499E-1
983,268196	80,300003	80,000000	1,409499E-1
983,268196	80,300003	80,000000	1,409450E-1
983,268196	80,300003	80,000000	1,409450E-1
983,268196	80,300003	80,000000	1,409450E-1
983,268196	80,300003	80,000000	1,409402E-1
984,269573	80,300003	80,000000	1,409354E-1
984,269573	79,599998	80,000000	1,411182E-1
984,269573	79,599998	80,000000	1,411246E-1
984,269573	79,599998	80,000000	1,411310E-1
984,269573	79,599998	80,000000	1,411310E-1
984,269573	79,599998	80,000000	1,411375E-1
984,269573	79,599998	80,000000	1,411439E-1
984,269573	79,599998	80,000000	1,411439E-1
984,269573	79,599998	80,000000	1,411503E-1
984,269573	79,599998	80,000000	1,411567E-1
985,270005	79,599998	80,000000	1,411567E-1
985,270005	79,899994	80,000000	1,411631E-1
985,270005	79,899994	80,000000	1,411631E-1
985,270005	79,899994	80,000000	1,411631E-1
985,270005	79,899994	80,000000	1,410892E-1
985,270005	79,899994	80,000000	1,410908E-1
985,270005	79,899994	80,000000	1,410924E-1
985,270005	79,899994	80,000000	1,410940E-1
985,270005	79,899994	80,000000	1,410956E-1
985,270005	79,899994	80,000000	1,410956E-1
986,270492	79,899994	80,000000	1,410972E-1
986,270492	80,199997	80,000000	1,410988E-1
986,270492	80,199997	80,000000	1,410988E-1
986,270492	80,199997	80,000000	1,410200E-1
986,270492	80,199997	80,000000	1,410168E-1
986,270492	80,199997	80,000000	1,410136E-1
986,270492	80,199997	80,000000	1,410136E-1
986,270492	80,199997	80,000000	1,410104E-1
986,270492	80,199997	80,000000	1,410104E-1
986,270492	80,199997	80,000000	1,410071E-1
987,270895	80,199997	80,000000	1,410071E-1
987,270895	80,199997	80,000000	1,410071E-1
987,270895	79,800003	80,000000	1,411111E-1
987,270895	79,800003	80,000000	1,411111E-1
987,270895	79,800003	80,000000	1,411111E-1
987,270895	79,800003	80,000000	1,411111E-1
987,270895	79,800003	80,000000	1,411111E-1
987,270895	79,800003	80,000000	1,411111E-1
987,270895	79,800003	80,000000	1,411111E-1
987,270895	79,800003	80,000000	1,411111E-1
988,271248	79,800003	80,000000	1,411111E-1
988,271248	79,800003	80,000000	1,411111E-1
988,271248	79,800003	80,000000	1,411111E-1
988,271248	79,800003	80,000000	1,411111E-1
988,271248	79,800003	80,000000	1,411111E-1
988,271248	79,800003	80,000000	1,411111E-1
988,271248	79,800003	80,000000	1,411111E-1
988,271248	79,800003	80,000000	1,411111E-1
988,271248	79,800003	80,000000	1,411111E-1
988,271248	79,800003	80,000000	1,411111E-1
989,271050	79,800003	80,000000	1,411111E-1
989,271050	79,800003	80,000000	1,411111E-1
989,271050	79,800003	80,000000	1,411111E-1
989,271050	79,800003	80,000000	1,411111E-1
989,271050	79,800003	80,000000	1,411111E-1
989,271050	79,800003	80,000000	1,411111E-1
989,271050	79,800003	80,000000	1,411144E-1
989,271050	79,800003	80,000000	1,411144E-1
989,271050	79,800003	80,000000	1,411144E-1
989,271050	79,800003	80,000000	1,411144E-1
990,271540	79,800003	80,000000	1,411144E-1
990,271540	79,800003	80,000000	1,411144E-1
990,271540	79,800003	80,000000	1,411144E-1
990,271540	79,800003	80,000000	1,411144E-1
990,271540	79,800003	80,000000	1,411144E-1
990,271540	79,800003	80,000000	1,411144E-1
990,271540	79,800003	80,000000	1,411144E-1
990,271540	79,800003	80,000000	1,411144E-1
990,271540	79,800003	80,000000	1,411144E-1
990,271540	79,800003	80,000000	1,411144E-1
991,270907	79,800003	80,000000	1,411144E-1
991,270907	79,800003	80,000000	1,411144E-1
991,270907	79,800003	80,000000	1,411144E-1
991,270907	79,800003	80,000000	1,411176E-1
991,270907	80,300003	80,000000	1,411176E-1
991,270907	80,300003	80,000000	1,411176E-1
991,270907	80,300003	80,000000	1,411176E-1
991,270907	80,300003	80,000000	1,411176E-1
991,270907	80,300003	80,000000	1,411176E-1
991,270907	80,300003	80,000000	1,411176E-1
992,271392	80,300003	80,000000	1,411176E-1
992,271392	80,300003	80,000000	1,411176E-1
992,271392	80,300003	80,000000	1,411176E-1
992,271392	80,300003	80,000000	1,411176E-1
992,271392	80,300003	80,000000	1,411176E-1
992,271392	80,300003	80,000000	1,411176E-1
992,271392	80,300003	80,000000	1,411176E-1
992,271392	80,300003	80,000000	1,411176E-1
992,271392	80,300003	80,000000	1,411176E-1
992,271392	80,300003	80,000000	1,411176E-1
993,270812	80,300003	80,000000	1,411176E-1
993,270812	80,300003	80,000000	1,409868E-1
993,270812	80,300003	80,000000	1,409868E-1
993,270812	80,300003	80,000000	1,409868E-1
993,270812	80,300003	80,000000	1,409868E-1
993,270812	80,300003	80,000000	1,409868E-1
993,270812	80,300003	80,000000	1,409868E-1
993,270812	80,300003	80,000000	1,409868E-1
993,270812	80,300003	80,000000	1,409868E-1
993,270812	80,300003	80,000000	1,409868E-1
994,271217	80,300003	80,000000	1,409868E-1
994,271217	80,300003	80,000000	1,409868E-1
994,271217	80,300003	80,000000	1,409868E-1
994,271217	80,300003	80,000000	1,409868E-1
994,271217	80,300003	80,000000	1,409868E-1
994,271217	80,300003	80,000000	1,409868E-1
994,271217	80,300003	80,000000	1,409868E-1
994,271217	80,300003	80,000000	1,409868E-1
994,271217	80,300003	80,000000	1,409820E-1
994,271217	79,899994	80,000000	1,409820E-1
995,271276	79,899994	80,000000	1,409820E-1
995,271276	79,899994	80,000000	1,409820E-1
995,271276	79,899994	80,000000	1,409820E-1
995,271276	79,899994	80,000000	1,409820E-1
995,271276	79,899994	80,000000	1,409820E-1
995,271276	79,899994	80,000000	1,409820E-1
995,271276	79,899994	80,000000	1,409820E-1
995,271276	79,899994	80,000000	1,409820E-1
995,271276	79,899994	80,000000	1,409820E-1
995,271276	79,899994	80,000000	1,409820E-1
996,271723	79,899994	80,000000	1,409820E-1
996,271723	79,899994	80,000000	1,409820E-1
996,271723	79,899994	80,000000	1,409820E-1
996,271723	79,899994	80,000000	1,409820E-1
996,271723	79,899994	80,000000	1,409820E-1
996,271723	79,899994	80,000000	1,410843E-1
996,271723	79,899994	80,000000	1,410843E-1
996,271723	79,800003	80,000000	1,410843E-1
996,271723	79,800003	80,000000	1,410843E-1
996,271723	79,800003	80,000000	1,410843E-1
997,271179	79,800003	80,000000	1,410843E-1
997,271179	79,800003	80,000000	1,410843E-1
997,271179	79,800003	80,000000	1,410843E-1
997,271179	79,800003	80,000000	1,410843E-1
997,271179	79,800003	80,000000	1,410843E-1
997,271179	79,800003	80,000000	1,410843E-1
997,271179	79,800003	80,000000	1,410843E-1
997,271179	79,800003	80,000000	1,410843E-1
997,271179	79,800003	80,000000	1,410843E-1
997,271179	79,800003	80,000000	1,410843E-1
998,271626	79,800003	80,000000	1,410843E-1
998,271626	79,800003	80,000000	1,410843E-1
998,271626	79,800003	80,000000	1,410843E-1
998,271626	79,800003	80,000000	1,411128E-1
998,271626	79,800003	80,000000	1,411128E-1
998,271626	79,800003	80,000000	1,411128E-1
998,271626	80,000000	80,000000	1,410624E-1
998,271626	80,000000	80,000000	1,410624E-1
998,271626	80,000000	80,000000	1,410624E-1
998,271626	80,000000	80,000000	1,410624E-1
999,270981	80,199997	80,000000	1,410624E-1
999,270981	80,199997	80,000000	1,410088E-1
999,270981	80,199997	80,000000	1,410055E-1
999,270981	80,199997	80,000000	1,410023E-1
999,270981	80,199997	80,000000	1,409991E-1
999,270981	80,199997	80,000000	1,409991E-1
999,270981	80,199997	80,000000	1,409959E-1
999,270981	80,199997	80,000000	1,409927E-1
999,270981	80,199997	80,000000	1,409895E-1
999,270981	80,199997	80,000000	1,409895E-1
1000,271393	80,199997	80,000000	1,409863E-1
1000,271393	80,099998	80,000000	1,409831E-1
1000,271393	80,099998	80,000000	1,409831E-1
1000,271393	80,099998	80,000000	1,409831E-1
1000,271393	80,099998	80,000000	1,410067E-1
1000,271393	80,099998	80,000000	1,410067E-1
1000,271393	80,099998	80,000000	1,410051E-1
1000,271393	80,099998	80,000000	1,410035E-1
1000,271393	80,099998	80,000000	1,410019E-1
1000,271393	80,099998	80,000000	1,410019E-1
1001,270850	80,099998	80,000000	1,410002E-1
1001,270850	79,899994	80,000000	1,409986E-1
1001,270850	79,899994	80,000000	1,409986E-1
1001,270850	79,899994	80,000000	1,410506E-1
1001,270850	79,899994	80,000000	1,410522E-1
1001,270850	79,899994	80,000000	1,410539E-1
1001,270850	79,899994	80,000000	1,410539E-1
1001,270850	79,899994	80,000000	1,410539E-1
1001,270850	79,899994	80,000000	1,410555E-1
1001,270850	79,899994	80,000000	1,410555E-1
1002,271287	79,899994	80,000000	1,410571E-1
1002,271287	79,900002	80,000000	1,410587E-1
1002,271287	79,900002	80,000000	1,410587E-1
1002,271287	79,900002	80,000000	1,410603E-1
1002,271287	79,900002	80,000000	1,410619E-1
1002,271287	79,900002	80,000000	1,410635E-1
1002,271287	79,900002	80,000000	1,410635E-1
1002,271287	79,900002	80,000000	1,410651E-1
1002,271287	79,900002	80,000000	1,410667E-1
1002,271287	79,900002	80,000000	1,410667E-1
1003,271335	79,900002	80,000000	1,410683E-1
1003,271335	79,800003	80,000000	1,410699E-1
1003,271335	79,800003	80,000000	1,410699E-1
1003,271335	79,800003	80,000000	1,410699E-1
1003,271335	79,800003	80,000000	1,410983E-1
1003,271335	79,800003	80,000000	1,410983E-1
1003,271335	79,800003	80,000000	1,411015E-1
1003,271335	79,800003	80,000000	1,411047E-1
1003,271335	79,800003	80,000000	1,411079E-1
1003,271335	79,800003	80,000000	1,411079E-1
1004,272530	79,800003	80,000000	1,411111E-1
1004,272530	79,800003	80,000000	1,411111E-1
1004,272530	79,800003	80,000000	1,411111E-1
1004,272530	79,800003	80,000000	1,411144E-1
1004,272530	79,800003	80,000000	1,411144E-1
1004,272530	79,800003	80,000000	1,411144E-1
1004,272530	79,800003	80,000000	1,411144E-1
1004,272530	79,800003	80,000000	1,411144E-1
1004,272530	79,800003	80,000000	1,411144E-1
1004,272530	79,800003	80,000000	1,411144E-1
1005,271908	79,800003	80,000000	1,411144E-1
1005,271908	79,800003	80,000000	1,411144E-1
1005,271908	79,800003	80,000000	1,411144E-1
1005,271908	79,800003	80,000000	1,411144E-1
1005,271908	79,800003	80,000000	1,411144E-1
1005,271908	79,800003	80,000000	1,411144E-1
1005,271908	79,800003	80,000000	1,411144E-1
1005,271908	79,800003	80,000000	1,411144E-1
1005,271908	79,800003	80,000000	1,411144E-1
1005,271908	79,800003	80,000000	1,411144E-1
1006,271972	79,800003	80,000000	1,411144E-1
1006,271972	79,800003	80,000000	1,411144E-1
1006,271972	79,800003	80,000000	1,411144E-1
1006,271972	79,800003	80,000000	1,411144E-1
1006,271972	79,800003	80,000000	1,411144E-1
1006,271972	79,800003	80,000000	1,411144E-1
1006,271972	79,800003	80,000000	1,411144E-1
1006,271972	79,800003	80,000000	1,411144E-1
1006,271972	80,100006	80,000000	1,410372E-1
1006,271972	80,100006	80,000000	1,410372E-1
1007,272387	80,100006	80,000000	1,410372E-1
1007,272387	80,100006	80,000000	1,410372E-1
1007,272387	80,100006	80,000000	1,410372E-1
1007,272387	80,100006	80,000000	1,410372E-1
1007,272387	80,100006	80,000000	1,410372E-1
1007,272387	80,100006	80,000000	1,410372E-1
1007,272387	80,100006	80,000000	1,410372E-1
1007,272387	80,100006	80,000000	1,410372E-1
1007,272387	80,100006	80,000000	1,410372E-1
1007,272387	80,100006	80,000000	1,410372E-1
1008,271871	80,100006	80,000000	1,410372E-1
1008,271871	80,100006	80,000000	1,410372E-1
1008,271871	80,100006	80,000000	1,410372E-1
1008,271871	80,100006	80,000000	1,410372E-1
1008,271871	80,100006	80,000000	1,410372E-1
1008,271871	80,100006	80,000000	1,410356E-1
1008,271871	80,100006	80,000000	1,410356E-1
1008,271871	80,100006	80,000000	1,410356E-1
1008,271871	80,100006	80,000000	1,410356E-1
1008,271871	80,100006	80,000000	1,410356E-1
1009,272283	80,100006	80,000000	1,410356E-1
1009,272283	80,100006	80,000000	1,410356E-1
1009,272283	80,100006	80,000000	1,410356E-1
1009,272283	80,100006	80,000000	1,410356E-1
1009,272283	80,100006	80,000000	1,410356E-1
1009,272283	80,100006	80,000000	1,410356E-1
1009,272283	80,100006	80,000000	1,410356E-1
1009,272283	80,100006	80,000000	1,410356E-1
1009,272283	80,100006	80,000000	1,410356E-1
1009,272283	80,100006	80,000000	1,410356E-1
1010,273717	80,100006	80,000000	1,410356E-1
1010,273717	80,100006	80,000000	1,410356E-1
1010,273717	79,899994	80,000000	1,410340E-1
1010,273717	79,899994	80,000000	1,410340E-1
1010,273717	79,899994	80,000000	1,410340E-1
1010,273717	79,899994	80,000000	1,410340E-1
1010,273717	79,899994	80,000000	1,410340E-1
1010,273717	79,899994	80,000000	1,410340E-1
1010,273717	79,899994	80,000000	1,410340E-1
1010,273717	79,899994	80,000000	1,410340E-1
1011,274139	79,899994	80,000000	1,410340E-1
1011,274139	79,899994	80,000000	1,410340E-1
1011,274139	79,899994	80,000000	1,410340E-1
1011,274139	79,899994	80,000000	1,410340E-1
1011,274139	79,899994	80,000000	1,410340E-1
1011,274139	79,899994	80,000000	1,410340E-1
1011,274139	79,899994	80,000000	1,410340E-1
1011,274139	79,899994	80,000000	1,410340E-1
1011,274139	79,899994	80,000000	1,410340E-1
1011,274139	79,899994	80,000000	1,410340E-1
1012,274533	79,900002	80,000000	1,410860E-1
1012,274533	79,900002	80,000000	1,410860E-1
1012,274533	79,900002	80,000000	1,410860E-1
1012,274533	79,900002	80,000000	1,410860E-1
1012,274533	79,900002	80,000000	1,410860E-1
1012,274533	79,900002	80,000000	1,410860E-1
1012,274533	79,900002	80,000000	1,410860E-1
1012,274533	79,900002	80,000000	1,410860E-1
1012,274533	79,900002	80,000000	1,410860E-1
1012,274533	79,900002	80,000000	1,410860E-1
1013,274947	79,900002	80,000000	1,410860E-1
1013,274947	79,900002	80,000000	1,410860E-1
1013,274947	79,900002	80,000000	1,410860E-1
1013,274947	79,900002	80,000000	1,410860E-1
1013,274947	79,900002	80,000000	1,410860E-1
1013,274947	79,900002	80,000000	1,410860E-1
1013,274947	79,900002	80,000000	1,410860E-1
1013,274947	80,099998	80,000000	1,410876E-1
1013,274947	80,099998	80,000000	1,410876E-1
1013,274947	80,099998	80,000000	1,410876E-1
1014,275408	80,099998	80,000000	1,410876E-1
1014,275408	80,099998	80,000000	1,410876E-1
1014,275408	80,099998	80,000000	1,410876E-1
1014,275408	80,099998	80,000000	1,410876E-1
1014,275408	80,099998	80,000000	1,410876E-1
1014,275408	80,099998	80,000000	1,410876E-1
1014,275408	80,099998	80,000000	1,410876E-1
1014,275408	80,099998	80,000000	1,410876E-1
1014,275408	80,099998	80,000000	1,410876E-1
1014,275408	80,099998	80,000000	1,410876E-1
1015,274834	80,099998	80,000000	1,410876E-1
1015,274834	80,099998	80,000000	1,410876E-1
1015,274834	80,099998	80,000000	1,410876E-1
1015,274834	80,099998	80,000000	1,410876E-1
1015,274834	80,099998	80,000000	1,410356E-1
1015,274834	80,099998	80,000000	1,410356E-1
1015,274834	80,000000	80,000000	1,410356E-1
1015,274834	80,000000	80,000000	1,410356E-1
1015,274834	80,000000	80,000000	1,410608E-1
1015,274834	80,000000	80,000000	1,410608E-1
1016,275199	80,000000	80,000000	1,410608E-1
1016,275199	79,800003	80,000000	1,410608E-1
1016,275199	79,800003	80,000000	1,411144E-1
1016,275199	79,800003	80,000000	1,411144E-1
1016,275199	79,800003	80,000000	1,411176E-1
1016,275199	79,800003	80,000000	1,411208E-1
1016,275199	79,800003	80,000000	1,411240E-1
1016,275199	79,800003	80,000000	1,411240E-1
1016,275199	79,800003	80,000000	1,411272E-1
1016,275199	79,800003	80,000000	1,411304E-1
1017,275623	79,800003	80,000000	1,411304E-1
1017,275623	79,800003	80,000000	1,411336E-1
1017,275623	79,800003	80,000000	1,411368E-1
1017,275623	79,800003	80,000000	1,411368E-1
1017,275623	79,800003	80,000000	1,411400E-1
1017,275623	79,800003	80,000000	1,411400E-1
1017,275623	79,800003	80,000000	1,411432E-1
1017,275623	79,800003	80,000000	1,411465E-1
1017,275623	79,800003	80,000000	1,411497E-1
1017,275623	79,800003	80,000000	1,411497E-1
1018,275105	80,000000	80,000000	1,411529E-1
1018,275105	80,000000	80,000000	1,411529E-1
1018,275105	80,000000	80,000000	1,411025E-1
1018,275105	80,000000	80,000000	1,411025E-1
1018,275105	80,000000	80,000000	1,411025E-1
1018,275105	80,000000	80,000000	1,411025E-1
1018,275105	80,000000	80,000000	1,411025E-1
1018,275105	80,000000	80,000000	1,411025E-1
1018,275105	80,000000	80,000000	1,411025E-1
1018,275105	80,000000	80,000000	1,411025E-1
1019,275482	80,000000	80,000000	1,411025E-1
1019,275482	80,000000	80,000000	1,411025E-1
1019,275482	80,000000	80,000000	1,411025E-1
1019,275482	80,000000	80,000000	1,411025E-1
1019,275482	80,000000	80,000000	1,411025E-1
1019,275482	80,000000	80,000000	1,411025E-1
1019,275482	80,000000	80,000000	1,411025E-1
1019,275482	80,000000	80,000000	1,411025E-1
1019,275482	80,000000	80,000000	1,411025E-1
1019,275482	80,000000	80,000000	1,411025E-1
1020,274914	80,000000	80,000000	1,411025E-1
1020,274914	80,000000	80,000000	1,411025E-1
1020,274914	80,099998	80,000000	1,411025E-1
1020,274914	80,099998	80,000000	1,411025E-1
1020,274914	80,099998	80,000000	1,410757E-1
1020,274914	80,099998	80,000000	1,410757E-1
1020,274914	80,099998	80,000000	1,410757E-1
1020,274914	80,099998	80,000000	1,410741E-1
1020,274914	80,099998	80,000000	1,410725E-1
1020,274914	80,099998	80,000000	1,410709E-1
1021,276298	80,099998	80,000000	1,410709E-1
1021,276298	79,800003	80,000000	1,410693E-1
1021,276298	79,800003	80,000000	1,411481E-1
1021,276298	79,800003	80,000000	1,411481E-1
1021,276298	79,800003	80,000000	1,411513E-1
1021,276298	79,800003	80,000000	1,411545E-1
1021,276298	79,800003	80,000000	1,411545E-1
1021,276298	79,800003	80,000000	1,411577E-1
1021,276298	79,800003	80,000000	1,411577E-1
1021,276298	79,800003	80,000000	1,411609E-1
1022,275760	79,800003	80,000000	1,411609E-1
1022,275760	79,800003	80,000000	1,411641E-1
1022,275760	79,800003	80,000000	1,411641E-1
1022,275760	79,800003	80,000000	1,411673E-1
1022,275760	79,800003	80,000000	1,411705E-1
1022,275760	80,199997	80,000000	1,410665E-1
1022,275760	80,199997	80,000000	1,410633E-1
1022,275760	80,199997	80,000000	1,410633E-1
1022,275760	80,199997	80,000000	1,410601E-1
1022,275760	80,199997	80,000000	1,410569E-1
1023,276230	80,199997	80,000000	1,410569E-1
1023,276230	80,199997	80,000000	1,410537E-1
1023,276230	80,199997	80,000000	1,410505E-1
1023,276230	80,199997	80,000000	1,410505E-1
1023,276230	80,199997	80,000000	1,410473E-1
1023,276230	80,199997	80,000000	1,410473E-1
1023,276230	79,800003	80,000000	1,410441E-1
1023,276230	79,800003	80,000000	1,410441E-1
1023,276230	79,800003	80,000000	1,411481E-1
1023,276230	79,800003	80,000000	1,411513E-1
1024,277703	79,800003	80,000000	1,411545E-1
1024,277703	79,800003	80,000000	1,411577E-1
1024,277703	79,800003	80,000000	1,411609E-1
1024,277703	79,800003	80,000000	1,411641E-1
1024,277703	79,800003	80,000000	1,411641E-1
1024,277703	80,099998	80,000000	1,411673E-1
1024,277703	80,099998	80,000000	1,410901E-1
1024,277703	80,099998	80,000000	1,410885E-1
1024,277703	80,099998	80,000000	1,410885E-1
1024,277703	80,099998	80,000000	1,410869E-1
1025,278043	80,099998	80,000000	1,410869E-1
1025,278043	80,099998	80,000000	1,410853E-1
1025,278043	80,099998	80,000000	1,410853E-1
1025,278043	80,099998	80,000000	1,410837E-1
1025,278043	80,099998	80,000000	1,410821E-1
1025,278043	80,000000	80,000000	1,410805E-1
1025,278043	80,000000	80,000000	1,411057E-1
1025,278043	80,000000	80,000000	1,411057E-1
1025,278043	80,000000	80,000000	1,411057E-1
1025,278043	80,000000	80,000000	1,411057E-1
1026,278436	80,000000	80,000000	1,411057E-1
1026,278436	80,000000	80,000000	1,411057E-1
1026,278436	80,000000	80,000000	1,411057E-1
1026,278436	80,000000	80,000000	1,411057E-1
1026,278436	80,000000	80,000000	1,411057E-1
1026,278436	80,000000	80,000000	1,411057E-1
1026,278436	79,900002	80,000000	1,411325E-1
1026,278436	79,900002	80,000000	1,411325E-1
1026,278436	79,900002	80,000000	1,411341E-1
1026,278436	79,900002	80,000000	1,411357E-1
1027,277911	79,900002	80,000000	1,411357E-1
1027,277911	79,900002	80,000000	1,411373E-1
1027,277911	79,900002	80,000000	1,411389E-1
1027,277911	79,900002	80,000000	1,411389E-1
1027,277911	79,900002	80,000000	1,411405E-1
1027,277911	79,900002	80,000000	1,411421E-1
1027,277911	79,900002	80,000000	1,411437E-1
1027,277911	79,900002	80,000000	1,411437E-1
1027,277911	79,900002	80,000000	1,411437E-1
1027,277911	79,900002	80,000000	1,411453E-1
1028,278280	79,900002	80,000000	1,411453E-1
1028,278280	79,900002	80,000000	1,411469E-1
1028,278280	79,900002	80,000000	1,411485E-1
1028,278280	80,100006	80,000000	1,411501E-1
1028,278280	80,100006	80,000000	1,411501E-1
1028,278280	80,100006	80,000000	1,410981E-1
1028,278280	80,100006	80,000000	1,410965E-1
1028,278280	80,100006	80,000000	1,410965E-1
1028,278280	80,100006	80,000000	1,410949E-1
1028,278280	80,100006	80,000000	1,410949E-1
1029,277741	80,100006	80,000000	1,410949E-1
1029,277741	80,100006	80,000000	1,410949E-1
1029,277741	80,100006	80,000000	1,410949E-1
1029,277741	80,100006	80,000000	1,410949E-1
1029,277741	80,100006	80,000000	1,410949E-1
1029,277741	80,100006	80,000000	1,410949E-1
1029,277741	80,100006	80,000000	1,410949E-1
1029,277741	80,100006	80,000000	1,410949E-1
1029,277741	80,100006	80,000000	1,410949E-1
1029,277741	80,100006	80,000000	1,410949E-1
1030,278194	80,100006	80,000000	1,410949E-1
1030,278194	80,100006	80,000000	1,410949E-1
1030,278194	80,100006	80,000000	1,410949E-1
1030,278194	80,100006	80,000000	1,410949E-1
1030,278194	80,100006	80,000000	1,410949E-1
1030,278194	80,100006	80,000000	1,410949E-1
1030,278194	80,100006	80,000000	1,410949E-1
1030,278194	80,100006	80,000000	1,410949E-1
1030,278194	80,100006	80,000000	1,410949E-1
1030,278194	80,100006	80,000000	1,410949E-1
1031,279586	80,100006	80,000000	1,410949E-1
1031,279586	80,100006	80,000000	1,410949E-1
1031,279586	80,100006	80,000000	1,410949E-1
1031,279586	80,100006	80,000000	1,410933E-1
1031,279586	80,100006	80,000000	1,410933E-1
1031,279586	80,000000	80,000000	1,410933E-1
1031,279586	80,000000	80,000000	1,410933E-1
1031,279586	80,000000	80,000000	1,410933E-1
1031,279586	80,000000	80,000000	1,410933E-1
1031,279586	80,000000	80,000000	1,410933E-1
1032,278999	80,000000	80,000000	1,410933E-1
1032,278999	80,000000	80,000000	1,410933E-1
1032,278999	80,000000	80,000000	1,410933E-1
1032,278999	80,000000	80,000000	1,410933E-1
1032,278999	80,000000	80,000000	1,410933E-1
1032,278999	80,000000	80,000000	1,410933E-1
1032,278999	80,000000	80,000000	1,410933E-1
1032,278999	80,000000	80,000000	1,410933E-1
1032,278999	80,000000	80,000000	1,410933E-1
1032,278999	80,000000	80,000000	1,410933E-1
1033,279432	80,000000	80,000000	1,411185E-1
1033,279432	80,000000	80,000000	1,411185E-1
1033,279432	80,000000	80,000000	1,411185E-1
1033,279432	80,000000	80,000000	1,411185E-1
1033,279432	80,000000	80,000000	1,411185E-1
1033,279432	80,000000	80,000000	1,411185E-1
1033,279432	80,000000	80,000000	1,411185E-1
1033,279432	80,000000	80,000000	1,411185E-1
1033,279432	80,000000	80,000000	1,411185E-1
1033,279432	80,000000	80,000000	1,411185E-1
1034,278902	80,000000	80,000000	1,411185E-1
1034,278902	80,000000	80,000000	1,411185E-1
1034,278902	80,000000	80,000000	1,411185E-1
1034,278902	80,000000	80,000000	1,411185E-1
1034,278902	80,000000	80,000000	1,411185E-1
1034,278902	80,000000	80,000000	1,411185E-1
1034,278902	80,000000	80,000000	1,411185E-1
1034,278902	80,000000	80,000000	1,411185E-1
1034,278902	80,099998	80,000000	1,411185E-1
1034,278902	80,099998	80,000000	1,411185E-1
1035,279265	80,099998	80,000000	1,411185E-1
1035,279265	80,099998	80,000000	1,411185E-1
1035,279265	80,099998	80,000000	1,411185E-1
1035,279265	80,099998	80,000000	1,411185E-1
1035,279265	80,099998	80,000000	1,411185E-1
1035,279265	80,099998	80,000000	1,411185E-1
1035,279265	80,099998	80,000000	1,411185E-1
1035,279265	80,099998	80,000000	1,411185E-1
1035,279265	80,099998	80,000000	1,411185E-1
1035,279265	80,099998	80,000000	1,411185E-1
1036,279701	80,099998	80,000000	1,411185E-1
1036,279701	80,099998	80,000000	1,411185E-1
1036,279701	80,099998	80,000000	1,411185E-1
1036,279701	80,099998	80,000000	1,411185E-1
1036,279701	80,099998	80,000000	1,411185E-1
1036,279701	80,099998	80,000000	1,411185E-1
1036,279701	80,099998	80,000000	1,410917E-1
1036,279701	80,099998	80,000000	1,410917E-1
1036,279701	80,099998	80,000000	1,410917E-1
1036,279701	80,099998	80,000000	1,410917E-1
1037,279124	80,099998	80,000000	1,410917E-1
1037,279124	80,099998	80,000000	1,410917E-1
1037,279124	80,099998	80,000000	1,410917E-1
1037,279124	80,099998	80,000000	1,410917E-1
1037,279124	80,099998	80,000000	1,410917E-1
1037,279124	80,099998	80,000000	1,410917E-1
1037,279124	80,099998	80,000000	1,410917E-1
1037,279124	80,099998	80,000000	1,410917E-1
1037,279124	80,099998	80,000000	1,410917E-1
1037,279124	80,099998	80,000000	1,410917E-1
1038,279521	80,099998	80,000000	1,410917E-1
1038,279521	80,099998	80,000000	1,410917E-1
1038,279521	80,099998	80,000000	1,410917E-1
1038,279521	80,099998	80,000000	1,410901E-1
1038,279521	80,000000	80,000000	1,410901E-1
1038,279521	80,000000	80,000000	1,410901E-1
1038,279521	80,000000	80,000000	1,410901E-1
1038,279521	80,000000	80,000000	1,410901E-1
1038,279521	80,000000	80,000000	1,410901E-1
1038,279521	80,000000	80,000000	1,410901E-1
1039,279015	80,000000	80,000000	1,410901E-1
1039,279015	80,000000	80,000000	1,410901E-1
1039,279015	80,000000	80,000000	1,410901E-1
1039,279015	80,000000	80,000000	1,410901E-1
1039,279015	80,000000	80,000000	1,410901E-1
1039,279015	80,000000	80,000000	1,410901E-1
1039,279015	80,000000	80,000000	1,410901E-1
1039,279015	80,000000	80,000000	1,410901E-1
1039,279015	80,000000	80,000000	1,410901E-1
1039,279015	80,000000	80,000000	1,410901E-1
1040,279396	80,000000	80,000000	1,410901E-1
1040,279396	79,800003	80,000000	1,411153E-1
1040,279396	79,800003	80,000000	1,411153E-1
1040,279396	79,800003	80,000000	1,411153E-1
1040,279396	79,899994	80,000000	1,411689E-1
1040,279396	79,899994	80,000000	1,411689E-1
1040,279396	79,899994	80,000000	1,411689E-1
1040,279396	79,899994	80,000000	1,411453E-1
1040,279396	79,899994	80,000000	1,411469E-1
1040,279396	80,000000	80,000000	1,411469E-1
1041,278850	80,000000	80,000000	1,411217E-1
1041,278850	80,000000	80,000000	1,411217E-1
1041,278850	80,000000	80,000000	1,411217E-1
1041,278850	80,000000	80,000000	1,411217E-1
1041,278850	80,000000	80,000000	1,411217E-1
1041,278850	80,000000	80,000000	1,411217E-1
1041,278850	80,000000	80,000000	1,411217E-1
1041,278850	80,000000	80,000000	1,411217E-1
1041,278850	80,000000	80,000000	1,411217E-1
1041,278850	80,000000	80,000000	1,411217E-1
1042,279258	80,000000	80,000000	1,411217E-1
1042,279258	80,000000	80,000000	1,411217E-1
1042,279258	80,000000	80,000000	1,411217E-1
1042,279258	80,000000	80,000000	1,411217E-1
1042,279258	80,000000	80,000000	1,411217E-1
1042,279258	80,099998	80,000000	1,411217E-1
1042,279258	80,099998	80,000000	1,410949E-1
1042,279258	80,099998	80,000000	1,410933E-1
1042,279258	80,099998	80,000000	1,410933E-1
1042,279258	80,099998	80,000000	1,410917E-1
1043,279675	80,099998	80,000000	1,410901E-1
1043,279675	80,099998	80,000000	1,410901E-1
1043,279675	80,099998	80,000000	1,410885E-1
1043,279675	80,099998	80,000000	1,410869E-1
1043,279675	80,099998	80,000000	1,410869E-1
1043,279675	80,099998	80,000000	1,410853E-1
1043,279675	80,099998	80,000000	1,410853E-1
1043,279675	79,800003	80,000000	1,410853E-1
1043,279675	79,800003	80,000000	1,411641E-1
1043,279675	79,800003	80,000000	1,411673E-1
1044,279098	79,800003	80,000000	1,411705E-1
1044,279098	79,800003	80,000000	1,411737E-1
1044,279098	79,800003	80,000000	1,411769E-1
1044,279098	79,800003	80,000000	1,411769E-1
1044,279098	79,800003	80,000000	1,411802E-1
1044,279098	79,800003	80,000000	1,411802E-1
1044,279098	80,000000	80,000000	1,411834E-1
1044,279098	80,000000	80,000000	1,411330E-1
1044,279098	80,000000	80,000000	1,411330E-1
1044,279098	80,000000	80,000000	1,411330E-1
1045,279509	80,000000	80,000000	1,411330E-1
1045,279509	80,000000	80,000000	1,411330E-1
1045,279509	80,000000	80,000000	1,411330E-1
1045,279509	80,000000	80,000000	1,411330E-1
1045,279509	80,000000	80,000000	1,411330E-1
1045,279509	80,000000	80,000000	1,411330E-1
1045,279509	80,000000	80,000000	1,411330E-1
1045,279509	79,900002	80,000000	1,411330E-1
1045,279509	79,900002	80,000000	1,411598E-1
1045,279509	79,900002	80,000000	1,411598E-1
1046,278909	79,900002	80,000000	1,411614E-1
1046,278909	79,900002	80,000000	1,411630E-1
1046,278909	79,900002	80,000000	1,411646E-1
1046,278909	79,900002	80,000000	1,411646E-1
1046,278909	79,900002	80,000000	1,411646E-1
1046,278909	79,900002	80,000000	1,411662E-1
1046,278909	79,900002	80,000000	1,411662E-1
1046,278909	79,899994	80,000000	1,411662E-1
1046,278909	79,899994	80,000000	1,411678E-1
1046,278909	79,899994	80,000000	1,411678E-1
1047,279376	79,899994	80,000000	1,411678E-1
1047,279376	79,899994	80,000000	1,411678E-1
1047,279376	79,899994	80,000000	1,411678E-1
1047,279376	79,899994	80,000000	1,411678E-1
1047,279376	79,899994	80,000000	1,411678E-1
1047,279376	79,899994	80,000000	1,411678E-1
1047,279376	79,899994	80,000000	1,411678E-1
1047,279376	79,899994	80,000000	1,411678E-1
1047,279376	79,899994	80,000000	1,411678E-1
1047,279376	79,899994	80,000000	1,411678E-1
1048,279364	79,899994	80,000000	1,411678E-1
1048,279364	79,899994	80,000000	1,411678E-1
1048,279364	79,899994	80,000000	1,411678E-1
1048,279364	79,899994	80,000000	1,411678E-1
1048,279364	79,899994	80,000000	1,411678E-1
1048,279364	79,899994	80,000000	1,411678E-1
1048,279364	79,899994	80,000000	1,411678E-1
1048,279364	79,899994	80,000000	1,411678E-1
1048,279364	79,899994	80,000000	1,411678E-1
1048,279364	79,899994	80,000000	1,411678E-1
1049,279695	79,899994	80,000000	1,411678E-1
1049,279695	79,899994	80,000000	1,411678E-1
1049,279695	79,899994	80,000000	1,411678E-1
1049,279695	79,899994	80,000000	1,411694E-1
1049,279695	79,899994	80,000000	1,411694E-1
1049,279695	79,899994	80,000000	1,411694E-1
1049,279695	79,899994	80,000000	1,411694E-1
1049,279695	79,899994	80,000000	1,411694E-1
1049,279695	79,899994	80,000000	1,411694E-1
1049,279695	79,899994	80,000000	1,411694E-1
1050,280114	79,899994	80,000000	1,411694E-1
1050,280114	79,899994	80,000000	1,411694E-1
1050,280114	79,899994	80,000000	1,411694E-1
1050,280114	79,899994	80,000000	1,411694E-1
1050,280114	79,899994	80,000000	1,411694E-1
1050,280114	79,899994	80,000000	1,411694E-1
1050,280114	79,899994	80,000000	1,411694E-1
1050,280114	79,899994	80,000000	1,411694E-1
1050,280114	79,899994	80,000000	1,411694E-1
1050,280114	80,199997	80,000000	1,411694E-1
1051,280570	80,199997	80,000000	1,410906E-1
1051,280570	80,199997	80,000000	1,410906E-1
1051,280570	80,199997	80,000000	1,410906E-1
1051,280570	80,199997	80,000000	1,410906E-1
1051,280570	80,199997	80,000000	1,410906E-1
1051,280570	80,199997	80,000000	1,410906E-1
1051,280570	80,199997	80,000000	1,410906E-1
1051,280570	80,199997	80,000000	1,410906E-1
1051,280570	80,199997	80,000000	1,410906E-1
1051,280570	80,199997	80,000000	1,410906E-1
1052,279961	80,199997	80,000000	1,410906E-1
1052,279961	80,199997	80,000000	1,410906E-1
1052,279961	80,199997	80,000000	1,410906E-1
1052,279961	80,199997	80,000000	1,410906E-1
1052,279961	80,199997	80,000000	1,410906E-1
1052,279961	80,199997	80,000000	1,410906E-1
1052,279961	80,199997	80,000000	1,410874E-1
1052,279961	80,199997	80,000000	1,410874E-1
1052,279961	80,199997	80,000000	1,410874E-1
1052,279961	80,199997	80,000000	1,410874E-1
1053,280403	80,199997	80,000000	1,410874E-1
1053,280403	80,199997	80,000000	1,410874E-1
1053,280403	80,199997	80,000000	1,410874E-1
1053,280403	80,199997	80,000000	1,410874E-1
1053,280403	80,199997	80,000000	1,410874E-1
1053,280403	80,199997	80,000000	1,410874E-1
1053,280403	80,199997	80,000000	1,410874E-1
1053,280403	80,199997	80,000000	1,410874E-1
1053,280403	80,199997	80,000000	1,410874E-1
1053,280403	80,199997	80,000000	1,410874E-1
1054,279814	80,199997	80,000000	1,410874E-1
1054,279814	80,199997	80,000000	1,410874E-1
1054,279814	80,199997	80,000000	1,410874E-1
1054,279814	79,800003	80,000000	1,411914E-1
1054,279814	79,800003	80,000000	1,411914E-1
1054,279814	79,800003	80,000000	1,411914E-1
1054,279814	79,800003	80,000000	1,411914E-1
1054,279814	79,800003	80,000000	1,411914E-1
1054,279814	79,800003	80,000000	1,411914E-1
1054,279814	79,800003	80,000000	1,411914E-1
1055,280247	79,800003	80,000000	1,411914E-1
1055,280247	79,800003	80,000000	1,411914E-1
1055,280247	79,800003	80,000000	1,411914E-1
1055,280247	79,800003	80,000000	1,411914E-1
1055,280247	79,800003	80,000000	1,411914E-1
1055,280247	79,800003	80,000000	1,411914E-1
1055,280247	79,800003	80,000000	1,411914E-1
1055,280247	79,800003	80,000000	1,411914E-1
1055,280247	79,800003	80,000000	1,411914E-1
1055,280247	79,800003	80,000000	1,411914E-1
1056,280720	79,899994	80,000000	1,411946E-1
1056,280720	79,899994	80,000000	1,411946E-1
1056,280720	79,899994	80,000000	1,411946E-1
1056,280720	79,899994	80,000000	1,411946E-1
1056,280720	79,899994	80,000000	1,411946E-1
1056,280720	79,899994	80,000000	1,411946E-1
1056,280720	79,899994	80,000000	1,411946E-1
1056,280720	79,899994	80,000000	1,411946E-1
1056,280720	79,899994	80,000000	1,411946E-1
1056,280720	79,899994	80,000000	1,411946E-1
1057,281144	79,899994	80,000000	1,411946E-1
1057,281144	79,899994	80,000000	1,411946E-1
1057,281144	79,899994	80,000000	1,411946E-1
1057,281144	79,899994	80,000000	1,411946E-1
1057,281144	79,899994	80,000000	1,411946E-1
1057,281144	79,899994	80,000000	1,411946E-1
1057,281144	79,899994	80,000000	1,411946E-1
1057,281144	80,000000	80,000000	1,411710E-1
1057,281144	80,000000	80,000000	1,411710E-1
1057,281144	80,199997	80,000000	1,410922E-1
1058,281497	80,199997	80,000000	1,410922E-1
1058,281497	80,199997	80,000000	1,410890E-1
1058,281497	80,199997	80,000000	1,410858E-1
1058,281497	80,199997	80,000000	1,410858E-1
1058,281497	80,199997	80,000000	1,410826E-1
1058,281497	80,199997	80,000000	1,410794E-1
1058,281497	80,199997	80,000000	1,410762E-1
1058,281497	80,199997	80,000000	1,410762E-1
1058,281497	80,199997	80,000000	1,410730E-1
1058,281497	80,199997	80,000000	1,410697E-1
1059,280972	80,199997	80,000000	1,410697E-1
1059,280972	80,199997	80,000000	1,410665E-1
1059,280972	80,199997	80,000000	1,410665E-1
1059,280972	80,199997	80,000000	1,410665E-1
1059,280972	80,199997	80,000000	1,410633E-1
1059,280972	80,199997	80,000000	1,410601E-1
1059,280972	80,199997	80,000000	1,410569E-1
1059,280972	80,199997	80,000000	1,410537E-1
1059,280972	80,199997	80,000000	1,410505E-1
1059,280972	80,199997	80,000000	1,410505E-1
1060,281415	80,100006	80,000000	1,410473E-1
1060,281415	80,100006	80,000000	1,410709E-1
1060,281415	80,100006	80,000000	1,410709E-1
1060,281415	80,100006	80,000000	1,410693E-1
1060,281415	80,100006	80,000000	1,410677E-1
1060,281415	80,100006	80,000000	1,410677E-1
1060,281415	80,100006	80,000000	1,410660E-1
1060,281415	80,100006	80,000000	1,410660E-1
1060,281415	80,100006	80,000000	1,410644E-1
1060,281415	80,100006	80,000000	1,410644E-1
1061,280838	80,100006	80,000000	1,410628E-1
1061,280838	79,900002	80,000000	1,410612E-1
1061,280838	79,900002	80,000000	1,410612E-1
1061,280838	79,900002	80,000000	1,411132E-1
1061,280838	79,900002	80,000000	1,411148E-1
1061,280838	79,900002	80,000000	1,411164E-1
1061,280838	79,900002	80,000000	1,411164E-1
1061,280838	79,900002	80,000000	1,411180E-1
1061,280838	79,900002	80,000000	1,411197E-1
1061,280838	79,900002	80,000000	1,411197E-1
1062,281241	79,900002	80,000000	1,411213E-1
1062,281241	79,900002	80,000000	1,411213E-1
1062,281241	79,900002	80,000000	1,411229E-1
1062,281241	79,900002	80,000000	1,411229E-1
1062,281241	79,900002	80,000000	1,411245E-1
1062,281241	79,900002	80,000000	1,411261E-1
1062,281241	79,900002	80,000000	1,411261E-1
1062,281241	79,900002	80,000000	1,411277E-1
1062,281241	79,900002	80,000000	1,411293E-1
1062,281241	79,900002	80,000000	1,411293E-1
1063,281616	79,900002	80,000000	1,411309E-1
1063,281616	80,000000	80,000000	1,411325E-1
1063,281616	80,000000	80,000000	1,411325E-1
1063,281616	80,000000	80,000000	1,411073E-1
1063,281616	80,000000	80,000000	1,411073E-1
1063,281616	80,000000	80,000000	1,411073E-1
1063,281616	80,000000	80,000000	1,411073E-1
1063,281616	80,000000	80,000000	1,411073E-1
1063,281616	80,000000	80,000000	1,411073E-1
1063,281616	80,000000	80,000000	1,411073E-1
1064,282107	80,000000	80,000000	1,411073E-1
1064,282107	80,000000	80,000000	1,411073E-1
1064,282107	80,000000	80,000000	1,411073E-1
1064,282107	80,099998	80,000000	1,411073E-1
1064,282107	80,099998	80,000000	1,411073E-1
1064,282107	80,099998	80,000000	1,410805E-1
1064,282107	80,099998	80,000000	1,410789E-1
1064,282107	80,099998	80,000000	1,410773E-1
1064,282107	80,099998	80,000000	1,410773E-1
1064,282107	80,099998	80,000000	1,410773E-1
1065,283557	80,099998	80,000000	1,410773E-1
1065,283557	80,099998	80,000000	1,410757E-1
1065,283557	80,099998	80,000000	1,410757E-1
1065,283557	80,099998	80,000000	1,410757E-1
1065,283557	80,099998	80,000000	1,410741E-1
1065,283557	80,099998	80,000000	1,410741E-1
1065,283557	80,099998	80,000000	1,410741E-1
1065,283557	80,099998	80,000000	1,410741E-1
1065,283557	80,099998	80,000000	1,410741E-1
1065,283557	80,099998	80,000000	1,410741E-1
1066,283592	80,099998	80,000000	1,410741E-1
1066,283592	80,099998	80,000000	1,410741E-1
1066,283592	80,099998	80,000000	1,410741E-1
1066,283592	80,099998	80,000000	1,410741E-1
1066,283592	80,099998	80,000000	1,410741E-1
1066,283592	80,099998	80,000000	1,410741E-1
1066,283592	80,099998	80,000000	1,410741E-1
1066,283592	80,099998	80,000000	1,410741E-1
1066,283592	80,099998	80,000000	1,410741E-1
1066,283592	80,099998	80,000000	1,410741E-1
1067,282989	80,099998	80,000000	1,410741E-1
1067,282989	80,099998	80,000000	1,410741E-1
1067,282989	80,099998	80,000000	1,410741E-1
1067,282989	80,099998	80,000000	1,410741E-1
1067,282989	80,099998	80,000000	1,410741E-1
1067,282989	80,099998	80,000000	1,410741E-1
1067,282989	80,099998	80,000000	1,410741E-1
1067,282989	80,099998	80,000000	1,410741E-1
1067,282989	80,099998	80,000000	1,410741E-1
1067,282989	80,099998	80,000000	1,410725E-1
1068,283389	80,099998	80,000000	1,410725E-1
1068,283389	80,099998	80,000000	1,410725E-1
1068,283389	80,099998	80,000000	1,410725E-1
1068,283389	80,099998	80,000000	1,410725E-1
1068,283389	80,099998	80,000000	1,410725E-1
1068,283389	80,099998	80,000000	1,410725E-1
1068,283389	80,099998	80,000000	1,410725E-1
1068,283389	80,099998	80,000000	1,410725E-1
1068,283389	80,099998	80,000000	1,410725E-1
1068,283389	80,099998	80,000000	1,410725E-1
1069,283864	80,099998	80,000000	1,410725E-1
1069,283864	80,099998	80,000000	1,410725E-1
1069,283864	80,099998	80,000000	1,410725E-1
1069,283864	80,099998	80,000000	1,410725E-1
1069,283864	80,099998	80,000000	1,410709E-1
1069,283864	80,099998	80,000000	1,410709E-1
1069,283864	80,099998	80,000000	1,410709E-1
1069,283864	80,099998	80,000000	1,410709E-1
1069,283864	80,099998	80,000000	1,410709E-1
1069,283864	80,099998	80,000000	1,410709E-1
1070,284265	80,099998	80,000000	1,410709E-1
1070,284265	80,099998	80,000000	1,410709E-1
1070,284265	80,099998	80,000000	1,410709E-1
1070,284265	80,099998	80,000000	1,410709E-1
1070,284265	80,099998	80,000000	1,410709E-1
1070,284265	80,099998	80,000000	1,410709E-1
1070,284265	80,099998	80,000000	1,410709E-1
1070,284265	80,099998	80,000000	1,410709E-1
1070,284265	80,099998	80,000000	1,410709E-1
1070,284265	80,099998	80,000000	1,410709E-1
1071,284702	80,099998	80,000000	1,410709E-1
1071,284702	80,099998	80,000000	1,410709E-1
1071,284702	79,800003	80,000000	1,410693E-1
1071,284702	79,800003	80,000000	1,410693E-1
1071,284702	79,800003	80,000000	1,410693E-1
1071,284702	79,800003	80,000000	1,410693E-1
1071,284702	79,800003	80,000000	1,410693E-1
1071,284702	79,800003	80,000000	1,410693E-1
1071,284702	79,800003	80,000000	1,410693E-1
1071,284702	79,800003	80,000000	1,410693E-1
1072,284112	79,800003	80,000000	1,410693E-1
1072,284112	79,800003	80,000000	1,410693E-1
1072,284112	79,800003	80,000000	1,410693E-1
1072,284112	79,800003	80,000000	1,410693E-1
1072,284112	79,800003	80,000000	1,410693E-1
1072,284112	79,800003	80,000000	1,410693E-1
1072,284112	79,800003	80,000000	1,410693E-1
1072,284112	79,800003	80,000000	1,410693E-1
1072,284112	79,800003	80,000000	1,410693E-1
1072,284112	79,800003	80,000000	1,411481E-1
1073,285594	79,800003	80,000000	1,411481E-1
1073,285594	79,800003	80,000000	1,411513E-1
1073,285594	79,800003	80,000000	1,411513E-1
1073,285594	79,800003	80,000000	1,411513E-1
1073,285594	79,800003	80,000000	1,411513E-1
1073,285594	79,800003	80,000000	1,411513E-1
1073,285594	79,800003	80,000000	1,411513E-1
1073,285594	79,800003	80,000000	1,411513E-1
1073,285594	79,800003	80,000000	1,411513E-1
1073,285594	79,800003	80,000000	1,411513E-1
1074,284915	79,800003	80,000000	1,411513E-1
1074,284915	79,800003	80,000000	1,411513E-1
1074,284915	79,800003	80,000000	1,411513E-1
1074,284915	79,800003	80,000000	1,411513E-1
1074,284915	79,800003	80,000000	1,411513E-1
1074,284915	79,800003	80,000000	1,411513E-1
1074,284915	79,800003	80,000000	1,411513E-1
1074,284915	79,800003	80,000000	1,411513E-1
1074,284915	79,900002	80,000000	1,411277E-1
1074,284915	79,900002	80,000000	1,411277E-1
1075,285387	79,900002	80,000000	1,411277E-1
1075,285387	79,900002	80,000000	1,411277E-1
1075,285387	79,900002	80,000000	1,411277E-1
1075,285387	79,900002	80,000000	1,411277E-1
1075,285387	79,900002	80,000000	1,411277E-1
1075,285387	79,900002	80,000000	1,411277E-1
1075,285387	79,900002	80,000000	1,411277E-1
1075,285387	79,900002	80,000000	1,411277E-1
1075,285387	79,900002	80,000000	1,411277E-1
1075,285387	79,900002	80,000000	1,411277E-1
1076,285830	79,900002	80,000000	1,411277E-1
1076,285830	79,900002	80,000000	1,411277E-1
1076,285830	79,900002	80,000000	1,411277E-1
1076,285830	79,900002	80,000000	1,411277E-1
1076,285830	79,900002	80,000000	1,411277E-1
1076,285830	79,900002	80,000000	1,411277E-1
1076,285830	80,000000	80,000000	1,411025E-1
1076,285830	80,000000	80,000000	1,411025E-1
1076,285830	80,000000	80,000000	1,411025E-1
1076,285830	80,000000	80,000000	1,411025E-1
1077,286194	80,000000	80,000000	1,411025E-1
1077,286194	80,000000	80,000000	1,411025E-1
1077,286194	80,000000	80,000000	1,411025E-1
1077,286194	80,199997	80,000000	1,411025E-1
1077,286194	80,199997	80,000000	1,410489E-1
1077,286194	80,199997	80,000000	1,410457E-1
1077,286194	80,199997	80,000000	1,410425E-1
1077,286194	80,199997	80,000000	1,410425E-1
1077,286194	80,199997	80,000000	1,410392E-1
1077,286194	80,199997	80,000000	1,410360E-1
1078,286677	80,199997	80,000000	1,410360E-1
1078,286677	80,199997	80,000000	1,410328E-1
1078,286677	80,199997	80,000000	1,410328E-1
1078,286677	80,199997	80,000000	1,410296E-1
1078,286677	80,199997	80,000000	1,410264E-1
1078,286677	80,199997	80,000000	1,410264E-1
1078,286677	79,699997	80,000000	1,410232E-1
1078,286677	79,699997	80,000000	1,411540E-1
1078,286677	79,699997	80,000000	1,411540E-1
1078,286677	79,699997	80,000000	1,411588E-1
1079,286046	79,699997	80,000000	1,411636E-1
1079,286046	79,699997	80,000000	1,411684E-1
1079,286046	79,699997	80,000000	1,411684E-1
1079,286046	79,699997	80,000000	1,411733E-1
1079,286046	79,699997	80,000000	1,411781E-1
1079,286046	79,699997	80,000000	1,411781E-1
1079,286046	79,699997	80,000000	1,411829E-1
1079,286046	79,699997	80,000000	1,411829E-1
1079,286046	80,000000	80,000000	1,411073E-1
1079,286046	80,000000	80,000000	1,411073E-1
1080,286280	80,000000	80,000000	1,411073E-1
1080,286280	80,000000	80,000000	1,411073E-1
1080,286280	80,000000	80,000000	1,411073E-1
1080,286280	80,000000	80,000000	1,411073E-1
1080,286280	80,000000	80,000000	1,411073E-1
1080,286280	80,000000	80,000000	1,411073E-1
1080,286280	80,000000	80,000000	1,411073E-1
1080,286280	80,000000	80,000000	1,411073E-1
1080,286280	80,000000	80,000000	1,411073E-1
1080,286280	80,000000	80,000000	1,411073E-1
1081,287657	80,000000	80,000000	1,411073E-1
1081,287657	80,000000	80,000000	1,411073E-1
1081,287657	80,000000	80,000000	1,411073E-1
1081,287657	80,000000	80,000000	1,411073E-1
1081,287657	80,000000	80,000000	1,411073E-1
1081,287657	80,000000	80,000000	1,411073E-1
1081,287657	80,000000	80,000000	1,411073E-1
1081,287657	80,099998	80,000000	1,411073E-1
1081,287657	80,099998	80,000000	1,410805E-1
1081,287657	80,099998	80,000000	1,410789E-1
1082,287083	80,099998	80,000000	1,410773E-1
1082,287083	80,099998	80,000000	1,410757E-1
1082,287083	80,099998	80,000000	1,410757E-1
1082,287083	80,099998	80,000000	1,410741E-1
1082,287083	80,099998	80,000000	1,410725E-1
1082,287083	80,099998	80,000000	1,410725E-1
1082,287083	80,099998	80,000000	1,410709E-1
1082,287083	80,099998	80,000000	1,410709E-1
1082,287083	80,000000	80,000000	1,410961E-1
1082,287083	80,000000	80,000000	1,410961E-1
1083,287528	80,000000	80,000000	1,410961E-1
1083,287528	80,000000	80,000000	1,410961E-1
1083,287528	80,000000	80,000000	1,410961E-1
1083,287528	80,000000	80,000000	1,410961E-1
1083,287528	80,000000	80,000000	1,410961E-1
1083,287528	80,000000	80,000000	1,410961E-1
1083,287528	80,000000	80,000000	1,410961E-1
1083,287528	80,000000	80,000000	1,410961E-1
1083,287528	80,000000	80,000000	1,410961E-1
1083,287528	80,000000	80,000000	1,410961E-1
1084,286991	80,000000	80,000000	1,410961E-1
1084,286991	80,000000	80,000000	1,410961E-1
1084,286991	80,000000	80,000000	1,410961E-1
1084,286991	80,000000	80,000000	1,410961E-1
1084,286991	80,000000	80,000000	1,410961E-1
1084,286991	80,000000	80,000000	1,410961E-1
1084,286991	80,000000	80,000000	1,410961E-1
1084,286991	80,000000	80,000000	1,410961E-1
1084,286991	80,000000	80,000000	1,410961E-1
1084,286991	80,000000	80,000000	1,410961E-1
1085,288037	80,000000	80,000000	1,410961E-1
1085,288037	80,000000	80,000000	1,410961E-1
1085,288037	80,000000	80,000000	1,410961E-1
1085,288037	80,000000	80,000000	1,410961E-1
1085,288037	80,000000	80,000000	1,410961E-1
1085,288037	80,000000	80,000000	1,410961E-1
1085,288037	80,000000	80,000000	1,410961E-1
1085,288037	80,000000	80,000000	1,410961E-1
1085,288037	80,000000	80,000000	1,410961E-1
1085,288037	80,000000	80,000000	1,410961E-1
1086,288464	80,000000	80,000000	1,410961E-1
1086,288464	80,000000	80,000000	1,410961E-1
1086,288464	80,000000	80,000000	1,410961E-1
1086,288464	80,000000	80,000000	1,410961E-1
1086,288464	80,000000	80,000000	1,410961E-1
1086,288464	80,000000	80,000000	1,410961E-1
1086,288464	80,000000	80,000000	1,410961E-1
1086,288464	80,000000	80,000000	1,410961E-1
1086,288464	80,000000	80,000000	1,410961E-1
1086,288464	80,000000	80,000000	1,410961E-1
1087,288021	80,000000	80,000000	1,410961E-1
1087,288021	80,000000	80,000000	1,410961E-1
1087,288021	80,000000	80,000000	1,410961E-1
1087,288021	80,000000	80,000000	1,410961E-1
1087,288021	79,900002	80,000000	1,410961E-1
1087,288021	79,900002	80,000000	1,410961E-1
1087,288021	79,900002	80,000000	1,410961E-1
1087,288021	79,900002	80,000000	1,410961E-1
1087,288021	79,900002	80,000000	1,410961E-1
1087,288021	79,900002	80,000000	1,410961E-1
1088,288442	79,900002	80,000000	1,410961E-1
1088,288442	79,900002	80,000000	1,410961E-1
1088,288442	79,900002	80,000000	1,410961E-1
1088,288442	79,900002	80,000000	1,410961E-1
1088,288442	79,900002	80,000000	1,410961E-1
1088,288442	79,900002	80,000000	1,410961E-1
1088,288442	79,900002	80,000000	1,410961E-1
1088,288442	79,900002	80,000000	1,410961E-1
1088,288442	79,900002	80,000000	1,410961E-1
1088,288442	79,900002	80,000000	1,410961E-1
1089,288848	79,900002	80,000000	1,411229E-1
1089,288848	79,900002	80,000000	1,411229E-1
1089,288848	79,900002	80,000000	1,411229E-1
1089,288848	79,900002	80,000000	1,411229E-1
1089,288848	79,900002	80,000000	1,411229E-1
1089,288848	79,900002	80,000000	1,411229E-1
1089,288848	79,900002	80,000000	1,411229E-1
1089,288848	79,900002	80,000000	1,411229E-1
1089,288848	79,900002	80,000000	1,411229E-1
1089,288848	79,900002	80,000000	1,411229E-1
1090,289270	79,900002	80,000000	1,411229E-1
1090,289270	79,900002	80,000000	1,411229E-1
1090,289270	79,900002	80,000000	1,411229E-1
1090,289270	79,900002	80,000000	1,411229E-1
1090,289270	79,900002	80,000000	1,411229E-1
1090,289270	79,900002	80,000000	1,411229E-1
1090,289270	79,900002	80,000000	1,411229E-1
1090,289270	79,900002	80,000000	1,411229E-1
1090,289270	79,900002	80,000000	1,411245E-1
1090,289270	79,899994	80,000000	1,411245E-1
1091,289678	79,899994	80,000000	1,411245E-1
1091,289678	79,899994	80,000000	1,411245E-1
1091,289678	79,899994	80,000000	1,411245E-1
1091,289678	79,899994	80,000000	1,411245E-1
1091,289678	79,899994	80,000000	1,411245E-1
1091,289678	79,899994	80,000000	1,411245E-1
1091,289678	79,899994	80,000000	1,411245E-1
1091,289678	79,899994	80,000000	1,411245E-1
1091,289678	79,899994	80,000000	1,411245E-1
1091,289678	79,899994	80,000000	1,411245E-1
1092,289112	79,899994	80,000000	1,411245E-1
1092,289112	79,899994	80,000000	1,411245E-1
1092,289112	79,899994	80,000000	1,411245E-1
1092,289112	79,899994	80,000000	1,411245E-1
1092,289112	79,899994	80,000000	1,411245E-1
1092,289112	79,899994	80,000000	1,411261E-1
1092,289112	80,000000	80,000000	1,411261E-1
1092,289112	80,000000	80,000000	1,411261E-1
1092,289112	80,000000	80,000000	1,411261E-1
1092,289112	80,000000	80,000000	1,411261E-1
1093,289528	80,000000	80,000000	1,411261E-1
1093,289528	80,000000	80,000000	1,411261E-1
1093,289528	80,000000	80,000000	1,411261E-1
1093,289528	80,000000	80,000000	1,411261E-1
1093,289528	80,000000	80,000000	1,411261E-1
1093,289528	80,000000	80,000000	1,411261E-1
1093,289528	80,000000	80,000000	1,411261E-1
1093,289528	80,000000	80,000000	1,411261E-1
1093,289528	80,000000	80,000000	1,411261E-1
1093,289528	80,000000	80,000000	1,411261E-1
1094,289003	80,000000	80,000000	1,411261E-1
1094,289003	80,000000	80,000000	1,411261E-1
1094,289003	80,000000	80,000000	1,411261E-1
1094,289003	80,000000	80,000000	1,411009E-1
1094,289003	80,000000	80,000000	1,411009E-1
1094,289003	80,000000	80,000000	1,411009E-1
1094,289003	79,500000	80,000000	1,412349E-1
1094,289003	79,500000	80,000000	1,412349E-1
1094,289003	79,500000	80,000000	1,412349E-1
1094,289003	79,500000	80,000000	1,412429E-1
1095,289355	79,900002	80,000000	1,411437E-1
1095,289355	79,900002	80,000000	1,411437E-1
1095,289355	79,900002	80,000000	1,411453E-1
1095,289355	79,900002	80,000000	1,411469E-1
1095,289355	79,900002	80,000000	1,411485E-1
1095,289355	79,900002	80,000000	1,411501E-1
1095,289355	79,900002	80,000000	1,411501E-1
1095,289355	79,900002	80,000000	1,411518E-1
1095,289355	79,900002	80,000000	1,411534E-1
1095,289355	79,900002	80,000000	1,411550E-1
1096,288974	79,900002	80,000000	1,411550E-1
1096,288974	79,900002	80,000000	1,411566E-1
1096,288974	80,099998	80,000000	1,411566E-1
1096,288974	80,099998	80,000000	1,411566E-1
1096,288974	80,099998	80,000000	1,411046E-1
1096,288974	80,099998	80,000000	1,411046E-1
1096,288974	80,099998	80,000000	1,411030E-1
1096,288974	80,099998	80,000000	1,411014E-1
1096,288974	80,099998	80,000000	1,410998E-1
1096,288974	80,099998	80,000000	1,410998E-1
1097,289376	80,099998	80,000000	1,410981E-1
1097,289376	79,599998	80,000000	1,410965E-1
1097,289376	79,599998	80,000000	1,410965E-1
1097,289376	79,599998	80,000000	1,412290E-1
1097,289376	79,599998	80,000000	1,412354E-1
1097,289376	79,599998	80,000000	1,412418E-1
1097,289376	79,599998	80,000000	1,412418E-1
1097,289376	79,599998	80,000000	1,412418E-1
1097,289376	79,599998	80,000000	1,412482E-1
1097,289376	79,599998	80,000000	1,412482E-1
1098,288826	79,599998	80,000000	1,412546E-1
1098,288826	79,599998	80,000000	1,412611E-1
1098,288826	79,599998	80,000000	1,412675E-1
1098,288826	80,099998	80,000000	1,412675E-1
1098,288826	80,099998	80,000000	1,411399E-1
1098,288826	80,099998	80,000000	1,411383E-1
1098,288826	80,099998	80,000000	1,411383E-1
1098,288826	80,099998	80,000000	1,411367E-1
1098,288826	80,099998	80,000000	1,411351E-1
1098,288826	80,099998	80,000000	1,411351E-1
1099,289287	80,099998	80,000000	1,411335E-1
1099,289287	80,099998	80,000000	1,411319E-1
1099,289287	80,100006	80,000000	1,411319E-1
1099,289287	80,100006	80,000000	1,411319E-1
1099,289287	80,100006	80,000000	1,411319E-1
1099,289287	80,100006	80,000000	1,411302E-1
1099,289287	80,100006	80,000000	1,411286E-1
1099,289287	80,100006	80,000000	1,411270E-1
1099,289287	80,100006	80,000000	1,411270E-1
1099,289287	80,100006	80,000000	1,411254E-1
1100,290710	80,100006	80,000000	1,411238E-1
1100,290710	80,100006	80,000000	1,411222E-1
1100,290710	80,000000	80,000000	1,411474E-1
1100,290710	80,000000	80,000000	1,411474E-1
1100,290710	80,000000	80,000000	1,411474E-1
1100,290710	80,000000	80,000000	1,411474E-1
1100,290710	80,000000	80,000000	1,411474E-1
1100,290710	80,000000	80,000000	1,411474E-1
1100,290710	80,000000	80,000000	1,411474E-1
1100,290710	80,000000	80,000000	1,411474E-1
1101,291353	80,000000	80,000000	1,411474E-1
1101,291353	80,000000	80,000000	1,411474E-1
1101,291353	80,000000	80,000000	1,411474E-1
1101,291353	80,000000	80,000000	1,411474E-1
1101,291353	80,000000	80,000000	1,411474E-1
1101,291353	80,000000	80,000000	1,411474E-1
1101,291353	80,000000	80,000000	1,411474E-1
1101,291353	80,000000	80,000000	1,411474E-1
1101,291353	80,000000	80,000000	1,411474E-1
1101,291353	80,000000	80,000000	1,411474E-1
1102,290832	80,000000	80,000000	1,411474E-1
1102,290832	80,000000	80,000000	1,411474E-1
1102,290832	80,000000	80,000000	1,411474E-1
1102,290832	80,000000	80,000000	1,411474E-1
1102,290832	80,000000	80,000000	1,411474E-1
1102,290832	80,000000	80,000000	1,411474E-1
1102,290832	80,000000	80,000000	1,411474E-1
1102,290832	80,000000	80,000000	1,411474E-1
1102,290832	80,000000	80,000000	1,411474E-1
1102,290832	80,000000	80,000000	1,411474E-1
1103,291254	80,000000	80,000000	1,411474E-1
1103,291254	80,000000	80,000000	1,411474E-1
1103,291254	80,000000	80,000000	1,411474E-1
1103,291254	80,000000	80,000000	1,411474E-1
1103,291254	80,000000	80,000000	1,411474E-1
1103,291254	80,000000	80,000000	1,411474E-1
1103,291254	80,000000	80,000000	1,411474E-1
1103,291254	80,000000	80,000000	1,411474E-1
1103,291254	80,000000	80,000000	1,411474E-1
1103,291254	80,000000	80,000000	1,411474E-1
1104,291638	80,000000	80,000000	1,411474E-1
1104,291638	80,000000	80,000000	1,411474E-1
1104,291638	80,000000	80,000000	1,411474E-1
1104,291638	80,000000	80,000000	1,411474E-1
1104,291638	80,099998	80,000000	1,411474E-1
1104,291638	80,099998	80,000000	1,411474E-1
1104,291638	80,099998	80,000000	1,411474E-1
1104,291638	80,099998	80,000000	1,411474E-1
1104,291638	80,099998	80,000000	1,411474E-1
1104,291638	80,099998	80,000000	1,411474E-1
1105,291133	80,099998	80,000000	1,411474E-1
1105,291133	80,099998	80,000000	1,411474E-1
1105,291133	80,099998	80,000000	1,411474E-1
1105,291133	80,099998	80,000000	1,411474E-1
1105,291133	80,099998	80,000000	1,411474E-1
1105,291133	80,099998	80,000000	1,411474E-1
1105,291133	80,099998	80,000000	1,411474E-1
1105,291133	80,099998	80,000000	1,411474E-1
1105,291133	80,099998	80,000000	1,411474E-1
1105,291133	80,099998	80,000000	1,411474E-1
1106,291525	80,099998	80,000000	1,411206E-1
1106,291525	80,099998	80,000000	1,411206E-1
1106,291525	80,099998	80,000000	1,411206E-1
1106,291525	80,099998	80,000000	1,411206E-1
1106,291525	80,099998	80,000000	1,411206E-1
1106,291525	80,099998	80,000000	1,411206E-1
1106,291525	80,099998	80,000000	1,411206E-1
1106,291525	80,099998	80,000000	1,411206E-1
1106,291525	80,099998	80,000000	1,411206E-1
1106,291525	80,099998	80,000000	1,411206E-1
1107,290956	80,099998	80,000000	1,411206E-1
1107,290956	80,099998	80,000000	1,411206E-1
1107,290956	80,099998	80,000000	1,411206E-1
1107,290956	80,099998	80,000000	1,411206E-1
1107,290956	80,099998	80,000000	1,411206E-1
1107,290956	80,099998	80,000000	1,411206E-1
1107,290956	80,099998	80,000000	1,411206E-1
1107,290956	79,699997	80,000000	1,411190E-1
1107,290956	79,699997	80,000000	1,411190E-1
1107,290956	79,699997	80,000000	1,411190E-1
1108,291375	79,699997	80,000000	1,411190E-1
1108,291375	79,699997	80,000000	1,411190E-1
1108,291375	79,699997	80,000000	1,411190E-1
1108,291375	79,699997	80,000000	1,411190E-1
1108,291375	79,699997	80,000000	1,411190E-1
1108,291375	79,699997	80,000000	1,411190E-1
1108,291375	79,699997	80,000000	1,411190E-1
1108,291375	79,699997	80,000000	1,411190E-1
1108,291375	79,699997	80,000000	1,411190E-1
1108,291375	79,699997	80,000000	1,411190E-1
1109,291918	79,699997	80,000000	1,411190E-1
1109,291918	79,699997	80,000000	1,411190E-1
1109,291918	79,699997	80,000000	1,411190E-1
1109,291918	79,699997	80,000000	1,411190E-1
1109,291918	79,699997	80,000000	1,411190E-1
1109,291918	79,699997	80,000000	1,412246E-1
1109,291918	79,699997	80,000000	1,412246E-1
1109,291918	79,699997	80,000000	1,412246E-1
1109,291918	79,699997	80,000000	1,412246E-1
1109,291918	79,699997	80,000000	1,412246E-1
1110,292349	79,699997	80,000000	1,412246E-1
1110,292349	79,699997	80,000000	1,412246E-1
1110,292349	79,699997	80,000000	1,412246E-1
1110,292349	79,699997	80,000000	1,412246E-1
1110,292349	79,699997	80,000000	1,412246E-1
1110,292349	79,699997	80,000000	1,412246E-1
1110,292349	79,699997	80,000000	1,412246E-1
1110,292349	79,699997	80,000000	1,412246E-1
1110,292349	79,699997	80,000000	1,412246E-1
1110,292349	79,699997	80,000000	1,412246E-1
1111,293683	79,699997	80,000000	1,412246E-1
1111,293683	79,699997	80,000000	1,412246E-1
1111,293683	79,699997	80,000000	1,412294E-1
1111,293683	80,199997	80,000000	1,412294E-1
1111,293683	80,199997	80,000000	1,412294E-1
1111,293683	80,199997	80,000000	1,412294E-1
1111,293683	80,199997	80,000000	1,412294E-1
1111,293683	80,199997	80,000000	1,412294E-1
1111,293683	80,199997	80,000000	1,412294E-1
1111,293683	80,199997	80,000000	1,412294E-1
1112,293226	80,199997	80,000000	1,412294E-1
1112,293226	80,199997	80,000000	1,412294E-1
1112,293226	80,199997	80,000000	1,412294E-1
1112,293226	80,199997	80,000000	1,412294E-1
1112,293226	80,199997	80,000000	1,412294E-1
1112,293226	80,199997	80,000000	1,412294E-1
1112,293226	80,199997	80,000000	1,412294E-1
1112,293226	80,199997	80,000000	1,412294E-1
1112,293226	80,199997	80,000000	1,412294E-1
1112,293226	80,199997	80,000000	1,411002E-1
1113,293570	79,699997	80,000000	1,411002E-1
1113,293570	79,699997	80,000000	1,411002E-1
1113,293570	79,699997	80,000000	1,411002E-1
1113,293570	80,199997	80,000000	1,412310E-1
1113,293570	80,199997	80,000000	1,412310E-1
1113,293570	80,199997	80,000000	1,412310E-1
1113,293570	80,199997	80,000000	1,411018E-1
1113,293570	80,199997	80,000000	1,410986E-1
1113,293570	80,000000	80,000000	1,410986E-1
1113,293570	80,000000	80,000000	1,411490E-1
1114,294001	80,000000	80,000000	1,411490E-1
1114,294001	80,000000	80,000000	1,411490E-1
1114,294001	80,000000	80,000000	1,411490E-1
1114,294001	80,000000	80,000000	1,411490E-1
1114,294001	80,000000	80,000000	1,411490E-1
1114,294001	80,000000	80,000000	1,411490E-1
1114,294001	80,000000	80,000000	1,411490E-1
1114,294001	80,000000	80,000000	1,411490E-1
1114,294001	80,000000	80,000000	1,411490E-1
1114,294001	80,000000	80,000000	1,411490E-1
1115,294482	80,000000	80,000000	1,411490E-1
1115,294482	80,000000	80,000000	1,411490E-1
1115,294482	80,000000	80,000000	1,411490E-1
1115,294482	80,000000	80,000000	1,411490E-1
1115,294482	80,000000	80,000000	1,411490E-1
1115,294482	80,000000	80,000000	1,411490E-1
1115,294482	80,000000	80,000000	1,411490E-1
1115,294482	80,000000	80,000000	1,411490E-1
1115,294482	80,000000	80,000000	1,411490E-1
1115,294482	80,000000	80,000000	1,411490E-1
1116,293889	80,000000	80,000000	1,411490E-1
1116,293889	80,000000	80,000000	1,411490E-1
1116,293889	80,000000	80,000000	1,411490E-1
1116,293889	80,000000	80,000000	1,411490E-1
1116,293889	80,000000	80,000000	1,411490E-1
1116,293889	80,000000	80,000000	1,411490E-1
1116,293889	80,099998	80,000000	1,411490E-1
1116,293889	80,099998	80,000000	1,411222E-1
1116,293889	80,099998	80,000000	1,411206E-1
1116,293889	80,099998	80,000000	1,411206E-1
1117,294340	80,099998	80,000000	1,411190E-1
1117,294340	80,099998	80,000000	1,411174E-1
1117,294340	80,099998	80,000000	1,411174E-1
1117,294340	80,099998	80,000000	1,411158E-1
1117,294340	80,099998	80,000000	1,411142E-1
1117,294340	80,099998	80,000000	1,411126E-1
1117,294340	79,899994	80,000000	1,411110E-1
1117,294340	79,899994	80,000000	1,411110E-1
1117,294340	79,899994	80,000000	1,411630E-1
1117,294340	79,899994	80,000000	1,411630E-1
1118,294754	79,899994	80,000000	1,411646E-1
1118,294754	79,899994	80,000000	1,411646E-1
1118,294754	79,899994	80,000000	1,411662E-1
1118,294754	79,899994	80,000000	1,411678E-1
1118,294754	79,899994	80,000000	1,411694E-1
1118,294754	79,899994	80,000000	1,411694E-1
1118,294754	79,900002	80,000000	1,411710E-1
1118,294754	79,900002	80,000000	1,411726E-1
1118,294754	79,900002	80,000000	1,411726E-1
1118,294754	79,900002	80,000000	1,411726E-1
1119,293901	79,900002	80,000000	1,411742E-1
1119,293901	79,900002	80,000000	1,411742E-1
1119,293901	79,900002	80,000000	1,411742E-1
1119,293901	79,900002	80,000000	1,411742E-1
1119,293901	79,900002	80,000000	1,411742E-1
1119,293901	79,900002	80,000000	1,411742E-1
1119,293901	79,900002	80,000000	1,411742E-1
1119,293901	79,900002	80,000000	1,411742E-1
1119,293901	79,900002	80,000000	1,411742E-1
1119,293901	79,900002	80,000000	1,411742E-1
1120,295364	79,900002	80,000000	1,411742E-1
1120,295364	79,900002	80,000000	1,411742E-1
1120,295364	79,900002	80,000000	1,411742E-1
1120,295364	79,900002	80,000000	1,411742E-1
1120,295364	79,900002	80,000000	1,411742E-1
1120,295364	79,900002	80,000000	1,411742E-1
1120,295364	79,900002	80,000000	1,411742E-1
1120,295364	79,900002	80,000000	1,411742E-1
1120,295364	79,900002	80,000000	1,411742E-1
1120,295364	79,900002	80,000000	1,411742E-1
1121,294776	79,900002	80,000000	1,411742E-1
1121,294776	79,900002	80,000000	1,411742E-1
1121,294776	79,900002	80,000000	1,411742E-1
1121,294776	79,900002	80,000000	1,411742E-1
1121,294776	79,900002	80,000000	1,411742E-1
1121,294776	79,900002	80,000000	1,411758E-1
1121,294776	79,900002	80,000000	1,411758E-1
1121,294776	79,900002	80,000000	1,411758E-1
1121,294776	79,900002	80,000000	1,411774E-1
1121,294776	79,900002	80,000000	1,411774E-1
1122,295204	79,900002	80,000000	1,411774E-1
1122,295204	79,900002	80,000000	1,411774E-1
1122,295204	79,900002	80,000000	1,411774E-1
1122,295204	79,900002	80,000000	1,411774E-1
1122,295204	79,900002	80,000000	1,411774E-1
1122,295204	79,900002	80,000000	1,411774E-1
1122,295204	79,900002	80,000000	1,411774E-1
1122,295204	79,900002	80,000000	1,411774E-1
1122,295204	79,900002	80,000000	1,411774E-1
1122,295204	79,900002	80,000000	1,411774E-1
1123,295613	79,900002	80,000000	1,411774E-1
1123,295613	79,900002	80,000000	1,411774E-1
1123,295613	79,900002	80,000000	1,411774E-1
1123,295613	79,800003	80,000000	1,411774E-1
1123,295613	79,800003	80,000000	1,411774E-1
1123,295613	79,800003	80,000000	1,411774E-1
1123,295613	79,800003	80,000000	1,411774E-1
1123,295613	79,800003	80,000000	1,411774E-1
1123,295613	79,800003	80,000000	1,411774E-1
1123,295613	79,800003	80,000000	1,411774E-1
1124,295061	79,800003	80,000000	1,411774E-1
1124,295061	79,800003	80,000000	1,411774E-1
1124,295061	79,800003	80,000000	1,411774E-1
1124,295061	79,800003	80,000000	1,411774E-1
1124,295061	79,800003	80,000000	1,411774E-1
1124,295061	79,800003	80,000000	1,411774E-1
1124,295061	79,800003	80,000000	1,411774E-1
1124,295061	79,800003	80,000000	1,411774E-1
1124,295061	79,800003	80,000000	1,411774E-1
1124,295061	79,800003	80,000000	1,411774E-1
1125,295466	79,800003	80,000000	1,412058E-1
1125,295466	79,800003	80,000000	1,412058E-1
1125,295466	79,800003	80,000000	1,412058E-1
1125,295466	79,800003	80,000000	1,412058E-1
1125,295466	79,800003	80,000000	1,412058E-1
1125,295466	79,800003	80,000000	1,412058E-1
1125,295466	79,800003	80,000000	1,412058E-1
1125,295466	79,800003	80,000000	1,412058E-1
1125,295466	79,800003	80,000000	1,412058E-1
1125,295466	79,800003	80,000000	1,412058E-1
1126,295489	79,800003	80,000000	1,412058E-1
1126,295489	79,800003	80,000000	1,412058E-1
1126,295489	79,800003	80,000000	1,412058E-1
1126,295489	79,800003	80,000000	1,412058E-1
1126,295489	79,800003	80,000000	1,412058E-1
1126,295489	79,800003	80,000000	1,412058E-1
1126,295489	79,800003	80,000000	1,412058E-1
1126,295489	79,800003	80,000000	1,412058E-1
1126,295489	79,800003	80,000000	1,412091E-1
1126,295489	79,899994	80,000000	1,412091E-1
1127,294754	79,899994	80,000000	1,412091E-1
1127,294754	79,899994	80,000000	1,412091E-1
1127,294754	79,899994	80,000000	1,412091E-1
1127,294754	79,899994	80,000000	1,412091E-1
1127,294754	79,899994	80,000000	1,412091E-1
1127,294754	79,899994	80,000000	1,412091E-1
1127,294754	79,899994	80,000000	1,412091E-1
1127,294754	79,899994	80,000000	1,412091E-1
1127,294754	79,899994	80,000000	1,412091E-1
1127,294754	79,899994	80,000000	1,412091E-1
1128,296208	79,899994	80,000000	1,412091E-1
1128,296208	79,899994	80,000000	1,412091E-1
1128,296208	79,899994	80,000000	1,412091E-1
1128,296208	79,899994	80,000000	1,412091E-1
1128,296208	79,899994	80,000000	1,412091E-1
1128,296208	79,899994	80,000000	1,411855E-1
1128,296208	79,899994	80,000000	1,411855E-1
1128,296208	79,899994	80,000000	1,411855E-1
1128,296208	79,899994	80,000000	1,411855E-1
1128,296208	79,899994	80,000000	1,411855E-1
1129,296670	79,899994	80,000000	1,411855E-1
1129,296670	79,899994	80,000000	1,411855E-1
1129,296670	79,899994	80,000000	1,411855E-1
1129,296670	79,899994	80,000000	1,411855E-1
1129,296670	79,899994	80,000000	1,411855E-1
1129,296670	79,899994	80,000000	1,411855E-1
1129,296670	79,899994	80,000000	1,411855E-1
1129,296670	79,899994	80,000000	1,411855E-1
1129,296670	79,899994	80,000000	1,411855E-1
1129,296670	79,899994	80,000000	1,411855E-1
1130,297098	79,899994	80,000000	1,411855E-1
1130,297098	79,899994	80,000000	1,411855E-1
1130,297098	79,899994	80,000000	1,411855E-1
1130,297098	79,899994	80,000000	1,411871E-1
1130,297098	79,899994	80,000000	1,411871E-1
1130,297098	79,899994	80,000000	1,411871E-1
1130,297098	79,900002	80,000000	1,411887E-1
1130,297098	79,900002	80,000000	1,411887E-1
1130,297098	79,900002	80,000000	1,411887E-1
1130,297098	79,800003	80,000000	1,411903E-1
1131,297468	79,800003	80,000000	1,412187E-1
1131,297468	79,800003	80,000000	1,412219E-1
1131,297468	79,800003	80,000000	1,412251E-1
1131,297468	79,800003	80,000000	1,412251E-1
1131,297468	79,800003	80,000000	1,412283E-1
1131,297468	79,800003	80,000000	1,412315E-1
1131,297468	79,800003	80,000000	1,412347E-1
1131,297468	79,800003	80,000000	1,412347E-1
1131,297468	79,800003	80,000000	1,412379E-1
1131,297468	79,800003	80,000000	1,412411E-1
1132,297948	79,800003	80,000000	1,412411E-1
1132,297948	79,800003	80,000000	1,412444E-1
1132,297948	80,199997	80,000000	1,412444E-1
1132,297948	80,199997	80,000000	1,412444E-1
1132,297948	80,199997	80,000000	1,411404E-1
1132,297948	80,199997	80,000000	1,411372E-1
1132,297948	80,199997	80,000000	1,411372E-1
1132,297948	80,199997	80,000000	1,411339E-1
1132,297948	80,199997	80,000000	1,411307E-1
1132,297948	80,199997	80,000000	1,411275E-1
1133,298305	80,199997	80,000000	1,411275E-1
1133,298305	80,000000	80,000000	1,411243E-1
1133,298305	80,000000	80,000000	1,411747E-1
1133,298305	80,000000	80,000000	1,411747E-1
1133,298305	80,000000	80,000000	1,411747E-1
1133,298305	80,000000	80,000000	1,411747E-1
1133,298305	80,000000	80,000000	1,411747E-1
1133,298305	80,000000	80,000000	1,411747E-1
1133,298305	80,000000	80,000000	1,411747E-1
1133,298305	80,000000	80,000000	1,411747E-1
1134,297721	80,000000	80,000000	1,411747E-1
1134,297721	80,000000	80,000000	1,411747E-1
1134,297721	80,000000	80,000000	1,411747E-1
1134,297721	80,000000	80,000000	1,411747E-1
1134,297721	80,000000	80,000000	1,411747E-1
1134,297721	80,000000	80,000000	1,411747E-1
1134,297721	80,000000	80,000000	1,411747E-1
1134,297721	80,000000	80,000000	1,411747E-1
1134,297721	80,000000	80,000000	1,411747E-1
1134,297721	80,000000	80,000000	1,411747E-1
1135,298163	80,000000	80,000000	1,411747E-1
1135,298163	80,000000	80,000000	1,411747E-1
1135,298163	80,099998	80,000000	1,411747E-1
1135,298163	80,099998	80,000000	1,411747E-1
1135,298163	80,099998	80,000000	1,411479E-1
1135,298163	80,099998	80,000000	1,411463E-1
1135,298163	80,099998	80,000000	1,411463E-1
1135,298163	80,099998	80,000000	1,411447E-1
1135,298163	80,099998	80,000000	1,411431E-1
1135,298163	80,099998	80,000000	1,411415E-1
1136,298642	80,099998	80,000000	1,411399E-1
1136,298642	80,099998	80,000000	1,411399E-1
1136,298642	79,699997	80,000000	1,412455E-1
1136,298642	79,699997	80,000000	1,412455E-1
1136,298642	79,699997	80,000000	1,412503E-1
1136,298642	79,699997	80,000000	1,412551E-1
1136,298642	79,699997	80,000000	1,412551E-1
1136,298642	79,699997	80,000000	1,412599E-1
1136,298642	79,699997	80,000000	1,412599E-1
1136,298642	79,699997	80,000000	1,412599E-1
1137,298168	79,699997	80,000000	1,412647E-1
1137,298168	79,699997	80,000000	1,412696E-1
1137,298168	79,699997	80,000000	1,412744E-1
1137,298168	79,699997	80,000000	1,412792E-1
1137,298168	79,699997	80,000000	1,412840E-1
1137,298168	79,699997	80,000000	1,412840E-1
1137,298168	79,699997	80,000000	1,412888E-1
1137,298168	79,699997	80,000000	1,412936E-1
1137,298168	79,699997	80,000000	1,412936E-1
1137,298168	79,699997	80,000000	1,412984E-1
1138,299555	79,800003	80,000000	1,413033E-1
1138,299555	79,800003	80,000000	1,413033E-1
1138,299555	79,800003	80,000000	1,412813E-1
1138,299555	79,800003	80,000000	1,412813E-1
1138,299555	79,800003	80,000000	1,412845E-1
1138,299555	79,800003	80,000000	1,412877E-1
1138,299555	79,800003	80,000000	1,412877E-1
1138,299555	79,800003	80,000000	1,412909E-1
1138,299555	79,800003	80,000000	1,412941E-1
1138,299555	79,800003	80,000000	1,412941E-1
1139,298989	79,800003	80,000000	1,412973E-1
1139,298989	80,300003	80,000000	1,413005E-1
1139,298989	80,300003	80,000000	1,413005E-1
1139,298989	80,300003	80,000000	1,411697E-1
1139,298989	80,300003	80,000000	1,411649E-1
1139,298989	80,300003	80,000000	1,411601E-1
1139,298989	80,300003	80,000000	1,411601E-1
1139,298989	80,300003	80,000000	1,411553E-1
1139,298989	80,300003	80,000000	1,411553E-1
1139,298989	80,300003	80,000000	1,411553E-1
1140,299426	80,099998	80,000000	1,411505E-1
1140,299426	80,099998	80,000000	1,411505E-1
1140,299426	80,099998	80,000000	1,411993E-1
1140,299426	80,099998	80,000000	1,411977E-1
1140,299426	80,099998	80,000000	1,411961E-1
1140,299426	80,099998	80,000000	1,411961E-1
1140,299426	80,099998	80,000000	1,411944E-1
1140,299426	80,099998	80,000000	1,411928E-1
1140,299426	80,099998	80,000000	1,411928E-1
1140,299426	80,099998	80,000000	1,411912E-1
1141,298863	79,899994	80,000000	1,411896E-1
1141,298863	79,899994	80,000000	1,411896E-1
1141,298863	79,899994	80,000000	1,412416E-1
1141,298863	79,899994	80,000000	1,412416E-1
1141,298863	79,899994	80,000000	1,412432E-1
1141,298863	79,899994	80,000000	1,412448E-1
1141,298863	79,899994	80,000000	1,412448E-1
1141,298863	79,899994	80,000000	1,412464E-1
1141,298863	79,899994	80,000000	1,412481E-1
1141,298863	79,899994	80,000000	1,412481E-1
1142,299254	79,899994	80,000000	1,412497E-1
1142,299254	79,899994	80,000000	1,412513E-1
1142,299254	79,899994	80,000000	1,412529E-1
1142,299254	79,800003	80,000000	1,412545E-1
1142,299254	79,800003	80,000000	1,412829E-1
1142,299254	79,800003	80,000000	1,412829E-1
1142,299254	79,800003	80,000000	1,412861E-1
1142,299254	79,800003	80,000000	1,412861E-1
1142,299254	79,800003	80,000000	1,412893E-1
1142,299254	79,800003	80,000000	1,412893E-1
1143,299630	79,800003	80,000000	1,412925E-1
1143,299630	79,800003	80,000000	1,412957E-1
1143,299630	79,800003	80,000000	1,412957E-1
1143,299630	79,800003	80,000000	1,412957E-1
1143,299630	79,800003	80,000000	1,412989E-1
1143,299630	79,800003	80,000000	1,412989E-1
1143,299630	79,800003	80,000000	1,412989E-1
1143,299630	79,800003	80,000000	1,412989E-1
1143,299630	79,800003	80,000000	1,412989E-1
1143,299630	79,800003	80,000000	1,412989E-1
1144,299139	79,800003	80,000000	1,412989E-1
1144,299139	79,800003	80,000000	1,412989E-1
1144,299139	79,800003	80,000000	1,412989E-1
1144,299139	79,800003	80,000000	1,412989E-1
1144,299139	79,800003	80,000000	1,412989E-1
1144,299139	79,800003	80,000000	1,412989E-1
1144,299139	79,800003	80,000000	1,412989E-1
1144,299139	79,800003	80,000000	1,412989E-1
1144,299139	79,800003	80,000000	1,412989E-1
1144,299139	79,800003	80,000000	1,412989E-1
1145,299521	79,800003	80,000000	1,412989E-1
1145,299521	79,800003	80,000000	1,412989E-1
1145,299521	79,800003	80,000000	1,412989E-1
1145,299521	79,800003	80,000000	1,412989E-1
1145,299521	79,800003	80,000000	1,412989E-1
1145,299521	79,800003	80,000000	1,412989E-1
1145,299521	79,800003	80,000000	1,412989E-1
1145,299521	79,800003	80,000000	1,412989E-1
1145,299521	79,800003	80,000000	1,412989E-1
1145,299521	80,000000	80,000000	1,412485E-1
1146,298955	80,000000	80,000000	1,412485E-1
1146,298955	80,000000	80,000000	1,412485E-1
1146,298955	80,000000	80,000000	1,412485E-1
1146,298955	80,000000	80,000000	1,412485E-1
1146,298955	80,000000	80,000000	1,412485E-1
1146,298955	80,000000	80,000000	1,412485E-1
1146,298955	80,000000	80,000000	1,412485E-1
1146,298955	80,000000	80,000000	1,412485E-1
1146,298955	80,000000	80,000000	1,412485E-1
1146,298955	80,000000	80,000000	1,412485E-1
1147,299372	80,000000	80,000000	1,412485E-1
1147,299372	80,000000	80,000000	1,412485E-1
1147,299372	80,000000	80,000000	1,412485E-1
1147,299372	80,000000	80,000000	1,412485E-1
1147,299372	80,000000	80,000000	1,412485E-1
1147,299372	80,000000	80,000000	1,412485E-1
1147,299372	80,000000	80,000000	1,412485E-1
1147,299372	80,000000	80,000000	1,412485E-1
1147,299372	80,000000	80,000000	1,412485E-1
1147,299372	80,000000	80,000000	1,412485E-1
1148,298810	80,000000	80,000000	1,412485E-1
1148,298810	80,000000	80,000000	1,412485E-1
1148,298810	80,000000	80,000000	1,412485E-1
1148,298810	80,000000	80,000000	1,412485E-1
1148,298810	80,000000	80,000000	1,412485E-1
1148,298810	80,000000	80,000000	1,412485E-1
1148,298810	80,000000	80,000000	1,412485E-1
1148,298810	80,000000	80,000000	1,412485E-1
1148,298810	80,000000	80,000000	1,412485E-1
1148,298810	80,000000	80,000000	1,412485E-1
1149,300028	80,000000	80,000000	1,412485E-1
1149,300028	80,000000	80,000000	1,412485E-1
1149,300028	80,000000	80,000000	1,412485E-1
1149,300028	79,900002	80,000000	1,412753E-1
1149,300028	79,900002	80,000000	1,412753E-1
1149,300028	79,900002	80,000000	1,412753E-1
1149,300028	79,900002	80,000000	1,412753E-1
1149,300028	79,900002	80,000000	1,412753E-1
1149,300028	79,900002	80,000000	1,412753E-1
1149,300028	79,900002	80,000000	1,412753E-1
1150,300489	79,900002	80,000000	1,412753E-1
1150,300489	79,900002	80,000000	1,412753E-1
1150,300489	79,900002	80,000000	1,412753E-1
1150,300489	79,900002	80,000000	1,412753E-1
1150,300489	79,900002	80,000000	1,412753E-1
1150,300489	79,900002	80,000000	1,412753E-1
1150,300489	79,900002	80,000000	1,412753E-1
1150,300489	79,900002	80,000000	1,412753E-1
1150,300489	79,900002	80,000000	1,412753E-1
1150,300489	79,900002	80,000000	1,412753E-1
1151,299875	79,900002	80,000000	1,412753E-1
1151,299875	79,900002	80,000000	1,412769E-1
1151,299875	79,900002	80,000000	1,412769E-1
1151,299875	79,900002	80,000000	1,412769E-1
1151,299875	79,900002	80,000000	1,412769E-1
1151,299875	79,900002	80,000000	1,412769E-1
1151,299875	79,900002	80,000000	1,412769E-1
1151,299875	79,900002	80,000000	1,412769E-1
1151,299875	79,900002	80,000000	1,412769E-1
1151,299875	79,900002	80,000000	1,412769E-1
1152,300308	79,900002	80,000000	1,412769E-1
1152,300308	79,900002	80,000000	1,412769E-1
1152,300308	79,900002	80,000000	1,412769E-1
1152,300308	79,900002	80,000000	1,412769E-1
1152,300308	79,900002	80,000000	1,412769E-1
1152,300308	79,900002	80,000000	1,412769E-1
1152,300308	79,900002	80,000000	1,412769E-1
1152,300308	79,900002	80,000000	1,412769E-1
1152,300308	79,900002	80,000000	1,412769E-1
1152,300308	79,899994	80,000000	1,412785E-1
1153,299719	79,899994	80,000000	1,412785E-1
1153,299719	79,899994	80,000000	1,412785E-1
1153,299719	79,899994	80,000000	1,412785E-1
1153,299719	79,899994	80,000000	1,412785E-1
1153,299719	79,899994	80,000000	1,412785E-1
1153,299719	79,899994	80,000000	1,412785E-1
1153,299719	79,899994	80,000000	1,412785E-1
1153,299719	79,899994	80,000000	1,412785E-1
1153,299719	79,899994	80,000000	1,412785E-1
1153,299719	79,899994	80,000000	1,412785E-1
1154,300390	79,899994	80,000000	1,412785E-1
1154,300390	79,899994	80,000000	1,412785E-1
1154,300390	79,899994	80,000000	1,412785E-1
1154,300390	79,899994	80,000000	1,412785E-1
1154,300390	79,899994	80,000000	1,412785E-1
1154,300390	79,899994	80,000000	1,412785E-1
1154,300390	79,899994	80,000000	1,412802E-1
1154,300390	79,699997	80,000000	1,412802E-1
1154,300390	79,699997	80,000000	1,412802E-1
1154,300390	80,199997	80,000000	1,413354E-1
1155,299726	80,199997	80,000000	1,413354E-1
1155,299726	80,199997	80,000000	1,413354E-1
1155,299726	80,199997	80,000000	1,412062E-1
1155,299726	80,199997	80,000000	1,412062E-1
1155,299726	79,800003	80,000000	1,412030E-1
1155,299726	79,800003	80,000000	1,413070E-1
1155,299726	79,800003	80,000000	1,413102E-1
1155,299726	79,800003	80,000000	1,413102E-1
1155,299726	79,800003	80,000000	1,413134E-1
1155,299726	79,800003	80,000000	1,413166E-1
1156,300158	79,800003	80,000000	1,413166E-1
1156,300158	79,800003	80,000000	1,413198E-1
1156,300158	79,800003	80,000000	1,413230E-1
1156,300158	79,800003	80,000000	1,413262E-1
1156,300158	79,800003	80,000000	1,413262E-1
1156,300158	79,800003	80,000000	1,413294E-1
1156,300158	79,800003	80,000000	1,413294E-1
1156,300158	79,899994	80,000000	1,413294E-1
1156,300158	79,899994	80,000000	1,413058E-1
1156,300158	79,899994	80,000000	1,413074E-1
1157,300581	79,899994	80,000000	1,413090E-1
1157,300581	79,899994	80,000000	1,413106E-1
1157,300581	79,899994	80,000000	1,413106E-1
1157,300581	79,899994	80,000000	1,413123E-1
1157,300581	79,899994	80,000000	1,413139E-1
1157,300581	79,899994	80,000000	1,413155E-1
1157,300581	79,899994	80,000000	1,413155E-1
1157,300581	79,899994	80,000000	1,413171E-1
1157,300581	79,800003	80,000000	1,413187E-1
1157,300581	79,800003	80,000000	1,413187E-1
1158,300012	79,800003	80,000000	1,413471E-1
1158,300012	79,800003	80,000000	1,413471E-1
1158,300012	79,800003	80,000000	1,413503E-1
1158,300012	79,800003	80,000000	1,413503E-1
1158,300012	79,800003	80,000000	1,413535E-1
1158,300012	79,800003	80,000000	1,413567E-1
1158,300012	79,800003	80,000000	1,413599E-1
1158,300012	79,800003	80,000000	1,413599E-1
1158,300012	79,800003	80,000000	1,413631E-1
1158,300012	80,000000	80,000000	1,413663E-1
1159,300431	80,000000	80,000000	1,413663E-1
1159,300431	80,000000	80,000000	1,413159E-1
1159,300431	80,000000	80,000000	1,413159E-1
1159,300431	80,000000	80,000000	1,413159E-1
1159,300431	80,000000	80,000000	1,413159E-1
1159,300431	80,000000	80,000000	1,413159E-1
1159,300431	80,000000	80,000000	1,413159E-1
1159,300431	80,000000	80,000000	1,413159E-1
1159,300431	80,000000	80,000000	1,413159E-1
1159,300431	80,000000	80,000000	1,413159E-1
1160,299885	80,000000	80,000000	1,413159E-1
1160,299885	80,300003	80,000000	1,412355E-1
1160,299885	80,300003	80,000000	1,412355E-1
1160,299885	80,300003	80,000000	1,412355E-1
1160,299885	80,300003	80,000000	1,412355E-1
1160,299885	80,300003	80,000000	1,412355E-1
1160,299885	80,300003	80,000000	1,412355E-1
1160,299885	80,300003	80,000000	1,412355E-1
1160,299885	80,300003	80,000000	1,412355E-1
1160,299885	80,300003	80,000000	1,412355E-1
1161,300284	80,300003	80,000000	1,412355E-1
1161,300284	80,300003	80,000000	1,412355E-1
1161,300284	80,300003	80,000000	1,412355E-1
1161,300284	80,300003	80,000000	1,412355E-1
1161,300284	80,300003	80,000000	1,412355E-1
1161,300284	80,300003	80,000000	1,412355E-1
1161,300284	80,300003	80,000000	1,412355E-1
1161,300284	80,300003	80,000000	1,412355E-1
1161,300284	80,300003	80,000000	1,412355E-1
1161,300284	80,300003	80,000000	1,412355E-1
1162,300797	80,300003	80,000000	1,412355E-1
1162,300797	80,300003	80,000000	1,412355E-1
1162,300797	80,300003	80,000000	1,412355E-1
1162,300797	80,300003	80,000000	1,412355E-1
1162,300797	80,300003	80,000000	1,412355E-1
1162,300797	80,300003	80,000000	1,412355E-1
1162,300797	80,300003	80,000000	1,412307E-1
1162,300797	80,300003	80,000000	1,412307E-1
1162,300797	80,300003	80,000000	1,412307E-1
1162,300797	80,300003	80,000000	1,412307E-1
1163,301200	80,300003	80,000000	1,412307E-1
1163,301200	80,300003	80,000000	1,412307E-1
1163,301200	80,300003	80,000000	1,412307E-1
1163,301200	80,300003	80,000000	1,412307E-1
1163,301200	80,300003	80,000000	1,412307E-1
1163,301200	80,300003	80,000000	1,412307E-1
1163,301200	80,300003	80,000000	1,412307E-1
1163,301200	80,300003	80,000000	1,412307E-1
1163,301200	80,300003	80,000000	1,412307E-1
1163,301200	80,300003	80,000000	1,412307E-1
1164,301661	80,300003	80,000000	1,412307E-1
1164,301661	80,300003	80,000000	1,412307E-1
1164,301661	80,300003	80,000000	1,412307E-1
1164,301661	80,300003	80,000000	1,412307E-1
1164,301661	80,100006	80,000000	1,412259E-1
1164,301661	80,100006	80,000000	1,412259E-1
1164,301661	80,100006	80,000000	1,412259E-1
1164,301661	80,100006	80,000000	1,412259E-1
1164,301661	80,100006	80,000000	1,412259E-1
1164,301661	80,100006	80,000000	1,412259E-1
1165,301173	80,100006	80,000000	1,412259E-1
1165,301173	80,100006	80,000000	1,412259E-1
1165,301173	80,100006	80,000000	1,412259E-1
1165,301173	80,100006	80,000000	1,412259E-1
1165,301173	80,100006	80,000000	1,412259E-1
1165,301173	80,100006	80,000000	1,412259E-1
1165,301173	80,100006	80,000000	1,412259E-1
1165,301173	80,100006	80,000000	1,412259E-1
1165,301173	80,100006	80,000000	1,412259E-1
1165,301173	80,100006	80,000000	1,412259E-1
1166,301600	80,100006	80,000000	1,412259E-1
1166,301600	80,100006	80,000000	1,412747E-1
1166,301600	80,100006	80,000000	1,412747E-1
1166,301600	80,100006	80,000000	1,412747E-1
1166,301600	80,100006	80,000000	1,412747E-1
1166,301600	80,100006	80,000000	1,412747E-1
1166,301600	80,100006	80,000000	1,412747E-1
1166,301600	80,100006	80,000000	1,412747E-1
1166,301600	80,100006	80,000000	1,412747E-1
1166,301600	80,100006	80,000000	1,412747E-1
1167,300862	80,100006	80,000000	1,412747E-1
1167,300862	80,100006	80,000000	1,412747E-1
1167,300862	80,100006	80,000000	1,412747E-1
1167,300862	80,100006	80,000000	1,412747E-1
1167,300862	80,100006	80,000000	1,412747E-1
1167,300862	80,100006	80,000000	1,412747E-1
1167,300862	80,100006	80,000000	1,412747E-1
1167,300862	80,100006	80,000000	1,412747E-1
1167,300862	80,100006	80,000000	1,412747E-1
1167,300862	80,100006	80,000000	1,412731E-1
1168,301262	80,100006	80,000000	1,412731E-1
1168,301262	80,100006	80,000000	1,412731E-1
1168,301262	80,100006	80,000000	1,412731E-1
1168,301262	80,100006	80,000000	1,412731E-1
1168,301262	80,100006	80,000000	1,412731E-1
1168,301262	80,100006	80,000000	1,412731E-1
1168,301262	80,100006	80,000000	1,412731E-1
1168,301262	80,100006	80,000000	1,412731E-1
1168,301262	80,100006	80,000000	1,412731E-1
1168,301262	80,100006	80,000000	1,412731E-1
1169,302665	80,100006	80,000000	1,412731E-1
1169,302665	80,100006	80,000000	1,412731E-1
1169,302665	80,100006	80,000000	1,412731E-1
1169,302665	80,100006	80,000000	1,412731E-1
1169,302665	80,100006	80,000000	1,412731E-1
1169,302665	80,100006	80,000000	1,412731E-1
1169,302665	80,100006	80,000000	1,412715E-1
1169,302665	79,899994	80,000000	1,412715E-1
1169,302665	79,899994	80,000000	1,412715E-1
1169,302665	79,899994	80,000000	1,412715E-1
1170,302114	79,899994	80,000000	1,412715E-1
1170,302114	79,899994	80,000000	1,412715E-1
1170,302114	79,899994	80,000000	1,412715E-1
1170,302114	79,899994	80,000000	1,412715E-1
1170,302114	79,899994	80,000000	1,412715E-1
1170,302114	79,899994	80,000000	1,412715E-1
1170,302114	79,899994	80,000000	1,412715E-1
1170,302114	79,899994	80,000000	1,412715E-1
1170,302114	79,899994	80,000000	1,412715E-1
1170,302114	79,899994	80,000000	1,412715E-1
1171,302574	79,899994	80,000000	1,412715E-1
1171,302574	79,899994	80,000000	1,412715E-1
1171,302574	79,899994	80,000000	1,412715E-1
1171,302574	79,899994	80,000000	1,413235E-1
1171,302574	79,899994	80,000000	1,413235E-1
1171,302574	79,899994	80,000000	1,413235E-1
1171,302574	79,899994	80,000000	1,413235E-1
1171,302574	80,000000	80,000000	1,412983E-1
1171,302574	80,000000	80,000000	1,412983E-1
1171,302574	80,000000	80,000000	1,412983E-1
1172,301978	80,000000	80,000000	1,412983E-1
1172,301978	80,000000	80,000000	1,412983E-1
1172,301978	80,000000	80,000000	1,412983E-1
1172,301978	80,000000	80,000000	1,412983E-1
1172,301978	80,000000	80,000000	1,412983E-1
1172,301978	80,000000	80,000000	1,412983E-1
1172,301978	80,000000	80,000000	1,412983E-1
1172,301978	80,000000	80,000000	1,412983E-1
1172,301978	80,000000	80,000000	1,412983E-1
1172,301978	80,000000	80,000000	1,412983E-1
1173,303440	80,000000	80,000000	1,412983E-1
1173,303440	80,000000	80,000000	1,412983E-1
1173,303440	80,000000	80,000000	1,412983E-1
1173,303440	79,800003	80,000000	1,412983E-1
1173,303440	79,800003	80,000000	1,412983E-1
1173,303440	79,800003	80,000000	1,413519E-1
1173,303440	79,800003	80,000000	1,413551E-1
1173,303440	79,800003	80,000000	1,413551E-1
1173,303440	79,800003	80,000000	1,413583E-1
1173,303440	79,800003	80,000000	1,413615E-1
1174,302859	79,800003	80,000000	1,413615E-1
1174,302859	79,800003	80,000000	1,413647E-1
1174,302859	80,099998	80,000000	1,413679E-1
1174,302859	80,099998	80,000000	1,412907E-1
1174,302859	80,099998	80,000000	1,412907E-1
1174,302859	80,099998	80,000000	1,412891E-1
1174,302859	80,099998	80,000000	1,412875E-1
1174,302859	80,099998	80,000000	1,412875E-1
1174,302859	80,099998	80,000000	1,412859E-1
1174,302859	80,099998	80,000000	1,412859E-1
1175,303272	80,099998	80,000000	1,412843E-1
1175,303272	80,099998	80,000000	1,412843E-1
1175,303272	80,000000	80,000000	1,412827E-1
1175,303272	80,000000	80,000000	1,413079E-1
1175,303272	80,000000	80,000000	1,413079E-1
1175,303272	80,000000	80,000000	1,413079E-1
1175,303272	80,000000	80,000000	1,413079E-1
1175,303272	80,000000	80,000000	1,413079E-1
1175,303272	80,000000	80,000000	1,413079E-1
1175,303272	80,000000	80,000000	1,413079E-1
1176,304685	80,000000	80,000000	1,413079E-1
1176,304685	80,000000	80,000000	1,413079E-1
1176,304685	80,000000	80,000000	1,413079E-1
1176,304685	80,100006	80,000000	1,413079E-1
1176,304685	80,100006	80,000000	1,413079E-1
1176,304685	80,100006	80,000000	1,412811E-1
1176,304685	80,100006	80,000000	1,412795E-1
1176,304685	80,100006	80,000000	1,412779E-1
1176,304685	80,100006	80,000000	1,412779E-1
1176,304685	80,100006	80,000000	1,412763E-1
1177,304060	80,100006	80,000000	1,412747E-1
1177,304060	80,100006	80,000000	1,412731E-1
1177,304060	80,100006	80,000000	1,412715E-1
1177,304060	80,199997	80,000000	1,412431E-1
1177,304060	80,199997	80,000000	1,412399E-1
1177,304060	80,199997	80,000000	1,412399E-1
1177,304060	80,199997	80,000000	1,412367E-1
1177,304060	80,199997	80,000000	1,412367E-1
1177,304060	80,199997	80,000000	1,412334E-1
1177,304060	80,199997	80,000000	1,412334E-1
1178,304510	80,199997	80,000000	1,412302E-1
1178,304510	80,199997	80,000000	1,412302E-1
1178,304510	80,199997	80,000000	1,412270E-1
1178,304510	80,199997	80,000000	1,412238E-1
1178,304510	80,199997	80,000000	1,412206E-1
1178,304510	80,199997	80,000000	1,412174E-1
1178,304510	80,199997	80,000000	1,412142E-1
1178,304510	80,199997	80,000000	1,412142E-1
1178,304510	80,199997	80,000000	1,412110E-1
1178,304510	80,199997	80,000000	1,412078E-1
1179,304912	80,199997	80,000000	1,412078E-1
1179,304912	80,100006	80,000000	1,412046E-1
1179,304912	80,100006	80,000000	1,412046E-1
1179,304912	80,100006	80,000000	1,412281E-1
1179,304912	80,100006	80,000000	1,412281E-1
1179,304912	80,100006	80,000000	1,412265E-1
1179,304912	80,100006	80,000000	1,412249E-1
1179,304912	80,100006	80,000000	1,412233E-1
1179,304912	80,100006	80,000000	1,412233E-1
1179,304912	80,100006	80,000000	1,412217E-1
1180,305502	80,100006	80,000000	1,412217E-1
1180,305502	80,100006	80,000000	1,412201E-1
1180,305502	79,800003	80,000000	1,412185E-1
1180,305502	79,800003	80,000000	1,412973E-1
1180,305502	79,800003	80,000000	1,412973E-1
1180,305502	79,800003	80,000000	1,413005E-1
1180,305502	79,800003	80,000000	1,413037E-1
1180,305502	79,800003	80,000000	1,413037E-1
1180,305502	79,800003	80,000000	1,413070E-1
1180,305502	79,800003	80,000000	1,413070E-1
1181,304916	79,800003	80,000000	1,413102E-1
1181,304916	80,099998	80,000000	1,413102E-1
1181,304916	80,099998	80,000000	1,412330E-1
1181,304916	80,099998	80,000000	1,412314E-1
1181,304916	80,099998	80,000000	1,412298E-1
1181,304916	80,099998	80,000000	1,412281E-1
1181,304916	80,099998	80,000000	1,412281E-1
1181,304916	80,099998	80,000000	1,412265E-1
1181,304916	80,099998	80,000000	1,412249E-1
1181,304916	80,099998	80,000000	1,412249E-1
1182,305356	80,099998	80,000000	1,412233E-1
1182,305356	79,800003	80,000000	1,412217E-1
1182,305356	79,800003	80,000000	1,412217E-1
1182,305356	79,800003	80,000000	1,413005E-1
1182,305356	79,800003	80,000000	1,413005E-1
1182,305356	79,800003	80,000000	1,413037E-1
1182,305356	79,800003	80,000000	1,413070E-1
1182,305356	79,800003	80,000000	1,413070E-1
1182,305356	79,800003	80,000000	1,413102E-1
1182,305356	79,800003	80,000000	1,413134E-1
1183,304826	79,800003	80,000000	1,413166E-1
1183,304826	79,800003	80,000000	1,413166E-1
1183,304826	79,800003	80,000000	1,413198E-1
1183,304826	80,000000	80,000000	1,413230E-1
1183,304826	80,000000	80,000000	1,412726E-1
1183,304826	80,000000	80,000000	1,412726E-1
1183,304826	80,000000	80,000000	1,412726E-1
1183,304826	80,000000	80,000000	1,412726E-1
1183,304826	80,000000	80,000000	1,412726E-1
1183,304826	80,000000	80,000000	1,412726E-1
1184,304893	80,000000	80,000000	1,412726E-1
1184,304893	80,000000	80,000000	1,412726E-1
1184,304893	80,000000	80,000000	1,412726E-1
1184,304893	80,000000	80,000000	1,412726E-1
1184,304893	80,000000	80,000000	1,412726E-1
1184,304893	80,000000	80,000000	1,412726E-1
1184,304893	80,000000	80,000000	1,412726E-1
1184,304893	80,000000	80,000000	1,412726E-1
1184,304893	80,000000	80,000000	1,412726E-1
1184,304893	79,900002	80,000000	1,412726E-1
1185,305258	79,900002	80,000000	1,412994E-1
1185,305258	79,900002	80,000000	1,413010E-1
1185,305258	79,900002	80,000000	1,413010E-1
1185,305258	79,900002	80,000000	1,413010E-1
1185,305258	79,900002	80,000000	1,413026E-1
1185,305258	79,900002	80,000000	1,413026E-1
1185,305258	79,900002	80,000000	1,413042E-1
1185,305258	79,900002	80,000000	1,413058E-1
1185,305258	79,900002	80,000000	1,413074E-1
1185,305258	79,900002	80,000000	1,413074E-1
1186,305316	80,000000	80,000000	1,413090E-1
1186,305316	80,000000	80,000000	1,412838E-1
1186,305316	80,000000	80,000000	1,412838E-1
1186,305316	80,000000	80,000000	1,412838E-1
1186,305316	80,000000	80,000000	1,412838E-1
1186,305316	80,000000	80,000000	1,412838E-1
1186,305316	80,000000	80,000000	1,412838E-1
1186,305316	80,000000	80,000000	1,412838E-1
1186,305316	80,000000	80,000000	1,412838E-1
1186,305316	80,000000	80,000000	1,412838E-1
1187,304780	80,199997	80,000000	1,412838E-1
1187,304780	80,199997	80,000000	1,412302E-1
1187,304780	80,199997	80,000000	1,412270E-1
1187,304780	80,199997	80,000000	1,412238E-1
1187,304780	80,199997	80,000000	1,412238E-1
1187,304780	80,199997	80,000000	1,412206E-1
1187,304780	80,199997	80,000000	1,412174E-1
1187,304780	80,199997	80,000000	1,412142E-1
1187,304780	80,199997	80,000000	1,412142E-1
1187,304780	79,900002	80,000000	1,412110E-1
1188,306232	79,900002	80,000000	1,412882E-1
1188,306232	79,900002	80,000000	1,412898E-1
1188,306232	79,900002	80,000000	1,412898E-1
1188,306232	79,900002	80,000000	1,412898E-1
1188,306232	79,900002	80,000000	1,412914E-1
1188,306232	79,900002	80,000000	1,412914E-1
1188,306232	79,900002	80,000000	1,412930E-1
1188,306232	79,900002	80,000000	1,412930E-1
1188,306232	79,900002	80,000000	1,412946E-1
1188,306232	79,900002	80,000000	1,412962E-1
1189,306591	79,900002	80,000000	1,412962E-1
1189,306591	79,900002	80,000000	1,412978E-1
1189,306591	79,699997	80,000000	1,412978E-1
1189,306591	79,699997	80,000000	1,412978E-1
1189,306591	79,699997	80,000000	1,412978E-1
1189,306591	79,699997	80,000000	1,412978E-1
1189,306591	79,699997	80,000000	1,412978E-1
1189,306591	79,699997	80,000000	1,412978E-1
1189,306591	79,699997	80,000000	1,412978E-1
1189,306591	79,699997	80,000000	1,412978E-1
1190,306056	79,699997	80,000000	1,412978E-1
1190,306056	79,699997	80,000000	1,412978E-1
1190,306056	79,699997	80,000000	1,412978E-1
1190,306056	79,699997	80,000000	1,412978E-1
1190,306056	79,699997	80,000000	1,412978E-1
1190,306056	79,699997	80,000000	1,412978E-1
1190,306056	79,699997	80,000000	1,412978E-1
1190,306056	79,699997	80,000000	1,412978E-1
1190,306056	79,699997	80,000000	1,412978E-1
1190,306056	79,699997	80,000000	1,412978E-1
1191,306486	79,699997	80,000000	1,412978E-1
1191,306486	79,699997	80,000000	1,412978E-1
1191,306486	79,699997	80,000000	1,412978E-1
1191,306486	79,699997	80,000000	1,412978E-1
1191,306486	79,699997	80,000000	1,412978E-1
1191,306486	79,699997	80,000000	1,412978E-1
1191,306486	79,699997	80,000000	1,413530E-1
1191,306486	79,699997	80,000000	1,413530E-1
1191,306486	79,699997	80,000000	1,413530E-1
1191,306486	79,899994	80,000000	1,413530E-1
1192,305895	79,899994	80,000000	1,413530E-1
1192,305895	79,899994	80,000000	1,413530E-1
1192,305895	79,899994	80,000000	1,413530E-1
1192,305895	79,899994	80,000000	1,413530E-1
1192,305895	79,899994	80,000000	1,413530E-1
1192,305895	79,899994	80,000000	1,413530E-1
1192,305895	79,899994	80,000000	1,413530E-1
1192,305895	79,899994	80,000000	1,413530E-1
1192,305895	79,899994	80,000000	1,413530E-1
1192,305895	79,899994	80,000000	1,413530E-1
1193,306298	79,899994	80,000000	1,413530E-1
1193,306298	79,899994	80,000000	1,413530E-1
1193,306298	79,899994	80,000000	1,413530E-1
1193,306298	79,899994	80,000000	1,413042E-1
1193,306298	79,899994	80,000000	1,413042E-1
1193,306298	79,899994	80,000000	1,413042E-1
1193,306298	80,199997	80,000000	1,413042E-1
1193,306298	80,199997	80,000000	1,412254E-1
1193,306298	80,199997	80,000000	1,412254E-1
1193,306298	80,199997	80,000000	1,412254E-1
1194,306724	80,199997	80,000000	1,412254E-1
1194,306724	80,199997	80,000000	1,412254E-1
1194,306724	80,199997	80,000000	1,412254E-1
1194,306724	80,199997	80,000000	1,412254E-1
1194,306724	80,199997	80,000000	1,412254E-1
1194,306724	80,199997	80,000000	1,412254E-1
1194,306724	80,199997	80,000000	1,412254E-1
1194,306724	80,199997	80,000000	1,412254E-1
1194,306724	80,199997	80,000000	1,412254E-1
1194,306724	80,199997	80,000000	1,412254E-1
1195,306195	80,199997	80,000000	1,412254E-1
1195,306195	80,199997	80,000000	1,412254E-1
1195,306195	80,199997	80,000000	1,412254E-1
1195,306195	79,800003	80,000000	1,412254E-1
1195,306195	79,800003	80,000000	1,413294E-1
1195,306195	79,800003	80,000000	1,413294E-1
1195,306195	79,800003	80,000000	1,413294E-1
1195,306195	79,800003	80,000000	1,413294E-1
1195,306195	79,800003	80,000000	1,413294E-1
1195,306195	79,800003	80,000000	1,413294E-1
1196,306591	79,800003	80,000000	1,413294E-1
1196,306591	79,800003	80,000000	1,413294E-1
1196,306591	79,800003	80,000000	1,413294E-1
1196,306591	79,800003	80,000000	1,413294E-1
1196,306591	79,800003	80,000000	1,413294E-1
1196,306591	79,800003	80,000000	1,413294E-1
1196,306591	79,800003	80,000000	1,413294E-1
1196,306591	79,800003	80,000000	1,413294E-1
1196,306591	79,800003	80,000000	1,413294E-1
1196,306591	79,800003	80,000000	1,413294E-1
1197,305999	79,800003	80,000000	1,413294E-1
1197,305999	79,800003	80,000000	1,413294E-1
1197,305999	79,800003	80,000000	1,413294E-1
1197,305999	79,800003	80,000000	1,413326E-1
1197,305999	79,800003	80,000000	1,413326E-1
1197,305999	79,800003	80,000000	1,413326E-1
1197,305999	79,800003	80,000000	1,413326E-1
1197,305999	79,800003	80,000000	1,413326E-1
1197,305999	79,800003	80,000000	1,413326E-1
1197,305999	79,800003	80,000000	1,413326E-1
1198,306458	79,800003	80,000000	1,413326E-1
1198,306458	79,800003	80,000000	1,413326E-1
1198,306458	79,800003	80,000000	1,413326E-1
1198,306458	79,800003	80,000000	1,413326E-1
1198,306458	79,800003	80,000000	1,413326E-1
1198,306458	79,800003	80,000000	1,413326E-1
1198,306458	79,800003	80,000000	1,413326E-1
1198,306458	79,800003	80,000000	1,413326E-1
1198,306458	79,800003	80,000000	1,413326E-1
1198,306458	79,800003	80,000000	1,413326E-1
1199,305822	79,800003	80,000000	1,413326E-1
1199,305822	79,800003	80,000000	1,413326E-1
1199,305822	79,800003	80,000000	1,413326E-1
1199,305822	79,800003	80,000000	1,413326E-1
1199,305822	79,800003	80,000000	1,413326E-1
1199,305822	79,800003	80,000000	1,413326E-1
1199,305822	79,800003	80,000000	1,413326E-1
1199,305822	79,800003	80,000000	1,413326E-1
1199,305822	79,800003	80,000000	1,413326E-1
1199,305822	79,800003	80,000000	1,413326E-1
1200,306107	79,800003	80,000000	1,413326E-1
1200,306107	79,800003	80,000000	1,413326E-1
1200,306107	79,800003	80,000000	1,413326E-1
1200,306107	79,800003	80,000000	1,413326E-1
1200,306107	79,800003	80,000000	1,413326E-1
1200,306107	79,800003	80,000000	1,413326E-1
1200,306107	79,800003	80,000000	1,413326E-1
1200,306107	79,800003	80,000000	1,413326E-1
1200,306107	79,800003	80,000000	1,413326E-1
1200,306107	79,800003	80,000000	1,413326E-1
1201,306550	79,800003	80,000000	1,413326E-1
1201,306550	79,800003	80,000000	1,413326E-1
1201,306550	79,800003	80,000000	1,413326E-1
1201,306550	79,800003	80,000000	1,413326E-1
1201,306550	79,800003	80,000000	1,413326E-1
1201,306550	79,800003	80,000000	1,413326E-1
1201,306550	79,800003	80,000000	1,413326E-1
1201,306550	79,800003	80,000000	1,413326E-1
1201,306550	79,800003	80,000000	1,413326E-1
1201,306550	79,800003	80,000000	1,413326E-1
1202,305954	79,800003	80,000000	1,413326E-1
1202,305954	79,800003	80,000000	1,413326E-1
1202,305954	79,800003	80,000000	1,413326E-1
1202,305954	79,800003	80,000000	1,413326E-1
1202,305954	79,800003	80,000000	1,413326E-1
1202,305954	79,800003	80,000000	1,413326E-1
1202,305954	79,800003	80,000000	1,413326E-1
1202,305954	79,800003	80,000000	1,413326E-1
1202,305954	79,800003	80,000000	1,413326E-1
1202,305954	79,800003	80,000000	1,413358E-1
1203,306433	79,800003	80,000000	1,413358E-1
1203,306433	79,800003	80,000000	1,413358E-1
1203,306433	79,800003	80,000000	1,413358E-1
1203,306433	79,800003	80,000000	1,413358E-1
1203,306433	79,800003	80,000000	1,413358E-1
1203,306433	79,800003	80,000000	1,413358E-1
1203,306433	79,800003	80,000000	1,413358E-1
1203,306433	79,800003	80,000000	1,413358E-1
1203,306433	79,800003	80,000000	1,413358E-1
1203,306433	79,800003	80,000000	1,413358E-1
1204,305818	79,800003	80,000000	1,413358E-1
1204,305818	79,800003	80,000000	1,413358E-1
1204,305818	79,800003	80,000000	1,413358E-1
1204,305818	79,800003	80,000000	1,413358E-1
1204,305818	79,800003	80,000000	1,413358E-1
1204,305818	79,800003	80,000000	1,413358E-1
1204,305818	79,800003	80,000000	1,413390E-1
1204,305818	79,800003	80,000000	1,413390E-1
1204,305818	80,000000	80,000000	1,413390E-1
1204,305818	80,000000	80,000000	1,412887E-1
1205,306223	80,000000	80,000000	1,412887E-1
1205,306223	80,000000	80,000000	1,412887E-1
1205,306223	80,000000	80,000000	1,412887E-1
1205,306223	80,000000	80,000000	1,412887E-1
1205,306223	80,000000	80,000000	1,412887E-1
1205,306223	80,000000	80,000000	1,412887E-1
1205,306223	80,000000	80,000000	1,412887E-1
1205,306223	80,000000	80,000000	1,412887E-1
1205,306223	80,099998	80,000000	1,412887E-1
1205,306223	80,099998	80,000000	1,412619E-1
1206,306664	80,099998	80,000000	1,412602E-1
1206,306664	80,099998	80,000000	1,412602E-1
1206,306664	80,099998	80,000000	1,412586E-1
1206,306664	80,099998	80,000000	1,412586E-1
1206,306664	80,099998	80,000000	1,412570E-1
1206,306664	80,099998	80,000000	1,412570E-1
1206,306664	80,099998	80,000000	1,412554E-1
1206,306664	80,099998	80,000000	1,412554E-1
1206,306664	80,099998	80,000000	1,412538E-1
1206,306664	80,000000	80,000000	1,412522E-1
1207,306138	80,000000	80,000000	1,412774E-1
1207,306138	80,000000	80,000000	1,412774E-1
1207,306138	80,000000	80,000000	1,412774E-1
1207,306138	80,000000	80,000000	1,412774E-1
1207,306138	80,000000	80,000000	1,412774E-1
1207,306138	80,000000	80,000000	1,412774E-1
1207,306138	80,000000	80,000000	1,412774E-1
1207,306138	80,000000	80,000000	1,412774E-1
1207,306138	80,000000	80,000000	1,412774E-1
1207,306138	79,900002	80,000000	1,412774E-1
1208,307550	79,900002	80,000000	1,412774E-1
1208,307550	79,900002	80,000000	1,413042E-1
1208,307550	79,900002	80,000000	1,413058E-1
1208,307550	79,900002	80,000000	1,413058E-1
1208,307550	79,900002	80,000000	1,413074E-1
1208,307550	79,900002	80,000000	1,413090E-1
1208,307550	79,900002	80,000000	1,413106E-1
1208,307550	79,900002	80,000000	1,413106E-1
1208,307550	80,100006	80,000000	1,413122E-1
1208,307550	80,100006	80,000000	1,412602E-1
1209,306929	80,100006	80,000000	1,412586E-1
1209,306929	80,100006	80,000000	1,412586E-1
1209,306929	80,100006	80,000000	1,412570E-1
1209,306929	80,100006	80,000000	1,412570E-1
1209,306929	80,100006	80,000000	1,412554E-1
1209,306929	80,100006	80,000000	1,412554E-1
1209,306929	80,100006	80,000000	1,412538E-1
1209,306929	80,100006	80,000000	1,412538E-1
1209,306929	80,100006	80,000000	1,412522E-1
1209,306929	80,100006	80,000000	1,412506E-1
1210,307357	80,100006	80,000000	1,412506E-1
1210,307357	79,800003	80,000000	1,412490E-1
1210,307357	79,800003	80,000000	1,413278E-1
1210,307357	79,800003	80,000000	1,413278E-1
1210,307357	79,800003	80,000000	1,413310E-1
1210,307357	79,800003	80,000000	1,413342E-1
1210,307357	79,800003	80,000000	1,413374E-1
1210,307357	79,800003	80,000000	1,413374E-1
1210,307357	79,800003	80,000000	1,413374E-1
1210,307357	79,800003	80,000000	1,413407E-1
1211,306779	79,800003	80,000000	1,413407E-1
1211,306779	79,800003	80,000000	1,413439E-1
1211,306779	79,800003	80,000000	1,413439E-1
1211,306779	79,800003	80,000000	1,413439E-1
1211,306779	79,800003	80,000000	1,413439E-1
1211,306779	79,800003	80,000000	1,413439E-1
1211,306779	79,800003	80,000000	1,413439E-1
1211,306779	79,800003	80,000000	1,413439E-1
1211,306779	79,800003	80,000000	1,413439E-1
1211,306779	79,800003	80,000000	1,413439E-1
1212,307240	79,800003	80,000000	1,413439E-1
1212,307240	79,800003	80,000000	1,413439E-1
1212,307240	79,800003	80,000000	1,413439E-1
1212,307240	79,800003	80,000000	1,413439E-1
1212,307240	79,800003	80,000000	1,413439E-1
1212,307240	79,800003	80,000000	1,413439E-1
1212,307240	79,800003	80,000000	1,413439E-1
1212,307240	79,800003	80,000000	1,413439E-1
1212,307240	79,800003	80,000000	1,413439E-1
1212,307240	79,800003	80,000000	1,413439E-1
1213,307645	79,800003	80,000000	1,413439E-1
1213,307645	79,800003	80,000000	1,413439E-1
1213,307645	79,800003	80,000000	1,413439E-1
1213,307645	79,800003	80,000000	1,413439E-1
1213,307645	79,800003	80,000000	1,413439E-1
1213,307645	80,099998	80,000000	1,412667E-1
1213,307645	80,099998	80,000000	1,412667E-1
1213,307645	80,099998	80,000000	1,412667E-1
1213,307645	80,099998	80,000000	1,412667E-1
1213,307645	80,099998	80,000000	1,412667E-1
1214,307052	80,099998	80,000000	1,412667E-1
1214,307052	80,099998	80,000000	1,412667E-1
1214,307052	80,099998	80,000000	1,412667E-1
1214,307052	80,099998	80,000000	1,412667E-1
1214,307052	80,099998	80,000000	1,412667E-1
1214,307052	80,099998	80,000000	1,412667E-1
1214,307052	80,099998	80,000000	1,412667E-1
1214,307052	80,099998	80,000000	1,412667E-1
1214,307052	80,099998	80,000000	1,412667E-1
1214,307052	80,099998	80,000000	1,412667E-1
1215,307473	80,099998	80,000000	1,412667E-1
1215,307473	80,099998	80,000000	1,412667E-1
1215,307473	80,099998	80,000000	1,412651E-1
1215,307473	80,099998	80,000000	1,412651E-1
1215,307473	79,900002	80,000000	1,412651E-1
1215,307473	79,900002	80,000000	1,412651E-1
1215,307473	79,900002	80,000000	1,412651E-1
1215,307473	79,900002	80,000000	1,412651E-1
1215,307473	79,900002	80,000000	1,412651E-1
1215,307473	79,900002	80,000000	1,412651E-1
1216,306959	79,900002	80,000000	1,412651E-1
1216,306959	79,900002	80,000000	1,412651E-1
1216,306959	79,900002	80,000000	1,412651E-1
1216,306959	79,900002	80,000000	1,412651E-1
1216,306959	79,900002	80,000000	1,412651E-1
1216,306959	79,900002	80,000000	1,412651E-1
1216,306959	79,900002	80,000000	1,412651E-1
1216,306959	79,900002	80,000000	1,412651E-1
1216,306959	79,900002	80,000000	1,412651E-1
1216,306959	79,900002	80,000000	1,413171E-1
1217,307877	79,900002	80,000000	1,413171E-1
1217,307877	79,900002	80,000000	1,413171E-1
1217,307877	79,900002	80,000000	1,413171E-1
1217,307877	79,900002	80,000000	1,413187E-1
1217,307877	79,900002	80,000000	1,413187E-1
1217,307877	79,900002	80,000000	1,413187E-1
1217,307877	79,900002	80,000000	1,413187E-1
1217,307877	79,900002	80,000000	1,413187E-1
1217,307877	79,900002	80,000000	1,413187E-1
1217,307877	79,900002	80,000000	1,413187E-1
1218,308328	79,900002	80,000000	1,413187E-1
1218,308328	79,900002	80,000000	1,413187E-1
1218,308328	79,900002	80,000000	1,413187E-1
1218,308328	79,900002	80,000000	1,413187E-1
1218,308328	79,900002	80,000000	1,413187E-1
1218,308328	79,900002	80,000000	1,413187E-1
1218,308328	79,900002	80,000000	1,413187E-1
1218,308328	79,900002	80,000000	1,413187E-1
1218,308328	79,900002	80,000000	1,413187E-1
1218,308328	79,900002	80,000000	1,413187E-1
1219,307816	80,000000	80,000000	1,413187E-1
1219,307816	80,000000	80,000000	1,412935E-1
1219,307816	80,000000	80,000000	1,412935E-1
1219,307816	80,000000	80,000000	1,412935E-1
1219,307816	80,000000	80,000000	1,412935E-1
1219,307816	80,000000	80,000000	1,412935E-1
1219,307816	80,000000	80,000000	1,412935E-1
1219,307816	80,000000	80,000000	1,412935E-1
1219,307816	80,000000	80,000000	1,412935E-1
1219,307816	80,000000	80,000000	1,412935E-1
1220,308196	80,000000	80,000000	1,412935E-1
1220,308196	80,000000	80,000000	1,412935E-1
1220,308196	80,000000	80,000000	1,412935E-1
1220,308196	80,000000	80,000000	1,412935E-1
1220,308196	80,000000	80,000000	1,412935E-1
1220,308196	80,000000	80,000000	1,412935E-1
1220,308196	80,000000	80,000000	1,412935E-1
1220,308196	80,000000	80,000000	1,412935E-1
1220,308196	80,199997	80,000000	1,412935E-1
1220,308196	80,199997	80,000000	1,412935E-1
1221,308599	80,199997	80,000000	1,412935E-1
1221,308599	80,199997	80,000000	1,412935E-1
1221,308599	80,199997	80,000000	1,412935E-1
1221,308599	80,199997	80,000000	1,412935E-1
1221,308599	80,199997	80,000000	1,412935E-1
1221,308599	80,199997	80,000000	1,412935E-1
1221,308599	80,199997	80,000000	1,412935E-1
1221,308599	80,199997	80,000000	1,412935E-1
1221,308599	80,199997	80,000000	1,412935E-1
1221,308599	80,199997	80,000000	1,412935E-1
1222,309107	80,199997	80,000000	1,412935E-1
1222,309107	80,199997	80,000000	1,412935E-1
1222,309107	80,199997	80,000000	1,412935E-1
1222,309107	80,199997	80,000000	1,412399E-1
1222,309107	80,199997	80,000000	1,412399E-1
1222,309107	80,199997	80,000000	1,412399E-1
1222,309107	80,199997	80,000000	1,412367E-1
1222,309107	79,599998	80,000000	1,412367E-1
1222,309107	79,599998	80,000000	1,412367E-1
1222,309107	79,599998	80,000000	1,413943E-1
1223,310439	79,899994	80,000000	1,413943E-1
1223,310439	79,899994	80,000000	1,413203E-1
1223,310439	79,899994	80,000000	1,413219E-1
1223,310439	79,899994	80,000000	1,413235E-1
1223,310439	79,899994	80,000000	1,413251E-1
1223,310439	79,899994	80,000000	1,413267E-1
1223,310439	79,899994	80,000000	1,413283E-1
1223,310439	79,899994	80,000000	1,413299E-1
1223,310439	79,899994	80,000000	1,413299E-1
1223,310439	79,899994	80,000000	1,413315E-1
1224,309862	79,899994	80,000000	1,413331E-1
1224,309862	79,899994	80,000000	1,413347E-1
1224,309862	79,900002	80,000000	1,413347E-1
1224,309862	79,900002	80,000000	1,413347E-1
1224,309862	79,900002	80,000000	1,413363E-1
1224,309862	79,900002	80,000000	1,413363E-1
1224,309862	79,900002	80,000000	1,413379E-1
1224,309862	79,900002	80,000000	1,413395E-1
1224,309862	79,900002	80,000000	1,413411E-1
1224,309862	79,900002	80,000000	1,413411E-1
1225,311313	79,900002	80,000000	1,413427E-1
1225,311313	80,100006	80,000000	1,413443E-1
1225,311313	80,100006	80,000000	1,413443E-1
1225,311313	80,100006	80,000000	1,412923E-1
1225,311313	80,100006	80,000000	1,412907E-1
1225,311313	80,100006	80,000000	1,412907E-1
1225,311313	80,100006	80,000000	1,412891E-1
1225,311313	80,100006	80,000000	1,412891E-1
1225,311313	80,100006	80,000000	1,412875E-1
1225,311313	80,100006	80,000000	1,412875E-1
1226,310732	80,100006	80,000000	1,412859E-1
1226,310732	80,100006	80,000000	1,412843E-1
1226,310732	80,100006	80,000000	1,412843E-1
1226,310732	79,699997	80,000000	1,412827E-1
1226,310732	79,699997	80,000000	1,413883E-1
1226,310732	79,699997	80,000000	1,413931E-1
1226,310732	79,699997	80,000000	1,413931E-1
1226,310732	79,699997	80,000000	1,413980E-1
1226,310732	79,699997	80,000000	1,414028E-1
1226,310732	79,699997	80,000000	1,414076E-1
1227,311203	79,699997	80,000000	1,414124E-1
1227,311203	79,699997	80,000000	1,414124E-1
1227,311203	79,699997	80,000000	1,414124E-1
1227,311203	80,000000	80,000000	1,413368E-1
1227,311203	80,000000	80,000000	1,413368E-1
1227,311203	80,000000	80,000000	1,413368E-1
1227,311203	80,000000	80,000000	1,413368E-1
1227,311203	80,000000	80,000000	1,413368E-1
1227,311203	80,000000	80,000000	1,413368E-1
1227,311203	80,000000	80,000000	1,413368E-1
1228,311557	80,000000	80,000000	1,413368E-1
1228,311557	80,000000	80,000000	1,413368E-1
1228,311557	80,000000	80,000000	1,413368E-1
1228,311557	80,000000	80,000000	1,413368E-1
1228,311557	80,300003	80,000000	1,413368E-1
1228,311557	80,300003	80,000000	1,412564E-1
1228,311557	80,300003	80,000000	1,412564E-1
1228,311557	80,300003	80,000000	1,412516E-1
1228,311557	80,300003	80,000000	1,412516E-1
1228,311557	80,300003	80,000000	1,412516E-1
1229,311008	80,300003	80,000000	1,412468E-1
1229,311008	80,300003	80,000000	1,412420E-1
1229,311008	80,300003	80,000000	1,412371E-1
1229,311008	80,300003	80,000000	1,412323E-1
1229,311008	80,300003	80,000000	1,412275E-1
1229,311008	80,300003	80,000000	1,412275E-1
1229,311008	80,300003	80,000000	1,412227E-1
1229,311008	80,300003	80,000000	1,412179E-1
1229,311008	80,300003	80,000000	1,412131E-1
1229,311008	80,300003	80,000000	1,412082E-1
1230,311430	79,899994	80,000000	1,412082E-1
1230,311430	79,899994	80,000000	1,413106E-1
1230,311430	79,899994	80,000000	1,413106E-1
1230,311430	79,899994	80,000000	1,413122E-1
1230,311430	79,899994	80,000000	1,413122E-1
1230,311430	79,899994	80,000000	1,413122E-1
1230,311430	79,899994	80,000000	1,413139E-1
1230,311430	79,899994	80,000000	1,413139E-1
1230,311430	79,899994	80,000000	1,413139E-1
1230,311430	79,899994	80,000000	1,413139E-1
1231,310894	79,899994	80,000000	1,413139E-1
1231,310894	79,899994	80,000000	1,413139E-1
1231,310894	79,899994	80,000000	1,413139E-1
1231,310894	79,899994	80,000000	1,413139E-1
1231,310894	79,899994	80,000000	1,413139E-1
1231,310894	79,899994	80,000000	1,413139E-1
1231,310894	79,899994	80,000000	1,413139E-1
1231,310894	79,899994	80,000000	1,413139E-1
1231,310894	79,899994	80,000000	1,413139E-1
1231,310894	79,899994	80,000000	1,413139E-1
1232,312273	79,899994	80,000000	1,413139E-1
1232,312273	79,899994	80,000000	1,413139E-1
1232,312273	79,899994	80,000000	1,413139E-1
1232,312273	79,899994	80,000000	1,413139E-1
1232,312273	79,899994	80,000000	1,413139E-1
1232,312273	79,899994	80,000000	1,413139E-1
1232,312273	79,899994	80,000000	1,413139E-1
1232,312273	79,899994	80,000000	1,413139E-1
1232,312273	79,899994	80,000000	1,413139E-1
1232,312273	79,899994	80,000000	1,413139E-1
1233,312783	79,899994	80,000000	1,413155E-1
1233,312783	79,899994	80,000000	1,413155E-1
1233,312783	79,699997	80,000000	1,413155E-1
1233,312783	79,699997	80,000000	1,413155E-1
1233,312783	79,699997	80,000000	1,413155E-1
1233,312783	79,699997	80,000000	1,413155E-1
1233,312783	79,699997	80,000000	1,413155E-1
1233,312783	79,699997	80,000000	1,413155E-1
1233,312783	79,699997	80,000000	1,413155E-1
1233,312783	79,699997	80,000000	1,413155E-1
1234,312134	79,699997	80,000000	1,413155E-1
1234,312134	79,699997	80,000000	1,413155E-1
1234,312134	79,699997	80,000000	1,413155E-1
1234,312134	79,699997	80,000000	1,413155E-1
1234,312134	79,699997	80,000000	1,413155E-1
1234,312134	79,699997	80,000000	1,413155E-1
1234,312134	79,699997	80,000000	1,413155E-1
1234,312134	79,699997	80,000000	1,413707E-1
1234,312134	79,699997	80,000000	1,413707E-1
1234,312134	79,699997	80,000000	1,413707E-1
1235,312559	79,699997	80,000000	1,413707E-1
1235,312559	79,699997	80,000000	1,413707E-1
1235,312559	79,699997	80,000000	1,413707E-1
1235,312559	79,699997	80,000000	1,413707E-1
1235,312559	79,699997	80,000000	1,413707E-1
1235,312559	79,699997	80,000000	1,413707E-1
1235,312559	79,699997	80,000000	1,413707E-1
1235,312559	79,699997	80,000000	1,413707E-1
1235,312559	79,699997	80,000000	1,413707E-1
1235,312559	79,699997	80,000000	1,413707E-1
1236,312017	79,699997	80,000000	1,413707E-1
1236,312017	79,699997	80,000000	1,413707E-1
1236,312017	79,699997	80,000000	1,413707E-1
1236,312017	79,699997	80,000000	1,413707E-1
1236,312017	79,699997	80,000000	1,413707E-1
1236,312017	80,199997	80,000000	1,413755E-1
1236,312017	80,199997	80,000000	1,413755E-1
1236,312017	80,199997	80,000000	1,413755E-1
1236,312017	80,199997	80,000000	1,413755E-1
1236,312017	80,199997	80,000000	1,413755E-1
1237,312398	80,199997	80,000000	1,413755E-1
1237,312398	80,199997	80,000000	1,413755E-1
1237,312398	80,199997	80,000000	1,413755E-1
1237,312398	80,199997	80,000000	1,413755E-1
1237,312398	80,199997	80,000000	1,413755E-1
1237,312398	80,199997	80,000000	1,413755E-1
1237,312398	80,199997	80,000000	1,413755E-1
1237,312398	80,199997	80,000000	1,413755E-1
1237,312398	80,199997	80,000000	1,413755E-1
1237,312398	80,199997	80,000000	1,413755E-1
1238,311865	80,199997	80,000000	1,413755E-1
1238,311865	80,199997	80,000000	1,413755E-1
1238,311865	80,199997	80,000000	1,412463E-1
1238,311865	80,199997	80,000000	1,412463E-1
1238,311865	80,199997	80,000000	1,412463E-1
1238,311865	80,199997	80,000000	1,412463E-1
1238,311865	80,199997	80,000000	1,412463E-1
1238,311865	80,199997	80,000000	1,412463E-1
1238,311865	80,199997	80,000000	1,412463E-1
1238,311865	80,199997	80,000000	1,412463E-1
1239,312271	80,199997	80,000000	1,412463E-1
1239,312271	80,199997	80,000000	1,412463E-1
1239,312271	80,199997	80,000000	1,412463E-1
1239,312271	80,199997	80,000000	1,412463E-1
1239,312271	80,199997	80,000000	1,412463E-1
1239,312271	80,199997	80,000000	1,412463E-1
1239,312271	80,199997	80,000000	1,412463E-1
1239,312271	80,199997	80,000000	1,412463E-1
1239,312271	80,199997	80,000000	1,412463E-1
1239,312271	80,199997	80,000000	1,412463E-1
1240,312694	80,199997	80,000000	1,412431E-1
1240,312694	80,199997	80,000000	1,412431E-1
1240,312694	80,199997	80,000000	1,412431E-1
1240,312694	80,199997	80,000000	1,412431E-1
1240,312694	80,199997	80,000000	1,412431E-1
1240,312694	80,199997	80,000000	1,412431E-1
1240,312694	80,199997	80,000000	1,412431E-1
1240,312694	80,199997	80,000000	1,412431E-1
1240,312694	80,199997	80,000000	1,412431E-1
1240,312694	80,199997	80,000000	1,412431E-1
1241,312116	80,199997	80,000000	1,412431E-1
1241,312116	80,199997	80,000000	1,412431E-1
1241,312116	80,199997	80,000000	1,412431E-1
1241,312116	80,199997	80,000000	1,412431E-1
1241,312116	80,199997	80,000000	1,412431E-1
1241,312116	80,199997	80,000000	1,412431E-1
1241,312116	80,199997	80,000000	1,412431E-1
1241,312116	80,199997	80,000000	1,412399E-1
1241,312116	79,800003	80,000000	1,412399E-1
1241,312116	79,800003	80,000000	1,412399E-1
1242,312475	79,699997	80,000000	1,413439E-1
1242,312475	79,699997	80,000000	1,413439E-1
1242,312475	79,699997	80,000000	1,413439E-1
1242,312475	79,699997	80,000000	1,413439E-1
1242,312475	79,699997	80,000000	1,413739E-1
1242,312475	79,699997	80,000000	1,413787E-1
1242,312475	79,699997	80,000000	1,413835E-1
1242,312475	79,699997	80,000000	1,413835E-1
1242,312475	79,699997	80,000000	1,413883E-1
1242,312475	79,699997	80,000000	1,413931E-1
1243,311956	79,699997	80,000000	1,413931E-1
1243,311956	79,699997	80,000000	1,413980E-1
1243,311956	79,699997	80,000000	1,414028E-1
1243,311956	79,699997	80,000000	1,414076E-1
1243,311956	79,699997	80,000000	1,414076E-1
1243,311956	79,699997	80,000000	1,414124E-1
1243,311956	79,699997	80,000000	1,414124E-1
1243,311956	79,699997	80,000000	1,414124E-1
1243,311956	79,699997	80,000000	1,414172E-1
1243,311956	79,699997	80,000000	1,414172E-1
1244,313360	79,699997	80,000000	1,414220E-1
1244,313360	80,400002	80,000000	1,414268E-1
1244,313360	80,400002	80,000000	1,414268E-1
1244,313360	80,400002	80,000000	1,412440E-1
1244,313360	80,400002	80,000000	1,412376E-1
1244,313360	80,400002	80,000000	1,412312E-1
1244,313360	80,400002	80,000000	1,412312E-1
1244,313360	80,400002	80,000000	1,412248E-1
1244,313360	80,400002	80,000000	1,412184E-1
1244,313360	80,400002	80,000000	1,412184E-1
1245,312794	80,400002	80,000000	1,412119E-1
1245,312794	80,400002	80,000000	1,412119E-1
1245,312794	80,400002	80,000000	1,412055E-1
1245,312794	80,100006	80,000000	1,412055E-1
1245,312794	80,100006	80,000000	1,412795E-1
1245,312794	80,100006	80,000000	1,412779E-1
1245,312794	80,100006	80,000000	1,412763E-1
1245,312794	80,100006	80,000000	1,412747E-1
1245,312794	80,100006	80,000000	1,412747E-1
1245,312794	80,100006	80,000000	1,412731E-1
1246,312863	80,100006	80,000000	1,412715E-1
1246,312863	80,100006	80,000000	1,412715E-1
1246,312863	79,800003	80,000000	1,412699E-1
1246,312863	79,800003	80,000000	1,413487E-1
1246,312863	79,800003	80,000000	1,413487E-1
1246,312863	79,800003	80,000000	1,413519E-1
1246,312863	79,800003	80,000000	1,413519E-1
1246,312863	79,800003	80,000000	1,413551E-1
1246,312863	79,800003	80,000000	1,413551E-1
1246,312863	79,800003	80,000000	1,413583E-1
1247,314346	79,800003	80,000000	1,413615E-1
1247,314346	79,800003	80,000000	1,413615E-1
1247,314346	79,800003	80,000000	1,413647E-1
1247,314346	80,000000	80,000000	1,413679E-1
1247,314346	80,000000	80,000000	1,413679E-1
1247,314346	80,000000	80,000000	1,413175E-1
1247,314346	80,000000	80,000000	1,413175E-1
1247,314346	80,000000	80,000000	1,413175E-1
1247,314346	80,000000	80,000000	1,413175E-1
1247,314346	80,000000	80,000000	1,413175E-1
1248,314696	80,000000	80,000000	1,413175E-1
1248,314696	80,000000	80,000000	1,413175E-1
1248,314696	80,000000	80,000000	1,413175E-1
1248,314696	80,000000	80,000000	1,413175E-1
1248,314696	80,000000	80,000000	1,413175E-1
1248,314696	80,000000	80,000000	1,413175E-1
1248,314696	80,000000	80,000000	1,413175E-1
1248,314696	80,000000	80,000000	1,413175E-1
1248,314696	80,000000	80,000000	1,413175E-1
1248,314696	80,000000	80,000000	1,413175E-1
1249,315318	80,000000	80,000000	1,413175E-1
1249,315318	80,000000	80,000000	1,413175E-1
1249,315318	80,000000	80,000000	1,413175E-1
1249,315318	80,000000	80,000000	1,413175E-1
1249,315318	80,000000	80,000000	1,413175E-1
1249,315318	80,000000	80,000000	1,413175E-1
1249,315318	80,000000	80,000000	1,413175E-1
1249,315318	80,000000	80,000000	1,413175E-1
1249,315318	80,000000	80,000000	1,413175E-1
1249,315318	80,000000	80,000000	1,413175E-1
1250,314829	80,000000	80,000000	1,413175E-1
1250,314829	80,000000	80,000000	1,413175E-1
1250,314829	80,000000	80,000000	1,413175E-1
1250,314829	80,000000	80,000000	1,413175E-1
1250,314829	80,000000	80,000000	1,413175E-1
1250,314829	80,000000	80,000000	1,413175E-1
1250,314829	80,000000	80,000000	1,413175E-1
1250,314829	80,000000	80,000000	1,413175E-1
1250,314829	80,000000	80,000000	1,413175E-1
1250,314829	80,000000	80,000000	1,413175E-1
1251,315185	80,000000	80,000000	1,413175E-1
1251,315185	80,000000	80,000000	1,413175E-1
1251,315185	80,000000	80,000000	1,413175E-1
1251,315185	80,000000	80,000000	1,413175E-1
1251,315185	80,000000	80,000000	1,413175E-1
1251,315185	80,000000	80,000000	1,413175E-1
1251,315185	80,000000	80,000000	1,413175E-1
1251,315185	80,000000	80,000000	1,413175E-1
1251,315185	80,000000	80,000000	1,413175E-1
1251,315185	80,000000	80,000000	1,413175E-1
1252,315682	79,699997	80,000000	1,413175E-1
1252,315682	79,699997	80,000000	1,413175E-1
1252,315682	79,699997	80,000000	1,413175E-1
1252,315682	79,699997	80,000000	1,413175E-1
1252,315682	79,699997	80,000000	1,413175E-1
1252,315682	79,699997	80,000000	1,413175E-1
1252,315682	79,699997	80,000000	1,413175E-1
1252,315682	79,699997	80,000000	1,413175E-1
1252,315682	79,699997	80,000000	1,413175E-1
1252,315682	79,699997	80,000000	1,413175E-1
1253,315116	79,699997	80,000000	1,413175E-1
1253,315116	79,699997	80,000000	1,413175E-1
1253,315116	79,699997	80,000000	1,413175E-1
1253,315116	79,699997	80,000000	1,413175E-1
1253,315116	79,699997	80,000000	1,413175E-1
1253,315116	79,699997	80,000000	1,413175E-1
1253,315116	79,699997	80,000000	1,413175E-1
1253,315116	79,699997	80,000000	1,413980E-1
1253,315116	79,699997	80,000000	1,413980E-1
1253,315116	79,699997	80,000000	1,413980E-1
1254,315476	79,699997	80,000000	1,413980E-1
1254,315476	79,699997	80,000000	1,413980E-1
1254,315476	79,699997	80,000000	1,413980E-1
1254,315476	79,699997	80,000000	1,413980E-1
1254,315476	79,699997	80,000000	1,413980E-1
1254,315476	79,699997	80,000000	1,413980E-1
1254,315476	79,699997	80,000000	1,413980E-1
1254,315476	79,699997	80,000000	1,413980E-1
1254,315476	79,699997	80,000000	1,413980E-1
1254,315476	79,699997	80,000000	1,413980E-1
1255,315900	79,699997	80,000000	1,413980E-1
1255,315900	79,699997	80,000000	1,413980E-1
1255,315900	79,699997	80,000000	1,413980E-1
1255,315900	79,699997	80,000000	1,413980E-1
1255,315900	79,699997	80,000000	1,413980E-1
1255,315900	79,699997	80,000000	1,414028E-1
1255,315900	79,900002	80,000000	1,414028E-1
1255,315900	79,900002	80,000000	1,414028E-1
1255,315900	79,900002	80,000000	1,414028E-1
1255,315900	79,900002	80,000000	1,414028E-1
1256,316369	79,900002	80,000000	1,414028E-1
1256,316369	79,900002	80,000000	1,414028E-1
1256,316369	79,900002	80,000000	1,414028E-1
1256,316369	79,900002	80,000000	1,414028E-1
1256,316369	79,900002	80,000000	1,414028E-1
1256,316369	79,900002	80,000000	1,414028E-1
1256,316369	79,900002	80,000000	1,414028E-1
1256,316369	79,900002	80,000000	1,414028E-1
1256,316369	79,900002	80,000000	1,414028E-1
1256,316369	79,900002	80,000000	1,414028E-1
1257,315808	79,900002	80,000000	1,414028E-1
1257,315808	79,900002	80,000000	1,414028E-1
1257,315808	79,900002	80,000000	1,413540E-1
1257,315808	80,000000	80,000000	1,413540E-1
1257,315808	80,000000	80,000000	1,413540E-1
1257,315808	80,000000	80,000000	1,413540E-1
1257,315808	80,000000	80,000000	1,413540E-1
1257,315808	80,000000	80,000000	1,413540E-1
1257,315808	80,000000	80,000000	1,413540E-1
1257,315808	80,000000	80,000000	1,413540E-1
1258,317232	80,000000	80,000000	1,413540E-1
1258,317232	80,000000	80,000000	1,413540E-1
1258,317232	80,000000	80,000000	1,413540E-1
1258,317232	80,000000	80,000000	1,413540E-1
1258,317232	80,000000	80,000000	1,413540E-1
1258,317232	80,000000	80,000000	1,413540E-1
1258,317232	80,000000	80,000000	1,413540E-1
1258,317232	80,000000	80,000000	1,413540E-1
1258,317232	80,000000	80,000000	1,413540E-1
1258,317232	80,000000	80,000000	1,413540E-1
1259,317575	80,000000	80,000000	1,413288E-1
1259,317575	80,000000	80,000000	1,413288E-1
1259,317575	80,000000	80,000000	1,413288E-1
1259,317575	80,199997	80,000000	1,412752E-1
1259,317575	80,199997	80,000000	1,412752E-1
1259,317575	80,199997	80,000000	1,412752E-1
1259,317575	80,199997	80,000000	1,412720E-1
1259,317575	80,000000	80,000000	1,413224E-1
1259,317575	80,000000	80,000000	1,413224E-1
1259,317575	80,000000	80,000000	1,413224E-1
1260,317038	80,000000	80,000000	1,413224E-1
1260,317038	80,000000	80,000000	1,413224E-1
1260,317038	80,000000	80,000000	1,413224E-1
1260,317038	80,000000	80,000000	1,413224E-1
1260,317038	80,000000	80,000000	1,413224E-1
1260,317038	80,000000	80,000000	1,413224E-1
1260,317038	80,000000	80,000000	1,413224E-1
1260,317038	80,000000	80,000000	1,413224E-1
1260,317038	80,000000	80,000000	1,413224E-1
1260,317038	80,099998	80,000000	1,412956E-1
1261,317446	80,099998	80,000000	1,412956E-1
1261,317446	80,099998	80,000000	1,412940E-1
1261,317446	80,099998	80,000000	1,412940E-1
1261,317446	80,099998	80,000000	1,412923E-1
1261,317446	80,099998	80,000000	1,412907E-1
1261,317446	80,099998	80,000000	1,412891E-1
1261,317446	80,099998	80,000000	1,412875E-1
1261,317446	80,099998	80,000000	1,412875E-1
1261,317446	79,699997	80,000000	1,412859E-1
1261,317446	79,699997	80,000000	1,413915E-1
1262,317848	79,699997	80,000000	1,413915E-1
1262,317848	79,699997	80,000000	1,413963E-1
1262,317848	79,699997	80,000000	1,414012E-1
1262,317848	79,699997	80,000000	1,414012E-1
1262,317848	79,699997	80,000000	1,414060E-1
1262,317848	79,699997	80,000000	1,414060E-1
1262,317848	79,699997	80,000000	1,414060E-1
1262,317848	79,699997	80,000000	1,414108E-1
1262,317848	79,699997	80,000000	1,414156E-1
1262,317848	80,099998	80,000000	1,414204E-1
1263,319262	80,099998	80,000000	1,414204E-1
1263,319262	80,099998	80,000000	1,413180E-1
1263,319262	80,099998	80,000000	1,413164E-1
1263,319262	80,099998	80,000000	1,413148E-1
1263,319262	80,099998	80,000000	1,413148E-1
1263,319262	80,099998	80,000000	1,413132E-1
1263,319262	80,099998	80,000000	1,413116E-1
1263,319262	80,099998	80,000000	1,413116E-1
1263,319262	80,099998	80,000000	1,413100E-1
1263,319262	80,000000	80,000000	1,413100E-1
1264,319778	80,000000	80,000000	1,413100E-1
1264,319778	80,000000	80,000000	1,413352E-1
1264,319778	80,000000	80,000000	1,413352E-1
1264,319778	80,000000	80,000000	1,413352E-1
1264,319778	80,000000	80,000000	1,413352E-1
1264,319778	80,000000	80,000000	1,413352E-1
1264,319778	80,000000	80,000000	1,413352E-1
1264,319778	80,000000	80,000000	1,413352E-1
1264,319778	80,000000	80,000000	1,413352E-1
1264,319778	80,000000	80,000000	1,413352E-1
1265,319119	80,000000	80,000000	1,413352E-1
1265,319119	80,000000	80,000000	1,413352E-1
1265,319119	80,000000	80,000000	1,413352E-1
1265,319119	80,000000	80,000000	1,413352E-1
1265,319119	80,000000	80,000000	1,413352E-1
1265,319119	80,000000	80,000000	1,413352E-1
1265,319119	80,000000	80,000000	1,413352E-1
1265,319119	80,000000	80,000000	1,413352E-1
1265,319119	80,000000	80,000000	1,413352E-1
1265,319119	80,000000	80,000000	1,413352E-1
1266,319550	80,000000	80,000000	1,413352E-1
1266,319550	80,000000	80,000000	1,413352E-1
1266,319550	80,000000	80,000000	1,413352E-1
1266,319550	80,000000	80,000000	1,413352E-1
1266,319550	80,000000	80,000000	1,413352E-1
1266,319550	80,000000	80,000000	1,413352E-1
1266,319550	80,000000	80,000000	1,413352E-1
1266,319550	80,000000	80,000000	1,413352E-1
1266,319550	80,000000	80,000000	1,413352E-1
1266,319550	80,000000	80,000000	1,413352E-1
1267,318993	80,000000	80,000000	1,413352E-1
1267,318993	80,000000	80,000000	1,413352E-1
1267,318993	80,000000	80,000000	1,413352E-1
1267,318993	80,000000	80,000000	1,413352E-1
1267,318993	80,000000	80,000000	1,413352E-1
1267,318993	80,000000	80,000000	1,413352E-1
1267,318993	80,000000	80,000000	1,413352E-1
1267,318993	80,000000	80,000000	1,413352E-1
1267,318993	80,000000	80,000000	1,413352E-1
1267,318993	80,099998	80,000000	1,413352E-1
1268,320466	80,099998	80,000000	1,413084E-1
1268,320466	80,099998	80,000000	1,413068E-1
1268,320466	80,099998	80,000000	1,413068E-1
1268,320466	80,099998	80,000000	1,413052E-1
1268,320466	80,099998	80,000000	1,413052E-1
1268,320466	80,099998	80,000000	1,413036E-1
1268,320466	80,099998	80,000000	1,413036E-1
1268,320466	80,099998	80,000000	1,413020E-1
1268,320466	79,899994	80,000000	1,413540E-1
1268,320466	79,899994	80,000000	1,413556E-1
1269,319827	79,899994	80,000000	1,413572E-1
1269,319827	79,899994	80,000000	1,413572E-1
1269,319827	79,899994	80,000000	1,413588E-1
1269,319827	79,899994	80,000000	1,413604E-1
1269,319827	79,899994	80,000000	1,413620E-1
1269,319827	79,899994	80,000000	1,413636E-1
1269,319827	79,899994	80,000000	1,413636E-1
1269,319827	79,899994	80,000000	1,413652E-1
1269,319827	79,900002	80,000000	1,413668E-1
1269,319827	79,900002	80,000000	1,413668E-1
1270,320267	79,900002	80,000000	1,413668E-1
1270,320267	79,900002	80,000000	1,413684E-1
1270,320267	79,900002	80,000000	1,413684E-1
1270,320267	79,900002	80,000000	1,413684E-1
1270,320267	79,900002	80,000000	1,413700E-1
1270,320267	79,900002	80,000000	1,413700E-1
1270,320267	79,900002	80,000000	1,413700E-1
1270,320267	79,900002	80,000000	1,413700E-1
1270,320267	79,900002	80,000000	1,413700E-1
1270,320267	79,900002	80,000000	1,413700E-1
1271,321733	79,900002	80,000000	1,413700E-1
1271,321733	79,900002	80,000000	1,413700E-1
1271,321733	79,900002	80,000000	1,413700E-1
1271,321733	79,900002	80,000000	1,413700E-1
1271,321733	79,900002	80,000000	1,413700E-1
1271,321733	79,900002	80,000000	1,413700E-1
1271,321733	79,900002	80,000000	1,413700E-1
1271,321733	79,900002	80,000000	1,413700E-1
1271,321733	79,900002	80,000000	1,413700E-1
1271,321733	79,900002	80,000000	1,413700E-1
1272,321179	79,900002	80,000000	1,413700E-1
1272,321179	79,900002	80,000000	1,413700E-1
1272,321179	79,900002	80,000000	1,413700E-1
1272,321179	79,900002	80,000000	1,413700E-1
1272,321179	79,900002	80,000000	1,413700E-1
1272,321179	79,900002	80,000000	1,413700E-1
1272,321179	79,900002	80,000000	1,413700E-1
1272,321179	79,900002	80,000000	1,413700E-1
1272,321179	79,900002	80,000000	1,413716E-1
1272,321179	79,900002	80,000000	1,413716E-1
1273,321514	79,900002	80,000000	1,413716E-1
1273,321514	79,900002	80,000000	1,413716E-1
1273,321514	79,900002	80,000000	1,413716E-1
1273,321514	79,900002	80,000000	1,413716E-1
1273,321514	79,900002	80,000000	1,413716E-1
1273,321514	79,900002	80,000000	1,413716E-1
1273,321514	79,900002	80,000000	1,413716E-1
1273,321514	79,900002	80,000000	1,413716E-1
1273,321514	79,900002	80,000000	1,413716E-1
1273,321514	79,900002	80,000000	1,413716E-1
1274,321002	79,900002	80,000000	1,413716E-1
1274,321002	79,900002	80,000000	1,413716E-1
1274,321002	79,900002	80,000000	1,413716E-1
1274,321002	79,900002	80,000000	1,413716E-1
1274,321002	79,900002	80,000000	1,413716E-1
1274,321002	79,900002	80,000000	1,413716E-1
1274,321002	80,000000	80,000000	1,413732E-1
1274,321002	80,000000	80,000000	1,413732E-1
1274,321002	80,000000	80,000000	1,413732E-1
1274,321002	80,000000	80,000000	1,413732E-1
1275,322427	80,000000	80,000000	1,413732E-1
1275,322427	80,000000	80,000000	1,413732E-1
1275,322427	80,000000	80,000000	1,413732E-1
1275,322427	80,000000	80,000000	1,413732E-1
1275,322427	80,000000	80,000000	1,413732E-1
1275,322427	80,000000	80,000000	1,413732E-1
1275,322427	80,000000	80,000000	1,413732E-1
1275,322427	80,000000	80,000000	1,413732E-1
1275,322427	80,000000	80,000000	1,413732E-1
1275,322427	80,000000	80,000000	1,413732E-1
1276,321810	80,000000	80,000000	1,413732E-1
1276,321810	80,000000	80,000000	1,413732E-1
1276,321810	80,000000	80,000000	1,413732E-1
1276,321810	80,000000	80,000000	1,413480E-1
1276,321810	80,000000	80,000000	1,413480E-1
1276,321810	80,000000	80,000000	1,413480E-1
1276,321810	80,000000	80,000000	1,413480E-1
1276,321810	80,000000	80,000000	1,413480E-1
1276,321810	80,000000	80,000000	1,413480E-1
1276,321810	80,000000	80,000000	1,413480E-1
1277,322229	80,000000	80,000000	1,413480E-1
1277,322229	80,000000	80,000000	1,413480E-1
1277,322229	80,000000	80,000000	1,413480E-1
1277,322229	80,000000	80,000000	1,413480E-1
1277,322229	80,000000	80,000000	1,413480E-1
1277,322229	80,000000	80,000000	1,413480E-1
1277,322229	80,000000	80,000000	1,413480E-1
1277,322229	80,000000	80,000000	1,413480E-1
1277,322229	80,000000	80,000000	1,413480E-1
1277,322229	80,000000	80,000000	1,413480E-1
1278,322713	80,000000	80,000000	1,413480E-1
1278,322713	80,000000	80,000000	1,413480E-1
1278,322713	80,199997	80,000000	1,413480E-1
1278,322713	80,199997	80,000000	1,413480E-1
1278,322713	80,199997	80,000000	1,413480E-1
1278,322713	80,199997	80,000000	1,413480E-1
1278,322713	80,199997	80,000000	1,413480E-1
1278,322713	80,199997	80,000000	1,413480E-1
1278,322713	80,199997	80,000000	1,413480E-1
1278,322713	80,199997	80,000000	1,413480E-1
1279,322128	80,199997	80,000000	1,413480E-1
1279,322128	80,199997	80,000000	1,413480E-1
1279,322128	80,199997	80,000000	1,413480E-1
1279,322128	80,199997	80,000000	1,413480E-1
1279,322128	80,199997	80,000000	1,413480E-1
1279,322128	80,199997	80,000000	1,413480E-1
1279,322128	80,199997	80,000000	1,413480E-1
1279,322128	80,199997	80,000000	1,413480E-1
1279,322128	80,199997	80,000000	1,412944E-1
1279,322128	80,099998	80,000000	1,412944E-1
1280,323553	80,099998	80,000000	1,412944E-1
1280,323553	80,099998	80,000000	1,412944E-1
1280,323553	80,099998	80,000000	1,412944E-1
1280,323553	80,099998	80,000000	1,412944E-1
1280,323553	80,099998	80,000000	1,412944E-1
1280,323553	80,099998	80,000000	1,412944E-1
1280,323553	80,099998	80,000000	1,412944E-1
1280,323553	80,099998	80,000000	1,412944E-1
1280,323553	80,099998	80,000000	1,412944E-1
1280,323553	80,099998	80,000000	1,412944E-1
1281,322958	80,099998	80,000000	1,412944E-1
1281,322958	80,099998	80,000000	1,412944E-1
1281,322958	80,099998	80,000000	1,412944E-1
1281,322958	80,099998	80,000000	1,412944E-1
1281,322958	80,099998	80,000000	1,412944E-1
1281,322958	80,099998	80,000000	1,413180E-1
1281,322958	80,099998	80,000000	1,413180E-1
1281,322958	80,099998	80,000000	1,413180E-1
1281,322958	80,099998	80,000000	1,413180E-1
1281,322958	80,099998	80,000000	1,413164E-1
1282,323333	80,099998	80,000000	1,413164E-1
1282,323333	80,099998	80,000000	1,413164E-1
1282,323333	79,900002	80,000000	1,413148E-1
1282,323333	79,900002	80,000000	1,413668E-1
1282,323333	79,900002	80,000000	1,413684E-1
1282,323333	79,900002	80,000000	1,413700E-1
1282,323333	79,900002	80,000000	1,413700E-1
1282,323333	79,900002	80,000000	1,413716E-1
1282,323333	79,900002	80,000000	1,413732E-1
1282,323333	79,900002	80,000000	1,413748E-1
1283,323810	79,900002	80,000000	1,413748E-1
1283,323810	79,900002	80,000000	1,413764E-1
1283,323810	79,900002	80,000000	1,413781E-1
1283,323810	79,900002	80,000000	1,413781E-1
1283,323810	79,900002	80,000000	1,413797E-1
1283,323810	80,000000	80,000000	1,413797E-1
1283,323810	80,000000	80,000000	1,413797E-1
1283,323810	80,000000	80,000000	1,413545E-1
1283,323810	80,000000	80,000000	1,413545E-1
1283,323810	80,000000	80,000000	1,413545E-1
1284,325250	80,000000	80,000000	1,413545E-1
1284,325250	80,000000	80,000000	1,413545E-1
1284,325250	80,000000	80,000000	1,413545E-1
1284,325250	80,000000	80,000000	1,413545E-1
1284,325250	80,199997	80,000000	1,413545E-1
1284,325250	80,199997	80,000000	1,413009E-1
1284,325250	80,199997	80,000000	1,412976E-1
1284,325250	80,199997	80,000000	1,412944E-1
1284,325250	80,199997	80,000000	1,412912E-1
1284,325250	80,199997	80,000000	1,412912E-1
1285,325608	80,199997	80,000000	1,412880E-1
1285,325608	80,199997	80,000000	1,412880E-1
1285,325608	80,199997	80,000000	1,412848E-1
1285,325608	80,199997	80,000000	1,412816E-1
1285,325608	80,000000	80,000000	1,412784E-1
1285,325608	80,000000	80,000000	1,412784E-1
1285,325608	80,000000	80,000000	1,413288E-1
1285,325608	80,000000	80,000000	1,413288E-1
1285,325608	80,000000	80,000000	1,413288E-1
1285,325608	80,000000	80,000000	1,413288E-1
1286,325026	80,000000	80,000000	1,413288E-1
1286,325026	80,000000	80,000000	1,413288E-1
1286,325026	80,000000	80,000000	1,413288E-1
1286,325026	80,000000	80,000000	1,413288E-1
1286,325026	80,000000	80,000000	1,413288E-1
1286,325026	79,800003	80,000000	1,413288E-1
1286,325026	79,800003	80,000000	1,413288E-1
1286,325026	79,800003	80,000000	1,413288E-1
1286,325026	79,800003	80,000000	1,413288E-1
1286,325026	79,800003	80,000000	1,413824E-1
1287,325530	79,800003	80,000000	1,413824E-1
1287,325530	79,800003	80,000000	1,413824E-1
1287,325530	79,800003	80,000000	1,413824E-1
1287,325530	79,800003	80,000000	1,413824E-1
1287,325530	79,800003	80,000000	1,413824E-1
1287,325530	79,800003	80,000000	1,413824E-1
1287,325530	79,800003	80,000000	1,413824E-1
1287,325530	79,800003	80,000000	1,413824E-1
1287,325530	79,800003	80,000000	1,413824E-1
1287,325530	79,800003	80,000000	1,413824E-1
1288,325965	79,800003	80,000000	1,413824E-1
1288,325965	79,800003	80,000000	1,413824E-1
1288,325965	79,800003	80,000000	1,413824E-1
1288,325965	79,800003	80,000000	1,413824E-1
1288,325965	79,800003	80,000000	1,413824E-1
1288,325965	79,800003	80,000000	1,413824E-1
1288,325965	79,800003	80,000000	1,413824E-1
1288,325965	79,800003	80,000000	1,413824E-1
1288,325965	79,800003	80,000000	1,413824E-1
1288,325965	79,800003	80,000000	1,413824E-1
1289,326337	79,800003	80,000000	1,413824E-1
1289,326337	79,800003	80,000000	1,413824E-1
1289,326337	79,800003	80,000000	1,413824E-1
1289,326337	79,800003	80,000000	1,413824E-1
1289,326337	79,800003	80,000000	1,413856E-1
1289,326337	79,800003	80,000000	1,413856E-1
1289,326337	79,800003	80,000000	1,413856E-1
1289,326337	79,800003	80,000000	1,413856E-1
1289,326337	79,800003	80,000000	1,413856E-1
1289,326337	79,800003	80,000000	1,413856E-1
1290,325807	79,800003	80,000000	1,413856E-1
1290,325807	79,800003	80,000000	1,413856E-1
1290,325807	79,800003	80,000000	1,413856E-1
1290,325807	79,800003	80,000000	1,413856E-1
1290,325807	79,800003	80,000000	1,413856E-1
1290,325807	79,800003	80,000000	1,413856E-1
1290,325807	79,800003	80,000000	1,413856E-1
1290,325807	79,800003	80,000000	1,413856E-1
1290,325807	79,800003	80,000000	1,413856E-1
1290,325807	79,800003	80,000000	1,413856E-1
1291,326147	79,800003	80,000000	1,413856E-1
1291,326147	79,800003	80,000000	1,413888E-1
1291,326147	80,199997	80,000000	1,413888E-1
1291,326147	80,199997	80,000000	1,413888E-1
1291,326147	80,199997	80,000000	1,413888E-1
1291,326147	80,199997	80,000000	1,413888E-1
1291,326147	80,199997	80,000000	1,413888E-1
1291,326147	80,199997	80,000000	1,413888E-1
1291,326147	80,199997	80,000000	1,413888E-1
1291,326147	80,199997	80,000000	1,413888E-1
1292,326646	80,199997	80,000000	1,413888E-1
1292,326646	80,199997	80,000000	1,413888E-1
1292,326646	80,199997	80,000000	1,413888E-1
1292,326646	80,199997	80,000000	1,413888E-1
1292,326646	80,199997	80,000000	1,413888E-1
1292,326646	80,199997	80,000000	1,413888E-1
1292,326646	80,199997	80,000000	1,413888E-1
1292,326646	80,199997	80,000000	1,413888E-1
1292,326646	80,199997	80,000000	1,413888E-1
1292,326646	80,199997	80,000000	1,412848E-1
1293,326063	80,199997	80,000000	1,412848E-1
1293,326063	80,199997	80,000000	1,412848E-1
1293,326063	80,199997	80,000000	1,412848E-1
1293,326063	80,199997	80,000000	1,412848E-1
1293,326063	80,199997	80,000000	1,412848E-1
1293,326063	80,199997	80,000000	1,412848E-1
1293,326063	80,199997	80,000000	1,412848E-1
1293,326063	80,199997	80,000000	1,412848E-1
1293,326063	80,199997	80,000000	1,412848E-1
1293,326063	80,199997	80,000000	1,412848E-1
1294,326442	80,199997	80,000000	1,412848E-1
1294,326442	80,199997	80,000000	1,412848E-1
1294,326442	80,199997	80,000000	1,412848E-1
1294,326442	80,199997	80,000000	1,412848E-1
1294,326442	80,199997	80,000000	1,412848E-1
1294,326442	80,199997	80,000000	1,412848E-1
1294,326442	80,199997	80,000000	1,412816E-1
1294,326442	80,000000	80,000000	1,412816E-1
1294,326442	80,000000	80,000000	1,412816E-1
1294,326442	80,000000	80,000000	1,412816E-1
1295,325857	80,000000	80,000000	1,412816E-1
1295,325857	80,000000	80,000000	1,412816E-1
1295,325857	80,000000	80,000000	1,412816E-1
1295,325857	80,000000	80,000000	1,412816E-1
1295,325857	80,000000	80,000000	1,412816E-1
1295,325857	80,000000	80,000000	1,412816E-1
1295,325857	80,000000	80,000000	1,412816E-1
1295,325857	80,000000	80,000000	1,412816E-1
1295,325857	80,000000	80,000000	1,412816E-1
1295,325857	80,000000	80,000000	1,412816E-1
1296,326318	80,000000	80,000000	1,412816E-1
1296,326318	80,000000	80,000000	1,412816E-1
1296,326318	80,000000	80,000000	1,412816E-1
1296,326318	80,000000	80,000000	1,413320E-1
1296,326318	80,000000	80,000000	1,413320E-1
1296,326318	80,000000	80,000000	1,413320E-1
1296,326318	80,000000	80,000000	1,413320E-1
1296,326318	80,000000	80,000000	1,413320E-1
1296,326318	80,000000	80,000000	1,413320E-1
1296,326318	80,000000	80,000000	1,413320E-1
1297,326762	80,000000	80,000000	1,413320E-1
1297,326762	80,000000	80,000000	1,413320E-1
1297,326762	80,000000	80,000000	1,413320E-1
1297,326762	80,000000	80,000000	1,413320E-1
1297,326762	80,000000	80,000000	1,413320E-1
1297,326762	80,000000	80,000000	1,413320E-1
1297,326762	80,000000	80,000000	1,413320E-1
1297,326762	80,000000	80,000000	1,413320E-1
1297,326762	80,000000	80,000000	1,413320E-1
1297,326762	80,000000	80,000000	1,413320E-1
1298,327216	80,000000	80,000000	1,413320E-1
1298,327216	80,000000	80,000000	1,413320E-1
1298,327216	80,000000	80,000000	1,413320E-1
1298,327216	80,000000	80,000000	1,413320E-1
1298,327216	79,900002	80,000000	1,413588E-1
1298,327216	79,900002	80,000000	1,413588E-1
1298,327216	79,900002	80,000000	1,413588E-1
1298,327216	79,900002	80,000000	1,413604E-1
1298,327216	80,099998	80,000000	1,413604E-1
1298,327216	80,099998	80,000000	1,413084E-1
1299,328646	80,099998	80,000000	1,413068E-1
1299,328646	80,099998	80,000000	1,413052E-1
1299,328646	80,099998	80,000000	1,413036E-1
1299,328646	80,099998	80,000000	1,413020E-1
1299,328646	80,099998	80,000000	1,413020E-1
1299,328646	80,099998	80,000000	1,413004E-1
1299,328646	80,099998	80,000000	1,412988E-1
1299,328646	80,099998	80,000000	1,412988E-1
1299,328646	80,099998	80,000000	1,412972E-1
1299,328646	80,099998	80,000000	1,412956E-1
1300,328043	79,699997	80,000000	1,412956E-1
1300,328043	79,699997	80,000000	1,412956E-1
1300,328043	79,699997	80,000000	1,414012E-1
1300,328043	79,699997	80,000000	1,414060E-1
1300,328043	79,699997	80,000000	1,414060E-1
1300,328043	79,699997	80,000000	1,414108E-1
1300,328043	79,699997	80,000000	1,414156E-1
1300,328043	79,699997	80,000000	1,414156E-1
1300,328043	79,699997	80,000000	1,414204E-1
1300,328043	80,000000	80,000000	1,414252E-1
1301,328426	80,000000	80,000000	1,414252E-1
1301,328426	80,000000	80,000000	1,413496E-1
1301,328426	80,000000	80,000000	1,413496E-1
1301,328426	80,000000	80,000000	1,413496E-1
1301,328426	80,000000	80,000000	1,413496E-1
1301,328426	80,000000	80,000000	1,413496E-1
1301,328426	80,000000	80,000000	1,413496E-1
1301,328426	80,000000	80,000000	1,413496E-1
1301,328426	80,000000	80,000000	1,413496E-1
1301,328426	79,599998	80,000000	1,413496E-1
1302,327808	79,599998	80,000000	1,413496E-1
1302,327808	79,599998	80,000000	1,414569E-1
1302,327808	79,599998	80,000000	1,414633E-1
1302,327808	79,599998	80,000000	1,414697E-1
1302,327808	79,599998	80,000000	1,414697E-1
1302,327808	79,599998	80,000000	1,414761E-1
1302,327808	79,599998	80,000000	1,414825E-1
1302,327808	79,599998	80,000000	1,414890E-1
1302,327808	79,599998	80,000000	1,414954E-1
1302,327808	79,599998	80,000000	1,414954E-1
1303,328253	80,199997	80,000000	1,414954E-1
1303,328253	80,199997	80,000000	1,413410E-1
1303,328253	80,199997	80,000000	1,413410E-1
1303,328253	80,199997	80,000000	1,413378E-1
1303,328253	80,199997	80,000000	1,413346E-1
1303,328253	80,199997	80,000000	1,413313E-1
1303,328253	80,199997	80,000000	1,413281E-1
1303,328253	80,199997	80,000000	1,413249E-1
1303,328253	80,199997	80,000000	1,413249E-1
1303,328253	80,199997	80,000000	1,413249E-1
1304,328677	80,199997	80,000000	1,413217E-1
1304,328677	80,199997	80,000000	1,413185E-1
1304,328677	80,099998	80,000000	1,413421E-1
1304,328677	80,099998	80,000000	1,413405E-1
1304,328677	80,099998	80,000000	1,413405E-1
1304,328677	80,099998	80,000000	1,413405E-1
1304,328677	80,099998	80,000000	1,413389E-1
1304,328677	80,099998	80,000000	1,413389E-1
1304,328677	80,099998	80,000000	1,413389E-1
1304,328677	80,099998	80,000000	1,413389E-1
1305,328180	80,099998	80,000000	1,413373E-1
1305,328180	80,099998	80,000000	1,413373E-1
1305,328180	80,099998	80,000000	1,413373E-1
1305,328180	80,099998	80,000000	1,413373E-1
1305,328180	80,099998	80,000000	1,413373E-1
1305,328180	80,099998	80,000000	1,413373E-1
1305,328180	80,099998	80,000000	1,413373E-1
1305,328180	80,099998	80,000000	1,413373E-1
1305,328180	80,099998	80,000000	1,413373E-1
1305,328180	80,099998	80,000000	1,413373E-1
1306,329315	80,099998	80,000000	1,413373E-1
1306,329315	80,099998	80,000000	1,413373E-1
1306,329315	80,099998	80,000000	1,413373E-1
1306,329315	80,099998	80,000000	1,413373E-1
1306,329315	80,099998	80,000000	1,413373E-1
1306,329315	80,099998	80,000000	1,413373E-1
1306,329315	80,099998	80,000000	1,413373E-1
1306,329315	80,099998	80,000000	1,413373E-1
1306,329315	80,099998	80,000000	1,413373E-1
1306,329315	80,099998	80,000000	1,413373E-1
1307,329742	80,099998	80,000000	1,413373E-1
1307,329742	80,099998	80,000000	1,413373E-1
1307,329742	80,099998	80,000000	1,413373E-1
1307,329742	80,099998	80,000000	1,413373E-1
1307,329742	80,099998	80,000000	1,413373E-1
1307,329742	80,099998	80,000000	1,413357E-1
1307,329742	80,099998	80,000000	1,413357E-1
1307,329742	80,099998	80,000000	1,413357E-1
1307,329742	80,099998	80,000000	1,413357E-1
1307,329742	80,099998	80,000000	1,413357E-1
1308,331212	80,099998	80,000000	1,413357E-1
1308,331212	80,099998	80,000000	1,413357E-1
1308,331212	80,099998	80,000000	1,413357E-1
1308,331212	80,099998	80,000000	1,413357E-1
1308,331212	80,099998	80,000000	1,413357E-1
1308,331212	80,099998	80,000000	1,413357E-1
1308,331212	80,099998	80,000000	1,413357E-1
1308,331212	80,099998	80,000000	1,413357E-1
1308,331212	80,099998	80,000000	1,413357E-1
1308,331212	80,099998	80,000000	1,413357E-1
1309,331599	80,099998	80,000000	1,413357E-1
1309,331599	80,099998	80,000000	1,413341E-1
1309,331599	80,099998	80,000000	1,413341E-1
1309,331599	80,099998	80,000000	1,413341E-1
1309,331599	80,099998	80,000000	1,413341E-1
1309,331599	80,099998	80,000000	1,413341E-1
1309,331599	80,099998	80,000000	1,413341E-1
1309,331599	80,099998	80,000000	1,413341E-1
1309,331599	80,099998	80,000000	1,413341E-1
1309,331599	80,099998	80,000000	1,413341E-1
1310,331008	80,099998	80,000000	1,413341E-1
1310,331008	80,099998	80,000000	1,413341E-1
1310,331008	80,099998	80,000000	1,413341E-1
1310,331008	80,099998	80,000000	1,413341E-1
1310,331008	80,099998	80,000000	1,413341E-1
1310,331008	80,099998	80,000000	1,413341E-1
1310,331008	80,099998	80,000000	1,413341E-1
1310,331008	80,099998	80,000000	1,413341E-1
1310,331008	80,099998	80,000000	1,413325E-1
1310,331008	80,099998	80,000000	1,413325E-1
1311,331435	80,099998	80,000000	1,413325E-1
1311,331435	80,099998	80,000000	1,413309E-1
1311,331435	80,099998	80,000000	1,413309E-1
1311,331435	80,099998	80,000000	1,413309E-1
1311,331435	80,099998	80,000000	1,413309E-1
1311,331435	80,099998	80,000000	1,413309E-1
1311,331435	80,099998	80,000000	1,413309E-1
1311,331435	80,099998	80,000000	1,413309E-1
1311,331435	80,099998	80,000000	1,413309E-1
1311,331435	80,099998	80,000000	1,413309E-1
1312,330887	80,099998	80,000000	1,413309E-1
1312,330887	80,099998	80,000000	1,413309E-1
1312,330887	80,099998	80,000000	1,413309E-1
1312,330887	80,099998	80,000000	1,413309E-1
1312,330887	80,099998	80,000000	1,413309E-1
1312,330887	80,099998	80,000000	1,413309E-1
1312,330887	80,099998	80,000000	1,413309E-1
1312,330887	80,000000	80,000000	1,413309E-1
1312,330887	80,000000	80,000000	1,413309E-1
1312,330887	80,000000	80,000000	1,413561E-1
1313,331313	80,000000	80,000000	1,413561E-1
1313,331313	80,000000	80,000000	1,413561E-1
1313,331313	80,000000	80,000000	1,413561E-1
1313,331313	80,000000	80,000000	1,413561E-1
1313,331313	80,000000	80,000000	1,413561E-1
1313,331313	80,000000	80,000000	1,413561E-1
1313,331313	80,000000	80,000000	1,413561E-1
1313,331313	80,000000	80,000000	1,413561E-1
1313,331313	80,000000	80,000000	1,413561E-1
1313,331313	80,000000	80,000000	1,413561E-1
1314,332762	80,000000	80,000000	1,413561E-1
1314,332762	80,000000	80,000000	1,413561E-1
1314,332762	80,000000	80,000000	1,413561E-1
1314,332762	80,000000	80,000000	1,413561E-1
1314,332762	80,000000	80,000000	1,413561E-1
1314,332762	80,000000	80,000000	1,413561E-1
1314,332762	80,000000	80,000000	1,413561E-1
1314,332762	80,000000	80,000000	1,413561E-1
1314,332762	80,000000	80,000000	1,413561E-1
1314,332762	80,000000	80,000000	1,413561E-1
1315,332191	80,000000	80,000000	1,413561E-1
1315,332191	80,000000	80,000000	1,413561E-1
1315,332191	80,000000	80,000000	1,413561E-1
1315,332191	80,000000	80,000000	1,413561E-1
1315,332191	80,000000	80,000000	1,413561E-1
1315,332191	80,000000	80,000000	1,413561E-1
1315,332191	80,000000	80,000000	1,413561E-1
1315,332191	80,000000	80,000000	1,413561E-1
1315,332191	80,000000	80,000000	1,413561E-1
1315,332191	80,000000	80,000000	1,413561E-1
1316,332619	80,000000	80,000000	1,413561E-1
1316,332619	80,000000	80,000000	1,413561E-1
1316,332619	80,000000	80,000000	1,413561E-1
1316,332619	79,900002	80,000000	1,413561E-1
1316,332619	79,900002	80,000000	1,413561E-1
1316,332619	79,900002	80,000000	1,413829E-1
1316,332619	79,900002	80,000000	1,413829E-1
1316,332619	79,900002	80,000000	1,413829E-1
1316,332619	79,699997	80,000000	1,413845E-1
1316,332619	79,699997	80,000000	1,414397E-1
1317,332032	79,699997	80,000000	1,414397E-1
1317,332032	79,699997	80,000000	1,414445E-1
1317,332032	79,699997	80,000000	1,414493E-1
1317,332032	79,699997	80,000000	1,414493E-1
1317,332032	79,699997	80,000000	1,414541E-1
1317,332032	79,699997	80,000000	1,414589E-1
1317,332032	79,699997	80,000000	1,414638E-1
1317,332032	80,000000	80,000000	1,414638E-1
1317,332032	80,000000	80,000000	1,413882E-1
1317,332032	80,000000	80,000000	1,413882E-1
1318,332478	80,000000	80,000000	1,413882E-1
1318,332478	80,000000	80,000000	1,413882E-1
1318,332478	80,000000	80,000000	1,413882E-1
1318,332478	80,000000	80,000000	1,413882E-1
1318,332478	80,000000	80,000000	1,413882E-1
1318,332478	80,000000	80,000000	1,413882E-1
1318,332478	80,000000	80,000000	1,413882E-1
1318,332478	80,000000	80,000000	1,413882E-1
1318,332478	80,000000	80,000000	1,413882E-1
1318,332478	80,000000	80,000000	1,413882E-1
1319,331823	80,000000	80,000000	1,413882E-1
1319,331823	80,000000	80,000000	1,413882E-1
1319,331823	80,000000	80,000000	1,413882E-1
1319,331823	80,000000	80,000000	1,413882E-1
1319,331823	80,000000	80,000000	1,413882E-1
1319,331823	80,000000	80,000000	1,413882E-1
1319,331823	80,000000	80,000000	1,413882E-1
1319,331823	80,000000	80,000000	1,413882E-1
1319,331823	80,000000	80,000000	1,413882E-1
1319,331823	80,000000	80,000000	1,413882E-1
1320,333185	80,000000	80,000000	1,413882E-1
1320,333185	80,000000	80,000000	1,413882E-1
1320,333185	80,000000	80,000000	1,413882E-1
1320,333185	80,000000	80,000000	1,413882E-1
1320,333185	80,000000	80,000000	1,413882E-1
1320,333185	80,000000	80,000000	1,413882E-1
1320,333185	80,000000	80,000000	1,413882E-1
1320,333185	80,000000	80,000000	1,413882E-1
1320,333185	80,000000	80,000000	1,413882E-1
1320,333185	80,000000	80,000000	1,413882E-1
1321,333656	80,000000	80,000000	1,413882E-1
1321,333656	80,000000	80,000000	1,413882E-1
1321,333656	80,000000	80,000000	1,413882E-1
1321,333656	80,000000	80,000000	1,413882E-1
1321,333656	80,000000	80,000000	1,413882E-1
1321,333656	80,000000	80,000000	1,413882E-1
1321,333656	80,000000	80,000000	1,413882E-1
1321,333656	80,000000	80,000000	1,413882E-1
1321,333656	80,000000	80,000000	1,413882E-1
1321,333656	80,000000	80,000000	1,413882E-1
1322,332995	80,000000	80,000000	1,413882E-1
1322,332995	79,900002	80,000000	1,413882E-1
1322,332995	79,900002	80,000000	1,414150E-1
1322,332995	79,900002	80,000000	1,414150E-1
1322,332995	79,900002	80,000000	1,414150E-1
1322,332995	79,900002	80,000000	1,414150E-1
1322,332995	79,900002	80,000000	1,414150E-1
1322,332995	79,900002	80,000000	1,414150E-1
1322,332995	79,900002	80,000000	1,414150E-1
1322,332995	79,900002	80,000000	1,414150E-1
1323,333536	79,900002	80,000000	1,414150E-1
1323,333536	79,900002	80,000000	1,414150E-1
1323,333536	79,900002	80,000000	1,414150E-1
1323,333536	79,900002	80,000000	1,414150E-1
1323,333536	79,900002	80,000000	1,414150E-1
1323,333536	79,900002	80,000000	1,414150E-1
1323,333536	79,900002	80,000000	1,414150E-1
1323,333536	79,900002	80,000000	1,414150E-1
1323,333536	79,900002	80,000000	1,414150E-1
1323,333536	79,900002	80,000000	1,414150E-1
1324,332869	79,900002	80,000000	1,414150E-1
1324,332869	79,900002	80,000000	1,414150E-1
1324,332869	79,900002	80,000000	1,414150E-1
1324,332869	79,900002	80,000000	1,414150E-1
1324,332869	79,900002	80,000000	1,414150E-1
1324,332869	79,900002	80,000000	1,414150E-1
1324,332869	79,900002	80,000000	1,414166E-1
1324,332869	79,900002	80,000000	1,414166E-1
1324,332869	79,900002	80,000000	1,414166E-1
1324,332869	79,900002	80,000000	1,414166E-1
1325,333304	79,900002	80,000000	1,414166E-1
1325,333304	79,900002	80,000000	1,414166E-1
1325,333304	79,900002	80,000000	1,414166E-1
1325,333304	79,900002	80,000000	1,414166E-1
1325,333304	79,900002	80,000000	1,414166E-1
1325,333304	79,900002	80,000000	1,414166E-1
1325,333304	79,900002	80,000000	1,414166E-1
1325,333304	79,900002	80,000000	1,414166E-1
1325,333304	79,900002	80,000000	1,414166E-1
1325,333304	79,900002	80,000000	1,414166E-1
1326,332784	79,900002	80,000000	1,414166E-1
1326,332784	79,900002	80,000000	1,414166E-1
1326,332784	79,900002	80,000000	1,414166E-1
1326,332784	79,900002	80,000000	1,414182E-1
1326,332784	79,900002	80,000000	1,414182E-1
1326,332784	79,900002	80,000000	1,414182E-1
1326,332784	79,900002	80,000000	1,414182E-1
1326,332784	79,900002	80,000000	1,414182E-1
1326,332784	79,900002	80,000000	1,414182E-1
1326,332784	79,900002	80,000000	1,414182E-1
1327,333210	79,900002	80,000000	1,414182E-1
1327,333210	79,900002	80,000000	1,414182E-1
1327,333210	79,900002	80,000000	1,414182E-1
1327,333210	79,900002	80,000000	1,414182E-1
1327,333210	79,900002	80,000000	1,414182E-1
1327,333210	79,900002	80,000000	1,414182E-1
1327,333210	79,900002	80,000000	1,414182E-1
1327,333210	79,900002	80,000000	1,414182E-1
1327,333210	79,900002	80,000000	1,414182E-1
1327,333210	79,900002	80,000000	1,414182E-1
1328,333627	80,000000	80,000000	1,413930E-1
1328,333627	80,000000	80,000000	1,413930E-1
1328,333627	80,000000	80,000000	1,413930E-1
1328,333627	80,000000	80,000000	1,413930E-1
1328,333627	80,000000	80,000000	1,413930E-1
1328,333627	80,000000	80,000000	1,413930E-1
1328,333627	80,000000	80,000000	1,413930E-1
1328,333627	80,000000	80,000000	1,413930E-1
1328,333627	80,000000	80,000000	1,413930E-1
1328,333627	80,000000	80,000000	1,413930E-1
1329,333006	80,000000	80,000000	1,413930E-1
1329,333006	80,000000	80,000000	1,413930E-1
1329,333006	80,000000	80,000000	1,413930E-1
1329,333006	80,000000	80,000000	1,413930E-1
1329,333006	80,000000	80,000000	1,413930E-1
1329,333006	80,000000	80,000000	1,413930E-1
1329,333006	80,000000	80,000000	1,413930E-1
1329,333006	80,000000	80,000000	1,413930E-1
1329,333006	80,000000	80,000000	1,413930E-1
1329,333006	80,000000	80,000000	1,413930E-1
1330,333487	80,000000	80,000000	1,413930E-1
1330,333487	80,000000	80,000000	1,413930E-1
1330,333487	80,000000	80,000000	1,413930E-1
1330,333487	80,000000	80,000000	1,413930E-1
1330,333487	80,000000	80,000000	1,413930E-1
1330,333487	80,000000	80,000000	1,413930E-1
1330,333487	80,000000	80,000000	1,413930E-1
1330,333487	80,000000	80,000000	1,413930E-1
1330,333487	80,000000	80,000000	1,413930E-1
1330,333487	80,000000	80,000000	1,413930E-1
1331,333964	80,000000	80,000000	1,413930E-1
1331,333964	80,000000	80,000000	1,413930E-1
1331,333964	80,000000	80,000000	1,413930E-1
1331,333964	80,000000	80,000000	1,413930E-1
1331,333964	80,000000	80,000000	1,413930E-1
1331,333964	80,099998	80,000000	1,413930E-1
1331,333964	80,099998	80,000000	1,413930E-1
1331,333964	80,099998	80,000000	1,413930E-1
1331,333964	80,099998	80,000000	1,413930E-1
1331,333964	80,099998	80,000000	1,413930E-1
1332,334343	80,099998	80,000000	1,413930E-1
1332,334343	80,099998	80,000000	1,413930E-1
1332,334343	80,099998	80,000000	1,413930E-1
1332,334343	80,099998	80,000000	1,413930E-1
1332,334343	80,099998	80,000000	1,413930E-1
1332,334343	80,099998	80,000000	1,413930E-1
1332,334343	80,099998	80,000000	1,413930E-1
1332,334343	80,099998	80,000000	1,413930E-1
1332,334343	80,099998	80,000000	1,413930E-1
1332,334343	80,099998	80,000000	1,413930E-1
1333,334765	80,099998	80,000000	1,413930E-1
1333,334765	80,099998	80,000000	1,413930E-1
1333,334765	80,099998	80,000000	1,413930E-1
1333,334765	80,000000	80,000000	1,413662E-1
1333,334765	80,000000	80,000000	1,413662E-1
1333,334765	80,000000	80,000000	1,413662E-1
1333,334765	79,900002	80,000000	1,414182E-1
1333,334765	79,900002	80,000000	1,414182E-1
1333,334765	79,900002	80,000000	1,414182E-1
1333,334765	79,900002	80,000000	1,414198E-1
1334,335187	79,900002	80,000000	1,414198E-1
1334,335187	79,900002	80,000000	1,414214E-1
1334,335187	79,900002	80,000000	1,414230E-1
1334,335187	79,900002	80,000000	1,414230E-1
1334,335187	79,900002	80,000000	1,414246E-1
1334,335187	79,900002	80,000000	1,414262E-1
1334,335187	79,900002	80,000000	1,414278E-1
1334,335187	79,900002	80,000000	1,414278E-1
1334,335187	79,900002	80,000000	1,414294E-1
1334,335187	79,900002	80,000000	1,414310E-1
1335,335615	79,900002	80,000000	1,414326E-1
1335,335615	79,900002	80,000000	1,414326E-1
1335,335615	79,900002	80,000000	1,414326E-1
1335,335615	79,900002	80,000000	1,414342E-1
1335,335615	80,000000	80,000000	1,414342E-1
1335,335615	80,000000	80,000000	1,414090E-1
1335,335615	80,000000	80,000000	1,414090E-1
1335,335615	80,000000	80,000000	1,414090E-1
1335,335615	80,000000	80,000000	1,414090E-1
1335,335615	80,000000	80,000000	1,414090E-1
1336,334963	80,000000	80,000000	1,414090E-1
1336,334963	80,000000	80,000000	1,414090E-1
1336,334963	80,000000	80,000000	1,414090E-1
1336,334963	80,000000	80,000000	1,414090E-1
1336,334963	80,000000	80,000000	1,414090E-1
1336,334963	80,000000	80,000000	1,414090E-1
1336,334963	80,000000	80,000000	1,414090E-1
1336,334963	80,000000	80,000000	1,414090E-1
1336,334963	80,000000	80,000000	1,414090E-1
1336,334963	80,000000	80,000000	1,414090E-1
1337,336427	80,000000	80,000000	1,414090E-1
1337,336427	80,000000	80,000000	1,414090E-1
1337,336427	80,000000	80,000000	1,414090E-1
1337,336427	80,000000	80,000000	1,414090E-1
1337,336427	80,000000	80,000000	1,414090E-1
1337,336427	80,000000	80,000000	1,414090E-1
1337,336427	79,900002	80,000000	1,414090E-1
1337,336427	79,900002	80,000000	1,414358E-1
1337,336427	79,900002	80,000000	1,414358E-1
1337,336427	79,900002	80,000000	1,414374E-1
1338,336844	79,900002	80,000000	1,414390E-1
1338,336844	79,900002	80,000000	1,414406E-1
1338,336844	79,900002	80,000000	1,414406E-1
1338,336844	79,900002	80,000000	1,414406E-1
1338,336844	79,900002	80,000000	1,414422E-1
1338,336844	79,900002	80,000000	1,414422E-1
1338,336844	80,000000	80,000000	1,414439E-1
1338,336844	80,000000	80,000000	1,414187E-1
1338,336844	80,000000	80,000000	1,414187E-1
1338,336844	80,000000	80,000000	1,414187E-1
1339,337382	80,000000	80,000000	1,414187E-1
1339,337382	80,000000	80,000000	1,414187E-1
1339,337382	80,000000	80,000000	1,414187E-1
1339,337382	80,000000	80,000000	1,414187E-1
1339,337382	80,000000	80,000000	1,414187E-1
1339,337382	80,000000	80,000000	1,414187E-1
1339,337382	80,000000	80,000000	1,414187E-1
1339,337382	80,000000	80,000000	1,414187E-1
1339,337382	80,000000	80,000000	1,414187E-1
1339,337382	80,000000	80,000000	1,414187E-1
1340,337814	80,000000	80,000000	1,414187E-1
1340,337814	80,000000	80,000000	1,414187E-1
1340,337814	80,000000	80,000000	1,414187E-1
1340,337814	80,000000	80,000000	1,414187E-1
1340,337814	80,000000	80,000000	1,414187E-1
1340,337814	80,000000	80,000000	1,414187E-1
1340,337814	80,000000	80,000000	1,414187E-1
1340,337814	80,000000	80,000000	1,414187E-1
1340,337814	80,000000	80,000000	1,414187E-1
1340,337814	79,899994	80,000000	1,414187E-1
1341,339287	79,899994	80,000000	1,414455E-1
1341,339287	79,899994	80,000000	1,414455E-1
1341,339287	79,899994	80,000000	1,414471E-1
1341,339287	79,899994	80,000000	1,414471E-1
1341,339287	79,899994	80,000000	1,414471E-1
1341,339287	79,899994	80,000000	1,414487E-1
1341,339287	79,899994	80,000000	1,414503E-1
1341,339287	79,899994	80,000000	1,414519E-1
1341,339287	79,899994	80,000000	1,414535E-1
1341,339287	79,899994	80,000000	1,414535E-1
1342,339653	80,000000	80,000000	1,414551E-1
1342,339653	80,000000	80,000000	1,414299E-1
1342,339653	80,000000	80,000000	1,414299E-1
1342,339653	80,000000	80,000000	1,414299E-1
1342,339653	80,000000	80,000000	1,414299E-1
1342,339653	80,000000	80,000000	1,414299E-1
1342,339653	80,000000	80,000000	1,414299E-1
1342,339653	80,000000	80,000000	1,414299E-1
1342,339653	80,000000	80,000000	1,414299E-1
1342,339653	80,000000	80,000000	1,414299E-1
1343,339151	80,000000	80,000000	1,414299E-1
1343,339151	80,000000	80,000000	1,414299E-1
1343,339151	80,000000	80,000000	1,414299E-1
1343,339151	80,000000	80,000000	1,414299E-1
1343,339151	80,000000	80,000000	1,414299E-1
1343,339151	80,000000	80,000000	1,414299E-1
1343,339151	80,000000	80,000000	1,414299E-1
1343,339151	80,000000	80,000000	1,414299E-1
1343,339151	80,000000	80,000000	1,414299E-1
1343,339151	80,000000	80,000000	1,414299E-1
1344,339530	79,900002	80,000000	1,414299E-1
1344,339530	79,900002	80,000000	1,414567E-1
1344,339530	79,900002	80,000000	1,414567E-1
1344,339530	79,900002	80,000000	1,414583E-1
1344,339530	79,900002	80,000000	1,414583E-1
1344,339530	79,900002	80,000000	1,414599E-1
1344,339530	79,900002	80,000000	1,414615E-1
1344,339530	79,900002	80,000000	1,414631E-1
1344,339530	79,900002	80,000000	1,414631E-1
1344,339530	79,900002	80,000000	1,414631E-1
1345,338922	79,900002	80,000000	1,414631E-1
1345,338922	79,900002	80,000000	1,414647E-1
1345,338922	79,800003	80,000000	1,414647E-1
1345,338922	79,800003	80,000000	1,414647E-1
1345,338922	79,800003	80,000000	1,414647E-1
1345,338922	79,800003	80,000000	1,414647E-1
1345,338922	79,800003	80,000000	1,414647E-1
1345,338922	79,800003	80,000000	1,414647E-1
1345,338922	79,800003	80,000000	1,414647E-1
1345,338922	79,800003	80,000000	1,414647E-1
1346,339366	79,800003	80,000000	1,414647E-1
1346,339366	79,800003	80,000000	1,414647E-1
1346,339366	79,800003	80,000000	1,414647E-1
1346,339366	79,800003	80,000000	1,414647E-1
1346,339366	79,800003	80,000000	1,414647E-1
1346,339366	79,800003	80,000000	1,414647E-1
1346,339366	79,800003	80,000000	1,414647E-1
1346,339366	79,800003	80,000000	1,414647E-1
1346,339366	79,800003	80,000000	1,414647E-1
1346,339366	79,800003	80,000000	1,414647E-1
1347,338800	79,800003	80,000000	1,414647E-1
1347,338800	79,800003	80,000000	1,414647E-1
1347,338800	79,800003	80,000000	1,414647E-1
1347,338800	79,800003	80,000000	1,414647E-1
1347,338800	79,800003	80,000000	1,414647E-1
1347,338800	79,800003	80,000000	1,414931E-1
1347,338800	79,800003	80,000000	1,414931E-1
1347,338800	79,800003	80,000000	1,414931E-1
1347,338800	79,800003	80,000000	1,414931E-1
1347,338800	79,800003	80,000000	1,414931E-1
1348,339260	79,800003	80,000000	1,414931E-1
1348,339260	79,800003	80,000000	1,414931E-1
1348,339260	79,800003	80,000000	1,414931E-1
1348,339260	79,800003	80,000000	1,414931E-1
1348,339260	79,800003	80,000000	1,414931E-1
1348,339260	79,800003	80,000000	1,414931E-1
1348,339260	79,800003	80,000000	1,414931E-1
1348,339260	79,800003	80,000000	1,414931E-1
1348,339260	79,800003	80,000000	1,414931E-1
1348,339260	79,800003	80,000000	1,414931E-1
1349,339640	79,800003	80,000000	1,414931E-1
1349,339640	79,800003	80,000000	1,414931E-1
1349,339640	79,800003	80,000000	1,414931E-1
1349,339640	79,699997	80,000000	1,414963E-1
1349,339640	79,699997	80,000000	1,414963E-1
1349,339640	79,699997	80,000000	1,414963E-1
1349,339640	79,699997	80,000000	1,414963E-1
1349,339640	79,699997	80,000000	1,414963E-1
1349,339640	79,699997	80,000000	1,414963E-1
1349,339640	79,699997	80,000000	1,414963E-1
1350,339116	79,699997	80,000000	1,414963E-1
1350,339116	79,699997	80,000000	1,414963E-1
1350,339116	79,699997	80,000000	1,414963E-1
1350,339116	79,699997	80,000000	1,414963E-1
1350,339116	79,699997	80,000000	1,414963E-1
1350,339116	79,699997	80,000000	1,414963E-1
1350,339116	79,699997	80,000000	1,414963E-1
1350,339116	79,699997	80,000000	1,414963E-1
1350,339116	79,699997	80,000000	1,414963E-1
1350,339116	79,699997	80,000000	1,414963E-1
1351,339498	79,699997	80,000000	1,415263E-1
1351,339498	79,699997	80,000000	1,415263E-1
1351,339498	79,699997	80,000000	1,415263E-1
1351,339498	79,699997	80,000000	1,415263E-1
1351,339498	79,699997	80,000000	1,415263E-1
1351,339498	79,699997	80,000000	1,415263E-1
1351,339498	79,699997	80,000000	1,415263E-1
1351,339498	79,699997	80,000000	1,415263E-1
1351,339498	79,699997	80,000000	1,415263E-1
1351,339498	79,699997	80,000000	1,415263E-1
1352,338935	79,699997	80,000000	1,415263E-1
1352,338935	79,699997	80,000000	1,415263E-1
1352,338935	79,699997	80,000000	1,415263E-1
1352,338935	79,699997	80,000000	1,415263E-1
1352,338935	79,699997	80,000000	1,415263E-1
1352,338935	79,699997	80,000000	1,415263E-1
1352,338935	79,699997	80,000000	1,415263E-1
1352,338935	79,699997	80,000000	1,415263E-1
1352,338935	79,699997	80,000000	1,415312E-1
1352,338935	80,199997	80,000000	1,415312E-1
1353,339355	80,199997	80,000000	1,415312E-1
1353,339355	80,199997	80,000000	1,415312E-1
1353,339355	80,199997	80,000000	1,415312E-1
1353,339355	80,199997	80,000000	1,415312E-1
1353,339355	80,199997	80,000000	1,415312E-1
1353,339355	80,199997	80,000000	1,415312E-1
1353,339355	80,199997	80,000000	1,415312E-1
1353,339355	80,199997	80,000000	1,415312E-1
1353,339355	80,199997	80,000000	1,415312E-1
1353,339355	80,199997	80,000000	1,415312E-1
1354,338843	80,199997	80,000000	1,415312E-1
1354,338843	80,199997	80,000000	1,415312E-1
1354,338843	80,199997	80,000000	1,415312E-1
1354,338843	80,199997	80,000000	1,415312E-1
1354,338843	80,199997	80,000000	1,415312E-1
1354,338843	80,199997	80,000000	1,414020E-1
1354,338843	80,000000	80,000000	1,414020E-1
1354,338843	80,000000	80,000000	1,414020E-1
1354,338843	80,000000	80,000000	1,414020E-1
1354,338843	80,000000	80,000000	1,414020E-1
1355,340166	80,000000	80,000000	1,414020E-1
1355,340166	80,000000	80,000000	1,414020E-1
1355,340166	80,000000	80,000000	1,414020E-1
1355,340166	80,000000	80,000000	1,414020E-1
1355,340166	80,000000	80,000000	1,414020E-1
1355,340166	80,000000	80,000000	1,414020E-1
1355,340166	80,000000	80,000000	1,414020E-1
1355,340166	80,000000	80,000000	1,414020E-1
1355,340166	80,000000	80,000000	1,414020E-1
1355,340166	80,000000	80,000000	1,414020E-1
1356,340621	80,000000	80,000000	1,414020E-1
1356,340621	80,000000	80,000000	1,414020E-1
1356,340621	80,000000	80,000000	1,414020E-1
1356,340621	80,000000	80,000000	1,414524E-1
1356,340621	80,000000	80,000000	1,414524E-1
1356,340621	80,000000	80,000000	1,414524E-1
1356,340621	79,899994	80,000000	1,414792E-1
1356,340621	79,899994	80,000000	1,414792E-1
1356,340621	79,899994	80,000000	1,414792E-1
1356,340621	79,899994	80,000000	1,414808E-1
1357,340026	80,199997	80,000000	1,414020E-1
1357,340026	80,199997	80,000000	1,413988E-1
1357,340026	80,199997	80,000000	1,413955E-1
1357,340026	80,199997	80,000000	1,413955E-1
1357,340026	80,199997	80,000000	1,413923E-1
1357,340026	80,199997	80,000000	1,413891E-1
1357,340026	80,199997	80,000000	1,413891E-1
1357,340026	80,199997	80,000000	1,413859E-1
1357,340026	80,199997	80,000000	1,413827E-1
1357,340026	80,199997	80,000000	1,413795E-1
1358,340509	80,199997	80,000000	1,413795E-1
1358,340509	80,199997	80,000000	1,413763E-1
1358,340509	80,000000	80,000000	1,413763E-1
1358,340509	80,000000	80,000000	1,413763E-1
1358,340509	80,000000	80,000000	1,414267E-1
1358,340509	80,000000	80,000000	1,414267E-1
1358,340509	80,000000	80,000000	1,414267E-1
1358,340509	80,000000	80,000000	1,414267E-1
1358,340509	80,000000	80,000000	1,414267E-1
1358,340509	80,000000	80,000000	1,414267E-1
1359,339883	80,000000	80,000000	1,414267E-1
1359,339883	79,800003	80,000000	1,414803E-1
1359,339883	79,800003	80,000000	1,414803E-1
1359,339883	79,800003	80,000000	1,414835E-1
1359,339883	79,800003	80,000000	1,414867E-1
1359,339883	79,800003	80,000000	1,414899E-1
1359,339883	79,800003	80,000000	1,414899E-1
1359,339883	79,800003	80,000000	1,414931E-1
1359,339883	79,800003	80,000000	1,414931E-1
1359,339883	79,800003	80,000000	1,414931E-1
1360,340339	79,800003	80,000000	1,414963E-1
1360,340339	80,099998	80,000000	1,414995E-1
1360,340339	80,099998	80,000000	1,414995E-1
1360,340339	80,099998	80,000000	1,414223E-1
1360,340339	80,099998	80,000000	1,414207E-1
1360,340339	80,099998	80,000000	1,414207E-1
1360,340339	80,099998	80,000000	1,414191E-1
1360,340339	80,099998	80,000000	1,414175E-1
1360,340339	80,099998	80,000000	1,414159E-1
1360,340339	80,099998	80,000000	1,414159E-1
1361,339764	80,099998	80,000000	1,414143E-1
1361,339764	80,099998	80,000000	1,414143E-1
1361,339764	80,000000	80,000000	1,414127E-1
1361,339764	80,000000	80,000000	1,414127E-1
1361,339764	80,000000	80,000000	1,414379E-1
1361,339764	80,000000	80,000000	1,414379E-1
1361,339764	80,000000	80,000000	1,414379E-1
1361,339764	80,000000	80,000000	1,414379E-1
1361,339764	80,000000	80,000000	1,414379E-1
1361,339764	80,000000	80,000000	1,414379E-1
1362,340184	80,000000	80,000000	1,414379E-1
1362,340184	80,000000	80,000000	1,414379E-1
1362,340184	80,000000	80,000000	1,414379E-1
1362,340184	80,000000	80,000000	1,414379E-1
1362,340184	79,800003	80,000000	1,414379E-1
1362,340184	79,800003	80,000000	1,414379E-1
1362,340184	79,800003	80,000000	1,414915E-1
1362,340184	79,800003	80,000000	1,414915E-1
1362,340184	79,800003	80,000000	1,414947E-1
1362,340184	79,800003	80,000000	1,414947E-1
1363,341587	79,800003	80,000000	1,414979E-1
1363,341587	79,800003	80,000000	1,414979E-1
1363,341587	79,800003	80,000000	1,415012E-1
1363,341587	79,800003	80,000000	1,415012E-1
1363,341587	79,800003	80,000000	1,415012E-1
1363,341587	79,800003	80,000000	1,415044E-1
1363,341587	79,800003	80,000000	1,415044E-1
1363,341587	79,800003	80,000000	1,415044E-1
1363,341587	79,800003	80,000000	1,415044E-1
1363,341587	79,800003	80,000000	1,415044E-1
1364,340729	79,800003	80,000000	1,415044E-1
1364,340729	79,800003	80,000000	1,415044E-1
1364,340729	79,800003	80,000000	1,415044E-1
1364,340729	79,800003	80,000000	1,415044E-1
1364,340729	79,800003	80,000000	1,415044E-1
1364,340729	79,800003	80,000000	1,415044E-1
1364,340729	79,800003	80,000000	1,415044E-1
1364,340729	79,800003	80,000000	1,415044E-1
1364,340729	79,800003	80,000000	1,415044E-1
1364,340729	79,800003	80,000000	1,415044E-1
1365,341200	79,800003	80,000000	1,415044E-1
1365,341200	79,800003	80,000000	1,415044E-1
1365,341200	79,800003	80,000000	1,415044E-1
1365,341200	79,800003	80,000000	1,415044E-1
1365,341200	79,800003	80,000000	1,415044E-1
1365,341200	79,800003	80,000000	1,415044E-1
1365,341200	79,800003	80,000000	1,415044E-1
1365,341200	79,800003	80,000000	1,415044E-1
1365,341200	79,800003	80,000000	1,415044E-1
1365,341200	79,800003	80,000000	1,415076E-1
1366,341543	79,800003	80,000000	1,415076E-1
1366,341543	79,900002	80,000000	1,415076E-1
1366,341543	79,900002	80,000000	1,415076E-1
1366,341543	79,900002	80,000000	1,415076E-1
1366,341543	79,900002	80,000000	1,415076E-1
1366,341543	79,900002	80,000000	1,415076E-1
1366,341543	79,900002	80,000000	1,415076E-1
1366,341543	79,900002	80,000000	1,415076E-1
1366,341543	79,900002	80,000000	1,415076E-1
1366,341543	79,900002	80,000000	1,415076E-1
1367,340975	79,900002	80,000000	1,415076E-1
1367,340975	79,900002	80,000000	1,415076E-1
1367,340975	79,900002	80,000000	1,415076E-1
1367,340975	79,900002	80,000000	1,415076E-1
1367,340975	79,900002	80,000000	1,415076E-1
1367,340975	79,900002	80,000000	1,415076E-1
1367,340975	79,900002	80,000000	1,415076E-1
1367,340975	79,900002	80,000000	1,414840E-1
1367,340975	79,900002	80,000000	1,414840E-1
1367,340975	79,900002	80,000000	1,414840E-1
1368,341426	79,900002	80,000000	1,414840E-1
1368,341426	79,900002	80,000000	1,414840E-1
1368,341426	79,900002	80,000000	1,414840E-1
1368,341426	79,900002	80,000000	1,414840E-1
1368,341426	79,900002	80,000000	1,414840E-1
1368,341426	79,900002	80,000000	1,414840E-1
1368,341426	79,900002	80,000000	1,414840E-1
1368,341426	79,900002	80,000000	1,414840E-1
1368,341426	79,900002	80,000000	1,414840E-1
1368,341426	79,900002	80,000000	1,414840E-1
1369,340866	79,900002	80,000000	1,414840E-1
1369,340866	79,900002	80,000000	1,414840E-1
1369,340866	79,900002	80,000000	1,414840E-1
1369,340866	79,900002	80,000000	1,414840E-1
1369,340866	80,099998	80,000000	1,414856E-1
1369,340866	80,099998	80,000000	1,414856E-1
1369,340866	80,099998	80,000000	1,414856E-1
1369,340866	80,099998	80,000000	1,414856E-1
1369,340866	80,099998	80,000000	1,414856E-1
1369,340866	80,099998	80,000000	1,414856E-1
1370,341217	80,099998	80,000000	1,414856E-1
1370,341217	80,099998	80,000000	1,414856E-1
1370,341217	80,099998	80,000000	1,414856E-1
1370,341217	80,099998	80,000000	1,414856E-1
1370,341217	80,099998	80,000000	1,414856E-1
1370,341217	80,099998	80,000000	1,414856E-1
1370,341217	80,099998	80,000000	1,414856E-1
1370,341217	80,099998	80,000000	1,414856E-1
1370,341217	80,099998	80,000000	1,414856E-1
1370,341217	80,099998	80,000000	1,414856E-1
1371,340771	80,099998	80,000000	1,414856E-1
1371,340771	80,099998	80,000000	1,414856E-1
1371,340771	80,099998	80,000000	1,414336E-1
1371,340771	80,099998	80,000000	1,414336E-1
1371,340771	80,099998	80,000000	1,414336E-1
1371,340771	80,099998	80,000000	1,414336E-1
1371,340771	80,099998	80,000000	1,414336E-1
1371,340771	80,099998	80,000000	1,414336E-1
1371,340771	80,099998	80,000000	1,414336E-1
1371,340771	80,099998	80,000000	1,414336E-1
1372,341268	80,099998	80,000000	1,414336E-1
1372,341268	80,099998	80,000000	1,414336E-1
1372,341268	80,099998	80,000000	1,414336E-1
1372,341268	80,099998	80,000000	1,414336E-1
1372,341268	80,099998	80,000000	1,414336E-1
1372,341268	80,099998	80,000000	1,414336E-1
1372,341268	80,099998	80,000000	1,414336E-1
1372,341268	80,099998	80,000000	1,414336E-1
1372,341268	80,099998	80,000000	1,414336E-1
1372,341268	80,099998	80,000000	1,414320E-1
1373,341606	79,800003	80,000000	1,414320E-1
1373,341606	79,800003	80,000000	1,414320E-1
1373,341606	79,800003	80,000000	1,414320E-1
1373,341606	79,800003	80,000000	1,414320E-1
1373,341606	79,800003	80,000000	1,414320E-1
1373,341606	79,800003	80,000000	1,414320E-1
1373,341606	79,800003	80,000000	1,414320E-1
1373,341606	79,800003	80,000000	1,414320E-1
1373,341606	79,800003	80,000000	1,414320E-1
1373,341606	79,800003	80,000000	1,414320E-1
1374,342102	79,800003	80,000000	1,414320E-1
1374,342102	79,800003	80,000000	1,414320E-1
1374,342102	79,800003	80,000000	1,414320E-1
1374,342102	79,800003	80,000000	1,414320E-1
1374,342102	79,800003	80,000000	1,414320E-1
1374,342102	79,800003	80,000000	1,414320E-1
1374,342102	79,800003	80,000000	1,415108E-1
1374,342102	79,899994	80,000000	1,415108E-1
1374,342102	79,899994	80,000000	1,415108E-1
1374,342102	79,899994	80,000000	1,415108E-1
1375,342522	80,300003	80,000000	1,414872E-1
1375,342522	80,300003	80,000000	1,414872E-1
1375,342522	80,300003	80,000000	1,414872E-1
1375,342522	80,300003	80,000000	1,413816E-1
1375,342522	79,699997	80,000000	1,413768E-1
1375,342522	79,699997	80,000000	1,413768E-1
1375,342522	79,699997	80,000000	1,415328E-1
1375,342522	79,699997	80,000000	1,415376E-1
1375,342522	79,699997	80,000000	1,415424E-1
1375,342522	79,699997	80,000000	1,415472E-1
1376,341887	79,699997	80,000000	1,415472E-1
1376,341887	79,699997	80,000000	1,415520E-1
1376,341887	79,699997	80,000000	1,415568E-1
1376,341887	79,699997	80,000000	1,415617E-1
1376,341887	79,699997	80,000000	1,415617E-1
1376,341887	79,699997	80,000000	1,415665E-1
1376,341887	79,699997	80,000000	1,415665E-1
1376,341887	79,699997	80,000000	1,415665E-1
1376,341887	79,699997	80,000000	1,415713E-1
1376,341887	79,699997	80,000000	1,415761E-1
1377,342362	80,099998	80,000000	1,415761E-1
1377,342362	80,099998	80,000000	1,414737E-1
1377,342362	80,099998	80,000000	1,414721E-1
1377,342362	80,099998	80,000000	1,414721E-1
1377,342362	80,099998	80,000000	1,414705E-1
1377,342362	80,099998	80,000000	1,414689E-1
1377,342362	80,099998	80,000000	1,414689E-1
1377,342362	80,099998	80,000000	1,414673E-1
1377,342362	80,099998	80,000000	1,414657E-1
1377,342362	80,099998	80,000000	1,414657E-1
1378,341789	80,099998	80,000000	1,414641E-1
1378,341789	80,099998	80,000000	1,414641E-1
1378,341789	80,099998	80,000000	1,414625E-1
1378,341789	80,099998	80,000000	1,414625E-1
1378,341789	80,099998	80,000000	1,414609E-1
1378,341789	79,800003	80,000000	1,415397E-1
1378,341789	79,800003	80,000000	1,415429E-1
1378,341789	79,800003	80,000000	1,415429E-1
1378,341789	79,800003	80,000000	1,415461E-1
1378,341789	79,800003	80,000000	1,415493E-1
1379,342244	79,800003	80,000000	1,415525E-1
1379,342244	79,800003	80,000000	1,415525E-1
1379,342244	79,800003	80,000000	1,415557E-1
1379,342244	79,800003	80,000000	1,415589E-1
1379,342244	79,800003	80,000000	1,415589E-1
1379,342244	79,800003	80,000000	1,415621E-1
1379,342244	80,199997	80,000000	1,415621E-1
1379,342244	80,199997	80,000000	1,415621E-1
1379,342244	80,199997	80,000000	1,414581E-1
1379,342244	80,199997	80,000000	1,414581E-1
1380,342635	80,199997	80,000000	1,414549E-1
1380,342635	80,199997	80,000000	1,414517E-1
1380,342635	80,199997	80,000000	1,414485E-1
1380,342635	80,199997	80,000000	1,414453E-1
1380,342635	80,199997	80,000000	1,414421E-1
1380,342635	79,899994	80,000000	1,415193E-1
1380,342635	79,899994	80,000000	1,415193E-1
1380,342635	79,899994	80,000000	1,415209E-1
1380,342635	79,899994	80,000000	1,415225E-1
1380,342635	79,899994	80,000000	1,415241E-1
1381,342074	79,899994	80,000000	1,415241E-1
1381,342074	79,899994	80,000000	1,415241E-1
1381,342074	79,899994	80,000000	1,415257E-1
1381,342074	79,899994	80,000000	1,415257E-1
1381,342074	79,899994	80,000000	1,415273E-1
1381,342074	80,000000	80,000000	1,415289E-1
1381,342074	80,000000	80,000000	1,415037E-1
1381,342074	80,000000	80,000000	1,415037E-1
1381,342074	80,000000	80,000000	1,415037E-1
1381,342074	80,000000	80,000000	1,415037E-1
1382,342098	80,000000	80,000000	1,415037E-1
1382,342098	80,000000	80,000000	1,415037E-1
1382,342098	80,000000	80,000000	1,415037E-1
1382,342098	80,000000	80,000000	1,415037E-1
1382,342098	80,000000	80,000000	1,415037E-1
1382,342098	80,000000	80,000000	1,415037E-1
1382,342098	80,000000	80,000000	1,415037E-1
1382,342098	80,000000	80,000000	1,415037E-1
1382,342098	80,000000	80,000000	1,415037E-1
1382,342098	80,000000	80,000000	1,415037E-1
1383,343537	80,000000	80,000000	1,415037E-1
1383,343537	80,000000	80,000000	1,415037E-1
1383,343537	80,000000	80,000000	1,415037E-1
1383,343537	80,000000	80,000000	1,415037E-1
1383,343537	80,000000	80,000000	1,415037E-1
1383,343537	80,000000	80,000000	1,415037E-1
1383,343537	80,000000	80,000000	1,415037E-1
1383,343537	80,000000	80,000000	1,415037E-1
1383,343537	80,000000	80,000000	1,415037E-1
1383,343537	80,000000	80,000000	1,415037E-1
1384,342929	80,000000	80,000000	1,415037E-1
1384,342929	80,000000	80,000000	1,415037E-1
1384,342929	80,000000	80,000000	1,415037E-1
1384,342929	80,000000	80,000000	1,415037E-1
1384,342929	80,000000	80,000000	1,415037E-1
1384,342929	80,000000	80,000000	1,415037E-1
1384,342929	80,000000	80,000000	1,415037E-1
1384,342929	80,000000	80,000000	1,415037E-1
1384,342929	80,000000	80,000000	1,415037E-1
1384,342929	80,000000	80,000000	1,415037E-1
1385,344344	80,000000	80,000000	1,415037E-1
1385,344344	80,000000	80,000000	1,415037E-1
1385,344344	80,000000	80,000000	1,415037E-1
1385,344344	80,000000	80,000000	1,415037E-1
1385,344344	80,000000	80,000000	1,415037E-1
1385,344344	80,000000	80,000000	1,415037E-1
1385,344344	80,000000	80,000000	1,415037E-1
1385,344344	80,000000	80,000000	1,415037E-1
1385,344344	80,000000	80,000000	1,415037E-1
1385,344344	80,000000	80,000000	1,415037E-1
1386,343764	80,000000	80,000000	1,415037E-1
1386,343764	80,000000	80,000000	1,415037E-1
1386,343764	79,900002	80,000000	1,415037E-1
1386,343764	79,900002	80,000000	1,415037E-1
1386,343764	79,900002	80,000000	1,415037E-1
1386,343764	79,900002	80,000000	1,415037E-1
1386,343764	79,900002	80,000000	1,415037E-1
1386,343764	79,900002	80,000000	1,415037E-1
1386,343764	79,900002	80,000000	1,415037E-1
1386,343764	79,900002	80,000000	1,415037E-1
1387,344259	79,900002	80,000000	1,415037E-1
1387,344259	79,900002	80,000000	1,415037E-1
1387,344259	79,900002	80,000000	1,415037E-1
1387,344259	79,900002	80,000000	1,415037E-1
1387,344259	79,900002	80,000000	1,415037E-1
1387,344259	79,900002	80,000000	1,415037E-1
1387,344259	79,900002	80,000000	1,415037E-1
1387,344259	79,900002	80,000000	1,415037E-1
1387,344259	79,900002	80,000000	1,415305E-1
1387,344259	79,900002	80,000000	1,415305E-1
1388,344632	79,899994	80,000000	1,415305E-1
1388,344632	79,899994	80,000000	1,415305E-1
1388,344632	79,899994	80,000000	1,415305E-1
1388,344632	79,899994	80,000000	1,415305E-1
1388,344632	79,899994	80,000000	1,415305E-1
1388,344632	79,899994	80,000000	1,415305E-1
1388,344632	79,899994	80,000000	1,415305E-1
1388,344632	79,899994	80,000000	1,415305E-1
1388,344632	79,899994	80,000000	1,415305E-1
1388,344632	79,899994	80,000000	1,415305E-1
1389,344080	79,899994	80,000000	1,415305E-1
1389,344080	79,899994	80,000000	1,415305E-1
1389,344080	79,899994	80,000000	1,415305E-1
1389,344080	79,899994	80,000000	1,415305E-1
1389,344080	79,899994	80,000000	1,415305E-1
1389,344080	79,899994	80,000000	1,415321E-1
1389,344080	79,899994	80,000000	1,415321E-1
1389,344080	79,899994	80,000000	1,415321E-1
1389,344080	79,899994	80,000000	1,415337E-1
1389,344080	79,899994	80,000000	1,415337E-1
1390,344518	79,899994	80,000000	1,415337E-1
1390,344518	79,899994	80,000000	1,415337E-1
1390,344518	79,899994	80,000000	1,415337E-1
1390,344518	79,899994	80,000000	1,415337E-1
1390,344518	79,899994	80,000000	1,415337E-1
1390,344518	79,899994	80,000000	1,415337E-1
1390,344518	79,899994	80,000000	1,415337E-1
1390,344518	79,899994	80,000000	1,415337E-1
1390,344518	79,899994	80,000000	1,415337E-1
1390,344518	79,899994	80,000000	1,415337E-1
1391,343863	79,899994	80,000000	1,415337E-1
1391,343863	79,899994	80,000000	1,415337E-1
1391,343863	79,899994	80,000000	1,415337E-1
1391,343863	79,900002	80,000000	1,415337E-1
1391,343863	79,900002	80,000000	1,415337E-1
1391,343863	79,900002	80,000000	1,415337E-1
1391,343863	79,900002	80,000000	1,415337E-1
1391,343863	79,900002	80,000000	1,415337E-1
1391,343863	79,900002	80,000000	1,415337E-1
1391,343863	79,900002	80,000000	1,415337E-1
1392,344317	79,900002	80,000000	1,415337E-1
1392,344317	79,900002	80,000000	1,415337E-1
1392,344317	79,900002	80,000000	1,415337E-1
1392,344317	79,900002	80,000000	1,415337E-1
1392,344317	79,900002	80,000000	1,415337E-1
1392,344317	79,900002	80,000000	1,415337E-1
1392,344317	79,900002	80,000000	1,415337E-1
1392,344317	79,900002	80,000000	1,415337E-1
1392,344317	79,900002	80,000000	1,415337E-1
1392,344317	79,900002	80,000000	1,415337E-1
1393,343830	79,900002	80,000000	1,415353E-1
1393,343830	79,900002	80,000000	1,415353E-1
1393,343830	79,900002	80,000000	1,415353E-1
1393,343830	79,900002	80,000000	1,415353E-1
1393,343830	79,900002	80,000000	1,415353E-1
1393,343830	79,900002	80,000000	1,415353E-1
1393,343830	79,900002	80,000000	1,415353E-1
1393,343830	79,900002	80,000000	1,415353E-1
1393,343830	79,900002	80,000000	1,415353E-1
1393,343830	79,900002	80,000000	1,415353E-1
1394,344187	79,900002	80,000000	1,415353E-1
1394,344187	79,900002	80,000000	1,415353E-1
1394,344187	79,900002	80,000000	1,415353E-1
1394,344187	79,900002	80,000000	1,415353E-1
1394,344187	79,900002	80,000000	1,415353E-1
1394,344187	79,900002	80,000000	1,415353E-1
1394,344187	79,900002	80,000000	1,415353E-1
1394,344187	79,900002	80,000000	1,415353E-1
1394,344187	79,900002	80,000000	1,415369E-1
1394,344187	80,000000	80,000000	1,415369E-1
1395,344563	80,000000	80,000000	1,415369E-1
1395,344563	80,099998	80,000000	1,415117E-1
1395,344563	80,099998	80,000000	1,415117E-1
1395,344563	80,099998	80,000000	1,415117E-1
1395,344563	80,099998	80,000000	1,414849E-1
1395,344563	80,099998	80,000000	1,414849E-1
1395,344563	79,899994	80,000000	1,414833E-1
1395,344563	79,899994	80,000000	1,415353E-1
1395,344563	79,899994	80,000000	1,415369E-1
1395,344563	79,899994	80,000000	1,415386E-1
1396,345063	79,899994	80,000000	1,415402E-1
1396,345063	79,899994	80,000000	1,415402E-1
1396,345063	79,899994	80,000000	1,415418E-1
1396,345063	80,100006	80,000000	1,415434E-1
1396,345063	80,100006	80,000000	1,415434E-1
1396,345063	80,100006	80,000000	1,414914E-1
1396,345063	80,100006	80,000000	1,414898E-1
1396,345063	80,100006	80,000000	1,414898E-1
1396,345063	80,100006	80,000000	1,414882E-1
1396,345063	80,100006	80,000000	1,414882E-1
1397,345445	80,100006	80,000000	1,414882E-1
1397,345445	80,100006	80,000000	1,414865E-1
1397,345445	80,100006	80,000000	1,414849E-1
1397,345445	80,100006	80,000000	1,414849E-1
1397,345445	79,800003	80,000000	1,414833E-1
1397,345445	79,800003	80,000000	1,415621E-1
1397,345445	79,800003	80,000000	1,415653E-1
1397,345445	79,800003	80,000000	1,415653E-1
1397,345445	79,800003	80,000000	1,415686E-1
1397,345445	79,800003	80,000000	1,415718E-1
1398,345930	79,800003	80,000000	1,415718E-1
1398,345930	79,800003	80,000000	1,415750E-1
1398,345930	79,800003	80,000000	1,415750E-1
1398,345930	79,800003	80,000000	1,415782E-1
1398,345930	79,800003	80,000000	1,415782E-1
1398,345930	79,800003	80,000000	1,415814E-1
1398,345930	79,800003	80,000000	1,415814E-1
1398,345930	80,099998	80,000000	1,415846E-1
1398,345930	80,099998	80,000000	1,415074E-1
1398,345930	80,099998	80,000000	1,415074E-1
1399,347369	80,099998	80,000000	1,415058E-1
1399,347369	80,099998	80,000000	1,415042E-1
1399,347369	80,099998	80,000000	1,415026E-1
1399,347369	80,099998	80,000000	1,415026E-1
1399,347369	80,099998	80,000000	1,415010E-1
1399,347369	80,099998	80,000000	1,414994E-1
1399,347369	80,099998	80,000000	1,414994E-1
1399,347369	80,099998	80,000000	1,414978E-1
1399,347369	80,099998	80,000000	1,414978E-1
1399,347369	80,199997	80,000000	1,414978E-1
1400,347759	80,199997	80,000000	1,414694E-1
1400,347759	80,199997	80,000000	1,414662E-1
1400,347759	80,199997	80,000000	1,414630E-1
1400,347759	80,199997	80,000000	1,414597E-1
1400,347759	80,199997	80,000000	1,414565E-1
1400,347759	80,199997	80,000000	1,414533E-1
1400,347759	80,199997	80,000000	1,414501E-1
1400,347759	80,199997	80,000000	1,414501E-1
1400,347759	79,900002	80,000000	1,414469E-1
1400,347759	79,900002	80,000000	1,415241E-1
1401,348175	79,900002	80,000000	1,415241E-1
1401,348175	79,900002	80,000000	1,415257E-1
1401,348175	79,900002	80,000000	1,415257E-1
1401,348175	79,900002	80,000000	1,415273E-1
1401,348175	79,900002	80,000000	1,415273E-1
1401,348175	79,900002	80,000000	1,415289E-1
1401,348175	79,900002	80,000000	1,415305E-1
1401,348175	79,900002	80,000000	1,415321E-1
1401,348175	79,899994	80,000000	1,415337E-1
1401,348175	79,899994	80,000000	1,415337E-1
1402,348617	79,899994	80,000000	1,415353E-1
1402,348617	79,899994	80,000000	1,415369E-1
1402,348617	79,899994	80,000000	1,415386E-1
1402,348617	79,899994	80,000000	1,415386E-1
1402,348617	79,899994	80,000000	1,415402E-1
1402,348617	79,899994	80,000000	1,415418E-1
1402,348617	79,899994	80,000000	1,415418E-1
1402,348617	79,899994	80,000000	1,415434E-1
1402,348617	79,899994	80,000000	1,415434E-1
1402,348617	79,899994	80,000000	1,415434E-1
1403,347960	80,000000	80,000000	1,415450E-1
1403,347960	80,000000	80,000000	1,415198E-1
1403,347960	80,000000	80,000000	1,415198E-1
1403,347960	80,000000	80,000000	1,415198E-1
1403,347960	80,000000	80,000000	1,415198E-1
1403,347960	80,000000	80,000000	1,415198E-1
1403,347960	80,000000	80,000000	1,415198E-1
1403,347960	80,000000	80,000000	1,415198E-1
1403,347960	80,000000	80,000000	1,415198E-1
1403,347960	29,700001	80,000000	1,550014E-1
1404,348384	29,700001	80,000000	1,550014E-1
1404,348384	29,700001	80,000000	1,558087E-1
1404,348384	29,700001	80,000000	1,558087E-1
1404,348384	29,700001	80,000000	1,566160E-1
1404,348384	29,700001	80,000000	1,566160E-1
1404,348384	29,700001	80,000000	1,574233E-1
1404,348384	29,700001	80,000000	1,574233E-1
1404,348384	29,700001	80,000000	1,582305E-1
1404,348384	29,700001	80,000000	1,590378E-1
1404,348384	29,700001	80,000000	1,590378E-1
1405,347823	29,700001	80,000000	1,598451E-1
1405,347823	29,700001	80,000000	1,000000E-1
1405,347823	29,700001	80,000000	1,000000E-1
1405,347823	29,700001	80,000000	1,000000E-1
1405,347823	29,700001	80,000000	1,000000E-1
1405,347823	29,700001	80,000000	1,000000E-1
1405,347823	29,700001	80,000000	1,000000E-1
1405,347823	29,700001	80,000000	1,000000E-1
1405,347823	29,700001	80,000000	1,000000E-1
1405,347823	34,099998	80,000000	1,000000E-1
1406,348229	34,099998	80,000000	1,000000E-1
1406,348229	34,099998	80,000000	1,000000E-1
1406,348229	34,099998	80,000000	1,000000E-1
1406,348229	34,099998	80,000000	1,000000E-1
1406,348229	34,099998	80,000000	1,000000E-1
1406,348229	34,099998	80,000000	1,000000E-1
1406,348229	34,099998	80,000000	1,000000E-1
1406,348229	34,099998	80,000000	1,000000E-1
1406,348229	7,600000	80,000000	1,000000E-1
1406,348229	7,600000	80,000000	1,000000E-1
1407,348654	7,600000	80,000000	1,000000E-1
1407,348654	7,600000	80,000000	1,000000E-1
1407,348654	7,600000	80,000000	1,000000E-1
1407,348654	7,600000	80,000000	1,000000E-1
1407,348654	7,600000	80,000000	1,000000E-1
1407,348654	7,600000	80,000000	1,000000E-1
1407,348654	7,600000	80,000000	1,000000E-1
1407,348654	7,600000	80,000000	1,000000E-1
1407,348654	7,600000	80,000000	1,000000E-1
1407,348654	0,000000	80,000000	1,000000E-1
1408,348077	0,000000	80,000000	1,000000E-1
1408,348077	0,000000	80,000000	1,000000E-1
1408,348077	0,000000	80,000000	1,000000E-1
1408,348077	0,000000	80,000000	1,000000E-1
1408,348077	0,000000	80,000000	1,000000E-1
1408,348077	0,000000	80,000000	1,000000E-1
1408,348077	0,000000	80,000000	1,000000E-1
1408,348077	0,000000	80,000000	1,000000E-1
1408,348077	0,000000	80,000000	1,000000E-1
1408,348077	0,000000	80,000000	1,000000E-1
1409,348495	0,000000	80,000000	1,000000E-1
1409,348495	0,000000	80,000000	1,000000E-1
1409,348495	0,000000	80,000000	1,000000E-1
1409,348495	0,000000	80,000000	1,000000E-1
1409,348495	0,000000	80,000000	1,000000E-1
1409,348495	0,000000	80,000000	1,000000E-1
1409,348495	0,000000	80,000000	1,000000E-1
1409,348495	0,000000	80,000000	1,000000E-1
1409,348495	0,000000	80,000000	1,000000E-1
1409,348495	0,000000	80,000000	1,000000E-1
1410,348914	0,000000	80,000000	1,000000E-1
1410,348914	0,000000	80,000000	1,000000E-1
1410,348914	0,000000	80,000000	1,000000E-1
1410,348914	0,000000	80,000000	1,000000E-1
