t	IF	IR	VF	VR	VelSP	VelRE
6,022	0,000	0,000	3,000E-1	2,400E+1	0,000E+0	0,000E+0
0,004	0,000	0,000	3,000E-1	2,400E+1	0,000E+0	0,000E+0
1,002	0,000	0,000	3,000E-1	2,400E+1	0,000E+0	0,000E+0
2,003	0,000	0,000	3,000E-1	2,400E+1	0,000E+0	0,000E+0
3,003	0,000	0,000	3,000E-1	2,400E+1	0,000E+0	0,000E+0
4,003	0,000	0,000	3,000E-1	2,400E+1	0,000E+0	0,000E+0
5,003	0,000	0,000	3,000E-1	2,400E+1	0,000E+0	0,000E+0
6,003	0,000	0,000	3,000E-1	2,400E+1	0,000E+0	0,000E+0
7,003	0,000	0,000	3,000E-1	2,400E+1	0,000E+0	0,000E+0
8,002	0,000	0,000	3,000E-1	2,400E+1	0,000E+0	0,000E+0
9,003	0,000	0,000	3,000E-1	2,400E+1	0,000E+0	0,000E+0
10,004	0,000	0,000	3,000E-1	2,400E+1	0,000E+0	0,000E+0
11,004	0,000	0,000	3,000E-1	2,400E+1	0,000E+0	0,000E+0
12,004	0,000	0,000	3,000E-1	2,400E+1	0,000E+0	0,000E+0
13,004	0,000	0,000	3,000E-1	2,400E+1	0,000E+0	0,000E+0
14,004	0,000	0,000	3,000E-1	2,400E+1	0,000E+0	0,000E+0
15,003	0,000	0,000	3,000E-1	2,400E+1	0,000E+0	0,000E+0
16,004	0,000	0,000	3,000E-1	2,400E+1	0,000E+0	0,000E+0
17,004	0,000	0,000	3,000E-1	2,400E+1	0,000E+0	0,000E+0
18,004	0,000	0,000	3,000E-1	2,400E+1	0,000E+0	0,000E+0
19,004	0,000	0,000	3,000E-1	2,400E+1	0,000E+0	0,000E+0
20,004	0,000	0,000	3,000E-1	2,400E+1	0,000E+0	0,000E+0
21,005	0,000	0,000	3,000E-1	2,400E+1	0,000E+0	0,000E+0
22,004	0,000	0,000	3,000E-1	2,400E+1	0,000E+0	0,000E+0
23,005	0,000	0,000	3,000E-1	2,400E+1	0,000E+0	0,000E+0
24,005	0,000	0,000	3,000E-1	2,400E+1	0,000E+0	0,000E+0
25,005	0,000	0,000	3,000E-1	2,400E+1	0,000E+0	0,000E+0
26,006	0,000	0,000	3,000E-1	2,400E+1	0,000E+0	0,000E+0
27,005	0,000	0,000	3,000E-1	2,400E+1	0,000E+0	0,000E+0
28,006	0,000	0,000	3,000E-1	2,400E+1	0,000E+0	0,000E+0
29,006	0,000	0,000	3,000E-1	2,400E+1	3,500E+3	0,000E+0
30,006	0,000	0,000	3,000E-1	2,400E+1	3,500E+3	0,000E+0
31,006	0,000	0,000	3,000E-1	2,400E+1	3,500E+3	0,000E+0
32,006	0,000	0,000	3,000E-1	2,400E+1	3,500E+3	0,000E+0
33,006	0,000	0,000	3,000E-1	2,400E+1	3,500E+3	0,000E+0
34,005	0,000	0,000	3,000E-1	2,400E+1	3,500E+3	0,000E+0
35,006	0,000	0,000	3,000E-1	2,400E+1	3,500E+3	0,000E+0
36,006	0,000	0,000	3,000E-1	2,400E+1	3,500E+3	0,000E+0
37,006	0,000	0,000	3,000E-1	2,400E+1	3,500E+3	0,000E+0
38,006	0,000	0,000	3,000E-1	2,400E+1	3,500E+3	2,505E+3
39,006	0,000	0,000	3,000E-1	2,400E+1	3,500E+3	3,932E+3
40,006	0,000	0,000	3,000E-1	2,400E+1	3,500E+3	3,696E+3
41,005	0,000	0,000	3,000E-1	2,400E+1	3,500E+3	3,400E+3
42,006	0,000	0,000	3,000E-1	2,400E+1	3,500E+3	3,205E+3
43,006	0,000	0,000	3,000E-1	2,400E+1	3,500E+3	3,337E+3
44,006	0,000	0,000	3,000E-1	2,400E+1	3,500E+3	3,559E+3
45,006	0,000	0,000	3,000E-1	2,400E+1	3,500E+3	3,582E+3
46,006	0,000	0,000	3,000E-1	2,400E+1	3,500E+3	3,522E+3
47,006	0,000	0,000	3,000E-1	2,400E+1	3,500E+3	3,457E+3
48,005	0,000	0,000	3,000E-1	2,400E+1	3,500E+3	3,456E+3
49,006	0,000	0,000	3,000E-1	2,400E+1	3,500E+3	3,483E+3
50,007	0,000	0,000	3,000E-1	2,400E+1	3,500E+3	3,525E+3
51,007	0,000	0,000	3,000E-1	2,400E+1	3,500E+3	3,516E+3
52,008	0,000	0,000	3,000E-1	2,400E+1	3,500E+3	3,481E+3
53,008	0,000	0,000	3,000E-1	2,400E+1	3,500E+3	3,491E+3
54,009	0,000	0,000	3,000E-1	2,400E+1	3,500E+3	3,504E+3
55,008	0,000	0,000	3,000E-1	2,400E+1	3,500E+3	3,499E+3
56,009	0,000	0,000	3,000E-1	2,400E+1	3,500E+3	3,507E+3
57,009	0,000	0,000	3,000E-1	2,400E+1	3,500E+3	3,506E+3
58,009	0,000	0,000	3,000E-1	2,400E+1	3,500E+3	3,502E+3
59,010	0,000	0,000	3,000E-1	2,400E+1	3,500E+3	3,493E+3
60,010	0,000	0,000	3,000E-1	2,400E+1	3,500E+3	3,499E+3
61,011	0,000	0,000	3,000E-1	2,400E+1	3,500E+3	3,494E+3
62,012	0,000	0,000	3,000E-1	2,400E+1	3,500E+3	3,494E+3
63,012	0,000	0,000	3,000E-1	2,400E+1	3,500E+3	3,507E+3
64,012	0,000	0,000	3,300E-1	2,400E+1	3,500E+3	3,516E+3
65,012	0,000	0,000	3,800E-1	2,400E+1	3,500E+3	3,494E+3
66,012	0,000	0,000	3,800E-1	2,400E+1	3,500E+3	3,495E+3
67,012	0,000	0,000	4,100E-1	2,400E+1	3,500E+3	3,496E+3
68,012	0,003	0,000	4,600E-1	2,400E+1	3,500E+3	3,501E+3
69,012	0,004	0,000	4,600E-1	2,400E+1	3,500E+3	3,491E+3
70,012	0,004	0,000	5,000E-1	2,400E+1	3,500E+3	3,501E+3
71,012	0,005	0,000	5,500E-1	2,400E+1	3,500E+3	3,507E+3
72,012	0,024	0,000	5,500E-1	2,400E+1	3,500E+3	3,485E+3
73,012	0,024	0,000	1,630E+0	2,400E+1	3,500E+3	3,513E+3
74,013	0,034	0,000	2,020E+0	2,400E+1	3,500E+3	3,512E+3
75,013	0,041	0,000	2,020E+0	2,400E+1	3,500E+3	3,490E+3
76,014	0,041	0,000	2,460E+0	2,400E+1	3,500E+3	3,491E+3
77,015	0,051	0,000	2,850E+0	2,400E+1	3,500E+3	3,504E+3
78,015	0,059	0,000	2,850E+0	2,400E+1	3,500E+3	3,488E+3
79,015	0,059	0,000	3,290E+0	2,400E+1	3,500E+3	3,489E+3
80,016	0,067	0,000	3,790E+0	2,400E+1	3,500E+3	3,490E+3
81,015	0,067	0,000	3,790E+0	2,400E+1	3,500E+3	3,502E+3
82,016	0,075	0,000	4,180E+0	2,400E+1	3,500E+3	3,495E+3
83,016	0,082	0,000	4,550E+0	2,400E+1	3,500E+3	3,498E+3
84,016	0,088	0,000	4,550E+0	2,400E+1	3,500E+3	3,501E+3
85,016	0,088	0,000	4,840E+0	2,400E+1	3,500E+3	3,488E+3
86,016	0,096	0,000	5,160E+0	2,400E+1	3,500E+3	3,482E+3
87,016	0,096	0,000	5,160E+0	2,400E+1	3,500E+3	3,500E+3
88,015	0,101	0,000	5,500E+0	2,400E+1	3,500E+3	3,491E+3
89,016	0,105	0,000	5,730E+0	2,400E+1	3,500E+3	3,511E+3
90,016	0,105	0,000	5,730E+0	2,400E+1	3,500E+3	3,500E+3
91,016	0,111	0,000	5,960E+0	2,400E+1	3,500E+3	3,463E+3
92,017	0,115	0,000	6,100E+0	2,400E+1	3,500E+3	3,494E+3
93,017	0,115	0,000	6,100E+0	2,400E+1	3,500E+3	3,494E+3
94,017	0,118	0,000	6,290E+0	2,400E+1	3,500E+3	3,486E+3
95,016	0,121	0,000	6,420E+0	2,400E+1	3,500E+3	3,507E+3
96,018	0,122	0,000	6,420E+0	2,400E+1	3,500E+3	3,498E+3
97,018	0,122	0,000	6,530E+0	2,400E+1	3,500E+3	3,503E+3
98,018	0,124	0,000	6,630E+0	2,400E+1	3,500E+3	3,511E+3
99,019	0,124	0,000	6,630E+0	2,400E+1	3,500E+3	3,502E+3
100,019	0,126	0,000	6,700E+0	2,400E+1	3,500E+3	3,487E+3
101,020	0,127	0,000	6,790E+0	2,400E+1	3,500E+3	3,511E+3
102,019	0,127	0,000	6,790E+0	2,400E+1	3,500E+3	3,494E+3
103,020	0,129	0,000	6,870E+0	2,400E+1	3,500E+3	3,498E+3
104,020	0,129	0,000	6,890E+0	2,400E+1	3,500E+3	3,507E+3
105,020	0,129	0,000	6,890E+0	2,400E+1	3,500E+3	3,505E+3
106,020	0,130	0,000	6,920E+0	2,400E+1	3,500E+3	3,506E+3
107,020	0,149	0,000	7,990E+0	2,400E+1	3,500E+3	3,455E+3
108,020	0,149	0,000	7,990E+0	2,400E+1	3,500E+3	3,556E+3
109,020	0,147	0,000	8,290E+0	2,400E+1	3,500E+3	3,517E+3
110,020	0,150	0,000	7,950E+0	2,400E+1	3,500E+3	3,495E+3
111,020	0,150	0,000	7,950E+0	2,400E+1	3,500E+3	3,489E+3
112,020	0,156	0,000	8,130E+0	2,400E+1	3,500E+3	3,512E+3
113,020	0,157	0,000	8,300E+0	2,400E+1	3,500E+3	3,481E+3
114,020	0,157	0,000	8,300E+0	2,400E+1	3,500E+3	3,501E+3
115,019	0,159	0,000	8,420E+0	2,400E+1	3,500E+3	3,507E+3
116,020	0,160	0,000	8,480E+0	2,400E+1	3,500E+3	3,508E+3
117,020	0,160	0,000	8,480E+0	2,400E+1	3,500E+3	3,493E+3
118,020	0,161	0,000	8,520E+0	2,400E+1	3,500E+3	3,506E+3
119,020	0,163	0,000	8,590E+0	2,400E+1	3,500E+3	3,497E+3
120,020	0,163	0,000	8,590E+0	2,400E+1	3,500E+3	3,505E+3
121,020	0,163	0,000	8,610E+0	2,400E+1	3,500E+3	3,516E+3
122,019	0,164	0,000	8,630E+0	2,400E+1	3,500E+3	3,508E+3
123,020	0,164	0,000	8,630E+0	2,400E+1	3,500E+3	3,438E+3
124,020	0,185	0,000	9,870E+0	2,400E+1	3,500E+3	3,532E+3
125,020	0,179	0,000	9,440E+0	2,400E+1	3,500E+3	3,537E+3
126,020	0,173	0,000	9,440E+0	2,400E+1	3,500E+3	3,494E+3
127,021	0,173	0,000	9,640E+0	2,400E+1	3,500E+3	3,505E+3
128,021	0,179	0,000	9,450E+0	2,400E+1	3,500E+3	3,502E+3
129,020	0,179	0,000	9,450E+0	2,400E+1	3,500E+3	3,496E+3
130,021	0,179	0,000	9,430E+0	2,400E+1	3,500E+3	3,501E+3
131,021	0,180	0,000	9,470E+0	2,400E+1	3,500E+3	3,503E+3
132,021	0,181	0,000	9,470E+0	2,400E+1	3,500E+3	3,503E+3
133,021	0,181	0,000	9,510E+0	2,400E+1	3,500E+3	3,499E+3
134,021	0,181	0,000	9,550E+0	2,400E+1	3,500E+3	3,501E+3
135,022	0,182	0,000	9,550E+0	2,400E+1	3,500E+3	3,505E+3
136,023	0,182	0,000	9,560E+0	2,400E+1	3,500E+3	3,489E+3
137,024	0,182	0,000	9,590E+0	2,400E+1	3,500E+3	3,517E+3
138,024	0,182	0,000	9,590E+0	2,400E+1	3,500E+3	3,492E+3
139,024	0,182	0,000	9,610E+0	2,400E+1	3,500E+3	3,499E+3
140,025	0,183	0,000	9,620E+0	2,400E+1	3,500E+3	3,501E+3
141,025	0,183	0,000	9,620E+0	2,400E+1	3,500E+3	3,513E+3
142,025	0,183	0,000	9,630E+0	2,400E+1	3,500E+3	3,495E+3
143,025	0,183	0,000	9,640E+0	2,400E+1	3,500E+3	3,494E+3
144,024	0,183	0,000	9,640E+0	2,400E+1	3,500E+3	3,525E+3
145,025	0,183	0,000	9,660E+0	2,400E+1	3,500E+3	3,496E+3
146,025	0,183	0,000	9,660E+0	2,400E+1	3,500E+3	3,496E+3
147,025	0,184	0,000	9,660E+0	2,400E+1	3,500E+3	3,494E+3
148,026	0,184	0,000	9,680E+0	2,400E+1	3,500E+3	3,507E+3
149,027	0,184	0,000	9,680E+0	2,400E+1	3,500E+3	3,498E+3
150,028	0,184	0,000	9,680E+0	2,400E+1	3,500E+3	3,507E+3
151,027	0,184	0,000	9,690E+0	2,400E+1	3,500E+3	3,475E+3
152,028	0,184	0,000	9,700E+0	2,400E+1	3,500E+3	3,510E+3
153,028	0,184	0,000	9,700E+0	2,400E+1	3,500E+3	3,490E+3
154,029	0,184	0,000	9,700E+0	2,400E+1	3,500E+3	3,501E+3
155,030	0,184	0,000	9,710E+0	2,400E+1	3,500E+3	3,508E+3
156,030	0,184	0,000	9,710E+0	2,400E+1	3,500E+3	3,503E+3
157,030	0,184	0,000	9,710E+0	2,400E+1	3,500E+3	3,506E+3
158,031	0,184	0,000	9,720E+0	2,400E+1	3,500E+3	3,513E+3
159,030	0,184	0,000	9,720E+0	2,400E+1	3,500E+3	3,510E+3
160,031	0,184	0,000	9,720E+0	2,400E+1	3,500E+3	3,487E+3
161,031	0,185	0,000	9,730E+0	2,400E+1	3,500E+3	3,507E+3
162,031	0,184	0,000	9,730E+0	2,400E+1	3,500E+3	3,508E+3
163,032	0,184	0,000	9,720E+0	2,400E+1	3,500E+3	3,494E+3
164,033	0,185	0,000	9,730E+0	2,400E+1	3,500E+3	3,500E+3
165,033	0,185	0,000	9,730E+0	2,400E+1	3,500E+3	3,493E+3
166,032	0,185	0,000	9,730E+0	2,400E+1	3,500E+3	3,494E+3
167,033	0,185	0,000	9,730E+0	2,400E+1	3,500E+3	3,512E+3
168,034	0,185	0,000	9,730E+0	2,400E+1	3,500E+3	3,498E+3
169,034	0,185	0,000	9,730E+0	2,400E+1	3,500E+3	3,498E+3
170,035	0,185	0,000	9,730E+0	2,400E+1	3,500E+3	3,499E+3
171,036	0,185	0,000	9,740E+0	2,400E+1	3,500E+3	3,506E+3
172,036	0,185	0,000	9,740E+0	2,400E+1	3,500E+3	3,506E+3
173,035	0,185	0,000	9,740E+0	2,400E+1	3,500E+3	3,512E+3
174,036	0,185	0,000	9,740E+0	2,400E+1	3,500E+3	3,494E+3
175,036	0,185	0,000	9,740E+0	2,400E+1	3,500E+3	3,510E+3
176,037	0,185	0,000	9,740E+0	2,400E+1	3,500E+3	3,492E+3
177,037	0,185	0,000	9,740E+0	2,400E+1	3,500E+3	3,508E+3
178,037	0,185	0,000	9,740E+0	2,400E+1	3,500E+3	3,503E+3
179,037	0,185	0,000	9,750E+0	2,400E+1	3,500E+3	3,496E+3
180,037	0,185	0,000	9,760E+0	2,400E+1	3,500E+3	3,490E+3
181,037	0,185	0,000	9,760E+0	2,400E+1	3,500E+3	3,508E+3
182,037	0,185	0,000	9,760E+0	2,400E+1	3,500E+3	3,507E+3
183,037	0,185	0,000	9,760E+0	2,400E+1	3,500E+3	3,494E+3
184,037	0,185	0,000	9,760E+0	2,400E+1	3,500E+3	3,511E+3
185,037	0,185	0,000	9,760E+0	2,400E+1	3,500E+3	3,508E+3
186,038	0,185	0,000	9,760E+0	2,400E+1	3,500E+3	3,504E+3
187,039	0,185	0,000	9,760E+0	2,400E+1	3,500E+3	3,495E+3
188,040	0,185	0,000	9,760E+0	2,400E+1	3,500E+3	3,508E+3
189,040	0,185	0,000	9,760E+0	2,400E+1	3,500E+3	3,506E+3
190,040	0,185	0,000	9,760E+0	2,400E+1	3,500E+3	3,507E+3
191,040	0,185	0,000	9,770E+0	2,400E+1	3,500E+3	3,491E+3
192,040	0,185	0,000	9,770E+0	2,400E+1	3,500E+3	3,509E+3
193,040	0,185	0,000	9,770E+0	2,400E+1	3,500E+3	3,481E+3
194,041	0,185	0,000	9,770E+0	2,400E+1	3,500E+3	3,495E+3
195,041	0,185	0,000	9,770E+0	2,400E+1	3,500E+3	3,503E+3
196,041	0,185	0,000	9,770E+0	2,400E+1	3,500E+3	3,493E+3
197,040	0,185	0,000	9,770E+0	2,400E+1	3,500E+3	3,502E+3
198,041	0,185	0,000	9,770E+0	2,400E+1	3,500E+3	3,498E+3
199,042	0,185	0,000	9,770E+0	2,400E+1	3,500E+3	3,504E+3
200,042	0,185	0,000	9,770E+0	2,400E+1	3,500E+3	3,507E+3
201,042	0,185	0,000	9,780E+0	2,400E+1	3,500E+3	3,503E+3
202,042	0,185	0,000	9,780E+0	2,400E+1	3,500E+3	3,494E+3
203,041	0,185	0,000	9,770E+0	2,400E+1	3,500E+3	3,498E+3
204,043	0,185	0,000	9,780E+0	2,400E+1	3,500E+3	3,489E+3
205,043	0,185	0,000	9,780E+0	2,400E+1	3,500E+3	3,511E+3
206,043	0,185	0,000	9,780E+0	2,400E+1	3,500E+3	3,500E+3
207,044	0,185	0,000	9,780E+0	2,400E+1	3,500E+3	3,531E+3
208,044	0,185	0,000	9,780E+0	2,400E+1	3,500E+3	3,502E+3
209,044	0,185	0,000	9,780E+0	2,400E+1	3,500E+3	3,501E+3
210,043	0,185	0,000	9,780E+0	2,400E+1	3,500E+3	3,507E+3
211,044	0,185	0,000	9,780E+0	2,400E+1	3,500E+3	3,498E+3
212,044	0,185	0,000	9,790E+0	2,400E+1	3,500E+3	3,503E+3
213,044	0,185	0,000	9,790E+0	2,400E+1	3,500E+3	3,508E+3
214,044	0,185	0,000	9,790E+0	2,400E+1	3,500E+3	3,509E+3
215,044	0,185	0,000	9,790E+0	2,400E+1	3,500E+3	3,498E+3
216,044	0,185	0,000	9,790E+0	2,400E+1	3,500E+3	3,488E+3
217,043	0,185	0,000	9,790E+0	2,400E+1	3,500E+3	3,503E+3
218,044	0,185	0,000	9,790E+0	2,400E+1	3,500E+3	3,489E+3
219,044	0,185	0,000	9,790E+0	2,400E+1	3,500E+3	3,507E+3
220,044	0,185	0,000	9,800E+0	2,400E+1	3,500E+3	3,503E+3
221,044	0,185	0,000	9,800E+0	2,400E+1	3,500E+3	3,496E+3
222,045	0,185	0,000	9,800E+0	2,400E+1	3,500E+3	3,503E+3
223,045	0,185	0,000	9,790E+0	2,400E+1	3,500E+3	3,500E+3
224,046	0,185	0,000	9,790E+0	2,400E+1	3,500E+3	3,498E+3
225,046	0,185	0,000	9,800E+0	2,400E+1	3,500E+3	3,507E+3
226,046	0,185	0,000	9,800E+0	2,400E+1	3,500E+3	3,498E+3
227,046	0,185	0,000	9,800E+0	2,400E+1	3,500E+3	3,502E+3
228,045	0,185	0,000	9,810E+0	2,400E+1	3,500E+3	3,494E+3
229,046	0,185	0,000	9,810E+0	2,400E+1	3,500E+3	3,489E+3
230,046	0,185	0,000	9,810E+0	2,400E+1	3,500E+3	3,503E+3
231,046	0,185	0,000	9,810E+0	2,400E+1	3,500E+3	3,500E+3
232,046	0,185	0,000	9,800E+0	2,400E+1	3,500E+3	3,497E+3
233,046	0,185	0,000	9,810E+0	2,400E+1	3,500E+3	3,498E+3
234,046	0,185	0,000	9,810E+0	2,400E+1	3,500E+3	3,487E+3
235,046	0,185	0,000	9,810E+0	2,400E+1	3,500E+3	3,497E+3
236,046	0,185	0,000	9,810E+0	2,400E+1	3,500E+3	3,509E+3
237,046	0,185	0,000	9,820E+0	2,400E+1	3,500E+3	3,501E+3
238,046	0,185	0,000	9,820E+0	2,400E+1	3,500E+3	3,508E+3
239,046	0,185	0,000	9,820E+0	2,400E+1	3,500E+3	3,504E+3
240,045	0,185	0,000	9,820E+0	2,400E+1	3,500E+3	3,508E+3
241,047	0,185	0,000	9,820E+0	2,400E+1	3,500E+3	3,502E+3
242,047	0,185	0,000	9,830E+0	2,400E+1	3,500E+3	3,501E+3
243,047	0,185	0,000	9,830E+0	2,400E+1	3,500E+3	3,499E+3
244,047	0,185	0,000	9,830E+0	2,400E+1	3,500E+3	3,495E+3
245,047	0,185	0,000	9,830E+0	2,400E+1	3,500E+3	3,504E+3
246,047	0,185	0,000	9,830E+0	2,400E+1	3,500E+3	3,510E+3
247,046	0,185	0,000	9,830E+0	2,400E+1	3,500E+3	3,486E+3
248,048	0,185	0,000	9,830E+0	2,400E+1	3,500E+3	3,509E+3
249,049	0,185	0,000	9,840E+0	2,400E+1	3,500E+3	3,494E+3
250,049	0,185	0,000	9,840E+0	2,400E+1	3,500E+3	3,511E+3
251,049	0,185	0,000	9,840E+0	2,400E+1	3,500E+3	3,516E+3
252,049	0,185	0,000	9,840E+0	2,400E+1	3,500E+3	3,510E+3
253,050	0,185	0,000	9,840E+0	2,400E+1	3,500E+3	3,497E+3
254,049	0,185	0,000	9,840E+0	2,400E+1	3,500E+3	3,500E+3
255,050	0,185	0,000	9,840E+0	2,400E+1	3,500E+3	3,500E+3
256,050	0,185	0,000	9,850E+0	2,400E+1	3,500E+3	3,503E+3
257,050	0,185	0,000	9,850E+0	2,400E+1	3,500E+3	3,505E+3
258,050	0,185	0,000	9,840E+0	2,400E+1	3,500E+3	3,507E+3
259,050	0,185	0,000	9,840E+0	2,400E+1	3,500E+3	3,513E+3
260,051	0,185	0,000	9,840E+0	2,400E+1	3,500E+3	3,500E+3
261,050	0,185	0,000	9,850E+0	2,400E+1	3,500E+3	3,512E+3
262,051	0,185	0,000	9,850E+0	2,400E+1	3,500E+3	3,500E+3
263,051	0,185	0,000	9,850E+0	2,400E+1	3,500E+3	3,491E+3
264,051	0,185	0,000	9,850E+0	2,400E+1	3,500E+3	3,526E+3
265,053	0,185	0,000	9,850E+0	2,400E+1	3,500E+3	3,505E+3
266,053	0,185	0,000	9,850E+0	2,400E+1	3,500E+3	3,510E+3
267,053	0,185	0,000	9,850E+0	2,400E+1	3,500E+3	3,496E+3
268,053	0,185	0,000	9,850E+0	2,400E+1	3,500E+3	3,494E+3
269,054	0,185	0,000	9,850E+0	2,400E+1	3,500E+3	3,507E+3
270,055	0,185	0,000	9,860E+0	2,400E+1	3,500E+3	3,498E+3
271,056	0,185	0,000	9,860E+0	2,400E+1	3,500E+3	3,493E+3
272,056	0,185	0,000	9,860E+0	2,400E+1	3,500E+3	3,505E+3
273,056	0,185	0,000	9,860E+0	2,400E+1	3,500E+3	3,506E+3
274,056	0,185	0,000	9,860E+0	2,400E+1	3,500E+3	3,498E+3
275,056	0,185	0,000	9,870E+0	2,400E+1	3,500E+3	3,493E+3
276,056	0,185	0,000	9,870E+0	2,400E+1	3,500E+3	3,503E+3
277,057	0,185	0,000	9,870E+0	2,400E+1	3,500E+3	3,485E+3
278,057	0,185	0,000	9,880E+0	2,400E+1	3,500E+3	3,503E+3
279,057	0,185	0,000	9,880E+0	2,400E+1	3,500E+3	3,498E+3
280,057	0,185	0,000	9,870E+0	2,400E+1	3,500E+3	3,496E+3
281,057	0,185	0,000	9,870E+0	2,400E+1	3,500E+3	3,506E+3
282,057	0,185	0,000	9,870E+0	2,400E+1	3,500E+3	3,492E+3
283,056	0,185	0,000	9,880E+0	2,400E+1	3,500E+3	3,503E+3
284,058	0,185	0,000	9,880E+0	2,400E+1	3,500E+3	3,489E+3
285,058	0,185	0,000	9,880E+0	2,400E+1	3,500E+3	3,498E+3
286,058	0,185	0,000	9,880E+0	2,400E+1	3,500E+3	3,497E+3
287,058	0,185	0,000	9,880E+0	2,400E+1	3,500E+3	3,509E+3
288,058	0,185	0,000	9,880E+0	2,400E+1	3,500E+3	3,510E+3
289,058	0,185	0,000	9,880E+0	2,400E+1	3,500E+3	3,502E+3
290,057	0,185	0,000	9,890E+0	2,400E+1	3,500E+3	3,496E+3
291,058	0,185	0,000	9,890E+0	2,400E+1	3,500E+3	3,503E+3
292,058	0,185	0,000	9,890E+0	2,400E+1	3,500E+3	3,504E+3
293,058	0,185	0,000	9,900E+0	2,400E+1	3,500E+3	3,506E+3
294,059	0,185	0,000	9,900E+0	2,400E+1	3,500E+3	3,494E+3
295,059	0,185	0,000	9,890E+0	2,400E+1	3,500E+3	3,494E+3
296,059	0,185	0,000	9,890E+0	2,400E+1	3,500E+3	3,501E+3
297,059	0,185	0,000	9,890E+0	2,400E+1	3,500E+3	3,507E+3
298,060	0,185	0,000	9,890E+0	2,400E+1	3,500E+3	3,511E+3
299,060	0,185	0,000	9,900E+0	2,400E+1	3,500E+3	3,495E+3
300,060	0,185	0,000	9,910E+0	2,400E+1	3,500E+3	3,514E+3
301,060	0,185	0,000	9,910E+0	2,400E+1	3,500E+3	3,507E+3
302,060	0,185	0,000	9,910E+0	2,400E+1	3,500E+3	3,503E+3
303,060	0,185	0,000	9,910E+0	2,400E+1	3,500E+3	3,509E+3
304,061	0,185	0,000	9,910E+0	2,400E+1	3,500E+3	3,504E+3
305,061	0,185	0,000	9,910E+0	2,400E+1	3,500E+3	3,498E+3
306,061	0,185	0,000	9,910E+0	2,400E+1	3,500E+3	3,510E+3
307,062	0,185	0,000	9,920E+0	2,400E+1	3,500E+3	3,498E+3
308,062	0,185	0,000	9,920E+0	2,400E+1	3,500E+3	3,498E+3
309,062	0,185	0,000	9,910E+0	2,400E+1	3,500E+3	3,502E+3
310,064	0,185	0,000	9,920E+0	2,400E+1	3,500E+3	3,503E+3
311,064	0,185	0,000	9,920E+0	2,400E+1	3,500E+3	3,499E+3
312,063	0,185	0,000	9,920E+0	2,400E+1	3,500E+3	3,501E+3
313,064	0,185	0,000	9,920E+0	2,400E+1	3,500E+3	3,503E+3
314,064	0,185	0,000	9,920E+0	2,400E+1	3,500E+3	3,496E+3
315,063	0,185	0,000	9,930E+0	2,400E+1	3,500E+3	3,497E+3
316,064	0,185	0,000	9,930E+0	2,400E+1	3,500E+3	3,516E+3
317,064	0,185	0,000	9,920E+0	2,400E+1	3,500E+3	3,478E+3
318,064	0,185	0,000	9,920E+0	2,400E+1	3,500E+3	3,507E+3
319,064	0,185	0,000	9,930E+0	2,400E+1	3,500E+3	3,507E+3
320,064	0,185	0,000	9,940E+0	2,400E+1	3,500E+3	3,505E+3
321,064	0,185	0,000	9,940E+0	2,400E+1	3,500E+3	3,503E+3
322,063	0,185	0,000	9,930E+0	2,400E+1	3,500E+3	3,493E+3
323,064	0,185	0,000	9,940E+0	2,400E+1	3,500E+3	3,507E+3
324,064	0,185	0,000	9,940E+0	2,400E+1	3,500E+3	3,491E+3
325,064	0,185	0,000	9,940E+0	2,400E+1	3,500E+3	3,492E+3
326,064	0,185	0,000	9,950E+0	2,400E+1	3,500E+3	3,511E+3
327,064	0,185	0,000	9,950E+0	2,400E+1	3,500E+3	3,498E+3
328,065	0,185	0,000	9,940E+0	2,400E+1	3,500E+3	3,496E+3
329,065	0,185	0,000	9,950E+0	2,400E+1	3,500E+3	3,512E+3
330,065	0,185	0,000	9,950E+0	2,400E+1	3,500E+3	3,492E+3
331,066	0,185	0,000	9,940E+0	2,400E+1	3,500E+3	3,494E+3
332,066	0,185	0,000	9,950E+0	2,400E+1	3,500E+3	3,509E+3
333,067	0,185	0,000	9,950E+0	2,400E+1	3,500E+3	3,488E+3
334,067	0,185	0,000	9,950E+0	2,400E+1	3,500E+3	3,491E+3
335,067	0,185	0,000	9,950E+0	2,400E+1	3,500E+3	3,507E+3
336,067	0,185	0,000	9,950E+0	2,400E+1	3,500E+3	3,505E+3
337,068	0,185	0,000	9,950E+0	2,400E+1	3,500E+3	3,499E+3
338,068	0,185	0,000	9,950E+0	2,400E+1	3,500E+3	3,503E+3
339,068	0,185	0,000	9,960E+0	2,400E+1	3,500E+3	3,497E+3
340,068	0,185	0,000	9,960E+0	2,400E+1	3,500E+3	3,498E+3
341,068	0,185	0,000	9,970E+0	2,400E+1	3,500E+3	3,494E+3
342,068	0,185	0,000	9,970E+0	2,400E+1	3,500E+3	3,496E+3
343,069	0,185	0,000	9,970E+0	2,400E+1	3,500E+3	3,498E+3
344,069	0,185	0,000	9,970E+0	2,400E+1	3,500E+3	3,488E+3
345,070	0,185	0,000	9,960E+0	2,400E+1	3,500E+3	3,492E+3
346,070	0,185	0,000	9,960E+0	2,400E+1	3,500E+3	3,500E+3
347,070	0,185	0,000	9,970E+0	2,400E+1	3,500E+3	3,503E+3
348,070	0,185	0,000	9,970E+0	2,400E+1	3,500E+3	3,495E+3
349,069	0,185	0,000	9,970E+0	2,400E+1	3,500E+3	3,496E+3
350,070	0,185	0,000	9,980E+0	2,400E+1	3,500E+3	3,488E+3
351,070	0,185	0,000	9,970E+0	2,400E+1	3,500E+3	3,529E+3
352,071	0,185	0,000	9,970E+0	2,400E+1	3,500E+3	3,506E+3
353,072	0,185	0,000	9,980E+0	2,400E+1	3,500E+3	3,496E+3
354,072	0,185	0,000	9,980E+0	2,400E+1	3,500E+3	3,500E+3
355,072	0,185	0,000	9,980E+0	2,400E+1	3,500E+3	3,498E+3
356,072	0,185	0,000	9,980E+0	2,400E+1	3,500E+3	3,504E+3
357,072	0,185	0,000	9,980E+0	2,400E+1	3,500E+3	3,523E+3
358,072	0,185	0,000	9,980E+0	2,400E+1	3,500E+3	3,516E+3
359,072	0,185	0,000	9,980E+0	2,400E+1	3,500E+3	3,503E+3
360,071	0,185	0,000	9,980E+0	2,400E+1	3,500E+3	3,493E+3
361,072	0,185	0,000	9,990E+0	2,400E+1	3,500E+3	3,503E+3
362,072	0,185	0,000	9,990E+0	2,400E+1	3,500E+3	3,496E+3
363,072	0,185	0,000	1,000E+1	2,400E+1	3,500E+3	3,507E+3
364,072	0,185	0,000	1,000E+1	2,400E+1	3,500E+3	3,503E+3
365,072	0,185	0,000	9,990E+0	2,400E+1	3,500E+3	3,485E+3
366,072	0,185	0,000	9,990E+0	2,400E+1	3,500E+3	3,497E+3
367,073	0,185	0,000	1,000E+1	2,400E+1	3,500E+3	3,496E+3
368,074	0,185	0,000	1,000E+1	2,400E+1	3,500E+3	3,505E+3
369,074	0,185	0,000	1,000E+1	2,400E+1	3,500E+3	3,499E+3
370,075	0,185	0,000	1,000E+1	2,400E+1	3,500E+3	3,497E+3
371,075	0,185	0,000	1,001E+1	2,400E+1	3,500E+3	3,524E+3
372,074	0,185	0,000	1,001E+1	2,400E+1	3,500E+3	3,508E+3
373,075	0,185	0,000	1,001E+1	2,400E+1	3,500E+3	3,523E+3
374,076	0,185	0,000	1,001E+1	2,400E+1	3,500E+3	3,497E+3
375,076	0,185	0,000	1,001E+1	2,400E+1	3,500E+3	3,512E+3
376,076	0,185	0,000	1,001E+1	2,400E+1	3,500E+3	3,485E+3
377,076	0,185	0,000	1,001E+1	2,400E+1	3,500E+3	3,503E+3
378,076	0,185	0,000	1,002E+1	2,400E+1	3,500E+3	3,503E+3
379,076	0,185	0,000	1,002E+1	2,400E+1	3,500E+3	3,506E+3
380,076	0,185	0,000	1,002E+1	2,400E+1	3,500E+3	3,494E+3
381,077	0,185	0,000	1,002E+1	2,400E+1	3,500E+3	3,503E+3
382,077	0,185	0,000	1,002E+1	2,400E+1	3,500E+3	3,501E+3
383,077	0,185	0,000	1,002E+1	2,400E+1	3,500E+3	3,498E+3
384,077	0,185	0,000	1,002E+1	2,400E+1	3,500E+3	3,502E+3
385,077	0,185	0,000	1,002E+1	2,400E+1	3,500E+3	3,507E+3
386,076	0,185	0,000	1,002E+1	2,400E+1	3,500E+3	3,494E+3
387,077	0,185	0,000	1,003E+1	2,400E+1	3,500E+3	3,495E+3
388,077	0,185	0,000	1,002E+1	2,400E+1	3,500E+3	3,503E+3
389,078	0,185	0,000	1,002E+1	2,400E+1	3,500E+3	3,503E+3
390,078	0,185	0,000	1,003E+1	2,400E+1	3,500E+3	3,500E+3
391,078	0,185	0,000	1,003E+1	2,400E+1	3,500E+3	3,496E+3
392,078	0,185	0,000	1,003E+1	2,400E+1	3,500E+3	3,502E+3
393,077	0,185	0,000	1,003E+1	2,400E+1	3,500E+3	3,508E+3
394,079	0,185	0,000	1,004E+1	2,400E+1	3,500E+3	3,469E+3
395,079	0,185	0,000	1,004E+1	2,400E+1	3,500E+3	3,504E+3
396,080	0,185	0,000	1,004E+1	2,400E+1	3,500E+3	3,488E+3
397,080	0,185	0,000	1,004E+1	2,400E+1	3,500E+3	3,497E+3
398,080	0,185	0,000	1,004E+1	2,400E+1	3,500E+3	3,498E+3
399,080	0,185	0,000	1,004E+1	2,400E+1	3,500E+3	3,510E+3
400,080	0,185	0,000	1,004E+1	2,400E+1	3,500E+3	3,522E+3
401,081	0,185	0,000	1,005E+1	2,400E+1	3,500E+3	3,526E+3
402,081	0,185	0,000	1,005E+1	2,400E+1	3,500E+3	3,497E+3
403,081	0,185	0,000	1,005E+1	2,400E+1	3,500E+3	3,507E+3
404,081	0,185	0,000	1,005E+1	2,400E+1	3,500E+3	3,513E+3
405,081	0,184	0,000	1,004E+1	2,400E+1	3,500E+3	3,494E+3
406,081	0,185	0,000	1,004E+1	2,400E+1	3,500E+3	3,500E+3
407,081	0,185	0,000	1,006E+1	2,400E+1	3,500E+3	3,508E+3
408,081	0,185	0,000	1,005E+1	2,400E+1	3,500E+3	3,489E+3
409,081	0,185	0,000	1,005E+1	2,400E+1	3,500E+3	3,495E+3
410,081	0,185	0,000	1,006E+1	2,400E+1	3,500E+3	3,508E+3
411,081	0,185	0,000	1,006E+1	2,400E+1	3,500E+3	3,507E+3
412,081	0,184	0,000	1,006E+1	2,400E+1	3,500E+3	3,513E+3
413,082	0,184	0,000	1,006E+1	2,400E+1	3,500E+3	3,505E+3
414,082	0,184	0,000	1,006E+1	2,400E+1	3,500E+3	3,503E+3
415,082	0,184	0,000	1,006E+1	2,400E+1	3,500E+3	3,506E+3
416,082	0,184	0,000	1,006E+1	2,400E+1	3,500E+3	3,497E+3
417,082	0,184	0,000	1,007E+1	2,400E+1	3,500E+3	3,496E+3
418,083	0,184	0,000	1,007E+1	2,400E+1	3,500E+3	3,504E+3
419,084	0,185	0,000	1,007E+1	2,400E+1	3,500E+3	3,499E+3
420,085	0,185	0,000	1,007E+1	2,400E+1	3,500E+3	3,512E+3
421,085	0,184	0,000	1,007E+1	2,400E+1	3,500E+3	3,500E+3
422,086	0,184	0,000	1,007E+1	2,400E+1	3,500E+3	3,506E+3
423,086	0,184	0,000	1,007E+1	2,400E+1	3,500E+3	3,484E+3
424,086	0,185	0,000	1,008E+1	2,400E+1	3,500E+3	3,502E+3
425,087	0,185	0,000	1,008E+1	2,400E+1	3,500E+3	3,485E+3
426,086	0,185	0,000	1,008E+1	2,400E+1	3,500E+3	3,505E+3
427,087	0,185	0,000	1,008E+1	2,400E+1	3,500E+3	3,510E+3
428,088	0,184	0,000	1,007E+1	2,400E+1	3,500E+3	3,494E+3
429,089	0,185	0,000	1,010E+1	2,400E+1	3,500E+3	3,488E+3
430,089	0,185	0,000	1,010E+1	2,400E+1	3,500E+3	3,487E+3
431,089	0,184	0,000	1,008E+1	2,400E+1	3,500E+3	3,504E+3
432,089	0,185	0,000	1,009E+1	2,400E+1	3,500E+3	3,499E+3
433,088	0,185	0,000	1,009E+1	2,400E+1	3,500E+3	3,493E+3
434,089	0,185	0,000	1,009E+1	2,400E+1	3,500E+3	3,494E+3
435,089	0,185	0,000	1,009E+1	2,400E+1	3,500E+3	3,489E+3
436,089	0,184	0,000	1,009E+1	2,400E+1	3,500E+3	3,499E+3
437,089	0,184	0,000	1,009E+1	2,400E+1	3,500E+3	3,487E+3
438,090	0,184	0,000	1,009E+1	2,400E+1	3,500E+3	3,498E+3
439,091	0,184	0,000	1,010E+1	2,400E+1	3,500E+3	3,504E+3
440,092	0,184	0,000	1,010E+1	2,400E+1	3,500E+3	3,506E+3
441,092	0,185	0,000	1,010E+1	2,400E+1	3,500E+3	3,497E+3
442,093	0,185	0,000	1,010E+1	2,400E+1	3,500E+3	3,503E+3
443,093	0,184	0,000	1,011E+1	2,400E+1	3,500E+3	3,495E+3
444,094	0,184	0,000	1,011E+1	2,400E+1	3,500E+3	3,504E+3
445,094	0,184	0,000	1,011E+1	2,400E+1	3,500E+3	3,506E+3
446,094	0,185	0,000	1,011E+1	2,400E+1	3,500E+3	3,502E+3
447,094	0,185	0,000	1,011E+1	2,400E+1	3,500E+3	3,520E+3
448,094	0,184	0,000	1,011E+1	2,400E+1	3,500E+3	3,520E+3
449,094	0,184	0,000	1,011E+1	2,400E+1	3,500E+3	3,457E+3
450,094	0,184	0,000	1,011E+1	2,400E+1	3,500E+3	3,498E+3
451,094	0,184	0,000	1,012E+1	2,400E+1	3,500E+3	3,508E+3
452,095	0,184	0,000	1,012E+1	2,400E+1	3,500E+3	3,508E+3
453,095	0,184	0,000	1,012E+1	2,400E+1	3,500E+3	3,506E+3
454,095	0,184	0,000	1,012E+1	2,400E+1	3,500E+3	3,496E+3
455,095	0,184	0,000	1,012E+1	2,400E+1	3,500E+3	3,509E+3
456,095	0,184	0,000	1,012E+1	2,400E+1	3,500E+3	3,512E+3
457,095	0,184	0,000	1,012E+1	2,400E+1	3,500E+3	3,489E+3
458,095	0,184	0,000	1,012E+1	2,400E+1	3,500E+3	3,500E+3
459,094	0,184	0,000	1,012E+1	2,400E+1	3,500E+3	3,498E+3
460,095	0,184	0,000	1,013E+1	2,400E+1	3,500E+3	3,504E+3
461,096	0,184	0,000	1,013E+1	2,400E+1	3,500E+3	3,504E+3
462,096	0,184	0,000	1,013E+1	2,400E+1	3,500E+3	3,492E+3
463,097	0,184	0,000	1,013E+1	2,400E+1	3,500E+3	3,508E+3
464,097	0,184	0,000	1,014E+1	2,400E+1	3,500E+3	3,503E+3
465,097	0,184	0,000	1,013E+1	2,400E+1	3,500E+3	3,508E+3
466,097	0,184	0,000	1,013E+1	2,400E+1	3,500E+3	3,491E+3
467,097	0,184	0,000	1,014E+1	2,400E+1	3,500E+3	3,503E+3
468,098	0,184	0,000	1,014E+1	2,400E+1	3,500E+3	3,494E+3
469,098	0,184	0,000	1,014E+1	2,400E+1	3,500E+3	3,496E+3
470,098	0,184	0,000	1,014E+1	2,400E+1	3,500E+3	3,521E+3
471,097	0,184	0,000	1,014E+1	2,400E+1	3,500E+3	3,505E+3
472,098	0,184	0,000	1,014E+1	2,400E+1	3,500E+3	3,476E+3
473,098	0,184	0,000	1,014E+1	2,400E+1	3,500E+3	3,497E+3
474,098	0,184	0,000	1,014E+1	2,400E+1	3,500E+3	3,486E+3
475,098	0,184	0,000	1,014E+1	2,400E+1	3,500E+3	3,507E+3
476,099	0,184	0,000	1,015E+1	2,400E+1	3,500E+3	3,502E+3
477,099	0,184	0,000	1,015E+1	2,400E+1	3,500E+3	3,496E+3
478,098	0,184	0,000	1,015E+1	2,400E+1	3,500E+3	3,504E+3
479,099	0,184	0,000	1,015E+1	2,400E+1	3,500E+3	3,491E+3
480,099	0,184	0,000	1,015E+1	2,400E+1	3,500E+3	3,491E+3
481,099	0,184	0,000	1,016E+1	2,400E+1	3,500E+3	3,489E+3
482,099	0,184	0,000	1,016E+1	2,400E+1	3,500E+3	3,494E+3
483,098	0,184	0,000	1,016E+1	2,400E+1	3,500E+3	3,505E+3
484,099	0,184	0,000	1,016E+1	2,400E+1	3,500E+3	3,498E+3
485,099	0,184	0,000	1,016E+1	2,400E+1	3,500E+3	3,496E+3
486,100	0,184	0,000	1,016E+1	2,400E+1	3,500E+3	3,489E+3
487,100	0,184	0,000	1,016E+1	2,400E+1	3,500E+3	3,507E+3
488,101	0,184	0,000	1,016E+1	2,400E+1	3,500E+3	3,504E+3
489,101	0,184	0,000	1,017E+1	2,400E+1	3,500E+3	3,489E+3
490,100	0,184	0,000	1,017E+1	2,400E+1	3,500E+3	3,507E+3
491,101	0,184	0,000	1,017E+1	2,400E+1	3,500E+3	3,498E+3
492,102	0,184	0,000	1,017E+1	2,400E+1	3,500E+3	3,504E+3
493,102	0,184	0,000	1,017E+1	2,400E+1	3,500E+3	3,504E+3
494,102	0,184	0,000	1,017E+1	2,400E+1	3,500E+3	3,521E+3
495,102	0,184	0,000	1,018E+1	2,400E+1	3,500E+3	3,494E+3
496,103	0,184	0,000	1,017E+1	2,400E+1	3,500E+3	3,506E+3
497,103	0,184	0,000	1,017E+1	2,400E+1	3,500E+3	3,504E+3
498,104	0,184	0,000	1,018E+1	2,400E+1	3,500E+3	3,501E+3
499,104	0,184	0,000	1,018E+1	2,400E+1	3,500E+3	3,520E+3
500,104	0,184	0,000	1,018E+1	2,400E+1	3,500E+3	3,512E+3
501,104	0,184	0,000	1,018E+1	2,400E+1	3,500E+3	3,492E+3
502,104	0,184	0,000	1,018E+1	2,400E+1	3,500E+3	3,495E+3
503,104	0,184	0,000	1,018E+1	2,400E+1	3,500E+3	3,516E+3
504,104	0,184	0,000	1,018E+1	2,400E+1	3,500E+3	3,488E+3
505,104	0,184	0,000	1,019E+1	2,400E+1	3,500E+3	3,502E+3
506,105	0,184	0,000	1,019E+1	2,400E+1	3,500E+3	3,502E+3
507,106	0,184	0,000	1,019E+1	2,400E+1	3,500E+3	3,509E+3
508,106	0,184	0,000	1,019E+1	2,400E+1	3,500E+3	3,489E+3
509,106	0,184	0,000	1,019E+1	2,400E+1	3,500E+3	3,506E+3
510,106	0,184	0,000	1,019E+1	2,400E+1	3,500E+3	3,510E+3
511,106	0,184	0,000	1,019E+1	2,400E+1	3,500E+3	3,486E+3
512,106	0,184	0,000	1,020E+1	2,400E+1	3,500E+3	3,521E+3
513,106	0,184	0,000	1,020E+1	2,400E+1	3,500E+3	3,493E+3
514,106	0,184	0,000	1,020E+1	2,400E+1	3,500E+3	3,483E+3
515,106	0,184	0,000	1,020E+1	2,400E+1	3,500E+3	3,506E+3
516,106	0,184	0,000	1,020E+1	2,400E+1	3,500E+3	3,494E+3
517,106	0,184	0,000	1,020E+1	2,400E+1	3,500E+3	3,497E+3
518,106	0,184	0,000	1,021E+1	2,400E+1	3,500E+3	3,497E+3
519,106	0,184	0,000	1,021E+1	2,400E+1	3,500E+3	3,500E+3
520,106	0,184	0,000	1,020E+1	2,400E+1	3,500E+3	3,500E+3
521,106	0,184	0,000	1,020E+1	2,400E+1	3,500E+3	3,495E+3
522,107	0,184	0,000	1,020E+1	2,400E+1	3,500E+3	3,498E+3
523,108	0,184	0,000	1,020E+1	2,400E+1	3,500E+3	3,498E+3
524,109	0,184	0,000	1,020E+1	2,400E+1	3,500E+3	3,492E+3
525,109	0,184	0,000	1,021E+1	2,400E+1	3,500E+3	3,505E+3
526,109	0,184	0,000	1,021E+1	2,400E+1	3,500E+3	3,501E+3
527,109	0,184	0,000	1,021E+1	2,400E+1	3,500E+3	3,493E+3
528,109	0,184	0,000	1,022E+1	2,400E+1	3,500E+3	3,507E+3
529,108	0,184	0,000	1,022E+1	2,400E+1	3,500E+3	3,481E+3
530,109	0,184	0,000	1,022E+1	2,400E+1	3,500E+3	3,507E+3
531,109	0,184	0,000	1,022E+1	2,400E+1	3,500E+3	3,505E+3
532,109	0,184	0,000	1,022E+1	2,400E+1	3,500E+3	3,494E+3
533,109	0,184	0,000	1,022E+1	2,400E+1	3,500E+3	3,490E+3
534,110	0,184	0,000	1,023E+1	2,400E+1	3,500E+3	3,496E+3
535,110	0,184	0,000	1,023E+1	2,400E+1	3,500E+3	3,498E+3
536,111	0,184	0,000	1,023E+1	2,400E+1	3,500E+3	3,503E+3
537,111	0,184	0,000	1,022E+1	2,400E+1	3,500E+3	3,509E+3
538,111	0,184	0,000	1,023E+1	2,400E+1	3,500E+3	3,481E+3
539,111	0,184	0,000	1,023E+1	2,400E+1	3,500E+3	3,503E+3
540,110	0,184	0,000	1,023E+1	2,400E+1	3,500E+3	3,509E+3
541,111	0,184	0,000	1,023E+1	2,400E+1	3,500E+3	3,487E+3
542,111	0,184	0,000	1,023E+1	2,400E+1	3,500E+3	3,487E+3
543,111	0,184	0,000	1,024E+1	2,400E+1	3,500E+3	3,502E+3
544,112	0,184	0,000	1,024E+1	2,400E+1	3,500E+3	3,481E+3
545,112	0,184	0,000	1,024E+1	2,400E+1	3,500E+3	3,506E+3
546,112	0,184	0,000	1,024E+1	2,400E+1	3,500E+3	3,497E+3
547,112	0,184	0,000	1,024E+1	2,400E+1	3,500E+3	3,500E+3
548,113	0,184	0,000	1,024E+1	2,400E+1	3,500E+3	3,500E+3
549,113	0,184	0,000	1,024E+1	2,400E+1	3,500E+3	3,500E+3
550,113	0,184	0,000	1,024E+1	2,400E+1	3,500E+3	3,502E+3
551,114	0,184	0,000	1,026E+1	2,400E+1	3,500E+3	3,498E+3
552,114	0,184	0,000	1,026E+1	2,400E+1	3,500E+3	3,511E+3
553,114	0,184	0,000	1,025E+1	2,400E+1	3,500E+3	3,494E+3
554,113	0,184	0,000	1,025E+1	2,400E+1	3,500E+3	3,499E+3
555,114	0,184	0,000	1,025E+1	2,400E+1	3,500E+3	3,511E+3
556,114	0,184	0,000	1,025E+1	2,400E+1	3,500E+3	3,492E+3
557,114	0,184	0,000	1,025E+1	2,400E+1	3,500E+3	3,505E+3
558,114	0,184	0,000	1,025E+1	2,400E+1	3,500E+3	3,501E+3
559,114	0,184	0,000	1,025E+1	2,400E+1	3,500E+3	3,504E+3
560,114	0,184	0,000	1,025E+1	2,400E+1	3,500E+3	3,498E+3
561,113	0,184	0,000	1,025E+1	2,400E+1	3,500E+3	3,525E+3
562,114	0,184	0,000	1,025E+1	2,400E+1	3,500E+3	3,505E+3
563,114	0,184	0,000	1,025E+1	2,400E+1	3,500E+3	3,506E+3
564,114	0,184	0,000	1,025E+1	2,400E+1	3,500E+3	3,507E+3
565,115	0,184	0,000	1,026E+1	2,400E+1	3,500E+3	3,509E+3
566,114	0,184	0,000	1,026E+1	2,400E+1	3,500E+3	3,494E+3
567,115	0,184	0,000	1,026E+1	2,400E+1	3,500E+3	3,504E+3
568,115	0,184	0,000	1,027E+1	2,400E+1	3,500E+3	3,484E+3
569,116	0,184	0,000	1,027E+1	2,400E+1	3,500E+3	3,502E+3
570,116	0,184	0,000	1,026E+1	2,400E+1	3,500E+3	3,504E+3
571,116	0,184	0,000	1,026E+1	2,400E+1	3,500E+3	3,489E+3
572,116	0,184	0,000	1,027E+1	2,400E+1	3,500E+3	3,498E+3
573,116	0,184	0,000	1,027E+1	2,400E+1	3,500E+3	3,496E+3
574,116	0,184	0,000	1,027E+1	2,400E+1	3,500E+3	3,507E+3
575,116	0,184	0,000	1,027E+1	2,400E+1	3,500E+3	3,500E+3
576,116	0,184	0,000	1,027E+1	2,400E+1	3,500E+3	3,496E+3
577,116	0,184	0,000	1,027E+1	2,400E+1	3,500E+3	3,510E+3
578,115	0,184	0,000	1,027E+1	2,400E+1	3,500E+3	3,504E+3
579,116	0,184	0,000	1,028E+1	2,400E+1	3,500E+3	3,498E+3
580,116	0,184	0,000	1,028E+1	2,400E+1	3,500E+3	3,511E+3
581,116	0,184	0,000	1,028E+1	2,400E+1	3,500E+3	3,507E+3
582,116	0,184	0,000	1,028E+1	2,400E+1	3,500E+3	3,507E+3
583,116	0,184	0,000	1,028E+1	2,400E+1	3,500E+3	3,491E+3
584,116	0,184	0,000	1,028E+1	2,400E+1	3,500E+3	3,501E+3
585,117	0,184	0,000	1,029E+1	2,400E+1	3,500E+3	3,508E+3
586,117	0,184	0,000	1,029E+1	2,400E+1	3,500E+3	3,493E+3
587,118	0,184	0,000	1,029E+1	2,400E+1	3,500E+3	3,508E+3
588,118	0,184	0,000	1,030E+1	2,400E+1	3,500E+3	3,504E+3
589,118	0,184	0,000	1,029E+1	2,400E+1	3,500E+3	3,504E+3
590,118	0,184	0,000	1,029E+1	2,400E+1	3,500E+3	3,492E+3
591,118	0,184	0,000	1,029E+1	2,400E+1	3,500E+3	3,496E+3
592,118	0,184	0,000	1,030E+1	2,400E+1	3,500E+3	3,499E+3
593,118	0,184	0,000	1,029E+1	2,400E+1	3,500E+3	3,501E+3
594,119	0,184	0,000	1,029E+1	2,400E+1	3,500E+3	3,501E+3
595,119	0,184	0,000	1,030E+1	2,400E+1	3,500E+3	3,501E+3
596,119	0,184	0,000	1,030E+1	2,400E+1	3,500E+3	3,507E+3
597,119	0,184	0,000	1,030E+1	2,400E+1	3,500E+3	3,492E+3
598,120	0,184	0,000	1,030E+1	2,400E+1	3,500E+3	3,495E+3
599,121	0,184	0,000	1,030E+1	2,400E+1	3,500E+3	3,514E+3
600,120	0,184	0,000	1,030E+1	2,400E+1	3,500E+3	3,510E+3
601,121	0,184	0,000	1,030E+1	2,400E+1	3,500E+3	3,516E+3
602,122	0,184	0,000	1,030E+1	2,400E+1	3,500E+3	3,519E+3
603,122	0,184	0,000	1,031E+1	2,400E+1	3,500E+3	3,521E+3
604,122	0,184	0,000	1,031E+1	2,400E+1	3,500E+3	3,503E+3
605,123	0,184	0,000	1,031E+1	2,400E+1	3,500E+3	3,498E+3
606,123	0,184	0,000	1,031E+1	2,400E+1	3,500E+3	3,484E+3
607,123	0,184	0,000	1,032E+1	2,400E+1	3,500E+3	3,489E+3
608,123	0,184	0,000	1,031E+1	2,400E+1	3,500E+3	3,487E+3
609,124	0,184	0,000	1,031E+1	2,400E+1	3,500E+3	3,489E+3
610,124	0,184	0,000	1,032E+1	2,400E+1	3,500E+3	3,501E+3
611,125	0,184	0,000	1,032E+1	2,400E+1	3,500E+3	3,504E+3
612,125	0,184	0,000	1,032E+1	2,400E+1	3,500E+3	3,498E+3
613,125	0,184	0,000	1,032E+1	2,400E+1	3,500E+3	3,498E+3
614,125	0,184	0,000	1,032E+1	2,400E+1	3,500E+3	3,493E+3
615,125	0,184	0,000	1,032E+1	2,400E+1	3,500E+3	3,500E+3
616,126	0,184	0,000	1,033E+1	2,400E+1	3,500E+3	3,489E+3
617,126	0,184	0,000	1,032E+1	2,400E+1	3,500E+3	3,516E+3
618,127	0,184	0,000	1,032E+1	2,400E+1	3,500E+3	3,504E+3
619,128	0,184	0,000	1,032E+1	2,400E+1	3,500E+3	3,497E+3
620,128	0,184	0,000	1,032E+1	2,400E+1	3,500E+3	3,498E+3
621,128	0,184	0,000	1,033E+1	2,400E+1	3,500E+3	3,500E+3
622,127	0,184	0,000	1,033E+1	2,400E+1	3,500E+3	3,498E+3
623,128	0,184	0,000	1,034E+1	2,400E+1	3,500E+3	3,500E+3
624,128	0,184	0,000	1,034E+1	2,400E+1	3,500E+3	3,490E+3
625,128	0,184	0,000	1,034E+1	2,400E+1	3,500E+3	3,504E+3
626,128	0,184	0,000	1,033E+1	2,400E+1	3,500E+3	3,502E+3
627,128	0,184	0,000	1,033E+1	2,400E+1	3,500E+3	3,515E+3
628,129	0,184	0,000	1,034E+1	2,400E+1	3,500E+3	3,493E+3
629,128	0,184	0,000	1,034E+1	2,400E+1	3,500E+3	3,488E+3
630,129	0,184	0,000	1,034E+1	2,400E+1	3,500E+3	3,503E+3
631,129	0,184	0,000	1,034E+1	2,400E+1	3,500E+3	3,492E+3
632,129	0,184	0,000	1,034E+1	2,400E+1	3,500E+3	3,475E+3
633,129	0,184	0,000	1,034E+1	2,400E+1	3,500E+3	3,506E+3
634,129	0,184	0,000	1,034E+1	2,400E+1	3,500E+3	3,493E+3
635,129	0,184	0,000	1,034E+1	2,400E+1	3,500E+3	3,505E+3
636,128	0,184	0,000	1,035E+1	2,400E+1	3,500E+3	3,506E+3
637,129	0,184	0,000	1,035E+1	2,400E+1	3,500E+3	3,508E+3
638,129	0,184	0,000	1,035E+1	2,400E+1	3,500E+3	3,490E+3
639,129	0,184	0,000	1,035E+1	2,400E+1	3,500E+3	3,494E+3
640,129	0,184	0,000	1,035E+1	2,400E+1	3,500E+3	3,503E+3
641,129	0,184	0,000	1,035E+1	2,400E+1	3,500E+3	3,503E+3
642,129	0,184	0,000	1,035E+1	2,400E+1	3,500E+3	3,492E+3
643,129	0,184	0,000	1,035E+1	2,400E+1	3,500E+3	3,517E+3
644,129	0,184	0,000	1,036E+1	2,400E+1	3,500E+3	3,519E+3
645,129	0,184	0,000	1,037E+1	2,400E+1	3,500E+3	3,506E+3
646,130	0,184	0,000	1,035E+1	2,400E+1	3,500E+3	3,498E+3
647,130	0,184	0,000	1,035E+1	2,400E+1	3,500E+3	3,490E+3
648,131	0,184	0,000	1,036E+1	2,400E+1	3,500E+3	3,490E+3
649,132	0,184	0,000	1,035E+1	2,400E+1	3,500E+3	3,498E+3
650,132	0,184	0,000	1,035E+1	2,400E+1	3,500E+3	3,506E+3
651,132	0,184	0,000	1,036E+1	2,400E+1	3,500E+3	3,511E+3
652,132	0,184	0,000	1,037E+1	2,400E+1	3,500E+3	3,502E+3
653,132	0,184	0,000	1,037E+1	2,400E+1	3,500E+3	3,507E+3
654,132	0,184	0,000	1,036E+1	2,400E+1	3,500E+3	3,511E+3
655,132	0,184	0,000	1,037E+1	2,400E+1	3,500E+3	3,500E+3
656,133	0,184	0,000	1,037E+1	2,400E+1	3,500E+3	3,491E+3
657,133	0,184	0,000	1,037E+1	2,400E+1	3,500E+3	3,503E+3
658,133	0,184	0,000	1,038E+1	2,400E+1	3,500E+3	3,502E+3
659,133	0,184	0,000	1,038E+1	2,400E+1	3,500E+3	3,506E+3
660,133	0,184	0,000	1,037E+1	2,400E+1	3,500E+3	3,515E+3
661,133	0,184	0,000	1,037E+1	2,400E+1	3,500E+3	3,512E+3
662,133	0,184	0,000	1,037E+1	2,400E+1	3,500E+3	3,497E+3
663,134	0,184	0,000	1,037E+1	2,400E+1	3,500E+3	3,486E+3
664,134	0,184	0,000	1,037E+1	2,400E+1	3,500E+3	3,509E+3
665,135	0,184	0,000	1,037E+1	2,400E+1	3,500E+3	3,503E+3
666,135	0,184	0,000	1,037E+1	2,400E+1	3,500E+3	3,487E+3
667,135	0,184	0,000	1,038E+1	2,400E+1	3,500E+3	3,503E+3
668,135	0,184	0,000	1,038E+1	2,400E+1	3,500E+3	3,525E+3
669,135	0,184	0,000	1,039E+1	2,400E+1	3,500E+3	3,494E+3
670,135	0,184	0,000	1,039E+1	2,400E+1	3,500E+3	3,496E+3
671,135	0,184	0,000	1,038E+1	2,400E+1	3,500E+3	3,505E+3
672,135	0,184	0,000	1,038E+1	2,400E+1	3,500E+3	3,504E+3
673,135	0,184	0,000	1,038E+1	2,400E+1	3,500E+3	3,507E+3
674,135	0,184	0,000	1,038E+1	2,400E+1	3,500E+3	3,498E+3
675,135	0,184	0,000	1,038E+1	2,400E+1	3,500E+3	3,512E+3
676,134	0,184	0,000	1,040E+1	2,400E+1	3,500E+3	3,504E+3
677,136	0,184	0,000	1,040E+1	2,400E+1	3,500E+3	3,503E+3
678,136	0,184	0,000	1,039E+1	2,400E+1	3,500E+3	3,487E+3
679,137	0,184	0,000	1,040E+1	2,400E+1	3,500E+3	3,507E+3
680,137	0,184	0,000	1,040E+1	2,400E+1	3,500E+3	3,514E+3
681,138	0,184	0,000	1,040E+1	2,400E+1	3,500E+3	3,500E+3
682,138	0,184	0,000	1,039E+1	2,400E+1	3,500E+3	3,494E+3
683,138	0,184	0,000	1,039E+1	2,400E+1	3,500E+3	3,506E+3
684,138	0,184	0,000	1,040E+1	2,400E+1	3,500E+3	3,498E+3
685,138	0,184	0,000	1,040E+1	2,400E+1	3,500E+3	3,491E+3
686,138	0,184	0,000	1,040E+1	2,400E+1	3,500E+3	3,508E+3
687,138	0,184	0,000	1,040E+1	2,400E+1	3,500E+3	3,489E+3
688,138	0,184	0,000	1,040E+1	2,400E+1	3,500E+3	3,490E+3
689,139	0,184	0,000	1,040E+1	2,400E+1	3,500E+3	3,507E+3
690,140	0,184	0,000	1,041E+1	2,400E+1	3,500E+3	3,490E+3
691,140	0,184	0,000	1,041E+1	2,400E+1	3,500E+3	3,507E+3
692,141	0,184	0,000	1,041E+1	2,400E+1	3,500E+3	3,501E+3
693,141	0,184	0,000	1,041E+1	2,400E+1	3,500E+3	3,498E+3
694,141	0,184	0,000	1,041E+1	2,400E+1	3,500E+3	3,513E+3
695,141	0,184	0,000	1,041E+1	2,400E+1	3,500E+3	3,498E+3
696,141	0,184	0,000	1,041E+1	2,400E+1	3,500E+3	3,500E+3
697,141	0,184	0,000	1,041E+1	2,400E+1	3,500E+3	3,492E+3
698,142	0,184	0,000	1,041E+1	2,400E+1	3,500E+3	3,503E+3
699,142	0,184	0,000	1,041E+1	2,400E+1	3,500E+3	3,489E+3
700,143	0,184	0,000	1,042E+1	2,400E+1	3,500E+3	3,502E+3
701,144	0,184	0,000	1,042E+1	2,400E+1	3,500E+3	3,492E+3
702,145	0,184	0,000	1,042E+1	2,400E+1	3,500E+3	3,507E+3
703,145	0,184	0,000	1,042E+1	2,400E+1	3,500E+3	3,505E+3
704,144	0,184	0,000	1,042E+1	2,400E+1	3,500E+3	3,500E+3
705,146	0,184	0,000	1,042E+1	2,400E+1	3,500E+3	3,490E+3
706,146	0,184	0,000	1,042E+1	2,400E+1	3,500E+3	3,505E+3
707,146	0,184	0,000	1,042E+1	2,400E+1	3,500E+3	3,491E+3
708,146	0,184	0,000	1,042E+1	2,400E+1	3,500E+3	3,504E+3
709,146	0,184	0,000	1,042E+1	2,400E+1	3,500E+3	3,503E+3
710,146	0,184	0,000	1,042E+1	2,400E+1	3,500E+3	3,496E+3
711,145	0,184	0,000	1,042E+1	2,400E+1	3,500E+3	3,507E+3
712,146	0,184	0,000	1,042E+1	2,400E+1	3,500E+3	3,498E+3
713,146	0,184	0,000	1,043E+1	2,400E+1	3,500E+3	3,509E+3
714,146	0,184	0,000	1,043E+1	2,400E+1	3,500E+3	3,486E+3
715,146	0,184	0,000	1,043E+1	2,400E+1	3,500E+3	3,513E+3
716,147	0,184	0,000	1,043E+1	2,400E+1	3,500E+3	3,498E+3
717,147	0,184	0,000	1,043E+1	2,400E+1	3,500E+3	3,498E+3
718,146	0,184	0,000	1,044E+1	2,400E+1	3,500E+3	3,489E+3
719,147	0,183	0,000	1,044E+1	2,400E+1	3,500E+3	3,487E+3
720,148	0,183	0,000	1,044E+1	2,400E+1	3,500E+3	3,500E+3
721,148	0,184	0,000	1,043E+1	2,400E+1	3,500E+3	3,497E+3
722,148	0,184	0,000	1,044E+1	2,400E+1	3,500E+3	3,512E+3
723,148	0,184	0,000	1,044E+1	2,400E+1	3,500E+3	3,494E+3
724,148	0,184	0,000	1,044E+1	2,400E+1	3,500E+3	3,495E+3
725,148	0,184	0,000	1,044E+1	2,400E+1	3,500E+3	3,503E+3
726,148	0,184	0,000	1,044E+1	2,400E+1	3,500E+3	3,491E+3
727,148	0,184	0,000	1,044E+1	2,400E+1	3,500E+3	3,498E+3
728,148	0,184	0,000	1,044E+1	2,400E+1	3,500E+3	3,498E+3
729,148	0,184	0,000	1,045E+1	2,400E+1	3,500E+3	3,508E+3
730,148	0,184	0,000	1,045E+1	2,400E+1	3,500E+3	3,506E+3
731,148	0,184	0,000	1,045E+1	2,400E+1	3,500E+3	3,498E+3
732,148	0,184	0,000	1,045E+1	2,400E+1	3,500E+3	3,505E+3
733,148	0,184	0,000	1,045E+1	2,400E+1	3,500E+3	3,498E+3
734,148	0,184	0,000	1,045E+1	2,400E+1	3,500E+3	3,491E+3
735,148	0,184	0,000	1,045E+1	2,400E+1	3,500E+3	3,491E+3
736,148	0,184	0,000	1,046E+1	2,400E+1	3,500E+3	3,508E+3
737,148	0,184	0,000	1,046E+1	2,400E+1	3,500E+3	3,494E+3
738,148	0,183	0,000	1,045E+1	2,400E+1	3,500E+3	3,501E+3
739,149	0,184	0,000	1,045E+1	2,400E+1	3,500E+3	3,498E+3
740,149	0,184	0,000	1,045E+1	2,400E+1	3,500E+3	3,493E+3
741,150	0,183	0,000	1,045E+1	2,400E+1	3,500E+3	3,506E+3
742,150	0,183	0,000	1,046E+1	2,400E+1	3,500E+3	3,498E+3
743,151	0,183	0,000	1,046E+1	2,400E+1	3,500E+3	3,509E+3
744,151	0,183	0,000	1,046E+1	2,400E+1	3,500E+3	3,487E+3
745,151	0,184	0,000	1,046E+1	2,400E+1	3,500E+3	3,512E+3
746,152	0,184	0,000	1,046E+1	2,400E+1	3,500E+3	3,497E+3
747,152	0,184	0,000	1,047E+1	2,400E+1	3,500E+3	3,509E+3
748,153	0,184	0,000	1,047E+1	2,400E+1	3,500E+3	3,506E+3
749,153	0,183	0,000	1,046E+1	2,400E+1	3,500E+3	3,505E+3
750,153	0,183	0,000	1,046E+1	2,400E+1	3,500E+3	3,498E+3
751,153	0,183	0,000	1,046E+1	2,400E+1	3,500E+3	3,499E+3
752,153	0,183	0,000	1,046E+1	2,400E+1	3,500E+3	3,503E+3
753,153	0,183	0,000	1,046E+1	2,400E+1	3,500E+3	3,506E+3
754,152	0,183	0,000	1,047E+1	2,400E+1	3,500E+3	3,491E+3
755,153	0,183	0,000	1,046E+1	2,400E+1	3,500E+3	3,516E+3
756,154	0,184	0,000	1,047E+1	2,400E+1	3,500E+3	3,504E+3
757,154	0,184	0,000	1,047E+1	2,400E+1	3,500E+3	3,496E+3
758,155	0,183	0,000	1,047E+1	2,400E+1	3,500E+3	3,498E+3
759,155	0,183	0,000	1,048E+1	2,400E+1	3,500E+3	3,497E+3
760,155	0,183	0,000	1,048E+1	2,400E+1	3,500E+3	3,492E+3
761,154	0,183	0,000	1,048E+1	2,400E+1	3,500E+3	3,502E+3
762,155	0,183	0,000	1,048E+1	2,400E+1	3,500E+3	3,487E+3
763,155	0,183	0,000	1,048E+1	2,400E+1	3,500E+3	3,502E+3
764,155	0,183	0,000	1,048E+1	2,400E+1	3,500E+3	3,493E+3
765,155	0,183	0,000	1,048E+1	2,400E+1	3,500E+3	3,498E+3
766,155	0,183	0,000	1,048E+1	2,400E+1	3,500E+3	3,507E+3
767,155	0,183	0,000	1,048E+1	2,400E+1	3,500E+3	3,498E+3
768,155	0,183	0,000	1,048E+1	2,400E+1	3,500E+3	3,507E+3
769,156	0,183	0,000	1,048E+1	2,400E+1	3,500E+3	3,497E+3
770,157	0,183	0,000	1,048E+1	2,400E+1	3,500E+3	3,511E+3
771,157	0,183	0,000	1,048E+1	2,400E+1	3,500E+3	3,497E+3
772,158	0,183	0,000	1,048E+1	2,400E+1	3,500E+3	3,489E+3
773,158	0,183	0,000	1,048E+1	2,400E+1	3,500E+3	3,507E+3
774,158	0,183	0,000	1,049E+1	2,400E+1	3,500E+3	3,498E+3
775,159	0,183	0,000	1,049E+1	2,400E+1	3,500E+3	3,503E+3
776,159	0,183	0,000	1,049E+1	2,400E+1	3,500E+3	3,504E+3
777,160	0,183	0,000	1,049E+1	2,400E+1	3,500E+3	3,495E+3
778,161	0,183	0,000	1,049E+1	2,400E+1	3,500E+3	3,493E+3
779,162	0,183	0,000	1,049E+1	2,400E+1	3,500E+3	3,494E+3
780,161	0,183	0,000	1,049E+1	2,400E+1	3,500E+3	3,479E+3
781,162	0,183	0,000	1,049E+1	2,400E+1	3,500E+3	3,493E+3
782,162	0,183	0,000	1,049E+1	2,400E+1	3,500E+3	3,503E+3
783,162	0,183	0,000	1,050E+1	2,400E+1	3,500E+3	3,510E+3
784,162	0,183	0,000	1,050E+1	2,400E+1	3,500E+3	3,497E+3
785,163	0,183	0,000	1,050E+1	2,400E+1	3,500E+3	3,494E+3
786,163	0,183	0,000	1,050E+1	2,400E+1	3,500E+3	3,533E+3
787,162	0,183	0,000	1,050E+1	2,400E+1	3,500E+3	3,495E+3
788,163	0,183	0,000	1,050E+1	2,400E+1	3,500E+3	3,506E+3
789,163	0,183	0,000	1,050E+1	2,400E+1	3,500E+3	3,497E+3
790,163	0,183	0,000	1,050E+1	2,400E+1	3,500E+3	3,503E+3
791,163	0,183	0,000	1,050E+1	2,400E+1	3,500E+3	3,498E+3
792,163	0,183	0,000	1,050E+1	2,400E+1	3,500E+3	3,498E+3
793,164	0,183	0,000	1,050E+1	2,400E+1	3,500E+3	3,510E+3
794,164	0,183	0,000	1,050E+1	2,400E+1	3,500E+3	3,506E+3
795,165	0,183	0,000	1,050E+1	2,400E+1	3,500E+3	3,503E+3
796,165	0,183	0,000	1,050E+1	2,400E+1	3,500E+3	3,490E+3
797,165	0,183	0,000	1,051E+1	2,400E+1	3,500E+3	3,504E+3
798,165	0,183	0,000	1,051E+1	2,400E+1	3,500E+3	3,506E+3
799,165	0,183	0,000	1,051E+1	2,400E+1	3,500E+3	3,501E+3
800,165	0,183	0,000	1,050E+1	2,400E+1	3,500E+3	3,504E+3
801,164	0,183	0,000	1,051E+1	2,400E+1	3,500E+3	3,497E+3
802,166	0,183	0,000	1,051E+1	2,400E+1	3,500E+3	3,517E+3
803,167	0,183	0,000	1,052E+1	2,400E+1	3,500E+3	3,498E+3
804,167	0,183	0,000	1,052E+1	2,400E+1	3,500E+3	3,507E+3
805,167	0,183	0,000	1,052E+1	2,400E+1	3,500E+3	3,510E+3
806,167	0,183	0,000	1,052E+1	2,400E+1	3,500E+3	3,499E+3
807,168	0,183	0,000	1,052E+1	2,400E+1	3,500E+3	3,507E+3
808,168	0,183	0,000	1,051E+1	2,400E+1	3,500E+3	3,498E+3
809,169	0,183	0,000	1,051E+1	2,400E+1	3,500E+3	3,502E+3
810,169	0,183	0,000	1,052E+1	2,400E+1	3,500E+3	3,514E+3
811,169	0,183	0,000	1,052E+1	2,400E+1	3,500E+3	3,510E+3
812,170	0,183	0,000	1,052E+1	2,400E+1	3,500E+3	3,506E+3
813,169	0,183	0,000	1,052E+1	2,400E+1	3,500E+3	3,488E+3
814,171	0,183	0,000	1,052E+1	2,400E+1	3,500E+3	3,507E+3
815,171	0,183	0,000	1,053E+1	2,400E+1	3,500E+3	3,487E+3
816,171	0,183	0,000	1,053E+1	2,400E+1	3,500E+3	3,494E+3
817,171	0,183	0,000	1,053E+1	2,400E+1	3,500E+3	3,499E+3
818,171	0,183	0,000	1,053E+1	2,400E+1	3,500E+3	3,489E+3
819,171	0,183	0,000	1,053E+1	2,400E+1	3,500E+3	3,512E+3
820,171	0,183	0,000	1,052E+1	2,400E+1	3,500E+3	3,502E+3
821,173	0,183	0,000	1,052E+1	2,400E+1	3,500E+3	3,514E+3
822,173	0,183	0,000	1,054E+1	2,400E+1	3,500E+3	3,503E+3
823,173	0,183	0,000	1,053E+1	2,400E+1	3,500E+3	3,497E+3
824,173	0,183	0,000	1,053E+1	2,400E+1	3,500E+3	3,484E+3
825,173	0,183	0,000	1,053E+1	2,400E+1	3,500E+3	3,514E+3
826,173	0,183	0,000	1,053E+1	2,400E+1	3,500E+3	3,499E+3
827,172	0,183	0,000	1,053E+1	2,400E+1	3,500E+3	3,489E+3
828,173	0,183	0,000	1,053E+1	2,400E+1	3,500E+3	3,490E+3
829,173	0,183	0,000	1,054E+1	2,400E+1	3,500E+3	3,507E+3
830,174	0,183	0,000	1,054E+1	2,400E+1	3,500E+3	3,485E+3
831,174	0,183	0,000	1,054E+1	2,400E+1	3,500E+3	3,506E+3
832,175	0,183	0,000	1,055E+1	2,400E+1	3,500E+3	3,512E+3
833,175	0,183	0,000	1,055E+1	2,400E+1	3,500E+3	3,489E+3
834,174	0,183	0,000	1,054E+1	2,400E+1	3,500E+3	3,499E+3
835,175	0,183	0,000	1,054E+1	2,400E+1	3,500E+3	3,494E+3
836,175	0,183	0,000	1,054E+1	2,400E+1	3,500E+3	3,497E+3
837,175	0,183	0,000	1,055E+1	2,400E+1	3,500E+3	3,510E+3
838,175	0,183	0,000	1,054E+1	2,400E+1	3,500E+3	3,493E+3
839,175	0,183	0,000	1,054E+1	2,400E+1	3,500E+3	3,481E+3
840,175	0,183	0,000	1,054E+1	2,400E+1	3,500E+3	3,512E+3
841,174	0,183	0,000	1,054E+1	2,400E+1	3,500E+3	3,502E+3
842,175	0,183	0,000	1,055E+1	2,400E+1	3,500E+3	3,501E+3
843,175	0,183	0,000	1,055E+1	2,400E+1	3,500E+3	3,504E+3
844,176	0,183	0,000	1,055E+1	2,400E+1	3,500E+3	3,512E+3
845,176	0,183	0,000	1,055E+1	2,400E+1	3,500E+3	3,501E+3
846,175	0,183	0,000	1,055E+1	2,400E+1	3,500E+3	3,509E+3
847,176	0,183	0,000	1,056E+1	2,400E+1	3,500E+3	3,498E+3
848,176	0,183	0,000	1,056E+1	2,400E+1	3,500E+3	3,509E+3
849,176	0,183	0,000	1,055E+1	2,400E+1	3,500E+3	3,503E+3
850,176	0,183	0,000	1,055E+1	2,400E+1	3,500E+3	3,502E+3
851,176	0,183	0,000	1,056E+1	2,400E+1	3,500E+3	3,487E+3
852,176	0,183	0,000	1,056E+1	2,400E+1	3,500E+3	3,494E+3
853,177	0,183	0,000	1,056E+1	2,400E+1	3,500E+3	3,486E+3
854,177	0,183	0,000	1,056E+1	2,400E+1	3,500E+3	3,505E+3
855,177	0,183	0,000	1,056E+1	2,400E+1	3,500E+3	3,513E+3
856,177	0,183	0,000	1,056E+1	2,400E+1	3,500E+3	3,485E+3
857,178	0,183	0,000	1,056E+1	2,400E+1	3,500E+3	3,500E+3
858,178	0,183	0,000	1,057E+1	2,400E+1	3,500E+3	3,490E+3
859,178	0,183	0,000	1,057E+1	2,400E+1	3,500E+3	3,459E+3
860,177	0,183	0,000	1,057E+1	2,400E+1	3,500E+3	3,498E+3
861,178	0,183	0,000	1,057E+1	2,400E+1	3,500E+3	3,498E+3
862,178	0,183	0,000	1,057E+1	2,400E+1	3,500E+3	3,498E+3
863,178	0,183	0,000	1,057E+1	2,400E+1	3,500E+3	3,499E+3
864,178	0,183	0,000	1,057E+1	2,400E+1	3,500E+3	3,513E+3
865,178	0,183	0,000	1,058E+1	2,400E+1	3,500E+3	3,502E+3
866,178	0,183	0,000	1,057E+1	2,400E+1	3,500E+3	3,498E+3
867,177	0,183	0,000	1,057E+1	2,400E+1	3,500E+3	3,498E+3
868,178	0,183	0,000	1,057E+1	2,400E+1	3,500E+3	3,497E+3
869,178	0,183	0,000	1,057E+1	2,400E+1	3,500E+3	3,493E+3
870,178	0,183	0,000	1,057E+1	2,400E+1	3,500E+3	3,500E+3
871,179	0,183	0,000	1,057E+1	2,400E+1	3,500E+3	3,497E+3
872,179	0,183	0,000	1,057E+1	2,400E+1	3,500E+3	3,498E+3
873,179	0,183	0,000	1,058E+1	2,400E+1	3,500E+3	3,492E+3
874,179	0,183	0,000	1,058E+1	2,400E+1	3,500E+3	3,501E+3
875,179	0,183	0,000	1,057E+1	2,400E+1	3,500E+3	3,510E+3
876,179	0,183	0,000	1,058E+1	2,400E+1	3,500E+3	3,503E+3
877,179	0,183	0,000	1,058E+1	2,400E+1	3,500E+3	3,499E+3
878,179	0,183	0,000	1,058E+1	2,400E+1	3,500E+3	3,503E+3
879,179	0,183	0,000	1,058E+1	2,400E+1	3,500E+3	3,513E+3
880,179	0,183	0,000	1,058E+1	2,400E+1	3,500E+3	3,502E+3
881,179	0,183	0,000	1,058E+1	2,400E+1	3,500E+3	3,494E+3
882,180	0,183	0,000	1,058E+1	2,400E+1	3,500E+3	3,495E+3
883,180	0,183	0,000	1,058E+1	2,400E+1	3,500E+3	3,507E+3
884,180	0,183	0,000	1,059E+1	2,400E+1	3,500E+3	3,502E+3
885,181	0,183	0,000	1,059E+1	2,400E+1	3,500E+3	3,494E+3
886,180	0,183	0,000	1,059E+1	2,400E+1	3,500E+3	3,489E+3
887,181	0,183	0,000	1,059E+1	2,400E+1	3,500E+3	3,493E+3
888,181	0,183	0,000	1,059E+1	2,400E+1	3,500E+3	3,488E+3
889,181	0,183	0,000	1,059E+1	2,400E+1	3,500E+3	3,499E+3
890,181	0,183	0,000	1,059E+1	2,400E+1	3,500E+3	3,499E+3
891,181	0,183	0,000	1,060E+1	2,400E+1	3,500E+3	3,516E+3
892,181	0,183	0,000	1,060E+1	2,400E+1	3,500E+3	3,498E+3
893,181	0,183	0,000	1,059E+1	2,400E+1	3,500E+3	3,491E+3
894,182	0,183	0,000	1,059E+1	2,400E+1	3,500E+3	3,495E+3
895,183	0,183	0,000	1,059E+1	2,400E+1	3,500E+3	3,504E+3
896,183	0,183	0,000	1,060E+1	2,400E+1	3,500E+3	3,493E+3
897,183	0,183	0,000	1,060E+1	2,400E+1	3,500E+3	3,494E+3
898,182	0,183	0,000	1,060E+1	2,400E+1	3,500E+3	3,505E+3
899,183	0,183	0,000	1,060E+1	2,400E+1	3,500E+3	3,507E+3
900,183	0,183	0,000	1,060E+1	2,400E+1	3,500E+3	3,503E+3
901,183	0,183	0,000	1,060E+1	2,400E+1	3,500E+3	3,513E+3
902,183	0,183	0,000	1,060E+1	2,400E+1	3,500E+3	3,503E+3
903,183	0,183	0,000	1,060E+1	2,400E+1	3,500E+3	3,494E+3
904,183	0,183	0,000	1,060E+1	2,400E+1	3,500E+3	3,498E+3
905,183	0,183	0,000	1,060E+1	2,400E+1	3,500E+3	3,501E+3
906,182	0,183	0,000	1,060E+1	2,400E+1	3,500E+3	3,490E+3
907,183	0,183	0,000	1,060E+1	2,400E+1	3,500E+3	3,507E+3
908,183	0,183	0,000	1,060E+1	2,400E+1	3,500E+3	3,488E+3
909,183	0,183	0,000	1,061E+1	2,400E+1	3,500E+3	3,510E+3
910,184	0,183	0,000	1,061E+1	2,400E+1	3,500E+3	3,498E+3
911,183	0,183	0,000	1,061E+1	2,400E+1	3,500E+3	3,486E+3
912,185	0,183	0,000	1,061E+1	2,400E+1	3,500E+3	3,503E+3
913,185	0,183	0,000	1,061E+1	2,400E+1	3,500E+3	3,503E+3
914,185	0,183	0,000	1,061E+1	2,400E+1	3,500E+3	3,462E+3
915,186	0,183	0,000	1,061E+1	2,400E+1	3,500E+3	3,507E+3
916,186	0,183	0,000	1,061E+1	2,400E+1	3,500E+3	3,512E+3
917,186	0,183	0,000	1,061E+1	2,400E+1	3,500E+3	3,504E+3
918,186	0,183	0,000	1,061E+1	2,400E+1	3,500E+3	3,510E+3
919,186	0,183	0,000	1,061E+1	2,400E+1	3,500E+3	3,503E+3
920,187	0,183	0,000	1,061E+1	2,400E+1	3,500E+3	3,503E+3
921,188	0,183	0,000	1,061E+1	2,400E+1	3,500E+3	3,500E+3
922,188	0,183	0,000	1,061E+1	2,400E+1	3,500E+3	3,511E+3
923,188	0,183	0,000	1,062E+1	2,400E+1	3,500E+3	3,500E+3
924,187	0,183	0,000	1,061E+1	2,400E+1	3,500E+3	3,494E+3
925,189	0,183	0,000	1,061E+1	2,400E+1	3,500E+3	3,498E+3
926,189	0,183	0,000	1,062E+1	2,400E+1	3,500E+3	3,513E+3
927,190	0,183	0,000	1,061E+1	2,400E+1	3,500E+3	3,513E+3
928,191	0,183	0,000	1,061E+1	2,400E+1	3,500E+3	3,502E+3
929,190	0,183	0,000	1,061E+1	2,400E+1	3,500E+3	3,509E+3
930,191	0,183	0,000	1,061E+1	2,400E+1	3,500E+3	3,513E+3
931,191	0,183	0,000	1,062E+1	2,400E+1	3,500E+3	3,513E+3
932,191	0,183	0,000	1,062E+1	2,400E+1	3,500E+3	3,490E+3
933,192	0,183	0,000	1,062E+1	2,400E+1	3,500E+3	3,494E+3
934,193	0,183	0,000	1,062E+1	2,400E+1	3,500E+3	3,496E+3
935,192	0,183	0,000	1,062E+1	2,400E+1	3,500E+3	3,498E+3
936,193	0,183	0,000	1,062E+1	2,400E+1	3,500E+3	3,506E+3
937,193	0,183	0,000	1,062E+1	2,400E+1	3,500E+3	3,491E+3
938,193	0,183	0,000	1,062E+1	2,400E+1	3,500E+3	3,498E+3
939,193	0,183	0,000	1,063E+1	2,400E+1	3,500E+3	3,502E+3
940,193	0,183	0,000	1,063E+1	2,400E+1	3,500E+3	3,485E+3
941,194	0,183	0,000	1,063E+1	2,400E+1	3,500E+3	3,511E+3
942,194	0,183	0,000	1,063E+1	2,400E+1	3,500E+3	3,489E+3
943,195	0,183	0,000	1,063E+1	2,400E+1	3,500E+3	3,511E+3
944,195	0,183	0,000	1,063E+1	2,400E+1	3,500E+3	3,502E+3
945,196	0,183	0,000	1,063E+1	2,400E+1	3,500E+3	3,494E+3
946,197	0,183	0,000	1,063E+1	2,400E+1	3,500E+3	3,486E+3
947,197	0,183	0,000	1,063E+1	2,400E+1	3,500E+3	3,482E+3
948,197	0,183	0,000	1,063E+1	2,400E+1	3,500E+3	3,500E+3
949,197	0,183	0,000	1,063E+1	2,400E+1	3,500E+3	3,494E+3
950,199	0,183	0,000	1,064E+1	2,400E+1	3,500E+3	3,507E+3
951,199	0,183	0,000	1,064E+1	2,400E+1	3,500E+3	3,499E+3
952,199	0,183	0,000	1,064E+1	2,400E+1	3,500E+3	3,507E+3
953,199	0,183	0,000	1,064E+1	2,400E+1	3,500E+3	3,494E+3
954,199	0,183	0,000	1,064E+1	2,400E+1	3,500E+3	3,509E+3
955,199	0,183	0,000	1,065E+1	2,400E+1	3,500E+3	3,489E+3
956,198	0,183	0,000	1,065E+1	2,400E+1	3,500E+3	3,494E+3
957,199	0,183	0,000	1,064E+1	2,400E+1	3,500E+3	3,492E+3
958,199	0,183	0,000	1,064E+1	2,400E+1	3,500E+3	3,497E+3
959,199	0,183	0,000	1,064E+1	2,400E+1	3,500E+3	3,508E+3
960,199	0,183	0,000	1,064E+1	2,400E+1	3,500E+3	3,495E+3
961,199	0,183	0,000	1,065E+1	2,400E+1	3,500E+3	3,505E+3
962,200	0,183	0,000	1,064E+1	2,400E+1	3,500E+3	3,489E+3
963,200	0,183	0,000	1,065E+1	2,400E+1	3,500E+3	3,511E+3
964,201	0,183	0,000	1,065E+1	2,400E+1	3,500E+3	3,503E+3
965,201	0,183	0,000	1,065E+1	2,400E+1	3,500E+3	3,484E+3
966,201	0,183	0,000	1,065E+1	2,400E+1	3,500E+3	3,499E+3
967,201	0,183	0,000	1,065E+1	2,400E+1	3,500E+3	3,505E+3
968,201	0,183	0,000	1,065E+1	2,400E+1	3,500E+3	3,501E+3
969,201	0,183	0,000	1,065E+1	2,400E+1	3,500E+3	3,494E+3
970,201	0,183	0,000	1,065E+1	2,400E+1	3,500E+3	3,525E+3
971,201	0,183	0,000	1,065E+1	2,400E+1	3,500E+3	3,498E+3
972,201	0,183	0,000	1,065E+1	2,400E+1	3,500E+3	3,495E+3
973,201	0,183	0,000	1,065E+1	2,400E+1	3,500E+3	3,505E+3
974,201	0,183	0,000	1,065E+1	2,400E+1	3,500E+3	3,511E+3
975,202	0,183	0,000	1,066E+1	2,400E+1	3,500E+3	3,499E+3
976,202	0,183	0,000	1,066E+1	2,400E+1	3,500E+3	3,506E+3
977,202	0,183	0,000	1,066E+1	2,400E+1	3,500E+3	3,504E+3
978,201	0,183	0,000	1,066E+1	2,400E+1	3,500E+3	3,499E+3
979,202	0,183	0,000	1,066E+1	2,400E+1	3,500E+3	3,487E+3
980,203	0,183	0,000	1,066E+1	2,400E+1	3,500E+3	3,501E+3
981,203	0,183	0,000	1,066E+1	2,400E+1	3,500E+3	3,495E+3
982,203	0,183	0,000	1,066E+1	2,400E+1	3,500E+3	3,498E+3
983,203	0,183	0,000	1,066E+1	2,400E+1	3,500E+3	3,501E+3
984,203	0,183	0,000	1,066E+1	2,400E+1	3,500E+3	3,492E+3
985,202	0,183	0,000	1,067E+1	2,400E+1	3,500E+3	3,500E+3
986,203	0,183	0,000	1,067E+1	2,400E+1	3,500E+3	3,501E+3
987,204	0,183	0,000	1,066E+1	2,400E+1	3,500E+3	3,512E+3
988,204	0,183	0,000	1,066E+1	2,400E+1	3,500E+3	3,499E+3
989,204	0,183	0,000	1,066E+1	2,400E+1	3,500E+3	3,485E+3
990,205	0,183	0,000	1,067E+1	2,400E+1	3,500E+3	3,500E+3
991,206	0,183	0,000	1,068E+1	2,400E+1	3,500E+3	3,499E+3
992,206	0,183	0,000	1,068E+1	2,400E+1	3,500E+3	3,498E+3
993,207	0,183	0,000	1,066E+1	2,400E+1	3,500E+3	3,497E+3
994,207	0,183	0,000	1,068E+1	2,400E+1	3,500E+3	3,486E+3
995,208	0,183	0,000	1,068E+1	2,400E+1	3,500E+3	3,499E+3
996,208	0,183	0,000	1,068E+1	2,400E+1	3,500E+3	3,504E+3
997,208	0,183	0,000	1,067E+1	2,400E+1	3,500E+3	3,507E+3
998,207	0,183	0,000	1,067E+1	2,400E+1	3,500E+3	3,495E+3
999,208	0,183	0,000	1,067E+1	2,400E+1	3,500E+3	3,495E+3
1000,208	0,183	0,000	1,067E+1	2,400E+1	3,500E+3	3,507E+3
1001,208	0,183	0,000	1,067E+1	2,400E+1	3,500E+3	3,482E+3
1002,208	0,183	0,000	1,067E+1	2,400E+1	3,500E+3	3,503E+3
1003,208	0,183	0,000	1,068E+1	2,400E+1	3,500E+3	3,506E+3
1004,209	0,183	0,000	1,068E+1	2,400E+1	3,500E+3	3,501E+3
1005,209	0,183	0,000	1,068E+1	2,400E+1	3,500E+3	3,502E+3
1006,211	0,183	0,000	1,068E+1	2,400E+1	3,500E+3	3,498E+3
1007,212	0,183	0,000	1,068E+1	2,400E+1	3,500E+3	3,507E+3
1008,212	0,183	0,000	1,068E+1	2,400E+1	3,500E+3	3,488E+3
1009,212	0,183	0,000	1,068E+1	2,400E+1	3,500E+3	3,499E+3
1010,211	0,183	0,000	1,068E+1	2,400E+1	3,500E+3	3,521E+3
1011,213	0,183	0,000	1,068E+1	2,400E+1	3,500E+3	3,500E+3
1012,214	0,183	0,000	1,068E+1	2,400E+1	3,500E+3	3,502E+3
1013,215	0,183	0,000	1,067E+1	2,400E+1	3,500E+3	3,498E+3
1014,215	0,183	0,000	1,069E+1	2,400E+1	3,500E+3	3,495E+3
1015,215	0,183	0,000	1,069E+1	2,400E+1	3,500E+3	3,492E+3
1016,216	0,183	0,000	1,069E+1	2,400E+1	3,500E+3	3,505E+3
1017,217	0,183	0,000	1,069E+1	2,400E+1	3,500E+3	3,497E+3
1018,217	0,183	0,000	1,069E+1	2,400E+1	3,500E+3	3,478E+3
1019,217	0,183	0,000	1,068E+1	2,400E+1	3,500E+3	3,495E+3
1020,218	0,183	0,000	1,069E+1	2,400E+1	3,500E+3	3,510E+3
1021,218	0,183	0,000	1,069E+1	2,400E+1	3,500E+3	3,502E+3
1022,218	0,183	0,000	1,069E+1	2,400E+1	3,500E+3	3,496E+3
1023,218	0,183	0,000	1,070E+1	2,400E+1	3,500E+3	3,505E+3
1024,218	0,183	0,000	1,070E+1	2,400E+1	3,500E+3	3,502E+3
1025,218	0,183	0,000	1,069E+1	2,400E+1	3,500E+3	3,508E+3
1026,219	0,183	0,000	1,070E+1	2,400E+1	3,500E+3	3,503E+3
1027,219	0,183	0,000	1,070E+1	2,400E+1	3,500E+3	3,498E+3
1028,219	0,183	0,000	1,070E+1	2,400E+1	3,500E+3	3,494E+3
1029,219	0,183	0,000	1,070E+1	2,400E+1	3,500E+3	3,498E+3
1030,219	0,183	0,000	1,070E+1	2,400E+1	3,500E+3	3,500E+3
1031,219	0,183	0,000	1,069E+1	2,400E+1	3,500E+3	3,499E+3
1032,219	0,183	0,000	1,069E+1	2,400E+1	3,500E+3	3,485E+3
1033,219	0,183	0,000	1,069E+1	2,400E+1	3,500E+3	3,489E+3
1034,219	0,183	0,000	1,071E+1	2,400E+1	3,500E+3	3,501E+3
1035,220	0,183	0,000	1,071E+1	2,400E+1	3,500E+3	3,499E+3
1036,221	0,183	0,000	1,071E+1	2,400E+1	3,500E+3	3,497E+3
1037,222	0,183	0,000	1,071E+1	2,400E+1	3,500E+3	3,507E+3
1038,222	0,183	0,000	1,071E+1	2,400E+1	3,500E+3	3,487E+3
1039,222	0,183	0,000	1,069E+1	2,400E+1	3,500E+3	3,503E+3
1040,222	0,183	0,000	1,070E+1	2,400E+1	3,500E+3	3,503E+3
1041,222	0,183	0,000	1,070E+1	2,400E+1	3,500E+3	3,481E+3
1042,222	0,183	0,000	1,069E+1	2,400E+1	3,500E+3	3,507E+3
1043,221	0,183	0,000	1,069E+1	2,400E+1	3,500E+3	3,501E+3
1044,222	0,183	0,000	1,071E+1	2,400E+1	3,500E+3	3,483E+3
1045,222	0,183	0,000	1,071E+1	2,400E+1	3,500E+3	3,510E+3
1046,222	0,183	0,000	1,071E+1	2,400E+1	3,500E+3	3,498E+3
1047,222	0,183	0,000	1,071E+1	2,400E+1	3,500E+3	3,510E+3
1048,222	0,183	0,000	1,070E+1	2,400E+1	3,500E+3	3,496E+3
1049,222	0,183	0,000	1,071E+1	2,400E+1	3,500E+3	3,501E+3
1050,221	0,183	0,000	1,071E+1	2,400E+1	3,500E+3	3,511E+3
1051,222	0,183	0,000	1,071E+1	2,400E+1	3,500E+3	3,487E+3
1052,222	0,183	0,000	1,071E+1	2,400E+1	3,500E+3	3,494E+3
1053,222	0,183	0,000	1,071E+1	2,400E+1	3,500E+3	3,493E+3
1054,222	0,183	0,000	1,071E+1	2,400E+1	3,500E+3	3,492E+3
1055,223	0,183	0,000	1,071E+1	2,400E+1	3,500E+3	3,499E+3
1056,224	0,183	0,000	1,071E+1	2,400E+1	3,500E+3	3,497E+3
1057,223	0,183	0,000	1,071E+1	2,400E+1	3,500E+3	3,490E+3
1058,224	0,183	0,000	1,071E+1	2,400E+1	3,500E+3	3,487E+3
1059,224	0,183	0,000	1,071E+1	2,400E+1	3,500E+3	3,512E+3
1060,224	0,183	0,000	1,071E+1	2,400E+1	3,500E+3	3,502E+3
1061,224	0,183	0,000	1,071E+1	2,400E+1	3,500E+3	3,504E+3
1062,223	0,183	0,000	1,071E+1	2,400E+1	3,500E+3	3,498E+3
1063,224	0,183	0,000	1,072E+1	2,400E+1	3,500E+3	3,490E+3
1064,224	0,183	0,000	1,072E+1	2,400E+1	3,500E+3	3,503E+3
1065,224	0,183	0,000	1,071E+1	2,400E+1	3,500E+3	3,511E+3
1066,225	0,183	0,000	1,072E+1	2,400E+1	3,500E+3	3,502E+3
1067,226	0,183	0,000	1,072E+1	2,400E+1	3,500E+3	3,486E+3
1068,227	0,183	0,000	1,071E+1	2,400E+1	3,500E+3	3,494E+3
1069,227	0,183	0,000	1,072E+1	2,400E+1	3,500E+3	3,497E+3
1070,228	0,183	0,000	1,072E+1	2,400E+1	3,500E+3	3,517E+3
1071,229	0,183	0,000	1,072E+1	2,400E+1	3,500E+3	3,498E+3
1072,229	0,183	0,000	1,072E+1	2,400E+1	3,500E+3	3,507E+3
1073,230	0,183	0,000	1,073E+1	2,400E+1	3,500E+3	3,493E+3
1074,230	0,183	0,000	1,073E+1	2,400E+1	3,500E+3	3,497E+3
1075,231	0,183	0,000	1,072E+1	2,400E+1	3,500E+3	3,498E+3
1076,232	0,183	0,000	1,073E+1	2,400E+1	3,500E+3	3,496E+3
1077,231	0,183	0,000	1,073E+1	2,400E+1	3,500E+3	3,504E+3
1078,232	0,183	0,000	1,072E+1	2,400E+1	3,500E+3	3,513E+3
1079,232	0,183	0,000	1,072E+1	2,400E+1	3,500E+3	3,489E+3
1080,232	0,183	0,000	1,072E+1	2,400E+1	3,500E+3	3,503E+3
1081,232	0,183	0,000	1,072E+1	2,400E+1	3,500E+3	3,499E+3
1082,233	0,183	0,000	1,073E+1	2,400E+1	3,500E+3	3,503E+3
1083,233	0,183	0,000	1,073E+1	2,400E+1	3,500E+3	3,488E+3
1084,232	0,183	0,000	1,073E+1	2,400E+1	3,500E+3	3,494E+3
1085,233	0,183	0,000	1,073E+1	2,400E+1	3,500E+3	3,495E+3
1086,234	0,183	0,000	1,073E+1	2,400E+1	3,500E+3	3,491E+3
1087,235	0,183	0,000	1,073E+1	2,400E+1	3,500E+3	3,501E+3
1088,235	0,183	0,000	1,073E+1	2,400E+1	3,500E+3	3,503E+3
1089,235	0,183	0,000	1,073E+1	2,400E+1	3,500E+3	3,489E+3
1090,236	0,183	0,000	1,073E+1	2,400E+1	3,500E+3	3,497E+3
1091,237	0,183	0,000	1,073E+1	2,400E+1	3,500E+3	3,481E+3
1092,237	0,183	0,000	1,073E+1	2,400E+1	3,500E+3	3,501E+3
1093,237	0,183	0,000	1,073E+1	2,400E+1	3,500E+3	3,496E+3
1094,237	0,183	0,000	1,073E+1	2,400E+1	3,500E+3	3,501E+3
1095,237	0,183	0,000	1,074E+1	2,400E+1	3,500E+3	3,489E+3
1096,237	0,183	0,000	1,074E+1	2,400E+1	3,500E+3	3,490E+3
1097,236	0,183	0,000	1,074E+1	2,400E+1	3,500E+3	3,504E+3
1098,238	0,183	0,000	1,075E+1	2,400E+1	3,500E+3	3,494E+3
1099,238	0,183	0,000	1,075E+1	2,400E+1	3,500E+3	3,496E+3
1100,238	0,183	0,000	1,074E+1	2,400E+1	3,500E+3	3,499E+3
1101,239	0,183	0,000	1,074E+1	2,400E+1	3,500E+3	3,494E+3
1102,239	0,183	0,000	1,074E+1	2,400E+1	3,500E+3	3,506E+3
1103,239	0,182	0,000	1,074E+1	2,400E+1	3,500E+3	3,497E+3
1104,240	0,182	0,000	1,074E+1	2,400E+1	3,500E+3	3,494E+3
1105,240	0,183	0,000	1,074E+1	2,400E+1	3,500E+3	3,495E+3
1106,240	0,183	0,000	1,075E+1	2,400E+1	3,500E+3	3,491E+3
1107,240	0,183	0,000	1,075E+1	2,400E+1	3,500E+3	3,502E+3
1108,240	0,182	0,000	1,074E+1	2,400E+1	3,500E+3	3,492E+3
1109,241	0,183	0,000	1,075E+1	2,400E+1	3,500E+3	3,504E+3
1110,241	0,183	0,000	1,075E+1	2,400E+1	3,500E+3	3,484E+3
1111,241	0,182	0,000	1,075E+1	2,400E+1	3,500E+3	3,498E+3
1112,241	0,182	0,000	1,074E+1	2,400E+1	3,500E+3	3,503E+3
1113,241	0,182	0,000	1,074E+1	2,400E+1	3,500E+3	3,501E+3
1114,241	0,183	0,000	1,075E+1	2,400E+1	3,500E+3	3,503E+3
1115,242	0,182	0,000	1,074E+1	2,400E+1	3,500E+3	3,488E+3
1116,243	0,182	0,000	1,074E+1	2,400E+1	3,500E+3	3,523E+3
1117,243	0,182	0,000	1,074E+1	2,400E+1	3,500E+3	3,493E+3
1118,243	0,182	0,000	1,074E+1	2,400E+1	3,500E+3	3,436E+3
1119,243	0,182	0,000	1,074E+1	2,400E+1	3,500E+3	3,475E+3
1120,243	0,183	0,000	1,075E+1	2,400E+1	3,500E+3	3,501E+3
1121,243	0,183	0,000	1,075E+1	2,400E+1	3,500E+3	3,503E+3
1122,243	0,183	0,000	1,075E+1	2,400E+1	3,500E+3	3,503E+3
1123,243	0,182	0,000	1,075E+1	2,400E+1	3,500E+3	3,505E+3
1124,244	0,182	0,000	1,075E+1	2,400E+1	3,500E+3	3,492E+3
1125,244	0,182	0,000	1,076E+1	2,400E+1	3,500E+3	3,507E+3
1126,244	0,182	0,000	1,076E+1	2,400E+1	3,500E+3	3,500E+3
1127,245	0,183	0,000	1,076E+1	2,400E+1	3,500E+3	3,491E+3
1128,245	0,183	0,000	1,076E+1	2,400E+1	3,500E+3	3,498E+3
1129,245	0,183	0,000	1,076E+1	2,400E+1	3,500E+3	3,507E+3
1130,245	0,183	0,000	1,076E+1	2,400E+1	3,500E+3	3,497E+3
1131,245	0,182	0,000	1,076E+1	2,400E+1	3,500E+3	3,494E+3
1132,245	0,182	0,000	1,076E+1	2,400E+1	3,500E+3	3,494E+3
1133,245	0,183	0,000	1,076E+1	2,400E+1	3,500E+3	3,494E+3
1134,246	0,183	0,000	1,076E+1	2,400E+1	3,500E+3	3,498E+3
1135,247	0,183	0,000	1,076E+1	2,400E+1	3,500E+3	3,500E+3
1136,248	0,183	0,000	1,076E+1	2,400E+1	3,500E+3	3,506E+3
1137,249	0,183	0,000	1,076E+1	2,400E+1	3,500E+3	3,493E+3
1138,249	0,183	0,000	1,077E+1	2,400E+1	3,500E+3	3,494E+3
1139,250	0,182	0,000	1,077E+1	2,400E+1	3,500E+3	3,499E+3
1140,249	0,182	0,000	1,076E+1	2,400E+1	3,500E+3	3,503E+3
1141,251	0,182	0,000	1,077E+1	2,400E+1	3,500E+3	3,503E+3
1142,251	0,182	0,000	1,077E+1	2,400E+1	3,500E+3	3,506E+3
1143,251	0,182	0,000	1,077E+1	2,400E+1	3,500E+3	3,512E+3
1144,251	0,182	0,000	1,077E+1	2,400E+1	3,500E+3	3,503E+3
1145,251	0,182	0,000	1,077E+1	2,400E+1	3,500E+3	3,507E+3
1146,250	0,183	0,000	1,077E+1	2,400E+1	3,500E+3	3,500E+3
1147,252	0,183	0,000	1,077E+1	2,400E+1	3,500E+3	3,510E+3
1148,252	0,183	0,000	1,077E+1	2,400E+1	3,500E+3	3,505E+3
1149,252	0,183	0,000	1,077E+1	2,400E+1	3,500E+3	3,508E+3
1150,252	0,182	0,000	1,077E+1	2,400E+1	3,500E+3	3,519E+3
1151,252	0,183	0,000	1,077E+1	2,400E+1	3,500E+3	3,496E+3
1152,252	0,183	0,000	1,077E+1	2,400E+1	3,500E+3	3,512E+3
1153,252	0,183	0,000	1,077E+1	2,400E+1	3,500E+3	3,496E+3
1154,252	0,183	0,000	1,078E+1	2,400E+1	3,500E+3	3,505E+3
1155,252	0,182	0,000	1,078E+1	2,400E+1	3,500E+3	3,512E+3
1156,253	0,182	0,000	1,078E+1	2,400E+1	3,500E+3	3,495E+3
1157,253	0,182	0,000	1,077E+1	2,400E+1	3,500E+3	3,494E+3
1158,254	0,182	0,000	1,077E+1	2,400E+1	3,500E+3	3,508E+3
1159,253	0,182	0,000	1,077E+1	2,400E+1	3,500E+3	3,507E+3
1160,254	0,182	0,000	1,077E+1	2,400E+1	3,500E+3	3,519E+3
1161,254	0,182	0,000	1,078E+1	2,400E+1	3,500E+3	3,499E+3
1162,254	0,182	0,000	1,078E+1	2,400E+1	3,500E+3	3,510E+3
1163,254	0,182	0,000	1,078E+1	2,400E+1	3,500E+3	3,490E+3
1164,254	0,182	0,000	1,078E+1	2,400E+1	3,500E+3	3,496E+3
1165,255	0,182	0,000	1,078E+1	2,400E+1	3,500E+3	3,498E+3
1166,255	0,183	0,000	1,078E+1	2,400E+1	3,500E+3	3,473E+3
1167,256	0,182	0,000	1,078E+1	2,400E+1	3,500E+3	3,499E+3
1168,256	0,182	0,000	1,078E+1	2,400E+1	3,500E+3	3,501E+3
1169,257	0,182	0,000	1,078E+1	2,400E+1	3,500E+3	3,498E+3
1170,258	0,182	0,000	1,078E+1	2,400E+1	3,500E+3	3,498E+3
1171,258	0,182	0,000	1,078E+1	2,400E+1	3,500E+3	3,503E+3
1172,258	0,182	0,000	1,078E+1	2,400E+1	3,500E+3	3,496E+3
1173,259	0,182	0,000	1,079E+1	2,400E+1	3,500E+3	3,504E+3
1174,259	0,182	0,000	1,079E+1	2,400E+1	3,500E+3	3,509E+3
1175,259	0,182	0,000	1,078E+1	2,400E+1	3,500E+3	3,512E+3
1176,259	0,182	0,000	1,079E+1	2,400E+1	3,500E+3	3,494E+3
1177,259	0,182	0,000	1,079E+1	2,400E+1	3,500E+3	3,494E+3
1178,259	0,182	0,000	1,079E+1	2,400E+1	3,500E+3	3,506E+3
1179,259	0,182	0,000	1,079E+1	2,400E+1	3,500E+3	3,502E+3
1180,259	0,182	0,000	1,079E+1	2,400E+1	3,500E+3	3,490E+3
1181,258	0,182	0,000	1,079E+1	2,400E+1	3,500E+3	3,480E+3
1182,259	0,182	0,000	1,079E+1	2,400E+1	3,500E+3	3,493E+3
1183,260	0,182	0,000	1,079E+1	2,400E+1	3,500E+3	3,496E+3
1184,260	0,182	0,000	1,079E+1	2,400E+1	3,500E+3	3,509E+3
1185,260	0,182	0,000	1,079E+1	2,400E+1	3,500E+3	3,498E+3
1186,261	0,182	0,000	1,079E+1	2,400E+1	3,500E+3	3,492E+3
1187,261	0,182	0,000	1,079E+1	2,400E+1	3,500E+3	3,505E+3
1188,262	0,182	0,000	1,079E+1	2,400E+1	3,500E+3	3,498E+3
1189,263	0,182	0,000	1,080E+1	2,400E+1	3,500E+3	3,462E+3
1190,263	0,182	0,000	1,078E+1	2,400E+1	3,500E+3	3,494E+3
1191,263	0,182	0,000	1,078E+1	2,400E+1	3,500E+3	3,479E+3
1192,263	0,182	0,000	1,080E+1	2,400E+1	3,500E+3	3,492E+3
1193,263	0,182	0,000	1,080E+1	2,400E+1	3,500E+3	3,491E+3
1194,265	0,182	0,000	1,080E+1	2,400E+1	3,500E+3	3,513E+3
1195,266	0,182	0,000	1,080E+1	2,400E+1	3,500E+3	3,506E+3
1196,266	0,182	0,000	1,080E+1	2,400E+1	3,500E+3	3,497E+3
1197,266	0,182	0,000	1,080E+1	2,400E+1	3,500E+3	3,498E+3
1198,266	0,182	0,000	1,080E+1	2,400E+1	3,500E+3	3,490E+3
1199,266	0,182	0,000	1,080E+1	2,400E+1	3,500E+3	3,499E+3
1200,265	0,182	0,000	1,080E+1	2,400E+1	3,500E+3	3,498E+3
1201,266	0,182	0,000	1,080E+1	2,400E+1	3,500E+3	3,492E+3
1202,267	0,182	0,000	1,080E+1	2,400E+1	3,500E+3	3,494E+3
1203,268	0,182	0,000	1,080E+1	2,400E+1	3,500E+3	3,507E+3
1204,268	0,182	0,000	1,080E+1	2,400E+1	3,500E+3	3,503E+3
1205,268	0,182	0,000	1,080E+1	2,400E+1	3,500E+3	3,488E+3
1206,268	0,182	0,000	1,080E+1	2,400E+1	3,500E+3	3,507E+3
1207,268	0,182	0,000	1,080E+1	2,400E+1	3,500E+3	3,500E+3
1208,269	0,182	0,000	1,081E+1	2,400E+1	3,500E+3	3,496E+3
1209,269	0,182	0,000	1,081E+1	2,400E+1	3,500E+3	3,509E+3
1210,269	0,182	0,000	1,080E+1	2,400E+1	3,500E+3	3,507E+3
1211,269	0,182	0,000	1,081E+1	2,400E+1	3,500E+3	3,491E+3
1212,269	0,182	0,000	1,081E+1	2,400E+1	3,500E+3	3,512E+3
1213,269	0,182	0,000	1,080E+1	2,400E+1	3,500E+3	3,488E+3
1214,268	0,182	0,000	1,082E+1	2,400E+1	3,500E+3	3,509E+3
1215,269	0,182	0,000	1,082E+1	2,400E+1	3,500E+3	3,503E+3
1216,269	0,182	0,000	1,080E+1	2,400E+1	3,500E+3	3,503E+3
1217,269	0,182	0,000	1,080E+1	2,400E+1	3,500E+3	3,490E+3
1218,270	0,182	0,000	1,080E+1	2,400E+1	3,500E+3	3,494E+3
1219,270	0,182	0,000	1,080E+1	2,400E+1	3,500E+3	3,501E+3
1220,271	0,182	0,000	1,081E+1	2,400E+1	3,500E+3	3,495E+3
1221,271	0,182	0,000	1,081E+1	2,400E+1	3,500E+3	3,493E+3
1222,271	0,182	0,000	1,081E+1	2,400E+1	3,500E+3	3,512E+3
1223,272	0,182	0,000	1,081E+1	2,400E+1	3,500E+3	3,490E+3
1224,273	0,182	0,000	1,082E+1	2,400E+1	3,500E+3	3,498E+3
1225,273	0,182	0,000	1,082E+1	2,400E+1	3,500E+3	3,490E+3
1226,272	0,182	0,000	1,081E+1	2,400E+1	3,500E+3	3,511E+3
1227,274	0,182	0,000	1,082E+1	2,400E+1	3,500E+3	3,519E+3
1228,274	0,182	0,000	1,081E+1	2,400E+1	3,500E+3	3,496E+3
1229,274	0,182	0,000	1,082E+1	2,400E+1	3,500E+3	3,493E+3
1230,275	0,182	0,000	1,082E+1	2,400E+1	3,500E+3	3,500E+3
1231,275	0,182	0,000	1,082E+1	2,400E+1	3,500E+3	3,506E+3
1232,275	0,182	0,000	1,081E+1	2,400E+1	3,500E+3	3,497E+3
1233,275	0,182	0,000	1,081E+1	2,400E+1	3,500E+3	3,506E+3
1234,276	0,182	0,000	1,081E+1	2,400E+1	3,500E+3	3,497E+3
1235,277	0,182	0,000	1,082E+1	2,400E+1	3,500E+3	3,497E+3
1236,277	0,182	0,000	1,082E+1	2,400E+1	3,500E+3	3,497E+3
1237,277	0,182	0,000	1,082E+1	2,400E+1	3,500E+3	3,489E+3
1238,277	0,182	0,000	1,082E+1	2,400E+1	3,500E+3	3,491E+3
1239,277	0,182	0,000	1,082E+1	2,400E+1	3,500E+3	3,489E+3
1240,276	0,182	0,000	1,083E+1	2,400E+1	3,500E+3	3,498E+3
1241,278	0,182	0,000	1,083E+1	2,400E+1	3,500E+3	3,502E+3
1242,278	0,182	0,000	1,083E+1	2,400E+1	3,500E+3	3,486E+3
1243,279	0,182	0,000	1,082E+1	2,400E+1	3,500E+3	3,509E+3
1244,279	0,182	0,000	1,082E+1	2,400E+1	3,500E+3	3,499E+3
1245,279	0,182	0,000	1,082E+1	2,400E+1	3,500E+3	3,511E+3
1246,278	0,182	0,000	1,082E+1	2,400E+1	3,500E+3	3,505E+3
1247,279	0,182	0,000	1,083E+1	2,400E+1	3,500E+3	3,506E+3
1248,279	0,182	0,000	1,083E+1	2,400E+1	3,500E+3	3,500E+3
1249,279	0,182	0,000	1,083E+1	2,400E+1	3,500E+3	3,498E+3
1250,280	0,182	0,000	1,084E+1	2,400E+1	3,500E+3	3,451E+3
1251,281	0,182	0,000	1,084E+1	2,400E+1	3,500E+3	3,497E+3
1252,281	0,182	0,000	1,082E+1	2,400E+1	3,500E+3	3,496E+3
1253,280	0,182	0,000	1,082E+1	2,400E+1	3,500E+3	3,503E+3
1254,281	0,182	0,000	1,082E+1	2,400E+1	3,500E+3	3,512E+3
1255,282	0,182	0,000	1,084E+1	2,400E+1	3,500E+3	3,512E+3
1256,282	0,182	0,000	1,084E+1	2,400E+1	3,500E+3	3,509E+3
1257,282	0,182	0,000	1,083E+1	2,400E+1	3,500E+3	3,500E+3
1258,282	0,182	0,000	1,083E+1	2,400E+1	3,500E+3	3,493E+3
1259,282	0,182	0,000	1,083E+1	2,400E+1	3,500E+3	3,497E+3
1260,282	0,182	0,000	1,083E+1	2,400E+1	3,500E+3	3,502E+3
1261,282	0,182	0,000	1,083E+1	2,400E+1	3,500E+3	3,504E+3
1262,282	0,182	0,000	1,083E+1	2,400E+1	3,500E+3	3,503E+3
1263,283	0,182	0,000	1,083E+1	2,400E+1	3,500E+3	3,504E+3
1264,284	0,182	0,000	1,084E+1	2,400E+1	3,500E+3	3,492E+3
1265,284	0,182	0,000	1,084E+1	2,400E+1	3,500E+3	3,508E+3
1266,285	0,182	0,000	1,083E+1	2,400E+1	3,500E+3	3,496E+3
1267,285	0,182	0,000	1,084E+1	2,400E+1	3,500E+3	3,496E+3
1268,285	0,182	0,000	1,084E+1	2,400E+1	3,500E+3	3,499E+3
1269,286	0,182	0,000	1,084E+1	2,400E+1	3,500E+3	3,520E+3
1270,285	0,182	0,000	1,084E+1	2,400E+1	3,500E+3	3,503E+3
1271,286	0,182	0,000	1,084E+1	2,400E+1	3,500E+3	3,501E+3
1272,287	0,182	0,000	1,084E+1	2,400E+1	3,500E+3	3,497E+3
1273,288	0,182	0,000	1,084E+1	2,400E+1	3,500E+3	3,485E+3
1274,288	0,182	0,000	1,084E+1	2,400E+1	3,500E+3	3,504E+3
1275,288	0,182	0,000	1,084E+1	2,400E+1	3,500E+3	3,496E+3
1276,288	0,182	0,000	1,084E+1	2,400E+1	3,500E+3	3,492E+3
1277,287	0,182	0,000	1,084E+1	2,400E+1	3,500E+3	3,486E+3
1278,288	0,182	0,000	1,084E+1	2,400E+1	3,500E+3	3,505E+3
1279,289	0,182	0,000	1,084E+1	2,400E+1	3,500E+3	3,501E+3
1280,290	0,182	0,000	1,084E+1	2,400E+1	3,500E+3	3,527E+3
1281,290	0,182	0,000	1,084E+1	2,400E+1	3,500E+3	3,479E+3
1282,290	0,182	0,000	1,085E+1	2,400E+1	3,500E+3	3,499E+3
1283,290	0,182	0,000	1,085E+1	2,400E+1	3,500E+3	3,505E+3
1284,289	0,182	0,000	1,085E+1	2,400E+1	3,500E+3	3,494E+3
1285,290	0,182	0,000	1,085E+1	2,400E+1	3,500E+3	3,503E+3
1286,290	0,182	0,000	1,085E+1	2,400E+1	3,500E+3	3,507E+3
1287,290	0,182	0,000	1,084E+1	2,400E+1	3,500E+3	3,487E+3
1288,291	0,182	0,000	1,085E+1	2,400E+1	3,500E+3	3,486E+3
1289,291	0,182	0,000	1,085E+1	2,400E+1	3,500E+3	3,497E+3
1290,291	0,182	0,000	1,085E+1	2,400E+1	3,500E+3	3,504E+3
1291,291	0,182	0,000	1,085E+1	2,400E+1	3,500E+3	3,503E+3
1292,292	0,182	0,000	1,085E+1	2,400E+1	3,500E+3	3,508E+3
1293,293	0,182	0,000	1,085E+1	2,400E+1	3,500E+3	3,502E+3
1294,293	0,182	0,000	1,085E+1	2,400E+1	3,500E+3	3,495E+3
1295,294	0,182	0,000	1,085E+1	2,400E+1	3,500E+3	3,495E+3
1296,294	0,182	0,000	1,085E+1	2,400E+1	3,500E+3	3,494E+3
1297,294	0,182	0,000	1,085E+1	2,400E+1	3,500E+3	3,497E+3
1298,294	0,182	0,000	1,086E+1	2,400E+1	3,500E+3	3,497E+3
1299,294	0,182	0,000	1,086E+1	2,400E+1	3,500E+3	3,489E+3
1300,294	0,182	0,000	1,086E+1	2,400E+1	3,500E+3	3,490E+3
1301,294	0,182	0,000	1,086E+1	2,400E+1	3,500E+3	3,509E+3
1302,295	0,182	0,000	1,086E+1	2,400E+1	3,500E+3	3,510E+3
1303,294	0,182	0,000	1,085E+1	2,400E+1	3,500E+3	3,500E+3
1304,295	0,182	0,000	1,085E+1	2,400E+1	3,500E+3	3,498E+3
1305,295	0,182	0,000	1,086E+1	2,400E+1	3,500E+3	3,497E+3
1306,295	0,182	0,000	1,086E+1	2,400E+1	3,500E+3	3,502E+3
1307,296	0,182	0,000	1,086E+1	2,400E+1	3,500E+3	3,490E+3
1308,297	0,182	0,000	1,086E+1	2,400E+1	3,500E+3	3,507E+3
1309,298	0,182	0,000	1,086E+1	2,400E+1	3,500E+3	3,495E+3
1310,298	0,182	0,000	1,086E+1	2,400E+1	3,500E+3	3,506E+3
1311,300	0,182	0,000	1,085E+1	2,400E+1	3,500E+3	3,496E+3
1312,300	0,182	0,000	1,085E+1	2,400E+1	3,500E+3	3,498E+3
1313,300	0,182	0,000	1,085E+1	2,400E+1	3,500E+3	3,498E+3
1314,300	0,182	0,000	1,087E+1	2,400E+1	3,500E+3	3,500E+3
1315,301	0,182	0,000	1,087E+1	2,400E+1	3,500E+3	3,504E+3
1316,301	0,182	0,000	1,087E+1	2,400E+1	3,500E+3	3,506E+3
1317,300	0,182	0,000	1,087E+1	2,400E+1	3,500E+3	3,500E+3
1318,301	0,182	0,000	1,086E+1	2,400E+1	3,500E+3	3,494E+3
1319,302	0,182	0,000	1,086E+1	2,400E+1	3,500E+3	3,493E+3
1320,302	0,182	0,000	1,086E+1	2,400E+1	3,500E+3	3,504E+3
1321,302	0,182	0,000	1,086E+1	2,400E+1	3,500E+3	3,494E+3
1322,301	0,182	0,000	1,086E+1	2,400E+1	3,500E+3	3,512E+3
1323,302	0,182	0,000	1,086E+1	2,400E+1	3,500E+3	3,503E+3
1324,302	0,182	0,000	1,086E+1	2,400E+1	3,500E+3	3,494E+3
1325,302	0,182	0,000	1,087E+1	2,400E+1	3,500E+3	3,490E+3
1326,302	0,182	0,000	1,087E+1	2,400E+1	3,500E+3	3,507E+3
1327,302	0,182	0,000	1,087E+1	2,400E+1	3,500E+3	3,517E+3
1328,302	0,182	0,000	1,087E+1	2,400E+1	3,500E+3	3,503E+3
1329,302	0,182	0,000	1,087E+1	2,400E+1	3,500E+3	3,495E+3
1330,301	0,182	0,000	1,086E+1	2,400E+1	3,500E+3	3,504E+3
1331,302	0,182	0,000	1,087E+1	2,400E+1	3,500E+3	3,515E+3
1332,302	0,182	0,000	1,087E+1	2,400E+1	3,500E+3	3,494E+3
1333,303	0,182	0,000	1,087E+1	2,400E+1	3,500E+3	3,487E+3
1334,303	0,182	0,000	1,087E+1	2,400E+1	3,500E+3	3,503E+3
1335,303	0,182	0,000	1,087E+1	2,400E+1	3,500E+3	3,520E+3
1336,304	0,182	0,000	1,087E+1	2,400E+1	3,500E+3	3,508E+3
1337,303	0,182	0,000	1,088E+1	2,400E+1	3,500E+3	3,516E+3
1338,304	0,182	0,000	1,088E+1	2,400E+1	3,500E+3	3,498E+3
1339,304	0,182	0,000	1,087E+1	2,400E+1	3,500E+3	3,499E+3
1340,305	0,182	0,000	1,087E+1	2,400E+1	3,500E+3	3,507E+3
1341,305	0,182	0,000	1,087E+1	2,400E+1	3,500E+3	3,480E+3
1342,306	0,182	0,000	1,087E+1	2,400E+1	3,500E+3	3,504E+3
1343,306	0,182	0,000	1,087E+1	2,400E+1	3,500E+3	3,497E+3
1344,306	0,182	0,000	1,087E+1	2,400E+1	3,500E+3	3,494E+3
1345,306	0,182	0,000	1,087E+1	2,400E+1	3,500E+3	3,497E+3
1346,305	0,182	0,000	1,087E+1	2,400E+1	3,500E+3	3,512E+3
1347,307	0,182	0,000	1,087E+1	2,400E+1	3,500E+3	3,504E+3
1348,307	0,182	0,000	1,087E+1	2,400E+1	3,500E+3	3,512E+3
1349,307	0,182	0,000	1,087E+1	2,400E+1	3,500E+3	3,503E+3
1350,307	0,182	0,000	1,088E+1	2,400E+1	3,500E+3	3,507E+3
1351,308	0,182	0,000	1,088E+1	2,400E+1	3,500E+3	3,510E+3
1352,308	0,182	0,000	1,088E+1	2,400E+1	3,500E+3	3,489E+3
1353,308	0,182	0,000	1,088E+1	2,400E+1	3,500E+3	3,502E+3
1354,307	0,182	0,000	1,088E+1	2,400E+1	3,500E+3	3,509E+3
1355,308	0,182	0,000	1,088E+1	2,400E+1	3,500E+3	3,503E+3
1356,308	0,182	0,000	1,088E+1	2,400E+1	3,500E+3	3,492E+3
1357,309	0,182	0,000	1,089E+1	2,400E+1	3,500E+3	3,511E+3
1358,310	0,182	0,000	1,089E+1	2,400E+1	3,500E+3	3,492E+3
1359,310	0,182	0,000	1,088E+1	2,400E+1	3,500E+3	3,497E+3
1360,310	0,182	0,000	1,089E+1	2,400E+1	3,500E+3	3,498E+3
1361,310	0,182	0,000	1,089E+1	2,400E+1	3,500E+3	3,510E+3
1362,311	0,182	0,000	1,089E+1	2,400E+1	3,500E+3	3,498E+3
1363,311	0,182	0,000	1,089E+1	2,400E+1	3,500E+3	3,500E+3
1364,311	0,182	0,000	1,089E+1	2,400E+1	3,500E+3	3,494E+3
1365,311	0,182	0,000	1,088E+1	2,400E+1	3,500E+3	3,489E+3
1366,312	0,182	0,000	1,088E+1	2,400E+1	3,500E+3	3,510E+3
1367,312	0,182	0,000	1,089E+1	2,400E+1	3,500E+3	3,494E+3
1368,313	0,182	0,000	1,089E+1	2,400E+1	3,500E+3	3,507E+3
1369,313	0,182	0,000	1,089E+1	2,400E+1	3,500E+3	3,501E+3
1370,313	0,182	0,000	1,089E+1	2,400E+1	3,500E+3	3,501E+3
1371,313	0,182	0,000	1,089E+1	2,400E+1	3,500E+3	3,515E+3
1372,313	0,182	0,000	1,090E+1	2,400E+1	3,500E+3	3,498E+3
1373,313	0,182	0,000	1,090E+1	2,400E+1	3,500E+3	3,501E+3
1374,313	0,182	0,000	1,089E+1	2,400E+1	3,500E+3	3,495E+3
1375,313	0,182	0,000	1,089E+1	2,400E+1	3,500E+3	3,515E+3
1376,314	0,182	0,000	1,089E+1	2,400E+1	3,500E+3	3,499E+3
1377,314	0,182	0,000	1,089E+1	2,400E+1	3,500E+3	3,494E+3
1378,314	0,182	0,000	1,089E+1	2,400E+1	3,500E+3	3,497E+3
1379,315	0,182	0,000	1,089E+1	2,400E+1	3,500E+3	3,485E+3
1380,314	0,182	0,000	1,089E+1	2,400E+1	3,500E+3	3,498E+3
1381,315	0,182	0,000	1,089E+1	2,400E+1	3,500E+3	3,504E+3
1382,315	0,182	0,000	1,089E+1	2,400E+1	3,500E+3	3,507E+3
1383,316	0,182	0,000	1,089E+1	2,400E+1	3,500E+3	3,491E+3
1384,316	0,182	0,000	1,089E+1	2,400E+1	3,500E+3	3,492E+3
1385,316	0,182	0,000	1,089E+1	2,400E+1	3,500E+3	3,453E+3
1386,317	0,182	0,000	1,089E+1	2,400E+1	3,500E+3	3,494E+3
1387,318	0,182	0,000	1,089E+1	2,400E+1	3,500E+3	3,488E+3
1388,318	0,182	0,000	1,089E+1	2,400E+1	3,500E+3	3,502E+3
1389,318	0,182	0,000	1,089E+1	2,400E+1	3,500E+3	3,491E+3
1390,318	0,182	0,000	1,090E+1	2,400E+1	3,500E+3	3,490E+3
1391,317	0,182	0,000	1,090E+1	2,400E+1	3,500E+3	3,459E+3
1392,318	0,182	0,000	1,089E+1	2,400E+1	3,500E+3	3,503E+3
1393,318	0,182	0,000	1,089E+1	2,400E+1	3,500E+3	3,485E+3
1394,319	0,182	0,000	1,089E+1	2,400E+1	3,500E+3	3,497E+3
1395,319	0,182	0,000	1,090E+1	2,400E+1	3,500E+3	3,503E+3
1396,320	0,182	0,000	1,090E+1	2,400E+1	3,500E+3	3,489E+3
1397,320	0,182	0,000	1,090E+1	2,400E+1	3,500E+3	3,499E+3
1398,320	0,182	0,000	1,090E+1	2,400E+1	3,500E+3	3,498E+3
1399,321	0,182	0,000	1,090E+1	2,400E+1	3,500E+3	3,507E+3
1400,322	0,182	0,000	1,090E+1	2,400E+1	3,500E+3	3,518E+3
1401,323	0,182	0,000	1,089E+1	2,400E+1	3,500E+3	3,503E+3
1402,323	0,182	0,000	1,089E+1	2,400E+1	3,500E+3	3,502E+3
1403,322	0,182	0,000	1,089E+1	2,400E+1	3,500E+3	3,505E+3
1404,323	0,182	0,000	1,089E+1	2,400E+1	3,500E+3	3,480E+3
1405,323	0,182	0,000	1,090E+1	2,400E+1	3,500E+3	3,507E+3
1406,323	0,182	0,000	1,090E+1	2,400E+1	3,500E+3	3,503E+3
1407,323	0,182	0,000	1,090E+1	2,400E+1	3,500E+3	3,517E+3
1408,323	0,182	0,000	1,091E+1	2,400E+1	3,500E+3	3,491E+3
1409,324	0,182	0,000	1,091E+1	2,400E+1	3,500E+3	3,500E+3
1410,324	0,182	0,000	1,090E+1	2,400E+1	3,500E+3	3,499E+3
1411,325	0,182	0,000	1,090E+1	2,400E+1	3,500E+3	3,492E+3
1412,325	0,182	0,000	1,090E+1	2,400E+1	3,500E+3	3,506E+3
1413,325	0,182	0,000	1,091E+1	2,400E+1	3,500E+3	3,494E+3
1414,325	0,182	0,000	1,091E+1	2,400E+1	3,500E+3	3,500E+3
1415,325	0,182	0,000	1,091E+1	2,400E+1	3,500E+3	3,493E+3
1416,325	0,182	0,000	1,091E+1	2,400E+1	3,500E+3	3,503E+3
1417,326	0,182	0,000	1,091E+1	2,400E+1	3,500E+3	3,511E+3
1418,326	0,182	0,000	1,090E+1	2,400E+1	3,500E+3	3,483E+3
1419,326	0,182	0,000	1,090E+1	2,400E+1	3,500E+3	3,503E+3
1420,326	0,182	0,000	1,090E+1	2,400E+1	3,500E+3	3,500E+3
1421,327	0,182	0,000	1,090E+1	2,400E+1	3,500E+3	3,510E+3
1422,327	0,182	0,000	1,090E+1	2,400E+1	3,500E+3	3,509E+3
1423,327	0,182	0,000	1,090E+1	2,400E+1	3,500E+3	3,505E+3
1424,327	0,182	0,000	1,091E+1	2,400E+1	3,500E+3	3,499E+3
1425,327	0,182	0,000	1,091E+1	2,400E+1	3,500E+3	3,498E+3
1426,327	0,182	0,000	1,090E+1	2,400E+1	3,500E+3	3,499E+3
1427,327	0,182	0,000	1,091E+1	2,400E+1	3,500E+3	3,499E+3
1428,327	0,182	0,000	1,091E+1	2,400E+1	3,500E+3	3,493E+3
1429,326	0,182	0,000	1,091E+1	2,400E+1	3,500E+3	3,506E+3
1430,327	0,182	0,000	1,091E+1	2,400E+1	3,500E+3	3,512E+3
1431,327	0,182	0,000	1,091E+1	2,400E+1	3,500E+3	3,495E+3
1432,327	0,182	0,000	1,091E+1	2,400E+1	3,500E+3	3,490E+3
1433,327	0,182	0,000	1,091E+1	2,400E+1	3,500E+3	3,499E+3
1434,327	0,182	0,000	1,091E+1	2,400E+1	3,500E+3	3,514E+3
1435,328	0,182	0,000	1,092E+1	2,400E+1	3,500E+3	3,507E+3
1436,329	0,182	0,000	1,092E+1	2,400E+1	3,500E+3	3,508E+3
1437,329	0,182	0,000	1,092E+1	2,400E+1	3,500E+3	3,505E+3
1438,329	0,182	0,000	1,091E+1	2,400E+1	3,500E+3	3,505E+3
1439,330	0,182	0,000	1,091E+1	2,400E+1	3,500E+3	3,489E+3
1440,330	0,182	0,000	1,091E+1	2,400E+1	3,500E+3	3,505E+3
1441,330	0,182	0,000	1,091E+1	2,400E+1	3,500E+3	3,516E+3
1442,330	0,182	0,000	1,091E+1	2,400E+1	3,500E+3	3,504E+3
1443,330	0,182	0,000	1,092E+1	2,400E+1	3,500E+3	3,494E+3
1444,330	0,182	0,000	1,092E+1	2,400E+1	3,500E+3	3,498E+3
1445,330	0,182	0,000	1,092E+1	2,400E+1	3,500E+3	3,488E+3
1446,330	0,182	0,000	1,092E+1	2,400E+1	3,500E+3	3,497E+3
1447,331	0,182	0,000	1,092E+1	2,400E+1	3,500E+3	3,510E+3
1448,331	0,182	0,000	1,092E+1	2,400E+1	3,500E+3	3,500E+3
1449,331	0,182	0,000	1,093E+1	2,400E+1	3,500E+3	3,493E+3
1450,331	0,182	0,000	1,093E+1	2,400E+1	3,500E+3	3,492E+3
1451,331	0,182	0,000	1,093E+1	2,400E+1	3,500E+3	3,492E+3
1452,332	0,182	0,000	1,092E+1	2,400E+1	3,500E+3	3,503E+3
1453,333	0,182	0,000	1,092E+1	2,400E+1	3,500E+3	3,508E+3
1454,333	0,182	0,000	1,092E+1	2,400E+1	3,500E+3	3,501E+3
1455,334	0,182	0,000	1,092E+1	2,400E+1	3,500E+3	3,494E+3
1456,334	0,182	0,000	1,092E+1	2,400E+1	3,500E+3	3,524E+3
1457,334	0,182	0,000	1,092E+1	2,400E+1	3,500E+3	3,503E+3
1458,334	0,182	0,000	1,093E+1	2,400E+1	3,500E+3	3,498E+3
1459,334	0,182	0,000	1,093E+1	2,400E+1	3,500E+3	3,507E+3
1460,335	0,182	0,000	1,092E+1	2,400E+1	3,500E+3	3,497E+3
1461,335	0,182	0,000	1,092E+1	2,400E+1	3,500E+3	3,497E+3
1462,336	0,182	0,000	1,092E+1	2,400E+1	3,500E+3	3,495E+3
1463,336	0,182	0,000	1,092E+1	2,400E+1	3,500E+3	3,502E+3
1464,336	0,182	0,000	1,093E+1	2,400E+1	3,500E+3	3,498E+3
1465,336	0,182	0,000	1,093E+1	2,400E+1	3,500E+3	3,504E+3
1466,336	0,182	0,000	1,092E+1	2,400E+1	3,500E+3	3,513E+3
1467,335	0,182	0,000	1,093E+1	2,400E+1	3,500E+3	3,494E+3
1468,337	0,182	0,000	1,093E+1	2,400E+1	3,500E+3	3,508E+3
1469,337	0,182	0,000	1,093E+1	2,400E+1	3,500E+3	3,496E+3
1470,338	0,182	0,000	1,092E+1	2,400E+1	3,500E+3	3,489E+3
1471,339	0,182	0,000	1,092E+1	2,400E+1	3,500E+3	3,487E+3
1472,340	0,182	0,000	1,093E+1	2,400E+1	3,500E+3	3,523E+3
1473,340	0,182	0,000	1,093E+1	2,400E+1	3,500E+3	3,498E+3
1474,340	0,182	0,000	1,093E+1	2,400E+1	3,500E+3	3,509E+3
1475,341	0,182	0,000	1,093E+1	2,400E+1	3,500E+3	3,503E+3
1476,341	0,182	0,000	1,093E+1	2,400E+1	3,500E+3	3,492E+3
1477,341	0,182	0,000	1,093E+1	2,400E+1	3,500E+3	3,498E+3
1478,341	0,182	0,000	1,093E+1	2,400E+1	3,500E+3	3,482E+3
1479,341	0,182	0,000	1,093E+1	2,400E+1	3,500E+3	3,485E+3
1480,341	0,182	0,000	1,094E+1	2,400E+1	3,500E+3	3,501E+3
1481,340	0,182	0,000	1,094E+1	2,400E+1	3,500E+3	3,513E+3
1482,342	0,182	0,000	1,094E+1	2,400E+1	3,500E+3	3,509E+3
1483,342	0,182	0,000	1,093E+1	2,400E+1	3,500E+3	3,511E+3
1484,343	0,182	0,000	1,093E+1	2,400E+1	3,500E+3	3,500E+3
1485,343	0,182	0,000	1,093E+1	2,400E+1	3,500E+3	3,497E+3
1486,343	0,182	0,000	1,093E+1	2,400E+1	3,500E+3	3,503E+3
1487,343	0,182	0,000	1,093E+1	2,400E+1	3,500E+3	3,506E+3
1488,343	0,182	0,000	1,094E+1	2,400E+1	3,500E+3	3,494E+3
1489,343	0,182	0,000	1,094E+1	2,400E+1	3,500E+3	3,501E+3
1490,343	0,182	0,000	1,094E+1	2,400E+1	3,500E+3	3,505E+3
1491,343	0,182	0,000	1,094E+1	2,400E+1	3,500E+3	3,495E+3
1492,344	0,182	0,000	1,094E+1	2,400E+1	3,500E+3	3,513E+3
1493,343	0,182	0,000	1,094E+1	2,400E+1	3,500E+3	3,498E+3
1494,344	0,182	0,000	1,094E+1	2,400E+1	3,500E+3	3,503E+3
1495,344	0,182	0,000	1,094E+1	2,400E+1	3,500E+3	3,504E+3
1496,344	0,182	0,000	1,094E+1	2,400E+1	3,500E+3	3,494E+3
1497,343	0,182	0,000	1,093E+1	2,400E+1	3,500E+3	3,511E+3
1498,344	0,182	0,000	1,094E+1	2,400E+1	3,500E+3	3,505E+3
1499,344	0,182	0,000	1,094E+1	2,400E+1	3,500E+3	3,487E+3
1500,344	0,182	0,000	1,094E+1	2,400E+1	3,500E+3	3,501E+3
1501,344	0,182	0,000	1,094E+1	2,400E+1	3,500E+3	3,514E+3
1502,344	0,182	0,000	1,094E+1	2,400E+1	3,500E+3	3,501E+3
1503,344	0,182	0,000	1,094E+1	2,400E+1	3,500E+3	3,494E+3
1504,344	0,182	0,000	1,094E+1	2,400E+1	3,500E+3	3,501E+3
1505,345	0,182	0,000	1,095E+1	2,400E+1	3,500E+3	3,489E+3
1506,345	0,182	0,000	1,095E+1	2,400E+1	3,500E+3	3,499E+3
1507,345	0,182	0,000	1,095E+1	2,400E+1	3,500E+3	3,491E+3
1508,345	0,182	0,000	1,095E+1	2,400E+1	3,500E+3	3,494E+3
1509,345	0,182	0,000	1,095E+1	2,400E+1	3,500E+3	3,489E+3
1510,346	0,182	0,000	1,095E+1	2,400E+1	3,500E+3	3,510E+3
1511,346	0,182	0,000	1,095E+1	2,400E+1	3,500E+3	3,493E+3
1512,346	0,182	0,000	1,094E+1	2,400E+1	3,500E+3	3,512E+3
1513,347	0,182	0,000	1,094E+1	2,400E+1	3,500E+3	3,496E+3
1514,347	0,182	0,000	1,094E+1	2,400E+1	3,500E+3	3,504E+3
1515,347	0,182	0,000	1,095E+1	2,400E+1	3,500E+3	3,498E+3
1516,348	0,182	0,000	1,095E+1	2,400E+1	3,500E+3	3,500E+3
1517,348	0,182	0,000	1,095E+1	2,400E+1	3,500E+3	3,498E+3
1518,348	0,182	0,000	1,094E+1	2,400E+1	3,500E+3	3,501E+3
1519,348	0,182	0,000	1,094E+1	2,400E+1	3,500E+3	3,497E+3
1520,348	0,182	0,000	1,095E+1	2,400E+1	3,500E+3	3,504E+3
1521,348	0,182	0,000	1,095E+1	2,400E+1	3,500E+3	3,503E+3
1522,349	0,182	0,000	1,095E+1	2,400E+1	3,500E+3	3,508E+3
1523,349	0,182	0,000	1,095E+1	2,400E+1	3,500E+3	3,507E+3
1524,349	0,182	0,000	1,095E+1	2,400E+1	3,500E+3	3,501E+3
1525,349	0,182	0,000	1,095E+1	2,400E+1	3,500E+3	3,501E+3
1526,350	0,182	0,000	1,095E+1	2,400E+1	3,500E+3	3,506E+3
1527,350	0,182	0,000	1,095E+1	2,400E+1	3,500E+3	3,503E+3
1528,351	0,182	0,000	1,095E+1	2,400E+1	3,500E+3	3,494E+3
1529,351	0,182	0,000	1,095E+1	2,400E+1	3,500E+3	3,495E+3
1530,351	0,182	0,000	1,095E+1	2,400E+1	3,500E+3	3,509E+3
1531,351	0,182	0,000	1,095E+1	2,400E+1	3,500E+3	3,505E+3
1532,350	0,182	0,000	1,096E+1	2,400E+1	3,500E+3	3,495E+3
1533,351	0,182	0,000	1,096E+1	2,400E+1	3,500E+3	3,506E+3
1534,351	0,182	0,000	1,095E+1	2,400E+1	3,500E+3	3,507E+3
1535,351	0,182	0,000	1,096E+1	2,400E+1	3,500E+3	3,499E+3
1536,352	0,182	0,000	1,096E+1	2,400E+1	3,500E+3	3,491E+3
1537,353	0,182	0,000	1,095E+1	2,400E+1	3,500E+3	3,507E+3
1538,354	0,182	0,000	1,096E+1	2,400E+1	3,500E+3	3,520E+3
1539,353	0,182	0,000	1,096E+1	2,400E+1	3,500E+3	3,503E+3
1540,354	0,182	0,000	1,095E+1	2,400E+1	3,500E+3	3,499E+3
1541,355	0,182	0,000	1,095E+1	2,400E+1	3,500E+3	3,505E+3
1542,356	0,182	0,000	1,095E+1	2,400E+1	3,500E+3	3,479E+3
1543,356	0,182	0,000	1,095E+1	2,400E+1	3,500E+3	3,499E+3
1544,356	0,182	0,000	1,095E+1	2,400E+1	3,500E+3	3,497E+3
1545,356	0,182	0,000	1,095E+1	2,400E+1	3,500E+3	3,498E+3
1546,356	0,182	0,000	1,096E+1	2,400E+1	3,500E+3	3,495E+3
1547,357	0,182	0,000	1,096E+1	2,400E+1	3,500E+3	3,503E+3
1548,357	0,182	0,000	1,096E+1	2,400E+1	3,500E+3	3,502E+3
1549,357	0,182	0,000	1,096E+1	2,400E+1	3,500E+3	3,510E+3
1550,357	0,182	0,000	1,097E+1	2,400E+1	3,500E+3	3,496E+3
1551,356	0,182	0,000	1,097E+1	2,400E+1	3,500E+3	3,497E+3
1552,357	0,182	0,000	1,097E+1	2,400E+1	3,500E+3	3,500E+3
1553,358	0,182	0,000	1,095E+1	2,400E+1	3,500E+3	3,485E+3
1554,358	0,182	0,000	1,095E+1	2,400E+1	3,500E+3	3,498E+3
1555,359	0,182	0,000	1,096E+1	2,400E+1	3,500E+3	3,508E+3
1556,359	0,182	0,000	1,097E+1	2,400E+1	3,500E+3	3,510E+3
1557,359	0,182	0,000	1,097E+1	2,400E+1	3,500E+3	3,507E+3
1558,358	0,182	0,000	1,096E+1	2,400E+1	3,500E+3	3,512E+3
1559,359	0,182	0,000	1,096E+1	2,400E+1	3,500E+3	3,489E+3
1560,359	0,182	0,000	1,096E+1	2,400E+1	3,500E+3	3,496E+3
1561,359	0,182	0,000	1,096E+1	2,400E+1	3,500E+3	3,499E+3
1562,359	0,182	0,000	1,096E+1	2,400E+1	3,500E+3	3,503E+3
1563,359	0,182	0,000	1,097E+1	2,400E+1	3,500E+3	3,506E+3
1564,360	0,182	0,000	1,097E+1	2,400E+1	3,500E+3	3,495E+3
1565,359	0,182	0,000	1,097E+1	2,400E+1	3,500E+3	3,511E+3
1566,361	0,182	0,000	1,097E+1	2,400E+1	3,500E+3	3,485E+3
1567,361	0,182	0,000	1,097E+1	2,400E+1	3,500E+3	3,505E+3
1568,362	0,182	0,000	1,097E+1	2,400E+1	3,500E+3	3,489E+3
1569,363	0,182	0,000	1,097E+1	2,400E+1	3,500E+3	3,508E+3
1570,363	0,182	0,000	1,097E+1	2,400E+1	3,500E+3	3,491E+3
1571,363	0,182	0,000	1,097E+1	2,400E+1	3,500E+3	3,502E+3
1572,362	0,182	0,000	1,097E+1	2,400E+1	3,500E+3	3,503E+3
1573,363	0,182	0,000	1,097E+1	2,400E+1	3,500E+3	3,510E+3
1574,363	0,182	0,000	1,096E+1	2,400E+1	3,500E+3	3,496E+3
1575,364	0,182	0,000	1,096E+1	2,400E+1	3,500E+3	3,488E+3
1576,364	0,182	0,000	1,098E+1	2,400E+1	3,500E+3	3,497E+3
1577,364	0,182	0,000	1,098E+1	2,400E+1	3,500E+3	3,507E+3
1578,364	0,182	0,000	1,098E+1	2,400E+1	3,500E+3	3,516E+3
1579,363	0,182	0,000	1,097E+1	2,400E+1	3,500E+3	3,508E+3
1580,364	0,182	0,000	1,097E+1	2,400E+1	3,500E+3	3,502E+3
1581,364	0,182	0,000	1,097E+1	2,400E+1	3,500E+3	3,507E+3
1582,364	0,182	0,000	1,097E+1	2,400E+1	3,500E+3	3,514E+3
1583,364	0,182	0,000	1,097E+1	2,400E+1	3,500E+3	3,497E+3
1584,364	0,182	0,000	1,097E+1	2,400E+1	3,500E+3	3,503E+3
1585,365	0,182	0,000	1,097E+1	2,400E+1	3,500E+3	3,505E+3
1586,366	0,182	0,000	1,097E+1	2,400E+1	3,500E+3	3,489E+3
1587,366	0,182	0,000	1,097E+1	2,400E+1	3,500E+3	3,508E+3
1588,366	0,182	0,000	1,098E+1	2,400E+1	3,500E+3	3,504E+3
1589,366	0,182	0,000	1,098E+1	2,400E+1	3,500E+3	3,489E+3
1590,366	0,182	0,000	1,098E+1	2,400E+1	3,500E+3	3,504E+3
1591,367	0,182	0,000	1,098E+1	2,400E+1	3,500E+3	3,482E+3
1592,367	0,182	0,000	1,098E+1	2,400E+1	3,500E+3	3,490E+3
1593,367	0,182	0,000	1,098E+1	2,400E+1	3,500E+3	3,495E+3
1594,367	0,182	0,000	1,098E+1	2,400E+1	3,500E+3	3,501E+3
1595,368	0,182	0,000	1,098E+1	2,400E+1	3,500E+3	3,498E+3
1596,369	0,182	0,000	1,098E+1	2,400E+1	3,500E+3	3,496E+3
1597,369	0,182	0,000	1,097E+1	2,400E+1	3,500E+3	3,497E+3
1598,369	0,182	0,000	1,097E+1	2,400E+1	3,500E+3	3,511E+3
1599,370	0,182	0,000	1,097E+1	2,400E+1	3,500E+3	3,498E+3
1600,370	0,182	0,000	1,098E+1	2,400E+1	3,500E+3	3,503E+3
1601,369	0,182	0,000	1,098E+1	2,400E+1	3,500E+3	3,494E+3
1602,370	0,182	0,000	1,098E+1	2,400E+1	3,500E+3	3,503E+3
1603,370	0,182	0,000	1,098E+1	2,400E+1	3,500E+3	3,506E+3
1604,370	0,182	0,000	1,099E+1	2,400E+1	3,500E+3	3,504E+3
1605,370	0,182	0,000	1,099E+1	2,400E+1	3,500E+3	3,504E+3
1606,370	0,182	0,000	1,098E+1	2,400E+1	3,500E+3	3,492E+3
1607,370	0,182	0,000	1,098E+1	2,400E+1	3,500E+3	3,503E+3
1608,371	0,182	0,000	1,098E+1	2,400E+1	3,500E+3	3,509E+3
1609,371	0,182	0,000	1,098E+1	2,400E+1	3,500E+3	3,511E+3
1610,371	0,182	0,000	1,098E+1	2,400E+1	3,500E+3	3,494E+3
1611,371	0,182	0,000	1,098E+1	2,400E+1	3,500E+3	3,495E+3
1612,371	0,182	0,000	1,099E+1	2,400E+1	3,500E+3	3,485E+3
1613,371	0,182	0,000	1,098E+1	2,400E+1	3,500E+3	3,515E+3
1614,371	0,182	0,000	1,098E+1	2,400E+1	3,500E+3	3,500E+3
1615,371	0,182	0,000	1,100E+1	2,400E+1	3,500E+3	3,512E+3
1616,372	0,182	0,000	1,100E+1	2,400E+1	3,500E+3	3,501E+3
1617,373	0,182	0,000	1,100E+1	2,400E+1	3,500E+3	3,493E+3
1618,373	0,182	0,000	1,098E+1	2,400E+1	3,500E+3	3,489E+3
1619,374	0,182	0,000	1,098E+1	2,400E+1	3,500E+3	3,499E+3
1620,374	0,182	0,000	1,099E+1	2,400E+1	3,500E+3	3,510E+3
1621,375	0,182	0,000	1,099E+1	2,400E+1	3,500E+3	3,495E+3
1622,375	0,182	0,000	1,099E+1	2,400E+1	3,500E+3	3,491E+3
1623,375	0,182	0,000	1,099E+1	2,400E+1	3,500E+3	3,503E+3
1624,375	0,182	0,000	1,099E+1	2,400E+1	3,500E+3	3,515E+3
1625,375	0,182	0,000	1,099E+1	2,400E+1	3,500E+3	3,501E+3
1626,375	0,182	0,000	1,099E+1	2,400E+1	3,500E+3	3,501E+3
1627,375	0,182	0,000	1,098E+1	2,400E+1	3,500E+3	3,531E+3
1628,375	0,182	0,000	1,098E+1	2,400E+1	3,500E+3	3,521E+3
1629,376	0,182	0,000	1,099E+1	2,400E+1	3,500E+3	3,503E+3
1630,376	0,182	0,000	1,099E+1	2,400E+1	3,500E+3	3,494E+3
1631,376	0,182	0,000	1,099E+1	2,400E+1	3,500E+3	3,491E+3
1632,377	0,182	0,000	1,100E+1	2,400E+1	3,500E+3	3,503E+3
1633,377	0,182	0,000	1,099E+1	2,400E+1	3,500E+3	3,498E+3
1634,377	0,182	0,000	1,099E+1	2,400E+1	3,500E+3	3,499E+3
1635,377	0,182	0,000	1,099E+1	2,400E+1	3,500E+3	3,503E+3
1636,376	0,182	0,000	1,099E+1	2,400E+1	3,500E+3	3,488E+3
1637,377	0,182	0,000	1,099E+1	2,400E+1	3,500E+3	3,503E+3
1638,378	0,182	0,000	1,099E+1	2,400E+1	3,500E+3	3,494E+3
1639,378	0,182	0,000	1,099E+1	2,400E+1	3,500E+3	3,485E+3
1640,378	0,182	0,000	1,099E+1	2,400E+1	3,500E+3	3,503E+3
1641,378	0,182	0,000	1,099E+1	2,400E+1	3,500E+3	3,505E+3
1642,379	0,182	0,000	1,099E+1	2,400E+1	3,500E+3	3,502E+3
1643,379	0,182	0,000	1,099E+1	2,400E+1	3,500E+3	3,502E+3
1644,379	0,182	0,000	1,099E+1	2,400E+1	3,500E+3	3,504E+3
1645,380	0,182	0,000	1,099E+1	2,400E+1	3,500E+3	3,493E+3
1646,380	0,182	0,000	1,099E+1	2,400E+1	3,500E+3	3,489E+3
1647,380	0,182	0,000	1,099E+1	2,400E+1	3,500E+3	3,491E+3
1648,380	0,182	0,000	1,100E+1	2,400E+1	3,500E+3	3,500E+3
1649,380	0,182	0,000	1,100E+1	2,400E+1	3,500E+3	3,503E+3
1650,379	0,182	0,000	1,100E+1	2,400E+1	3,500E+3	3,499E+3
1651,380	0,182	0,000	1,100E+1	2,400E+1	3,500E+3	3,491E+3
1652,381	0,182	0,000	1,100E+1	2,400E+1	3,500E+3	3,507E+3
1653,381	0,182	0,000	1,100E+1	2,400E+1	3,500E+3	3,504E+3
1654,381	0,182	0,000	1,099E+1	2,400E+1	3,500E+3	3,494E+3
1655,381	0,182	0,000	1,099E+1	2,400E+1	3,500E+3	3,494E+3
1656,380	0,182	0,000	1,099E+1	2,400E+1	3,500E+3	3,498E+3
1657,381	0,182	0,000	1,100E+1	2,400E+1	3,500E+3	3,495E+3
1658,381	0,182	0,000	1,100E+1	2,400E+1	3,500E+3	3,508E+3
1659,381	0,182	0,000	1,100E+1	2,400E+1	3,500E+3	3,503E+3
1660,382	0,182	0,000	1,099E+1	2,400E+1	3,500E+3	3,494E+3
1661,382	0,182	0,000	1,099E+1	2,400E+1	3,500E+3	3,502E+3
1662,382	0,182	0,000	1,101E+1	2,400E+1	3,500E+3	3,496E+3
1663,382	0,182	0,000	1,100E+1	2,400E+1	3,500E+3	3,509E+3
1664,383	0,182	0,000	1,100E+1	2,400E+1	3,500E+3	3,507E+3
1665,383	0,182	0,000	1,101E+1	2,400E+1	3,500E+3	3,504E+3
1666,383	0,182	0,000	1,101E+1	2,400E+1	3,500E+3	3,509E+3
1667,383	0,182	0,000	1,101E+1	2,400E+1	3,500E+3	3,515E+3
1668,384	0,182	0,000	1,101E+1	2,400E+1	3,500E+3	3,489E+3
1669,384	0,182	0,000	1,101E+1	2,400E+1	3,500E+3	3,516E+3
1670,384	0,182	0,000	1,100E+1	2,400E+1	3,500E+3	3,503E+3
1671,385	0,182	0,000	1,100E+1	2,400E+1	3,500E+3	3,512E+3
1672,385	0,182	0,000	1,100E+1	2,400E+1	3,500E+3	3,503E+3
1673,385	0,182	0,000	1,099E+1	2,400E+1	3,500E+3	3,498E+3
1674,385	0,182	0,000	1,099E+1	2,400E+1	3,500E+3	3,489E+3
1675,385	0,182	0,000	1,099E+1	2,400E+1	3,500E+3	3,494E+3
1676,386	0,182	0,000	1,099E+1	2,400E+1	3,500E+3	3,511E+3
1677,386	0,182	0,000	1,101E+1	2,400E+1	3,500E+3	3,474E+3
1678,386	0,182	0,000	1,101E+1	2,400E+1	3,500E+3	3,509E+3
1679,386	0,182	0,000	1,099E+1	2,400E+1	3,500E+3	3,501E+3
1680,386	0,182	0,000	1,100E+1	2,400E+1	3,500E+3	3,506E+3
1681,386	0,182	0,000	1,102E+1	2,400E+1	3,500E+3	3,503E+3
1682,385	0,182	0,000	1,102E+1	2,400E+1	3,500E+3	3,507E+3
1683,386	0,182	0,000	1,102E+1	2,400E+1	3,500E+3	3,494E+3
1684,386	0,182	0,000	1,102E+1	2,400E+1	3,500E+3	3,498E+3
1685,385	0,182	0,000	1,100E+1	2,400E+1	3,500E+3	3,509E+3
1686,386	0,182	0,000	1,100E+1	2,400E+1	3,500E+3	3,506E+3
1687,386	0,182	0,000	1,101E+1	2,400E+1	3,500E+3	3,499E+3
1688,385	0,182	0,000	1,101E+1	2,400E+1	3,500E+3	3,488E+3
1689,386	0,182	0,000	1,101E+1	2,400E+1	3,500E+3	3,507E+3
1690,385	0,182	0,000	1,101E+1	2,400E+1	3,500E+3	3,497E+3
1691,386	0,182	0,000	1,101E+1	2,400E+1	3,500E+3	3,512E+3
1692,386	0,182	0,000	1,101E+1	2,400E+1	3,500E+3	3,500E+3
1693,386	0,182	0,000	1,101E+1	2,400E+1	3,500E+3	3,503E+3
1694,387	0,182	0,000	1,101E+1	2,400E+1	3,500E+3	3,508E+3
1695,388	0,182	0,000	1,101E+1	2,400E+1	3,500E+3	3,505E+3
1696,389	0,182	0,000	1,102E+1	2,400E+1	3,500E+3	3,503E+3
1697,390	0,182	0,000	1,101E+1	2,400E+1	3,500E+3	3,494E+3
1698,390	0,182	0,000	1,101E+1	2,400E+1	3,500E+3	3,505E+3
1699,390	0,182	0,000	1,101E+1	2,400E+1	3,500E+3	3,493E+3
1700,390	0,182	0,000	1,101E+1	2,400E+1	3,500E+3	3,484E+3
1701,390	0,182	0,000	1,101E+1	2,400E+1	3,500E+3	3,508E+3
1702,390	0,182	0,000	1,101E+1	2,400E+1	3,500E+3	3,491E+3
1703,392	0,182	0,000	1,101E+1	2,400E+1	3,500E+3	3,505E+3
1704,393	0,182	0,000	1,101E+1	2,400E+1	3,500E+3	3,521E+3
1705,393	0,182	0,000	1,101E+1	2,400E+1	3,500E+3	3,492E+3
1706,393	0,182	0,000	1,101E+1	2,400E+1	3,500E+3	3,500E+3
1707,393	0,182	0,000	1,101E+1	2,400E+1	3,500E+3	3,497E+3
1708,394	0,182	0,000	1,101E+1	2,400E+1	3,500E+3	3,516E+3
1709,393	0,182	0,000	1,101E+1	2,400E+1	3,500E+3	3,500E+3
1710,395	0,182	0,000	1,101E+1	2,400E+1	3,500E+3	3,494E+3
1711,395	0,182	0,000	1,101E+1	2,400E+1	3,500E+3	3,512E+3
1712,395	0,182	0,000	1,102E+1	2,400E+1	3,500E+3	3,501E+3
1713,396	0,182	0,000	1,102E+1	2,400E+1	3,500E+3	3,508E+3
1714,396	0,182	0,000	1,102E+1	2,400E+1	3,500E+3	3,500E+3
1715,396	0,182	0,000	1,102E+1	2,400E+1	3,500E+3	3,483E+3
1716,395	0,182	0,000	1,102E+1	2,400E+1	3,500E+3	3,491E+3
1717,396	0,182	0,000	1,101E+1	2,400E+1	3,500E+3	3,511E+3
1718,396	0,182	0,000	1,101E+1	2,400E+1	3,500E+3	3,505E+3
1719,397	0,182	0,000	1,102E+1	2,400E+1	3,500E+3	3,499E+3
1720,397	0,182	0,000	1,102E+1	2,400E+1	3,500E+3	3,512E+3
1721,397	0,182	0,000	1,102E+1	2,400E+1	3,500E+3	3,496E+3
1722,397	0,182	0,000	1,102E+1	2,400E+1	3,500E+3	3,506E+3
1723,396	0,182	0,000	1,102E+1	2,400E+1	3,500E+3	3,504E+3
1724,397	0,182	0,000	1,102E+1	2,400E+1	3,500E+3	3,499E+3
1725,397	0,182	0,000	1,102E+1	2,400E+1	3,500E+3	3,511E+3
1726,397	0,182	0,000	1,102E+1	2,400E+1	3,500E+3	3,516E+3
1727,397	0,182	0,000	1,102E+1	2,400E+1	3,500E+3	3,496E+3
1728,397	0,182	0,000	1,102E+1	2,400E+1	3,500E+3	3,511E+3
1729,397	0,182	0,000	1,102E+1	2,400E+1	3,500E+3	3,502E+3
1730,397	0,182	0,000	1,102E+1	2,400E+1	3,500E+3	3,488E+3
1731,397	0,182	0,000	1,102E+1	2,400E+1	3,500E+3	3,509E+3
1732,397	0,182	0,000	1,103E+1	2,400E+1	3,500E+3	3,504E+3
1733,396	0,182	0,000	1,103E+1	2,400E+1	3,500E+3	3,495E+3
1734,398	0,182	0,000	1,102E+1	2,400E+1	3,500E+3	3,493E+3
1735,398	0,182	0,000	1,103E+1	2,400E+1	3,500E+3	3,506E+3
1736,398	0,182	0,000	1,103E+1	2,400E+1	3,500E+3	3,498E+3
1737,398	0,182	0,000	1,103E+1	2,400E+1	3,500E+3	3,497E+3
1738,399	0,182	0,000	1,103E+1	2,400E+1	3,500E+3	3,504E+3
1739,399	0,182	0,000	1,103E+1	2,400E+1	3,500E+3	3,489E+3
1740,398	0,182	0,000	1,103E+1	2,400E+1	3,500E+3	3,502E+3
1741,400	0,182	0,000	1,103E+1	2,400E+1	3,500E+3	3,506E+3
1742,400	0,182	0,000	1,103E+1	2,400E+1	3,500E+3	3,508E+3
1743,400	0,182	0,000	1,102E+1	2,400E+1	3,500E+3	3,499E+3
1744,400	0,182	0,000	1,102E+1	2,400E+1	3,500E+3	3,499E+3
1745,400	0,182	0,000	1,102E+1	2,400E+1	3,500E+3	3,495E+3
1746,401	0,182	0,000	1,103E+1	2,400E+1	3,500E+3	3,512E+3
1747,401	0,182	0,000	1,103E+1	2,400E+1	3,500E+3	3,497E+3
1748,401	0,182	0,000	1,103E+1	2,400E+1	3,500E+3	3,499E+3
1749,402	0,182	0,000	1,102E+1	2,400E+1	3,500E+3	3,499E+3
1750,403	0,182	0,000	1,102E+1	2,400E+1	3,500E+3	3,496E+3
1751,403	0,182	0,000	1,102E+1	2,400E+1	3,500E+3	3,503E+3
1752,404	0,182	0,000	1,102E+1	2,400E+1	3,500E+3	3,498E+3
1753,404	0,182	0,000	1,104E+1	2,400E+1	3,500E+3	3,488E+3
1754,405	0,182	0,000	1,103E+1	2,400E+1	3,500E+3	3,512E+3
1755,405	0,182	0,000	1,103E+1	2,400E+1	3,500E+3	3,496E+3
1756,405	0,182	0,000	1,103E+1	2,400E+1	3,500E+3	3,518E+3
1757,406	0,182	0,000	1,102E+1	2,400E+1	3,500E+3	3,517E+3
1758,406	0,182	0,000	1,102E+1	2,400E+1	3,500E+3	3,503E+3
1759,407	0,182	0,000	1,102E+1	2,400E+1	3,500E+3	3,497E+3
1760,408	0,182	0,000	1,103E+1	2,400E+1	3,500E+3	3,507E+3
1761,408	0,182	0,000	1,103E+1	2,400E+1	3,500E+3	3,511E+3
1762,408	0,182	0,000	1,103E+1	2,400E+1	3,500E+3	3,494E+3
1763,408	0,182	0,000	1,103E+1	2,400E+1	3,500E+3	3,498E+3
1764,409	0,182	0,000	1,103E+1	2,400E+1	3,500E+3	3,503E+3
1765,409	0,182	0,000	1,104E+1	2,400E+1	3,500E+3	3,510E+3
1766,409	0,182	0,000	1,104E+1	2,400E+1	3,500E+3	3,502E+3
1767,409	0,182	0,000	1,103E+1	2,400E+1	3,500E+3	3,489E+3
1768,409	0,182	0,000	1,103E+1	2,400E+1	3,500E+3	3,510E+3
1769,409	0,182	0,000	1,104E+1	2,400E+1	3,500E+3	3,501E+3
1770,409	0,182	0,000	1,103E+1	2,400E+1	3,500E+3	3,498E+3
1771,409	0,182	0,000	1,103E+1	2,400E+1	3,500E+3	3,504E+3
1772,409	0,182	0,000	1,104E+1	2,400E+1	3,500E+3	3,510E+3
1773,409	0,182	0,000	1,103E+1	2,400E+1	3,500E+3	3,494E+3
1774,409	0,182	0,000	1,103E+1	2,400E+1	3,500E+3	3,502E+3
1775,409	0,182	0,000	1,103E+1	2,400E+1	3,500E+3	3,513E+3
1776,410	0,182	0,000	1,103E+1	2,400E+1	3,500E+3	3,502E+3
1777,410	0,182	0,000	1,103E+1	2,400E+1	3,500E+3	3,489E+3
1778,410	0,182	0,000	1,103E+1	2,400E+1	3,500E+3	3,489E+3
1779,410	0,182	0,000	1,103E+1	2,400E+1	3,500E+3	3,494E+3
1780,410	0,182	0,000	1,103E+1	2,400E+1	3,500E+3	3,498E+3
1781,409	0,182	0,000	1,103E+1	2,400E+1	3,500E+3	3,491E+3
1782,410	0,182	0,000	1,103E+1	2,400E+1	3,500E+3	3,505E+3
1783,410	0,182	0,000	1,104E+1	2,400E+1	3,500E+3	3,528E+3
1784,410	0,182	0,000	1,104E+1	2,400E+1	3,500E+3	3,511E+3
1785,410	0,182	0,000	1,105E+1	2,400E+1	3,500E+3	3,499E+3
1786,410	0,182	0,000	1,104E+1	2,400E+1	3,500E+3	3,508E+3
1787,410	0,182	0,000	1,104E+1	2,400E+1	3,500E+3	3,507E+3
1788,409	0,182	0,000	1,104E+1	2,400E+1	3,500E+3	3,512E+3
1789,410	0,182	0,000	1,104E+1	2,400E+1	3,500E+3	3,490E+3
1790,410	0,182	0,000	1,104E+1	2,400E+1	3,500E+3	3,507E+3
1791,411	0,182	0,000	1,104E+1	2,400E+1	3,500E+3	3,502E+3
1792,411	0,182	0,000	1,104E+1	2,400E+1	3,500E+3	3,493E+3
1793,411	0,182	0,000	1,104E+1	2,400E+1	3,500E+3	3,489E+3
1794,411	0,182	0,000	1,104E+1	2,400E+1	3,500E+3	3,507E+3
1795,410	0,182	0,000	1,104E+1	2,400E+1	3,500E+3	3,495E+3
1796,412	0,182	0,000	1,104E+1	2,400E+1	3,500E+3	3,508E+3
1797,412	0,182	0,000	1,104E+1	2,400E+1	3,500E+3	3,501E+3
1798,412	0,182	0,000	1,103E+1	2,400E+1	3,500E+3	3,509E+3
1799,412	0,182	0,000	1,103E+1	2,400E+1	3,500E+3	3,505E+3
1800,411	0,182	0,000	1,104E+1	2,400E+1	3,500E+3	3,503E+3
1801,412	0,182	0,000	1,104E+1	2,400E+1	3,500E+3	3,518E+3
1802,412	0,182	0,000	1,104E+1	2,400E+1	3,500E+3	3,494E+3
1803,412	0,182	0,000	1,104E+1	2,400E+1	3,500E+3	3,494E+3
1804,412	0,182	0,000	1,106E+1	2,400E+1	3,500E+3	3,505E+3
1805,413	0,182	0,000	1,104E+1	2,400E+1	3,500E+3	3,526E+3
1806,413	0,182	0,000	1,104E+1	2,400E+1	3,500E+3	3,505E+3
1807,413	0,182	0,000	1,104E+1	2,400E+1	3,500E+3	3,506E+3
1808,413	0,182	0,000	1,104E+1	2,400E+1	3,500E+3	3,495E+3
1809,413	0,182	0,000	1,104E+1	2,400E+1	3,500E+3	3,507E+3
1810,413	0,182	0,000	1,104E+1	2,400E+1	3,500E+3	3,514E+3
1811,413	0,182	0,000	1,104E+1	2,400E+1	3,500E+3	3,513E+3
1812,412	0,182	0,000	1,104E+1	2,400E+1	3,500E+3	3,498E+3
1813,413	0,181	0,000	1,105E+1	2,400E+1	3,500E+3	3,495E+3
1814,413	0,182	0,000	1,104E+1	2,400E+1	3,500E+3	3,502E+3
1815,414	0,182	0,000	1,104E+1	2,400E+1	3,500E+3	3,498E+3
1816,414	0,182	0,000	1,105E+1	2,400E+1	3,500E+3	3,498E+3
1817,415	0,182	0,000	1,105E+1	2,400E+1	3,500E+3	3,511E+3
1818,415	0,182	0,000	1,104E+1	2,400E+1	3,500E+3	3,493E+3
1819,415	0,182	0,000	1,104E+1	2,400E+1	3,500E+3	3,516E+3
1820,416	0,182	0,000	1,105E+1	2,400E+1	3,500E+3	3,487E+3
1821,417	0,182	0,000	1,105E+1	2,400E+1	3,500E+3	3,492E+3
1822,417	0,182	0,000	1,105E+1	2,400E+1	3,500E+3	3,494E+3
1823,417	0,182	0,000	1,105E+1	2,400E+1	3,500E+3	3,512E+3
1824,416	0,182	0,000	1,104E+1	2,400E+1	3,500E+3	3,514E+3
1825,418	0,182	0,000	1,105E+1	2,400E+1	3,500E+3	3,500E+3
1826,419	0,182	0,000	1,105E+1	2,400E+1	3,500E+3	3,497E+3
1827,419	0,182	0,000	1,105E+1	2,400E+1	3,500E+3	3,508E+3
1828,419	0,182	0,000	1,105E+1	2,400E+1	3,500E+3	3,505E+3
1829,419	0,181	0,000	1,104E+1	2,400E+1	3,500E+3	3,494E+3
1830,419	0,182	0,000	1,105E+1	2,400E+1	3,500E+3	3,508E+3
1831,418	0,182	0,000	1,105E+1	2,400E+1	3,500E+3	3,509E+3
1832,419	0,181	0,000	1,104E+1	2,400E+1	3,500E+3	3,507E+3
1833,420	0,182	0,000	1,104E+1	2,400E+1	3,500E+3	3,501E+3
1834,420	0,182	0,000	1,105E+1	2,400E+1	3,500E+3	3,499E+3
1835,420	0,182	0,000	1,105E+1	2,400E+1	3,500E+3	3,505E+3
1836,420	0,182	0,000	1,105E+1	2,400E+1	3,500E+3	3,493E+3
1837,420	0,182	0,000	1,105E+1	2,400E+1	3,500E+3	3,506E+3
1838,419	0,182	0,000	1,105E+1	2,400E+1	3,500E+3	3,503E+3
1839,420	0,182	0,000	1,105E+1	2,400E+1	3,500E+3	3,512E+3
1840,420	0,182	0,000	1,106E+1	2,400E+1	3,500E+3	3,507E+3
1841,420	0,182	0,000	1,106E+1	2,400E+1	3,500E+3	3,498E+3
1842,420	0,182	0,000	1,105E+1	2,400E+1	3,500E+3	3,498E+3
1843,420	0,182	0,000	1,105E+1	2,400E+1	3,500E+3	3,510E+3
1844,420	0,182	0,000	1,105E+1	2,400E+1	3,500E+3	3,500E+3
1845,420	0,182	0,000	1,105E+1	2,400E+1	3,500E+3	3,506E+3
1846,420	0,182	0,000	1,105E+1	2,400E+1	3,500E+3	3,510E+3
1847,420	0,182	0,000	1,105E+1	2,400E+1	3,500E+3	3,491E+3
1848,420	0,182	0,000	1,105E+1	2,400E+1	3,500E+3	3,491E+3
1849,420	0,182	0,000	1,105E+1	2,400E+1	3,500E+3	3,490E+3
1850,421	0,181	0,000	1,106E+1	2,400E+1	3,500E+3	3,502E+3
1851,421	0,182	0,000	1,105E+1	2,400E+1	3,500E+3	3,510E+3
1852,421	0,182	0,000	1,105E+1	2,400E+1	3,500E+3	3,507E+3
1853,421	0,182	0,000	1,106E+1	2,400E+1	3,500E+3	3,495E+3
1854,421	0,182	0,000	1,106E+1	2,400E+1	3,500E+3	3,494E+3
1855,421	0,182	0,000	1,106E+1	2,400E+1	3,500E+3	3,507E+3
1856,421	0,182	0,000	1,106E+1	2,400E+1	3,500E+3	3,480E+3
1857,421	0,182	0,000	1,106E+1	2,400E+1	3,500E+3	3,503E+3
1858,421	0,182	0,000	1,106E+1	2,400E+1	3,500E+3	3,502E+3
1859,421	0,182	0,000	1,106E+1	2,400E+1	3,500E+3	3,512E+3
1860,421	0,182	0,000	1,106E+1	2,400E+1	3,500E+3	3,504E+3
1861,421	0,182	0,000	1,106E+1	2,400E+1	3,500E+3	3,489E+3
1862,421	0,182	0,000	1,106E+1	2,400E+1	3,500E+3	3,504E+3
1863,422	0,182	0,000	1,107E+1	2,400E+1	3,500E+3	3,498E+3
1864,422	0,182	0,000	1,107E+1	2,400E+1	3,500E+3	3,511E+3
1865,422	0,182	0,000	1,106E+1	2,400E+1	3,500E+3	3,504E+3
1866,422	0,182	0,000	1,106E+1	2,400E+1	3,500E+3	3,507E+3
1867,424	0,182	0,000	1,106E+1	2,400E+1	3,500E+3	3,497E+3
1868,425	0,182	0,000	1,106E+1	2,400E+1	3,500E+3	3,498E+3
1869,425	0,182	0,000	1,106E+1	2,400E+1	3,500E+3	3,503E+3
1870,425	0,182	0,000	1,106E+1	2,400E+1	3,500E+3	3,499E+3
1871,425	0,181	0,000	1,106E+1	2,400E+1	3,500E+3	3,495E+3
1872,424	0,181	0,000	1,106E+1	2,400E+1	3,500E+3	3,491E+3
1873,426	0,181	0,000	1,106E+1	2,400E+1	3,500E+3	3,509E+3
1874,426	0,181	0,000	1,105E+1	2,400E+1	3,500E+3	3,511E+3
1875,426	0,181	0,000	1,105E+1	2,400E+1	3,500E+3	3,506E+3
1876,426	0,181	0,000	1,106E+1	2,400E+1	3,500E+3	3,494E+3
1877,426	0,181	0,000	1,106E+1	2,400E+1	3,500E+3	3,502E+3
1878,426	0,181	0,000	1,106E+1	2,400E+1	3,500E+3	3,498E+3
1879,426	0,181	0,000	1,106E+1	2,400E+1	3,500E+3	3,489E+3
1880,426	0,181	0,000	1,106E+1	2,400E+1	3,500E+3	3,505E+3
1881,426	0,181	0,000	1,106E+1	2,400E+1	3,500E+3	3,491E+3
1882,426	0,181	0,000	1,106E+1	2,400E+1	3,500E+3	3,502E+3
1883,426	0,181	0,000	1,106E+1	2,400E+1	3,500E+3	3,525E+3
1884,427	0,181	0,000	1,107E+1	2,400E+1	3,500E+3	3,493E+3
1885,427	0,181	0,000	1,106E+1	2,400E+1	3,500E+3	3,506E+3
1886,426	0,181	0,000	1,106E+1	2,400E+1	3,500E+3	3,497E+3
1887,427	0,181	0,000	1,106E+1	2,400E+1	3,500E+3	3,492E+3
1888,427	0,181	0,000	1,107E+1	2,400E+1	3,500E+3	3,506E+3
1889,427	0,181	0,000	1,107E+1	2,400E+1	3,500E+3	3,511E+3
1890,427	0,181	0,000	1,107E+1	2,400E+1	3,500E+3	3,511E+3
1891,428	0,182	0,000	1,107E+1	2,400E+1	3,500E+3	3,494E+3
1892,428	0,182	0,000	1,107E+1	2,400E+1	3,500E+3	3,493E+3
1893,428	0,182	0,000	1,107E+1	2,400E+1	3,500E+3	3,512E+3
1894,429	0,182	0,000	1,107E+1	2,400E+1	3,500E+3	3,498E+3
1895,429	0,182	0,000	1,107E+1	2,400E+1	3,500E+3	3,498E+3
1896,429	0,181	0,000	1,107E+1	2,400E+1	3,500E+3	3,505E+3
1897,429	0,181	0,000	1,106E+1	2,400E+1	3,500E+3	3,505E+3
1898,429	0,181	0,000	1,106E+1	2,400E+1	3,500E+3	3,493E+3
1899,429	0,181	0,000	1,106E+1	2,400E+1	3,500E+3	3,494E+3
1900,429	0,181	0,000	1,107E+1	2,400E+1	3,500E+3	3,509E+3
1901,429	0,181	0,000	1,107E+1	2,400E+1	3,500E+3	3,495E+3
1902,429	0,182	0,000	1,108E+1	2,400E+1	3,500E+3	3,496E+3
1903,429	0,182	0,000	1,107E+1	2,400E+1	3,500E+3	3,503E+3
1904,429	0,182	0,000	1,107E+1	2,400E+1	3,500E+3	3,508E+3
1905,429	0,181	0,000	1,107E+1	2,400E+1	3,500E+3	3,507E+3
1906,429	0,181	0,000	1,107E+1	2,400E+1	3,500E+3	3,490E+3
1907,429	0,181	0,000	1,107E+1	2,400E+1	3,500E+3	3,497E+3
1908,429	0,181	0,000	1,107E+1	2,400E+1	3,500E+3	3,503E+3
1909,429	0,181	0,000	1,107E+1	2,400E+1	3,500E+3	3,503E+3
1910,429	0,181	0,000	1,107E+1	2,400E+1	3,500E+3	3,507E+3
1911,429	0,181	0,000	1,107E+1	2,400E+1	3,500E+3	3,492E+3
1912,429	0,181	0,000	1,107E+1	2,400E+1	3,500E+3	3,496E+3
1913,429	0,181	0,000	1,107E+1	2,400E+1	3,500E+3	3,497E+3
1914,428	0,181	0,000	1,107E+1	2,400E+1	3,500E+3	3,499E+3
1915,429	0,181	0,000	1,107E+1	2,400E+1	3,500E+3	3,495E+3
1916,430	0,182	0,000	1,107E+1	2,400E+1	3,500E+3	3,489E+3
1917,430	0,182	0,000	1,107E+1	2,400E+1	3,500E+3	3,478E+3
1918,431	0,181	0,000	1,107E+1	2,400E+1	3,500E+3	3,498E+3
1919,432	0,181	0,000	1,107E+1	2,400E+1	3,500E+3	3,497E+3
1920,432	0,181	0,000	1,107E+1	2,400E+1	3,500E+3	3,502E+3
1921,431	0,181	0,000	1,107E+1	2,400E+1	3,500E+3	3,501E+3
1922,432	0,181	0,000	1,107E+1	2,400E+1	3,500E+3	3,496E+3
1923,432	0,182	0,000	1,107E+1	2,400E+1	3,500E+3	3,494E+3
1924,432	0,182	0,000	1,107E+1	2,400E+1	3,500E+3	3,502E+3
1925,433	0,182	0,000	1,107E+1	2,400E+1	3,500E+3	3,502E+3
1926,433	0,181	0,000	1,107E+1	2,400E+1	3,500E+3	3,492E+3
1927,433	0,181	0,000	1,107E+1	2,400E+1	3,500E+3	3,499E+3
1928,433	0,181	0,000	1,108E+1	2,400E+1	3,500E+3	3,498E+3
1929,433	0,181	0,000	1,108E+1	2,400E+1	3,500E+3	3,490E+3
1930,434	0,181	0,000	1,107E+1	2,400E+1	3,500E+3	3,493E+3
1931,434	0,181	0,000	1,107E+1	2,400E+1	3,500E+3	3,497E+3
1932,434	0,181	0,000	1,108E+1	2,400E+1	3,500E+3	3,507E+3
1933,434	0,181	0,000	1,108E+1	2,400E+1	3,500E+3	3,502E+3
1934,434	0,181	0,000	1,108E+1	2,400E+1	3,500E+3	3,492E+3
1935,435	0,181	0,000	1,108E+1	2,400E+1	3,500E+3	3,489E+3
1936,435	0,181	0,000	1,108E+1	2,400E+1	3,500E+3	3,515E+3
1937,436	0,182	0,000	1,108E+1	2,400E+1	3,500E+3	3,509E+3
1938,436	0,182	0,000	1,108E+1	2,400E+1	3,500E+3	3,503E+3
1939,436	0,182	0,000	1,108E+1	2,400E+1	3,500E+3	3,499E+3
1940,436	0,182	0,000	1,108E+1	2,400E+1	3,500E+3	3,502E+3
1941,436	0,182	0,000	1,108E+1	2,400E+1	3,500E+3	3,506E+3
1942,438	0,182	0,000	1,108E+1	2,400E+1	3,500E+3	3,495E+3
1943,438	0,182	0,000	1,108E+1	2,400E+1	3,500E+3	3,501E+3
1944,438	0,181	0,000	1,108E+1	2,400E+1	3,500E+3	3,512E+3
1945,439	0,181	0,000	1,108E+1	2,400E+1	3,500E+3	3,495E+3
1946,439	0,181	0,000	1,107E+1	2,400E+1	3,500E+3	3,507E+3
1947,440	0,181	0,000	1,108E+1	2,400E+1	3,500E+3	3,501E+3
1948,439	0,181	0,000	1,108E+1	2,400E+1	3,500E+3	3,494E+3
1949,440	0,181	0,000	1,108E+1	2,400E+1	3,500E+3	3,498E+3
1950,440	0,181	0,000	1,108E+1	2,400E+1	3,500E+3	3,499E+3
1951,440	0,181	0,000	1,108E+1	2,400E+1	3,500E+3	3,516E+3
1952,440	0,181	0,000	1,108E+1	2,400E+1	3,500E+3	3,503E+3
1953,439	0,181	0,000	1,109E+1	2,400E+1	3,500E+3	3,511E+3
1954,440	0,182	0,000	1,108E+1	2,400E+1	3,500E+3	3,498E+3
1955,440	0,182	0,000	1,108E+1	2,400E+1	3,500E+3	3,503E+3
1956,440	0,181	0,000	1,108E+1	2,400E+1	3,500E+3	3,523E+3
1957,440	0,181	0,000	1,109E+1	2,400E+1	3,500E+3	3,498E+3
1958,440	0,181	0,000	1,109E+1	2,400E+1	3,500E+3	3,495E+3
1959,440	0,181	0,000	1,108E+1	2,400E+1	3,500E+3	3,508E+3
1960,441	0,181	0,000	1,108E+1	2,400E+1	3,500E+3	3,497E+3
1961,441	0,181	0,000	1,108E+1	2,400E+1	3,500E+3	3,495E+3
1962,441	0,182	0,000	1,108E+1	2,400E+1	3,500E+3	3,497E+3
1963,441	0,181	0,000	1,108E+1	2,400E+1	3,500E+3	3,496E+3
1964,442	0,181	0,000	1,108E+1	2,400E+1	3,500E+3	3,498E+3
1965,442	0,181	0,000	1,108E+1	2,400E+1	3,500E+3	3,506E+3
1966,442	0,181	0,000	1,109E+1	2,400E+1	3,500E+3	3,493E+3
1967,443	0,181	0,000	1,109E+1	2,400E+1	3,500E+3	3,486E+3
1968,443	0,181	0,000	1,109E+1	2,400E+1	3,500E+3	3,504E+3
1969,443	0,181	0,000	1,109E+1	2,400E+1	3,500E+3	3,501E+3
1970,443	0,181	0,000	1,109E+1	2,400E+1	3,500E+3	3,512E+3
1971,443	0,181	0,000	1,109E+1	2,400E+1	3,500E+3	3,499E+3
1972,443	0,181	0,000	1,109E+1	2,400E+1	3,500E+3	3,493E+3
1973,442	0,181	0,000	1,109E+1	2,400E+1	3,500E+3	3,506E+3
1974,443	0,181	0,000	1,109E+1	2,400E+1	3,500E+3	3,509E+3
1975,443	0,181	0,000	1,109E+1	2,400E+1	3,500E+3	3,510E+3
1976,443	0,181	0,000	1,108E+1	2,400E+1	3,500E+3	3,493E+3
1977,445	0,181	0,000	1,108E+1	2,400E+1	3,500E+3	3,490E+3
1978,445	0,181	0,000	1,109E+1	2,400E+1	3,500E+3	3,482E+3
1979,445	0,181	0,000	1,109E+1	2,400E+1	3,500E+3	3,472E+3
1980,445	0,181	0,000	1,109E+1	2,400E+1	3,500E+3	3,507E+3
1981,445	0,181	0,000	1,109E+1	2,400E+1	3,500E+3	3,499E+3
1982,445	0,181	0,000	1,110E+1	2,400E+1	3,500E+3	3,501E+3
1983,445	0,181	0,000	1,109E+1	2,400E+1	3,500E+3	3,512E+3
1984,446	0,181	0,000	1,109E+1	2,400E+1	3,500E+3	3,511E+3
1985,446	0,181	0,000	1,108E+1	2,400E+1	3,500E+3	3,498E+3
1986,446	0,181	0,000	1,109E+1	2,400E+1	3,500E+3	3,494E+3
1987,446	0,181	0,000	1,109E+1	2,400E+1	3,500E+3	3,493E+3
1988,447	0,181	0,000	1,109E+1	2,400E+1	3,500E+3	3,503E+3
1989,447	0,181	0,000	1,109E+1	2,400E+1	3,500E+3	3,499E+3
1990,447	0,181	0,000	1,108E+1	2,400E+1	3,500E+3	3,496E+3
1991,447	0,181	0,000	1,108E+1	2,400E+1	3,500E+3	3,501E+3
1992,447	0,181	0,000	1,109E+1	2,400E+1	3,500E+3	3,500E+3
1993,447	0,181	0,000	1,109E+1	2,400E+1	3,500E+3	3,503E+3
1994,448	0,181	0,000	1,109E+1	2,400E+1	3,500E+3	3,497E+3
1995,448	0,181	0,000	1,109E+1	2,400E+1	3,500E+3	3,513E+3
1996,448	0,181	0,000	1,109E+1	2,400E+1	3,500E+3	3,503E+3
1997,448	0,181	0,000	1,109E+1	2,400E+1	3,500E+3	3,485E+3
1998,448	0,181	0,000	1,109E+1	2,400E+1	3,500E+3	3,505E+3
1999,448	0,181	0,000	1,109E+1	2,400E+1	3,500E+3	3,490E+3
2000,448	0,181	0,000	1,109E+1	2,400E+1	3,500E+3	3,500E+3
2001,448	0,182	0,000	1,110E+1	2,400E+1	3,500E+3	3,499E+3
2002,448	0,181	0,000	1,110E+1	2,400E+1	3,500E+3	3,502E+3
2003,448	0,181	0,000	1,110E+1	2,400E+1	3,500E+3	3,482E+3
2004,449	0,181	0,000	1,109E+1	2,400E+1	3,500E+3	3,494E+3
2005,449	0,181	0,000	1,110E+1	2,400E+1	3,500E+3	3,514E+3
2006,449	0,181	0,000	1,110E+1	2,400E+1	3,500E+3	3,514E+3
2007,449	0,181	0,000	1,110E+1	2,400E+1	3,500E+3	3,500E+3
2008,449	0,181	0,000	1,110E+1	2,400E+1	3,500E+3	3,502E+3
2009,449	0,181	0,000	1,110E+1	2,400E+1	3,500E+3	3,488E+3
2010,449	0,181	0,000	1,110E+1	2,400E+1	3,500E+3	3,493E+3
2011,449	0,181	0,000	1,110E+1	2,400E+1	3,500E+3	3,494E+3
2012,449	0,181	0,000	1,110E+1	2,400E+1	3,500E+3	3,504E+3
2013,449	0,181	0,000	1,109E+1	2,400E+1	3,500E+3	3,503E+3
2014,449	0,181	0,000	1,109E+1	2,400E+1	3,500E+3	3,486E+3
2015,449	0,181	0,000	1,110E+1	2,400E+1	3,500E+3	3,491E+3
2016,449	0,181	0,000	1,109E+1	2,400E+1	3,500E+3	3,503E+3
2017,449	0,181	0,000	1,109E+1	2,400E+1	3,500E+3	3,491E+3
2018,449	0,181	0,000	1,110E+1	2,400E+1	3,500E+3	3,479E+3
2019,449	0,181	0,000	1,110E+1	2,400E+1	3,500E+3	3,504E+3
2020,449	0,181	0,000	1,110E+1	2,400E+1	3,500E+3	3,495E+3
2021,450	0,181	0,000	1,109E+1	2,400E+1	3,500E+3	3,499E+3
2022,450	0,181	0,000	1,109E+1	2,400E+1	3,500E+3	3,499E+3
2023,449	0,181	0,000	1,110E+1	2,400E+1	3,500E+3	3,509E+3
2024,449	0,181	0,000	1,109E+1	2,400E+1	3,500E+3	3,497E+3
2025,451	0,181	0,000	1,109E+1	2,400E+1	3,500E+3	3,506E+3
2026,451	0,181	0,000	1,109E+1	2,400E+1	3,500E+3	3,496E+3
2027,451	0,181	0,000	1,109E+1	2,400E+1	3,500E+3	3,512E+3
2028,451	0,181	0,000	1,110E+1	2,400E+1	3,500E+3	3,498E+3
2029,451	0,181	0,000	1,110E+1	2,400E+1	3,500E+3	3,506E+3
2030,451	0,181	0,000	1,110E+1	2,400E+1	3,500E+3	3,503E+3
2031,450	0,181	0,000	1,110E+1	2,400E+1	3,500E+3	3,498E+3
2032,451	0,181	0,000	1,110E+1	2,400E+1	3,500E+3	3,506E+3
2033,451	0,181	0,000	1,110E+1	2,400E+1	3,500E+3	3,500E+3
2034,451	0,181	0,000	1,110E+1	2,400E+1	3,500E+3	3,509E+3
2035,451	0,181	0,000	1,110E+1	2,400E+1	3,500E+3	3,499E+3
2036,451	0,181	0,000	1,110E+1	2,400E+1	3,500E+3	3,502E+3
2037,451	0,181	0,000	1,110E+1	2,400E+1	3,500E+3	3,493E+3
2038,450	0,181	0,000	1,110E+1	2,400E+1	3,500E+3	3,498E+3
2039,451	0,181	0,000	1,110E+1	2,400E+1	3,500E+3	3,500E+3
2040,451	0,181	0,000	1,110E+1	2,400E+1	3,500E+3	3,494E+3
2041,451	0,181	0,000	1,110E+1	2,400E+1	3,500E+3	3,500E+3
2042,451	0,181	0,000	1,110E+1	2,400E+1	3,500E+3	3,505E+3
2043,452	0,182	0,000	1,111E+1	2,400E+1	3,500E+3	3,485E+3
2044,452	0,182	0,000	1,111E+1	2,400E+1	3,500E+3	3,505E+3
2045,452	0,181	0,000	1,111E+1	2,400E+1	3,500E+3	3,496E+3
2046,452	0,181	0,000	1,111E+1	2,400E+1	3,500E+3	3,493E+3
2047,452	0,181	0,000	1,110E+1	2,400E+1	3,500E+3	3,504E+3
2048,452	0,181	0,000	1,110E+1	2,400E+1	3,500E+3	3,504E+3
2049,452	0,181	0,000	1,110E+1	2,400E+1	3,500E+3	3,502E+3
2050,452	0,181	0,000	1,110E+1	2,400E+1	3,500E+3	3,507E+3
2051,453	0,181	0,000	1,110E+1	2,400E+1	3,500E+3	3,502E+3
2052,453	0,181	0,000	1,110E+1	2,400E+1	3,500E+3	3,510E+3
2053,453	0,181	0,000	1,110E+1	2,400E+1	3,500E+3	3,499E+3
2054,453	0,181	0,000	1,110E+1	2,400E+1	3,500E+3	3,500E+3
2055,453	0,181	0,000	1,110E+1	2,400E+1	3,500E+3	3,497E+3
2056,453	0,181	0,000	1,111E+1	2,400E+1	3,500E+3	3,514E+3
2057,454	0,181	0,000	1,111E+1	2,400E+1	3,500E+3	3,507E+3
2058,454	0,181	0,000	1,111E+1	2,400E+1	3,500E+3	3,496E+3
2059,455	0,181	0,000	1,111E+1	2,400E+1	3,500E+3	3,509E+3
2060,455	0,181	0,000	1,109E+1	2,400E+1	3,500E+3	3,496E+3
2061,455	0,181	0,000	1,109E+1	2,400E+1	3,500E+3	3,501E+3
2062,455	0,181	0,000	1,111E+1	2,400E+1	3,500E+3	3,512E+3
2063,456	0,181	0,000	1,110E+1	2,400E+1	3,500E+3	3,509E+3
2064,455	0,181	0,000	1,110E+1	2,400E+1	3,500E+3	3,507E+3
2065,456	0,181	0,000	1,110E+1	2,400E+1	3,500E+3	3,485E+3
2066,456	0,181	0,000	1,110E+1	2,400E+1	3,500E+3	3,518E+3
2067,457	0,181	0,000	1,110E+1	2,400E+1	3,500E+3	3,505E+3
2068,457	0,181	0,000	1,111E+1	2,400E+1	3,500E+3	3,501E+3
2069,457	0,181	0,000	1,111E+1	2,400E+1	3,500E+3	3,501E+3
2070,457	0,181	0,000	1,111E+1	2,400E+1	3,500E+3	3,509E+3
2071,457	0,181	0,000	1,111E+1	2,400E+1	3,500E+3	3,503E+3
2072,459	0,181	0,000	1,111E+1	2,400E+1	3,500E+3	3,496E+3
2073,460	0,181	0,000	1,111E+1	2,400E+1	3,500E+3	3,507E+3
2074,461	0,181	0,000	1,111E+1	2,400E+1	3,500E+3	3,502E+3
2075,461	0,181	0,000	1,111E+1	2,400E+1	3,500E+3	3,508E+3
2076,461	0,181	0,000	1,110E+1	2,400E+1	3,500E+3	3,503E+3
2077,461	0,181	0,000	1,110E+1	2,400E+1	3,500E+3	3,512E+3
2078,462	0,181	0,000	1,110E+1	2,400E+1	3,500E+3	3,489E+3
2079,463	0,181	0,000	1,111E+1	2,400E+1	3,500E+3	3,499E+3
2080,463	0,181	0,000	1,111E+1	2,400E+1	3,500E+3	3,497E+3
2081,463	0,181	0,000	1,111E+1	2,400E+1	3,500E+3	3,507E+3
2082,462	0,181	0,000	1,111E+1	2,400E+1	3,500E+3	3,503E+3
2083,463	0,181	0,000	1,111E+1	2,400E+1	3,500E+3	3,508E+3
2084,463	0,181	0,000	1,111E+1	2,400E+1	3,500E+3	3,495E+3
2085,464	0,181	0,000	1,110E+1	2,400E+1	3,500E+3	3,513E+3
2086,464	0,181	0,000	1,111E+1	2,400E+1	3,500E+3	3,520E+3
2087,465	0,181	0,000	1,111E+1	2,400E+1	3,500E+3	3,511E+3
2088,465	0,181	0,000	1,110E+1	2,400E+1	3,500E+3	3,490E+3
2089,465	0,181	0,000	1,110E+1	2,400E+1	3,500E+3	3,489E+3
2090,466	0,181	0,000	1,112E+1	2,400E+1	3,500E+3	3,504E+3
2091,466	0,181	0,000	1,112E+1	2,400E+1	3,500E+3	3,503E+3
2092,466	0,181	0,000	1,112E+1	2,400E+1	3,500E+3	3,491E+3
2093,466	0,181	0,000	1,111E+1	2,400E+1	3,500E+3	3,499E+3
2094,466	0,181	0,000	1,111E+1	2,400E+1	3,500E+3	3,507E+3
2095,466	0,181	0,000	1,111E+1	2,400E+1	3,500E+3	3,494E+3
2096,466	0,181	0,000	1,111E+1	2,400E+1	3,500E+3	3,518E+3
2097,466	0,181	0,000	1,111E+1	2,400E+1	3,500E+3	3,501E+3
2098,466	0,181	0,000	1,111E+1	2,400E+1	3,500E+3	3,519E+3
2099,466	0,181	0,000	1,111E+1	2,400E+1	3,500E+3	3,507E+3
2100,467	0,181	0,000	1,111E+1	2,400E+1	3,500E+3	3,493E+3
2101,467	0,181	0,000	1,111E+1	2,400E+1	3,500E+3	3,499E+3
2102,467	0,181	0,000	1,111E+1	2,400E+1	3,500E+3	3,496E+3
2103,466	0,181	0,000	1,111E+1	2,400E+1	3,500E+3	3,510E+3
2104,467	0,181	0,000	1,111E+1	2,400E+1	3,500E+3	3,496E+3
2105,467	0,181	0,000	1,111E+1	2,400E+1	3,500E+3	3,506E+3
2106,468	0,181	0,000	1,110E+1	2,400E+1	3,500E+3	3,496E+3
2107,468	0,181	0,000	1,110E+1	2,400E+1	3,500E+3	3,496E+3
2108,468	0,181	0,000	1,111E+1	2,400E+1	3,500E+3	3,497E+3
2109,468	0,181	0,000	1,111E+1	2,400E+1	3,500E+3	3,507E+3
2110,467	0,181	0,000	1,111E+1	2,400E+1	3,500E+3	3,494E+3
2111,468	0,181	0,000	1,112E+1	2,400E+1	3,500E+3	3,516E+3
2112,468	0,181	0,000	1,112E+1	2,400E+1	3,500E+3	3,498E+3
2113,469	0,181	0,000	1,111E+1	2,400E+1	3,500E+3	3,505E+3
2114,470	0,181	0,000	1,111E+1	2,400E+1	3,500E+3	3,497E+3
2115,470	0,181	0,000	1,111E+1	2,400E+1	3,500E+3	3,498E+3
2116,471	0,181	0,000	1,112E+1	2,400E+1	3,500E+3	3,507E+3
2117,471	0,181	0,000	1,112E+1	2,400E+1	3,500E+3	3,490E+3
2118,471	0,181	0,000	1,111E+1	2,400E+1	3,500E+3	3,492E+3
2119,471	0,181	0,000	1,111E+1	2,400E+1	3,500E+3	3,505E+3
2120,471	0,181	0,000	1,111E+1	2,400E+1	3,500E+3	3,494E+3
2121,471	0,181	0,000	1,113E+1	2,400E+1	3,500E+3	3,494E+3
2122,471	0,181	0,000	1,111E+1	2,400E+1	3,500E+3	3,494E+3
2123,471	0,181	0,000	1,111E+1	2,400E+1	3,500E+3	3,516E+3
2124,471	0,181	0,000	1,111E+1	2,400E+1	3,500E+3	3,507E+3
2125,471	0,181	0,000	1,112E+1	2,400E+1	3,500E+3	3,498E+3
2126,471	0,181	0,000	1,112E+1	2,400E+1	3,500E+3	3,499E+3
2127,471	0,181	0,000	1,112E+1	2,400E+1	3,500E+3	3,508E+3
2128,471	0,181	0,000	1,111E+1	2,400E+1	3,500E+3	3,507E+3
2129,471	0,181	0,000	1,111E+1	2,400E+1	3,500E+3	3,504E+3
2130,471	0,181	0,000	1,112E+1	2,400E+1	3,500E+3	3,515E+3
2131,471	0,181	0,000	1,112E+1	2,400E+1	3,500E+3	3,494E+3
2132,471	0,181	0,000	1,112E+1	2,400E+1	3,500E+3	3,509E+3
2133,470	0,181	0,000	1,111E+1	2,400E+1	3,500E+3	3,496E+3
2134,471	0,181	0,000	1,111E+1	2,400E+1	3,500E+3	3,509E+3
2135,471	0,181	0,000	1,111E+1	2,400E+1	3,500E+3	3,495E+3
2136,471	0,181	0,000	1,112E+1	2,400E+1	3,500E+3	3,500E+3
2137,472	0,181	0,000	1,112E+1	2,400E+1	3,500E+3	3,505E+3
2138,472	0,181	0,000	1,112E+1	2,400E+1	3,500E+3	3,484E+3
2139,472	0,181	0,000	1,112E+1	2,400E+1	3,500E+3	3,451E+3
2140,472	0,181	0,000	1,111E+1	2,400E+1	3,500E+3	3,501E+3
2141,474	0,181	0,000	1,112E+1	2,400E+1	3,500E+3	3,503E+3
2142,474	0,181	0,000	1,111E+1	2,400E+1	3,500E+3	3,512E+3
2143,474	0,181	0,000	1,112E+1	2,400E+1	3,500E+3	3,509E+3
2144,474	0,181	0,000	1,112E+1	2,400E+1	3,500E+3	3,495E+3
2145,475	0,181	0,000	1,113E+1	2,400E+1	3,500E+3	3,499E+3
2146,475	0,181	0,000	1,112E+1	2,400E+1	3,500E+3	3,498E+3
2147,475	0,181	0,000	1,112E+1	2,400E+1	3,500E+3	3,500E+3
2148,475	0,181	0,000	1,112E+1	2,400E+1	3,500E+3	3,497E+3
2149,476	0,181	0,000	1,112E+1	2,400E+1	3,500E+3	3,503E+3
2150,476	0,181	0,000	1,112E+1	2,400E+1	3,500E+3	3,491E+3
2151,476	0,181	0,000	1,112E+1	2,400E+1	3,500E+3	3,515E+3
2152,476	0,181	0,000	1,112E+1	2,400E+1	3,500E+3	3,516E+3
2153,476	0,181	0,000	1,112E+1	2,400E+1	3,500E+3	3,515E+3
2154,476	0,181	0,000	1,112E+1	2,400E+1	3,500E+3	3,521E+3
2155,475	0,181	0,000	1,112E+1	2,400E+1	3,500E+3	3,499E+3
2156,476	0,181	0,000	1,112E+1	2,400E+1	3,500E+3	3,485E+3
2157,476	0,181	0,000	1,112E+1	2,400E+1	3,500E+3	3,503E+3
2158,476	0,181	0,000	1,112E+1	2,400E+1	3,500E+3	3,516E+3
2159,476	0,181	0,000	1,112E+1	2,400E+1	3,500E+3	3,514E+3
2160,476	0,181	0,000	1,112E+1	2,400E+1	3,500E+3	3,514E+3
2161,476	0,181	0,000	1,112E+1	2,400E+1	3,500E+3	3,508E+3
2162,477	0,181	0,000	1,112E+1	2,400E+1	3,500E+3	3,489E+3
2163,476	0,181	0,000	1,112E+1	2,400E+1	3,500E+3	3,501E+3
2164,478	0,181	0,000	1,112E+1	2,400E+1	3,500E+3	3,507E+3
2165,478	0,181	0,000	1,112E+1	2,400E+1	3,500E+3	3,503E+3
2166,478	0,181	0,000	1,112E+1	2,400E+1	3,500E+3	3,517E+3
2167,478	0,181	0,000	1,112E+1	2,400E+1	3,500E+3	3,497E+3
2168,478	0,181	0,000	1,113E+1	2,400E+1	3,500E+3	3,503E+3
2169,478	0,181	0,000	1,113E+1	2,400E+1	3,500E+3	3,498E+3
2170,477	0,181	0,000	1,113E+1	2,400E+1	3,500E+3	3,501E+3
2171,479	0,181	0,000	1,113E+1	2,400E+1	3,500E+3	3,504E+3
2172,479	0,181	0,000	1,113E+1	2,400E+1	3,500E+3	3,502E+3
2173,479	0,181	0,000	1,113E+1	2,400E+1	3,500E+3	3,512E+3
2174,479	0,181	0,000	1,113E+1	2,400E+1	3,500E+3	3,493E+3
2175,478	0,181	0,000	1,113E+1	2,400E+1	3,500E+3	3,505E+3
2176,480	0,181	0,000	1,113E+1	2,400E+1	3,500E+3	3,526E+3
2177,480	0,181	0,000	1,113E+1	2,400E+1	3,500E+3	3,497E+3
2178,480	0,181	0,000	1,113E+1	2,400E+1	3,500E+3	3,493E+3
2179,480	0,181	0,000	1,112E+1	2,400E+1	3,500E+3	3,512E+3
2180,480	0,181	0,000	1,112E+1	2,400E+1	3,500E+3	3,497E+3
2181,480	0,181	0,000	1,113E+1	2,400E+1	3,500E+3	3,490E+3
2182,479	0,181	0,000	1,113E+1	2,400E+1	3,500E+3	3,500E+3
2183,480	0,181	0,000	1,113E+1	2,400E+1	3,500E+3	3,516E+3
2184,481	0,181	0,000	1,113E+1	2,400E+1	3,500E+3	3,489E+3
2185,481	0,181	0,000	1,113E+1	2,400E+1	3,500E+3	3,511E+3
2186,481	0,181	0,000	1,113E+1	2,400E+1	3,500E+3	3,497E+3
2187,481	0,181	0,000	1,114E+1	2,400E+1	3,500E+3	3,503E+3
2188,481	0,181	0,000	1,114E+1	2,400E+1	3,500E+3	3,500E+3
2189,481	0,181	0,000	1,114E+1	2,400E+1	3,500E+3	3,502E+3
2190,483	0,181	0,000	1,114E+1	2,400E+1	3,500E+3	3,511E+3
2191,483	0,181	0,000	1,114E+1	2,400E+1	3,500E+3	3,505E+3
2192,482	0,181	0,000	1,112E+1	2,400E+1	3,500E+3	3,508E+3
2193,483	0,181	0,000	1,113E+1	2,400E+1	3,500E+3	3,492E+3
2194,483	0,181	0,000	1,113E+1	2,400E+1	3,500E+3	3,495E+3
2195,483	0,181	0,000	1,114E+1	2,400E+1	3,500E+3	3,487E+3
2196,483	0,181	0,000	1,114E+1	2,400E+1	3,500E+3	3,528E+3
2197,483	0,181	0,000	1,114E+1	2,400E+1	3,500E+3	3,506E+3
2198,483	0,181	0,000	1,114E+1	2,400E+1	3,500E+3	3,507E+3
2199,484	0,181	0,000	1,114E+1	2,400E+1	3,500E+3	3,504E+3
2200,485	0,181	0,000	1,113E+1	2,400E+1	3,500E+3	3,490E+3
2201,486	0,181	0,000	1,112E+1	2,400E+1	3,500E+3	3,494E+3
2202,486	0,181	0,000	1,113E+1	2,400E+1	3,500E+3	3,498E+3
2203,487	0,181	0,000	1,113E+1	2,400E+1	3,500E+3	3,497E+3
2204,486	0,181	0,000	1,113E+1	2,400E+1	3,500E+3	3,523E+3
2205,488	0,181	0,000	1,113E+1	2,400E+1	3,500E+3	3,506E+3
2206,488	0,181	0,000	1,113E+1	2,400E+1	3,500E+3	3,503E+3
2207,489	0,181	0,000	1,113E+1	2,400E+1	3,500E+3	3,494E+3
2208,489	0,181	0,000	1,113E+1	2,400E+1	3,500E+3	3,503E+3
2209,489	0,181	0,000	1,113E+1	2,400E+1	3,500E+3	3,502E+3
2210,489	0,181	0,000	1,113E+1	2,400E+1	3,500E+3	3,502E+3
2211,489	0,181	0,000	1,113E+1	2,400E+1	3,500E+3	3,494E+3
2212,489	0,181	0,000	1,114E+1	2,400E+1	3,500E+3	3,490E+3
2213,489	0,181	0,000	1,114E+1	2,400E+1	3,500E+3	3,515E+3
2214,489	0,181	0,000	1,114E+1	2,400E+1	3,500E+3	3,500E+3
2215,489	0,181	0,000	1,114E+1	2,400E+1	3,500E+3	3,506E+3
2216,489	0,181	0,000	1,114E+1	2,400E+1	3,500E+3	3,501E+3
2217,489	0,181	0,000	1,114E+1	2,400E+1	3,500E+3	3,503E+3
2218,489	0,181	0,000	1,114E+1	2,400E+1	3,500E+3	3,510E+3
2219,489	0,181	0,000	1,113E+1	2,400E+1	3,500E+3	3,504E+3
2220,489	0,181	0,000	1,113E+1	2,400E+1	3,500E+3	3,502E+3
2221,490	0,181	0,000	1,113E+1	2,400E+1	3,500E+3	3,499E+3
2222,490	0,181	0,000	1,114E+1	2,400E+1	3,500E+3	3,493E+3
2223,492	0,181	0,000	1,114E+1	2,400E+1	3,500E+3	3,513E+3
2224,492	0,181	0,000	1,114E+1	2,400E+1	3,500E+3	3,502E+3
2225,492	0,181	0,000	1,114E+1	2,400E+1	3,500E+3	3,479E+3
2226,492	0,181	0,000	1,113E+1	2,400E+1	3,500E+3	3,500E+3
2227,491	0,181	0,000	1,113E+1	2,400E+1	3,500E+3	3,489E+3
2228,492	0,181	0,000	1,113E+1	2,400E+1	3,500E+3	3,496E+3
2229,492	0,181	0,000	1,113E+1	2,400E+1	3,500E+3	3,483E+3
2230,492	0,181	0,000	1,114E+1	2,400E+1	3,500E+3	3,496E+3
2231,492	0,181	0,000	1,114E+1	2,400E+1	3,500E+3	3,512E+3
2232,492	0,181	0,000	1,114E+1	2,400E+1	3,500E+3	3,504E+3
2233,493	0,181	0,000	1,114E+1	2,400E+1	3,500E+3	3,499E+3
2234,492	0,181	0,000	1,114E+1	2,400E+1	3,500E+3	3,504E+3
2235,493	0,181	0,000	1,114E+1	2,400E+1	3,500E+3	3,497E+3
2236,493	0,181	0,000	1,114E+1	2,400E+1	3,500E+3	3,489E+3
2237,493	0,181	0,000	1,113E+1	2,400E+1	3,500E+3	3,507E+3
2238,493	0,181	0,000	1,114E+1	2,400E+1	3,500E+3	3,501E+3
2239,494	0,181	0,000	1,114E+1	2,400E+1	3,500E+3	3,493E+3
2240,494	0,181	0,000	1,114E+1	2,400E+1	3,500E+3	3,502E+3
2241,493	0,181	0,000	1,114E+1	2,400E+1	3,500E+3	3,503E+3
2242,494	0,181	0,000	1,114E+1	2,400E+1	3,500E+3	3,499E+3
2243,494	0,181	0,000	1,114E+1	2,400E+1	3,500E+3	3,490E+3
2244,494	0,181	0,000	1,114E+1	2,400E+1	3,500E+3	3,500E+3
2245,494	0,181	0,000	1,114E+1	2,400E+1	3,500E+3	3,499E+3
2246,494	0,181	0,000	1,114E+1	2,400E+1	3,500E+3	3,505E+3
2247,494	0,181	0,000	1,114E+1	2,400E+1	3,500E+3	3,506E+3
2248,494	0,181	0,000	1,114E+1	2,400E+1	3,500E+3	3,475E+3
2249,494	0,181	0,000	1,114E+1	2,400E+1	3,500E+3	3,496E+3
2250,494	0,181	0,000	1,114E+1	2,400E+1	3,500E+3	3,494E+3
2251,494	0,181	0,000	1,114E+1	2,400E+1	3,500E+3	3,507E+3
2252,494	0,181	0,000	1,115E+1	2,400E+1	3,500E+3	3,498E+3
2253,494	0,181	0,000	1,114E+1	2,400E+1	3,500E+3	3,485E+3
2254,494	0,181	0,000	1,113E+1	2,400E+1	3,500E+3	3,508E+3
2255,494	0,181	0,000	1,113E+1	2,400E+1	3,500E+3	3,498E+3
2256,495	0,181	0,000	1,115E+1	2,400E+1	3,500E+3	3,511E+3
2257,496	0,181	0,000	1,114E+1	2,400E+1	3,500E+3	3,488E+3
2258,495	0,181	0,000	1,114E+1	2,400E+1	3,500E+3	3,493E+3
2259,496	0,181	0,000	1,114E+1	2,400E+1	3,500E+3	3,500E+3
2260,497	0,181	0,000	1,114E+1	2,400E+1	3,500E+3	3,505E+3
2261,497	0,181	0,000	1,114E+1	2,400E+1	3,500E+3	3,518E+3
2262,498	0,181	0,000	1,114E+1	2,400E+1	3,500E+3	3,500E+3
2263,498	0,181	0,000	1,114E+1	2,400E+1	3,500E+3	3,497E+3
2264,499	0,181	0,000	1,114E+1	2,400E+1	3,500E+3	3,491E+3
2265,498	0,181	0,000	1,114E+1	2,400E+1	3,500E+3	3,497E+3
2266,500	0,181	0,000	1,115E+1	2,400E+1	3,500E+3	3,498E+3
2267,500	0,181	0,000	1,115E+1	2,400E+1	3,500E+3	3,507E+3
2268,500	0,181	0,000	1,115E+1	2,400E+1	3,500E+3	3,502E+3
2269,500	0,181	0,000	1,115E+1	2,400E+1	3,500E+3	3,512E+3
2270,500	0,181	0,000	1,115E+1	2,400E+1	3,500E+3	3,507E+3
2271,501	0,181	0,000	1,115E+1	2,400E+1	3,500E+3	3,489E+3
2272,501	0,181	0,000	1,115E+1	2,400E+1	3,500E+3	3,503E+3
2273,502	0,181	0,000	1,115E+1	2,400E+1	3,500E+3	3,496E+3
2274,502	0,181	0,000	1,115E+1	2,400E+1	3,500E+3	3,506E+3
2275,502	0,181	0,000	1,115E+1	2,400E+1	3,500E+3	3,506E+3
2276,502	0,181	0,000	1,114E+1	2,400E+1	3,500E+3	3,498E+3
2277,503	0,181	0,000	1,115E+1	2,400E+1	3,500E+3	3,502E+3
2278,504	0,181	0,000	1,115E+1	2,400E+1	3,500E+3	3,485E+3
2279,504	0,181	0,000	1,115E+1	2,400E+1	3,500E+3	3,494E+3
2280,505	0,181	0,000	1,114E+1	2,400E+1	3,500E+3	3,494E+3
2281,505	0,181	0,000	1,115E+1	2,400E+1	3,500E+3	3,507E+3
2282,505	0,181	0,000	1,115E+1	2,400E+1	3,500E+3	3,498E+3
2283,505	0,181	0,000	1,115E+1	2,400E+1	3,500E+3	3,521E+3
2284,504	0,181	0,000	1,115E+1	2,400E+1	3,500E+3	3,501E+3
2285,505	0,181	0,000	1,116E+1	2,400E+1	3,500E+3	3,512E+3
2286,505	0,181	0,000	1,116E+1	2,400E+1	3,500E+3	3,493E+3
2287,505	0,181	0,000	1,114E+1	2,400E+1	3,500E+3	3,498E+3
2288,505	0,181	0,000	1,115E+1	2,400E+1	3,500E+3	3,502E+3
2289,505	0,181	0,000	1,115E+1	2,400E+1	3,500E+3	3,493E+3
2290,505	0,181	0,000	1,115E+1	2,400E+1	3,500E+3	3,473E+3
2291,504	0,181	0,000	1,115E+1	2,400E+1	3,500E+3	3,501E+3
2292,506	0,181	0,000	1,115E+1	2,400E+1	3,500E+3	3,501E+3
2293,506	0,181	0,000	1,114E+1	2,400E+1	3,500E+3	3,502E+3
2294,506	0,181	0,000	1,115E+1	2,400E+1	3,500E+3	3,514E+3
2295,506	0,181	0,000	1,115E+1	2,400E+1	3,500E+3	3,494E+3
2296,506	0,181	0,000	1,115E+1	2,400E+1	3,500E+3	3,494E+3
2297,506	0,181	0,000	1,114E+1	2,400E+1	3,500E+3	3,493E+3
2298,505	0,181	0,000	1,114E+1	2,400E+1	3,500E+3	3,500E+3
2299,506	0,181	0,000	1,114E+1	2,400E+1	3,500E+3	3,501E+3
2300,506	0,181	0,000	1,114E+1	2,400E+1	3,500E+3	3,495E+3
2301,506	0,181	0,000	1,115E+1	2,400E+1	3,500E+3	3,502E+3
2302,506	0,181	0,000	1,115E+1	2,400E+1	3,500E+3	3,503E+3
2303,506	0,181	0,000	1,115E+1	2,400E+1	3,500E+3	3,516E+3
2304,506	0,181	0,000	1,115E+1	2,400E+1	3,500E+3	3,504E+3
2305,506	0,181	0,000	1,115E+1	2,400E+1	3,500E+3	3,501E+3
2306,506	0,181	0,000	1,115E+1	2,400E+1	3,500E+3	3,509E+3
2307,507	0,181	0,000	1,115E+1	2,400E+1	3,500E+3	3,497E+3
2308,507	0,181	0,000	1,115E+1	2,400E+1	3,500E+3	3,480E+3
2309,507	0,181	0,000	1,115E+1	2,400E+1	3,500E+3	3,507E+3
2310,506	0,181	0,000	1,115E+1	2,400E+1	3,500E+3	3,503E+3
2311,507	0,181	0,000	1,115E+1	2,400E+1	3,500E+3	3,502E+3
2312,508	0,181	0,000	1,115E+1	2,400E+1	3,500E+3	3,513E+3
2313,509	0,181	0,000	1,115E+1	2,400E+1	3,500E+3	3,500E+3
2314,509	0,181	0,000	1,115E+1	2,400E+1	3,500E+3	3,511E+3
2315,510	0,181	0,000	1,115E+1	2,400E+1	3,500E+3	3,503E+3
2316,511	0,181	0,000	1,115E+1	2,400E+1	3,500E+3	3,512E+3
2317,510	0,181	0,000	1,115E+1	2,400E+1	3,500E+3	3,463E+3
2318,511	0,181	0,000	1,115E+1	2,400E+1	3,500E+3	3,497E+3
2319,511	0,181	0,000	1,115E+1	2,400E+1	3,500E+3	3,494E+3
2320,511	0,181	0,000	1,115E+1	2,400E+1	3,500E+3	3,507E+3
2321,511	0,181	0,000	1,115E+1	2,400E+1	3,500E+3	3,499E+3
2322,511	0,181	0,000	1,115E+1	2,400E+1	3,500E+3	3,496E+3
2323,511	0,181	0,000	1,115E+1	2,400E+1	3,500E+3	3,503E+3
2324,510	0,181	0,000	1,115E+1	2,400E+1	3,500E+3	3,507E+3
2325,511	0,181	0,000	1,116E+1	2,400E+1	3,500E+3	3,503E+3
2326,511	0,181	0,000	1,116E+1	2,400E+1	3,500E+3	3,512E+3
2327,512	0,181	0,000	1,116E+1	2,400E+1	3,500E+3	3,500E+3
2328,511	0,181	0,000	1,116E+1	2,400E+1	3,500E+3	3,515E+3
2329,512	0,181	0,000	1,116E+1	2,400E+1	3,500E+3	3,507E+3
2330,512	0,181	0,000	1,116E+1	2,400E+1	3,500E+3	3,485E+3
2331,513	0,181	0,000	1,115E+1	2,400E+1	3,500E+3	3,519E+3
2332,513	0,181	0,000	1,115E+1	2,400E+1	3,500E+3	3,496E+3
2333,513	0,181	0,000	1,115E+1	2,400E+1	3,500E+3	3,501E+3
2334,514	0,181	0,000	1,115E+1	2,400E+1	3,500E+3	3,498E+3
2335,513	0,181	0,000	1,115E+1	2,400E+1	3,500E+3	3,489E+3
2336,514	0,181	0,000	1,115E+1	2,400E+1	3,500E+3	3,494E+3
2337,514	0,181	0,000	1,115E+1	2,400E+1	3,500E+3	3,503E+3
2338,514	0,181	0,000	1,115E+1	2,400E+1	3,500E+3	3,505E+3
2339,514	0,181	0,000	1,115E+1	2,400E+1	3,500E+3	3,506E+3
2340,514	0,181	0,000	1,115E+1	2,400E+1	3,500E+3	3,503E+3
2341,514	0,181	0,000	1,116E+1	2,400E+1	3,500E+3	3,506E+3
2342,513	0,181	0,000	1,116E+1	2,400E+1	3,500E+3	3,502E+3
2343,514	0,181	0,000	1,115E+1	2,400E+1	3,500E+3	3,495E+3
2344,514	0,181	0,000	1,115E+1	2,400E+1	3,500E+3	3,489E+3
2345,514	0,181	0,000	1,115E+1	2,400E+1	3,500E+3	3,489E+3
2346,515	0,181	0,000	1,115E+1	2,400E+1	3,500E+3	3,496E+3
2347,514	0,181	0,000	1,115E+1	2,400E+1	3,500E+3	3,503E+3
2348,515	0,181	0,000	1,115E+1	2,400E+1	3,500E+3	3,500E+3
2349,514	0,181	0,000	1,116E+1	2,400E+1	3,500E+3	3,498E+3
2350,515	0,181	0,000	1,116E+1	2,400E+1	3,500E+3	3,494E+3
2351,515	0,181	0,000	1,116E+1	2,400E+1	3,500E+3	3,489E+3
2352,515	0,181	0,000	1,116E+1	2,400E+1	3,500E+3	3,503E+3
2353,516	0,181	0,000	1,116E+1	2,400E+1	3,500E+3	3,490E+3
2354,516	0,181	0,000	1,116E+1	2,400E+1	3,500E+3	3,480E+3
2355,516	0,181	0,000	1,116E+1	2,400E+1	3,500E+3	3,496E+3
2356,516	0,181	0,000	1,115E+1	2,400E+1	3,500E+3	3,514E+3
2357,516	0,181	0,000	1,115E+1	2,400E+1	3,500E+3	3,502E+3
2358,517	0,181	0,000	1,115E+1	2,400E+1	3,500E+3	3,520E+3
2359,517	0,181	0,000	1,115E+1	2,400E+1	3,500E+3	3,498E+3
2360,518	0,181	0,000	1,116E+1	2,400E+1	3,500E+3	3,514E+3
2361,518	0,181	0,000	1,116E+1	2,400E+1	3,500E+3	3,507E+3
2362,518	0,181	0,000	1,116E+1	2,400E+1	3,500E+3	3,514E+3
2363,518	0,181	0,000	1,115E+1	2,400E+1	3,500E+3	3,501E+3
2364,519	0,181	0,000	1,115E+1	2,400E+1	3,500E+3	3,502E+3
2365,519	0,181	0,000	1,116E+1	2,400E+1	3,500E+3	3,495E+3
2366,518	0,181	0,000	1,115E+1	2,400E+1	3,500E+3	3,496E+3
2367,519	0,181	0,000	1,115E+1	2,400E+1	3,500E+3	3,502E+3
2368,519	0,181	0,000	1,116E+1	2,400E+1	3,500E+3	3,515E+3
2369,519	0,181	0,000	1,116E+1	2,400E+1	3,500E+3	3,485E+3
2370,519	0,181	0,000	1,116E+1	2,400E+1	3,500E+3	3,504E+3
2371,519	0,181	0,000	1,116E+1	2,400E+1	3,500E+3	3,503E+3
2372,519	0,181	0,000	1,116E+1	2,400E+1	3,500E+3	3,497E+3
2373,518	0,181	0,000	1,116E+1	2,400E+1	3,500E+3	3,503E+3
2374,520	0,181	0,000	1,116E+1	2,400E+1	3,500E+3	3,494E+3
2375,520	0,181	0,000	1,116E+1	2,400E+1	3,500E+3	3,494E+3
2376,520	0,181	0,000	1,116E+1	2,400E+1	3,500E+3	3,509E+3
2377,520	0,181	0,000	1,116E+1	2,400E+1	3,500E+3	3,489E+3
2378,520	0,181	0,000	1,115E+1	2,400E+1	3,500E+3	3,501E+3
2379,520	0,181	0,000	1,115E+1	2,400E+1	3,500E+3	3,505E+3
2380,520	0,181	0,000	1,116E+1	2,400E+1	3,500E+3	3,500E+3
2381,521	0,181	0,000	1,116E+1	2,400E+1	3,500E+3	3,504E+3
2382,521	0,181	0,000	1,116E+1	2,400E+1	3,500E+3	3,498E+3
2383,521	0,181	0,000	1,116E+1	2,400E+1	3,500E+3	3,497E+3
2384,521	0,181	0,000	1,116E+1	2,400E+1	3,500E+3	3,499E+3
2385,520	0,181	0,000	1,116E+1	2,400E+1	3,500E+3	3,496E+3
2386,521	0,181	0,000	1,116E+1	2,400E+1	3,500E+3	3,496E+3
2387,521	0,181	0,000	1,117E+1	2,400E+1	3,500E+3	3,496E+3
2388,521	0,181	0,000	1,116E+1	2,400E+1	3,500E+3	3,498E+3
2389,521	0,181	0,000	1,116E+1	2,400E+1	3,500E+3	3,494E+3
2390,521	0,181	0,000	1,116E+1	2,400E+1	3,500E+3	3,493E+3
2391,521	0,181	0,000	1,116E+1	2,400E+1	3,500E+3	3,494E+3
2392,521	0,181	0,000	1,116E+1	2,400E+1	3,500E+3	3,516E+3
2393,523	0,181	0,000	1,116E+1	2,400E+1	3,500E+3	3,491E+3
2394,523	0,181	0,000	1,116E+1	2,400E+1	3,500E+3	3,498E+3
2395,523	0,181	0,000	1,116E+1	2,400E+1	3,500E+3	3,504E+3
2396,524	0,181	0,000	1,116E+1	2,400E+1	3,500E+3	3,503E+3
2397,523	0,181	0,000	1,116E+1	2,400E+1	3,500E+3	3,498E+3
2398,525	0,181	0,000	1,116E+1	2,400E+1	3,500E+3	3,498E+3
2399,525	0,181	0,000	1,116E+1	2,400E+1	3,500E+3	3,499E+3
2400,525	0,181	0,000	1,116E+1	2,400E+1	3,500E+3	3,500E+3
2401,525	0,181	0,000	1,116E+1	2,400E+1	3,500E+3	3,498E+3
2402,526	0,181	0,000	1,117E+1	2,400E+1	3,500E+3	3,502E+3
2403,526	0,181	0,000	1,117E+1	2,400E+1	3,500E+3	3,493E+3
2404,525	0,181	0,000	1,116E+1	2,400E+1	3,500E+3	3,494E+3
2405,526	0,181	0,000	1,116E+1	2,400E+1	3,500E+3	3,514E+3
2406,526	0,181	0,000	1,116E+1	2,400E+1	3,500E+3	3,505E+3
2407,525	0,181	0,000	1,116E+1	2,400E+1	3,500E+3	3,502E+3
2408,527	0,181	0,000	1,116E+1	2,400E+1	3,500E+3	3,501E+3
2409,527	0,181	0,000	1,116E+1	2,400E+1	3,500E+3	3,490E+3
2410,528	0,181	0,000	1,116E+1	2,400E+1	3,500E+3	3,511E+3
2411,528	0,181	0,000	1,117E+1	2,400E+1	3,500E+3	3,507E+3
2412,528	0,181	0,000	1,117E+1	2,400E+1	3,500E+3	3,516E+3
2413,528	0,181	0,000	1,117E+1	2,400E+1	3,500E+3	3,498E+3
2414,527	0,181	0,000	1,117E+1	2,400E+1	3,500E+3	3,500E+3
2415,529	0,181	0,000	1,117E+1	2,400E+1	3,500E+3	3,498E+3
2416,529	0,181	0,000	1,117E+1	2,400E+1	3,500E+3	3,521E+3
2417,529	0,181	0,000	1,117E+1	2,400E+1	3,500E+3	3,514E+3
2418,529	0,181	0,000	1,116E+1	2,400E+1	3,500E+3	3,493E+3
2419,530	0,181	0,000	1,116E+1	2,400E+1	3,500E+3	3,512E+3
2420,529	0,181	0,000	1,116E+1	2,400E+1	3,500E+3	3,493E+3
2421,531	0,181	0,000	1,116E+1	2,400E+1	3,500E+3	3,492E+3
2422,532	0,181	0,000	1,117E+1	2,400E+1	3,500E+3	3,507E+3
2423,532	0,181	0,000	1,117E+1	2,400E+1	3,500E+3	3,498E+3
2424,532	0,181	0,000	1,117E+1	2,400E+1	3,500E+3	3,489E+3
2425,532	0,181	0,000	1,116E+1	2,400E+1	3,500E+3	3,501E+3
2426,532	0,181	0,000	1,116E+1	2,400E+1	3,500E+3	3,498E+3
2427,532	0,181	0,000	1,116E+1	2,400E+1	3,500E+3	3,507E+3
2428,533	0,181	0,000	1,116E+1	2,400E+1	3,500E+3	3,510E+3
2429,533	0,181	0,000	1,117E+1	2,400E+1	3,500E+3	3,496E+3
2430,532	0,181	0,000	1,117E+1	2,400E+1	3,500E+3	3,498E+3
2431,534	0,181	0,000	1,117E+1	2,400E+1	3,500E+3	3,507E+3
2432,534	0,181	0,000	1,117E+1	2,400E+1	3,500E+3	3,499E+3
2433,534	0,181	0,000	1,116E+1	2,400E+1	3,500E+3	3,511E+3
2434,534	0,181	0,000	1,116E+1	2,400E+1	3,500E+3	3,488E+3
2435,534	0,181	0,000	1,116E+1	2,400E+1	3,500E+3	3,499E+3
2436,534	0,181	0,000	1,117E+1	2,400E+1	3,500E+3	3,499E+3
2437,534	0,181	0,000	1,117E+1	2,400E+1	3,500E+3	3,507E+3
2438,535	0,181	0,000	1,117E+1	2,400E+1	3,500E+3	3,490E+3
2439,536	0,181	0,000	1,117E+1	2,400E+1	3,500E+3	3,513E+3
2440,536	0,181	0,000	1,117E+1	2,400E+1	3,500E+3	3,500E+3
2441,537	0,181	0,000	1,117E+1	2,400E+1	3,500E+3	3,491E+3
2442,536	0,181	0,000	1,117E+1	2,400E+1	3,500E+3	3,499E+3
2443,537	0,181	0,000	1,117E+1	2,400E+1	3,500E+3	3,492E+3
2444,537	0,181	0,000	1,117E+1	2,400E+1	3,500E+3	3,501E+3
2445,537	0,181	0,000	1,117E+1	2,400E+1	3,500E+3	3,489E+3
2446,536	0,181	0,000	1,117E+1	2,400E+1	3,500E+3	3,503E+3
2447,538	0,181	0,000	1,117E+1	2,400E+1	3,500E+3	3,501E+3
2448,538	0,181	0,000	1,117E+1	2,400E+1	3,500E+3	3,513E+3
2449,538	0,181	0,000	1,117E+1	2,400E+1	3,500E+3	3,517E+3
2450,538	0,181	0,000	1,117E+1	2,400E+1	3,500E+3	3,501E+3
2451,538	0,181	0,000	1,117E+1	2,400E+1	3,500E+3	3,512E+3
2452,539	0,181	0,000	1,117E+1	2,400E+1	3,500E+3	3,488E+3
2453,538	0,181	0,000	1,117E+1	2,400E+1	3,500E+3	3,492E+3
2454,539	0,181	0,000	1,117E+1	2,400E+1	3,500E+3	3,528E+3
2455,539	0,181	0,000	1,117E+1	2,400E+1	3,500E+3	3,493E+3
2456,539	0,181	0,000	1,117E+1	2,400E+1	3,500E+3	3,493E+3
2457,539	0,181	0,000	1,117E+1	2,400E+1	3,500E+3	3,500E+3
2458,539	0,181	0,000	1,117E+1	2,400E+1	3,500E+3	3,504E+3
2459,539	0,181	0,000	1,117E+1	2,400E+1	3,500E+3	3,503E+3
2460,539	0,181	0,000	1,117E+1	2,400E+1	3,500E+3	3,497E+3
2461,539	0,181	0,000	1,118E+1	2,400E+1	3,500E+3	3,494E+3
2462,539	0,181	0,000	1,118E+1	2,400E+1	3,500E+3	3,502E+3
2463,539	0,181	0,000	1,118E+1	2,400E+1	3,500E+3	3,506E+3
2464,539	0,181	0,000	1,117E+1	2,400E+1	3,500E+3	3,513E+3
2465,538	0,181	0,000	1,118E+1	2,400E+1	3,500E+3	3,489E+3
2466,539	0,181	0,000	1,118E+1	2,400E+1	3,500E+3	3,507E+3
2467,539	0,181	0,000	1,118E+1	2,400E+1	3,500E+3	3,506E+3
2468,539	0,181	0,000	1,118E+1	2,400E+1	3,500E+3	3,514E+3
2469,539	0,181	0,000	1,118E+1	2,400E+1	3,500E+3	3,500E+3
2470,539	0,181	0,000	1,118E+1	2,400E+1	3,500E+3	3,516E+3
2471,539	0,181	0,000	1,118E+1	2,400E+1	3,500E+3	3,506E+3
2472,538	0,181	0,000	1,118E+1	2,400E+1	3,500E+3	3,502E+3
2473,539	0,181	0,000	1,118E+1	2,400E+1	3,500E+3	3,498E+3
2474,539	0,181	0,000	1,118E+1	2,400E+1	3,500E+3	3,512E+3
2475,539	0,181	0,000	1,118E+1	2,400E+1	3,500E+3	3,494E+3
2476,540	0,181	0,000	1,118E+1	2,400E+1	3,500E+3	3,505E+3
2477,540	0,181	0,000	1,118E+1	2,400E+1	3,500E+3	3,511E+3
2478,540	0,181	0,000	1,117E+1	2,400E+1	3,500E+3	3,505E+3
2479,540	0,181	0,000	1,118E+1	2,400E+1	3,500E+3	3,511E+3
2480,540	0,181	0,000	1,118E+1	2,400E+1	3,500E+3	3,502E+3
2481,540	0,181	0,000	1,118E+1	2,400E+1	3,500E+3	3,500E+3
2482,539	0,181	0,000	1,118E+1	2,400E+1	3,500E+3	3,493E+3
2483,541	0,181	0,000	1,118E+1	2,400E+1	3,500E+3	3,517E+3
2484,541	0,181	0,000	1,118E+1	2,400E+1	3,500E+3	3,492E+3
2485,541	0,181	0,000	1,118E+1	2,400E+1	3,500E+3	3,489E+3
2486,541	0,181	0,000	1,118E+1	2,400E+1	3,500E+3	3,504E+3
2487,541	0,181	0,000	1,117E+1	2,400E+1	3,500E+3	3,498E+3
2488,541	0,181	0,000	1,117E+1	2,400E+1	3,500E+3	3,511E+3
2489,540	0,181	0,000	1,117E+1	2,400E+1	3,500E+3	3,498E+3
2490,542	0,181	0,000	1,118E+1	2,400E+1	3,500E+3	3,497E+3
2491,542	0,181	0,000	1,118E+1	2,400E+1	3,500E+3	3,498E+3
2492,542	0,181	0,000	1,118E+1	2,400E+1	3,500E+3	3,504E+3
2493,543	0,181	0,000	1,118E+1	2,400E+1	3,500E+3	3,506E+3
2494,543	0,181	0,000	1,118E+1	2,400E+1	3,500E+3	3,487E+3
2495,543	0,181	0,000	1,118E+1	2,400E+1	3,500E+3	3,505E+3
2496,543	0,181	0,000	1,118E+1	2,400E+1	3,500E+3	3,510E+3
2497,543	0,181	0,000	1,118E+1	2,400E+1	3,500E+3	3,500E+3
2498,543	0,181	0,000	1,118E+1	2,400E+1	3,500E+3	3,499E+3
2499,543	0,181	0,000	1,118E+1	2,400E+1	3,500E+3	3,494E+3
2500,543	0,181	0,000	1,117E+1	2,400E+1	3,500E+3	3,503E+3
2501,544	0,181	0,000	1,117E+1	2,400E+1	3,500E+3	3,504E+3
2502,544	0,181	0,000	1,118E+1	2,400E+1	3,500E+3	3,477E+3
2503,543	0,181	0,000	1,119E+1	2,400E+1	3,500E+3	3,480E+3
2504,544	0,181	0,000	1,119E+1	2,400E+1	3,500E+3	3,507E+3
2505,545	0,181	0,000	1,118E+1	2,400E+1	3,500E+3	3,511E+3
2506,545	0,181	0,000	1,118E+1	2,400E+1	3,500E+3	3,498E+3
2507,545	0,181	0,000	1,118E+1	2,400E+1	3,500E+3	3,512E+3
2508,545	0,181	0,000	1,118E+1	2,400E+1	3,500E+3	3,507E+3
2509,545	0,181	0,000	1,118E+1	2,400E+1	3,500E+3	3,508E+3
2510,545	0,181	0,000	1,118E+1	2,400E+1	3,500E+3	3,493E+3
2511,547	0,181	0,000	1,118E+1	2,400E+1	3,500E+3	3,449E+3
2512,547	0,181	0,000	1,118E+1	2,400E+1	3,500E+3	3,507E+3
2513,548	0,181	0,000	1,118E+1	2,400E+1	3,500E+3	3,494E+3
2514,548	0,181	0,000	1,118E+1	2,400E+1	3,500E+3	3,500E+3
2515,548	0,181	0,000	1,118E+1	2,400E+1	3,500E+3	3,496E+3
2516,548	0,181	0,000	1,118E+1	2,400E+1	3,500E+3	3,492E+3
2517,548	0,181	0,000	1,118E+1	2,400E+1	3,500E+3	3,507E+3
2518,550	0,181	0,000	1,118E+1	2,400E+1	3,500E+3	3,487E+3
2519,550	0,181	0,000	1,119E+1	2,400E+1	3,500E+3	3,504E+3
2520,551	0,181	0,000	1,119E+1	2,400E+1	3,500E+3	3,494E+3
2521,550	0,181	0,000	1,118E+1	2,400E+1	3,500E+3	3,503E+3
2522,551	0,181	0,000	1,118E+1	2,400E+1	3,500E+3	3,499E+3
2523,551	0,181	0,000	1,118E+1	2,400E+1	3,500E+3	3,507E+3
2524,551	0,181	0,000	1,118E+1	2,400E+1	3,500E+3	3,519E+3
2525,550	0,181	0,000	1,118E+1	2,400E+1	3,500E+3	3,503E+3
2526,552	0,181	0,000	1,118E+1	2,400E+1	3,500E+3	3,485E+3
2527,552	0,181	0,000	1,118E+1	2,400E+1	3,500E+3	3,499E+3
2528,552	0,181	0,000	1,119E+1	2,400E+1	3,500E+3	3,493E+3
2529,553	0,181	0,000	1,119E+1	2,400E+1	3,500E+3	3,509E+3
2530,553	0,181	0,000	1,118E+1	2,400E+1	3,500E+3	3,496E+3
2531,553	0,181	0,000	1,118E+1	2,400E+1	3,500E+3	3,497E+3
2532,554	0,181	0,000	1,118E+1	2,400E+1	3,500E+3	3,526E+3
2533,554	0,181	0,000	1,118E+1	2,400E+1	3,500E+3	3,506E+3
2534,554	0,181	0,000	1,118E+1	2,400E+1	3,500E+3	3,507E+3
2535,554	0,181	0,000	1,118E+1	2,400E+1	3,500E+3	3,494E+3
2536,554	0,181	0,000	1,118E+1	2,400E+1	3,500E+3	3,505E+3
2537,554	0,181	0,000	1,119E+1	2,400E+1	3,500E+3	3,490E+3
2538,554	0,181	0,000	1,119E+1	2,400E+1	3,500E+3	3,493E+3
2539,555	0,181	0,000	1,119E+1	2,400E+1	3,500E+3	3,508E+3
2540,556	0,181	0,000	1,119E+1	2,400E+1	3,500E+3	3,504E+3
2541,557	0,181	0,000	1,119E+1	2,400E+1	3,500E+3	3,490E+3
2542,556	0,181	0,000	1,118E+1	2,400E+1	3,500E+3	3,499E+3
2543,557	0,181	0,000	1,119E+1	2,400E+1	3,500E+3	3,479E+3
2544,557	0,181	0,000	1,119E+1	2,400E+1	3,500E+3	3,504E+3
2545,557	0,181	0,000	1,119E+1	2,400E+1	3,500E+3	3,516E+3
2546,557	0,181	0,000	1,119E+1	2,400E+1	3,500E+3	3,495E+3
2547,557	0,181	0,000	1,119E+1	2,400E+1	3,500E+3	3,508E+3
2548,557	0,181	0,000	1,119E+1	2,400E+1	3,500E+3	3,502E+3
2549,556	0,181	0,000	1,119E+1	2,400E+1	3,500E+3	3,503E+3
2550,557	0,181	0,000	1,118E+1	2,400E+1	3,500E+3	3,491E+3
2551,557	0,181	0,000	1,119E+1	2,400E+1	3,500E+3	3,495E+3
2552,557	0,181	0,000	1,119E+1	2,400E+1	3,500E+3	3,488E+3
2553,557	0,181	0,000	1,119E+1	2,400E+1	3,500E+3	3,503E+3
2554,557	0,181	0,000	1,119E+1	2,400E+1	3,500E+3	3,501E+3
2555,557	0,181	0,000	1,119E+1	2,400E+1	3,500E+3	3,494E+3
2556,557	0,181	0,000	1,119E+1	2,400E+1	3,500E+3	3,497E+3
2557,558	0,181	0,000	1,119E+1	2,400E+1	3,500E+3	3,497E+3
2558,558	0,181	0,000	1,118E+1	2,400E+1	3,500E+3	3,502E+3
2559,558	0,181	0,000	1,118E+1	2,400E+1	3,500E+3	3,497E+3
2560,558	0,181	0,000	1,119E+1	2,400E+1	3,500E+3	3,494E+3
2561,559	0,181	0,000	1,119E+1	2,400E+1	3,500E+3	3,502E+3
2562,559	0,181	0,000	1,119E+1	2,400E+1	3,500E+3	3,509E+3
2563,558	0,181	0,000	1,119E+1	2,400E+1	3,500E+3	3,486E+3
2564,559	0,181	0,000	1,119E+1	2,400E+1	3,500E+3	3,512E+3
2565,559	0,181	0,000	1,119E+1	2,400E+1	3,500E+3	3,499E+3
2566,559	0,181	0,000	1,119E+1	2,400E+1	3,500E+3	3,493E+3
2567,559	0,181	0,000	1,119E+1	2,400E+1	3,500E+3	3,494E+3
2568,559	0,181	0,000	1,119E+1	2,400E+1	3,500E+3	3,491E+3
2569,559	0,181	0,000	1,118E+1	2,400E+1	3,500E+3	3,502E+3
2570,559	0,181	0,000	1,118E+1	2,400E+1	3,500E+3	3,498E+3
2571,560	0,181	0,000	1,118E+1	2,400E+1	3,500E+3	3,498E+3
2572,561	0,181	0,000	1,118E+1	2,400E+1	3,500E+3	3,496E+3
2573,561	0,181	0,000	1,119E+1	2,400E+1	3,500E+3	3,505E+3
2574,562	0,181	0,000	1,118E+1	2,400E+1	3,500E+3	3,506E+3
2575,562	0,181	0,000	1,118E+1	2,400E+1	3,500E+3	3,497E+3
2576,562	0,181	0,000	1,120E+1	2,400E+1	3,500E+3	3,498E+3
2577,562	0,181	0,000	1,119E+1	2,400E+1	3,500E+3	3,500E+3
2578,562	0,181	0,000	1,119E+1	2,400E+1	3,500E+3	3,507E+3
2579,562	0,181	0,000	1,119E+1	2,400E+1	3,500E+3	3,503E+3
2580,563	0,181	0,000	1,119E+1	2,400E+1	3,500E+3	3,496E+3
2581,563	0,181	0,000	1,119E+1	2,400E+1	3,500E+3	3,503E+3
2582,564	0,181	0,000	1,119E+1	2,400E+1	3,500E+3	3,498E+3
2583,564	0,181	0,000	1,119E+1	2,400E+1	3,500E+3	3,503E+3
2584,564	0,181	0,000	1,119E+1	2,400E+1	3,500E+3	3,484E+3
2585,565	0,181	0,000	1,119E+1	2,400E+1	3,500E+3	3,516E+3
2586,565	0,181	0,000	1,119E+1	2,400E+1	3,500E+3	3,495E+3
2587,565	0,181	0,000	1,119E+1	2,400E+1	3,500E+3	3,491E+3
2588,566	0,181	0,000	1,118E+1	2,400E+1	3,500E+3	3,514E+3
2589,566	0,181	0,000	1,118E+1	2,400E+1	3,500E+3	3,498E+3
2590,566	0,181	0,000	1,119E+1	2,400E+1	3,500E+3	3,486E+3
2591,566	0,181	0,000	1,119E+1	2,400E+1	3,500E+3	3,498E+3
2592,565	0,181	0,000	1,120E+1	2,400E+1	3,500E+3	3,494E+3
2593,567	0,181	0,000	1,119E+1	2,400E+1	3,500E+3	3,494E+3
2594,568	0,181	0,000	1,119E+1	2,400E+1	3,500E+3	3,493E+3
2595,568	0,181	0,000	1,119E+1	2,400E+1	3,500E+3	3,489E+3
2596,568	0,181	0,000	1,119E+1	2,400E+1	3,500E+3	3,499E+3
2597,568	0,181	0,000	1,119E+1	2,400E+1	3,500E+3	3,506E+3
2598,569	0,181	0,000	1,119E+1	2,400E+1	3,500E+3	3,493E+3
2599,569	0,181	0,000	1,119E+1	2,400E+1	3,500E+3	3,496E+3
2600,569	0,181	0,000	1,119E+1	2,400E+1	3,500E+3	3,502E+3
2601,570	0,181	0,000	1,119E+1	2,400E+1	3,500E+3	3,498E+3
2602,570	0,181	0,000	1,119E+1	2,400E+1	3,500E+3	3,506E+3
2603,569	0,181	0,000	1,119E+1	2,400E+1	3,500E+3	3,497E+3
2604,570	0,181	0,150	1,119E+1	2,400E+1	3,500E+3	3,512E+3
2605,570	0,181	0,150	1,119E+1	2,400E+1	3,500E+3	3,498E+3
2606,571	0,181	0,150	1,119E+1	2,400E+1	3,500E+3	3,493E+3
2607,572	0,181	0,150	1,119E+1	2,400E+1	3,500E+3	3,504E+3
2608,572	0,181	0,150	1,119E+1	2,400E+1	3,500E+3	3,507E+3
2609,572	0,181	0,150	1,120E+1	2,400E+1	3,500E+3	3,489E+3
2610,571	0,181	0,150	1,119E+1	2,400E+1	3,500E+3	3,503E+3
2611,572	0,181	0,150	1,119E+1	2,400E+1	3,500E+3	3,513E+3
2612,572	0,181	0,150	1,119E+1	2,400E+1	3,500E+3	3,678E+3
2613,572	0,150	0,150	9,320E+0	2,400E+1	3,500E+3	3,499E+3
2614,572	0,150	0,150	9,320E+0	2,400E+1	3,500E+3	3,488E+3
2615,571	0,150	0,150	9,320E+0	2,400E+1	3,500E+3	3,491E+3
2616,572	0,150	0,150	9,320E+0	2,400E+1	3,500E+3	3,494E+3
2617,572	0,150	0,100	9,320E+0	2,400E+1	3,500E+3	3,526E+3
2618,572	0,100	0,100	6,350E+0	2,400E+1	3,500E+3	3,522E+3
2619,572	0,100	0,100	6,320E+0	2,400E+1	3,500E+3	3,492E+3
2620,572	0,100	0,100	6,320E+0	2,400E+1	3,500E+3	3,503E+3
2621,572	0,100	0,050	6,310E+0	2,400E+1	3,500E+3	3,493E+3
2622,572	0,050	0,050	3,310E+0	2,400E+1	3,500E+3	3,584E+3
2623,573	0,050	0,050	3,310E+0	2,400E+1	3,500E+3	3,528E+3
2624,573	0,050	0,000	3,310E+0	2,400E+1	3,500E+3	3,478E+3
2625,574	0,000	0,000	3,200E-1	2,400E+1	3,500E+3	3,525E+3
2626,574	0,000	0,000	3,200E-1	2,400E+1	3,500E+3	3,528E+3
2627,573	0,000	0,000	3,000E-1	2,400E+1	3,500E+3	3,521E+3
2628,574	0,000	0,000	3,000E-1	2,400E+1	3,500E+3	3,487E+3
2629,574	0,000	0,000	3,000E-1	2,400E+1	3,500E+3	3,491E+3
2630,574	0,000	0,000	3,000E-1	2,400E+1	0,000E+0	3,484E+3
2631,574	0,000	0,000	3,000E-1	2,400E+1	0,000E+0	3,130E+3
2632,574	0,000	0,000	3,000E-1	2,400E+1	0,000E+0	2,680E+3
2633,575	0,000	0,000	3,000E-1	2,400E+1	0,000E+0	2,271E+3
2634,575	0,000	0,000	3,000E-1	2,400E+1	0,000E+0	1,901E+3
2635,576	0,000	0,000	3,000E-1	2,400E+1	0,000E+0	1,572E+3
2636,576	0,000	0,000	3,000E-1	2,400E+1	0,000E+0	0,000E+0
2637,576	0,000	0,000	3,000E-1	2,400E+1	0,000E+0	0,000E+0
2638,577	0,000	0,000	3,000E-1	2,400E+1	0,000E+0	0,000E+0
