t	PL(A)	PL(B)	PL(T)	PL(E)	V(A)	V(B)	V(E)	I(A)	I(B)	I(E)	n_bracos	n_res
46,016	0,200	0,200	4,000E-1	0,000E+0	6,067E+1	6,063E+1	0,000E+0	0,000E+0	0,000E+0	0,000E+0	7	0001
0,005	0,000	0,000	0,000E+0	0,000E+0	0,000E+0	0,000E+0	0,000E+0	0,000E+0	0,000E+0	0,000E+0	7	0001
1,005	0,000	0,000	0,000E+0	0,000E+0	0,000E+0	0,000E+0	0,000E+0	0,000E+0	0,000E+0	0,000E+0	7	0001
2,005	0,000	0,000	0,000E+0	0,000E+0	0,000E+0	0,000E+0	0,000E+0	0,000E+0	0,000E+0	0,000E+0	7	0001
3,005	0,000	0,000	0,000E+0	0,000E+0	0,000E+0	0,000E+0	0,000E+0	0,000E+0	0,000E+0	0,000E+0	7	0001
4,005	0,000	0,000	0,000E+0	0,000E+0	0,000E+0	0,000E+0	0,000E+0	0,000E+0	0,000E+0	0,000E+0	7	0001
5,004	0,000	0,000	0,000E+0	0,000E+0	0,000E+0	0,000E+0	0,000E+0	0,000E+0	0,000E+0	0,000E+0	7	0001
6,005	0,000	0,000	0,000E+0	0,000E+0	0,000E+0	0,000E+0	0,000E+0	0,000E+0	0,000E+0	0,000E+0	7	0001
7,005	0,000	0,000	0,000E+0	0,000E+0	0,000E+0	0,000E+0	0,000E+0	0,000E+0	0,000E+0	0,000E+0	7	0001
8,005	0,000	0,000	0,000E+0	0,000E+0	0,000E+0	0,000E+0	0,000E+0	0,000E+0	0,000E+0	0,000E+0	7	0001
9,005	0,000	0,000	0,000E+0	0,000E+0	0,000E+0	0,000E+0	0,000E+0	0,000E+0	0,000E+0	0,000E+0	7	0001
10,005	0,000	0,000	0,000E+0	0,000E+0	0,000E+0	0,000E+0	0,000E+0	0,000E+0	0,000E+0	0,000E+0	7	0001
11,005	0,000	0,000	0,000E+0	0,000E+0	0,000E+0	0,000E+0	0,000E+0	0,000E+0	0,000E+0	0,000E+0	7	0001
12,004	0,000	0,000	0,000E+0	0,000E+0	0,000E+0	0,000E+0	0,000E+0	0,000E+0	0,000E+0	0,000E+0	7	0001
13,005	0,000	0,000	0,000E+0	0,000E+0	0,000E+0	0,000E+0	0,000E+0	0,000E+0	0,000E+0	0,000E+0	7	0001
14,006	0,000	0,000	0,000E+0	0,000E+0	0,000E+0	0,000E+0	0,000E+0	0,000E+0	0,000E+0	0,000E+0	7	0001
15,006	0,000	0,000	0,000E+0	0,000E+0	0,000E+0	0,000E+0	0,000E+0	0,000E+0	0,000E+0	0,000E+0	7	0001
16,006	0,000	0,000	0,000E+0	0,000E+0	0,000E+0	0,000E+0	0,000E+0	0,000E+0	0,000E+0	0,000E+0	7	0001
17,005	0,000	0,000	0,000E+0	0,000E+0	0,000E+0	0,000E+0	0,000E+0	0,000E+0	0,000E+0	0,000E+0	7	0001
18,006	0,000	0,000	0,000E+0	0,000E+0	0,000E+0	0,000E+0	0,000E+0	0,000E+0	0,000E+0	0,000E+0	7	0001
19,006	0,000	0,000	0,000E+0	0,000E+0	0,000E+0	0,000E+0	0,000E+0	0,000E+0	0,000E+0	0,000E+0	7	0001
20,008	0,000	0,000	0,000E+0	0,000E+0	0,000E+0	0,000E+0	0,000E+0	0,000E+0	0,000E+0	0,000E+0	7	0001
21,008	0,000	0,000	0,000E+0	0,000E+0	0,000E+0	0,000E+0	0,000E+0	0,000E+0	0,000E+0	0,000E+0	7	0001
22,008	0,000	0,000	0,000E+0	0,000E+0	0,000E+0	0,000E+0	0,000E+0	0,000E+0	0,000E+0	0,000E+0	7	0001
23,008	0,000	0,000	0,000E+0	0,000E+0	0,000E+0	0,000E+0	0,000E+0	0,000E+0	0,000E+0	0,000E+0	7	0001
24,007	0,000	0,100	1,000E-1	0,000E+0	2,189E+1	1,128E+1	0,000E+0	0,000E+0	6,610E-2	0,000E+0	7	0001
25,008	0,000	0,100	1,000E-1	0,000E+0	2,189E+1	1,128E+1	0,000E+0	0,000E+0	6,610E-2	0,000E+0	7	0001
26,008	10,000	18,100	2,810E+1	0,000E+0	8,462E+1	1,018E+2	0,000E+0	8,357E-1	1,032E+0	0,000E+0	7	0001
27,010	44,400	55,500	9,990E+1	0,000E+0	1,691E+2	1,689E+2	0,000E+0	6,084E-1	6,049E-1	0,000E+0	7	0001
28,011	44,400	55,500	9,990E+1	0,000E+0	1,691E+2	1,689E+2	0,000E+0	6,084E-1	6,049E-1	0,000E+0	7	0001
29,011	9,300	8,800	1,810E+1	0,000E+0	1,750E+2	1,749E+2	0,000E+0	9,320E-2	9,210E-2	0,000E+0	7	0001
30,012	5,300	4,700	1,000E+1	0,000E+0	1,606E+2	1,606E+2	0,000E+0	6,340E-2	6,270E-2	0,000E+0	7	0001
31,011	6,900	6,100	1,300E+1	0,000E+0	1,540E+2	1,541E+2	0,000E+0	8,430E-2	8,380E-2	0,000E+0	7	0001
32,012	12,400	11,400	2,380E+1	0,000E+0	1,619E+2	1,618E+2	0,000E+0	1,364E-1	1,354E-1	0,000E+0	7	0001
33,013	17,300	15,900	3,320E+1	0,000E+0	1,709E+2	1,707E+2	0,000E+0	1,695E-1	1,658E-1	0,000E+0	7	0001
34,013	12,700	12,000	2,470E+1	0,000E+0	1,717E+2	1,718E+2	0,000E+0	1,268E-1	1,256E-1	0,000E+0	7	0001
35,013	10,700	10,000	2,070E+1	0,000E+0	1,684E+2	1,684E+2	0,000E+0	1,111E-1	1,100E-1	0,000E+0	7	0001
36,013	10,600	9,800	2,040E+1	0,000E+0	1,662E+2	1,660E+2	0,000E+0	1,122E-1	1,111E-1	0,000E+0	7	0001
37,013	11,800	11,000	2,280E+1	0,000E+0	1,674E+2	1,675E+2	0,000E+0	1,230E-1	1,218E-1	0,000E+0	7	0001
38,013	12,800	12,000	2,480E+1	0,000E+0	1,692E+2	1,692E+2	0,000E+0	1,302E-1	1,289E-1	0,000E+0	7	0001
39,014	12,400	11,600	2,400E+1	0,000E+0	1,699E+2	1,699E+2	0,000E+0	1,263E-1	1,249E-1	0,000E+0	7	0001
40,014	12,400	11,600	2,400E+1	0,000E+0	1,699E+2	1,699E+2	0,000E+0	1,263E-1	1,249E-1	0,000E+0	7	0001
41,014	11,600	10,900	2,250E+1	0,000E+0	1,689E+2	1,687E+2	0,000E+0	1,199E-1	1,186E-1	0,000E+0	7	0001
42,014	11,600	10,900	2,250E+1	0,000E+0	1,681E+2	1,678E+2	0,000E+0	1,205E-1	1,192E-1	0,000E+0	7	0001
43,015	12,300	11,500	2,380E+1	0,000E+0	1,690E+2	1,689E+2	0,000E+0	1,259E-1	1,247E-1	0,000E+0	7	0001
44,016	12,500	11,600	2,410E+1	0,000E+0	1,696E+2	1,694E+2	0,000E+0	1,270E-1	1,253E-1	0,000E+0	7	0001
45,015	12,000	11,300	2,330E+1	0,000E+0	1,691E+2	1,691E+2	0,000E+0	1,227E-1	1,218E-1	0,000E+0	7	0001
46,016	11,800	11,000	2,280E+1	0,000E+0	1,687E+2	1,685E+2	0,000E+0	1,214E-1	1,200E-1	0,000E+0	7	0001
47,016	12,200	11,400	2,360E+1	0,000E+0	1,692E+2	1,690E+2	0,000E+0	1,253E-1	1,234E-1	0,000E+0	7	0001
48,017	12,100	11,400	2,350E+1	0,000E+0	1,691E+2	1,692E+2	0,000E+0	1,243E-1	1,232E-1	0,000E+0	7	0001
49,017	11,900	11,100	2,300E+1	0,000E+0	1,689E+2	1,687E+2	0,000E+0	1,220E-1	1,208E-1	0,000E+0	7	0001
50,017	12,000	11,200	2,320E+1	0,000E+0	1,688E+2	1,686E+2	0,000E+0	1,234E-1	1,219E-1	0,000E+0	7	0001
51,018	12,100	11,400	2,350E+1	0,000E+0	1,691E+2	1,691E+2	0,000E+0	1,247E-1	1,235E-1	0,000E+0	7	0001
52,018	12,100	11,400	2,350E+1	0,000E+0	1,691E+2	1,691E+2	0,000E+0	1,247E-1	1,235E-1	0,000E+0	7	0001
53,019	12,100	11,400	2,350E+1	0,000E+0	1,691E+2	1,691E+2	0,000E+0	1,242E-1	1,229E-1	0,000E+0	7	0001
54,019	12,100	11,300	2,340E+1	0,000E+0	1,691E+2	1,688E+2	0,000E+0	1,241E-1	1,227E-1	0,000E+0	7	0001
55,019	12,100	11,300	2,340E+1	0,000E+0	1,690E+2	1,690E+2	0,000E+0	1,242E-1	1,230E-1	0,000E+0	7	0001
56,019	12,100	11,300	2,340E+1	0,000E+0	1,693E+2	1,691E+2	0,000E+0	1,239E-1	1,227E-1	0,000E+0	7	0001
57,019	12,000	11,300	2,330E+1	0,000E+0	1,692E+2	1,694E+2	0,000E+0	1,236E-1	1,225E-1	0,000E+0	7	0001
58,021	12,100	11,300	2,340E+1	0,000E+0	1,690E+2	1,688E+2	0,000E+0	1,241E-1	1,224E-1	0,000E+0	7	0001
59,020	12,800	11,900	2,470E+1	0,000E+0	1,693E+2	1,691E+2	0,000E+0	1,302E-1	1,282E-1	0,000E+0	7	0001
60,021	13,600	12,500	2,610E+1	0,000E+0	1,706E+2	1,700E+2	0,000E+0	1,361E-1	1,333E-1	0,000E+0	7	0001
61,021	13,300	12,500	2,580E+1	0,000E+0	1,704E+2	1,705E+2	0,000E+0	1,338E-1	1,323E-1	0,000E+0	7	0001
62,021	13,300	12,500	2,580E+1	0,000E+0	1,704E+2	1,705E+2	0,000E+0	1,338E-1	1,323E-1	0,000E+0	7	0001
63,021	12,900	12,100	2,500E+1	0,000E+0	1,701E+2	1,701E+2	0,000E+0	1,310E-1	1,294E-1	0,000E+0	7	0001
64,021	13,300	12,400	2,570E+1	0,000E+0	1,701E+2	1,701E+2	0,000E+0	1,339E-1	1,323E-1	0,000E+0	7	0001
65,021	13,500	12,500	2,600E+1	0,000E+0	1,703E+2	1,700E+2	0,000E+0	1,355E-1	1,332E-1	0,000E+0	7	0001
66,022	13,400	12,600	2,600E+1	0,000E+0	1,701E+2	1,704E+2	0,000E+0	1,346E-1	1,335E-1	0,000E+0	7	0001
67,022	13,500	12,500	2,600E+1	0,000E+0	1,703E+2	1,701E+2	0,000E+0	1,350E-1	1,331E-1	0,000E+0	7	0001
68,021	13,600	12,800	2,640E+1	0,000E+0	1,702E+2	1,701E+2	0,000E+0	1,373E-1	1,354E-1	0,000E+0	7	0001
69,022	14,600	13,700	2,830E+1	0,000E+0	1,709E+2	1,707E+2	0,000E+0	1,452E-1	1,437E-1	0,000E+0	7	0001
70,022	15,100	14,100	2,920E+1	0,000E+0	1,711E+2	1,711E+2	0,000E+0	1,486E-1	1,467E-1	0,000E+0	7	0001
71,022	15,200	14,300	2,950E+1	0,000E+0	1,711E+2	1,712E+2	0,000E+0	1,493E-1	1,479E-1	0,000E+0	7	0001
72,023	16,100	15,100	3,120E+1	0,000E+0	1,715E+2	1,714E+2	0,000E+0	1,572E-1	1,554E-1	0,000E+0	7	0001
73,023	16,400	15,300	3,170E+1	0,000E+0	1,717E+2	1,715E+2	0,000E+0	1,592E-1	1,568E-1	0,000E+0	7	0001
74,023	17,600	16,500	3,410E+1	0,000E+0	1,719E+2	1,718E+2	0,000E+0	1,682E-1	1,668E-1	0,000E+0	7	0001
75,022	17,600	16,500	3,410E+1	0,000E+0	1,719E+2	1,718E+2	0,000E+0	1,682E-1	1,668E-1	0,000E+0	7	0001
76,023	18,700	17,300	3,600E+1	0,000E+0	1,723E+2	1,720E+2	0,000E+0	1,762E-1	1,735E-1	0,000E+0	7	0001
77,024	19,600	18,200	3,780E+1	0,000E+0	1,724E+2	1,722E+2	0,000E+0	1,834E-1	1,814E-1	0,000E+0	7	0001
78,024	21,000	19,500	4,050E+1	0,000E+0	1,726E+2	1,724E+2	0,000E+0	1,955E-1	1,923E-1	0,000E+0	7	0001
79,025	22,000	21,100	4,310E+1	0,000E+0	1,729E+2	1,730E+2	0,000E+0	2,040E-1	2,042E-1	0,000E+0	7	0001
80,025	24,000	23,200	4,720E+1	0,000E+0	1,735E+2	1,734E+2	0,000E+0	2,210E-1	2,198E-1	0,000E+0	7	0001
81,025	25,300	24,500	4,980E+1	0,000E+0	1,740E+2	1,738E+2	0,000E+0	2,321E-1	2,300E-1	0,000E+0	7	0001
82,024	26,700	25,800	5,250E+1	0,000E+0	1,745E+2	1,739E+2	0,000E+0	2,441E-1	2,400E-1	0,000E+0	7	0001
83,026	27,800	27,400	5,520E+1	0,000E+0	1,747E+2	1,745E+2	0,000E+0	2,544E-1	2,518E-1	0,000E+0	7	0001
84,026	28,800	28,700	5,750E+1	0,000E+0	1,749E+2	1,749E+2	0,000E+0	2,640E-1	2,617E-1	0,000E+0	7	0001
85,026	28,800	28,700	5,750E+1	0,000E+0	1,749E+2	1,749E+2	0,000E+0	2,640E-1	2,617E-1	0,000E+0	7	0001
86,026	31,400	31,600	6,300E+1	0,000E+0	1,756E+2	1,754E+2	0,000E+0	2,879E-1	2,854E-1	0,000E+0	7	0001
87,026	31,400	31,600	6,300E+1	0,000E+0	1,756E+2	1,754E+2	0,000E+0	2,879E-1	2,854E-1	0,000E+0	7	0001
88,026	32,300	32,500	6,480E+1	0,000E+0	1,758E+2	1,756E+2	0,000E+0	2,959E-1	2,923E-1	0,000E+0	7	0001
89,025	33,000	33,700	6,670E+1	0,000E+0	1,758E+2	1,758E+2	0,000E+0	3,042E-1	3,019E-1	0,000E+0	7	0001
90,026	34,100	34,700	6,880E+1	0,000E+0	1,762E+2	1,760E+2	0,000E+0	3,132E-1	3,092E-1	0,000E+0	7	0001
91,026	34,700	35,800	7,050E+1	0,000E+0	1,764E+2	1,762E+2	0,000E+0	3,194E-1	3,182E-1	0,000E+0	7	0001
92,026	35,200	36,300	7,150E+1	0,000E+0	1,762E+2	1,763E+2	0,000E+0	3,242E-1	3,217E-1	0,000E+0	7	0001
93,027	35,600	37,000	7,260E+1	0,000E+0	1,765E+2	1,765E+2	0,000E+0	3,288E-1	3,257E-1	0,000E+0	7	0001
94,027	36,000	37,400	7,340E+1	0,000E+0	1,764E+2	1,764E+2	0,000E+0	3,323E-1	3,296E-1	0,000E+0	7	0001
95,027	36,400	37,600	7,400E+1	0,000E+0	1,768E+2	1,765E+2	0,000E+0	3,349E-1	3,324E-1	0,000E+0	7	0001
96,026	36,400	37,600	7,400E+1	0,000E+0	1,768E+2	1,765E+2	0,000E+0	3,349E-1	3,324E-1	0,000E+0	7	0001
97,027	36,900	38,400	7,530E+1	0,000E+0	1,768E+2	1,767E+2	0,000E+0	3,410E-1	3,375E-1	0,000E+0	7	0001
98,027	37,500	38,900	7,640E+1	0,000E+0	1,771E+2	1,769E+2	0,000E+0	3,456E-1	3,416E-1	0,000E+0	7	0001
99,027	37,500	39,100	7,660E+1	0,000E+0	1,769E+2	1,769E+2	0,000E+0	3,458E-1	3,437E-1	0,000E+0	7	0001
100,027	37,700	39,100	7,680E+1	0,000E+0	1,770E+2	1,768E+2	0,000E+0	3,474E-1	3,438E-1	0,000E+0	7	0001
101,027	37,800	39,200	7,700E+1	0,000E+0	1,771E+2	1,768E+2	0,000E+0	3,481E-1	3,441E-1	0,000E+0	7	0001
102,028	37,800	39,200	7,700E+1	0,000E+0	1,771E+2	1,768E+2	0,000E+0	3,481E-1	3,441E-1	0,000E+0	7	0001
103,029	37,900	39,700	7,760E+1	0,000E+0	1,770E+2	1,771E+2	0,000E+0	3,507E-1	3,476E-1	0,000E+0	7	0001
104,030	38,300	39,700	7,800E+1	0,000E+0	1,771E+2	1,768E+2	0,000E+0	3,526E-1	3,483E-1	0,000E+0	7	0001
105,030	38,100	40,000	7,810E+1	0,000E+0	1,770E+2	1,770E+2	0,000E+0	3,524E-1	3,499E-1	0,000E+0	7	0001
106,030	38,200	39,700	7,790E+1	0,000E+0	1,771E+2	1,771E+2	0,000E+0	3,515E-1	3,487E-1	0,000E+0	7	0001
107,030	38,200	40,200	7,840E+1	0,000E+0	1,771E+2	1,772E+2	0,000E+0	3,539E-1	3,521E-1	0,000E+0	7	0001
108,029	38,400	40,200	7,860E+1	0,000E+0	1,772E+2	1,771E+2	0,000E+0	3,557E-1	3,519E-1	0,000E+0	7	0001
109,030	38,500	40,100	7,860E+1	0,000E+0	1,773E+2	1,770E+2	0,000E+0	3,553E-1	3,511E-1	0,000E+0	7	0001
110,030	38,300	40,300	7,860E+1	0,000E+0	1,769E+2	1,770E+2	0,000E+0	3,540E-1	3,518E-1	0,000E+0	7	0001
111,030	38,600	40,300	7,890E+1	0,000E+0	1,771E+2	1,769E+2	0,000E+0	3,565E-1	3,533E-1	0,000E+0	7	0001
112,030	38,600	40,400	7,900E+1	0,000E+0	1,771E+2	1,769E+2	0,000E+0	3,566E-1	3,535E-1	0,000E+0	7	0001
113,030	38,600	40,400	7,900E+1	0,000E+0	1,771E+2	1,769E+2	0,000E+0	3,566E-1	3,535E-1	0,000E+0	7	0001
114,030	38,700	40,400	7,910E+1	0,000E+0	1,772E+2	1,772E+2	0,000E+0	3,579E-1	3,537E-1	0,000E+0	7	0001
115,029	38,700	40,400	7,910E+1	0,000E+0	1,772E+2	1,770E+2	0,000E+0	3,573E-1	3,536E-1	0,000E+0	7	0001
116,030	38,700	40,400	7,910E+1	0,000E+0	1,772E+2	1,770E+2	0,000E+0	3,573E-1	3,536E-1	0,000E+0	7	0001
117,030	38,700	40,500	7,920E+1	0,000E+0	1,770E+2	1,772E+2	0,000E+0	3,577E-1	3,546E-1	0,000E+0	7	0001
118,030	39,100	40,400	7,950E+1	0,000E+0	1,773E+2	1,770E+2	0,000E+0	3,609E-1	3,547E-1	0,000E+0	7	0001
119,031	38,600	40,400	7,900E+1	0,000E+0	1,773E+2	1,770E+2	0,000E+0	3,562E-1	3,532E-1	0,000E+0	7	0001
120,031	38,800	40,500	7,930E+1	0,000E+0	1,773E+2	1,770E+2	0,000E+0	3,586E-1	3,548E-1	0,000E+0	7	0001
121,031	38,700	40,700	7,940E+1	0,000E+0	1,772E+2	1,769E+2	0,000E+0	3,581E-1	3,559E-1	0,000E+0	7	0001
122,031	38,800	40,800	7,960E+1	0,000E+0	1,772E+2	1,770E+2	0,000E+0	3,593E-1	3,564E-1	0,000E+0	7	0001
123,031	38,800	40,800	7,960E+1	0,000E+0	1,772E+2	1,770E+2	0,000E+0	3,593E-1	3,564E-1	0,000E+0	7	0001
124,031	38,600	40,500	7,910E+1	0,000E+0	1,771E+2	1,768E+2	0,000E+0	3,577E-1	3,550E-1	0,000E+0	7	0001
125,031	38,600	40,500	7,910E+1	0,000E+0	1,771E+2	1,768E+2	0,000E+0	3,577E-1	3,550E-1	0,000E+0	7	0001
126,031	38,900	40,600	7,950E+1	0,000E+0	1,771E+2	1,770E+2	0,000E+0	3,593E-1	3,562E-1	0,000E+0	7	0001
127,031	39,000	40,900	7,990E+1	0,000E+0	1,772E+2	1,772E+2	0,000E+0	3,608E-1	3,574E-1	0,000E+0	7	0001
128,032	39,000	40,900	7,990E+1	0,000E+0	1,772E+2	1,772E+2	0,000E+0	3,608E-1	3,574E-1	0,000E+0	7	0001
129,031	39,000	40,800	7,980E+1	0,000E+0	1,774E+2	1,772E+2	0,000E+0	3,594E-1	3,563E-1	0,000E+0	7	0001
130,032	38,900	41,000	7,990E+1	0,000E+0	1,772E+2	1,771E+2	0,000E+0	3,604E-1	3,579E-1	0,000E+0	7	0001
131,032	38,900	40,500	7,940E+1	0,000E+0	1,775E+2	1,769E+2	0,000E+0	3,596E-1	3,552E-1	0,000E+0	7	0001
132,032	38,800	40,600	7,940E+1	0,000E+0	1,772E+2	1,770E+2	0,000E+0	3,587E-1	3,551E-1	0,000E+0	7	0001
133,032	38,900	40,900	7,980E+1	0,000E+0	1,773E+2	1,772E+2	0,000E+0	3,597E-1	3,572E-1	0,000E+0	7	0001
134,033	39,200	40,900	8,010E+1	0,000E+0	1,774E+2	1,771E+2	0,000E+0	3,614E-1	3,572E-1	0,000E+0	7	0001
135,033	39,200	40,900	8,010E+1	0,000E+0	1,774E+2	1,771E+2	0,000E+0	3,614E-1	3,572E-1	0,000E+0	7	0001
136,033	38,900	40,700	7,960E+1	0,000E+0	1,775E+2	1,770E+2	0,000E+0	3,591E-1	3,554E-1	0,000E+0	7	0001
137,034	38,900	40,600	7,950E+1	0,000E+0	1,771E+2	1,771E+2	0,000E+0	3,587E-1	3,549E-1	0,000E+0	7	0001
138,034	39,000	40,800	7,980E+1	0,000E+0	1,771E+2	1,769E+2	0,000E+0	3,606E-1	3,572E-1	0,000E+0	7	0001
139,034	38,800	40,800	7,960E+1	0,000E+0	1,771E+2	1,773E+2	0,000E+0	3,593E-1	3,567E-1	0,000E+0	7	0001
140,034	39,100	40,800	7,990E+1	0,000E+0	1,771E+2	1,771E+2	0,000E+0	3,607E-1	3,568E-1	0,000E+0	7	0001
141,033	39,000	40,700	7,970E+1	0,000E+0	1,774E+2	1,770E+2	0,000E+0	3,615E-1	3,572E-1	0,000E+0	7	0001
142,034	38,900	40,800	7,970E+1	0,000E+0	1,772E+2	1,771E+2	0,000E+0	3,598E-1	3,563E-1	0,000E+0	7	0001
143,034	38,900	40,600	7,950E+1	0,000E+0	1,772E+2	1,772E+2	0,000E+0	3,595E-1	3,551E-1	0,000E+0	7	0001
144,033	38,700	40,800	7,950E+1	0,000E+0	1,773E+2	1,774E+2	0,000E+0	3,581E-1	3,561E-1	0,000E+0	7	0001
145,034	38,900	40,900	7,980E+1	0,000E+0	1,774E+2	1,772E+2	0,000E+0	3,597E-1	3,570E-1	0,000E+0	7	0001
146,033	38,900	40,900	7,980E+1	0,000E+0	1,774E+2	1,772E+2	0,000E+0	3,597E-1	3,570E-1	0,000E+0	7	0001
147,034	38,900	40,900	7,980E+1	0,000E+0	1,772E+2	1,773E+2	0,000E+0	3,598E-1	3,570E-1	0,000E+0	7	0001
148,034	39,000	40,900	7,990E+1	0,000E+0	1,773E+2	1,771E+2	0,000E+0	3,600E-1	3,578E-1	0,000E+0	7	0001
149,034	39,000	40,800	7,980E+1	0,000E+0	1,773E+2	1,772E+2	0,000E+0	3,607E-1	3,573E-1	0,000E+0	7	0001
150,034	39,000	40,800	7,980E+1	0,000E+0	1,773E+2	1,772E+2	0,000E+0	3,607E-1	3,573E-1	0,000E+0	7	0001
151,033	39,000	40,900	7,990E+1	0,000E+0	1,773E+2	1,774E+2	0,000E+0	3,610E-1	3,579E-1	0,000E+0	7	0001
152,034	39,000	40,900	7,990E+1	0,000E+0	1,773E+2	1,774E+2	0,000E+0	3,610E-1	3,579E-1	0,000E+0	7	0001
153,035	39,100	41,100	8,020E+1	0,000E+0	1,779E+2	1,778E+2	0,000E+0	3,614E-1	3,579E-1	0,000E+0	7	0001
154,035	38,900	40,800	7,970E+1	0,000E+0	1,778E+2	1,777E+2	0,000E+0	3,607E-1	3,581E-1	0,000E+0	7	0001
155,035	39,100	41,200	8,030E+1	0,000E+0	1,776E+2	1,776E+2	0,000E+0	3,615E-1	3,598E-1	0,000E+0	7	0001
156,034	39,200	40,900	8,010E+1	0,000E+0	1,777E+2	1,775E+2	0,000E+0	3,618E-1	3,579E-1	0,000E+0	7	0001
157,035	38,700	40,700	7,940E+1	0,000E+0	1,775E+2	1,775E+2	0,000E+0	3,583E-1	3,556E-1	0,000E+0	7	0001
158,034	39,100	41,100	8,020E+1	0,000E+0	1,774E+2	1,773E+2	0,000E+0	3,613E-1	3,588E-1	0,000E+0	7	0001
159,035	39,100	41,100	8,020E+1	0,000E+0	1,774E+2	1,773E+2	0,000E+0	3,613E-1	3,588E-1	0,000E+0	7	0001
160,035	39,100	41,100	8,020E+1	0,000E+0	1,774E+2	1,773E+2	0,000E+0	3,613E-1	3,588E-1	0,000E+0	7	0001
161,035	38,900	40,900	7,980E+1	0,000E+0	1,774E+2	1,772E+2	0,000E+0	3,598E-1	3,581E-1	0,000E+0	7	0001
162,035	38,900	40,900	7,980E+1	0,000E+0	1,774E+2	1,772E+2	0,000E+0	3,598E-1	3,581E-1	0,000E+0	7	0001
163,034	38,900	40,900	7,980E+1	0,000E+0	1,774E+2	1,772E+2	0,000E+0	3,598E-1	3,581E-1	0,000E+0	7	0001
164,035	38,900	40,800	7,970E+1	0,000E+0	1,774E+2	1,772E+2	0,000E+0	3,598E-1	3,572E-1	0,000E+0	7	0001
165,035	38,900	40,800	7,970E+1	0,000E+0	1,774E+2	1,772E+2	0,000E+0	3,598E-1	3,572E-1	0,000E+0	7	0001
166,036	38,900	40,800	7,970E+1	0,000E+0	1,774E+2	1,772E+2	0,000E+0	3,598E-1	3,572E-1	0,000E+0	7	0001
167,036	38,900	40,800	7,970E+1	0,000E+0	1,774E+2	1,772E+2	0,000E+0	3,598E-1	3,572E-1	0,000E+0	7	0001
168,036	38,900	40,800	7,970E+1	0,000E+0	1,773E+2	1,772E+2	0,000E+0	3,600E-1	3,570E-1	0,000E+0	7	0001
169,036	38,900	40,800	7,970E+1	0,000E+0	1,773E+2	1,772E+2	0,000E+0	3,600E-1	3,570E-1	0,000E+0	7	0001
170,036	38,800	40,700	7,950E+1	0,000E+0	1,772E+2	1,773E+2	0,000E+0	3,582E-1	3,559E-1	0,000E+0	7	0001
171,036	38,800	40,700	7,950E+1	0,000E+0	1,772E+2	1,773E+2	0,000E+0	3,582E-1	3,559E-1	0,000E+0	7	0001
172,036	39,000	40,800	7,980E+1	0,000E+0	1,773E+2	1,771E+2	0,000E+0	3,606E-1	3,565E-1	0,000E+0	7	0001
173,036	38,900	40,900	7,980E+1	0,000E+0	1,773E+2	1,772E+2	0,000E+0	3,608E-1	3,578E-1	0,000E+0	7	0001
174,037	38,900	40,900	7,980E+1	0,000E+0	1,774E+2	1,771E+2	0,000E+0	3,607E-1	3,573E-1	0,000E+0	7	0001
175,037	39,100	40,900	8,000E+1	0,000E+0	1,774E+2	1,774E+2	0,000E+0	3,623E-1	3,577E-1	0,000E+0	7	0001
176,037	39,000	40,900	7,990E+1	0,000E+0	1,776E+2	1,773E+2	0,000E+0	3,607E-1	3,571E-1	0,000E+0	7	0001
177,036	39,100	40,700	7,980E+1	0,000E+0	1,776E+2	1,775E+2	0,000E+0	3,610E-1	3,559E-1	0,000E+0	7	0001
178,037	39,100	40,700	7,980E+1	0,000E+0	1,776E+2	1,775E+2	0,000E+0	3,610E-1	3,559E-1	0,000E+0	7	0001
179,037	39,200	41,200	8,040E+1	0,000E+0	1,773E+2	1,774E+2	0,000E+0	3,632E-1	3,594E-1	0,000E+0	6	0001
180,037	39,000	40,800	7,980E+1	0,000E+0	1,775E+2	1,771E+2	0,000E+0	3,610E-1	3,573E-1	0,000E+0	6	0001
181,038	39,000	41,100	8,010E+1	0,000E+0	1,773E+2	1,774E+2	0,000E+0	3,613E-1	3,588E-1	0,000E+0	6	0001
182,039	39,100	40,800	7,990E+1	0,000E+0	1,774E+2	1,771E+2	0,000E+0	3,613E-1	3,571E-1	0,000E+0	6	0001
183,039	39,000	41,000	8,000E+1	0,000E+0	1,773E+2	1,772E+2	0,000E+0	3,606E-1	3,575E-1	0,000E+0	6	0001
184,038	39,000	41,000	8,000E+1	0,000E+0	1,773E+2	1,772E+2	0,000E+0	3,606E-1	3,575E-1	0,000E+0	6	0001
185,039	39,000	41,000	8,000E+1	0,000E+0	1,773E+2	1,772E+2	0,000E+0	3,606E-1	3,575E-1	0,000E+0	6	0001
186,040	39,000	41,000	8,000E+1	0,000E+0	1,773E+2	1,772E+2	0,000E+0	3,606E-1	3,575E-1	0,000E+0	6	0001
187,040	39,000	41,000	8,000E+1	0,000E+0	1,773E+2	1,772E+2	0,000E+0	3,606E-1	3,575E-1	0,000E+0	6	0001
188,040	38,900	41,000	7,990E+1	0,000E+0	1,772E+2	1,772E+2	0,000E+0	3,597E-1	3,573E-1	0,000E+0	6	0001
189,040	38,900	41,000	7,990E+1	0,000E+0	1,772E+2	1,772E+2	0,000E+0	3,597E-1	3,573E-1	0,000E+0	6	0001
190,040	38,900	40,600	7,950E+1	0,000E+0	1,773E+2	1,771E+2	0,000E+0	3,599E-1	3,553E-1	0,000E+0	6	0001
191,040	38,900	40,600	7,950E+1	0,000E+0	1,773E+2	1,771E+2	0,000E+0	3,599E-1	3,553E-1	0,000E+0	6	0001
192,041	38,900	40,600	7,950E+1	0,000E+0	1,773E+2	1,771E+2	0,000E+0	3,599E-1	3,553E-1	0,000E+0	6	0001
193,042	39,200	40,900	8,010E+1	0,000E+0	1,775E+2	1,771E+2	0,000E+0	3,622E-1	3,579E-1	0,000E+0	6	0001
194,043	39,200	40,900	8,010E+1	0,000E+0	1,775E+2	1,771E+2	0,000E+0	3,622E-1	3,579E-1	0,000E+0	6	0001
195,043	38,800	41,000	7,980E+1	0,000E+0	1,772E+2	1,771E+2	0,000E+0	3,598E-1	3,581E-1	0,000E+0	6	0001
196,042	38,900	40,900	7,980E+1	0,000E+0	1,772E+2	1,772E+2	0,000E+0	3,602E-1	3,574E-1	0,000E+0	6	0001
197,043	39,000	40,900	7,990E+1	0,000E+0	1,773E+2	1,768E+2	0,000E+0	3,602E-1	3,574E-1	0,000E+0	6	0001
198,042	39,100	40,700	7,980E+1	0,000E+0	1,775E+2	1,771E+2	0,000E+0	3,604E-1	3,557E-1	0,000E+0	6	0001
199,043	39,000	40,800	7,980E+1	0,000E+0	1,772E+2	1,772E+2	0,000E+0	3,608E-1	3,570E-1	0,000E+0	6	0001
200,043	39,200	40,900	8,010E+1	0,000E+0	1,772E+2	1,771E+2	0,000E+0	3,614E-1	3,579E-1	0,000E+0	6	0001
201,043	39,100	41,000	8,010E+1	0,000E+0	1,773E+2	1,771E+2	0,000E+0	3,611E-1	3,576E-1	0,000E+0	5	0001
202,043	39,000	40,900	7,990E+1	0,000E+0	1,773E+2	1,772E+2	0,000E+0	3,601E-1	3,568E-1	0,000E+0	5	0001
203,042	39,000	41,100	8,010E+1	0,000E+0	1,774E+2	1,773E+2	0,000E+0	3,620E-1	3,587E-1	0,000E+0	5	0001
204,043	39,000	41,100	8,010E+1	0,000E+0	1,774E+2	1,773E+2	0,000E+0	3,620E-1	3,587E-1	0,000E+0	5	0001
205,043	39,100	40,900	8,000E+1	0,000E+0	1,774E+2	1,772E+2	0,000E+0	3,607E-1	3,570E-1	0,000E+0	5	0001
206,044	39,100	40,900	8,000E+1	0,000E+0	1,774E+2	1,772E+2	0,000E+0	3,607E-1	3,570E-1	0,000E+0	5	0001
207,044	39,100	40,900	8,000E+1	0,000E+0	1,774E+2	1,772E+2	0,000E+0	3,607E-1	3,570E-1	0,000E+0	5	0001
208,044	39,100	40,900	8,000E+1	0,000E+0	1,774E+2	1,772E+2	0,000E+0	3,607E-1	3,570E-1	0,000E+0	5	0001
209,044	39,100	40,900	8,000E+1	0,000E+0	1,774E+2	1,772E+2	0,000E+0	3,607E-1	3,570E-1	0,000E+0	5	0001
210,045	39,000	41,000	8,000E+1	0,000E+0	1,775E+2	1,771E+2	0,000E+0	3,619E-1	3,583E-1	0,000E+0	5	0001
211,045	39,000	41,000	8,000E+1	0,000E+0	1,775E+2	1,771E+2	0,000E+0	3,619E-1	3,583E-1	0,000E+0	5	0001
212,044	39,000	41,000	8,000E+1	0,000E+0	1,775E+2	1,771E+2	0,000E+0	3,619E-1	3,583E-1	0,000E+0	5	0001
213,045	38,900	40,800	7,970E+1	0,000E+0	1,771E+2	1,771E+2	0,000E+0	3,601E-1	3,565E-1	0,000E+0	5	0001
214,045	38,900	40,800	7,970E+1	0,000E+0	1,771E+2	1,771E+2	0,000E+0	3,601E-1	3,565E-1	0,000E+0	5	0001
215,045	39,000	40,800	7,980E+1	0,000E+0	1,773E+2	1,770E+2	0,000E+0	3,604E-1	3,567E-1	0,000E+0	5	0001
216,045	38,900	40,800	7,970E+1	0,000E+0	1,772E+2	1,772E+2	0,000E+0	3,592E-1	3,564E-1	0,000E+0	5	0001
217,045	39,100	40,800	7,990E+1	0,000E+0	1,774E+2	1,770E+2	0,000E+0	3,611E-1	3,571E-1	0,000E+0	5	0001
218,046	38,900	40,800	7,970E+1	0,000E+0	1,773E+2	1,770E+2	0,000E+0	3,605E-1	3,571E-1	0,000E+0	5	0001
219,045	39,200	40,900	8,010E+1	0,000E+0	1,775E+2	1,773E+2	0,000E+0	3,617E-1	3,569E-1	0,000E+0	4	0001
220,046	38,800	40,900	7,970E+1	0,000E+0	1,773E+2	1,773E+2	0,000E+0	3,589E-1	3,574E-1	0,000E+0	4	0001
221,047	39,000	40,800	7,980E+1	0,000E+0	1,773E+2	1,772E+2	0,000E+0	3,601E-1	3,573E-1	0,000E+0	4	0001
222,047	39,000	40,800	7,980E+1	0,000E+0	1,773E+2	1,772E+2	0,000E+0	3,601E-1	3,573E-1	0,000E+0	4	0001
223,047	39,000	40,800	7,980E+1	0,000E+0	1,772E+2	1,771E+2	0,000E+0	3,601E-1	3,563E-1	0,000E+0	4	0001
224,048	39,000	41,100	8,010E+1	0,000E+0	1,774E+2	1,773E+2	0,000E+0	3,617E-1	3,592E-1	0,000E+0	4	0001
225,049	39,000	40,700	7,970E+1	0,000E+0	1,774E+2	1,771E+2	0,000E+0	3,608E-1	3,566E-1	0,000E+0	4	0001
226,048	39,000	40,700	7,970E+1	0,000E+0	1,774E+2	1,771E+2	0,000E+0	3,608E-1	3,566E-1	0,000E+0	4	0001
227,049	39,000	41,000	8,000E+1	0,000E+0	1,779E+2	1,774E+2	0,000E+0	3,610E-1	3,588E-1	0,000E+0	4	0001
228,050	39,000	41,000	8,000E+1	0,000E+0	1,779E+2	1,774E+2	0,000E+0	3,610E-1	3,588E-1	0,000E+0	4	0001
229,050	39,000	41,000	8,000E+1	0,000E+0	1,779E+2	1,774E+2	0,000E+0	3,610E-1	3,588E-1	0,000E+0	4	0001
230,051	39,000	41,000	8,000E+1	0,000E+0	1,779E+2	1,774E+2	0,000E+0	3,610E-1	3,588E-1	0,000E+0	4	0001
231,051	39,100	41,000	8,010E+1	0,000E+0	1,777E+2	1,774E+2	0,000E+0	3,613E-1	3,580E-1	0,000E+0	4	0001
232,051	39,100	41,000	8,010E+1	0,000E+0	1,777E+2	1,774E+2	0,000E+0	3,613E-1	3,580E-1	0,000E+0	4	0001
233,050	39,100	41,000	8,010E+1	0,000E+0	1,777E+2	1,774E+2	0,000E+0	3,613E-1	3,580E-1	0,000E+0	4	0001
234,051	38,900	41,000	7,990E+1	0,000E+0	1,776E+2	1,776E+2	0,000E+0	3,600E-1	3,583E-1	0,000E+0	4	0001
235,051	38,900	41,000	7,990E+1	0,000E+0	1,776E+2	1,776E+2	0,000E+0	3,600E-1	3,583E-1	0,000E+0	4	0001
236,051	38,800	40,800	7,960E+1	0,000E+0	1,772E+2	1,772E+2	0,000E+0	3,592E-1	3,567E-1	0,000E+0	4	0001
237,052	39,000	40,800	7,980E+1	0,000E+0	1,775E+2	1,771E+2	0,000E+0	3,602E-1	3,569E-1	0,000E+0	4	0001
238,051	38,900	40,900	7,980E+1	0,000E+0	1,774E+2	1,775E+2	0,000E+0	3,603E-1	3,571E-1	0,000E+0	4	0001
239,052	38,900	40,900	7,980E+1	0,000E+0	1,774E+2	1,775E+2	0,000E+0	3,603E-1	3,571E-1	0,000E+0	4	0001
240,052	38,900	40,800	7,970E+1	0,000E+0	1,773E+2	1,770E+2	0,000E+0	3,598E-1	3,565E-1	0,000E+0	4	0001
241,052	38,900	40,800	7,970E+1	0,000E+0	1,773E+2	1,770E+2	0,000E+0	3,598E-1	3,565E-1	0,000E+0	3	0001
242,052	39,100	40,900	8,000E+1	0,000E+0	1,774E+2	1,770E+2	0,000E+0	3,619E-1	3,579E-1	0,000E+0	3	0001
243,053	39,000	41,200	8,020E+1	0,000E+0	1,772E+2	1,772E+2	0,000E+0	3,608E-1	3,591E-1	0,000E+0	3	0001
244,053	39,200	40,800	8,000E+1	0,000E+0	1,775E+2	1,771E+2	0,000E+0	3,619E-1	3,575E-1	0,000E+0	3	0001
245,053	39,100	41,000	8,010E+1	0,000E+0	1,774E+2	1,771E+2	0,000E+0	3,610E-1	3,579E-1	0,000E+0	3	0001
246,054	39,200	41,000	8,020E+1	0,000E+0	1,776E+2	1,771E+2	0,000E+0	3,622E-1	3,583E-1	0,000E+0	3	0001
247,054	39,200	41,000	8,020E+1	0,000E+0	1,776E+2	1,771E+2	0,000E+0	3,622E-1	3,583E-1	0,000E+0	3	0001
248,054	39,200	41,000	8,020E+1	0,000E+0	1,776E+2	1,771E+2	0,000E+0	3,622E-1	3,583E-1	0,000E+0	3	0001
249,054	38,900	41,000	7,990E+1	0,000E+0	1,773E+2	1,770E+2	0,000E+0	3,608E-1	3,581E-1	0,000E+0	3	0001
250,054	38,900	41,000	7,990E+1	0,000E+0	1,773E+2	1,770E+2	0,000E+0	3,608E-1	3,581E-1	0,000E+0	3	0001
251,054	38,900	41,000	7,990E+1	0,000E+0	1,773E+2	1,770E+2	0,000E+0	3,608E-1	3,581E-1	0,000E+0	3	0001
252,053	39,000	41,000	8,000E+1	0,000E+0	1,775E+2	1,771E+2	0,000E+0	3,610E-1	3,575E-1	0,000E+0	3	0001
253,054	39,000	41,000	8,000E+1	0,000E+0	1,775E+2	1,771E+2	0,000E+0	3,610E-1	3,575E-1	0,000E+0	3	0001
254,054	39,000	41,000	8,000E+1	0,000E+0	1,775E+2	1,771E+2	0,000E+0	3,610E-1	3,575E-1	0,000E+0	3	0001
255,054	39,000	41,000	8,000E+1	0,000E+0	1,775E+2	1,771E+2	0,000E+0	3,610E-1	3,575E-1	0,000E+0	3	0001
256,055	39,000	41,100	8,010E+1	0,000E+0	1,775E+2	1,773E+2	0,000E+0	3,615E-1	3,593E-1	0,000E+0	3	0001
257,055	39,000	41,100	8,010E+1	0,000E+0	1,775E+2	1,773E+2	0,000E+0	3,615E-1	3,593E-1	0,000E+0	3	0001
258,055	39,000	41,100	8,010E+1	0,000E+0	1,775E+2	1,773E+2	0,000E+0	3,615E-1	3,593E-1	0,000E+0	3	0001
259,054	39,000	41,100	8,010E+1	0,000E+0	1,775E+2	1,773E+2	0,000E+0	3,615E-1	3,593E-1	0,000E+0	3	0001
260,055	39,000	41,100	8,010E+1	0,000E+0	1,775E+2	1,773E+2	0,000E+0	3,615E-1	3,593E-1	0,000E+0	3	0001
261,056	39,000	41,100	8,010E+1	0,000E+0	1,775E+2	1,773E+2	0,000E+0	3,615E-1	3,593E-1	0,000E+0	3	0001
262,056	39,000	40,800	7,980E+1	0,000E+0	1,773E+2	1,771E+2	0,000E+0	3,608E-1	3,567E-1	0,000E+0	3	0001
263,056	39,100	40,900	8,000E+1	0,000E+0	1,775E+2	1,771E+2	0,000E+0	3,616E-1	3,578E-1	0,000E+0	3	0001
264,056	39,100	41,000	8,010E+1	0,000E+0	1,773E+2	1,772E+2	0,000E+0	3,623E-1	3,581E-1	0,000E+0	3	0001
265,056	38,900	41,000	7,990E+1	0,000E+0	1,772E+2	1,771E+2	0,000E+0	3,602E-1	3,582E-1	0,000E+0	3	0001
266,055	38,900	40,900	7,980E+1	0,000E+0	1,773E+2	1,771E+2	0,000E+0	3,609E-1	3,584E-1	0,000E+0	3	0001
267,056	39,000	41,000	8,000E+1	0,000E+0	1,774E+2	1,771E+2	0,000E+0	3,603E-1	3,578E-1	0,000E+0	2	0001
268,057	39,000	41,000	8,000E+1	0,000E+0	1,774E+2	1,771E+2	0,000E+0	3,603E-1	3,578E-1	0,000E+0	2	0001
269,058	39,200	40,900	8,010E+1	0,000E+0	1,775E+2	1,771E+2	0,000E+0	3,625E-1	3,587E-1	0,000E+0	2	0001
270,058	39,200	40,900	8,010E+1	0,000E+0	1,774E+2	1,772E+2	0,000E+0	3,626E-1	3,578E-1	0,000E+0	2	0001
271,058	38,800	40,900	7,970E+1	0,000E+0	1,773E+2	1,771E+2	0,000E+0	3,596E-1	3,575E-1	0,000E+0	2	0001
272,059	39,000	40,800	7,980E+1	0,000E+0	1,772E+2	1,770E+2	0,000E+0	3,606E-1	3,567E-1	0,000E+0	2	0001
273,059	39,000	40,800	7,980E+1	0,000E+0	1,772E+2	1,770E+2	0,000E+0	3,606E-1	3,567E-1	0,000E+0	2	0001
274,060	39,000	40,800	7,980E+1	0,000E+0	1,772E+2	1,770E+2	0,000E+0	3,606E-1	3,567E-1	0,000E+0	2	0001
275,060	39,000	40,800	7,980E+1	0,000E+0	1,772E+2	1,770E+2	0,000E+0	3,606E-1	3,567E-1	0,000E+0	2	0001
276,060	39,000	40,800	7,980E+1	0,000E+0	1,772E+2	1,770E+2	0,000E+0	3,606E-1	3,567E-1	0,000E+0	2	0001
277,060	39,100	41,200	8,030E+1	0,000E+0	1,773E+2	1,771E+2	0,000E+0	3,621E-1	3,602E-1	0,000E+0	2	0001
278,059	39,100	41,200	8,030E+1	0,000E+0	1,773E+2	1,771E+2	0,000E+0	3,621E-1	3,602E-1	0,000E+0	2	0001
279,060	39,100	41,200	8,030E+1	0,000E+0	1,773E+2	1,771E+2	0,000E+0	3,621E-1	3,602E-1	0,000E+0	2	0001
280,060	39,200	41,000	8,020E+1	0,000E+0	1,775E+2	1,771E+2	0,000E+0	3,630E-1	3,587E-1	0,000E+0	2	0001
281,060	39,200	41,000	8,020E+1	0,000E+0	1,775E+2	1,771E+2	0,000E+0	3,630E-1	3,587E-1	0,000E+0	2	0001
282,061	39,100	40,900	8,000E+1	0,000E+0	1,774E+2	1,770E+2	0,000E+0	3,614E-1	3,575E-1	0,000E+0	2	0001
283,061	39,200	41,000	8,020E+1	0,000E+0	1,773E+2	1,771E+2	0,000E+0	3,621E-1	3,585E-1	0,000E+0	2	0001
284,062	39,000	40,900	7,990E+1	0,000E+0	1,772E+2	1,773E+2	0,000E+0	3,613E-1	3,581E-1	0,000E+0	2	0001
285,062	39,000	41,000	8,000E+1	0,000E+0	1,774E+2	1,772E+2	0,000E+0	3,618E-1	3,582E-1	0,000E+0	2	0001
286,063	39,100	40,900	8,000E+1	0,000E+0	1,774E+2	1,772E+2	0,000E+0	3,616E-1	3,575E-1	0,000E+0	2	0001
287,064	39,100	40,900	8,000E+1	0,000E+0	1,772E+2	1,771E+2	0,000E+0	3,610E-1	3,573E-1	0,000E+0	2	0001
288,064	39,100	41,000	8,010E+1	0,000E+0	1,773E+2	1,770E+2	0,000E+0	3,614E-1	3,587E-1	0,000E+0	2	0001
289,064	38,700	41,000	7,970E+1	0,000E+0	1,772E+2	1,774E+2	0,000E+0	3,597E-1	3,583E-1	0,000E+0	2	0001
290,064	38,700	41,000	7,970E+1	0,000E+0	1,772E+2	1,774E+2	0,000E+0	3,597E-1	3,583E-1	0,000E+0	2	0001
291,064	39,100	40,900	8,000E+1	0,000E+0	1,774E+2	1,773E+2	0,000E+0	3,621E-1	3,577E-1	0,000E+0	2	0001
292,063	39,200	40,900	8,010E+1	0,000E+0	1,774E+2	1,772E+2	0,000E+0	3,618E-1	3,574E-1	0,000E+0	2	0001
293,064	39,000	41,000	8,000E+1	0,000E+0	1,774E+2	1,773E+2	0,000E+0	3,608E-1	3,574E-1	0,000E+0	1	0001
294,064	39,300	40,800	8,010E+1	0,000E+0	1,776E+2	1,772E+2	0,000E+0	3,628E-1	3,573E-1	0,000E+0	1	0001
295,064	39,000	40,800	7,980E+1	0,000E+0	1,773E+2	1,771E+2	0,000E+0	3,611E-1	3,567E-1	0,000E+0	1	0001
296,064	39,000	41,000	8,000E+1	0,000E+0	1,773E+2	1,772E+2	0,000E+0	3,601E-1	3,579E-1	0,000E+0	1	0001
297,063	39,000	40,900	7,990E+1	0,000E+0	1,773E+2	1,772E+2	0,000E+0	3,609E-1	3,576E-1	0,000E+0	1	0001
298,064	39,000	40,900	7,990E+1	0,000E+0	1,773E+2	1,772E+2	0,000E+0	3,609E-1	3,576E-1	0,000E+0	1	0001
299,063	39,000	40,900	7,990E+1	0,000E+0	1,773E+2	1,772E+2	0,000E+0	3,609E-1	3,576E-1	0,000E+0	1	0001
300,064	39,000	40,900	7,990E+1	0,000E+0	1,773E+2	1,772E+2	0,000E+0	3,609E-1	3,576E-1	0,000E+0	1	0001
301,064	39,000	40,900	7,990E+1	0,000E+0	1,773E+2	1,772E+2	0,000E+0	3,609E-1	3,576E-1	0,000E+0	1	0001
302,064	39,000	40,900	7,990E+1	0,000E+0	1,773E+2	1,772E+2	0,000E+0	3,609E-1	3,576E-1	0,000E+0	1	0001
303,064	39,000	40,900	7,990E+1	0,000E+0	1,773E+2	1,772E+2	0,000E+0	3,609E-1	3,576E-1	0,000E+0	1	0001
304,064	39,100	40,800	7,990E+1	0,000E+0	1,772E+2	1,771E+2	0,000E+0	3,614E-1	3,577E-1	0,000E+0	1	0001
305,065	39,100	40,800	7,990E+1	0,000E+0	1,772E+2	1,771E+2	0,000E+0	3,614E-1	3,577E-1	0,000E+0	1	0001
306,065	39,100	40,800	7,990E+1	0,000E+0	1,772E+2	1,771E+2	0,000E+0	3,614E-1	3,577E-1	0,000E+0	1	0001
307,066	39,100	40,800	7,990E+1	0,000E+0	1,772E+2	1,771E+2	0,000E+0	3,614E-1	3,577E-1	0,000E+0	1	0001
308,066	39,200	40,900	8,010E+1	0,000E+0	1,773E+2	1,769E+2	0,000E+0	3,627E-1	3,580E-1	0,000E+0	1	0001
309,065	39,200	40,900	8,010E+1	0,000E+0	1,773E+2	1,769E+2	0,000E+0	3,627E-1	3,580E-1	0,000E+0	1	0001
310,066	39,100	41,000	8,010E+1	0,000E+0	1,773E+2	1,771E+2	0,000E+0	3,624E-1	3,587E-1	0,000E+0	1	0001
311,066	39,100	41,000	8,010E+1	0,000E+0	1,773E+2	1,771E+2	0,000E+0	3,624E-1	3,587E-1	0,000E+0	1	0001
312,066	39,100	41,000	8,010E+1	0,000E+0	1,773E+2	1,771E+2	0,000E+0	3,624E-1	3,587E-1	0,000E+0	1	0001
313,066	39,000	40,900	7,990E+1	0,000E+0	1,772E+2	1,770E+2	0,000E+0	3,617E-1	3,578E-1	0,000E+0	1	0001
314,066	39,000	40,900	7,990E+1	0,000E+0	1,772E+2	1,770E+2	0,000E+0	3,617E-1	3,578E-1	0,000E+0	1	0001
315,067	39,100	41,000	8,010E+1	0,000E+0	1,774E+2	1,771E+2	0,000E+0	3,619E-1	3,587E-1	0,000E+0	0	0001
316,066	39,000	40,900	7,990E+1	0,000E+0	1,771E+2	1,770E+2	0,000E+0	3,611E-1	3,573E-1	0,000E+0	0	0001
317,067	39,100	41,200	8,030E+1	0,000E+0	1,769E+2	1,769E+2	0,000E+0	3,628E-1	3,599E-1	0,000E+0	0	0001
318,068	39,200	40,900	8,010E+1	0,000E+0	1,773E+2	1,768E+2	0,000E+0	3,625E-1	3,581E-1	0,000E+0	0	0001
319,068	39,000	40,900	7,990E+1	0,000E+0	1,772E+2	1,772E+2	0,000E+0	3,617E-1	3,582E-1	0,000E+0	0	0001
320,068	39,000	40,900	7,990E+1	0,000E+0	1,772E+2	1,772E+2	0,000E+0	3,617E-1	3,582E-1	0,000E+0	0	0001
321,069	39,000	40,900	7,990E+1	0,000E+0	1,772E+2	1,772E+2	0,000E+0	3,617E-1	3,582E-1	0,000E+0	0	0001
322,069	39,000	40,900	7,990E+1	0,000E+0	1,772E+2	1,772E+2	0,000E+0	3,617E-1	3,582E-1	0,000E+0	0	0001
323,070	39,000	40,800	7,980E+1	0,000E+0	1,773E+2	1,772E+2	0,000E+0	3,606E-1	3,573E-1	0,000E+0	0	0001
324,070	39,100	41,100	8,020E+1	0,000E+0	1,774E+2	1,770E+2	0,000E+0	3,623E-1	3,594E-1	0,000E+0	0	0001
325,070	39,100	41,100	8,020E+1	0,000E+0	1,774E+2	1,770E+2	0,000E+0	3,623E-1	3,594E-1	0,000E+0	0	0001
326,070	39,100	41,100	8,020E+1	0,000E+0	1,774E+2	1,770E+2	0,000E+0	3,623E-1	3,594E-1	0,000E+0	0	0001
327,071	39,100	41,100	8,020E+1	0,000E+0	1,774E+2	1,770E+2	0,000E+0	3,623E-1	3,594E-1	0,000E+0	0	0001
328,072	39,100	41,200	8,030E+1	0,000E+0	1,773E+2	1,773E+2	0,000E+0	3,628E-1	3,600E-1	0,000E+0	0	0001
329,073	39,100	41,200	8,030E+1	0,000E+0	1,773E+2	1,773E+2	0,000E+0	3,628E-1	3,600E-1	0,000E+0	0	0001
330,072	39,100	41,200	8,030E+1	0,000E+0	1,773E+2	1,773E+2	0,000E+0	3,628E-1	3,600E-1	0,000E+0	0	0001
331,074	39,100	40,900	8,000E+1	0,000E+0	1,773E+2	1,773E+2	0,000E+0	3,618E-1	3,575E-1	0,000E+0	0	0001
332,074	38,800	41,000	7,980E+1	0,000E+0	1,770E+2	1,774E+2	0,000E+0	3,593E-1	3,579E-1	0,000E+0	0	0001
333,074	39,000	41,000	8,000E+1	0,000E+0	1,775E+2	1,770E+2	0,000E+0	3,613E-1	3,585E-1	0,000E+0	0	0001
334,074	39,000	40,900	7,990E+1	0,000E+0	1,771E+2	1,771E+2	0,000E+0	3,611E-1	3,582E-1	0,000E+0	0	0001
335,075	39,000	40,800	7,980E+1	0,000E+0	1,774E+2	1,770E+2	0,000E+0	3,610E-1	3,572E-1	0,000E+0	0	0001
336,075	39,000	40,800	7,980E+1	0,000E+0	1,774E+2	1,770E+2	0,000E+0	3,610E-1	3,572E-1	0,000E+0	0	0001
337,075	39,100	41,100	8,020E+1	0,000E+0	1,775E+2	1,773E+2	0,000E+0	3,626E-1	3,594E-1	0,000E+0	0	0001
338,077	38,800	41,000	7,980E+1	0,000E+0	1,772E+2	1,771E+2	0,000E+0	3,607E-1	3,581E-1	0,000E+0	0	0001
339,077	39,000	40,900	7,990E+1	0,000E+0	1,772E+2	1,769E+2	0,000E+0	3,604E-1	3,584E-1	0,000E+0	0	0001
340,077	39,000	40,900	7,990E+1	0,000E+0	1,772E+2	1,769E+2	0,000E+0	3,604E-1	3,584E-1	0,000E+0	0	0010
341,078	39,100	41,000	8,010E+1	0,000E+0	1,772E+2	1,771E+2	0,000E+0	3,618E-1	3,589E-1	0,000E+0	0	0010
342,077	39,100	40,800	7,990E+1	0,000E+0	1,773E+2	1,772E+2	0,000E+0	3,619E-1	3,573E-1	0,000E+0	0	0010
343,078	39,100	40,600	7,970E+1	0,000E+0	1,774E+2	1,773E+2	0,000E+0	3,610E-1	3,563E-1	0,000E+0	0	0010
344,078	39,100	40,900	8,000E+1	0,000E+0	1,772E+2	1,773E+2	0,000E+0	3,618E-1	3,579E-1	0,000E+0	0	0010
345,078	39,000	41,000	8,000E+1	0,000E+0	1,774E+2	1,772E+2	0,000E+0	3,613E-1	3,585E-1	0,000E+0	0	0010
346,078	39,100	41,100	8,020E+1	0,000E+0	1,774E+2	1,772E+2	0,000E+0	3,627E-1	3,594E-1	0,000E+0	0	0010
347,078	39,100	41,100	8,020E+1	0,000E+0	1,774E+2	1,771E+2	0,000E+0	3,625E-1	3,589E-1	0,000E+0	0	0010
348,078	39,000	40,800	7,980E+1	0,000E+0	1,774E+2	1,771E+2	0,000E+0	3,604E-1	3,573E-1	0,000E+0	0	0010
349,077	39,200	40,900	8,010E+1	0,000E+0	1,773E+2	1,772E+2	0,000E+0	3,624E-1	3,575E-1	0,000E+0	0	0010
350,078	39,200	41,100	8,030E+1	0,000E+0	1,774E+2	1,772E+2	0,000E+0	3,628E-1	3,593E-1	0,000E+0	0	0010
351,078	39,200	41,100	8,030E+1	0,000E+0	1,774E+2	1,772E+2	0,000E+0	3,628E-1	3,593E-1	0,000E+0	0	0010
352,078	39,100	41,000	8,010E+1	0,000E+0	1,773E+2	1,772E+2	0,000E+0	3,617E-1	3,585E-1	0,000E+0	0	0010
353,078	39,200	40,700	7,990E+1	0,000E+0	1,773E+2	1,769E+2	0,000E+0	3,621E-1	3,567E-1	0,000E+0	0	0010
354,078	39,100	41,000	8,010E+1	0,000E+0	1,773E+2	1,772E+2	0,000E+0	3,617E-1	3,581E-1	0,000E+0	0	0010
355,079	38,800	40,900	7,970E+1	0,000E+0	1,771E+2	1,771E+2	0,000E+0	3,595E-1	3,577E-1	0,000E+0	0	0010
356,079	38,900	41,000	7,990E+1	0,000E+0	1,772E+2	1,773E+2	0,000E+0	3,604E-1	3,580E-1	0,000E+0	0	0010
357,080	38,900	41,000	7,990E+1	0,000E+0	1,772E+2	1,773E+2	0,000E+0	3,604E-1	3,580E-1	0,000E+0	0	0010
358,080	38,900	41,000	7,990E+1	0,000E+0	1,772E+2	1,773E+2	0,000E+0	3,604E-1	3,580E-1	0,000E+0	0	0010
359,081	38,900	41,000	7,990E+1	0,000E+0	1,772E+2	1,773E+2	0,000E+0	3,604E-1	3,580E-1	0,000E+0	0	0010
360,081	38,900	41,000	7,990E+1	0,000E+0	1,772E+2	1,773E+2	0,000E+0	3,604E-1	3,580E-1	0,000E+0	0	0010
361,082	39,100	40,900	8,000E+1	0,000E+0	1,775E+2	1,771E+2	0,000E+0	3,618E-1	3,580E-1	0,000E+0	0	0010
362,083	39,100	40,900	8,000E+1	0,000E+0	1,775E+2	1,771E+2	0,000E+0	3,618E-1	3,580E-1	0,000E+0	0	0010
363,082	39,100	40,900	8,000E+1	0,000E+0	1,775E+2	1,771E+2	0,000E+0	3,618E-1	3,580E-1	0,000E+0	0	0010
364,084	39,100	41,100	8,020E+1	0,000E+0	1,774E+2	1,773E+2	0,000E+0	3,620E-1	3,594E-1	0,000E+0	0	0010
365,085	39,100	41,100	8,020E+1	0,000E+0	1,774E+2	1,773E+2	0,000E+0	3,620E-1	3,594E-1	0,000E+0	0	0010
366,085	39,100	40,900	8,000E+1	0,000E+0	1,776E+2	1,772E+2	0,000E+0	3,621E-1	3,583E-1	0,000E+0	0	0010
367,085	39,100	40,900	8,000E+1	0,000E+0	1,776E+2	1,772E+2	0,000E+0	3,621E-1	3,583E-1	0,000E+0	0	0010
368,085	38,900	40,800	7,970E+1	0,000E+0	1,774E+2	1,774E+2	0,000E+0	3,600E-1	3,571E-1	0,000E+0	0	0010
369,086	39,000	41,100	8,010E+1	0,000E+0	1,774E+2	1,772E+2	0,000E+0	3,610E-1	3,597E-1	0,000E+0	0	0010
370,085	39,100	41,100	8,020E+1	0,000E+0	1,776E+2	1,775E+2	0,000E+0	3,624E-1	3,593E-1	0,000E+0	0	0010
371,086	39,000	40,600	7,960E+1	0,000E+0	1,776E+2	1,772E+2	0,000E+0	3,608E-1	3,562E-1	0,000E+0	0	0010
372,086	39,000	40,600	7,960E+1	0,000E+0	1,776E+2	1,772E+2	0,000E+0	3,608E-1	3,562E-1	0,000E+0	0	0010
373,086	39,000	40,900	7,990E+1	0,000E+0	1,776E+2	1,774E+2	0,000E+0	3,612E-1	3,584E-1	0,000E+0	1	0010
374,087	39,200	41,100	8,030E+1	0,000E+0	1,775E+2	1,773E+2	0,000E+0	3,636E-1	3,598E-1	0,000E+0	1	0010
375,086	39,100	40,700	7,980E+1	0,000E+0	1,776E+2	1,773E+2	0,000E+0	3,621E-1	3,575E-1	0,000E+0	1	0010
376,087	39,100	41,000	8,010E+1	0,000E+0	1,774E+2	1,773E+2	0,000E+0	3,620E-1	3,592E-1	0,000E+0	1	0010
377,087	39,000	41,100	8,010E+1	0,000E+0	1,775E+2	1,774E+2	0,000E+0	3,614E-1	3,590E-1	0,000E+0	1	0010
378,087	39,000	41,200	8,020E+1	0,000E+0	1,775E+2	1,773E+2	0,000E+0	3,616E-1	3,592E-1	0,000E+0	1	0010
379,087	39,000	41,200	8,020E+1	0,000E+0	1,775E+2	1,773E+2	0,000E+0	3,616E-1	3,592E-1	0,000E+0	1	0010
380,088	39,000	41,200	8,020E+1	0,000E+0	1,775E+2	1,773E+2	0,000E+0	3,616E-1	3,592E-1	0,000E+0	1	0010
381,089	39,000	41,200	8,020E+1	0,000E+0	1,775E+2	1,773E+2	0,000E+0	3,616E-1	3,592E-1	0,000E+0	1	0010
382,088	38,900	40,900	7,980E+1	0,000E+0	1,775E+2	1,772E+2	0,000E+0	3,605E-1	3,580E-1	0,000E+0	1	0010
383,089	38,900	40,900	7,980E+1	0,000E+0	1,775E+2	1,772E+2	0,000E+0	3,605E-1	3,580E-1	0,000E+0	1	0010
384,090	38,900	40,900	7,980E+1	0,000E+0	1,775E+2	1,772E+2	0,000E+0	3,605E-1	3,580E-1	0,000E+0	1	0010
385,090	38,900	40,900	7,980E+1	0,000E+0	1,775E+2	1,772E+2	0,000E+0	3,605E-1	3,580E-1	0,000E+0	1	0010
386,090	38,900	41,000	7,990E+1	0,000E+0	1,776E+2	1,774E+2	0,000E+0	3,613E-1	3,585E-1	0,000E+0	1	0010
387,090	38,900	41,000	7,990E+1	0,000E+0	1,776E+2	1,774E+2	0,000E+0	3,613E-1	3,585E-1	0,000E+0	1	0010
388,091	39,100	41,000	8,010E+1	0,000E+0	1,775E+2	1,774E+2	0,000E+0	3,622E-1	3,589E-1	0,000E+0	1	0010
389,090	39,000	41,000	8,000E+1	0,000E+0	1,776E+2	1,774E+2	0,000E+0	3,606E-1	3,588E-1	0,000E+0	1	0010
390,092	39,100	41,000	8,010E+1	0,000E+0	1,777E+2	1,776E+2	0,000E+0	3,615E-1	3,578E-1	0,000E+0	1	0010
391,093	39,000	40,900	7,990E+1	0,000E+0	1,776E+2	1,776E+2	0,000E+0	3,607E-1	3,577E-1	0,000E+0	1	0010
392,094	38,900	41,000	7,990E+1	0,000E+0	1,777E+2	1,774E+2	0,000E+0	3,606E-1	3,584E-1	0,000E+0	1	0010
393,094	38,900	41,200	8,010E+1	0,000E+0	1,774E+2	1,777E+2	0,000E+0	3,610E-1	3,598E-1	0,000E+0	1	0010
394,094	39,100	40,700	7,980E+1	0,000E+0	1,775E+2	1,774E+2	0,000E+0	3,617E-1	3,570E-1	0,000E+0	1	0010
395,095	39,000	41,000	8,000E+1	0,000E+0	1,775E+2	1,774E+2	0,000E+0	3,613E-1	3,585E-1	0,000E+0	1	0010
396,095	39,000	41,000	8,000E+1	0,000E+0	1,775E+2	1,774E+2	0,000E+0	3,613E-1	3,585E-1	0,000E+0	1	0010
397,097	39,000	41,000	8,000E+1	0,000E+0	1,775E+2	1,774E+2	0,000E+0	3,613E-1	3,585E-1	0,000E+0	1	0010
398,098	39,000	41,100	8,010E+1	0,000E+0	1,776E+2	1,774E+2	0,000E+0	3,620E-1	3,600E-1	0,000E+0	1	0010
399,098	39,000	41,000	8,000E+1	0,000E+0	1,775E+2	1,774E+2	0,000E+0	3,616E-1	3,587E-1	0,000E+0	2	0010
400,098	39,100	41,000	8,010E+1	0,000E+0	1,778E+2	1,774E+2	0,000E+0	3,622E-1	3,587E-1	0,000E+0	2	0010
401,097	39,100	41,000	8,010E+1	0,000E+0	1,774E+2	1,774E+2	0,000E+0	3,613E-1	3,583E-1	0,000E+0	2	0010
402,099	39,000	41,000	8,000E+1	0,000E+0	1,775E+2	1,775E+2	0,000E+0	3,607E-1	3,580E-1	0,000E+0	2	0010
403,099	39,000	41,000	8,000E+1	0,000E+0	1,775E+2	1,775E+2	0,000E+0	3,607E-1	3,580E-1	0,000E+0	2	0010
404,099	39,000	41,000	8,000E+1	0,000E+0	1,775E+2	1,775E+2	0,000E+0	3,607E-1	3,580E-1	0,000E+0	2	0010
405,099	39,000	41,000	8,000E+1	0,000E+0	1,775E+2	1,775E+2	0,000E+0	3,607E-1	3,580E-1	0,000E+0	2	0010
406,099	39,000	41,000	8,000E+1	0,000E+0	1,773E+2	1,774E+2	0,000E+0	3,613E-1	3,582E-1	0,000E+0	2	0010
407,099	39,000	41,000	8,000E+1	0,000E+0	1,773E+2	1,774E+2	0,000E+0	3,613E-1	3,582E-1	0,000E+0	2	0010
408,100	39,000	41,000	8,000E+1	0,000E+0	1,773E+2	1,774E+2	0,000E+0	3,613E-1	3,582E-1	0,000E+0	2	0010
409,101	38,900	41,000	7,990E+1	0,000E+0	1,776E+2	1,774E+2	0,000E+0	3,602E-1	3,578E-1	0,000E+0	2	0010
410,101	38,900	41,000	7,990E+1	0,000E+0	1,776E+2	1,774E+2	0,000E+0	3,602E-1	3,578E-1	0,000E+0	2	0010
411,101	38,900	41,000	7,990E+1	0,000E+0	1,776E+2	1,774E+2	0,000E+0	3,602E-1	3,578E-1	0,000E+0	2	0010
412,101	38,900	41,000	7,990E+1	0,000E+0	1,776E+2	1,774E+2	0,000E+0	3,602E-1	3,578E-1	0,000E+0	2	0010
413,100	39,000	41,100	8,010E+1	0,000E+0	1,774E+2	1,773E+2	0,000E+0	3,611E-1	3,589E-1	0,000E+0	2	0010
414,101	39,000	41,100	8,010E+1	0,000E+0	1,774E+2	1,773E+2	0,000E+0	3,611E-1	3,589E-1	0,000E+0	2	0010
415,101	39,200	40,900	8,010E+1	0,000E+0	1,777E+2	1,774E+2	0,000E+0	3,631E-1	3,578E-1	0,000E+0	2	0010
416,101	39,100	40,900	8,000E+1	0,000E+0	1,779E+2	1,777E+2	0,000E+0	3,621E-1	3,578E-1	0,000E+0	2	0010
417,101	39,100	40,900	8,000E+1	0,000E+0	1,779E+2	1,777E+2	0,000E+0	3,621E-1	3,578E-1	0,000E+0	3	0010
418,100	39,000	40,900	7,990E+1	0,000E+0	1,778E+2	1,776E+2	0,000E+0	3,604E-1	3,577E-1	0,000E+0	3	0010
419,101	39,100	41,000	8,010E+1	0,000E+0	1,777E+2	1,775E+2	0,000E+0	3,619E-1	3,583E-1	0,000E+0	3	0010
420,101	38,800	40,800	7,960E+1	0,000E+0	1,776E+2	1,776E+2	0,000E+0	3,594E-1	3,567E-1	0,000E+0	3	0010
421,103	39,100	41,000	8,010E+1	0,000E+0	1,774E+2	1,772E+2	0,000E+0	3,625E-1	3,596E-1	0,000E+0	3	0010
422,103	39,100	41,000	8,010E+1	0,000E+0	1,774E+2	1,772E+2	0,000E+0	3,625E-1	3,596E-1	0,000E+0	3	0010
423,104	39,100	41,000	8,010E+1	0,000E+0	1,774E+2	1,772E+2	0,000E+0	3,625E-1	3,596E-1	0,000E+0	3	0010
424,105	39,100	41,000	8,010E+1	0,000E+0	1,774E+2	1,772E+2	0,000E+0	3,625E-1	3,596E-1	0,000E+0	3	0010
425,105	39,100	41,000	8,010E+1	0,000E+0	1,777E+2	1,774E+2	0,000E+0	3,610E-1	3,584E-1	0,000E+0	3	0010
426,106	39,100	41,000	8,010E+1	0,000E+0	1,777E+2	1,774E+2	0,000E+0	3,610E-1	3,584E-1	0,000E+0	3	0010
427,105	39,100	41,000	8,010E+1	0,000E+0	1,777E+2	1,774E+2	0,000E+0	3,610E-1	3,584E-1	0,000E+0	3	0010
428,107	39,100	41,000	8,010E+1	0,000E+0	1,777E+2	1,774E+2	0,000E+0	3,610E-1	3,584E-1	0,000E+0	3	0010
429,107	38,800	40,900	7,970E+1	0,000E+0	1,774E+2	1,775E+2	0,000E+0	3,596E-1	3,582E-1	0,000E+0	3	0010
430,108	38,800	40,900	7,970E+1	0,000E+0	1,774E+2	1,775E+2	0,000E+0	3,596E-1	3,582E-1	0,000E+0	3	0010
431,108	39,000	40,700	7,970E+1	0,000E+0	1,776E+2	1,771E+2	0,000E+0	3,606E-1	3,567E-1	0,000E+0	3	0010
432,109	39,000	40,700	7,970E+1	0,000E+0	1,776E+2	1,771E+2	0,000E+0	3,606E-1	3,567E-1	0,000E+0	3	0010
433,109	39,100	40,900	8,000E+1	0,000E+0	1,775E+2	1,774E+2	0,000E+0	3,618E-1	3,581E-1	0,000E+0	3	0010
434,109	39,100	40,900	8,000E+1	0,000E+0	1,776E+2	1,773E+2	0,000E+0	3,621E-1	3,580E-1	0,000E+0	3	0010
435,110	39,100	40,800	7,990E+1	0,000E+0	1,774E+2	1,775E+2	0,000E+0	3,615E-1	3,579E-1	0,000E+0	3	0010
436,110	39,000	40,900	7,990E+1	0,000E+0	1,774E+2	1,772E+2	0,000E+0	3,607E-1	3,576E-1	0,000E+0	3	0010
437,110	38,900	40,900	7,980E+1	0,000E+0	1,775E+2	1,773E+2	0,000E+0	3,602E-1	3,576E-1	0,000E+0	4	0010
438,110	39,200	41,100	8,030E+1	0,000E+0	1,774E+2	1,775E+2	0,000E+0	3,622E-1	3,588E-1	0,000E+0	4	0010
439,109	39,200	41,100	8,030E+1	0,000E+0	1,774E+2	1,775E+2	0,000E+0	3,622E-1	3,588E-1	0,000E+0	4	0010
440,110	39,000	40,600	7,960E+1	0,000E+0	1,774E+2	1,772E+2	0,000E+0	3,611E-1	3,563E-1	0,000E+0	4	0010
441,110	39,100	41,000	8,010E+1	0,000E+0	1,774E+2	1,772E+2	0,000E+0	3,618E-1	3,591E-1	0,000E+0	4	0010
442,110	39,100	41,000	8,010E+1	0,000E+0	1,774E+2	1,772E+2	0,000E+0	3,618E-1	3,591E-1	0,000E+0	4	0010
443,110	39,100	41,000	8,010E+1	0,000E+0	1,774E+2	1,772E+2	0,000E+0	3,618E-1	3,591E-1	0,000E+0	4	0010
444,111	39,100	41,300	8,040E+1	0,000E+0	1,774E+2	1,774E+2	0,000E+0	3,627E-1	3,611E-1	0,000E+0	4	0010
445,111	39,100	41,300	8,040E+1	0,000E+0	1,774E+2	1,774E+2	0,000E+0	3,627E-1	3,611E-1	0,000E+0	4	0010
446,110	39,100	41,300	8,040E+1	0,000E+0	1,774E+2	1,774E+2	0,000E+0	3,627E-1	3,611E-1	0,000E+0	4	0010
447,111	38,900	40,800	7,970E+1	0,000E+0	1,777E+2	1,776E+2	0,000E+0	3,602E-1	3,568E-1	0,000E+0	4	0010
448,111	38,900	40,800	7,970E+1	0,000E+0	1,777E+2	1,776E+2	0,000E+0	3,602E-1	3,568E-1	0,000E+0	4	0010
449,111	38,900	40,800	7,970E+1	0,000E+0	1,777E+2	1,776E+2	0,000E+0	3,602E-1	3,568E-1	0,000E+0	4	0010
450,111	38,900	40,800	7,970E+1	0,000E+0	1,777E+2	1,776E+2	0,000E+0	3,602E-1	3,568E-1	0,000E+0	4	0010
451,111	39,000	40,600	7,960E+1	0,000E+0	1,775E+2	1,771E+2	0,000E+0	3,609E-1	3,568E-1	0,000E+0	4	0010
452,112	39,100	40,900	8,000E+1	0,000E+0	1,775E+2	1,774E+2	0,000E+0	3,615E-1	3,578E-1	0,000E+0	4	0010
453,111	39,200	41,000	8,020E+1	0,000E+0	1,775E+2	1,773E+2	0,000E+0	3,630E-1	3,584E-1	0,000E+0	4	0010
454,113	39,200	41,000	8,020E+1	0,000E+0	1,775E+2	1,773E+2	0,000E+0	3,630E-1	3,584E-1	0,000E+0	4	0010
455,113	39,100	40,900	8,000E+1	0,000E+0	1,776E+2	1,772E+2	0,000E+0	3,621E-1	3,585E-1	0,000E+0	4	0010
456,113	39,200	40,800	8,000E+1	0,000E+0	1,775E+2	1,771E+2	0,000E+0	3,625E-1	3,576E-1	0,000E+0	5	0010
457,113	39,100	40,900	8,000E+1	0,000E+0	1,776E+2	1,773E+2	0,000E+0	3,617E-1	3,582E-1	0,000E+0	5	0010
458,113	38,900	41,000	7,990E+1	0,000E+0	1,774E+2	1,772E+2	0,000E+0	3,600E-1	3,577E-1	0,000E+0	5	0010
459,114	38,900	41,000	7,990E+1	0,000E+0	1,775E+2	1,773E+2	0,000E+0	3,603E-1	3,583E-1	0,000E+0	5	0010
460,114	39,000	41,000	8,000E+1	0,000E+0	1,771E+2	1,773E+2	0,000E+0	3,613E-1	3,586E-1	0,000E+0	5	0010
461,114	39,000	41,000	8,000E+1	0,000E+0	1,771E+2	1,773E+2	0,000E+0	3,613E-1	3,586E-1	0,000E+0	5	0010
462,115	39,000	41,000	8,000E+1	0,000E+0	1,771E+2	1,773E+2	0,000E+0	3,613E-1	3,586E-1	0,000E+0	5	0010
463,115	39,000	41,000	8,000E+1	0,000E+0	1,771E+2	1,773E+2	0,000E+0	3,613E-1	3,586E-1	0,000E+0	5	0010
464,115	39,100	40,800	7,990E+1	0,000E+0	1,774E+2	1,773E+2	0,000E+0	3,618E-1	3,579E-1	0,000E+0	5	0010
465,115	39,000	41,100	8,010E+1	0,000E+0	1,773E+2	1,774E+2	0,000E+0	3,613E-1	3,595E-1	0,000E+0	5	0010
466,115	39,000	41,100	8,010E+1	0,000E+0	1,773E+2	1,774E+2	0,000E+0	3,613E-1	3,595E-1	0,000E+0	5	0010
467,116	39,000	41,100	8,010E+1	0,000E+0	1,773E+2	1,774E+2	0,000E+0	3,613E-1	3,595E-1	0,000E+0	5	0010
468,116	39,000	41,100	8,010E+1	0,000E+0	1,773E+2	1,774E+2	0,000E+0	3,613E-1	3,595E-1	0,000E+0	5	0010
469,116	39,200	40,900	8,010E+1	0,000E+0	1,775E+2	1,772E+2	0,000E+0	3,626E-1	3,577E-1	0,000E+0	5	0010
470,116	39,200	40,900	8,010E+1	0,000E+0	1,775E+2	1,772E+2	0,000E+0	3,626E-1	3,577E-1	0,000E+0	5	0010
471,115	39,200	40,900	8,010E+1	0,000E+0	1,775E+2	1,772E+2	0,000E+0	3,626E-1	3,577E-1	0,000E+0	5	0010
472,116	38,900	40,900	7,980E+1	0,000E+0	1,774E+2	1,772E+2	0,000E+0	3,602E-1	3,571E-1	0,000E+0	5	0010
473,116	38,900	40,900	7,980E+1	0,000E+0	1,774E+2	1,772E+2	0,000E+0	3,602E-1	3,571E-1	0,000E+0	5	0010
474,116	38,900	40,900	7,980E+1	0,000E+0	1,774E+2	1,772E+2	0,000E+0	3,602E-1	3,571E-1	0,000E+0	5	0010
475,116	38,900	40,900	7,980E+1	0,000E+0	1,774E+2	1,772E+2	0,000E+0	3,602E-1	3,571E-1	0,000E+0	5	0010
476,115	38,900	40,900	7,980E+1	0,000E+0	1,774E+2	1,772E+2	0,000E+0	3,602E-1	3,571E-1	0,000E+0	5	0010
477,117	39,000	40,900	7,990E+1	0,000E+0	1,774E+2	1,774E+2	0,000E+0	3,620E-1	3,593E-1	0,000E+0	5	0010
478,117	39,100	41,000	8,010E+1	0,000E+0	1,775E+2	1,775E+2	0,000E+0	3,613E-1	3,576E-1	0,000E+0	6	0010
479,118	39,000	40,800	7,980E+1	0,000E+0	1,775E+2	1,775E+2	0,000E+0	3,611E-1	3,579E-1	0,000E+0	6	0010
480,118	39,100	41,000	8,010E+1	0,000E+0	1,777E+2	1,775E+2	0,000E+0	3,618E-1	3,581E-1	0,000E+0	6	0010
481,119	39,000	40,700	7,970E+1	0,000E+0	1,774E+2	1,774E+2	0,000E+0	3,601E-1	3,567E-1	0,000E+0	6	0010
482,119	39,200	40,800	8,000E+1	0,000E+0	1,776E+2	1,774E+2	0,000E+0	3,625E-1	3,573E-1	0,000E+0	6	0010
483,118	39,200	40,800	8,000E+1	0,000E+0	1,776E+2	1,774E+2	0,000E+0	3,625E-1	3,573E-1	0,000E+0	6	0010
484,119	39,200	40,800	8,000E+1	0,000E+0	1,776E+2	1,774E+2	0,000E+0	3,625E-1	3,573E-1	0,000E+0	6	0010
485,119	39,200	40,800	8,000E+1	0,000E+0	1,776E+2	1,774E+2	0,000E+0	3,625E-1	3,573E-1	0,000E+0	6	0010
486,119	39,200	40,800	8,000E+1	0,000E+0	1,776E+2	1,774E+2	0,000E+0	3,625E-1	3,573E-1	0,000E+0	6	0010
487,119	39,000	41,000	8,000E+1	0,000E+0	1,774E+2	1,771E+2	0,000E+0	3,615E-1	3,584E-1	0,000E+0	6	0010
488,119	39,000	41,000	8,000E+1	0,000E+0	1,774E+2	1,771E+2	0,000E+0	3,615E-1	3,584E-1	0,000E+0	6	0010
489,120	39,000	41,000	8,000E+1	0,000E+0	1,775E+2	1,773E+2	0,000E+0	3,619E-1	3,585E-1	0,000E+0	6	0010
490,119	39,000	41,000	8,000E+1	0,000E+0	1,775E+2	1,773E+2	0,000E+0	3,619E-1	3,585E-1	0,000E+0	6	0010
491,120	39,000	40,900	7,990E+1	0,000E+0	1,773E+2	1,771E+2	0,000E+0	3,616E-1	3,584E-1	0,000E+0	6	0010
492,120	39,000	40,900	7,990E+1	0,000E+0	1,773E+2	1,771E+2	0,000E+0	3,616E-1	3,584E-1	0,000E+0	6	0010
493,120	39,000	40,900	7,990E+1	0,000E+0	1,773E+2	1,771E+2	0,000E+0	3,616E-1	3,584E-1	0,000E+0	6	0010
494,120	39,000	41,000	8,000E+1	0,000E+0	1,773E+2	1,770E+2	0,000E+0	3,608E-1	3,583E-1	0,000E+0	6	0010
495,121	39,100	41,000	8,010E+1	0,000E+0	1,773E+2	1,771E+2	0,000E+0	3,621E-1	3,588E-1	0,000E+0	6	0010
496,121	38,900	41,100	8,000E+1	0,000E+0	1,772E+2	1,772E+2	0,000E+0	3,608E-1	3,598E-1	0,000E+0	6	0010
497,120	39,200	41,000	8,020E+1	0,000E+0	1,773E+2	1,773E+2	0,000E+0	3,622E-1	3,585E-1	0,000E+0	7	0010
498,122	38,900	40,800	7,970E+1	0,000E+0	1,774E+2	1,772E+2	0,000E+0	3,603E-1	3,572E-1	0,000E+0	7	0010
499,122	39,100	40,800	7,990E+1	0,000E+0	1,775E+2	1,771E+2	0,000E+0	3,619E-1	3,578E-1	0,000E+0	7	0010
500,122	39,000	41,100	8,010E+1	0,000E+0	1,773E+2	1,773E+2	0,000E+0	3,615E-1	3,591E-1	0,000E+0	7	0010
501,122	39,000	40,900	7,990E+1	0,000E+0	1,773E+2	1,771E+2	0,000E+0	3,607E-1	3,576E-1	0,000E+0	7	0010
502,122	39,000	40,900	7,990E+1	0,000E+0	1,773E+2	1,771E+2	0,000E+0	3,607E-1	3,576E-1	0,000E+0	7	0010
503,122	39,000	40,900	7,990E+1	0,000E+0	1,773E+2	1,771E+2	0,000E+0	3,607E-1	3,576E-1	0,000E+0	7	0010
504,122	39,000	40,900	7,990E+1	0,000E+0	1,773E+2	1,771E+2	0,000E+0	3,607E-1	3,576E-1	0,000E+0	7	0010
505,122	39,000	40,900	7,990E+1	0,000E+0	1,773E+2	1,771E+2	0,000E+0	3,607E-1	3,576E-1	0,000E+0	7	0010
506,121	39,000	40,900	7,990E+1	0,000E+0	1,773E+2	1,772E+2	0,000E+0	3,616E-1	3,585E-1	0,000E+0	7	0010
507,122	39,000	40,900	7,990E+1	0,000E+0	1,773E+2	1,772E+2	0,000E+0	3,616E-1	3,585E-1	0,000E+0	7	0010
508,121	39,000	40,900	7,990E+1	0,000E+0	1,773E+2	1,772E+2	0,000E+0	3,616E-1	3,585E-1	0,000E+0	7	0010
509,122	39,000	40,900	7,990E+1	0,000E+0	1,773E+2	1,772E+2	0,000E+0	3,616E-1	3,585E-1	0,000E+0	7	0010
510,123	39,100	41,000	8,010E+1	0,000E+0	1,773E+2	1,772E+2	0,000E+0	3,621E-1	3,585E-1	0,000E+0	7	0010
511,123	39,100	41,000	8,010E+1	0,000E+0	1,773E+2	1,772E+2	0,000E+0	3,621E-1	3,585E-1	0,000E+0	7	0010
512,123	39,000	41,300	8,030E+1	0,000E+0	1,773E+2	1,773E+2	0,000E+0	3,624E-1	3,611E-1	0,000E+0	7	0010
513,122	39,200	41,000	8,020E+1	0,000E+0	1,774E+2	1,772E+2	0,000E+0	3,620E-1	3,593E-1	0,000E+0	7	0010
514,123	39,200	41,000	8,020E+1	0,000E+0	1,774E+2	1,772E+2	0,000E+0	3,627E-1	3,587E-1	0,000E+0	7	0010
515,123	39,100	41,100	8,020E+1	0,000E+0	1,774E+2	1,772E+2	0,000E+0	3,615E-1	3,589E-1	0,000E+0	7	0010
516,124	39,100	40,700	7,980E+1	0,000E+0	1,775E+2	1,772E+2	0,000E+0	3,617E-1	3,569E-1	0,000E+0	7	0010
517,124	38,900	40,900	7,980E+1	0,000E+0	1,773E+2	1,772E+2	0,000E+0	3,603E-1	3,582E-1	0,000E+0	7	0010
518,124	39,000	40,900	7,990E+1	0,000E+0	1,773E+2	1,772E+2	0,000E+0	3,616E-1	3,580E-1	0,000E+0	7	0010
519,124	39,100	41,000	8,010E+1	0,000E+0	1,774E+2	1,770E+2	0,000E+0	3,618E-1	3,587E-1	0,000E+0	7	0010
520,123	39,100	41,000	8,010E+1	0,000E+0	1,774E+2	1,770E+2	0,000E+0	3,618E-1	3,587E-1	0,000E+0	7	0010
521,125	39,000	40,700	7,970E+1	0,000E+0	1,773E+2	1,772E+2	0,000E+0	3,602E-1	3,566E-1	0,000E+0	7	0010
522,125	39,200	40,900	8,010E+1	0,000E+0	1,774E+2	1,773E+2	0,000E+0	3,619E-1	3,580E-1	0,000E+0	7	0010
523,125	39,100	40,800	7,990E+1	0,000E+0	1,773E+2	1,772E+2	0,000E+0	3,616E-1	3,574E-1	0,000E+0	7	0010
524,125	39,200	41,000	8,020E+1	0,000E+0	1,773E+2	1,771E+2	0,000E+0	3,623E-1	3,592E-1	0,000E+0	7	0010
525,125	38,900	41,100	8,000E+1	0,000E+0	1,774E+2	1,773E+2	0,000E+0	3,607E-1	3,584E-1	0,000E+0	7	0010
526,125	39,000	40,900	7,990E+1	0,000E+0	1,773E+2	1,772E+2	0,000E+0	3,612E-1	3,582E-1	0,000E+0	7	0010
527,124	39,100	40,900	8,000E+1	0,000E+0	1,774E+2	1,773E+2	0,000E+0	3,618E-1	3,582E-1	0,000E+0	7	0010
528,125	38,900	40,900	7,980E+1	0,000E+0	1,772E+2	1,774E+2	0,000E+0	3,598E-1	3,572E-1	0,000E+0	7	0010
529,125	39,200	41,000	8,020E+1	0,000E+0	1,775E+2	1,771E+2	0,000E+0	3,627E-1	3,590E-1	0,000E+0	7	0010
530,125	39,200	41,000	8,020E+1	0,000E+0	1,775E+2	1,771E+2	0,000E+0	3,627E-1	3,590E-1	0,000E+0	7	0011
531,125	39,100	41,100	8,020E+1	0,000E+0	1,774E+2	1,774E+2	0,000E+0	3,625E-1	3,595E-1	0,000E+0	7	0011
532,126	39,000	40,800	7,980E+1	0,000E+0	1,774E+2	1,772E+2	0,000E+0	3,613E-1	3,578E-1	0,000E+0	7	0011
533,127	39,100	40,800	7,990E+1	0,000E+0	1,776E+2	1,772E+2	0,000E+0	3,618E-1	3,575E-1	0,000E+0	7	0011
534,127	38,800	41,000	7,980E+1	0,000E+0	1,772E+2	1,772E+2	0,000E+0	3,605E-1	3,583E-1	0,000E+0	7	0011
536,129	39,300	41,300	8,060E+1	0,000E+0	1,775E+2	1,772E+2	0,000E+0	3,642E-1	3,610E-1	0,000E+0	7	0011
536,129	39,000	40,900	7,990E+1	0,000E+0	1,774E+2	1,773E+2	0,000E+0	3,614E-1	3,584E-1	0,000E+0	7	0011
537,130	39,000	40,700	7,970E+1	0,000E+0	1,771E+2	1,769E+2	0,000E+0	3,609E-1	3,575E-1	0,000E+0	7	0011
538,130	39,200	41,000	8,020E+1	0,000E+0	1,775E+2	1,773E+2	0,000E+0	3,627E-1	3,588E-1	0,000E+0	7	0011
539,131	39,000	40,900	7,990E+1	0,000E+0	1,774E+2	1,773E+2	0,000E+0	3,610E-1	3,576E-1	0,000E+0	7	0011
540,131	39,000	40,900	7,990E+1	0,000E+0	1,774E+2	1,773E+2	0,000E+0	3,610E-1	3,576E-1	0,000E+0	7	0011
541,130	38,900	40,900	7,980E+1	0,000E+0	1,774E+2	1,771E+2	0,000E+0	3,611E-1	3,578E-1	0,000E+0	7	0011
542,131	39,000	40,800	7,980E+1	0,000E+0	1,774E+2	1,774E+2	0,000E+0	3,605E-1	3,565E-1	0,000E+0	7	0011
543,132	39,000	40,800	7,980E+1	0,000E+0	1,774E+2	1,774E+2	0,000E+0	3,605E-1	3,565E-1	0,000E+0	7	0011
544,133	39,000	40,800	7,980E+1	0,000E+0	1,774E+2	1,774E+2	0,000E+0	3,605E-1	3,565E-1	0,000E+0	7	0011
545,133	39,100	40,900	8,000E+1	0,000E+0	1,774E+2	1,773E+2	0,000E+0	3,619E-1	3,578E-1	0,000E+0	7	0011
546,133	39,100	40,900	8,000E+1	0,000E+0	1,774E+2	1,773E+2	0,000E+0	3,619E-1	3,578E-1	0,000E+0	7	0011
547,133	39,000	41,000	8,000E+1	0,000E+0	1,775E+2	1,771E+2	0,000E+0	3,616E-1	3,592E-1	0,000E+0	7	0011
548,134	39,000	41,000	8,000E+1	0,000E+0	1,775E+2	1,771E+2	0,000E+0	3,616E-1	3,592E-1	0,000E+0	7	0011
549,134	39,000	41,000	8,000E+1	0,000E+0	1,775E+2	1,771E+2	0,000E+0	3,616E-1	3,592E-1	0,000E+0	7	0011
550,134	39,000	40,900	7,990E+1	0,000E+0	1,773E+2	1,773E+2	0,000E+0	3,607E-1	3,574E-1	0,000E+0	7	0011
551,134	39,000	40,900	7,990E+1	0,000E+0	1,773E+2	1,773E+2	0,000E+0	3,607E-1	3,574E-1	0,000E+0	7	0011
552,133	39,000	40,900	7,990E+1	0,000E+0	1,773E+2	1,773E+2	0,000E+0	3,607E-1	3,574E-1	0,000E+0	7	0011
553,134	39,000	40,900	7,990E+1	0,000E+0	1,773E+2	1,773E+2	0,000E+0	3,607E-1	3,574E-1	0,000E+0	7	0011
554,134	39,000	41,200	8,020E+1	0,000E+0	1,772E+2	1,772E+2	0,000E+0	3,620E-1	3,599E-1	0,000E+0	7	0011
555,134	39,000	41,000	8,000E+1	0,000E+0	1,774E+2	1,772E+2	0,000E+0	3,611E-1	3,585E-1	0,000E+0	7	0011
556,135	39,000	40,800	7,980E+1	0,000E+0	1,773E+2	1,773E+2	0,000E+0	3,609E-1	3,575E-1	0,000E+0	7	0011
557,135	39,200	41,000	8,020E+1	0,000E+0	1,776E+2	1,771E+2	0,000E+0	3,633E-1	3,590E-1	0,000E+0	7	0011
558,135	39,200	41,000	8,020E+1	0,000E+0	1,776E+2	1,771E+2	0,000E+0	3,633E-1	3,590E-1	0,000E+0	6	0011
559,135	39,000	41,000	8,000E+1	0,000E+0	1,773E+2	1,771E+2	0,000E+0	3,623E-1	3,592E-1	0,000E+0	6	0011
560,135	39,100	41,000	8,010E+1	0,000E+0	1,773E+2	1,773E+2	0,000E+0	3,626E-1	3,592E-1	0,000E+0	6	0011
561,135	39,000	41,000	8,000E+1	0,000E+0	1,773E+2	1,772E+2	0,000E+0	3,610E-1	3,583E-1	0,000E+0	6	0011
562,137	38,900	41,100	8,000E+1	0,000E+0	1,772E+2	1,773E+2	0,000E+0	3,613E-1	3,599E-1	0,000E+0	6	0011
563,137	39,000	40,900	7,990E+1	0,000E+0	1,773E+2	1,769E+2	0,000E+0	3,604E-1	3,586E-1	0,000E+0	6	0011
564,137	39,000	40,900	7,990E+1	0,000E+0	1,773E+2	1,769E+2	0,000E+0	3,604E-1	3,586E-1	0,000E+0	6	0011
565,137	39,000	40,900	7,990E+1	0,000E+0	1,773E+2	1,769E+2	0,000E+0	3,604E-1	3,586E-1	0,000E+0	6	0011
566,138	39,000	40,900	7,990E+1	0,000E+0	1,773E+2	1,769E+2	0,000E+0	3,604E-1	3,586E-1	0,000E+0	6	0011
567,138	39,000	40,900	7,990E+1	0,000E+0	1,773E+2	1,769E+2	0,000E+0	3,604E-1	3,586E-1	0,000E+0	6	0011
568,138	39,000	40,900	7,990E+1	0,000E+0	1,773E+2	1,772E+2	0,000E+0	3,610E-1	3,581E-1	0,000E+0	6	0011
569,138	38,900	40,900	7,980E+1	0,000E+0	1,772E+2	1,772E+2	0,000E+0	3,619E-1	3,585E-1	0,000E+0	6	0011
570,138	38,900	40,900	7,980E+1	0,000E+0	1,772E+2	1,772E+2	0,000E+0	3,619E-1	3,585E-1	0,000E+0	6	0011
571,137	39,200	40,700	7,990E+1	0,000E+0	1,773E+2	1,770E+2	0,000E+0	3,627E-1	3,574E-1	0,000E+0	6	0011
572,138	39,200	40,700	7,990E+1	0,000E+0	1,773E+2	1,770E+2	0,000E+0	3,627E-1	3,574E-1	0,000E+0	6	0011
573,138	39,200	40,700	7,990E+1	0,000E+0	1,773E+2	1,770E+2	0,000E+0	3,627E-1	3,574E-1	0,000E+0	6	0011
574,138	38,900	41,000	7,990E+1	0,000E+0	1,774E+2	1,772E+2	0,000E+0	3,606E-1	3,581E-1	0,000E+0	6	0011
575,138	39,000	40,800	7,980E+1	0,000E+0	1,773E+2	1,771E+2	0,000E+0	3,608E-1	3,575E-1	0,000E+0	6	0011
576,137	39,100	40,900	8,000E+1	0,000E+0	1,774E+2	1,771E+2	0,000E+0	3,620E-1	3,582E-1	0,000E+0	6	0011
577,138	38,900	40,900	7,980E+1	0,000E+0	1,776E+2	1,776E+2	0,000E+0	3,604E-1	3,575E-1	0,000E+0	6	0011
578,138	39,000	40,800	7,980E+1	0,000E+0	1,773E+2	1,771E+2	0,000E+0	3,610E-1	3,585E-1	0,000E+0	6	0011
579,139	39,100	41,100	8,020E+1	0,000E+0	1,775E+2	1,774E+2	0,000E+0	3,621E-1	3,584E-1	0,000E+0	6	0011
580,139	39,200	40,900	8,010E+1	0,000E+0	1,775E+2	1,773E+2	0,000E+0	3,624E-1	3,586E-1	0,000E+0	6	0011
581,140	39,200	40,900	8,010E+1	0,000E+0	1,775E+2	1,773E+2	0,000E+0	3,624E-1	3,586E-1	0,000E+0	5	0011
582,140	39,200	41,000	8,020E+1	0,000E+0	1,774E+2	1,770E+2	0,000E+0	3,623E-1	3,596E-1	0,000E+0	5	0011
583,139	39,200	40,800	8,000E+1	0,000E+0	1,772E+2	1,773E+2	0,000E+0	3,619E-1	3,575E-1	0,000E+0	5	0011
584,140	38,900	40,900	7,980E+1	0,000E+0	1,772E+2	1,772E+2	0,000E+0	3,599E-1	3,571E-1	0,000E+0	5	0011
585,141	39,100	40,800	7,990E+1	0,000E+0	1,773E+2	1,771E+2	0,000E+0	3,613E-1	3,574E-1	0,000E+0	5	0011
586,141	39,100	40,800	7,990E+1	0,000E+0	1,773E+2	1,771E+2	0,000E+0	3,613E-1	3,574E-1	0,000E+0	5	0011
587,141	39,100	40,800	7,990E+1	0,000E+0	1,773E+2	1,771E+2	0,000E+0	3,613E-1	3,574E-1	0,000E+0	5	0011
588,140	39,100	40,800	7,990E+1	0,000E+0	1,773E+2	1,771E+2	0,000E+0	3,613E-1	3,574E-1	0,000E+0	5	0011
589,142	39,100	40,800	7,990E+1	0,000E+0	1,773E+2	1,771E+2	0,000E+0	3,613E-1	3,574E-1	0,000E+0	5	0011
590,142	39,000	40,700	7,970E+1	0,000E+0	1,773E+2	1,771E+2	0,000E+0	3,615E-1	3,566E-1	0,000E+0	5	0011
591,142	39,000	40,700	7,970E+1	0,000E+0	1,773E+2	1,771E+2	0,000E+0	3,615E-1	3,566E-1	0,000E+0	5	0011
592,142	39,000	40,700	7,970E+1	0,000E+0	1,773E+2	1,771E+2	0,000E+0	3,615E-1	3,566E-1	0,000E+0	5	0011
593,141	39,000	40,700	7,970E+1	0,000E+0	1,773E+2	1,771E+2	0,000E+0	3,615E-1	3,566E-1	0,000E+0	5	0011
594,142	39,100	40,600	7,970E+1	0,000E+0	1,772E+2	1,771E+2	0,000E+0	3,611E-1	3,566E-1	0,000E+0	5	0011
595,141	39,300	40,800	8,010E+1	0,000E+0	1,774E+2	1,771E+2	0,000E+0	3,630E-1	3,582E-1	0,000E+0	5	0011
596,142	39,300	40,800	8,010E+1	0,000E+0	1,774E+2	1,771E+2	0,000E+0	3,630E-1	3,582E-1	0,000E+0	5	0011
597,142	39,200	40,900	8,010E+1	0,000E+0	1,774E+2	1,769E+2	0,000E+0	3,632E-1	3,588E-1	0,000E+0	5	0011
598,142	39,100	41,000	8,010E+1	0,000E+0	1,773E+2	1,770E+2	0,000E+0	3,619E-1	3,592E-1	0,000E+0	5	0011
599,142	39,000	40,900	7,990E+1	0,000E+0	1,773E+2	1,770E+2	0,000E+0	3,612E-1	3,582E-1	0,000E+0	5	0011
600,142	39,100	40,800	7,990E+1	0,000E+0	1,772E+2	1,771E+2	0,000E+0	3,622E-1	3,576E-1	0,000E+0	4	0011
601,142	39,300	40,800	8,010E+1	0,000E+0	1,773E+2	1,771E+2	0,000E+0	3,624E-1	3,569E-1	0,000E+0	4	0011
602,142	39,000	41,000	8,000E+1	0,000E+0	1,773E+2	1,771E+2	0,000E+0	3,623E-1	3,586E-1	0,000E+0	4	0011
603,142	39,200	41,000	8,020E+1	0,000E+0	1,774E+2	1,770E+2	0,000E+0	3,626E-1	3,592E-1	0,000E+0	4	0011
604,143	39,200	41,000	8,020E+1	0,000E+0	1,774E+2	1,770E+2	0,000E+0	3,626E-1	3,592E-1	0,000E+0	4	0011
605,144	39,200	41,000	8,020E+1	0,000E+0	1,774E+2	1,770E+2	0,000E+0	3,626E-1	3,592E-1	0,000E+0	4	0011
606,144	39,200	41,000	8,020E+1	0,000E+0	1,774E+2	1,770E+2	0,000E+0	3,626E-1	3,592E-1	0,000E+0	4	0011
607,144	39,100	40,800	7,990E+1	0,000E+0	1,772E+2	1,771E+2	0,000E+0	3,625E-1	3,578E-1	0,000E+0	4	0011
608,143	39,100	40,800	7,990E+1	0,000E+0	1,772E+2	1,771E+2	0,000E+0	3,625E-1	3,578E-1	0,000E+0	4	0011
609,145	39,100	40,800	7,990E+1	0,000E+0	1,772E+2	1,771E+2	0,000E+0	3,625E-1	3,578E-1	0,000E+0	4	0011
610,144	39,100	40,600	7,970E+1	0,000E+0	1,772E+2	1,770E+2	0,000E+0	3,625E-1	3,565E-1	0,000E+0	4	0011
611,145	39,100	40,600	7,970E+1	0,000E+0	1,772E+2	1,770E+2	0,000E+0	3,625E-1	3,565E-1	0,000E+0	4	0011
612,144	39,100	40,600	7,970E+1	0,000E+0	1,772E+2	1,770E+2	0,000E+0	3,625E-1	3,565E-1	0,000E+0	4	0011
613,145	39,100	40,600	7,970E+1	0,000E+0	1,772E+2	1,770E+2	0,000E+0	3,625E-1	3,565E-1	0,000E+0	4	0011
614,145	38,900	40,800	7,970E+1	0,000E+0	1,772E+2	1,772E+2	0,000E+0	3,604E-1	3,572E-1	0,000E+0	4	0011
615,145	39,300	40,800	8,010E+1	0,000E+0	1,774E+2	1,771E+2	0,000E+0	3,640E-1	3,577E-1	0,000E+0	4	0011
616,145	39,000	40,800	7,980E+1	0,000E+0	1,773E+2	1,770E+2	0,000E+0	3,614E-1	3,572E-1	0,000E+0	4	0011
617,146	39,000	40,800	7,980E+1	0,000E+0	1,773E+2	1,770E+2	0,000E+0	3,614E-1	3,572E-1	0,000E+0	4	0011
618,146	39,200	40,900	8,010E+1	0,000E+0	1,774E+2	1,771E+2	0,000E+0	3,628E-1	3,583E-1	0,000E+0	3	0011
619,145	39,000	41,000	8,000E+1	0,000E+0	1,774E+2	1,771E+2	0,000E+0	3,609E-1	3,586E-1	0,000E+0	3	0011
620,146	39,000	41,000	8,000E+1	0,000E+0	1,771E+2	1,771E+2	0,000E+0	3,617E-1	3,587E-1	0,000E+0	3	0011
621,146	39,200	41,000	8,020E+1	0,000E+0	1,773E+2	1,771E+2	0,000E+0	3,623E-1	3,592E-1	0,000E+0	3	0011
622,146	39,100	40,900	8,000E+1	0,000E+0	1,773E+2	1,770E+2	0,000E+0	3,623E-1	3,577E-1	0,000E+0	3	0011
623,147	38,900	41,100	8,000E+1	0,000E+0	1,772E+2	1,772E+2	0,000E+0	3,611E-1	3,599E-1	0,000E+0	3	0011
624,147	38,900	41,100	8,000E+1	0,000E+0	1,772E+2	1,772E+2	0,000E+0	3,611E-1	3,599E-1	0,000E+0	3	0011
625,148	38,900	41,100	8,000E+1	0,000E+0	1,772E+2	1,772E+2	0,000E+0	3,611E-1	3,599E-1	0,000E+0	3	0011
626,148	38,900	41,100	8,000E+1	0,000E+0	1,772E+2	1,772E+2	0,000E+0	3,611E-1	3,599E-1	0,000E+0	3	0011
627,148	38,900	41,100	8,000E+1	0,000E+0	1,772E+2	1,772E+2	0,000E+0	3,611E-1	3,599E-1	0,000E+0	3	0011
628,148	38,900	41,200	8,010E+1	0,000E+0	1,776E+2	1,777E+2	0,000E+0	3,601E-1	3,593E-1	0,000E+0	3	0011
629,149	39,000	41,100	8,010E+1	0,000E+0	1,775E+2	1,776E+2	0,000E+0	3,622E-1	3,596E-1	0,000E+0	3	0011
630,149	39,000	41,100	8,010E+1	0,000E+0	1,775E+2	1,776E+2	0,000E+0	3,622E-1	3,596E-1	0,000E+0	3	0011
631,150	39,200	40,800	8,000E+1	0,000E+0	1,775E+2	1,772E+2	0,000E+0	3,622E-1	3,576E-1	0,000E+0	3	0011
632,150	39,200	40,800	8,000E+1	0,000E+0	1,775E+2	1,772E+2	0,000E+0	3,622E-1	3,576E-1	0,000E+0	3	0011
633,150	39,200	40,800	8,000E+1	0,000E+0	1,775E+2	1,772E+2	0,000E+0	3,622E-1	3,576E-1	0,000E+0	3	0011
634,150	39,200	40,800	8,000E+1	0,000E+0	1,775E+2	1,772E+2	0,000E+0	3,622E-1	3,576E-1	0,000E+0	3	0011
635,152	38,900	41,100	8,000E+1	0,000E+0	1,773E+2	1,771E+2	0,000E+0	3,609E-1	3,599E-1	0,000E+0	3	0011
636,152	39,000	41,100	8,010E+1	0,000E+0	1,772E+2	1,772E+2	0,000E+0	3,615E-1	3,590E-1	0,000E+0	3	0011
637,152	39,000	41,100	8,010E+1	0,000E+0	1,774E+2	1,773E+2	0,000E+0	3,622E-1	3,601E-1	0,000E+0	3	0011
638,152	39,000	41,100	8,010E+1	0,000E+0	1,774E+2	1,773E+2	0,000E+0	3,622E-1	3,601E-1	0,000E+0	3	0011
639,151	38,900	40,900	7,980E+1	0,000E+0	1,773E+2	1,772E+2	0,000E+0	3,608E-1	3,574E-1	0,000E+0	3	0011
640,152	39,000	40,900	7,990E+1	0,000E+0	1,771E+2	1,772E+2	0,000E+0	3,610E-1	3,583E-1	0,000E+0	3	0011
641,151	39,000	40,900	7,990E+1	0,000E+0	1,773E+2	1,771E+2	0,000E+0	3,618E-1	3,577E-1	0,000E+0	2	0011
642,152	39,100	41,000	8,010E+1	0,000E+0	1,771E+2	1,772E+2	0,000E+0	3,627E-1	3,596E-1	0,000E+0	2	0011
643,152	39,000	40,900	7,990E+1	0,000E+0	1,773E+2	1,770E+2	0,000E+0	3,617E-1	3,577E-1	0,000E+0	2	0011
644,152	39,300	40,900	8,020E+1	0,000E+0	1,771E+2	1,772E+2	0,000E+0	3,632E-1	3,585E-1	0,000E+0	2	0011
645,153	39,200	40,600	7,980E+1	0,000E+0	1,774E+2	1,768E+2	0,000E+0	3,621E-1	3,564E-1	0,000E+0	2	0011
646,152	39,200	40,600	7,980E+1	0,000E+0	1,774E+2	1,768E+2	0,000E+0	3,621E-1	3,564E-1	0,000E+0	2	0011
647,153	39,200	40,600	7,980E+1	0,000E+0	1,774E+2	1,768E+2	0,000E+0	3,621E-1	3,564E-1	0,000E+0	2	0011
648,152	39,300	41,000	8,030E+1	0,000E+0	1,773E+2	1,771E+2	0,000E+0	3,629E-1	3,592E-1	0,000E+0	2	0011
649,153	39,300	41,000	8,030E+1	0,000E+0	1,773E+2	1,771E+2	0,000E+0	3,629E-1	3,592E-1	0,000E+0	2	0011
650,153	39,300	41,000	8,030E+1	0,000E+0	1,773E+2	1,771E+2	0,000E+0	3,629E-1	3,592E-1	0,000E+0	2	0011
651,153	39,300	41,000	8,030E+1	0,000E+0	1,773E+2	1,771E+2	0,000E+0	3,629E-1	3,592E-1	0,000E+0	2	0011
652,153	39,000	40,900	7,990E+1	0,000E+0	1,772E+2	1,771E+2	0,000E+0	3,622E-1	3,588E-1	0,000E+0	2	0011
653,152	39,000	40,900	7,990E+1	0,000E+0	1,772E+2	1,771E+2	0,000E+0	3,622E-1	3,588E-1	0,000E+0	2	0011
654,153	39,000	40,900	7,990E+1	0,000E+0	1,772E+2	1,771E+2	0,000E+0	3,622E-1	3,588E-1	0,000E+0	2	0011
655,154	39,300	40,900	8,020E+1	0,000E+0	1,773E+2	1,771E+2	0,000E+0	3,623E-1	3,580E-1	0,000E+0	2	0011
656,154	39,300	40,900	8,020E+1	0,000E+0	1,773E+2	1,771E+2	0,000E+0	3,623E-1	3,580E-1	0,000E+0	2	0011
657,154	38,900	41,000	7,990E+1	0,000E+0	1,774E+2	1,772E+2	0,000E+0	3,607E-1	3,583E-1	0,000E+0	2	0011
658,154	39,000	40,800	7,980E+1	0,000E+0	1,771E+2	1,770E+2	0,000E+0	3,616E-1	3,581E-1	0,000E+0	2	0011
659,154	39,200	41,000	8,020E+1	0,000E+0	1,774E+2	1,773E+2	0,000E+0	3,632E-1	3,592E-1	0,000E+0	1	0011
660,153	39,100	41,000	8,010E+1	0,000E+0	1,773E+2	1,771E+2	0,000E+0	3,624E-1	3,588E-1	0,000E+0	1	0011
661,154	39,000	40,900	7,990E+1	0,000E+0	1,772E+2	1,769E+2	0,000E+0	3,614E-1	3,587E-1	0,000E+0	1	0011
662,154	39,000	41,000	8,000E+1	0,000E+0	1,772E+2	1,771E+2	0,000E+0	3,619E-1	3,588E-1	0,000E+0	1	0011
663,154	39,100	41,100	8,020E+1	0,000E+0	1,773E+2	1,772E+2	0,000E+0	3,624E-1	3,588E-1	0,000E+0	1	0011
664,154	39,100	41,100	8,020E+1	0,000E+0	1,773E+2	1,772E+2	0,000E+0	3,624E-1	3,588E-1	0,000E+0	1	0011
665,154	39,100	41,100	8,020E+1	0,000E+0	1,773E+2	1,772E+2	0,000E+0	3,624E-1	3,588E-1	0,000E+0	1	0011
666,154	39,100	41,100	8,020E+1	0,000E+0	1,773E+2	1,772E+2	0,000E+0	3,624E-1	3,588E-1	0,000E+0	1	0011
667,153	39,100	41,100	8,020E+1	0,000E+0	1,773E+2	1,772E+2	0,000E+0	3,624E-1	3,588E-1	0,000E+0	1	0011
668,154	39,100	41,100	8,020E+1	0,000E+0	1,773E+2	1,772E+2	0,000E+0	3,624E-1	3,588E-1	0,000E+0	1	0011
669,154	39,100	41,100	8,020E+1	0,000E+0	1,773E+2	1,772E+2	0,000E+0	3,624E-1	3,588E-1	0,000E+0	1	0011
670,154	38,900	41,000	7,990E+1	0,000E+0	1,771E+2	1,770E+2	0,000E+0	3,608E-1	3,580E-1	0,000E+0	1	0011
671,154	38,900	41,000	7,990E+1	0,000E+0	1,771E+2	1,770E+2	0,000E+0	3,608E-1	3,580E-1	0,000E+0	1	0011
672,154	39,100	40,900	8,000E+1	0,000E+0	1,771E+2	1,768E+2	0,000E+0	3,620E-1	3,589E-1	0,000E+0	1	0011
673,154	39,000	40,700	7,970E+1	0,000E+0	1,772E+2	1,770E+2	0,000E+0	3,607E-1	3,574E-1	0,000E+0	1	0011
674,153	39,000	40,700	7,970E+1	0,000E+0	1,772E+2	1,770E+2	0,000E+0	3,607E-1	3,574E-1	0,000E+0	1	0011
675,154	39,100	41,000	8,010E+1	0,000E+0	1,772E+2	1,771E+2	0,000E+0	3,619E-1	3,581E-1	0,000E+0	1	0011
676,155	38,900	40,900	7,980E+1	0,000E+0	1,771E+2	1,769E+2	0,000E+0	3,604E-1	3,577E-1	0,000E+0	1	0011
677,155	39,000	40,800	7,980E+1	0,000E+0	1,772E+2	1,771E+2	0,000E+0	3,610E-1	3,570E-1	0,000E+0	1	0011
678,155	39,200	40,900	8,010E+1	0,000E+0	1,771E+2	1,768E+2	0,000E+0	3,630E-1	3,584E-1	0,000E+0	0	0011
679,154	39,000	40,900	7,990E+1	0,000E+0	1,770E+2	1,768E+2	0,000E+0	3,610E-1	3,580E-1	0,000E+0	0	0011
680,155	39,000	41,000	8,000E+1	0,000E+0	1,768E+2	1,770E+2	0,000E+0	3,620E-1	3,584E-1	0,000E+0	0	0011
681,154	39,100	40,900	8,000E+1	0,000E+0	1,769E+2	1,766E+2	0,000E+0	3,623E-1	3,583E-1	0,000E+0	0	0011
682,155	38,900	40,900	7,980E+1	0,000E+0	1,770E+2	1,768E+2	0,000E+0	3,610E-1	3,583E-1	0,000E+0	0	0011
683,155	38,900	40,900	7,980E+1	0,000E+0	1,770E+2	1,768E+2	0,000E+0	3,610E-1	3,583E-1	0,000E+0	0	0011
684,155	38,900	40,900	7,980E+1	0,000E+0	1,770E+2	1,768E+2	0,000E+0	3,610E-1	3,583E-1	0,000E+0	0	0011
685,156	39,000	41,000	8,000E+1	0,000E+0	1,768E+2	1,768E+2	0,000E+0	3,618E-1	3,599E-1	0,000E+0	0	0011
686,157	39,000	41,000	8,000E+1	0,000E+0	1,768E+2	1,768E+2	0,000E+0	3,618E-1	3,599E-1	0,000E+0	0	0011
687,157	39,000	41,000	8,000E+1	0,000E+0	1,768E+2	1,768E+2	0,000E+0	3,618E-1	3,599E-1	0,000E+0	0	0011
688,158	39,100	40,900	8,000E+1	0,000E+0	1,769E+2	1,768E+2	0,000E+0	3,614E-1	3,587E-1	0,000E+0	0	0011
689,158	39,100	40,900	8,000E+1	0,000E+0	1,769E+2	1,768E+2	0,000E+0	3,614E-1	3,587E-1	0,000E+0	0	0011
690,160	39,100	40,900	8,000E+1	0,000E+0	1,769E+2	1,768E+2	0,000E+0	3,614E-1	3,587E-1	0,000E+0	0	0011
691,160	39,100	40,900	8,000E+1	0,000E+0	1,769E+2	1,768E+2	0,000E+0	3,614E-1	3,587E-1	0,000E+0	0	0011
692,160	39,100	40,900	8,000E+1	0,000E+0	1,769E+2	1,767E+2	0,000E+0	3,623E-1	3,583E-1	0,000E+0	0	0011
693,160	39,100	40,900	8,000E+1	0,000E+0	1,769E+2	1,767E+2	0,000E+0	3,623E-1	3,583E-1	0,000E+0	0	0011
694,160	38,900	41,000	7,990E+1	0,000E+0	1,768E+2	1,769E+2	0,000E+0	3,609E-1	3,589E-1	0,000E+0	0	0011
695,160	39,100	41,200	8,030E+1	0,000E+0	1,769E+2	1,766E+2	0,000E+0	3,624E-1	3,609E-1	0,000E+0	0	0011
696,160	39,100	41,200	8,030E+1	0,000E+0	1,769E+2	1,766E+2	0,000E+0	3,624E-1	3,609E-1	0,000E+0	0	0011
697,162	38,900	40,800	7,970E+1	0,000E+0	1,769E+2	1,768E+2	0,000E+0	3,604E-1	3,579E-1	0,000E+0	0	0011
698,162	39,000	40,800	7,980E+1	0,000E+0	1,769E+2	1,766E+2	0,000E+0	3,613E-1	3,578E-1	0,000E+0	0	0011
699,163	39,100	41,000	8,010E+1	0,000E+0	1,769E+2	1,768E+2	0,000E+0	3,627E-1	3,588E-1	0,000E+0	0	0100
700,164	39,000	40,600	7,960E+1	0,000E+0	1,769E+2	1,766E+2	0,000E+0	3,613E-1	3,569E-1	0,000E+0	0	0100
701,164	39,100	40,800	7,990E+1	0,000E+0	1,769E+2	1,766E+2	0,000E+0	3,625E-1	3,580E-1	0,000E+0	0	0100
702,164	39,100	40,800	7,990E+1	0,000E+0	1,769E+2	1,766E+2	0,000E+0	3,625E-1	3,580E-1	0,000E+0	0	0100
703,164	39,000	41,100	8,010E+1	0,000E+0	1,768E+2	1,768E+2	0,000E+0	3,617E-1	3,595E-1	0,000E+0	0	0100
704,164	39,100	40,900	8,000E+1	0,000E+0	1,769E+2	1,766E+2	0,000E+0	3,616E-1	3,585E-1	0,000E+0	0	0100
705,164	38,900	41,000	7,990E+1	0,000E+0	1,768E+2	1,768E+2	0,000E+0	3,606E-1	3,585E-1	0,000E+0	0	0100
706,164	39,200	41,100	8,030E+1	0,000E+0	1,770E+2	1,767E+2	0,000E+0	3,638E-1	3,603E-1	0,000E+0	0	0100
707,164	39,000	41,000	8,000E+1	0,000E+0	1,769E+2	1,768E+2	0,000E+0	3,614E-1	3,591E-1	0,000E+0	0	0100
708,163	39,000	41,100	8,010E+1	0,000E+0	1,768E+2	1,768E+2	0,000E+0	3,620E-1	3,592E-1	0,000E+0	0	0100
709,165	39,000	40,700	7,970E+1	0,000E+0	1,769E+2	1,765E+2	0,000E+0	3,613E-1	3,578E-1	0,000E+0	0	0100
710,165	39,000	41,000	8,000E+1	0,000E+0	1,767E+2	1,767E+2	0,000E+0	3,627E-1	3,591E-1	0,000E+0	0	0100
711,167	39,100	41,000	8,010E+1	0,000E+0	1,768E+2	1,766E+2	0,000E+0	3,636E-1	3,607E-1	0,000E+0	0	0100
712,167	39,000	41,100	8,010E+1	0,000E+0	1,768E+2	1,767E+2	0,000E+0	3,627E-1	3,598E-1	0,000E+0	0	0100
713,167	39,000	41,100	8,010E+1	0,000E+0	1,768E+2	1,767E+2	0,000E+0	3,627E-1	3,598E-1	0,000E+0	0	0100
714,167	39,000	40,900	7,990E+1	0,000E+0	1,768E+2	1,769E+2	0,000E+0	3,619E-1	3,584E-1	0,000E+0	0	0100
715,167	39,000	40,900	7,990E+1	0,000E+0	1,768E+2	1,769E+2	0,000E+0	3,619E-1	3,584E-1	0,000E+0	0	0100
716,168	39,000	40,900	7,990E+1	0,000E+0	1,768E+2	1,769E+2	0,000E+0	3,619E-1	3,584E-1	0,000E+0	0	0100
717,168	39,200	41,000	8,020E+1	0,000E+0	1,772E+2	1,769E+2	0,000E+0	3,630E-1	3,595E-1	0,000E+0	0	0100
718,168	39,200	41,000	8,020E+1	0,000E+0	1,772E+2	1,769E+2	0,000E+0	3,630E-1	3,595E-1	0,000E+0	0	0100
719,169	39,200	41,000	8,020E+1	0,000E+0	1,772E+2	1,769E+2	0,000E+0	3,630E-1	3,595E-1	0,000E+0	0	0100
720,169	39,100	41,000	8,010E+1	0,000E+0	1,770E+2	1,768E+2	0,000E+0	3,630E-1	3,598E-1	0,000E+0	0	0100
721,170	39,100	41,000	8,010E+1	0,000E+0	1,770E+2	1,768E+2	0,000E+0	3,630E-1	3,598E-1	0,000E+0	0	0100
722,169	39,100	41,000	8,010E+1	0,000E+0	1,770E+2	1,768E+2	0,000E+0	3,630E-1	3,598E-1	0,000E+0	0	0100
723,170	39,100	41,000	8,010E+1	0,000E+0	1,770E+2	1,768E+2	0,000E+0	3,630E-1	3,598E-1	0,000E+0	0	0100
724,170	39,100	40,900	8,000E+1	0,000E+0	1,769E+2	1,766E+2	0,000E+0	3,622E-1	3,586E-1	0,000E+0	0	0100
725,170	39,100	40,900	8,000E+1	0,000E+0	1,769E+2	1,766E+2	0,000E+0	3,622E-1	3,586E-1	0,000E+0	0	0100
726,170	39,100	40,900	8,000E+1	0,000E+0	1,769E+2	1,766E+2	0,000E+0	3,622E-1	3,586E-1	0,000E+0	0	0100
727,169	39,100	40,900	8,000E+1	0,000E+0	1,769E+2	1,766E+2	0,000E+0	3,622E-1	3,586E-1	0,000E+0	0	0100
728,170	39,100	40,900	8,000E+1	0,000E+0	1,769E+2	1,766E+2	0,000E+0	3,622E-1	3,586E-1	0,000E+0	0	0100
729,171	39,100	40,900	8,000E+1	0,000E+0	1,769E+2	1,766E+2	0,000E+0	3,622E-1	3,586E-1	0,000E+0	0	0100
730,171	39,100	41,000	8,010E+1	0,000E+0	1,769E+2	1,767E+2	0,000E+0	3,622E-1	3,595E-1	0,000E+0	0	0100
731,171	39,200	40,900	8,010E+1	0,000E+0	1,771E+2	1,768E+2	0,000E+0	3,629E-1	3,590E-1	0,000E+0	0	0100
732,171	39,200	40,900	8,010E+1	0,000E+0	1,771E+2	1,768E+2	0,000E+0	3,629E-1	3,590E-1	0,000E+0	1	0100
733,171	39,100	41,000	8,010E+1	0,000E+0	1,771E+2	1,768E+2	0,000E+0	3,626E-1	3,592E-1	0,000E+0	1	0100
734,170	39,000	40,800	7,980E+1	0,000E+0	1,770E+2	1,771E+2	0,000E+0	3,610E-1	3,572E-1	0,000E+0	1	0100
735,171	39,000	40,800	7,980E+1	0,000E+0	1,770E+2	1,771E+2	0,000E+0	3,610E-1	3,572E-1	0,000E+0	1	0100
736,171	39,200	40,800	8,000E+1	0,000E+0	1,772E+2	1,769E+2	0,000E+0	3,624E-1	3,578E-1	0,000E+0	1	0100
737,171	39,200	40,800	8,000E+1	0,000E+0	1,771E+2	1,769E+2	0,000E+0	3,626E-1	3,575E-1	0,000E+0	1	0100
738,171	39,000	41,000	8,000E+1	0,000E+0	1,770E+2	1,769E+2	0,000E+0	3,618E-1	3,585E-1	0,000E+0	1	0100
739,171	39,000	41,000	8,000E+1	0,000E+0	1,770E+2	1,769E+2	0,000E+0	3,618E-1	3,585E-1	0,000E+0	1	0100
740,171	39,200	41,000	8,020E+1	0,000E+0	1,771E+2	1,768E+2	0,000E+0	3,637E-1	3,598E-1	0,000E+0	1	0100
741,171	39,200	41,000	8,020E+1	0,000E+0	1,771E+2	1,768E+2	0,000E+0	3,637E-1	3,598E-1	0,000E+0	1	0100
742,172	39,200	41,000	8,020E+1	0,000E+0	1,771E+2	1,768E+2	0,000E+0	3,637E-1	3,598E-1	0,000E+0	1	0100
743,172	39,200	41,000	8,020E+1	0,000E+0	1,771E+2	1,768E+2	0,000E+0	3,637E-1	3,598E-1	0,000E+0	1	0100
744,172	39,100	40,700	7,980E+1	0,000E+0	1,771E+2	1,768E+2	0,000E+0	3,611E-1	3,567E-1	0,000E+0	1	0100
745,173	39,100	40,700	7,980E+1	0,000E+0	1,771E+2	1,768E+2	0,000E+0	3,611E-1	3,567E-1	0,000E+0	1	0100
746,172	39,100	40,700	7,980E+1	0,000E+0	1,771E+2	1,768E+2	0,000E+0	3,611E-1	3,567E-1	0,000E+0	1	0100
747,173	39,100	40,700	7,980E+1	0,000E+0	1,771E+2	1,770E+2	0,000E+0	3,623E-1	3,570E-1	0,000E+0	1	0100
748,173	39,100	40,700	7,980E+1	0,000E+0	1,771E+2	1,770E+2	0,000E+0	3,623E-1	3,570E-1	0,000E+0	1	0100
749,173	39,000	41,300	8,030E+1	0,000E+0	1,770E+2	1,771E+2	0,000E+0	3,619E-1	3,602E-1	0,000E+0	1	0100
750,173	38,900	41,000	7,990E+1	0,000E+0	1,772E+2	1,769E+2	0,000E+0	3,610E-1	3,583E-1	0,000E+0	1	0100
751,173	38,900	41,200	8,010E+1	0,000E+0	1,768E+2	1,770E+2	0,000E+0	3,616E-1	3,599E-1	0,000E+0	2	0100
752,173	38,900	41,200	8,010E+1	0,000E+0	1,768E+2	1,770E+2	0,000E+0	3,616E-1	3,599E-1	0,000E+0	2	0100
753,173	38,900	41,000	7,990E+1	0,000E+0	1,771E+2	1,771E+2	0,000E+0	3,609E-1	3,588E-1	0,000E+0	2	0100
754,175	39,300	40,700	8,000E+1	0,000E+0	1,771E+2	1,768E+2	0,000E+0	3,632E-1	3,579E-1	0,000E+0	2	0100
755,175	39,100	41,000	8,010E+1	0,000E+0	1,771E+2	1,771E+2	0,000E+0	3,624E-1	3,592E-1	0,000E+0	2	0100
756,176	39,200	40,700	7,990E+1	0,000E+0	1,771E+2	1,768E+2	0,000E+0	3,622E-1	3,575E-1	0,000E+0	2	0100
757,176	39,200	40,700	7,990E+1	0,000E+0	1,771E+2	1,768E+2	0,000E+0	3,622E-1	3,575E-1	0,000E+0	2	0100
758,177	39,200	40,700	7,990E+1	0,000E+0	1,771E+2	1,768E+2	0,000E+0	3,622E-1	3,575E-1	0,000E+0	2	0100
759,178	39,200	40,700	7,990E+1	0,000E+0	1,771E+2	1,768E+2	0,000E+0	3,622E-1	3,575E-1	0,000E+0	2	0100
760,177	39,200	40,700	7,990E+1	0,000E+0	1,771E+2	1,768E+2	0,000E+0	3,622E-1	3,575E-1	0,000E+0	2	0100
761,178	38,800	40,900	7,970E+1	0,000E+0	1,769E+2	1,768E+2	0,000E+0	3,598E-1	3,580E-1	0,000E+0	2	0100
762,178	38,800	40,900	7,970E+1	0,000E+0	1,769E+2	1,768E+2	0,000E+0	3,598E-1	3,580E-1	0,000E+0	2	0100
763,178	38,800	40,900	7,970E+1	0,000E+0	1,769E+2	1,768E+2	0,000E+0	3,598E-1	3,580E-1	0,000E+0	2	0100
764,178	39,200	41,100	8,030E+1	0,000E+0	1,770E+2	1,768E+2	0,000E+0	3,634E-1	3,598E-1	0,000E+0	2	0100
765,178	39,200	41,100	8,030E+1	0,000E+0	1,770E+2	1,768E+2	0,000E+0	3,634E-1	3,598E-1	0,000E+0	2	0100
766,178	39,200	41,100	8,030E+1	0,000E+0	1,770E+2	1,768E+2	0,000E+0	3,634E-1	3,598E-1	0,000E+0	2	0100
767,177	39,200	41,100	8,030E+1	0,000E+0	1,770E+2	1,768E+2	0,000E+0	3,634E-1	3,598E-1	0,000E+0	2	0100
768,179	38,900	40,900	7,980E+1	0,000E+0	1,772E+2	1,770E+2	0,000E+0	3,612E-1	3,589E-1	0,000E+0	2	0100
769,179	38,900	40,900	7,980E+1	0,000E+0	1,772E+2	1,770E+2	0,000E+0	3,612E-1	3,589E-1	0,000E+0	2	0100
770,179	39,100	41,000	8,010E+1	0,000E+0	1,771E+2	1,769E+2	0,000E+0	3,623E-1	3,588E-1	0,000E+0	3	0100
771,179	39,100	41,000	8,010E+1	0,000E+0	1,771E+2	1,769E+2	0,000E+0	3,623E-1	3,588E-1	0,000E+0	3	0100
772,178	39,200	40,900	8,010E+1	0,000E+0	1,770E+2	1,769E+2	0,000E+0	3,630E-1	3,590E-1	0,000E+0	3	0100
773,180	39,200	40,900	8,010E+1	0,000E+0	1,770E+2	1,769E+2	0,000E+0	3,630E-1	3,590E-1	0,000E+0	3	0100
774,180	39,100	41,000	8,010E+1	0,000E+0	1,771E+2	1,770E+2	0,000E+0	3,629E-1	3,590E-1	0,000E+0	3	0100
775,180	39,100	41,000	8,010E+1	0,000E+0	1,771E+2	1,770E+2	0,000E+0	3,622E-1	3,586E-1	0,000E+0	3	0100
776,180	39,100	41,000	8,010E+1	0,000E+0	1,771E+2	1,770E+2	0,000E+0	3,622E-1	3,586E-1	0,000E+0	3	0100
777,180	39,100	41,000	8,010E+1	0,000E+0	1,771E+2	1,770E+2	0,000E+0	3,622E-1	3,586E-1	0,000E+0	3	0100
778,180	39,100	41,000	8,010E+1	0,000E+0	1,771E+2	1,770E+2	0,000E+0	3,622E-1	3,586E-1	0,000E+0	3	0100
779,180	39,100	41,000	8,010E+1	0,000E+0	1,771E+2	1,770E+2	0,000E+0	3,622E-1	3,586E-1	0,000E+0	3	0100
780,181	39,100	41,000	8,010E+1	0,000E+0	1,771E+2	1,770E+2	0,000E+0	3,622E-1	3,586E-1	0,000E+0	3	0100
781,181	39,000	40,900	7,990E+1	0,000E+0	1,768E+2	1,769E+2	0,000E+0	3,619E-1	3,588E-1	0,000E+0	3	0100
782,181	39,000	40,900	7,990E+1	0,000E+0	1,768E+2	1,769E+2	0,000E+0	3,619E-1	3,588E-1	0,000E+0	3	0100
783,182	39,000	40,900	7,990E+1	0,000E+0	1,768E+2	1,769E+2	0,000E+0	3,619E-1	3,588E-1	0,000E+0	3	0100
784,183	39,000	40,900	7,990E+1	0,000E+0	1,768E+2	1,769E+2	0,000E+0	3,619E-1	3,588E-1	0,000E+0	3	0100
785,183	39,000	40,800	7,980E+1	0,000E+0	1,772E+2	1,771E+2	0,000E+0	3,606E-1	3,571E-1	0,000E+0	3	0100
786,183	39,000	40,800	7,980E+1	0,000E+0	1,772E+2	1,771E+2	0,000E+0	3,606E-1	3,571E-1	0,000E+0	3	0100
787,184	39,200	40,900	8,010E+1	0,000E+0	1,772E+2	1,768E+2	0,000E+0	3,638E-1	3,586E-1	0,000E+0	3	0100
788,184	39,200	40,900	8,010E+1	0,000E+0	1,772E+2	1,768E+2	0,000E+0	3,638E-1	3,586E-1	0,000E+0	3	0100
789,184	38,900	40,800	7,970E+1	0,000E+0	1,771E+2	1,768E+2	0,000E+0	3,607E-1	3,576E-1	0,000E+0	3	0100
790,184	39,100	40,900	8,000E+1	0,000E+0	1,771E+2	1,767E+2	0,000E+0	3,617E-1	3,581E-1	0,000E+0	4	0100
791,184	39,000	40,900	7,990E+1	0,000E+0	1,770E+2	1,768E+2	0,000E+0	3,615E-1	3,582E-1	0,000E+0	4	0100
792,184	39,300	41,000	8,030E+1	0,000E+0	1,771E+2	1,769E+2	0,000E+0	3,636E-1	3,595E-1	0,000E+0	4	0100
793,184	39,000	41,000	8,000E+1	0,000E+0	1,769E+2	1,769E+2	0,000E+0	3,615E-1	3,587E-1	0,000E+0	4	0100
794,185	39,200	40,700	7,990E+1	0,000E+0	1,771E+2	1,765E+2	0,000E+0	3,623E-1	3,571E-1	0,000E+0	4	0100
795,185	39,200	40,700	7,990E+1	0,000E+0	1,771E+2	1,765E+2	0,000E+0	3,623E-1	3,571E-1	0,000E+0	4	0100
796,185	39,200	40,700	7,990E+1	0,000E+0	1,771E+2	1,765E+2	0,000E+0	3,623E-1	3,571E-1	0,000E+0	4	0100
797,186	39,200	40,700	7,990E+1	0,000E+0	1,771E+2	1,765E+2	0,000E+0	3,623E-1	3,571E-1	0,000E+0	4	0100
798,186	39,000	41,100	8,010E+1	0,000E+0	1,769E+2	1,767E+2	0,000E+0	3,622E-1	3,603E-1	0,000E+0	4	0100
799,187	39,000	41,100	8,010E+1	0,000E+0	1,769E+2	1,767E+2	0,000E+0	3,622E-1	3,603E-1	0,000E+0	4	0100
800,186	39,000	41,100	8,010E+1	0,000E+0	1,769E+2	1,766E+2	0,000E+0	3,623E-1	3,595E-1	0,000E+0	4	0100
801,187	39,000	41,100	8,010E+1	0,000E+0	1,769E+2	1,766E+2	0,000E+0	3,623E-1	3,595E-1	0,000E+0	4	0100
802,187	39,000	41,100	8,010E+1	0,000E+0	1,769E+2	1,766E+2	0,000E+0	3,623E-1	3,595E-1	0,000E+0	4	0100
803,188	39,100	40,800	7,990E+1	0,000E+0	1,770E+2	1,765E+2	0,000E+0	3,623E-1	3,578E-1	0,000E+0	4	0100
804,189	39,100	40,800	7,990E+1	0,000E+0	1,770E+2	1,765E+2	0,000E+0	3,623E-1	3,578E-1	0,000E+0	4	0100
805,189	39,100	40,800	7,990E+1	0,000E+0	1,770E+2	1,765E+2	0,000E+0	3,623E-1	3,578E-1	0,000E+0	4	0100
806,189	39,100	40,800	7,990E+1	0,000E+0	1,770E+2	1,765E+2	0,000E+0	3,623E-1	3,578E-1	0,000E+0	4	0100
807,188	39,000	41,200	8,020E+1	0,000E+0	1,774E+2	1,775E+2	0,000E+0	3,618E-1	3,597E-1	0,000E+0	4	0100
808,189	39,100	40,900	8,000E+1	0,000E+0	1,770E+2	1,768E+2	0,000E+0	3,620E-1	3,592E-1	0,000E+0	4	0100
809,189	39,000	41,000	8,000E+1	0,000E+0	1,768E+2	1,770E+2	0,000E+0	3,622E-1	3,589E-1	0,000E+0	5	0100
810,190	39,200	40,900	8,010E+1	0,000E+0	1,771E+2	1,768E+2	0,000E+0	3,629E-1	3,584E-1	0,000E+0	5	0100
811,190	39,200	40,900	8,010E+1	0,000E+0	1,771E+2	1,768E+2	0,000E+0	3,629E-1	3,584E-1	0,000E+0	5	0100
812,189	39,100	40,700	7,980E+1	0,000E+0	1,770E+2	1,768E+2	0,000E+0	3,618E-1	3,571E-1	0,000E+0	5	0100
813,190	39,100	40,900	8,000E+1	0,000E+0	1,772E+2	1,769E+2	0,000E+0	3,618E-1	3,577E-1	0,000E+0	5	0100
814,189	39,100	40,900	8,000E+1	0,000E+0	1,772E+2	1,769E+2	0,000E+0	3,618E-1	3,577E-1	0,000E+0	5	0100
815,191	39,100	40,900	8,000E+1	0,000E+0	1,772E+2	1,769E+2	0,000E+0	3,618E-1	3,577E-1	0,000E+0	5	0100
816,191	39,100	40,900	8,000E+1	0,000E+0	1,772E+2	1,769E+2	0,000E+0	3,618E-1	3,577E-1	0,000E+0	5	0100
817,191	39,100	40,900	8,000E+1	0,000E+0	1,772E+2	1,769E+2	0,000E+0	3,618E-1	3,577E-1	0,000E+0	5	0100
818,191	39,200	40,900	8,010E+1	0,000E+0	1,769E+2	1,766E+2	0,000E+0	3,633E-1	3,581E-1	0,000E+0	5	0100
819,190	39,200	40,900	8,010E+1	0,000E+0	1,769E+2	1,766E+2	0,000E+0	3,633E-1	3,581E-1	0,000E+0	5	0100
820,191	39,200	40,900	8,010E+1	0,000E+0	1,769E+2	1,766E+2	0,000E+0	3,633E-1	3,581E-1	0,000E+0	5	0100
821,191	39,200	40,800	8,000E+1	0,000E+0	1,771E+2	1,766E+2	0,000E+0	3,625E-1	3,571E-1	0,000E+0	5	0100
822,191	39,200	40,800	8,000E+1	0,000E+0	1,771E+2	1,766E+2	0,000E+0	3,625E-1	3,571E-1	0,000E+0	5	0100
823,191	39,300	40,700	8,000E+1	0,000E+0	1,768E+2	1,765E+2	0,000E+0	3,630E-1	3,574E-1	0,000E+0	5	0100
824,191	39,300	40,700	8,000E+1	0,000E+0	1,768E+2	1,765E+2	0,000E+0	3,630E-1	3,574E-1	0,000E+0	5	0100
825,191	39,300	40,800	8,010E+1	0,000E+0	1,770E+2	1,766E+2	0,000E+0	3,635E-1	3,581E-1	0,000E+0	5	0100
826,191	39,300	40,800	8,010E+1	0,000E+0	1,770E+2	1,766E+2	0,000E+0	3,635E-1	3,581E-1	0,000E+0	5	0100
827,192	39,100	40,800	7,990E+1	0,000E+0	1,768E+2	1,767E+2	0,000E+0	3,618E-1	3,574E-1	0,000E+0	5	0100
828,192	39,000	40,800	7,980E+1	0,000E+0	1,771E+2	1,766E+2	0,000E+0	3,618E-1	3,575E-1	0,000E+0	6	0100
829,192	39,000	40,800	7,980E+1	0,000E+0	1,771E+2	1,766E+2	0,000E+0	3,618E-1	3,575E-1	0,000E+0	6	0100
830,191	39,200	41,000	8,020E+1	0,000E+0	1,769E+2	1,768E+2	0,000E+0	3,645E-1	3,589E-1	0,000E+0	6	0100
831,192	39,200	41,000	8,020E+1	0,000E+0	1,768E+2	1,765E+2	0,000E+0	3,631E-1	3,596E-1	0,000E+0	6	0100
832,192	39,000	41,100	8,010E+1	0,000E+0	1,768E+2	1,766E+2	0,000E+0	3,627E-1	3,597E-1	0,000E+0	6	0100
833,192	38,800	40,800	7,960E+1	0,000E+0	1,771E+2	1,768E+2	0,000E+0	3,594E-1	3,574E-1	0,000E+0	6	0100
834,192	38,800	40,800	7,960E+1	0,000E+0	1,771E+2	1,768E+2	0,000E+0	3,594E-1	3,574E-1	0,000E+0	6	0100
835,192	38,800	40,800	7,960E+1	0,000E+0	1,771E+2	1,768E+2	0,000E+0	3,594E-1	3,574E-1	0,000E+0	6	0100
836,192	39,100	40,900	8,000E+1	0,000E+0	1,772E+2	1,768E+2	0,000E+0	3,621E-1	3,576E-1	0,000E+0	6	0100
837,191	39,100	40,900	8,000E+1	0,000E+0	1,772E+2	1,768E+2	0,000E+0	3,621E-1	3,576E-1	0,000E+0	6	0100
838,193	39,100	40,900	8,000E+1	0,000E+0	1,772E+2	1,768E+2	0,000E+0	3,621E-1	3,576E-1	0,000E+0	6	0100
839,193	39,300	41,000	8,030E+1	0,000E+0	1,768E+2	1,766E+2	0,000E+0	3,637E-1	3,592E-1	0,000E+0	6	0100
840,193	39,300	41,000	8,030E+1	0,000E+0	1,768E+2	1,766E+2	0,000E+0	3,637E-1	3,592E-1	0,000E+0	6	0100
841,193	39,300	41,000	8,030E+1	0,000E+0	1,768E+2	1,766E+2	0,000E+0	3,637E-1	3,592E-1	0,000E+0	6	0100
842,193	39,100	40,700	7,980E+1	0,000E+0	1,768E+2	1,765E+2	0,000E+0	3,617E-1	3,573E-1	0,000E+0	6	0100
843,193	39,100	40,700	7,980E+1	0,000E+0	1,768E+2	1,765E+2	0,000E+0	3,617E-1	3,573E-1	0,000E+0	6	0100
844,193	39,100	41,000	8,010E+1	0,000E+0	1,768E+2	1,765E+2	0,000E+0	3,628E-1	3,600E-1	0,000E+0	6	0100
845,194	39,000	40,800	7,980E+1	0,000E+0	1,768E+2	1,767E+2	0,000E+0	3,612E-1	3,574E-1	0,000E+0	6	0100
846,194	39,100	41,000	8,010E+1	0,000E+0	1,769E+2	1,767E+2	0,000E+0	3,628E-1	3,596E-1	0,000E+0	6	0100
847,194	39,100	41,000	8,010E+1	0,000E+0	1,769E+2	1,767E+2	0,000E+0	3,628E-1	3,596E-1	0,000E+0	6	0100
848,193	39,100	40,900	8,000E+1	0,000E+0	1,769E+2	1,764E+2	0,000E+0	3,618E-1	3,579E-1	0,000E+0	6	0100
849,194	38,900	41,000	7,990E+1	0,000E+0	1,768E+2	1,766E+2	0,000E+0	3,610E-1	3,587E-1	0,000E+0	6	0100
850,195	39,000	40,900	7,990E+1	0,000E+0	1,767E+2	1,766E+2	0,000E+0	3,619E-1	3,587E-1	0,000E+0	6	0100
851,194	39,000	41,000	8,000E+1	0,000E+0	1,769E+2	1,768E+2	0,000E+0	3,612E-1	3,585E-1	0,000E+0	6	0100
852,195	39,000	40,900	7,990E+1	0,000E+0	1,769E+2	1,766E+2	0,000E+0	3,622E-1	3,587E-1	0,000E+0	6	0100
853,195	39,100	41,000	8,010E+1	0,000E+0	1,769E+2	1,768E+2	0,000E+0	3,622E-1	3,589E-1	0,000E+0	7	0100
854,195	38,900	40,800	7,970E+1	0,000E+0	1,769E+2	1,766E+2	0,000E+0	3,613E-1	3,576E-1	0,000E+0	7	0100
855,195	39,000	41,200	8,020E+1	0,000E+0	1,768E+2	1,767E+2	0,000E+0	3,622E-1	3,602E-1	0,000E+0	7	0100
856,195	38,900	41,100	8,000E+1	0,000E+0	1,768E+2	1,766E+2	0,000E+0	3,616E-1	3,594E-1	0,000E+0	7	0100
857,195	39,100	40,900	8,000E+1	0,000E+0	1,768E+2	1,767E+2	0,000E+0	3,616E-1	3,582E-1	0,000E+0	7	0100
858,194	39,100	40,900	8,000E+1	0,000E+0	1,768E+2	1,767E+2	0,000E+0	3,616E-1	3,582E-1	0,000E+0	7	0100
859,195	39,100	40,900	8,000E+1	0,000E+0	1,768E+2	1,767E+2	0,000E+0	3,616E-1	3,582E-1	0,000E+0	7	0100
860,195	39,100	40,800	7,990E+1	0,000E+0	1,769E+2	1,766E+2	0,000E+0	3,624E-1	3,580E-1	0,000E+0	7	0100
861,195	39,100	40,800	7,990E+1	0,000E+0	1,769E+2	1,766E+2	0,000E+0	3,624E-1	3,580E-1	0,000E+0	7	0100
862,195	38,800	40,900	7,970E+1	0,000E+0	1,767E+2	1,765E+2	0,000E+0	3,605E-1	3,582E-1	0,000E+0	7	0100
863,194	38,800	40,900	7,970E+1	0,000E+0	1,767E+2	1,765E+2	0,000E+0	3,605E-1	3,582E-1	0,000E+0	7	0100
864,195	38,800	40,900	7,970E+1	0,000E+0	1,767E+2	1,765E+2	0,000E+0	3,605E-1	3,582E-1	0,000E+0	7	0100
865,196	39,100	41,100	8,020E+1	0,000E+0	1,769E+2	1,766E+2	0,000E+0	3,621E-1	3,588E-1	0,000E+0	7	0100
866,197	39,100	41,100	8,020E+1	0,000E+0	1,769E+2	1,766E+2	0,000E+0	3,621E-1	3,588E-1	0,000E+0	7	0100
867,197	39,100	41,100	8,020E+1	0,000E+0	1,769E+2	1,766E+2	0,000E+0	3,621E-1	3,588E-1	0,000E+0	7	0100
868,197	39,100	41,100	8,020E+1	0,000E+0	1,769E+2	1,766E+2	0,000E+0	3,621E-1	3,588E-1	0,000E+0	7	0100
869,197	39,100	41,100	8,020E+1	0,000E+0	1,769E+2	1,766E+2	0,000E+0	3,621E-1	3,588E-1	0,000E+0	7	0100
870,197	39,100	41,100	8,020E+1	0,000E+0	1,769E+2	1,766E+2	0,000E+0	3,621E-1	3,588E-1	0,000E+0	7	0100
871,196	38,900	41,000	7,990E+1	0,000E+0	1,767E+2	1,766E+2	0,000E+0	3,613E-1	3,589E-1	0,000E+0	7	0100
872,198	38,900	41,000	7,990E+1	0,000E+0	1,767E+2	1,766E+2	0,000E+0	3,613E-1	3,589E-1	0,000E+0	7	0100
873,199	39,100	40,800	7,990E+1	0,000E+0	1,768E+2	1,767E+2	0,000E+0	3,626E-1	3,573E-1	0,000E+0	7	0100
874,199	38,900	40,900	7,980E+1	0,000E+0	1,766E+2	1,767E+2	0,000E+0	3,608E-1	3,584E-1	0,000E+0	7	0100
875,200	39,200	41,000	8,020E+1	0,000E+0	1,769E+2	1,766E+2	0,000E+0	3,631E-1	3,593E-1	0,000E+0	7	0100
876,199	39,200	40,900	8,010E+1	0,000E+0	1,767E+2	1,768E+2	0,000E+0	3,628E-1	3,583E-1	0,000E+0	7	0100
877,200	39,200	40,900	8,010E+1	0,000E+0	1,767E+2	1,768E+2	0,000E+0	3,628E-1	3,583E-1	0,000E+0	7	0100
878,200	39,200	41,000	8,020E+1	0,000E+0	1,768E+2	1,766E+2	0,000E+0	3,637E-1	3,588E-1	0,000E+0	7	0100
879,201	39,100	40,900	8,000E+1	0,000E+0	1,767E+2	1,766E+2	0,000E+0	3,618E-1	3,586E-1	0,000E+0	7	0101
880,201	39,000	40,900	7,990E+1	0,000E+0	1,766E+2	1,766E+2	0,000E+0	3,614E-1	3,576E-1	0,000E+0	7	0101
881,202	38,900	41,000	7,990E+1	0,000E+0	1,768E+2	1,767E+2	0,000E+0	3,610E-1	3,588E-1	0,000E+0	7	0101
882,202	38,900	40,900	7,980E+1	0,000E+0	1,768E+2	1,764E+2	0,000E+0	3,612E-1	3,582E-1	0,000E+0	7	0101
883,201	38,900	40,900	7,980E+1	0,000E+0	1,768E+2	1,764E+2	0,000E+0	3,612E-1	3,582E-1	0,000E+0	7	0101
884,202	39,200	40,900	8,010E+1	0,000E+0	1,766E+2	1,765E+2	0,000E+0	3,630E-1	3,587E-1	0,000E+0	7	0101
885,202	39,000	40,800	7,980E+1	0,000E+0	1,766E+2	1,764E+2	0,000E+0	3,608E-1	3,575E-1	0,000E+0	7	0101
886,203	39,100	41,000	8,010E+1	0,000E+0	1,766E+2	1,766E+2	0,000E+0	3,628E-1	3,592E-1	0,000E+0	7	0101
887,203	39,000	40,900	7,990E+1	0,000E+0	1,769E+2	1,767E+2	0,000E+0	3,614E-1	3,588E-1	0,000E+0	7	0101
888,204	39,200	40,900	8,010E+1	0,000E+0	1,768E+2	1,765E+2	0,000E+0	3,631E-1	3,585E-1	0,000E+0	7	0101
889,204	39,200	40,900	8,010E+1	0,000E+0	1,768E+2	1,765E+2	0,000E+0	3,631E-1	3,585E-1	0,000E+0	7	0101
890,203	39,200	40,900	8,010E+1	0,000E+0	1,768E+2	1,765E+2	0,000E+0	3,631E-1	3,585E-1	0,000E+0	7	0101
891,204	39,200	40,900	8,010E+1	0,000E+0	1,768E+2	1,765E+2	0,000E+0	3,631E-1	3,585E-1	0,000E+0	7	0101
892,204	39,200	40,900	8,010E+1	0,000E+0	1,768E+2	1,765E+2	0,000E+0	3,631E-1	3,585E-1	0,000E+0	7	0101
893,204	38,900	40,900	7,980E+1	0,000E+0	1,767E+2	1,767E+2	0,000E+0	3,606E-1	3,583E-1	0,000E+0	7	0101
894,204	38,900	40,900	7,980E+1	0,000E+0	1,767E+2	1,767E+2	0,000E+0	3,606E-1	3,583E-1	0,000E+0	7	0101
895,205	38,900	40,900	7,980E+1	0,000E+0	1,767E+2	1,767E+2	0,000E+0	3,606E-1	3,583E-1	0,000E+0	7	0101
896,206	39,100	40,900	8,000E+1	0,000E+0	1,766E+2	1,764E+2	0,000E+0	3,621E-1	3,587E-1	0,000E+0	7	0101
897,205	39,100	40,900	8,000E+1	0,000E+0	1,766E+2	1,764E+2	0,000E+0	3,621E-1	3,587E-1	0,000E+0	7	0101
898,206	39,100	40,900	8,000E+1	0,000E+0	1,766E+2	1,764E+2	0,000E+0	3,621E-1	3,587E-1	0,000E+0	7	0101
899,206	39,100	40,900	8,000E+1	0,000E+0	1,766E+2	1,764E+2	0,000E+0	3,621E-1	3,587E-1	0,000E+0	7	0101
900,207	39,300	41,000	8,030E+1	0,000E+0	1,769E+2	1,764E+2	0,000E+0	3,638E-1	3,589E-1	0,000E+0	7	0101
901,208	39,200	40,800	8,000E+1	0,000E+0	1,767E+2	1,765E+2	0,000E+0	3,623E-1	3,579E-1	0,000E+0	7	0101
902,207	39,100	40,900	8,000E+1	0,000E+0	1,768E+2	1,766E+2	0,000E+0	3,621E-1	3,578E-1	0,000E+0	7	0101
903,208	39,100	41,000	8,010E+1	0,000E+0	1,767E+2	1,765E+2	0,000E+0	3,628E-1	3,595E-1	0,000E+0	7	0101
904,208	39,100	41,000	8,010E+1	0,000E+0	1,767E+2	1,765E+2	0,000E+0	3,628E-1	3,595E-1	0,000E+0	7	0101
905,210	39,000	40,900	7,990E+1	0,000E+0	1,770E+2	1,766E+2	0,000E+0	3,616E-1	3,578E-1	0,000E+0	6	0101
906,211	38,900	41,000	7,990E+1	0,000E+0	1,767E+2	1,765E+2	0,000E+0	3,612E-1	3,588E-1	0,000E+0	6	0101
907,211	39,200	40,800	8,000E+1	0,000E+0	1,766E+2	1,762E+2	0,000E+0	3,631E-1	3,583E-1	0,000E+0	6	0101
908,212	39,000	40,800	7,980E+1	0,000E+0	1,767E+2	1,765E+2	0,000E+0	3,614E-1	3,578E-1	0,000E+0	6	0101
909,211	39,100	40,900	8,000E+1	0,000E+0	1,769E+2	1,766E+2	0,000E+0	3,626E-1	3,586E-1	0,000E+0	6	0101
910,212	39,100	40,900	8,000E+1	0,000E+0	1,769E+2	1,766E+2	0,000E+0	3,626E-1	3,586E-1	0,000E+0	6	0101
911,212	39,100	40,900	8,000E+1	0,000E+0	1,769E+2	1,766E+2	0,000E+0	3,626E-1	3,586E-1	0,000E+0	6	0101
912,212	39,100	40,900	8,000E+1	0,000E+0	1,769E+2	1,766E+2	0,000E+0	3,626E-1	3,586E-1	0,000E+0	6	0101
913,212	39,100	40,900	8,000E+1	0,000E+0	1,769E+2	1,765E+2	0,000E+0	3,626E-1	3,586E-1	0,000E+0	6	0101
914,212	39,100	40,900	8,000E+1	0,000E+0	1,769E+2	1,765E+2	0,000E+0	3,626E-1	3,586E-1	0,000E+0	6	0101
915,212	39,100	40,900	8,000E+1	0,000E+0	1,769E+2	1,765E+2	0,000E+0	3,626E-1	3,586E-1	0,000E+0	6	0101
916,212	39,100	40,800	7,990E+1	0,000E+0	1,766E+2	1,767E+2	0,000E+0	3,618E-1	3,578E-1	0,000E+0	6	0101
917,213	39,100	40,800	7,990E+1	0,000E+0	1,766E+2	1,767E+2	0,000E+0	3,618E-1	3,578E-1	0,000E+0	6	0101
918,213	39,100	40,800	7,990E+1	0,000E+0	1,766E+2	1,767E+2	0,000E+0	3,618E-1	3,578E-1	0,000E+0	6	0101
919,214	39,300	40,800	8,010E+1	0,000E+0	1,768E+2	1,762E+2	0,000E+0	3,640E-1	3,585E-1	0,000E+0	6	0101
920,214	39,300	40,800	8,010E+1	0,000E+0	1,768E+2	1,762E+2	0,000E+0	3,640E-1	3,585E-1	0,000E+0	6	0101
921,213	39,300	40,800	8,010E+1	0,000E+0	1,768E+2	1,762E+2	0,000E+0	3,640E-1	3,585E-1	0,000E+0	6	0101
922,215	39,300	40,800	8,010E+1	0,000E+0	1,768E+2	1,762E+2	0,000E+0	3,640E-1	3,585E-1	0,000E+0	6	0101
923,216	39,300	40,800	8,010E+1	0,000E+0	1,768E+2	1,762E+2	0,000E+0	3,640E-1	3,585E-1	0,000E+0	6	0101
924,217	39,300	40,800	8,010E+1	0,000E+0	1,768E+2	1,762E+2	0,000E+0	3,640E-1	3,585E-1	0,000E+0	6	0101
925,217	39,100	40,900	8,000E+1	0,000E+0	1,765E+2	1,765E+2	0,000E+0	3,625E-1	3,583E-1	0,000E+0	6	0101
926,217	39,100	40,800	7,990E+1	0,000E+0	1,768E+2	1,764E+2	0,000E+0	3,620E-1	3,582E-1	0,000E+0	6	0101
927,217	39,100	40,900	8,000E+1	0,000E+0	1,770E+2	1,766E+2	0,000E+0	3,628E-1	3,588E-1	0,000E+0	6	0101
928,217	39,000	40,800	7,980E+1	0,000E+0	1,770E+2	1,769E+2	0,000E+0	3,616E-1	3,585E-1	0,000E+0	5	0101
929,218	39,000	40,800	7,980E+1	0,000E+0	1,768E+2	1,770E+2	0,000E+0	3,615E-1	3,576E-1	0,000E+0	5	0101
930,218	39,200	41,000	8,020E+1	0,000E+0	1,768E+2	1,765E+2	0,000E+0	3,635E-1	3,596E-1	0,000E+0	5	0101
931,218	39,000	40,900	7,990E+1	0,000E+0	1,770E+2	1,768E+2	0,000E+0	3,618E-1	3,582E-1	0,000E+0	5	0101
932,218	39,000	40,900	7,990E+1	0,000E+0	1,770E+2	1,768E+2	0,000E+0	3,618E-1	3,582E-1	0,000E+0	5	0101
933,218	39,000	40,900	7,990E+1	0,000E+0	1,770E+2	1,768E+2	0,000E+0	3,618E-1	3,582E-1	0,000E+0	5	0101
934,218	39,000	40,900	7,990E+1	0,000E+0	1,770E+2	1,768E+2	0,000E+0	3,618E-1	3,582E-1	0,000E+0	5	0101
935,217	39,000	40,900	7,990E+1	0,000E+0	1,767E+2	1,766E+2	0,000E+0	3,614E-1	3,592E-1	0,000E+0	5	0101
936,218	39,000	40,900	7,990E+1	0,000E+0	1,767E+2	1,766E+2	0,000E+0	3,614E-1	3,592E-1	0,000E+0	5	0101
937,218	39,000	40,900	7,990E+1	0,000E+0	1,767E+2	1,766E+2	0,000E+0	3,614E-1	3,592E-1	0,000E+0	5	0101
938,218	39,000	40,900	7,990E+1	0,000E+0	1,767E+2	1,766E+2	0,000E+0	3,614E-1	3,592E-1	0,000E+0	5	0101
939,218	39,000	41,100	8,010E+1	0,000E+0	1,768E+2	1,766E+2	0,000E+0	3,628E-1	3,599E-1	0,000E+0	5	0101
940,218	39,000	41,100	8,010E+1	0,000E+0	1,768E+2	1,766E+2	0,000E+0	3,628E-1	3,599E-1	0,000E+0	5	0101
941,218	39,000	41,100	8,010E+1	0,000E+0	1,768E+2	1,766E+2	0,000E+0	3,628E-1	3,599E-1	0,000E+0	5	0101
942,217	39,000	41,000	8,000E+1	0,000E+0	1,766E+2	1,767E+2	0,000E+0	3,627E-1	3,591E-1	0,000E+0	5	0101
943,219	39,000	41,000	8,000E+1	0,000E+0	1,766E+2	1,767E+2	0,000E+0	3,627E-1	3,591E-1	0,000E+0	5	0101
944,219	39,200	41,000	8,020E+1	0,000E+0	1,768E+2	1,766E+2	0,000E+0	3,627E-1	3,591E-1	0,000E+0	5	0101
945,219	39,200	40,900	8,010E+1	0,000E+0	1,766E+2	1,766E+2	0,000E+0	3,623E-1	3,585E-1	0,000E+0	5	0101
946,220	39,200	40,900	8,010E+1	0,000E+0	1,769E+2	1,766E+2	0,000E+0	3,635E-1	3,589E-1	0,000E+0	5	0101
947,220	39,200	40,700	7,990E+1	0,000E+0	1,767E+2	1,764E+2	0,000E+0	3,630E-1	3,574E-1	0,000E+0	5	0101
948,220	39,100	40,900	8,000E+1	0,000E+0	1,768E+2	1,766E+2	0,000E+0	3,619E-1	3,587E-1	0,000E+0	5	0101
949,219	38,900	40,800	7,970E+1	0,000E+0	1,766E+2	1,765E+2	0,000E+0	3,608E-1	3,581E-1	0,000E+0	4	0101
950,220	38,900	41,100	8,000E+1	0,000E+0	1,766E+2	1,764E+2	0,000E+0	3,612E-1	3,594E-1	0,000E+0	4	0101
951,220	39,000	41,000	8,000E+1	0,000E+0	1,766E+2	1,766E+2	0,000E+0	3,617E-1	3,591E-1	0,000E+0	4	0101
952,220	39,000	41,000	8,000E+1	0,000E+0	1,766E+2	1,766E+2	0,000E+0	3,617E-1	3,591E-1	0,000E+0	4	0101
953,220	39,000	41,000	8,000E+1	0,000E+0	1,767E+2	1,766E+2	0,000E+0	3,626E-1	3,596E-1	0,000E+0	4	0101
954,220	38,900	41,000	7,990E+1	0,000E+0	1,767E+2	1,766E+2	0,000E+0	3,612E-1	3,598E-1	0,000E+0	4	0101
955,221	38,900	41,000	7,990E+1	0,000E+0	1,767E+2	1,766E+2	0,000E+0	3,612E-1	3,598E-1	0,000E+0	4	0101
956,220	39,000	41,100	8,010E+1	0,000E+0	1,767E+2	1,766E+2	0,000E+0	3,624E-1	3,601E-1	0,000E+0	4	0101
957,221	39,000	41,100	8,010E+1	0,000E+0	1,767E+2	1,766E+2	0,000E+0	3,624E-1	3,601E-1	0,000E+0	4	0101
958,221	39,000	41,100	8,010E+1	0,000E+0	1,767E+2	1,766E+2	0,000E+0	3,624E-1	3,601E-1	0,000E+0	4	0101
959,221	39,000	41,100	8,010E+1	0,000E+0	1,767E+2	1,766E+2	0,000E+0	3,624E-1	3,601E-1	0,000E+0	4	0101
960,222	39,200	41,000	8,020E+1	0,000E+0	1,768E+2	1,766E+2	0,000E+0	3,627E-1	3,593E-1	0,000E+0	4	0101
961,222	39,200	41,000	8,020E+1	0,000E+0	1,768E+2	1,766E+2	0,000E+0	3,627E-1	3,593E-1	0,000E+0	4	0101
962,222	39,200	41,000	8,020E+1	0,000E+0	1,768E+2	1,766E+2	0,000E+0	3,627E-1	3,593E-1	0,000E+0	4	0101
963,222	39,100	41,100	8,020E+1	0,000E+0	1,769E+2	1,766E+2	0,000E+0	3,629E-1	3,599E-1	0,000E+0	4	0101
964,222	39,100	41,100	8,020E+1	0,000E+0	1,769E+2	1,766E+2	0,000E+0	3,629E-1	3,599E-1	0,000E+0	4	0101
965,221	39,100	41,000	8,010E+1	0,000E+0	1,768E+2	1,766E+2	0,000E+0	3,621E-1	3,590E-1	0,000E+0	4	0101
966,222	38,900	40,900	7,980E+1	0,000E+0	1,765E+2	1,763E+2	0,000E+0	3,611E-1	3,583E-1	0,000E+0	4	0101
967,222	39,200	41,100	8,030E+1	0,000E+0	1,766E+2	1,767E+2	0,000E+0	3,637E-1	3,598E-1	0,000E+0	3	0101
968,224	39,200	41,100	8,030E+1	0,000E+0	1,766E+2	1,767E+2	0,000E+0	3,637E-1	3,598E-1	0,000E+0	3	0101
969,224	39,200	40,900	8,010E+1	0,000E+0	1,768E+2	1,765E+2	0,000E+0	3,625E-1	3,584E-1	0,000E+0	3	0101
970,224	39,100	40,900	8,000E+1	0,000E+0	1,769E+2	1,767E+2	0,000E+0	3,629E-1	3,582E-1	0,000E+0	3	0101
971,224	39,000	40,900	7,990E+1	0,000E+0	1,768E+2	1,766E+2	0,000E+0	3,617E-1	3,589E-1	0,000E+0	3	0101
972,223	39,000	41,000	8,000E+1	0,000E+0	1,768E+2	1,765E+2	0,000E+0	3,623E-1	3,590E-1	0,000E+0	3	0101
973,224	39,000	41,000	8,000E+1	0,000E+0	1,768E+2	1,765E+2	0,000E+0	3,623E-1	3,590E-1	0,000E+0	3	0101
974,224	39,000	41,000	8,000E+1	0,000E+0	1,768E+2	1,765E+2	0,000E+0	3,623E-1	3,590E-1	0,000E+0	3	0101
975,224	39,000	41,000	8,000E+1	0,000E+0	1,768E+2	1,765E+2	0,000E+0	3,623E-1	3,590E-1	0,000E+0	3	0101
976,224	39,200	40,900	8,010E+1	0,000E+0	1,768E+2	1,763E+2	0,000E+0	3,633E-1	3,590E-1	0,000E+0	3	0101
977,225	39,200	40,900	8,010E+1	0,000E+0	1,768E+2	1,763E+2	0,000E+0	3,633E-1	3,590E-1	0,000E+0	3	0101
978,225	39,200	40,900	8,010E+1	0,000E+0	1,768E+2	1,763E+2	0,000E+0	3,633E-1	3,590E-1	0,000E+0	3	0101
979,224	39,200	40,900	8,010E+1	0,000E+0	1,768E+2	1,763E+2	0,000E+0	3,633E-1	3,590E-1	0,000E+0	3	0101
980,225	39,000	41,000	8,000E+1	0,000E+0	1,766E+2	1,766E+2	0,000E+0	3,616E-1	3,590E-1	0,000E+0	3	0101
981,225	39,000	41,000	8,000E+1	0,000E+0	1,766E+2	1,766E+2	0,000E+0	3,616E-1	3,590E-1	0,000E+0	3	0101
982,224	39,100	40,800	7,990E+1	0,000E+0	1,766E+2	1,764E+2	0,000E+0	3,624E-1	3,586E-1	0,000E+0	3	0101
983,225	39,100	40,800	7,990E+1	0,000E+0	1,767E+2	1,766E+2	0,000E+0	3,624E-1	3,590E-1	0,000E+0	3	0101
984,225	39,200	40,800	8,000E+1	0,000E+0	1,768E+2	1,764E+2	0,000E+0	3,622E-1	3,575E-1	0,000E+0	3	0101
985,226	39,100	41,000	8,010E+1	0,000E+0	1,767E+2	1,766E+2	0,000E+0	3,632E-1	3,592E-1	0,000E+0	3	0101
986,226	39,000	41,000	8,000E+1	0,000E+0	1,767E+2	1,766E+2	0,000E+0	3,620E-1	3,590E-1	0,000E+0	3	0101
987,226	39,000	41,000	8,000E+1	0,000E+0	1,766E+2	1,765E+2	0,000E+0	3,618E-1	3,597E-1	0,000E+0	2	0101
988,227	39,000	41,100	8,010E+1	0,000E+0	1,767E+2	1,765E+2	0,000E+0	3,627E-1	3,605E-1	0,000E+0	2	0101
989,226	39,100	40,700	7,980E+1	0,000E+0	1,767E+2	1,764E+2	0,000E+0	3,618E-1	3,570E-1	0,000E+0	2	0101
990,227	39,000	41,100	8,010E+1	0,000E+0	1,765E+2	1,763E+2	0,000E+0	3,620E-1	3,604E-1	0,000E+0	2	0101
991,228	39,000	41,100	8,010E+1	0,000E+0	1,765E+2	1,763E+2	0,000E+0	3,620E-1	3,604E-1	0,000E+0	2	0101
992,228	39,000	41,100	8,010E+1	0,000E+0	1,765E+2	1,763E+2	0,000E+0	3,620E-1	3,604E-1	0,000E+0	2	0101
993,228	39,000	41,100	8,010E+1	0,000E+0	1,765E+2	1,763E+2	0,000E+0	3,620E-1	3,604E-1	0,000E+0	2	0101
994,228	39,100	40,800	7,990E+1	0,000E+0	1,766E+2	1,764E+2	0,000E+0	3,624E-1	3,580E-1	0,000E+0	2	0101
995,229	39,100	40,800	7,990E+1	0,000E+0	1,766E+2	1,764E+2	0,000E+0	3,624E-1	3,580E-1	0,000E+0	2	0101
996,229	39,100	40,800	7,990E+1	0,000E+0	1,766E+2	1,764E+2	0,000E+0	3,624E-1	3,580E-1	0,000E+0	2	0101
997,229	39,100	40,900	8,000E+1	0,000E+0	1,767E+2	1,765E+2	0,000E+0	3,624E-1	3,586E-1	0,000E+0	2	0101
998,229	39,100	40,900	8,000E+1	0,000E+0	1,767E+2	1,765E+2	0,000E+0	3,624E-1	3,586E-1	0,000E+0	2	0101
999,229	39,100	40,900	8,000E+1	0,000E+0	1,767E+2	1,765E+2	0,000E+0	3,624E-1	3,586E-1	0,000E+0	2	0101
1000,230	39,100	40,900	8,000E+1	0,000E+0	1,767E+2	1,765E+2	0,000E+0	3,624E-1	3,586E-1	0,000E+0	2	0101
1001,231	39,000	40,900	7,990E+1	0,000E+0	1,767E+2	1,767E+2	0,000E+0	3,618E-1	3,588E-1	0,000E+0	2	0101
1002,231	39,000	40,900	7,990E+1	0,000E+0	1,767E+2	1,765E+2	0,000E+0	3,615E-1	3,587E-1	0,000E+0	2	0101
1003,230	38,900	41,000	7,990E+1	0,000E+0	1,768E+2	1,768E+2	0,000E+0	3,609E-1	3,587E-1	0,000E+0	2	0101
1004,231	38,900	41,000	7,990E+1	0,000E+0	1,768E+2	1,768E+2	0,000E+0	3,609E-1	3,587E-1	0,000E+0	2	0101
1005,231	39,200	41,100	8,030E+1	0,000E+0	1,764E+2	1,764E+2	0,000E+0	3,637E-1	3,610E-1	0,000E+0	1	0101
1006,231	39,100	40,700	7,980E+1	0,000E+0	1,766E+2	1,765E+2	0,000E+0	3,629E-1	3,580E-1	0,000E+0	1	0101
1007,231	39,100	40,700	7,980E+1	0,000E+0	1,766E+2	1,764E+2	0,000E+0	3,624E-1	3,584E-1	0,000E+0	1	0101
1008,230	39,100	41,100	8,020E+1	0,000E+0	1,767E+2	1,766E+2	0,000E+0	3,632E-1	3,603E-1	0,000E+0	1	0101
1009,231	39,100	40,800	7,990E+1	0,000E+0	1,766E+2	1,764E+2	0,000E+0	3,629E-1	3,585E-1	0,000E+0	1	0101
1010,230	39,100	40,800	7,990E+1	0,000E+0	1,766E+2	1,764E+2	0,000E+0	3,629E-1	3,585E-1	0,000E+0	1	0101
1011,231	39,100	40,800	7,990E+1	0,000E+0	1,766E+2	1,764E+2	0,000E+0	3,629E-1	3,585E-1	0,000E+0	1	0101
1012,231	39,100	40,800	7,990E+1	0,000E+0	1,766E+2	1,764E+2	0,000E+0	3,629E-1	3,585E-1	0,000E+0	1	0101
1013,231	39,100	40,800	7,990E+1	0,000E+0	1,766E+2	1,764E+2	0,000E+0	3,629E-1	3,585E-1	0,000E+0	1	0101
1014,231	39,100	40,800	7,990E+1	0,000E+0	1,766E+2	1,764E+2	0,000E+0	3,629E-1	3,585E-1	0,000E+0	1	0101
1015,231	39,100	40,800	7,990E+1	0,000E+0	1,766E+2	1,764E+2	0,000E+0	3,629E-1	3,585E-1	0,000E+0	1	0101
1016,231	39,000	41,000	8,000E+1	0,000E+0	1,767E+2	1,765E+2	0,000E+0	3,627E-1	3,591E-1	0,000E+0	1	0101
1017,230	39,200	40,900	8,010E+1	0,000E+0	1,767E+2	1,766E+2	0,000E+0	3,634E-1	3,587E-1	0,000E+0	1	0101
1018,231	39,200	40,900	8,010E+1	0,000E+0	1,767E+2	1,766E+2	0,000E+0	3,634E-1	3,587E-1	0,000E+0	1	0101
1019,231	39,200	40,900	8,010E+1	0,000E+0	1,767E+2	1,766E+2	0,000E+0	3,634E-1	3,587E-1	0,000E+0	1	0101
1020,231	39,200	40,900	8,010E+1	0,000E+0	1,767E+2	1,766E+2	0,000E+0	3,634E-1	3,587E-1	0,000E+0	1	0101
1021,232	39,000	40,900	7,990E+1	0,000E+0	1,768E+2	1,763E+2	0,000E+0	3,628E-1	3,590E-1	0,000E+0	1	0101
1022,231	38,900	41,000	7,990E+1	0,000E+0	1,765E+2	1,766E+2	0,000E+0	3,615E-1	3,592E-1	0,000E+0	1	0101
1023,232	38,900	41,000	7,990E+1	0,000E+0	1,765E+2	1,766E+2	0,000E+0	3,615E-1	3,592E-1	0,000E+0	0	0101
1024,233	39,000	40,700	7,970E+1	0,000E+0	1,768E+2	1,764E+2	0,000E+0	3,614E-1	3,578E-1	0,000E+0	0	0101
1025,233	39,100	40,900	8,000E+1	0,000E+0	1,768E+2	1,763E+2	0,000E+0	3,632E-1	3,597E-1	0,000E+0	0	0101
1026,233	39,100	40,900	8,000E+1	0,000E+0	1,768E+2	1,763E+2	0,000E+0	3,632E-1	3,597E-1	0,000E+0	0	0101
1027,233	39,100	41,000	8,010E+1	0,000E+0	1,766E+2	1,763E+2	0,000E+0	3,630E-1	3,596E-1	0,000E+0	0	0101
1028,233	39,100	41,000	8,010E+1	0,000E+0	1,764E+2	1,764E+2	0,000E+0	3,629E-1	3,594E-1	0,000E+0	0	0101
1029,232	39,100	41,000	8,010E+1	0,000E+0	1,764E+2	1,764E+2	0,000E+0	3,629E-1	3,594E-1	0,000E+0	0	0101
1030,233	39,000	41,000	8,000E+1	0,000E+0	1,764E+2	1,764E+2	0,000E+0	3,628E-1	3,596E-1	0,000E+0	0	0101
1031,233	39,000	41,000	8,000E+1	0,000E+0	1,764E+2	1,764E+2	0,000E+0	3,628E-1	3,596E-1	0,000E+0	0	0101
1032,233	39,000	41,000	8,000E+1	0,000E+0	1,764E+2	1,764E+2	0,000E+0	3,628E-1	3,596E-1	0,000E+0	0	0101
1033,233	39,000	41,000	8,000E+1	0,000E+0	1,764E+2	1,764E+2	0,000E+0	3,628E-1	3,596E-1	0,000E+0	0	0101
1034,233	39,100	41,000	8,010E+1	0,000E+0	1,768E+2	1,763E+2	0,000E+0	3,627E-1	3,587E-1	0,000E+0	0	0101
1035,233	39,100	41,000	8,010E+1	0,000E+0	1,768E+2	1,763E+2	0,000E+0	3,627E-1	3,587E-1	0,000E+0	0	0101
1036,233	39,100	41,000	8,010E+1	0,000E+0	1,768E+2	1,763E+2	0,000E+0	3,627E-1	3,587E-1	0,000E+0	0	0101
1037,232	39,000	40,900	7,990E+1	0,000E+0	1,768E+2	1,765E+2	0,000E+0	3,621E-1	3,583E-1	0,000E+0	0	0101
1038,233	39,000	40,900	7,990E+1	0,000E+0	1,768E+2	1,765E+2	0,000E+0	3,621E-1	3,583E-1	0,000E+0	0	0101
1039,233	39,200	40,900	8,010E+1	0,000E+0	1,766E+2	1,764E+2	0,000E+0	3,630E-1	3,587E-1	0,000E+0	0	0110
1040,234	39,000	41,000	8,000E+1	0,000E+0	1,764E+2	1,765E+2	0,000E+0	3,620E-1	3,595E-1	0,000E+0	0	0110
1041,234	38,900	41,000	7,990E+1	0,000E+0	1,768E+2	1,764E+2	0,000E+0	3,622E-1	3,594E-1	0,000E+0	0	0110
1042,234	38,900	41,000	7,990E+1	0,000E+0	1,768E+2	1,764E+2	0,000E+0	3,622E-1	3,594E-1	0,000E+0	0	0110
1043,234	38,900	40,900	7,980E+1	0,000E+0	1,764E+2	1,764E+2	0,000E+0	3,615E-1	3,587E-1	0,000E+0	0	0110
1044,234	38,900	40,900	7,980E+1	0,000E+0	1,764E+2	1,764E+2	0,000E+0	3,615E-1	3,587E-1	0,000E+0	0	0110
1045,236	38,800	41,000	7,980E+1	0,000E+0	1,763E+2	1,764E+2	0,000E+0	3,609E-1	3,597E-1	0,000E+0	0	0110
1046,236	39,100	41,000	8,010E+1	0,000E+0	1,763E+2	1,763E+2	0,000E+0	3,624E-1	3,591E-1	0,000E+0	0	0110
1047,236	39,100	41,000	8,010E+1	0,000E+0	1,763E+2	1,763E+2	0,000E+0	3,624E-1	3,591E-1	0,000E+0	0	0110
1048,236	39,100	41,000	8,010E+1	0,000E+0	1,763E+2	1,763E+2	0,000E+0	3,624E-1	3,591E-1	0,000E+0	0	0110
1049,236	39,100	40,900	8,000E+1	0,000E+0	1,765E+2	1,761E+2	0,000E+0	3,631E-1	3,588E-1	0,000E+0	0	0110
1050,236	39,100	40,900	8,000E+1	0,000E+0	1,764E+2	1,761E+2	0,000E+0	3,629E-1	3,591E-1	0,000E+0	0	0110
1051,235	39,100	40,900	8,000E+1	0,000E+0	1,763E+2	1,762E+2	0,000E+0	3,629E-1	3,586E-1	0,000E+0	0	0110
1052,237	39,000	40,800	7,980E+1	0,000E+0	1,765E+2	1,763E+2	0,000E+0	3,609E-1	3,574E-1	0,000E+0	0	0110
1053,238	39,100	40,900	8,000E+1	0,000E+0	1,766E+2	1,762E+2	0,000E+0	3,638E-1	3,597E-1	0,000E+0	0	0110
1054,239	39,100	40,900	8,000E+1	0,000E+0	1,766E+2	1,762E+2	0,000E+0	3,638E-1	3,597E-1	0,000E+0	0	0110
1055,239	39,000	40,900	7,990E+1	0,000E+0	1,765E+2	1,764E+2	0,000E+0	3,624E-1	3,590E-1	0,000E+0	0	0110
1056,239	39,000	40,900	7,990E+1	0,000E+0	1,765E+2	1,764E+2	0,000E+0	3,624E-1	3,590E-1	0,000E+0	0	0110
1057,240	39,100	40,900	8,000E+1	0,000E+0	1,766E+2	1,763E+2	0,000E+0	3,620E-1	3,588E-1	0,000E+0	0	0110
1058,240	39,000	41,000	8,000E+1	0,000E+0	1,763E+2	1,762E+2	0,000E+0	3,627E-1	3,593E-1	0,000E+0	0	0110
1059,241	39,100	40,900	8,000E+1	0,000E+0	1,765E+2	1,760E+2	0,000E+0	3,632E-1	3,593E-1	0,000E+0	0	0110
1060,241	39,100	41,100	8,020E+1	0,000E+0	1,764E+2	1,762E+2	0,000E+0	3,631E-1	3,608E-1	0,000E+0	0	0110
1061,241	39,100	40,900	8,000E+1	0,000E+0	1,765E+2	1,764E+2	0,000E+0	3,619E-1	3,585E-1	0,000E+0	0	0110
1062,242	39,200	40,900	8,010E+1	0,000E+0	1,766E+2	1,764E+2	0,000E+0	3,642E-1	3,593E-1	0,000E+0	0	0110
1063,242	39,200	40,900	8,010E+1	0,000E+0	1,766E+2	1,764E+2	0,000E+0	3,642E-1	3,593E-1	0,000E+0	0	0110
1064,242	39,200	40,900	8,010E+1	0,000E+0	1,766E+2	1,764E+2	0,000E+0	3,642E-1	3,593E-1	0,000E+0	0	0110
1065,241	39,200	40,900	8,010E+1	0,000E+0	1,766E+2	1,764E+2	0,000E+0	3,642E-1	3,593E-1	0,000E+0	0	0110
1066,242	39,200	40,900	8,010E+1	0,000E+0	1,766E+2	1,764E+2	0,000E+0	3,642E-1	3,593E-1	0,000E+0	0	0110
1067,242	39,000	41,000	8,000E+1	0,000E+0	1,764E+2	1,765E+2	0,000E+0	3,621E-1	3,591E-1	0,000E+0	0	0110
1068,242	39,000	41,000	8,000E+1	0,000E+0	1,764E+2	1,765E+2	0,000E+0	3,621E-1	3,591E-1	0,000E+0	0	0110
1069,242	39,000	41,000	8,000E+1	0,000E+0	1,764E+2	1,765E+2	0,000E+0	3,621E-1	3,591E-1	0,000E+0	0	0110
1070,242	38,800	40,900	7,970E+1	0,000E+0	1,764E+2	1,764E+2	0,000E+0	3,609E-1	3,584E-1	0,000E+0	0	0110
1071,242	38,800	40,900	7,970E+1	0,000E+0	1,764E+2	1,764E+2	0,000E+0	3,609E-1	3,584E-1	0,000E+0	0	0110
1072,242	38,800	40,900	7,970E+1	0,000E+0	1,764E+2	1,764E+2	0,000E+0	3,610E-1	3,588E-1	0,000E+0	0	0110
1073,243	38,800	40,900	7,970E+1	0,000E+0	1,764E+2	1,764E+2	0,000E+0	3,610E-1	3,588E-1	0,000E+0	0	0110
1074,243	39,100	40,700	7,980E+1	0,000E+0	1,764E+2	1,763E+2	0,000E+0	3,627E-1	3,578E-1	0,000E+0	0	0110
1075,243	39,100	40,700	7,980E+1	0,000E+0	1,764E+2	1,763E+2	0,000E+0	3,627E-1	3,578E-1	0,000E+0	0	0110
1076,243	39,100	41,100	8,020E+1	0,000E+0	1,766E+2	1,764E+2	0,000E+0	3,636E-1	3,613E-1	0,000E+0	0	0110
1077,243	39,200	41,000	8,020E+1	0,000E+0	1,765E+2	1,763E+2	0,000E+0	3,635E-1	3,593E-1	0,000E+0	1	0110
1078,243	39,200	41,000	8,020E+1	0,000E+0	1,765E+2	1,763E+2	0,000E+0	3,635E-1	3,593E-1	0,000E+0	1	0110
1079,242	39,100	40,800	7,990E+1	0,000E+0	1,768E+2	1,766E+2	0,000E+0	3,614E-1	3,578E-1	0,000E+0	1	0110
1080,244	39,000	40,900	7,990E+1	0,000E+0	1,768E+2	1,766E+2	0,000E+0	3,626E-1	3,586E-1	0,000E+0	1	0110
1081,245	39,200	41,100	8,030E+1	0,000E+0	1,766E+2	1,765E+2	0,000E+0	3,643E-1	3,606E-1	0,000E+0	1	0110
1082,245	39,200	41,100	8,030E+1	0,000E+0	1,766E+2	1,765E+2	0,000E+0	3,643E-1	3,606E-1	0,000E+0	1	0110
1083,245	39,200	41,100	8,030E+1	0,000E+0	1,766E+2	1,765E+2	0,000E+0	3,643E-1	3,606E-1	0,000E+0	1	0110
1084,245	39,200	41,100	8,030E+1	0,000E+0	1,766E+2	1,765E+2	0,000E+0	3,643E-1	3,606E-1	0,000E+0	1	0110
1085,246	39,100	40,900	8,000E+1	0,000E+0	1,765E+2	1,764E+2	0,000E+0	3,623E-1	3,592E-1	0,000E+0	1	0110
1086,247	39,100	40,900	8,000E+1	0,000E+0	1,765E+2	1,764E+2	0,000E+0	3,623E-1	3,592E-1	0,000E+0	1	0110
1087,246	39,100	40,900	8,000E+1	0,000E+0	1,765E+2	1,764E+2	0,000E+0	3,623E-1	3,592E-1	0,000E+0	1	0110
1088,247	39,000	40,900	7,990E+1	0,000E+0	1,766E+2	1,765E+2	0,000E+0	3,622E-1	3,588E-1	0,000E+0	1	0110
1089,248	39,000	40,900	7,990E+1	0,000E+0	1,766E+2	1,765E+2	0,000E+0	3,622E-1	3,588E-1	0,000E+0	1	0110
1090,248	39,000	40,900	7,990E+1	0,000E+0	1,766E+2	1,765E+2	0,000E+0	3,622E-1	3,588E-1	0,000E+0	1	0110
1091,248	39,000	40,900	7,990E+1	0,000E+0	1,766E+2	1,765E+2	0,000E+0	3,622E-1	3,588E-1	0,000E+0	1	0110
1092,248	38,900	40,900	7,980E+1	0,000E+0	1,764E+2	1,764E+2	0,000E+0	3,617E-1	3,590E-1	0,000E+0	1	0110
1093,248	39,200	40,800	8,000E+1	0,000E+0	1,764E+2	1,765E+2	0,000E+0	3,630E-1	3,585E-1	0,000E+0	1	0110
1094,248	39,100	40,900	8,000E+1	0,000E+0	1,766E+2	1,764E+2	0,000E+0	3,623E-1	3,593E-1	0,000E+0	1	0110
1095,248	39,100	40,900	8,000E+1	0,000E+0	1,766E+2	1,764E+2	0,000E+0	3,623E-1	3,593E-1	0,000E+0	1	0110
1096,248	39,000	41,000	8,000E+1	0,000E+0	1,766E+2	1,766E+2	0,000E+0	3,627E-1	3,596E-1	0,000E+0	1	0110
1097,248	39,200	40,900	8,010E+1	0,000E+0	1,768E+2	1,764E+2	0,000E+0	3,633E-1	3,596E-1	0,000E+0	1	0110
1098,249	39,100	41,000	8,010E+1	0,000E+0	1,767E+2	1,765E+2	0,000E+0	3,631E-1	3,602E-1	0,000E+0	1	0110
1099,248	39,100	41,100	8,020E+1	0,000E+0	1,768E+2	1,764E+2	0,000E+0	3,628E-1	3,597E-1	0,000E+0	2	0110
1100,250	39,100	40,700	7,980E+1	0,000E+0	1,766E+2	1,765E+2	0,000E+0	3,619E-1	3,566E-1	0,000E+0	2	0110
1101,250	39,100	40,900	8,000E+1	0,000E+0	1,768E+2	1,766E+2	0,000E+0	3,622E-1	3,593E-1	0,000E+0	2	0110
1102,250	39,100	40,900	8,000E+1	0,000E+0	1,768E+2	1,766E+2	0,000E+0	3,622E-1	3,593E-1	0,000E+0	2	0110
1103,251	39,000	41,000	8,000E+1	0,000E+0	1,766E+2	1,764E+2	0,000E+0	3,620E-1	3,595E-1	0,000E+0	2	0110
1104,251	39,000	41,000	8,000E+1	0,000E+0	1,766E+2	1,764E+2	0,000E+0	3,620E-1	3,595E-1	0,000E+0	2	0110
1105,251	39,000	41,000	8,000E+1	0,000E+0	1,766E+2	1,764E+2	0,000E+0	3,620E-1	3,595E-1	0,000E+0	2	0110
1106,251	39,000	40,900	7,990E+1	0,000E+0	1,767E+2	1,764E+2	0,000E+0	3,623E-1	3,584E-1	0,000E+0	2	0110
1107,251	39,000	40,900	7,990E+1	0,000E+0	1,767E+2	1,764E+2	0,000E+0	3,623E-1	3,584E-1	0,000E+0	2	0110
1108,252	39,000	40,900	7,990E+1	0,000E+0	1,767E+2	1,764E+2	0,000E+0	3,623E-1	3,584E-1	0,000E+0	2	0110
1109,252	39,100	41,000	8,010E+1	0,000E+0	1,766E+2	1,764E+2	0,000E+0	3,631E-1	3,586E-1	0,000E+0	2	0110
1110,252	39,100	41,000	8,010E+1	0,000E+0	1,766E+2	1,764E+2	0,000E+0	3,631E-1	3,586E-1	0,000E+0	2	0110
1111,251	39,100	41,000	8,010E+1	0,000E+0	1,766E+2	1,764E+2	0,000E+0	3,631E-1	3,586E-1	0,000E+0	2	0110
1112,252	39,100	41,000	8,010E+1	0,000E+0	1,766E+2	1,764E+2	0,000E+0	3,631E-1	3,586E-1	0,000E+0	2	0110
1113,253	39,000	40,800	7,980E+1	0,000E+0	1,765E+2	1,765E+2	0,000E+0	3,614E-1	3,581E-1	0,000E+0	2	0110
1114,253	39,000	40,800	7,980E+1	0,000E+0	1,765E+2	1,765E+2	0,000E+0	3,614E-1	3,581E-1	0,000E+0	2	0110
1115,253	39,100	40,900	8,000E+1	0,000E+0	1,767E+2	1,763E+2	0,000E+0	3,626E-1	3,595E-1	0,000E+0	2	0110
1116,253	39,100	40,900	8,000E+1	0,000E+0	1,767E+2	1,763E+2	0,000E+0	3,626E-1	3,595E-1	0,000E+0	2	0110
1117,254	39,100	40,900	8,000E+1	0,000E+0	1,768E+2	1,766E+2	0,000E+0	3,629E-1	3,591E-1	0,000E+0	2	0110
1118,253	39,200	40,800	8,000E+1	0,000E+0	1,768E+2	1,765E+2	0,000E+0	3,629E-1	3,588E-1	0,000E+0	3	0110
1119,254	39,000	40,900	7,990E+1	0,000E+0	1,767E+2	1,766E+2	0,000E+0	3,624E-1	3,590E-1	0,000E+0	3	0110
1120,254	39,200	40,800	8,000E+1	0,000E+0	1,767E+2	1,765E+2	0,000E+0	3,634E-1	3,588E-1	0,000E+0	3	0110
1121,254	39,100	40,900	8,000E+1	0,000E+0	1,768E+2	1,764E+2	0,000E+0	3,636E-1	3,591E-1	0,000E+0	3	0110
1122,255	39,100	41,000	8,010E+1	0,000E+0	1,769E+2	1,767E+2	0,000E+0	3,630E-1	3,603E-1	0,000E+0	3	0110
1123,255	39,100	41,000	8,010E+1	0,000E+0	1,769E+2	1,767E+2	0,000E+0	3,630E-1	3,603E-1	0,000E+0	3	0110
1124,255	39,100	41,000	8,010E+1	0,000E+0	1,769E+2	1,767E+2	0,000E+0	3,630E-1	3,603E-1	0,000E+0	3	0110
1125,254	39,100	41,000	8,010E+1	0,000E+0	1,769E+2	1,767E+2	0,000E+0	3,630E-1	3,603E-1	0,000E+0	3	0110
1126,255	39,000	40,800	7,980E+1	0,000E+0	1,769E+2	1,768E+2	0,000E+0	3,609E-1	3,577E-1	0,000E+0	3	0110
1127,255	39,100	40,800	7,990E+1	0,000E+0	1,770E+2	1,769E+2	0,000E+0	3,627E-1	3,588E-1	0,000E+0	3	0110
1128,255	39,100	40,800	7,990E+1	0,000E+0	1,770E+2	1,769E+2	0,000E+0	3,627E-1	3,588E-1	0,000E+0	3	0110
1129,255	39,100	40,800	7,990E+1	0,000E+0	1,770E+2	1,769E+2	0,000E+0	3,627E-1	3,588E-1	0,000E+0	3	0110
1130,255	39,100	40,800	7,990E+1	0,000E+0	1,770E+2	1,769E+2	0,000E+0	3,627E-1	3,588E-1	0,000E+0	3	0110
1131,255	39,000	40,800	7,980E+1	0,000E+0	1,769E+2	1,767E+2	0,000E+0	3,621E-1	3,587E-1	0,000E+0	3	0110
1132,256	39,000	40,800	7,980E+1	0,000E+0	1,769E+2	1,767E+2	0,000E+0	3,621E-1	3,587E-1	0,000E+0	3	0110
1133,255	39,000	40,800	7,980E+1	0,000E+0	1,769E+2	1,767E+2	0,000E+0	3,621E-1	3,587E-1	0,000E+0	3	0110
1134,257	39,100	41,000	8,010E+1	0,000E+0	1,767E+2	1,766E+2	0,000E+0	3,627E-1	3,590E-1	0,000E+0	3	0110
1135,257	39,200	41,100	8,030E+1	0,000E+0	1,769E+2	1,768E+2	0,000E+0	3,638E-1	3,606E-1	0,000E+0	3	0110
1136,257	38,900	40,800	7,970E+1	0,000E+0	1,769E+2	1,766E+2	0,000E+0	3,620E-1	3,581E-1	0,000E+0	4	0110
1137,257	39,200	41,000	8,020E+1	0,000E+0	1,767E+2	1,768E+2	0,000E+0	3,633E-1	3,600E-1	0,000E+0	4	0110
1138,257	38,900	40,800	7,970E+1	0,000E+0	1,767E+2	1,766E+2	0,000E+0	3,608E-1	3,583E-1	0,000E+0	4	0110
1139,257	38,900	40,800	7,970E+1	0,000E+0	1,767E+2	1,766E+2	0,000E+0	3,608E-1	3,583E-1	0,000E+0	4	0110
1140,256	39,100	41,000	8,010E+1	0,000E+0	1,770E+2	1,766E+2	0,000E+0	3,629E-1	3,594E-1	0,000E+0	4	0110
1141,257	39,000	41,000	8,000E+1	0,000E+0	1,767E+2	1,765E+2	0,000E+0	3,619E-1	3,591E-1	0,000E+0	4	0110
1142,257	39,000	41,000	8,000E+1	0,000E+0	1,767E+2	1,765E+2	0,000E+0	3,619E-1	3,591E-1	0,000E+0	4	0110
1143,257	39,000	41,000	8,000E+1	0,000E+0	1,767E+2	1,765E+2	0,000E+0	3,619E-1	3,591E-1	0,000E+0	4	0110
1144,257	39,000	41,000	8,000E+1	0,000E+0	1,767E+2	1,765E+2	0,000E+0	3,619E-1	3,591E-1	0,000E+0	4	0110
1145,257	39,000	40,900	7,990E+1	0,000E+0	1,766E+2	1,764E+2	0,000E+0	3,624E-1	3,592E-1	0,000E+0	4	0110
1146,258	39,000	40,900	7,990E+1	0,000E+0	1,766E+2	1,764E+2	0,000E+0	3,624E-1	3,592E-1	0,000E+0	4	0110
1147,258	39,000	40,900	7,990E+1	0,000E+0	1,766E+2	1,764E+2	0,000E+0	3,624E-1	3,592E-1	0,000E+0	4	0110
1148,258	39,100	41,100	8,020E+1	0,000E+0	1,770E+2	1,768E+2	0,000E+0	3,627E-1	3,597E-1	0,000E+0	4	0110
1149,259	39,100	41,100	8,020E+1	0,000E+0	1,770E+2	1,768E+2	0,000E+0	3,627E-1	3,597E-1	0,000E+0	4	0110
1150,259	39,300	40,900	8,020E+1	0,000E+0	1,770E+2	1,765E+2	0,000E+0	3,643E-1	3,591E-1	0,000E+0	4	0110
1151,258	39,300	40,900	8,020E+1	0,000E+0	1,770E+2	1,765E+2	0,000E+0	3,643E-1	3,591E-1	0,000E+0	4	0110
1152,259	39,000	40,900	7,990E+1	0,000E+0	1,769E+2	1,765E+2	0,000E+0	3,615E-1	3,587E-1	0,000E+0	4	0110
1153,260	39,000	40,900	7,990E+1	0,000E+0	1,769E+2	1,765E+2	0,000E+0	3,615E-1	3,587E-1	0,000E+0	4	0110
1154,260	39,100	41,000	8,010E+1	0,000E+0	1,770E+2	1,767E+2	0,000E+0	3,628E-1	3,595E-1	0,000E+0	5	0110
1155,260	39,300	40,800	8,010E+1	0,000E+0	1,769E+2	1,766E+2	0,000E+0	3,640E-1	3,584E-1	0,000E+0	5	0110
1156,260	39,100	40,900	8,000E+1	0,000E+0	1,770E+2	1,765E+2	0,000E+0	3,629E-1	3,587E-1	0,000E+0	5	0110
1157,260	39,000	41,000	8,000E+1	0,000E+0	1,766E+2	1,767E+2	0,000E+0	3,623E-1	3,602E-1	0,000E+0	5	0110
1158,259	39,000	41,100	8,010E+1	0,000E+0	1,768E+2	1,766E+2	0,000E+0	3,621E-1	3,599E-1	0,000E+0	5	0110
1159,260	39,000	41,100	8,010E+1	0,000E+0	1,768E+2	1,766E+2	0,000E+0	3,621E-1	3,599E-1	0,000E+0	5	0110
1160,260	39,000	41,100	8,010E+1	0,000E+0	1,768E+2	1,766E+2	0,000E+0	3,621E-1	3,599E-1	0,000E+0	5	0110
1161,260	39,100	40,900	8,000E+1	0,000E+0	1,769E+2	1,766E+2	0,000E+0	3,626E-1	3,593E-1	0,000E+0	5	0110
1162,260	39,100	40,900	8,000E+1	0,000E+0	1,769E+2	1,766E+2	0,000E+0	3,626E-1	3,593E-1	0,000E+0	5	0110
1163,261	39,100	41,000	8,010E+1	0,000E+0	1,768E+2	1,768E+2	0,000E+0	3,634E-1	3,598E-1	0,000E+0	5	0110
1164,261	39,100	41,000	8,010E+1	0,000E+0	1,768E+2	1,768E+2	0,000E+0	3,634E-1	3,598E-1	0,000E+0	5	0110
1165,260	39,100	41,000	8,010E+1	0,000E+0	1,768E+2	1,768E+2	0,000E+0	3,634E-1	3,598E-1	0,000E+0	5	0110
1166,261	39,200	40,900	8,010E+1	0,000E+0	1,767E+2	1,765E+2	0,000E+0	3,634E-1	3,593E-1	0,000E+0	5	0110
1167,261	39,200	40,900	8,010E+1	0,000E+0	1,767E+2	1,765E+2	0,000E+0	3,634E-1	3,593E-1	0,000E+0	5	0110
1168,262	39,200	40,900	8,010E+1	0,000E+0	1,767E+2	1,765E+2	0,000E+0	3,634E-1	3,593E-1	0,000E+0	5	0110
1169,262	39,200	40,900	8,010E+1	0,000E+0	1,767E+2	1,765E+2	0,000E+0	3,634E-1	3,593E-1	0,000E+0	5	0110
1170,261	38,900	40,700	7,960E+1	0,000E+0	1,768E+2	1,764E+2	0,000E+0	3,612E-1	3,576E-1	0,000E+0	5	0110
1171,263	39,000	41,100	8,010E+1	0,000E+0	1,767E+2	1,766E+2	0,000E+0	3,626E-1	3,603E-1	0,000E+0	5	0110
1172,263	39,000	41,100	8,010E+1	0,000E+0	1,764E+2	1,766E+2	0,000E+0	3,615E-1	3,602E-1	0,000E+0	6	0110
1173,263	38,900	40,900	7,980E+1	0,000E+0	1,769E+2	1,767E+2	0,000E+0	3,615E-1	3,581E-1	0,000E+0	6	0110
1174,264	39,100	41,100	8,020E+1	0,000E+0	1,769E+2	1,766E+2	0,000E+0	3,636E-1	3,596E-1	0,000E+0	6	0110
1175,264	39,000	40,800	7,980E+1	0,000E+0	1,769E+2	1,768E+2	0,000E+0	3,618E-1	3,577E-1	0,000E+0	6	0110
1176,265	39,000	40,800	7,980E+1	0,000E+0	1,767E+2	1,767E+2	0,000E+0	3,620E-1	3,581E-1	0,000E+0	6	0110
1177,265	39,200	40,800	8,000E+1	0,000E+0	1,769E+2	1,766E+2	0,000E+0	3,633E-1	3,589E-1	0,000E+0	6	0110
1178,266	39,200	40,800	8,000E+1	0,000E+0	1,769E+2	1,766E+2	0,000E+0	3,633E-1	3,589E-1	0,000E+0	6	0110
1179,267	39,200	40,800	8,000E+1	0,000E+0	1,769E+2	1,766E+2	0,000E+0	3,633E-1	3,589E-1	0,000E+0	6	0110
1180,267	39,200	40,800	8,000E+1	0,000E+0	1,769E+2	1,766E+2	0,000E+0	3,633E-1	3,589E-1	0,000E+0	6	0110
1181,268	39,200	41,000	8,020E+1	0,000E+0	1,770E+2	1,768E+2	0,000E+0	3,625E-1	3,596E-1	0,000E+0	6	0110
1182,267	39,200	41,000	8,020E+1	0,000E+0	1,770E+2	1,768E+2	0,000E+0	3,625E-1	3,596E-1	0,000E+0	6	0110
1183,268	39,200	41,000	8,020E+1	0,000E+0	1,770E+2	1,768E+2	0,000E+0	3,625E-1	3,596E-1	0,000E+0	6	0110
1184,268	39,200	41,000	8,020E+1	0,000E+0	1,770E+2	1,768E+2	0,000E+0	3,625E-1	3,596E-1	0,000E+0	6	0110
1185,268	39,000	40,700	7,970E+1	0,000E+0	1,767E+2	1,765E+2	0,000E+0	3,615E-1	3,576E-1	0,000E+0	6	0110
1186,268	39,000	41,000	8,000E+1	0,000E+0	1,767E+2	1,764E+2	0,000E+0	3,615E-1	3,595E-1	0,000E+0	6	0110
1187,269	39,000	41,000	8,000E+1	0,000E+0	1,767E+2	1,764E+2	0,000E+0	3,615E-1	3,595E-1	0,000E+0	6	0110
1188,269	39,100	40,900	8,000E+1	0,000E+0	1,768E+2	1,766E+2	0,000E+0	3,630E-1	3,592E-1	0,000E+0	6	0110
1189,268	39,200	41,000	8,020E+1	0,000E+0	1,771E+2	1,767E+2	0,000E+0	3,633E-1	3,593E-1	0,000E+0	6	0110
1190,269	39,100	40,900	8,000E+1	0,000E+0	1,770E+2	1,765E+2	0,000E+0	3,630E-1	3,590E-1	0,000E+0	6	0110
1191,269	38,900	40,900	7,980E+1	0,000E+0	1,769E+2	1,768E+2	0,000E+0	3,612E-1	3,582E-1	0,000E+0	7	0110
1192,269	39,300	40,700	8,000E+1	0,000E+0	1,769E+2	1,766E+2	0,000E+0	3,636E-1	3,581E-1	0,000E+0	7	0110
1193,269	39,000	41,000	8,000E+1	0,000E+0	1,768E+2	1,766E+2	0,000E+0	3,617E-1	3,597E-1	0,000E+0	7	0110
1194,269	39,000	41,000	8,000E+1	0,000E+0	1,768E+2	1,766E+2	0,000E+0	3,621E-1	3,590E-1	0,000E+0	7	0110
1195,269	39,000	41,000	8,000E+1	0,000E+0	1,768E+2	1,766E+2	0,000E+0	3,621E-1	3,590E-1	0,000E+0	7	0110
1196,269	39,000	41,000	8,000E+1	0,000E+0	1,768E+2	1,766E+2	0,000E+0	3,621E-1	3,590E-1	0,000E+0	7	0110
1197,270	39,000	41,000	8,000E+1	0,000E+0	1,768E+2	1,766E+2	0,000E+0	3,621E-1	3,590E-1	0,000E+0	7	0110
1198,270	39,000	41,000	8,000E+1	0,000E+0	1,768E+2	1,766E+2	0,000E+0	3,621E-1	3,590E-1	0,000E+0	7	0110
1199,270	39,000	40,900	7,990E+1	0,000E+0	1,766E+2	1,766E+2	0,000E+0	3,613E-1	3,589E-1	0,000E+0	7	0110
1200,270	39,000	40,900	7,990E+1	0,000E+0	1,767E+2	1,766E+2	0,000E+0	3,622E-1	3,597E-1	0,000E+0	7	0110
1201,270	39,000	40,900	7,990E+1	0,000E+0	1,767E+2	1,766E+2	0,000E+0	3,622E-1	3,597E-1	0,000E+0	7	0110
1202,270	39,000	40,900	7,990E+1	0,000E+0	1,767E+2	1,766E+2	0,000E+0	3,622E-1	3,597E-1	0,000E+0	7	0110
1203,269	39,000	40,900	7,990E+1	0,000E+0	1,767E+2	1,766E+2	0,000E+0	3,622E-1	3,597E-1	0,000E+0	7	0110
1204,270	39,000	41,000	8,000E+1	0,000E+0	1,765E+2	1,769E+2	0,000E+0	3,621E-1	3,590E-1	0,000E+0	7	0110
1205,270	39,000	41,000	8,000E+1	0,000E+0	1,765E+2	1,769E+2	0,000E+0	3,621E-1	3,590E-1	0,000E+0	7	0110
1206,270	39,000	41,000	8,000E+1	0,000E+0	1,765E+2	1,769E+2	0,000E+0	3,621E-1	3,590E-1	0,000E+0	7	0110
1207,270	38,900	40,900	7,980E+1	0,000E+0	1,767E+2	1,768E+2	0,000E+0	3,619E-1	3,593E-1	0,000E+0	7	0110
1208,269	38,900	40,900	7,980E+1	0,000E+0	1,767E+2	1,768E+2	0,000E+0	3,619E-1	3,593E-1	0,000E+0	7	0110
1209,271	39,200	41,000	8,020E+1	0,000E+0	1,770E+2	1,766E+2	0,000E+0	3,637E-1	3,595E-1	0,000E+0	7	0110
1210,271	39,200	41,000	8,020E+1	0,000E+0	1,770E+2	1,766E+2	0,000E+0	3,637E-1	3,595E-1	0,000E+0	7	0110
1211,271	39,100	40,900	8,000E+1	0,000E+0	1,768E+2	1,768E+2	0,000E+0	3,631E-1	3,589E-1	0,000E+0	7	0110
1212,271	39,100	40,900	8,000E+1	0,000E+0	1,768E+2	1,767E+2	0,000E+0	3,618E-1	3,584E-1	0,000E+0	7	0110
1213,271	38,900	41,100	8,000E+1	0,000E+0	1,766E+2	1,768E+2	0,000E+0	3,618E-1	3,599E-1	0,000E+0	7	0110
1214,271	39,200	41,000	8,020E+1	0,000E+0	1,768E+2	1,767E+2	0,000E+0	3,638E-1	3,602E-1	0,000E+0	7	0110
1215,271	39,000	40,900	7,990E+1	0,000E+0	1,767E+2	1,768E+2	0,000E+0	3,617E-1	3,591E-1	0,000E+0	7	0110
1216,271	39,000	40,900	7,990E+1	0,000E+0	1,767E+2	1,768E+2	0,000E+0	3,617E-1	3,591E-1	0,000E+0	7	0110
1217,271	38,900	41,000	7,990E+1	0,000E+0	1,768E+2	1,766E+2	0,000E+0	3,614E-1	3,594E-1	0,000E+0	7	0110
1218,272	39,000	41,100	8,010E+1	0,000E+0	1,769E+2	1,768E+2	0,000E+0	3,619E-1	3,597E-1	0,000E+0	7	0110
1219,273	39,000	41,200	8,020E+1	0,000E+0	1,768E+2	1,765E+2	0,000E+0	3,630E-1	3,609E-1	0,000E+0	7	0110
1220,273	39,100	40,900	8,000E+1	0,000E+0	1,769E+2	1,764E+2	0,000E+0	3,630E-1	3,589E-1	0,000E+0	7	0110
1221,272	39,000	40,900	7,990E+1	0,000E+0	1,769E+2	1,766E+2	0,000E+0	3,625E-1	3,588E-1	0,000E+0	7	0110
1222,273	39,200	40,900	8,010E+1	0,000E+0	1,768E+2	1,766E+2	0,000E+0	3,629E-1	3,591E-1	0,000E+0	7	0110
1223,274	39,000	41,000	8,000E+1	0,000E+0	1,768E+2	1,768E+2	0,000E+0	3,627E-1	3,590E-1	0,000E+0	7	0111
1224,274	38,900	40,900	7,980E+1	0,000E+0	1,767E+2	1,766E+2	0,000E+0	3,616E-1	3,595E-1	0,000E+0	7	0111
1225,274	39,200	41,000	8,020E+1	0,000E+0	1,770E+2	1,766E+2	0,000E+0	3,635E-1	3,596E-1	0,000E+0	7	0111
1226,274	39,000	41,000	8,000E+1	0,000E+0	1,767E+2	1,767E+2	0,000E+0	3,625E-1	3,594E-1	0,000E+0	7	0111
1227,275	39,000	41,000	8,000E+1	0,000E+0	1,767E+2	1,767E+2	0,000E+0	3,625E-1	3,594E-1	0,000E+0	7	0111
1228,275	39,000	41,000	8,000E+1	0,000E+0	1,767E+2	1,767E+2	0,000E+0	3,625E-1	3,594E-1	0,000E+0	7	0111
1229,275	39,000	41,000	8,000E+1	0,000E+0	1,767E+2	1,767E+2	0,000E+0	3,625E-1	3,594E-1	0,000E+0	7	0111
1230,275	38,900	41,100	8,000E+1	0,000E+0	1,769E+2	1,767E+2	0,000E+0	3,617E-1	3,604E-1	0,000E+0	7	0111
1231,276	38,900	41,100	8,000E+1	0,000E+0	1,769E+2	1,767E+2	0,000E+0	3,617E-1	3,604E-1	0,000E+0	7	0111
1232,277	39,000	40,900	7,990E+1	0,000E+0	1,767E+2	1,766E+2	0,000E+0	3,626E-1	3,593E-1	0,000E+0	7	0111
1233,277	39,000	40,900	7,990E+1	0,000E+0	1,767E+2	1,766E+2	0,000E+0	3,626E-1	3,593E-1	0,000E+0	7	0111
1234,278	39,000	40,900	7,990E+1	0,000E+0	1,767E+2	1,766E+2	0,000E+0	3,626E-1	3,593E-1	0,000E+0	7	0111
1235,278	39,000	40,700	7,970E+1	0,000E+0	1,768E+2	1,766E+2	0,000E+0	3,616E-1	3,572E-1	0,000E+0	7	0111
1236,278	39,000	40,700	7,970E+1	0,000E+0	1,768E+2	1,766E+2	0,000E+0	3,616E-1	3,572E-1	0,000E+0	7	0111
1237,278	39,000	40,700	7,970E+1	0,000E+0	1,768E+2	1,766E+2	0,000E+0	3,616E-1	3,572E-1	0,000E+0	7	0111
1238,277	39,100	40,900	8,000E+1	0,000E+0	1,769E+2	1,767E+2	0,000E+0	3,626E-1	3,591E-1	0,000E+0	7	0111
1239,278	39,000	41,000	8,000E+1	0,000E+0	1,767E+2	1,767E+2	0,000E+0	3,628E-1	3,608E-1	0,000E+0	7	0111
1240,279	39,000	41,000	8,000E+1	0,000E+0	1,768E+2	1,766E+2	0,000E+0	3,626E-1	3,591E-1	0,000E+0	7	0111
1241,279	39,100	41,000	8,010E+1	0,000E+0	1,768E+2	1,766E+2	0,000E+0	3,626E-1	3,600E-1	0,000E+0	6	0111
1242,279	39,200	40,800	8,000E+1	0,000E+0	1,769E+2	1,766E+2	0,000E+0	3,627E-1	3,585E-1	0,000E+0	6	0111
1243,279	39,200	40,800	8,000E+1	0,000E+0	1,769E+2	1,766E+2	0,000E+0	3,627E-1	3,585E-1	0,000E+0	6	0111
1244,279	39,000	41,100	8,010E+1	0,000E+0	1,768E+2	1,766E+2	0,000E+0	3,620E-1	3,595E-1	0,000E+0	6	0111
1245,278	39,200	40,700	7,990E+1	0,000E+0	1,768E+2	1,765E+2	0,000E+0	3,635E-1	3,579E-1	0,000E+0	6	0111
1246,280	39,100	41,000	8,010E+1	0,000E+0	1,767E+2	1,766E+2	0,000E+0	3,624E-1	3,597E-1	0,000E+0	6	0111
1247,280	39,100	41,000	8,010E+1	0,000E+0	1,767E+2	1,766E+2	0,000E+0	3,624E-1	3,597E-1	0,000E+0	6	0111
1248,279	39,100	41,000	8,010E+1	0,000E+0	1,767E+2	1,766E+2	0,000E+0	3,624E-1	3,597E-1	0,000E+0	6	0111
1249,281	39,100	41,000	8,010E+1	0,000E+0	1,767E+2	1,766E+2	0,000E+0	3,624E-1	3,597E-1	0,000E+0	6	0111
1250,281	39,100	41,000	8,010E+1	0,000E+0	1,767E+2	1,766E+2	0,000E+0	3,624E-1	3,597E-1	0,000E+0	6	0111
1251,281	39,100	40,800	7,990E+1	0,000E+0	1,769E+2	1,765E+2	0,000E+0	3,623E-1	3,578E-1	0,000E+0	6	0111
1252,281	39,100	40,800	7,990E+1	0,000E+0	1,769E+2	1,765E+2	0,000E+0	3,623E-1	3,578E-1	0,000E+0	6	0111
1253,281	39,100	40,800	7,990E+1	0,000E+0	1,769E+2	1,765E+2	0,000E+0	3,623E-1	3,578E-1	0,000E+0	6	0111
1254,281	39,100	40,700	7,980E+1	0,000E+0	1,769E+2	1,766E+2	0,000E+0	3,613E-1	3,578E-1	0,000E+0	6	0111
1255,281	39,100	40,700	7,980E+1	0,000E+0	1,769E+2	1,766E+2	0,000E+0	3,613E-1	3,578E-1	0,000E+0	6	0111
1256,281	39,000	40,700	7,970E+1	0,000E+0	1,768E+2	1,764E+2	0,000E+0	3,623E-1	3,584E-1	0,000E+0	6	0111
1257,282	39,000	40,700	7,970E+1	0,000E+0	1,768E+2	1,764E+2	0,000E+0	3,623E-1	3,584E-1	0,000E+0	6	0111
1258,281	39,100	40,900	8,000E+1	0,000E+0	1,766E+2	1,764E+2	0,000E+0	3,629E-1	3,596E-1	0,000E+0	6	0111
1259,282	39,100	41,200	8,030E+1	0,000E+0	1,766E+2	1,767E+2	0,000E+0	3,626E-1	3,605E-1	0,000E+0	6	0111
1260,282	39,200	40,900	8,010E+1	0,000E+0	1,767E+2	1,765E+2	0,000E+0	3,633E-1	3,592E-1	0,000E+0	6	0111
1261,284	38,900	40,800	7,970E+1	0,000E+0	1,766E+2	1,766E+2	0,000E+0	3,609E-1	3,580E-1	0,000E+0	5	0111
1262,284	39,100	40,800	7,990E+1	0,000E+0	1,767E+2	1,764E+2	0,000E+0	3,624E-1	3,590E-1	0,000E+0	5	0111
1263,284	39,100	40,900	8,000E+1	0,000E+0	1,766E+2	1,764E+2	0,000E+0	3,624E-1	3,583E-1	0,000E+0	5	0111
1264,284	39,100	40,900	8,000E+1	0,000E+0	1,766E+2	1,764E+2	0,000E+0	3,624E-1	3,583E-1	0,000E+0	5	0111
1265,284	39,000	40,900	7,990E+1	0,000E+0	1,767E+2	1,765E+2	0,000E+0	3,620E-1	3,584E-1	0,000E+0	5	0111
1266,284	39,200	41,000	8,020E+1	0,000E+0	1,768E+2	1,766E+2	0,000E+0	3,633E-1	3,602E-1	0,000E+0	5	0111
1267,284	39,200	41,000	8,020E+1	0,000E+0	1,768E+2	1,766E+2	0,000E+0	3,633E-1	3,602E-1	0,000E+0	5	0111
1268,284	39,400	40,700	8,010E+1	0,000E+0	1,769E+2	1,763E+2	0,000E+0	3,643E-1	3,589E-1	0,000E+0	5	0111
1269,284	39,400	40,700	8,010E+1	0,000E+0	1,769E+2	1,763E+2	0,000E+0	3,643E-1	3,589E-1	0,000E+0	5	0111
1270,283	39,400	40,700	8,010E+1	0,000E+0	1,769E+2	1,763E+2	0,000E+0	3,643E-1	3,589E-1	0,000E+0	5	0111
1271,284	39,400	40,700	8,010E+1	0,000E+0	1,769E+2	1,763E+2	0,000E+0	3,643E-1	3,589E-1	0,000E+0	5	0111
1272,284	39,000	40,900	7,990E+1	0,000E+0	1,768E+2	1,765E+2	0,000E+0	3,622E-1	3,587E-1	0,000E+0	5	0111
1273,284	39,000	40,900	7,990E+1	0,000E+0	1,768E+2	1,765E+2	0,000E+0	3,622E-1	3,587E-1	0,000E+0	5	0111
1274,285	39,000	40,900	7,990E+1	0,000E+0	1,768E+2	1,765E+2	0,000E+0	3,622E-1	3,587E-1	0,000E+0	5	0111
1275,285	38,900	40,900	7,980E+1	0,000E+0	1,768E+2	1,765E+2	0,000E+0	3,618E-1	3,593E-1	0,000E+0	5	0111
1276,285	38,900	40,900	7,980E+1	0,000E+0	1,768E+2	1,765E+2	0,000E+0	3,618E-1	3,593E-1	0,000E+0	5	0111
1277,284	38,900	41,100	8,000E+1	0,000E+0	1,768E+2	1,768E+2	0,000E+0	3,615E-1	3,601E-1	0,000E+0	5	0111
1278,285	39,100	41,100	8,020E+1	0,000E+0	1,769E+2	1,767E+2	0,000E+0	3,626E-1	3,601E-1	0,000E+0	5	0111
1279,285	39,000	41,100	8,010E+1	0,000E+0	1,767E+2	1,767E+2	0,000E+0	3,615E-1	3,601E-1	0,000E+0	5	0111
1280,286	39,000	41,100	8,010E+1	0,000E+0	1,767E+2	1,767E+2	0,000E+0	3,615E-1	3,601E-1	0,000E+0	4	0111
1281,286	39,100	40,800	7,990E+1	0,000E+0	1,770E+2	1,769E+2	0,000E+0	3,623E-1	3,592E-1	0,000E+0	4	0111
1282,286	38,900	40,700	7,960E+1	0,000E+0	1,771E+2	1,769E+2	0,000E+0	3,608E-1	3,571E-1	0,000E+0	4	0111
1283,287	38,900	40,700	7,960E+1	0,000E+0	1,771E+2	1,769E+2	0,000E+0	3,608E-1	3,571E-1	0,000E+0	4	0111
1284,287	39,200	41,000	8,020E+1	0,000E+0	1,771E+2	1,765E+2	0,000E+0	3,646E-1	3,608E-1	0,000E+0	4	0111
1285,287	38,900	41,000	7,990E+1	0,000E+0	1,769E+2	1,768E+2	0,000E+0	3,618E-1	3,597E-1	0,000E+0	4	0111
1286,287	38,900	41,000	7,990E+1	0,000E+0	1,769E+2	1,768E+2	0,000E+0	3,618E-1	3,597E-1	0,000E+0	4	0111
1287,286	38,900	41,000	7,990E+1	0,000E+0	1,769E+2	1,768E+2	0,000E+0	3,618E-1	3,597E-1	0,000E+0	4	0111
1288,288	38,900	41,000	7,990E+1	0,000E+0	1,769E+2	1,768E+2	0,000E+0	3,618E-1	3,597E-1	0,000E+0	4	0111
1289,288	39,100	40,800	7,990E+1	0,000E+0	1,768E+2	1,764E+2	0,000E+0	3,623E-1	3,586E-1	0,000E+0	4	0111
1290,289	39,100	40,800	7,990E+1	0,000E+0	1,768E+2	1,764E+2	0,000E+0	3,623E-1	3,586E-1	0,000E+0	4	0111
1291,289	39,200	40,900	8,010E+1	0,000E+0	1,769E+2	1,766E+2	0,000E+0	3,634E-1	3,590E-1	0,000E+0	4	0111
1292,289	39,200	40,900	8,010E+1	0,000E+0	1,769E+2	1,766E+2	0,000E+0	3,634E-1	3,590E-1	0,000E+0	4	0111
1293,289	39,100	40,900	8,000E+1	0,000E+0	1,766E+2	1,769E+2	0,000E+0	3,620E-1	3,587E-1	0,000E+0	4	0111
1294,289	39,100	40,900	8,000E+1	0,000E+0	1,766E+2	1,769E+2	0,000E+0	3,620E-1	3,587E-1	0,000E+0	4	0111
1295,290	39,100	40,900	8,000E+1	0,000E+0	1,766E+2	1,769E+2	0,000E+0	3,620E-1	3,587E-1	0,000E+0	4	0111
1296,290	39,100	40,900	8,000E+1	0,000E+0	1,766E+2	1,769E+2	0,000E+0	3,620E-1	3,587E-1	0,000E+0	4	0111
1297,290	39,200	40,800	8,000E+1	0,000E+0	1,767E+2	1,764E+2	0,000E+0	3,636E-1	3,585E-1	0,000E+0	4	0111
1298,290	39,000	41,000	8,000E+1	0,000E+0	1,768E+2	1,765E+2	0,000E+0	3,628E-1	3,597E-1	0,000E+0	4	0111
1299,290	39,100	40,900	8,000E+1	0,000E+0	1,768E+2	1,767E+2	0,000E+0	3,626E-1	3,587E-1	0,000E+0	3	0111
1300,291	39,000	41,000	8,000E+1	0,000E+0	1,768E+2	1,766E+2	0,000E+0	3,622E-1	3,599E-1	0,000E+0	3	0111
1301,290	38,900	40,800	7,970E+1	0,000E+0	1,768E+2	1,765E+2	0,000E+0	3,619E-1	3,584E-1	0,000E+0	3	0111
1302,291	39,200	40,900	8,010E+1	0,000E+0	1,766E+2	1,764E+2	0,000E+0	3,634E-1	3,590E-1	0,000E+0	3	0111
1303,291	39,200	40,900	8,010E+1	0,000E+0	1,766E+2	1,764E+2	0,000E+0	3,634E-1	3,590E-1	0,000E+0	3	0111
1304,291	39,100	40,800	7,990E+1	0,000E+0	1,770E+2	1,768E+2	0,000E+0	3,625E-1	3,590E-1	0,000E+0	3	0111
1305,292	39,100	40,800	7,990E+1	0,000E+0	1,770E+2	1,768E+2	0,000E+0	3,625E-1	3,590E-1	0,000E+0	3	0111
1306,293	39,100	40,800	7,990E+1	0,000E+0	1,770E+2	1,768E+2	0,000E+0	3,625E-1	3,590E-1	0,000E+0	3	0111
1307,293	39,100	40,800	7,990E+1	0,000E+0	1,770E+2	1,768E+2	0,000E+0	3,625E-1	3,590E-1	0,000E+0	3	0111
1308,292	39,300	40,900	8,020E+1	0,000E+0	1,771E+2	1,765E+2	0,000E+0	3,648E-1	3,599E-1	0,000E+0	3	0111
1309,293	39,300	40,900	8,020E+1	0,000E+0	1,771E+2	1,765E+2	0,000E+0	3,648E-1	3,599E-1	0,000E+0	3	0111
1310,293	39,300	40,900	8,020E+1	0,000E+0	1,771E+2	1,765E+2	0,000E+0	3,648E-1	3,599E-1	0,000E+0	3	0111
1311,294	39,300	40,900	8,020E+1	0,000E+0	1,771E+2	1,765E+2	0,000E+0	3,648E-1	3,599E-1	0,000E+0	3	0111
1312,294	39,100	40,900	8,000E+1	0,000E+0	1,767E+2	1,767E+2	0,000E+0	3,619E-1	3,594E-1	0,000E+0	3	0111
1313,294	39,100	40,900	8,000E+1	0,000E+0	1,767E+2	1,767E+2	0,000E+0	3,619E-1	3,594E-1	0,000E+0	3	0111
1314,294	39,000	41,000	8,000E+1	0,000E+0	1,769E+2	1,767E+2	0,000E+0	3,625E-1	3,597E-1	0,000E+0	3	0111
1315,293	39,100	41,000	8,010E+1	0,000E+0	1,770E+2	1,766E+2	0,000E+0	3,631E-1	3,600E-1	0,000E+0	3	0111
1316,294	39,100	41,000	8,010E+1	0,000E+0	1,767E+2	1,766E+2	0,000E+0	3,631E-1	3,596E-1	0,000E+0	3	0111
1317,294	39,000	40,800	7,980E+1	0,000E+0	1,768E+2	1,767E+2	0,000E+0	3,624E-1	3,583E-1	0,000E+0	3	0111
1318,294	39,000	41,000	8,000E+1	0,000E+0	1,769E+2	1,766E+2	0,000E+0	3,628E-1	3,605E-1	0,000E+0	2	0111
1319,294	39,000	40,900	7,990E+1	0,000E+0	1,769E+2	1,768E+2	0,000E+0	3,620E-1	3,587E-1	0,000E+0	2	0111
1320,293	39,000	41,000	8,000E+1	0,000E+0	1,769E+2	1,768E+2	0,000E+0	3,626E-1	3,601E-1	0,000E+0	2	0111
1321,294	39,100	40,900	8,000E+1	0,000E+0	1,768E+2	1,765E+2	0,000E+0	3,621E-1	3,593E-1	0,000E+0	2	0111
1322,294	39,100	40,900	8,000E+1	0,000E+0	1,768E+2	1,765E+2	0,000E+0	3,621E-1	3,593E-1	0,000E+0	2	0111
1323,295	38,900	41,000	7,990E+1	0,000E+0	1,768E+2	1,766E+2	0,000E+0	3,623E-1	3,601E-1	0,000E+0	2	0111
1324,296	38,900	41,000	7,990E+1	0,000E+0	1,768E+2	1,766E+2	0,000E+0	3,623E-1	3,601E-1	0,000E+0	2	0111
1325,296	38,900	41,000	7,990E+1	0,000E+0	1,768E+2	1,766E+2	0,000E+0	3,623E-1	3,601E-1	0,000E+0	2	0111
1326,296	39,000	41,000	8,000E+1	0,000E+0	1,768E+2	1,767E+2	0,000E+0	3,619E-1	3,596E-1	0,000E+0	2	0111
1327,295	39,000	41,000	8,000E+1	0,000E+0	1,768E+2	1,767E+2	0,000E+0	3,619E-1	3,596E-1	0,000E+0	2	0111
1328,296	39,000	41,000	8,000E+1	0,000E+0	1,768E+2	1,767E+2	0,000E+0	3,619E-1	3,596E-1	0,000E+0	2	0111
1329,296	39,000	40,900	7,990E+1	0,000E+0	1,768E+2	1,766E+2	0,000E+0	3,619E-1	3,592E-1	0,000E+0	2	0111
1330,296	39,000	40,900	7,990E+1	0,000E+0	1,768E+2	1,766E+2	0,000E+0	3,619E-1	3,592E-1	0,000E+0	2	0111
1331,296	39,000	40,900	7,990E+1	0,000E+0	1,768E+2	1,766E+2	0,000E+0	3,619E-1	3,592E-1	0,000E+0	2	0111
1332,296	39,000	40,900	7,990E+1	0,000E+0	1,768E+2	1,766E+2	0,000E+0	3,619E-1	3,592E-1	0,000E+0	2	0111
1333,296	39,000	41,100	8,010E+1	0,000E+0	1,766E+2	1,768E+2	0,000E+0	3,626E-1	3,601E-1	0,000E+0	2	0111
1334,295	39,000	41,100	8,010E+1	0,000E+0	1,766E+2	1,768E+2	0,000E+0	3,626E-1	3,601E-1	0,000E+0	2	0111
1335,296	39,100	40,900	8,000E+1	0,000E+0	1,769E+2	1,766E+2	0,000E+0	3,628E-1	3,590E-1	0,000E+0	2	0111
1336,296	39,100	40,900	8,000E+1	0,000E+0	1,769E+2	1,766E+2	0,000E+0	3,628E-1	3,590E-1	0,000E+0	2	0111
1337,297	39,100	40,800	7,990E+1	0,000E+0	1,769E+2	1,767E+2	0,000E+0	3,628E-1	3,581E-1	0,000E+0	1	0111
1338,298	39,200	40,800	8,000E+1	0,000E+0	1,769E+2	1,765E+2	0,000E+0	3,636E-1	3,583E-1	0,000E+0	1	0111
1339,298	39,100	40,900	8,000E+1	0,000E+0	1,767E+2	1,764E+2	0,000E+0	3,632E-1	3,598E-1	0,000E+0	1	0111
1340,299	39,200	40,800	8,000E+1	0,000E+0	1,768E+2	1,764E+2	0,000E+0	3,633E-1	3,591E-1	0,000E+0	1	0111
1341,299	38,900	41,000	7,990E+1	0,000E+0	1,766E+2	1,767E+2	0,000E+0	3,623E-1	3,599E-1	0,000E+0	1	0111
1342,300	38,900	41,000	7,990E+1	0,000E+0	1,766E+2	1,767E+2	0,000E+0	3,623E-1	3,599E-1	0,000E+0	1	0111
1343,300	38,900	41,000	7,990E+1	0,000E+0	1,766E+2	1,767E+2	0,000E+0	3,623E-1	3,599E-1	0,000E+0	1	0111
1344,300	38,900	41,000	7,990E+1	0,000E+0	1,766E+2	1,767E+2	0,000E+0	3,623E-1	3,599E-1	0,000E+0	1	0111
1345,300	39,000	40,800	7,980E+1	0,000E+0	1,767E+2	1,765E+2	0,000E+0	3,625E-1	3,593E-1	0,000E+0	1	0111
1346,300	39,000	40,800	7,980E+1	0,000E+0	1,767E+2	1,765E+2	0,000E+0	3,625E-1	3,593E-1	0,000E+0	1	0111
1347,300	39,100	41,000	8,010E+1	0,000E+0	1,767E+2	1,764E+2	0,000E+0	3,631E-1	3,601E-1	0,000E+0	1	0111
1348,301	39,100	41,000	8,010E+1	0,000E+0	1,767E+2	1,764E+2	0,000E+0	3,631E-1	3,601E-1	0,000E+0	1	0111
1349,300	39,100	41,000	8,010E+1	0,000E+0	1,767E+2	1,764E+2	0,000E+0	3,631E-1	3,601E-1	0,000E+0	1	0111
1350,301	39,200	40,800	8,000E+1	0,000E+0	1,767E+2	1,764E+2	0,000E+0	3,631E-1	3,591E-1	0,000E+0	1	0111
1351,300	39,200	40,800	8,000E+1	0,000E+0	1,767E+2	1,764E+2	0,000E+0	3,631E-1	3,591E-1	0,000E+0	1	0111
1352,301	39,200	40,800	8,000E+1	0,000E+0	1,767E+2	1,764E+2	0,000E+0	3,631E-1	3,591E-1	0,000E+0	1	0111
1353,302	39,000	40,800	7,980E+1	0,000E+0	1,766E+2	1,765E+2	0,000E+0	3,621E-1	3,592E-1	0,000E+0	1	0111
1354,303	39,100	40,900	8,000E+1	0,000E+0	1,767E+2	1,764E+2	0,000E+0	3,628E-1	3,592E-1	0,000E+0	1	0111
1355,303	39,100	40,900	8,000E+1	0,000E+0	1,767E+2	1,765E+2	0,000E+0	3,629E-1	3,599E-1	0,000E+0	1	0111
1356,303	39,000	40,900	7,990E+1	0,000E+0	1,767E+2	1,765E+2	0,000E+0	3,627E-1	3,596E-1	0,000E+0	0	0111
1357,304	39,000	40,900	7,990E+1	0,000E+0	1,765E+2	1,762E+2	0,000E+0	3,630E-1	3,598E-1	0,000E+0	0	0111
1358,305	39,000	40,900	7,990E+1	0,000E+0	1,765E+2	1,762E+2	0,000E+0	3,630E-1	3,598E-1	0,000E+0	0	0111
1359,305	38,900	41,000	7,990E+1	0,000E+0	1,766E+2	1,765E+2	0,000E+0	3,620E-1	3,606E-1	0,000E+0	0	0111
1360,306	39,100	40,900	8,000E+1	0,000E+0	1,767E+2	1,765E+2	0,000E+0	3,628E-1	3,596E-1	0,000E+0	0	0111
1361,306	39,000	40,900	7,990E+1	0,000E+0	1,765E+2	1,764E+2	0,000E+0	3,623E-1	3,595E-1	0,000E+0	0	0111
1362,307	39,000	40,900	7,990E+1	0,000E+0	1,765E+2	1,764E+2	0,000E+0	3,623E-1	3,595E-1	0,000E+0	0	0111
1363,306	39,000	40,900	7,990E+1	0,000E+0	1,765E+2	1,764E+2	0,000E+0	3,623E-1	3,595E-1	0,000E+0	0	0111
1364,307	39,000	40,900	7,990E+1	0,000E+0	1,765E+2	1,764E+2	0,000E+0	3,623E-1	3,595E-1	0,000E+0	0	0111
1365,307	39,000	40,900	7,990E+1	0,000E+0	1,765E+2	1,764E+2	0,000E+0	3,623E-1	3,595E-1	0,000E+0	0	0111
1366,307	39,000	41,200	8,020E+1	0,000E+0	1,767E+2	1,766E+2	0,000E+0	3,634E-1	3,616E-1	0,000E+0	0	0111
1367,307	39,000	41,200	8,020E+1	0,000E+0	1,767E+2	1,766E+2	0,000E+0	3,634E-1	3,616E-1	0,000E+0	0	0111
1368,307	39,000	41,200	8,020E+1	0,000E+0	1,767E+2	1,766E+2	0,000E+0	3,634E-1	3,616E-1	0,000E+0	0	0111
1369,307	39,100	41,000	8,010E+1	0,000E+0	1,764E+2	1,766E+2	0,000E+0	3,631E-1	3,595E-1	0,000E+0	0	0111
1370,306	39,100	41,000	8,010E+1	0,000E+0	1,764E+2	1,766E+2	0,000E+0	3,631E-1	3,595E-1	0,000E+0	0	0111
1371,307	38,900	40,900	7,980E+1	0,000E+0	1,766E+2	1,762E+2	0,000E+0	3,624E-1	3,592E-1	0,000E+0	0	0111
1372,307	38,900	40,900	7,980E+1	0,000E+0	1,766E+2	1,762E+2	0,000E+0	3,624E-1	3,592E-1	0,000E+0	0	0111
1373,307	39,100	40,800	7,990E+1	0,000E+0	1,767E+2	1,763E+2	0,000E+0	3,637E-1	3,592E-1	0,000E+0	0	0111
1374,308	39,000	41,000	8,000E+1	0,000E+0	1,765E+2	1,765E+2	0,000E+0	3,627E-1	3,596E-1	0,000E+0	0	0111
1375,309	39,000	41,000	8,000E+1	0,000E+0	1,765E+2	1,765E+2	0,000E+0	3,627E-1	3,596E-1	0,000E+0	0	0111
1376,309	39,000	41,200	8,020E+1	0,000E+0	1,765E+2	1,765E+2	0,000E+0	3,640E-1	3,616E-1	0,000E+0	0	0111
1377,309	39,000	40,800	7,980E+1	0,000E+0	1,765E+2	1,764E+2	0,000E+0	3,621E-1	3,586E-1	0,000E+0	0	0111
1378,310	39,000	40,800	7,980E+1	0,000E+0	1,765E+2	1,764E+2	0,000E+0	3,621E-1	3,586E-1	0,000E+0	0	0111
1379,310	39,200	40,900	8,010E+1	0,000E+0	1,767E+2	1,764E+2	0,000E+0	3,636E-1	3,599E-1	0,000E+0	0	0111
1380,310	39,100	41,000	8,010E+1	0,000E+0	1,765E+2	1,764E+2	0,000E+0	3,623E-1	3,602E-1	0,000E+0	0	0111
1381,311	39,100	41,000	8,010E+1	0,000E+0	1,765E+2	1,764E+2	0,000E+0	3,623E-1	3,602E-1	0,000E+0	0	0111
1382,310	39,000	40,900	7,990E+1	0,000E+0	1,768E+2	1,764E+2	0,000E+0	3,618E-1	3,594E-1	0,000E+0	0	0111
1383,311	39,000	40,800	7,980E+1	0,000E+0	1,766E+2	1,765E+2	0,000E+0	3,619E-1	3,587E-1	0,000E+0	0	0111
1384,310	39,000	40,800	7,980E+1	0,000E+0	1,766E+2	1,765E+2	0,000E+0	3,619E-1	3,587E-1	0,000E+0	0	0111
1385,311	39,200	40,900	8,010E+1	0,000E+0	1,770E+2	1,766E+2	0,000E+0	3,631E-1	3,590E-1	0,000E+0	0	0111
1386,311	39,000	41,200	8,020E+1	0,000E+0	1,766E+2	1,766E+2	0,000E+0	3,629E-1	3,613E-1	0,000E+0	0	0111
1387,311	38,900	41,000	7,990E+1	0,000E+0	1,765E+2	1,766E+2	0,000E+0	3,623E-1	3,600E-1	0,000E+0	0	0111
1388,311	39,000	41,100	8,010E+1	0,000E+0	1,766E+2	1,763E+2	0,000E+0	3,626E-1	3,602E-1	0,000E+0	0	0111
1389,311	39,000	41,000	8,000E+1	0,000E+0	1,766E+2	1,765E+2	0,000E+0	3,620E-1	3,586E-1	0,000E+0	0	0111
1390,311	39,000	41,000	8,000E+1	0,000E+0	1,766E+2	1,765E+2	0,000E+0	3,620E-1	3,586E-1	0,000E+0	0	0111
1391,310	39,100	40,800	7,990E+1	0,000E+0	1,765E+2	1,764E+2	0,000E+0	3,629E-1	3,591E-1	0,000E+0	0	0111
1392,312	39,000	41,000	8,000E+1	0,000E+0	1,765E+2	1,766E+2	0,000E+0	3,623E-1	3,595E-1	0,000E+0	0	0111
1393,313	39,200	41,000	8,020E+1	0,000E+0	1,765E+2	1,765E+2	0,000E+0	3,648E-1	3,608E-1	0,000E+0	0	0111
1394,313	39,100	40,900	8,000E+1	0,000E+0	1,766E+2	1,762E+2	0,000E+0	3,636E-1	3,595E-1	0,000E+0	0	0111
1395,313	39,100	40,900	8,000E+1	0,000E+0	1,766E+2	1,763E+2	0,000E+0	3,632E-1	3,598E-1	0,000E+0	0	0111
1396,312	39,100	40,900	8,000E+1	0,000E+0	1,766E+2	1,764E+2	0,000E+0	3,621E-1	3,589E-1	0,000E+0	0	0111
1397,313	39,000	40,900	7,990E+1	0,000E+0	1,765E+2	1,764E+2	0,000E+0	3,626E-1	3,590E-1	0,000E+0	0	0111
1398,312	39,000	40,900	7,990E+1	0,000E+0	1,765E+2	1,762E+2	0,000E+0	3,626E-1	3,592E-1	0,000E+0	0	0111
1399,313	39,200	40,900	8,010E+1	0,000E+0	1,764E+2	1,764E+2	0,000E+0	3,633E-1	3,591E-1	0,000E+0	0	0111
1400,313	39,100	40,600	7,970E+1	0,000E+0	1,764E+2	1,764E+2	0,000E+0	3,624E-1	3,577E-1	0,000E+0	0	0111
1401,313	39,200	41,000	8,020E+1	0,000E+0	1,765E+2	1,764E+2	0,000E+0	3,634E-1	3,596E-1	0,000E+0	0	0111
1402,313	39,200	41,000	8,020E+1	0,000E+0	1,765E+2	1,764E+2	0,000E+0	3,634E-1	3,596E-1	0,000E+0	0	1000
1403,313	39,100	41,000	8,010E+1	0,000E+0	1,766E+2	1,764E+2	0,000E+0	3,634E-1	3,598E-1	0,000E+0	0	1000
1404,313	39,000	40,800	7,980E+1	0,000E+0	1,765E+2	1,763E+2	0,000E+0	3,627E-1	3,592E-1	0,000E+0	0	1000
1405,313	39,000	41,000	8,000E+1	0,000E+0	1,766E+2	1,763E+2	0,000E+0	3,624E-1	3,601E-1	0,000E+0	0	1000
1406,313	38,900	41,100	8,000E+1	0,000E+0	1,763E+2	1,765E+2	0,000E+0	3,627E-1	3,610E-1	0,000E+0	0	1000
1407,313	39,100	41,100	8,020E+1	0,000E+0	1,766E+2	1,765E+2	0,000E+0	3,635E-1	3,605E-1	0,000E+0	0	1000
1408,313	39,100	41,000	8,010E+1	0,000E+0	1,765E+2	1,765E+2	0,000E+0	3,635E-1	3,598E-1	0,000E+0	0	1000
1409,313	39,000	41,000	8,000E+1	0,000E+0	1,765E+2	1,762E+2	0,000E+0	3,627E-1	3,597E-1	0,000E+0	0	1000
1410,313	39,100	41,000	8,010E+1	0,000E+0	1,765E+2	1,764E+2	0,000E+0	3,634E-1	3,598E-1	0,000E+0	0	1000
1411,312	39,100	40,800	7,990E+1	0,000E+0	1,766E+2	1,762E+2	0,000E+0	3,636E-1	3,587E-1	0,000E+0	0	1000
1412,314	39,100	40,800	7,990E+1	0,000E+0	1,766E+2	1,762E+2	0,000E+0	3,636E-1	3,587E-1	0,000E+0	0	1000
1413,313	39,100	40,800	7,990E+1	0,000E+0	1,766E+2	1,762E+2	0,000E+0	3,636E-1	3,587E-1	0,000E+0	0	1000
1414,314	39,100	40,800	7,990E+1	0,000E+0	1,766E+2	1,762E+2	0,000E+0	3,636E-1	3,587E-1	0,000E+0	0	1000
1415,314	39,100	40,800	7,990E+1	0,000E+0	1,766E+2	1,762E+2	0,000E+0	3,636E-1	3,587E-1	0,000E+0	0	1000
1416,314	39,100	40,900	8,000E+1	0,000E+0	1,765E+2	1,762E+2	0,000E+0	3,640E-1	3,597E-1	0,000E+0	0	1000
1417,314	39,100	40,900	8,000E+1	0,000E+0	1,765E+2	1,762E+2	0,000E+0	3,640E-1	3,597E-1	0,000E+0	0	1000
1418,314	39,100	40,900	8,000E+1	0,000E+0	1,765E+2	1,762E+2	0,000E+0	3,640E-1	3,597E-1	0,000E+0	0	1000
1419,314	39,100	40,900	8,000E+1	0,000E+0	1,765E+2	1,762E+2	0,000E+0	3,640E-1	3,597E-1	0,000E+0	0	1000
1420,314	39,100	40,900	8,000E+1	0,000E+0	1,767E+2	1,763E+2	0,000E+0	3,625E-1	3,594E-1	0,000E+0	0	1000
1421,314	39,100	40,900	8,000E+1	0,000E+0	1,767E+2	1,763E+2	0,000E+0	3,625E-1	3,594E-1	0,000E+0	0	1000
1422,313	39,100	40,900	8,000E+1	0,000E+0	1,767E+2	1,763E+2	0,000E+0	3,625E-1	3,594E-1	0,000E+0	0	1000
1423,314	38,800	40,900	7,970E+1	0,000E+0	1,764E+2	1,766E+2	0,000E+0	3,609E-1	3,591E-1	0,000E+0	0	1000
1424,315	39,200	40,900	8,010E+1	0,000E+0	1,766E+2	1,764E+2	0,000E+0	3,640E-1	3,594E-1	0,000E+0	0	1000
1425,315	38,900	41,000	7,990E+1	0,000E+0	1,764E+2	1,764E+2	0,000E+0	3,617E-1	3,603E-1	0,000E+0	0	1000
1426,316	39,100	41,100	8,020E+1	0,000E+0	1,765E+2	1,765E+2	0,000E+0	3,630E-1	3,602E-1	0,000E+0	0	1000
1427,315	39,000	40,900	7,990E+1	0,000E+0	1,765E+2	1,763E+2	0,000E+0	3,625E-1	3,603E-1	0,000E+0	1	1000
1428,316	38,900	41,000	7,990E+1	0,000E+0	1,767E+2	1,765E+2	0,000E+0	3,622E-1	3,591E-1	0,000E+0	1	1000
1429,316	39,200	40,800	8,000E+1	0,000E+0	1,768E+2	1,763E+2	0,000E+0	3,637E-1	3,593E-1	0,000E+0	1	1000
1430,317	39,200	40,800	8,000E+1	0,000E+0	1,768E+2	1,763E+2	0,000E+0	3,637E-1	3,593E-1	0,000E+0	1	1000
1431,317	39,000	40,700	7,970E+1	0,000E+0	1,768E+2	1,765E+2	0,000E+0	3,616E-1	3,585E-1	0,000E+0	1	1000
1432,317	39,000	40,700	7,970E+1	0,000E+0	1,768E+2	1,765E+2	0,000E+0	3,616E-1	3,585E-1	0,000E+0	1	1000
1433,317	39,000	40,700	7,970E+1	0,000E+0	1,768E+2	1,765E+2	0,000E+0	3,616E-1	3,585E-1	0,000E+0	1	1000
1434,316	39,100	40,800	7,990E+1	0,000E+0	1,767E+2	1,765E+2	0,000E+0	3,624E-1	3,588E-1	0,000E+0	1	1000
1435,317	39,100	40,800	7,990E+1	0,000E+0	1,767E+2	1,765E+2	0,000E+0	3,624E-1	3,588E-1	0,000E+0	1	1000
1436,317	39,100	40,800	7,990E+1	0,000E+0	1,767E+2	1,765E+2	0,000E+0	3,624E-1	3,588E-1	0,000E+0	1	1000
1437,317	39,000	41,100	8,010E+1	0,000E+0	1,768E+2	1,764E+2	0,000E+0	3,634E-1	3,608E-1	0,000E+0	1	1000
1438,317	39,000	41,100	8,010E+1	0,000E+0	1,768E+2	1,764E+2	0,000E+0	3,634E-1	3,608E-1	0,000E+0	1	1000
1439,317	39,000	41,100	8,010E+1	0,000E+0	1,768E+2	1,764E+2	0,000E+0	3,634E-1	3,608E-1	0,000E+0	1	1000
1440,318	39,000	41,100	8,010E+1	0,000E+0	1,768E+2	1,764E+2	0,000E+0	3,634E-1	3,608E-1	0,000E+0	1	1000
1441,318	39,300	41,000	8,030E+1	0,000E+0	1,769E+2	1,765E+2	0,000E+0	3,645E-1	3,603E-1	0,000E+0	1	1000
1442,318	39,300	41,000	8,030E+1	0,000E+0	1,769E+2	1,765E+2	0,000E+0	3,645E-1	3,603E-1	0,000E+0	1	1000
1443,319	39,000	41,000	8,000E+1	0,000E+0	1,767E+2	1,764E+2	0,000E+0	3,623E-1	3,598E-1	0,000E+0	1	1000
1444,320	39,000	41,000	8,000E+1	0,000E+0	1,767E+2	1,764E+2	0,000E+0	3,623E-1	3,598E-1	0,000E+0	1	1000
1445,320	39,100	40,800	7,990E+1	0,000E+0	1,766E+2	1,766E+2	0,000E+0	3,630E-1	3,585E-1	0,000E+0	1	1000
1446,321	39,100	41,100	8,020E+1	0,000E+0	1,766E+2	1,767E+2	0,000E+0	3,631E-1	3,601E-1	0,000E+0	1	1000
1447,321	39,000	40,800	7,980E+1	0,000E+0	1,766E+2	1,765E+2	0,000E+0	3,628E-1	3,587E-1	0,000E+0	1	1000
1448,320	39,100	40,800	7,990E+1	0,000E+0	1,769E+2	1,769E+2	0,000E+0	3,625E-1	3,587E-1	0,000E+0	1	1000
1449,321	39,000	40,800	7,980E+1	0,000E+0	1,768E+2	1,766E+2	0,000E+0	3,633E-1	3,601E-1	0,000E+0	1	1000
1450,322	39,100	41,100	8,020E+1	0,000E+0	1,771E+2	1,768E+2	0,000E+0	3,631E-1	3,600E-1	0,000E+0	1	1000
1451,323	38,900	41,200	8,010E+1	0,000E+0	1,764E+2	1,766E+2	0,000E+0	3,621E-1	3,607E-1	0,000E+0	2	1000
1452,324	39,100	40,800	7,990E+1	0,000E+0	1,767E+2	1,764E+2	0,000E+0	3,629E-1	3,589E-1	0,000E+0	2	1000
1453,324	39,200	40,800	8,000E+1	0,000E+0	1,767E+2	1,764E+2	0,000E+0	3,633E-1	3,586E-1	0,000E+0	2	1000
1454,324	39,200	40,800	8,000E+1	0,000E+0	1,767E+2	1,764E+2	0,000E+0	3,633E-1	3,586E-1	0,000E+0	2	1000
1455,323	39,000	40,900	7,990E+1	0,000E+0	1,767E+2	1,766E+2	0,000E+0	3,620E-1	3,593E-1	0,000E+0	2	1000
1456,324	39,000	41,200	8,020E+1	0,000E+0	1,767E+2	1,766E+2	0,000E+0	3,629E-1	3,608E-1	0,000E+0	2	1000
1457,324	39,000	41,200	8,020E+1	0,000E+0	1,767E+2	1,766E+2	0,000E+0	3,629E-1	3,608E-1	0,000E+0	2	1000
1458,324	39,000	41,200	8,020E+1	0,000E+0	1,767E+2	1,766E+2	0,000E+0	3,629E-1	3,608E-1	0,000E+0	2	1000
1459,324	39,000	41,000	8,000E+1	0,000E+0	1,768E+2	1,767E+2	0,000E+0	3,618E-1	3,595E-1	0,000E+0	2	1000
1460,324	39,000	41,000	8,000E+1	0,000E+0	1,768E+2	1,767E+2	0,000E+0	3,618E-1	3,595E-1	0,000E+0	2	1000
1461,324	39,000	41,000	8,000E+1	0,000E+0	1,768E+2	1,767E+2	0,000E+0	3,618E-1	3,595E-1	0,000E+0	2	1000
1462,323	39,000	41,000	8,000E+1	0,000E+0	1,768E+2	1,767E+2	0,000E+0	3,618E-1	3,595E-1	0,000E+0	2	1000
1463,324	39,000	41,000	8,000E+1	0,000E+0	1,768E+2	1,766E+2	0,000E+0	3,618E-1	3,594E-1	0,000E+0	2	1000
1464,324	39,000	41,000	8,000E+1	0,000E+0	1,768E+2	1,766E+2	0,000E+0	3,618E-1	3,594E-1	0,000E+0	2	1000
1465,324	39,000	41,000	8,000E+1	0,000E+0	1,768E+2	1,766E+2	0,000E+0	3,618E-1	3,594E-1	0,000E+0	2	1000
1466,324	38,900	40,800	7,970E+1	0,000E+0	1,764E+2	1,766E+2	0,000E+0	3,614E-1	3,584E-1	0,000E+0	2	1000
1467,324	38,900	40,800	7,970E+1	0,000E+0	1,764E+2	1,766E+2	0,000E+0	3,614E-1	3,584E-1	0,000E+0	2	1000
1468,324	39,000	41,000	8,000E+1	0,000E+0	1,765E+2	1,764E+2	0,000E+0	3,630E-1	3,601E-1	0,000E+0	2	1000
1470,325	39,100	40,800	7,990E+1	0,000E+0	1,767E+2	1,766E+2	0,000E+0	3,625E-1	3,588E-1	0,000E+0	2	1000
1471,325	38,900	41,000	7,990E+1	0,000E+0	1,767E+2	1,768E+2	0,000E+0	3,616E-1	3,594E-1	0,000E+0	3	1000
1471,325	39,200	41,000	8,020E+1	0,000E+0	1,768E+2	1,764E+2	0,000E+0	3,637E-1	3,596E-1	0,000E+0	3	1000
1472,326	39,000	40,900	7,990E+1	0,000E+0	1,766E+2	1,763E+2	0,000E+0	3,623E-1	3,595E-1	0,000E+0	3	1000
1473,326	39,000	41,000	8,000E+1	0,000E+0	1,767E+2	1,765E+2	0,000E+0	3,626E-1	3,595E-1	0,000E+0	3	1000
1474,326	38,900	40,900	7,980E+1	0,000E+0	1,767E+2	1,765E+2	0,000E+0	3,622E-1	3,592E-1	0,000E+0	3	1000
1475,326	38,900	40,900	7,980E+1	0,000E+0	1,767E+2	1,765E+2	0,000E+0	3,622E-1	3,592E-1	0,000E+0	3	1000
1476,327	38,900	40,900	7,980E+1	0,000E+0	1,767E+2	1,765E+2	0,000E+0	3,622E-1	3,592E-1	0,000E+0	3	1000
1477,327	38,900	40,900	7,980E+1	0,000E+0	1,767E+2	1,765E+2	0,000E+0	3,622E-1	3,592E-1	0,000E+0	3	1000
1479,327	38,900	40,900	7,980E+1	0,000E+0	1,767E+2	1,765E+2	0,000E+0	3,622E-1	3,592E-1	0,000E+0	3	1000
1479,327	39,100	40,900	8,000E+1	0,000E+0	1,766E+2	1,763E+2	0,000E+0	3,626E-1	3,601E-1	0,000E+0	3	1000
1480,327	39,400	40,900	8,030E+1	0,000E+0	1,768E+2	1,767E+2	0,000E+0	3,641E-1	3,593E-1	0,000E+0	3	1000
1481,326	39,400	40,900	8,030E+1	0,000E+0	1,768E+2	1,767E+2	0,000E+0	3,641E-1	3,593E-1	0,000E+0	3	1000
1482,327	39,100	40,800	7,990E+1	0,000E+0	1,766E+2	1,766E+2	0,000E+0	3,626E-1	3,583E-1	0,000E+0	3	1000
1483,327	39,100	40,800	7,990E+1	0,000E+0	1,766E+2	1,766E+2	0,000E+0	3,626E-1	3,583E-1	0,000E+0	3	1000
1484,327	39,000	40,900	7,990E+1	0,000E+0	1,765E+2	1,767E+2	0,000E+0	3,618E-1	3,598E-1	0,000E+0	3	1000
1485,328	39,000	40,900	7,990E+1	0,000E+0	1,765E+2	1,767E+2	0,000E+0	3,618E-1	3,598E-1	0,000E+0	3	1000
1486,328	38,900	40,900	7,980E+1	0,000E+0	1,767E+2	1,765E+2	0,000E+0	3,620E-1	3,589E-1	0,000E+0	3	1000
1487,328	39,300	41,000	8,030E+1	0,000E+0	1,768E+2	1,764E+2	0,000E+0	3,643E-1	3,600E-1	0,000E+0	3	1000
1488,327	39,200	40,900	8,010E+1	0,000E+0	1,768E+2	1,768E+2	0,000E+0	3,639E-1	3,598E-1	0,000E+0	4	1000
1489,328	39,000	41,100	8,010E+1	0,000E+0	1,769E+2	1,767E+2	0,000E+0	3,620E-1	3,602E-1	0,000E+0	4	1000
1490,328	39,000	41,000	8,000E+1	0,000E+0	1,767E+2	1,767E+2	0,000E+0	3,625E-1	3,600E-1	0,000E+0	4	1000
1491,328	39,100	40,900	8,000E+1	0,000E+0	1,771E+2	1,767E+2	0,000E+0	3,637E-1	3,597E-1	0,000E+0	4	1000
1492,329	39,100	40,800	7,990E+1	0,000E+0	1,768E+2	1,765E+2	0,000E+0	3,629E-1	3,589E-1	0,000E+0	4	1000
1493,330	39,100	40,800	7,990E+1	0,000E+0	1,768E+2	1,765E+2	0,000E+0	3,629E-1	3,589E-1	0,000E+0	4	1000
1494,330	39,100	40,800	7,990E+1	0,000E+0	1,768E+2	1,765E+2	0,000E+0	3,629E-1	3,589E-1	0,000E+0	4	1000
1495,329	39,100	40,800	7,990E+1	0,000E+0	1,768E+2	1,765E+2	0,000E+0	3,629E-1	3,589E-1	0,000E+0	4	1000
1496,331	39,000	41,100	8,010E+1	0,000E+0	1,768E+2	1,767E+2	0,000E+0	3,622E-1	3,608E-1	0,000E+0	4	1000
1497,332	39,000	41,100	8,010E+1	0,000E+0	1,768E+2	1,767E+2	0,000E+0	3,622E-1	3,608E-1	0,000E+0	4	1000
1498,332	39,000	41,100	8,010E+1	0,000E+0	1,768E+2	1,767E+2	0,000E+0	3,622E-1	3,608E-1	0,000E+0	4	1000
1499,333	38,900	41,000	7,990E+1	0,000E+0	1,766E+2	1,767E+2	0,000E+0	3,615E-1	3,598E-1	0,000E+0	4	1000
1500,333	38,900	41,000	7,990E+1	0,000E+0	1,766E+2	1,767E+2	0,000E+0	3,615E-1	3,598E-1	0,000E+0	4	1000
1501,333	38,900	41,000	7,990E+1	0,000E+0	1,766E+2	1,767E+2	0,000E+0	3,615E-1	3,598E-1	0,000E+0	4	1000
1502,332	38,900	41,000	7,990E+1	0,000E+0	1,766E+2	1,767E+2	0,000E+0	3,615E-1	3,598E-1	0,000E+0	4	1000
1503,333	39,100	40,800	7,990E+1	0,000E+0	1,769E+2	1,766E+2	0,000E+0	3,625E-1	3,587E-1	0,000E+0	4	1000
1504,333	39,200	40,900	8,010E+1	0,000E+0	1,769E+2	1,767E+2	0,000E+0	3,633E-1	3,592E-1	0,000E+0	4	1000
1505,333	39,100	40,900	8,000E+1	0,000E+0	1,772E+2	1,772E+2	0,000E+0	3,628E-1	3,591E-1	0,000E+0	4	1000
1506,333	39,100	40,900	8,000E+1	0,000E+0	1,772E+2	1,772E+2	0,000E+0	3,628E-1	3,591E-1	0,000E+0	5	1000
1507,332	39,000	40,900	7,990E+1	0,000E+0	1,771E+2	1,768E+2	0,000E+0	3,623E-1	3,585E-1	0,000E+0	5	1000
1508,334	39,100	40,800	7,990E+1	0,000E+0	1,770E+2	1,767E+2	0,000E+0	3,625E-1	3,587E-1	0,000E+0	5	1000
1509,334	39,100	41,100	8,020E+1	0,000E+0	1,769E+2	1,768E+2	0,000E+0	3,637E-1	3,613E-1	0,000E+0	5	1000
1510,334	38,900	41,000	7,990E+1	0,000E+0	1,766E+2	1,767E+2	0,000E+0	3,617E-1	3,604E-1	0,000E+0	5	1000
1511,334	38,900	41,000	7,990E+1	0,000E+0	1,766E+2	1,767E+2	0,000E+0	3,617E-1	3,604E-1	0,000E+0	5	1000
1512,334	38,900	41,000	7,990E+1	0,000E+0	1,766E+2	1,767E+2	0,000E+0	3,617E-1	3,604E-1	0,000E+0	5	1000
1513,334	39,100	40,900	8,000E+1	0,000E+0	1,769E+2	1,766E+2	0,000E+0	3,638E-1	3,598E-1	0,000E+0	5	1000
1514,335	39,100	40,900	8,000E+1	0,000E+0	1,769E+2	1,766E+2	0,000E+0	3,638E-1	3,598E-1	0,000E+0	5	1000
1515,335	39,100	41,000	8,010E+1	0,000E+0	1,769E+2	1,768E+2	0,000E+0	3,632E-1	3,590E-1	0,000E+0	5	1000
1516,335	39,100	41,000	8,010E+1	0,000E+0	1,769E+2	1,768E+2	0,000E+0	3,632E-1	3,590E-1	0,000E+0	5	1000
1517,336	39,100	41,000	8,010E+1	0,000E+0	1,769E+2	1,768E+2	0,000E+0	3,632E-1	3,590E-1	0,000E+0	5	1000
1518,336	39,100	41,000	8,010E+1	0,000E+0	1,769E+2	1,768E+2	0,000E+0	3,632E-1	3,590E-1	0,000E+0	5	1000
1519,336	39,000	40,900	7,990E+1	0,000E+0	1,770E+2	1,768E+2	0,000E+0	3,622E-1	3,586E-1	0,000E+0	5	1000
1520,336	39,000	41,000	8,000E+1	0,000E+0	1,768E+2	1,766E+2	0,000E+0	3,624E-1	3,607E-1	0,000E+0	5	1000
1521,335	39,000	41,000	8,000E+1	0,000E+0	1,768E+2	1,766E+2	0,000E+0	3,624E-1	3,607E-1	0,000E+0	5	1000
1522,336	39,100	40,800	7,990E+1	0,000E+0	1,766E+2	1,766E+2	0,000E+0	3,626E-1	3,587E-1	0,000E+0	5	1000
1523,336	39,000	41,000	8,000E+1	0,000E+0	1,769E+2	1,767E+2	0,000E+0	3,626E-1	3,602E-1	0,000E+0	5	1000
1524,337	39,000	41,000	8,000E+1	0,000E+0	1,769E+2	1,767E+2	0,000E+0	3,626E-1	3,602E-1	0,000E+0	6	1000
1525,337	39,100	41,200	8,030E+1	0,000E+0	1,768E+2	1,766E+2	0,000E+0	3,639E-1	3,608E-1	0,000E+0	6	1000
1526,337	38,900	40,800	7,970E+1	0,000E+0	1,768E+2	1,764E+2	0,000E+0	3,617E-1	3,589E-1	0,000E+0	6	1000
1527,337	39,200	41,000	8,020E+1	0,000E+0	1,769E+2	1,767E+2	0,000E+0	3,643E-1	3,604E-1	0,000E+0	6	1000
1528,337	38,900	40,700	7,960E+1	0,000E+0	1,767E+2	1,766E+2	0,000E+0	3,608E-1	3,578E-1	0,000E+0	6	1000
1529,337	39,300	40,900	8,020E+1	0,000E+0	1,769E+2	1,767E+2	0,000E+0	3,632E-1	3,593E-1	0,000E+0	6	1000
1530,336	39,300	40,900	8,020E+1	0,000E+0	1,769E+2	1,767E+2	0,000E+0	3,632E-1	3,593E-1	0,000E+0	6	1000
1531,338	39,300	40,900	8,020E+1	0,000E+0	1,769E+2	1,767E+2	0,000E+0	3,632E-1	3,593E-1	0,000E+0	6	1000
1532,338	39,300	40,900	8,020E+1	0,000E+0	1,769E+2	1,767E+2	0,000E+0	3,632E-1	3,593E-1	0,000E+0	6	1000
1533,338	38,900	41,000	7,990E+1	0,000E+0	1,771E+2	1,771E+2	0,000E+0	3,614E-1	3,594E-1	0,000E+0	6	1000
1534,338	38,900	41,000	7,990E+1	0,000E+0	1,771E+2	1,771E+2	0,000E+0	3,614E-1	3,594E-1	0,000E+0	6	1000
1535,338	38,900	41,000	7,990E+1	0,000E+0	1,771E+2	1,771E+2	0,000E+0	3,614E-1	3,594E-1	0,000E+0	6	1000
1536,338	38,900	41,000	7,990E+1	0,000E+0	1,771E+2	1,771E+2	0,000E+0	3,614E-1	3,594E-1	0,000E+0	6	1000
1537,338	39,100	40,800	7,990E+1	0,000E+0	1,768E+2	1,766E+2	0,000E+0	3,628E-1	3,591E-1	0,000E+0	6	1000
1538,339	39,100	40,800	7,990E+1	0,000E+0	1,768E+2	1,766E+2	0,000E+0	3,628E-1	3,591E-1	0,000E+0	6	1000
1539,339	39,100	40,800	7,990E+1	0,000E+0	1,768E+2	1,766E+2	0,000E+0	3,628E-1	3,591E-1	0,000E+0	6	1000
1540,339	38,900	40,900	7,980E+1	0,000E+0	1,768E+2	1,766E+2	0,000E+0	3,619E-1	3,592E-1	0,000E+0	6	1000
1541,339	39,100	40,900	8,000E+1	0,000E+0	1,771E+2	1,766E+2	0,000E+0	3,630E-1	3,594E-1	0,000E+0	6	1000
1542,340	39,000	41,000	8,000E+1	0,000E+0	1,766E+2	1,766E+2	0,000E+0	3,625E-1	3,603E-1	0,000E+0	6	1000
1543,341	39,100	41,000	8,010E+1	0,000E+0	1,770E+2	1,766E+2	0,000E+0	3,629E-1	3,597E-1	0,000E+0	6	1000
1544,340	39,100	41,000	8,010E+1	0,000E+0	1,768E+2	1,767E+2	0,000E+0	3,632E-1	3,597E-1	0,000E+0	7	1000
1545,341	39,100	41,000	8,010E+1	0,000E+0	1,768E+2	1,767E+2	0,000E+0	3,632E-1	3,597E-1	0,000E+0	7	1000
1546,341	39,100	41,000	8,010E+1	0,000E+0	1,768E+2	1,767E+2	0,000E+0	3,632E-1	3,597E-1	0,000E+0	7	1000
1547,341	39,000	41,000	8,000E+1	0,000E+0	1,767E+2	1,766E+2	0,000E+0	3,623E-1	3,603E-1	0,000E+0	7	1000
1548,342	39,000	40,800	7,980E+1	0,000E+0	1,768E+2	1,766E+2	0,000E+0	3,620E-1	3,588E-1	0,000E+0	7	1000
1549,341	39,300	41,000	8,030E+1	0,000E+0	1,771E+2	1,767E+2	0,000E+0	3,642E-1	3,593E-1	0,000E+0	7	1000
1550,342	39,300	41,000	8,030E+1	0,000E+0	1,771E+2	1,767E+2	0,000E+0	3,642E-1	3,593E-1	0,000E+0	7	1000
1551,342	39,300	41,000	8,030E+1	0,000E+0	1,771E+2	1,767E+2	0,000E+0	3,642E-1	3,593E-1	0,000E+0	7	1000
1552,343	39,300	41,000	8,030E+1	0,000E+0	1,771E+2	1,767E+2	0,000E+0	3,642E-1	3,593E-1	0,000E+0	7	1000
1553,343	39,000	40,800	7,980E+1	0,000E+0	1,769E+2	1,767E+2	0,000E+0	3,617E-1	3,587E-1	0,000E+0	7	1000
1554,343	39,000	40,800	7,980E+1	0,000E+0	1,769E+2	1,767E+2	0,000E+0	3,617E-1	3,587E-1	0,000E+0	7	1000
1555,343	39,000	40,800	7,980E+1	0,000E+0	1,769E+2	1,767E+2	0,000E+0	3,617E-1	3,587E-1	0,000E+0	7	1000
1556,342	39,000	40,700	7,970E+1	0,000E+0	1,770E+2	1,766E+2	0,000E+0	3,618E-1	3,579E-1	0,000E+0	7	1000
1557,343	39,000	40,700	7,970E+1	0,000E+0	1,770E+2	1,766E+2	0,000E+0	3,618E-1	3,579E-1	0,000E+0	7	1000
1558,343	39,100	40,800	7,990E+1	0,000E+0	1,770E+2	1,768E+2	0,000E+0	3,624E-1	3,581E-1	0,000E+0	7	1000
1559,343	39,100	40,800	7,990E+1	0,000E+0	1,770E+2	1,768E+2	0,000E+0	3,624E-1	3,581E-1	0,000E+0	7	1000
1560,343	39,100	40,900	8,000E+1	0,000E+0	1,768E+2	1,767E+2	0,000E+0	3,624E-1	3,587E-1	0,000E+0	7	1000
1561,344	39,000	41,000	8,000E+1	0,000E+0	1,767E+2	1,767E+2	0,000E+0	3,632E-1	3,599E-1	0,000E+0	7	1000
1562,344	39,200	40,900	8,010E+1	0,000E+0	1,767E+2	1,767E+2	0,000E+0	3,631E-1	3,593E-1	0,000E+0	7	1000
1563,345	39,100	41,000	8,010E+1	0,000E+0	1,767E+2	1,766E+2	0,000E+0	3,631E-1	3,600E-1	0,000E+0	7	1000
1564,345	39,100	40,700	7,980E+1	0,000E+0	1,768E+2	1,765E+2	0,000E+0	3,629E-1	3,580E-1	0,000E+0	7	1000
1565,345	39,000	41,100	8,010E+1	0,000E+0	1,769E+2	1,767E+2	0,000E+0	3,626E-1	3,601E-1	0,000E+0	7	1000
1566,345	39,100	40,800	7,990E+1	0,000E+0	1,766E+2	1,765E+2	0,000E+0	3,627E-1	3,584E-1	0,000E+0	7	1000
1567,347	39,100	40,800	7,990E+1	0,000E+0	1,768E+2	1,764E+2	0,000E+0	3,629E-1	3,587E-1	0,000E+0	7	1001
1568,347	39,200	40,900	8,010E+1	0,000E+0	1,766E+2	1,765E+2	0,000E+0	3,640E-1	3,593E-1	0,000E+0	7	1001
1569,347	39,000	40,800	7,980E+1	0,000E+0	1,767E+2	1,766E+2	0,000E+0	3,624E-1	3,593E-1	0,000E+0	7	1001
1570,347	39,000	41,200	8,020E+1	0,000E+0	1,767E+2	1,766E+2	0,000E+0	3,624E-1	3,610E-1	0,000E+0	7	1001
1571,347	39,000	40,800	7,980E+1	0,000E+0	1,768E+2	1,765E+2	0,000E+0	3,620E-1	3,591E-1	0,000E+0	7	1001
1572,347	39,200	40,800	8,000E+1	0,000E+0	1,769E+2	1,764E+2	0,000E+0	3,630E-1	3,588E-1	0,000E+0	7	1001
1573,346	39,100	41,000	8,010E+1	0,000E+0	1,767E+2	1,765E+2	0,000E+0	3,630E-1	3,595E-1	0,000E+0	7	1001
1574,348	39,100	41,100	8,020E+1	0,000E+0	1,768E+2	1,765E+2	0,000E+0	3,636E-1	3,613E-1	0,000E+0	7	1001
1575,348	39,100	40,800	7,990E+1	0,000E+0	1,768E+2	1,766E+2	0,000E+0	3,625E-1	3,588E-1	0,000E+0	7	1001
1576,349	39,100	40,800	7,990E+1	0,000E+0	1,768E+2	1,766E+2	0,000E+0	3,625E-1	3,588E-1	0,000E+0	7	1001
1577,349	38,900	40,900	7,980E+1	0,000E+0	1,766E+2	1,765E+2	0,000E+0	3,625E-1	3,597E-1	0,000E+0	7	1001
1578,349	38,900	40,900	7,980E+1	0,000E+0	1,766E+2	1,765E+2	0,000E+0	3,625E-1	3,597E-1	0,000E+0	7	1001
1579,349	38,900	40,900	7,980E+1	0,000E+0	1,766E+2	1,765E+2	0,000E+0	3,625E-1	3,597E-1	0,000E+0	7	1001
1580,348	39,200	41,000	8,020E+1	0,000E+0	1,768E+2	1,765E+2	0,000E+0	3,642E-1	3,601E-1	0,000E+0	7	1001
1581,349	39,200	41,000	8,020E+1	0,000E+0	1,768E+2	1,765E+2	0,000E+0	3,642E-1	3,601E-1	0,000E+0	7	1001
1582,349	39,000	41,000	8,000E+1	0,000E+0	1,767E+2	1,766E+2	0,000E+0	3,622E-1	3,600E-1	0,000E+0	7	1001
1583,349	39,000	41,000	8,000E+1	0,000E+0	1,767E+2	1,766E+2	0,000E+0	3,622E-1	3,600E-1	0,000E+0	7	1001
1584,349	39,000	41,000	8,000E+1	0,000E+0	1,767E+2	1,766E+2	0,000E+0	3,622E-1	3,600E-1	0,000E+0	7	1001
1585,350	39,000	40,800	7,980E+1	0,000E+0	1,767E+2	1,764E+2	0,000E+0	3,618E-1	3,585E-1	0,000E+0	7	1001
1586,351	39,000	40,800	7,980E+1	0,000E+0	1,767E+2	1,764E+2	0,000E+0	3,618E-1	3,585E-1	0,000E+0	7	1001
1587,350	39,000	40,800	7,980E+1	0,000E+0	1,767E+2	1,764E+2	0,000E+0	3,618E-1	3,585E-1	0,000E+0	7	1001
1588,352	39,000	40,800	7,980E+1	0,000E+0	1,767E+2	1,764E+2	0,000E+0	3,618E-1	3,585E-1	0,000E+0	7	1001
1589,352	39,200	41,000	8,020E+1	0,000E+0	1,769E+2	1,768E+2	0,000E+0	3,649E-1	3,608E-1	0,000E+0	7	1001
1590,352	39,100	40,900	8,000E+1	0,000E+0	1,768E+2	1,766E+2	0,000E+0	3,621E-1	3,593E-1	0,000E+0	7	1001
1591,352	39,100	40,800	7,990E+1	0,000E+0	1,769E+2	1,765E+2	0,000E+0	3,635E-1	3,593E-1	0,000E+0	7	1001
1592,353	39,100	40,800	7,990E+1	0,000E+0	1,769E+2	1,765E+2	0,000E+0	3,635E-1	3,593E-1	0,000E+0	7	1001
1593,354	39,200	41,100	8,030E+1	0,000E+0	1,769E+2	1,765E+2	0,000E+0	3,636E-1	3,606E-1	0,000E+0	6	1001
1594,353	39,100	40,700	7,980E+1	0,000E+0	1,767E+2	1,765E+2	0,000E+0	3,621E-1	3,577E-1	0,000E+0	6	1001
1595,354	39,300	40,900	8,020E+1	0,000E+0	1,770E+2	1,766E+2	0,000E+0	3,645E-1	3,597E-1	0,000E+0	6	1001
1596,354	39,000	40,800	7,980E+1	0,000E+0	1,768E+2	1,767E+2	0,000E+0	3,626E-1	3,586E-1	0,000E+0	6	1001
1597,354	39,100	41,100	8,020E+1	0,000E+0	1,769E+2	1,766E+2	0,000E+0	3,640E-1	3,609E-1	0,000E+0	6	1001
1598,354	39,100	41,100	8,020E+1	0,000E+0	1,769E+2	1,766E+2	0,000E+0	3,640E-1	3,609E-1	0,000E+0	6	1001
1599,353	39,100	41,100	8,020E+1	0,000E+0	1,769E+2	1,766E+2	0,000E+0	3,640E-1	3,609E-1	0,000E+0	6	1001
1600,354	39,100	41,100	8,020E+1	0,000E+0	1,769E+2	1,766E+2	0,000E+0	3,640E-1	3,609E-1	0,000E+0	6	1001
1601,354	39,100	41,100	8,020E+1	0,000E+0	1,769E+2	1,766E+2	0,000E+0	3,640E-1	3,609E-1	0,000E+0	6	1001
1602,355	39,100	41,100	8,020E+1	0,000E+0	1,769E+2	1,766E+2	0,000E+0	3,640E-1	3,609E-1	0,000E+0	6	1001
1603,356	38,900	40,800	7,970E+1	0,000E+0	1,768E+2	1,765E+2	0,000E+0	3,622E-1	3,584E-1	0,000E+0	6	1001
1604,357	38,900	40,800	7,970E+1	0,000E+0	1,768E+2	1,765E+2	0,000E+0	3,622E-1	3,584E-1	0,000E+0	6	1001
1605,357	39,200	40,900	8,010E+1	0,000E+0	1,768E+2	1,764E+2	0,000E+0	3,644E-1	3,598E-1	0,000E+0	6	1001
1606,357	39,200	40,900	8,010E+1	0,000E+0	1,768E+2	1,764E+2	0,000E+0	3,644E-1	3,598E-1	0,000E+0	6	1001
1607,357	39,200	40,900	8,010E+1	0,000E+0	1,768E+2	1,764E+2	0,000E+0	3,644E-1	3,598E-1	0,000E+0	6	1001
1608,357	39,000	41,000	8,000E+1	0,000E+0	1,767E+2	1,765E+2	0,000E+0	3,630E-1	3,603E-1	0,000E+0	6	1001
1609,357	39,100	40,800	7,990E+1	0,000E+0	1,769E+2	1,764E+2	0,000E+0	3,631E-1	3,592E-1	0,000E+0	6	1001
1610,358	39,000	40,900	7,990E+1	0,000E+0	1,767E+2	1,764E+2	0,000E+0	3,625E-1	3,597E-1	0,000E+0	5	1001
1611,358	39,000	41,100	8,010E+1	0,000E+0	1,765E+2	1,768E+2	0,000E+0	3,628E-1	3,608E-1	0,000E+0	5	1001
1612,358	39,000	40,900	7,990E+1	0,000E+0	1,767E+2	1,766E+2	0,000E+0	3,623E-1	3,587E-1	0,000E+0	5	1001
1613,358	39,100	40,900	8,000E+1	0,000E+0	1,766E+2	1,764E+2	0,000E+0	3,634E-1	3,597E-1	0,000E+0	5	1001
1614,359	39,100	41,200	8,030E+1	0,000E+0	1,767E+2	1,765E+2	0,000E+0	3,632E-1	3,608E-1	0,000E+0	5	1001
1615,359	39,100	41,200	8,030E+1	0,000E+0	1,767E+2	1,765E+2	0,000E+0	3,632E-1	3,608E-1	0,000E+0	5	1001
1616,359	39,100	41,200	8,030E+1	0,000E+0	1,767E+2	1,765E+2	0,000E+0	3,632E-1	3,608E-1	0,000E+0	5	1001
1617,359	39,100	41,200	8,030E+1	0,000E+0	1,767E+2	1,765E+2	0,000E+0	3,632E-1	3,608E-1	0,000E+0	5	1001
1618,359	39,000	41,000	8,000E+1	0,000E+0	1,767E+2	1,767E+2	0,000E+0	3,624E-1	3,600E-1	0,000E+0	5	1001
1619,359	39,000	41,000	8,000E+1	0,000E+0	1,767E+2	1,767E+2	0,000E+0	3,624E-1	3,600E-1	0,000E+0	5	1001
1620,359	39,000	41,000	8,000E+1	0,000E+0	1,767E+2	1,767E+2	0,000E+0	3,624E-1	3,600E-1	0,000E+0	5	1001
1621,359	39,000	40,700	7,970E+1	0,000E+0	1,766E+2	1,762E+2	0,000E+0	3,623E-1	3,587E-1	0,000E+0	5	1001
1622,359	39,000	40,700	7,970E+1	0,000E+0	1,766E+2	1,762E+2	0,000E+0	3,623E-1	3,587E-1	0,000E+0	5	1001
1623,359	39,000	40,700	7,970E+1	0,000E+0	1,766E+2	1,762E+2	0,000E+0	3,623E-1	3,587E-1	0,000E+0	5	1001
1624,359	39,000	40,700	7,970E+1	0,000E+0	1,766E+2	1,762E+2	0,000E+0	3,623E-1	3,587E-1	0,000E+0	5	1001
1625,360	39,200	40,800	8,000E+1	0,000E+0	1,767E+2	1,765E+2	0,000E+0	3,636E-1	3,589E-1	0,000E+0	5	1001
1626,361	39,100	41,200	8,030E+1	0,000E+0	1,767E+2	1,766E+2	0,000E+0	3,631E-1	3,609E-1	0,000E+0	5	1001
1627,361	39,000	40,800	7,980E+1	0,000E+0	1,767E+2	1,764E+2	0,000E+0	3,629E-1	3,586E-1	0,000E+0	5	1001
1628,360	39,100	41,000	8,010E+1	0,000E+0	1,767E+2	1,764E+2	0,000E+0	3,630E-1	3,605E-1	0,000E+0	5	1001
1629,362	39,100	41,000	8,010E+1	0,000E+0	1,767E+2	1,764E+2	0,000E+0	3,630E-1	3,605E-1	0,000E+0	5	1001
1630,362	38,900	40,900	7,980E+1	0,000E+0	1,766E+2	1,765E+2	0,000E+0	3,617E-1	3,590E-1	0,000E+0	5	1001
1631,362	38,900	40,900	7,980E+1	0,000E+0	1,766E+2	1,765E+2	0,000E+0	3,617E-1	3,590E-1	0,000E+0	5	1001
1632,362	39,200	40,800	8,000E+1	0,000E+0	1,766E+2	1,766E+2	0,000E+0	3,630E-1	3,587E-1	0,000E+0	5	1001
1633,362	39,200	40,800	8,000E+1	0,000E+0	1,766E+2	1,766E+2	0,000E+0	3,630E-1	3,587E-1	0,000E+0	5	1001
1634,362	39,100	40,700	7,980E+1	0,000E+0	1,766E+2	1,763E+2	0,000E+0	3,634E-1	3,586E-1	0,000E+0	5	1001
1635,362	39,200	41,100	8,030E+1	0,000E+0	1,766E+2	1,767E+2	0,000E+0	3,634E-1	3,602E-1	0,000E+0	5	1001
1636,363	39,200	40,700	7,990E+1	0,000E+0	1,768E+2	1,764E+2	0,000E+0	3,636E-1	3,585E-1	0,000E+0	4	1001
1637,364	39,200	40,800	8,000E+1	0,000E+0	1,768E+2	1,766E+2	0,000E+0	3,638E-1	3,591E-1	0,000E+0	4	1001
1638,364	39,100	40,700	7,980E+1	0,000E+0	1,767E+2	1,766E+2	0,000E+0	3,628E-1	3,589E-1	0,000E+0	4	1001
1639,364	39,000	40,800	7,980E+1	0,000E+0	1,767E+2	1,766E+2	0,000E+0	3,629E-1	3,589E-1	0,000E+0	4	1001
1640,364	39,000	41,000	8,000E+1	0,000E+0	1,768E+2	1,764E+2	0,000E+0	3,630E-1	3,601E-1	0,000E+0	4	1001
1641,364	39,000	41,000	8,000E+1	0,000E+0	1,768E+2	1,764E+2	0,000E+0	3,630E-1	3,601E-1	0,000E+0	4	1001
1642,363	39,000	41,000	8,000E+1	0,000E+0	1,768E+2	1,764E+2	0,000E+0	3,630E-1	3,601E-1	0,000E+0	4	1001
1643,365	39,000	41,000	8,000E+1	0,000E+0	1,768E+2	1,764E+2	0,000E+0	3,630E-1	3,601E-1	0,000E+0	4	1001
1644,365	39,000	41,000	8,000E+1	0,000E+0	1,768E+2	1,764E+2	0,000E+0	3,630E-1	3,601E-1	0,000E+0	4	1001
1645,365	39,100	40,800	7,990E+1	0,000E+0	1,768E+2	1,764E+2	0,000E+0	3,626E-1	3,588E-1	0,000E+0	4	1001
1646,365	39,100	40,800	7,990E+1	0,000E+0	1,768E+2	1,764E+2	0,000E+0	3,626E-1	3,588E-1	0,000E+0	4	1001
1647,365	39,100	40,800	7,990E+1	0,000E+0	1,768E+2	1,764E+2	0,000E+0	3,626E-1	3,588E-1	0,000E+0	4	1001
1648,366	39,100	40,800	7,990E+1	0,000E+0	1,768E+2	1,764E+2	0,000E+0	3,626E-1	3,588E-1	0,000E+0	4	1001
1649,365	39,100	40,800	7,990E+1	0,000E+0	1,768E+2	1,764E+2	0,000E+0	3,626E-1	3,588E-1	0,000E+0	4	1001
1650,366	39,100	40,800	7,990E+1	0,000E+0	1,768E+2	1,764E+2	0,000E+0	3,626E-1	3,588E-1	0,000E+0	4	1001
1651,366	39,000	41,200	8,020E+1	0,000E+0	1,764E+2	1,765E+2	0,000E+0	3,633E-1	3,622E-1	0,000E+0	4	1001
1652,367	39,000	41,100	8,010E+1	0,000E+0	1,768E+2	1,764E+2	0,000E+0	3,631E-1	3,613E-1	0,000E+0	4	1001
1653,367	39,100	40,900	8,000E+1	0,000E+0	1,766E+2	1,766E+2	0,000E+0	3,632E-1	3,596E-1	0,000E+0	3	1001
1654,366	39,200	40,900	8,010E+1	0,000E+0	1,767E+2	1,764E+2	0,000E+0	3,637E-1	3,598E-1	0,000E+0	3	1001
1655,367	39,100	40,800	7,990E+1	0,000E+0	1,765E+2	1,766E+2	0,000E+0	3,637E-1	3,587E-1	0,000E+0	3	1001
1656,367	38,800	41,100	7,990E+1	0,000E+0	1,764E+2	1,764E+2	0,000E+0	3,624E-1	3,606E-1	0,000E+0	3	1001
1657,367	38,800	41,100	7,990E+1	0,000E+0	1,764E+2	1,764E+2	0,000E+0	3,624E-1	3,606E-1	0,000E+0	3	1001
1658,367	39,100	40,900	8,000E+1	0,000E+0	1,766E+2	1,763E+2	0,000E+0	3,634E-1	3,600E-1	0,000E+0	3	1001
1659,367	39,100	40,900	8,000E+1	0,000E+0	1,766E+2	1,763E+2	0,000E+0	3,634E-1	3,600E-1	0,000E+0	3	1001
1660,367	39,300	40,900	8,020E+1	0,000E+0	1,767E+2	1,766E+2	0,000E+0	3,638E-1	3,598E-1	0,000E+0	3	1001
1661,367	39,300	40,900	8,020E+1	0,000E+0	1,767E+2	1,766E+2	0,000E+0	3,638E-1	3,598E-1	0,000E+0	3	1001
1662,367	39,300	40,900	8,020E+1	0,000E+0	1,767E+2	1,766E+2	0,000E+0	3,638E-1	3,598E-1	0,000E+0	3	1001
1663,368	39,000	41,000	8,000E+1	0,000E+0	1,765E+2	1,766E+2	0,000E+0	3,625E-1	3,594E-1	0,000E+0	3	1001
1664,368	39,000	41,000	8,000E+1	0,000E+0	1,765E+2	1,766E+2	0,000E+0	3,625E-1	3,594E-1	0,000E+0	3	1001
1665,368	39,000	41,000	8,000E+1	0,000E+0	1,765E+2	1,766E+2	0,000E+0	3,625E-1	3,594E-1	0,000E+0	3	1001
1666,368	39,000	41,000	8,000E+1	0,000E+0	1,765E+2	1,766E+2	0,000E+0	3,625E-1	3,594E-1	0,000E+0	3	1001
1667,369	39,100	40,900	8,000E+1	0,000E+0	1,766E+2	1,764E+2	0,000E+0	3,633E-1	3,599E-1	0,000E+0	3	1001
1668,369	39,100	40,900	8,000E+1	0,000E+0	1,766E+2	1,764E+2	0,000E+0	3,633E-1	3,599E-1	0,000E+0	3	1001
1669,369	39,000	40,800	7,980E+1	0,000E+0	1,768E+2	1,766E+2	0,000E+0	3,635E-1	3,592E-1	0,000E+0	3	1001
1670,369	39,000	40,800	7,980E+1	0,000E+0	1,768E+2	1,766E+2	0,000E+0	3,635E-1	3,592E-1	0,000E+0	3	1001
1671,369	39,100	41,000	8,010E+1	0,000E+0	1,767E+2	1,765E+2	0,000E+0	3,634E-1	3,603E-1	0,000E+0	3	1001
1672,369	39,100	41,000	8,010E+1	0,000E+0	1,767E+2	1,766E+2	0,000E+0	3,632E-1	3,600E-1	0,000E+0	3	1001
1673,369	38,900	41,000	7,990E+1	0,000E+0	1,768E+2	1,767E+2	0,000E+0	3,631E-1	3,600E-1	0,000E+0	2	1001
1674,370	39,100	41,000	8,010E+1	0,000E+0	1,766E+2	1,765E+2	0,000E+0	3,631E-1	3,605E-1	0,000E+0	2	1001
1675,370	39,200	41,000	8,020E+1	0,000E+0	1,766E+2	1,764E+2	0,000E+0	3,642E-1	3,603E-1	0,000E+0	2	1001
1676,370	39,000	41,100	8,010E+1	0,000E+0	1,768E+2	1,767E+2	0,000E+0	3,630E-1	3,604E-1	0,000E+0	2	1001
1677,371	39,000	41,100	8,010E+1	0,000E+0	1,768E+2	1,767E+2	0,000E+0	3,630E-1	3,604E-1	0,000E+0	2	1001
1678,370	39,000	41,100	8,010E+1	0,000E+0	1,768E+2	1,767E+2	0,000E+0	3,630E-1	3,604E-1	0,000E+0	2	1001
1679,371	39,000	41,100	8,010E+1	0,000E+0	1,768E+2	1,767E+2	0,000E+0	3,630E-1	3,604E-1	0,000E+0	2	1001
1680,372	39,000	41,100	8,010E+1	0,000E+0	1,768E+2	1,767E+2	0,000E+0	3,630E-1	3,604E-1	0,000E+0	2	1001
1681,373	39,100	40,900	8,000E+1	0,000E+0	1,766E+2	1,766E+2	0,000E+0	3,638E-1	3,596E-1	0,000E+0	2	1001
1682,373	39,000	40,900	7,990E+1	0,000E+0	1,768E+2	1,765E+2	0,000E+0	3,631E-1	3,599E-1	0,000E+0	2	1001
1683,373	39,000	40,900	7,990E+1	0,000E+0	1,768E+2	1,765E+2	0,000E+0	3,631E-1	3,599E-1	0,000E+0	2	1001
1684,374	39,000	40,900	7,990E+1	0,000E+0	1,768E+2	1,765E+2	0,000E+0	3,631E-1	3,599E-1	0,000E+0	2	1001
1685,374	39,000	40,900	7,990E+1	0,000E+0	1,768E+2	1,765E+2	0,000E+0	3,631E-1	3,599E-1	0,000E+0	2	1001
1686,375	39,100	40,800	7,990E+1	0,000E+0	1,767E+2	1,766E+2	0,000E+0	3,628E-1	3,592E-1	0,000E+0	2	1001
1687,376	39,100	40,800	7,990E+1	0,000E+0	1,767E+2	1,766E+2	0,000E+0	3,628E-1	3,592E-1	0,000E+0	2	1001
1688,376	39,100	40,800	7,990E+1	0,000E+0	1,767E+2	1,766E+2	0,000E+0	3,628E-1	3,592E-1	0,000E+0	2	1001
1689,376	38,900	41,000	7,990E+1	0,000E+0	1,768E+2	1,769E+2	0,000E+0	3,615E-1	3,608E-1	0,000E+0	2	1001
1690,375	38,900	40,800	7,970E+1	0,000E+0	1,768E+2	1,764E+2	0,000E+0	3,621E-1	3,591E-1	0,000E+0	2	1001
1691,376	39,200	41,000	8,020E+1	0,000E+0	1,768E+2	1,764E+2	0,000E+0	3,644E-1	3,602E-1	0,000E+0	2	1001
1692,375	39,100	40,900	8,000E+1	0,000E+0	1,767E+2	1,764E+2	0,000E+0	3,630E-1	3,605E-1	0,000E+0	2	1001
1693,376	39,100	41,200	8,030E+1	0,000E+0	1,767E+2	1,767E+2	0,000E+0	3,641E-1	3,614E-1	0,000E+0	1	1001
1694,376	39,000	41,000	8,000E+1	0,000E+0	1,766E+2	1,764E+2	0,000E+0	3,622E-1	3,600E-1	0,000E+0	1	1001
1695,376	39,300	40,800	8,010E+1	0,000E+0	1,765E+2	1,762E+2	0,000E+0	3,642E-1	3,591E-1	0,000E+0	1	1001
1696,376	39,200	40,900	8,010E+1	0,000E+0	1,767E+2	1,764E+2	0,000E+0	3,634E-1	3,597E-1	0,000E+0	1	1001
1697,376	39,200	40,900	8,010E+1	0,000E+0	1,767E+2	1,764E+2	0,000E+0	3,634E-1	3,597E-1	0,000E+0	1	1001
1698,377	39,200	40,900	8,010E+1	0,000E+0	1,767E+2	1,764E+2	0,000E+0	3,634E-1	3,597E-1	0,000E+0	1	1001
1699,377	39,200	40,900	8,010E+1	0,000E+0	1,767E+2	1,764E+2	0,000E+0	3,634E-1	3,597E-1	0,000E+0	1	1001
1700,377	39,200	40,900	8,010E+1	0,000E+0	1,767E+2	1,764E+2	0,000E+0	3,634E-1	3,597E-1	0,000E+0	1	1001
1701,377	39,100	41,000	8,010E+1	0,000E+0	1,764E+2	1,765E+2	0,000E+0	3,633E-1	3,605E-1	0,000E+0	1	1001
1702,377	39,100	41,000	8,010E+1	0,000E+0	1,764E+2	1,765E+2	0,000E+0	3,633E-1	3,605E-1	0,000E+0	1	1001
1703,377	39,100	40,800	7,990E+1	0,000E+0	1,765E+2	1,765E+2	0,000E+0	3,629E-1	3,584E-1	0,000E+0	1	1001
1704,377	39,100	40,800	7,990E+1	0,000E+0	1,765E+2	1,765E+2	0,000E+0	3,629E-1	3,584E-1	0,000E+0	1	1001
1705,377	39,000	40,600	7,960E+1	0,000E+0	1,767E+2	1,763E+2	0,000E+0	3,616E-1	3,579E-1	0,000E+0	1	1001
1706,376	39,100	40,800	7,990E+1	0,000E+0	1,766E+2	1,763E+2	0,000E+0	3,632E-1	3,586E-1	0,000E+0	1	1001
1707,377	39,100	40,800	7,990E+1	0,000E+0	1,766E+2	1,763E+2	0,000E+0	3,632E-1	3,586E-1	0,000E+0	1	1001
1708,376	39,100	41,000	8,010E+1	0,000E+0	1,767E+2	1,765E+2	0,000E+0	3,630E-1	3,590E-1	0,000E+0	1	1001
1709,377	39,200	40,800	8,000E+1	0,000E+0	1,767E+2	1,763E+2	0,000E+0	3,643E-1	3,594E-1	0,000E+0	1	1001
1710,377	38,900	41,100	8,000E+1	0,000E+0	1,767E+2	1,766E+2	0,000E+0	3,620E-1	3,603E-1	0,000E+0	1	1001
1711,378	38,900	40,900	7,980E+1	0,000E+0	1,768E+2	1,766E+2	0,000E+0	3,622E-1	3,594E-1	0,000E+0	0	1001
1712,378	39,200	41,000	8,020E+1	0,000E+0	1,770E+2	1,766E+2	0,000E+0	3,639E-1	3,601E-1	0,000E+0	0	1001
1713,377	38,900	40,900	7,980E+1	0,000E+0	1,766E+2	1,766E+2	0,000E+0	3,627E-1	3,599E-1	0,000E+0	0	1001
1714,378	39,000	40,800	7,980E+1	0,000E+0	1,768E+2	1,766E+2	0,000E+0	3,617E-1	3,584E-1	0,000E+0	0	1001
1715,378	39,000	40,800	7,980E+1	0,000E+0	1,768E+2	1,766E+2	0,000E+0	3,617E-1	3,584E-1	0,000E+0	0	1001
1716,378	39,000	40,800	7,980E+1	0,000E+0	1,768E+2	1,766E+2	0,000E+0	3,617E-1	3,584E-1	0,000E+0	0	1001
1717,378	39,000	40,800	7,980E+1	0,000E+0	1,768E+2	1,766E+2	0,000E+0	3,617E-1	3,584E-1	0,000E+0	0	1001
1718,378	39,100	41,100	8,020E+1	0,000E+0	1,764E+2	1,764E+2	0,000E+0	3,649E-1	3,617E-1	0,000E+0	0	1001
1719,378	39,100	41,100	8,020E+1	0,000E+0	1,764E+2	1,764E+2	0,000E+0	3,649E-1	3,617E-1	0,000E+0	0	1001
1720,378	39,000	41,000	8,000E+1	0,000E+0	1,765E+2	1,764E+2	0,000E+0	3,625E-1	3,601E-1	0,000E+0	0	1001
1721,378	39,000	41,000	8,000E+1	0,000E+0	1,765E+2	1,764E+2	0,000E+0	3,625E-1	3,601E-1	0,000E+0	0	1001
1722,379	39,000	41,000	8,000E+1	0,000E+0	1,765E+2	1,764E+2	0,000E+0	3,625E-1	3,601E-1	0,000E+0	0	1001
1723,379	39,000	41,000	8,000E+1	0,000E+0	1,765E+2	1,764E+2	0,000E+0	3,625E-1	3,601E-1	0,000E+0	0	1001
1724,379	39,000	41,000	8,000E+1	0,000E+0	1,765E+2	1,764E+2	0,000E+0	3,625E-1	3,601E-1	0,000E+0	0	1001
1725,379	39,000	41,000	8,000E+1	0,000E+0	1,765E+2	1,764E+2	0,000E+0	3,625E-1	3,601E-1	0,000E+0	0	1001
1726,379	39,100	41,100	8,020E+1	0,000E+0	1,764E+2	1,763E+2	0,000E+0	3,634E-1	3,606E-1	0,000E+0	0	1001
1727,380	39,300	40,700	8,000E+1	0,000E+0	1,766E+2	1,761E+2	0,000E+0	3,649E-1	3,593E-1	0,000E+0	0	1001
1728,380	38,900	41,000	7,990E+1	0,000E+0	1,764E+2	1,763E+2	0,000E+0	3,624E-1	3,606E-1	0,000E+0	0	1001
1729,380	39,000	41,000	8,000E+1	0,000E+0	1,764E+2	1,763E+2	0,000E+0	3,630E-1	3,604E-1	0,000E+0	0	1001
1730,381	38,900	40,900	7,980E+1	0,000E+0	1,767E+2	1,764E+2	0,000E+0	3,623E-1	3,598E-1	0,000E+0	0	1001
1731,381	38,900	40,900	7,980E+1	0,000E+0	1,767E+2	1,764E+2	0,000E+0	3,623E-1	3,598E-1	0,000E+0	0	1001
1732,381	39,100	40,900	8,000E+1	0,000E+0	1,765E+2	1,764E+2	0,000E+0	3,636E-1	3,600E-1	0,000E+0	0	1001
1733,380	39,100	40,900	8,000E+1	0,000E+0	1,766E+2	1,763E+2	0,000E+0	3,642E-1	3,605E-1	0,000E+0	0	1001
1734,382	39,100	41,100	8,020E+1	0,000E+0	1,766E+2	1,764E+2	0,000E+0	3,639E-1	3,619E-1	0,000E+0	0	1001
1735,382	39,200	40,800	8,000E+1	0,000E+0	1,765E+2	1,763E+2	0,000E+0	3,653E-1	3,602E-1	0,000E+0	0	1010
1736,382	39,200	40,800	8,000E+1	0,000E+0	1,765E+2	1,763E+2	0,000E+0	3,653E-1	3,602E-1	0,000E+0	0	1010
1737,382	39,000	41,000	8,000E+1	0,000E+0	1,764E+2	1,762E+2	0,000E+0	3,624E-1	3,596E-1	0,000E+0	0	1010
1738,382	39,100	40,800	7,990E+1	0,000E+0	1,765E+2	1,762E+2	0,000E+0	3,631E-1	3,589E-1	0,000E+0	0	1010
1739,381	39,200	40,900	8,010E+1	0,000E+0	1,767E+2	1,761E+2	0,000E+0	3,640E-1	3,599E-1	0,000E+0	0	1010
1740,382	39,100	41,000	8,010E+1	0,000E+0	1,766E+2	1,764E+2	0,000E+0	3,630E-1	3,598E-1	0,000E+0	0	1010
1741,382	39,200	40,800	8,000E+1	0,000E+0	1,766E+2	1,763E+2	0,000E+0	3,638E-1	3,595E-1	0,000E+0	0	1010
1742,383	39,000	41,000	8,000E+1	0,000E+0	1,767E+2	1,766E+2	0,000E+0	3,628E-1	3,597E-1	0,000E+0	0	1010
1743,382	39,000	41,000	8,000E+1	0,000E+0	1,764E+2	1,763E+2	0,000E+0	3,627E-1	3,607E-1	0,000E+0	0	1010
1744,383	39,200	41,000	8,020E+1	0,000E+0	1,766E+2	1,765E+2	0,000E+0	3,636E-1	3,604E-1	0,000E+0	0	1010
1745,383	39,100	40,800	7,990E+1	0,000E+0	1,764E+2	1,762E+2	0,000E+0	3,639E-1	3,590E-1	0,000E+0	0	1010
1746,384	39,100	40,900	8,000E+1	0,000E+0	1,765E+2	1,764E+2	0,000E+0	3,634E-1	3,593E-1	0,000E+0	0	1010
1747,384	39,000	41,000	8,000E+1	0,000E+0	1,764E+2	1,765E+2	0,000E+0	3,634E-1	3,610E-1	0,000E+0	0	1010
1748,384	39,000	41,000	8,000E+1	0,000E+0	1,764E+2	1,765E+2	0,000E+0	3,634E-1	3,610E-1	0,000E+0	0	1010
1749,384	39,000	40,900	7,990E+1	0,000E+0	1,764E+2	1,764E+2	0,000E+0	3,634E-1	3,604E-1	0,000E+0	0	1010
1750,383	39,200	40,900	8,010E+1	0,000E+0	1,764E+2	1,762E+2	0,000E+0	3,649E-1	3,604E-1	0,000E+0	0	1010
1751,384	39,000	41,000	8,000E+1	0,000E+0	1,764E+2	1,764E+2	0,000E+0	3,627E-1	3,602E-1	0,000E+0	0	1010
1752,384	39,100	40,900	8,000E+1	0,000E+0	1,765E+2	1,762E+2	0,000E+0	3,631E-1	3,602E-1	0,000E+0	0	1010
1753,384	39,100	40,900	8,000E+1	0,000E+0	1,765E+2	1,764E+2	0,000E+0	3,638E-1	3,599E-1	0,000E+0	0	1010
1754,384	39,100	40,900	8,000E+1	0,000E+0	1,765E+2	1,762E+2	0,000E+0	3,634E-1	3,598E-1	0,000E+0	0	1010
1755,384	39,000	40,900	7,990E+1	0,000E+0	1,764E+2	1,764E+2	0,000E+0	3,625E-1	3,592E-1	0,000E+0	0	1010
1756,385	39,000	40,900	7,990E+1	0,000E+0	1,765E+2	1,764E+2	0,000E+0	3,624E-1	3,601E-1	0,000E+0	0	1010
1757,384	39,100	41,000	8,010E+1	0,000E+0	1,764E+2	1,764E+2	0,000E+0	3,649E-1	3,611E-1	0,000E+0	0	1010
1758,386	39,100	41,000	8,010E+1	0,000E+0	1,764E+2	1,764E+2	0,000E+0	3,649E-1	3,611E-1	0,000E+0	0	1010
1759,386	39,300	40,900	8,020E+1	0,000E+0	1,763E+2	1,762E+2	0,000E+0	3,644E-1	3,601E-1	0,000E+0	0	1010
1760,386	39,300	40,900	8,020E+1	0,000E+0	1,763E+2	1,762E+2	0,000E+0	3,644E-1	3,601E-1	0,000E+0	0	1010
1761,386	39,100	40,700	7,980E+1	0,000E+0	1,765E+2	1,762E+2	0,000E+0	3,637E-1	3,592E-1	0,000E+0	0	1010
1762,385	39,100	40,700	7,980E+1	0,000E+0	1,765E+2	1,762E+2	0,000E+0	3,637E-1	3,592E-1	0,000E+0	0	1010
1763,386	39,100	40,700	7,980E+1	0,000E+0	1,765E+2	1,762E+2	0,000E+0	3,637E-1	3,592E-1	0,000E+0	0	1010
1764,385	39,100	40,700	7,980E+1	0,000E+0	1,765E+2	1,762E+2	0,000E+0	3,637E-1	3,592E-1	0,000E+0	0	1010
1765,386	39,100	40,700	7,980E+1	0,000E+0	1,765E+2	1,762E+2	0,000E+0	3,637E-1	3,592E-1	0,000E+0	0	1010
1766,386	39,000	40,900	7,990E+1	0,000E+0	1,762E+2	1,760E+2	0,000E+0	3,628E-1	3,599E-1	0,000E+0	0	1010
1767,386	39,000	41,000	8,000E+1	0,000E+0	1,763E+2	1,764E+2	0,000E+0	3,628E-1	3,598E-1	0,000E+0	0	1010
1768,386	39,000	41,000	8,000E+1	0,000E+0	1,763E+2	1,764E+2	0,000E+0	3,628E-1	3,598E-1	0,000E+0	0	1010
1769,386	39,000	41,000	8,000E+1	0,000E+0	1,763E+2	1,764E+2	0,000E+0	3,628E-1	3,598E-1	0,000E+0	0	1010
1770,387	39,000	41,000	8,000E+1	0,000E+0	1,763E+2	1,764E+2	0,000E+0	3,628E-1	3,598E-1	0,000E+0	0	1010
1771,387	39,000	40,800	7,980E+1	0,000E+0	1,764E+2	1,761E+2	0,000E+0	3,633E-1	3,599E-1	0,000E+0	0	1010
1772,388	39,000	40,800	7,980E+1	0,000E+0	1,764E+2	1,761E+2	0,000E+0	3,633E-1	3,599E-1	0,000E+0	0	1010
1773,388	39,100	41,100	8,020E+1	0,000E+0	1,764E+2	1,764E+2	0,000E+0	3,639E-1	3,608E-1	0,000E+0	0	1010
1774,388	39,000	40,800	7,980E+1	0,000E+0	1,763E+2	1,761E+2	0,000E+0	3,626E-1	3,595E-1	0,000E+0	0	1010
1775,389	39,000	40,800	7,980E+1	0,000E+0	1,763E+2	1,761E+2	0,000E+0	3,626E-1	3,595E-1	0,000E+0	1	1010
1776,389	39,100	41,100	8,020E+1	0,000E+0	1,767E+2	1,764E+2	0,000E+0	3,644E-1	3,612E-1	0,000E+0	1	1010
1777,389	39,100	40,800	7,990E+1	0,000E+0	1,765E+2	1,764E+2	0,000E+0	3,626E-1	3,592E-1	0,000E+0	1	1010
1778,388	39,000	41,000	8,000E+1	0,000E+0	1,767E+2	1,763E+2	0,000E+0	3,635E-1	3,611E-1	0,000E+0	1	1010
1779,389	39,100	41,000	8,010E+1	0,000E+0	1,768E+2	1,764E+2	0,000E+0	3,635E-1	3,601E-1	0,000E+0	1	1010
1780,390	39,100	41,000	8,010E+1	0,000E+0	1,768E+2	1,764E+2	0,000E+0	3,635E-1	3,601E-1	0,000E+0	1	1010
1781,390	39,100	41,000	8,010E+1	0,000E+0	1,768E+2	1,764E+2	0,000E+0	3,635E-1	3,601E-1	0,000E+0	1	1010
1782,389	39,000	40,900	7,990E+1	0,000E+0	1,766E+2	1,764E+2	0,000E+0	3,629E-1	3,597E-1	0,000E+0	1	1010
1783,390	39,000	40,900	7,990E+1	0,000E+0	1,766E+2	1,764E+2	0,000E+0	3,629E-1	3,597E-1	0,000E+0	1	1010
1784,390	39,000	40,900	7,990E+1	0,000E+0	1,766E+2	1,764E+2	0,000E+0	3,629E-1	3,597E-1	0,000E+0	1	1010
1785,390	39,000	40,900	7,990E+1	0,000E+0	1,766E+2	1,764E+2	0,000E+0	3,629E-1	3,597E-1	0,000E+0	1	1010
1786,390	39,100	40,700	7,980E+1	0,000E+0	1,768E+2	1,764E+2	0,000E+0	3,629E-1	3,587E-1	0,000E+0	1	1010
1787,390	39,100	40,700	7,980E+1	0,000E+0	1,768E+2	1,764E+2	0,000E+0	3,629E-1	3,587E-1	0,000E+0	1	1010
1788,391	39,000	41,000	8,000E+1	0,000E+0	1,766E+2	1,765E+2	0,000E+0	3,633E-1	3,606E-1	0,000E+0	1	1010
1789,391	39,000	41,000	8,000E+1	0,000E+0	1,766E+2	1,765E+2	0,000E+0	3,633E-1	3,606E-1	0,000E+0	1	1010
1790,392	39,000	41,000	8,000E+1	0,000E+0	1,766E+2	1,765E+2	0,000E+0	3,633E-1	3,606E-1	0,000E+0	1	1010
1791,391	39,100	41,000	8,010E+1	0,000E+0	1,767E+2	1,765E+2	0,000E+0	3,638E-1	3,603E-1	0,000E+0	1	1010
1792,392	39,100	41,000	8,010E+1	0,000E+0	1,767E+2	1,765E+2	0,000E+0	3,638E-1	3,603E-1	0,000E+0	1	1010
1793,392	39,000	40,700	7,970E+1	0,000E+0	1,767E+2	1,764E+2	0,000E+0	3,627E-1	3,591E-1	0,000E+0	2	1010
1794,392	39,300	41,200	8,050E+1	0,000E+0	1,768E+2	1,766E+2	0,000E+0	3,650E-1	3,618E-1	0,000E+0	2	1010
1795,392	38,900	40,600	7,950E+1	0,000E+0	1,766E+2	1,765E+2	0,000E+0	3,613E-1	3,571E-1	0,000E+0	2	1010
1796,392	39,000	40,900	7,990E+1	0,000E+0	1,766E+2	1,767E+2	0,000E+0	3,626E-1	3,590E-1	0,000E+0	2	1010
1797,392	39,000	40,900	7,990E+1	0,000E+0	1,767E+2	1,766E+2	0,000E+0	3,634E-1	3,599E-1	0,000E+0	2	1010
1798,391	39,000	40,900	7,990E+1	0,000E+0	1,767E+2	1,766E+2	0,000E+0	3,634E-1	3,599E-1	0,000E+0	2	1010
1799,392	39,000	40,900	7,990E+1	0,000E+0	1,767E+2	1,766E+2	0,000E+0	3,634E-1	3,599E-1	0,000E+0	2	1010
1800,392	39,000	40,900	7,990E+1	0,000E+0	1,766E+2	1,766E+2	0,000E+0	3,625E-1	3,600E-1	0,000E+0	2	1010
1801,392	39,000	40,900	7,990E+1	0,000E+0	1,766E+2	1,766E+2	0,000E+0	3,625E-1	3,600E-1	0,000E+0	2	1010
1802,392	39,200	40,900	8,010E+1	0,000E+0	1,767E+2	1,765E+2	0,000E+0	3,633E-1	3,591E-1	0,000E+0	2	1010
1803,392	39,200	40,900	8,010E+1	0,000E+0	1,767E+2	1,765E+2	0,000E+0	3,633E-1	3,591E-1	0,000E+0	2	1010
1804,392	39,200	40,900	8,010E+1	0,000E+0	1,767E+2	1,765E+2	0,000E+0	3,633E-1	3,591E-1	0,000E+0	2	1010
1805,392	38,900	40,900	7,980E+1	0,000E+0	1,769E+2	1,765E+2	0,000E+0	3,630E-1	3,604E-1	0,000E+0	2	1010
1806,392	38,900	40,900	7,980E+1	0,000E+0	1,769E+2	1,765E+2	0,000E+0	3,630E-1	3,604E-1	0,000E+0	2	1010
1807,392	38,900	40,900	7,980E+1	0,000E+0	1,769E+2	1,765E+2	0,000E+0	3,630E-1	3,604E-1	0,000E+0	2	1010
1808,393	38,900	40,900	7,980E+1	0,000E+0	1,769E+2	1,765E+2	0,000E+0	3,630E-1	3,604E-1	0,000E+0	2	1010
1809,394	39,300	40,900	8,020E+1	0,000E+0	1,768E+2	1,764E+2	0,000E+0	3,647E-1	3,597E-1	0,000E+0	2	1010
1810,395	39,100	41,000	8,010E+1	0,000E+0	1,765E+2	1,765E+2	0,000E+0	3,638E-1	3,608E-1	0,000E+0	2	1010
1811,395	39,100	40,900	8,000E+1	0,000E+0	1,768E+2	1,765E+2	0,000E+0	3,635E-1	3,594E-1	0,000E+0	3	1010
1812,395	39,000	40,700	7,970E+1	0,000E+0	1,765E+2	1,764E+2	0,000E+0	3,617E-1	3,588E-1	0,000E+0	3	1010
1813,395	39,000	40,700	7,970E+1	0,000E+0	1,765E+2	1,764E+2	0,000E+0	3,617E-1	3,588E-1	0,000E+0	3	1010
1814,394	39,200	40,900	8,010E+1	0,000E+0	1,767E+2	1,765E+2	0,000E+0	3,646E-1	3,609E-1	0,000E+0	3	1010
1815,395	38,900	41,000	7,990E+1	0,000E+0	1,769E+2	1,767E+2	0,000E+0	3,623E-1	3,588E-1	0,000E+0	3	1010
1816,395	39,100	40,900	8,000E+1	0,000E+0	1,770E+2	1,769E+2	0,000E+0	3,638E-1	3,603E-1	0,000E+0	3	1010
1817,396	39,100	40,900	8,000E+1	0,000E+0	1,770E+2	1,769E+2	0,000E+0	3,638E-1	3,603E-1	0,000E+0	3	1010
1818,397	39,100	40,900	8,000E+1	0,000E+0	1,770E+2	1,769E+2	0,000E+0	3,638E-1	3,603E-1	0,000E+0	3	1010
1819,397	39,100	40,900	8,000E+1	0,000E+0	1,770E+2	1,769E+2	0,000E+0	3,638E-1	3,603E-1	0,000E+0	3	1010
1820,397	39,000	41,000	8,000E+1	0,000E+0	1,767E+2	1,769E+2	0,000E+0	3,632E-1	3,606E-1	0,000E+0	3	1010
1821,396	39,000	41,000	8,000E+1	0,000E+0	1,767E+2	1,769E+2	0,000E+0	3,632E-1	3,606E-1	0,000E+0	3	1010
1822,397	39,000	41,000	8,000E+1	0,000E+0	1,767E+2	1,769E+2	0,000E+0	3,632E-1	3,606E-1	0,000E+0	3	1010
1823,397	39,000	41,000	8,000E+1	0,000E+0	1,767E+2	1,769E+2	0,000E+0	3,632E-1	3,606E-1	0,000E+0	3	1010
1824,397	39,100	41,100	8,020E+1	0,000E+0	1,764E+2	1,765E+2	0,000E+0	3,642E-1	3,620E-1	0,000E+0	3	1010
1825,397	39,200	40,800	8,000E+1	0,000E+0	1,765E+2	1,763E+2	0,000E+0	3,632E-1	3,594E-1	0,000E+0	3	1010
1826,397	39,200	40,800	8,000E+1	0,000E+0	1,765E+2	1,763E+2	0,000E+0	3,632E-1	3,594E-1	0,000E+0	3	1010
1827,398	39,100	40,900	8,000E+1	0,000E+0	1,766E+2	1,766E+2	0,000E+0	3,638E-1	3,599E-1	0,000E+0	3	1010
1828,397	39,100	40,700	7,980E+1	0,000E+0	1,766E+2	1,763E+2	0,000E+0	3,642E-1	3,581E-1	0,000E+0	3	1010
1829,399	39,100	40,900	8,000E+1	0,000E+0	1,766E+2	1,768E+2	0,000E+0	3,632E-1	3,595E-1	0,000E+0	3	1010
1830,400	39,000	41,000	8,000E+1	0,000E+0	1,768E+2	1,766E+2	0,000E+0	3,628E-1	3,598E-1	0,000E+0	3	1010
1831,400	39,100	41,000	8,010E+1	0,000E+0	1,766E+2	1,766E+2	0,000E+0	3,636E-1	3,602E-1	0,000E+0	3	1010
1832,401	39,100	40,800	7,990E+1	0,000E+0	1,768E+2	1,764E+2	0,000E+0	3,631E-1	3,596E-1	0,000E+0	3	1010
1833,401	39,100	41,100	8,020E+1	0,000E+0	1,768E+2	1,768E+2	0,000E+0	3,629E-1	3,612E-1	0,000E+0	3	1010
1834,401	39,300	40,900	8,020E+1	0,000E+0	1,769E+2	1,767E+2	0,000E+0	3,650E-1	3,602E-1	0,000E+0	3	1010
1835,400	39,200	40,800	8,000E+1	0,000E+0	1,771E+2	1,768E+2	0,000E+0	3,632E-1	3,595E-1	0,000E+0	3	1010
1836,401	38,900	40,900	7,980E+1	0,000E+0	1,768E+2	1,768E+2	0,000E+0	3,621E-1	3,594E-1	0,000E+0	4	1010
1837,401	39,200	40,700	7,990E+1	0,000E+0	1,769E+2	1,766E+2	0,000E+0	3,640E-1	3,597E-1	0,000E+0	4	1010
1838,401	39,200	40,700	7,990E+1	0,000E+0	1,769E+2	1,766E+2	0,000E+0	3,640E-1	3,597E-1	0,000E+0	4	1010
1839,401	39,200	41,000	8,020E+1	0,000E+0	1,770E+2	1,766E+2	0,000E+0	3,644E-1	3,608E-1	0,000E+0	4	1010
1840,402	39,100	40,900	8,000E+1	0,000E+0	1,767E+2	1,766E+2	0,000E+0	3,636E-1	3,595E-1	0,000E+0	4	1010
1841,402	39,000	40,900	7,990E+1	0,000E+0	1,769E+2	1,766E+2	0,000E+0	3,624E-1	3,592E-1	0,000E+0	4	1010
1842,402	39,000	40,900	7,990E+1	0,000E+0	1,769E+2	1,766E+2	0,000E+0	3,624E-1	3,592E-1	0,000E+0	4	1010
1843,402	39,200	40,800	8,000E+1	0,000E+0	1,768E+2	1,765E+2	0,000E+0	3,636E-1	3,594E-1	0,000E+0	4	1010
1844,402	39,200	40,800	8,000E+1	0,000E+0	1,768E+2	1,765E+2	0,000E+0	3,636E-1	3,594E-1	0,000E+0	4	1010
1845,403	39,200	40,800	8,000E+1	0,000E+0	1,768E+2	1,765E+2	0,000E+0	3,636E-1	3,594E-1	0,000E+0	4	1010
1846,403	39,200	40,800	8,000E+1	0,000E+0	1,768E+2	1,765E+2	0,000E+0	3,636E-1	3,594E-1	0,000E+0	4	1010
1847,403	39,100	41,000	8,010E+1	0,000E+0	1,764E+2	1,766E+2	0,000E+0	3,641E-1	3,603E-1	0,000E+0	4	1010
1848,404	39,100	41,000	8,010E+1	0,000E+0	1,764E+2	1,766E+2	0,000E+0	3,641E-1	3,603E-1	0,000E+0	4	1010
1849,404	39,100	41,000	8,010E+1	0,000E+0	1,764E+2	1,766E+2	0,000E+0	3,641E-1	3,603E-1	0,000E+0	4	1010
1850,404	39,000	40,900	7,990E+1	0,000E+0	1,766E+2	1,763E+2	0,000E+0	3,626E-1	3,597E-1	0,000E+0	4	1010
1851,404	39,000	40,900	7,990E+1	0,000E+0	1,766E+2	1,763E+2	0,000E+0	3,626E-1	3,597E-1	0,000E+0	4	1010
1852,405	39,100	40,900	8,000E+1	0,000E+0	1,768E+2	1,764E+2	0,000E+0	3,629E-1	3,598E-1	0,000E+0	4	1010
1853,405	39,100	41,000	8,010E+1	0,000E+0	1,767E+2	1,765E+2	0,000E+0	3,636E-1	3,599E-1	0,000E+0	4	1010
1854,404	39,100	41,000	8,010E+1	0,000E+0	1,766E+2	1,764E+2	0,000E+0	3,638E-1	3,613E-1	0,000E+0	4	1010
1855,406	39,100	41,000	8,010E+1	0,000E+0	1,766E+2	1,764E+2	0,000E+0	3,638E-1	3,613E-1	0,000E+0	4	1010
1856,406	39,000	41,000	8,000E+1	0,000E+0	1,766E+2	1,768E+2	0,000E+0	3,634E-1	3,608E-1	0,000E+0	4	1010
1857,407	38,900	41,000	7,990E+1	0,000E+0	1,765E+2	1,766E+2	0,000E+0	3,628E-1	3,604E-1	0,000E+0	4	1010
1858,408	39,200	40,900	8,010E+1	0,000E+0	1,768E+2	1,764E+2	0,000E+0	3,637E-1	3,594E-1	0,000E+0	5	1010
1859,408	38,900	41,000	7,990E+1	0,000E+0	1,767E+2	1,767E+2	0,000E+0	3,625E-1	3,603E-1	0,000E+0	5	1010
1860,408	39,100	40,800	7,990E+1	0,000E+0	1,769E+2	1,764E+2	0,000E+0	3,629E-1	3,591E-1	0,000E+0	5	1010
1861,407	38,900	40,900	7,980E+1	0,000E+0	1,769E+2	1,766E+2	0,000E+0	3,627E-1	3,593E-1	0,000E+0	5	1010
1862,408	39,100	41,000	8,010E+1	0,000E+0	1,769E+2	1,767E+2	0,000E+0	3,629E-1	3,601E-1	0,000E+0	5	1010
1863,408	39,000	40,900	7,990E+1	0,000E+0	1,766E+2	1,765E+2	0,000E+0	3,631E-1	3,593E-1	0,000E+0	5	1010
1864,408	39,000	40,900	7,990E+1	0,000E+0	1,766E+2	1,765E+2	0,000E+0	3,631E-1	3,593E-1	0,000E+0	5	1010
1865,409	39,000	40,900	7,990E+1	0,000E+0	1,766E+2	1,765E+2	0,000E+0	3,631E-1	3,593E-1	0,000E+0	5	1010
1866,409	39,000	40,900	7,990E+1	0,000E+0	1,766E+2	1,765E+2	0,000E+0	3,631E-1	3,593E-1	0,000E+0	5	1010
1867,409	38,900	41,000	7,990E+1	0,000E+0	1,767E+2	1,767E+2	0,000E+0	3,624E-1	3,602E-1	0,000E+0	5	1010
1868,409	38,900	41,000	7,990E+1	0,000E+0	1,767E+2	1,767E+2	0,000E+0	3,624E-1	3,602E-1	0,000E+0	5	1010
1869,409	38,900	41,000	7,990E+1	0,000E+0	1,767E+2	1,767E+2	0,000E+0	3,624E-1	3,602E-1	0,000E+0	5	1010
1870,409	38,900	41,000	7,990E+1	0,000E+0	1,767E+2	1,767E+2	0,000E+0	3,624E-1	3,602E-1	0,000E+0	5	1010
1871,408	39,200	41,000	8,020E+1	0,000E+0	1,767E+2	1,766E+2	0,000E+0	3,633E-1	3,601E-1	0,000E+0	5	1010
1872,409	39,200	41,000	8,020E+1	0,000E+0	1,767E+2	1,766E+2	0,000E+0	3,633E-1	3,601E-1	0,000E+0	5	1010
1873,409	39,100	41,100	8,020E+1	0,000E+0	1,768E+2	1,768E+2	0,000E+0	3,632E-1	3,613E-1	0,000E+0	5	1010
1874,410	39,100	41,100	8,020E+1	0,000E+0	1,768E+2	1,768E+2	0,000E+0	3,632E-1	3,613E-1	0,000E+0	5	1010
1875,411	39,200	40,800	8,000E+1	0,000E+0	1,770E+2	1,765E+2	0,000E+0	3,636E-1	3,596E-1	0,000E+0	5	1010
1876,411	39,000	41,100	8,010E+1	0,000E+0	1,769E+2	1,766E+2	0,000E+0	3,632E-1	3,610E-1	0,000E+0	5	1010
1877,412	39,100	41,100	8,020E+1	0,000E+0	1,769E+2	1,766E+2	0,000E+0	3,638E-1	3,608E-1	0,000E+0	5	1010
1878,411	39,100	40,800	7,990E+1	0,000E+0	1,766E+2	1,767E+2	0,000E+0	3,627E-1	3,593E-1	0,000E+0	6	1010
1879,412	39,100	40,900	8,000E+1	0,000E+0	1,767E+2	1,767E+2	0,000E+0	3,628E-1	3,594E-1	0,000E+0	6	1010
1880,412	38,900	41,000	7,990E+1	0,000E+0	1,769E+2	1,768E+2	0,000E+0	3,619E-1	3,589E-1	0,000E+0	6	1010
1881,412	38,900	41,000	7,990E+1	0,000E+0	1,769E+2	1,768E+2	0,000E+0	3,619E-1	3,589E-1	0,000E+0	6	1010
1882,413	39,100	41,000	8,010E+1	0,000E+0	1,768E+2	1,768E+2	0,000E+0	3,637E-1	3,602E-1	0,000E+0	6	1010
1883,414	39,100	41,000	8,010E+1	0,000E+0	1,768E+2	1,768E+2	0,000E+0	3,637E-1	3,602E-1	0,000E+0	6	1010
1884,414	39,100	41,000	8,010E+1	0,000E+0	1,768E+2	1,768E+2	0,000E+0	3,637E-1	3,602E-1	0,000E+0	6	1010
1885,414	39,100	40,900	8,000E+1	0,000E+0	1,768E+2	1,767E+2	0,000E+0	3,637E-1	3,598E-1	0,000E+0	6	1010
1886,415	39,100	40,900	8,000E+1	0,000E+0	1,768E+2	1,767E+2	0,000E+0	3,637E-1	3,598E-1	0,000E+0	6	1010
1887,416	39,100	40,900	8,000E+1	0,000E+0	1,768E+2	1,767E+2	0,000E+0	3,637E-1	3,598E-1	0,000E+0	6	1010
1888,416	39,200	40,900	8,010E+1	0,000E+0	1,767E+2	1,766E+2	0,000E+0	3,639E-1	3,600E-1	0,000E+0	6	1010
1889,416	39,200	40,900	8,010E+1	0,000E+0	1,767E+2	1,766E+2	0,000E+0	3,639E-1	3,600E-1	0,000E+0	6	1010
1890,416	39,200	40,900	8,010E+1	0,000E+0	1,767E+2	1,766E+2	0,000E+0	3,639E-1	3,600E-1	0,000E+0	6	1010
1891,416	39,200	40,900	8,010E+1	0,000E+0	1,767E+2	1,766E+2	0,000E+0	3,639E-1	3,600E-1	0,000E+0	6	1010
1892,417	39,000	40,800	7,980E+1	0,000E+0	1,766E+2	1,764E+2	0,000E+0	3,626E-1	3,591E-1	0,000E+0	6	1010
1893,417	38,900	41,000	7,990E+1	0,000E+0	1,766E+2	1,766E+2	0,000E+0	3,616E-1	3,601E-1	0,000E+0	6	1010
1894,417	39,100	40,900	8,000E+1	0,000E+0	1,768E+2	1,764E+2	0,000E+0	3,634E-1	3,594E-1	0,000E+0	6	1010
1895,418	39,100	40,900	8,000E+1	0,000E+0	1,767E+2	1,766E+2	0,000E+0	3,634E-1	3,587E-1	0,000E+0	6	1010
1896,419	39,100	40,900	8,000E+1	0,000E+0	1,767E+2	1,766E+2	0,000E+0	3,634E-1	3,587E-1	0,000E+0	7	1010
1897,419	39,200	41,000	8,020E+1	0,000E+0	1,766E+2	1,766E+2	0,000E+0	3,641E-1	3,607E-1	0,000E+0	7	1010
1898,418	39,000	40,800	7,980E+1	0,000E+0	1,767E+2	1,765E+2	0,000E+0	3,633E-1	3,590E-1	0,000E+0	7	1010
1899,419	39,100	40,800	7,990E+1	0,000E+0	1,767E+2	1,765E+2	0,000E+0	3,635E-1	3,593E-1	0,000E+0	7	1010
1900,419	39,100	41,100	8,020E+1	0,000E+0	1,767E+2	1,767E+2	0,000E+0	3,640E-1	3,614E-1	0,000E+0	7	1010
1901,419	39,100	41,100	8,020E+1	0,000E+0	1,767E+2	1,767E+2	0,000E+0	3,640E-1	3,614E-1	0,000E+0	7	1010
1902,420	39,100	41,100	8,020E+1	0,000E+0	1,767E+2	1,767E+2	0,000E+0	3,640E-1	3,614E-1	0,000E+0	7	1010
1903,420	39,100	41,100	8,020E+1	0,000E+0	1,767E+2	1,767E+2	0,000E+0	3,640E-1	3,614E-1	0,000E+0	7	1010
1904,421	39,100	40,800	7,990E+1	0,000E+0	1,767E+2	1,766E+2	0,000E+0	3,634E-1	3,594E-1	0,000E+0	7	1010
1905,421	39,100	40,800	7,990E+1	0,000E+0	1,767E+2	1,766E+2	0,000E+0	3,634E-1	3,594E-1	0,000E+0	7	1010
1906,421	39,000	40,900	7,990E+1	0,000E+0	1,764E+2	1,766E+2	0,000E+0	3,623E-1	3,596E-1	0,000E+0	7	1010
1907,420	39,200	41,000	8,020E+1	0,000E+0	1,766E+2	1,766E+2	0,000E+0	3,640E-1	3,605E-1	0,000E+0	7	1010
1908,421	39,200	41,000	8,020E+1	0,000E+0	1,766E+2	1,766E+2	0,000E+0	3,640E-1	3,605E-1	0,000E+0	7	1010
1909,421	39,000	41,000	8,000E+1	0,000E+0	1,766E+2	1,765E+2	0,000E+0	3,636E-1	3,602E-1	0,000E+0	7	1010
1910,421	39,000	41,000	8,000E+1	0,000E+0	1,766E+2	1,765E+2	0,000E+0	3,636E-1	3,602E-1	0,000E+0	7	1010
1911,421	39,000	41,000	8,000E+1	0,000E+0	1,766E+2	1,765E+2	0,000E+0	3,636E-1	3,602E-1	0,000E+0	7	1010
1912,422	39,200	40,900	8,010E+1	0,000E+0	1,766E+2	1,763E+2	0,000E+0	3,644E-1	3,601E-1	0,000E+0	7	1010
1913,422	39,000	40,800	7,980E+1	0,000E+0	1,767E+2	1,765E+2	0,000E+0	3,636E-1	3,587E-1	0,000E+0	7	1010
1914,421	39,100	40,900	8,000E+1	0,000E+0	1,767E+2	1,766E+2	0,000E+0	3,633E-1	3,597E-1	0,000E+0	7	1010
1915,423	39,100	40,900	8,000E+1	0,000E+0	1,769E+2	1,768E+2	0,000E+0	3,627E-1	3,594E-1	0,000E+0	7	1010
1916,424	39,200	40,900	8,010E+1	0,000E+0	1,773E+2	1,770E+2	0,000E+0	3,636E-1	3,590E-1	0,000E+0	7	1010
1917,424	39,100	40,800	7,990E+1	0,000E+0	1,770E+2	1,767E+2	0,000E+0	3,629E-1	3,600E-1	0,000E+0	7	1010
1918,424	39,100	40,700	7,980E+1	0,000E+0	1,768E+2	1,766E+2	0,000E+0	3,629E-1	3,587E-1	0,000E+0	7	1010
1919,425	39,200	41,000	8,020E+1	0,000E+0	1,768E+2	1,764E+2	0,000E+0	3,641E-1	3,605E-1	0,000E+0	7	1010
1920,426	38,900	41,000	7,990E+1	0,000E+0	1,768E+2	1,767E+2	0,000E+0	3,617E-1	3,603E-1	0,000E+0	7	1010
1921,426	38,900	41,000	7,990E+1	0,000E+0	1,766E+2	1,765E+2	0,000E+0	3,623E-1	3,601E-1	0,000E+0	7	1010
1922,427	39,100	40,900	8,000E+1	0,000E+0	1,768E+2	1,764E+2	0,000E+0	3,628E-1	3,594E-1	0,000E+0	7	1010
1923,427	39,200	40,900	8,010E+1	0,000E+0	1,767E+2	1,767E+2	0,000E+0	3,638E-1	3,588E-1	0,000E+0	7	1010
1924,427	39,200	40,900	8,010E+1	0,000E+0	1,767E+2	1,767E+2	0,000E+0	3,638E-1	3,588E-1	0,000E+0	7	1011
1925,428	39,000	41,000	8,000E+1	0,000E+0	1,768E+2	1,768E+2	0,000E+0	3,626E-1	3,603E-1	0,000E+0	7	1011
1926,428	39,100	40,900	8,000E+1	0,000E+0	1,768E+2	1,765E+2	0,000E+0	3,637E-1	3,602E-1	0,000E+0	7	1011
1928,429	38,900	41,000	7,990E+1	0,000E+0	1,766E+2	1,766E+2	0,000E+0	3,624E-1	3,608E-1	0,000E+0	7	1011
1928,429	39,000	40,900	7,990E+1	0,000E+0	1,767E+2	1,764E+2	0,000E+0	3,633E-1	3,602E-1	0,000E+0	7	1011
1929,430	39,100	41,000	8,010E+1	0,000E+0	1,766E+2	1,765E+2	0,000E+0	3,636E-1	3,608E-1	0,000E+0	7	1011
1930,430	39,100	41,000	8,010E+1	0,000E+0	1,766E+2	1,765E+2	0,000E+0	3,636E-1	3,608E-1	0,000E+0	7	1011
1931,429	39,100	41,000	8,010E+1	0,000E+0	1,766E+2	1,765E+2	0,000E+0	3,636E-1	3,608E-1	0,000E+0	7	1011
1932,431	39,100	41,000	8,010E+1	0,000E+0	1,766E+2	1,765E+2	0,000E+0	3,636E-1	3,608E-1	0,000E+0	7	1011
1933,431	38,900	40,800	7,970E+1	0,000E+0	1,766E+2	1,765E+2	0,000E+0	3,622E-1	3,590E-1	0,000E+0	7	1011
1934,431	38,900	40,800	7,970E+1	0,000E+0	1,766E+2	1,765E+2	0,000E+0	3,622E-1	3,590E-1	0,000E+0	7	1011
1935,431	38,900	40,900	7,980E+1	0,000E+0	1,766E+2	1,766E+2	0,000E+0	3,622E-1	3,589E-1	0,000E+0	7	1011
1936,431	38,900	40,900	7,980E+1	0,000E+0	1,766E+2	1,766E+2	0,000E+0	3,622E-1	3,589E-1	0,000E+0	7	1011
1937,431	39,100	41,000	8,010E+1	0,000E+0	1,767E+2	1,765E+2	0,000E+0	3,637E-1	3,603E-1	0,000E+0	7	1011
1938,430	39,100	41,000	8,010E+1	0,000E+0	1,767E+2	1,765E+2	0,000E+0	3,637E-1	3,603E-1	0,000E+0	7	1011
1939,432	39,100	41,000	8,010E+1	0,000E+0	1,767E+2	1,765E+2	0,000E+0	3,637E-1	3,603E-1	0,000E+0	7	1011
1940,432	39,200	40,900	8,010E+1	0,000E+0	1,769E+2	1,765E+2	0,000E+0	3,638E-1	3,600E-1	0,000E+0	7	1011
1941,432	39,200	40,900	8,010E+1	0,000E+0	1,769E+2	1,765E+2	0,000E+0	3,638E-1	3,600E-1	0,000E+0	7	1011
1942,432	38,900	40,900	7,980E+1	0,000E+0	1,768E+2	1,766E+2	0,000E+0	3,626E-1	3,599E-1	0,000E+0	7	1011
1943,431	39,100	41,000	8,010E+1	0,000E+0	1,768E+2	1,766E+2	0,000E+0	3,634E-1	3,608E-1	0,000E+0	7	1011
1944,432	39,000	40,800	7,980E+1	0,000E+0	1,769E+2	1,764E+2	0,000E+0	3,637E-1	3,593E-1	0,000E+0	6	1011
1945,431	39,000	40,900	7,990E+1	0,000E+0	1,768E+2	1,766E+2	0,000E+0	3,629E-1	3,602E-1	0,000E+0	6	1011
1946,433	39,200	41,100	8,030E+1	0,000E+0	1,768E+2	1,767E+2	0,000E+0	3,636E-1	3,605E-1	0,000E+0	6	1011
1947,433	39,100	40,900	8,000E+1	0,000E+0	1,768E+2	1,766E+2	0,000E+0	3,637E-1	3,607E-1	0,000E+0	6	1011
1948,432	39,200	40,900	8,010E+1	0,000E+0	1,768E+2	1,765E+2	0,000E+0	3,633E-1	3,597E-1	0,000E+0	6	1011
1949,433	39,200	40,900	8,010E+1	0,000E+0	1,768E+2	1,765E+2	0,000E+0	3,633E-1	3,597E-1	0,000E+0	6	1011
1950,434	39,200	40,900	8,010E+1	0,000E+0	1,768E+2	1,765E+2	0,000E+0	3,633E-1	3,597E-1	0,000E+0	6	1011
1951,434	39,200	40,900	8,010E+1	0,000E+0	1,768E+2	1,765E+2	0,000E+0	3,633E-1	3,597E-1	0,000E+0	6	1011
1952,434	39,200	40,900	8,010E+1	0,000E+0	1,768E+2	1,765E+2	0,000E+0	3,633E-1	3,597E-1	0,000E+0	6	1011
1953,434	39,000	41,000	8,000E+1	0,000E+0	1,766E+2	1,768E+2	0,000E+0	3,625E-1	3,600E-1	0,000E+0	6	1011
1954,434	39,000	41,000	8,000E+1	0,000E+0	1,766E+2	1,768E+2	0,000E+0	3,625E-1	3,600E-1	0,000E+0	6	1011
1955,434	39,000	41,000	8,000E+1	0,000E+0	1,766E+2	1,768E+2	0,000E+0	3,625E-1	3,600E-1	0,000E+0	6	1011
1956,434	39,100	40,700	7,980E+1	0,000E+0	1,768E+2	1,764E+2	0,000E+0	3,627E-1	3,586E-1	0,000E+0	6	1011
1957,434	39,100	40,700	7,980E+1	0,000E+0	1,768E+2	1,764E+2	0,000E+0	3,627E-1	3,586E-1	0,000E+0	6	1011
1958,434	39,100	40,900	8,000E+1	0,000E+0	1,768E+2	1,765E+2	0,000E+0	3,635E-1	3,599E-1	0,000E+0	6	1011
1959,434	39,100	40,900	8,000E+1	0,000E+0	1,768E+2	1,765E+2	0,000E+0	3,635E-1	3,599E-1	0,000E+0	6	1011
1960,434	39,200	41,000	8,020E+1	0,000E+0	1,767E+2	1,765E+2	0,000E+0	3,635E-1	3,607E-1	0,000E+0	6	1011
1961,434	39,200	41,000	8,020E+1	0,000E+0	1,767E+2	1,765E+2	0,000E+0	3,635E-1	3,607E-1	0,000E+0	6	1011
1962,434	39,000	40,900	7,990E+1	0,000E+0	1,767E+2	1,766E+2	0,000E+0	3,629E-1	3,594E-1	0,000E+0	6	1011
1963,434	39,000	41,000	8,000E+1	0,000E+0	1,768E+2	1,764E+2	0,000E+0	3,622E-1	3,602E-1	0,000E+0	5	1011
1964,434	39,100	40,700	7,980E+1	0,000E+0	1,767E+2	1,764E+2	0,000E+0	3,629E-1	3,588E-1	0,000E+0	5	1011
1965,433	39,200	40,800	8,000E+1	0,000E+0	1,769E+2	1,764E+2	0,000E+0	3,637E-1	3,593E-1	0,000E+0	5	1011
1966,434	39,100	40,900	8,000E+1	0,000E+0	1,766E+2	1,767E+2	0,000E+0	3,637E-1	3,595E-1	0,000E+0	5	1011
1967,435	39,100	40,900	8,000E+1	0,000E+0	1,766E+2	1,767E+2	0,000E+0	3,637E-1	3,595E-1	0,000E+0	5	1011
1968,435	39,100	40,900	8,000E+1	0,000E+0	1,766E+2	1,767E+2	0,000E+0	3,637E-1	3,595E-1	0,000E+0	5	1011
1969,435	39,100	40,900	8,000E+1	0,000E+0	1,765E+2	1,764E+2	0,000E+0	3,638E-1	3,597E-1	0,000E+0	5	1011
1970,435	39,100	40,900	8,000E+1	0,000E+0	1,765E+2	1,764E+2	0,000E+0	3,638E-1	3,597E-1	0,000E+0	5	1011
1971,435	38,900	41,200	8,010E+1	0,000E+0	1,764E+2	1,767E+2	0,000E+0	3,625E-1	3,613E-1	0,000E+0	5	1011
1972,435	38,900	41,200	8,010E+1	0,000E+0	1,764E+2	1,767E+2	0,000E+0	3,625E-1	3,613E-1	0,000E+0	5	1011
1973,435	38,900	41,200	8,010E+1	0,000E+0	1,764E+2	1,767E+2	0,000E+0	3,625E-1	3,613E-1	0,000E+0	5	1011
1974,434	38,900	41,200	8,010E+1	0,000E+0	1,764E+2	1,767E+2	0,000E+0	3,625E-1	3,613E-1	0,000E+0	5	1011
1975,436	39,000	40,800	7,980E+1	0,000E+0	1,766E+2	1,764E+2	0,000E+0	3,623E-1	3,584E-1	0,000E+0	5	1011
1976,436	39,000	40,800	7,980E+1	0,000E+0	1,766E+2	1,764E+2	0,000E+0	3,623E-1	3,584E-1	0,000E+0	5	1011
1977,436	39,000	40,800	7,980E+1	0,000E+0	1,766E+2	1,764E+2	0,000E+0	3,623E-1	3,584E-1	0,000E+0	5	1011
1978,436	39,100	41,000	8,010E+1	0,000E+0	1,768E+2	1,766E+2	0,000E+0	3,629E-1	3,609E-1	0,000E+0	5	1011
1979,435	39,000	40,900	7,990E+1	0,000E+0	1,766E+2	1,765E+2	0,000E+0	3,628E-1	3,597E-1	0,000E+0	5	1011
1980,436	39,100	40,800	7,990E+1	0,000E+0	1,767E+2	1,764E+2	0,000E+0	3,638E-1	3,605E-1	0,000E+0	5	1011
1981,436	39,000	41,000	8,000E+1	0,000E+0	1,766E+2	1,766E+2	0,000E+0	3,633E-1	3,608E-1	0,000E+0	5	1011
1982,437	39,200	40,800	8,000E+1	0,000E+0	1,769E+2	1,764E+2	0,000E+0	3,647E-1	3,597E-1	0,000E+0	5	1011
1983,437	38,900	41,100	8,000E+1	0,000E+0	1,766E+2	1,763E+2	0,000E+0	3,617E-1	3,612E-1	0,000E+0	5	1011
1984,437	39,000	41,000	8,000E+1	0,000E+0	1,768E+2	1,766E+2	0,000E+0	3,629E-1	3,595E-1	0,000E+0	5	1011
1985,437	39,100	41,100	8,020E+1	0,000E+0	1,765E+2	1,767E+2	0,000E+0	3,641E-1	3,614E-1	0,000E+0	4	1011
1986,437	39,100	40,900	8,000E+1	0,000E+0	1,767E+2	1,765E+2	0,000E+0	3,637E-1	3,609E-1	0,000E+0	4	1011
1987,438	39,000	41,000	8,000E+1	0,000E+0	1,765E+2	1,767E+2	0,000E+0	3,630E-1	3,603E-1	0,000E+0	4	1011
1988,439	39,000	41,000	8,000E+1	0,000E+0	1,765E+2	1,767E+2	0,000E+0	3,630E-1	3,603E-1	0,000E+0	4	1011
1989,439	39,100	40,900	8,000E+1	0,000E+0	1,765E+2	1,765E+2	0,000E+0	3,634E-1	3,600E-1	0,000E+0	4	1011
1990,439	39,100	40,900	8,000E+1	0,000E+0	1,765E+2	1,765E+2	0,000E+0	3,634E-1	3,600E-1	0,000E+0	4	1011
1991,439	39,100	40,900	8,000E+1	0,000E+0	1,765E+2	1,765E+2	0,000E+0	3,634E-1	3,600E-1	0,000E+0	4	1011
1992,439	39,100	41,200	8,030E+1	0,000E+0	1,766E+2	1,764E+2	0,000E+0	3,641E-1	3,619E-1	0,000E+0	4	1011
1993,438	39,100	41,200	8,030E+1	0,000E+0	1,766E+2	1,764E+2	0,000E+0	3,641E-1	3,619E-1	0,000E+0	4	1011
1994,439	39,100	41,200	8,030E+1	0,000E+0	1,766E+2	1,764E+2	0,000E+0	3,641E-1	3,619E-1	0,000E+0	4	1011
1995,440	39,100	41,200	8,030E+1	0,000E+0	1,766E+2	1,764E+2	0,000E+0	3,641E-1	3,619E-1	0,000E+0	4	1011
1996,440	39,100	40,900	8,000E+1	0,000E+0	1,765E+2	1,765E+2	0,000E+0	3,634E-1	3,600E-1	0,000E+0	4	1011
1997,440	39,100	40,900	8,000E+1	0,000E+0	1,765E+2	1,765E+2	0,000E+0	3,634E-1	3,600E-1	0,000E+0	4	1011
1998,440	39,100	40,900	8,000E+1	0,000E+0	1,765E+2	1,765E+2	0,000E+0	3,634E-1	3,600E-1	0,000E+0	4	1011
1999,441	39,100	40,700	7,980E+1	0,000E+0	1,768E+2	1,765E+2	0,000E+0	3,626E-1	3,579E-1	0,000E+0	4	1011
2000,440	39,100	40,700	7,980E+1	0,000E+0	1,768E+2	1,765E+2	0,000E+0	3,626E-1	3,579E-1	0,000E+0	4	1011
2001,441	39,100	40,800	7,990E+1	0,000E+0	1,768E+2	1,765E+2	0,000E+0	3,636E-1	3,595E-1	0,000E+0	4	1011
2002,441	39,100	40,800	7,990E+1	0,000E+0	1,767E+2	1,766E+2	0,000E+0	3,633E-1	3,588E-1	0,000E+0	4	1011
2003,440	39,200	40,700	7,990E+1	0,000E+0	1,768E+2	1,765E+2	0,000E+0	3,643E-1	3,592E-1	0,000E+0	3	1011
2004,441	39,100	40,800	7,990E+1	0,000E+0	1,766E+2	1,766E+2	0,000E+0	3,629E-1	3,591E-1	0,000E+0	3	1011
2005,441	39,100	40,800	7,990E+1	0,000E+0	1,766E+2	1,764E+2	0,000E+0	3,636E-1	3,595E-1	0,000E+0	3	1011
2006,442	39,000	41,100	8,010E+1	0,000E+0	1,764E+2	1,766E+2	0,000E+0	3,630E-1	3,611E-1	0,000E+0	3	1011
2007,442	39,100	41,000	8,010E+1	0,000E+0	1,766E+2	1,764E+2	0,000E+0	3,638E-1	3,607E-1	0,000E+0	3	1011
2008,442	39,100	41,000	8,010E+1	0,000E+0	1,766E+2	1,764E+2	0,000E+0	3,638E-1	3,607E-1	0,000E+0	3	1011
2009,442	39,100	41,000	8,010E+1	0,000E+0	1,766E+2	1,764E+2	0,000E+0	3,638E-1	3,607E-1	0,000E+0	3	1011
2010,441	39,100	41,000	8,010E+1	0,000E+0	1,766E+2	1,764E+2	0,000E+0	3,638E-1	3,607E-1	0,000E+0	3	1011
2011,443	39,100	41,000	8,010E+1	0,000E+0	1,766E+2	1,764E+2	0,000E+0	3,638E-1	3,607E-1	0,000E+0	3	1011
2012,444	39,100	41,000	8,010E+1	0,000E+0	1,768E+2	1,765E+2	0,000E+0	3,638E-1	3,607E-1	0,000E+0	3	1011
2013,444	39,100	41,000	8,010E+1	0,000E+0	1,768E+2	1,765E+2	0,000E+0	3,638E-1	3,607E-1	0,000E+0	3	1011
2014,444	39,100	41,000	8,010E+1	0,000E+0	1,768E+2	1,765E+2	0,000E+0	3,638E-1	3,607E-1	0,000E+0	3	1011
2015,444	39,100	41,000	8,010E+1	0,000E+0	1,768E+2	1,765E+2	0,000E+0	3,638E-1	3,607E-1	0,000E+0	3	1011
2016,444	39,000	41,000	8,000E+1	0,000E+0	1,766E+2	1,766E+2	0,000E+0	3,634E-1	3,602E-1	0,000E+0	3	1011
2017,443	38,900	40,700	7,960E+1	0,000E+0	1,766E+2	1,762E+2	0,000E+0	3,626E-1	3,596E-1	0,000E+0	3	1011
2018,444	38,900	40,700	7,960E+1	0,000E+0	1,766E+2	1,762E+2	0,000E+0	3,626E-1	3,596E-1	0,000E+0	3	1011
2019,445	39,200	40,900	8,010E+1	0,000E+0	1,768E+2	1,764E+2	0,000E+0	3,642E-1	3,608E-1	0,000E+0	3	1011
2020,445	38,900	40,900	7,980E+1	0,000E+0	1,765E+2	1,764E+2	0,000E+0	3,622E-1	3,596E-1	0,000E+0	3	1011
2021,445	39,000	40,900	7,990E+1	0,000E+0	1,766E+2	1,765E+2	0,000E+0	3,635E-1	3,599E-1	0,000E+0	3	1011
2022,446	39,200	41,000	8,020E+1	0,000E+0	1,768E+2	1,766E+2	0,000E+0	3,644E-1	3,610E-1	0,000E+0	3	1011
2023,446	39,200	40,800	8,000E+1	0,000E+0	1,769E+2	1,766E+2	0,000E+0	3,640E-1	3,595E-1	0,000E+0	3	1011
2024,447	39,100	41,000	8,010E+1	0,000E+0	1,766E+2	1,765E+2	0,000E+0	3,635E-1	3,609E-1	0,000E+0	2	1011
2025,447	38,900	41,000	7,990E+1	0,000E+0	1,762E+2	1,765E+2	0,000E+0	3,622E-1	3,599E-1	0,000E+0	2	1011
2026,448	39,100	40,800	7,990E+1	0,000E+0	1,765E+2	1,764E+2	0,000E+0	3,622E-1	3,593E-1	0,000E+0	2	1011
2027,447	39,000	41,000	8,000E+1	0,000E+0	1,766E+2	1,764E+2	0,000E+0	3,636E-1	3,605E-1	0,000E+0	2	1011
2028,449	39,000	41,000	8,000E+1	0,000E+0	1,766E+2	1,764E+2	0,000E+0	3,636E-1	3,605E-1	0,000E+0	2	1011
2029,449	39,000	41,000	8,000E+1	0,000E+0	1,766E+2	1,764E+2	0,000E+0	3,636E-1	3,605E-1	0,000E+0	2	1011
2030,449	39,000	41,000	8,000E+1	0,000E+0	1,766E+2	1,764E+2	0,000E+0	3,636E-1	3,605E-1	0,000E+0	2	1011
2031,449	39,000	41,000	8,000E+1	0,000E+0	1,766E+2	1,764E+2	0,000E+0	3,636E-1	3,605E-1	0,000E+0	2	1011
2032,449	39,100	40,900	8,000E+1	0,000E+0	1,765E+2	1,762E+2	0,000E+0	3,644E-1	3,599E-1	0,000E+0	2	1011
2033,449	39,100	40,900	8,000E+1	0,000E+0	1,765E+2	1,762E+2	0,000E+0	3,644E-1	3,599E-1	0,000E+0	2	1011
2034,450	39,100	40,900	8,000E+1	0,000E+0	1,765E+2	1,762E+2	0,000E+0	3,644E-1	3,599E-1	0,000E+0	2	1011
2035,450	39,100	40,900	8,000E+1	0,000E+0	1,765E+2	1,762E+2	0,000E+0	3,644E-1	3,599E-1	0,000E+0	2	1011
2036,450	39,000	41,100	8,010E+1	0,000E+0	1,764E+2	1,765E+2	0,000E+0	3,630E-1	3,611E-1	0,000E+0	2	1011
2037,449	39,000	41,100	8,010E+1	0,000E+0	1,764E+2	1,765E+2	0,000E+0	3,630E-1	3,611E-1	0,000E+0	2	1011
2038,450	39,000	41,100	8,010E+1	0,000E+0	1,764E+2	1,764E+2	0,000E+0	3,634E-1	3,608E-1	0,000E+0	2	1011
2039,450	39,000	41,100	8,010E+1	0,000E+0	1,764E+2	1,764E+2	0,000E+0	3,634E-1	3,608E-1	0,000E+0	2	1011
2040,450	39,100	41,000	8,010E+1	0,000E+0	1,764E+2	1,765E+2	0,000E+0	3,645E-1	3,609E-1	0,000E+0	2	1011
2041,450	38,900	40,900	7,980E+1	0,000E+0	1,766E+2	1,764E+2	0,000E+0	3,618E-1	3,598E-1	0,000E+0	1	1011
2042,450	39,100	41,000	8,010E+1	0,000E+0	1,766E+2	1,764E+2	0,000E+0	3,633E-1	3,609E-1	0,000E+0	1	1011
2043,450	39,200	40,900	8,010E+1	0,000E+0	1,765E+2	1,764E+2	0,000E+0	3,637E-1	3,596E-1	0,000E+0	1	1011
2044,449	39,000	41,000	8,000E+1	0,000E+0	1,766E+2	1,764E+2	0,000E+0	3,634E-1	3,616E-1	0,000E+0	1	1011
2045,450	39,100	40,900	8,000E+1	0,000E+0	1,765E+2	1,764E+2	0,000E+0	3,632E-1	3,601E-1	0,000E+0	1	1011
2046,450	39,100	40,900	8,000E+1	0,000E+0	1,765E+2	1,764E+2	0,000E+0	3,632E-1	3,601E-1	0,000E+0	1	1011
2047,450	39,100	40,900	8,000E+1	0,000E+0	1,765E+2	1,764E+2	0,000E+0	3,632E-1	3,601E-1	0,000E+0	1	1011
2048,450	39,100	40,900	8,000E+1	0,000E+0	1,765E+2	1,764E+2	0,000E+0	3,632E-1	3,601E-1	0,000E+0	1	1011
2049,450	39,100	40,900	8,000E+1	0,000E+0	1,765E+2	1,764E+2	0,000E+0	3,632E-1	3,601E-1	0,000E+0	1	1011
2050,450	39,100	40,800	7,990E+1	0,000E+0	1,768E+2	1,767E+2	0,000E+0	3,639E-1	3,594E-1	0,000E+0	1	1011
2051,449	39,100	40,800	7,990E+1	0,000E+0	1,768E+2	1,767E+2	0,000E+0	3,639E-1	3,594E-1	0,000E+0	1	1011
2053,450	39,100	40,800	7,990E+1	0,000E+0	1,768E+2	1,767E+2	0,000E+0	3,639E-1	3,594E-1	0,000E+0	1	1011
2053,450	39,100	41,000	8,010E+1	0,000E+0	1,764E+2	1,764E+2	0,000E+0	3,625E-1	3,600E-1	0,000E+0	1	1011
2054,450	39,100	41,000	8,010E+1	0,000E+0	1,764E+2	1,764E+2	0,000E+0	3,625E-1	3,600E-1	0,000E+0	1	1011
2056,450	39,100	41,000	8,010E+1	0,000E+0	1,764E+2	1,764E+2	0,000E+0	3,625E-1	3,600E-1	0,000E+0	1	1011
2056,450	39,100	41,000	8,010E+1	0,000E+0	1,764E+2	1,764E+2	0,000E+0	3,625E-1	3,600E-1	0,000E+0	1	1011
2057,451	39,100	40,900	8,000E+1	0,000E+0	1,766E+2	1,765E+2	0,000E+0	3,636E-1	3,604E-1	0,000E+0	1	1011
2058,450	39,100	40,900	8,000E+1	0,000E+0	1,766E+2	1,766E+2	0,000E+0	3,632E-1	3,602E-1	0,000E+0	1	1011
2059,452	39,100	40,900	8,000E+1	0,000E+0	1,766E+2	1,766E+2	0,000E+0	3,632E-1	3,602E-1	0,000E+0	1	1011
2060,453	39,100	41,000	8,010E+1	0,000E+0	1,766E+2	1,765E+2	0,000E+0	3,630E-1	3,608E-1	0,000E+0	1	1011
2061,453	39,000	40,800	7,980E+1	0,000E+0	1,766E+2	1,764E+2	0,000E+0	3,630E-1	3,597E-1	0,000E+0	0	1011
2062,454	39,000	41,200	8,020E+1	0,000E+0	1,764E+2	1,762E+2	0,000E+0	3,637E-1	3,619E-1	0,000E+0	0	1011
2063,454	39,200	41,000	8,020E+1	0,000E+0	1,765E+2	1,762E+2	0,000E+0	3,648E-1	3,609E-1	0,000E+0	0	1011
2064,455	39,100	40,900	8,000E+1	0,000E+0	1,764E+2	1,763E+2	0,000E+0	3,635E-1	3,602E-1	0,000E+0	0	1011
2065,455	39,100	40,900	8,000E+1	0,000E+0	1,764E+2	1,763E+2	0,000E+0	3,635E-1	3,602E-1	0,000E+0	0	1011
2066,456	39,100	40,900	8,000E+1	0,000E+0	1,764E+2	1,763E+2	0,000E+0	3,635E-1	3,602E-1	0,000E+0	0	1011
2067,456	39,100	40,900	8,000E+1	0,000E+0	1,764E+2	1,763E+2	0,000E+0	3,635E-1	3,602E-1	0,000E+0	0	1011
2068,456	39,100	40,900	8,000E+1	0,000E+0	1,764E+2	1,763E+2	0,000E+0	3,635E-1	3,602E-1	0,000E+0	0	1011
2069,456	39,000	40,900	7,990E+1	0,000E+0	1,767E+2	1,764E+2	0,000E+0	3,636E-1	3,594E-1	0,000E+0	0	1011
2070,455	39,000	40,900	7,990E+1	0,000E+0	1,767E+2	1,764E+2	0,000E+0	3,636E-1	3,594E-1	0,000E+0	0	1011
2071,456	39,000	40,900	7,990E+1	0,000E+0	1,767E+2	1,764E+2	0,000E+0	3,636E-1	3,594E-1	0,000E+0	0	1011
2072,456	39,000	40,900	7,990E+1	0,000E+0	1,767E+2	1,764E+2	0,000E+0	3,636E-1	3,594E-1	0,000E+0	0	1011
2073,456	39,100	40,900	8,000E+1	0,000E+0	1,769E+2	1,766E+2	0,000E+0	3,632E-1	3,595E-1	0,000E+0	0	1011
2074,456	39,100	40,900	8,000E+1	0,000E+0	1,769E+2	1,766E+2	0,000E+0	3,632E-1	3,595E-1	0,000E+0	0	1011
2075,455	39,100	41,300	8,040E+1	0,000E+0	1,763E+2	1,765E+2	0,000E+0	3,642E-1	3,625E-1	0,000E+0	0	1011
2076,456	39,100	41,300	8,040E+1	0,000E+0	1,763E+2	1,765E+2	0,000E+0	3,642E-1	3,625E-1	0,000E+0	0	1011
2077,456	39,100	40,800	7,990E+1	0,000E+0	1,764E+2	1,764E+2	0,000E+0	3,632E-1	3,590E-1	0,000E+0	0	1011
2078,457	39,200	41,000	8,020E+1	0,000E+0	1,764E+2	1,763E+2	0,000E+0	3,645E-1	3,615E-1	0,000E+0	0	1011
2079,457	39,300	40,800	8,010E+1	0,000E+0	1,766E+2	1,763E+2	0,000E+0	3,653E-1	3,605E-1	0,000E+0	0	1011
2080,457	39,000	40,900	7,990E+1	0,000E+0	1,764E+2	1,764E+2	0,000E+0	3,630E-1	3,599E-1	0,000E+0	0	1011
2081,457	38,900	40,900	7,980E+1	0,000E+0	1,764E+2	1,761E+2	0,000E+0	3,626E-1	3,596E-1	0,000E+0	0	1011
2082,457	38,900	41,000	7,990E+1	0,000E+0	1,764E+2	1,764E+2	0,000E+0	3,615E-1	3,599E-1	0,000E+0	0	1011
2083,458	38,900	41,000	7,990E+1	0,000E+0	1,764E+2	1,764E+2	0,000E+0	3,615E-1	3,599E-1	0,000E+0	0	1011
2084,458	39,000	41,000	8,000E+1	0,000E+0	1,763E+2	1,763E+2	0,000E+0	3,646E-1	3,623E-1	0,000E+0	0	1011
2085,458	39,200	40,900	8,010E+1	0,000E+0	1,765E+2	1,762E+2	0,000E+0	3,639E-1	3,601E-1	0,000E+0	0	1011
2086,457	39,000	40,900	7,990E+1	0,000E+0	1,764E+2	1,763E+2	0,000E+0	3,631E-1	3,607E-1	0,000E+0	0	1011
2087,458	39,200	40,900	8,010E+1	0,000E+0	1,765E+2	1,761E+2	0,000E+0	3,643E-1	3,595E-1	0,000E+0	0	1011
2088,457	39,200	41,000	8,020E+1	0,000E+0	1,765E+2	1,761E+2	0,000E+0	3,647E-1	3,612E-1	0,000E+0	0	1011
2089,459	39,000	40,900	7,990E+1	0,000E+0	1,764E+2	1,764E+2	0,000E+0	3,637E-1	3,601E-1	0,000E+0	0	1011
2090,460	38,900	40,900	7,980E+1	0,000E+0	1,764E+2	1,761E+2	0,000E+0	3,627E-1	3,606E-1	0,000E+0	0	1011
2091,461	39,000	40,700	7,970E+1	0,000E+0	1,763E+2	1,762E+2	0,000E+0	3,633E-1	3,588E-1	0,000E+0	0	1011
2092,461	39,200	41,100	8,030E+1	0,000E+0	1,765E+2	1,762E+2	0,000E+0	3,654E-1	3,619E-1	0,000E+0	0	1011
2093,461	39,100	40,700	7,980E+1	0,000E+0	1,763E+2	1,761E+2	0,000E+0	3,635E-1	3,582E-1	0,000E+0	0	1011
2094,462	39,100	40,700	7,980E+1	0,000E+0	1,763E+2	1,761E+2	0,000E+0	3,635E-1	3,582E-1	0,000E+0	0	1011
2095,463	39,100	40,700	7,980E+1	0,000E+0	1,762E+2	1,760E+2	0,000E+0	3,640E-1	3,602E-1	0,000E+0	0	1011
2096,463	39,200	40,900	8,010E+1	0,000E+0	1,764E+2	1,762E+2	0,000E+0	3,645E-1	3,603E-1	0,000E+0	0	1011
2097,464	39,200	40,800	8,000E+1	0,000E+0	1,764E+2	1,761E+2	0,000E+0	3,640E-1	3,596E-1	0,000E+0	0	1011
2098,465	39,200	41,000	8,020E+1	0,000E+0	1,762E+2	1,763E+2	0,000E+0	3,644E-1	3,607E-1	0,000E+0	0	1011
2099,465	39,100	40,900	8,000E+1	0,000E+0	1,765E+2	1,762E+2	0,000E+0	3,635E-1	3,596E-1	0,000E+0	0	1100
2100,464	39,000	40,800	7,980E+1	0,000E+0	1,765E+2	1,761E+2	0,000E+0	3,630E-1	3,601E-1	0,000E+0	0	1100
2101,465	39,000	40,800	7,980E+1	0,000E+0	1,763E+2	1,762E+2	0,000E+0	3,631E-1	3,597E-1	0,000E+0	0	1100
2102,465	39,100	41,100	8,020E+1	0,000E+0	1,766E+2	1,762E+2	0,000E+0	3,646E-1	3,618E-1	0,000E+0	0	1100
2103,465	39,100	40,900	8,000E+1	0,000E+0	1,765E+2	1,763E+2	0,000E+0	3,638E-1	3,602E-1	0,000E+0	0	1100
2104,466	39,100	40,900	8,000E+1	0,000E+0	1,765E+2	1,762E+2	0,000E+0	3,643E-1	3,601E-1	0,000E+0	0	1100
2105,465	39,100	40,900	8,000E+1	0,000E+0	1,765E+2	1,762E+2	0,000E+0	3,643E-1	3,601E-1	0,000E+0	0	1100
2106,466	39,100	40,900	8,000E+1	0,000E+0	1,765E+2	1,762E+2	0,000E+0	3,643E-1	3,601E-1	0,000E+0	0	1100
2107,466	39,100	40,900	8,000E+1	0,000E+0	1,765E+2	1,762E+2	0,000E+0	3,643E-1	3,601E-1	0,000E+0	0	1100
2108,466	39,000	41,100	8,010E+1	0,000E+0	1,764E+2	1,765E+2	0,000E+0	3,636E-1	3,613E-1	0,000E+0	0	1100
2109,467	39,000	41,100	8,010E+1	0,000E+0	1,764E+2	1,765E+2	0,000E+0	3,636E-1	3,613E-1	0,000E+0	0	1100
2110,467	39,000	41,100	8,010E+1	0,000E+0	1,764E+2	1,765E+2	0,000E+0	3,636E-1	3,613E-1	0,000E+0	0	1100
2111,467	39,100	40,900	8,000E+1	0,000E+0	1,765E+2	1,762E+2	0,000E+0	3,646E-1	3,605E-1	0,000E+0	0	1100
2112,467	39,100	40,900	8,000E+1	0,000E+0	1,765E+2	1,762E+2	0,000E+0	3,646E-1	3,605E-1	0,000E+0	0	1100
2113,467	39,100	40,900	8,000E+1	0,000E+0	1,765E+2	1,762E+2	0,000E+0	3,646E-1	3,605E-1	0,000E+0	0	1100
2114,466	39,100	40,900	8,000E+1	0,000E+0	1,765E+2	1,762E+2	0,000E+0	3,646E-1	3,605E-1	0,000E+0	0	1100
2115,468	39,100	40,900	8,000E+1	0,000E+0	1,766E+2	1,765E+2	0,000E+0	3,629E-1	3,593E-1	0,000E+0	0	1100
2116,468	39,100	40,900	8,000E+1	0,000E+0	1,766E+2	1,765E+2	0,000E+0	3,629E-1	3,593E-1	0,000E+0	0	1100
2117,468	38,900	40,900	7,980E+1	0,000E+0	1,765E+2	1,763E+2	0,000E+0	3,626E-1	3,597E-1	0,000E+0	0	1100
2118,468	39,100	40,900	8,000E+1	0,000E+0	1,764E+2	1,764E+2	0,000E+0	3,636E-1	3,600E-1	0,000E+0	0	1100
2119,468	39,100	40,900	8,000E+1	0,000E+0	1,764E+2	1,764E+2	0,000E+0	3,636E-1	3,600E-1	0,000E+0	1	1100
2120,469	39,000	40,900	7,990E+1	0,000E+0	1,764E+2	1,763E+2	0,000E+0	3,626E-1	3,602E-1	0,000E+0	1	1100
2121,469	39,000	40,800	7,980E+1	0,000E+0	1,765E+2	1,765E+2	0,000E+0	3,631E-1	3,599E-1	0,000E+0	1	1100
2122,470	39,200	40,900	8,010E+1	0,000E+0	1,766E+2	1,764E+2	0,000E+0	3,644E-1	3,599E-1	0,000E+0	1	1100
2123,470	39,200	40,900	8,010E+1	0,000E+0	1,767E+2	1,764E+2	0,000E+0	3,644E-1	3,603E-1	0,000E+0	1	1100
2124,470	39,000	41,000	8,000E+1	0,000E+0	1,766E+2	1,764E+2	0,000E+0	3,636E-1	3,615E-1	0,000E+0	1	1100
2125,470	39,000	41,000	8,000E+1	0,000E+0	1,766E+2	1,764E+2	0,000E+0	3,636E-1	3,615E-1	0,000E+0	1	1100
2126,471	39,000	41,000	8,000E+1	0,000E+0	1,766E+2	1,764E+2	0,000E+0	3,636E-1	3,615E-1	0,000E+0	1	1100
2127,471	39,000	41,000	8,000E+1	0,000E+0	1,766E+2	1,764E+2	0,000E+0	3,636E-1	3,615E-1	0,000E+0	1	1100
2128,470	39,000	41,000	8,000E+1	0,000E+0	1,766E+2	1,764E+2	0,000E+0	3,636E-1	3,615E-1	0,000E+0	1	1100
2129,471	39,100	40,900	8,000E+1	0,000E+0	1,764E+2	1,763E+2	0,000E+0	3,631E-1	3,603E-1	0,000E+0	1	1100
2130,471	39,100	40,900	8,000E+1	0,000E+0	1,764E+2	1,763E+2	0,000E+0	3,631E-1	3,603E-1	0,000E+0	1	1100
2131,472	39,100	40,900	8,000E+1	0,000E+0	1,764E+2	1,763E+2	0,000E+0	3,631E-1	3,603E-1	0,000E+0	1	1100
2132,473	39,000	41,100	8,010E+1	0,000E+0	1,765E+2	1,764E+2	0,000E+0	3,637E-1	3,610E-1	0,000E+0	1	1100
2133,473	39,000	41,100	8,010E+1	0,000E+0	1,765E+2	1,764E+2	0,000E+0	3,637E-1	3,610E-1	0,000E+0	1	1100
2134,475	39,000	41,100	8,010E+1	0,000E+0	1,765E+2	1,764E+2	0,000E+0	3,637E-1	3,610E-1	0,000E+0	1	1100
2135,475	39,000	41,100	8,010E+1	0,000E+0	1,765E+2	1,764E+2	0,000E+0	3,637E-1	3,610E-1	0,000E+0	1	1100
2136,476	39,100	40,900	8,000E+1	0,000E+0	1,765E+2	1,764E+2	0,000E+0	3,639E-1	3,614E-1	0,000E+0	1	1100
2137,477	39,200	40,900	8,010E+1	0,000E+0	1,767E+2	1,765E+2	0,000E+0	3,640E-1	3,602E-1	0,000E+0	1	1100
2138,477	39,100	40,900	8,000E+1	0,000E+0	1,766E+2	1,764E+2	0,000E+0	3,637E-1	3,596E-1	0,000E+0	1	1100
2139,477	39,200	40,900	8,010E+1	0,000E+0	1,766E+2	1,766E+2	0,000E+0	3,638E-1	3,599E-1	0,000E+0	2	1100
2140,477	39,200	40,900	8,010E+1	0,000E+0	1,766E+2	1,766E+2	0,000E+0	3,638E-1	3,599E-1	0,000E+0	2	1100
2141,477	38,900	40,800	7,970E+1	0,000E+0	1,767E+2	1,764E+2	0,000E+0	3,625E-1	3,591E-1	0,000E+0	2	1100
2142,477	39,200	40,900	8,010E+1	0,000E+0	1,766E+2	1,765E+2	0,000E+0	3,653E-1	3,608E-1	0,000E+0	2	1100
2143,477	39,300	40,800	8,010E+1	0,000E+0	1,767E+2	1,764E+2	0,000E+0	3,645E-1	3,601E-1	0,000E+0	2	1100
2144,478	39,000	40,900	7,990E+1	0,000E+0	1,767E+2	1,766E+2	0,000E+0	3,633E-1	3,603E-1	0,000E+0	2	1100
2145,478	39,000	40,900	7,990E+1	0,000E+0	1,767E+2	1,766E+2	0,000E+0	3,633E-1	3,603E-1	0,000E+0	2	1100
2146,478	39,000	40,900	7,990E+1	0,000E+0	1,767E+2	1,766E+2	0,000E+0	3,633E-1	3,603E-1	0,000E+0	2	1100
2147,479	39,000	40,900	7,990E+1	0,000E+0	1,767E+2	1,766E+2	0,000E+0	3,633E-1	3,603E-1	0,000E+0	2	1100
2148,479	39,200	40,700	7,990E+1	0,000E+0	1,767E+2	1,764E+2	0,000E+0	3,643E-1	3,593E-1	0,000E+0	2	1100
2149,479	39,200	40,700	7,990E+1	0,000E+0	1,767E+2	1,764E+2	0,000E+0	3,643E-1	3,593E-1	0,000E+0	2	1100
2150,479	39,200	40,700	7,990E+1	0,000E+0	1,767E+2	1,764E+2	0,000E+0	3,643E-1	3,593E-1	0,000E+0	2	1100
2151,479	39,200	40,700	7,990E+1	0,000E+0	1,767E+2	1,764E+2	0,000E+0	3,643E-1	3,593E-1	0,000E+0	2	1100
2152,478	39,200	41,100	8,030E+1	0,000E+0	1,766E+2	1,766E+2	0,000E+0	3,650E-1	3,613E-1	0,000E+0	2	1100
2153,479	39,200	41,100	8,030E+1	0,000E+0	1,766E+2	1,766E+2	0,000E+0	3,650E-1	3,613E-1	0,000E+0	2	1100
2154,479	39,200	41,100	8,030E+1	0,000E+0	1,767E+2	1,766E+2	0,000E+0	3,650E-1	3,616E-1	0,000E+0	2	1100
2155,479	39,200	41,100	8,030E+1	0,000E+0	1,767E+2	1,766E+2	0,000E+0	3,650E-1	3,616E-1	0,000E+0	2	1100
2156,479	39,300	40,800	8,010E+1	0,000E+0	1,769E+2	1,762E+2	0,000E+0	3,652E-1	3,598E-1	0,000E+0	2	1100
2157,479	39,100	40,900	8,000E+1	0,000E+0	1,766E+2	1,765E+2	0,000E+0	3,633E-1	3,603E-1	0,000E+0	2	1100
2158,479	39,100	40,900	8,000E+1	0,000E+0	1,766E+2	1,764E+2	0,000E+0	3,641E-1	3,600E-1	0,000E+0	2	1100
2159,478	39,100	40,900	8,000E+1	0,000E+0	1,766E+2	1,764E+2	0,000E+0	3,638E-1	3,608E-1	0,000E+0	3	1100
2160,478	39,000	41,200	8,020E+1	0,000E+0	1,764E+2	1,767E+2	0,000E+0	3,636E-1	3,620E-1	0,000E+0	3	1100
2161,479	39,200	40,800	8,000E+1	0,000E+0	1,764E+2	1,763E+2	0,000E+0	3,639E-1	3,600E-1	0,000E+0	3	1100
2162,479	39,200	40,800	8,000E+1	0,000E+0	1,764E+2	1,763E+2	0,000E+0	3,639E-1	3,600E-1	0,000E+0	3	1100
2163,480	38,900	40,900	7,980E+1	0,000E+0	1,767E+2	1,766E+2	0,000E+0	3,618E-1	3,597E-1	0,000E+0	3	1100
2164,480	39,100	40,900	8,000E+1	0,000E+0	1,767E+2	1,765E+2	0,000E+0	3,634E-1	3,598E-1	0,000E+0	3	1100
2165,480	39,100	40,900	8,000E+1	0,000E+0	1,767E+2	1,765E+2	0,000E+0	3,634E-1	3,598E-1	0,000E+0	3	1100
2166,481	39,100	40,900	8,000E+1	0,000E+0	1,767E+2	1,765E+2	0,000E+0	3,634E-1	3,598E-1	0,000E+0	3	1100
2167,481	39,100	40,900	8,000E+1	0,000E+0	1,767E+2	1,765E+2	0,000E+0	3,634E-1	3,598E-1	0,000E+0	3	1100
2168,482	39,100	40,800	7,990E+1	0,000E+0	1,768E+2	1,768E+2	0,000E+0	3,636E-1	3,598E-1	0,000E+0	3	1100
2169,483	39,100	40,800	7,990E+1	0,000E+0	1,768E+2	1,768E+2	0,000E+0	3,636E-1	3,598E-1	0,000E+0	3	1100
2170,483	39,100	40,800	7,990E+1	0,000E+0	1,768E+2	1,768E+2	0,000E+0	3,636E-1	3,598E-1	0,000E+0	3	1100
2171,483	39,100	40,800	7,990E+1	0,000E+0	1,768E+2	1,768E+2	0,000E+0	3,636E-1	3,598E-1	0,000E+0	3	1100
2172,483	39,100	40,800	7,990E+1	0,000E+0	1,767E+2	1,765E+2	0,000E+0	3,636E-1	3,598E-1	0,000E+0	3	1100
2173,484	39,100	40,800	7,990E+1	0,000E+0	1,767E+2	1,765E+2	0,000E+0	3,636E-1	3,598E-1	0,000E+0	3	1100
2174,483	39,100	40,800	7,990E+1	0,000E+0	1,767E+2	1,765E+2	0,000E+0	3,640E-1	3,596E-1	0,000E+0	3	1100
2175,484	39,100	40,800	7,990E+1	0,000E+0	1,767E+2	1,765E+2	0,000E+0	3,640E-1	3,596E-1	0,000E+0	3	1100
2176,484	39,200	40,900	8,010E+1	0,000E+0	1,766E+2	1,763E+2	0,000E+0	3,643E-1	3,606E-1	0,000E+0	3	1100
2177,485	39,000	40,800	7,980E+1	0,000E+0	1,766E+2	1,764E+2	0,000E+0	3,626E-1	3,598E-1	0,000E+0	3	1100
2178,486	39,100	40,900	8,000E+1	0,000E+0	1,767E+2	1,764E+2	0,000E+0	3,636E-1	3,593E-1	0,000E+0	3	1100
2179,485	38,900	40,800	7,970E+1	0,000E+0	1,767E+2	1,764E+2	0,000E+0	3,624E-1	3,598E-1	0,000E+0	3	1100
2180,487	39,100	41,000	8,010E+1	0,000E+0	1,766E+2	1,765E+2	0,000E+0	3,641E-1	3,607E-1	0,000E+0	4	1100
2181,488	39,100	41,000	8,010E+1	0,000E+0	1,766E+2	1,765E+2	0,000E+0	3,641E-1	3,607E-1	0,000E+0	4	1100
2182,490	39,200	40,900	8,010E+1	0,000E+0	1,766E+2	1,765E+2	0,000E+0	3,647E-1	3,600E-1	0,000E+0	4	1100
2183,491	39,200	40,600	7,980E+1	0,000E+0	1,767E+2	1,763E+2	0,000E+0	3,646E-1	3,581E-1	0,000E+0	4	1100
2184,491	39,100	40,900	8,000E+1	0,000E+0	1,766E+2	1,764E+2	0,000E+0	3,638E-1	3,606E-1	0,000E+0	4	1100
2185,491	39,100	40,900	8,000E+1	0,000E+0	1,766E+2	1,764E+2	0,000E+0	3,638E-1	3,606E-1	0,000E+0	4	1100
2186,490	39,100	40,900	8,000E+1	0,000E+0	1,766E+2	1,764E+2	0,000E+0	3,638E-1	3,606E-1	0,000E+0	4	1100
2187,491	39,100	40,900	8,000E+1	0,000E+0	1,766E+2	1,764E+2	0,000E+0	3,638E-1	3,606E-1	0,000E+0	4	1100
2188,491	39,100	40,900	8,000E+1	0,000E+0	1,766E+2	1,764E+2	0,000E+0	3,638E-1	3,606E-1	0,000E+0	4	1100
2189,491	39,200	41,000	8,020E+1	0,000E+0	1,766E+2	1,764E+2	0,000E+0	3,642E-1	3,602E-1	0,000E+0	4	1100
2190,491	39,200	41,000	8,020E+1	0,000E+0	1,766E+2	1,764E+2	0,000E+0	3,642E-1	3,602E-1	0,000E+0	4	1100
2191,491	39,200	41,000	8,020E+1	0,000E+0	1,766E+2	1,764E+2	0,000E+0	3,642E-1	3,602E-1	0,000E+0	4	1100
2192,491	39,100	40,900	8,000E+1	0,000E+0	1,766E+2	1,762E+2	0,000E+0	3,635E-1	3,603E-1	0,000E+0	4	1100
2193,490	39,100	40,900	8,000E+1	0,000E+0	1,766E+2	1,762E+2	0,000E+0	3,635E-1	3,603E-1	0,000E+0	4	1100
2194,491	39,200	40,700	7,990E+1	0,000E+0	1,764E+2	1,762E+2	0,000E+0	3,636E-1	3,598E-1	0,000E+0	4	1100
2195,491	39,200	40,700	7,990E+1	0,000E+0	1,764E+2	1,762E+2	0,000E+0	3,636E-1	3,598E-1	0,000E+0	4	1100
2196,491	39,000	40,800	7,980E+1	0,000E+0	1,764E+2	1,763E+2	0,000E+0	3,628E-1	3,597E-1	0,000E+0	4	1100
2197,491	39,000	40,800	7,980E+1	0,000E+0	1,764E+2	1,763E+2	0,000E+0	3,628E-1	3,597E-1	0,000E+0	4	1100
2198,491	38,800	41,100	7,990E+1	0,000E+0	1,766E+2	1,765E+2	0,000E+0	3,621E-1	3,606E-1	0,000E+0	4	1100
2199,492	39,100	41,200	8,030E+1	0,000E+0	1,766E+2	1,764E+2	0,000E+0	3,634E-1	3,614E-1	0,000E+0	4	1100
2200,491	39,000	40,800	7,980E+1	0,000E+0	1,764E+2	1,764E+2	0,000E+0	3,627E-1	3,590E-1	0,000E+0	4	1100
2201,493	39,100	41,000	8,010E+1	0,000E+0	1,765E+2	1,764E+2	0,000E+0	3,633E-1	3,603E-1	0,000E+0	5	1100
2202,494	39,100	41,000	8,010E+1	0,000E+0	1,765E+2	1,764E+2	0,000E+0	3,633E-1	3,603E-1	0,000E+0	5	1100
2203,494	39,100	41,000	8,010E+1	0,000E+0	1,766E+2	1,766E+2	0,000E+0	3,633E-1	3,602E-1	0,000E+0	5	1100
2204,494	39,100	40,900	8,000E+1	0,000E+0	1,766E+2	1,763E+2	0,000E+0	3,642E-1	3,605E-1	0,000E+0	5	1100
2205,495	39,100	40,800	7,990E+1	0,000E+0	1,766E+2	1,762E+2	0,000E+0	3,636E-1	3,596E-1	0,000E+0	5	1100
2206,495	39,000	41,000	8,000E+1	0,000E+0	1,765E+2	1,767E+2	0,000E+0	3,637E-1	3,609E-1	0,000E+0	5	1100
2207,495	39,000	41,000	8,000E+1	0,000E+0	1,765E+2	1,767E+2	0,000E+0	3,637E-1	3,609E-1	0,000E+0	5	1100
2208,496	39,000	41,000	8,000E+1	0,000E+0	1,765E+2	1,767E+2	0,000E+0	3,637E-1	3,609E-1	0,000E+0	5	1100
2209,496	39,100	40,900	8,000E+1	0,000E+0	1,768E+2	1,763E+2	0,000E+0	3,634E-1	3,599E-1	0,000E+0	5	1100
2210,496	39,100	40,900	8,000E+1	0,000E+0	1,768E+2	1,763E+2	0,000E+0	3,634E-1	3,599E-1	0,000E+0	5	1100
2211,496	39,100	40,900	8,000E+1	0,000E+0	1,768E+2	1,763E+2	0,000E+0	3,634E-1	3,599E-1	0,000E+0	5	1100
2212,496	39,100	40,900	8,000E+1	0,000E+0	1,768E+2	1,763E+2	0,000E+0	3,634E-1	3,599E-1	0,000E+0	5	1100
2213,496	39,100	40,900	8,000E+1	0,000E+0	1,765E+2	1,764E+2	0,000E+0	3,636E-1	3,601E-1	0,000E+0	5	1100
2214,495	39,100	40,900	8,000E+1	0,000E+0	1,765E+2	1,764E+2	0,000E+0	3,636E-1	3,601E-1	0,000E+0	5	1100
2215,496	39,200	41,000	8,020E+1	0,000E+0	1,766E+2	1,764E+2	0,000E+0	3,637E-1	3,605E-1	0,000E+0	5	1100
2216,496	39,000	40,900	7,990E+1	0,000E+0	1,766E+2	1,765E+2	0,000E+0	3,631E-1	3,599E-1	0,000E+0	5	1100
2217,496	39,000	40,900	7,990E+1	0,000E+0	1,766E+2	1,765E+2	0,000E+0	3,631E-1	3,599E-1	0,000E+0	5	1100
2218,496	39,100	40,900	8,000E+1	0,000E+0	1,766E+2	1,764E+2	0,000E+0	3,639E-1	3,608E-1	0,000E+0	5	1100
2219,495	38,900	40,800	7,970E+1	0,000E+0	1,766E+2	1,765E+2	0,000E+0	3,622E-1	3,587E-1	0,000E+0	5	1100
2220,496	39,300	40,800	8,010E+1	0,000E+0	1,766E+2	1,761E+2	0,000E+0	3,650E-1	3,595E-1	0,000E+0	6	1100
2221,497	39,100	41,100	8,020E+1	0,000E+0	1,764E+2	1,764E+2	0,000E+0	3,643E-1	3,610E-1	0,000E+0	6	1100
2222,497	38,900	40,800	7,970E+1	0,000E+0	1,765E+2	1,765E+2	0,000E+0	3,618E-1	3,591E-1	0,000E+0	6	1100
2223,497	39,300	40,900	8,020E+1	0,000E+0	1,764E+2	1,763E+2	0,000E+0	3,654E-1	3,609E-1	0,000E+0	6	1100
2224,498	39,200	40,800	8,000E+1	0,000E+0	1,765E+2	1,761E+2	0,000E+0	3,641E-1	3,600E-1	0,000E+0	6	1100
2225,498	39,200	40,800	8,000E+1	0,000E+0	1,765E+2	1,761E+2	0,000E+0	3,641E-1	3,600E-1	0,000E+0	6	1100
2226,499	39,200	40,800	8,000E+1	0,000E+0	1,765E+2	1,761E+2	0,000E+0	3,641E-1	3,600E-1	0,000E+0	6	1100
2227,500	39,200	40,900	8,010E+1	0,000E+0	1,764E+2	1,764E+2	0,000E+0	3,640E-1	3,601E-1	0,000E+0	6	1100
2228,501	39,200	40,900	8,010E+1	0,000E+0	1,764E+2	1,764E+2	0,000E+0	3,640E-1	3,601E-1	0,000E+0	6	1100
2229,501	39,000	41,000	8,000E+1	0,000E+0	1,764E+2	1,765E+2	0,000E+0	3,631E-1	3,601E-1	0,000E+0	6	1100
2230,501	39,000	41,000	8,000E+1	0,000E+0	1,764E+2	1,765E+2	0,000E+0	3,631E-1	3,601E-1	0,000E+0	6	1100
2231,501	39,000	41,000	8,000E+1	0,000E+0	1,764E+2	1,765E+2	0,000E+0	3,631E-1	3,601E-1	0,000E+0	6	1100
2232,502	39,000	41,000	8,000E+1	0,000E+0	1,764E+2	1,765E+2	0,000E+0	3,631E-1	3,601E-1	0,000E+0	6	1100
2233,502	39,100	40,900	8,000E+1	0,000E+0	1,766E+2	1,764E+2	0,000E+0	3,646E-1	3,613E-1	0,000E+0	6	1100
2234,503	39,100	40,900	8,000E+1	0,000E+0	1,766E+2	1,764E+2	0,000E+0	3,646E-1	3,613E-1	0,000E+0	6	1100
2235,503	39,100	40,900	8,000E+1	0,000E+0	1,766E+2	1,764E+2	0,000E+0	3,646E-1	3,613E-1	0,000E+0	6	1100
2236,503	39,200	40,900	8,010E+1	0,000E+0	1,766E+2	1,763E+2	0,000E+0	3,642E-1	3,604E-1	0,000E+0	6	1100
2237,503	39,200	40,900	8,010E+1	0,000E+0	1,766E+2	1,763E+2	0,000E+0	3,642E-1	3,604E-1	0,000E+0	6	1100
2238,503	39,200	40,900	8,010E+1	0,000E+0	1,766E+2	1,763E+2	0,000E+0	3,642E-1	3,604E-1	0,000E+0	7	1100
2239,503	39,200	40,900	8,010E+1	0,000E+0	1,766E+2	1,763E+2	0,000E+0	3,642E-1	3,604E-1	0,000E+0	7	1100
2240,504	39,200	40,900	8,010E+1	0,000E+0	1,766E+2	1,763E+2	0,000E+0	3,642E-1	3,604E-1	0,000E+0	7	1100
2241,503	39,000	41,100	8,010E+1	0,000E+0	1,766E+2	1,763E+2	0,000E+0	3,636E-1	3,613E-1	0,000E+0	7	1100
2242,505	39,000	41,100	8,010E+1	0,000E+0	1,766E+2	1,763E+2	0,000E+0	3,636E-1	3,613E-1	0,000E+0	7	1100
2243,505	39,100	40,900	8,000E+1	0,000E+0	1,767E+2	1,764E+2	0,000E+0	3,631E-1	3,600E-1	0,000E+0	7	1100
2244,505	39,100	40,900	8,000E+1	0,000E+0	1,767E+2	1,764E+2	0,000E+0	3,631E-1	3,600E-1	0,000E+0	7	1100
2245,505	39,100	40,900	8,000E+1	0,000E+0	1,767E+2	1,764E+2	0,000E+0	3,631E-1	3,600E-1	0,000E+0	7	1100
2246,506	39,100	40,900	8,000E+1	0,000E+0	1,767E+2	1,764E+2	0,000E+0	3,631E-1	3,600E-1	0,000E+0	7	1100
2247,506	39,100	40,800	7,990E+1	0,000E+0	1,764E+2	1,764E+2	0,000E+0	3,637E-1	3,601E-1	0,000E+0	7	1100
2248,507	39,100	40,800	7,990E+1	0,000E+0	1,764E+2	1,764E+2	0,000E+0	3,637E-1	3,601E-1	0,000E+0	7	1100
2249,507	39,100	40,800	7,990E+1	0,000E+0	1,764E+2	1,764E+2	0,000E+0	3,637E-1	3,601E-1	0,000E+0	7	1100
2250,507	39,100	41,000	8,010E+1	0,000E+0	1,764E+2	1,762E+2	0,000E+0	3,643E-1	3,617E-1	0,000E+0	7	1100
2251,508	39,100	41,000	8,010E+1	0,000E+0	1,764E+2	1,762E+2	0,000E+0	3,643E-1	3,617E-1	0,000E+0	7	1100
2252,508	39,100	41,000	8,010E+1	0,000E+0	1,764E+2	1,762E+2	0,000E+0	3,643E-1	3,617E-1	0,000E+0	7	1100
2253,508	39,200	40,700	7,990E+1	0,000E+0	1,764E+2	1,760E+2	0,000E+0	3,642E-1	3,592E-1	0,000E+0	7	1100
2254,508	39,200	40,700	7,990E+1	0,000E+0	1,764E+2	1,760E+2	0,000E+0	3,642E-1	3,592E-1	0,000E+0	7	1100
2255,508	39,100	41,000	8,010E+1	0,000E+0	1,765E+2	1,762E+2	0,000E+0	3,644E-1	3,609E-1	0,000E+0	7	1100
2256,508	39,100	41,000	8,010E+1	0,000E+0	1,766E+2	1,766E+2	0,000E+0	3,640E-1	3,609E-1	0,000E+0	7	1100
2257,507	39,100	40,800	7,990E+1	0,000E+0	1,768E+2	1,767E+2	0,000E+0	3,639E-1	3,597E-1	0,000E+0	7	1100
2258,508	39,100	40,800	7,990E+1	0,000E+0	1,768E+2	1,767E+2	0,000E+0	3,639E-1	3,597E-1	0,000E+0	7	1100
2259,508	39,200	40,900	8,010E+1	0,000E+0	1,767E+2	1,763E+2	0,000E+0	3,638E-1	3,600E-1	0,000E+0	7	1100
2260,507	39,100	41,000	8,010E+1	0,000E+0	1,765E+2	1,765E+2	0,000E+0	3,637E-1	3,608E-1	0,000E+0	7	1100
2261,508	39,000	40,800	7,980E+1	0,000E+0	1,765E+2	1,763E+2	0,000E+0	3,629E-1	3,586E-1	0,000E+0	7	1101
2262,509	39,100	40,800	7,990E+1	0,000E+0	1,766E+2	1,764E+2	0,000E+0	3,636E-1	3,600E-1	0,000E+0	7	1101
2263,509	39,000	41,000	8,000E+1	0,000E+0	1,764E+2	1,763E+2	0,000E+0	3,633E-1	3,607E-1	0,000E+0	7	1101
2264,510	39,000	41,000	8,000E+1	0,000E+0	1,764E+2	1,763E+2	0,000E+0	3,633E-1	3,607E-1	0,000E+0	7	1101
2265,510	39,000	41,000	8,000E+1	0,000E+0	1,764E+2	1,763E+2	0,000E+0	3,633E-1	3,607E-1	0,000E+0	7	1101
2266,510	39,100	40,900	8,000E+1	0,000E+0	1,764E+2	1,763E+2	0,000E+0	3,637E-1	3,599E-1	0,000E+0	7	1101
2267,509	39,200	40,900	8,010E+1	0,000E+0	1,766E+2	1,761E+2	0,000E+0	3,644E-1	3,608E-1	0,000E+0	7	1101
2268,510	38,900	40,900	7,980E+1	0,000E+0	1,764E+2	1,763E+2	0,000E+0	3,624E-1	3,598E-1	0,000E+0	7	1101
2269,510	39,200	40,900	8,010E+1	0,000E+0	1,765E+2	1,761E+2	0,000E+0	3,644E-1	3,601E-1	0,000E+0	7	1101
2270,510	39,100	40,800	7,990E+1	0,000E+0	1,764E+2	1,763E+2	0,000E+0	3,637E-1	3,591E-1	0,000E+0	7	1101
2271,510	39,100	40,800	7,990E+1	0,000E+0	1,764E+2	1,763E+2	0,000E+0	3,637E-1	3,591E-1	0,000E+0	7	1101
2272,509	39,000	41,000	8,000E+1	0,000E+0	1,762E+2	1,761E+2	0,000E+0	3,633E-1	3,610E-1	0,000E+0	7	1101
2273,510	39,100	41,100	8,020E+1	0,000E+0	1,765E+2	1,763E+2	0,000E+0	3,638E-1	3,615E-1	0,000E+0	7	1101
2274,510	39,000	40,900	7,990E+1	0,000E+0	1,763E+2	1,765E+2	0,000E+0	3,635E-1	3,603E-1	0,000E+0	7	1101
2275,510	39,000	40,900	7,990E+1	0,000E+0	1,763E+2	1,765E+2	0,000E+0	3,635E-1	3,603E-1	0,000E+0	7	1101
2276,510	39,000	40,900	7,990E+1	0,000E+0	1,763E+2	1,765E+2	0,000E+0	3,635E-1	3,603E-1	0,000E+0	7	1101
2277,510	39,000	40,900	7,990E+1	0,000E+0	1,763E+2	1,765E+2	0,000E+0	3,635E-1	3,603E-1	0,000E+0	7	1101
2278,510	39,000	41,100	8,010E+1	0,000E+0	1,766E+2	1,762E+2	0,000E+0	3,634E-1	3,610E-1	0,000E+0	7	1101
2279,511	39,000	41,100	8,010E+1	0,000E+0	1,766E+2	1,762E+2	0,000E+0	3,634E-1	3,610E-1	0,000E+0	7	1101
2280,511	39,000	41,100	8,010E+1	0,000E+0	1,766E+2	1,762E+2	0,000E+0	3,634E-1	3,610E-1	0,000E+0	7	1101
2281,512	39,200	40,800	8,000E+1	0,000E+0	1,765E+2	1,761E+2	0,000E+0	3,641E-1	3,590E-1	0,000E+0	7	1101
2282,513	39,200	40,800	8,000E+1	0,000E+0	1,765E+2	1,761E+2	0,000E+0	3,641E-1	3,590E-1	0,000E+0	7	1101
2283,513	39,000	40,900	7,990E+1	0,000E+0	1,764E+2	1,762E+2	0,000E+0	3,632E-1	3,597E-1	0,000E+0	7	1101
2284,513	39,000	40,900	7,990E+1	0,000E+0	1,764E+2	1,762E+2	0,000E+0	3,632E-1	3,597E-1	0,000E+0	7	1101
2285,513	39,000	40,900	7,990E+1	0,000E+0	1,764E+2	1,763E+2	0,000E+0	3,632E-1	3,595E-1	0,000E+0	7	1101
2286,513	39,000	40,900	7,990E+1	0,000E+0	1,764E+2	1,763E+2	0,000E+0	3,632E-1	3,595E-1	0,000E+0	7	1101
2287,514	39,300	40,900	8,020E+1	0,000E+0	1,764E+2	1,760E+2	0,000E+0	3,649E-1	3,606E-1	0,000E+0	6	1101
2288,514	39,100	40,800	7,990E+1	0,000E+0	1,764E+2	1,760E+2	0,000E+0	3,629E-1	3,593E-1	0,000E+0	6	1101
2289,514	39,100	40,800	7,990E+1	0,000E+0	1,764E+2	1,761E+2	0,000E+0	3,633E-1	3,597E-1	0,000E+0	6	1101
2290,515	39,100	41,000	8,010E+1	0,000E+0	1,765E+2	1,761E+2	0,000E+0	3,635E-1	3,605E-1	0,000E+0	6	1101
2291,515	39,100	40,900	8,000E+1	0,000E+0	1,764E+2	1,760E+2	0,000E+0	3,637E-1	3,599E-1	0,000E+0	6	1101
2292,515	38,900	41,000	7,990E+1	0,000E+0	1,763E+2	1,761E+2	0,000E+0	3,622E-1	3,611E-1	0,000E+0	6	1101
2293,514	38,900	41,000	7,990E+1	0,000E+0	1,763E+2	1,761E+2	0,000E+0	3,622E-1	3,611E-1	0,000E+0	6	1101
2294,515	38,900	41,000	7,990E+1	0,000E+0	1,763E+2	1,761E+2	0,000E+0	3,622E-1	3,611E-1	0,000E+0	6	1101
2295,515	38,900	40,900	7,980E+1	0,000E+0	1,763E+2	1,761E+2	0,000E+0	3,620E-1	3,599E-1	0,000E+0	6	1101
2296,515	38,900	40,900	7,980E+1	0,000E+0	1,763E+2	1,761E+2	0,000E+0	3,620E-1	3,599E-1	0,000E+0	6	1101
2297,515	38,900	40,900	7,980E+1	0,000E+0	1,763E+2	1,761E+2	0,000E+0	3,620E-1	3,599E-1	0,000E+0	6	1101
2298,514	39,100	40,800	7,990E+1	0,000E+0	1,764E+2	1,762E+2	0,000E+0	3,636E-1	3,593E-1	0,000E+0	6	1101
2299,516	39,100	40,800	7,990E+1	0,000E+0	1,764E+2	1,762E+2	0,000E+0	3,636E-1	3,593E-1	0,000E+0	6	1101
2300,515	39,100	40,800	7,990E+1	0,000E+0	1,764E+2	1,762E+2	0,000E+0	3,636E-1	3,593E-1	0,000E+0	6	1101
2301,517	39,100	40,800	7,990E+1	0,000E+0	1,764E+2	1,762E+2	0,000E+0	3,636E-1	3,593E-1	0,000E+0	6	1101
2302,517	39,100	41,100	8,020E+1	0,000E+0	1,764E+2	1,762E+2	0,000E+0	3,644E-1	3,618E-1	0,000E+0	6	1101
2303,517	39,100	41,200	8,030E+1	0,000E+0	1,764E+2	1,762E+2	0,000E+0	3,640E-1	3,615E-1	0,000E+0	6	1101
2304,517	38,900	40,900	7,980E+1	0,000E+0	1,762E+2	1,763E+2	0,000E+0	3,623E-1	3,595E-1	0,000E+0	6	1101
2305,517	38,900	40,900	7,980E+1	0,000E+0	1,762E+2	1,763E+2	0,000E+0	3,623E-1	3,595E-1	0,000E+0	6	1101
2306,516	39,300	40,700	8,000E+1	0,000E+0	1,763E+2	1,760E+2	0,000E+0	3,644E-1	3,591E-1	0,000E+0	5	1101
2307,518	39,000	40,900	7,990E+1	0,000E+0	1,764E+2	1,761E+2	0,000E+0	3,633E-1	3,597E-1	0,000E+0	5	1101
2308,518	39,200	41,000	8,020E+1	0,000E+0	1,766E+2	1,764E+2	0,000E+0	3,646E-1	3,606E-1	0,000E+0	5	1101
2309,519	38,900	40,800	7,970E+1	0,000E+0	1,764E+2	1,763E+2	0,000E+0	3,625E-1	3,599E-1	0,000E+0	5	1101
2310,519	39,200	41,200	8,040E+1	0,000E+0	1,766E+2	1,765E+2	0,000E+0	3,649E-1	3,623E-1	0,000E+0	5	1101
2311,520	39,200	41,200	8,040E+1	0,000E+0	1,766E+2	1,765E+2	0,000E+0	3,649E-1	3,623E-1	0,000E+0	5	1101
2312,520	39,200	41,200	8,040E+1	0,000E+0	1,766E+2	1,765E+2	0,000E+0	3,649E-1	3,623E-1	0,000E+0	5	1101
2313,519	39,200	41,200	8,040E+1	0,000E+0	1,766E+2	1,765E+2	0,000E+0	3,649E-1	3,623E-1	0,000E+0	5	1101
2314,520	39,200	41,000	8,020E+1	0,000E+0	1,766E+2	1,763E+2	0,000E+0	3,654E-1	3,610E-1	0,000E+0	5	1101
2315,520	39,200	41,000	8,020E+1	0,000E+0	1,766E+2	1,763E+2	0,000E+0	3,654E-1	3,610E-1	0,000E+0	5	1101
2316,520	39,200	41,000	8,020E+1	0,000E+0	1,766E+2	1,763E+2	0,000E+0	3,654E-1	3,610E-1	0,000E+0	5	1101
2317,520	39,200	41,000	8,020E+1	0,000E+0	1,766E+2	1,763E+2	0,000E+0	3,654E-1	3,610E-1	0,000E+0	5	1101
2318,521	39,200	40,900	8,010E+1	0,000E+0	1,767E+2	1,763E+2	0,000E+0	3,643E-1	3,604E-1	0,000E+0	5	1101
2319,521	39,200	40,900	8,010E+1	0,000E+0	1,767E+2	1,763E+2	0,000E+0	3,643E-1	3,604E-1	0,000E+0	5	1101
2320,521	39,100	41,000	8,010E+1	0,000E+0	1,765E+2	1,765E+2	0,000E+0	3,647E-1	3,603E-1	0,000E+0	5	1101
2321,521	39,100	41,000	8,010E+1	0,000E+0	1,765E+2	1,765E+2	0,000E+0	3,647E-1	3,603E-1	0,000E+0	5	1101
2322,521	39,000	40,900	7,990E+1	0,000E+0	1,765E+2	1,762E+2	0,000E+0	3,635E-1	3,595E-1	0,000E+0	5	1101
2323,521	39,100	40,800	7,990E+1	0,000E+0	1,766E+2	1,763E+2	0,000E+0	3,642E-1	3,600E-1	0,000E+0	4	1101
2324,520	38,900	41,100	8,000E+1	0,000E+0	1,764E+2	1,765E+2	0,000E+0	3,632E-1	3,614E-1	0,000E+0	4	1101
2325,521	39,000	41,000	8,000E+1	0,000E+0	1,765E+2	1,764E+2	0,000E+0	3,627E-1	3,604E-1	0,000E+0	4	1101
2326,521	39,000	41,000	8,000E+1	0,000E+0	1,765E+2	1,764E+2	0,000E+0	3,634E-1	3,604E-1	0,000E+0	4	1101
2327,521	39,100	40,900	8,000E+1	0,000E+0	1,766E+2	1,763E+2	0,000E+0	3,647E-1	3,604E-1	0,000E+0	4	1101
2328,521	39,100	40,900	8,000E+1	0,000E+0	1,766E+2	1,763E+2	0,000E+0	3,647E-1	3,604E-1	0,000E+0	4	1101
2329,521	39,100	40,900	8,000E+1	0,000E+0	1,766E+2	1,763E+2	0,000E+0	3,647E-1	3,604E-1	0,000E+0	4	1101
2330,523	39,100	40,900	8,000E+1	0,000E+0	1,766E+2	1,763E+2	0,000E+0	3,647E-1	3,604E-1	0,000E+0	4	1101
2331,523	38,900	41,000	7,990E+1	0,000E+0	1,764E+2	1,765E+2	0,000E+0	3,626E-1	3,605E-1	0,000E+0	4	1101
2332,523	38,900	41,000	7,990E+1	0,000E+0	1,764E+2	1,765E+2	0,000E+0	3,626E-1	3,605E-1	0,000E+0	4	1101
2333,523	39,200	41,000	8,020E+1	0,000E+0	1,765E+2	1,763E+2	0,000E+0	3,649E-1	3,613E-1	0,000E+0	4	1101
2334,523	39,200	41,000	8,020E+1	0,000E+0	1,765E+2	1,763E+2	0,000E+0	3,649E-1	3,613E-1	0,000E+0	4	1101
2335,523	39,200	41,000	8,020E+1	0,000E+0	1,765E+2	1,763E+2	0,000E+0	3,649E-1	3,613E-1	0,000E+0	4	1101
2336,522	39,000	41,000	8,000E+1	0,000E+0	1,764E+2	1,764E+2	0,000E+0	3,631E-1	3,607E-1	0,000E+0	4	1101
2337,523	39,000	41,000	8,000E+1	0,000E+0	1,764E+2	1,764E+2	0,000E+0	3,631E-1	3,607E-1	0,000E+0	4	1101
2338,523	39,000	41,000	8,000E+1	0,000E+0	1,764E+2	1,764E+2	0,000E+0	3,631E-1	3,607E-1	0,000E+0	4	1101
2339,522	39,000	41,000	8,000E+1	0,000E+0	1,764E+2	1,764E+2	0,000E+0	3,631E-1	3,607E-1	0,000E+0	4	1101
2340,523	39,100	41,000	8,010E+1	0,000E+0	1,765E+2	1,763E+2	0,000E+0	3,643E-1	3,614E-1	0,000E+0	4	1101
2341,523	39,200	41,000	8,020E+1	0,000E+0	1,764E+2	1,763E+2	0,000E+0	3,644E-1	3,608E-1	0,000E+0	4	1101
2342,523	39,100	41,000	8,010E+1	0,000E+0	1,764E+2	1,764E+2	0,000E+0	3,633E-1	3,597E-1	0,000E+0	3	1101
2343,523	39,000	40,900	7,990E+1	0,000E+0	1,764E+2	1,763E+2	0,000E+0	3,630E-1	3,597E-1	0,000E+0	3	1101
2344,523	39,000	40,900	7,990E+1	0,000E+0	1,764E+2	1,763E+2	0,000E+0	3,630E-1	3,597E-1	0,000E+0	3	1101
2345,524	39,100	41,000	8,010E+1	0,000E+0	1,764E+2	1,761E+2	0,000E+0	3,639E-1	3,613E-1	0,000E+0	3	1101
2346,524	39,100	41,000	8,010E+1	0,000E+0	1,765E+2	1,763E+2	0,000E+0	3,639E-1	3,600E-1	0,000E+0	3	1101
2347,523	39,100	41,000	8,010E+1	0,000E+0	1,765E+2	1,763E+2	0,000E+0	3,639E-1	3,600E-1	0,000E+0	3	1101
2348,524	39,100	41,000	8,010E+1	0,000E+0	1,765E+2	1,763E+2	0,000E+0	3,639E-1	3,600E-1	0,000E+0	3	1101
2349,524	38,900	40,900	7,980E+1	0,000E+0	1,765E+2	1,765E+2	0,000E+0	3,631E-1	3,602E-1	0,000E+0	3	1101
2350,524	38,900	40,900	7,980E+1	0,000E+0	1,765E+2	1,765E+2	0,000E+0	3,631E-1	3,602E-1	0,000E+0	3	1101
2351,524	38,900	40,900	7,980E+1	0,000E+0	1,765E+2	1,765E+2	0,000E+0	3,631E-1	3,602E-1	0,000E+0	3	1101
2352,524	39,100	40,700	7,980E+1	0,000E+0	1,764E+2	1,761E+2	0,000E+0	3,631E-1	3,592E-1	0,000E+0	3	1101
2353,524	39,100	40,700	7,980E+1	0,000E+0	1,764E+2	1,761E+2	0,000E+0	3,631E-1	3,592E-1	0,000E+0	3	1101
2354,523	39,100	40,700	7,980E+1	0,000E+0	1,764E+2	1,761E+2	0,000E+0	3,631E-1	3,592E-1	0,000E+0	3	1101
2355,524	38,900	41,200	8,010E+1	0,000E+0	1,762E+2	1,764E+2	0,000E+0	3,636E-1	3,624E-1	0,000E+0	3	1101
2356,524	38,900	41,200	8,010E+1	0,000E+0	1,762E+2	1,764E+2	0,000E+0	3,636E-1	3,624E-1	0,000E+0	3	1101
2357,524	39,100	41,000	8,010E+1	0,000E+0	1,763E+2	1,761E+2	0,000E+0	3,638E-1	3,612E-1	0,000E+0	3	1101
2358,525	39,100	40,900	8,000E+1	0,000E+0	1,763E+2	1,764E+2	0,000E+0	3,645E-1	3,602E-1	0,000E+0	3	1101
2359,524	39,000	40,900	7,990E+1	0,000E+0	1,765E+2	1,762E+2	0,000E+0	3,641E-1	3,605E-1	0,000E+0	3	1101
2360,525	39,000	40,900	7,990E+1	0,000E+0	1,765E+2	1,762E+2	0,000E+0	3,641E-1	3,605E-1	0,000E+0	2	1101
2361,526	39,000	40,800	7,980E+1	0,000E+0	1,762E+2	1,762E+2	0,000E+0	3,639E-1	3,602E-1	0,000E+0	2	1101
2362,527	39,100	41,000	8,010E+1	0,000E+0	1,765E+2	1,761E+2	0,000E+0	3,631E-1	3,607E-1	0,000E+0	2	1101
2363,527	39,100	41,000	8,010E+1	0,000E+0	1,765E+2	1,761E+2	0,000E+0	3,631E-1	3,607E-1	0,000E+0	2	1101
2364,527	39,200	40,900	8,010E+1	0,000E+0	1,763E+2	1,763E+2	0,000E+0	3,650E-1	3,605E-1	0,000E+0	2	1101
2365,527	39,200	40,900	8,010E+1	0,000E+0	1,763E+2	1,763E+2	0,000E+0	3,650E-1	3,605E-1	0,000E+0	2	1101
2366,527	39,200	40,900	8,010E+1	0,000E+0	1,763E+2	1,763E+2	0,000E+0	3,650E-1	3,605E-1	0,000E+0	2	1101
2367,528	38,900	41,000	7,990E+1	0,000E+0	1,763E+2	1,762E+2	0,000E+0	3,626E-1	3,608E-1	0,000E+0	2	1101
2368,528	38,900	41,000	7,990E+1	0,000E+0	1,763E+2	1,762E+2	0,000E+0	3,626E-1	3,608E-1	0,000E+0	2	1101
2369,528	38,900	41,000	7,990E+1	0,000E+0	1,763E+2	1,762E+2	0,000E+0	3,626E-1	3,608E-1	0,000E+0	2	1101
2370,528	39,100	41,000	8,010E+1	0,000E+0	1,764E+2	1,762E+2	0,000E+0	3,637E-1	3,604E-1	0,000E+0	2	1101
2371,528	39,100	41,000	8,010E+1	0,000E+0	1,764E+2	1,762E+2	0,000E+0	3,637E-1	3,604E-1	0,000E+0	2	1101
2372,528	39,100	41,000	8,010E+1	0,000E+0	1,763E+2	1,761E+2	0,000E+0	3,642E-1	3,609E-1	0,000E+0	2	1101
2373,527	39,100	41,000	8,010E+1	0,000E+0	1,763E+2	1,761E+2	0,000E+0	3,642E-1	3,609E-1	0,000E+0	2	1101
2374,528	39,000	40,800	7,980E+1	0,000E+0	1,762E+2	1,760E+2	0,000E+0	3,634E-1	3,597E-1	0,000E+0	2	1101
2375,528	39,000	40,800	7,980E+1	0,000E+0	1,762E+2	1,760E+2	0,000E+0	3,634E-1	3,597E-1	0,000E+0	2	1101
2376,528	39,000	40,800	7,980E+1	0,000E+0	1,762E+2	1,761E+2	0,000E+0	3,629E-1	3,594E-1	0,000E+0	2	1101
2377,528	39,000	40,800	7,980E+1	0,000E+0	1,762E+2	1,761E+2	0,000E+0	3,629E-1	3,594E-1	0,000E+0	2	1101
2378,529	39,100	41,100	8,020E+1	0,000E+0	1,762E+2	1,765E+2	0,000E+0	3,637E-1	3,612E-1	0,000E+0	2	1101
2379,529	39,000	40,900	7,990E+1	0,000E+0	1,766E+2	1,763E+2	0,000E+0	3,637E-1	3,606E-1	0,000E+0	1	1101
2380,528	39,200	40,900	8,010E+1	0,000E+0	1,763E+2	1,761E+2	0,000E+0	3,647E-1	3,610E-1	0,000E+0	1	1101
2381,529	39,200	40,900	8,010E+1	0,000E+0	1,762E+2	1,762E+2	0,000E+0	3,639E-1	3,601E-1	0,000E+0	1	1101
2382,529	39,100	40,800	7,990E+1	0,000E+0	1,762E+2	1,761E+2	0,000E+0	3,637E-1	3,594E-1	0,000E+0	1	1101
2383,529	39,000	41,000	8,000E+1	0,000E+0	1,762E+2	1,762E+2	0,000E+0	3,629E-1	3,608E-1	0,000E+0	1	1101
2384,529	39,000	41,000	8,000E+1	0,000E+0	1,762E+2	1,762E+2	0,000E+0	3,629E-1	3,608E-1	0,000E+0	1	1101
2385,529	39,000	41,000	8,000E+1	0,000E+0	1,762E+2	1,762E+2	0,000E+0	3,629E-1	3,608E-1	0,000E+0	1	1101
2386,530	39,100	40,800	7,990E+1	0,000E+0	1,763E+2	1,762E+2	0,000E+0	3,637E-1	3,599E-1	0,000E+0	1	1101
2387,529	39,100	40,800	7,990E+1	0,000E+0	1,763E+2	1,762E+2	0,000E+0	3,637E-1	3,599E-1	0,000E+0	1	1101
2388,530	39,100	40,800	7,990E+1	0,000E+0	1,763E+2	1,762E+2	0,000E+0	3,637E-1	3,599E-1	0,000E+0	1	1101
2390,530	39,200	40,900	8,010E+1	0,000E+0	1,764E+2	1,760E+2	0,000E+0	3,652E-1	3,608E-1	0,000E+0	1	1101
2390,530	39,200	40,900	8,010E+1	0,000E+0	1,764E+2	1,760E+2	0,000E+0	3,652E-1	3,608E-1	0,000E+0	1	1101
2391,531	39,200	40,900	8,010E+1	0,000E+0	1,764E+2	1,760E+2	0,000E+0	3,652E-1	3,608E-1	0,000E+0	1	1101
2392,531	39,000	40,900	7,990E+1	0,000E+0	1,762E+2	1,762E+2	0,000E+0	3,636E-1	3,605E-1	0,000E+0	1	1101
2393,532	39,000	40,900	7,990E+1	0,000E+0	1,762E+2	1,762E+2	0,000E+0	3,636E-1	3,605E-1	0,000E+0	1	1101
2394,532	39,100	41,000	8,010E+1	0,000E+0	1,763E+2	1,762E+2	0,000E+0	3,642E-1	3,609E-1	0,000E+0	1	1101
2395,532	39,000	40,900	7,990E+1	0,000E+0	1,763E+2	1,763E+2	0,000E+0	3,635E-1	3,602E-1	0,000E+0	1	1101
2396,532	39,000	40,900	7,990E+1	0,000E+0	1,763E+2	1,763E+2	0,000E+0	3,635E-1	3,602E-1	0,000E+0	1	1101
2397,533	39,300	40,800	8,010E+1	0,000E+0	1,763E+2	1,759E+2	0,000E+0	3,650E-1	3,611E-1	0,000E+0	0	1101
2398,533	39,000	40,900	7,990E+1	0,000E+0	1,762E+2	1,762E+2	0,000E+0	3,637E-1	3,607E-1	0,000E+0	0	1101
2399,533	39,200	40,900	8,010E+1	0,000E+0	1,762E+2	1,760E+2	0,000E+0	3,652E-1	3,612E-1	0,000E+0	0	1101
2400,533	39,000	41,000	8,000E+1	0,000E+0	1,762E+2	1,762E+2	0,000E+0	3,632E-1	3,611E-1	0,000E+0	0	1101
2401,533	39,300	40,800	8,010E+1	0,000E+0	1,764E+2	1,759E+2	0,000E+0	3,653E-1	3,599E-1	0,000E+0	0	1101
2402,533	39,300	40,800	8,010E+1	0,000E+0	1,764E+2	1,759E+2	0,000E+0	3,653E-1	3,599E-1	0,000E+0	0	1101
2403,533	39,300	40,800	8,010E+1	0,000E+0	1,764E+2	1,759E+2	0,000E+0	3,653E-1	3,599E-1	0,000E+0	0	1101
2404,533	39,300	40,800	8,010E+1	0,000E+0	1,764E+2	1,759E+2	0,000E+0	3,653E-1	3,599E-1	0,000E+0	0	1101
2405,534	39,100	41,000	8,010E+1	0,000E+0	1,761E+2	1,761E+2	0,000E+0	3,642E-1	3,610E-1	0,000E+0	0	1101
2406,534	39,100	41,000	8,010E+1	0,000E+0	1,761E+2	1,761E+2	0,000E+0	3,642E-1	3,610E-1	0,000E+0	0	1101
2407,534	39,100	41,000	8,010E+1	0,000E+0	1,761E+2	1,761E+2	0,000E+0	3,642E-1	3,610E-1	0,000E+0	0	1101
2408,535	39,100	41,000	8,010E+1	0,000E+0	1,761E+2	1,761E+2	0,000E+0	3,642E-1	3,610E-1	0,000E+0	0	1101
2409,535	39,000	40,800	7,980E+1	0,000E+0	1,762E+2	1,759E+2	0,000E+0	3,632E-1	3,598E-1	0,000E+0	0	1101
2410,535	39,000	40,800	7,980E+1	0,000E+0	1,762E+2	1,759E+2	0,000E+0	3,632E-1	3,598E-1	0,000E+0	0	1101
2411,535	39,100	40,900	8,000E+1	0,000E+0	1,760E+2	1,759E+2	0,000E+0	3,640E-1	3,608E-1	0,000E+0	0	1101
2412,535	39,100	40,900	8,000E+1	0,000E+0	1,760E+2	1,759E+2	0,000E+0	3,640E-1	3,608E-1	0,000E+0	0	1101
2413,535	39,200	40,900	8,010E+1	0,000E+0	1,762E+2	1,759E+2	0,000E+0	3,652E-1	3,611E-1	0,000E+0	0	1101
2414,535	39,000	40,900	7,990E+1	0,000E+0	1,760E+2	1,761E+2	0,000E+0	3,630E-1	3,604E-1	0,000E+0	0	1101
2415,536	39,200	40,800	8,000E+1	0,000E+0	1,762E+2	1,759E+2	0,000E+0	3,642E-1	3,596E-1	0,000E+0	0	1101
2416,536	39,000	40,700	7,970E+1	0,000E+0	1,759E+2	1,759E+2	0,000E+0	3,629E-1	3,591E-1	0,000E+0	0	1101
2417,536	39,200	41,000	8,020E+1	0,000E+0	1,762E+2	1,760E+2	0,000E+0	3,643E-1	3,610E-1	0,000E+0	0	1101
2418,537	39,100	40,800	7,990E+1	0,000E+0	1,761E+2	1,760E+2	0,000E+0	3,639E-1	3,592E-1	0,000E+0	0	1110
2419,536	39,100	40,800	7,990E+1	0,000E+0	1,761E+2	1,760E+2	0,000E+0	3,639E-1	3,592E-1	0,000E+0	0	1110
2420,537	39,100	40,900	8,000E+1	0,000E+0	1,761E+2	1,759E+2	0,000E+0	3,636E-1	3,602E-1	0,000E+0	0	1110
2421,536	39,000	41,000	8,000E+1	0,000E+0	1,763E+2	1,760E+2	0,000E+0	3,639E-1	3,610E-1	0,000E+0	0	1110
2422,537	39,000	40,900	7,990E+1	0,000E+0	1,761E+2	1,761E+2	0,000E+0	3,631E-1	3,604E-1	0,000E+0	0	1110
2423,537	39,000	41,000	8,000E+1	0,000E+0	1,761E+2	1,761E+2	0,000E+0	3,631E-1	3,604E-1	0,000E+0	0	1110
2424,537	39,000	41,200	8,020E+1	0,000E+0	1,763E+2	1,759E+2	0,000E+0	3,638E-1	3,623E-1	0,000E+0	0	1110
2425,538	39,000	41,200	8,020E+1	0,000E+0	1,763E+2	1,759E+2	0,000E+0	3,638E-1	3,623E-1	0,000E+0	0	1110
2426,537	39,100	41,000	8,010E+1	0,000E+0	1,761E+2	1,760E+2	0,000E+0	3,651E-1	3,614E-1	0,000E+0	0	1110
2427,538	39,100	41,000	8,010E+1	0,000E+0	1,761E+2	1,760E+2	0,000E+0	3,651E-1	3,614E-1	0,000E+0	0	1110
2428,538	39,100	41,000	8,010E+1	0,000E+0	1,761E+2	1,761E+2	0,000E+0	3,639E-1	3,606E-1	0,000E+0	0	1110
2429,537	39,100	41,000	8,010E+1	0,000E+0	1,761E+2	1,761E+2	0,000E+0	3,639E-1	3,606E-1	0,000E+0	0	1110
2430,538	39,100	41,000	8,010E+1	0,000E+0	1,761E+2	1,761E+2	0,000E+0	3,639E-1	3,606E-1	0,000E+0	0	1110
2431,538	39,100	40,900	8,000E+1	0,000E+0	1,760E+2	1,760E+2	0,000E+0	3,644E-1	3,609E-1	0,000E+0	0	1110
2432,538	39,100	40,900	8,000E+1	0,000E+0	1,760E+2	1,760E+2	0,000E+0	3,644E-1	3,609E-1	0,000E+0	0	1110
2433,539	39,100	40,900	8,000E+1	0,000E+0	1,760E+2	1,760E+2	0,000E+0	3,644E-1	3,609E-1	0,000E+0	0	1110
2434,538	39,100	40,900	8,000E+1	0,000E+0	1,760E+2	1,760E+2	0,000E+0	3,644E-1	3,609E-1	0,000E+0	0	1110
2435,539	39,000	40,900	7,990E+1	0,000E+0	1,765E+2	1,762E+2	0,000E+0	3,629E-1	3,602E-1	0,000E+0	0	1110
2436,539	39,000	40,900	7,990E+1	0,000E+0	1,765E+2	1,762E+2	0,000E+0	3,629E-1	3,602E-1	0,000E+0	0	1110
2437,540	39,000	41,000	8,000E+1	0,000E+0	1,762E+2	1,762E+2	0,000E+0	3,637E-1	3,609E-1	0,000E+0	0	1110
2438,540	39,000	41,000	8,000E+1	0,000E+0	1,762E+2	1,762E+2	0,000E+0	3,637E-1	3,609E-1	0,000E+0	0	1110
2439,540	39,100	41,200	8,030E+1	0,000E+0	1,762E+2	1,762E+2	0,000E+0	3,644E-1	3,630E-1	0,000E+0	0	1110
2440,541	39,000	40,900	7,990E+1	0,000E+0	1,762E+2	1,763E+2	0,000E+0	3,632E-1	3,596E-1	0,000E+0	1	1110
2441,541	39,100	40,800	7,990E+1	0,000E+0	1,764E+2	1,761E+2	0,000E+0	3,639E-1	3,601E-1	0,000E+0	1	1110
2442,540	39,100	40,800	7,990E+1	0,000E+0	1,764E+2	1,761E+2	0,000E+0	3,639E-1	3,601E-1	0,000E+0	1	1110
2443,541	39,200	40,800	8,000E+1	0,000E+0	1,762E+2	1,762E+2	0,000E+0	3,646E-1	3,599E-1	0,000E+0	1	1110
2444,542	39,200	40,800	8,000E+1	0,000E+0	1,762E+2	1,762E+2	0,000E+0	3,646E-1	3,599E-1	0,000E+0	1	1110
2445,542	39,200	40,800	8,000E+1	0,000E+0	1,762E+2	1,762E+2	0,000E+0	3,646E-1	3,599E-1	0,000E+0	1	1110
2446,542	39,200	40,800	8,000E+1	0,000E+0	1,762E+2	1,762E+2	0,000E+0	3,646E-1	3,599E-1	0,000E+0	1	1110
2447,542	39,200	40,800	8,000E+1	0,000E+0	1,762E+2	1,762E+2	0,000E+0	3,646E-1	3,599E-1	0,000E+0	1	1110
2448,542	38,900	41,200	8,010E+1	0,000E+0	1,763E+2	1,763E+2	0,000E+0	3,632E-1	3,621E-1	0,000E+0	1	1110
2449,541	39,300	41,000	8,030E+1	0,000E+0	1,763E+2	1,761E+2	0,000E+0	3,659E-1	3,613E-1	0,000E+0	1	1110
2450,543	39,300	41,000	8,030E+1	0,000E+0	1,763E+2	1,761E+2	0,000E+0	3,659E-1	3,613E-1	0,000E+0	1	1110
2451,543	39,300	41,000	8,030E+1	0,000E+0	1,763E+2	1,761E+2	0,000E+0	3,659E-1	3,613E-1	0,000E+0	1	1110
2452,543	39,300	41,000	8,030E+1	0,000E+0	1,763E+2	1,761E+2	0,000E+0	3,659E-1	3,613E-1	0,000E+0	1	1110
2453,543	39,100	40,800	7,990E+1	0,000E+0	1,763E+2	1,762E+2	0,000E+0	3,636E-1	3,596E-1	0,000E+0	1	1110
2454,543	39,100	40,800	7,990E+1	0,000E+0	1,763E+2	1,762E+2	0,000E+0	3,636E-1	3,596E-1	0,000E+0	1	1110
2455,543	39,100	40,800	7,990E+1	0,000E+0	1,763E+2	1,762E+2	0,000E+0	3,636E-1	3,596E-1	0,000E+0	1	1110
2456,542	39,000	41,100	8,010E+1	0,000E+0	1,762E+2	1,763E+2	0,000E+0	3,638E-1	3,617E-1	0,000E+0	1	1110
2457,544	38,900	40,900	7,980E+1	0,000E+0	1,761E+2	1,763E+2	0,000E+0	3,623E-1	3,599E-1	0,000E+0	1	1110
2458,545	39,200	40,900	8,010E+1	0,000E+0	1,766E+2	1,764E+2	0,000E+0	3,646E-1	3,611E-1	0,000E+0	1	1110
2459,545	38,900	40,900	7,980E+1	0,000E+0	1,763E+2	1,762E+2	0,000E+0	3,625E-1	3,593E-1	0,000E+0	2	1110
2460,545	39,200	40,800	8,000E+1	0,000E+0	1,764E+2	1,761E+2	0,000E+0	3,642E-1	3,597E-1	0,000E+0	2	1110
2461,545	39,200	40,800	8,000E+1	0,000E+0	1,764E+2	1,761E+2	0,000E+0	3,642E-1	3,597E-1	0,000E+0	2	1110
2462,545	38,900	40,900	7,980E+1	0,000E+0	1,764E+2	1,762E+2	0,000E+0	3,626E-1	3,602E-1	0,000E+0	2	1110
2463,545	39,200	40,900	8,010E+1	0,000E+0	1,765E+2	1,763E+2	0,000E+0	3,652E-1	3,604E-1	0,000E+0	2	1110
2464,545	39,200	40,900	8,010E+1	0,000E+0	1,765E+2	1,763E+2	0,000E+0	3,652E-1	3,604E-1	0,000E+0	2	1110
2465,545	39,200	40,900	8,010E+1	0,000E+0	1,765E+2	1,763E+2	0,000E+0	3,652E-1	3,604E-1	0,000E+0	2	1110
2466,544	39,200	40,900	8,010E+1	0,000E+0	1,765E+2	1,763E+2	0,000E+0	3,652E-1	3,604E-1	0,000E+0	2	1110
2467,545	39,200	40,900	8,010E+1	0,000E+0	1,765E+2	1,763E+2	0,000E+0	3,652E-1	3,604E-1	0,000E+0	2	1110
2468,545	39,200	40,900	8,010E+1	0,000E+0	1,764E+2	1,761E+2	0,000E+0	3,647E-1	3,601E-1	0,000E+0	2	1110
2469,545	39,200	40,900	8,010E+1	0,000E+0	1,764E+2	1,761E+2	0,000E+0	3,647E-1	3,601E-1	0,000E+0	2	1110
2470,546	39,200	40,900	8,010E+1	0,000E+0	1,764E+2	1,761E+2	0,000E+0	3,647E-1	3,601E-1	0,000E+0	2	1110
2471,546	39,100	41,100	8,020E+1	0,000E+0	1,764E+2	1,763E+2	0,000E+0	3,639E-1	3,611E-1	0,000E+0	2	1110
2472,547	39,100	41,100	8,020E+1	0,000E+0	1,764E+2	1,763E+2	0,000E+0	3,639E-1	3,611E-1	0,000E+0	2	1110
2473,547	39,100	41,100	8,020E+1	0,000E+0	1,764E+2	1,763E+2	0,000E+0	3,639E-1	3,611E-1	0,000E+0	2	1110
2474,548	39,100	41,100	8,020E+1	0,000E+0	1,764E+2	1,763E+2	0,000E+0	3,639E-1	3,611E-1	0,000E+0	2	1110
2475,548	38,900	41,000	7,990E+1	0,000E+0	1,765E+2	1,764E+2	0,000E+0	3,631E-1	3,609E-1	0,000E+0	2	1110
2476,548	38,900	41,000	7,990E+1	0,000E+0	1,765E+2	1,764E+2	0,000E+0	3,631E-1	3,609E-1	0,000E+0	2	1110
2477,549	39,100	40,900	8,000E+1	0,000E+0	1,764E+2	1,763E+2	0,000E+0	3,645E-1	3,602E-1	0,000E+0	2	1110
2478,550	39,100	40,700	7,980E+1	0,000E+0	1,764E+2	1,762E+2	0,000E+0	3,634E-1	3,595E-1	0,000E+0	3	1110
2479,551	39,100	40,700	7,980E+1	0,000E+0	1,764E+2	1,762E+2	0,000E+0	3,634E-1	3,595E-1	0,000E+0	3	1110
2480,552	39,100	41,200	8,030E+1	0,000E+0	1,766E+2	1,764E+2	0,000E+0	3,654E-1	3,625E-1	0,000E+0	3	1110
2481,553	39,200	40,800	8,000E+1	0,000E+0	1,764E+2	1,761E+2	0,000E+0	3,645E-1	3,597E-1	0,000E+0	3	1110
2482,553	38,900	40,800	7,970E+1	0,000E+0	1,766E+2	1,765E+2	0,000E+0	3,630E-1	3,600E-1	0,000E+0	3	1110
2483,553	38,900	40,800	7,970E+1	0,000E+0	1,766E+2	1,765E+2	0,000E+0	3,630E-1	3,600E-1	0,000E+0	3	1110
2484,554	38,900	40,800	7,970E+1	0,000E+0	1,766E+2	1,765E+2	0,000E+0	3,630E-1	3,600E-1	0,000E+0	3	1110
2485,554	39,100	41,000	8,010E+1	0,000E+0	1,765E+2	1,763E+2	0,000E+0	3,639E-1	3,611E-1	0,000E+0	3	1110
2486,555	39,100	41,000	8,010E+1	0,000E+0	1,765E+2	1,763E+2	0,000E+0	3,639E-1	3,611E-1	0,000E+0	3	1110
2487,555	39,100	41,000	8,010E+1	0,000E+0	1,765E+2	1,763E+2	0,000E+0	3,639E-1	3,611E-1	0,000E+0	3	1110
2488,555	39,100	41,000	8,010E+1	0,000E+0	1,763E+2	1,761E+2	0,000E+0	3,641E-1	3,610E-1	0,000E+0	3	1110
2489,555	39,100	41,000	8,010E+1	0,000E+0	1,763E+2	1,761E+2	0,000E+0	3,641E-1	3,610E-1	0,000E+0	3	1110
2490,555	39,100	41,000	8,010E+1	0,000E+0	1,763E+2	1,761E+2	0,000E+0	3,641E-1	3,610E-1	0,000E+0	3	1110
2491,555	39,200	40,900	8,010E+1	0,000E+0	1,764E+2	1,761E+2	0,000E+0	3,644E-1	3,603E-1	0,000E+0	3	1110
2492,554	39,200	40,900	8,010E+1	0,000E+0	1,764E+2	1,761E+2	0,000E+0	3,644E-1	3,603E-1	0,000E+0	3	1110
2493,555	39,000	41,000	8,000E+1	0,000E+0	1,765E+2	1,762E+2	0,000E+0	3,634E-1	3,599E-1	0,000E+0	3	1110
2494,555	39,100	40,800	7,990E+1	0,000E+0	1,764E+2	1,761E+2	0,000E+0	3,638E-1	3,597E-1	0,000E+0	3	1110
2495,555	39,000	41,000	8,000E+1	0,000E+0	1,764E+2	1,762E+2	0,000E+0	3,632E-1	3,609E-1	0,000E+0	4	1110
2496,555	39,000	41,000	8,000E+1	0,000E+0	1,764E+2	1,762E+2	0,000E+0	3,632E-1	3,609E-1	0,000E+0	4	1110
2497,556	39,000	41,100	8,010E+1	0,000E+0	1,762E+2	1,763E+2	0,000E+0	3,643E-1	3,616E-1	0,000E+0	4	1110
2498,556	39,200	41,000	8,020E+1	0,000E+0	1,762E+2	1,761E+2	0,000E+0	3,646E-1	3,620E-1	0,000E+0	4	1110
2499,556	38,900	41,000	7,990E+1	0,000E+0	1,765E+2	1,764E+2	0,000E+0	3,630E-1	3,603E-1	0,000E+0	4	1110
2500,556	39,000	41,000	8,000E+1	0,000E+0	1,764E+2	1,763E+2	0,000E+0	3,631E-1	3,607E-1	0,000E+0	4	1110
2501,557	39,000	41,000	8,000E+1	0,000E+0	1,764E+2	1,763E+2	0,000E+0	3,631E-1	3,607E-1	0,000E+0	4	1110
2502,558	39,000	41,000	8,000E+1	0,000E+0	1,764E+2	1,763E+2	0,000E+0	3,631E-1	3,607E-1	0,000E+0	4	1110
2503,558	39,000	41,000	8,000E+1	0,000E+0	1,764E+2	1,763E+2	0,000E+0	3,631E-1	3,607E-1	0,000E+0	4	1110
2504,558	39,000	41,000	8,000E+1	0,000E+0	1,764E+2	1,763E+2	0,000E+0	3,631E-1	3,607E-1	0,000E+0	4	1110
2505,558	39,000	41,000	8,000E+1	0,000E+0	1,764E+2	1,763E+2	0,000E+0	3,631E-1	3,607E-1	0,000E+0	4	1110
2506,559	39,100	40,900	8,000E+1	0,000E+0	1,764E+2	1,764E+2	0,000E+0	3,636E-1	3,603E-1	0,000E+0	4	1110
2507,558	39,200	40,900	8,010E+1	0,000E+0	1,767E+2	1,764E+2	0,000E+0	3,643E-1	3,604E-1	0,000E+0	4	1110
2508,559	39,200	40,900	8,010E+1	0,000E+0	1,767E+2	1,764E+2	0,000E+0	3,643E-1	3,604E-1	0,000E+0	4	1110
2509,560	39,200	40,900	8,010E+1	0,000E+0	1,767E+2	1,764E+2	0,000E+0	3,643E-1	3,604E-1	0,000E+0	4	1110
2510,560	39,200	40,900	8,010E+1	0,000E+0	1,767E+2	1,764E+2	0,000E+0	3,643E-1	3,604E-1	0,000E+0	4	1110
2511,560	39,000	40,800	7,980E+1	0,000E+0	1,765E+2	1,761E+2	0,000E+0	3,627E-1	3,598E-1	0,000E+0	4	1110
2512,560	39,000	41,000	8,000E+1	0,000E+0	1,766E+2	1,764E+2	0,000E+0	3,634E-1	3,608E-1	0,000E+0	4	1110
2513,559	39,100	40,900	8,000E+1	0,000E+0	1,766E+2	1,764E+2	0,000E+0	3,641E-1	3,603E-1	0,000E+0	4	1110
2514,561	39,200	40,700	7,990E+1	0,000E+0	1,766E+2	1,762E+2	0,000E+0	3,643E-1	3,589E-1	0,000E+0	5	1110
2515,562	39,100	40,900	8,000E+1	0,000E+0	1,765E+2	1,765E+2	0,000E+0	3,636E-1	3,600E-1	0,000E+0	5	1110
2516,562	39,100	40,900	8,000E+1	0,000E+0	1,767E+2	1,763E+2	0,000E+0	3,643E-1	3,602E-1	0,000E+0	5	1110
2517,562	39,100	40,900	8,000E+1	0,000E+0	1,767E+2	1,763E+2	0,000E+0	3,643E-1	3,602E-1	0,000E+0	5	1110
2518,563	39,100	41,100	8,020E+1	0,000E+0	1,765E+2	1,765E+2	0,000E+0	3,638E-1	3,614E-1	0,000E+0	5	1110
2519,563	39,100	41,100	8,020E+1	0,000E+0	1,765E+2	1,765E+2	0,000E+0	3,638E-1	3,614E-1	0,000E+0	5	1110
2520,563	39,100	41,100	8,020E+1	0,000E+0	1,765E+2	1,765E+2	0,000E+0	3,638E-1	3,614E-1	0,000E+0	5	1110
2521,564	39,200	40,700	7,990E+1	0,000E+0	1,766E+2	1,764E+2	0,000E+0	3,638E-1	3,587E-1	0,000E+0	5	1110
2522,563	39,200	40,700	7,990E+1	0,000E+0	1,766E+2	1,764E+2	0,000E+0	3,638E-1	3,587E-1	0,000E+0	5	1110
2523,564	39,200	40,700	7,990E+1	0,000E+0	1,766E+2	1,764E+2	0,000E+0	3,638E-1	3,587E-1	0,000E+0	5	1110
2524,564	39,200	40,700	7,990E+1	0,000E+0	1,766E+2	1,764E+2	0,000E+0	3,638E-1	3,587E-1	0,000E+0	5	1110
2525,565	39,300	40,700	8,000E+1	0,000E+0	1,767E+2	1,763E+2	0,000E+0	3,643E-1	3,590E-1	0,000E+0	5	1110
2526,565	39,300	40,700	8,000E+1	0,000E+0	1,767E+2	1,763E+2	0,000E+0	3,643E-1	3,590E-1	0,000E+0	5	1110
2527,565	39,300	40,700	8,000E+1	0,000E+0	1,767E+2	1,763E+2	0,000E+0	3,643E-1	3,590E-1	0,000E+0	5	1110
2528,565	39,200	41,100	8,030E+1	0,000E+0	1,766E+2	1,764E+2	0,000E+0	3,650E-1	3,626E-1	0,000E+0	5	1110
2529,565	39,200	41,100	8,030E+1	0,000E+0	1,766E+2	1,764E+2	0,000E+0	3,650E-1	3,626E-1	0,000E+0	5	1110
2530,565	39,100	41,000	8,010E+1	0,000E+0	1,763E+2	1,763E+2	0,000E+0	3,648E-1	3,618E-1	0,000E+0	5	1110
2531,565	39,100	40,900	8,000E+1	0,000E+0	1,767E+2	1,762E+2	0,000E+0	3,636E-1	3,601E-1	0,000E+0	5	1110
2532,565	39,000	41,000	8,000E+1	0,000E+0	1,765E+2	1,765E+2	0,000E+0	3,635E-1	3,603E-1	0,000E+0	6	1110
2533,565	39,000	40,900	7,990E+1	0,000E+0	1,767E+2	1,763E+2	0,000E+0	3,632E-1	3,595E-1	0,000E+0	6	1110
2534,565	39,000	40,900	7,990E+1	0,000E+0	1,764E+2	1,764E+2	0,000E+0	3,620E-1	3,604E-1	0,000E+0	6	1110
2535,565	39,100	41,000	8,010E+1	0,000E+0	1,767E+2	1,764E+2	0,000E+0	3,638E-1	3,606E-1	0,000E+0	6	1110
2536,564	39,100	41,100	8,020E+1	0,000E+0	1,764E+2	1,763E+2	0,000E+0	3,640E-1	3,618E-1	0,000E+0	6	1110
2537,565	39,100	41,100	8,020E+1	0,000E+0	1,764E+2	1,763E+2	0,000E+0	3,640E-1	3,618E-1	0,000E+0	6	1110
2538,565	39,100	41,100	8,020E+1	0,000E+0	1,764E+2	1,763E+2	0,000E+0	3,640E-1	3,618E-1	0,000E+0	6	1110
2539,566	39,100	41,100	8,020E+1	0,000E+0	1,764E+2	1,763E+2	0,000E+0	3,640E-1	3,618E-1	0,000E+0	6	1110
2540,567	39,100	41,100	8,020E+1	0,000E+0	1,764E+2	1,763E+2	0,000E+0	3,640E-1	3,618E-1	0,000E+0	6	1110
2541,567	39,000	40,900	7,990E+1	0,000E+0	1,763E+2	1,763E+2	0,000E+0	3,626E-1	3,601E-1	0,000E+0	6	1110
2542,567	39,000	40,900	7,990E+1	0,000E+0	1,763E+2	1,763E+2	0,000E+0	3,626E-1	3,601E-1	0,000E+0	6	1110
2543,566	39,000	40,900	7,990E+1	0,000E+0	1,763E+2	1,763E+2	0,000E+0	3,626E-1	3,601E-1	0,000E+0	6	1110
2544,567	39,000	40,900	7,990E+1	0,000E+0	1,763E+2	1,763E+2	0,000E+0	3,626E-1	3,601E-1	0,000E+0	6	1110
2545,567	39,100	40,800	7,990E+1	0,000E+0	1,764E+2	1,763E+2	0,000E+0	3,646E-1	3,592E-1	0,000E+0	6	1110
2546,567	39,100	40,800	7,990E+1	0,000E+0	1,764E+2	1,763E+2	0,000E+0	3,646E-1	3,592E-1	0,000E+0	6	1110
2547,567	39,000	41,100	8,010E+1	0,000E+0	1,764E+2	1,764E+2	0,000E+0	3,639E-1	3,613E-1	0,000E+0	6	1110
2548,567	39,000	41,100	8,010E+1	0,000E+0	1,764E+2	1,764E+2	0,000E+0	3,639E-1	3,613E-1	0,000E+0	6	1110
2549,567	39,200	40,800	8,000E+1	0,000E+0	1,764E+2	1,764E+2	0,000E+0	3,639E-1	3,597E-1	0,000E+0	6	1110
2550,566	39,100	40,800	7,990E+1	0,000E+0	1,765E+2	1,761E+2	0,000E+0	3,643E-1	3,600E-1	0,000E+0	6	1110
2551,568	39,200	41,000	8,020E+1	0,000E+0	1,765E+2	1,761E+2	0,000E+0	3,645E-1	3,607E-1	0,000E+0	7	1110
2552,569	38,800	40,900	7,970E+1	0,000E+0	1,764E+2	1,762E+2	0,000E+0	3,620E-1	3,604E-1	0,000E+0	7	1110
2553,569	39,200	40,900	8,010E+1	0,000E+0	1,764E+2	1,762E+2	0,000E+0	3,644E-1	3,602E-1	0,000E+0	7	1110
2554,569	39,100	40,900	8,000E+1	0,000E+0	1,763E+2	1,763E+2	0,000E+0	3,638E-1	3,602E-1	0,000E+0	7	1110
2555,570	39,100	40,900	8,000E+1	0,000E+0	1,763E+2	1,763E+2	0,000E+0	3,638E-1	3,602E-1	0,000E+0	7	1110
2556,570	38,900	40,900	7,980E+1	0,000E+0	1,762E+2	1,761E+2	0,000E+0	3,620E-1	3,605E-1	0,000E+0	7	1110
2557,569	38,900	40,900	7,980E+1	0,000E+0	1,762E+2	1,761E+2	0,000E+0	3,620E-1	3,605E-1	0,000E+0	7	1110
2558,570	38,900	40,900	7,980E+1	0,000E+0	1,762E+2	1,761E+2	0,000E+0	3,620E-1	3,605E-1	0,000E+0	7	1110
2559,570	38,900	40,900	7,980E+1	0,000E+0	1,762E+2	1,761E+2	0,000E+0	3,620E-1	3,605E-1	0,000E+0	7	1110
2560,570	38,900	40,900	7,980E+1	0,000E+0	1,762E+2	1,761E+2	0,000E+0	3,620E-1	3,605E-1	0,000E+0	7	1110
2561,570	38,900	40,900	7,980E+1	0,000E+0	1,762E+2	1,761E+2	0,000E+0	3,620E-1	3,605E-1	0,000E+0	7	1110
2562,569	39,200	41,000	8,020E+1	0,000E+0	1,764E+2	1,761E+2	0,000E+0	3,646E-1	3,608E-1	0,000E+0	7	1110
2563,571	39,200	41,000	8,020E+1	0,000E+0	1,764E+2	1,761E+2	0,000E+0	3,646E-1	3,608E-1	0,000E+0	7	1110
2564,571	39,200	41,000	8,020E+1	0,000E+0	1,764E+2	1,761E+2	0,000E+0	3,646E-1	3,608E-1	0,000E+0	7	1110
2565,571	39,200	41,000	8,020E+1	0,000E+0	1,764E+2	1,761E+2	0,000E+0	3,646E-1	3,608E-1	0,000E+0	7	1110
2566,571	38,800	41,100	7,990E+1	0,000E+0	1,763E+2	1,763E+2	0,000E+0	3,624E-1	3,609E-1	0,000E+0	7	1110
2567,571	38,800	41,100	7,990E+1	0,000E+0	1,763E+2	1,763E+2	0,000E+0	3,624E-1	3,609E-1	0,000E+0	7	1110
2568,571	39,000	40,900	7,990E+1	0,000E+0	1,763E+2	1,763E+2	0,000E+0	3,636E-1	3,596E-1	0,000E+0	7	1110
2569,570	39,000	40,900	7,990E+1	0,000E+0	1,763E+2	1,763E+2	0,000E+0	3,636E-1	3,596E-1	0,000E+0	7	1110
2570,571	39,100	40,900	8,000E+1	0,000E+0	1,765E+2	1,761E+2	0,000E+0	3,645E-1	3,603E-1	0,000E+0	7	1110
2571,572	39,100	41,000	8,010E+1	0,000E+0	1,764E+2	1,763E+2	0,000E+0	3,645E-1	3,600E-1	0,000E+0	7	1110
2572,572	39,100	40,900	8,000E+1	0,000E+0	1,763E+2	1,760E+2	0,000E+0	3,643E-1	3,606E-1	0,000E+0	7	1110
2573,573	39,200	40,900	8,010E+1	0,000E+0	1,764E+2	1,763E+2	0,000E+0	3,641E-1	3,606E-1	0,000E+0	7	1110
2574,573	38,900	41,000	7,990E+1	0,000E+0	1,764E+2	1,761E+2	0,000E+0	3,631E-1	3,612E-1	0,000E+0	7	1110
2575,574	38,900	41,000	7,990E+1	0,000E+0	1,764E+2	1,761E+2	0,000E+0	3,631E-1	3,612E-1	0,000E+0	7	1111
2576,573	38,900	41,000	7,990E+1	0,000E+0	1,764E+2	1,763E+2	0,000E+0	3,628E-1	3,603E-1	0,000E+0	7	1111
2577,574	39,100	41,000	8,010E+1	0,000E+0	1,764E+2	1,761E+2	0,000E+0	3,635E-1	3,611E-1	0,000E+0	7	1111
2578,574	39,200	40,800	8,000E+1	0,000E+0	1,765E+2	1,762E+2	0,000E+0	3,646E-1	3,595E-1	0,000E+0	7	1111
2579,574	39,200	40,900	8,010E+1	0,000E+0	1,764E+2	1,762E+2	0,000E+0	3,648E-1	3,603E-1	0,000E+0	7	1111
2580,575	39,000	41,000	8,000E+1	0,000E+0	1,765E+2	1,762E+2	0,000E+0	3,630E-1	3,608E-1	0,000E+0	7	1111
2581,576	39,100	41,100	8,020E+1	0,000E+0	1,765E+2	1,764E+2	0,000E+0	3,641E-1	3,615E-1	0,000E+0	7	1111
2582,576	39,100	41,100	8,020E+1	0,000E+0	1,765E+2	1,764E+2	0,000E+0	3,641E-1	3,615E-1	0,000E+0	7	1111
2583,575	39,100	41,100	8,020E+1	0,000E+0	1,765E+2	1,764E+2	0,000E+0	3,641E-1	3,615E-1	0,000E+0	7	1111
2584,576	39,100	41,100	8,020E+1	0,000E+0	1,765E+2	1,764E+2	0,000E+0	3,641E-1	3,615E-1	0,000E+0	7	1111
2585,576	39,100	41,100	8,020E+1	0,000E+0	1,765E+2	1,764E+2	0,000E+0	3,641E-1	3,615E-1	0,000E+0	7	1111
2586,576	39,000	40,900	7,990E+1	0,000E+0	1,764E+2	1,762E+2	0,000E+0	3,639E-1	3,618E-1	0,000E+0	7	1111
2587,577	39,000	40,900	7,990E+1	0,000E+0	1,764E+2	1,762E+2	0,000E+0	3,639E-1	3,618E-1	0,000E+0	7	1111
2588,578	39,100	40,800	7,990E+1	0,000E+0	1,764E+2	1,762E+2	0,000E+0	3,637E-1	3,596E-1	0,000E+0	7	1111
2589,578	39,100	40,800	7,990E+1	0,000E+0	1,764E+2	1,762E+2	0,000E+0	3,637E-1	3,596E-1	0,000E+0	7	1111
2590,577	39,100	40,800	7,990E+1	0,000E+0	1,764E+2	1,762E+2	0,000E+0	3,637E-1	3,596E-1	0,000E+0	7	1111
2591,578	38,900	41,100	8,000E+1	0,000E+0	1,764E+2	1,765E+2	0,000E+0	3,632E-1	3,609E-1	0,000E+0	7	1111
2592,578	38,900	41,100	8,000E+1	0,000E+0	1,764E+2	1,765E+2	0,000E+0	3,632E-1	3,609E-1	0,000E+0	7	1111
2593,578	39,000	41,000	8,000E+1	0,000E+0	1,764E+2	1,766E+2	0,000E+0	3,634E-1	3,606E-1	0,000E+0	7	1111
2594,579	39,000	41,000	8,000E+1	0,000E+0	1,766E+2	1,761E+2	0,000E+0	3,640E-1	3,612E-1	0,000E+0	7	1111
2595,578	39,200	40,800	8,000E+1	0,000E+0	1,767E+2	1,761E+2	0,000E+0	3,645E-1	3,597E-1	0,000E+0	7	1111
2596,580	39,200	40,800	8,000E+1	0,000E+0	1,767E+2	1,761E+2	0,000E+0	3,645E-1	3,597E-1	0,000E+0	6	1111
2597,580	39,200	40,800	8,000E+1	0,000E+0	1,765E+2	1,764E+2	0,000E+0	3,639E-1	3,593E-1	0,000E+0	6	1111
2598,580	39,000	41,000	8,000E+1	0,000E+0	1,764E+2	1,763E+2	0,000E+0	3,645E-1	3,618E-1	0,000E+0	6	1111
2599,580	39,200	40,800	8,000E+1	0,000E+0	1,764E+2	1,762E+2	0,000E+0	3,636E-1	3,603E-1	0,000E+0	6	1111
2600,580	39,000	40,900	7,990E+1	0,000E+0	1,765E+2	1,766E+2	0,000E+0	3,625E-1	3,596E-1	0,000E+0	6	1111
2601,580	39,000	40,900	7,990E+1	0,000E+0	1,765E+2	1,766E+2	0,000E+0	3,625E-1	3,596E-1	0,000E+0	6	1111
2602,581	39,000	40,900	7,990E+1	0,000E+0	1,765E+2	1,766E+2	0,000E+0	3,625E-1	3,596E-1	0,000E+0	6	1111
2603,582	39,000	40,900	7,990E+1	0,000E+0	1,765E+2	1,766E+2	0,000E+0	3,625E-1	3,596E-1	0,000E+0	6	1111
2604,581	39,000	40,900	7,990E+1	0,000E+0	1,765E+2	1,766E+2	0,000E+0	3,625E-1	3,596E-1	0,000E+0	6	1111
2605,582	39,000	40,900	7,990E+1	0,000E+0	1,765E+2	1,766E+2	0,000E+0	3,625E-1	3,596E-1	0,000E+0	6	1111
2606,582	39,000	40,900	7,990E+1	0,000E+0	1,765E+2	1,766E+2	0,000E+0	3,625E-1	3,596E-1	0,000E+0	6	1111
2607,582	39,000	40,900	7,990E+1	0,000E+0	1,765E+2	1,766E+2	0,000E+0	3,625E-1	3,596E-1	0,000E+0	6	1111
2608,583	39,000	40,900	7,990E+1	0,000E+0	1,765E+2	1,766E+2	0,000E+0	3,625E-1	3,596E-1	0,000E+0	6	1111
2609,583	39,000	40,900	7,990E+1	0,000E+0	1,765E+2	1,766E+2	0,000E+0	3,625E-1	3,596E-1	0,000E+0	6	1111
2610,585	39,000	40,900	7,990E+1	0,000E+0	1,765E+2	1,766E+2	0,000E+0	3,625E-1	3,596E-1	0,000E+0	6	1111
2611,585	38,900	41,000	7,990E+1	0,000E+0	1,762E+2	1,763E+2	0,000E+0	3,627E-1	3,603E-1	0,000E+0	6	1111
2612,586	38,900	41,000	7,990E+1	0,000E+0	1,762E+2	1,763E+2	0,000E+0	3,627E-1	3,603E-1	0,000E+0	6	1111
2613,586	39,000	41,100	8,010E+1	0,000E+0	1,762E+2	1,764E+2	0,000E+0	3,630E-1	3,613E-1	0,000E+0	6	1111
2614,586	39,000	40,900	7,990E+1	0,000E+0	1,764E+2	1,759E+2	0,000E+0	3,636E-1	3,600E-1	0,000E+0	6	1111
2615,586	39,000	40,900	7,990E+1	0,000E+0	1,764E+2	1,759E+2	0,000E+0	3,636E-1	3,600E-1	0,000E+0	6	1111
2616,586	39,000	40,800	7,980E+1	0,000E+0	1,765E+2	1,764E+2	0,000E+0	3,626E-1	3,592E-1	0,000E+0	6	1111
2617,586	39,000	40,800	7,980E+1	0,000E+0	1,765E+2	1,764E+2	0,000E+0	3,626E-1	3,592E-1	0,000E+0	6	1111
2618,586	39,000	40,900	7,990E+1	0,000E+0	1,764E+2	1,763E+2	0,000E+0	3,624E-1	3,604E-1	0,000E+0	5	1111
2619,587	39,100	41,000	8,010E+1	0,000E+0	1,762E+2	1,763E+2	0,000E+0	3,639E-1	3,607E-1	0,000E+0	5	1111
2620,587	39,100	41,000	8,010E+1	0,000E+0	1,762E+2	1,763E+2	0,000E+0	3,639E-1	3,607E-1	0,000E+0	5	1111
2621,587	39,100	40,900	8,000E+1	0,000E+0	1,764E+2	1,762E+2	0,000E+0	3,646E-1	3,606E-1	0,000E+0	5	1111
2622,587	39,000	41,100	8,010E+1	0,000E+0	1,762E+2	1,762E+2	0,000E+0	3,642E-1	3,610E-1	0,000E+0	5	1111
2623,586	39,000	41,100	8,010E+1	0,000E+0	1,762E+2	1,762E+2	0,000E+0	3,642E-1	3,610E-1	0,000E+0	5	1111
2624,587	39,000	41,100	8,010E+1	0,000E+0	1,762E+2	1,762E+2	0,000E+0	3,642E-1	3,610E-1	0,000E+0	5	1111
2625,587	39,000	41,000	8,000E+1	0,000E+0	1,762E+2	1,762E+2	0,000E+0	3,638E-1	3,614E-1	0,000E+0	5	1111
2626,588	39,000	41,000	8,000E+1	0,000E+0	1,762E+2	1,762E+2	0,000E+0	3,638E-1	3,614E-1	0,000E+0	5	1111
2627,588	39,000	41,000	8,000E+1	0,000E+0	1,762E+2	1,762E+2	0,000E+0	3,638E-1	3,614E-1	0,000E+0	5	1111
2628,588	39,000	41,000	8,000E+1	0,000E+0	1,762E+2	1,762E+2	0,000E+0	3,638E-1	3,614E-1	0,000E+0	5	1111
2629,589	39,100	40,700	7,980E+1	0,000E+0	1,762E+2	1,761E+2	0,000E+0	3,631E-1	3,587E-1	0,000E+0	5	1111
2630,589	39,100	40,700	7,980E+1	0,000E+0	1,762E+2	1,761E+2	0,000E+0	3,631E-1	3,587E-1	0,000E+0	5	1111
2631,589	39,100	40,700	7,980E+1	0,000E+0	1,762E+2	1,761E+2	0,000E+0	3,631E-1	3,587E-1	0,000E+0	5	1111
2632,591	39,100	41,000	8,010E+1	0,000E+0	1,764E+2	1,760E+2	0,000E+0	3,645E-1	3,610E-1	0,000E+0	5	1111
2633,591	39,100	41,000	8,010E+1	0,000E+0	1,764E+2	1,760E+2	0,000E+0	3,645E-1	3,610E-1	0,000E+0	5	1111
2634,591	39,000	40,900	7,990E+1	0,000E+0	1,765E+2	1,759E+2	0,000E+0	3,633E-1	3,600E-1	0,000E+0	5	1111
2635,591	39,100	40,900	8,000E+1	0,000E+0	1,761E+2	1,760E+2	0,000E+0	3,642E-1	3,604E-1	0,000E+0	5	1111
2636,592	39,200	40,700	7,990E+1	0,000E+0	1,763E+2	1,759E+2	0,000E+0	3,648E-1	3,594E-1	0,000E+0	5	1111
2637,592	39,000	41,000	8,000E+1	0,000E+0	1,761E+2	1,761E+2	0,000E+0	3,643E-1	3,617E-1	0,000E+0	5	1111
2638,591	39,100	40,900	8,000E+1	0,000E+0	1,764E+2	1,760E+2	0,000E+0	3,646E-1	3,611E-1	0,000E+0	4	1111
2639,592	38,900	40,900	7,980E+1	0,000E+0	1,760E+2	1,761E+2	0,000E+0	3,629E-1	3,603E-1	0,000E+0	4	1111
2640,593	39,200	40,800	8,000E+1	0,000E+0	1,765E+2	1,761E+2	0,000E+0	3,642E-1	3,594E-1	0,000E+0	4	1111
2641,594	39,000	41,100	8,010E+1	0,000E+0	1,760E+2	1,763E+2	0,000E+0	3,640E-1	3,618E-1	0,000E+0	4	1111
2642,594	39,000	41,100	8,010E+1	0,000E+0	1,760E+2	1,763E+2	0,000E+0	3,640E-1	3,618E-1	0,000E+0	4	1111
2643,594	39,000	41,100	8,010E+1	0,000E+0	1,760E+2	1,763E+2	0,000E+0	3,640E-1	3,618E-1	0,000E+0	4	1111
2644,594	39,000	41,100	8,010E+1	0,000E+0	1,760E+2	1,763E+2	0,000E+0	3,640E-1	3,618E-1	0,000E+0	4	1111
2645,593	39,000	41,100	8,010E+1	0,000E+0	1,760E+2	1,763E+2	0,000E+0	3,640E-1	3,618E-1	0,000E+0	4	1111
2646,595	39,000	41,100	8,010E+1	0,000E+0	1,760E+2	1,763E+2	0,000E+0	3,640E-1	3,618E-1	0,000E+0	4	1111
2647,595	39,000	41,100	8,010E+1	0,000E+0	1,760E+2	1,763E+2	0,000E+0	3,640E-1	3,618E-1	0,000E+0	4	1111
2648,595	39,000	41,100	8,010E+1	0,000E+0	1,760E+2	1,763E+2	0,000E+0	3,640E-1	3,618E-1	0,000E+0	4	1111
2649,596	39,000	41,100	8,010E+1	0,000E+0	1,760E+2	1,763E+2	0,000E+0	3,640E-1	3,618E-1	0,000E+0	4	1111
2650,596	39,000	41,100	8,010E+1	0,000E+0	1,760E+2	1,763E+2	0,000E+0	3,640E-1	3,618E-1	0,000E+0	4	1111
2651,596	39,200	40,800	8,000E+1	0,000E+0	1,763E+2	1,760E+2	0,000E+0	3,639E-1	3,590E-1	0,000E+0	4	1111
2652,596	39,200	40,800	8,000E+1	0,000E+0	1,763E+2	1,760E+2	0,000E+0	3,639E-1	3,590E-1	0,000E+0	4	1111
2653,597	39,200	40,800	8,000E+1	0,000E+0	1,763E+2	1,760E+2	0,000E+0	3,639E-1	3,590E-1	0,000E+0	4	1111
2654,597	39,200	40,800	8,000E+1	0,000E+0	1,763E+2	1,760E+2	0,000E+0	3,639E-1	3,590E-1	0,000E+0	4	1111
2655,597	39,200	40,700	7,990E+1	0,000E+0	1,763E+2	1,759E+2	0,000E+0	3,647E-1	3,588E-1	0,000E+0	4	1111
2656,597	39,200	40,700	7,990E+1	0,000E+0	1,763E+2	1,759E+2	0,000E+0	3,647E-1	3,588E-1	0,000E+0	4	1111
2657,598	38,900	41,100	8,000E+1	0,000E+0	1,764E+2	1,761E+2	0,000E+0	3,631E-1	3,610E-1	0,000E+0	4	1111
2658,598	39,000	41,000	8,000E+1	0,000E+0	1,762E+2	1,761E+2	0,000E+0	3,639E-1	3,611E-1	0,000E+0	4	1111
2659,597	39,100	40,900	8,000E+1	0,000E+0	1,762E+2	1,761E+2	0,000E+0	3,641E-1	3,602E-1	0,000E+0	4	1111
2660,598	39,200	40,900	8,010E+1	0,000E+0	1,761E+2	1,761E+2	0,000E+0	3,652E-1	3,604E-1	0,000E+0	3	1111
2661,599	39,100	40,800	7,990E+1	0,000E+0	1,764E+2	1,761E+2	0,000E+0	3,628E-1	3,600E-1	0,000E+0	3	1111
2662,599	39,000	40,900	7,990E+1	0,000E+0	1,761E+2	1,760E+2	0,000E+0	3,631E-1	3,604E-1	0,000E+0	3	1111
2663,599	39,200	40,900	8,010E+1	0,000E+0	1,762E+2	1,760E+2	0,000E+0	3,640E-1	3,605E-1	0,000E+0	3	1111
2664,599	39,300	40,900	8,020E+1	0,000E+0	1,763E+2	1,759E+2	0,000E+0	3,658E-1	3,604E-1	0,000E+0	3	1111
2665,600	39,300	40,900	8,020E+1	0,000E+0	1,763E+2	1,759E+2	0,000E+0	3,658E-1	3,604E-1	0,000E+0	3	1111
2666,601	39,300	40,900	8,020E+1	0,000E+0	1,763E+2	1,759E+2	0,000E+0	3,658E-1	3,604E-1	0,000E+0	3	1111
2667,601	39,300	40,900	8,020E+1	0,000E+0	1,763E+2	1,759E+2	0,000E+0	3,658E-1	3,604E-1	0,000E+0	3	1111
2668,601	39,300	40,900	8,020E+1	0,000E+0	1,763E+2	1,759E+2	0,000E+0	3,658E-1	3,604E-1	0,000E+0	3	1111
2669,601	39,200	40,800	8,000E+1	0,000E+0	1,763E+2	1,760E+2	0,000E+0	3,644E-1	3,599E-1	0,000E+0	3	1111
2670,601	39,200	40,800	8,000E+1	0,000E+0	1,763E+2	1,760E+2	0,000E+0	3,644E-1	3,599E-1	0,000E+0	3	1111
2671,600	39,200	40,800	8,000E+1	0,000E+0	1,763E+2	1,760E+2	0,000E+0	3,644E-1	3,599E-1	0,000E+0	3	1111
2672,602	39,200	40,800	8,000E+1	0,000E+0	1,763E+2	1,760E+2	0,000E+0	3,644E-1	3,599E-1	0,000E+0	3	1111
2673,602	39,000	40,800	7,980E+1	0,000E+0	1,763E+2	1,761E+2	0,000E+0	3,631E-1	3,596E-1	0,000E+0	3	1111
2674,602	39,000	40,800	7,980E+1	0,000E+0	1,763E+2	1,761E+2	0,000E+0	3,631E-1	3,596E-1	0,000E+0	3	1111
2675,602	39,000	40,800	7,980E+1	0,000E+0	1,763E+2	1,761E+2	0,000E+0	3,631E-1	3,596E-1	0,000E+0	3	1111
2676,602	38,900	41,100	8,000E+1	0,000E+0	1,762E+2	1,760E+2	0,000E+0	3,633E-1	3,618E-1	0,000E+0	3	1111
2677,602	39,000	40,900	7,990E+1	0,000E+0	1,762E+2	1,761E+2	0,000E+0	3,633E-1	3,599E-1	0,000E+0	3	1111
2678,602	39,000	40,900	7,990E+1	0,000E+0	1,763E+2	1,760E+2	0,000E+0	3,633E-1	3,609E-1	0,000E+0	2	1111
2679,603	39,000	41,000	8,000E+1	0,000E+0	1,761E+2	1,761E+2	0,000E+0	3,641E-1	3,615E-1	0,000E+0	2	1111
2680,602	39,200	40,900	8,010E+1	0,000E+0	1,764E+2	1,761E+2	0,000E+0	3,638E-1	3,601E-1	0,000E+0	2	1111
2681,603	39,200	40,900	8,010E+1	0,000E+0	1,764E+2	1,761E+2	0,000E+0	3,638E-1	3,601E-1	0,000E+0	2	1111
2682,602	39,000	40,800	7,980E+1	0,000E+0	1,762E+2	1,759E+2	0,000E+0	3,639E-1	3,606E-1	0,000E+0	2	1111
2683,603	39,000	40,800	7,980E+1	0,000E+0	1,762E+2	1,759E+2	0,000E+0	3,639E-1	3,606E-1	0,000E+0	2	1111
2684,604	39,000	40,800	7,980E+1	0,000E+0	1,762E+2	1,759E+2	0,000E+0	3,639E-1	3,606E-1	0,000E+0	2	1111
2685,604	39,000	40,800	7,980E+1	0,000E+0	1,762E+2	1,759E+2	0,000E+0	3,639E-1	3,606E-1	0,000E+0	2	1111
2686,604	39,000	40,800	7,980E+1	0,000E+0	1,762E+2	1,759E+2	0,000E+0	3,639E-1	3,606E-1	0,000E+0	2	1111
2687,603	39,000	40,800	7,980E+1	0,000E+0	1,762E+2	1,759E+2	0,000E+0	3,639E-1	3,606E-1	0,000E+0	2	1111
2688,605	39,000	40,800	7,980E+1	0,000E+0	1,762E+2	1,759E+2	0,000E+0	3,639E-1	3,606E-1	0,000E+0	2	1111
2689,606	39,000	40,800	7,980E+1	0,000E+0	1,762E+2	1,759E+2	0,000E+0	3,639E-1	3,606E-1	0,000E+0	2	1111
2690,606	39,000	40,800	7,980E+1	0,000E+0	1,762E+2	1,759E+2	0,000E+0	3,639E-1	3,606E-1	0,000E+0	2	1111
2691,606	38,900	41,000	7,990E+1	0,000E+0	1,762E+2	1,762E+2	0,000E+0	3,630E-1	3,602E-1	0,000E+0	2	1111
2692,605	38,900	41,000	7,990E+1	0,000E+0	1,762E+2	1,762E+2	0,000E+0	3,630E-1	3,602E-1	0,000E+0	2	1111
2693,606	38,900	41,000	7,990E+1	0,000E+0	1,762E+2	1,762E+2	0,000E+0	3,630E-1	3,602E-1	0,000E+0	2	1111
2694,606	38,900	41,000	7,990E+1	0,000E+0	1,762E+2	1,762E+2	0,000E+0	3,630E-1	3,602E-1	0,000E+0	2	1111
2695,607	39,300	40,800	8,010E+1	0,000E+0	1,763E+2	1,759E+2	0,000E+0	3,651E-1	3,606E-1	0,000E+0	2	1111
2696,607	39,100	41,000	8,010E+1	0,000E+0	1,761E+2	1,762E+2	0,000E+0	3,640E-1	3,611E-1	0,000E+0	2	1111
2697,606	39,100	41,000	8,010E+1	0,000E+0	1,761E+2	1,762E+2	0,000E+0	3,640E-1	3,611E-1	0,000E+0	2	1111
2698,607	39,000	41,000	8,000E+1	0,000E+0	1,763E+2	1,762E+2	0,000E+0	3,629E-1	3,603E-1	0,000E+0	2	1111
2699,607	39,000	41,000	8,000E+1	0,000E+0	1,763E+2	1,762E+2	0,000E+0	3,629E-1	3,603E-1	0,000E+0	2	1111
2700,607	39,200	40,900	8,010E+1	0,000E+0	1,762E+2	1,760E+2	0,000E+0	3,651E-1	3,611E-1	0,000E+0	2	1111
2701,607	38,900	40,800	7,970E+1	0,000E+0	1,762E+2	1,761E+2	0,000E+0	3,621E-1	3,599E-1	0,000E+0	1	1111
2702,608	39,200	40,900	8,010E+1	0,000E+0	1,761E+2	1,759E+2	0,000E+0	3,654E-1	3,612E-1	0,000E+0	1	1111
2703,608	39,100	40,900	8,000E+1	0,000E+0	1,764E+2	1,759E+2	0,000E+0	3,651E-1	3,613E-1	0,000E+0	1	1111
2704,610	39,200	40,900	8,010E+1	0,000E+0	1,762E+2	1,762E+2	0,000E+0	3,644E-1	3,601E-1	0,000E+0	1	1111
2705,611	39,200	40,900	8,010E+1	0,000E+0	1,762E+2	1,762E+2	0,000E+0	3,644E-1	3,601E-1	0,000E+0	1	1111
2706,611	39,000	40,800	7,980E+1	0,000E+0	1,764E+2	1,760E+2	0,000E+0	3,635E-1	3,606E-1	0,000E+0	1	1111
2707,611	39,000	40,800	7,980E+1	0,000E+0	1,764E+2	1,760E+2	0,000E+0	3,635E-1	3,606E-1	0,000E+0	1	1111
2708,610	39,000	40,800	7,980E+1	0,000E+0	1,764E+2	1,760E+2	0,000E+0	3,635E-1	3,606E-1	0,000E+0	1	1111
2709,611	39,000	40,800	7,980E+1	0,000E+0	1,764E+2	1,760E+2	0,000E+0	3,635E-1	3,606E-1	0,000E+0	1	1111
2710,611	39,000	40,800	7,980E+1	0,000E+0	1,764E+2	1,760E+2	0,000E+0	3,635E-1	3,606E-1	0,000E+0	1	1111
2711,611	39,000	40,800	7,980E+1	0,000E+0	1,764E+2	1,760E+2	0,000E+0	3,635E-1	3,606E-1	0,000E+0	1	1111
2712,611	39,300	40,800	8,010E+1	0,000E+0	1,763E+2	1,761E+2	0,000E+0	3,660E-1	3,603E-1	0,000E+0	1	1111
2713,611	38,800	40,900	7,970E+1	0,000E+0	1,759E+2	1,759E+2	0,000E+0	3,625E-1	3,611E-1	0,000E+0	1	1111
2714,612	38,800	40,900	7,970E+1	0,000E+0	1,759E+2	1,759E+2	0,000E+0	3,625E-1	3,611E-1	0,000E+0	1	1111
2715,612	39,000	40,700	7,970E+1	0,000E+0	1,761E+2	1,758E+2	0,000E+0	3,632E-1	3,592E-1	0,000E+0	1	1111
2716,613	39,000	40,700	7,970E+1	0,000E+0	1,761E+2	1,758E+2	0,000E+0	3,632E-1	3,592E-1	0,000E+0	1	1111
2717,613	39,000	41,100	8,010E+1	0,000E+0	1,763E+2	1,761E+2	0,000E+0	3,635E-1	3,612E-1	0,000E+0	1	1111
2718,613	39,000	41,100	8,010E+1	0,000E+0	1,763E+2	1,761E+2	0,000E+0	3,635E-1	3,612E-1	0,000E+0	0	1111
2719,613	39,100	41,000	8,010E+1	0,000E+0	1,761E+2	1,760E+2	0,000E+0	3,635E-1	3,607E-1	0,000E+0	0	1111
2720,614	39,000	40,900	7,990E+1	0,000E+0	1,761E+2	1,759E+2	0,000E+0	3,641E-1	3,608E-1	0,000E+0	0	1111
2721,614	38,900	41,000	7,990E+1	0,000E+0	1,759E+2	1,759E+2	0,000E+0	3,632E-1	3,611E-1	0,000E+0	0	1111
2722,613	38,900	40,800	7,970E+1	0,000E+0	1,760E+2	1,760E+2	0,000E+0	3,629E-1	3,596E-1	0,000E+0	0	1111
2723,615	39,100	41,000	8,010E+1	0,000E+0	1,759E+2	1,758E+2	0,000E+0	3,651E-1	3,614E-1	0,000E+0	0	1111
2724,615	39,100	41,000	8,010E+1	0,000E+0	1,759E+2	1,758E+2	0,000E+0	3,651E-1	3,614E-1	0,000E+0	0	1111
2725,615	39,100	41,000	8,010E+1	0,000E+0	1,759E+2	1,758E+2	0,000E+0	3,651E-1	3,614E-1	0,000E+0	0	1111
2726,615	39,100	41,000	8,010E+1	0,000E+0	1,759E+2	1,758E+2	0,000E+0	3,651E-1	3,614E-1	0,000E+0	0	1111
2727,615	39,000	41,100	8,010E+1	0,000E+0	1,760E+2	1,758E+2	0,000E+0	3,642E-1	3,615E-1	0,000E+0	0	1111
2728,615	39,000	41,100	8,010E+1	0,000E+0	1,760E+2	1,758E+2	0,000E+0	3,642E-1	3,615E-1	0,000E+0	0	1111
2729,614	39,000	41,100	8,010E+1	0,000E+0	1,760E+2	1,758E+2	0,000E+0	3,642E-1	3,615E-1	0,000E+0	0	1111
2730,615	39,000	41,100	8,010E+1	0,000E+0	1,760E+2	1,758E+2	0,000E+0	3,642E-1	3,615E-1	0,000E+0	0	1111
2731,615	39,200	40,800	8,000E+1	0,000E+0	1,760E+2	1,758E+2	0,000E+0	3,646E-1	3,596E-1	0,000E+0	0	1111
2732,615	39,200	40,800	8,000E+1	0,000E+0	1,760E+2	1,758E+2	0,000E+0	3,646E-1	3,596E-1	0,000E+0	0	1111
2733,615	39,100	41,000	8,010E+1	0,000E+0	1,757E+2	1,757E+2	0,000E+0	3,639E-1	3,615E-1	0,000E+0	0	1111
2734,615	39,100	41,000	8,010E+1	0,000E+0	1,757E+2	1,757E+2	0,000E+0	3,639E-1	3,615E-1	0,000E+0	0	1111
2735,615	38,900	40,900	7,980E+1	0,000E+0	1,760E+2	1,757E+2	0,000E+0	3,628E-1	3,604E-1	0,000E+0	0	1111
2736,615	39,200	40,700	7,990E+1	0,000E+0	1,760E+2	1,758E+2	0,000E+0	3,643E-1	3,595E-1	0,000E+0	0	1111
2737,616	39,100	41,000	8,010E+1	0,000E+0	1,760E+2	1,759E+2	0,000E+0	3,632E-1	3,609E-1	0,000E+0	0	1111
2738,617	39,100	40,800	7,990E+1	0,000E+0	1,759E+2	1,757E+2	0,000E+0	3,646E-1	3,605E-1	0,000E+0	0	1111
2739,617	38,900	41,000	7,990E+1	0,000E+0	1,760E+2	1,759E+2	0,000E+0	3,637E-1	3,615E-1	0,000E+0	0	1111
2740,618	38,900	41,100	8,000E+1	0,000E+0	1,759E+2	1,759E+2	0,000E+0	3,630E-1	3,605E-1	0,000E+0	0	1111
2741,617	38,900	41,100	8,000E+1	0,000E+0	1,759E+2	1,759E+2	0,000E+0	3,630E-1	3,605E-1	0,000E+0	0	1111
2742,618	39,100	40,800	7,990E+1	0,000E+0	1,758E+2	1,759E+2	0,000E+0	3,636E-1	3,602E-1	0,000E+0	0	1111
2743,618	39,100	40,900	8,000E+1	0,000E+0	1,759E+2	1,755E+2	0,000E+0	3,633E-1	3,605E-1	0,000E+0	0	1111
2744,619	39,100	41,100	8,020E+1	0,000E+0	1,758E+2	1,757E+2	0,000E+0	3,644E-1	3,622E-1	0,000E+0	0	1111
2745,619	39,000	40,900	7,990E+1	0,000E+0	1,759E+2	1,759E+2	0,000E+0	3,631E-1	3,605E-1	0,000E+0	0	1111
2746,620	39,200	40,800	8,000E+1	0,000E+0	1,758E+2	1,759E+2	0,000E+0	3,645E-1	3,600E-1	0,000E+0	0	1111
2747,620	39,200	40,800	8,000E+1	0,000E+0	1,758E+2	1,759E+2	0,000E+0	3,645E-1	3,600E-1	0,000E+0	0	1111
2748,619	39,300	40,900	8,020E+1	0,000E+0	1,760E+2	1,757E+2	0,000E+0	3,658E-1	3,611E-1	0,000E+0	0	1111
2749,620	38,900	40,800	7,970E+1	0,000E+0	1,761E+2	1,756E+2	0,000E+0	3,631E-1	3,603E-1	0,000E+0	0	1111
2750,620	39,200	40,900	8,010E+1	0,000E+0	1,759E+2	1,757E+2	0,000E+0	3,648E-1	3,613E-1	0,000E+0	0	1111
2751,621	23,800	23,000	4,680E+1	0,000E+0	1,736E+2	1,735E+2	0,000E+0	2,272E-1	2,254E-1	0,000E+0	0	1111
2752,621	21,900	20,300	4,220E+1	0,000E+0	1,719E+2	1,716E+2	0,000E+0	2,043E-1	1,999E-1	0,000E+0	0	1111
2753,622	22,000	20,800	4,280E+1	0,000E+0	1,718E+2	1,718E+2	0,000E+0	2,051E-1	2,032E-1	0,000E+0	0	1111
2754,622	22,100	20,700	4,280E+1	0,000E+0	1,719E+2	1,717E+2	0,000E+0	2,058E-1	2,029E-1	0,000E+0	0	1111
2755,622	22,100	20,900	4,300E+1	0,000E+0	1,718E+2	1,717E+2	0,000E+0	2,053E-1	2,032E-1	0,000E+0	0	1111
2756,623	21,300	19,900	4,120E+1	0,000E+0	1,716E+2	1,716E+2	0,000E+0	1,992E-1	1,968E-1	0,000E+0	0	1111
2757,623	21,300	19,900	4,120E+1	0,000E+0	1,716E+2	1,716E+2	0,000E+0	1,992E-1	1,968E-1	0,000E+0	0	1111
2758,623	17,000	15,700	3,270E+1	0,000E+0	1,707E+2	1,708E+2	0,000E+0	1,636E-1	1,615E-1	0,000E+0	0	1111
2759,623	17,500	16,400	3,390E+1	0,000E+0	1,708E+2	1,708E+2	0,000E+0	1,685E-1	1,674E-1	0,000E+0	0	1111
2760,623	17,800	16,400	3,420E+1	0,000E+0	1,709E+2	1,706E+2	0,000E+0	1,706E-1	1,683E-1	0,000E+0	0	1111
2761,623	17,700	16,500	3,420E+1	0,000E+0	1,708E+2	1,707E+2	0,000E+0	1,692E-1	1,674E-1	0,000E+0	0	1111
2762,622	17,100	16,000	3,310E+1	0,000E+0	1,709E+2	1,707E+2	0,000E+0	1,648E-1	1,635E-1	0,000E+0	0	1111
2763,623	14,100	13,200	2,730E+1	0,000E+0	1,703E+2	1,702E+2	0,000E+0	1,402E-1	1,392E-1	0,000E+0	0	1111
2764,622	13,500	12,600	2,610E+1	0,000E+0	1,687E+2	1,686E+2	0,000E+0	1,362E-1	1,353E-1	0,000E+0	0	1111
2765,623	14,600	13,600	2,820E+1	0,000E+0	1,694E+2	1,694E+2	0,000E+0	1,457E-1	1,438E-1	0,000E+0	0	1111
2766,623	14,200	13,300	2,750E+1	0,000E+0	1,697E+2	1,696E+2	0,000E+0	1,422E-1	1,410E-1	0,000E+0	0	1111
2767,623	14,000	13,000	2,700E+1	0,000E+0	1,694E+2	1,693E+2	0,000E+0	1,403E-1	1,383E-1	0,000E+0	0	1111
2768,623	13,500	12,600	2,610E+1	0,000E+0	1,696E+2	1,694E+2	0,000E+0	1,362E-1	1,345E-1	0,000E+0	0	1111
2769,622	13,500	12,600	2,610E+1	0,000E+0	1,696E+2	1,694E+2	0,000E+0	1,362E-1	1,345E-1	0,000E+0	0	1111
2770,623	13,500	12,600	2,610E+1	0,000E+0	1,696E+2	1,694E+2	0,000E+0	1,362E-1	1,345E-1	0,000E+0	0	1111
2771,623	12,900	11,900	2,480E+1	0,000E+0	1,686E+2	1,683E+2	0,000E+0	1,311E-1	1,294E-1	0,000E+0	0	1111
2772,624	13,300	12,400	2,570E+1	0,000E+0	1,688E+2	1,688E+2	0,000E+0	1,346E-1	1,329E-1	0,000E+0	0	1111
2773,624	12,900	12,000	2,490E+1	0,000E+0	1,690E+2	1,689E+2	0,000E+0	1,311E-1	1,294E-1	0,000E+0	0	1111
2774,624	11,800	11,100	2,290E+1	0,000E+0	1,682E+2	1,682E+2	0,000E+0	1,219E-1	1,207E-1	0,000E+0	0	1111
2775,624	11,300	10,600	2,190E+1	0,000E+0	1,672E+2	1,671E+2	0,000E+0	1,182E-1	1,169E-1	0,000E+0	0	1111
2776,623	11,300	10,600	2,190E+1	0,000E+0	1,672E+2	1,671E+2	0,000E+0	1,182E-1	1,169E-1	0,000E+0	0	1111
2777,624	12,300	11,400	2,370E+1	0,000E+0	1,682E+2	1,680E+2	0,000E+0	1,262E-1	1,245E-1	0,000E+0	0	1111
2778,624	11,900	11,200	2,310E+1	0,000E+0	1,679E+2	1,679E+2	0,000E+0	1,227E-1	1,217E-1	0,000E+0	0	1111
2779,625	11,700	10,900	2,260E+1	0,000E+0	1,676E+2	1,675E+2	0,000E+0	1,211E-1	1,197E-1	0,000E+0	0	1111
2780,626	11,900	11,100	2,300E+1	0,000E+0	1,676E+2	1,675E+2	0,000E+0	1,227E-1	1,217E-1	0,000E+0	0	1111
2781,626	12,100	11,200	2,330E+1	0,000E+0	1,680E+2	1,676E+2	0,000E+0	1,246E-1	1,225E-1	0,000E+0	0	1111
2782,627	12,100	11,200	2,330E+1	0,000E+0	1,680E+2	1,676E+2	0,000E+0	1,246E-1	1,225E-1	0,000E+0	0	1111
2783,626	11,900	11,100	2,300E+1	0,000E+0	1,678E+2	1,677E+2	0,000E+0	1,229E-1	1,214E-1	0,000E+0	0	1111
2784,628	11,800	11,000	2,280E+1	0,000E+0	1,674E+2	1,674E+2	0,000E+0	1,225E-1	1,216E-1	0,000E+0	0	1111
2785,629	11,800	11,100	2,290E+1	0,000E+0	1,676E+2	1,675E+2	0,000E+0	1,224E-1	1,210E-1	0,000E+0	0	1111
2786,629	11,700	10,900	2,260E+1	0,000E+0	1,673E+2	1,673E+2	0,000E+0	1,211E-1	1,198E-1	0,000E+0	0	1111
2787,629	11,600	10,900	2,250E+1	0,000E+0	1,673E+2	1,672E+2	0,000E+0	1,208E-1	1,198E-1	0,000E+0	0	1111
2788,629	11,600	10,900	2,250E+1	0,000E+0	1,673E+2	1,672E+2	0,000E+0	1,208E-1	1,198E-1	0,000E+0	0	1111
2790,628	0,200	0,000	2,000E-1	0,000E+0	1,133E+2	1,132E+2	0,000E+0	0,000E+0	0,000E+0	0,000E+0	0	1111
2790,628	0,100	0,200	3,000E-1	0,000E+0	9,401E+1	9,390E+1	0,000E+0	0,000E+0	0,000E+0	0,000E+0	0	1111
2791,629	0,200	0,200	4,000E-1	0,000E+0	7,807E+1	7,800E+1	0,000E+0	0,000E+0	0,000E+0	0,000E+0	0	1111
2792,629	0,200	0,200	4,000E-1	0,000E+0	6,363E+1	6,359E+1	0,000E+0	0,000E+0	0,000E+0	0,000E+0	0	1111
2793,629	0,100	0,100	2,000E-1	0,000E+0	5,070E+1	5,053E+1	0,000E+0	0,000E+0	0,000E+0	0,000E+0	0	1111
2794,629	0,000	0,000	0,000E+0	0,000E+0	3,457E+1	3,442E+1	0,000E+0	0,000E+0	0,000E+0	0,000E+0	0	1111
