t	IF	IR	VF	VR	VelSP	VelRE
0,000	0,000	0,000	0,000E+0	2,400E+1	0,000E+0
0,003	0,000	0,000	0,000E+0	2,400E+1	0,000E+0	0,000E+0
1,004	0,000	0,000	3,000E-1	2,400E+1	0,000E+0	0,000E+0
2,005	0,000	0,000	3,000E-1	2,400E+1	0,000E+0	0,000E+0
3,006	0,000	0,000	3,000E-1	2,400E+1	0,000E+0	0,000E+0
4,005	0,000	0,000	3,000E-1	2,400E+1	0,000E+0	0,000E+0
5,006	0,000	0,000	3,000E-1	2,400E+1	0,000E+0	0,000E+0
6,005	0,000	0,000	3,000E-1	2,400E+1	0,000E+0	0,000E+0
7,005	0,000	0,000	3,000E-1	2,400E+1	0,000E+0	0,000E+0
8,005	0,000	0,000	3,000E-1	2,400E+1	0,000E+0	0,000E+0
9,005	0,000	0,000	3,000E-1	2,400E+1	0,000E+0	0,000E+0
10,007	0,000	0,000	3,000E-1	2,400E+1	0,000E+0	0,000E+0
11,006	0,000	0,000	3,000E-1	2,400E+1	0,000E+0	0,000E+0
12,006	0,000	0,000	3,000E-1	2,400E+1	0,000E+0	0,000E+0
13,006	0,000	0,000	3,000E-1	2,400E+1	0,000E+0	0,000E+0
14,006	0,000	0,000	3,000E-1	2,400E+1	0,000E+0	0,000E+0
15,007	0,000	0,000	3,000E-1	2,400E+1	0,000E+0	0,000E+0
16,008	0,000	0,000	3,000E-1	2,400E+1	0,000E+0	0,000E+0
17,010	0,000	0,000	3,000E-1	2,400E+1	0,000E+0	0,000E+0
18,009	0,000	0,000	3,000E-1	2,400E+1	0,000E+0	0,000E+0
19,009	0,000	0,000	3,000E-1	2,400E+1	0,000E+0	0,000E+0
20,009	0,000	0,000	3,000E-1	2,400E+1	0,000E+0	0,000E+0
21,009	0,000	0,000	3,000E-1	2,400E+1	0,000E+0	0,000E+0
22,009	0,000	0,000	3,000E-1	2,400E+1	0,000E+0	0,000E+0
23,009	0,000	0,000	3,000E-1	2,400E+1	0,000E+0	0,000E+0
24,010	0,000	0,000	3,000E-1	2,400E+1	0,000E+0	0,000E+0
25,009	0,000	0,000	3,000E-1	2,400E+1	0,000E+0	0,000E+0
26,010	0,000	0,000	3,000E-1	2,400E+1	0,000E+0	0,000E+0
27,011	0,000	0,000	3,000E-1	2,400E+1	0,000E+0	0,000E+0
28,011	0,000	0,000	3,000E-1	2,400E+1	0,000E+0	0,000E+0
29,012	0,000	0,000	3,000E-1	2,400E+1	0,000E+0	0,000E+0
30,011	0,000	0,000	3,000E-1	2,400E+1	0,000E+0	0,000E+0
31,012	0,000	0,000	3,000E-1	2,400E+1	0,000E+0	0,000E+0
32,011	0,000	0,000	3,000E-1	2,400E+1	0,000E+0	0,000E+0
33,011	0,000	0,000	3,000E-1	2,400E+1	0,000E+0	0,000E+0
34,011	0,000	0,000	3,000E-1	2,400E+1	0,000E+0	0,000E+0
35,011	0,000	0,000	3,000E-1	2,400E+1	0,000E+0	0,000E+0
36,013	0,000	0,000	3,000E-1	2,400E+1	0,000E+0	0,000E+0
37,012	0,000	0,000	3,000E-1	2,400E+1	0,000E+0	0,000E+0
38,013	0,000	0,000	3,000E-1	2,400E+1	0,000E+0	0,000E+0
39,012	0,000	0,000	3,000E-1	2,400E+1	0,000E+0	0,000E+0
40,012	0,000	0,000	3,000E-1	2,400E+1	0,000E+0	0,000E+0
41,012	0,000	0,000	3,000E-1	2,400E+1	0,000E+0	0,000E+0
42,012	0,000	0,000	3,000E-1	2,400E+1	0,000E+0	0,000E+0
43,013	0,000	0,000	3,000E-1	2,400E+1	0,000E+0	0,000E+0
44,012	0,000	0,000	3,000E-1	2,400E+1	0,000E+0	0,000E+0
45,012	0,000	0,000	3,000E-1	2,400E+1	0,000E+0	0,000E+0
46,012	0,000	0,000	3,000E-1	2,400E+1	0,000E+0	0,000E+0
47,012	0,000	0,000	3,000E-1	2,400E+1	0,000E+0	0,000E+0
48,012	0,000	0,000	3,000E-1	2,400E+1	0,000E+0	0,000E+0
49,012	0,000	0,000	3,000E-1	2,400E+1	0,000E+0	0,000E+0
50,013	0,000	0,000	3,000E-1	2,400E+1	0,000E+0	0,000E+0
51,012	0,000	0,000	3,000E-1	2,400E+1	0,000E+0	0,000E+0
52,013	0,000	0,000	3,000E-1	2,400E+1	0,000E+0	0,000E+0
53,013	0,000	0,000	3,000E-1	2,400E+1	0,000E+0	0,000E+0
54,013	0,000	0,000	3,000E-1	2,400E+1	0,000E+0	0,000E+0
55,014	0,000	0,000	3,000E-1	2,400E+1	0,000E+0	0,000E+0
56,014	0,000	0,000	3,000E-1	2,400E+1	0,000E+0	0,000E+0
57,015	0,000	0,000	3,000E-1	2,400E+1	0,000E+0	0,000E+0
58,015	0,000	0,000	3,000E-1	2,400E+1	0,000E+0	0,000E+0
59,015	0,000	0,000	3,000E-1	2,400E+1	0,000E+0	0,000E+0
60,015	0,000	0,000	3,000E-1	2,400E+1	0,000E+0	0,000E+0
61,016	0,000	0,000	3,000E-1	2,400E+1	0,000E+0	0,000E+0
62,017	0,000	0,000	3,000E-1	2,400E+1	0,000E+0	0,000E+0
63,016	0,000	0,000	3,000E-1	2,400E+1	0,000E+0	0,000E+0
64,017	0,000	0,000	3,000E-1	2,400E+1	0,000E+0	0,000E+0
65,016	0,000	0,000	3,000E-1	2,400E+1	0,000E+0	0,000E+0
66,017	0,000	0,000	3,000E-1	2,400E+1	0,000E+0	0,000E+0
67,018	0,000	0,000	3,000E-1	2,400E+1	0,000E+0	0,000E+0
68,018	0,000	0,000	3,000E-1	2,400E+1	0,000E+0	0,000E+0
69,019	0,000	0,000	3,000E-1	2,400E+1	0,000E+0	0,000E+0
70,018	0,000	0,000	3,000E-1	2,400E+1	0,000E+0	0,000E+0
71,020	0,000	0,000	3,000E-1	2,400E+1	0,000E+0	0,000E+0
72,019	0,000	0,000	3,000E-1	2,400E+1	0,000E+0	0,000E+0
73,020	0,000	0,000	3,000E-1	2,400E+1	0,000E+0	0,000E+0
74,020	0,000	0,000	3,000E-1	2,400E+1	0,000E+0	0,000E+0
75,020	0,000	0,000	3,000E-1	2,400E+1	0,000E+0	0,000E+0
76,022	0,000	0,000	3,000E-1	2,400E+1	0,000E+0	0,000E+0
77,021	0,000	0,000	3,000E-1	2,400E+1	0,000E+0	0,000E+0
78,022	0,000	0,000	3,000E-1	2,400E+1	0,000E+0	0,000E+0
79,022	0,000	0,000	3,000E-1	2,400E+1	0,000E+0	0,000E+0
80,022	0,000	0,000	3,000E-1	2,400E+1	0,000E+0	0,000E+0
81,023	0,000	0,000	3,000E-1	2,400E+1	0,000E+0	0,000E+0
82,023	0,000	0,000	3,000E-1	2,400E+1	0,000E+0	0,000E+0
83,024	0,000	0,000	3,000E-1	2,400E+1	0,000E+0	0,000E+0
84,023	0,000	0,000	3,000E-1	2,400E+1	0,000E+0	0,000E+0
85,023	0,000	0,000	3,000E-1	2,400E+1	0,000E+0	0,000E+0
86,024	0,000	0,000	3,000E-1	2,400E+1	0,000E+0	0,000E+0
87,024	0,000	0,000	3,000E-1	2,400E+1	0,000E+0	0,000E+0
88,025	0,000	0,000	3,000E-1	2,400E+1	0,000E+0	0,000E+0
89,024	0,000	0,000	3,000E-1	2,400E+1	0,000E+0	0,000E+0
90,025	0,000	0,000	3,000E-1	2,400E+1	0,000E+0	0,000E+0
91,024	0,000	0,000	3,000E-1	2,400E+1	0,000E+0	0,000E+0
92,025	0,000	0,000	3,000E-1	2,400E+1	0,000E+0	0,000E+0
93,025	0,000	0,000	3,000E-1	2,400E+1	0,000E+0	0,000E+0
94,026	0,000	0,000	3,000E-1	2,400E+1	3,500E+3	0,000E+0
95,028	0,000	0,000	3,000E-1	2,400E+1	3,500E+3	0,000E+0
96,027	0,000	0,000	3,000E-1	2,400E+1	3,500E+3	0,000E+0
97,028	0,000	0,000	3,000E-1	2,400E+1	3,500E+3	2,541E+3
98,027	0,000	0,000	3,000E-1	2,400E+1	3,500E+3	3,814E+3
99,027	0,000	0,000	3,000E-1	2,400E+1	3,500E+3	3,506E+3
100,027	0,000	0,000	3,000E-1	2,400E+1	3,500E+3	3,328E+3
101,028	0,000	0,000	3,000E-1	2,400E+1	3,500E+3	3,473E+3
102,030	0,000	0,000	3,000E-1	2,400E+1	3,500E+3	3,529E+3
103,029	0,000	0,000	3,000E-1	2,400E+1	3,500E+3	3,498E+3
104,029	0,000	0,000	3,000E-1	2,400E+1	3,500E+3	3,510E+3
105,030	0,000	0,000	3,000E-1	2,400E+1	3,500E+3	3,502E+3
106,030	0,000	0,000	3,000E-1	2,400E+1	3,500E+3	3,498E+3
107,030	0,000	0,000	3,000E-1	2,400E+1	3,500E+3	3,495E+3
108,031	0,000	0,000	3,000E-1	2,400E+1	3,500E+3	3,517E+3
109,032	0,000	0,000	3,000E-1	2,400E+1	3,500E+3	3,502E+3
110,031	0,000	0,000	3,000E-1	2,400E+1	3,500E+3	3,499E+3
111,031	0,000	0,000	3,000E-1	2,400E+1	3,500E+3	3,494E+3
112,031	0,000	0,000	3,000E-1	2,400E+1	3,500E+3	3,504E+3
113,031	0,000	0,000	3,000E-1	2,400E+1	3,500E+3	3,485E+3
114,031	0,000	0,000	3,000E-1	2,400E+1	3,500E+3	3,504E+3
115,031	0,000	0,000	3,000E-1	2,400E+1	3,500E+3	3,511E+3
116,031	0,000	0,000	3,000E-1	2,400E+1	3,500E+3	3,486E+3
117,032	0,000	0,000	3,000E-1	2,400E+1	3,500E+3	3,497E+3
118,033	0,000	0,000	3,000E-1	2,400E+1	3,500E+3	3,488E+3
119,032	0,000	0,000	3,000E-1	2,400E+1	3,500E+3	3,498E+3
120,033	0,000	0,000	3,000E-1	2,400E+1	3,500E+3	3,497E+3
121,032	0,000	0,000	3,000E-1	2,400E+1	3,500E+3	3,505E+3
122,032	0,000	0,000	3,000E-1	2,400E+1	3,500E+3	3,507E+3
123,032	0,000	0,000	3,000E-1	2,400E+1	3,500E+3	3,498E+3
124,032	0,000	0,000	3,000E-1	2,400E+1	3,500E+3	3,509E+3
125,033	0,000	0,000	3,000E-1	2,400E+1	3,500E+3	3,505E+3
126,032	0,000	0,000	3,000E-1	2,400E+1	3,500E+3	3,500E+3
127,033	0,000	0,000	4,100E-1	2,400E+1	3,500E+3	3,505E+3
128,033	0,004	0,000	4,700E-1	2,400E+1	3,500E+3	3,489E+3
129,033	0,005	0,000	4,700E-1	2,400E+1	3,500E+3	3,500E+3
130,033	0,005	0,000	5,600E-1	2,400E+1	3,500E+3	3,493E+3
131,034	0,006	0,000	6,300E-1	2,400E+1	3,500E+3	3,488E+3
132,035	0,008	0,000	6,300E-1	2,400E+1	3,500E+3	3,493E+3
133,034	0,008	0,000	7,000E-1	2,400E+1	3,500E+3	3,485E+3
134,036	0,010	0,000	7,900E-1	2,400E+1	3,500E+3	3,510E+3
135,035	0,011	0,000	7,900E-1	2,400E+1	3,500E+3	3,494E+3
136,035	0,011	0,000	8,600E-1	2,400E+1	3,500E+3	3,494E+3
137,036	0,013	0,000	9,500E-1	2,400E+1	3,500E+3	3,502E+3
138,036	0,029	0,000	9,500E-1	2,400E+1	3,500E+3	3,504E+3
139,036	0,029	0,000	1,860E+0	2,400E+1	3,500E+3	3,485E+3
140,036	0,037	0,000	2,270E+0	2,400E+1	3,500E+3	3,495E+3
141,037	0,044	0,000	2,270E+0	2,400E+1	3,500E+3	3,498E+3
142,037	0,044	0,000	2,630E+0	2,400E+1	3,500E+3	3,515E+3
143,039	0,052	0,000	3,040E+0	2,400E+1	3,500E+3	3,506E+3
144,038	0,058	0,000	3,040E+0	2,400E+1	3,500E+3	3,492E+3
145,039	0,058	0,000	3,320E+0	2,400E+1	3,500E+3	3,508E+3
146,039	0,067	0,000	3,790E+0	2,400E+1	3,500E+3	3,481E+3
147,040	0,073	0,000	3,790E+0	2,400E+1	3,500E+3	3,506E+3
148,041	0,073	0,000	4,070E+0	2,400E+1	3,500E+3	3,500E+3
149,040	0,078	0,000	4,340E+0	2,400E+1	3,500E+3	3,492E+3
150,041	0,085	0,000	4,340E+0	2,400E+1	3,500E+3	3,489E+3
151,040	0,085	0,000	4,750E+0	2,400E+1	3,500E+3	3,520E+3
152,041	0,091	0,000	4,990E+0	2,400E+1	3,500E+3	3,494E+3
153,040	0,091	0,000	4,990E+0	2,400E+1	3,500E+3	3,507E+3
154,040	0,097	0,000	5,250E+0	2,400E+1	3,500E+3	3,489E+3
155,040	0,101	0,000	5,490E+0	2,400E+1	3,500E+3	3,501E+3
156,040	0,106	0,000	5,490E+0	2,400E+1	3,500E+3	3,482E+3
157,041	0,106	0,000	5,760E+0	2,400E+1	3,500E+3	3,506E+3
158,041	0,109	0,000	5,900E+0	2,400E+1	3,500E+3	3,494E+3
159,042	0,112	0,000	5,900E+0	2,400E+1	3,500E+3	3,505E+3
160,041	0,112	0,000	6,030E+0	2,400E+1	3,500E+3	3,493E+3
161,041	0,115	0,000	6,180E+0	2,400E+1	3,500E+3	3,500E+3
162,041	0,117	0,000	6,180E+0	2,400E+1	3,500E+3	3,498E+3
163,042	0,117	0,000	6,240E+0	2,400E+1	3,500E+3	3,507E+3
164,044	0,118	0,000	6,340E+0	2,400E+1	3,500E+3	3,491E+3
165,044	0,120	0,000	6,340E+0	2,400E+1	3,500E+3	3,490E+3
166,044	0,120	0,000	6,420E+0	2,400E+1	3,500E+3	3,498E+3
167,045	0,121	0,000	6,490E+0	2,400E+1	3,500E+3	3,486E+3
168,046	0,122	0,000	6,490E+0	2,400E+1	3,500E+3	3,497E+3
169,046	0,122	0,000	6,530E+0	2,400E+1	3,500E+3	3,485E+3
170,046	0,123	0,000	6,580E+0	2,400E+1	3,500E+3	3,495E+3
171,047	0,124	0,000	6,580E+0	2,400E+1	3,500E+3	3,486E+3
172,047	0,124	0,000	6,610E+0	2,400E+1	3,500E+3	3,503E+3
173,047	0,124	0,000	6,640E+0	2,400E+1	3,500E+3	3,466E+3
174,047	0,125	0,000	6,640E+0	2,400E+1	3,500E+3	3,498E+3
175,047	0,125	0,000	6,660E+0	2,400E+1	3,500E+3	3,507E+3
176,048	0,125	0,000	6,690E+0	2,400E+1	3,500E+3	3,504E+3
177,047	0,126	0,000	6,690E+0	2,400E+1	3,500E+3	3,502E+3
178,048	0,126	0,000	6,710E+0	2,400E+1	3,500E+3	3,492E+3
179,047	0,126	0,000	6,720E+0	2,400E+1	3,500E+3	3,494E+3
180,048	0,126	0,000	6,720E+0	2,400E+1	3,500E+3	3,498E+3
181,048	0,126	0,000	6,740E+0	2,400E+1	3,500E+3	3,490E+3
182,048	0,126	0,000	6,740E+0	2,400E+1	3,500E+3	3,500E+3
183,049	0,127	0,000	6,740E+0	2,400E+1	3,500E+3	3,492E+3
184,049	0,127	0,000	6,760E+0	2,400E+1	3,500E+3	3,501E+3
185,050	0,127	0,000	6,760E+0	2,400E+1	3,500E+3	3,500E+3
186,050	0,127	0,000	6,760E+0	2,400E+1	3,500E+3	3,489E+3
187,050	0,127	0,000	6,770E+0	2,400E+1	3,500E+3	3,501E+3
188,051	0,127	0,000	6,780E+0	2,400E+1	3,500E+3	3,502E+3
189,051	0,127	0,000	6,780E+0	2,400E+1	3,500E+3	3,489E+3
190,052	0,127	0,000	6,790E+0	2,400E+1	3,500E+3	3,488E+3
191,051	0,127	0,000	6,790E+0	2,400E+1	3,500E+3	3,493E+3
192,051	0,127	0,000	6,790E+0	2,400E+1	3,500E+3	3,502E+3
193,051	0,127	0,000	6,800E+0	2,400E+1	3,500E+3	3,512E+3
194,051	0,127	0,000	6,800E+0	2,400E+1	3,500E+3	3,513E+3
195,053	0,128	0,000	6,800E+0	2,400E+1	3,500E+3	3,493E+3
196,052	0,128	0,000	6,800E+0	2,400E+1	3,500E+3	3,505E+3
197,053	0,128	0,000	6,800E+0	2,400E+1	3,500E+3	3,486E+3
198,052	0,128	0,000	6,800E+0	2,400E+1	3,500E+3	3,499E+3
199,053	0,128	0,000	6,810E+0	2,400E+1	3,500E+3	3,498E+3
200,053	0,128	0,000	6,820E+0	2,400E+1	3,500E+3	3,502E+3
201,053	0,128	0,000	6,820E+0	2,400E+1	3,500E+3	3,493E+3
202,054	0,128	0,000	6,820E+0	2,400E+1	3,500E+3	3,512E+3
203,054	0,128	0,000	6,830E+0	2,400E+1	3,500E+3	3,493E+3
204,055	0,128	0,000	6,830E+0	2,400E+1	3,500E+3	3,499E+3
205,055	0,128	0,000	6,830E+0	2,400E+1	3,500E+3	3,495E+3
206,055	0,128	0,000	6,830E+0	2,400E+1	3,500E+3	3,494E+3
207,055	0,128	0,000	6,830E+0	2,400E+1	3,500E+3	3,497E+3
208,056	0,128	0,000	6,830E+0	2,400E+1	3,500E+3	3,512E+3
209,058	0,128	0,000	6,840E+0	2,400E+1	3,500E+3	3,494E+3
210,057	0,128	0,000	6,840E+0	2,400E+1	3,500E+3	3,505E+3
211,057	0,128	0,000	6,840E+0	2,400E+1	3,500E+3	3,489E+3
212,057	0,128	0,000	6,850E+0	2,400E+1	3,500E+3	3,506E+3
213,057	0,128	0,000	6,850E+0	2,400E+1	3,500E+3	3,488E+3
214,058	0,128	0,000	6,850E+0	2,400E+1	3,500E+3	3,505E+3
215,057	0,128	0,000	6,850E+0	2,400E+1	3,500E+3	3,508E+3
216,058	0,128	0,000	6,850E+0	2,400E+1	3,500E+3	3,498E+3
217,057	0,128	0,000	6,850E+0	2,400E+1	3,500E+3	3,502E+3
218,057	0,128	0,000	6,840E+0	2,400E+1	3,500E+3	3,497E+3
219,058	0,128	0,000	6,840E+0	2,400E+1	3,500E+3	3,525E+3
220,058	0,128	0,000	6,850E+0	2,400E+1	3,500E+3	3,503E+3
221,059	0,128	0,000	6,850E+0	2,400E+1	3,500E+3	3,498E+3
222,058	0,128	0,000	6,850E+0	2,400E+1	3,500E+3	3,492E+3
223,060	0,128	0,000	6,850E+0	2,400E+1	3,500E+3	3,507E+3
224,059	0,128	0,000	6,850E+0	2,400E+1	3,500E+3	3,494E+3
225,059	0,128	0,000	6,850E+0	2,400E+1	3,500E+3	3,518E+3
226,060	0,128	0,000	6,850E+0	2,400E+1	3,500E+3	3,500E+3
227,060	0,128	0,000	6,850E+0	2,400E+1	3,500E+3	3,499E+3
228,061	0,128	0,000	6,850E+0	2,400E+1	3,500E+3	3,499E+3
229,060	0,128	0,000	6,850E+0	2,400E+1	3,500E+3	3,516E+3
230,061	0,128	0,000	6,850E+0	2,400E+1	3,500E+3	3,499E+3
231,060	0,128	0,000	6,860E+0	2,400E+1	3,500E+3	3,492E+3
232,060	0,128	0,000	6,860E+0	2,400E+1	3,500E+3	3,498E+3
233,060	0,128	0,000	6,850E+0	2,400E+1	3,500E+3	3,503E+3
234,060	0,128	0,000	6,850E+0	2,400E+1	3,500E+3	3,489E+3
235,060	0,129	0,000	6,870E+0	2,400E+1	3,500E+3	3,517E+3
236,060	0,129	0,000	6,870E+0	2,400E+1	3,500E+3	3,502E+3
237,061	0,129	0,000	6,870E+0	2,400E+1	3,500E+3	3,453E+3
238,060	0,129	0,000	6,870E+0	2,400E+1	3,500E+3	3,511E+3
239,060	0,129	0,000	6,870E+0	2,400E+1	3,500E+3	3,498E+3
240,061	0,129	0,000	6,870E+0	2,400E+1	3,500E+3	3,499E+3
241,061	0,129	0,000	6,870E+0	2,400E+1	3,500E+3	3,510E+3
242,062	0,129	0,000	6,870E+0	2,400E+1	3,500E+3	3,492E+3
243,061	0,129	0,000	6,870E+0	2,400E+1	3,500E+3	3,512E+3
244,062	0,129	0,000	6,880E+0	2,400E+1	3,500E+3	3,496E+3
245,062	0,129	0,000	6,870E+0	2,400E+1	3,500E+3	3,525E+3
246,062	0,129	0,000	6,870E+0	2,400E+1	3,500E+3	3,499E+3
247,062	0,129	0,000	6,870E+0	2,400E+1	3,500E+3	3,503E+3
248,063	0,129	0,000	6,870E+0	2,400E+1	3,500E+3	3,508E+3
249,063	0,129	0,000	6,870E+0	2,400E+1	3,500E+3	3,503E+3
250,065	0,129	0,000	6,870E+0	2,400E+1	3,500E+3	3,513E+3
251,064	0,129	0,000	6,870E+0	2,400E+1	3,500E+3	3,491E+3
252,064	0,129	0,000	6,880E+0	2,400E+1	3,500E+3	3,503E+3
253,064	0,129	0,000	6,880E+0	2,400E+1	3,500E+3	3,493E+3
254,065	0,129	0,000	6,880E+0	2,400E+1	3,500E+3	3,489E+3
255,066	0,129	0,000	6,880E+0	2,400E+1	3,500E+3	3,509E+3
256,065	0,129	0,000	6,880E+0	2,400E+1	3,500E+3	3,491E+3
257,067	0,129	0,000	6,870E+0	2,400E+1	3,500E+3	3,502E+3
258,067	0,129	0,000	6,890E+0	2,400E+1	3,500E+3	3,493E+3
259,067	0,129	0,000	6,890E+0	2,400E+1	3,500E+3	3,501E+3
260,067	0,129	0,000	6,880E+0	2,400E+1	3,500E+3	3,493E+3
261,068	0,129	0,000	6,890E+0	2,400E+1	3,500E+3	3,487E+3
262,070	0,129	0,000	6,890E+0	2,400E+1	3,500E+3	3,504E+3
263,070	0,129	0,000	6,890E+0	2,400E+1	3,500E+3	3,500E+3
264,072	0,129	0,000	6,890E+0	2,400E+1	3,500E+3	3,499E+3
265,072	0,129	0,000	6,890E+0	2,400E+1	3,500E+3	3,505E+3
266,072	0,129	0,000	6,880E+0	2,400E+1	3,500E+3	3,509E+3
267,072	0,129	0,000	6,890E+0	2,400E+1	3,500E+3	3,490E+3
268,073	0,129	0,000	6,890E+0	2,400E+1	3,500E+3	3,502E+3
269,074	0,129	0,000	6,890E+0	2,400E+1	3,500E+3	3,501E+3
270,073	0,129	0,000	6,890E+0	2,400E+1	3,500E+3	3,490E+3
271,073	0,129	0,000	6,890E+0	2,400E+1	3,500E+3	3,536E+3
272,073	0,129	0,000	6,890E+0	2,400E+1	3,500E+3	3,504E+3
273,074	0,129	0,000	6,900E+0	2,400E+1	3,500E+3	3,504E+3
274,074	0,129	0,000	6,900E+0	2,400E+1	3,500E+3	3,505E+3
275,075	0,129	0,000	6,900E+0	2,400E+1	3,500E+3	3,494E+3
276,074	0,129	0,000	6,900E+0	2,400E+1	3,500E+3	3,497E+3
277,076	0,129	0,000	6,900E+0	2,400E+1	3,500E+3	3,504E+3
278,075	0,129	0,000	6,900E+0	2,400E+1	3,500E+3	3,495E+3
279,075	0,129	0,000	6,900E+0	2,400E+1	3,500E+3	3,495E+3
280,075	0,129	0,000	6,900E+0	2,400E+1	3,500E+3	3,504E+3
281,076	0,129	0,000	6,910E+0	2,400E+1	3,500E+3	3,494E+3
282,077	0,129	0,000	6,910E+0	2,400E+1	3,500E+3	3,493E+3
283,076	0,129	0,000	6,910E+0	2,400E+1	3,500E+3	3,492E+3
284,077	0,129	0,000	6,910E+0	2,400E+1	3,500E+3	3,514E+3
285,077	0,129	0,000	6,910E+0	2,400E+1	3,500E+3	3,452E+3
286,078	0,129	0,000	6,910E+0	2,400E+1	3,500E+3	3,514E+3
287,077	0,129	0,000	6,910E+0	2,400E+1	3,500E+3	3,528E+3
288,077	0,129	0,000	6,910E+0	2,400E+1	3,500E+3	3,515E+3
289,077	0,129	0,000	6,910E+0	2,400E+1	3,500E+3	3,498E+3
290,078	0,129	0,000	6,900E+0	2,400E+1	3,500E+3	3,504E+3
291,079	0,129	0,000	6,900E+0	2,400E+1	3,500E+3	3,513E+3
292,080	0,129	0,000	6,900E+0	2,400E+1	3,500E+3	3,506E+3
293,080	0,129	0,000	6,900E+0	2,400E+1	3,500E+3	3,492E+3
294,080	0,129	0,000	6,920E+0	2,400E+1	3,500E+3	3,493E+3
295,081	0,129	0,000	6,910E+0	2,400E+1	3,500E+3	3,503E+3
296,080	0,129	0,000	6,910E+0	2,400E+1	3,500E+3	3,512E+3
297,081	0,129	0,000	6,910E+0	2,400E+1	3,500E+3	3,491E+3
298,080	0,129	0,000	6,920E+0	2,400E+1	3,500E+3	3,500E+3
299,080	0,129	0,000	6,920E+0	2,400E+1	3,500E+3	3,510E+3
300,080	0,129	0,000	6,910E+0	2,400E+1	3,500E+3	3,503E+3
301,081	0,129	0,000	6,910E+0	2,400E+1	3,500E+3	3,493E+3
302,082	0,129	0,000	6,910E+0	2,400E+1	3,500E+3	3,508E+3
303,081	0,129	0,000	6,910E+0	2,400E+1	3,500E+3	3,501E+3
304,082	0,129	0,000	6,920E+0	2,400E+1	3,500E+3	3,490E+3
305,081	0,129	0,000	6,920E+0	2,400E+1	3,500E+3	3,491E+3
306,082	0,129	0,000	6,920E+0	2,400E+1	3,500E+3	3,494E+3
307,082	0,129	0,000	6,920E+0	2,400E+1	3,500E+3	3,490E+3
308,082	0,129	0,000	6,920E+0	2,400E+1	3,500E+3	3,503E+3
309,082	0,129	0,000	6,920E+0	2,400E+1	3,500E+3	3,493E+3
310,083	0,129	0,000	6,920E+0	2,400E+1	3,500E+3	3,503E+3
311,083	0,129	0,000	6,920E+0	2,400E+1	3,500E+3	3,503E+3
312,084	0,129	0,000	6,920E+0	2,400E+1	3,500E+3	3,509E+3
313,083	0,129	0,000	6,920E+0	2,400E+1	3,500E+3	3,506E+3
314,084	0,129	0,000	6,920E+0	2,400E+1	3,500E+3	3,494E+3
315,083	0,129	0,000	6,910E+0	2,400E+1	3,500E+3	3,502E+3
316,083	0,129	0,000	6,910E+0	2,400E+1	3,500E+3	3,496E+3
317,083	0,129	0,000	6,910E+0	2,400E+1	3,500E+3	3,509E+3
318,083	0,129	0,000	6,920E+0	2,400E+1	3,500E+3	3,494E+3
319,085	0,129	0,000	6,920E+0	2,400E+1	3,500E+3	3,525E+3
320,084	0,129	0,000	6,930E+0	2,400E+1	3,500E+3	3,503E+3
321,085	0,129	0,000	6,930E+0	2,400E+1	3,500E+3	3,496E+3
322,084	0,129	0,000	6,930E+0	2,400E+1	3,500E+3	3,494E+3
323,085	0,129	0,000	6,930E+0	2,400E+1	3,500E+3	3,503E+3
324,084	0,129	0,000	6,930E+0	2,400E+1	3,500E+3	3,496E+3
325,084	0,129	0,000	6,930E+0	2,400E+1	3,500E+3	3,498E+3
326,085	0,129	0,000	6,930E+0	2,400E+1	3,500E+3	3,509E+3
327,084	0,129	0,000	6,930E+0	2,400E+1	3,500E+3	3,500E+3
328,086	0,129	0,000	6,930E+0	2,400E+1	3,500E+3	3,520E+3
329,085	0,129	0,000	6,930E+0	2,400E+1	3,500E+3	3,514E+3
330,085	0,129	0,000	6,930E+0	2,400E+1	3,500E+3	3,492E+3
331,085	0,129	0,000	6,930E+0	2,400E+1	3,500E+3	3,494E+3
332,085	0,129	0,000	6,930E+0	2,400E+1	3,500E+3	3,500E+3
333,086	0,129	0,000	6,930E+0	2,400E+1	3,500E+3	3,501E+3
334,085	0,129	0,000	6,930E+0	2,400E+1	3,500E+3	3,507E+3
335,087	0,129	0,000	6,930E+0	2,400E+1	3,500E+3	3,509E+3
336,086	0,129	0,000	6,930E+0	2,400E+1	3,500E+3	3,517E+3
337,087	0,129	0,000	6,930E+0	2,400E+1	3,500E+3	3,489E+3
338,087	0,129	0,000	6,920E+0	2,400E+1	3,500E+3	3,489E+3
339,088	0,129	0,000	6,920E+0	2,400E+1	3,500E+3	3,516E+3
340,089	0,129	0,000	6,940E+0	2,400E+1	3,500E+3	3,503E+3
341,088	0,129	0,000	6,940E+0	2,400E+1	3,500E+3	3,496E+3
342,088	0,129	0,000	6,940E+0	2,400E+1	3,500E+3	3,509E+3
343,088	0,129	0,000	6,940E+0	2,400E+1	3,500E+3	3,477E+3
344,089	0,129	0,000	6,940E+0	2,400E+1	3,500E+3	3,498E+3
345,089	0,129	0,000	6,940E+0	2,400E+1	3,500E+3	3,498E+3
346,089	0,129	0,000	6,930E+0	2,400E+1	3,500E+3	3,499E+3
347,090	0,129	0,000	6,930E+0	2,400E+1	3,500E+3	3,503E+3
348,089	0,129	0,000	6,940E+0	2,400E+1	3,500E+3	3,494E+3
349,089	0,129	0,000	6,940E+0	2,400E+1	3,500E+3	3,492E+3
350,089	0,129	0,000	6,940E+0	2,400E+1	3,500E+3	3,505E+3
351,090	0,129	0,000	6,950E+0	2,400E+1	3,500E+3	3,491E+3
352,091	0,129	0,000	6,950E+0	2,400E+1	3,500E+3	3,516E+3
353,090	0,129	0,000	6,950E+0	2,400E+1	3,500E+3	3,493E+3
354,092	0,129	0,000	6,950E+0	2,400E+1	3,500E+3	3,513E+3
355,091	0,129	0,000	6,940E+0	2,400E+1	3,500E+3	3,503E+3
356,091	0,129	0,000	6,940E+0	2,400E+1	3,500E+3	3,490E+3
357,091	0,129	0,000	6,930E+0	2,400E+1	3,500E+3	3,485E+3
358,092	0,129	0,000	6,940E+0	2,400E+1	3,500E+3	3,507E+3
359,093	0,129	0,000	6,940E+0	2,400E+1	3,500E+3	3,504E+3
360,092	0,129	0,000	6,950E+0	2,400E+1	3,500E+3	3,499E+3
361,093	0,129	0,000	6,950E+0	2,400E+1	3,500E+3	3,479E+3
362,092	0,129	0,000	6,950E+0	2,400E+1	3,500E+3	3,510E+3
363,092	0,129	0,000	6,950E+0	2,400E+1	3,500E+3	3,504E+3
364,092	0,129	0,000	6,950E+0	2,400E+1	3,500E+3	3,507E+3
365,093	0,129	0,000	6,950E+0	2,400E+1	3,500E+3	3,510E+3
366,094	0,129	0,000	6,950E+0	2,400E+1	3,500E+3	3,507E+3
367,094	0,129	0,000	6,950E+0	2,400E+1	3,500E+3	3,512E+3
368,095	0,129	0,000	6,950E+0	2,400E+1	3,500E+3	3,484E+3
369,094	0,130	0,000	6,960E+0	2,400E+1	3,500E+3	3,503E+3
370,094	0,130	0,000	6,960E+0	2,400E+1	3,500E+3	3,506E+3
371,094	0,130	0,000	6,960E+0	2,400E+1	3,500E+3	3,485E+3
372,094	0,130	0,000	6,960E+0	2,400E+1	3,500E+3	3,494E+3
373,095	0,130	0,000	6,960E+0	2,400E+1	3,500E+3	3,496E+3
374,094	0,129	0,000	6,950E+0	2,400E+1	3,500E+3	3,507E+3
375,095	0,129	0,000	6,940E+0	2,400E+1	3,500E+3	3,515E+3
376,094	0,129	0,000	6,940E+0	2,400E+1	3,500E+3	3,499E+3
377,094	0,129	0,000	6,940E+0	2,400E+1	3,500E+3	3,498E+3
378,094	0,129	0,000	6,940E+0	2,400E+1	3,500E+3	3,472E+3
379,094	0,129	0,000	6,950E+0	2,400E+1	3,500E+3	3,495E+3
380,095	0,129	0,000	6,950E+0	2,400E+1	3,500E+3	3,500E+3
381,094	0,129	0,000	6,950E+0	2,400E+1	3,500E+3	3,494E+3
382,095	0,129	0,000	6,950E+0	2,400E+1	3,500E+3	3,495E+3
383,095	0,129	0,000	6,950E+0	2,400E+1	3,500E+3	3,504E+3
384,095	0,129	0,000	6,950E+0	2,400E+1	3,500E+3	3,493E+3
385,095	0,129	0,000	6,950E+0	2,400E+1	3,500E+3	3,501E+3
386,095	0,129	0,000	6,950E+0	2,400E+1	3,500E+3	3,503E+3
387,096	0,129	0,000	6,950E+0	2,400E+1	3,500E+3	3,519E+3
388,095	0,129	0,000	6,950E+0	2,400E+1	3,500E+3	3,501E+3
389,096	0,129	0,000	6,950E+0	2,400E+1	3,500E+3	3,508E+3
390,095	0,129	0,000	6,960E+0	2,400E+1	3,500E+3	3,507E+3
391,095	0,129	0,000	6,960E+0	2,400E+1	3,500E+3	3,496E+3
392,096	0,129	0,000	6,960E+0	2,400E+1	3,500E+3	3,494E+3
393,096	0,129	0,000	6,960E+0	2,400E+1	3,500E+3	3,484E+3
394,097	0,129	0,000	6,960E+0	2,400E+1	3,500E+3	3,506E+3
395,096	0,129	0,000	6,960E+0	2,400E+1	3,500E+3	3,500E+3
396,096	0,129	0,000	6,960E+0	2,400E+1	3,500E+3	3,503E+3
397,096	0,129	0,000	6,970E+0	2,400E+1	3,500E+3	3,502E+3
398,096	0,129	0,000	6,970E+0	2,400E+1	3,500E+3	3,503E+3
399,097	0,129	0,000	6,960E+0	2,400E+1	3,500E+3	3,500E+3
400,097	0,129	0,000	6,960E+0	2,400E+1	3,500E+3	3,514E+3
401,097	0,129	0,000	6,960E+0	2,400E+1	3,500E+3	3,494E+3
402,098	0,129	0,000	6,960E+0	2,400E+1	3,500E+3	3,499E+3
403,097	0,129	0,000	6,960E+0	2,400E+1	3,500E+3	3,500E+3
404,097	0,129	0,000	6,960E+0	2,400E+1	3,500E+3	3,498E+3
405,106	0,129	0,000	6,960E+0	2,400E+1	3,500E+3	3,499E+3
406,105	0,129	0,000	6,960E+0	2,400E+1	3,500E+3	3,503E+3
407,106	0,129	0,000	6,960E+0	2,400E+1	3,500E+3	3,505E+3
408,105	0,129	0,000	6,960E+0	2,400E+1	3,500E+3	3,503E+3
409,106	0,129	0,000	6,960E+0	2,400E+1	3,500E+3	3,443E+3
410,105	0,129	0,000	6,960E+0	2,400E+1	3,500E+3	3,503E+3
411,106	0,129	0,000	6,960E+0	2,400E+1	3,500E+3	3,498E+3
412,106	0,130	0,000	6,970E+0	2,400E+1	3,500E+3	3,495E+3
413,106	0,129	0,000	6,970E+0	2,400E+1	3,500E+3	3,485E+3
414,107	0,129	0,000	6,970E+0	2,400E+1	3,500E+3	3,506E+3
415,107	0,129	0,000	6,970E+0	2,400E+1	3,500E+3	3,496E+3
416,109	0,129	0,000	6,970E+0	2,400E+1	3,500E+3	3,491E+3
417,108	0,129	0,000	6,960E+0	2,400E+1	3,500E+3	3,514E+3
418,109	0,129	0,000	6,960E+0	2,400E+1	3,500E+3	3,498E+3
419,110	0,129	0,000	6,960E+0	2,400E+1	3,500E+3	3,507E+3
420,110	0,129	0,000	6,960E+0	2,400E+1	3,500E+3	3,506E+3
421,111	0,129	0,000	6,960E+0	2,400E+1	3,500E+3	3,499E+3
422,110	0,129	0,000	6,960E+0	2,400E+1	3,500E+3	3,495E+3
423,110	0,129	0,000	6,970E+0	2,400E+1	3,500E+3	3,491E+3
424,110	0,129	0,000	6,970E+0	2,400E+1	3,500E+3	3,507E+3
425,110	0,129	0,000	6,970E+0	2,400E+1	3,500E+3	3,500E+3
426,110	0,129	0,000	6,970E+0	2,400E+1	3,500E+3	3,507E+3
427,110	0,129	0,000	6,970E+0	2,400E+1	3,500E+3	3,498E+3
428,111	0,129	0,000	6,970E+0	2,400E+1	3,500E+3	3,494E+3
429,110	0,129	0,000	6,970E+0	2,400E+1	3,500E+3	3,495E+3
430,110	0,129	0,000	6,970E+0	2,400E+1	3,500E+3	3,492E+3
431,110	0,129	0,000	6,970E+0	2,400E+1	3,500E+3	3,512E+3
432,110	0,129	0,000	6,970E+0	2,400E+1	3,500E+3	3,503E+3
433,110	0,129	0,000	6,980E+0	2,400E+1	3,500E+3	3,509E+3
434,110	0,129	0,000	6,980E+0	2,400E+1	3,500E+3	3,497E+3
435,111	0,130	0,000	6,980E+0	2,400E+1	3,500E+3	3,494E+3
436,110	0,130	0,000	6,980E+0	2,400E+1	3,500E+3	3,503E+3
437,111	0,129	0,000	6,980E+0	2,400E+1	3,500E+3	3,516E+3
438,112	0,129	0,000	6,980E+0	2,400E+1	3,500E+3	3,494E+3
439,112	0,129	0,000	6,970E+0	2,400E+1	3,500E+3	3,484E+3
440,113	0,129	0,000	6,970E+0	2,400E+1	3,500E+3	3,489E+3
441,114	0,129	0,000	6,970E+0	2,400E+1	3,500E+3	3,496E+3
442,113	0,129	0,000	6,980E+0	2,400E+1	3,500E+3	3,516E+3
443,114	0,129	0,000	6,980E+0	2,400E+1	3,500E+3	3,485E+3
444,113	0,129	0,000	6,980E+0	2,400E+1	3,500E+3	3,512E+3
445,113	0,129	0,000	6,980E+0	2,400E+1	3,500E+3	3,494E+3
446,113	0,130	0,000	6,980E+0	2,400E+1	3,500E+3	3,495E+3
447,113	0,130	0,000	6,990E+0	2,400E+1	3,500E+3	3,506E+3
448,114	0,129	0,000	6,980E+0	2,400E+1	3,500E+3	3,501E+3
449,113	0,129	0,000	6,980E+0	2,400E+1	3,500E+3	3,515E+3
450,114	0,129	0,000	6,980E+0	2,400E+1	3,500E+3	3,498E+3
451,113	0,130	0,000	6,980E+0	2,400E+1	3,500E+3	3,507E+3
452,113	0,130	0,000	6,980E+0	2,400E+1	3,500E+3	3,502E+3
453,113	0,129	0,000	6,980E+0	2,400E+1	3,500E+3	3,504E+3
454,114	0,129	0,000	6,990E+0	2,400E+1	3,500E+3	3,485E+3
455,115	0,129	0,000	6,990E+0	2,400E+1	3,500E+3	3,497E+3
456,115	0,130	0,000	6,990E+0	2,400E+1	3,500E+3	3,503E+3
457,116	0,130	0,000	6,990E+0	2,400E+1	3,500E+3	3,501E+3
458,116	0,130	0,000	6,990E+0	2,400E+1	3,500E+3	3,505E+3
459,116	0,130	0,000	6,990E+0	2,400E+1	3,500E+3	3,492E+3
460,117	0,129	0,000	6,980E+0	2,400E+1	3,500E+3	3,504E+3
461,116	0,129	0,000	6,980E+0	2,400E+1	3,500E+3	3,510E+3
462,117	0,129	0,000	6,980E+0	2,400E+1	3,500E+3	3,500E+3
463,116	0,129	0,000	6,980E+0	2,400E+1	3,500E+3	3,503E+3
464,116	0,129	0,000	6,980E+0	2,400E+1	3,500E+3	3,494E+3
465,117	0,129	0,000	6,990E+0	2,400E+1	3,500E+3	3,503E+3
466,117	0,129	0,000	6,990E+0	2,400E+1	3,500E+3	3,489E+3
467,118	0,129	0,000	6,990E+0	2,400E+1	3,500E+3	3,514E+3
468,117	0,129	0,000	6,980E+0	2,400E+1	3,500E+3	3,494E+3
469,117	0,129	0,000	6,980E+0	2,400E+1	3,500E+3	3,525E+3
470,117	0,129	0,000	6,990E+0	2,400E+1	3,500E+3	3,497E+3
471,117	0,129	0,000	6,990E+0	2,400E+1	3,500E+3	3,505E+3
472,118	0,130	0,000	6,990E+0	2,400E+1	3,500E+3	3,490E+3
473,117	0,130	0,000	6,990E+0	2,400E+1	3,500E+3	3,493E+3
474,118	0,130	0,000	7,000E+0	2,400E+1	3,500E+3	3,485E+3
475,117	0,129	0,000	7,000E+0	2,400E+1	3,500E+3	3,518E+3
476,117	0,129	0,000	6,990E+0	2,400E+1	3,500E+3	3,503E+3
477,117	0,130	0,000	7,000E+0	2,400E+1	3,500E+3	3,484E+3
478,117	0,130	0,000	7,000E+0	2,400E+1	3,500E+3	3,497E+3
479,118	0,130	0,000	7,000E+0	2,400E+1	3,500E+3	3,479E+3
480,118	0,130	0,000	7,000E+0	2,400E+1	3,500E+3	3,489E+3
481,119	0,129	0,000	7,000E+0	2,400E+1	3,500E+3	3,494E+3
482,118	0,129	0,000	6,990E+0	2,400E+1	3,500E+3	3,536E+3
483,119	0,129	0,000	6,990E+0	2,400E+1	3,500E+3	3,500E+3
484,120	0,129	0,000	6,990E+0	2,400E+1	3,500E+3	3,493E+3
485,120	0,129	0,000	6,990E+0	2,400E+1	3,500E+3	3,506E+3
486,121	0,129	0,000	6,990E+0	2,400E+1	3,500E+3	3,503E+3
487,122	0,129	0,000	6,990E+0	2,400E+1	3,500E+3	3,510E+3
488,122	0,129	0,000	7,000E+0	2,400E+1	3,500E+3	3,506E+3
489,122	0,130	0,000	7,000E+0	2,400E+1	3,500E+3	3,496E+3
490,122	0,130	0,000	7,000E+0	2,400E+1	3,500E+3	3,511E+3
491,122	0,130	0,000	7,000E+0	2,400E+1	3,500E+3	3,507E+3
492,122	0,130	0,000	7,000E+0	2,400E+1	3,500E+3	3,494E+3
493,122	0,129	0,000	6,990E+0	2,400E+1	3,500E+3	3,487E+3
494,123	0,129	0,000	6,990E+0	2,400E+1	3,500E+3	3,489E+3
495,122	0,129	0,000	7,000E+0	2,400E+1	3,500E+3	3,506E+3
496,122	0,129	0,000	7,000E+0	2,400E+1	3,500E+3	3,504E+3
497,122	0,129	0,000	7,000E+0	2,400E+1	3,500E+3	3,494E+3
498,122	0,130	0,000	7,000E+0	2,400E+1	3,500E+3	3,496E+3
499,122	0,130	0,000	7,000E+0	2,400E+1	3,500E+3	3,500E+3
500,122	0,130	0,000	7,010E+0	2,400E+1	3,500E+3	3,510E+3
501,123	0,130	0,000	7,010E+0	2,400E+1	3,500E+3	3,490E+3
502,123	0,130	0,000	7,010E+0	2,400E+1	3,500E+3	3,484E+3
503,123	0,130	0,000	7,010E+0	2,400E+1	3,500E+3	3,498E+3
504,123	0,130	0,000	7,000E+0	2,400E+1	3,500E+3	3,503E+3
505,123	0,130	0,000	7,000E+0	2,400E+1	3,500E+3	3,503E+3
506,124	0,130	0,000	7,010E+0	2,400E+1	3,500E+3	3,503E+3
507,124	0,130	0,000	7,010E+0	2,400E+1	3,500E+3	3,496E+3
508,125	0,130	0,000	7,010E+0	2,400E+1	3,500E+3	3,489E+3
509,126	0,130	0,000	7,010E+0	2,400E+1	3,500E+3	3,507E+3
510,125	0,130	0,000	7,010E+0	2,400E+1	3,500E+3	3,499E+3
511,127	0,130	0,000	7,010E+0	2,400E+1	3,500E+3	3,507E+3
512,126	0,130	0,000	7,010E+0	2,400E+1	3,500E+3	3,507E+3
513,127	0,130	0,000	7,020E+0	2,400E+1	3,500E+3	3,500E+3
514,126	0,130	0,000	7,020E+0	2,400E+1	3,500E+3	3,499E+3
515,126	0,130	0,000	7,010E+0	2,400E+1	3,500E+3	3,513E+3
516,127	0,130	0,000	7,020E+0	2,400E+1	3,500E+3	3,499E+3
517,126	0,130	0,000	7,020E+0	2,400E+1	3,500E+3	3,501E+3
518,126	0,130	0,000	7,010E+0	2,400E+1	3,500E+3	3,494E+3
519,126	0,130	0,000	7,010E+0	2,400E+1	3,500E+3	3,498E+3
520,127	0,130	0,000	7,010E+0	2,400E+1	3,500E+3	3,497E+3
521,127	0,130	0,000	7,010E+0	2,400E+1	3,500E+3	3,512E+3
522,127	0,130	0,000	7,010E+0	2,400E+1	3,500E+3	3,499E+3
523,129	0,130	0,000	7,010E+0	2,400E+1	3,500E+3	3,460E+3
524,128	0,130	0,000	7,020E+0	2,400E+1	3,500E+3	3,499E+3
525,129	0,130	0,000	7,020E+0	2,400E+1	3,500E+3	3,500E+3
526,128	0,130	0,000	7,020E+0	2,400E+1	3,500E+3	3,505E+3
527,129	0,130	0,000	7,020E+0	2,400E+1	3,500E+3	3,494E+3
528,131	0,130	0,000	7,020E+0	2,400E+1	3,500E+3	3,497E+3
529,130	0,130	0,000	7,020E+0	2,400E+1	3,500E+3	3,497E+3
530,130	0,130	0,000	7,010E+0	2,400E+1	3,500E+3	3,502E+3
531,131	0,130	0,000	7,030E+0	2,400E+1	3,500E+3	3,489E+3
532,131	0,130	0,000	7,030E+0	2,400E+1	3,500E+3	3,500E+3
533,133	0,130	0,000	7,020E+0	2,400E+1	3,500E+3	3,503E+3
534,133	0,130	0,000	7,030E+0	2,400E+1	3,500E+3	3,501E+3
535,133	0,130	0,000	7,030E+0	2,400E+1	3,500E+3	3,485E+3
536,134	0,130	0,000	7,020E+0	2,400E+1	3,500E+3	3,498E+3
537,134	0,130	0,000	7,020E+0	2,400E+1	3,500E+3	3,498E+3
538,135	0,130	0,000	7,020E+0	2,400E+1	3,500E+3	3,501E+3
539,134	0,130	0,000	7,020E+0	2,400E+1	3,500E+3	3,489E+3
540,134	0,130	0,000	7,030E+0	2,400E+1	3,500E+3	3,498E+3
541,135	0,130	0,000	7,030E+0	2,400E+1	3,500E+3	3,500E+3
542,135	0,130	0,000	7,020E+0	2,400E+1	3,500E+3	3,494E+3
543,137	0,130	0,000	7,020E+0	2,400E+1	3,500E+3	3,501E+3
544,137	0,130	0,000	7,020E+0	2,400E+1	3,500E+3	3,505E+3
545,138	0,130	0,000	7,020E+0	2,400E+1	3,500E+3	3,514E+3
546,138	0,130	0,000	7,030E+0	2,400E+1	3,500E+3	3,484E+3
547,137	0,130	0,000	7,030E+0	2,400E+1	3,500E+3	3,506E+3
548,137	0,130	0,000	7,020E+0	2,400E+1	3,500E+3	3,507E+3
549,137	0,130	0,000	7,020E+0	2,400E+1	3,500E+3	3,498E+3
550,137	0,130	0,000	7,020E+0	2,400E+1	3,500E+3	3,503E+3
551,137	0,130	0,000	7,030E+0	2,400E+1	3,500E+3	3,512E+3
552,137	0,130	0,000	7,030E+0	2,400E+1	3,500E+3	3,492E+3
553,139	0,129	0,000	7,020E+0	2,400E+1	3,500E+3	3,480E+3
554,138	0,129	0,000	7,020E+0	2,400E+1	3,500E+3	3,490E+3
555,139	0,129	0,000	7,020E+0	2,400E+1	3,500E+3	3,502E+3
556,138	0,130	0,000	7,040E+0	2,400E+1	3,500E+3	3,491E+3
557,138	0,130	0,000	7,040E+0	2,400E+1	3,500E+3	3,494E+3
558,138	0,130	0,000	7,020E+0	2,400E+1	3,500E+3	3,501E+3
559,138	0,130	0,000	7,030E+0	2,400E+1	3,500E+3	3,505E+3
560,140	0,130	0,000	7,030E+0	2,400E+1	3,500E+3	3,481E+3
561,139	0,130	0,000	7,040E+0	2,400E+1	3,500E+3	3,499E+3
562,141	0,130	0,000	7,030E+0	2,400E+1	3,500E+3	3,490E+3
563,141	0,130	0,000	7,030E+0	2,400E+1	3,500E+3	3,505E+3
564,141	0,130	0,000	7,030E+0	2,400E+1	3,500E+3	3,495E+3
565,141	0,130	0,000	7,030E+0	2,400E+1	3,500E+3	3,498E+3
566,141	0,130	0,000	7,030E+0	2,400E+1	3,500E+3	3,501E+3
567,142	0,130	0,000	7,030E+0	2,400E+1	3,500E+3	3,496E+3
568,142	0,130	0,000	7,030E+0	2,400E+1	3,500E+3	3,507E+3
569,143	0,130	0,000	7,030E+0	2,400E+1	3,500E+3	3,496E+3
570,142	0,130	0,000	7,030E+0	2,400E+1	3,500E+3	3,507E+3
571,142	0,130	0,000	7,030E+0	2,400E+1	3,500E+3	3,497E+3
572,143	0,130	0,000	7,030E+0	2,400E+1	3,500E+3	3,494E+3
573,144	0,130	0,000	7,030E+0	2,400E+1	3,500E+3	3,512E+3
574,145	0,130	0,000	7,030E+0	2,400E+1	3,500E+3	3,485E+3
575,144	0,130	0,000	7,030E+0	2,400E+1	3,500E+3	3,498E+3
576,145	0,130	0,000	7,040E+0	2,400E+1	3,500E+3	3,494E+3
577,145	0,130	0,000	7,040E+0	2,400E+1	3,500E+3	3,507E+3
578,145	0,130	0,000	7,040E+0	2,400E+1	3,500E+3	3,498E+3
579,145	0,130	0,000	7,040E+0	2,400E+1	3,500E+3	3,495E+3
580,146	0,130	0,000	7,040E+0	2,400E+1	3,500E+3	3,489E+3
581,145	0,130	0,000	7,030E+0	2,400E+1	3,500E+3	3,500E+3
582,146	0,130	0,000	7,040E+0	2,400E+1	3,500E+3	3,503E+3
583,146	0,130	0,000	7,040E+0	2,400E+1	3,500E+3	3,497E+3
584,146	0,130	0,000	7,040E+0	2,400E+1	3,500E+3	3,494E+3
585,146	0,130	0,000	7,040E+0	2,400E+1	3,500E+3	3,498E+3
586,147	0,130	0,000	7,030E+0	2,400E+1	3,500E+3	3,496E+3
587,148	0,130	0,000	7,030E+0	2,400E+1	3,500E+3	3,511E+3
588,147	0,130	0,000	7,040E+0	2,400E+1	3,500E+3	3,491E+3
589,149	0,130	0,000	7,040E+0	2,400E+1	3,500E+3	3,508E+3
590,148	0,130	0,000	7,040E+0	2,400E+1	3,500E+3	3,506E+3
591,148	0,130	0,000	7,040E+0	2,400E+1	3,500E+3	3,504E+3
592,148	0,130	0,000	7,040E+0	2,400E+1	3,500E+3	3,493E+3
593,149	0,130	0,000	7,040E+0	2,400E+1	3,500E+3	3,505E+3
594,150	0,130	0,000	7,040E+0	2,400E+1	3,500E+3	3,492E+3
595,150	0,130	0,000	7,040E+0	2,400E+1	3,500E+3	3,504E+3
596,150	0,130	0,000	7,040E+0	2,400E+1	3,500E+3	3,500E+3
597,150	0,130	0,000	7,040E+0	2,400E+1	3,500E+3	3,499E+3
598,150	0,130	0,000	7,040E+0	2,400E+1	3,500E+3	3,498E+3
599,150	0,130	0,000	7,040E+0	2,400E+1	3,500E+3	3,501E+3
600,152	0,130	0,000	7,050E+0	2,400E+1	3,500E+3	3,509E+3
601,152	0,130	0,000	7,050E+0	2,400E+1	3,500E+3	3,505E+3
602,154	0,130	0,000	7,050E+0	2,400E+1	3,500E+3	3,492E+3
603,153	0,130	0,000	7,040E+0	2,400E+1	3,500E+3	3,503E+3
604,153	0,130	0,000	7,050E+0	2,400E+1	3,500E+3	3,504E+3
605,154	0,130	0,000	7,050E+0	2,400E+1	3,500E+3	3,489E+3
606,153	0,130	0,000	7,050E+0	2,400E+1	3,500E+3	3,452E+3
607,154	0,130	0,000	7,050E+0	2,400E+1	3,500E+3	3,499E+3
608,153	0,130	0,000	7,050E+0	2,400E+1	3,500E+3	3,512E+3
609,153	0,130	0,000	7,050E+0	2,400E+1	3,500E+3	3,496E+3
610,153	0,130	0,000	7,050E+0	2,400E+1	3,500E+3	3,503E+3
611,153	0,130	0,000	7,050E+0	2,400E+1	3,500E+3	3,491E+3
612,154	0,130	0,000	7,050E+0	2,400E+1	3,500E+3	3,489E+3
613,153	0,130	0,000	7,040E+0	2,400E+1	3,500E+3	3,494E+3
614,154	0,130	0,000	7,040E+0	2,400E+1	3,500E+3	3,497E+3
615,154	0,130	0,000	7,040E+0	2,400E+1	3,500E+3	3,506E+3
616,154	0,130	0,000	7,040E+0	2,400E+1	3,500E+3	3,494E+3
617,154	0,130	0,000	7,050E+0	2,400E+1	3,500E+3	3,490E+3
618,154	0,130	0,000	7,050E+0	2,400E+1	3,500E+3	3,507E+3
619,155	0,130	0,000	7,050E+0	2,400E+1	3,500E+3	3,497E+3
620,154	0,130	0,000	7,050E+0	2,400E+1	3,500E+3	3,491E+3
621,154	0,130	0,000	7,050E+0	2,400E+1	3,500E+3	3,501E+3
622,155	0,130	0,000	7,050E+0	2,400E+1	3,500E+3	3,494E+3
623,155	0,130	0,000	7,050E+0	2,400E+1	3,500E+3	3,469E+3
624,156	0,130	0,000	7,050E+0	2,400E+1	3,500E+3	3,507E+3
625,156	0,130	0,000	7,060E+0	2,400E+1	3,500E+3	3,502E+3
626,157	0,130	0,000	7,060E+0	2,400E+1	3,500E+3	3,494E+3
627,156	0,130	0,000	7,040E+0	2,400E+1	3,500E+3	3,510E+3
628,157	0,130	0,000	7,040E+0	2,400E+1	3,500E+3	3,464E+3
629,157	0,130	0,000	7,060E+0	2,400E+1	3,500E+3	3,484E+3
630,157	0,130	0,000	7,050E+0	2,400E+1	3,500E+3	3,488E+3
631,159	0,130	0,000	7,050E+0	2,400E+1	3,500E+3	3,506E+3
632,159	0,130	0,000	7,060E+0	2,400E+1	3,500E+3	3,515E+3
633,160	0,130	0,000	7,060E+0	2,400E+1	3,500E+3	3,499E+3
634,159	0,130	0,000	7,060E+0	2,400E+1	3,500E+3	3,499E+3
635,159	0,130	0,000	7,050E+0	2,400E+1	3,500E+3	3,497E+3
636,160	0,130	0,000	7,050E+0	2,400E+1	3,500E+3	3,503E+3
637,160	0,130	0,000	7,050E+0	2,400E+1	3,500E+3	3,512E+3
638,161	0,130	0,000	7,050E+0	2,400E+1	3,500E+3	3,498E+3
639,160	0,130	0,000	7,050E+0	2,400E+1	3,500E+3	3,503E+3
640,161	0,130	0,000	7,050E+0	2,400E+1	3,500E+3	3,500E+3
641,161	0,130	0,000	7,050E+0	2,400E+1	3,500E+3	3,498E+3
642,162	0,130	0,000	7,060E+0	2,400E+1	3,500E+3	3,485E+3
643,162	0,130	0,000	7,060E+0	2,400E+1	3,500E+3	3,500E+3
644,162	0,130	0,000	7,060E+0	2,400E+1	3,500E+3	3,503E+3
645,164	0,130	0,000	7,060E+0	2,400E+1	3,500E+3	3,503E+3
646,163	0,130	0,000	7,060E+0	2,400E+1	3,500E+3	3,507E+3
647,164	0,130	0,000	7,060E+0	2,400E+1	3,500E+3	3,506E+3
648,164	0,130	0,000	7,060E+0	2,400E+1	3,500E+3	3,505E+3
649,164	0,130	0,000	7,060E+0	2,400E+1	3,500E+3	3,503E+3
650,164	0,130	0,000	7,070E+0	2,400E+1	3,500E+3	3,502E+3
651,164	0,130	0,000	7,070E+0	2,400E+1	3,500E+3	3,507E+3
652,165	0,130	0,000	7,070E+0	2,400E+1	3,500E+3	3,508E+3
653,164	0,130	0,000	7,060E+0	2,400E+1	3,500E+3	3,509E+3
654,164	0,130	0,000	7,060E+0	2,400E+1	3,500E+3	3,498E+3
655,164	0,130	0,000	7,050E+0	2,400E+1	3,500E+3	3,508E+3
656,165	0,130	0,000	7,060E+0	2,400E+1	3,500E+3	3,504E+3
657,165	0,130	0,000	7,060E+0	2,400E+1	3,500E+3	3,501E+3
658,166	0,129	0,000	7,060E+0	2,400E+1	3,500E+3	3,498E+3
659,167	0,130	0,000	7,060E+0	2,400E+1	3,500E+3	3,503E+3
660,166	0,130	0,000	7,060E+0	2,400E+1	3,500E+3	3,492E+3
661,166	0,130	0,000	7,060E+0	2,400E+1	3,500E+3	3,495E+3
662,167	0,130	0,000	7,070E+0	2,400E+1	3,500E+3	3,503E+3
663,167	0,130	0,000	7,070E+0	2,400E+1	3,500E+3	3,492E+3
664,168	0,130	0,000	7,060E+0	2,400E+1	3,500E+3	3,514E+3
665,167	0,130	0,000	7,070E+0	2,400E+1	3,500E+3	3,508E+3
666,168	0,130	0,000	7,070E+0	2,400E+1	3,500E+3	3,494E+3
667,167	0,130	0,000	7,060E+0	2,400E+1	3,500E+3	3,498E+3
668,167	0,130	0,000	7,070E+0	2,400E+1	3,500E+3	3,500E+3
669,167	0,130	0,000	7,070E+0	2,400E+1	3,500E+3	3,494E+3
670,167	0,130	0,000	7,070E+0	2,400E+1	3,500E+3	3,490E+3
671,168	0,130	0,000	7,070E+0	2,400E+1	3,500E+3	3,496E+3
672,168	0,130	0,000	7,070E+0	2,400E+1	3,500E+3	3,507E+3
673,169	0,130	0,000	7,060E+0	2,400E+1	3,500E+3	3,488E+3
674,169	0,130	0,000	7,070E+0	2,400E+1	3,500E+3	3,517E+3
675,169	0,130	0,000	7,070E+0	2,400E+1	3,500E+3	3,502E+3
676,169	0,130	0,000	7,080E+0	2,400E+1	3,500E+3	3,508E+3
677,169	0,130	0,000	7,070E+0	2,400E+1	3,500E+3	3,512E+3
678,170	0,130	0,000	7,070E+0	2,400E+1	3,500E+3	3,497E+3
679,170	0,130	0,000	7,070E+0	2,400E+1	3,500E+3	3,489E+3
680,172	0,130	0,000	7,070E+0	2,400E+1	3,500E+3	3,499E+3
681,172	0,130	0,000	7,070E+0	2,400E+1	3,500E+3	3,491E+3
682,172	0,130	0,000	7,080E+0	2,400E+1	3,500E+3	3,500E+3
683,172	0,130	0,000	7,070E+0	2,400E+1	3,500E+3	3,511E+3
684,172	0,130	0,000	7,070E+0	2,400E+1	3,500E+3	3,494E+3
685,172	0,130	0,000	7,070E+0	2,400E+1	3,500E+3	3,503E+3
686,173	0,130	0,000	7,080E+0	2,400E+1	3,500E+3	3,490E+3
687,174	0,130	0,000	7,080E+0	2,400E+1	3,500E+3	3,488E+3
688,173	0,130	0,000	7,080E+0	2,400E+1	3,500E+3	3,509E+3
689,173	0,130	0,000	7,080E+0	2,400E+1	3,500E+3	3,503E+3
690,173	0,130	0,000	7,080E+0	2,400E+1	3,500E+3	3,498E+3
691,173	0,130	0,000	7,080E+0	2,400E+1	3,500E+3	3,496E+3
692,173	0,130	0,000	7,080E+0	2,400E+1	3,500E+3	3,517E+3
693,173	0,130	0,000	7,080E+0	2,400E+1	3,500E+3	3,501E+3
694,175	0,130	0,000	7,080E+0	2,400E+1	3,500E+3	3,512E+3
695,174	0,130	0,000	7,080E+0	2,400E+1	3,500E+3	3,503E+3
696,174	0,130	0,000	7,080E+0	2,400E+1	3,500E+3	3,453E+3
697,174	0,130	0,000	7,080E+0	2,400E+1	3,500E+3	3,494E+3
698,174	0,130	0,000	7,080E+0	2,400E+1	3,500E+3	3,511E+3
699,174	0,130	0,000	7,080E+0	2,400E+1	3,500E+3	3,494E+3
700,174	0,130	0,000	7,080E+0	2,400E+1	3,500E+3	3,501E+3
701,174	0,130	0,000	7,080E+0	2,400E+1	3,500E+3	3,497E+3
702,175	0,130	0,000	7,060E+0	2,400E+1	3,500E+3	3,524E+3
703,175	0,130	0,000	7,080E+0	2,400E+1	3,500E+3	3,503E+3
704,176	0,130	0,000	7,080E+0	2,400E+1	3,500E+3	3,498E+3
705,176	0,130	0,000	7,080E+0	2,400E+1	3,500E+3	3,489E+3
706,176	0,130	0,000	7,080E+0	2,400E+1	3,500E+3	3,505E+3
707,177	0,130	0,000	7,080E+0	2,400E+1	3,500E+3	3,498E+3
708,177	0,130	0,000	7,080E+0	2,400E+1	3,500E+3	3,504E+3
709,178	0,130	0,000	7,080E+0	2,400E+1	3,500E+3	3,501E+3
710,178	0,130	0,000	7,080E+0	2,400E+1	3,500E+3	3,512E+3
711,178	0,130	0,000	7,090E+0	2,400E+1	3,500E+3	3,501E+3
712,178	0,130	0,000	7,080E+0	2,400E+1	3,500E+3	3,502E+3
713,178	0,130	0,000	7,080E+0	2,400E+1	3,500E+3	3,491E+3
714,179	0,130	0,000	7,080E+0	2,400E+1	3,500E+3	3,494E+3
715,178	0,130	0,000	7,080E+0	2,400E+1	3,500E+3	3,508E+3
716,179	0,130	0,000	7,080E+0	2,400E+1	3,500E+3	3,503E+3
717,178	0,130	0,000	7,090E+0	2,400E+1	3,500E+3	3,493E+3
718,178	0,130	0,000	7,080E+0	2,400E+1	3,500E+3	3,491E+3
719,179	0,130	0,000	7,080E+0	2,400E+1	3,500E+3	3,499E+3
720,179	0,130	0,000	7,090E+0	2,400E+1	3,500E+3	3,487E+3
721,180	0,130	0,000	7,080E+0	2,400E+1	3,500E+3	3,511E+3
722,179	0,130	0,000	7,080E+0	2,400E+1	3,500E+3	3,508E+3
723,179	0,130	0,000	7,080E+0	2,400E+1	3,500E+3	3,496E+3
724,179	0,130	0,000	7,080E+0	2,400E+1	3,500E+3	3,478E+3
725,180	0,130	0,000	7,080E+0	2,400E+1	3,500E+3	3,510E+3
726,181	0,130	0,000	7,080E+0	2,400E+1	3,500E+3	3,494E+3
727,181	0,130	0,000	7,090E+0	2,400E+1	3,500E+3	3,508E+3
728,182	0,130	0,000	7,090E+0	2,400E+1	3,500E+3	3,496E+3
729,182	0,130	0,000	7,090E+0	2,400E+1	3,500E+3	3,501E+3
730,182	0,130	0,000	7,090E+0	2,400E+1	3,500E+3	3,500E+3
731,182	0,130	0,000	7,090E+0	2,400E+1	3,500E+3	3,512E+3
732,183	0,130	0,000	7,080E+0	2,400E+1	3,500E+3	3,499E+3
733,184	0,130	0,000	7,080E+0	2,400E+1	3,500E+3	3,519E+3
734,184	0,130	0,000	7,080E+0	2,400E+1	3,500E+3	3,504E+3
735,186	0,130	0,000	7,090E+0	2,400E+1	3,500E+3	3,498E+3
736,185	0,130	0,000	7,090E+0	2,400E+1	3,500E+3	3,497E+3
737,185	0,130	0,000	7,090E+0	2,400E+1	3,500E+3	3,502E+3
738,185	0,130	0,000	7,090E+0	2,400E+1	3,500E+3	3,499E+3
739,185	0,130	0,000	7,090E+0	2,400E+1	3,500E+3	3,506E+3
740,186	0,130	0,000	7,080E+0	2,400E+1	3,500E+3	3,503E+3
741,186	0,130	0,000	7,080E+0	2,400E+1	3,500E+3	3,521E+3
742,187	0,130	0,000	7,090E+0	2,400E+1	3,500E+3	3,503E+3
743,187	0,130	0,000	7,090E+0	2,400E+1	3,500E+3	3,506E+3
744,187	0,130	0,000	7,090E+0	2,400E+1	3,500E+3	3,506E+3
745,188	0,130	0,000	7,090E+0	2,400E+1	3,500E+3	3,506E+3
746,188	0,130	0,000	7,090E+0	2,400E+1	3,500E+3	3,490E+3
747,189	0,130	0,000	7,090E+0	2,400E+1	3,500E+3	3,507E+3
748,189	0,130	0,000	7,090E+0	2,400E+1	3,500E+3	3,503E+3
749,190	0,130	0,000	7,090E+0	2,400E+1	3,500E+3	3,497E+3
750,189	0,130	0,000	7,090E+0	2,400E+1	3,500E+3	3,488E+3
751,189	0,130	0,000	7,090E+0	2,400E+1	3,500E+3	3,501E+3
752,189	0,130	0,000	7,090E+0	2,400E+1	3,500E+3	3,509E+3
753,189	0,130	0,000	7,090E+0	2,400E+1	3,500E+3	3,492E+3
754,189	0,130	0,000	7,090E+0	2,400E+1	3,500E+3	3,511E+3
755,189	0,130	0,000	7,090E+0	2,400E+1	3,500E+3	3,503E+3
756,190	0,130	0,000	7,090E+0	2,400E+1	3,500E+3	3,519E+3
757,189	0,130	0,000	7,090E+0	2,400E+1	3,500E+3	3,498E+3
758,189	0,130	0,000	7,100E+0	2,400E+1	3,500E+3	3,490E+3
759,189	0,130	0,000	7,100E+0	2,400E+1	3,500E+3	3,504E+3
760,189	0,130	0,000	7,100E+0	2,400E+1	3,500E+3	3,494E+3
761,190	0,130	0,000	7,090E+0	2,400E+1	3,500E+3	3,507E+3
762,189	0,130	0,000	7,090E+0	2,400E+1	3,500E+3	3,489E+3
763,190	0,130	0,000	7,090E+0	2,400E+1	3,500E+3	3,506E+3
764,189	0,130	0,000	7,090E+0	2,400E+1	3,500E+3	3,502E+3
765,189	0,130	0,000	7,090E+0	2,400E+1	3,500E+3	3,498E+3
766,189	0,130	0,000	7,090E+0	2,400E+1	3,500E+3	3,519E+3
767,189	0,130	0,000	7,100E+0	2,400E+1	3,500E+3	3,513E+3
768,190	0,130	0,000	7,100E+0	2,400E+1	3,500E+3	3,494E+3
769,189	0,130	0,000	7,100E+0	2,400E+1	3,500E+3	3,506E+3
770,190	0,130	0,000	7,090E+0	2,400E+1	3,500E+3	3,504E+3
771,189	0,130	0,000	7,100E+0	2,400E+1	3,500E+3	3,507E+3
772,189	0,130	0,000	7,100E+0	2,400E+1	3,500E+3	3,491E+3
773,189	0,130	0,000	7,100E+0	2,400E+1	3,500E+3	3,495E+3
774,190	0,130	0,000	7,100E+0	2,400E+1	3,500E+3	3,498E+3
775,191	0,130	0,000	7,100E+0	2,400E+1	3,500E+3	3,500E+3
776,190	0,130	0,000	7,100E+0	2,400E+1	3,500E+3	3,509E+3
777,191	0,130	0,000	7,100E+0	2,400E+1	3,500E+3	3,503E+3
778,190	0,130	0,000	7,100E+0	2,400E+1	3,500E+3	3,488E+3
779,190	0,130	0,000	7,100E+0	2,400E+1	3,500E+3	3,495E+3
780,190	0,130	0,000	7,100E+0	2,400E+1	3,500E+3	3,480E+3
781,191	0,130	0,000	7,100E+0	2,400E+1	3,500E+3	3,487E+3
782,192	0,130	0,000	7,100E+0	2,400E+1	3,500E+3	3,499E+3
783,191	0,130	0,000	7,100E+0	2,400E+1	3,500E+3	3,490E+3
784,191	0,130	0,000	7,100E+0	2,400E+1	3,500E+3	3,485E+3
785,191	0,130	0,000	7,100E+0	2,400E+1	3,500E+3	3,501E+3
786,191	0,130	0,000	7,110E+0	2,400E+1	3,500E+3	3,497E+3
787,191	0,130	0,000	7,100E+0	2,400E+1	3,500E+3	3,497E+3
788,191	0,130	0,000	7,100E+0	2,400E+1	3,500E+3	3,486E+3
789,193	0,130	0,000	7,110E+0	2,400E+1	3,500E+3	3,510E+3
790,192	0,130	0,000	7,100E+0	2,400E+1	3,500E+3	3,505E+3
791,193	0,130	0,000	7,100E+0	2,400E+1	3,500E+3	3,497E+3
792,194	0,130	0,000	7,100E+0	2,400E+1	3,500E+3	3,494E+3
793,194	0,130	0,000	7,100E+0	2,400E+1	3,500E+3	3,493E+3
794,196	0,130	0,000	7,100E+0	2,400E+1	3,500E+3	3,503E+3
795,195	0,130	0,000	7,100E+0	2,400E+1	3,500E+3	3,496E+3
796,196	0,130	0,000	7,100E+0	2,400E+1	3,500E+3	3,480E+3
797,195	0,130	0,000	7,100E+0	2,400E+1	3,500E+3	3,503E+3
798,195	0,130	0,000	7,100E+0	2,400E+1	3,500E+3	3,494E+3
799,196	0,130	0,000	7,100E+0	2,400E+1	3,500E+3	3,507E+3
800,196	0,130	0,000	7,110E+0	2,400E+1	3,500E+3	3,490E+3
801,197	0,130	0,000	7,100E+0	2,400E+1	3,500E+3	3,512E+3
802,196	0,130	0,000	7,100E+0	2,400E+1	3,500E+3	3,458E+3
803,197	0,130	0,000	7,110E+0	2,400E+1	3,500E+3	3,504E+3
804,198	0,130	0,000	7,110E+0	2,400E+1	3,500E+3	3,496E+3
805,198	0,130	0,000	7,110E+0	2,400E+1	3,500E+3	3,498E+3
806,198	0,130	0,000	7,110E+0	2,400E+1	3,500E+3	3,507E+3
807,198	0,130	0,000	7,110E+0	2,400E+1	3,500E+3	3,485E+3
808,199	0,130	0,000	7,120E+0	2,400E+1	3,500E+3	3,503E+3
809,199	0,130	0,000	7,110E+0	2,400E+1	3,500E+3	3,514E+3
810,199	0,130	0,000	7,110E+0	2,400E+1	3,500E+3	3,499E+3
811,200	0,130	0,000	7,110E+0	2,400E+1	3,500E+3	3,498E+3
812,199	0,130	0,000	7,110E+0	2,400E+1	3,500E+3	3,506E+3
813,200	0,130	0,000	7,110E+0	2,400E+1	3,500E+3	3,470E+3
814,199	0,130	0,000	7,110E+0	2,400E+1	3,500E+3	3,511E+3
815,200	0,130	0,000	7,110E+0	2,400E+1	3,500E+3	3,495E+3
816,200	0,130	0,000	7,120E+0	2,400E+1	3,500E+3	3,512E+3
817,200	0,130	0,000	7,110E+0	2,400E+1	3,500E+3	3,505E+3
818,201	0,130	0,000	7,110E+0	2,400E+1	3,500E+3	3,497E+3
819,200	0,130	0,000	7,110E+0	2,400E+1	3,500E+3	3,502E+3
820,201	0,130	0,000	7,110E+0	2,400E+1	3,500E+3	3,486E+3
821,200	0,130	0,000	7,110E+0	2,400E+1	3,500E+3	3,501E+3
822,200	0,130	0,000	7,110E+0	2,400E+1	3,500E+3	3,489E+3
823,200	0,130	0,000	7,120E+0	2,400E+1	3,500E+3	3,501E+3
824,200	0,130	0,000	7,120E+0	2,400E+1	3,500E+3	3,498E+3
825,201	0,130	0,000	7,120E+0	2,400E+1	3,500E+3	3,503E+3
826,200	0,130	0,000	7,110E+0	2,400E+1	3,500E+3	3,497E+3
827,200	0,130	0,000	7,120E+0	2,400E+1	3,500E+3	3,500E+3
828,200	0,130	0,000	7,120E+0	2,400E+1	3,500E+3	3,507E+3
829,200	0,130	0,000	7,120E+0	2,400E+1	3,500E+3	3,505E+3
830,201	0,130	0,000	7,120E+0	2,400E+1	3,500E+3	3,515E+3
831,200	0,130	0,000	7,120E+0	2,400E+1	3,500E+3	3,509E+3
832,201	0,130	0,000	7,120E+0	2,400E+1	3,500E+3	3,489E+3
833,200	0,130	0,000	7,120E+0	2,400E+1	3,500E+3	3,494E+3
834,200	0,130	0,000	7,120E+0	2,400E+1	3,500E+3	3,492E+3
835,200	0,130	0,000	7,110E+0	2,400E+1	3,500E+3	3,501E+3
836,200	0,130	0,000	7,110E+0	2,400E+1	3,500E+3	3,501E+3
837,201	0,130	0,000	7,120E+0	2,400E+1	3,500E+3	3,498E+3
838,200	0,130	0,000	7,120E+0	2,400E+1	3,500E+3	3,503E+3
839,201	0,130	0,000	7,120E+0	2,400E+1	3,500E+3	3,497E+3
840,201	0,130	0,000	7,120E+0	2,400E+1	3,500E+3	3,494E+3
841,201	0,130	0,000	7,120E+0	2,400E+1	3,500E+3	3,497E+3
842,201	0,130	0,000	7,120E+0	2,400E+1	3,500E+3	3,503E+3
843,202	0,130	0,000	7,120E+0	2,400E+1	3,500E+3	3,514E+3
844,203	0,130	0,000	7,120E+0	2,400E+1	3,500E+3	3,492E+3
845,202	0,130	0,000	7,130E+0	2,400E+1	3,500E+3	3,452E+3
846,202	0,130	0,000	7,130E+0	2,400E+1	3,500E+3	3,504E+3
847,202	0,130	0,000	7,120E+0	2,400E+1	3,500E+3	3,494E+3
848,203	0,130	0,000	7,130E+0	2,400E+1	3,500E+3	3,497E+3
849,204	0,130	0,000	7,130E+0	2,400E+1	3,500E+3	3,503E+3
850,205	0,130	0,000	7,120E+0	2,400E+1	3,500E+3	3,494E+3
851,204	0,130	0,000	7,130E+0	2,400E+1	3,500E+3	3,507E+3
852,204	0,130	0,000	7,130E+0	2,400E+1	3,500E+3	3,502E+3
853,204	0,130	0,000	7,130E+0	2,400E+1	3,500E+3	3,494E+3
854,204	0,130	0,000	7,130E+0	2,400E+1	3,500E+3	3,497E+3
855,205	0,130	0,000	7,130E+0	2,400E+1	3,500E+3	3,512E+3
856,206	0,130	0,000	7,130E+0	2,400E+1	3,500E+3	3,508E+3
857,205	0,130	0,000	7,130E+0	2,400E+1	3,500E+3	3,501E+3
858,205	0,130	0,000	7,130E+0	2,400E+1	3,500E+3	3,484E+3
859,205	0,130	0,000	7,130E+0	2,400E+1	3,500E+3	3,486E+3
860,205	0,130	0,000	7,130E+0	2,400E+1	3,500E+3	3,497E+3
861,205	0,130	0,000	7,130E+0	2,400E+1	3,500E+3	3,494E+3
862,205	0,130	0,000	7,130E+0	2,400E+1	3,500E+3	3,509E+3
863,206	0,130	0,000	7,130E+0	2,400E+1	3,500E+3	3,501E+3
864,205	0,130	0,000	7,130E+0	2,400E+1	3,500E+3	3,504E+3
865,205	0,130	0,000	7,130E+0	2,400E+1	3,500E+3	3,499E+3
866,205	0,130	0,000	7,130E+0	2,400E+1	3,500E+3	3,504E+3
867,205	0,130	0,000	7,130E+0	2,400E+1	3,500E+3	3,501E+3
868,205	0,130	0,000	7,130E+0	2,400E+1	3,500E+3	3,487E+3
869,206	0,130	0,000	7,130E+0	2,400E+1	3,500E+3	3,506E+3
870,208	0,130	0,000	7,130E+0	2,400E+1	3,500E+3	3,491E+3
871,207	0,130	0,000	7,130E+0	2,400E+1	3,500E+3	3,507E+3
872,208	0,130	0,000	7,140E+0	2,400E+1	3,500E+3	3,491E+3
873,208	0,130	0,000	7,140E+0	2,400E+1	3,500E+3	3,497E+3
874,208	0,130	0,000	7,130E+0	2,400E+1	3,500E+3	3,497E+3
875,209	0,130	0,000	7,130E+0	2,400E+1	3,500E+3	3,498E+3
876,209	0,130	0,000	7,130E+0	2,400E+1	3,500E+3	3,494E+3
877,211	0,130	0,000	7,140E+0	2,400E+1	3,500E+3	3,493E+3
878,210	0,130	0,000	7,130E+0	2,400E+1	3,500E+3	3,485E+3
879,211	0,130	0,000	7,130E+0	2,400E+1	3,500E+3	3,481E+3
880,211	0,130	0,000	7,130E+0	2,400E+1	3,500E+3	3,501E+3
881,212	0,130	0,000	7,140E+0	2,400E+1	3,500E+3	3,498E+3
882,213	0,130	0,000	7,140E+0	2,400E+1	3,500E+3	3,499E+3
883,212	0,130	0,000	7,130E+0	2,400E+1	3,500E+3	3,511E+3
884,212	0,130	0,000	7,120E+0	2,400E+1	3,500E+3	3,507E+3
885,213	0,130	0,000	7,120E+0	2,400E+1	3,500E+3	3,495E+3
886,213	0,130	0,000	7,130E+0	2,400E+1	3,500E+3	3,498E+3
887,213	0,130	0,000	7,140E+0	2,400E+1	3,500E+3	3,492E+3
888,213	0,130	0,000	7,140E+0	2,400E+1	3,500E+3	3,500E+3
889,215	0,130	0,000	7,130E+0	2,400E+1	3,500E+3	3,505E+3
890,214	0,130	0,000	7,140E+0	2,400E+1	3,500E+3	3,536E+3
891,215	0,130	0,000	7,140E+0	2,400E+1	3,500E+3	3,503E+3
892,215	0,130	0,000	7,140E+0	2,400E+1	3,500E+3	3,505E+3
893,216	0,130	0,000	7,140E+0	2,400E+1	3,500E+3	3,483E+3
894,217	0,130	0,000	7,140E+0	2,400E+1	3,500E+3	3,519E+3
895,216	0,130	0,000	7,140E+0	2,400E+1	3,500E+3	3,503E+3
896,216	0,130	0,000	7,130E+0	2,400E+1	3,500E+3	3,507E+3
897,217	0,130	0,000	7,130E+0	2,400E+1	3,500E+3	3,494E+3
898,217	0,130	0,000	7,130E+0	2,400E+1	3,500E+3	3,489E+3
899,218	0,130	0,000	7,140E+0	2,400E+1	3,500E+3	3,507E+3
900,219	0,130	0,000	7,140E+0	2,400E+1	3,500E+3	3,479E+3
901,220	0,130	0,000	7,140E+0	2,400E+1	3,500E+3	3,498E+3
902,219	0,130	0,000	7,140E+0	2,400E+1	3,500E+3	3,499E+3
903,219	0,130	0,000	7,140E+0	2,400E+1	3,500E+3	3,494E+3
904,219	0,130	0,000	7,140E+0	2,400E+1	3,500E+3	3,505E+3
905,220	0,130	0,000	7,140E+0	2,400E+1	3,500E+3	3,499E+3
906,220	0,130	0,000	7,140E+0	2,400E+1	3,500E+3	3,505E+3
907,220	0,130	0,000	7,140E+0	2,400E+1	3,500E+3	3,498E+3
908,221	0,130	0,000	7,140E+0	2,400E+1	3,500E+3	3,496E+3
909,220	0,130	0,000	7,140E+0	2,400E+1	3,500E+3	3,499E+3
910,220	0,130	0,000	7,140E+0	2,400E+1	3,500E+3	3,506E+3
911,220	0,130	0,000	7,150E+0	2,400E+1	3,500E+3	3,505E+3
912,220	0,130	0,000	7,150E+0	2,400E+1	3,500E+3	3,502E+3
913,220	0,130	0,000	7,140E+0	2,400E+1	3,500E+3	3,499E+3
914,222	0,130	0,000	7,140E+0	2,400E+1	3,500E+3	3,505E+3
915,221	0,130	0,000	7,140E+0	2,400E+1	3,500E+3	3,507E+3
916,222	0,130	0,000	7,140E+0	2,400E+1	3,500E+3	3,491E+3
917,221	0,130	0,000	7,140E+0	2,400E+1	3,500E+3	3,499E+3
918,221	0,130	0,000	7,140E+0	2,400E+1	3,500E+3	3,500E+3
919,221	0,130	0,000	7,140E+0	2,400E+1	3,500E+3	3,497E+3
920,223	0,130	0,000	7,150E+0	2,400E+1	3,500E+3	3,480E+3
921,222	0,130	0,000	7,150E+0	2,400E+1	3,500E+3	3,512E+3
922,223	0,130	0,000	7,150E+0	2,400E+1	3,500E+3	3,418E+3
923,223	0,157	0,000	8,690E+0	2,400E+1	3,500E+3	3,490E+3
924,223	0,157	0,000	8,690E+0	2,400E+1	3,500E+3	3,498E+3
925,223	0,149	0,000	8,020E+0	2,400E+1	3,500E+3	3,503E+3
926,223	0,153	0,000	8,370E+0	2,400E+1	3,500E+3	3,493E+3
927,224	0,153	0,000	8,370E+0	2,400E+1	3,500E+3	3,507E+3
928,223	0,154	0,000	8,420E+0	2,400E+1	3,500E+3	3,492E+3
929,223	0,156	0,000	8,510E+0	2,400E+1	3,500E+3	3,519E+3
930,223	0,156	0,000	8,510E+0	2,400E+1	3,500E+3	3,493E+3
931,223	0,157	0,000	8,590E+0	2,400E+1	3,500E+3	3,490E+3
932,224	0,158	0,000	8,650E+0	2,400E+1	3,500E+3	3,507E+3
933,224	0,158	0,000	8,650E+0	2,400E+1	3,500E+3	3,490E+3
934,226	0,159	0,000	8,680E+0	2,400E+1	3,500E+3	3,501E+3
935,225	0,160	0,000	8,730E+0	2,400E+1	3,500E+3	3,489E+3
936,226	0,160	0,000	8,730E+0	2,400E+1	3,500E+3	3,510E+3
937,225	0,160	0,000	8,760E+0	2,400E+1	3,500E+3	3,524E+3
938,226	0,161	0,000	8,800E+0	2,400E+1	3,500E+3	3,504E+3
939,227	0,161	0,000	8,800E+0	2,400E+1	3,500E+3	3,508E+3
940,226	0,161	0,000	8,800E+0	2,400E+1	3,500E+3	3,501E+3
941,228	0,161	0,000	8,820E+0	2,400E+1	3,500E+3	3,498E+3
942,227	0,161	0,000	8,820E+0	2,400E+1	3,500E+3	3,503E+3
943,227	0,162	0,000	8,820E+0	2,400E+1	3,500E+3	3,526E+3
944,228	0,162	0,000	8,830E+0	2,400E+1	3,500E+3	3,508E+3
945,228	0,162	0,000	8,830E+0	2,400E+1	3,500E+3	3,473E+3
946,230	0,162	0,000	8,850E+0	2,400E+1	3,500E+3	3,501E+3
947,230	0,162	0,000	8,850E+0	2,400E+1	3,500E+3	3,505E+3
948,231	0,162	0,000	8,850E+0	2,400E+1	3,500E+3	3,499E+3
949,231	0,162	0,000	8,860E+0	2,400E+1	3,500E+3	3,498E+3
950,230	0,162	0,000	8,870E+0	2,400E+1	3,500E+3	3,509E+3
951,232	0,162	0,000	8,870E+0	2,400E+1	3,500E+3	3,481E+3
952,232	0,162	0,000	8,870E+0	2,400E+1	3,500E+3	3,516E+3
953,232	0,162	0,000	8,880E+0	2,400E+1	3,500E+3	3,494E+3
954,233	0,162	0,000	8,880E+0	2,400E+1	3,500E+3	3,494E+3
955,233	0,163	0,000	8,880E+0	2,400E+1	3,500E+3	3,523E+3
956,234	0,163	0,000	8,890E+0	2,400E+1	3,500E+3	3,495E+3
957,234	0,163	0,000	8,890E+0	2,400E+1	3,500E+3	3,501E+3
958,234	0,163	0,000	8,880E+0	2,400E+1	3,500E+3	3,507E+3
959,234	0,163	0,000	8,890E+0	2,400E+1	3,500E+3	3,491E+3
960,234	0,163	0,000	8,890E+0	2,400E+1	3,500E+3	3,504E+3
961,235	0,163	0,000	8,890E+0	2,400E+1	3,500E+3	3,501E+3
962,235	0,163	0,000	8,890E+0	2,400E+1	3,500E+3	3,515E+3
963,237	0,163	0,000	8,890E+0	2,400E+1	3,500E+3	3,503E+3
964,237	0,163	0,000	8,900E+0	2,400E+1	3,500E+3	3,501E+3
965,237	0,163	0,000	8,910E+0	2,400E+1	3,500E+3	3,493E+3
966,237	0,163	0,000	8,910E+0	2,400E+1	3,500E+3	3,502E+3
967,237	0,163	0,000	8,910E+0	2,400E+1	3,500E+3	3,512E+3
968,237	0,163	0,000	8,910E+0	2,400E+1	3,500E+3	3,489E+3
969,237	0,163	0,000	8,910E+0	2,400E+1	3,500E+3	3,502E+3
970,238	0,163	0,000	8,910E+0	2,400E+1	3,500E+3	3,492E+3
971,237	0,163	0,000	8,910E+0	2,400E+1	3,500E+3	3,509E+3
972,237	0,163	0,000	8,910E+0	2,400E+1	3,500E+3	3,498E+3
973,237	0,163	0,000	8,910E+0	2,400E+1	3,500E+3	3,495E+3
974,237	0,163	0,000	8,910E+0	2,400E+1	3,500E+3	3,506E+3
975,238	0,163	0,000	8,910E+0	2,400E+1	3,500E+3	3,492E+3
976,237	0,163	0,000	8,910E+0	2,400E+1	3,500E+3	3,506E+3
977,239	0,163	0,000	8,910E+0	2,400E+1	3,500E+3	3,485E+3
978,238	0,163	0,000	8,920E+0	2,400E+1	3,500E+3	3,502E+3
979,238	0,163	0,000	8,920E+0	2,400E+1	3,500E+3	3,487E+3
980,238	0,163	0,000	8,920E+0	2,400E+1	3,500E+3	3,505E+3
981,238	0,163	0,000	8,920E+0	2,400E+1	3,500E+3	3,503E+3
982,239	0,163	0,000	8,920E+0	2,400E+1	3,500E+3	3,497E+3
983,238	0,163	0,000	8,940E+0	2,400E+1	3,500E+3	3,494E+3
984,239	0,163	0,000	8,940E+0	2,400E+1	3,500E+3	3,499E+3
985,238	0,163	0,000	8,930E+0	2,400E+1	3,500E+3	3,505E+3
986,238	0,163	0,000	8,940E+0	2,400E+1	3,500E+3	3,499E+3
987,239	0,163	0,000	8,940E+0	2,400E+1	3,500E+3	3,513E+3
988,240	0,163	0,000	8,930E+0	2,400E+1	3,500E+3	3,506E+3
989,239	0,163	0,000	8,930E+0	2,400E+1	3,500E+3	3,499E+3
990,240	0,163	0,000	8,930E+0	2,400E+1	3,500E+3	3,498E+3
991,239	0,163	0,000	8,930E+0	2,400E+1	3,500E+3	3,501E+3
992,239	0,163	0,000	8,930E+0	2,400E+1	3,500E+3	3,507E+3
993,239	0,163	0,000	8,930E+0	2,400E+1	3,500E+3	3,500E+3
994,239	0,163	0,000	8,930E+0	2,400E+1	3,500E+3	3,494E+3
995,240	0,163	0,000	8,940E+0	2,400E+1	3,500E+3	3,497E+3
996,240	0,163	0,000	8,940E+0	2,400E+1	3,500E+3	3,510E+3
997,240	0,163	0,000	8,940E+0	2,400E+1	3,500E+3	3,512E+3
998,240	0,163	0,000	8,940E+0	2,400E+1	3,500E+3	3,494E+3
999,240	0,163	0,000	8,940E+0	2,400E+1	3,500E+3	3,496E+3
1000,240	0,163	0,000	8,940E+0	2,400E+1	3,500E+3	3,503E+3
1001,241	0,163	0,000	8,940E+0	2,400E+1	3,500E+3	3,489E+3
1002,242	0,163	0,000	8,940E+0	2,400E+1	3,500E+3	3,497E+3
1003,241	0,163	0,000	8,950E+0	2,400E+1	3,500E+3	3,463E+3
1004,242	0,163	0,000	8,950E+0	2,400E+1	3,500E+3	3,494E+3
1005,241	0,164	0,000	8,950E+0	2,400E+1	3,500E+3	3,498E+3
1006,242	0,163	0,000	8,950E+0	2,400E+1	3,500E+3	3,489E+3
1007,243	0,163	0,000	8,950E+0	2,400E+1	3,500E+3	3,508E+3
1008,244	0,163	0,000	8,950E+0	2,400E+1	3,500E+3	3,526E+3
1009,246	0,163	0,000	8,950E+0	2,400E+1	3,500E+3	3,497E+3
1010,246	0,163	0,000	8,950E+0	2,400E+1	3,500E+3	3,486E+3
1011,246	0,163	0,000	8,950E+0	2,400E+1	3,500E+3	3,499E+3
1012,246	0,163	0,000	8,960E+0	2,400E+1	3,500E+3	3,510E+3
1013,246	0,163	0,000	8,950E+0	2,400E+1	3,500E+3	3,502E+3
1014,247	0,163	0,000	8,950E+0	2,400E+1	3,500E+3	3,505E+3
1015,246	0,163	0,000	8,940E+0	2,400E+1	3,500E+3	3,508E+3
1016,247	0,163	0,000	8,950E+0	2,400E+1	3,500E+3	3,497E+3
1017,246	0,163	0,000	8,950E+0	2,400E+1	3,500E+3	3,502E+3
1018,246	0,163	0,000	8,960E+0	2,400E+1	3,500E+3	3,514E+3
1019,246	0,164	0,000	8,960E+0	2,400E+1	3,500E+3	3,498E+3
1020,246	0,164	0,000	8,960E+0	2,400E+1	3,500E+3	3,507E+3
1021,248	0,163	0,000	8,950E+0	2,400E+1	3,500E+3	3,506E+3
1022,247	0,164	0,000	8,960E+0	2,400E+1	3,500E+3	3,515E+3
1023,249	0,164	0,000	8,960E+0	2,400E+1	3,500E+3	3,506E+3
1024,248	0,164	0,000	8,960E+0	2,400E+1	3,500E+3	3,500E+3
1025,248	0,164	0,000	8,960E+0	2,400E+1	3,500E+3	3,502E+3
1026,248	0,164	0,000	8,960E+0	2,400E+1	3,500E+3	3,501E+3
1027,248	0,164	0,000	8,960E+0	2,400E+1	3,500E+3	3,496E+3
1028,249	0,164	0,000	8,960E+0	2,400E+1	3,500E+3	3,502E+3
1029,248	0,164	0,000	8,960E+0	2,400E+1	3,500E+3	3,494E+3
1030,249	0,164	0,000	8,960E+0	2,400E+1	3,500E+3	3,496E+3
1031,248	0,164	0,000	8,970E+0	2,400E+1	3,500E+3	3,498E+3
1032,248	0,164	0,000	8,970E+0	2,400E+1	3,500E+3	3,519E+3
1033,248	0,164	0,000	8,970E+0	2,400E+1	3,500E+3	3,506E+3
1034,248	0,164	0,000	8,970E+0	2,400E+1	3,500E+3	3,494E+3
1035,250	0,164	0,000	8,970E+0	2,400E+1	3,500E+3	3,498E+3
1036,249	0,164	0,000	8,980E+0	2,400E+1	3,500E+3	3,502E+3
1037,249	0,164	0,000	8,980E+0	2,400E+1	3,500E+3	3,503E+3
1038,250	0,164	0,000	8,980E+0	2,400E+1	3,500E+3	3,468E+3
1039,251	0,164	0,000	8,970E+0	2,400E+1	3,500E+3	3,506E+3
1040,251	0,164	0,000	8,970E+0	2,400E+1	3,500E+3	3,507E+3
1041,251	0,164	0,000	8,970E+0	2,400E+1	3,500E+3	3,506E+3
1042,252	0,164	0,000	8,980E+0	2,400E+1	3,500E+3	3,498E+3
1043,251	0,164	0,000	8,980E+0	2,400E+1	3,500E+3	3,495E+3
1044,251	0,164	0,000	8,980E+0	2,400E+1	3,500E+3	3,516E+3
1045,251	0,164	0,000	8,970E+0	2,400E+1	3,500E+3	3,509E+3
1046,252	0,164	0,000	8,970E+0	2,400E+1	3,500E+3	3,507E+3
1047,254	0,164	0,000	8,970E+0	2,400E+1	3,500E+3	3,496E+3
1048,253	0,164	0,000	8,970E+0	2,400E+1	3,500E+3	3,503E+3
1049,253	0,164	0,000	8,980E+0	2,400E+1	3,500E+3	3,489E+3
1050,253	0,164	0,000	8,980E+0	2,400E+1	3,500E+3	3,499E+3
1051,254	0,164	0,000	8,980E+0	2,400E+1	3,500E+3	3,502E+3
1052,253	0,164	0,000	8,980E+0	2,400E+1	3,500E+3	3,481E+3
1053,255	0,164	0,000	8,980E+0	2,400E+1	3,500E+3	3,497E+3
1054,254	0,164	0,000	8,980E+0	2,400E+1	3,500E+3	3,507E+3
1055,254	0,164	0,000	8,980E+0	2,400E+1	3,500E+3	3,491E+3
1056,254	0,164	0,000	8,980E+0	2,400E+1	3,500E+3	3,501E+3
1057,254	0,164	0,000	8,980E+0	2,400E+1	3,500E+3	3,490E+3
1058,255	0,164	0,000	8,990E+0	2,400E+1	3,500E+3	3,500E+3
1059,254	0,164	0,000	8,990E+0	2,400E+1	3,500E+3	3,490E+3
1060,255	0,164	0,000	8,990E+0	2,400E+1	3,500E+3	3,495E+3
1061,254	0,164	0,000	8,990E+0	2,400E+1	3,500E+3	3,503E+3
1062,254	0,164	0,000	8,990E+0	2,400E+1	3,500E+3	3,497E+3
1063,254	0,164	0,000	8,990E+0	2,400E+1	3,500E+3	3,494E+3
1064,254	0,164	0,000	8,990E+0	2,400E+1	3,500E+3	3,498E+3
1065,255	0,164	0,000	8,990E+0	2,400E+1	3,500E+3	3,500E+3
1066,254	0,164	0,000	8,990E+0	2,400E+1	3,500E+3	3,501E+3
1067,256	0,164	0,000	8,990E+0	2,400E+1	3,500E+3	3,507E+3
1068,255	0,164	0,000	8,990E+0	2,400E+1	3,500E+3	3,503E+3
1069,255	0,164	0,000	8,990E+0	2,400E+1	3,500E+3	3,492E+3
1070,255	0,164	0,000	8,990E+0	2,400E+1	3,500E+3	3,500E+3
1071,256	0,164	0,000	8,990E+0	2,400E+1	3,500E+3	3,477E+3
1072,258	0,164	0,000	8,990E+0	2,400E+1	3,500E+3	3,507E+3
1073,257	0,164	0,000	8,990E+0	2,400E+1	3,500E+3	3,510E+3
1074,258	0,164	0,000	8,990E+0	2,400E+1	3,500E+3	3,477E+3
1075,257	0,164	0,000	8,990E+0	2,400E+1	3,500E+3	3,490E+3
1076,258	0,164	0,000	8,990E+0	2,400E+1	3,500E+3	3,503E+3
1077,260	0,164	0,000	9,000E+0	2,400E+1	3,500E+3	3,508E+3
1078,260	0,164	0,000	9,000E+0	2,400E+1	3,500E+3	3,507E+3
1079,261	0,164	0,000	9,000E+0	2,400E+1	3,500E+3	3,497E+3
1080,260	0,164	0,000	9,000E+0	2,400E+1	3,500E+3	3,504E+3
1081,260	0,164	0,000	9,000E+0	2,400E+1	3,500E+3	3,511E+3
1082,261	0,164	0,000	9,000E+0	2,400E+1	3,500E+3	3,495E+3
1083,262	0,164	0,000	9,000E+0	2,400E+1	3,500E+3	3,489E+3
1084,263	0,164	0,000	9,000E+0	2,400E+1	3,500E+3	3,491E+3
1085,262	0,164	0,000	9,010E+0	2,400E+1	3,500E+3	3,493E+3
1086,263	0,164	0,000	9,010E+0	2,400E+1	3,500E+3	3,507E+3
1087,263	0,164	0,000	9,010E+0	2,400E+1	3,500E+3	3,498E+3
1088,264	0,164	0,000	9,010E+0	2,400E+1	3,500E+3	3,497E+3
1089,264	0,164	0,000	9,010E+0	2,400E+1	3,500E+3	3,498E+3
1090,264	0,164	0,000	9,010E+0	2,400E+1	3,500E+3	3,507E+3
1091,265	0,164	0,000	9,010E+0	2,400E+1	3,500E+3	3,494E+3
1092,264	0,164	0,000	9,010E+0	2,400E+1	3,500E+3	3,502E+3
1093,264	0,164	0,000	9,010E+0	2,400E+1	3,500E+3	3,501E+3
1094,265	0,164	0,000	9,020E+0	2,400E+1	3,500E+3	3,519E+3
1095,264	0,164	0,000	9,020E+0	2,400E+1	3,500E+3	3,513E+3
1096,264	0,164	0,000	9,020E+0	2,400E+1	3,500E+3	3,500E+3
1097,264	0,164	0,000	9,020E+0	2,400E+1	3,500E+3	3,500E+3
1098,265	0,164	0,000	9,010E+0	2,400E+1	3,500E+3	3,500E+3
1099,266	0,164	0,000	9,010E+0	2,400E+1	3,500E+3	3,496E+3
1100,266	0,164	0,000	9,010E+0	2,400E+1	3,500E+3	3,492E+3
1101,267	0,164	0,000	9,020E+0	2,400E+1	3,500E+3	3,500E+3
1102,266	0,164	0,000	9,020E+0	2,400E+1	3,500E+3	3,498E+3
1103,266	0,164	0,000	9,020E+0	2,400E+1	3,500E+3	3,477E+3
1104,266	0,164	0,000	9,020E+0	2,400E+1	3,500E+3	3,517E+3
1105,266	0,164	0,000	9,020E+0	2,400E+1	3,500E+3	3,502E+3
1106,267	0,164	0,000	9,020E+0	2,400E+1	3,500E+3	3,516E+3
1107,266	0,164	0,000	9,020E+0	2,400E+1	3,500E+3	3,497E+3
1108,266	0,164	0,000	9,020E+0	2,400E+1	3,500E+3	3,495E+3
1109,266	0,164	0,000	9,020E+0	2,400E+1	3,500E+3	3,521E+3
1110,266	0,164	0,000	9,020E+0	2,400E+1	3,500E+3	3,495E+3
1111,268	0,164	0,000	9,020E+0	2,400E+1	3,500E+3	3,503E+3
1112,267	0,164	0,000	9,020E+0	2,400E+1	3,500E+3	3,503E+3
1113,269	0,164	0,000	9,010E+0	2,400E+1	3,500E+3	3,494E+3
1114,268	0,164	0,000	9,010E+0	2,400E+1	3,500E+3	3,512E+3
1115,268	0,164	0,000	9,010E+0	2,400E+1	3,500E+3	3,499E+3
1116,268	0,164	0,000	9,010E+0	2,400E+1	3,500E+3	3,500E+3
1117,268	0,164	0,000	9,020E+0	2,400E+1	3,500E+3	3,499E+3
1118,269	0,164	0,000	9,020E+0	2,400E+1	3,500E+3	3,504E+3
1119,268	0,164	0,000	9,020E+0	2,400E+1	3,500E+3	3,447E+3
1120,269	0,164	0,000	9,030E+0	2,400E+1	3,500E+3	3,511E+3
1121,268	0,164	0,000	9,030E+0	2,400E+1	3,500E+3	3,498E+3
1122,268	0,164	0,000	9,020E+0	2,400E+1	3,500E+3	3,494E+3
1123,268	0,164	0,000	9,020E+0	2,400E+1	3,500E+3	3,503E+3
1124,269	0,164	0,000	9,020E+0	2,400E+1	3,500E+3	3,487E+3
1125,270	0,164	0,000	9,030E+0	2,400E+1	3,500E+3	3,489E+3
1126,269	0,164	0,000	9,020E+0	2,400E+1	3,500E+3	3,490E+3
1127,270	0,164	0,000	9,040E+0	2,400E+1	3,500E+3	3,500E+3
1128,269	0,164	0,000	9,040E+0	2,400E+1	3,500E+3	3,520E+3
1129,269	0,164	0,000	9,030E+0	2,400E+1	3,500E+3	3,512E+3
1130,269	0,164	0,000	9,030E+0	2,400E+1	3,500E+3	3,508E+3
1131,269	0,164	0,000	9,030E+0	2,400E+1	3,500E+3	3,491E+3
1132,270	0,164	0,000	9,030E+0	2,400E+1	3,500E+3	3,508E+3
1133,269	0,164	0,000	9,030E+0	2,400E+1	3,500E+3	3,515E+3
1134,270	0,164	0,000	9,030E+0	2,400E+1	3,500E+3	3,513E+3
1135,270	0,164	0,000	9,040E+0	2,400E+1	3,500E+3	3,484E+3
1136,270	0,164	0,000	9,040E+0	2,400E+1	3,500E+3	3,499E+3
1137,270	0,164	0,000	9,040E+0	2,400E+1	3,500E+3	3,489E+3
1138,270	0,164	0,000	9,040E+0	2,400E+1	3,500E+3	3,484E+3
1139,271	0,163	0,000	9,030E+0	2,400E+1	3,500E+3	3,501E+3
1140,270	0,164	0,000	9,030E+0	2,400E+1	3,500E+3	3,500E+3
1141,271	0,164	0,000	9,030E+0	2,400E+1	3,500E+3	3,517E+3
1142,270	0,164	0,000	9,040E+0	2,400E+1	3,500E+3	3,507E+3
1143,270	0,164	0,000	9,040E+0	2,400E+1	3,500E+3	3,488E+3
1144,271	0,164	0,000	9,040E+0	2,400E+1	3,500E+3	3,505E+3
1145,270	0,164	0,000	9,040E+0	2,400E+1	3,500E+3	3,482E+3
1146,271	0,164	0,000	9,030E+0	2,400E+1	3,500E+3	3,512E+3
1147,270	0,164	0,000	9,040E+0	2,400E+1	3,500E+3	3,504E+3
1148,271	0,164	0,000	9,040E+0	2,400E+1	3,500E+3	3,505E+3
1149,270	0,164	0,000	9,050E+0	2,400E+1	3,500E+3	3,491E+3
1150,272	0,164	0,000	9,050E+0	2,400E+1	3,500E+3	3,514E+3
1151,272	0,164	0,000	9,050E+0	2,400E+1	3,500E+3	3,518E+3
1152,272	0,164	0,000	9,050E+0	2,400E+1	3,500E+3	3,500E+3
1153,272	0,164	0,000	9,040E+0	2,400E+1	3,500E+3	3,484E+3
1154,273	0,163	0,000	9,040E+0	2,400E+1	3,500E+3	3,497E+3
1155,275	0,164	0,000	9,050E+0	2,400E+1	3,500E+3	3,499E+3
1156,274	0,164	0,000	9,050E+0	2,400E+1	3,500E+3	3,494E+3
1157,274	0,164	0,000	9,050E+0	2,400E+1	3,500E+3	3,503E+3
1158,274	0,164	0,000	9,050E+0	2,400E+1	3,500E+3	3,491E+3
1159,274	0,164	0,000	9,050E+0	2,400E+1	3,500E+3	3,491E+3
1160,274	0,164	0,000	9,050E+0	2,400E+1	3,500E+3	3,494E+3
1161,274	0,164	0,000	9,050E+0	2,400E+1	3,500E+3	3,493E+3
1162,275	0,164	0,000	9,060E+0	2,400E+1	3,500E+3	3,503E+3
1163,274	0,164	0,000	9,060E+0	2,400E+1	3,500E+3	3,501E+3
1164,274	0,164	0,000	9,050E+0	2,400E+1	3,500E+3	3,519E+3
1165,275	0,163	0,000	9,050E+0	2,400E+1	3,500E+3	3,496E+3
1166,275	0,163	0,000	9,050E+0	2,400E+1	3,500E+3	3,497E+3
1167,276	0,164	0,000	9,060E+0	2,400E+1	3,500E+3	3,503E+3
1168,275	0,164	0,000	9,060E+0	2,400E+1	3,500E+3	3,505E+3
1169,276	0,164	0,000	9,060E+0	2,400E+1	3,500E+3	3,488E+3
1170,276	0,164	0,000	9,060E+0	2,400E+1	3,500E+3	3,512E+3
1171,277	0,164	0,000	9,060E+0	2,400E+1	3,500E+3	3,494E+3
1172,277	0,164	0,000	9,060E+0	2,400E+1	3,500E+3	3,511E+3
1173,278	0,164	0,000	9,060E+0	2,400E+1	3,500E+3	3,489E+3
1174,279	0,164	0,000	9,060E+0	2,400E+1	3,500E+3	3,498E+3
1175,279	0,164	0,000	9,060E+0	2,400E+1	3,500E+3	3,500E+3
1176,280	0,164	0,000	9,060E+0	2,400E+1	3,500E+3	3,496E+3
1177,279	0,164	0,000	9,060E+0	2,400E+1	3,500E+3	3,500E+3
1178,279	0,164	0,000	9,060E+0	2,400E+1	3,500E+3	3,501E+3
1179,279	0,163	0,000	9,060E+0	2,400E+1	3,500E+3	3,510E+3
1180,279	0,164	0,000	9,060E+0	2,400E+1	3,500E+3	3,491E+3
1181,280	0,164	0,000	9,060E+0	2,400E+1	3,500E+3	3,514E+3
1182,281	0,164	0,000	9,070E+0	2,400E+1	3,500E+3	3,501E+3
1183,282	0,163	0,000	9,060E+0	2,400E+1	3,500E+3	3,491E+3
1184,282	0,163	0,000	9,060E+0	2,400E+1	3,500E+3	3,498E+3
1185,284	0,163	0,000	9,060E+0	2,400E+1	3,500E+3	3,504E+3
1186,283	0,163	0,000	9,060E+0	2,400E+1	3,500E+3	3,477E+3
1187,283	0,163	0,000	9,060E+0	2,400E+1	3,500E+3	3,516E+3
1188,283	0,164	0,000	9,070E+0	2,400E+1	3,500E+3	3,509E+3
1189,283	0,164	0,000	9,070E+0	2,400E+1	3,500E+3	3,508E+3
1190,285	0,164	0,000	9,070E+0	2,400E+1	3,500E+3	3,498E+3
1191,284	0,164	0,000	9,070E+0	2,400E+1	3,500E+3	3,498E+3
1192,285	0,164	0,000	9,070E+0	2,400E+1	3,500E+3	3,496E+3
1193,284	0,163	0,000	9,070E+0	2,400E+1	3,500E+3	3,511E+3
1194,285	0,163	0,000	9,070E+0	2,400E+1	3,500E+3	3,511E+3
1195,285	0,163	0,000	9,070E+0	2,400E+1	3,500E+3	3,486E+3
1196,285	0,163	0,000	9,070E+0	2,400E+1	3,500E+3	3,518E+3
1197,286	0,163	0,000	9,060E+0	2,400E+1	3,500E+3	3,495E+3
1198,285	0,164	0,000	9,070E+0	2,400E+1	3,500E+3	3,499E+3
1199,285	0,164	0,000	9,070E+0	2,400E+1	3,500E+3	3,512E+3
1200,286	0,164	0,000	9,080E+0	2,400E+1	3,500E+3	3,499E+3
1201,285	0,163	0,000	9,070E+0	2,400E+1	3,500E+3	3,506E+3
1202,286	0,163	0,000	9,070E+0	2,400E+1	3,500E+3	3,516E+3
1203,286	0,163	0,000	9,080E+0	2,400E+1	3,500E+3	3,492E+3
1204,286	0,164	0,000	9,080E+0	2,400E+1	3,500E+3	3,494E+3
1205,287	0,163	0,000	9,080E+0	2,400E+1	3,500E+3	3,498E+3
1206,288	0,163	0,000	9,080E+0	2,400E+1	3,500E+3	3,502E+3
1207,290	0,163	0,000	9,070E+0	2,400E+1	3,500E+3	3,504E+3
1208,290	0,163	0,000	9,070E+0	2,400E+1	3,500E+3	3,500E+3
1209,290	0,163	0,000	9,080E+0	2,400E+1	3,500E+3	3,490E+3
1210,291	0,164	0,000	9,080E+0	2,400E+1	3,500E+3	3,488E+3
1211,290	0,164	0,000	9,080E+0	2,400E+1	3,500E+3	3,506E+3
1212,291	0,164	0,000	9,080E+0	2,400E+1	3,500E+3	3,494E+3
1213,290	0,164	0,000	9,080E+0	2,400E+1	3,500E+3	3,503E+3
1214,291	0,164	0,000	9,080E+0	2,400E+1	3,500E+3	3,503E+3
1215,292	0,164	0,000	9,080E+0	2,400E+1	3,500E+3	3,506E+3
1216,292	0,164	0,000	9,080E+0	2,400E+1	3,500E+3	3,507E+3
1217,293	0,163	0,000	9,080E+0	2,400E+1	3,500E+3	3,509E+3
1218,293	0,163	0,000	9,080E+0	2,400E+1	3,500E+3	3,503E+3
1219,294	0,163	0,000	9,080E+0	2,400E+1	3,500E+3	3,511E+3
1220,293	0,163	0,000	9,080E+0	2,400E+1	3,500E+3	3,485E+3
1221,293	0,163	0,000	9,080E+0	2,400E+1	3,500E+3	3,504E+3
1222,293	0,163	0,000	9,080E+0	2,400E+1	3,500E+3	3,512E+3
1223,294	0,163	0,000	9,090E+0	2,400E+1	3,500E+3	3,504E+3
1224,295	0,163	0,000	9,080E+0	2,400E+1	3,500E+3	3,489E+3
1225,294	0,163	0,000	9,080E+0	2,400E+1	3,500E+3	3,515E+3
1226,294	0,163	0,000	9,090E+0	2,400E+1	3,500E+3	3,457E+3
1227,295	0,164	0,000	9,090E+0	2,400E+1	3,500E+3	3,497E+3
1228,296	0,163	0,000	9,090E+0	2,400E+1	3,500E+3	3,482E+3
1229,296	0,163	0,000	9,090E+0	2,400E+1	3,500E+3	3,496E+3
1230,297	0,164	0,000	9,100E+0	2,400E+1	3,500E+3	3,507E+3
1231,296	0,163	0,000	9,100E+0	2,400E+1	3,500E+3	3,505E+3
1232,297	0,163	0,000	9,100E+0	2,400E+1	3,500E+3	3,506E+3
1233,298	0,163	0,000	9,090E+0	2,400E+1	3,500E+3	3,506E+3
1234,299	0,163	0,000	9,090E+0	2,400E+1	3,500E+3	3,507E+3
1235,300	0,163	0,000	9,100E+0	2,400E+1	3,500E+3	3,500E+3
1236,299	0,163	0,000	9,090E+0	2,400E+1	3,500E+3	3,502E+3
1237,300	0,163	0,000	9,090E+0	2,400E+1	3,500E+3	3,504E+3
1238,299	0,163	0,000	9,090E+0	2,400E+1	3,500E+3	3,502E+3
1239,299	0,163	0,000	9,090E+0	2,400E+1	3,500E+3	3,499E+3
1240,299	0,163	0,000	9,090E+0	2,400E+1	3,500E+3	3,492E+3
1241,300	0,163	0,000	9,090E+0	2,400E+1	3,500E+3	3,495E+3
1242,301	0,163	0,000	9,090E+0	2,400E+1	3,500E+3	3,499E+3
1243,300	0,163	0,000	9,100E+0	2,400E+1	3,500E+3	3,502E+3
1244,301	0,163	0,000	9,100E+0	2,400E+1	3,500E+3	3,502E+3
1245,300	0,163	0,000	9,100E+0	2,400E+1	3,500E+3	3,504E+3
1246,300	0,163	0,000	9,100E+0	2,400E+1	3,500E+3	3,501E+3
1247,300	0,163	0,000	9,100E+0	2,400E+1	3,500E+3	3,503E+3
1248,300	0,163	0,000	9,100E+0	2,400E+1	3,500E+3	3,495E+3
1249,300	0,163	0,000	9,100E+0	2,400E+1	3,500E+3	3,494E+3
1250,301	0,163	0,000	9,110E+0	2,400E+1	3,500E+3	3,503E+3
1251,302	0,163	0,000	9,110E+0	2,400E+1	3,500E+3	3,511E+3
1252,301	0,163	0,000	9,100E+0	2,400E+1	3,500E+3	3,519E+3
1253,302	0,163	0,000	9,120E+0	2,400E+1	3,500E+3	3,504E+3
1254,302	0,163	0,000	9,120E+0	2,400E+1	3,500E+3	3,497E+3
1255,302	0,163	0,000	9,100E+0	2,400E+1	3,500E+3	3,512E+3
1256,302	0,163	0,000	9,110E+0	2,400E+1	3,500E+3	3,488E+3
1257,302	0,163	0,000	9,110E+0	2,400E+1	3,500E+3	3,503E+3
1258,304	0,163	0,000	9,110E+0	2,400E+1	3,500E+3	3,507E+3
1259,303	0,163	0,000	9,110E+0	2,400E+1	3,500E+3	3,495E+3
1260,304	0,163	0,000	9,110E+0	2,400E+1	3,500E+3	3,501E+3
1261,303	0,163	0,000	9,110E+0	2,400E+1	3,500E+3	3,498E+3
1262,303	0,163	0,000	9,110E+0	2,400E+1	3,500E+3	3,495E+3
1263,304	0,163	0,000	9,110E+0	2,400E+1	3,500E+3	3,505E+3
1264,304	0,163	0,000	9,110E+0	2,400E+1	3,500E+3	3,499E+3
1265,305	0,163	0,000	9,110E+0	2,400E+1	3,500E+3	3,503E+3
1266,304	0,163	0,000	9,110E+0	2,400E+1	3,500E+3	3,511E+3
1267,304	0,163	0,000	9,110E+0	2,400E+1	3,500E+3	3,494E+3
1268,304	0,163	0,000	9,110E+0	2,400E+1	3,500E+3	3,513E+3
1269,304	0,163	0,000	9,110E+0	2,400E+1	3,500E+3	3,496E+3
1270,304	0,163	0,000	9,110E+0	2,400E+1	3,500E+3	3,496E+3
1271,304	0,163	0,000	9,110E+0	2,400E+1	3,500E+3	3,496E+3
1272,306	0,163	0,000	9,110E+0	2,400E+1	3,500E+3	3,503E+3
1273,305	0,163	0,000	9,110E+0	2,400E+1	3,500E+3	3,502E+3
1274,307	0,163	0,000	9,110E+0	2,400E+1	3,500E+3	3,494E+3
1275,306	0,163	0,000	9,120E+0	2,400E+1	3,500E+3	3,485E+3
1276,307	0,163	0,000	9,120E+0	2,400E+1	3,500E+3	3,504E+3
1277,306	0,163	0,000	9,120E+0	2,400E+1	3,500E+3	3,501E+3
1278,306	0,163	0,000	9,120E+0	2,400E+1	3,500E+3	3,493E+3
1279,306	0,163	0,000	9,120E+0	2,400E+1	3,500E+3	3,494E+3
1280,306	0,163	0,000	9,120E+0	2,400E+1	3,500E+3	3,511E+3
1281,307	0,163	0,000	9,120E+0	2,400E+1	3,500E+3	3,515E+3
1282,306	0,163	0,000	9,120E+0	2,400E+1	3,500E+3	3,505E+3
1283,308	0,163	0,000	9,120E+0	2,400E+1	3,500E+3	3,508E+3
1284,307	0,163	0,000	9,120E+0	2,400E+1	3,500E+3	3,503E+3
1285,308	0,163	0,000	9,120E+0	2,400E+1	3,500E+3	3,502E+3
1286,308	0,163	0,000	9,120E+0	2,400E+1	3,500E+3	3,520E+3
1287,308	0,163	0,000	9,120E+0	2,400E+1	3,500E+3	3,492E+3
1288,309	0,163	0,000	9,120E+0	2,400E+1	3,500E+3	3,491E+3
1289,308	0,163	0,000	9,120E+0	2,400E+1	3,500E+3	3,503E+3
1290,309	0,163	0,000	9,130E+0	2,400E+1	3,500E+3	3,503E+3
1291,308	0,163	0,000	9,130E+0	2,400E+1	3,500E+3	3,487E+3
1292,308	0,163	0,000	9,120E+0	2,400E+1	3,500E+3	3,500E+3
1293,308	0,163	0,000	9,130E+0	2,400E+1	3,500E+3	3,482E+3
1294,308	0,163	0,000	9,130E+0	2,400E+1	3,500E+3	3,514E+3
1295,309	0,163	0,000	9,130E+0	2,400E+1	3,500E+3	3,497E+3
1296,308	0,163	0,000	9,130E+0	2,400E+1	3,500E+3	3,498E+3
1297,308	0,163	0,000	9,130E+0	2,400E+1	3,500E+3	3,510E+3
1298,308	0,163	0,000	9,130E+0	2,400E+1	3,500E+3	3,495E+3
1299,308	0,163	0,000	9,130E+0	2,400E+1	3,500E+3	3,489E+3
1300,310	0,163	0,000	9,130E+0	2,400E+1	3,500E+3	3,502E+3
1301,311	0,163	0,000	9,130E+0	2,400E+1	3,500E+3	3,526E+3
1302,313	0,163	0,000	9,140E+0	2,400E+1	3,500E+3	3,497E+3
1303,312	0,163	0,000	9,140E+0	2,400E+1	3,500E+3	3,512E+3
1304,313	0,163	0,000	9,130E+0	2,400E+1	3,500E+3	3,491E+3
1305,313	0,163	0,000	9,140E+0	2,400E+1	3,500E+3	3,500E+3
1306,313	0,163	0,000	9,140E+0	2,400E+1	3,500E+3	3,494E+3
1307,315	0,163	0,000	9,140E+0	2,400E+1	3,500E+3	3,502E+3
1308,315	0,163	0,000	9,130E+0	2,400E+1	3,500E+3	3,488E+3
1309,316	0,163	0,000	9,130E+0	2,400E+1	3,500E+3	3,509E+3
1310,315	0,163	0,000	9,130E+0	2,400E+1	3,500E+3	3,520E+3
1311,316	0,163	0,000	9,140E+0	2,400E+1	3,500E+3	3,494E+3
1312,315	0,163	0,000	9,140E+0	2,400E+1	3,500E+3	3,503E+3
1313,316	0,163	0,000	9,130E+0	2,400E+1	3,500E+3	3,498E+3
1314,315	0,164	0,000	9,140E+0	2,400E+1	3,500E+3	3,506E+3
1315,315	0,163	0,000	9,140E+0	2,400E+1	3,500E+3	3,510E+3
1316,315	0,163	0,000	9,130E+0	2,400E+1	3,500E+3	3,490E+3
1317,315	0,163	0,000	9,150E+0	2,400E+1	3,500E+3	3,497E+3
1318,316	0,163	0,000	9,150E+0	2,400E+1	3,500E+3	3,495E+3
1319,315	0,163	0,000	9,140E+0	2,400E+1	3,500E+3	3,502E+3
1320,317	0,163	0,000	9,140E+0	2,400E+1	3,500E+3	3,503E+3
1321,318	0,163	0,000	9,140E+0	2,400E+1	3,500E+3	3,507E+3
1322,317	0,163	0,000	9,150E+0	2,400E+1	3,500E+3	3,492E+3
1323,317	0,163	0,000	9,140E+0	2,400E+1	3,500E+3	3,500E+3
1324,318	0,163	0,000	9,140E+0	2,400E+1	3,500E+3	3,477E+3
1325,318	0,163	0,000	9,150E+0	2,400E+1	3,500E+3	3,497E+3
1326,320	0,163	0,000	9,150E+0	2,400E+1	3,500E+3	3,504E+3
1327,319	0,163	0,000	9,150E+0	2,400E+1	3,500E+3	3,504E+3
1328,320	0,163	0,000	9,140E+0	2,400E+1	3,500E+3	3,493E+3
1329,319	0,163	0,000	9,140E+0	2,400E+1	3,500E+3	3,495E+3
1330,319	0,163	0,000	9,150E+0	2,400E+1	3,500E+3	3,491E+3
1331,319	0,163	0,000	9,150E+0	2,400E+1	3,500E+3	3,503E+3
1332,320	0,163	0,000	9,150E+0	2,400E+1	3,500E+3	3,498E+3
1333,321	0,163	0,000	9,150E+0	2,400E+1	3,500E+3	3,496E+3
1334,320	0,163	0,000	9,140E+0	2,400E+1	3,500E+3	3,503E+3
1335,321	0,163	0,000	9,140E+0	2,400E+1	3,500E+3	3,473E+3
1336,320	0,163	0,000	9,150E+0	2,400E+1	3,500E+3	3,519E+3
1337,320	0,163	0,000	9,150E+0	2,400E+1	3,500E+3	3,500E+3
1338,321	0,163	0,000	9,150E+0	2,400E+1	3,500E+3	3,512E+3
1339,321	0,163	0,000	9,160E+0	2,400E+1	3,500E+3	3,499E+3
1340,322	0,163	0,000	9,160E+0	2,400E+1	3,500E+3	3,494E+3
1341,321	0,163	0,000	9,140E+0	2,400E+1	3,500E+3	3,486E+3
1342,323	0,163	0,000	9,160E+0	2,400E+1	3,500E+3	3,497E+3
1343,323	0,163	0,000	9,160E+0	2,400E+1	3,500E+3	3,494E+3
1344,323	0,163	0,000	9,160E+0	2,400E+1	3,500E+3	3,501E+3
1345,324	0,163	0,000	9,160E+0	2,400E+1	3,500E+3	3,495E+3
1346,325	0,163	0,000	9,160E+0	2,400E+1	3,500E+3	3,499E+3
1347,326	0,163	0,000	9,160E+0	2,400E+1	3,500E+3	3,483E+3
1348,325	0,163	0,000	9,160E+0	2,400E+1	3,500E+3	3,507E+3
1349,326	0,163	0,000	9,160E+0	2,400E+1	3,500E+3	3,499E+3
1350,328	0,163	0,000	9,160E+0	2,400E+1	3,500E+3	3,496E+3
1351,327	0,163	0,000	9,160E+0	2,400E+1	3,500E+3	3,509E+3
1352,327	0,163	0,000	9,160E+0	2,400E+1	3,500E+3	3,503E+3
1353,327	0,163	0,000	9,160E+0	2,400E+1	3,500E+3	3,497E+3
1354,327	0,163	0,000	9,160E+0	2,400E+1	3,500E+3	3,495E+3
1355,327	0,163	0,000	9,160E+0	2,400E+1	3,500E+3	3,492E+3
1356,327	0,163	0,000	9,160E+0	2,400E+1	3,500E+3	3,494E+3
1357,328	0,163	0,000	9,160E+0	2,400E+1	3,500E+3	3,498E+3
1358,328	0,163	0,000	9,160E+0	2,400E+1	3,500E+3	3,493E+3
1359,327	0,163	0,000	9,170E+0	2,400E+1	3,500E+3	3,489E+3
1360,327	0,163	0,000	9,170E+0	2,400E+1	3,500E+3	3,498E+3
1361,327	0,163	0,000	9,170E+0	2,400E+1	3,500E+3	3,511E+3
1362,327	0,163	0,000	9,160E+0	2,400E+1	3,500E+3	3,489E+3
1363,328	0,163	0,000	9,160E+0	2,400E+1	3,500E+3	3,498E+3
1364,327	0,163	0,000	9,160E+0	2,400E+1	3,500E+3	3,481E+3
1365,327	0,163	0,000	9,170E+0	2,400E+1	3,500E+3	3,499E+3
1366,327	0,163	0,000	9,170E+0	2,400E+1	3,500E+3	3,494E+3
1367,327	0,163	0,000	9,170E+0	2,400E+1	3,500E+3	3,504E+3
1368,328	0,163	0,000	9,160E+0	2,400E+1	3,500E+3	3,486E+3
1369,328	0,163	0,000	9,160E+0	2,400E+1	3,500E+3	3,519E+3
1370,328	0,163	0,000	9,170E+0	2,400E+1	3,500E+3	3,503E+3
1371,328	0,163	0,000	9,160E+0	2,400E+1	3,500E+3	3,506E+3
1372,328	0,163	0,000	9,160E+0	2,400E+1	3,500E+3	3,500E+3
1373,329	0,163	0,000	9,160E+0	2,400E+1	3,500E+3	3,516E+3
1374,328	0,163	0,000	9,170E+0	2,400E+1	3,500E+3	3,507E+3
1375,329	0,163	0,000	9,170E+0	2,400E+1	3,500E+3	3,499E+3
1376,329	0,163	0,000	9,170E+0	2,400E+1	3,500E+3	3,481E+3
1377,329	0,163	0,000	9,170E+0	2,400E+1	3,500E+3	3,501E+3
1378,330	0,163	0,000	9,170E+0	2,400E+1	3,500E+3	3,496E+3
1379,330	0,163	0,000	9,170E+0	2,400E+1	3,500E+3	3,499E+3
1380,331	0,163	0,000	9,180E+0	2,400E+1	3,500E+3	3,505E+3
1381,330	0,163	0,000	9,180E+0	2,400E+1	3,500E+3	3,498E+3
1382,330	0,163	0,000	9,180E+0	2,400E+1	3,500E+3	3,503E+3
1383,330	0,163	0,000	9,170E+0	2,400E+1	3,500E+3	3,513E+3
1384,330	0,163	0,000	9,170E+0	2,400E+1	3,500E+3	3,512E+3
1385,332	0,163	0,000	9,180E+0	2,400E+1	3,500E+3	3,502E+3
1386,332	0,163	0,000	9,170E+0	2,400E+1	3,500E+3	3,498E+3
1387,333	0,163	0,000	9,170E+0	2,400E+1	3,500E+3	3,513E+3
1388,332	0,163	0,000	9,180E+0	2,400E+1	3,500E+3	3,484E+3
1389,332	0,163	0,000	9,180E+0	2,400E+1	3,500E+3	3,496E+3
1390,333	0,163	0,000	9,180E+0	2,400E+1	3,500E+3	3,498E+3
1391,333	0,163	0,000	9,180E+0	2,400E+1	3,500E+3	3,490E+3
1392,334	0,163	0,000	9,180E+0	2,400E+1	3,500E+3	3,506E+3
1393,334	0,163	0,000	9,180E+0	2,400E+1	3,500E+3	3,497E+3
1394,335	0,163	0,000	9,180E+0	2,400E+1	3,500E+3	3,492E+3
1395,334	0,163	0,000	9,180E+0	2,400E+1	3,500E+3	3,486E+3
1396,335	0,163	0,000	9,180E+0	2,400E+1	3,500E+3	3,494E+3
1397,335	0,163	0,000	9,180E+0	2,400E+1	3,500E+3	3,513E+3
1398,335	0,163	0,000	9,180E+0	2,400E+1	3,500E+3	3,514E+3
1399,336	0,163	0,000	9,180E+0	2,400E+1	3,500E+3	3,495E+3
1400,335	0,163	0,000	9,180E+0	2,400E+1	3,500E+3	3,519E+3
1401,336	0,163	0,000	9,180E+0	2,400E+1	3,500E+3	3,495E+3
1402,335	0,163	0,000	9,190E+0	2,400E+1	3,500E+3	3,497E+3
1403,335	0,163	0,000	9,190E+0	2,400E+1	3,500E+3	3,505E+3
1404,335	0,163	0,000	9,190E+0	2,400E+1	3,500E+3	3,503E+3
1405,335	0,163	0,000	9,190E+0	2,400E+1	3,500E+3	3,528E+3
1406,336	0,163	0,000	9,190E+0	2,400E+1	3,500E+3	3,501E+3
1407,335	0,163	0,000	9,180E+0	2,400E+1	3,500E+3	3,493E+3
1408,336	0,163	0,000	9,180E+0	2,400E+1	3,500E+3	3,503E+3
1409,335	0,163	0,000	9,180E+0	2,400E+1	3,500E+3	3,512E+3
1410,335	0,163	0,000	9,180E+0	2,400E+1	3,500E+3	3,506E+3
1411,336	0,163	0,000	9,200E+0	2,400E+1	3,500E+3	3,491E+3
1412,336	0,163	0,000	9,190E+0	2,400E+1	3,500E+3	3,512E+3
1413,336	0,163	0,000	9,190E+0	2,400E+1	3,500E+3	3,518E+3
1414,337	0,163	0,000	9,180E+0	2,400E+1	3,500E+3	3,498E+3
1415,336	0,163	0,000	9,200E+0	2,400E+1	3,500E+3	3,495E+3
1416,338	0,163	0,000	9,200E+0	2,400E+1	3,500E+3	3,487E+3
1417,338	0,163	0,000	9,190E+0	2,400E+1	3,500E+3	3,504E+3
1418,338	0,163	0,000	9,190E+0	2,400E+1	3,500E+3	3,497E+3
1419,339	0,163	0,000	9,190E+0	2,400E+1	3,500E+3	3,485E+3
1420,339	0,163	0,000	9,190E+0	2,400E+1	3,500E+3	3,506E+3
1421,340	0,163	0,000	9,190E+0	2,400E+1	3,500E+3	3,507E+3
1422,339	0,163	0,000	9,190E+0	2,400E+1	3,500E+3	3,512E+3
1423,339	0,163	0,000	9,200E+0	2,400E+1	3,500E+3	3,489E+3
1424,339	0,163	0,000	9,200E+0	2,400E+1	3,500E+3	3,496E+3
1425,339	0,163	0,000	9,200E+0	2,400E+1	3,500E+3	3,495E+3
1426,340	0,163	0,000	9,190E+0	2,400E+1	3,500E+3	3,496E+3
1427,339	0,163	0,000	9,190E+0	2,400E+1	3,500E+3	3,500E+3
1428,340	0,163	0,000	9,190E+0	2,400E+1	3,500E+3	3,506E+3
1429,340	0,163	0,000	9,190E+0	2,400E+1	3,500E+3	3,507E+3
1430,340	0,163	0,000	9,200E+0	2,400E+1	3,500E+3	3,494E+3
1431,340	0,163	0,000	9,200E+0	2,400E+1	3,500E+3	3,502E+3
1432,340	0,163	0,000	9,190E+0	2,400E+1	3,500E+3	3,504E+3
1433,341	0,163	0,000	9,190E+0	2,400E+1	3,500E+3	3,504E+3
1434,340	0,163	0,000	9,190E+0	2,400E+1	3,500E+3	3,497E+3
1435,341	0,163	0,000	9,200E+0	2,400E+1	3,500E+3	3,507E+3
1436,340	0,163	0,000	9,200E+0	2,400E+1	3,500E+3	3,507E+3
1437,340	0,163	0,000	9,200E+0	2,400E+1	3,500E+3	3,502E+3
1438,340	0,163	0,000	9,210E+0	2,400E+1	3,500E+3	3,507E+3
1439,340	0,163	0,000	9,200E+0	2,400E+1	3,500E+3	3,497E+3
1440,341	0,163	0,000	9,200E+0	2,400E+1	3,500E+3	3,495E+3
1441,340	0,163	0,000	9,200E+0	2,400E+1	3,500E+3	3,515E+3
1442,340	0,163	0,000	9,200E+0	2,400E+1	3,500E+3	3,507E+3
1443,341	0,163	0,000	9,200E+0	2,400E+1	3,500E+3	3,499E+3
1444,341	0,163	0,000	9,210E+0	2,400E+1	3,500E+3	3,495E+3
1445,341	0,163	0,000	9,210E+0	2,400E+1	3,500E+3	3,489E+3
1446,341	0,163	0,000	9,210E+0	2,400E+1	3,500E+3	3,504E+3
1447,342	0,163	0,000	9,210E+0	2,400E+1	3,500E+3	3,487E+3
1448,341	0,163	0,000	9,210E+0	2,400E+1	3,500E+3	3,496E+3
1449,341	0,163	0,000	9,210E+0	2,400E+1	3,500E+3	3,495E+3
1450,342	0,163	0,000	9,210E+0	2,400E+1	3,500E+3	3,494E+3
1451,341	0,163	0,000	9,210E+0	2,400E+1	3,500E+3	3,497E+3
1452,341	0,163	0,000	9,210E+0	2,400E+1	3,500E+3	3,504E+3
1453,341	0,163	0,000	9,210E+0	2,400E+1	3,500E+3	3,501E+3
1454,341	0,163	0,000	9,210E+0	2,400E+1	3,500E+3	3,494E+3
1455,341	0,163	0,000	9,210E+0	2,400E+1	3,500E+3	3,511E+3
1456,341	0,163	0,000	9,210E+0	2,400E+1	3,500E+3	3,509E+3
1457,341	0,163	0,000	9,210E+0	2,400E+1	3,500E+3	3,493E+3
1458,342	0,163	0,000	9,210E+0	2,400E+1	3,500E+3	3,507E+3
1459,342	0,163	0,000	9,210E+0	2,400E+1	3,500E+3	3,494E+3
1460,343	0,163	0,000	9,210E+0	2,400E+1	3,500E+3	3,498E+3
1461,342	0,163	0,000	9,210E+0	2,400E+1	3,500E+3	3,508E+3
1462,342	0,163	0,000	9,210E+0	2,400E+1	3,500E+3	3,494E+3
1463,344	0,163	0,000	9,220E+0	2,400E+1	3,500E+3	3,499E+3
1464,344	0,163	0,000	9,220E+0	2,400E+1	3,500E+3	3,507E+3
1465,345	0,163	0,000	9,220E+0	2,400E+1	3,500E+3	3,512E+3
1466,344	0,163	0,000	9,210E+0	2,400E+1	3,500E+3	3,499E+3
1467,344	0,163	0,000	9,210E+0	2,400E+1	3,500E+3	3,503E+3
1468,344	0,163	0,000	9,210E+0	2,400E+1	3,500E+3	3,496E+3
1469,344	0,163	0,000	9,220E+0	2,400E+1	3,500E+3	3,497E+3
1470,346	0,163	0,000	9,210E+0	2,400E+1	3,500E+3	3,485E+3
1471,345	0,163	0,000	9,210E+0	2,400E+1	3,500E+3	3,515E+3
1472,346	0,163	0,000	9,210E+0	2,400E+1	3,500E+3	3,492E+3
1473,345	0,163	0,000	9,210E+0	2,400E+1	3,500E+3	3,494E+3
1474,345	0,163	0,000	9,210E+0	2,400E+1	3,500E+3	3,527E+3
1475,345	0,163	0,000	9,220E+0	2,400E+1	3,500E+3	3,504E+3
1476,345	0,163	0,000	9,220E+0	2,400E+1	3,500E+3	3,506E+3
1477,346	0,163	0,000	9,230E+0	2,400E+1	3,500E+3	3,512E+3
1478,345	0,163	0,000	9,230E+0	2,400E+1	3,500E+3	3,502E+3
1479,346	0,163	0,000	9,220E+0	2,400E+1	3,500E+3	3,487E+3
1480,346	0,163	0,000	9,220E+0	2,400E+1	3,500E+3	3,496E+3
1481,346	0,163	0,000	9,220E+0	2,400E+1	3,500E+3	3,506E+3
1482,347	0,163	0,000	9,220E+0	2,400E+1	3,500E+3	3,497E+3
1483,346	0,163	0,000	9,220E+0	2,400E+1	3,500E+3	3,512E+3
1484,348	0,163	0,000	9,220E+0	2,400E+1	3,500E+3	3,499E+3
1485,347	0,163	0,000	9,220E+0	2,400E+1	3,500E+3	3,508E+3
1486,347	0,163	0,000	9,230E+0	2,400E+1	3,500E+3	3,507E+3
1487,347	0,163	0,000	9,220E+0	2,400E+1	3,500E+3	3,488E+3
1488,347	0,163	0,000	9,220E+0	2,400E+1	3,500E+3	3,510E+3
1489,349	0,163	0,000	9,220E+0	2,400E+1	3,500E+3	3,504E+3
1490,349	0,163	0,000	9,220E+0	2,400E+1	3,500E+3	3,473E+3
1491,350	0,163	0,000	9,220E+0	2,400E+1	3,500E+3	3,503E+3
1492,349	0,163	0,000	9,220E+0	2,400E+1	3,500E+3	3,501E+3
1493,350	0,163	0,000	9,220E+0	2,400E+1	3,500E+3	3,491E+3
1494,350	0,163	0,000	9,220E+0	2,400E+1	3,500E+3	3,507E+3
1495,350	0,163	0,000	9,230E+0	2,400E+1	3,500E+3	3,503E+3
1496,351	0,163	0,000	9,230E+0	2,400E+1	3,500E+3	3,495E+3
1497,350	0,163	0,000	9,230E+0	2,400E+1	3,500E+3	3,506E+3
1498,351	0,163	0,000	9,220E+0	2,400E+1	3,500E+3	3,499E+3
1499,350	0,163	0,000	9,220E+0	2,400E+1	3,500E+3	3,502E+3
1500,350	0,163	0,000	9,230E+0	2,400E+1	3,500E+3	3,502E+3
1501,350	0,163	0,000	9,230E+0	2,400E+1	3,500E+3	3,494E+3
1502,350	0,163	0,000	9,230E+0	2,400E+1	3,500E+3	3,498E+3
1503,350	0,163	0,000	9,230E+0	2,400E+1	3,500E+3	3,502E+3
1504,351	0,163	0,000	9,230E+0	2,400E+1	3,500E+3	3,493E+3
1505,352	0,163	0,000	9,240E+0	2,400E+1	3,500E+3	3,496E+3
1506,351	0,163	0,000	9,240E+0	2,400E+1	3,500E+3	3,484E+3
1507,351	0,163	0,000	9,230E+0	2,400E+1	3,500E+3	3,511E+3
1508,352	0,163	0,000	9,240E+0	2,400E+1	3,500E+3	3,499E+3
1509,352	0,163	0,000	9,240E+0	2,400E+1	3,500E+3	3,486E+3
1510,353	0,163	0,000	9,230E+0	2,400E+1	3,500E+3	3,502E+3
1511,354	0,163	0,000	9,230E+0	2,400E+1	3,500E+3	3,502E+3
1512,355	0,163	0,000	9,230E+0	2,400E+1	3,500E+3	3,505E+3
1513,355	0,163	0,000	9,240E+0	2,400E+1	3,500E+3	3,501E+3
1514,355	0,163	0,000	9,240E+0	2,400E+1	3,500E+3	3,493E+3
1515,356	0,163	0,000	9,240E+0	2,400E+1	3,500E+3	3,485E+3
1516,356	0,163	0,000	9,240E+0	2,400E+1	3,500E+3	3,505E+3
1517,357	0,163	0,000	9,230E+0	2,400E+1	3,500E+3	3,503E+3
1518,356	0,163	0,000	9,230E+0	2,400E+1	3,500E+3	3,498E+3
1519,357	0,163	0,000	9,240E+0	2,400E+1	3,500E+3	3,496E+3
1520,356	0,163	0,000	9,240E+0	2,400E+1	3,500E+3	3,511E+3
1521,356	0,163	0,000	9,240E+0	2,400E+1	3,500E+3	3,500E+3
1522,356	0,163	0,000	9,240E+0	2,400E+1	3,500E+3	3,483E+3
1523,357	0,163	0,000	9,240E+0	2,400E+1	3,500E+3	3,506E+3
1524,358	0,163	0,000	9,240E+0	2,400E+1	3,500E+3	3,494E+3
1525,357	0,163	0,000	9,240E+0	2,400E+1	3,500E+3	3,496E+3
1526,358	0,163	0,000	9,240E+0	2,400E+1	3,500E+3	3,486E+3
1527,359	0,163	0,000	9,240E+0	2,400E+1	3,500E+3	3,503E+3
1528,358	0,163	0,000	9,240E+0	2,400E+1	3,500E+3	3,491E+3
1529,359	0,163	0,000	9,240E+0	2,400E+1	3,500E+3	3,489E+3
1530,358	0,163	0,000	9,240E+0	2,400E+1	3,500E+3	3,501E+3
1531,358	0,163	0,000	9,250E+0	2,400E+1	3,500E+3	3,495E+3
1532,358	0,163	0,000	9,240E+0	2,400E+1	3,500E+3	3,509E+3
1533,359	0,163	0,000	9,240E+0	2,400E+1	3,500E+3	3,486E+3
1534,361	0,163	0,000	9,250E+0	2,400E+1	3,500E+3	3,507E+3
1535,361	0,163	0,000	9,240E+0	2,400E+1	3,500E+3	3,511E+3
1536,362	0,163	0,000	9,240E+0	2,400E+1	3,500E+3	3,515E+3
1537,361	0,163	0,000	9,240E+0	2,400E+1	3,500E+3	3,496E+3
1538,362	0,163	0,000	9,250E+0	2,400E+1	3,500E+3	3,495E+3
1539,361	0,163	0,000	9,250E+0	2,400E+1	3,500E+3	3,454E+3
1540,361	0,163	0,000	9,250E+0	2,400E+1	3,500E+3	3,494E+3
1541,363	0,163	0,000	9,250E+0	2,400E+1	3,500E+3	3,506E+3
1542,363	0,163	0,000	9,250E+0	2,400E+1	3,500E+3	3,498E+3
1543,364	0,163	0,000	9,250E+0	2,400E+1	3,500E+3	3,499E+3
1544,363	0,163	0,000	9,250E+0	2,400E+1	3,500E+3	3,509E+3
1545,363	0,163	0,000	9,250E+0	2,400E+1	3,500E+3	3,502E+3
1546,363	0,163	0,000	9,250E+0	2,400E+1	3,500E+3	3,504E+3
1547,363	0,163	0,000	9,250E+0	2,400E+1	3,500E+3	3,493E+3
1548,364	0,163	0,000	9,250E+0	2,400E+1	3,500E+3	3,508E+3
1549,363	0,163	0,000	9,260E+0	2,400E+1	3,500E+3	3,488E+3
1550,364	0,163	0,000	9,260E+0	2,400E+1	3,500E+3	3,499E+3
1551,363	0,163	0,000	9,250E+0	2,400E+1	3,500E+3	3,510E+3
1552,364	0,163	0,000	9,250E+0	2,400E+1	3,500E+3	3,498E+3
1553,363	0,163	0,000	9,250E+0	2,400E+1	3,500E+3	3,497E+3
1554,365	0,163	0,000	9,260E+0	2,400E+1	3,500E+3	3,508E+3
1555,365	0,163	0,000	9,260E+0	2,400E+1	3,500E+3	3,491E+3
1556,366	0,163	0,000	9,260E+0	2,400E+1	3,500E+3	3,494E+3
1557,365	0,163	0,000	9,250E+0	2,400E+1	3,500E+3	3,499E+3
1558,366	0,163	0,000	9,250E+0	2,400E+1	3,500E+3	3,502E+3
1559,366	0,163	0,000	9,250E+0	2,400E+1	3,500E+3	3,503E+3
1560,367	0,163	0,000	9,250E+0	2,400E+1	3,500E+3	3,507E+3
1561,367	0,163	0,000	9,250E+0	2,400E+1	3,500E+3	3,503E+3
1562,368	0,163	0,000	9,260E+0	2,400E+1	3,500E+3	3,490E+3
1563,368	0,163	0,000	9,260E+0	2,400E+1	3,500E+3	3,487E+3
1564,369	0,163	0,000	9,250E+0	2,400E+1	3,500E+3	3,509E+3
1565,368	0,163	0,000	9,250E+0	2,400E+1	3,500E+3	3,491E+3
1566,368	0,163	0,000	9,250E+0	2,400E+1	3,500E+3	3,509E+3
1567,368	0,163	0,000	9,260E+0	2,400E+1	3,500E+3	3,494E+3
1568,368	0,163	0,000	9,260E+0	2,400E+1	3,500E+3	3,504E+3
1569,369	0,163	0,000	9,260E+0	2,400E+1	3,500E+3	3,498E+3
1570,370	0,163	0,000	9,260E+0	2,400E+1	3,500E+3	3,503E+3
1571,369	0,163	0,000	9,260E+0	2,400E+1	3,500E+3	3,493E+3
1572,369	0,163	0,000	9,260E+0	2,400E+1	3,500E+3	3,494E+3
1573,370	0,163	0,000	9,260E+0	2,400E+1	3,500E+3	3,501E+3
1574,370	0,163	0,000	9,260E+0	2,400E+1	3,500E+3	3,496E+3
1575,372	0,163	0,000	9,260E+0	2,400E+1	3,500E+3	3,512E+3
1576,371	0,163	0,000	9,260E+0	2,400E+1	3,500E+3	3,511E+3
1577,373	0,163	0,000	9,260E+0	2,400E+1	3,500E+3	3,505E+3
1578,372	0,163	0,000	9,250E+0	2,400E+1	3,500E+3	3,466E+3
1579,372	0,163	0,000	9,270E+0	2,400E+1	3,500E+3	3,491E+3
1580,372	0,163	0,000	9,270E+0	2,400E+1	3,500E+3	3,497E+3
1581,372	0,163	0,000	9,260E+0	2,400E+1	3,500E+3	3,497E+3
1582,373	0,163	0,000	9,260E+0	2,400E+1	3,500E+3	3,501E+3
1583,372	0,163	0,000	9,260E+0	2,400E+1	3,500E+3	3,489E+3
1584,372	0,163	0,000	9,260E+0	2,400E+1	3,500E+3	3,485E+3
1585,373	0,163	0,000	9,260E+0	2,400E+1	3,500E+3	3,504E+3
1586,373	0,163	0,000	9,260E+0	2,400E+1	3,500E+3	3,487E+3
1587,373	0,163	0,000	9,260E+0	2,400E+1	3,500E+3	3,502E+3
1588,373	0,163	0,000	9,260E+0	2,400E+1	3,500E+3	3,495E+3
1589,374	0,163	0,000	9,260E+0	2,400E+1	3,500E+3	3,498E+3
1590,374	0,163	0,000	9,270E+0	2,400E+1	3,500E+3	3,496E+3
1591,375	0,163	0,000	9,260E+0	2,400E+1	3,500E+3	3,503E+3
1592,375	0,163	0,000	9,260E+0	2,400E+1	3,500E+3	3,502E+3
1593,376	0,163	0,000	9,260E+0	2,400E+1	3,500E+3	3,503E+3
1594,378	0,163	0,000	9,270E+0	2,400E+1	3,500E+3	3,497E+3
1595,378	0,163	0,000	9,270E+0	2,400E+1	3,500E+3	3,517E+3
1596,378	0,163	0,000	9,270E+0	2,400E+1	3,500E+3	3,503E+3
1597,379	0,163	0,000	9,270E+0	2,400E+1	3,500E+3	3,500E+3
1598,379	0,163	0,000	9,270E+0	2,400E+1	3,500E+3	3,507E+3
1599,380	0,163	0,000	9,260E+0	2,400E+1	3,500E+3	3,499E+3
1600,381	0,163	0,000	9,270E+0	2,400E+1	3,500E+3	3,511E+3
1601,380	0,163	0,000	9,270E+0	2,400E+1	3,500E+3	3,498E+3
1602,382	0,163	0,000	9,270E+0	2,400E+1	3,500E+3	3,503E+3
1603,381	0,163	0,000	9,270E+0	2,400E+1	3,500E+3	3,519E+3
1604,381	0,163	0,000	9,270E+0	2,400E+1	3,500E+3	3,493E+3
1605,382	0,163	0,000	9,270E+0	2,400E+1	3,500E+3	3,505E+3
1606,382	0,163	0,000	9,270E+0	2,400E+1	3,500E+3	3,501E+3
1607,383	0,163	0,000	9,270E+0	2,400E+1	3,500E+3	3,497E+3
1608,382	0,163	0,000	9,270E+0	2,400E+1	3,500E+3	3,489E+3
1609,383	0,163	0,000	9,270E+0	2,400E+1	3,500E+3	3,497E+3
1610,382	0,163	0,000	9,270E+0	2,400E+1	3,500E+3	3,489E+3
1611,383	0,163	0,000	9,270E+0	2,400E+1	3,500E+3	3,499E+3
1612,383	0,163	0,000	9,280E+0	2,400E+1	3,500E+3	3,500E+3
1613,383	0,163	0,000	9,280E+0	2,400E+1	3,500E+3	3,485E+3
1614,384	0,168	0,000	9,750E+0	2,400E+1	3,500E+3	3,521E+3
1615,383	0,172	0,000	9,870E+0	2,400E+1	3,500E+3	3,515E+3
1616,383	0,172	0,000	9,870E+0	2,400E+1	3,500E+3	3,510E+3
1617,383	0,170	0,000	9,640E+0	2,400E+1	3,500E+3	3,495E+3
1618,383	0,171	0,000	9,750E+0	2,400E+1	3,500E+3	3,500E+3
1619,383	0,171	0,000	9,750E+0	2,400E+1	3,500E+3	3,494E+3
1620,383	0,171	0,000	9,720E+0	2,400E+1	3,500E+3	3,456E+3
1621,383	0,182	0,000	1,038E+1	2,400E+1	3,500E+3	3,489E+3
1622,383	0,182	0,000	1,038E+1	2,400E+1	3,500E+3	3,498E+3
1623,383	0,176	0,000	1,006E+1	2,400E+1	3,500E+3	3,485E+3
1624,384	0,177	0,000	1,018E+1	2,400E+1	3,500E+3	3,494E+3
1625,383	0,177	0,000	1,018E+1	2,400E+1	3,500E+3	3,489E+3
1626,385	0,179	0,000	1,018E+1	2,400E+1	3,500E+3	3,503E+3
1627,384	0,179	0,000	1,018E+1	2,400E+1	3,500E+3	3,492E+3
1628,384	0,179	0,000	1,018E+1	2,400E+1	3,500E+3	3,513E+3
1629,384	0,180	0,000	1,021E+1	2,400E+1	3,500E+3	3,504E+3
1630,384	0,180	0,000	1,023E+1	2,400E+1	3,500E+3	3,525E+3
1631,385	0,180	0,000	1,023E+1	2,400E+1	3,500E+3	3,494E+3
1632,384	0,180	0,000	1,024E+1	2,400E+1	3,500E+3	3,491E+3
1633,384	0,181	0,000	1,025E+1	2,400E+1	3,500E+3	3,517E+3
1634,384	0,181	0,000	1,025E+1	2,400E+1	3,500E+3	3,503E+3
1635,384	0,181	0,000	1,026E+1	2,400E+1	3,500E+3	3,500E+3
1636,384	0,181	0,000	1,026E+1	2,400E+1	3,500E+3	3,497E+3
1637,385	0,181	0,000	1,026E+1	2,400E+1	3,500E+3	3,487E+3
1638,386	0,181	0,000	1,027E+1	2,400E+1	3,500E+3	3,509E+3
1639,385	0,181	0,000	1,028E+1	2,400E+1	3,500E+3	3,499E+3
1640,385	0,181	0,000	1,028E+1	2,400E+1	3,500E+3	3,498E+3
1641,385	0,181	0,000	1,028E+1	2,400E+1	3,500E+3	3,509E+3
1642,385	0,181	0,000	1,027E+1	2,400E+1	3,500E+3	3,503E+3
1643,385	0,181	0,000	1,027E+1	2,400E+1	3,500E+3	3,491E+3
1644,385	0,181	0,000	1,028E+1	2,400E+1	3,500E+3	3,486E+3
1645,386	0,181	0,000	1,028E+1	2,400E+1	3,500E+3	3,491E+3
1646,385	0,181	0,000	1,028E+1	2,400E+1	3,500E+3	3,504E+3
1647,386	0,181	0,000	1,028E+1	2,400E+1	3,500E+3	3,499E+3
1648,385	0,181	0,000	1,028E+1	2,400E+1	3,500E+3	3,506E+3
1649,386	0,181	0,000	1,028E+1	2,400E+1	3,500E+3	3,491E+3
1650,385	0,181	0,000	1,028E+1	2,400E+1	3,500E+3	3,503E+3
1651,386	0,181	0,000	1,029E+1	2,400E+1	3,500E+3	3,501E+3
1652,385	0,181	0,000	1,029E+1	2,400E+1	3,500E+3	3,489E+3
1653,386	0,181	0,000	1,030E+1	2,400E+1	3,500E+3	3,486E+3
1654,386	0,181	0,000	1,029E+1	2,400E+1	3,500E+3	3,494E+3
1655,387	0,181	0,000	1,029E+1	2,400E+1	3,500E+3	3,500E+3
1656,389	0,181	0,000	1,029E+1	2,400E+1	3,500E+3	3,507E+3
1657,388	0,181	0,000	1,029E+1	2,400E+1	3,500E+3	3,496E+3
1658,389	0,181	0,000	1,029E+1	2,400E+1	3,500E+3	3,490E+3
1659,388	0,181	0,000	1,029E+1	2,400E+1	3,500E+3	3,499E+3
1660,389	0,181	0,000	1,029E+1	2,400E+1	3,500E+3	3,502E+3
1661,389	0,181	0,000	1,030E+1	2,400E+1	3,500E+3	3,500E+3
1662,389	0,181	0,000	1,030E+1	2,400E+1	3,500E+3	3,491E+3
1663,390	0,181	0,000	1,030E+1	2,400E+1	3,500E+3	3,504E+3
1664,389	0,181	0,000	1,030E+1	2,400E+1	3,500E+3	3,503E+3
1665,389	0,181	0,000	1,030E+1	2,400E+1	3,500E+3	3,521E+3
1666,389	0,181	0,000	1,030E+1	2,400E+1	3,500E+3	3,502E+3
1667,390	0,181	0,000	1,029E+1	2,400E+1	3,500E+3	3,513E+3
1668,392	0,181	0,000	1,030E+1	2,400E+1	3,500E+3	3,504E+3
1669,392	0,181	0,000	1,030E+1	2,400E+1	3,500E+3	3,505E+3
1670,393	0,181	0,000	1,031E+1	2,400E+1	3,500E+3	3,495E+3
1671,393	0,181	0,000	1,030E+1	2,400E+1	3,500E+3	3,512E+3
1672,393	0,181	0,000	1,030E+1	2,400E+1	3,500E+3	3,506E+3
1673,393	0,181	0,000	1,031E+1	2,400E+1	3,500E+3	3,506E+3
1674,393	0,181	0,000	1,030E+1	2,400E+1	3,500E+3	3,500E+3
1675,395	0,181	0,000	1,030E+1	2,400E+1	3,500E+3	3,505E+3
1676,394	0,181	0,000	1,031E+1	2,400E+1	3,500E+3	3,503E+3
1677,396	0,181	0,000	1,031E+1	2,400E+1	3,500E+3	3,496E+3
1678,395	0,181	0,000	1,031E+1	2,400E+1	3,500E+3	3,498E+3
1679,396	0,181	0,000	1,032E+1	2,400E+1	3,500E+3	3,506E+3
1680,396	0,181	0,000	1,032E+1	2,400E+1	3,500E+3	3,507E+3
1681,396	0,181	0,000	1,032E+1	2,400E+1	3,500E+3	3,507E+3
1682,398	0,181	0,000	1,031E+1	2,400E+1	3,500E+3	3,501E+3
1683,398	0,181	0,000	1,031E+1	2,400E+1	3,500E+3	3,485E+3
1684,399	0,181	0,000	1,031E+1	2,400E+1	3,500E+3	3,492E+3
1685,398	0,181	0,000	1,032E+1	2,400E+1	3,500E+3	3,483E+3
1686,398	0,181	0,000	1,032E+1	2,400E+1	3,500E+3	3,502E+3
1687,398	0,181	0,000	1,032E+1	2,400E+1	3,500E+3	3,503E+3
1688,399	0,181	0,000	1,032E+1	2,400E+1	3,500E+3	3,494E+3
1689,398	0,181	0,000	1,032E+1	2,400E+1	3,500E+3	3,498E+3
1690,399	0,181	0,000	1,032E+1	2,400E+1	3,500E+3	3,521E+3
1691,399	0,181	0,000	1,031E+1	2,400E+1	3,500E+3	3,507E+3
1692,400	0,181	0,000	1,032E+1	2,400E+1	3,500E+3	3,511E+3
1693,399	0,181	0,000	1,032E+1	2,400E+1	3,500E+3	3,497E+3
1694,400	0,181	0,000	1,032E+1	2,400E+1	3,500E+3	3,487E+3
1695,399	0,181	0,000	1,032E+1	2,400E+1	3,500E+3	3,508E+3
1696,399	0,181	0,000	1,032E+1	2,400E+1	3,500E+3	3,499E+3
1697,400	0,181	0,000	1,032E+1	2,400E+1	3,500E+3	3,494E+3
1698,400	0,181	0,000	1,033E+1	2,400E+1	3,500E+3	3,504E+3
1699,401	0,181	0,000	1,033E+1	2,400E+1	3,500E+3	3,491E+3
1700,400	0,181	0,000	1,033E+1	2,400E+1	3,500E+3	3,512E+3
1701,401	0,181	0,000	1,034E+1	2,400E+1	3,500E+3	3,523E+3
1702,400	0,181	0,000	1,034E+1	2,400E+1	3,500E+3	3,503E+3
1703,400	0,181	0,000	1,032E+1	2,400E+1	3,500E+3	3,504E+3
1704,400	0,181	0,000	1,032E+1	2,400E+1	3,500E+3	3,483E+3
1705,400	0,181	0,000	1,032E+1	2,400E+1	3,500E+3	3,502E+3
1706,401	0,181	0,000	1,033E+1	2,400E+1	3,500E+3	3,507E+3
1707,400	0,181	0,000	1,033E+1	2,400E+1	3,500E+3	3,495E+3
1708,400	0,181	0,000	1,033E+1	2,400E+1	3,500E+3	3,511E+3
1709,401	0,181	0,000	1,033E+1	2,400E+1	3,500E+3	3,504E+3
1710,400	0,181	0,000	1,033E+1	2,400E+1	3,500E+3	3,495E+3
1711,400	0,181	0,000	1,033E+1	2,400E+1	3,500E+3	3,491E+3
1712,400	0,181	0,000	1,033E+1	2,400E+1	3,500E+3	3,500E+3
1713,400	0,181	0,000	1,033E+1	2,400E+1	3,500E+3	3,503E+3
1714,402	0,181	0,000	1,033E+1	2,400E+1	3,500E+3	3,461E+3
1715,401	0,181	0,000	1,033E+1	2,400E+1	3,500E+3	3,500E+3
1716,401	0,181	0,000	1,034E+1	2,400E+1	3,500E+3	3,510E+3
1717,401	0,181	0,000	1,033E+1	2,400E+1	3,500E+3	3,508E+3
1718,401	0,181	0,000	1,033E+1	2,400E+1	3,500E+3	3,500E+3
1719,402	0,181	0,000	1,034E+1	2,400E+1	3,500E+3	3,503E+3
1720,401	0,181	0,000	1,034E+1	2,400E+1	3,500E+3	3,512E+3
1721,402	0,181	0,000	1,034E+1	2,400E+1	3,500E+3	3,498E+3
1722,402	0,181	0,000	1,034E+1	2,400E+1	3,500E+3	3,498E+3
1723,402	0,181	0,000	1,034E+1	2,400E+1	3,500E+3	3,506E+3
1724,402	0,181	0,000	1,034E+1	2,400E+1	3,500E+3	3,500E+3
1725,402	0,181	0,000	1,034E+1	2,400E+1	3,500E+3	3,485E+3
1726,403	0,181	0,000	1,034E+1	2,400E+1	3,500E+3	3,497E+3
1727,402	0,181	0,000	1,034E+1	2,400E+1	3,500E+3	3,498E+3
1728,403	0,181	0,000	1,035E+1	2,400E+1	3,500E+3	3,500E+3
1729,402	0,181	0,000	1,035E+1	2,400E+1	3,500E+3	3,490E+3
1730,402	0,181	0,000	1,035E+1	2,400E+1	3,500E+3	3,516E+3
1731,402	0,181	0,000	1,035E+1	2,400E+1	3,500E+3	3,499E+3
1732,402	0,181	0,000	1,035E+1	2,400E+1	3,500E+3	3,508E+3
1733,404	0,181	0,000	1,035E+1	2,400E+1	3,500E+3	3,485E+3
1734,403	0,181	0,000	1,035E+1	2,400E+1	3,500E+3	3,517E+3
1735,403	0,181	0,000	1,035E+1	2,400E+1	3,500E+3	3,498E+3
1736,403	0,181	0,000	1,035E+1	2,400E+1	3,500E+3	3,499E+3
1737,403	0,181	0,000	1,037E+1	2,400E+1	3,500E+3	3,503E+3
1738,404	0,181	0,000	1,037E+1	2,400E+1	3,500E+3	3,498E+3
1739,404	0,181	0,000	1,035E+1	2,400E+1	3,500E+3	3,512E+3
1740,405	0,181	0,000	1,036E+1	2,400E+1	3,500E+3	3,506E+3
1741,404	0,181	0,000	1,036E+1	2,400E+1	3,500E+3	3,503E+3
1742,405	0,181	0,000	1,036E+1	2,400E+1	3,500E+3	3,487E+3
1743,404	0,181	0,000	1,036E+1	2,400E+1	3,500E+3	3,505E+3
1744,404	0,181	0,000	1,036E+1	2,400E+1	3,500E+3	3,503E+3
1745,405	0,181	0,000	1,036E+1	2,400E+1	3,500E+3	3,494E+3
1746,404	0,181	0,000	1,036E+1	2,400E+1	3,500E+3	3,508E+3
1747,405	0,181	0,000	1,036E+1	2,400E+1	3,500E+3	3,505E+3
1748,405	0,181	0,000	1,036E+1	2,400E+1	3,500E+3	3,497E+3
1749,405	0,181	0,000	1,036E+1	2,400E+1	3,500E+3	3,494E+3
1750,405	0,181	0,000	1,037E+1	2,400E+1	3,500E+3	3,500E+3
1751,405	0,181	0,000	1,037E+1	2,400E+1	3,500E+3	3,511E+3
1752,405	0,181	0,000	1,037E+1	2,400E+1	3,500E+3	3,502E+3
1753,407	0,181	0,000	1,037E+1	2,400E+1	3,500E+3	3,489E+3
1754,407	0,181	0,000	1,036E+1	2,400E+1	3,500E+3	3,494E+3
1755,408	0,181	0,000	1,036E+1	2,400E+1	3,500E+3	3,497E+3
1756,408	0,181	0,000	1,037E+1	2,400E+1	3,500E+3	3,494E+3
1757,409	0,181	0,000	1,037E+1	2,400E+1	3,500E+3	3,512E+3
1758,410	0,181	0,000	1,037E+1	2,400E+1	3,500E+3	3,509E+3
1759,409	0,181	0,000	1,037E+1	2,400E+1	3,500E+3	3,498E+3
1760,410	0,181	0,000	1,037E+1	2,400E+1	3,500E+3	3,502E+3
1761,409	0,181	0,000	1,037E+1	2,400E+1	3,500E+3	3,494E+3
1762,410	0,181	0,000	1,037E+1	2,400E+1	3,500E+3	3,497E+3
1763,410	0,181	0,000	1,037E+1	2,400E+1	3,500E+3	3,501E+3
1764,411	0,181	0,000	1,037E+1	2,400E+1	3,500E+3	3,509E+3
1765,413	0,181	0,000	1,037E+1	2,400E+1	3,500E+3	3,499E+3
1766,412	0,181	0,000	1,038E+1	2,400E+1	3,500E+3	3,494E+3
1767,413	0,181	0,000	1,038E+1	2,400E+1	3,500E+3	3,511E+3
1768,412	0,181	0,000	1,038E+1	2,400E+1	3,500E+3	3,515E+3
1769,412	0,181	0,000	1,038E+1	2,400E+1	3,500E+3	3,515E+3
1770,412	0,181	0,000	1,039E+1	2,400E+1	3,500E+3	3,488E+3
1771,412	0,181	0,000	1,039E+1	2,400E+1	3,500E+3	3,508E+3
1772,413	0,181	0,000	1,039E+1	2,400E+1	3,500E+3	3,507E+3
1773,413	0,181	0,000	1,037E+1	2,400E+1	3,500E+3	3,510E+3
1774,414	0,181	0,000	1,037E+1	2,400E+1	3,500E+3	3,530E+3
1775,413	0,181	0,000	1,038E+1	2,400E+1	3,500E+3	3,501E+3
1776,413	0,181	0,000	1,039E+1	2,400E+1	3,500E+3	3,498E+3
1777,414	0,181	0,000	1,039E+1	2,400E+1	3,500E+3	3,489E+3
1778,414	0,181	0,000	1,039E+1	2,400E+1	3,500E+3	3,503E+3
1779,415	0,181	0,000	1,038E+1	2,400E+1	3,500E+3	3,486E+3
1780,414	0,181	0,000	1,038E+1	2,400E+1	3,500E+3	3,503E+3
1781,414	0,181	0,000	1,038E+1	2,400E+1	3,500E+3	3,505E+3
1782,415	0,181	0,000	1,038E+1	2,400E+1	3,500E+3	3,495E+3
1783,416	0,181	0,000	1,039E+1	2,400E+1	3,500E+3	3,511E+3
1784,418	0,181	0,000	1,039E+1	2,400E+1	3,500E+3	3,493E+3
1785,417	0,181	0,000	1,039E+1	2,400E+1	3,500E+3	3,503E+3
1786,419	0,181	0,000	1,039E+1	2,400E+1	3,500E+3	3,500E+3
1787,419	0,181	0,000	1,039E+1	2,400E+1	3,500E+3	3,489E+3
1788,420	0,181	0,000	1,039E+1	2,400E+1	3,500E+3	3,489E+3
1789,420	0,181	0,000	1,039E+1	2,400E+1	3,500E+3	3,497E+3
1790,421	0,181	0,000	1,039E+1	2,400E+1	3,500E+3	3,498E+3
1791,423	0,181	0,000	1,039E+1	2,400E+1	3,500E+3	3,503E+3
1792,423	0,181	0,000	1,040E+1	2,400E+1	3,500E+3	3,498E+3
1793,424	0,181	0,000	1,039E+1	2,400E+1	3,500E+3	3,498E+3
1794,423	0,181	0,000	1,039E+1	2,400E+1	3,500E+3	3,496E+3
1795,424	0,181	0,000	1,040E+1	2,400E+1	3,500E+3	3,513E+3
1796,425	0,181	0,000	1,040E+1	2,400E+1	3,500E+3	3,505E+3
1797,425	0,181	0,000	1,040E+1	2,400E+1	3,500E+3	3,500E+3
1798,426	0,181	0,000	1,040E+1	2,400E+1	3,500E+3	3,492E+3
1799,426	0,181	0,000	1,040E+1	2,400E+1	3,500E+3	3,506E+3
1800,428	0,181	0,000	1,040E+1	2,400E+1	3,500E+3	3,497E+3
1801,427	0,181	0,000	1,040E+1	2,400E+1	3,500E+3	3,491E+3
1802,428	0,181	0,000	1,040E+1	2,400E+1	3,500E+3	3,503E+3
1803,428	0,181	0,000	1,041E+1	2,400E+1	3,500E+3	3,494E+3
1804,429	0,181	0,000	1,041E+1	2,400E+1	3,500E+3	3,493E+3
1805,430	0,181	0,000	1,041E+1	2,400E+1	3,500E+3	3,472E+3
1806,429	0,181	0,000	1,041E+1	2,400E+1	3,500E+3	3,499E+3
1807,429	0,181	0,000	1,041E+1	2,400E+1	3,500E+3	3,499E+3
1808,429	0,181	0,000	1,041E+1	2,400E+1	3,500E+3	3,492E+3
1809,429	0,181	0,000	1,041E+1	2,400E+1	3,500E+3	3,501E+3
1810,431	0,181	0,000	1,041E+1	2,400E+1	3,500E+3	3,489E+3
1811,430	0,181	0,000	1,041E+1	2,400E+1	3,500E+3	3,503E+3
1812,431	0,181	0,000	1,041E+1	2,400E+1	3,500E+3	3,513E+3
1813,431	0,181	0,000	1,041E+1	2,400E+1	3,500E+3	3,507E+3
1814,432	0,181	0,000	1,041E+1	2,400E+1	3,500E+3	3,496E+3
1815,431	0,181	0,000	1,042E+1	2,400E+1	3,500E+3	3,481E+3
1816,431	0,181	0,000	1,042E+1	2,400E+1	3,500E+3	3,503E+3
1817,432	0,181	0,000	1,041E+1	2,400E+1	3,500E+3	3,494E+3
1818,431	0,181	0,000	1,042E+1	2,400E+1	3,500E+3	3,489E+3
1819,433	0,181	0,000	1,042E+1	2,400E+1	3,500E+3	3,483E+3
1820,432	0,181	0,000	1,042E+1	2,400E+1	3,500E+3	3,495E+3
1821,432	0,181	0,000	1,042E+1	2,400E+1	3,500E+3	3,501E+3
1822,432	0,181	0,000	1,042E+1	2,400E+1	3,500E+3	3,489E+3
1823,432	0,181	0,000	1,042E+1	2,400E+1	3,500E+3	3,505E+3
1824,433	0,181	0,000	1,042E+1	2,400E+1	3,500E+3	3,497E+3
1825,433	0,181	0,000	1,042E+1	2,400E+1	3,500E+3	3,510E+3
1826,434	0,181	0,000	1,042E+1	2,400E+1	3,500E+3	3,498E+3
1827,433	0,181	0,000	1,042E+1	2,400E+1	3,500E+3	3,507E+3
1828,434	0,181	0,000	1,042E+1	2,400E+1	3,500E+3	3,508E+3
1829,434	0,181	0,000	1,043E+1	2,400E+1	3,500E+3	3,511E+3
1830,434	0,181	0,000	1,043E+1	2,400E+1	3,500E+3	3,501E+3
1831,434	0,181	0,000	1,043E+1	2,400E+1	3,500E+3	3,492E+3
1832,435	0,181	0,000	1,042E+1	2,400E+1	3,500E+3	3,517E+3
1833,434	0,181	0,000	1,042E+1	2,400E+1	3,500E+3	3,512E+3
1834,436	0,181	0,000	1,043E+1	2,400E+1	3,500E+3	3,479E+3
1835,435	0,181	0,000	1,043E+1	2,400E+1	3,500E+3	3,498E+3
1836,435	0,181	0,000	1,043E+1	2,400E+1	3,500E+3	3,507E+3
1837,436	0,181	0,000	1,043E+1	2,400E+1	3,500E+3	3,481E+3
1838,437	0,181	0,000	1,043E+1	2,400E+1	3,500E+3	3,507E+3
1839,438	0,181	0,000	1,043E+1	2,400E+1	3,500E+3	3,498E+3
1840,437	0,181	0,000	1,043E+1	2,400E+1	3,500E+3	3,489E+3
1841,437	0,181	0,000	1,043E+1	2,400E+1	3,500E+3	3,517E+3
1842,438	0,181	0,000	1,043E+1	2,400E+1	3,500E+3	3,493E+3
1843,438	0,181	0,000	1,043E+1	2,400E+1	3,500E+3	3,512E+3
1844,438	0,181	0,000	1,044E+1	2,400E+1	3,500E+3	3,506E+3
1845,438	0,181	0,000	1,044E+1	2,400E+1	3,500E+3	3,503E+3
1846,438	0,181	0,000	1,044E+1	2,400E+1	3,500E+3	3,491E+3
1847,438	0,181	0,000	1,044E+1	2,400E+1	3,500E+3	3,500E+3
1848,439	0,181	0,000	1,044E+1	2,400E+1	3,500E+3	3,494E+3
1849,439	0,181	0,000	1,044E+1	2,400E+1	3,500E+3	3,495E+3
1850,438	0,181	0,000	1,044E+1	2,400E+1	3,500E+3	3,503E+3
1851,439	0,181	0,000	1,044E+1	2,400E+1	3,500E+3	3,501E+3
1852,438	0,181	0,000	1,044E+1	2,400E+1	3,500E+3	3,493E+3
1853,439	0,181	0,000	1,044E+1	2,400E+1	3,500E+3	3,491E+3
1854,439	0,181	0,000	1,044E+1	2,400E+1	3,500E+3	3,494E+3
1855,439	0,181	0,000	1,044E+1	2,400E+1	3,500E+3	3,497E+3
1856,440	0,181	0,000	1,044E+1	2,400E+1	3,500E+3	3,500E+3
1857,439	0,181	0,000	1,044E+1	2,400E+1	3,500E+3	3,488E+3
1858,441	0,181	0,000	1,044E+1	2,400E+1	3,500E+3	3,507E+3
1859,440	0,181	0,000	1,044E+1	2,400E+1	3,500E+3	3,490E+3
1860,440	0,181	0,000	1,045E+1	2,400E+1	3,500E+3	3,507E+3
1861,441	0,181	0,000	1,045E+1	2,400E+1	3,500E+3	3,498E+3
1862,442	0,181	0,000	1,045E+1	2,400E+1	3,500E+3	3,498E+3
1863,443	0,181	0,000	1,044E+1	2,400E+1	3,500E+3	3,516E+3
1864,442	0,181	0,000	1,044E+1	2,400E+1	3,500E+3	3,498E+3
1865,444	0,181	0,000	1,045E+1	2,400E+1	3,500E+3	3,497E+3
1866,443	0,181	0,000	1,045E+1	2,400E+1	3,500E+3	3,490E+3
1867,443	0,181	0,000	1,045E+1	2,400E+1	3,500E+3	3,502E+3
1868,444	0,181	0,000	1,045E+1	2,400E+1	3,500E+3	3,498E+3
1869,444	0,181	0,000	1,045E+1	2,400E+1	3,500E+3	3,507E+3
1870,445	0,181	0,000	1,045E+1	2,400E+1	3,500E+3	3,499E+3
1871,445	0,181	0,000	1,045E+1	2,400E+1	3,500E+3	3,501E+3
1872,445	0,181	0,000	1,045E+1	2,400E+1	3,500E+3	3,493E+3
1873,446	0,181	0,000	1,045E+1	2,400E+1	3,500E+3	3,506E+3
1874,446	0,181	0,000	1,045E+1	2,400E+1	3,500E+3	3,503E+3
1875,446	0,181	0,000	1,046E+1	2,400E+1	3,500E+3	3,494E+3
1876,446	0,181	0,000	1,045E+1	2,400E+1	3,500E+3	3,499E+3
1877,447	0,181	0,000	1,045E+1	2,400E+1	3,500E+3	3,507E+3
1878,447	0,181	0,000	1,046E+1	2,400E+1	3,500E+3	3,510E+3
1879,447	0,181	0,000	1,046E+1	2,400E+1	3,500E+3	3,501E+3
1880,447	0,181	0,000	1,046E+1	2,400E+1	3,500E+3	3,498E+3
1881,447	0,181	0,000	1,047E+1	2,400E+1	3,500E+3	3,507E+3
1882,449	0,181	0,000	1,047E+1	2,400E+1	3,500E+3	3,494E+3
1883,448	0,181	0,000	1,046E+1	2,400E+1	3,500E+3	3,498E+3
1884,449	0,181	0,000	1,046E+1	2,400E+1	3,500E+3	3,510E+3
1885,449	0,181	0,000	1,046E+1	2,400E+1	3,500E+3	3,501E+3
1886,449	0,181	0,000	1,046E+1	2,400E+1	3,500E+3	3,510E+3
1887,449	0,181	0,000	1,046E+1	2,400E+1	3,500E+3	3,501E+3
1888,450	0,181	0,000	1,046E+1	2,400E+1	3,500E+3	3,489E+3
1889,451	0,181	0,000	1,046E+1	2,400E+1	3,500E+3	3,506E+3
1890,451	0,181	0,000	1,046E+1	2,400E+1	3,500E+3	3,503E+3
1891,452	0,181	0,000	1,046E+1	2,400E+1	3,500E+3	3,505E+3
1892,451	0,181	0,000	1,046E+1	2,400E+1	3,500E+3	3,506E+3
1893,452	0,181	0,000	1,048E+1	2,400E+1	3,500E+3	3,498E+3
1894,452	0,181	0,000	1,048E+1	2,400E+1	3,500E+3	3,493E+3
1895,452	0,181	0,000	1,048E+1	2,400E+1	3,500E+3	3,499E+3
1896,453	0,181	0,000	1,047E+1	2,400E+1	3,500E+3	3,494E+3
1897,452	0,181	0,000	1,047E+1	2,400E+1	3,500E+3	3,494E+3
1898,453	0,181	0,000	1,046E+1	2,400E+1	3,500E+3	3,503E+3
1899,453	0,181	0,000	1,047E+1	2,400E+1	3,500E+3	3,486E+3
1900,454	0,181	0,000	1,047E+1	2,400E+1	3,500E+3	3,503E+3
1901,454	0,181	0,000	1,048E+1	2,400E+1	3,500E+3	3,503E+3
1902,455	0,181	0,000	1,048E+1	2,400E+1	3,500E+3	3,503E+3
1903,456	0,181	0,000	1,048E+1	2,400E+1	3,500E+3	3,507E+3
1904,455	0,181	0,000	1,048E+1	2,400E+1	3,500E+3	3,535E+3
1905,455	0,181	0,000	1,048E+1	2,400E+1	3,500E+3	3,496E+3
1906,456	0,181	0,000	1,048E+1	2,400E+1	3,500E+3	3,502E+3
1907,455	0,181	0,000	1,048E+1	2,400E+1	3,500E+3	3,499E+3
1908,456	0,181	0,000	1,048E+1	2,400E+1	3,500E+3	3,503E+3
1909,455	0,181	0,000	1,048E+1	2,400E+1	3,500E+3	3,495E+3
1910,456	0,181	0,000	1,048E+1	2,400E+1	3,500E+3	3,507E+3
1911,455	0,181	0,000	1,048E+1	2,400E+1	3,500E+3	3,489E+3
1912,455	0,181	0,000	1,047E+1	2,400E+1	3,500E+3	3,503E+3
1913,455	0,181	0,000	1,047E+1	2,400E+1	3,500E+3	3,513E+3
1914,455	0,181	0,000	1,047E+1	2,400E+1	3,500E+3	3,498E+3
1915,457	0,181	0,000	1,048E+1	2,400E+1	3,500E+3	3,493E+3
1916,457	0,181	0,000	1,048E+1	2,400E+1	3,500E+3	3,498E+3
1917,459	0,181	0,000	1,049E+1	2,400E+1	3,500E+3	3,497E+3
1918,458	0,181	0,000	1,049E+1	2,400E+1	3,500E+3	3,514E+3
1919,458	0,181	0,000	1,049E+1	2,400E+1	3,500E+3	3,503E+3
1920,459	0,181	0,000	1,048E+1	2,400E+1	3,500E+3	3,514E+3
1921,459	0,181	0,000	1,048E+1	2,400E+1	3,500E+3	3,520E+3
1922,460	0,181	0,000	1,049E+1	2,400E+1	3,500E+3	3,498E+3
1923,459	0,181	0,000	1,049E+1	2,400E+1	3,500E+3	3,508E+3
1924,461	0,181	0,000	1,049E+1	2,400E+1	3,500E+3	3,519E+3
1925,460	0,181	0,000	1,049E+1	2,400E+1	3,500E+3	3,491E+3
1926,461	0,181	0,000	1,048E+1	2,400E+1	3,500E+3	3,498E+3
1927,462	0,181	0,000	1,048E+1	2,400E+1	3,500E+3	3,506E+3
1928,462	0,181	0,000	1,048E+1	2,400E+1	3,500E+3	3,500E+3
1929,464	0,181	0,000	1,049E+1	2,400E+1	3,500E+3	3,501E+3
1930,464	0,181	0,000	1,049E+1	2,400E+1	3,500E+3	3,500E+3
1931,463	0,181	0,000	1,049E+1	2,400E+1	3,500E+3	3,498E+3
1932,464	0,181	0,000	1,049E+1	2,400E+1	3,500E+3	3,509E+3
1933,463	0,181	0,000	1,049E+1	2,400E+1	3,500E+3	3,499E+3
1934,463	0,181	0,000	1,049E+1	2,400E+1	3,500E+3	3,503E+3
1935,464	0,181	0,000	1,049E+1	2,400E+1	3,500E+3	3,491E+3
1936,465	0,181	0,000	1,049E+1	2,400E+1	3,500E+3	3,518E+3
1937,465	0,181	0,000	1,049E+1	2,400E+1	3,500E+3	3,501E+3
1938,466	0,181	0,000	1,049E+1	2,400E+1	3,500E+3	3,500E+3
1939,465	0,181	0,000	1,050E+1	2,400E+1	3,500E+3	3,497E+3
1940,466	0,181	0,000	1,050E+1	2,400E+1	3,500E+3	3,512E+3
1941,465	0,181	0,000	1,050E+1	2,400E+1	3,500E+3	3,507E+3
1942,466	0,181	0,000	1,050E+1	2,400E+1	3,500E+3	3,509E+3
1943,466	0,181	0,000	1,050E+1	2,400E+1	3,500E+3	3,499E+3
1944,466	0,181	0,000	1,050E+1	2,400E+1	3,500E+3	3,503E+3
1945,466	0,181	0,000	1,050E+1	2,400E+1	3,500E+3	3,497E+3
1946,466	0,181	0,000	1,049E+1	2,400E+1	3,500E+3	3,495E+3
1947,468	0,181	0,000	1,049E+1	2,400E+1	3,500E+3	3,500E+3
1948,467	0,181	0,000	1,051E+1	2,400E+1	3,500E+3	3,502E+3
1949,469	0,181	0,000	1,050E+1	2,400E+1	3,500E+3	3,498E+3
1950,469	0,181	0,000	1,050E+1	2,400E+1	3,500E+3	3,487E+3
1951,469	0,181	0,000	1,051E+1	2,400E+1	3,500E+3	3,498E+3
1952,469	0,181	0,000	1,051E+1	2,400E+1	3,500E+3	3,493E+3
1953,469	0,181	0,000	1,051E+1	2,400E+1	3,500E+3	3,500E+3
1954,470	0,181	0,000	1,051E+1	2,400E+1	3,500E+3	3,508E+3
1955,469	0,181	0,000	1,051E+1	2,400E+1	3,500E+3	3,502E+3
1956,470	0,181	0,000	1,051E+1	2,400E+1	3,500E+3	3,495E+3
1957,469	0,181	0,000	1,050E+1	2,400E+1	3,500E+3	3,508E+3
1958,469	0,181	0,000	1,051E+1	2,400E+1	3,500E+3	3,502E+3
1959,471	0,181	0,000	1,051E+1	2,400E+1	3,500E+3	3,508E+3
1960,470	0,181	0,000	1,051E+1	2,400E+1	3,500E+3	3,513E+3
1961,471	0,181	0,000	1,051E+1	2,400E+1	3,500E+3	3,492E+3
1962,470	0,181	0,000	1,051E+1	2,400E+1	3,500E+3	3,503E+3
1963,470	0,181	0,000	1,051E+1	2,400E+1	3,500E+3	3,512E+3
1964,470	0,181	0,000	1,051E+1	2,400E+1	3,500E+3	3,511E+3
1965,471	0,181	0,000	1,051E+1	2,400E+1	3,500E+3	3,498E+3
1966,472	0,181	0,000	1,051E+1	2,400E+1	3,500E+3	3,492E+3
1967,471	0,181	0,000	1,051E+1	2,400E+1	3,500E+3	3,504E+3
1968,472	0,181	0,000	1,051E+1	2,400E+1	3,500E+3	3,514E+3
1969,471	0,181	0,000	1,051E+1	2,400E+1	3,500E+3	3,503E+3
1970,471	0,181	0,000	1,052E+1	2,400E+1	3,500E+3	3,522E+3
1971,472	0,181	0,000	1,052E+1	2,400E+1	3,500E+3	3,497E+3
1972,472	0,181	0,000	1,051E+1	2,400E+1	3,500E+3	3,507E+3
1973,473	0,181	0,000	1,052E+1	2,400E+1	3,500E+3	3,500E+3
1974,472	0,181	0,000	1,052E+1	2,400E+1	3,500E+3	3,494E+3
1975,473	0,181	0,000	1,052E+1	2,400E+1	3,500E+3	3,502E+3
1976,472	0,181	0,000	1,052E+1	2,400E+1	3,500E+3	3,514E+3
1977,472	0,181	0,000	1,052E+1	2,400E+1	3,500E+3	3,504E+3
1978,472	0,181	0,000	1,052E+1	2,400E+1	3,500E+3	3,506E+3
1979,473	0,181	0,000	1,052E+1	2,400E+1	3,500E+3	3,500E+3
1980,474	0,181	0,000	1,052E+1	2,400E+1	3,500E+3	3,485E+3
1981,473	0,181	0,000	1,052E+1	2,400E+1	3,500E+3	3,491E+3
1982,475	0,181	0,000	1,052E+1	2,400E+1	3,500E+3	3,500E+3
1983,474	0,181	0,000	1,052E+1	2,400E+1	3,500E+3	3,497E+3
1984,474	0,181	0,000	1,052E+1	2,400E+1	3,500E+3	3,503E+3
1985,474	0,181	0,000	1,053E+1	2,400E+1	3,500E+3	3,504E+3
1986,474	0,181	0,000	1,053E+1	2,400E+1	3,500E+3	3,500E+3
1987,475	0,181	0,000	1,053E+1	2,400E+1	3,500E+3	3,494E+3
1988,474	0,181	0,000	1,053E+1	2,400E+1	3,500E+3	3,484E+3
1989,476	0,181	0,000	1,053E+1	2,400E+1	3,500E+3	3,516E+3
1990,476	0,181	0,000	1,053E+1	2,400E+1	3,500E+3	3,496E+3
1991,475	0,181	0,000	1,053E+1	2,400E+1	3,500E+3	3,494E+3
1992,476	0,181	0,000	1,053E+1	2,400E+1	3,500E+3	3,508E+3
1993,475	0,181	0,000	1,053E+1	2,400E+1	3,500E+3	3,505E+3
1994,475	0,181	0,000	1,053E+1	2,400E+1	3,500E+3	3,495E+3
1995,476	0,181	0,000	1,053E+1	2,400E+1	3,500E+3	3,502E+3
1996,476	0,181	0,000	1,053E+1	2,400E+1	3,500E+3	3,513E+3
1997,477	0,181	0,000	1,054E+1	2,400E+1	3,500E+3	3,536E+3
1998,476	0,181	0,000	1,054E+1	2,400E+1	3,500E+3	3,512E+3
1999,476	0,181	0,000	1,054E+1	2,400E+1	3,500E+3	3,509E+3
2000,476	0,181	0,000	1,054E+1	2,400E+1	3,500E+3	3,516E+3
2001,477	0,181	0,000	1,054E+1	2,400E+1	3,500E+3	3,498E+3
2002,478	0,181	0,000	1,054E+1	2,400E+1	3,500E+3	3,498E+3
2003,477	0,181	0,000	1,054E+1	2,400E+1	3,500E+3	3,501E+3
2004,478	0,181	0,000	1,053E+1	2,400E+1	3,500E+3	3,489E+3
2005,477	0,181	0,000	1,054E+1	2,400E+1	3,500E+3	3,494E+3
2006,477	0,181	0,000	1,054E+1	2,400E+1	3,500E+3	3,511E+3
2007,477	0,181	0,000	1,053E+1	2,400E+1	3,500E+3	3,463E+3
2008,478	0,181	0,000	1,053E+1	2,400E+1	3,500E+3	3,498E+3
2009,479	0,181	0,000	1,053E+1	2,400E+1	3,500E+3	3,503E+3
2010,479	0,181	0,000	1,054E+1	2,400E+1	3,500E+3	3,494E+3
2011,480	0,181	0,000	1,054E+1	2,400E+1	3,500E+3	3,491E+3
2012,480	0,181	0,000	1,054E+1	2,400E+1	3,500E+3	3,543E+3
2013,481	0,167	0,000	9,670E+0	2,400E+1	3,500E+3	3,506E+3
2014,480	0,170	0,000	9,920E+0	2,400E+1	3,500E+3	3,503E+3
2015,481	0,170	0,000	9,920E+0	2,400E+1	3,500E+3	3,509E+3
2016,480	0,168	0,000	9,780E+0	2,400E+1	3,500E+3	3,513E+3
2017,480	0,165	0,000	9,590E+0	2,400E+1	3,500E+3	3,505E+3
2018,480	0,165	0,000	9,590E+0	2,400E+1	3,500E+3	3,485E+3
2019,480	0,164	0,000	9,590E+0	2,400E+1	3,500E+3	3,497E+3
2020,482	0,164	0,000	9,540E+0	2,400E+1	3,500E+3	3,506E+3
2021,482	0,164	0,000	9,540E+0	2,400E+1	3,500E+3	3,495E+3
2022,484	0,163	0,000	9,500E+0	2,400E+1	3,500E+3	3,558E+3
2023,483	0,148	0,000	8,640E+0	2,400E+1	3,500E+3	3,497E+3
2024,483	0,148	0,000	8,640E+0	2,400E+1	3,500E+3	3,526E+3
2025,483	0,147	0,000	9,070E+0	2,400E+1	3,500E+3	3,512E+3
2026,484	0,150	0,000	8,760E+0	2,400E+1	3,500E+3	3,502E+3
2027,485	0,150	0,000	8,760E+0	2,400E+1	3,500E+3	3,503E+3
2028,485	0,147	0,000	8,680E+0	2,400E+1	3,500E+3	3,496E+3
2029,486	0,147	0,000	8,040E+0	2,400E+1	3,500E+3	3,514E+3
2030,485	0,147	0,000	8,040E+0	2,400E+1	3,500E+3	3,493E+3
2031,485	0,141	0,000	8,490E+0	2,400E+1	3,500E+3	3,489E+3
2032,485	0,140	0,000	8,210E+0	2,400E+1	3,500E+3	3,505E+3
2033,486	0,140	0,000	8,210E+0	2,400E+1	3,500E+3	3,504E+3
2034,487	0,139	0,000	8,160E+0	2,400E+1	3,500E+3	3,494E+3
2035,486	0,138	0,000	8,090E+0	2,400E+1	3,500E+3	3,498E+3
2036,486	0,138	0,000	8,090E+0	2,400E+1	3,500E+3	3,504E+3
2037,486	0,137	0,000	8,040E+0	2,400E+1	3,500E+3	3,495E+3
2038,486	0,137	0,000	8,020E+0	2,400E+1	3,500E+3	3,517E+3
2039,486	0,137	0,000	8,020E+0	2,400E+1	3,500E+3	3,491E+3
2040,486	0,136	0,000	8,000E+0	2,400E+1	3,500E+3	3,507E+3
2041,487	0,135	0,000	7,980E+0	2,400E+1	3,500E+3	3,498E+3
2042,487	0,135	0,000	7,980E+0	2,400E+1	3,500E+3	3,499E+3
2043,487	0,135	0,000	7,970E+0	2,400E+1	3,500E+3	3,511E+3
2044,487	0,128	0,000	7,510E+0	2,400E+1	3,500E+3	3,512E+3
2045,488	0,128	0,000	7,510E+0	2,400E+1	3,500E+3	3,489E+3
2046,488	0,129	0,000	7,610E+0	2,400E+1	3,500E+3	3,502E+3
2047,489	0,128	0,000	7,550E+0	2,400E+1	3,500E+3	3,497E+3
2048,488	0,128	0,000	7,550E+0	2,400E+1	3,500E+3	3,518E+3
2049,490	0,127	0,000	7,480E+0	2,400E+1	3,500E+3	3,497E+3
2050,489	0,126	0,000	7,440E+0	2,400E+1	3,500E+3	3,500E+3
2051,489	0,126	0,000	7,440E+0	2,400E+1	3,500E+3	3,556E+3
2052,489	0,104	0,000	6,070E+0	2,400E+1	3,500E+3	3,501E+3
2053,490	0,093	0,000	5,430E+0	2,400E+1	3,500E+3	3,497E+3
2054,491	0,093	0,000	5,430E+0	2,400E+1	3,500E+3	3,503E+3
2055,491	0,096	0,000	5,760E+0	2,400E+1	3,500E+3	3,512E+3
2056,491	0,092	0,000	5,460E+0	2,400E+1	3,500E+3	3,497E+3
2057,491	0,092	0,000	5,460E+0	2,400E+1	3,500E+3	3,511E+3
2058,491	0,088	0,000	5,280E+0	2,400E+1	3,500E+3	3,485E+3
2059,491	0,085	0,000	5,080E+0	2,400E+1	3,500E+3	3,502E+3
2060,491	0,085	0,000	5,080E+0	2,400E+1	3,500E+3	3,494E+3
2061,492	0,082	0,050	4,910E+0	2,400E+1	3,500E+3	3,494E+3
2062,491	0,079	0,050	4,720E+0	2,400E+1	3,500E+3	3,494E+3
2063,491	0,079	0,050	4,720E+0	2,400E+1	3,500E+3	3,531E+3
2064,491	0,050	0,050	3,140E+0	2,400E+1	3,500E+3	3,507E+3
2065,492	0,050	0,050	3,130E+0	2,400E+1	3,500E+3	3,507E+3
2066,494	0,050	0,050	3,130E+0	2,400E+1	3,500E+3	3,512E+3
2067,493	0,050	0,050	3,130E+0	2,400E+1	3,500E+3	3,498E+3
2068,494	0,050	0,050	3,130E+0	2,400E+1	3,500E+3	3,507E+3
2069,493	0,050	0,050	3,130E+0	2,400E+1	3,500E+3	3,503E+3
2070,493	0,050	0,050	3,130E+0	2,400E+1	3,500E+3	3,501E+3
2071,493	0,050	0,050	3,130E+0	2,400E+1	3,500E+3	3,506E+3
2072,493	0,050	0,050	3,130E+0	2,400E+1	3,500E+3	3,524E+3
2073,494	0,000	0,050	3,230E+0	2,400E+1	3,500E+3	3,503E+3
2074,493	0,050	0,050	3,130E+0	2,400E+1	3,500E+3	3,503E+3
2075,494	0,050	0,050	3,130E+0	2,400E+1	3,500E+3	3,500E+3
2076,493	0,050	0,050	2,490E+0	2,400E+1	3,500E+3	3,531E+3
2077,494	0,000	0,050	3,000E-1	2,400E+1	3,500E+3	3,512E+3
2078,494	0,000	0,050	3,000E-1	2,400E+1	3,500E+3	3,491E+3
2079,494	0,000	0,050	3,000E-1	2,400E+1	3,500E+3	3,506E+3
2080,494	0,000	0,050	3,000E-1	2,400E+1	3,500E+3	3,517E+3
2081,495	0,000	0,050	3,000E-1	2,400E+1	3,500E+3	3,507E+3
2082,494	0,000	0,050	3,000E-1	2,400E+1	3,500E+3	3,517E+3
2083,495	0,000	0,050	3,000E-1	2,400E+1	3,500E+3	3,497E+3
2084,494	0,000	0,050	3,000E-1	2,400E+1	3,500E+3	3,489E+3
2085,495	0,000	0,050	3,000E-1	2,400E+1	3,500E+3	3,499E+3
2086,495	0,000	0,050	3,000E-1	2,400E+1	3,500E+3	3,498E+3
2087,495	0,000	0,050	3,000E-1	2,400E+1	3,500E+3	3,500E+3
2088,496	0,000	0,050	3,000E-1	2,400E+1	3,500E+3	3,503E+3
2089,495	0,000	0,050	3,000E-1	2,400E+1	3,500E+3	3,520E+3
2090,495	0,000	0,050	3,000E-1	2,400E+1	3,500E+3	3,496E+3
2091,496	0,000	0,050	3,000E-1	2,400E+1	3,500E+3	3,498E+3
2092,496	0,000	0,050	3,000E-1	2,400E+1	3,500E+3	3,499E+3
2093,497	0,000	0,050	3,000E-1	2,400E+1	3,500E+3	3,493E+3
2094,498	0,000	0,050	3,000E-1	2,400E+1	3,500E+3	3,512E+3
2095,498	0,000	0,050	3,000E-1	2,400E+1	3,500E+3	3,503E+3
2096,498	0,000	0,050	3,000E-1	2,400E+1	3,500E+3	3,495E+3
2097,499	0,000	0,050	3,000E-1	2,400E+1	3,500E+3	3,503E+3
2098,499	0,000	0,050	3,000E-1	2,400E+1	3,500E+3	3,507E+3
2099,499	0,000	0,050	3,000E-1	2,400E+1	3,500E+3	3,506E+3
2100,499	0,000	0,050	3,000E-1	2,400E+1	0,000E+0	3,429E+3
2101,500	0,000	0,050	3,000E-1	2,400E+1	0,000E+0	2,927E+3
2102,499	0,000	0,050	3,000E-1	2,400E+1	0,000E+0	2,420E+3
2103,499	0,000	0,050	3,000E-1	2,400E+1	0,000E+0	2,274E+3
2104,499	0,000	0,050	3,000E-1	2,400E+1	0,000E+0	2,274E+3
2105,499	0,000	0,050	3,000E-1	2,400E+1	0,000E+0	0,000E+0
2106,500	0,000	0,050	3,000E-1	2,400E+1	0,000E+0	0,000E+0
2107,499	0,000	0,050	3,000E-1	2,400E+1	0,000E+0	0,000E+0
2108,500	0,000	0,050	3,000E-1	2,400E+1	0,000E+0	0,000E+0
2109,499	0,000	0,050	3,000E-1	2,400E+1	0,000E+0	0,000E+0
2110,499	0,000	0,050	3,000E-1	2,400E+1	0,000E+0	0,000E+0
2111,499	0,000	0,050	3,000E-1	2,400E+1	0,000E+0	0,000E+0
2112,499	0,000	0,050	3,000E-1	2,400E+1	0,000E+0	0,000E+0
2113,500	0,000	0,050	3,000E-1	2,400E+1	0,000E+0	0,000E+0
2114,499	0,000	0,050	3,000E-1	2,400E+1	0,000E+0	0,000E+0
2115,500	0,000	0,050	3,000E-1	2,400E+1	0,000E+0	0,000E+0
2116,499	0,000	0,050	3,000E-1	2,400E+1	0,000E+0	0,000E+0
