0,000000	0,000000	0,000000	5,583364E+0
0,010417	0,000000	0,000000	5,583364E+0
0,010417	0,000000	0,000000	5,583364E+0
0,010417	0,000000	0,000000	5,583364E+0
0,010417	0,000000	0,000000	5,583364E+0
0,010417	0,000000	0,000000	5,583364E+0
0,010417	0,000000	0,000000	5,583364E+0
0,010417	0,000000	0,000000	5,583364E+0
0,010417	0,000000	0,000000	5,583364E+0
0,010417	0,000000	0,000000	0,000000E+0
0,010417	0,000000	0,000000	0,000000E+0
1,010722	0,000000	0,000000	0,000000E+0
1,010722	0,000000	0,000000	0,000000E+0
1,010722	0,000000	0,000000	0,000000E+0
1,010722	0,000000	0,000000	0,000000E+0
1,010722	0,000000	0,000000	0,000000E+0
1,010722	0,000000	0,000000	0,000000E+0
1,010722	0,000000	0,000000	0,000000E+0
1,010722	0,000000	0,000000	0,000000E+0
1,010722	0,000000	0,000000	0,000000E+0
1,010722	0,000000	0,000000	0,000000E+0
2,010139	0,000000	0,000000	0,000000E+0
2,010139	0,000000	0,000000	0,000000E+0
2,010139	0,000000	0,000000	0,000000E+0
2,010139	0,000000	0,000000	0,000000E+0
2,010139	0,000000	0,000000	0,000000E+0
2,010139	0,000000	0,000000	0,000000E+0
2,010139	0,000000	0,000000	0,000000E+0
2,010139	0,000000	0,000000	0,000000E+0
2,010139	0,000000	0,000000	0,000000E+0
2,010139	0,000000	0,000000	0,000000E+0
3,010560	0,000000	0,000000	0,000000E+0
3,010560	0,000000	0,000000	0,000000E+0
3,010560	0,000000	0,000000	0,000000E+0
3,010560	0,000000	0,000000	0,000000E+0
3,010560	0,000000	0,000000	0,000000E+0
3,010560	0,000000	0,000000	0,000000E+0
3,010560	0,000000	0,000000	0,000000E+0
3,010560	0,000000	0,000000	0,000000E+0
3,010560	0,000000	0,000000	0,000000E+0
3,010560	0,000000	0,000000	0,000000E+0
4,012003	0,000000	0,000000	0,000000E+0
4,012003	0,000000	0,000000	0,000000E+0
4,012003	0,000000	0,000000	0,000000E+0
4,012003	0,000000	0,000000	0,000000E+0
4,012003	0,000000	0,000000	0,000000E+0
4,012003	0,000000	0,000000	0,000000E+0
4,012003	0,000000	0,000000	0,000000E+0
4,012003	0,000000	0,000000	0,000000E+0
4,012003	0,000000	0,000000	0,000000E+0
4,012003	0,000000	0,000000	0,000000E+0
5,011411	0,000000	0,000000	0,000000E+0
5,011411	0,000000	0,000000	0,000000E+0
5,011411	0,000000	0,000000	0,000000E+0
5,011411	0,000000	0,000000	0,000000E+0
5,011411	0,000000	0,000000	0,000000E+0
5,011411	0,000000	0,000000	0,000000E+0
5,011411	0,000000	0,000000	0,000000E+0
5,011411	0,000000	0,000000	0,000000E+0
5,011411	0,000000	0,000000	0,000000E+0
5,011411	0,000000	0,000000	0,000000E+0
6,011855	0,000000	0,000000	0,000000E+0
6,011855	0,000000	0,000000	0,000000E+0
6,011855	0,000000	0,000000	0,000000E+0
6,011855	0,000000	0,000000	0,000000E+0
6,011855	0,000000	0,000000	0,000000E+0
6,011855	0,000000	0,000000	0,000000E+0
6,011855	0,000000	0,000000	0,000000E+0
6,011855	0,000000	0,000000	0,000000E+0
6,011855	0,000000	0,000000	0,000000E+0
6,011855	0,000000	0,000000	0,000000E+0
7,011266	0,000000	0,000000	0,000000E+0
7,011266	0,000000	0,000000	0,000000E+0
7,011266	0,000000	0,000000	0,000000E+0
7,011266	0,000000	0,000000	0,000000E+0
7,011266	0,000000	0,000000	0,000000E+0
7,011266	0,000000	0,000000	0,000000E+0
7,011266	0,000000	0,000000	0,000000E+0
7,011266	0,000000	0,000000	0,000000E+0
7,011266	0,000000	0,000000	0,000000E+0
7,011266	0,000000	0,000000	0,000000E+0
8,012694	0,000000	0,000000	0,000000E+0
8,012694	0,000000	0,000000	0,000000E+0
8,012694	0,000000	0,000000	0,000000E+0
8,012694	0,000000	0,000000	0,000000E+0
8,012694	0,000000	0,000000	0,000000E+0
8,012694	0,000000	0,000000	0,000000E+0
8,012694	0,000000	0,000000	0,000000E+0
8,012694	0,000000	0,000000	0,000000E+0
8,012694	0,000000	0,000000	0,000000E+0
8,012694	0,000000	0,000000	0,000000E+0
9,012109	0,000000	0,000000	0,000000E+0
9,012109	0,000000	0,000000	0,000000E+0
9,012109	0,000000	0,000000	0,000000E+0
9,012109	0,000000	0,000000	0,000000E+0
9,012109	0,000000	0,000000	0,000000E+0
9,012109	0,000000	0,000000	0,000000E+0
9,012109	0,000000	0,000000	0,000000E+0
9,012109	0,000000	0,000000	0,000000E+0
9,012109	0,000000	0,000000	0,000000E+0
9,012109	0,000000	0,000000	0,000000E+0
10,012531	0,000000	0,000000	0,000000E+0
10,012531	0,000000	0,000000	0,000000E+0
10,012531	0,000000	0,000000	0,000000E+0
10,012531	0,000000	0,000000	0,000000E+0
10,012531	0,000000	0,000000	0,000000E+0
10,012531	0,000000	0,000000	0,000000E+0
10,012531	0,000000	0,000000	0,000000E+0
10,012531	0,000000	0,000000	0,000000E+0
10,012531	0,000000	0,000000	0,000000E+0
10,012531	0,000000	0,000000	0,000000E+0
11,012959	0,000000	0,000000	0,000000E+0
11,012959	0,000000	0,000000	0,000000E+0
11,012959	0,000000	0,000000	0,000000E+0
11,012959	0,000000	0,000000	0,000000E+0
11,012959	0,000000	0,000000	0,000000E+0
11,012959	0,000000	0,000000	0,000000E+0
11,012959	0,000000	0,000000	0,000000E+0
11,012959	0,000000	0,000000	0,000000E+0
11,012959	0,000000	0,000000	0,000000E+0
11,012959	0,000000	0,000000	0,000000E+0
12,012387	0,000000	0,000000	0,000000E+0
12,012387	0,000000	0,000000	0,000000E+0
12,012387	0,000000	0,000000	0,000000E+0
12,012387	0,000000	0,000000	0,000000E+0
12,012387	0,000000	0,000000	0,000000E+0
12,012387	0,000000	0,000000	0,000000E+0
12,012387	11,800000	0,000000	0,000000E+0
12,012387	11,800000	0,000000	0,000000E+0
12,012387	11,800000	0,000000	0,000000E+0
12,012387	11,800000	0,000000	0,000000E+0
13,013823	11,800000	0,000000	0,000000E+0
13,013823	11,800000	0,000000	0,000000E+0
13,013823	11,800000	0,000000	0,000000E+0
13,013823	11,800000	0,000000	0,000000E+0
13,013823	11,800000	0,000000	0,000000E+0
13,013823	11,800000	0,000000	0,000000E+0
13,013823	56,599998	0,000000	0,000000E+0
13,013823	56,599998	0,000000	0,000000E+0
13,013823	56,599998	0,000000	0,000000E+0
13,013823	56,599998	0,000000	0,000000E+0
14,014231	56,599998	0,000000	0,000000E+0
14,014231	56,599998	0,000000	0,000000E+0
14,014231	56,599998	0,000000	0,000000E+0
14,014231	56,599998	0,000000	0,000000E+0
14,014231	56,599998	0,000000	0,000000E+0
14,014231	30,600000	0,000000	0,000000E+0
14,014231	30,600000	0,000000	0,000000E+0
14,014231	30,600000	0,000000	0,000000E+0
14,014231	30,600000	0,000000	0,000000E+0
14,014231	30,600000	0,000000	0,000000E+0
15,014659	30,600000	0,000000	0,000000E+0
15,014659	30,600000	0,000000	0,000000E+0
15,014659	30,600000	0,000000	0,000000E+0
15,014659	30,600000	0,000000	0,000000E+0
15,014659	30,600000	0,000000	0,000000E+0
15,014659	30,600000	0,000000	0,000000E+0
15,014659	49,800003	0,000000	0,000000E+0
15,014659	49,800003	0,000000	0,000000E+0
15,014659	49,800003	0,000000	0,000000E+0
15,014659	49,800003	0,000000	0,000000E+0
16,014104	49,800003	0,000000	0,000000E+0
16,014104	49,800003	0,000000	0,000000E+0
16,014104	49,800003	0,000000	0,000000E+0
16,014104	49,800003	0,000000	0,000000E+0
16,014104	49,800003	0,000000	0,000000E+0
16,014104	49,800003	0,000000	0,000000E+0
16,014104	49,800003	0,000000	0,000000E+0
16,014104	49,800003	0,000000	0,000000E+0
16,014104	49,800003	0,000000	0,000000E+0
16,014104	49,800003	0,000000	0,000000E+0
17,014516	7,100000	0,000000	0,000000E+0
17,014516	7,100000	0,000000	0,000000E+0
17,014516	7,100000	0,000000	0,000000E+0
17,014516	7,100000	0,000000	0,000000E+0
17,014516	7,100000	0,000000	0,000000E+0
17,014516	7,100000	0,000000	0,000000E+0
17,014516	7,100000	0,000000	0,000000E+0
17,014516	7,100000	0,000000	0,000000E+0
17,014516	7,100000	0,000000	0,000000E+0
17,014516	6,600000	0,000000	0,000000E+0
18,014936	6,600000	0,000000	0,000000E+0
18,014936	6,600000	0,000000	0,000000E+0
18,014936	6,600000	0,000000	0,000000E+0
18,014936	6,600000	0,000000	0,000000E+0
18,014936	6,600000	0,000000	0,000000E+0
18,014936	6,600000	0,000000	0,000000E+0
18,014936	6,600000	0,000000	0,000000E+0
18,014936	6,600000	0,000000	0,000000E+0
18,014936	6,600000	0,000000	0,000000E+0
18,014936	6,600000	0,000000	0,000000E+0
19,015365	9,700000	0,000000	0,000000E+0
19,015365	9,700000	0,000000	0,000000E+0
19,015365	9,700000	0,000000	0,000000E+0
19,015365	9,700000	0,000000	0,000000E+0
19,015365	9,700000	0,000000	0,000000E+0
19,015365	9,700000	0,000000	0,000000E+0
19,015365	9,700000	0,000000	0,000000E+0
19,015365	9,700000	0,000000	0,000000E+0
19,015365	9,700000	0,000000	0,000000E+0
19,015365	16,700001	0,000000	0,000000E+0
20,016809	16,700001	0,000000	0,000000E+0
20,016809	16,700001	0,000000	0,000000E+0
20,016809	16,700001	0,000000	0,000000E+0
20,016809	16,700001	0,000000	0,000000E+0
20,016809	16,700001	0,000000	0,000000E+0
20,016809	16,700001	0,000000	0,000000E+0
20,016809	16,700001	0,000000	0,000000E+0
20,016809	16,700001	0,000000	0,000000E+0
20,016809	16,700001	0,000000	0,000000E+0
20,016809	16,700001	0,000000	0,000000E+0
21,017213	16,700001	0,000000	0,000000E+0
21,017213	16,700001	0,000000	0,000000E+0
21,017213	16,199999	0,000000	0,000000E+0
21,017213	16,199999	0,000000	0,000000E+0
21,017213	16,199999	0,000000	0,000000E+0
21,017213	16,199999	0,000000	0,000000E+0
21,017213	16,199999	0,000000	0,000000E+0
21,017213	16,199999	0,000000	0,000000E+0
21,017213	16,199999	0,000000	0,000000E+0
21,017213	16,199999	0,000000	0,000000E+0
22,018645	16,199999	0,000000	0,000000E+0
22,018645	16,199999	0,000000	0,000000E+0
22,018645	16,199999	0,000000	0,000000E+0
22,018645	11,700000	0,000000	0,000000E+0
22,018645	11,700000	0,000000	0,000000E+0
22,018645	11,700000	0,000000	0,000000E+0
22,018645	11,700000	0,000000	0,000000E+0
22,018645	11,700000	0,000000	0,000000E+0
22,018645	11,700000	0,000000	0,000000E+0
22,018645	11,700000	0,000000	0,000000E+0
23,018108	11,700000	0,000000	0,000000E+0
23,018108	11,700000	0,000000	0,000000E+0
23,018108	11,700000	0,000000	0,000000E+0
23,018108	11,500000	0,000000	0,000000E+0
23,018108	11,500000	0,000000	0,000000E+0
23,018108	11,500000	0,000000	0,000000E+0
23,018108	11,500000	0,000000	0,000000E+0
23,018108	11,500000	0,000000	0,000000E+0
23,018108	11,500000	0,000000	0,000000E+0
23,018108	11,500000	0,000000	0,000000E+0
24,018489	11,500000	0,000000	0,000000E+0
24,018489	11,500000	0,000000	0,000000E+0
24,018489	11,500000	0,000000	0,000000E+0
24,018489	12,700000	0,000000	0,000000E+0
24,018489	12,700000	0,000000	0,000000E+0
24,018489	12,700000	0,000000	0,000000E+0
24,018489	12,700000	0,000000	0,000000E+0
24,018489	12,700000	0,000000	0,000000E+0
24,018489	12,700000	0,000000	0,000000E+0
24,018489	12,700000	0,000000	0,000000E+0
25,018980	12,700000	0,000000	0,000000E+0
25,018980	12,700000	0,000000	0,000000E+0
25,018980	12,700000	0,000000	0,000000E+0
25,018980	12,700000	0,000000	0,000000E+0
25,018980	12,700000	0,000000	0,000000E+0
25,018980	13,700001	0,000000	0,000000E+0
25,018980	13,700001	0,000000	0,000000E+0
25,018980	13,700001	0,000000	0,000000E+0
25,018980	13,700001	0,000000	0,000000E+0
25,018980	13,700001	0,000000	0,000000E+0
26,019410	13,700001	0,000000	0,000000E+0
26,019410	13,700001	0,000000	0,000000E+0
26,019410	13,700001	0,000000	0,000000E+0
26,019410	13,700001	0,000000	0,000000E+0
26,019410	13,700001	0,000000	0,000000E+0
26,019410	13,700001	0,000000	0,000000E+0
26,019410	13,700001	0,000000	0,000000E+0
26,019410	13,700001	0,000000	0,000000E+0
26,019410	13,700001	0,000000	0,000000E+0
26,019410	13,700000	0,000000	0,000000E+0
27,019813	13,700000	0,000000	0,000000E+0
27,019813	13,700000	0,000000	0,000000E+0
27,019813	13,700000	0,000000	0,000000E+0
27,019813	13,700000	0,000000	0,000000E+0
27,019813	13,700000	0,000000	0,000000E+0
27,019813	13,700000	0,000000	0,000000E+0
27,019813	13,700000	0,000000	0,000000E+0
27,019813	13,700000	0,000000	0,000000E+0
27,019813	13,700000	0,000000	0,000000E+0
27,019813	13,700000	0,000000	0,000000E+0
28,019247	13,700000	0,000000	0,000000E+0
28,019247	13,700000	0,000000	0,000000E+0
28,019247	12,600000	0,000000	0,000000E+0
28,019247	12,600000	0,000000	0,000000E+0
28,019247	12,600000	0,000000	0,000000E+0
28,019247	12,600000	0,000000	0,000000E+0
28,019247	12,600000	0,000000	0,000000E+0
28,019247	12,600000	0,000000	0,000000E+0
28,019247	12,600000	0,000000	0,000000E+0
28,019247	12,600000	0,000000	0,000000E+0
29,019252	12,900001	0,000000	0,000000E+0
29,019252	12,900001	0,000000	0,000000E+0
29,019252	12,900001	0,000000	0,000000E+0
29,019252	12,900001	0,000000	0,000000E+0
29,019252	12,900001	0,000000	0,000000E+0
29,019252	12,900001	0,000000	0,000000E+0
29,019252	12,900001	0,000000	0,000000E+0
29,019252	12,900001	0,000000	0,000000E+0
29,019252	12,900001	0,000000	0,000000E+0
29,019252	12,900001	0,000000	0,000000E+0
30,019684	13,500000	0,000000	0,000000E+0
30,019684	13,500000	0,000000	0,000000E+0
30,019684	13,500000	0,000000	0,000000E+0
30,019684	13,500000	0,000000	0,000000E+0
30,019684	13,500000	0,000000	0,000000E+0
30,019684	13,500000	0,000000	0,000000E+0
30,019684	13,500000	0,000000	0,000000E+0
30,019684	13,500000	80,000000	0,000000E+0
30,019684	13,500000	80,000000	0,000000E+0
30,019684	13,500000	80,000000	0,000000E+0
31,020144	13,500000	80,000000	0,000000E+0
31,020144	13,500000	80,000000	0,000000E+0
31,020144	13,200001	80,000000	0,000000E+0
31,020144	13,200001	80,000000	0,000000E+0
31,020144	13,200001	80,000000	0,000000E+0
31,020144	13,200001	80,000000	0,000000E+0
31,020144	13,200001	80,000000	0,000000E+0
31,020144	13,200001	80,000000	0,000000E+0
31,020144	13,200001	80,000000	0,000000E+0
31,020144	13,200001	80,000000	0,000000E+0
32,020569	13,200001	80,000000	0,000000E+0
32,020569	13,000000	80,000000	0,000000E+0
32,020569	13,000000	80,000000	0,000000E+0
32,020569	13,000000	80,000000	0,000000E+0
32,020569	13,000000	80,000000	0,000000E+0
32,020569	13,000000	80,000000	0,000000E+0
32,020569	13,000000	80,000000	0,000000E+0
32,020569	13,000000	80,000000	0,000000E+0
32,020569	13,000000	80,000000	0,000000E+0
32,020569	13,000000	80,000000	0,000000E+0
33,020963	13,000000	80,000000	0,000000E+0
33,020963	13,000000	80,000000	0,000000E+0
33,020963	13,000000	80,000000	0,000000E+0
33,020963	13,000000	80,000000	0,000000E+0
33,020963	13,000000	80,000000	0,000000E+0
33,020963	13,000000	80,000000	0,000000E+0
33,020963	13,000000	80,000000	0,000000E+0
33,020963	13,000000	80,000000	0,000000E+0
33,020963	13,000000	80,000000	0,000000E+0
33,020963	13,000000	80,000000	0,000000E+0
34,020428	13,000000	80,000000	0,000000E+0
34,020428	13,200001	80,000000	0,000000E+0
34,020428	13,200001	80,000000	0,000000E+0
34,020428	13,200001	80,000000	0,000000E+0
34,020428	13,200001	80,000000	0,000000E+0
34,020428	13,200001	80,000000	0,000000E+0
34,020428	13,200001	80,000000	0,000000E+0
34,020428	13,200001	80,000000	0,000000E+0
34,020428	13,200001	80,000000	0,000000E+0
34,020428	13,200001	80,000000	0,000000E+0
35,020518	13,300000	80,000000	0,000000E+0
35,020518	13,300000	80,000000	0,000000E+0
35,020518	13,300000	80,000000	0,000000E+0
35,020518	13,300000	80,000000	0,000000E+0
35,020518	13,300000	80,000000	0,000000E+0
35,020518	13,300000	80,000000	0,000000E+0
35,020518	13,300000	80,000000	0,000000E+0
35,020518	13,300000	80,000000	0,000000E+0
35,020518	13,300000	80,000000	0,000000E+0
35,020518	13,300000	80,000000	0,000000E+0
36,020950	13,300000	80,000000	0,000000E+0
36,020950	13,200001	80,000000	0,000000E+0
36,020950	13,200001	80,000000	0,000000E+0
36,020950	13,200001	80,000000	0,000000E+0
36,020950	13,200001	80,000000	0,000000E+0
36,020950	13,200001	80,000000	0,000000E+0
36,020950	13,200001	80,000000	0,000000E+0
36,020950	13,200001	80,000000	1,072099E-3
36,020950	13,200001	80,000000	1,072099E-3
36,020950	13,200001	80,000000	1,072099E-3
37,020344	13,200001	80,000000	2,144198E-3
37,020344	13,200001	80,000000	2,144198E-3
37,020344	13,200001	80,000000	3,216296E-3
37,020344	13,200001	80,000000	3,216296E-3
37,020344	13,200001	80,000000	4,288395E-3
37,020344	13,200001	80,000000	5,360494E-3
37,020344	13,200001	80,000000	6,432593E-3
37,020344	13,200001	80,000000	6,432593E-3
37,020344	13,200001	80,000000	7,504691E-3
37,020344	13,200001	80,000000	8,576790E-3
38,021804	13,200001	80,000000	8,576790E-3
38,021804	13,200001	80,000000	9,648889E-3
38,021804	13,400001	80,000000	1,072099E-2
38,021804	13,400001	80,000000	1,072099E-2
38,021804	13,400001	80,000000	1,173948E-2
38,021804	13,400001	80,000000	1,173948E-2
38,021804	13,400001	80,000000	1,173948E-2
38,021804	13,400001	80,000000	1,280837E-2
38,021804	13,400001	80,000000	1,387726E-2
38,021804	13,400001	80,000000	1,494615E-2
39,021187	13,400001	80,000000	1,494615E-2
39,021187	13,400001	80,000000	1,601504E-2
39,021187	13,400001	80,000000	1,708393E-2
39,021187	13,400001	80,000000	1,815281E-2
39,021187	13,400001	80,000000	1,922170E-2
39,021187	13,400001	80,000000	2,029059E-2
39,021187	13,400001	80,000000	2,135948E-2
39,021187	13,400001	80,000000	2,135948E-2
39,021187	13,400001	80,000000	2,242837E-2
39,021187	13,400001	80,000000	2,242837E-2
40,022675	13,400001	80,000000	2,349726E-2
40,022675	13,800000	80,000000	2,349726E-2
40,022675	13,800000	80,000000	2,445894E-2
40,022675	13,800000	80,000000	2,552141E-2
40,022675	13,800000	80,000000	2,658388E-2
40,022675	13,800000	80,000000	2,764635E-2
40,022675	13,800000	80,000000	2,764635E-2
40,022675	13,800000	80,000000	2,870881E-2
40,022675	13,800000	80,000000	2,977128E-2
40,022675	13,800000	80,000000	2,977128E-2
41,023093	14,099999	80,000000	3,083375E-2
41,023093	14,099999	80,000000	3,083375E-2
41,023093	14,099999	80,000000	3,181581E-2
41,023093	14,099999	80,000000	3,287347E-2
41,023093	14,099999	80,000000	3,287347E-2
41,023093	14,099999	80,000000	3,393112E-2
41,023093	14,099999	80,000000	3,393112E-2
41,023093	14,099999	80,000000	3,498878E-2
41,023093	14,099999	80,000000	3,604643E-2
41,023093	14,099999	80,000000	3,604643E-2
42,023555	14,099999	80,000000	3,710409E-2
42,023555	14,200001	80,000000	3,816174E-2
42,023555	14,200001	80,000000	3,919259E-2
42,023555	14,200001	80,000000	3,919259E-2
42,023555	14,200001	80,000000	4,024864E-2
42,023555	14,200001	80,000000	4,130469E-2
42,023555	14,200001	80,000000	4,236074E-2
42,023555	14,200001	80,000000	4,341679E-2
42,023555	14,200001	80,000000	4,447284E-2
42,023555	14,200001	80,000000	4,447284E-2
43,023902	14,500000	80,000000	4,552889E-2
43,023902	14,500000	80,000000	4,552889E-2
43,023902	14,500000	80,000000	4,552889E-2
43,023902	14,500000	80,000000	4,650453E-2
43,023902	14,500000	80,000000	4,755577E-2
43,023902	14,500000	80,000000	4,860700E-2
43,023902	14,500000	80,000000	4,965823E-2
43,023902	14,500000	80,000000	5,070947E-2
43,023902	14,500000	80,000000	5,070947E-2
43,023902	14,500000	80,000000	5,176070E-2
44,023388	14,500000	80,000000	5,176070E-2
44,023388	15,000000	80,000000	5,281194E-2
44,023388	15,000000	80,000000	5,372916E-2
44,023388	15,000000	80,000000	5,372916E-2
44,023388	15,000000	80,000000	5,477237E-2
44,023388	15,000000	80,000000	5,477237E-2
44,023388	15,000000	80,000000	5,477237E-2
44,023388	15,000000	80,000000	5,581558E-2
44,023388	15,000000	80,000000	5,581558E-2
44,023388	15,000000	80,000000	5,685879E-2
45,023737	15,000000	80,000000	5,790200E-2
45,023737	15,000000	80,000000	5,894521E-2
45,023737	15,000000	80,000000	5,998842E-2
45,023737	15,000000	80,000000	5,998842E-2
45,023737	15,000000	80,000000	6,103163E-2
45,023737	15,700000	80,000000	6,188722E-2
45,023737	15,700000	80,000000	6,291920E-2
45,023737	15,700000	80,000000	6,395117E-2
45,023737	15,700000	80,000000	6,395117E-2
45,023737	15,700000	80,000000	6,395117E-2
46,024185	15,700000	80,000000	6,498315E-2
46,024185	15,700000	80,000000	6,498315E-2
46,024185	15,700000	80,000000	6,601512E-2
46,024185	15,700000	80,000000	6,704710E-2
46,024185	15,700000	80,000000	6,807907E-2
46,024185	15,700000	80,000000	6,807907E-2
46,024185	16,200001	80,000000	6,911105E-2
46,024185	16,200001	80,000000	7,000901E-2
46,024185	16,200001	80,000000	7,000901E-2
46,024185	16,200001	80,000000	7,103296E-2
47,024594	16,200001	80,000000	7,205691E-2
47,024594	16,200001	80,000000	7,308086E-2
47,024594	16,200001	80,000000	7,308086E-2
47,024594	16,200001	80,000000	7,410481E-2
47,024594	16,200001	80,000000	7,410481E-2
47,024594	16,600000	80,000000	7,512877E-2
47,024594	16,600000	80,000000	7,512877E-2
47,024594	16,600000	80,000000	7,604551E-2
47,024594	16,600000	80,000000	7,706304E-2
47,024594	16,600000	80,000000	7,706304E-2
48,025022	16,600000	80,000000	7,808057E-2
48,025022	16,600000	80,000000	7,909810E-2
48,025022	16,600000	80,000000	8,011563E-2
48,025022	16,600000	80,000000	8,113316E-2
48,025022	16,600000	80,000000	8,113316E-2
48,025022	17,500000	80,000000	8,215069E-2
48,025022	17,500000	80,000000	8,292700E-2
48,025022	17,500000	80,000000	8,292700E-2
48,025022	17,500000	80,000000	8,393009E-2
48,025022	17,500000	80,000000	8,393009E-2
49,024468	17,500000	80,000000	8,493317E-2
49,024468	17,500000	80,000000	8,493317E-2
49,024468	17,500000	80,000000	8,593626E-2
49,024468	17,500000	80,000000	8,693935E-2
49,024468	17,500000	80,000000	8,794243E-2
49,024468	17,500000	80,000000	8,894552E-2
49,024468	17,500000	80,000000	8,894552E-2
49,024468	17,500000	80,000000	8,994860E-2
49,024468	18,600000	80,000000	8,994860E-2
49,024468	18,600000	80,000000	9,065686E-2
50,024932	18,600000	80,000000	9,164230E-2
50,024932	18,600000	80,000000	9,262773E-2
50,024932	18,600000	80,000000	9,361316E-2
50,024932	18,600000	80,000000	9,459859E-2
50,024932	18,600000	80,000000	9,459859E-2
50,024932	18,600000	80,000000	9,459859E-2
50,024932	18,600000	80,000000	9,459859E-2
50,024932	18,600000	80,000000	9,558402E-2
50,024932	18,600000	80,000000	9,656946E-2
50,024932	18,600000	80,000000	9,656946E-2
51,024309	20,500000	80,000000	9,755489E-2
51,024309	20,500000	80,000000	9,803107E-2
51,024309	20,500000	80,000000	9,803107E-2
51,024309	20,500000	80,000000	9,898601E-2
51,024309	20,500000	80,000000	9,994095E-2
51,024309	20,500000	80,000000	9,994095E-2
51,024309	20,500000	80,000000	1,008959E-1
51,024309	20,500000	80,000000	1,018508E-1
51,024309	20,500000	80,000000	1,018508E-1
51,024309	20,500000	80,000000	1,028058E-1
52,024705	21,500000	80,000000	1,028058E-1
52,024705	21,500000	80,000000	1,028058E-1
52,024705	21,500000	80,000000	1,034927E-1
52,024705	21,500000	80,000000	1,044316E-1
52,024705	21,500000	80,000000	1,044316E-1
52,024705	21,500000	80,000000	1,053705E-1
52,024705	21,500000	80,000000	1,063093E-1
52,024705	21,500000	80,000000	1,072482E-1
52,024705	21,500000	80,000000	1,081871E-1
52,024705	23,299999	80,000000	1,081871E-1
53,024156	23,299999	80,000000	1,086436E-1
53,024156	23,299999	80,000000	1,095536E-1
53,024156	23,299999	80,000000	1,104636E-1
53,024156	23,299999	80,000000	1,113736E-1
53,024156	23,299999	80,000000	1,113736E-1
53,024156	23,299999	80,000000	1,113736E-1
53,024156	23,299999	80,000000	1,122836E-1
53,024156	23,299999	80,000000	1,122836E-1
53,024156	23,299999	80,000000	1,131936E-1
53,024156	25,600000	80,000000	1,141036E-1
54,024612	25,600000	80,000000	1,143971E-1
54,024612	25,600000	80,000000	1,152702E-1
54,024612	25,600000	80,000000	1,161433E-1
54,024612	25,600000	80,000000	1,170164E-1
54,024612	25,600000	80,000000	1,170164E-1
54,024612	25,600000	80,000000	1,178895E-1
54,024612	25,600000	80,000000	1,187625E-1
54,024612	25,600000	80,000000	1,196356E-1
54,024612	25,600000	80,000000	1,196356E-1
54,024612	25,600000	80,000000	1,205087E-1
55,024991	25,600000	80,000000	1,205087E-1
55,024991	25,600000	80,000000	1,205087E-1
55,024991	25,600000	80,000000	1,213818E-1
55,024991	25,600000	80,000000	1,213818E-1
55,024991	25,600000	80,000000	1,222549E-1
55,024991	27,700001	80,000000	1,222549E-1
55,024991	27,700001	80,000000	1,225651E-1
55,024991	27,700001	80,000000	1,234045E-1
55,024991	27,700001	80,000000	1,234045E-1
55,024991	27,700001	80,000000	1,242439E-1
56,024410	27,700001	80,000000	1,250833E-1
56,024410	27,700001	80,000000	1,259227E-1
56,024410	27,700001	80,000000	1,259227E-1
56,024410	27,700001	80,000000	1,267620E-1
56,024410	27,700001	80,000000	1,267620E-1
56,024410	27,700001	80,000000	1,276014E-1
56,024410	27,700001	80,000000	1,276014E-1
56,024410	33,400002	80,000000	1,269131E-1
56,024410	33,400002	80,000000	1,276610E-1
56,024410	33,400002	80,000000	1,276610E-1
57,024852	33,400002	80,000000	1,284089E-1
57,024852	33,400002	80,000000	1,291568E-1
57,024852	33,400002	80,000000	1,299047E-1
57,024852	33,400002	80,000000	1,299047E-1
57,024852	33,400002	80,000000	1,306526E-1
57,024852	33,400002	80,000000	1,306526E-1
57,024852	37,000000	80,000000	1,314005E-1
57,024852	37,000000	80,000000	1,311835E-1
57,024852	37,000000	80,000000	1,318736E-1
57,024852	37,000000	80,000000	1,318736E-1
58,024272	37,000000	80,000000	1,325637E-1
58,024272	37,000000	80,000000	1,325637E-1
58,024272	37,000000	80,000000	1,325637E-1
58,024272	37,000000	80,000000	1,332539E-1
58,024272	37,000000	80,000000	1,332539E-1
58,024272	37,000000	80,000000	1,339440E-1
58,024272	40,400002	80,000000	1,346341E-1
58,024272	40,400002	80,000000	1,344129E-1
58,024272	40,400002	80,000000	1,350485E-1
58,024272	40,400002	80,000000	1,350485E-1
59,024696	40,400002	80,000000	1,356840E-1
59,024696	40,400002	80,000000	1,363196E-1
59,024696	40,400002	80,000000	1,369552E-1
59,024696	40,400002	80,000000	1,375907E-1
59,024696	40,400002	80,000000	1,375907E-1
59,024696	40,400002	80,000000	1,382263E-1
59,024696	40,400002	80,000000	1,382263E-1
59,024696	43,900002	80,000000	1,379237E-1
59,024696	43,900002	80,000000	1,385031E-1
59,024696	43,900002	80,000000	1,385031E-1
60,024115	43,900002	80,000000	1,390825E-1
60,024115	43,900002	80,000000	1,396619E-1
60,024115	43,900002	80,000000	1,402413E-1
60,024115	43,900002	80,000000	1,402413E-1
60,024115	43,900002	80,000000	1,408207E-1
60,024115	43,900002	80,000000	1,414000E-1
60,024115	43,900002	80,000000	1,419794E-1
60,024115	43,900002	80,000000	1,419794E-1
60,024115	43,900002	80,000000	1,425588E-1
60,024115	43,900002	80,000000	1,425588E-1
61,024522	43,900002	80,000000	1,425588E-1
61,024522	47,700001	80,000000	1,421197E-1
61,024522	47,700001	80,000000	1,421197E-1
61,024522	47,700001	80,000000	1,426381E-1
61,024522	47,700001	80,000000	1,431565E-1
61,024522	47,700001	80,000000	1,436749E-1
61,024522	47,700001	80,000000	1,441933E-1
61,024522	47,700001	80,000000	1,447117E-1
61,024522	47,700001	80,000000	1,447117E-1
61,024522	47,700001	80,000000	1,452301E-1
62,025009	47,700001	80,000000	1,457485E-1
62,025009	52,500000	80,000000	1,462669E-1
62,025009	52,500000	80,000000	1,462669E-1
62,025009	52,500000	80,000000	1,454987E-1
62,025009	52,500000	80,000000	1,454987E-1
62,025009	52,500000	80,000000	1,459401E-1
62,025009	52,500000	80,000000	1,459401E-1
62,025009	52,500000	80,000000	1,463814E-1
62,025009	52,500000	80,000000	1,468228E-1
62,025009	52,500000	80,000000	1,468228E-1
63,024389	56,900002	80,000000	1,472642E-1
63,024389	56,900002	80,000000	1,465262E-1
63,024389	56,900002	80,000000	1,465262E-1
63,024389	56,900002	80,000000	1,468969E-1
63,024389	56,900002	80,000000	1,472677E-1
63,024389	56,900002	80,000000	1,476384E-1
63,024389	56,900002	80,000000	1,476384E-1
63,024389	56,900002	80,000000	1,480092E-1
63,024389	56,900002	80,000000	1,483799E-1
63,024389	56,900002	80,000000	1,483799E-1
64,024842	58,200001	80,000000	1,487507E-1
64,024842	58,200001	80,000000	1,487507E-1
64,024842	58,200001	80,000000	1,487730E-1
64,024842	58,200001	80,000000	1,487730E-1
64,024842	58,200001	80,000000	1,491228E-1
64,024842	58,200001	80,000000	1,494727E-1
64,024842	58,200001	80,000000	1,498226E-1
64,024842	58,200001	80,000000	1,501725E-1
64,024842	58,200001	80,000000	1,501725E-1
64,024842	58,200001	80,000000	1,505223E-1
65,024288	61,000000	80,000000	1,508722E-1
65,024288	61,000000	80,000000	1,504716E-1
65,024288	61,000000	80,000000	1,504716E-1
65,024288	61,000000	80,000000	1,507766E-1
65,024288	61,000000	80,000000	1,507766E-1
65,024288	61,000000	80,000000	1,510815E-1
65,024288	61,000000	80,000000	1,510815E-1
65,024288	61,000000	80,000000	1,513864E-1
65,024288	61,000000	80,000000	1,516914E-1
65,024288	61,000000	80,000000	1,519963E-1
66,024663	61,000000	80,000000	1,519963E-1
66,024663	61,000000	80,000000	1,523013E-1
66,024663	61,000000	80,000000	1,526062E-1
66,024663	63,300003	80,000000	1,526062E-1
66,024663	63,300003	80,000000	1,522947E-1
66,024663	63,300003	80,000000	1,522947E-1
66,024663	63,300003	80,000000	1,525627E-1
66,024663	63,300003	80,000000	1,528307E-1
66,024663	63,300003	80,000000	1,528307E-1
66,024663	63,300003	80,000000	1,528307E-1
67,024584	63,300003	80,000000	1,530988E-1
67,024584	63,300003	80,000000	1,530988E-1
67,024584	63,300003	80,000000	1,533668E-1
67,024584	63,300003	80,000000	1,536348E-1
67,024584	65,500000	80,000000	1,533132E-1
67,024584	65,500000	80,000000	1,535459E-1
67,024584	65,500000	80,000000	1,535459E-1
67,024584	65,500000	80,000000	1,537786E-1
67,024584	65,500000	80,000000	1,540113E-1
67,024584	65,500000	80,000000	1,540113E-1
68,026046	65,500000	80,000000	1,542440E-1
68,026046	65,500000	80,000000	1,544768E-1
68,026046	65,500000	80,000000	1,547095E-1
68,026046	65,500000	80,000000	1,547095E-1
68,026046	65,500000	80,000000	1,547095E-1
68,026046	66,900002	80,000000	1,549422E-1
68,026046	66,900002	80,000000	1,549422E-1
68,026046	66,900002	80,000000	1,547997E-1
68,026046	66,900002	80,000000	1,550099E-1
68,026046	66,900002	80,000000	1,552202E-1
69,025471	66,900002	80,000000	1,554304E-1
69,025471	66,900002	80,000000	1,554304E-1
69,025471	66,900002	80,000000	1,556407E-1
69,025471	66,900002	80,000000	1,558509E-1
69,025471	68,599998	80,000000	1,560611E-1
69,025471	68,599998	80,000000	1,560611E-1
69,025471	68,599998	80,000000	1,558158E-1
69,025471	68,599998	80,000000	1,559987E-1
69,025471	68,599998	80,000000	1,559987E-1
69,025471	68,599998	80,000000	1,561817E-1
70,025859	68,599998	80,000000	1,561817E-1
70,025859	68,599998	80,000000	1,561817E-1
70,025859	68,599998	80,000000	1,563646E-1
70,025859	68,599998	80,000000	1,563646E-1
70,025859	68,599998	80,000000	1,565476E-1
70,025859	69,900002	80,000000	1,567306E-1
70,025859	69,900002	80,000000	1,567306E-1
70,025859	69,900002	80,000000	1,565651E-1
70,025859	69,900002	80,000000	1,567272E-1
70,025859	69,900002	80,000000	1,567272E-1
71,025288	69,900002	80,000000	1,568893E-1
71,025288	69,900002	80,000000	1,570514E-1
71,025288	69,900002	80,000000	1,572135E-1
71,025288	69,900002	80,000000	1,573756E-1
71,025288	69,900002	80,000000	1,573756E-1
71,025288	69,900002	80,000000	1,575377E-1
71,025288	69,900002	80,000000	1,575377E-1
71,025288	70,699997	80,000000	1,574854E-1
71,025288	70,699997	80,000000	1,576346E-1
71,025288	70,699997	80,000000	1,576346E-1
72,025733	70,699997	80,000000	1,577839E-1
72,025733	70,699997	80,000000	1,579331E-1
72,025733	70,699997	80,000000	1,580824E-1
72,025733	70,699997	80,000000	1,582317E-1
72,025733	70,699997	80,000000	1,583809E-1
72,025733	70,699997	80,000000	1,583809E-1
72,025733	70,699997	80,000000	1,585302E-1
72,025733	70,699997	80,000000	1,585302E-1
72,025733	70,699997	80,000000	1,586794E-1
72,025733	70,699997	80,000000	1,586794E-1
73,026114	70,699997	80,000000	1,588287E-1
73,026114	70,699997	80,000000	1,588287E-1
73,026114	70,699997	80,000000	1,589780E-1
73,026114	70,699997	80,000000	1,591272E-1
73,026114	70,699997	80,000000	1,592765E-1
73,026114	70,699997	80,000000	1,594257E-1
73,026114	70,699997	80,000000	1,594257E-1
73,026114	73,300003	80,000000	1,595750E-1
73,026114	73,300003	80,000000	1,595750E-1
73,026114	73,300003	80,000000	1,590274E-1
74,026569	73,300003	80,000000	1,591349E-1
74,026569	73,300003	80,000000	1,592425E-1
74,026569	73,300003	80,000000	1,592425E-1
74,026569	73,300003	80,000000	1,593500E-1
74,026569	73,300003	80,000000	1,593500E-1
74,026569	73,300003	80,000000	1,594575E-1
74,026569	73,300003	80,000000	1,594575E-1
74,026569	73,300003	80,000000	1,595650E-1
74,026569	73,300003	80,000000	1,596726E-1
74,026569	74,199997	80,000000	1,596726E-1
75,026978	74,199997	80,000000	1,595389E-1
75,026978	74,199997	80,000000	1,596320E-1
75,026978	74,199997	80,000000	1,596320E-1
75,026978	74,199997	80,000000	1,597251E-1
75,026978	74,199997	80,000000	1,598181E-1
75,026978	74,199997	80,000000	1,599112E-1
75,026978	74,199997	80,000000	1,600043E-1
75,026978	74,199997	80,000000	1,600974E-1
75,026978	74,199997	80,000000	1,600974E-1
75,026978	74,199997	80,000000	1,601905E-1
76,026383	74,199997	80,000000	1,601905E-1
76,026383	74,199997	80,000000	1,601905E-1
76,026383	74,199997	80,000000	1,602836E-1
76,026383	74,199997	80,000000	1,603767E-1
76,026383	74,199997	80,000000	1,604698E-1
76,026383	74,199997	80,000000	1,605628E-1
76,026383	74,199997	80,000000	1,605628E-1
76,026383	74,199997	80,000000	1,606559E-1
76,026383	74,900002	80,000000	1,605614E-1
76,026383	74,900002	80,000000	1,606432E-1
77,026878	74,900002	80,000000	1,607251E-1
77,026878	74,900002	80,000000	1,607251E-1
77,026878	74,900002	80,000000	1,608069E-1
77,026878	74,900002	80,000000	1,608888E-1
77,026878	74,900002	80,000000	1,608888E-1
77,026878	74,900002	80,000000	1,609707E-1
77,026878	74,900002	80,000000	1,609707E-1
77,026878	74,900002	80,000000	1,609707E-1
77,026878	74,900002	80,000000	1,610525E-1
77,026878	74,900002	80,000000	1,611344E-1
78,027313	75,400002	80,000000	1,610822E-1
78,027313	75,400002	80,000000	1,611560E-1
78,027313	75,400002	80,000000	1,611560E-1
78,027313	75,400002	80,000000	1,612299E-1
78,027313	75,400002	80,000000	1,613037E-1
78,027313	75,400002	80,000000	1,613037E-1
78,027313	75,400002	80,000000	1,613775E-1
78,027313	75,400002	80,000000	1,614513E-1
78,027313	75,400002	80,000000	1,615252E-1
78,027313	75,400002	80,000000	1,615252E-1
79,027639	75,400002	80,000000	1,615252E-1
79,027639	75,400002	80,000000	1,615990E-1
79,027639	76,300003	80,000000	1,615990E-1
79,027639	76,300003	80,000000	1,614316E-1
79,027639	76,300003	80,000000	1,614910E-1
79,027639	76,300003	80,000000	1,615504E-1
79,027639	76,300003	80,000000	1,616097E-1
79,027639	76,300003	80,000000	1,616097E-1
79,027639	76,300003	80,000000	1,616691E-1
79,027639	76,300003	80,000000	1,617285E-1
80,027114	76,300003	80,000000	1,617285E-1
80,027114	76,300003	80,000000	1,617879E-1
80,027114	76,700005	80,000000	1,618473E-1
80,027114	76,700005	80,000000	1,618473E-1
80,027114	76,700005	80,000000	1,618473E-1
80,027114	76,700005	80,000000	1,617994E-1
80,027114	76,700005	80,000000	1,617994E-1
80,027114	76,700005	80,000000	1,618524E-1
80,027114	76,700005	80,000000	1,619054E-1
80,027114	76,700005	80,000000	1,619583E-1
81,028569	76,700005	80,000000	1,620113E-1
81,028569	76,700005	80,000000	1,620113E-1
81,028569	76,599998	80,000000	1,620643E-1
81,028569	76,599998	80,000000	1,621440E-1
81,028569	76,599998	80,000000	1,621986E-1
81,028569	76,599998	80,000000	1,621986E-1
81,028569	76,599998	80,000000	1,622532E-1
81,028569	76,599998	80,000000	1,623077E-1
81,028569	76,599998	80,000000	1,623623E-1
81,028569	76,599998	80,000000	1,623623E-1
82,028038	76,599998	80,000000	1,623623E-1
82,028038	76,599998	80,000000	1,624169E-1
82,028038	77,000000	80,000000	1,624169E-1
82,028038	77,000000	80,000000	1,623642E-1
82,028038	77,000000	80,000000	1,624124E-1
82,028038	77,000000	80,000000	1,624605E-1
82,028038	77,000000	80,000000	1,625087E-1
82,028038	77,000000	80,000000	1,625568E-1
82,028038	77,000000	80,000000	1,625568E-1
82,028038	77,000000	80,000000	1,626050E-1
83,028544	77,000000	80,000000	1,626531E-1
83,028544	77,000000	80,000000	1,626531E-1
83,028544	77,199997	80,000000	1,627013E-1
83,028544	77,199997	80,000000	1,626958E-1
83,028544	77,199997	80,000000	1,626958E-1
83,028544	77,199997	80,000000	1,627407E-1
83,028544	77,199997	80,000000	1,627407E-1
83,028544	77,199997	80,000000	1,627407E-1
83,028544	77,199997	80,000000	1,627857E-1
83,028544	77,199997	80,000000	1,628306E-1
84,028906	77,199997	80,000000	1,628756E-1
84,028906	77,199997	80,000000	1,628756E-1
84,028906	77,199997	80,000000	1,629205E-1
84,028906	77,199997	80,000000	1,629654E-1
84,028906	77,199997	80,000000	1,629654E-1
84,028906	77,199997	80,000000	1,630104E-1
84,028906	77,199997	80,000000	1,630104E-1
84,028906	77,199997	80,000000	1,630553E-1
84,028906	78,000000	80,000000	1,631002E-1
84,028906	78,000000	80,000000	1,631002E-1
85,029324	78,000000	80,000000	1,629308E-1
85,029324	78,000000	80,000000	1,629308E-1
85,029324	78,000000	80,000000	1,629308E-1
85,029324	78,000000	80,000000	1,629629E-1
85,029324	78,000000	80,000000	1,629950E-1
85,029324	78,000000	80,000000	1,630271E-1
85,029324	78,000000	80,000000	1,630271E-1
85,029324	78,000000	80,000000	1,630592E-1
85,029324	77,699997	80,000000	1,630913E-1
85,029324	77,699997	80,000000	1,632038E-1
86,029764	77,699997	80,000000	1,632038E-1
86,029764	77,699997	80,000000	1,632407E-1
86,029764	77,699997	80,000000	1,632776E-1
86,029764	77,699997	80,000000	1,632776E-1
86,029764	77,699997	80,000000	1,633145E-1
86,029764	77,699997	80,000000	1,633145E-1
86,029764	77,699997	80,000000	1,633145E-1
86,029764	77,699997	80,000000	1,633514E-1
86,029764	77,800003	80,000000	1,633883E-1
86,029764	77,800003	80,000000	1,633883E-1
87,029233	77,800003	80,000000	1,633984E-1
87,029233	77,800003	80,000000	1,634338E-1
87,029233	77,800003	80,000000	1,634691E-1
87,029233	77,800003	80,000000	1,634691E-1
87,029233	77,800003	80,000000	1,635044E-1
87,029233	77,800003	80,000000	1,635397E-1
87,029233	77,800003	80,000000	1,635397E-1
87,029233	78,200005	80,000000	1,635750E-1
87,029233	78,200005	80,000000	1,635031E-1
87,029233	78,200005	80,000000	1,635031E-1
88,029602	78,200005	80,000000	1,635320E-1
88,029602	78,200005	80,000000	1,635320E-1
88,029602	78,200005	80,000000	1,635320E-1
88,029602	78,200005	80,000000	1,635609E-1
88,029602	78,200005	80,000000	1,635898E-1
88,029602	78,200005	80,000000	1,636186E-1
88,029602	78,200005	80,000000	1,636475E-1
88,029602	78,200005	80,000000	1,636764E-1
88,029602	78,200005	80,000000	1,636764E-1
88,029602	78,200005	80,000000	1,637053E-1
88,029602	78,300003	80,000000	1,637053E-1
89,030069	78,300003	80,000000	1,637074E-1
89,030069	78,300003	80,000000	1,637074E-1
89,030069	78,300003	80,000000	1,637347E-1
89,030069	78,300003	80,000000	1,637347E-1
89,030069	78,300003	80,000000	1,637620E-1
89,030069	78,300003	80,000000	1,637620E-1
89,030069	78,300003	80,000000	1,637892E-1
89,030069	78,300003	80,000000	1,638165E-1
89,030069	78,300003	80,000000	1,638165E-1
90,030481	78,300003	80,000000	1,638438E-1
90,030481	78,400002	80,000000	1,638711E-1
90,030481	78,400002	80,000000	1,638716E-1
90,030481	78,400002	80,000000	1,638716E-1
90,030481	78,400002	80,000000	1,638973E-1
90,030481	78,400002	80,000000	1,639229E-1
90,030481	78,400002	80,000000	1,639486E-1
90,030481	78,400002	80,000000	1,639486E-1
90,030481	78,400002	80,000000	1,639743E-1
90,030481	78,400002	80,000000	1,639743E-1
90,030481	78,400002	80,000000	1,640000E-1
91,030865	78,500000	80,000000	1,640000E-1
91,030865	78,500000	80,000000	1,639988E-1
91,030865	78,500000	80,000000	1,640229E-1
91,030865	78,500000	80,000000	1,640470E-1
91,030865	78,500000	80,000000	1,640470E-1
91,030865	78,500000	80,000000	1,640711E-1
91,030865	78,500000	80,000000	1,640951E-1
91,030865	78,500000	80,000000	1,641192E-1
91,030865	78,500000	80,000000	1,641192E-1
91,030865	78,500000	80,000000	1,641433E-1
92,030349	78,400002	80,000000	1,641674E-1
92,030349	78,400002	80,000000	1,641674E-1
92,030349	78,400002	80,000000	1,642182E-1
92,030349	78,400002	80,000000	1,642182E-1
92,030349	78,400002	80,000000	1,642439E-1
92,030349	78,400002	80,000000	1,642439E-1
92,030349	78,400002	80,000000	1,642696E-1
92,030349	78,400002	80,000000	1,642953E-1
92,030349	78,400002	80,000000	1,643210E-1
93,030781	78,400002	80,000000	1,643210E-1
93,030781	78,800003	80,000000	1,643466E-1
93,030781	78,800003	80,000000	1,642651E-1
93,030781	78,800003	80,000000	1,642651E-1
93,030781	78,800003	80,000000	1,642844E-1
93,030781	78,800003	80,000000	1,643036E-1
93,030781	78,800003	80,000000	1,643229E-1
93,030781	78,800003	80,000000	1,643421E-1
93,030781	78,800003	80,000000	1,643614E-1
93,030781	78,800003	80,000000	1,643614E-1
93,030781	78,800003	80,000000	1,643614E-1
94,030189	78,800003	80,000000	1,643807E-1
94,030189	78,800003	80,000000	1,643807E-1
94,030189	78,800003	80,000000	1,643999E-1
94,030189	78,800003	80,000000	1,643999E-1
94,030189	78,899994	80,000000	1,644192E-1
94,030189	78,899994	80,000000	1,644116E-1
94,030189	78,899994	80,000000	1,644116E-1
94,030189	78,899994	80,000000	1,644293E-1
94,030189	78,899994	80,000000	1,644469E-1
94,030189	78,899994	80,000000	1,644646E-1
95,030648	78,899994	80,000000	1,644823E-1
95,030648	78,899994	80,000000	1,644999E-1
95,030648	78,899994	80,000000	1,644999E-1
95,030648	78,899994	80,000000	1,645176E-1
95,030648	78,899994	80,000000	1,645176E-1
95,030648	78,899994	80,000000	1,645176E-1
95,030648	78,699997	80,000000	1,645352E-1
95,030648	78,699997	80,000000	1,645352E-1
95,030648	78,699997	80,000000	1,646065E-1
95,030648	78,699997	80,000000	1,646273E-1
96,030055	78,699997	80,000000	1,646482E-1
96,030055	78,699997	80,000000	1,646482E-1
96,030055	78,699997	80,000000	1,646691E-1
96,030055	78,699997	80,000000	1,646899E-1
96,030055	78,699997	80,000000	1,646899E-1
96,030055	79,100006	80,000000	1,647108E-1
96,030055	79,100006	80,000000	1,646245E-1
96,030055	79,100006	80,000000	1,646389E-1
96,030055	79,100006	80,000000	1,646389E-1
96,030055	79,100006	80,000000	1,646533E-1
97,030460	79,100006	80,000000	1,646533E-1
97,030460	79,100006	80,000000	1,646533E-1
97,030460	79,100006	80,000000	1,646678E-1
97,030460	79,100006	80,000000	1,646822E-1
97,030460	79,100006	80,000000	1,646967E-1
97,030460	78,900002	80,000000	1,647647E-1
97,030460	78,900002	80,000000	1,647824E-1
97,030460	78,900002	80,000000	1,647824E-1
97,030460	78,900002	80,000000	1,648000E-1
97,030460	78,900002	80,000000	1,648177E-1
98,031863	78,900002	80,000000	1,648353E-1
98,031863	78,900002	80,000000	1,648353E-1
98,031863	78,900002	80,000000	1,648530E-1
98,031863	78,900002	80,000000	1,648530E-1
98,031863	78,900002	80,000000	1,648707E-1
98,031863	78,900002	80,000000	1,648707E-1
98,031863	78,699997	80,000000	1,649419E-1
98,031863	78,699997	80,000000	1,649628E-1
98,031863	78,699997	80,000000	1,649836E-1
98,031863	78,699997	80,000000	1,649836E-1
99,032360	78,699997	80,000000	1,650045E-1
99,032360	78,699997	80,000000	1,650254E-1
99,032360	78,699997	80,000000	1,650254E-1
99,032360	78,699997	80,000000	1,650462E-1
99,032360	78,699997	80,000000	1,650671E-1
99,032360	78,699997	80,000000	1,650880E-1
99,032360	78,699997	80,000000	1,651088E-1
99,032360	79,500000	80,000000	1,651088E-1
99,032360	79,500000	80,000000	1,651088E-1
99,032360	79,500000	80,000000	1,649153E-1
100,032737	79,500000	80,000000	1,649153E-1
100,032737	79,500000	80,000000	1,649233E-1
100,032737	79,500000	80,000000	1,649233E-1
100,032737	79,500000	80,000000	1,649313E-1
100,032737	79,500000	80,000000	1,649393E-1
100,032737	79,500000	80,000000	1,649393E-1
100,032737	79,500000	80,000000	1,649474E-1
100,032737	79,500000	80,000000	1,649554E-1
100,032737	79,500000	80,000000	1,649634E-1
100,032737	79,599998	80,000000	1,649446E-1
101,033172	79,599998	80,000000	1,649511E-1
101,033172	79,599998	80,000000	1,649575E-1
101,033172	79,599998	80,000000	1,649575E-1
101,033172	79,599998	80,000000	1,649575E-1
101,033172	79,599998	80,000000	1,649639E-1
101,033172	79,599998	80,000000	1,649639E-1
101,033172	79,599998	80,000000	1,649703E-1
101,033172	79,599998	80,000000	1,649767E-1
101,033172	79,599998	80,000000	1,649832E-1
101,033172	79,599998	80,000000	1,649896E-1
102,033487	79,300003	80,000000	1,649896E-1
102,033487	79,300003	80,000000	1,650764E-1
102,033487	79,300003	80,000000	1,650876E-1
102,033487	79,300003	80,000000	1,650989E-1
102,033487	79,300003	80,000000	1,651101E-1
102,033487	79,300003	80,000000	1,651213E-1
102,033487	79,300003	80,000000	1,651213E-1
102,033487	79,300003	80,000000	1,651326E-1
102,033487	79,300003	80,000000	1,651326E-1
102,033487	79,400002	80,000000	1,651438E-1
103,033872	79,400002	80,000000	1,651438E-1
103,033872	79,400002	80,000000	1,651282E-1
103,033872	79,400002	80,000000	1,651379E-1
103,033872	79,400002	80,000000	1,651379E-1
103,033872	79,400002	80,000000	1,651475E-1
103,033872	79,400002	80,000000	1,651571E-1
103,033872	79,400002	80,000000	1,651668E-1
103,033872	79,400002	80,000000	1,651668E-1
103,033872	79,400002	80,000000	1,651764E-1
103,033872	79,500000	80,000000	1,651860E-1
104,033323	79,500000	80,000000	1,651688E-1
104,033323	79,500000	80,000000	1,651769E-1
104,033323	79,500000	80,000000	1,651769E-1
104,033323	79,500000	80,000000	1,651769E-1
104,033323	79,500000	80,000000	1,651849E-1
104,033323	79,500000	80,000000	1,651849E-1
104,033323	79,500000	80,000000	1,651929E-1
104,033323	79,500000	80,000000	1,651929E-1
104,033323	79,500000	80,000000	1,652009E-1
104,033323	79,500000	80,000000	1,652090E-1
105,033804	79,500000	80,000000	1,652170E-1
105,033804	79,500000	80,000000	1,652170E-1
105,033804	79,500000	80,000000	1,652250E-1
105,033804	79,500000	80,000000	1,652330E-1
105,033804	79,500000	80,000000	1,652411E-1
105,033804	79,500000	80,000000	1,652411E-1
105,033804	79,500000	80,000000	1,652491E-1
105,033804	79,500000	80,000000	1,652571E-1
105,033804	79,500000	80,000000	1,652571E-1
105,033804	79,500000	80,000000	1,652651E-1
106,033220	79,500000	80,000000	1,652651E-1
106,033220	79,500000	80,000000	1,652732E-1
106,033220	79,500000	80,000000	1,652732E-1
106,033220	79,500000	80,000000	1,652812E-1
106,033220	79,500000	80,000000	1,652892E-1
106,033220	79,500000	80,000000	1,652972E-1
106,033220	79,500000	80,000000	1,652972E-1
106,033220	79,500000	80,000000	1,653053E-1
106,033220	79,500000	80,000000	1,653133E-1
106,033220	79,500000	80,000000	1,653213E-1
107,033669	79,500000	80,000000	1,653213E-1
107,033669	79,500000	80,000000	1,653293E-1
107,033669	79,500000	80,000000	1,653374E-1
107,033669	79,500000	80,000000	1,653374E-1
107,033669	79,099998	80,000000	1,654526E-1
107,033669	79,099998	80,000000	1,654526E-1
107,033669	79,099998	80,000000	1,654670E-1
107,033669	79,099998	80,000000	1,654670E-1
107,033669	79,099998	80,000000	1,654815E-1
107,033669	79,099998	80,000000	1,654959E-1
108,034045	79,099998	80,000000	1,655104E-1
108,034045	79,099998	80,000000	1,655248E-1
108,034045	79,099998	80,000000	1,655248E-1
108,034045	79,400002	80,000000	1,655393E-1
108,034045	79,400002	80,000000	1,654733E-1
108,034045	79,400002	80,000000	1,654829E-1
108,034045	79,400002	80,000000	1,654829E-1
108,034045	79,400002	80,000000	1,654926E-1
108,034045	79,400002	80,000000	1,654926E-1
108,034045	79,400002	80,000000	1,655022E-1
109,034246	79,400002	80,000000	1,655022E-1
109,034246	79,400002	80,000000	1,655118E-1
109,034246	79,400002	80,000000	1,655215E-1
109,034246	79,400002	80,000000	1,655215E-1
109,034246	79,699997	80,000000	1,655311E-1
109,034246	79,699997	80,000000	1,654603E-1
109,034246	79,699997	80,000000	1,654603E-1
109,034246	79,699997	80,000000	1,654651E-1
109,034246	79,699997	80,000000	1,654699E-1
109,034246	79,699997	80,000000	1,654699E-1
110,034506	79,699997	80,000000	1,654748E-1
110,034506	79,699997	80,000000	1,654796E-1
110,034506	79,699997	80,000000	1,654844E-1
110,034506	79,699997	80,000000	1,654844E-1
110,034506	79,699997	80,000000	1,654844E-1
110,034506	79,699997	80,000000	1,654892E-1
110,034506	79,699997	80,000000	1,654892E-1
110,034506	79,699997	80,000000	1,654940E-1
110,034506	79,699997	80,000000	1,654988E-1
110,034506	79,699997	80,000000	1,655036E-1
111,034993	79,699997	80,000000	1,655085E-1
111,034993	79,699997	80,000000	1,655085E-1
111,034993	79,699997	80,000000	1,655133E-1
111,034993	79,699997	80,000000	1,655181E-1
111,034993	79,699997	80,000000	1,655181E-1
111,034993	79,699997	80,000000	1,655229E-1
111,034993	79,699997	80,000000	1,655277E-1
111,034993	79,699997	80,000000	1,655325E-1
111,034993	79,699997	80,000000	1,655325E-1
111,034993	79,199997	80,000000	1,656714E-1
112,035383	79,199997	80,000000	1,656714E-1
112,035383	79,199997	80,000000	1,656842E-1
112,035383	79,199997	80,000000	1,656970E-1
112,035383	79,199997	80,000000	1,657099E-1
112,035383	79,199997	80,000000	1,657099E-1
112,035383	79,199997	80,000000	1,657227E-1
112,035383	79,199997	80,000000	1,657356E-1
112,035383	79,199997	80,000000	1,657356E-1
112,035383	79,699997	80,000000	1,657484E-1
112,035383	79,699997	80,000000	1,656272E-1
113,035819	79,699997	80,000000	1,656320E-1
113,035819	79,699997	80,000000	1,656369E-1
113,035819	79,699997	80,000000	1,656417E-1
113,035819	79,699997	80,000000	1,656417E-1
113,035819	79,699997	80,000000	1,656417E-1
113,035819	79,699997	80,000000	1,656465E-1
113,035819	79,699997	80,000000	1,656465E-1
113,035819	79,699997	80,000000	1,656513E-1
113,035819	79,699997	80,000000	1,656561E-1
113,035819	79,699997	80,000000	1,656609E-1
114,035187	79,699997	80,000000	1,656657E-1
114,035187	79,699997	80,000000	1,656657E-1
114,035187	79,699997	80,000000	1,656706E-1
114,035187	79,699997	80,000000	1,656754E-1
114,035187	79,699997	80,000000	1,656754E-1
114,035187	79,699997	80,000000	1,656802E-1
114,035187	79,699997	80,000000	1,656850E-1
114,035187	79,699997	80,000000	1,656898E-1
114,035187	79,699997	80,000000	1,656898E-1
114,035187	79,800003	80,000000	1,656678E-1
115,035635	79,800003	80,000000	1,656678E-1
115,035635	79,800003	80,000000	1,656710E-1
115,035635	79,800003	80,000000	1,656742E-1
115,035635	79,800003	80,000000	1,656775E-1
115,035635	79,800003	80,000000	1,656775E-1
115,035635	79,800003	80,000000	1,656807E-1
115,035635	79,800003	80,000000	1,656839E-1
115,035635	79,800003	80,000000	1,656839E-1
115,035635	79,800003	80,000000	1,656871E-1
115,035635	79,800003	80,000000	1,656903E-1
116,035078	80,399994	80,000000	1,655327E-1
116,035078	80,399994	80,000000	1,655327E-1
116,035078	80,399994	80,000000	1,655263E-1
116,035078	80,399994	80,000000	1,655263E-1
116,035078	80,399994	80,000000	1,655199E-1
116,035078	80,399994	80,000000	1,655199E-1
116,035078	80,399994	80,000000	1,655134E-1
116,035078	80,399994	80,000000	1,655070E-1
116,035078	80,399994	80,000000	1,655006E-1
116,035078	80,399994	80,000000	1,654942E-1
117,035509	80,399994	80,000000	1,654942E-1
117,035509	80,399994	80,000000	1,654878E-1
117,035509	80,399994	80,000000	1,654813E-1
117,035509	80,399994	80,000000	1,654813E-1
117,035509	80,399994	80,000000	1,654749E-1
117,035509	80,399994	80,000000	1,654685E-1
117,035509	80,399994	80,000000	1,654621E-1
117,035509	79,199997	80,000000	1,654621E-1
117,035509	79,199997	80,000000	1,654621E-1
117,035509	79,199997	80,000000	1,657773E-1
118,035903	79,199997	80,000000	1,657773E-1
118,035903	79,199997	80,000000	1,657901E-1
118,035903	79,199997	80,000000	1,658030E-1
118,035903	79,199997	80,000000	1,658158E-1
118,035903	79,199997	80,000000	1,658286E-1
118,035903	79,199997	80,000000	1,658286E-1
118,035903	79,199997	80,000000	1,658415E-1
118,035903	79,199997	80,000000	1,658415E-1
118,035903	79,600006	80,000000	1,658543E-1
118,035903	79,600006	80,000000	1,657599E-1
119,035335	79,600006	80,000000	1,657664E-1
119,035335	79,600006	80,000000	1,657664E-1
119,035335	79,600006	80,000000	1,657728E-1
119,035335	79,600006	80,000000	1,657728E-1
119,035335	79,600006	80,000000	1,657792E-1
119,035335	79,600006	80,000000	1,657792E-1
119,035335	79,600006	80,000000	1,657856E-1
119,035335	79,799995	80,000000	1,657384E-1
119,035335	79,799995	80,000000	1,657384E-1
119,035335	79,799995	80,000000	1,657417E-1
120,035814	79,799995	80,000000	1,657449E-1
120,035814	79,799995	80,000000	1,657481E-1
120,035814	79,799995	80,000000	1,657481E-1
120,035814	79,799995	80,000000	1,657513E-1
120,035814	79,799995	80,000000	1,657545E-1
120,035814	79,799995	80,000000	1,657577E-1
120,035814	79,799995	80,000000	1,657577E-1
120,035814	79,900002	80,000000	1,657609E-1
120,035814	79,900002	80,000000	1,657609E-1
120,035814	79,900002	80,000000	1,657373E-1
121,035175	79,900002	80,000000	1,657373E-1
121,035175	79,900002	80,000000	1,657389E-1
121,035175	79,900002	80,000000	1,657405E-1
121,035175	79,900002	80,000000	1,657405E-1
121,035175	79,900002	80,000000	1,657421E-1
121,035175	79,900002	80,000000	1,657437E-1
121,035175	79,900002	80,000000	1,657453E-1
121,035175	79,900002	80,000000	1,657470E-1
121,035175	79,900002	80,000000	1,657486E-1
121,035175	79,599998	80,000000	1,657486E-1
122,036305	79,599998	80,000000	1,658306E-1
122,036305	79,599998	80,000000	1,658370E-1
122,036305	79,599998	80,000000	1,658434E-1
122,036305	79,599998	80,000000	1,658434E-1
122,036305	79,599998	80,000000	1,658434E-1
122,036305	79,599998	80,000000	1,658498E-1
122,036305	79,599998	80,000000	1,658498E-1
122,036305	79,599998	80,000000	1,658498E-1
122,036305	79,599998	80,000000	1,658562E-1
122,036305	79,599998	80,000000	1,658627E-1
123,036753	79,599998	80,000000	1,658691E-1
123,036753	79,599998	80,000000	1,658755E-1
123,036753	79,599998	80,000000	1,658819E-1
123,036753	79,599998	80,000000	1,658883E-1
123,036753	79,599998	80,000000	1,658948E-1
123,036753	79,599998	80,000000	1,658948E-1
123,036753	80,099998	80,000000	1,657672E-1
123,036753	80,099998	80,000000	1,657656E-1
123,036753	80,099998	80,000000	1,657656E-1
123,036753	80,099998	80,000000	1,657640E-1
124,036159	80,099998	80,000000	1,657640E-1
124,036159	80,099998	80,000000	1,657624E-1
124,036159	80,099998	80,000000	1,657608E-1
124,036159	80,099998	80,000000	1,657608E-1
124,036159	80,099998	80,000000	1,657591E-1
124,036159	79,399994	80,000000	1,657575E-1
124,036159	79,399994	80,000000	1,657575E-1
124,036159	79,399994	80,000000	1,659436E-1
124,036159	79,399994	80,000000	1,659532E-1
124,036159	79,399994	80,000000	1,659628E-1
125,036556	79,399994	80,000000	1,659724E-1
125,036556	79,399994	80,000000	1,659821E-1
125,036556	79,399994	80,000000	1,659917E-1
125,036556	79,399994	80,000000	1,659917E-1
125,036556	79,399994	80,000000	1,659917E-1
125,036556	79,500000	80,000000	1,660013E-1
125,036556	79,500000	80,000000	1,660013E-1
125,036556	79,500000	80,000000	1,659842E-1
125,036556	79,500000	80,000000	1,659922E-1
125,036556	79,500000	80,000000	1,660002E-1
126,036973	79,500000	80,000000	1,660082E-1
126,036973	79,500000	80,000000	1,660163E-1
126,036973	79,500000	80,000000	1,660163E-1
126,036973	79,500000	80,000000	1,660243E-1
126,036973	79,500000	80,000000	1,660323E-1
126,036973	79,599998	80,000000	1,660135E-1
126,036973	79,599998	80,000000	1,660200E-1
126,036973	79,599998	80,000000	1,660264E-1
126,036973	79,599998	80,000000	1,660264E-1
126,036973	79,599998	80,000000	1,660328E-1
127,037392	79,599998	80,000000	1,660328E-1
127,037392	79,599998	80,000000	1,660328E-1
127,037392	79,599998	80,000000	1,660392E-1
127,037392	79,599998	80,000000	1,660456E-1
127,037392	79,599998	80,000000	1,660521E-1
127,037392	79,599998	80,000000	1,660521E-1
127,037392	79,599998	80,000000	1,660521E-1
127,037392	79,599998	80,000000	1,660585E-1
127,037392	79,899994	80,000000	1,660585E-1
127,037392	79,899994	80,000000	1,659845E-1
128,037863	79,899994	80,000000	1,659861E-1
128,037863	79,899994	80,000000	1,659861E-1
128,037863	79,899994	80,000000	1,659877E-1
128,037863	79,899994	80,000000	1,659877E-1
128,037863	79,899994	80,000000	1,659893E-1
128,037863	79,899994	80,000000	1,659893E-1
128,037863	79,899994	80,000000	1,659909E-1
128,037863	79,899994	80,000000	1,659925E-1
128,037863	79,900002	80,000000	1,659941E-1
128,037863	79,900002	80,000000	1,659941E-1
129,038242	79,900002	80,000000	1,659957E-1
129,038242	79,900002	80,000000	1,659973E-1
129,038242	79,900002	80,000000	1,659973E-1
129,038242	79,900002	80,000000	1,659989E-1
129,038242	79,900002	80,000000	1,660005E-1
129,038242	79,900002	80,000000	1,660021E-1
129,038242	79,900002	80,000000	1,660021E-1
129,038242	79,900002	80,000000	1,660037E-1
129,038242	79,900002	80,000000	1,660037E-1
129,038242	79,699997	80,000000	1,660053E-1
130,038741	79,699997	80,000000	1,660053E-1
130,038741	79,699997	80,000000	1,660606E-1
130,038741	79,699997	80,000000	1,660654E-1
130,038741	79,699997	80,000000	1,660702E-1
130,038741	79,699997	80,000000	1,660702E-1
130,038741	79,699997	80,000000	1,660750E-1
130,038741	79,699997	80,000000	1,660798E-1
130,038741	79,699997	80,000000	1,660846E-1
130,038741	79,699997	80,000000	1,660846E-1
130,038741	42,000000	80,000000	1,660894E-1
131,039073	42,000000	80,000000	1,761988E-1
131,039073	42,000000	80,000000	1,768087E-1
131,039073	42,000000	80,000000	1,774185E-1
131,039073	42,000000	80,000000	1,774185E-1
131,039073	42,000000	80,000000	1,780284E-1
131,039073	42,000000	80,000000	1,780284E-1
131,039073	42,000000	80,000000	1,786383E-1
131,039073	42,000000	80,000000	1,786383E-1
131,039073	42,000000	80,000000	1,792482E-1
131,039073	30,400002	80,000000	1,829671E-1
132,039518	30,400002	80,000000	1,837632E-1
132,039518	30,400002	80,000000	1,845592E-1
132,039518	30,400002	80,000000	1,845592E-1
132,039518	30,400002	80,000000	1,853553E-1
132,039518	30,400002	80,000000	1,861513E-1
132,039518	30,400002	80,000000	1,869474E-1
132,039518	30,400002	80,000000	1,869474E-1
132,039518	30,400002	80,000000	1,877434E-1
132,039518	30,400002	80,000000	1,877434E-1
132,039518	30,400002	80,000000	1,885395E-1
133,040994	30,400002	80,000000	1,885395E-1
133,040994	30,400002	80,000000	1,893355E-1
133,040994	30,400002	80,000000	1,893355E-1
133,040994	37,599998	80,000000	1,901316E-1
133,040994	37,599998	80,000000	1,889979E-1
133,040994	37,599998	80,000000	1,896783E-1
133,040994	37,599998	80,000000	1,896783E-1
133,040994	37,599998	80,000000	1,903588E-1
133,040994	37,599998	80,000000	1,910393E-1
133,040994	37,599998	80,000000	1,910393E-1
134,041376	37,599998	80,000000	1,917198E-1
134,041376	37,599998	80,000000	1,924003E-1
134,041376	37,599998	80,000000	1,930808E-1
134,041376	37,599998	80,000000	1,930808E-1
134,041376	37,599998	80,000000	1,930808E-1
134,041376	0,000000	80,000000	1,937613E-1
134,041376	0,000000	80,000000	1,937613E-1
134,041376	0,000000	80,000000	2,045195E-1
134,041376	0,000000	80,000000	2,058035E-1
134,041376	0,000000	80,000000	2,070874E-1
135,042792	0,000000	80,000000	2,070874E-1
135,042792	0,000000	80,000000	2,083714E-1
135,042792	0,000000	80,000000	2,096553E-1
135,042792	0,000000	80,000000	2,109393E-1
135,042792	0,000000	80,000000	2,122232E-1
135,042792	0,000000	80,000000	2,122232E-1
135,042792	0,000000	80,000000	2,135072E-1
135,042792	0,000000	80,000000	2,147911E-1
135,042792	0,000000	80,000000	2,147911E-1
135,042792	0,000000	80,000000	2,160751E-1
136,042199	0,000000	80,000000	2,160751E-1
136,042199	0,000000	80,000000	2,173590E-1
136,042199	0,000000	80,000000	2,186430E-1
136,042199	0,000000	80,000000	2,199269E-1
136,042199	0,000000	80,000000	2,199269E-1
136,042199	0,000000	80,000000	2,212109E-1
136,042199	0,000000	80,000000	2,224948E-1
136,042199	0,000000	80,000000	2,237788E-1
136,042199	0,000000	80,000000	2,237788E-1
136,042199	0,000000	80,000000	2,250627E-1
137,042625	0,000000	80,000000	2,263467E-1
137,042625	0,000000	80,000000	2,276306E-1
137,042625	0,000000	80,000000	2,276306E-1
137,042625	0,000000	80,000000	2,289146E-1
137,042625	0,000000	80,000000	2,289146E-1
137,042625	0,000000	80,000000	2,289146E-1
137,042625	0,000000	80,000000	2,301985E-1
137,042625	0,000000	80,000000	2,314825E-1
137,042625	0,000000	80,000000	2,327664E-1
137,042625	0,000000	80,000000	2,327664E-1
138,042050	0,000000	80,000000	2,340504E-1
138,042050	0,000000	80,000000	2,353343E-1
138,042050	0,000000	80,000000	2,353343E-1
138,042050	0,000000	80,000000	2,366183E-1
138,042050	0,000000	80,000000	2,379022E-1
138,042050	0,000000	80,000000	2,379022E-1
138,042050	0,000000	80,000000	2,391862E-1
138,042050	0,000000	80,000000	2,404702E-1
138,042050	0,000000	80,000000	2,404702E-1
138,042050	0,000000	80,000000	2,417541E-1
139,042471	0,000000	80,000000	2,417541E-1
139,042471	0,000000	80,000000	2,430381E-1
139,042471	0,000000	80,000000	2,430381E-1
139,042471	0,000000	80,000000	2,443220E-1
139,042471	0,000000	80,000000	2,443220E-1
139,042471	0,000000	80,000000	2,456060E-1
139,042471	0,000000	80,000000	2,468899E-1
139,042471	0,000000	80,000000	2,481739E-1
139,042471	0,000000	80,000000	2,494578E-1
139,042471	0,000000	80,000000	2,507418E-1
140,042901	0,000000	80,000000	2,520257E-1
140,042901	0,000000	80,000000	2,533097E-1
140,042901	0,000000	80,000000	2,533097E-1
140,042901	0,000000	80,000000	2,545936E-1
140,042901	0,000000	80,000000	2,545936E-1
140,042901	0,000000	80,000000	2,545936E-1
140,042901	0,000000	80,000000	2,558776E-1
140,042901	0,000000	80,000000	2,571615E-1
140,042901	0,000000	80,000000	2,571615E-1
140,042901	0,000000	80,000000	2,571615E-1
141,043344	0,000000	80,000000	2,584455E-1
141,043344	0,000000	80,000000	2,597294E-1
141,043344	0,000000	80,000000	0,000000E+0
141,043344	0,000000	80,000000	0,000000E+0
141,043344	0,000000	80,000000	0,000000E+0
141,043344	0,000000	80,000000	0,000000E+0
141,043344	0,000000	80,000000	0,000000E+0
141,043344	0,000000	80,000000	0,000000E+0
141,043344	0,000000	80,000000	0,000000E+0
141,043344	0,000000	80,000000	0,000000E+0
142,043766	0,000000	80,000000	0,000000E+0
142,043766	0,000000	80,000000	0,000000E+0
142,043766	0,000000	80,000000	0,000000E+0
142,043766	0,000000	80,000000	0,000000E+0
142,043766	0,000000	80,000000	0,000000E+0
142,043766	0,000000	80,000000	0,000000E+0
142,043766	0,000000	80,000000	0,000000E+0
142,043766	0,000000	80,000000	0,000000E+0
142,043766	0,000000	80,000000	0,000000E+0
142,043766	0,000000	80,000000	0,000000E+0
143,043167	0,000000	80,000000	0,000000E+0
143,043167	0,000000	80,000000	0,000000E+0
143,043167	0,000000	80,000000	0,000000E+0
143,043167	0,000000	80,000000	0,000000E+0
143,043167	0,000000	80,000000	0,000000E+0
143,043167	0,000000	80,000000	0,000000E+0
143,043167	0,000000	80,000000	0,000000E+0
143,043167	0,000000	80,000000	0,000000E+0
143,043167	0,000000	80,000000	0,000000E+0
143,043167	0,000000	80,000000	0,000000E+0
144,043637	0,000000	80,000000	0,000000E+0
144,043637	0,000000	80,000000	0,000000E+0
144,043637	0,000000	80,000000	0,000000E+0
144,043637	0,000000	80,000000	0,000000E+0
144,043637	0,000000	80,000000	0,000000E+0
144,043637	0,000000	80,000000	0,000000E+0
144,043637	0,000000	80,000000	0,000000E+0
144,043637	0,000000	80,000000	0,000000E+0
144,043637	0,000000	80,000000	0,000000E+0
144,043637	0,000000	80,000000	0,000000E+0
145,043028	0,000000	80,000000	0,000000E+0
145,043028	0,000000	80,000000	0,000000E+0
145,043028	0,000000	80,000000	0,000000E+0
145,043028	0,000000	80,000000	0,000000E+0
145,043028	0,000000	80,000000	0,000000E+0
145,043028	0,000000	80,000000	0,000000E+0
145,043028	0,000000	80,000000	0,000000E+0
145,043028	0,000000	80,000000	0,000000E+0
145,043028	0,000000	0,000000	0,000000E+0
145,043028	0,000000	0,000000	0,000000E+0
146,044461	0,000000	0,000000	0,000000E+0
146,044461	0,000000	0,000000	0,000000E+0
146,044461	0,000000	0,000000	0,000000E+0
146,044461	0,000000	0,000000	0,000000E+0
146,044461	0,000000	0,000000	0,000000E+0
146,044461	0,000000	0,000000	0,000000E+0
146,044461	0,000000	0,000000	0,000000E+0
146,044461	0,000000	0,000000	0,000000E+0
146,044461	0,000000	0,000000	0,000000E+0
146,044461	0,000000	0,000000	0,000000E+0
147,044873	0,000000	0,000000	0,000000E+0
147,044873	0,000000	0,000000	0,000000E+0
147,044873	0,000000	0,000000	0,000000E+0
147,044873	0,000000	0,000000	0,000000E+0
147,044873	0,000000	0,000000	0,000000E+0
147,044873	0,000000	0,000000	0,000000E+0
147,044873	0,000000	0,000000	0,000000E+0
147,044873	0,000000	0,000000	0,000000E+0
147,044873	0,000000	0,000000	0,000000E+0
147,044873	0,000000	0,000000	0,000000E+0
148,044318	0,000000	0,000000	0,000000E+0
148,044318	0,000000	0,000000	0,000000E+0
148,044318	0,000000	0,000000	0,000000E+0
148,044318	0,000000	0,000000	0,000000E+0
148,044318	0,000000	0,000000	0,000000E+0
148,044318	0,000000	0,000000	0,000000E+0
148,044318	0,000000	0,000000	0,000000E+0
148,044318	0,000000	0,000000	0,000000E+0
148,044318	0,000000	0,000000	0,000000E+0
148,044318	0,000000	0,000000	0,000000E+0
149,044778	0,000000	0,000000	0,000000E+0
149,044778	0,000000	0,000000	0,000000E+0
149,044778	0,000000	0,000000	0,000000E+0
149,044778	0,000000	0,000000	0,000000E+0
149,044778	0,000000	0,000000	0,000000E+0
149,044778	0,000000	0,000000	0,000000E+0
149,044778	0,000000	0,000000	0,000000E+0
149,044778	0,000000	0,000000	0,000000E+0
149,044778	0,000000	0,000000	0,000000E+0
149,044778	0,000000	0,000000	0,000000E+0
150,045146	0,000000	0,000000	0,000000E+0
150,045146	0,000000	0,000000	0,000000E+0
150,045146	0,000000	0,000000	0,000000E+0
150,045146	0,000000	0,000000	0,000000E+0
150,045146	0,000000	0,000000	0,000000E+0
150,045146	0,000000	0,000000	0,000000E+0
150,045146	0,000000	0,000000	0,000000E+0
150,045146	0,000000	0,000000	0,000000E+0
150,045146	0,000000	0,000000	0,000000E+0
150,045146	0,000000	0,000000	0,000000E+0
151,045578	0,000000	0,000000	0,000000E+0
151,045578	0,000000	0,000000	0,000000E+0
151,045578	0,000000	0,000000	0,000000E+0
151,045578	0,000000	0,000000	0,000000E+0
151,045578	0,000000	0,000000	0,000000E+0
151,045578	0,000000	0,000000	0,000000E+0
151,045578	0,000000	0,000000	0,000000E+0
151,045578	0,000000	0,000000	0,000000E+0
151,045578	0,000000	0,000000	0,000000E+0
151,045578	0,000000	0,000000	0,000000E+0
152,045997	0,000000	0,000000	0,000000E+0
152,045997	0,000000	0,000000	0,000000E+0
152,045997	0,000000	0,000000	0,000000E+0
152,045997	0,000000	0,000000	0,000000E+0
152,045997	0,000000	0,000000	0,000000E+0
152,045997	0,000000	0,000000	0,000000E+0
152,045997	0,000000	0,000000	0,000000E+0
152,045997	0,000000	0,000000	0,000000E+0
152,045997	0,000000	0,000000	0,000000E+0
152,045997	0,000000	0,000000	0,000000E+0
153,045445	0,000000	0,000000	0,000000E+0
153,045445	0,000000	0,000000	0,000000E+0
153,045445	0,000000	0,000000	0,000000E+0
153,045445	0,000000	0,000000	0,000000E+0
153,045445	0,000000	0,000000	0,000000E+0
153,045445	0,000000	0,000000	0,000000E+0
153,045445	0,000000	0,000000	0,000000E+0
153,045445	0,000000	0,000000	0,000000E+0
153,045445	0,000000	0,000000	0,000000E+0
153,045445	0,000000	0,000000	0,000000E+0
154,045856	0,000000	0,000000	0,000000E+0
154,045856	0,000000	0,000000	0,000000E+0
154,045856	0,000000	0,000000	0,000000E+0
154,045856	0,000000	0,000000	0,000000E+0
154,045856	0,000000	0,000000	0,000000E+0
154,045856	0,000000	0,000000	0,000000E+0
154,045856	0,000000	0,000000	0,000000E+0
154,045856	0,000000	0,000000	0,000000E+0
154,045856	0,000000	0,000000	0,000000E+0
154,045856	0,000000	0,000000	0,000000E+0
155,045272	0,000000	0,000000	0,000000E+0
155,045272	0,000000	0,000000	0,000000E+0
155,045272	0,000000	0,000000	0,000000E+0
155,045272	0,000000	0,000000	0,000000E+0
155,045272	0,000000	0,000000	0,000000E+0
155,045272	0,000000	0,000000	0,000000E+0
155,045272	0,000000	0,000000	0,000000E+0
155,045272	0,000000	0,000000	0,000000E+0
155,045272	0,000000	0,000000	0,000000E+0
155,045272	0,000000	0,000000	0,000000E+0
156,045703	0,000000	0,000000	0,000000E+0
156,045703	0,000000	0,000000	0,000000E+0
156,045703	0,000000	0,000000	0,000000E+0
156,045703	0,000000	0,000000	0,000000E+0
156,045703	0,000000	0,000000	0,000000E+0
156,045703	0,000000	0,000000	0,000000E+0
156,045703	0,000000	0,000000	0,000000E+0
156,045703	0,000000	0,000000	0,000000E+0
156,045703	0,000000	0,000000	0,000000E+0
156,045703	0,000000	0,000000	0,000000E+0
157,045150	0,000000	0,000000	0,000000E+0
157,045150	0,000000	0,000000	0,000000E+0
157,045150	0,000000	0,000000	0,000000E+0
157,045150	0,000000	0,000000	0,000000E+0
157,045150	0,000000	0,000000	0,000000E+0
157,045150	0,000000	0,000000	0,000000E+0
157,045150	0,000000	0,000000	0,000000E+0
157,045150	0,000000	0,000000	0,000000E+0
157,045150	0,000000	0,000000	0,000000E+0
157,045150	0,000000	0,000000	0,000000E+0
158,045558	0,000000	0,000000	0,000000E+0
158,045558	0,000000	0,000000	0,000000E+0
158,045558	0,000000	0,000000	0,000000E+0
158,045558	0,000000	0,000000	0,000000E+0
158,045558	0,000000	0,000000	0,000000E+0
158,045558	0,000000	0,000000	0,000000E+0
158,045558	0,000000	0,000000	0,000000E+0
158,045558	0,000000	0,000000	0,000000E+0
158,045558	0,000000	0,000000	0,000000E+0
158,045558	0,000000	0,000000	0,000000E+0
159,046973	0,000000	0,000000	0,000000E+0
159,046973	0,000000	0,000000	0,000000E+0
159,046973	0,000000	0,000000	0,000000E+0
159,046973	0,000000	0,000000	0,000000E+0
159,046973	0,000000	0,000000	0,000000E+0
159,046973	0,000000	0,000000	0,000000E+0
159,046973	0,000000	0,000000	0,000000E+0
159,046973	0,000000	0,000000	0,000000E+0
159,046973	0,000000	0,000000	0,000000E+0
159,046973	0,000000	0,000000	0,000000E+0
160,047395	0,000000	0,000000	0,000000E+0
160,047395	0,000000	0,000000	0,000000E+0
160,047395	0,000000	0,000000	0,000000E+0
160,047395	0,000000	0,000000	0,000000E+0
160,047395	0,000000	0,000000	0,000000E+0
160,047395	0,000000	0,000000	0,000000E+0
160,047395	0,000000	0,000000	0,000000E+0
160,047395	0,000000	0,000000	0,000000E+0
160,047395	0,000000	0,000000	0,000000E+0
160,047395	0,000000	0,000000	0,000000E+0
161,047821	0,000000	0,000000	0,000000E+0
161,047821	0,000000	0,000000	0,000000E+0
161,047821	0,000000	0,000000	0,000000E+0
161,047821	0,000000	0,000000	0,000000E+0
161,047821	0,000000	0,000000	0,000000E+0
161,047821	0,000000	0,000000	0,000000E+0
161,047821	0,000000	0,000000	0,000000E+0
161,047821	0,000000	0,000000	0,000000E+0
161,047821	0,000000	0,000000	0,000000E+0
161,047821	0,000000	0,000000	0,000000E+0
162,048251	0,000000	0,000000	0,000000E+0
162,048251	0,000000	0,000000	0,000000E+0
162,048251	0,000000	0,000000	0,000000E+0
162,048251	0,000000	0,000000	0,000000E+0
162,048251	0,000000	0,000000	0,000000E+0
162,048251	0,000000	0,000000	0,000000E+0
162,048251	0,000000	0,000000	0,000000E+0
162,048251	0,000000	0,000000	0,000000E+0
162,048251	0,000000	0,000000	0,000000E+0
162,048251	0,000000	0,000000	0,000000E+0
163,048670	0,000000	0,000000	0,000000E+0
163,048670	0,000000	0,000000	0,000000E+0
163,048670	0,000000	0,000000	0,000000E+0
163,048670	0,000000	0,000000	0,000000E+0
163,048670	0,000000	0,000000	0,000000E+0
163,048670	0,000000	0,000000	0,000000E+0
163,048670	0,000000	0,000000	0,000000E+0
163,048670	0,000000	0,000000	0,000000E+0
163,048670	0,000000	0,000000	0,000000E+0
163,048670	0,000000	0,000000	0,000000E+0
164,049091	0,000000	0,000000	0,000000E+0
164,049091	0,000000	0,000000	0,000000E+0
164,049091	0,000000	0,000000	0,000000E+0
164,049091	0,000000	0,000000	0,000000E+0
164,049091	0,000000	0,000000	0,000000E+0
164,049091	0,000000	0,000000	0,000000E+0
164,049091	0,000000	0,000000	0,000000E+0
164,049091	0,000000	0,000000	0,000000E+0
164,049091	0,000000	0,000000	0,000000E+0
164,049091	0,000000	0,000000	0,000000E+0
165,049529	0,000000	0,000000	0,000000E+0
165,049529	0,000000	0,000000	0,000000E+0
165,049529	0,000000	0,000000	0,000000E+0
165,049529	0,000000	0,000000	0,000000E+0
165,049529	0,000000	0,000000	0,000000E+0
165,049529	0,000000	0,000000	0,000000E+0
165,049529	0,000000	0,000000	0,000000E+0
165,049529	0,000000	0,000000	0,000000E+0
165,049529	0,000000	0,000000	0,000000E+0
165,049529	0,000000	0,000000	0,000000E+0
166,049957	0,000000	0,000000	0,000000E+0
166,049957	0,000000	0,000000	0,000000E+0
166,049957	0,000000	0,000000	0,000000E+0
166,049957	9,000000	0,000000	0,000000E+0
166,049957	9,000000	0,000000	0,000000E+0
166,049957	9,000000	0,000000	0,000000E+0
166,049957	9,000000	0,000000	0,000000E+0
166,049957	9,000000	0,000000	0,000000E+0
166,049957	9,000000	0,000000	0,000000E+0
166,049957	9,000000	0,000000	0,000000E+0
167,049370	9,000000	0,000000	0,000000E+0
167,049370	9,000000	0,000000	0,000000E+0
167,049370	9,000000	0,000000	0,000000E+0
167,049370	9,000000	0,000000	0,000000E+0
167,049370	9,000000	0,000000	0,000000E+0
167,049370	9,000000	0,000000	0,000000E+0
167,049370	9,000000	0,000000	0,000000E+0
167,049370	9,000000	0,000000	0,000000E+0
167,049370	104,599998	0,000000	0,000000E+0
167,049370	104,599998	0,000000	0,000000E+0
168,049797	104,599998	0,000000	0,000000E+0
168,049797	104,599998	0,000000	0,000000E+0
168,049797	104,599998	0,000000	0,000000E+0
168,049797	104,599998	0,000000	0,000000E+0
168,049797	104,599998	0,000000	0,000000E+0
168,049797	104,599998	0,000000	0,000000E+0
168,049797	104,599998	0,000000	0,000000E+0
168,049797	104,599998	0,000000	0,000000E+0
168,049797	104,599998	0,000000	0,000000E+0
168,049797	104,599998	0,000000	0,000000E+0
169,049219	0,000000	0,000000	0,000000E+0
169,049219	0,000000	0,000000	0,000000E+0
169,049219	0,000000	0,000000	0,000000E+0
169,049219	0,000000	0,000000	0,000000E+0
169,049219	0,000000	0,000000	0,000000E+0
169,049219	0,000000	0,000000	0,000000E+0
169,049219	0,000000	0,000000	0,000000E+0
169,049219	0,000000	0,000000	0,000000E+0
169,049219	0,000000	0,000000	0,000000E+0
169,049219	0,000000	0,000000	0,000000E+0
170,050648	0,000000	0,000000	0,000000E+0
170,050648	0,000000	0,000000	0,000000E+0
170,050648	0,000000	0,000000	0,000000E+0
170,050648	0,000000	0,000000	0,000000E+0
170,050648	0,000000	0,000000	0,000000E+0
170,050648	0,000000	0,000000	0,000000E+0
170,050648	0,000000	0,000000	0,000000E+0
170,050648	0,000000	0,000000	0,000000E+0
170,050648	0,000000	0,000000	0,000000E+0
170,050648	0,000000	0,000000	0,000000E+0
171,050090	0,000000	0,000000	0,000000E+0
171,050090	0,000000	0,000000	0,000000E+0
171,050090	0,000000	0,000000	0,000000E+0
171,050090	0,000000	0,000000	0,000000E+0
171,050090	0,000000	0,000000	0,000000E+0
171,050090	0,000000	0,000000	0,000000E+0
171,050090	0,000000	0,000000	0,000000E+0
171,050090	0,000000	0,000000	0,000000E+0
171,050090	0,000000	0,000000	0,000000E+0
171,050090	0,000000	0,000000	0,000000E+0
172,050532	34,699997	0,000000	0,000000E+0
172,050532	34,699997	0,000000	0,000000E+0
172,050532	34,699997	0,000000	0,000000E+0
172,050532	34,699997	0,000000	0,000000E+0
172,050532	34,699997	0,000000	0,000000E+0
172,050532	34,699997	0,000000	0,000000E+0
172,050532	34,699997	0,000000	0,000000E+0
172,050532	34,699997	0,000000	0,000000E+0
172,050532	34,699997	0,000000	0,000000E+0
172,050532	34,699997	0,000000	0,000000E+0
173,051918	34,699997	0,000000	0,000000E+0
173,051918	34,699997	0,000000	0,000000E+0
173,051918	117,699997	0,000000	0,000000E+0
173,051918	117,699997	0,000000	0,000000E+0
173,051918	117,699997	0,000000	0,000000E+0
173,051918	117,699997	0,000000	0,000000E+0
173,051918	117,699997	0,000000	0,000000E+0
173,051918	117,699997	0,000000	0,000000E+0
173,051918	117,699997	0,000000	0,000000E+0
173,051918	117,699997	0,000000	0,000000E+0
174,051346	117,699997	0,000000	0,000000E+0
174,051346	117,699997	0,000000	0,000000E+0
174,051346	117,699997	0,000000	0,000000E+0
174,051346	117,699997	0,000000	0,000000E+0
174,051346	57,500000	0,000000	0,000000E+0
174,051346	57,500000	0,000000	0,000000E+0
174,051346	57,500000	0,000000	0,000000E+0
174,051346	57,500000	0,000000	0,000000E+0
174,051346	57,500000	0,000000	0,000000E+0
174,051346	57,500000	0,000000	0,000000E+0
175,052772	57,500000	0,000000	0,000000E+0
175,052772	57,500000	0,000000	0,000000E+0
175,052772	57,500000	0,000000	0,000000E+0
175,052772	57,500000	0,000000	0,000000E+0
175,052772	12,500000	0,000000	0,000000E+0
175,052772	12,500000	0,000000	0,000000E+0
175,052772	12,500000	0,000000	0,000000E+0
175,052772	12,500000	0,000000	0,000000E+0
175,052772	12,500000	0,000000	0,000000E+0
175,052772	12,500000	0,000000	0,000000E+0
176,052269	12,500000	0,000000	0,000000E+0
176,052269	12,500000	0,000000	0,000000E+0
176,052269	12,500000	0,000000	0,000000E+0
176,052269	12,500000	0,000000	0,000000E+0
176,052269	8,300000	0,000000	0,000000E+0
176,052269	8,300000	0,000000	0,000000E+0
176,052269	8,300000	0,000000	0,000000E+0
176,052269	8,300000	0,000000	0,000000E+0
176,052269	8,300000	0,000000	0,000000E+0
176,052269	8,300000	0,000000	0,000000E+0
177,052640	8,300000	0,000000	0,000000E+0
177,052640	8,300000	0,000000	0,000000E+0
177,052640	8,300000	0,000000	0,000000E+0
177,052640	8,300000	0,000000	0,000000E+0
177,052640	8,300000	0,000000	0,000000E+0
177,052640	9,900000	0,000000	0,000000E+0
177,052640	9,900000	0,000000	0,000000E+0
177,052640	9,900000	0,000000	0,000000E+0
177,052640	9,900000	0,000000	0,000000E+0
177,052640	9,900000	0,000000	0,000000E+0
178,053057	9,900000	0,000000	0,000000E+0
178,053057	9,900000	0,000000	0,000000E+0
178,053057	9,900000	0,000000	0,000000E+0
178,053057	9,900000	0,000000	0,000000E+0
178,053057	9,900000	0,000000	0,000000E+0
178,053057	16,799999	0,000000	0,000000E+0
178,053057	16,799999	0,000000	0,000000E+0
178,053057	16,799999	0,000000	0,000000E+0
178,053057	16,799999	0,000000	0,000000E+0
178,053057	16,799999	0,000000	0,000000E+0
179,053526	16,799999	0,000000	0,000000E+0
179,053526	16,799999	0,000000	0,000000E+0
179,053526	16,799999	0,000000	0,000000E+0
179,053526	16,799999	0,000000	0,000000E+0
179,053526	16,799999	0,000000	0,000000E+0
179,053526	16,799999	0,000000	0,000000E+0
179,053526	16,799999	0,000000	0,000000E+0
179,053526	16,799999	0,000000	0,000000E+0
179,053526	16,799999	0,000000	0,000000E+0
179,053526	16,799999	0,000000	0,000000E+0
180,053926	16,799999	0,000000	0,000000E+0
180,053926	16,799999	0,000000	0,000000E+0
180,053926	16,799999	0,000000	0,000000E+0
180,053926	16,799999	0,000000	0,000000E+0
180,053926	16,799999	0,000000	0,000000E+0
180,053926	16,799999	0,000000	0,000000E+0
180,053926	16,799999	0,000000	0,000000E+0
180,053926	13,900001	0,000000	0,000000E+0
180,053926	13,900001	0,000000	0,000000E+0
180,053926	13,900001	0,000000	0,000000E+0
181,054352	13,900001	0,000000	0,000000E+0
181,054352	13,900001	0,000000	0,000000E+0
181,054352	13,900001	0,000000	0,000000E+0
181,054352	13,900001	0,000000	0,000000E+0
181,054352	13,900001	0,000000	0,000000E+0
181,054352	13,900001	0,000000	0,000000E+0
181,054352	13,900001	0,000000	0,000000E+0
181,054352	14,100000	0,000000	0,000000E+0
181,054352	14,100000	0,000000	0,000000E+0
181,054352	14,100000	0,000000	0,000000E+0
182,055755	14,100000	0,000000	0,000000E+0
182,055755	14,100000	0,000000	0,000000E+0
182,055755	14,100000	0,000000	0,000000E+0
182,055755	14,100000	0,000000	0,000000E+0
182,055755	14,100000	40,000000	0,000000E+0
182,055755	14,100000	40,000000	0,000000E+0
182,055755	14,100000	40,000000	0,000000E+0
182,055755	15,400000	40,000000	0,000000E+0
182,055755	15,400000	40,000000	0,000000E+0
182,055755	15,400000	40,000000	0,000000E+0
183,056197	15,400000	40,000000	0,000000E+0
183,056197	15,400000	40,000000	0,000000E+0
183,056197	15,400000	40,000000	0,000000E+0
183,056197	15,400000	40,000000	0,000000E+0
183,056197	15,400000	40,000000	0,000000E+0
183,056197	15,400000	40,000000	0,000000E+0
183,056197	15,400000	40,000000	0,000000E+0
183,056197	15,099999	40,000000	0,000000E+0
183,056197	15,099999	40,000000	0,000000E+0
183,056197	15,099999	40,000000	0,000000E+0
184,056670	15,099999	40,000000	0,000000E+0
184,056670	15,099999	40,000000	0,000000E+0
184,056670	15,099999	40,000000	3,996296E-4
184,056670	15,099999	40,000000	3,996296E-4
184,056670	15,099999	40,000000	7,992593E-4
184,056670	15,099999	40,000000	1,198889E-3
184,056670	15,099999	40,000000	1,198889E-3
184,056670	15,099999	40,000000	1,198889E-3
184,056670	15,099999	40,000000	1,598519E-3
184,056670	14,700001	40,000000	1,998148E-3
185,056046	14,700001	40,000000	2,504987E-3
185,056046	14,700001	40,000000	2,504987E-3
185,056046	14,700001	40,000000	2,911037E-3
185,056046	14,700001	40,000000	2,911037E-3
185,056046	14,700001	40,000000	2,911037E-3
185,056046	14,700001	40,000000	3,317086E-3
185,056046	14,700001	40,000000	3,317086E-3
185,056046	14,700001	40,000000	3,723135E-3
185,056046	14,700001	40,000000	4,129185E-3
185,056046	14,700001	40,000000	4,129185E-3
186,057473	14,700001	40,000000	4,535234E-3
186,057473	14,700001	40,000000	4,941284E-3
186,057473	14,700001	40,000000	5,347333E-3
186,057473	14,700001	40,000000	5,753382E-3
186,057473	14,700001	40,000000	5,753382E-3
186,057473	14,700001	40,000000	6,159432E-3
186,057473	14,700001	40,000000	6,565481E-3
186,057473	14,700001	40,000000	6,971530E-3
186,057473	14,700001	40,000000	6,971530E-3
186,057473	14,700001	40,000000	6,971530E-3
187,057901	14,700001	40,000000	7,377580E-3
187,057901	15,200000	40,000000	7,377580E-3
187,057901	15,200000	40,000000	7,649617E-3
187,057901	15,200000	40,000000	8,047642E-3
187,057901	15,200000	40,000000	8,445666E-3
187,057901	15,200000	40,000000	8,843691E-3
187,057901	15,200000	40,000000	8,843691E-3
187,057901	15,200000	40,000000	9,241716E-3
187,057901	15,200000	40,000000	9,639741E-3
187,057901	15,200000	40,000000	1,003777E-2
188,057362	15,200000	40,000000	1,043579E-2
188,057362	15,200000	40,000000	1,083381E-2
188,057362	15,200000	40,000000	1,083381E-2
188,057362	15,200000	40,000000	1,123184E-2
188,057362	15,200000	40,000000	1,123184E-2
188,057362	15,200000	40,000000	1,123184E-2
188,057362	15,200000	40,000000	1,162986E-2
188,057362	15,200000	40,000000	1,202789E-2
188,057362	15,200000	40,000000	1,202789E-2
188,057362	15,200000	40,000000	1,242591E-2
189,057727	15,500000	40,000000	1,282394E-2
189,057727	15,500000	40,000000	1,282394E-2
189,057727	15,500000	40,000000	1,314156E-2
189,057727	15,500000	40,000000	1,353477E-2
189,057727	15,500000	40,000000	1,392798E-2
189,057727	15,500000	40,000000	1,392798E-2
189,057727	15,500000	40,000000	1,432118E-2
189,057727	15,500000	40,000000	1,471439E-2
189,057727	15,500000	40,000000	1,471439E-2
189,057727	15,500000	40,000000	1,471439E-2
190,057168	15,500000	40,000000	1,510760E-2
190,057168	15,300000	40,000000	1,510760E-2
190,057168	15,300000	40,000000	1,555442E-2
190,057168	15,300000	40,000000	1,595084E-2
190,057168	15,300000	40,000000	1,634726E-2
190,057168	15,300000	40,000000	1,674368E-2
190,057168	15,300000	40,000000	1,674368E-2
190,057168	15,300000	40,000000	1,714010E-2
190,057168	15,300000	40,000000	1,753652E-2
190,057168	15,300000	40,000000	1,753652E-2
191,058600	15,300000	40,000000	1,793294E-2
191,058600	15,300000	40,000000	1,832936E-2
191,058600	15,300000	40,000000	1,872578E-2
191,058600	15,300000	40,000000	1,872578E-2
191,058600	15,300000	40,000000	1,912220E-2
191,058600	15,300000	40,000000	1,912220E-2
191,058600	15,300000	40,000000	1,912220E-2
191,058600	15,300000	40,000000	1,951862E-2
191,058600	15,300000	40,000000	1,991504E-2
191,058600	15,300000	40,000000	1,991504E-2
192,059066	15,300000	40,000000	2,031146E-2
192,059066	15,300000	40,000000	2,070788E-2
192,059066	15,300000	40,000000	2,110430E-2
192,059066	15,300000	40,000000	2,150072E-2
192,059066	15,300000	40,000000	2,189714E-2
192,059066	15,300000	40,000000	2,189714E-2
192,059066	15,300000	40,000000	2,229356E-2
192,059066	15,300000	40,000000	2,268997E-2
192,059066	15,300000	40,000000	2,268997E-2
192,059066	15,300000	40,000000	2,308639E-2
193,058431	15,599999	40,000000	2,308639E-2
193,058431	15,599999	40,000000	2,340241E-2
193,058431	15,599999	40,000000	2,379401E-2
193,058431	15,599999	40,000000	2,418562E-2
193,058431	15,599999	40,000000	2,418562E-2
193,058431	15,599999	40,000000	2,457722E-2
193,058431	15,599999	40,000000	2,496883E-2
193,058431	15,599999	40,000000	2,536043E-2
193,058431	15,599999	40,000000	2,536043E-2
193,058431	15,700000	40,000000	2,575204E-2
194,058830	15,700000	40,000000	2,575204E-2
194,058830	15,700000	40,000000	2,611684E-2
194,058830	15,700000	40,000000	2,650684E-2
194,058830	15,700000	40,000000	2,650684E-2
194,058830	15,700000	40,000000	2,689684E-2
194,058830	15,700000	40,000000	2,689684E-2
194,058830	15,700000	40,000000	2,728684E-2
194,058830	15,700000	40,000000	2,767684E-2
194,058830	15,700000	40,000000	2,767684E-2
194,058830	15,700000	40,000000	2,806684E-2
195,058258	15,500000	40,000000	2,845684E-2
195,058258	15,500000	40,000000	2,845684E-2
195,058258	15,500000	40,000000	2,890044E-2
195,058258	15,500000	40,000000	2,929365E-2
195,058258	15,500000	40,000000	2,968686E-2
195,058258	15,500000	40,000000	2,968686E-2
195,058258	15,500000	40,000000	3,008007E-2
195,058258	15,500000	40,000000	3,047328E-2
195,058258	15,500000	40,000000	3,047328E-2
195,058258	15,500000	40,000000	3,086649E-2
196,058724	15,700000	40,000000	3,086649E-2
196,058724	15,700000	40,000000	3,086649E-2
196,058724	15,700000	40,000000	3,120610E-2
196,058724	15,700000	40,000000	3,159610E-2
196,058724	15,700000	40,000000	3,198610E-2
196,058724	15,700000	40,000000	3,237610E-2
196,058724	15,700000	40,000000	3,276610E-2
196,058724	15,700000	40,000000	3,276610E-2
196,058724	15,700000	40,000000	3,315610E-2
196,058724	15,700000	40,000000	3,354610E-2
197,058101	15,700000	40,000000	3,393610E-2
197,058101	15,700000	40,000000	3,432610E-2
197,058101	15,700000	40,000000	3,432610E-2
197,058101	15,700000	40,000000	3,471610E-2
197,058101	15,700000	40,000000	3,471610E-2
197,058101	15,700000	40,000000	3,471610E-2
197,058101	15,700000	40,000000	3,510610E-2
197,058101	15,700000	40,000000	3,549610E-2
197,058101	15,700000	40,000000	3,549610E-2
197,058101	15,700000	40,000000	3,588610E-2
198,058529	15,700000	40,000000	3,627610E-2
198,058529	15,700000	40,000000	3,666610E-2
198,058529	15,700000	80,000000	3,666610E-2
198,058529	15,700000	80,000000	4,777709E-2
198,058529	15,700000	80,000000	4,880906E-2
198,058529	15,700000	80,000000	4,880906E-2
198,058529	15,700000	80,000000	4,984104E-2
198,058529	15,700000	80,000000	5,087301E-2
198,058529	15,700000	80,000000	5,087301E-2
198,058529	15,700000	80,000000	5,190499E-2
199,059043	15,700000	80,000000	5,190499E-2
199,059043	15,800000	80,000000	5,291016E-2
199,059043	15,800000	80,000000	5,394053E-2
199,059043	15,800000	80,000000	5,394053E-2
199,059043	15,800000	80,000000	5,497090E-2
199,059043	15,800000	80,000000	5,600127E-2
199,059043	15,800000	80,000000	5,703164E-2
199,059043	15,800000	80,000000	5,703164E-2
199,059043	15,800000	80,000000	5,806201E-2
199,059043	15,800000	80,000000	5,909238E-2
200,059408	16,500000	80,000000	5,909238E-2
200,059408	16,500000	80,000000	5,993514E-2
200,059408	16,500000	80,000000	6,095427E-2
200,059408	16,500000	80,000000	6,095427E-2
200,059408	16,500000	80,000000	6,197341E-2
200,059408	16,500000	80,000000	6,197341E-2
200,059408	16,500000	80,000000	6,197341E-2
200,059408	16,500000	80,000000	6,299254E-2
200,059408	16,500000	80,000000	6,401168E-2
200,059408	16,500000	80,000000	6,503081E-2
201,060882	16,500000	80,000000	6,503081E-2
201,060882	16,700001	80,000000	6,604995E-2
201,060882	16,700001	80,000000	6,701548E-2
201,060882	16,700001	80,000000	6,701548E-2
201,060882	16,700001	80,000000	6,803141E-2
201,060882	16,700001	80,000000	6,904733E-2
201,060882	16,700001	80,000000	7,006326E-2
201,060882	16,700001	80,000000	7,107918E-2
201,060882	16,700001	80,000000	7,107918E-2
201,060882	16,700001	80,000000	7,209511E-2
202,060240	16,700001	80,000000	7,209511E-2
202,060240	16,800001	80,000000	7,308423E-2
202,060240	16,800001	80,000000	7,409856E-2
202,060240	16,800001	80,000000	7,409856E-2
202,060240	16,800001	80,000000	7,511288E-2
202,060240	16,800001	80,000000	7,612720E-2
202,060240	16,800001	80,000000	7,714152E-2
202,060240	16,800001	80,000000	7,714152E-2
202,060240	16,800001	80,000000	7,815584E-2
202,060240	16,800001	80,000000	7,917016E-2
203,060694	16,800001	80,000000	8,018448E-2
203,060694	16,800001	80,000000	8,018448E-2
203,060694	16,800001	80,000000	8,119880E-2
203,060694	16,800001	80,000000	8,119880E-2
203,060694	16,800001	80,000000	8,119880E-2
203,060694	18,000000	80,000000	8,189149E-2
203,060694	18,000000	80,000000	8,189149E-2
203,060694	18,000000	80,000000	8,288656E-2
203,060694	18,000000	80,000000	8,388162E-2
203,060694	18,000000	80,000000	8,487668E-2
204,061116	18,000000	80,000000	8,587174E-2
204,061116	18,000000	80,000000	8,686680E-2
204,061116	18,000000	80,000000	8,686680E-2
204,061116	18,000000	80,000000	8,786186E-2
204,061116	19,200001	80,000000	8,853530E-2
204,061116	19,200001	80,000000	8,951110E-2
204,061116	19,200001	80,000000	9,048690E-2
204,061116	19,200001	80,000000	9,048690E-2
204,061116	19,200001	80,000000	9,146270E-2
204,061116	19,200001	80,000000	9,146270E-2
205,062574	19,200001	80,000000	9,146270E-2
205,062574	19,200001	80,000000	9,243851E-2
205,062574	19,200001	80,000000	9,341431E-2
205,062574	19,200001	80,000000	9,341431E-2
205,062574	20,400000	80,000000	9,439011E-2
205,062574	20,400000	80,000000	9,504428E-2
205,062574	20,400000	80,000000	9,504428E-2
205,062574	20,400000	80,000000	9,600083E-2
205,062574	20,400000	80,000000	9,695737E-2
205,062574	20,400000	80,000000	9,791391E-2
206,063965	20,400000	80,000000	9,791391E-2
206,063965	20,400000	80,000000	9,887046E-2
206,063965	20,400000	80,000000	9,982700E-2
206,063965	20,400000	80,000000	9,982700E-2
206,063965	20,400000	80,000000	9,982700E-2
206,063965	21,299999	80,000000	1,007835E-1
206,063965	21,299999	80,000000	1,007835E-1
206,063965	21,299999	80,000000	1,014989E-1
206,063965	21,299999	80,000000	1,024410E-1
206,063965	21,299999	80,000000	1,033831E-1
207,063361	21,299999	80,000000	1,043252E-1
207,063361	21,299999	80,000000	1,043252E-1
207,063361	21,299999	80,000000	1,052673E-1
207,063361	21,299999	80,000000	1,052673E-1
207,063361	21,299999	80,000000	1,062094E-1
207,063361	22,900000	80,000000	1,071515E-1
207,063361	22,900000	80,000000	1,076647E-1
207,063361	22,900000	80,000000	1,076647E-1
207,063361	22,900000	80,000000	1,085811E-1
207,063361	22,900000	80,000000	1,085811E-1
208,063777	22,900000	80,000000	1,085811E-1
208,063777	22,900000	80,000000	1,094976E-1
208,063777	22,900000	80,000000	1,104140E-1
208,063777	22,900000	80,000000	1,113304E-1
208,063777	22,900000	80,000000	1,113304E-1
208,063777	24,700001	80,000000	1,117644E-1
208,063777	24,700001	80,000000	1,126519E-1
208,063777	24,700001	80,000000	1,135394E-1
208,063777	24,700001	80,000000	1,135394E-1
208,063777	24,700001	80,000000	1,144270E-1
209,064232	24,700001	80,000000	1,153145E-1
209,064232	24,700001	80,000000	1,162020E-1
209,064232	24,700001	80,000000	1,162020E-1
209,064232	24,700001	80,000000	1,170896E-1
209,064232	24,700001	80,000000	1,170896E-1
209,064232	24,700001	80,000000	1,170896E-1
209,064232	24,700001	80,000000	1,179771E-1
209,064232	24,700001	80,000000	1,179771E-1
209,064232	24,700001	80,000000	1,188646E-1
209,064232	24,700001	80,000000	1,188646E-1
210,064647	27,800001	80,000000	1,197521E-1
210,064647	27,800001	80,000000	1,198088E-1
210,064647	27,800001	80,000000	1,206466E-1
210,064647	27,800001	80,000000	1,206466E-1
210,064647	27,800001	80,000000	1,214844E-1
210,064647	27,800001	80,000000	1,223221E-1
210,064647	27,800001	80,000000	1,223221E-1
210,064647	27,800001	80,000000	1,231599E-1
210,064647	27,800001	80,000000	1,231599E-1
210,064647	30,500000	80,000000	1,232740E-1
211,064130	30,500000	80,000000	1,232740E-1
211,064130	30,500000	80,000000	1,240685E-1
211,064130	30,500000	80,000000	1,240685E-1
211,064130	30,500000	80,000000	1,248629E-1
211,064130	30,500000	80,000000	1,256574E-1
211,064130	30,500000	80,000000	1,264518E-1
211,064130	30,500000	80,000000	1,272462E-1
211,064130	30,500000	80,000000	1,272462E-1
211,064130	33,700001	80,000000	1,280407E-1
211,064130	33,700001	80,000000	1,280407E-1
212,065511	33,700001	80,000000	1,279775E-1
212,065511	33,700001	80,000000	1,287205E-1
212,065511	33,700001	80,000000	1,294636E-1
212,065511	33,700001	80,000000	1,294636E-1
212,065511	33,700001	80,000000	1,294636E-1
212,065511	33,700001	80,000000	1,302067E-1
212,065511	33,700001	80,000000	1,302067E-1
212,065511	33,700001	80,000000	1,309498E-1
212,065511	33,700001	80,000000	1,316929E-1
212,065511	37,400002	80,000000	1,324360E-1
213,066967	37,400002	80,000000	1,324360E-1
213,066967	37,400002	80,000000	1,321874E-1
213,066967	37,400002	80,000000	1,328711E-1
213,066967	37,400002	80,000000	1,328711E-1
213,066967	37,400002	80,000000	1,335548E-1
213,066967	37,400002	80,000000	1,342385E-1
213,066967	37,400002	80,000000	1,349222E-1
213,066967	37,400002	80,000000	1,349222E-1
213,066967	37,400002	80,000000	1,356059E-1
213,066967	37,400002	80,000000	1,356059E-1
214,066354	37,400002	80,000000	1,356059E-1
214,066354	37,400002	80,000000	1,362896E-1
214,066354	37,400002	80,000000	1,369733E-1
214,066354	37,400002	80,000000	1,376570E-1
214,066354	40,899998	80,000000	1,376570E-1
214,066354	40,899998	80,000000	1,374026E-1
214,066354	40,899998	80,000000	1,380301E-1
214,066354	40,899998	80,000000	1,380301E-1
214,066354	40,899998	80,000000	1,386577E-1
214,066354	40,899998	80,000000	1,392852E-1
215,066776	40,899998	80,000000	1,399127E-1
215,066776	40,899998	80,000000	1,399127E-1
215,066776	40,899998	80,000000	1,405403E-1
215,066776	40,899998	80,000000	1,405403E-1
215,066776	40,899998	80,000000	1,411678E-1
215,066776	47,500000	80,000000	1,411678E-1
215,066776	47,500000	80,000000	1,400264E-1
215,066776	47,500000	80,000000	1,405480E-1
215,066776	47,500000	80,000000	1,405480E-1
215,066776	47,500000	80,000000	1,410696E-1
216,066194	47,500000	80,000000	1,415912E-1
216,066194	47,500000	80,000000	1,421128E-1
216,066194	47,500000	80,000000	1,426344E-1
216,066194	47,500000	80,000000	1,431560E-1
216,066194	50,799999	80,000000	1,431560E-1
216,066194	50,799999	80,000000	1,427931E-1
216,066194	50,799999	80,000000	1,432618E-1
216,066194	50,799999	80,000000	1,437304E-1
216,066194	50,799999	80,000000	1,437304E-1
216,066194	50,799999	80,000000	1,441990E-1
217,067648	50,799999	80,000000	1,441990E-1
217,067648	50,799999	80,000000	1,441990E-1
217,067648	50,799999	80,000000	1,446677E-1
217,067648	50,799999	80,000000	1,451363E-1
217,067648	50,799999	80,000000	1,456050E-1
217,067648	50,799999	80,000000	1,456050E-1
217,067648	53,700001	80,000000	1,460736E-1
217,067648	53,700001	80,000000	1,457650E-1
217,067648	53,700001	80,000000	1,461871E-1
217,067648	53,700001	80,000000	1,461871E-1
218,067039	53,700001	80,000000	1,466092E-1
218,067039	53,700001	80,000000	1,470313E-1
218,067039	53,700001	80,000000	1,474534E-1
218,067039	53,700001	80,000000	1,474534E-1
218,067039	53,700001	80,000000	1,478755E-1
218,067039	53,700001	80,000000	1,478755E-1
218,067039	56,800003	80,000000	1,478755E-1
218,067039	56,800003	80,000000	1,474667E-1
218,067039	56,800003	80,000000	1,478390E-1
218,067039	56,800003	80,000000	1,478390E-1
219,068452	56,800003	80,000000	1,482114E-1
219,068452	56,800003	80,000000	1,485837E-1
219,068452	56,800003	80,000000	1,485837E-1
219,068452	56,800003	80,000000	1,489561E-1
219,068452	56,800003	80,000000	1,493284E-1
219,068452	56,800003	80,000000	1,497008E-1
219,068452	56,800003	80,000000	1,500731E-1
219,068452	59,200001	80,000000	1,500731E-1
219,068452	59,200001	80,000000	1,500731E-1
219,068452	59,200001	80,000000	1,498022E-1
220,068910	59,200001	80,000000	1,498022E-1
220,068910	59,200001	80,000000	1,501360E-1
220,068910	59,200001	80,000000	1,504699E-1
220,068910	59,200001	80,000000	1,508037E-1
220,068910	59,200001	80,000000	1,508037E-1
220,068910	59,200001	80,000000	1,511375E-1
220,068910	59,200001	80,000000	1,514713E-1
220,068910	59,200001	80,000000	1,518052E-1
220,068910	59,200001	80,000000	1,521390E-1
220,068910	59,200001	80,000000	1,521390E-1
221,068354	59,200001	80,000000	1,524728E-1
221,068354	59,200001	80,000000	1,528067E-1
221,068354	59,200001	80,000000	1,528067E-1
221,068354	59,200001	80,000000	1,531405E-1
221,068354	59,200001	80,000000	1,531405E-1
221,068354	59,200001	80,000000	1,531405E-1
221,068354	59,200001	80,000000	1,534743E-1
221,068354	59,200001	80,000000	1,534743E-1
221,068354	59,200001	80,000000	1,538081E-1
221,068354	59,200001	80,000000	1,541420E-1
222,069766	59,200001	80,000000	1,541420E-1
222,069766	66,300003	80,000000	1,544758E-1
222,069766	66,300003	80,000000	1,529066E-1
222,069766	66,300003	80,000000	1,529066E-1
222,069766	66,300003	80,000000	1,531265E-1
222,069766	66,300003	80,000000	1,533464E-1
222,069766	66,300003	80,000000	1,533464E-1
222,069766	66,300003	80,000000	1,535663E-1
222,069766	66,300003	80,000000	1,537861E-1
222,069766	66,300003	80,000000	1,537861E-1
223,069164	66,300003	80,000000	1,537861E-1
223,069164	66,300003	80,000000	1,540060E-1
223,069164	67,500000	80,000000	1,542259E-1
223,069164	67,500000	80,000000	1,541241E-1
223,069164	67,500000	80,000000	1,541241E-1
223,069164	67,500000	80,000000	1,543248E-1
223,069164	67,500000	80,000000	1,543248E-1
223,069164	67,500000	80,000000	1,545254E-1
223,069164	67,500000	80,000000	1,547260E-1
223,069164	67,500000	80,000000	1,549266E-1
224,069625	67,500000	80,000000	1,551272E-1
224,069625	67,800003	80,000000	1,551272E-1
224,069625	67,800003	80,000000	1,552474E-1
224,069625	67,800003	80,000000	1,552474E-1
224,069625	67,800003	80,000000	1,554432E-1
224,069625	67,800003	80,000000	1,554432E-1
224,069625	67,800003	80,000000	1,554432E-1
224,069625	67,800003	80,000000	1,556390E-1
224,069625	67,800003	80,000000	1,558348E-1
224,069625	67,800003	80,000000	1,558348E-1
225,069028	67,800003	80,000000	1,560307E-1
225,069028	69,199997	80,000000	1,562265E-1
225,069028	69,199997	80,000000	1,562265E-1
225,069028	69,199997	80,000000	1,560470E-1
225,069028	69,199997	80,000000	1,562204E-1
225,069028	69,199997	80,000000	1,563937E-1
225,069028	69,199997	80,000000	1,563937E-1
225,069028	69,199997	80,000000	1,565670E-1
225,069028	69,199997	80,000000	1,565670E-1
225,069028	69,199997	80,000000	1,567404E-1
226,069423	69,199997	80,000000	1,567404E-1
226,069423	69,199997	80,000000	1,567404E-1
226,069423	69,199997	80,000000	1,569137E-1
226,069423	69,199997	80,000000	1,570870E-1
226,069423	70,500000	80,000000	1,572604E-1
226,069423	70,500000	80,000000	1,570853E-1
226,069423	70,500000	80,000000	1,570853E-1
226,069423	70,500000	80,000000	1,572377E-1
226,069423	70,500000	80,000000	1,573902E-1
226,069423	70,500000	80,000000	1,573902E-1
227,069893	70,500000	80,000000	1,575427E-1
227,069893	70,500000	80,000000	1,576951E-1
227,069893	70,500000	80,000000	1,576951E-1
227,069893	70,500000	80,000000	1,578476E-1
227,069893	70,500000	80,000000	1,578476E-1
227,069893	70,500000	80,000000	1,580001E-1
227,069893	71,599998	80,000000	1,580001E-1
227,069893	71,599998	80,000000	1,578577E-1
227,069893	71,599998	80,000000	1,579925E-1
227,069893	71,599998	80,000000	1,581273E-1
228,069281	71,599998	80,000000	1,582622E-1
228,069281	71,599998	80,000000	1,582622E-1
228,069281	71,599998	80,000000	1,583970E-1
228,069281	71,599998	80,000000	1,585318E-1
228,069281	71,599998	80,000000	1,585318E-1
228,069281	72,500000	80,000000	1,586666E-1
228,069281	72,500000	80,000000	1,585602E-1
228,069281	72,500000	80,000000	1,586806E-1
228,069281	72,500000	80,000000	1,586806E-1
228,069281	72,500000	80,000000	1,586806E-1
229,069918	72,500000	80,000000	1,588009E-1
229,069918	72,500000	80,000000	1,588009E-1
229,069918	72,500000	80,000000	1,589213E-1
229,069918	72,500000	80,000000	1,590417E-1
229,069918	72,500000	80,000000	1,590417E-1
229,069918	72,500000	80,000000	1,591620E-1
229,069918	73,199997	80,000000	1,592824E-1
229,069918	73,199997	80,000000	1,592824E-1
229,069918	73,199997	80,000000	1,592152E-1
229,069918	73,199997	80,000000	1,593243E-1
230,070281	73,199997	80,000000	1,594334E-1
230,070281	73,199997	80,000000	1,594334E-1
230,070281	73,199997	80,000000	1,595426E-1
230,070281	73,199997	80,000000	1,595426E-1
230,070281	73,199997	80,000000	1,596517E-1
230,070281	73,199997	80,000000	1,596517E-1
230,070281	74,099998	80,000000	1,595196E-1
230,070281	74,099998	80,000000	1,596143E-1
230,070281	74,099998	80,000000	1,596143E-1
230,070281	74,099998	80,000000	1,597090E-1
231,071726	74,099998	80,000000	1,598037E-1
231,071726	74,099998	80,000000	1,598984E-1
231,071726	74,099998	80,000000	1,599931E-1
231,071726	74,099998	80,000000	1,599931E-1
231,071726	74,099998	80,000000	1,600878E-1
231,071726	74,099998	80,000000	1,600878E-1
231,071726	74,699997	80,000000	1,601825E-1
231,071726	74,699997	80,000000	1,601163E-1
231,071726	74,699997	80,000000	1,601163E-1
231,071726	74,699997	80,000000	1,602014E-1
232,072133	74,699997	80,000000	1,602014E-1
232,072133	74,699997	80,000000	1,602865E-1
232,072133	74,699997	80,000000	1,603715E-1
232,072133	74,699997	80,000000	1,604566E-1
232,072133	74,699997	80,000000	1,605417E-1
232,072133	74,699997	80,000000	1,605417E-1
232,072133	74,699997	80,000000	1,606267E-1
232,072133	74,699997	80,000000	1,607118E-1
232,072133	74,699997	80,000000	1,607118E-1
232,072133	74,699997	80,000000	1,607968E-1
233,073592	75,599998	80,000000	1,608819E-1
233,073592	75,599998	80,000000	1,607257E-1
233,073592	75,599998	80,000000	1,607257E-1
233,073592	75,599998	80,000000	1,607964E-1
233,073592	75,599998	80,000000	1,607964E-1
233,073592	75,599998	80,000000	1,607964E-1
233,073592	75,599998	80,000000	1,608670E-1
233,073592	75,599998	80,000000	1,609376E-1
233,073592	75,599998	80,000000	1,609376E-1
233,073592	75,599998	80,000000	1,610082E-1
234,074987	75,599998	80,000000	1,610082E-1
234,074987	76,099998	80,000000	1,610788E-1
234,074987	76,099998	80,000000	1,610154E-1
234,074987	76,099998	80,000000	1,610154E-1
234,074987	76,099998	80,000000	1,610780E-1
234,074987	76,099998	80,000000	1,611406E-1
234,074987	76,099998	80,000000	1,612032E-1
234,074987	76,099998	80,000000	1,612032E-1
234,074987	76,099998	80,000000	1,612658E-1
234,074987	76,099998	80,000000	1,612658E-1
235,074409	76,099998	80,000000	1,612658E-1
235,074409	76,099998	80,000000	1,613284E-1
235,074409	76,099998	80,000000	1,613910E-1
235,074409	76,099998	80,000000	1,613910E-1
235,074409	76,099998	80,000000	1,614536E-1
235,074409	76,099998	80,000000	1,615162E-1
235,074409	76,099998	80,000000	1,615162E-1
235,074409	76,099998	80,000000	1,615788E-1
235,074409	76,099998	80,000000	1,616414E-1
235,074409	76,099998	80,000000	1,616414E-1
236,074875	76,500000	80,000000	1,617040E-1
236,074875	76,500000	80,000000	1,616593E-1
236,074875	76,500000	80,000000	1,617155E-1
236,074875	76,500000	80,000000	1,617155E-1
236,074875	76,500000	80,000000	1,617155E-1
236,074875	76,500000	80,000000	1,617717E-1
236,074875	76,500000	80,000000	1,617717E-1
236,074875	76,500000	80,000000	1,618279E-1
236,074875	76,500000	80,000000	1,618840E-1
236,074875	76,500000	80,000000	1,619402E-1
237,074268	76,500000	80,000000	1,619964E-1
237,074268	76,500000	80,000000	1,619964E-1
237,074268	76,500000	80,000000	1,620525E-1
237,074268	77,099998	80,000000	1,620525E-1
237,074268	77,099998	80,000000	1,619479E-1
237,074268	77,099998	80,000000	1,619479E-1
237,074268	77,099998	80,000000	1,619944E-1
237,074268	77,099998	80,000000	1,620410E-1
237,074268	77,099998	80,000000	1,620410E-1
237,074268	77,099998	80,000000	1,620875E-1
238,075696	77,099998	80,000000	1,620875E-1
238,075696	77,099998	80,000000	1,621341E-1
238,075696	77,099998	80,000000	1,621806E-1
238,075696	77,099998	80,000000	1,621806E-1
238,075696	77,099998	80,000000	1,622272E-1
238,075696	77,099998	80,000000	1,622737E-1
238,075696	77,099998	80,000000	1,623202E-1
238,075696	77,099998	80,000000	1,623668E-1
238,075696	77,099998	80,000000	1,624133E-1
238,075696	77,099998	80,000000	1,624599E-1
239,075163	77,099998	80,000000	1,624599E-1
239,075163	77,099998	80,000000	1,625064E-1
239,075163	77,099998	80,000000	1,625530E-1
239,075163	77,099998	80,000000	1,625530E-1
239,075163	77,500000	80,000000	1,625995E-1
239,075163	77,500000	80,000000	1,625995E-1
239,075163	77,500000	80,000000	1,625388E-1
239,075163	77,500000	80,000000	1,625388E-1
239,075163	77,500000	80,000000	1,625790E-1
239,075163	77,500000	80,000000	1,626191E-1
240,076589	77,500000	80,000000	1,626592E-1
240,076589	77,500000	80,000000	1,626993E-1
240,076589	77,500000	80,000000	1,627395E-1
240,076589	77,500000	80,000000	1,627395E-1
240,076589	78,000000	80,000000	1,627796E-1
240,076589	78,000000	80,000000	1,626857E-1
240,076589	78,000000	80,000000	1,626857E-1
240,076589	78,000000	80,000000	1,627178E-1
240,076589	78,000000	80,000000	1,627178E-1
240,076589	78,000000	80,000000	1,627499E-1
241,077003	78,000000	80,000000	1,627499E-1
241,077003	78,000000	80,000000	1,627820E-1
241,077003	78,000000	80,000000	1,628141E-1
241,077003	78,000000	80,000000	1,628141E-1
241,077003	78,000000	80,000000	1,628462E-1
241,077003	78,000000	80,000000	1,628783E-1
241,077003	78,000000	80,000000	1,629104E-1
241,077003	78,000000	80,000000	1,629104E-1
241,077003	78,000000	80,000000	1,629425E-1
241,077003	78,000000	80,000000	1,629746E-1
242,076401	78,000000	80,000000	1,629746E-1
242,076401	78,000000	80,000000	1,630067E-1
242,076401	78,000000	80,000000	1,630388E-1
242,076401	78,000000	80,000000	1,630388E-1
242,076401	78,000000	80,000000	1,630709E-1
242,076401	78,000000	80,000000	1,630709E-1
242,076401	78,000000	80,000000	1,631030E-1
242,076401	78,000000	80,000000	1,631030E-1
242,076401	77,900002	80,000000	1,631351E-1
242,076401	77,900002	80,000000	1,631351E-1
243,076862	77,900002	80,000000	1,631940E-1
243,076862	77,900002	80,000000	1,632277E-1
243,076862	77,900002	80,000000	1,632277E-1
243,076862	77,900002	80,000000	1,632614E-1
243,076862	77,900002	80,000000	1,632951E-1
243,076862	77,900002	80,000000	1,633288E-1
243,076862	77,900002	80,000000	1,633288E-1
243,076862	77,900002	80,000000	1,633625E-1
243,076862	77,900002	80,000000	1,633625E-1
243,076862	77,900002	80,000000	1,633962E-1
244,076289	78,900002	80,000000	1,633962E-1
244,076289	78,900002	80,000000	1,631619E-1
244,076289	78,900002	80,000000	1,631795E-1
244,076289	78,900002	80,000000	1,631972E-1
244,076289	78,900002	80,000000	1,631972E-1
244,076289	78,900002	80,000000	1,632148E-1
244,076289	78,900002	80,000000	1,632325E-1
244,076289	78,900002	80,000000	1,632501E-1
244,076289	78,900002	80,000000	1,632501E-1
244,076289	78,500000	80,000000	1,632678E-1
245,076692	78,500000	80,000000	1,632678E-1
245,076692	78,500000	80,000000	1,633927E-1
245,076692	78,500000	80,000000	1,634167E-1
245,076692	78,500000	80,000000	1,634167E-1
245,076692	78,500000	80,000000	1,634408E-1
245,076692	78,500000	80,000000	1,634408E-1
245,076692	78,500000	80,000000	1,634649E-1
245,076692	78,500000	80,000000	1,634649E-1
245,076692	78,500000	80,000000	1,634890E-1
245,076692	78,500000	80,000000	1,635130E-1
246,076150	78,699997	80,000000	1,634835E-1
246,076150	78,699997	80,000000	1,635044E-1
246,076150	78,699997	80,000000	1,635044E-1
246,076150	78,699997	80,000000	1,635252E-1
246,076150	78,699997	80,000000	1,635461E-1
246,076150	78,699997	80,000000	1,635670E-1
246,076150	78,699997	80,000000	1,635878E-1
246,076150	78,699997	80,000000	1,635878E-1
246,076150	78,699997	80,000000	1,636087E-1
246,076150	78,699997	80,000000	1,636087E-1
247,077549	78,800003	80,000000	1,636296E-1
247,077549	78,800003	80,000000	1,636296E-1
247,077549	78,800003	80,000000	1,636236E-1
247,077549	78,800003	80,000000	1,636429E-1
247,077549	78,800003	80,000000	1,636621E-1
247,077549	78,800003	80,000000	1,636621E-1
247,077549	78,800003	80,000000	1,636814E-1
247,077549	78,800003	80,000000	1,637007E-1
247,077549	78,800003	80,000000	1,637199E-1
247,077549	78,800003	80,000000	1,637199E-1
248,077959	78,800003	80,000000	1,637392E-1
248,077959	78,800003	80,000000	1,637584E-1
248,077959	78,799995	80,000000	1,637777E-1
248,077959	78,799995	80,000000	1,637777E-1
248,077959	78,799995	80,000000	1,637777E-1
248,077959	78,799995	80,000000	1,637970E-1
248,077959	78,799995	80,000000	1,637970E-1
248,077959	78,799995	80,000000	1,638162E-1
248,077959	78,799995	80,000000	1,638355E-1
248,077959	78,799995	80,000000	1,638547E-1
249,077444	78,799995	80,000000	1,638740E-1
249,077444	78,799995	80,000000	1,638932E-1
249,077444	78,799995	80,000000	1,638932E-1
249,077444	78,900002	80,000000	1,639125E-1
249,077444	78,900002	80,000000	1,639125E-1
249,077444	78,900002	80,000000	1,639050E-1
249,077444	78,900002	80,000000	1,639226E-1
249,077444	78,900002	80,000000	1,639403E-1
249,077444	78,900002	80,000000	1,639403E-1
249,077444	78,900002	80,000000	1,639403E-1
250,078804	78,900002	80,000000	1,639579E-1
250,078804	78,900002	80,000000	1,639579E-1
250,078804	78,900002	80,000000	1,639756E-1
250,078804	78,900002	80,000000	1,639932E-1
250,078804	78,900002	80,000000	1,640109E-1
250,078804	78,800003	80,000000	1,640109E-1
250,078804	78,800003	80,000000	1,640553E-1
250,078804	78,800003	80,000000	1,640746E-1
250,078804	78,800003	80,000000	1,640746E-1
250,078804	78,800003	80,000000	1,640939E-1
251,078269	78,800003	80,000000	1,641131E-1
251,078269	78,800003	80,000000	1,641324E-1
251,078269	78,800003	80,000000	1,641324E-1
251,078269	78,800003	80,000000	1,641516E-1
251,078269	79,099998	80,000000	1,641516E-1
251,078269	79,099998	80,000000	1,641516E-1
251,078269	79,099998	80,000000	1,640905E-1
251,078269	79,099998	80,000000	1,640905E-1
251,078269	79,099998	80,000000	1,641049E-1
251,078269	79,099998	80,000000	1,641194E-1
252,078633	79,099998	80,000000	1,641194E-1
252,078633	79,099998	80,000000	1,641338E-1
252,078633	79,099998	80,000000	1,641483E-1
252,078633	79,099998	80,000000	1,641627E-1
252,078633	79,199997	80,000000	1,641627E-1
252,078633	79,199997	80,000000	1,641504E-1
252,078633	79,199997	80,000000	1,641632E-1
252,078633	79,199997	80,000000	1,641632E-1
252,078633	79,199997	80,000000	1,641760E-1
252,078633	79,199997	80,000000	1,641760E-1
253,079083	79,199997	80,000000	1,641889E-1
253,079083	79,199997	80,000000	1,641889E-1
253,079083	79,199997	80,000000	1,641889E-1
253,079083	79,199997	80,000000	1,642017E-1
253,079083	79,199997	80,000000	1,642146E-1
253,079083	79,199997	80,000000	1,642274E-1
253,079083	79,199997	80,000000	1,642402E-1
253,079083	79,300003	80,000000	1,642402E-1
253,079083	79,300003	80,000000	1,642263E-1
253,079083	79,300003	80,000000	1,642375E-1
254,079554	79,300003	80,000000	1,642375E-1
254,079554	79,300003	80,000000	1,642487E-1
254,079554	79,300003	80,000000	1,642600E-1
254,079554	79,300003	80,000000	1,642600E-1
254,079554	79,300003	80,000000	1,642712E-1
254,079554	79,300003	80,000000	1,642712E-1
254,079554	79,300003	80,000000	1,642824E-1
254,079554	79,299995	80,000000	1,642824E-1
254,079554	79,299995	80,000000	1,642937E-1
254,079554	79,299995	80,000000	1,643049E-1
255,079975	79,299995	80,000000	1,643161E-1
255,079975	79,299995	80,000000	1,643274E-1
255,079975	79,299995	80,000000	1,643386E-1
255,079975	79,299995	80,000000	1,643386E-1
255,079975	79,299995	80,000000	1,643499E-1
255,079975	79,299995	80,000000	1,643611E-1
255,079975	79,299995	80,000000	1,643723E-1
255,079975	79,200005	80,000000	1,643836E-1
255,079975	79,200005	80,000000	1,643836E-1
255,079975	79,200005	80,000000	1,644216E-1
256,079383	79,200005	80,000000	1,644216E-1
256,079383	79,200005	80,000000	1,644216E-1
256,079383	79,200005	80,000000	1,644344E-1
256,079383	79,200005	80,000000	1,644473E-1
256,079383	79,200005	80,000000	1,644601E-1
256,079383	79,200005	80,000000	1,644730E-1
256,079383	79,200005	80,000000	1,644858E-1
256,079383	79,200005	80,000000	1,644986E-1
256,079383	79,200005	80,000000	1,644986E-1
256,079383	79,400002	80,000000	1,645115E-1
257,079817	79,400002	80,000000	1,644707E-1
257,079817	79,400002	80,000000	1,644803E-1
257,079817	79,400002	80,000000	1,644803E-1
257,079817	79,400002	80,000000	1,644900E-1
257,079817	79,400002	80,000000	1,644900E-1
257,079817	79,400002	80,000000	1,644900E-1
257,079817	79,400002	80,000000	1,644996E-1
257,079817	79,299995	80,000000	1,645092E-1
257,079817	79,299995	80,000000	1,645092E-1
257,079817	79,299995	80,000000	1,645457E-1
258,079186	79,299995	80,000000	1,645569E-1
258,079186	79,299995	80,000000	1,645569E-1
258,079186	79,299995	80,000000	1,645681E-1
258,079186	79,299995	80,000000	1,645794E-1
258,079186	79,299995	80,000000	1,645906E-1
258,079186	79,299995	80,000000	1,645906E-1
258,079186	79,299995	80,000000	1,646018E-1
258,079186	79,299995	80,000000	1,646018E-1
258,079186	79,299995	80,000000	1,646131E-1
258,079186	79,299995	80,000000	1,646131E-1
259,079625	79,299995	80,000000	1,646131E-1
259,079625	79,299995	80,000000	1,646243E-1
259,079625	79,299995	80,000000	1,646355E-1
259,079625	79,599998	80,000000	1,646468E-1
259,079625	79,599998	80,000000	1,646468E-1
259,079625	79,599998	80,000000	1,645776E-1
259,079625	79,599998	80,000000	1,645840E-1
259,079625	79,599998	80,000000	1,645840E-1
259,079625	79,599998	80,000000	1,645904E-1
259,079625	79,599998	80,000000	1,645969E-1
260,079010	79,599998	80,000000	1,646033E-1
260,079010	79,599998	80,000000	1,646033E-1
260,079010	79,599998	80,000000	1,646097E-1
260,079010	79,599998	80,000000	1,646097E-1
260,079010	79,599998	80,000000	1,646161E-1
260,079010	79,299995	80,000000	1,646161E-1
260,079010	79,299995	80,000000	1,647029E-1
260,079010	79,299995	80,000000	1,647142E-1
260,079010	79,299995	80,000000	1,647254E-1
260,079010	79,299995	80,000000	1,647254E-1
261,079503	79,299995	80,000000	1,647366E-1
261,079503	79,299995	80,000000	1,647479E-1
261,079503	79,299995	80,000000	1,647591E-1
261,079503	79,299995	80,000000	1,647703E-1
261,079503	79,299995	80,000000	1,647703E-1
261,079503	79,299995	80,000000	1,647816E-1
261,079503	79,299995	80,000000	1,647928E-1
261,079503	79,299995	80,000000	1,648041E-1
261,079503	79,299995	80,000000	1,648041E-1
261,079503	79,299995	80,000000	1,648153E-1
262,079861	79,299995	80,000000	1,648153E-1
262,079861	79,299995	80,000000	1,648265E-1
262,079861	79,299995	80,000000	1,648265E-1
262,079861	79,299995	80,000000	1,648378E-1
262,079861	79,299995	80,000000	1,648490E-1
262,079861	79,799995	80,000000	1,648602E-1
262,079861	79,799995	80,000000	1,648602E-1
262,079861	79,799995	80,000000	1,647374E-1
262,079861	79,799995	80,000000	1,647407E-1
262,079861	79,799995	80,000000	1,647407E-1
263,080320	79,799995	80,000000	1,647439E-1
263,080320	79,799995	80,000000	1,647471E-1
263,080320	79,799995	80,000000	1,647503E-1
263,080320	79,799995	80,000000	1,647503E-1
263,080320	79,799995	80,000000	1,647503E-1
263,080320	79,699997	80,000000	1,647535E-1
263,080320	79,699997	80,000000	1,647535E-1
263,080320	79,699997	80,000000	1,647835E-1
263,080320	79,699997	80,000000	1,647883E-1
263,080320	79,699997	80,000000	1,647931E-1
264,080786	79,699997	80,000000	1,647980E-1
264,080786	79,699997	80,000000	1,647980E-1
264,080786	79,699997	80,000000	1,648028E-1
264,080786	79,699997	80,000000	1,648076E-1
264,080786	79,699997	80,000000	1,648076E-1
264,080786	79,500000	80,000000	1,648124E-1
264,080786	79,500000	80,000000	1,648708E-1
264,080786	79,500000	80,000000	1,648708E-1
264,080786	79,500000	80,000000	1,648788E-1
264,080786	79,500000	80,000000	1,648788E-1
265,081191	79,500000	80,000000	1,648788E-1
265,081191	79,500000	80,000000	1,648869E-1
265,081191	79,500000	80,000000	1,648869E-1
265,081191	79,500000	80,000000	1,648949E-1
265,081191	79,500000	80,000000	1,649029E-1
265,081191	79,500000	80,000000	1,649109E-1
265,081191	79,500000	80,000000	1,649109E-1
265,081191	79,500000	80,000000	1,649190E-1
265,081191	79,500000	80,000000	1,649190E-1
265,081191	79,500000	80,000000	1,649270E-1
266,082627	79,899994	80,000000	1,649350E-1
266,082627	79,899994	80,000000	1,649350E-1
266,082627	79,899994	80,000000	1,648358E-1
266,082627	79,899994	80,000000	1,648374E-1
266,082627	79,899994	80,000000	1,648374E-1
266,082627	79,899994	80,000000	1,648374E-1
266,082627	79,899994	80,000000	1,648390E-1
266,082627	79,899994	80,000000	1,648406E-1
266,082627	79,899994	80,000000	1,648406E-1
266,082627	79,699997	80,000000	1,648423E-1
267,083055	79,699997	80,000000	1,648975E-1
267,083055	79,699997	80,000000	1,648975E-1
267,083055	79,699997	80,000000	1,649023E-1
267,083055	79,699997	80,000000	1,649071E-1
267,083055	79,699997	80,000000	1,649071E-1
267,083055	79,699997	80,000000	1,649119E-1
267,083055	79,699997	80,000000	1,649167E-1
267,083055	79,699997	80,000000	1,649215E-1
267,083055	79,699997	80,000000	1,649215E-1
267,083055	79,699997	80,000000	1,649215E-1
268,082452	79,599998	80,000000	1,649264E-1
268,082452	79,599998	80,000000	1,649264E-1
268,082452	79,599998	80,000000	1,649580E-1
268,082452	79,599998	80,000000	1,649644E-1
268,082452	79,599998	80,000000	1,649708E-1
268,082452	79,599998	80,000000	1,649772E-1
268,082452	79,599998	80,000000	1,649772E-1
268,082452	79,599998	80,000000	1,649836E-1
268,082452	79,599998	80,000000	1,649901E-1
268,082452	79,900002	80,000000	1,649965E-1
269,082597	79,900002	80,000000	1,649965E-1
269,082597	79,900002	80,000000	1,649225E-1
269,082597	79,900002	80,000000	1,649241E-1
269,082597	79,900002	80,000000	1,649241E-1
269,082597	79,900002	80,000000	1,649257E-1
269,082597	79,900002	80,000000	1,649257E-1
269,082597	79,900002	80,000000	1,649257E-1
269,082597	79,900002	80,000000	1,649273E-1
269,082597	79,900002	80,000000	1,649289E-1
269,082597	79,900002	80,000000	1,649305E-1
270,083976	79,900002	80,000000	1,649321E-1
270,083976	79,900002	80,000000	1,649321E-1
270,083976	79,800003	80,000000	1,649337E-1
270,083976	79,800003	80,000000	1,649337E-1
270,083976	79,800003	80,000000	1,649621E-1
270,083976	79,800003	80,000000	1,649653E-1
270,083976	79,800003	80,000000	1,649653E-1
270,083976	79,800003	80,000000	1,649686E-1
270,083976	79,800003	80,000000	1,649718E-1
270,083976	79,800003	80,000000	1,649718E-1
271,084398	79,800003	80,000000	1,649718E-1
271,084398	79,800003	80,000000	1,649750E-1
271,084398	79,800003	80,000000	1,649750E-1
271,084398	79,800003	80,000000	1,649782E-1
271,084398	79,800003	80,000000	1,649782E-1
271,084398	79,699997	80,000000	1,649814E-1
271,084398	79,699997	80,000000	1,650114E-1
271,084398	79,699997	80,000000	1,650162E-1
271,084398	79,699997	80,000000	1,650162E-1
271,084398	79,699997	80,000000	1,650210E-1
272,084833	79,699997	80,000000	1,650259E-1
272,084833	79,699997	80,000000	1,650307E-1
272,084833	79,699997	80,000000	1,650355E-1
272,084833	79,699997	80,000000	1,650355E-1
272,084833	79,400002	80,000000	1,651207E-1
272,084833	79,400002	80,000000	1,651207E-1
272,084833	79,400002	80,000000	1,651303E-1
272,084833	79,400002	80,000000	1,651303E-1
272,084833	79,400002	80,000000	1,651400E-1
272,084833	79,400002	80,000000	1,651496E-1
273,084234	79,400002	80,000000	1,651592E-1
273,084234	79,400002	80,000000	1,651689E-1
273,084234	79,400002	80,000000	1,651785E-1
273,084234	79,699997	80,000000	1,651881E-1
273,084234	79,699997	80,000000	1,651881E-1
273,084234	79,699997	80,000000	1,651173E-1
273,084234	79,699997	80,000000	1,651222E-1
273,084234	79,699997	80,000000	1,651270E-1
273,084234	79,699997	80,000000	1,651270E-1
273,084234	79,699997	80,000000	1,651270E-1
274,084366	79,699997	80,000000	1,651318E-1
274,084366	79,699997	80,000000	1,651318E-1
274,084366	79,699997	80,000000	1,651366E-1
274,084366	79,699997	80,000000	1,651414E-1
274,084366	79,899994	80,000000	1,650926E-1
274,084366	79,899994	80,000000	1,650942E-1
274,084366	79,899994	80,000000	1,650942E-1
274,084366	79,899994	80,000000	1,650958E-1
274,084366	79,899994	80,000000	1,650974E-1
274,084366	79,899994	80,000000	1,650990E-1
275,085813	79,899994	80,000000	1,650990E-1
275,085813	79,899994	80,000000	1,651006E-1
275,085813	79,899994	80,000000	1,651023E-1
275,085813	79,899994	80,000000	1,651023E-1
275,085813	79,899994	80,000000	1,651039E-1
275,085813	79,899994	40,000000	1,651039E-1
275,085813	79,900002	40,000000	1,651039E-1
275,085813	79,900002	40,000000	1,543845E-1
275,085813	79,900002	40,000000	1,537441E-1
275,085813	79,900002	40,000000	1,531037E-1
276,085280	79,900002	40,000000	1,524634E-1
276,085280	79,900002	40,000000	1,524634E-1
276,085280	79,900002	40,000000	1,518230E-1
276,085280	79,900002	40,000000	1,511826E-1
276,085280	79,900002	40,000000	1,511826E-1
276,085280	79,900002	40,000000	1,505423E-1
276,085280	79,900002	40,000000	1,499019E-1
276,085280	79,900002	40,000000	1,492615E-1
276,085280	79,900002	40,000000	1,492615E-1
276,085280	79,900002	40,000000	1,486211E-1
277,085692	79,900002	40,000000	1,486211E-1
277,085692	79,900002	40,000000	1,479808E-1
277,085692	79,900002	40,000000	1,473404E-1
277,085692	63,099998	40,000000	1,473404E-1
277,085692	63,099998	40,000000	1,512028E-1
277,085692	63,099998	40,000000	1,508321E-1
277,085692	63,099998	40,000000	1,504614E-1
277,085692	63,099998	40,000000	1,500906E-1
277,085692	63,099998	40,000000	1,500906E-1
277,085692	63,099998	40,000000	1,497199E-1
278,085144	63,099998	40,000000	1,493491E-1
278,085144	63,099998	40,000000	1,489784E-1
278,085144	63,099998	40,000000	1,489784E-1
278,085144	63,099998	40,000000	1,486077E-1
278,085144	62,300003	40,000000	1,486077E-1
278,085144	62,300003	40,000000	1,486077E-1
278,085144	62,300003	40,000000	1,484513E-1
278,085144	62,300003	40,000000	1,480934E-1
278,085144	62,300003	40,000000	1,477355E-1
278,085144	62,300003	40,000000	1,477355E-1
279,085538	62,300003	40,000000	1,473776E-1
279,085538	62,300003	40,000000	1,470197E-1
279,085538	62,300003	40,000000	1,466618E-1
279,085538	61,200001	40,000000	1,465988E-1
279,085538	61,200001	40,000000	1,462585E-1
279,085538	61,200001	40,000000	1,462585E-1
279,085538	61,200001	40,000000	1,459183E-1
279,085538	61,200001	40,000000	1,455780E-1
279,085538	61,200001	40,000000	1,455780E-1
279,085538	61,200001	40,000000	1,452378E-1
280,085950	61,200001	40,000000	1,452378E-1
280,085950	61,200001	40,000000	1,452378E-1
280,085950	61,200001	40,000000	1,448975E-1
280,085950	58,899998	40,000000	0,000000E+0
280,085950	58,899998	40,000000	0,000000E+0
280,085950	58,899998	40,000000	0,000000E+0
280,085950	58,899998	40,000000	0,000000E+0
280,085950	58,899998	40,000000	0,000000E+0
280,085950	58,899998	40,000000	0,000000E+0
280,085950	58,899998	40,000000	0,000000E+0
281,085381	58,899998	40,000000	0,000000E+0
281,085381	58,899998	40,000000	0,000000E+0
281,085381	58,899998	40,000000	0,000000E+0
281,085381	58,899998	40,000000	0,000000E+0
281,085381	58,899998	40,000000	0,000000E+0
281,085381	31,400002	40,000000	0,000000E+0
281,085381	31,400002	40,000000	0,000000E+0
281,085381	31,400002	40,000000	0,000000E+0
281,085381	31,400002	40,000000	0,000000E+0
281,085381	31,400002	40,000000	0,000000E+0
282,086826	31,400002	40,000000	0,000000E+0
282,086826	31,400002	40,000000	0,000000E+0
282,086826	31,400002	40,000000	0,000000E+0
282,086826	31,400002	40,000000	0,000000E+0
282,086826	31,400002	40,000000	0,000000E+0
282,086826	31,400002	40,000000	0,000000E+0
282,086826	31,400002	40,000000	0,000000E+0
282,086826	31,400002	40,000000	0,000000E+0
282,086826	31,400002	40,000000	0,000000E+0
282,086826	31,400002	40,000000	0,000000E+0
283,087225	31,400002	40,000000	0,000000E+0
283,087225	10,400000	40,000000	0,000000E+0
283,087225	10,400000	40,000000	0,000000E+0
283,087225	10,400000	40,000000	0,000000E+0
283,087225	10,400000	40,000000	0,000000E+0
283,087225	10,400000	40,000000	0,000000E+0
283,087225	10,400000	40,000000	0,000000E+0
283,087225	10,400000	40,000000	0,000000E+0
283,087225	10,400000	40,000000	0,000000E+0
283,087225	10,400000	40,000000	0,000000E+0
284,087633	11,300000	40,000000	0,000000E+0
284,087633	11,300000	40,000000	0,000000E+0
284,087633	11,300000	40,000000	0,000000E+0
284,087633	11,300000	40,000000	0,000000E+0
284,087633	11,300000	40,000000	0,000000E+0
284,087633	11,300000	40,000000	0,000000E+0
284,087633	11,300000	40,000000	0,000000E+0
284,087633	11,300000	40,000000	0,000000E+0
284,087633	11,300000	40,000000	0,000000E+0
284,087633	14,400000	40,000000	0,000000E+0
285,087085	14,400000	40,000000	0,000000E+0
285,087085	14,400000	40,000000	0,000000E+0
285,087085	14,400000	40,000000	0,000000E+0
285,087085	14,400000	40,000000	0,000000E+0
285,087085	14,400000	40,000000	0,000000E+0
285,087085	14,400000	40,000000	0,000000E+0
285,087085	14,400000	40,000000	0,000000E+0
285,087085	14,400000	40,000000	0,000000E+0
285,087085	14,400000	40,000000	0,000000E+0
285,087085	14,400000	40,000000	0,000000E+0
286,087540	15,700001	40,000000	0,000000E+0
286,087540	15,700001	40,000000	0,000000E+0
286,087540	15,700001	40,000000	0,000000E+0
286,087540	15,700001	40,000000	0,000000E+0
286,087540	15,700001	40,000000	0,000000E+0
286,087540	15,700001	40,000000	0,000000E+0
286,087540	15,700001	40,000000	0,000000E+0
286,087540	15,700001	40,000000	0,000000E+0
286,087540	15,700001	40,000000	0,000000E+0
286,087540	15,700001	40,000000	0,000000E+0
287,087942	15,700001	40,000000	0,000000E+0
287,087942	15,700001	40,000000	0,000000E+0
287,087942	13,800000	40,000000	0,000000E+0
287,087942	13,800000	40,000000	0,000000E+0
287,087942	13,800000	40,000000	0,000000E+0
287,087942	13,800000	40,000000	0,000000E+0
287,087942	13,800000	40,000000	0,000000E+0
287,087942	13,800000	40,000000	0,000000E+0
287,087942	13,800000	40,000000	0,000000E+0
287,087942	13,800000	40,000000	0,000000E+0
288,088356	13,800000	40,000000	0,000000E+0
288,088356	13,800000	40,000000	0,000000E+0
288,088356	13,800000	40,000000	0,000000E+0
288,088356	13,100000	40,000000	0,000000E+0
288,088356	13,100000	40,000000	0,000000E+0
288,088356	13,100000	40,000000	0,000000E+0
288,088356	13,100000	40,000000	0,000000E+0
288,088356	13,100000	40,000000	0,000000E+0
288,088356	13,100000	40,000000	0,000000E+0
288,088356	13,100000	40,000000	0,000000E+0
289,089773	13,100000	40,000000	0,000000E+0
289,089773	13,100000	40,000000	0,000000E+0
289,089773	13,100000	40,000000	0,000000E+0
289,089773	13,500000	40,000000	0,000000E+0
289,089773	13,500000	40,000000	0,000000E+0
289,089773	13,500000	40,000000	0,000000E+0
289,089773	13,500000	40,000000	0,000000E+0
289,089773	13,500000	40,000000	0,000000E+0
289,089773	13,500000	40,000000	0,000000E+0
289,089773	13,500000	40,000000	0,000000E+0
290,089162	13,500000	40,000000	0,000000E+0
290,089162	13,500000	40,000000	0,000000E+0
290,089162	13,500000	40,000000	0,000000E+0
290,089162	13,500000	40,000000	0,000000E+0
290,089162	13,500000	40,000000	0,000000E+0
290,089162	8,900001	40,000000	0,000000E+0
290,089162	8,900001	40,000000	0,000000E+0
290,089162	8,900001	40,000000	0,000000E+0
290,089162	8,900001	40,000000	0,000000E+0
290,089162	8,900001	40,000000	0,000000E+0
291,089589	8,900001	40,000000	0,000000E+0
291,089589	8,900001	40,000000	0,000000E+0
291,089589	8,900001	40,000000	0,000000E+0
291,089589	0,600000	40,000000	0,000000E+0
291,089589	0,600000	40,000000	0,000000E+0
291,089589	0,600000	40,000000	0,000000E+0
291,089589	0,600000	40,000000	0,000000E+0
291,089589	0,600000	40,000000	0,000000E+0
291,089589	0,600000	40,000000	0,000000E+0
291,089589	0,600000	40,000000	0,000000E+0
292,090017	0,600000	40,000000	0,000000E+0
292,090017	0,600000	40,000000	0,000000E+0
292,090017	0,600000	40,000000	0,000000E+0
292,090017	0,600000	40,000000	0,000000E+0
292,090017	0,600000	40,000000	0,000000E+0
292,090017	0,300000	40,000000	0,000000E+0
292,090017	0,300000	40,000000	0,000000E+0
292,090017	0,300000	40,000000	0,000000E+0
292,090017	0,300000	40,000000	0,000000E+0
292,090017	0,300000	40,000000	0,000000E+0
293,090451	0,300000	40,000000	0,000000E+0
293,090451	0,300000	40,000000	0,000000E+0
293,090451	0,300000	40,000000	0,000000E+0
293,090451	0,300000	40,000000	0,000000E+0
293,090451	0,300000	40,000000	0,000000E+0
293,090451	0,300000	40,000000	0,000000E+0
293,090451	0,300000	40,000000	0,000000E+0
293,090451	0,300000	40,000000	0,000000E+0
293,090451	0,300000	40,000000	0,000000E+0
293,090451	0,300000	40,000000	0,000000E+0
294,090877	0,300000	40,000000	0,000000E+0
294,090877	0,300000	40,000000	0,000000E+0
294,090877	0,300000	40,000000	0,000000E+0
294,090877	0,300000	40,000000	0,000000E+0
294,090877	0,300000	40,000000	0,000000E+0
294,090877	0,300000	40,000000	0,000000E+0
294,090877	0,300000	40,000000	0,000000E+0
294,090877	0,300000	40,000000	0,000000E+0
294,090877	0,300000	40,000000	0,000000E+0
294,090877	0,300000	40,000000	0,000000E+0
295,090305	0,300000	40,000000	0,000000E+0
295,090305	0,300000	40,000000	0,000000E+0
295,090305	0,300000	40,000000	0,000000E+0
295,090305	0,300000	40,000000	0,000000E+0
295,090305	0,300000	40,000000	0,000000E+0
295,090305	0,300000	40,000000	0,000000E+0
295,090305	0,300000	40,000000	0,000000E+0
295,090305	0,000000	40,000000	0,000000E+0
295,090305	0,000000	40,000000	0,000000E+0
295,090305	0,000000	40,000000	0,000000E+0
296,090714	0,000000	40,000000	0,000000E+0
296,090714	0,000000	40,000000	0,000000E+0
296,090714	0,000000	40,000000	0,000000E+0
296,090714	0,000000	40,000000	0,000000E+0
296,090714	0,000000	40,000000	0,000000E+0
296,090714	0,000000	40,000000	0,000000E+0
296,090714	0,000000	40,000000	0,000000E+0
296,090714	0,000000	40,000000	0,000000E+0
296,090714	0,000000	40,000000	0,000000E+0
296,090714	0,000000	40,000000	0,000000E+0
297,090145	0,000000	40,000000	0,000000E+0
297,090145	0,000000	40,000000	0,000000E+0
297,090145	0,000000	40,000000	0,000000E+0
297,090145	0,000000	40,000000	0,000000E+0
297,090145	0,000000	40,000000	0,000000E+0
297,090145	0,000000	40,000000	0,000000E+0
