t	PL(A)	PL(B)	PL(T)	PL(E)	V(A)	V(B)	V(E)	I(A)	I(B)	I(E)	n_bracos	n_res
2462,583	0,000	0,000	0,000E+0	0,000E+0	1,170E+1	1,182E+1	0,000E+0	0,000E+0	0,000E+0	0,000E+0	7	0001
0,009	0,000	0,000	0,000E+0	0,000E+0	0,000E+0	0,000E+0	0,000E+0	0,000E+0	0,000E+0	0,000E+0	7	0001
1,009	0,000	0,000	0,000E+0	0,000E+0	0,000E+0	0,000E+0	0,000E+0	0,000E+0	0,000E+0	0,000E+0	7	0001
2,010	0,000	0,000	0,000E+0	0,000E+0	0,000E+0	0,000E+0	0,000E+0	0,000E+0	0,000E+0	0,000E+0	7	0001
3,009	0,000	0,000	0,000E+0	0,000E+0	0,000E+0	0,000E+0	0,000E+0	0,000E+0	0,000E+0	0,000E+0	7	0001
4,009	0,000	0,000	0,000E+0	0,000E+0	0,000E+0	0,000E+0	0,000E+0	0,000E+0	0,000E+0	0,000E+0	7	0001
5,010	0,000	0,000	0,000E+0	0,000E+0	0,000E+0	0,000E+0	0,000E+0	0,000E+0	0,000E+0	0,000E+0	7	0001
6,010	0,000	0,000	0,000E+0	0,000E+0	0,000E+0	0,000E+0	0,000E+0	0,000E+0	0,000E+0	0,000E+0	7	0001
7,010	0,000	0,000	0,000E+0	0,000E+0	0,000E+0	0,000E+0	0,000E+0	0,000E+0	0,000E+0	0,000E+0	7	0001
8,010	0,000	0,000	0,000E+0	0,000E+0	0,000E+0	0,000E+0	0,000E+0	0,000E+0	0,000E+0	0,000E+0	7	0001
9,011	0,000	0,000	0,000E+0	0,000E+0	0,000E+0	0,000E+0	0,000E+0	0,000E+0	0,000E+0	0,000E+0	7	0001
10,010	0,000	0,000	0,000E+0	0,000E+0	0,000E+0	0,000E+0	0,000E+0	0,000E+0	0,000E+0	0,000E+0	7	0001
11,010	0,000	0,000	0,000E+0	0,000E+0	0,000E+0	0,000E+0	0,000E+0	0,000E+0	0,000E+0	0,000E+0	7	0001
12,011	0,000	0,000	0,000E+0	0,000E+0	0,000E+0	0,000E+0	0,000E+0	0,000E+0	0,000E+0	0,000E+0	7	0001
13,012	0,000	0,000	0,000E+0	0,000E+0	0,000E+0	0,000E+0	0,000E+0	0,000E+0	0,000E+0	0,000E+0	7	0001
14,012	0,000	0,000	0,000E+0	0,000E+0	0,000E+0	0,000E+0	0,000E+0	0,000E+0	0,000E+0	0,000E+0	7	0001
15,012	0,000	0,000	0,000E+0	0,000E+0	0,000E+0	0,000E+0	0,000E+0	0,000E+0	0,000E+0	0,000E+0	7	0001
16,013	0,000	0,000	0,000E+0	0,000E+0	0,000E+0	0,000E+0	0,000E+0	0,000E+0	0,000E+0	0,000E+0	7	0001
17,012	0,000	0,000	0,000E+0	0,000E+0	0,000E+0	0,000E+0	0,000E+0	0,000E+0	0,000E+0	0,000E+0	7	0001
18,012	0,000	0,000	0,000E+0	0,000E+0	0,000E+0	0,000E+0	0,000E+0	0,000E+0	0,000E+0	0,000E+0	7	0001
19,012	0,000	0,000	0,000E+0	0,000E+0	0,000E+0	0,000E+0	0,000E+0	0,000E+0	0,000E+0	0,000E+0	7	0001
20,012	0,000	0,000	0,000E+0	0,000E+0	0,000E+0	0,000E+0	0,000E+0	0,000E+0	0,000E+0	0,000E+0	7	0001
21,014	0,000	0,000	0,000E+0	0,000E+0	0,000E+0	0,000E+0	0,000E+0	0,000E+0	0,000E+0	0,000E+0	7	0001
22,013	0,000	0,000	0,000E+0	0,000E+0	0,000E+0	0,000E+0	0,000E+0	0,000E+0	0,000E+0	0,000E+0	7	0001
23,014	0,000	0,000	0,000E+0	0,000E+0	0,000E+0	0,000E+0	0,000E+0	0,000E+0	0,000E+0	0,000E+0	7	0001
24,013	0,000	0,000	0,000E+0	0,000E+0	0,000E+0	0,000E+0	0,000E+0	0,000E+0	0,000E+0	0,000E+0	7	0001
25,013	0,000	0,000	0,000E+0	0,000E+0	0,000E+0	0,000E+0	0,000E+0	0,000E+0	0,000E+0	0,000E+0	7	0001
26,013	0,000	0,000	0,000E+0	0,000E+0	0,000E+0	0,000E+0	0,000E+0	0,000E+0	0,000E+0	0,000E+0	7	0001
27,014	0,000	0,000	0,000E+0	0,000E+0	0,000E+0	0,000E+0	0,000E+0	0,000E+0	0,000E+0	0,000E+0	7	0001
28,016	49,200	50,400	9,960E+1	0,000E+0	5,617E+1	3,806E+1	0,000E+0	4,985E+0	4,994E+0	0,000E+0	7	0001
29,015	49,200	50,400	9,960E+1	0,000E+0	5,617E+1	3,806E+1	0,000E+0	4,985E+0	4,994E+0	0,000E+0	7	0001
30,016	38,100	19,000	5,710E+1	0,000E+0	8,583E+1	1,050E+2	0,000E+0	3,738E+0	7,856E-1	0,000E+0	7	0001
31,016	30,800	37,200	6,800E+1	0,000E+0	1,812E+2	1,806E+2	0,000E+0	4,235E-1	4,190E-1	0,000E+0	7	0001
32,016	11,100	10,500	2,160E+1	0,000E+0	1,698E+2	1,695E+2	0,000E+0	1,137E-1	1,122E-1	0,000E+0	7	0001
33,016	14,900	13,900	2,880E+1	0,000E+0	1,674E+2	1,673E+2	0,000E+0	1,525E-1	1,500E-1	0,000E+0	7	0001
34,016	20,100	18,900	3,900E+1	0,000E+0	1,719E+2	1,716E+2	0,000E+0	1,892E-1	1,859E-1	0,000E+0	7	0001
35,017	16,600	15,500	3,210E+1	0,000E+0	1,716E+2	1,716E+2	0,000E+0	1,594E-1	1,566E-1	0,000E+0	7	0001
36,016	16,600	15,500	3,210E+1	0,000E+0	1,716E+2	1,716E+2	0,000E+0	1,594E-1	1,566E-1	0,000E+0	7	0001
37,016	16,800	15,700	3,250E+1	0,000E+0	1,715E+2	1,716E+2	0,000E+0	1,613E-1	1,586E-1	0,000E+0	7	0001
38,016	16,400	15,500	3,190E+1	0,000E+0	1,715E+2	1,714E+2	0,000E+0	1,583E-1	1,566E-1	0,000E+0	7	0001
39,016	16,600	15,400	3,200E+1	0,000E+0	1,715E+2	1,713E+2	0,000E+0	1,601E-1	1,564E-1	0,000E+0	7	0001
40,016	16,800	15,700	3,250E+1	0,000E+0	1,717E+2	1,714E+2	0,000E+0	1,615E-1	1,594E-1	0,000E+0	7	0001
41,017	16,300	15,200	3,150E+1	0,000E+0	1,715E+2	1,715E+2	0,000E+0	1,569E-1	1,550E-1	0,000E+0	7	0001
42,018	16,300	15,200	3,150E+1	0,000E+0	1,715E+2	1,715E+2	0,000E+0	1,569E-1	1,550E-1	0,000E+0	7	0001
43,017	16,300	15,300	3,160E+1	0,000E+0	1,714E+2	1,715E+2	0,000E+0	1,572E-1	1,548E-1	0,000E+0	7	0001
44,017	16,500	15,400	3,190E+1	0,000E+0	1,715E+2	1,712E+2	0,000E+0	1,588E-1	1,564E-1	0,000E+0	7	0001
45,017	16,500	15,400	3,190E+1	0,000E+0	1,715E+2	1,712E+2	0,000E+0	1,588E-1	1,564E-1	0,000E+0	7	0001
46,018	16,200	15,000	3,120E+1	0,000E+0	1,715E+2	1,712E+2	0,000E+0	1,562E-1	1,536E-1	0,000E+0	7	0001
47,018	16,200	15,100	3,130E+1	0,000E+0	1,714E+2	1,712E+2	0,000E+0	1,560E-1	1,543E-1	0,000E+0	7	0001
48,018	16,200	15,100	3,130E+1	0,000E+0	1,716E+2	1,714E+2	0,000E+0	1,560E-1	1,538E-1	0,000E+0	7	0001
49,019	16,300	15,400	3,170E+1	0,000E+0	1,714E+2	1,714E+2	0,000E+0	1,578E-1	1,563E-1	0,000E+0	7	0001
50,018	16,400	15,300	3,170E+1	0,000E+0	1,715E+2	1,713E+2	0,000E+0	1,579E-1	1,552E-1	0,000E+0	7	0001
51,019	16,400	15,300	3,170E+1	0,000E+0	1,715E+2	1,714E+2	0,000E+0	1,580E-1	1,553E-1	0,000E+0	7	0001
52,020	16,600	15,400	3,200E+1	0,000E+0	1,716E+2	1,713E+2	0,000E+0	1,594E-1	1,563E-1	0,000E+0	7	0001
53,021	16,200	15,300	3,150E+1	0,000E+0	1,716E+2	1,716E+2	0,000E+0	1,565E-1	1,551E-1	0,000E+0	7	0001
54,023	16,200	15,100	3,130E+1	0,000E+0	1,714E+2	1,713E+2	0,000E+0	1,566E-1	1,535E-1	0,000E+0	7	0001
55,023	16,000	15,000	3,100E+1	0,000E+0	1,712E+2	1,711E+2	0,000E+0	1,550E-1	1,532E-1	0,000E+0	7	0001
56,024	16,400	15,300	3,170E+1	0,000E+0	1,714E+2	1,714E+2	0,000E+0	1,580E-1	1,554E-1	0,000E+0	7	0001
57,023	16,400	15,300	3,170E+1	0,000E+0	1,714E+2	1,714E+2	0,000E+0	1,580E-1	1,554E-1	0,000E+0	7	0001
58,023	16,100	15,100	3,120E+1	0,000E+0	1,714E+2	1,714E+2	0,000E+0	1,556E-1	1,533E-1	0,000E+0	7	0001
59,023	16,300	15,200	3,150E+1	0,000E+0	1,714E+2	1,713E+2	0,000E+0	1,572E-1	1,547E-1	0,000E+0	7	0001
60,023	16,300	15,100	3,140E+1	0,000E+0	1,716E+2	1,711E+2	0,000E+0	1,571E-1	1,537E-1	0,000E+0	7	0001
61,024	16,300	15,000	3,130E+1	0,000E+0	1,714E+2	1,714E+2	0,000E+0	1,569E-1	1,536E-1	0,000E+0	7	0001
62,023	9,800	8,900	1,870E+1	0,000E+0	1,618E+2	1,616E+2	0,000E+0	1,092E-1	1,072E-1	0,000E+0	7	0001
63,024	3,500	2,800	6,300E+0	0,000E+0	1,363E+2	1,364E+2	0,000E+0	5,300E-2	5,290E-2	0,000E+0	7	0001
64,025	3,500	2,800	6,300E+0	0,000E+0	1,363E+2	1,364E+2	0,000E+0	5,300E-2	5,290E-2	0,000E+0	7	0001
65,025	8,800	7,600	1,640E+1	0,000E+0	1,320E+2	1,324E+2	0,000E+0	1,364E-1	1,362E-1	0,000E+0	7	0001
66,026	16,800	15,100	3,190E+1	0,000E+0	1,472E+2	1,471E+2	0,000E+0	2,092E-1	2,090E-1	0,000E+0	7	0001
67,027	12,800	11,400	2,420E+1	0,000E+0	1,505E+2	1,507E+2	0,000E+0	1,559E-1	1,539E-1	0,000E+0	7	0001
68,028	11,000	9,900	2,090E+1	0,000E+0	1,491E+2	1,492E+2	0,000E+0	1,367E-1	1,364E-1	0,000E+0	7	0001
69,028	11,000	9,700	2,070E+1	0,000E+0	1,481E+2	1,480E+2	0,000E+0	1,374E-1	1,361E-1	0,000E+0	7	0001
70,029	11,000	9,700	2,070E+1	0,000E+0	1,481E+2	1,480E+2	0,000E+0	1,374E-1	1,361E-1	0,000E+0	7	0001
71,029	11,000	9,700	2,070E+1	0,000E+0	1,481E+2	1,480E+2	0,000E+0	1,374E-1	1,361E-1	0,000E+0	7	0001
72,029	11,000	9,700	2,070E+1	0,000E+0	1,481E+2	1,480E+2	0,000E+0	1,374E-1	1,361E-1	0,000E+0	7	0001
73,029	11,000	9,700	2,070E+1	0,000E+0	1,481E+2	1,480E+2	0,000E+0	1,374E-1	1,361E-1	0,000E+0	7	0001
74,029	11,800	10,400	2,220E+1	0,000E+0	1,489E+2	1,490E+2	0,000E+0	1,457E-1	1,436E-1	0,000E+0	7	0001
75,030	11,500	10,200	2,170E+1	0,000E+0	1,487E+2	1,488E+2	0,000E+0	1,423E-1	1,412E-1	0,000E+0	7	0001
76,030	11,600	10,100	2,170E+1	0,000E+0	1,486E+2	1,487E+2	0,000E+0	1,443E-1	1,416E-1	0,000E+0	7	0001
77,031	11,800	10,600	2,240E+1	0,000E+0	1,489E+2	1,491E+2	0,000E+0	1,467E-1	1,461E-1	0,000E+0	7	0001
78,032	12,400	11,100	2,350E+1	0,000E+0	1,494E+2	1,495E+2	0,000E+0	1,524E-1	1,521E-1	0,000E+0	7	0001
79,032	12,800	11,500	2,430E+1	0,000E+0	1,495E+2	1,497E+2	0,000E+0	1,567E-1	1,565E-1	0,000E+0	7	0001
80,033	13,900	12,300	2,620E+1	0,000E+0	1,502E+2	1,499E+2	0,000E+0	1,691E-1	1,677E-1	0,000E+0	7	0001
81,032	13,900	12,300	2,620E+1	0,000E+0	1,502E+2	1,499E+2	0,000E+0	1,691E-1	1,677E-1	0,000E+0	7	0001
82,032	17,300	15,500	3,280E+1	0,000E+0	1,513E+2	1,516E+2	0,000E+0	2,018E-1	1,999E-1	0,000E+0	7	0001
83,032	20,500	18,900	3,940E+1	0,000E+0	1,525E+2	1,525E+2	0,000E+0	2,360E-1	2,355E-1	0,000E+0	7	0001
84,033	24,300	23,100	4,740E+1	0,000E+0	1,536E+2	1,537E+2	0,000E+0	2,802E-1	2,787E-1	0,000E+0	7	0001
85,034	29,400	28,800	5,820E+1	0,000E+0	1,551E+2	1,551E+2	0,000E+0	3,384E-1	3,383E-1	0,000E+0	7	0001
86,035	34,800	35,700	7,050E+1	0,000E+0	1,566E+2	1,567E+2	0,000E+0	4,057E-1	4,056E-1	0,000E+0	7	0001
87,037	34,800	35,700	7,050E+1	0,000E+0	1,566E+2	1,567E+2	0,000E+0	4,057E-1	4,056E-1	0,000E+0	7	0001
88,036	40,900	43,800	8,470E+1	0,000E+0	1,581E+2	1,582E+2	0,000E+0	4,854E-1	4,842E-1	0,000E+0	7	0001
89,036	45,800	50,100	9,590E+1	0,000E+0	1,594E+2	1,594E+2	0,000E+0	5,473E-1	5,467E-1	0,000E+0	7	0001
90,036	48,900	54,900	1,038E+2	0,000E+0	1,603E+2	1,604E+2	0,000E+0	5,904E-1	5,901E-1	0,000E+0	7	0001
91,037	51,300	58,000	1,093E+2	0,000E+0	1,612E+2	1,612E+2	0,000E+0	6,213E-1	6,193E-1	0,000E+0	7	0001
92,037	53,300	61,300	1,146E+2	0,000E+0	1,616E+2	1,619E+2	0,000E+0	6,508E-1	6,482E-1	0,000E+0	7	0001
93,038	57,800	68,700	1,265E+2	0,000E+0	1,630E+2	1,632E+2	0,000E+0	7,156E-1	7,116E-1	0,000E+0	7	0001
94,039	59,700	72,000	1,317E+2	0,000E+0	1,638E+2	1,640E+2	0,000E+0	7,425E-1	7,420E-1	0,000E+0	7	0001
95,038	59,500	71,200	1,307E+2	0,000E+0	1,636E+2	1,637E+2	0,000E+0	7,388E-1	7,342E-1	0,000E+0	7	0001
96,039	60,000	72,300	1,323E+2	0,000E+0	1,638E+2	1,640E+2	0,000E+0	7,482E-1	7,441E-1	0,000E+0	7	0001
97,039	61,600	75,600	1,372E+2	0,000E+0	1,644E+2	1,645E+2	0,000E+0	7,720E-1	7,720E-1	0,000E+0	7	0001
98,039	61,600	75,600	1,372E+2	0,000E+0	1,644E+2	1,645E+2	0,000E+0	7,720E-1	7,720E-1	0,000E+0	7	0001
99,040	62,400	76,400	1,388E+2	0,000E+0	1,645E+2	1,647E+2	0,000E+0	7,832E-1	7,786E-1	0,000E+0	7	0001
100,041	63,000	77,200	1,402E+2	0,000E+0	1,650E+2	1,647E+2	0,000E+0	7,922E-1	7,863E-1	0,000E+0	7	0001
101,042	63,400	78,200	1,416E+2	0,000E+0	1,649E+2	1,650E+2	0,000E+0	7,976E-1	7,953E-1	0,000E+0	7	0001
102,041	64,200	79,000	1,432E+2	0,000E+0	1,654E+2	1,650E+2	0,000E+0	8,095E-1	8,031E-1	0,000E+0	7	0001
103,041	64,000	79,800	1,438E+2	0,000E+0	1,653E+2	1,656E+2	0,000E+0	8,099E-1	8,083E-1	0,000E+0	7	0001
104,041	64,000	79,800	1,438E+2	0,000E+0	1,653E+2	1,656E+2	0,000E+0	8,099E-1	8,083E-1	0,000E+0	7	0001
105,042	64,900	80,800	1,457E+2	0,000E+0	1,654E+2	1,655E+2	0,000E+0	8,213E-1	8,168E-1	0,000E+0	7	0001
106,044	65,000	81,000	1,460E+2	0,000E+0	1,655E+2	1,656E+2	0,000E+0	8,229E-1	8,185E-1	0,000E+0	7	0001
107,043	64,900	81,000	1,459E+2	0,000E+0	1,654E+2	1,655E+2	0,000E+0	8,201E-1	8,189E-1	0,000E+0	7	0001
108,044	65,300	81,000	1,463E+2	0,000E+0	1,658E+2	1,653E+2	0,000E+0	8,259E-1	8,192E-1	0,000E+0	7	0001
109,043	65,500	82,000	1,475E+2	0,000E+0	1,655E+2	1,656E+2	0,000E+0	8,285E-1	8,275E-1	0,000E+0	7	0001
110,044	65,200	81,800	1,470E+2	0,000E+0	1,657E+2	1,657E+2	0,000E+0	8,287E-1	8,251E-1	0,000E+0	7	0001
111,044	65,200	82,000	1,472E+2	0,000E+0	1,657E+2	1,657E+2	0,000E+0	8,298E-1	8,271E-1	0,000E+0	7	0001
112,045	65,500	82,300	1,478E+2	0,000E+0	1,659E+2	1,658E+2	0,000E+0	8,305E-1	8,296E-1	0,000E+0	7	0001
113,046	65,700	82,400	1,481E+2	0,000E+0	1,660E+2	1,657E+2	0,000E+0	8,365E-1	8,310E-1	0,000E+0	7	0001
114,047	65,700	82,400	1,481E+2	0,000E+0	1,660E+2	1,657E+2	0,000E+0	8,365E-1	8,310E-1	0,000E+0	7	0001
115,046	67,400	85,800	1,532E+2	0,000E+0	1,661E+2	1,662E+2	0,000E+0	8,677E-1	8,627E-1	0,000E+0	7	0001
116,046	67,400	85,800	1,532E+2	0,000E+0	1,661E+2	1,662E+2	0,000E+0	8,677E-1	8,627E-1	0,000E+0	7	0001
117,046	79,500	108,300	1,878E+2	0,000E+0	1,706E+2	1,700E+2	0,000E+0	1,056E+0	1,048E+0	0,000E+0	7	0001
118,047	78,000	107,200	1,852E+2	0,000E+0	1,703E+2	1,704E+2	0,000E+0	1,036E+0	1,032E+0	0,000E+0	7	0001
119,048	75,600	101,200	1,768E+2	0,000E+0	1,693E+2	1,691E+2	0,000E+0	9,899E-1	9,859E-1	0,000E+0	7	0001
120,047	76,200	102,600	1,788E+2	0,000E+0	1,694E+2	1,691E+2	0,000E+0	1,005E+0	9,995E-1	0,000E+0	7	0001
121,048	76,700	103,300	1,800E+2	0,000E+0	1,694E+2	1,695E+2	0,000E+0	1,009E+0	1,004E+0	0,000E+0	7	0001
122,047	76,200	102,700	1,789E+2	0,000E+0	1,695E+2	1,693E+2	0,000E+0	1,004E+0	9,974E-1	0,000E+0	7	0001
123,048	76,200	102,800	1,790E+2	0,000E+0	1,694E+2	1,691E+2	0,000E+0	1,007E+0	1,001E+0	0,000E+0	7	0001
124,049	76,500	102,500	1,790E+2	0,000E+0	1,696E+2	1,691E+2	0,000E+0	1,008E+0	9,995E-1	0,000E+0	7	0001
125,050	75,900	102,600	1,785E+2	0,000E+0	1,691E+2	1,694E+2	0,000E+0	1,002E+0	9,982E-1	0,000E+0	7	0001
126,049	75,900	102,600	1,785E+2	0,000E+0	1,691E+2	1,694E+2	0,000E+0	1,002E+0	9,982E-1	0,000E+0	7	0001
127,050	76,300	104,500	1,808E+2	0,000E+0	1,692E+2	1,695E+2	0,000E+0	1,014E+0	1,015E+0	0,000E+0	7	0001
128,050	84,200	120,100	2,043E+2	0,000E+0	1,721E+2	1,720E+2	0,000E+0	1,147E+0	1,139E+0	0,000E+0	7	0001
129,051	85,900	123,600	2,095E+2	0,000E+0	1,728E+2	1,728E+2	0,000E+0	1,172E+0	1,164E+0	0,000E+0	7	0001
130,052	83,600	118,500	2,021E+2	0,000E+0	1,719E+2	1,719E+2	0,000E+0	1,131E+0	1,124E+0	0,000E+0	7	0001
131,052	83,700	119,500	2,032E+2	0,000E+0	1,719E+2	1,719E+2	0,000E+0	1,139E+0	1,134E+0	0,000E+0	7	0001
132,054	84,400	121,900	2,063E+2	0,000E+0	1,723E+2	1,724E+2	0,000E+0	1,154E+0	1,151E+0	0,000E+0	7	0001
133,054	84,500	121,800	2,063E+2	0,000E+0	1,721E+2	1,725E+2	0,000E+0	1,153E+0	1,149E+0	0,000E+0	7	0001
134,054	84,600	122,000	2,066E+2	0,000E+0	1,723E+2	1,726E+2	0,000E+0	1,154E+0	1,151E+0	0,000E+0	7	0001
135,054	84,900	122,600	2,075E+2	0,000E+0	1,726E+2	1,721E+2	0,000E+0	1,159E+0	1,156E+0	0,000E+0	7	0001
136,054	85,500	122,000	2,075E+2	0,000E+0	1,725E+2	1,724E+2	0,000E+0	1,160E+0	1,153E+0	0,000E+0	7	0001
137,055	85,500	122,000	2,075E+2	0,000E+0	1,725E+2	1,724E+2	0,000E+0	1,160E+0	1,153E+0	0,000E+0	7	0001
138,055	85,300	122,700	2,080E+2	0,000E+0	1,726E+2	1,724E+2	0,000E+0	1,164E+0	1,160E+0	0,000E+0	7	0001
139,055	85,100	123,000	2,081E+2	0,000E+0	1,724E+2	1,724E+2	0,000E+0	1,163E+0	1,161E+0	0,000E+0	7	0001
140,055	85,400	122,900	2,083E+2	0,000E+0	1,725E+2	1,724E+2	0,000E+0	1,165E+0	1,159E+0	0,000E+0	7	0001
141,055	85,600	123,000	2,086E+2	0,000E+0	1,724E+2	1,724E+2	0,000E+0	1,165E+0	1,158E+0	0,000E+0	7	0001
142,055	85,400	123,300	2,087E+2	0,000E+0	1,727E+2	1,726E+2	0,000E+0	1,168E+0	1,162E+0	0,000E+0	7	0001
143,055	85,300	123,000	2,083E+2	0,000E+0	1,726E+2	1,725E+2	0,000E+0	1,165E+0	1,160E+0	0,000E+0	7	0001
144,057	85,300	123,000	2,083E+2	0,000E+0	1,726E+2	1,725E+2	0,000E+0	1,165E+0	1,160E+0	0,000E+0	7	0001
145,056	85,100	124,200	2,093E+2	0,000E+0	1,724E+2	1,727E+2	0,000E+0	1,170E+0	1,169E+0	0,000E+0	7	0001
146,056	85,800	123,600	2,094E+2	0,000E+0	1,725E+2	1,726E+2	0,000E+0	1,168E+0	1,164E+0	0,000E+0	7	0001
147,056	85,800	123,600	2,094E+2	0,000E+0	1,725E+2	1,726E+2	0,000E+0	1,168E+0	1,164E+0	0,000E+0	7	0001
148,057	85,300	124,000	2,093E+2	0,000E+0	1,725E+2	1,725E+2	0,000E+0	1,172E+0	1,169E+0	0,000E+0	7	0001
149,058	85,400	123,700	2,091E+2	0,000E+0	1,725E+2	1,726E+2	0,000E+0	1,171E+0	1,163E+0	0,000E+0	7	0001
150,057	85,800	123,900	2,097E+2	0,000E+0	1,725E+2	1,724E+2	0,000E+0	1,173E+0	1,168E+0	0,000E+0	7	0001
151,058	85,900	123,600	2,095E+2	0,000E+0	1,726E+2	1,726E+2	0,000E+0	1,173E+0	1,165E+0	0,000E+0	7	0001
152,057	85,600	124,100	2,097E+2	0,000E+0	1,726E+2	1,727E+2	0,000E+0	1,173E+0	1,167E+0	0,000E+0	7	0001
153,057	85,200	124,400	2,096E+2	0,000E+0	1,725E+2	1,726E+2	0,000E+0	1,172E+0	1,169E+0	0,000E+0	7	0001
154,058	85,700	123,900	2,096E+2	0,000E+0	1,726E+2	1,726E+2	0,000E+0	1,171E+0	1,168E+0	0,000E+0	7	0001
155,058	85,700	123,900	2,096E+2	0,000E+0	1,726E+2	1,726E+2	0,000E+0	1,171E+0	1,168E+0	0,000E+0	7	0001
156,059	85,900	124,300	2,102E+2	0,000E+0	1,724E+2	1,728E+2	0,000E+0	1,172E+0	1,169E+0	0,000E+0	7	0001
157,058	85,700	123,500	2,092E+2	0,000E+0	1,726E+2	1,726E+2	0,000E+0	1,171E+0	1,163E+0	0,000E+0	7	0001
158,059	85,200	124,200	2,094E+2	0,000E+0	1,726E+2	1,727E+2	0,000E+0	1,170E+0	1,167E+0	0,000E+0	7	0001
159,058	85,800	124,000	2,098E+2	0,000E+0	1,724E+2	1,724E+2	0,000E+0	1,173E+0	1,169E+0	0,000E+0	7	0001
160,058	85,800	124,000	2,098E+2	0,000E+0	1,724E+2	1,724E+2	0,000E+0	1,173E+0	1,169E+0	0,000E+0	7	0001
161,058	85,800	124,000	2,098E+2	0,000E+0	1,724E+2	1,724E+2	0,000E+0	1,173E+0	1,169E+0	0,000E+0	7	0001
162,058	85,800	124,000	2,098E+2	0,000E+0	1,724E+2	1,724E+2	0,000E+0	1,173E+0	1,169E+0	0,000E+0	7	0001
163,059	85,600	124,000	2,096E+2	0,000E+0	1,724E+2	1,727E+2	0,000E+0	1,171E+0	1,168E+0	0,000E+0	7	0001
164,058	85,600	124,000	2,096E+2	0,000E+0	1,725E+2	1,726E+2	0,000E+0	1,171E+0	1,166E+0	0,000E+0	7	0001
165,058	85,600	124,000	2,096E+2	0,000E+0	1,725E+2	1,726E+2	0,000E+0	1,171E+0	1,166E+0	0,000E+0	7	0001
166,058	85,600	124,000	2,096E+2	0,000E+0	1,725E+2	1,726E+2	0,000E+0	1,171E+0	1,166E+0	0,000E+0	7	0001
167,058	85,600	124,000	2,096E+2	0,000E+0	1,725E+2	1,726E+2	0,000E+0	1,171E+0	1,166E+0	0,000E+0	7	0001
168,058	85,300	124,200	2,095E+2	0,000E+0	1,727E+2	1,726E+2	0,000E+0	1,170E+0	1,168E+0	0,000E+0	7	0001
169,058	85,300	124,200	2,095E+2	0,000E+0	1,727E+2	1,726E+2	0,000E+0	1,170E+0	1,168E+0	0,000E+0	7	0001
170,059	85,300	124,200	2,095E+2	0,000E+0	1,727E+2	1,726E+2	0,000E+0	1,170E+0	1,168E+0	0,000E+0	7	0001
171,058	86,100	124,100	2,102E+2	0,000E+0	1,728E+2	1,726E+2	0,000E+0	1,176E+0	1,169E+0	0,000E+0	7	0001
172,058	85,800	124,000	2,098E+2	0,000E+0	1,726E+2	1,729E+2	0,000E+0	1,171E+0	1,169E+0	0,000E+0	7	0001
173,059	85,700	123,700	2,094E+2	0,000E+0	1,727E+2	1,724E+2	0,000E+0	1,171E+0	1,166E+0	0,000E+0	7	0001
174,060	86,200	123,600	2,098E+2	0,000E+0	1,727E+2	1,726E+2	0,000E+0	1,176E+0	1,166E+0	0,000E+0	7	0001
175,060	85,400	124,500	2,099E+2	0,000E+0	1,725E+2	1,727E+2	0,000E+0	1,174E+0	1,170E+0	0,000E+0	7	0001
176,060	85,400	124,000	2,094E+2	0,000E+0	1,727E+2	1,728E+2	0,000E+0	1,172E+0	1,167E+0	0,000E+0	7	0001
177,060	85,800	124,200	2,100E+2	0,000E+0	1,726E+2	1,728E+2	0,000E+0	1,173E+0	1,168E+0	0,000E+0	7	0001
178,060	85,500	124,400	2,099E+2	0,000E+0	1,726E+2	1,727E+2	0,000E+0	1,173E+0	1,170E+0	0,000E+0	7	0001
179,061	85,600	124,400	2,100E+2	0,000E+0	1,726E+2	1,726E+2	0,000E+0	1,174E+0	1,169E+0	0,000E+0	6	0001
180,060	85,800	124,100	2,099E+2	0,000E+0	1,725E+2	1,727E+2	0,000E+0	1,171E+0	1,167E+0	0,000E+0	6	0001
181,060	85,800	124,100	2,099E+2	0,000E+0	1,725E+2	1,727E+2	0,000E+0	1,171E+0	1,167E+0	0,000E+0	6	0001
182,060	85,500	124,600	2,101E+2	0,000E+0	1,727E+2	1,729E+2	0,000E+0	1,176E+0	1,171E+0	0,000E+0	6	0001
183,060	85,700	124,000	2,097E+2	0,000E+0	1,728E+2	1,726E+2	0,000E+0	1,174E+0	1,166E+0	0,000E+0	6	0001
184,061	85,700	124,000	2,097E+2	0,000E+0	1,728E+2	1,726E+2	0,000E+0	1,174E+0	1,166E+0	0,000E+0	6	0001
185,061	85,600	124,000	2,096E+2	0,000E+0	1,726E+2	1,726E+2	0,000E+0	1,173E+0	1,168E+0	0,000E+0	6	0001
186,062	85,600	124,000	2,096E+2	0,000E+0	1,726E+2	1,726E+2	0,000E+0	1,173E+0	1,168E+0	0,000E+0	6	0001
187,061	85,600	124,000	2,096E+2	0,000E+0	1,726E+2	1,726E+2	0,000E+0	1,173E+0	1,168E+0	0,000E+0	6	0001
188,062	85,600	124,000	2,096E+2	0,000E+0	1,726E+2	1,726E+2	0,000E+0	1,173E+0	1,168E+0	0,000E+0	6	0001
189,061	85,800	124,400	2,102E+2	0,000E+0	1,728E+2	1,728E+2	0,000E+0	1,172E+0	1,170E+0	0,000E+0	6	0001
190,061	85,800	124,400	2,102E+2	0,000E+0	1,728E+2	1,728E+2	0,000E+0	1,172E+0	1,170E+0	0,000E+0	6	0001
191,062	85,800	124,400	2,102E+2	0,000E+0	1,728E+2	1,728E+2	0,000E+0	1,172E+0	1,170E+0	0,000E+0	6	0001
192,061	85,600	124,300	2,099E+2	0,000E+0	1,725E+2	1,729E+2	0,000E+0	1,173E+0	1,170E+0	0,000E+0	6	0001
193,062	85,600	124,300	2,099E+2	0,000E+0	1,725E+2	1,729E+2	0,000E+0	1,173E+0	1,170E+0	0,000E+0	6	0001
194,061	85,800	123,900	2,097E+2	0,000E+0	1,725E+2	1,729E+2	0,000E+0	1,171E+0	1,166E+0	0,000E+0	6	0001
195,061	85,600	124,000	2,096E+2	0,000E+0	1,727E+2	1,727E+2	0,000E+0	1,173E+0	1,166E+0	0,000E+0	6	0001
196,062	85,800	124,500	2,103E+2	0,000E+0	1,728E+2	1,729E+2	0,000E+0	1,174E+0	1,170E+0	0,000E+0	5	0001
197,062	85,800	124,500	2,103E+2	0,000E+0	1,728E+2	1,729E+2	0,000E+0	1,174E+0	1,170E+0	0,000E+0	5	0001
198,064	85,500	123,800	2,093E+2	0,000E+0	1,730E+2	1,727E+2	0,000E+0	1,174E+0	1,167E+0	0,000E+0	5	0001
199,063	86,000	124,000	2,100E+2	0,000E+0	1,728E+2	1,727E+2	0,000E+0	1,178E+0	1,168E+0	0,000E+0	5	0001
200,063	86,000	124,000	2,100E+2	0,000E+0	1,728E+2	1,727E+2	0,000E+0	1,178E+0	1,168E+0	0,000E+0	5	0001
201,063	86,000	124,000	2,100E+2	0,000E+0	1,728E+2	1,727E+2	0,000E+0	1,178E+0	1,168E+0	0,000E+0	5	0001
202,063	86,000	124,000	2,100E+2	0,000E+0	1,728E+2	1,727E+2	0,000E+0	1,178E+0	1,168E+0	0,000E+0	5	0001
203,064	86,000	124,000	2,100E+2	0,000E+0	1,728E+2	1,727E+2	0,000E+0	1,178E+0	1,168E+0	0,000E+0	5	0001
204,063	86,000	123,900	2,099E+2	0,000E+0	1,728E+2	1,727E+2	0,000E+0	1,173E+0	1,167E+0	0,000E+0	5	0001
205,064	86,000	123,900	2,099E+2	0,000E+0	1,728E+2	1,727E+2	0,000E+0	1,173E+0	1,167E+0	0,000E+0	5	0001
206,063	86,000	123,900	2,099E+2	0,000E+0	1,728E+2	1,727E+2	0,000E+0	1,173E+0	1,167E+0	0,000E+0	5	0001
207,064	85,500	124,400	2,099E+2	0,000E+0	1,730E+2	1,729E+2	0,000E+0	1,173E+0	1,170E+0	0,000E+0	5	0001
208,064	85,500	124,400	2,099E+2	0,000E+0	1,730E+2	1,729E+2	0,000E+0	1,173E+0	1,170E+0	0,000E+0	5	0001
209,065	85,300	124,700	2,100E+2	0,000E+0	1,726E+2	1,731E+2	0,000E+0	1,172E+0	1,171E+0	0,000E+0	5	0001
210,065	85,300	124,700	2,100E+2	0,000E+0	1,726E+2	1,731E+2	0,000E+0	1,172E+0	1,171E+0	0,000E+0	5	0001
211,065	85,500	124,500	2,100E+2	0,000E+0	1,729E+2	1,729E+2	0,000E+0	1,175E+0	1,171E+0	0,000E+0	5	0001
212,065	85,500	124,500	2,100E+2	0,000E+0	1,729E+2	1,729E+2	0,000E+0	1,175E+0	1,171E+0	0,000E+0	4	0001
213,066	86,000	123,900	2,099E+2	0,000E+0	1,727E+2	1,728E+2	0,000E+0	1,173E+0	1,167E+0	0,000E+0	4	0001
214,065	85,500	124,400	2,099E+2	0,000E+0	1,729E+2	1,729E+2	0,000E+0	1,174E+0	1,169E+0	0,000E+0	4	0001
215,066	85,900	124,100	2,100E+2	0,000E+0	1,730E+2	1,728E+2	0,000E+0	1,176E+0	1,168E+0	0,000E+0	4	0001
216,066	85,900	124,100	2,100E+2	0,000E+0	1,730E+2	1,728E+2	0,000E+0	1,176E+0	1,168E+0	0,000E+0	4	0001
217,066	85,900	124,100	2,100E+2	0,000E+0	1,730E+2	1,728E+2	0,000E+0	1,176E+0	1,168E+0	0,000E+0	4	0001
218,066	85,900	124,100	2,100E+2	0,000E+0	1,730E+2	1,728E+2	0,000E+0	1,176E+0	1,168E+0	0,000E+0	4	0001
219,067	85,600	124,300	2,099E+2	0,000E+0	1,728E+2	1,727E+2	0,000E+0	1,176E+0	1,169E+0	0,000E+0	4	0001
220,067	85,600	124,300	2,099E+2	0,000E+0	1,728E+2	1,727E+2	0,000E+0	1,176E+0	1,169E+0	0,000E+0	4	0001
221,068	85,600	124,300	2,099E+2	0,000E+0	1,728E+2	1,727E+2	0,000E+0	1,176E+0	1,169E+0	0,000E+0	4	0001
222,067	85,600	124,300	2,099E+2	0,000E+0	1,728E+2	1,727E+2	0,000E+0	1,176E+0	1,169E+0	0,000E+0	4	0001
223,067	86,000	124,200	2,102E+2	0,000E+0	1,728E+2	1,726E+2	0,000E+0	1,173E+0	1,170E+0	0,000E+0	4	0001
224,067	86,200	123,800	2,100E+2	0,000E+0	1,729E+2	1,727E+2	0,000E+0	1,178E+0	1,169E+0	0,000E+0	4	0001
225,067	86,200	123,800	2,100E+2	0,000E+0	1,729E+2	1,727E+2	0,000E+0	1,178E+0	1,169E+0	0,000E+0	4	0001
226,068	85,500	124,400	2,099E+2	0,000E+0	1,727E+2	1,730E+2	0,000E+0	1,171E+0	1,169E+0	0,000E+0	4	0001
227,067	85,500	124,000	2,095E+2	0,000E+0	1,730E+2	1,729E+2	0,000E+0	1,173E+0	1,166E+0	0,000E+0	4	0001
228,068	85,800	124,300	2,101E+2	0,000E+0	1,731E+2	1,728E+2	0,000E+0	1,177E+0	1,170E+0	0,000E+0	4	0001
229,069	85,600	124,400	2,100E+2	0,000E+0	1,729E+2	1,729E+2	0,000E+0	1,175E+0	1,170E+0	0,000E+0	3	0001
230,069	85,500	124,600	2,101E+2	0,000E+0	1,726E+2	1,728E+2	0,000E+0	1,173E+0	1,172E+0	0,000E+0	3	0001
231,069	86,100	123,700	2,098E+2	0,000E+0	1,729E+2	1,726E+2	0,000E+0	1,173E+0	1,166E+0	0,000E+0	3	0001
232,069	86,100	123,700	2,098E+2	0,000E+0	1,729E+2	1,726E+2	0,000E+0	1,173E+0	1,166E+0	0,000E+0	3	0001
233,071	86,200	124,100	2,103E+2	0,000E+0	1,729E+2	1,727E+2	0,000E+0	1,177E+0	1,170E+0	0,000E+0	3	0001
234,071	86,200	124,100	2,103E+2	0,000E+0	1,729E+2	1,727E+2	0,000E+0	1,177E+0	1,170E+0	0,000E+0	3	0001
235,072	86,000	124,100	2,101E+2	0,000E+0	1,726E+2	1,727E+2	0,000E+0	1,173E+0	1,170E+0	0,000E+0	3	0001
236,073	86,000	124,100	2,101E+2	0,000E+0	1,726E+2	1,727E+2	0,000E+0	1,173E+0	1,170E+0	0,000E+0	3	0001
237,074	85,500	124,100	2,096E+2	0,000E+0	1,725E+2	1,728E+2	0,000E+0	1,173E+0	1,170E+0	0,000E+0	3	0001
238,074	85,500	124,100	2,096E+2	0,000E+0	1,725E+2	1,728E+2	0,000E+0	1,173E+0	1,170E+0	0,000E+0	3	0001
239,074	85,500	124,100	2,096E+2	0,000E+0	1,725E+2	1,728E+2	0,000E+0	1,173E+0	1,170E+0	0,000E+0	3	0001
240,074	85,600	124,300	2,099E+2	0,000E+0	1,730E+2	1,728E+2	0,000E+0	1,176E+0	1,171E+0	0,000E+0	3	0001
241,074	85,600	124,300	2,099E+2	0,000E+0	1,730E+2	1,728E+2	0,000E+0	1,176E+0	1,171E+0	0,000E+0	3	0001
242,075	85,700	124,400	2,101E+2	0,000E+0	1,727E+2	1,729E+2	0,000E+0	1,175E+0	1,170E+0	0,000E+0	3	0001
243,076	85,700	124,400	2,101E+2	0,000E+0	1,727E+2	1,729E+2	0,000E+0	1,175E+0	1,170E+0	0,000E+0	3	0001
244,075	85,600	124,400	2,100E+2	0,000E+0	1,728E+2	1,729E+2	0,000E+0	1,173E+0	1,169E+0	0,000E+0	2	0001
245,077	85,800	123,900	2,097E+2	0,000E+0	1,729E+2	1,728E+2	0,000E+0	1,173E+0	1,167E+0	0,000E+0	2	0001
246,076	85,900	123,900	2,098E+2	0,000E+0	1,729E+2	1,727E+2	0,000E+0	1,173E+0	1,167E+0	0,000E+0	2	0001
247,077	85,400	124,500	2,099E+2	0,000E+0	1,725E+2	1,730E+2	0,000E+0	1,172E+0	1,171E+0	0,000E+0	2	0001
248,077	85,400	124,500	2,099E+2	0,000E+0	1,725E+2	1,730E+2	0,000E+0	1,172E+0	1,171E+0	0,000E+0	2	0001
249,077	85,400	124,500	2,099E+2	0,000E+0	1,725E+2	1,730E+2	0,000E+0	1,172E+0	1,171E+0	0,000E+0	2	0001
250,077	85,400	124,500	2,099E+2	0,000E+0	1,725E+2	1,730E+2	0,000E+0	1,172E+0	1,171E+0	0,000E+0	2	0001
251,077	85,400	124,500	2,099E+2	0,000E+0	1,725E+2	1,730E+2	0,000E+0	1,172E+0	1,171E+0	0,000E+0	2	0001
252,078	85,900	124,200	2,101E+2	0,000E+0	1,728E+2	1,729E+2	0,000E+0	1,174E+0	1,168E+0	0,000E+0	2	0001
253,078	85,900	124,200	2,101E+2	0,000E+0	1,728E+2	1,729E+2	0,000E+0	1,174E+0	1,168E+0	0,000E+0	2	0001
254,078	85,900	124,200	2,101E+2	0,000E+0	1,728E+2	1,729E+2	0,000E+0	1,174E+0	1,168E+0	0,000E+0	2	0001
255,078	85,900	124,200	2,101E+2	0,000E+0	1,728E+2	1,729E+2	0,000E+0	1,174E+0	1,168E+0	0,000E+0	2	0001
256,078	85,900	124,100	2,100E+2	0,000E+0	1,732E+2	1,728E+2	0,000E+0	1,177E+0	1,168E+0	0,000E+0	2	0001
257,080	85,900	124,100	2,100E+2	0,000E+0	1,732E+2	1,728E+2	0,000E+0	1,177E+0	1,168E+0	0,000E+0	2	0001
258,079	85,900	124,100	2,100E+2	0,000E+0	1,732E+2	1,728E+2	0,000E+0	1,177E+0	1,168E+0	0,000E+0	2	0001
259,079	86,500	123,800	2,103E+2	0,000E+0	1,728E+2	1,727E+2	0,000E+0	1,176E+0	1,167E+0	0,000E+0	2	0001
260,079	85,800	124,200	2,100E+2	0,000E+0	1,727E+2	1,727E+2	0,000E+0	1,174E+0	1,169E+0	0,000E+0	2	0001
261,080	86,000	123,900	2,099E+2	0,000E+0	1,727E+2	1,729E+2	0,000E+0	1,173E+0	1,166E+0	0,000E+0	2	0001
262,082	85,700	124,200	2,099E+2	0,000E+0	1,727E+2	1,728E+2	0,000E+0	1,176E+0	1,170E+0	0,000E+0	2	0001
263,081	85,500	124,600	2,101E+2	0,000E+0	1,728E+2	1,729E+2	0,000E+0	1,177E+0	1,172E+0	0,000E+0	2	0001
264,081	85,900	124,200	2,101E+2	0,000E+0	1,726E+2	1,727E+2	0,000E+0	1,175E+0	1,170E+0	0,000E+0	1	0001
265,081	86,200	123,800	2,100E+2	0,000E+0	1,727E+2	1,726E+2	0,000E+0	1,178E+0	1,168E+0	0,000E+0	1	0001
266,081	85,700	124,400	2,101E+2	0,000E+0	1,724E+2	1,727E+2	0,000E+0	1,174E+0	1,171E+0	0,000E+0	1	0001
267,081	85,700	124,400	2,101E+2	0,000E+0	1,724E+2	1,727E+2	0,000E+0	1,174E+0	1,171E+0	0,000E+0	1	0001
268,082	85,700	124,400	2,101E+2	0,000E+0	1,724E+2	1,727E+2	0,000E+0	1,174E+0	1,171E+0	0,000E+0	1	0001
269,082	85,700	124,400	2,101E+2	0,000E+0	1,724E+2	1,727E+2	0,000E+0	1,174E+0	1,171E+0	0,000E+0	1	0001
270,083	85,700	124,400	2,101E+2	0,000E+0	1,724E+2	1,727E+2	0,000E+0	1,174E+0	1,171E+0	0,000E+0	1	0001
271,082	85,700	124,400	2,101E+2	0,000E+0	1,724E+2	1,727E+2	0,000E+0	1,174E+0	1,171E+0	0,000E+0	1	0001
272,084	85,700	124,700	2,104E+2	0,000E+0	1,730E+2	1,728E+2	0,000E+0	1,178E+0	1,173E+0	0,000E+0	1	0001
273,083	85,700	124,700	2,104E+2	0,000E+0	1,730E+2	1,728E+2	0,000E+0	1,178E+0	1,173E+0	0,000E+0	1	0001
274,083	85,700	124,700	2,104E+2	0,000E+0	1,730E+2	1,728E+2	0,000E+0	1,178E+0	1,173E+0	0,000E+0	1	0001
275,083	85,700	124,500	2,102E+2	0,000E+0	1,727E+2	1,727E+2	0,000E+0	1,176E+0	1,171E+0	0,000E+0	1	0001
276,083	85,700	124,500	2,102E+2	0,000E+0	1,727E+2	1,727E+2	0,000E+0	1,176E+0	1,171E+0	0,000E+0	1	0001
277,084	85,900	124,100	2,100E+2	0,000E+0	1,728E+2	1,727E+2	0,000E+0	1,174E+0	1,168E+0	0,000E+0	1	0001
278,083	85,900	124,100	2,100E+2	0,000E+0	1,728E+2	1,727E+2	0,000E+0	1,174E+0	1,168E+0	0,000E+0	1	0001
279,083	86,000	124,200	2,102E+2	0,000E+0	1,728E+2	1,727E+2	0,000E+0	1,176E+0	1,168E+0	0,000E+0	0	0001
280,083	85,700	124,000	2,097E+2	0,000E+0	1,723E+2	1,722E+2	0,000E+0	1,176E+0	1,170E+0	0,000E+0	0	0001
281,083	86,000	123,800	2,098E+2	0,000E+0	1,724E+2	1,723E+2	0,000E+0	1,175E+0	1,167E+0	0,000E+0	0	0001
282,084	85,800	124,500	2,103E+2	0,000E+0	1,724E+2	1,723E+2	0,000E+0	1,178E+0	1,173E+0	0,000E+0	0	0001
283,083	85,800	124,500	2,103E+2	0,000E+0	1,724E+2	1,723E+2	0,000E+0	1,178E+0	1,173E+0	0,000E+0	0	0001
284,084	85,800	124,500	2,103E+2	0,000E+0	1,724E+2	1,723E+2	0,000E+0	1,178E+0	1,173E+0	0,000E+0	0	0001
285,083	85,800	124,500	2,103E+2	0,000E+0	1,724E+2	1,723E+2	0,000E+0	1,178E+0	1,173E+0	0,000E+0	0	0001
286,083	85,800	124,500	2,103E+2	0,000E+0	1,724E+2	1,723E+2	0,000E+0	1,178E+0	1,173E+0	0,000E+0	0	0001
287,083	85,600	123,900	2,095E+2	0,000E+0	1,722E+2	1,723E+2	0,000E+0	1,173E+0	1,166E+0	0,000E+0	0	0001
288,083	85,600	123,900	2,095E+2	0,000E+0	1,722E+2	1,723E+2	0,000E+0	1,173E+0	1,166E+0	0,000E+0	0	0001
289,085	85,600	123,900	2,095E+2	0,000E+0	1,722E+2	1,723E+2	0,000E+0	1,173E+0	1,166E+0	0,000E+0	0	0001
290,085	85,600	123,900	2,095E+2	0,000E+0	1,722E+2	1,723E+2	0,000E+0	1,173E+0	1,166E+0	0,000E+0	0	0001
291,085	85,600	124,100	2,097E+2	0,000E+0	1,725E+2	1,726E+2	0,000E+0	1,176E+0	1,168E+0	0,000E+0	0	0001
292,086	85,900	124,600	2,105E+2	0,000E+0	1,723E+2	1,725E+2	0,000E+0	1,175E+0	1,173E+0	0,000E+0	0	0001
293,086	85,900	124,600	2,105E+2	0,000E+0	1,723E+2	1,725E+2	0,000E+0	1,175E+0	1,173E+0	0,000E+0	0	0001
294,086	86,100	124,300	2,104E+2	0,000E+0	1,725E+2	1,724E+2	0,000E+0	1,180E+0	1,171E+0	0,000E+0	0	0001
295,086	85,800	124,600	2,104E+2	0,000E+0	1,727E+2	1,724E+2	0,000E+0	1,180E+0	1,171E+0	0,000E+0	0	0001
296,087	85,700	124,300	2,100E+2	0,000E+0	1,723E+2	1,723E+2	0,000E+0	1,174E+0	1,171E+0	0,000E+0	0	0001
297,087	86,200	123,600	2,098E+2	0,000E+0	1,725E+2	1,719E+2	0,000E+0	1,179E+0	1,166E+0	0,000E+0	0	0001
298,087	85,700	124,300	2,100E+2	0,000E+0	1,725E+2	1,722E+2	0,000E+0	1,175E+0	1,172E+0	0,000E+0	0	0010
299,087	86,500	124,100	2,106E+2	0,000E+0	1,723E+2	1,724E+2	0,000E+0	1,181E+0	1,169E+0	0,000E+0	0	0010
300,087	85,600	124,500	2,101E+2	0,000E+0	1,721E+2	1,723E+2	0,000E+0	1,174E+0	1,172E+0	0,000E+0	0	0010
301,087	85,600	124,000	2,096E+2	0,000E+0	1,722E+2	1,721E+2	0,000E+0	1,174E+0	1,170E+0	0,000E+0	0	0010
302,087	85,400	124,400	2,098E+2	0,000E+0	1,723E+2	1,724E+2	0,000E+0	1,175E+0	1,171E+0	0,000E+0	0	0010
303,088	85,500	124,600	2,101E+2	0,000E+0	1,724E+2	1,722E+2	0,000E+0	1,178E+0	1,172E+0	0,000E+0	0	0010
304,088	86,000	124,200	2,102E+2	0,000E+0	1,723E+2	1,723E+2	0,000E+0	1,177E+0	1,170E+0	0,000E+0	0	0010
305,089	86,000	124,200	2,102E+2	0,000E+0	1,723E+2	1,723E+2	0,000E+0	1,177E+0	1,170E+0	0,000E+0	0	0010
306,089	85,500	124,400	2,099E+2	0,000E+0	1,724E+2	1,723E+2	0,000E+0	1,174E+0	1,171E+0	0,000E+0	0	0010
307,089	85,900	124,000	2,099E+2	0,000E+0	1,726E+2	1,722E+2	0,000E+0	1,177E+0	1,168E+0	0,000E+0	0	0010
308,089	85,900	124,000	2,099E+2	0,000E+0	1,726E+2	1,722E+2	0,000E+0	1,177E+0	1,168E+0	0,000E+0	0	0010
309,089	85,900	124,000	2,099E+2	0,000E+0	1,726E+2	1,722E+2	0,000E+0	1,177E+0	1,168E+0	0,000E+0	0	0010
310,090	85,600	124,300	2,099E+2	0,000E+0	1,725E+2	1,723E+2	0,000E+0	1,176E+0	1,170E+0	0,000E+0	0	0010
311,089	85,600	124,300	2,099E+2	0,000E+0	1,725E+2	1,723E+2	0,000E+0	1,176E+0	1,170E+0	0,000E+0	0	0010
312,089	85,600	124,300	2,099E+2	0,000E+0	1,725E+2	1,723E+2	0,000E+0	1,176E+0	1,170E+0	0,000E+0	0	0010
313,089	85,900	124,000	2,099E+2	0,000E+0	1,724E+2	1,722E+2	0,000E+0	1,176E+0	1,169E+0	0,000E+0	0	0010
314,089	85,900	124,000	2,099E+2	0,000E+0	1,724E+2	1,722E+2	0,000E+0	1,176E+0	1,169E+0	0,000E+0	0	0010
315,090	85,900	124,000	2,099E+2	0,000E+0	1,724E+2	1,722E+2	0,000E+0	1,176E+0	1,169E+0	0,000E+0	0	0010
316,090	85,900	124,000	2,099E+2	0,000E+0	1,724E+2	1,722E+2	0,000E+0	1,176E+0	1,169E+0	0,000E+0	0	0010
317,094	85,700	124,300	2,100E+2	0,000E+0	1,724E+2	1,722E+2	0,000E+0	1,178E+0	1,171E+0	0,000E+0	0	0010
318,093	85,700	124,300	2,100E+2	0,000E+0	1,724E+2	1,722E+2	0,000E+0	1,178E+0	1,171E+0	0,000E+0	0	0010
319,093	85,700	124,600	2,103E+2	0,000E+0	1,724E+2	1,724E+2	0,000E+0	1,178E+0	1,173E+0	0,000E+0	0	0010
320,093	85,700	124,600	2,103E+2	0,000E+0	1,724E+2	1,724E+2	0,000E+0	1,178E+0	1,173E+0	0,000E+0	0	0010
321,093	85,900	124,300	2,102E+2	0,000E+0	1,722E+2	1,725E+2	0,000E+0	1,175E+0	1,171E+0	0,000E+0	1	0010
322,095	85,900	124,300	2,102E+2	0,000E+0	1,722E+2	1,725E+2	0,000E+0	1,175E+0	1,171E+0	0,000E+0	1	0010
323,094	86,000	124,200	2,102E+2	0,000E+0	1,728E+2	1,725E+2	0,000E+0	1,179E+0	1,171E+0	0,000E+0	1	0010
324,094	86,000	123,900	2,099E+2	0,000E+0	1,725E+2	1,727E+2	0,000E+0	1,177E+0	1,170E+0	0,000E+0	1	0010
325,094	85,900	124,300	2,102E+2	0,000E+0	1,729E+2	1,726E+2	0,000E+0	1,177E+0	1,171E+0	0,000E+0	1	0010
326,094	85,900	124,300	2,102E+2	0,000E+0	1,729E+2	1,726E+2	0,000E+0	1,177E+0	1,171E+0	0,000E+0	1	0010
327,094	85,900	124,300	2,102E+2	0,000E+0	1,729E+2	1,726E+2	0,000E+0	1,177E+0	1,171E+0	0,000E+0	1	0010
328,095	85,900	124,300	2,102E+2	0,000E+0	1,729E+2	1,726E+2	0,000E+0	1,177E+0	1,171E+0	0,000E+0	1	0010
329,096	86,000	123,700	2,097E+2	0,000E+0	1,727E+2	1,726E+2	0,000E+0	1,176E+0	1,166E+0	0,000E+0	1	0010
330,096	86,000	123,700	2,097E+2	0,000E+0	1,727E+2	1,726E+2	0,000E+0	1,176E+0	1,166E+0	0,000E+0	1	0010
331,096	86,000	123,700	2,097E+2	0,000E+0	1,727E+2	1,726E+2	0,000E+0	1,176E+0	1,166E+0	0,000E+0	1	0010
332,096	86,000	123,700	2,097E+2	0,000E+0	1,727E+2	1,726E+2	0,000E+0	1,176E+0	1,166E+0	0,000E+0	1	0010
333,097	85,500	124,500	2,100E+2	0,000E+0	1,726E+2	1,729E+2	0,000E+0	1,176E+0	1,170E+0	0,000E+0	1	0010
334,097	85,500	124,500	2,100E+2	0,000E+0	1,726E+2	1,729E+2	0,000E+0	1,176E+0	1,170E+0	0,000E+0	1	0010
335,097	85,700	124,200	2,099E+2	0,000E+0	1,725E+2	1,728E+2	0,000E+0	1,173E+0	1,170E+0	0,000E+0	1	0010
336,098	85,700	124,200	2,099E+2	0,000E+0	1,725E+2	1,726E+2	0,000E+0	1,177E+0	1,170E+0	0,000E+0	1	0010
337,097	85,500	124,500	2,100E+2	0,000E+0	1,728E+2	1,725E+2	0,000E+0	1,176E+0	1,171E+0	0,000E+0	1	0010
338,097	85,900	124,200	2,101E+2	0,000E+0	1,731E+2	1,728E+2	0,000E+0	1,178E+0	1,168E+0	0,000E+0	2	0010
339,097	85,800	124,200	2,100E+2	0,000E+0	1,729E+2	1,728E+2	0,000E+0	1,175E+0	1,170E+0	0,000E+0	2	0010
340,097	85,900	124,200	2,101E+2	0,000E+0	1,727E+2	1,727E+2	0,000E+0	1,176E+0	1,170E+0	0,000E+0	2	0010
341,098	85,400	124,400	2,098E+2	0,000E+0	1,726E+2	1,728E+2	0,000E+0	1,177E+0	1,172E+0	0,000E+0	2	0010
342,097	85,400	124,400	2,098E+2	0,000E+0	1,726E+2	1,728E+2	0,000E+0	1,177E+0	1,172E+0	0,000E+0	2	0010
343,098	85,400	124,400	2,098E+2	0,000E+0	1,726E+2	1,728E+2	0,000E+0	1,177E+0	1,172E+0	0,000E+0	2	0010
344,099	85,400	124,400	2,098E+2	0,000E+0	1,726E+2	1,728E+2	0,000E+0	1,177E+0	1,172E+0	0,000E+0	2	0010
345,098	85,400	124,500	2,099E+2	0,000E+0	1,728E+2	1,731E+2	0,000E+0	1,175E+0	1,171E+0	0,000E+0	2	0010
346,100	85,400	124,500	2,099E+2	0,000E+0	1,728E+2	1,731E+2	0,000E+0	1,175E+0	1,171E+0	0,000E+0	2	0010
347,099	85,400	124,500	2,099E+2	0,000E+0	1,728E+2	1,731E+2	0,000E+0	1,175E+0	1,171E+0	0,000E+0	2	0010
348,099	85,400	124,500	2,099E+2	0,000E+0	1,728E+2	1,731E+2	0,000E+0	1,175E+0	1,171E+0	0,000E+0	2	0010
349,100	85,900	124,500	2,104E+2	0,000E+0	1,730E+2	1,725E+2	0,000E+0	1,178E+0	1,174E+0	0,000E+0	2	0010
350,099	85,900	124,500	2,104E+2	0,000E+0	1,730E+2	1,725E+2	0,000E+0	1,178E+0	1,174E+0	0,000E+0	2	0010
351,099	85,800	124,100	2,099E+2	0,000E+0	1,728E+2	1,727E+2	0,000E+0	1,177E+0	1,169E+0	0,000E+0	2	0010
352,099	85,800	124,100	2,099E+2	0,000E+0	1,728E+2	1,727E+2	0,000E+0	1,177E+0	1,169E+0	0,000E+0	2	0010
353,099	85,800	123,900	2,097E+2	0,000E+0	1,728E+2	1,728E+2	0,000E+0	1,174E+0	1,168E+0	0,000E+0	3	0010
354,100	85,900	124,200	2,101E+2	0,000E+0	1,727E+2	1,729E+2	0,000E+0	1,177E+0	1,171E+0	0,000E+0	3	0010
355,100	85,500	124,700	2,102E+2	0,000E+0	1,730E+2	1,729E+2	0,000E+0	1,179E+0	1,173E+0	0,000E+0	3	0010
356,100	85,500	124,300	2,098E+2	0,000E+0	1,728E+2	1,731E+2	0,000E+0	1,171E+0	1,169E+0	0,000E+0	3	0010
357,100	85,500	124,300	2,098E+2	0,000E+0	1,728E+2	1,731E+2	0,000E+0	1,171E+0	1,169E+0	0,000E+0	3	0010
358,100	85,500	124,300	2,098E+2	0,000E+0	1,728E+2	1,731E+2	0,000E+0	1,171E+0	1,169E+0	0,000E+0	3	0010
359,101	85,500	124,300	2,098E+2	0,000E+0	1,728E+2	1,731E+2	0,000E+0	1,171E+0	1,169E+0	0,000E+0	3	0010
360,101	85,500	124,300	2,098E+2	0,000E+0	1,728E+2	1,731E+2	0,000E+0	1,171E+0	1,169E+0	0,000E+0	3	0010
361,101	85,800	124,300	2,101E+2	0,000E+0	1,728E+2	1,729E+2	0,000E+0	1,174E+0	1,171E+0	0,000E+0	3	0010
362,102	85,800	124,300	2,101E+2	0,000E+0	1,728E+2	1,729E+2	0,000E+0	1,174E+0	1,171E+0	0,000E+0	3	0010
363,102	85,800	124,300	2,101E+2	0,000E+0	1,728E+2	1,729E+2	0,000E+0	1,174E+0	1,171E+0	0,000E+0	3	0010
364,102	86,100	124,200	2,103E+2	0,000E+0	1,731E+2	1,727E+2	0,000E+0	1,179E+0	1,171E+0	0,000E+0	3	0010
365,103	86,100	124,200	2,103E+2	0,000E+0	1,731E+2	1,727E+2	0,000E+0	1,179E+0	1,171E+0	0,000E+0	3	0010
366,103	85,800	124,300	2,101E+2	0,000E+0	1,729E+2	1,727E+2	0,000E+0	1,178E+0	1,170E+0	0,000E+0	3	0010
367,103	85,800	124,300	2,101E+2	0,000E+0	1,729E+2	1,727E+2	0,000E+0	1,178E+0	1,170E+0	0,000E+0	3	0010
368,104	86,000	124,200	2,102E+2	0,000E+0	1,729E+2	1,729E+2	0,000E+0	1,178E+0	1,170E+0	0,000E+0	3	0010
369,104	85,500	124,600	2,101E+2	0,000E+0	1,731E+2	1,729E+2	0,000E+0	1,179E+0	1,173E+0	0,000E+0	4	0010
370,105	85,900	124,000	2,099E+2	0,000E+0	1,728E+2	1,729E+2	0,000E+0	1,174E+0	1,169E+0	0,000E+0	4	0010
371,104	85,900	124,100	2,100E+2	0,000E+0	1,730E+2	1,730E+2	0,000E+0	1,176E+0	1,168E+0	0,000E+0	4	0010
372,105	85,900	124,500	2,104E+2	0,000E+0	1,731E+2	1,731E+2	0,000E+0	1,176E+0	1,173E+0	0,000E+0	4	0010
373,104	85,900	124,500	2,104E+2	0,000E+0	1,731E+2	1,731E+2	0,000E+0	1,176E+0	1,173E+0	0,000E+0	4	0010
374,104	85,900	124,500	2,104E+2	0,000E+0	1,731E+2	1,731E+2	0,000E+0	1,176E+0	1,173E+0	0,000E+0	4	0010
375,105	85,900	124,500	2,104E+2	0,000E+0	1,731E+2	1,731E+2	0,000E+0	1,176E+0	1,173E+0	0,000E+0	4	0010
376,105	85,900	124,500	2,104E+2	0,000E+0	1,731E+2	1,731E+2	0,000E+0	1,176E+0	1,173E+0	0,000E+0	4	0010
377,106	86,200	123,700	2,099E+2	0,000E+0	1,731E+2	1,730E+2	0,000E+0	1,177E+0	1,167E+0	0,000E+0	4	0010
378,106	86,200	123,700	2,099E+2	0,000E+0	1,731E+2	1,730E+2	0,000E+0	1,177E+0	1,167E+0	0,000E+0	4	0010
379,106	86,200	123,700	2,099E+2	0,000E+0	1,731E+2	1,730E+2	0,000E+0	1,177E+0	1,167E+0	0,000E+0	4	0010
380,106	86,200	123,700	2,099E+2	0,000E+0	1,731E+2	1,730E+2	0,000E+0	1,177E+0	1,167E+0	0,000E+0	4	0010
381,106	85,600	124,500	2,101E+2	0,000E+0	1,731E+2	1,732E+2	0,000E+0	1,174E+0	1,171E+0	0,000E+0	4	0010
382,106	85,500	124,600	2,101E+2	0,000E+0	1,730E+2	1,731E+2	0,000E+0	1,177E+0	1,173E+0	0,000E+0	4	0010
383,106	85,500	124,600	2,101E+2	0,000E+0	1,730E+2	1,731E+2	0,000E+0	1,177E+0	1,173E+0	0,000E+0	4	0010
384,108	85,800	124,300	2,101E+2	0,000E+0	1,728E+2	1,729E+2	0,000E+0	1,177E+0	1,171E+0	0,000E+0	4	0010
385,108	86,300	124,100	2,104E+2	0,000E+0	1,732E+2	1,727E+2	0,000E+0	1,177E+0	1,171E+0	0,000E+0	5	0010
386,109	86,100	124,100	2,102E+2	0,000E+0	1,730E+2	1,728E+2	0,000E+0	1,176E+0	1,170E+0	0,000E+0	5	0010
387,109	85,800	124,200	2,100E+2	0,000E+0	1,731E+2	1,728E+2	0,000E+0	1,177E+0	1,169E+0	0,000E+0	5	0010
388,109	86,000	123,800	2,098E+2	0,000E+0	1,727E+2	1,728E+2	0,000E+0	1,176E+0	1,168E+0	0,000E+0	5	0010
389,109	85,500	124,600	2,101E+2	0,000E+0	1,727E+2	1,730E+2	0,000E+0	1,176E+0	1,173E+0	0,000E+0	5	0010
390,109	85,500	124,600	2,101E+2	0,000E+0	1,727E+2	1,730E+2	0,000E+0	1,176E+0	1,173E+0	0,000E+0	5	0010
391,110	85,500	124,600	2,101E+2	0,000E+0	1,727E+2	1,730E+2	0,000E+0	1,176E+0	1,173E+0	0,000E+0	5	0010
392,110	85,500	124,600	2,101E+2	0,000E+0	1,727E+2	1,730E+2	0,000E+0	1,176E+0	1,173E+0	0,000E+0	5	0010
393,110	85,500	124,600	2,101E+2	0,000E+0	1,727E+2	1,730E+2	0,000E+0	1,176E+0	1,173E+0	0,000E+0	5	0010
394,110	85,500	124,600	2,101E+2	0,000E+0	1,727E+2	1,730E+2	0,000E+0	1,176E+0	1,173E+0	0,000E+0	5	0010
395,110	85,600	124,600	2,102E+2	0,000E+0	1,727E+2	1,727E+2	0,000E+0	1,176E+0	1,173E+0	0,000E+0	5	0010
396,112	85,600	124,600	2,102E+2	0,000E+0	1,727E+2	1,727E+2	0,000E+0	1,176E+0	1,173E+0	0,000E+0	5	0010
397,111	85,700	124,300	2,100E+2	0,000E+0	1,731E+2	1,729E+2	0,000E+0	1,178E+0	1,172E+0	0,000E+0	5	0010
398,112	85,700	124,300	2,100E+2	0,000E+0	1,731E+2	1,729E+2	0,000E+0	1,178E+0	1,172E+0	0,000E+0	5	0010
399,111	85,700	124,200	2,099E+2	0,000E+0	1,727E+2	1,729E+2	0,000E+0	1,176E+0	1,171E+0	0,000E+0	5	0010
400,112	85,700	124,400	2,101E+2	0,000E+0	1,730E+2	1,732E+2	0,000E+0	1,176E+0	1,171E+0	0,000E+0	5	0010
401,112	85,700	124,100	2,098E+2	0,000E+0	1,729E+2	1,730E+2	0,000E+0	1,174E+0	1,170E+0	0,000E+0	6	0010
402,112	85,600	124,900	2,105E+2	0,000E+0	1,728E+2	1,731E+2	0,000E+0	1,178E+0	1,174E+0	0,000E+0	6	0010
403,112	85,600	124,600	2,102E+2	0,000E+0	1,729E+2	1,732E+2	0,000E+0	1,176E+0	1,172E+0	0,000E+0	6	0010
404,113	85,500	124,600	2,101E+2	0,000E+0	1,729E+2	1,729E+2	0,000E+0	1,175E+0	1,172E+0	0,000E+0	6	0010
405,113	85,500	124,600	2,101E+2	0,000E+0	1,729E+2	1,729E+2	0,000E+0	1,175E+0	1,172E+0	0,000E+0	6	0010
406,114	85,500	124,600	2,101E+2	0,000E+0	1,729E+2	1,729E+2	0,000E+0	1,175E+0	1,172E+0	0,000E+0	6	0010
407,113	85,500	124,600	2,101E+2	0,000E+0	1,729E+2	1,729E+2	0,000E+0	1,175E+0	1,172E+0	0,000E+0	6	0010
408,113	86,200	124,100	2,103E+2	0,000E+0	1,729E+2	1,729E+2	0,000E+0	1,177E+0	1,170E+0	0,000E+0	6	0010
409,113	86,200	124,100	2,103E+2	0,000E+0	1,729E+2	1,729E+2	0,000E+0	1,177E+0	1,170E+0	0,000E+0	6	0010
410,114	86,200	124,100	2,103E+2	0,000E+0	1,729E+2	1,729E+2	0,000E+0	1,177E+0	1,170E+0	0,000E+0	6	0010
411,114	86,200	124,100	2,103E+2	0,000E+0	1,729E+2	1,729E+2	0,000E+0	1,177E+0	1,170E+0	0,000E+0	6	0010
412,115	85,800	124,200	2,100E+2	0,000E+0	1,728E+2	1,729E+2	0,000E+0	1,175E+0	1,169E+0	0,000E+0	6	0010
413,114	85,800	124,200	2,100E+2	0,000E+0	1,728E+2	1,729E+2	0,000E+0	1,175E+0	1,169E+0	0,000E+0	6	0010
414,114	85,900	124,000	2,099E+2	0,000E+0	1,726E+2	1,729E+2	0,000E+0	1,176E+0	1,171E+0	0,000E+0	6	0010
415,114	85,500	124,500	2,100E+2	0,000E+0	1,729E+2	1,729E+2	0,000E+0	1,177E+0	1,173E+0	0,000E+0	6	0010
416,114	85,600	124,800	2,104E+2	0,000E+0	1,730E+2	1,729E+2	0,000E+0	1,175E+0	1,175E+0	0,000E+0	7	0010
417,115	85,600	124,200	2,098E+2	0,000E+0	1,728E+2	1,729E+2	0,000E+0	1,174E+0	1,170E+0	0,000E+0	7	0010
418,114	85,900	124,300	2,102E+2	0,000E+0	1,731E+2	1,730E+2	0,000E+0	1,178E+0	1,171E+0	0,000E+0	7	0010
419,115	85,500	124,400	2,099E+2	0,000E+0	1,731E+2	1,730E+2	0,000E+0	1,175E+0	1,171E+0	0,000E+0	7	0010
420,115	85,500	124,400	2,099E+2	0,000E+0	1,731E+2	1,730E+2	0,000E+0	1,175E+0	1,171E+0	0,000E+0	7	0010
421,115	85,500	124,400	2,099E+2	0,000E+0	1,731E+2	1,730E+2	0,000E+0	1,175E+0	1,171E+0	0,000E+0	7	0010
422,116	85,500	124,400	2,099E+2	0,000E+0	1,731E+2	1,730E+2	0,000E+0	1,175E+0	1,171E+0	0,000E+0	7	0010
423,116	85,500	124,400	2,099E+2	0,000E+0	1,731E+2	1,730E+2	0,000E+0	1,175E+0	1,171E+0	0,000E+0	7	0010
424,117	86,200	123,900	2,101E+2	0,000E+0	1,732E+2	1,726E+2	0,000E+0	1,180E+0	1,171E+0	0,000E+0	7	0010
425,116	86,200	123,900	2,101E+2	0,000E+0	1,732E+2	1,726E+2	0,000E+0	1,180E+0	1,171E+0	0,000E+0	7	0010
426,116	86,200	123,900	2,101E+2	0,000E+0	1,732E+2	1,726E+2	0,000E+0	1,180E+0	1,171E+0	0,000E+0	7	0010
427,116	85,500	124,600	2,101E+2	0,000E+0	1,731E+2	1,731E+2	0,000E+0	1,180E+0	1,173E+0	0,000E+0	7	0010
428,116	85,500	124,600	2,101E+2	0,000E+0	1,731E+2	1,731E+2	0,000E+0	1,180E+0	1,173E+0	0,000E+0	7	0010
429,116	86,000	124,300	2,103E+2	0,000E+0	1,731E+2	1,729E+2	0,000E+0	1,177E+0	1,171E+0	0,000E+0	7	0010
430,116	86,000	124,300	2,103E+2	0,000E+0	1,731E+2	1,729E+2	0,000E+0	1,177E+0	1,171E+0	0,000E+0	7	0010
431,116	85,500	124,800	2,103E+2	0,000E+0	1,730E+2	1,732E+2	0,000E+0	1,178E+0	1,176E+0	0,000E+0	7	0010
432,116	85,700	124,400	2,101E+2	0,000E+0	1,731E+2	1,729E+2	0,000E+0	1,177E+0	1,172E+0	0,000E+0	7	0010
433,116	85,600	124,500	2,101E+2	0,000E+0	1,732E+2	1,731E+2	0,000E+0	1,175E+0	1,171E+0	0,000E+0	7	0010
434,117	86,100	124,000	2,101E+2	0,000E+0	1,733E+2	1,731E+2	0,000E+0	1,179E+0	1,169E+0	0,000E+0	7	0011
435,118	85,500	124,500	2,100E+2	0,000E+0	1,730E+2	1,732E+2	0,000E+0	1,175E+0	1,172E+0	0,000E+0	7	0011
436,118	85,500	124,500	2,100E+2	0,000E+0	1,730E+2	1,732E+2	0,000E+0	1,175E+0	1,172E+0	0,000E+0	7	0011
437,120	85,500	124,400	2,099E+2	0,000E+0	1,731E+2	1,731E+2	0,000E+0	1,177E+0	1,171E+0	0,000E+0	7	0011
438,119	85,400	124,700	2,101E+2	0,000E+0	1,729E+2	1,731E+2	0,000E+0	1,177E+0	1,173E+0	0,000E+0	7	0011
439,121	85,600	124,600	2,102E+2	0,000E+0	1,729E+2	1,731E+2	0,000E+0	1,176E+0	1,173E+0	0,000E+0	7	0011
440,120	85,800	124,500	2,103E+2	0,000E+0	1,732E+2	1,729E+2	0,000E+0	1,177E+0	1,173E+0	0,000E+0	7	0011
441,120	85,500	124,400	2,099E+2	0,000E+0	1,728E+2	1,730E+2	0,000E+0	1,174E+0	1,171E+0	0,000E+0	7	0011
442,120	85,500	124,400	2,099E+2	0,000E+0	1,728E+2	1,730E+2	0,000E+0	1,174E+0	1,171E+0	0,000E+0	7	0011
443,120	85,500	124,400	2,099E+2	0,000E+0	1,728E+2	1,730E+2	0,000E+0	1,174E+0	1,171E+0	0,000E+0	7	0011
444,120	85,500	124,400	2,099E+2	0,000E+0	1,728E+2	1,730E+2	0,000E+0	1,174E+0	1,171E+0	0,000E+0	7	0011
445,120	85,800	124,200	2,100E+2	0,000E+0	1,728E+2	1,732E+2	0,000E+0	1,173E+0	1,170E+0	0,000E+0	7	0011
446,121	85,800	124,200	2,100E+2	0,000E+0	1,728E+2	1,732E+2	0,000E+0	1,173E+0	1,170E+0	0,000E+0	7	0011
447,120	85,800	124,200	2,100E+2	0,000E+0	1,728E+2	1,732E+2	0,000E+0	1,173E+0	1,170E+0	0,000E+0	7	0011
448,120	85,800	124,200	2,100E+2	0,000E+0	1,728E+2	1,732E+2	0,000E+0	1,173E+0	1,170E+0	0,000E+0	7	0011
449,120	85,900	124,500	2,104E+2	0,000E+0	1,731E+2	1,730E+2	0,000E+0	1,177E+0	1,172E+0	0,000E+0	7	0011
450,120	85,600	124,300	2,099E+2	0,000E+0	1,727E+2	1,731E+2	0,000E+0	1,173E+0	1,171E+0	0,000E+0	7	0011
451,121	85,600	124,300	2,099E+2	0,000E+0	1,727E+2	1,731E+2	0,000E+0	1,173E+0	1,171E+0	0,000E+0	7	0011
452,122	85,800	124,400	2,102E+2	0,000E+0	1,730E+2	1,730E+2	0,000E+0	1,177E+0	1,172E+0	0,000E+0	7	0011
453,123	86,200	123,800	2,100E+2	0,000E+0	1,729E+2	1,728E+2	0,000E+0	1,178E+0	1,168E+0	0,000E+0	7	0011
454,123	85,800	124,500	2,103E+2	0,000E+0	1,729E+2	1,730E+2	0,000E+0	1,177E+0	1,173E+0	0,000E+0	7	0011
456,124	86,200	124,200	2,104E+2	0,000E+0	1,731E+2	1,729E+2	0,000E+0	1,179E+0	1,171E+0	0,000E+0	7	0011
456,124	85,800	123,900	2,097E+2	0,000E+0	1,730E+2	1,729E+2	0,000E+0	1,177E+0	1,169E+0	0,000E+0	7	0011
457,123	85,700	124,500	2,102E+2	0,000E+0	1,728E+2	1,731E+2	0,000E+0	1,176E+0	1,172E+0	0,000E+0	6	0011
458,123	85,800	124,100	2,099E+2	0,000E+0	1,732E+2	1,730E+2	0,000E+0	1,178E+0	1,169E+0	0,000E+0	6	0011
459,123	85,700	124,300	2,100E+2	0,000E+0	1,732E+2	1,729E+2	0,000E+0	1,177E+0	1,172E+0	0,000E+0	6	0011
460,123	85,700	124,300	2,100E+2	0,000E+0	1,732E+2	1,729E+2	0,000E+0	1,177E+0	1,172E+0	0,000E+0	6	0011
461,124	86,100	124,000	2,101E+2	0,000E+0	1,730E+2	1,728E+2	0,000E+0	1,176E+0	1,170E+0	0,000E+0	6	0011
462,125	86,100	124,000	2,101E+2	0,000E+0	1,730E+2	1,728E+2	0,000E+0	1,176E+0	1,170E+0	0,000E+0	6	0011
463,124	85,900	124,000	2,099E+2	0,000E+0	1,728E+2	1,730E+2	0,000E+0	1,175E+0	1,170E+0	0,000E+0	6	0011
464,124	85,900	124,000	2,099E+2	0,000E+0	1,728E+2	1,730E+2	0,000E+0	1,175E+0	1,170E+0	0,000E+0	6	0011
465,124	85,900	124,000	2,099E+2	0,000E+0	1,728E+2	1,730E+2	0,000E+0	1,175E+0	1,170E+0	0,000E+0	6	0011
466,125	85,700	124,500	2,102E+2	0,000E+0	1,730E+2	1,732E+2	0,000E+0	1,177E+0	1,172E+0	0,000E+0	6	0011
467,126	85,700	124,500	2,102E+2	0,000E+0	1,730E+2	1,732E+2	0,000E+0	1,177E+0	1,172E+0	0,000E+0	6	0011
468,125	85,700	124,500	2,102E+2	0,000E+0	1,730E+2	1,732E+2	0,000E+0	1,177E+0	1,172E+0	0,000E+0	6	0011
469,125	85,700	124,500	2,102E+2	0,000E+0	1,730E+2	1,732E+2	0,000E+0	1,177E+0	1,172E+0	0,000E+0	6	0011
470,125	85,700	124,400	2,101E+2	0,000E+0	1,731E+2	1,732E+2	0,000E+0	1,179E+0	1,170E+0	0,000E+0	6	0011
471,125	85,700	124,400	2,101E+2	0,000E+0	1,731E+2	1,732E+2	0,000E+0	1,179E+0	1,170E+0	0,000E+0	6	0011
472,126	85,500	124,500	2,100E+2	0,000E+0	1,728E+2	1,730E+2	0,000E+0	1,175E+0	1,172E+0	0,000E+0	6	0011
473,125	85,500	124,500	2,100E+2	0,000E+0	1,728E+2	1,730E+2	0,000E+0	1,175E+0	1,172E+0	0,000E+0	5	0011
474,126	85,700	124,500	2,102E+2	0,000E+0	1,730E+2	1,727E+2	0,000E+0	1,179E+0	1,171E+0	0,000E+0	5	0011
475,126	85,900	124,200	2,101E+2	0,000E+0	1,732E+2	1,730E+2	0,000E+0	1,178E+0	1,171E+0	0,000E+0	5	0011
476,126	85,500	124,100	2,096E+2	0,000E+0	1,727E+2	1,729E+2	0,000E+0	1,173E+0	1,168E+0	0,000E+0	5	0011
477,126	85,500	124,100	2,096E+2	0,000E+0	1,727E+2	1,729E+2	0,000E+0	1,173E+0	1,168E+0	0,000E+0	5	0011
478,127	85,500	124,100	2,096E+2	0,000E+0	1,727E+2	1,729E+2	0,000E+0	1,173E+0	1,168E+0	0,000E+0	5	0011
479,128	85,500	124,100	2,096E+2	0,000E+0	1,727E+2	1,729E+2	0,000E+0	1,173E+0	1,168E+0	0,000E+0	5	0011
480,127	85,500	124,100	2,096E+2	0,000E+0	1,727E+2	1,729E+2	0,000E+0	1,173E+0	1,168E+0	0,000E+0	5	0011
481,127	85,500	124,100	2,096E+2	0,000E+0	1,727E+2	1,729E+2	0,000E+0	1,173E+0	1,168E+0	0,000E+0	5	0011
482,127	85,500	124,100	2,096E+2	0,000E+0	1,727E+2	1,729E+2	0,000E+0	1,173E+0	1,168E+0	0,000E+0	5	0011
483,127	85,500	124,100	2,096E+2	0,000E+0	1,727E+2	1,729E+2	0,000E+0	1,173E+0	1,168E+0	0,000E+0	5	0011
484,127	85,700	124,600	2,103E+2	0,000E+0	1,731E+2	1,730E+2	0,000E+0	1,176E+0	1,173E+0	0,000E+0	5	0011
485,127	85,700	124,600	2,103E+2	0,000E+0	1,731E+2	1,730E+2	0,000E+0	1,176E+0	1,173E+0	0,000E+0	5	0011
486,129	86,000	124,400	2,104E+2	0,000E+0	1,730E+2	1,731E+2	0,000E+0	1,180E+0	1,171E+0	0,000E+0	5	0011
487,128	86,000	124,400	2,104E+2	0,000E+0	1,730E+2	1,731E+2	0,000E+0	1,180E+0	1,171E+0	0,000E+0	5	0011
488,129	86,000	124,300	2,103E+2	0,000E+0	1,730E+2	1,730E+2	0,000E+0	1,178E+0	1,171E+0	0,000E+0	5	0011
489,128	86,000	124,300	2,103E+2	0,000E+0	1,730E+2	1,730E+2	0,000E+0	1,178E+0	1,171E+0	0,000E+0	4	0011
490,128	86,200	124,200	2,104E+2	0,000E+0	1,728E+2	1,728E+2	0,000E+0	1,180E+0	1,172E+0	0,000E+0	4	0011
491,128	85,600	124,500	2,101E+2	0,000E+0	1,728E+2	1,730E+2	0,000E+0	1,175E+0	1,171E+0	0,000E+0	4	0011
492,128	85,600	124,500	2,101E+2	0,000E+0	1,728E+2	1,730E+2	0,000E+0	1,175E+0	1,171E+0	0,000E+0	4	0011
493,129	85,600	124,500	2,101E+2	0,000E+0	1,728E+2	1,730E+2	0,000E+0	1,175E+0	1,171E+0	0,000E+0	4	0011
494,129	85,600	124,500	2,101E+2	0,000E+0	1,728E+2	1,730E+2	0,000E+0	1,175E+0	1,171E+0	0,000E+0	4	0011
495,129	85,600	124,500	2,101E+2	0,000E+0	1,728E+2	1,730E+2	0,000E+0	1,175E+0	1,171E+0	0,000E+0	4	0011
496,129	85,700	124,700	2,104E+2	0,000E+0	1,731E+2	1,729E+2	0,000E+0	1,178E+0	1,173E+0	0,000E+0	4	0011
497,130	85,700	124,700	2,104E+2	0,000E+0	1,731E+2	1,729E+2	0,000E+0	1,178E+0	1,173E+0	0,000E+0	4	0011
498,131	85,700	124,700	2,104E+2	0,000E+0	1,731E+2	1,729E+2	0,000E+0	1,178E+0	1,173E+0	0,000E+0	4	0011
499,130	86,000	124,100	2,101E+2	0,000E+0	1,729E+2	1,729E+2	0,000E+0	1,179E+0	1,170E+0	0,000E+0	4	0011
500,132	86,000	124,100	2,101E+2	0,000E+0	1,729E+2	1,729E+2	0,000E+0	1,179E+0	1,170E+0	0,000E+0	4	0011
501,132	85,400	124,900	2,103E+2	0,000E+0	1,728E+2	1,731E+2	0,000E+0	1,173E+0	1,175E+0	0,000E+0	4	0011
502,132	85,400	124,900	2,103E+2	0,000E+0	1,728E+2	1,731E+2	0,000E+0	1,173E+0	1,175E+0	0,000E+0	4	0011
503,132	85,600	124,500	2,101E+2	0,000E+0	1,729E+2	1,727E+2	0,000E+0	1,178E+0	1,173E+0	0,000E+0	4	0011
504,132	85,600	124,500	2,101E+2	0,000E+0	1,729E+2	1,727E+2	0,000E+0	1,178E+0	1,173E+0	0,000E+0	3	0011
505,132	86,000	124,000	2,100E+2	0,000E+0	1,729E+2	1,730E+2	0,000E+0	1,177E+0	1,168E+0	0,000E+0	3	0011
506,133	85,700	124,600	2,103E+2	0,000E+0	1,731E+2	1,729E+2	0,000E+0	1,176E+0	1,173E+0	0,000E+0	3	0011
507,134	85,400	124,400	2,098E+2	0,000E+0	1,731E+2	1,730E+2	0,000E+0	1,176E+0	1,171E+0	0,000E+0	3	0011
508,133	85,400	124,400	2,098E+2	0,000E+0	1,731E+2	1,730E+2	0,000E+0	1,176E+0	1,171E+0	0,000E+0	3	0011
509,134	85,400	124,400	2,098E+2	0,000E+0	1,731E+2	1,730E+2	0,000E+0	1,176E+0	1,171E+0	0,000E+0	3	0011
510,134	85,400	124,400	2,098E+2	0,000E+0	1,731E+2	1,730E+2	0,000E+0	1,176E+0	1,171E+0	0,000E+0	3	0011
511,135	86,000	124,200	2,102E+2	0,000E+0	1,729E+2	1,727E+2	0,000E+0	1,179E+0	1,173E+0	0,000E+0	3	0011
512,135	86,000	124,200	2,102E+2	0,000E+0	1,729E+2	1,727E+2	0,000E+0	1,179E+0	1,173E+0	0,000E+0	3	0011
513,135	86,000	124,200	2,102E+2	0,000E+0	1,729E+2	1,727E+2	0,000E+0	1,179E+0	1,173E+0	0,000E+0	3	0011
514,135	86,000	124,200	2,102E+2	0,000E+0	1,729E+2	1,727E+2	0,000E+0	1,179E+0	1,173E+0	0,000E+0	3	0011
515,135	85,600	124,700	2,103E+2	0,000E+0	1,727E+2	1,729E+2	0,000E+0	1,178E+0	1,175E+0	0,000E+0	3	0011
516,136	85,600	124,700	2,103E+2	0,000E+0	1,727E+2	1,729E+2	0,000E+0	1,178E+0	1,175E+0	0,000E+0	3	0011
517,135	86,100	124,200	2,103E+2	0,000E+0	1,730E+2	1,727E+2	0,000E+0	1,179E+0	1,173E+0	0,000E+0	3	0011
518,136	86,100	124,200	2,103E+2	0,000E+0	1,730E+2	1,727E+2	0,000E+0	1,179E+0	1,173E+0	0,000E+0	3	0011
519,135	85,800	124,500	2,103E+2	0,000E+0	1,732E+2	1,729E+2	0,000E+0	1,179E+0	1,173E+0	0,000E+0	3	0011
520,136	85,700	124,400	2,101E+2	0,000E+0	1,729E+2	1,729E+2	0,000E+0	1,177E+0	1,174E+0	0,000E+0	2	0011
521,136	86,000	124,000	2,100E+2	0,000E+0	1,728E+2	1,728E+2	0,000E+0	1,177E+0	1,170E+0	0,000E+0	2	0011
522,136	85,600	124,500	2,101E+2	0,000E+0	1,727E+2	1,730E+2	0,000E+0	1,176E+0	1,173E+0	0,000E+0	2	0011
523,138	85,400	124,600	2,100E+2	0,000E+0	1,729E+2	1,730E+2	0,000E+0	1,176E+0	1,173E+0	0,000E+0	2	0011
524,137	85,500	124,600	2,101E+2	0,000E+0	1,731E+2	1,732E+2	0,000E+0	1,178E+0	1,172E+0	0,000E+0	2	0011
525,139	85,500	124,600	2,101E+2	0,000E+0	1,731E+2	1,732E+2	0,000E+0	1,178E+0	1,172E+0	0,000E+0	2	0011
526,138	85,500	124,600	2,101E+2	0,000E+0	1,731E+2	1,732E+2	0,000E+0	1,178E+0	1,172E+0	0,000E+0	2	0011
527,138	85,500	124,600	2,101E+2	0,000E+0	1,731E+2	1,732E+2	0,000E+0	1,178E+0	1,172E+0	0,000E+0	2	0011
528,138	85,600	124,400	2,100E+2	0,000E+0	1,727E+2	1,730E+2	0,000E+0	1,176E+0	1,171E+0	0,000E+0	2	0011
529,139	85,900	124,100	2,100E+2	0,000E+0	1,730E+2	1,729E+2	0,000E+0	1,179E+0	1,170E+0	0,000E+0	2	0011
530,138	85,900	124,100	2,100E+2	0,000E+0	1,730E+2	1,729E+2	0,000E+0	1,179E+0	1,170E+0	0,000E+0	2	0011
531,138	85,900	124,100	2,100E+2	0,000E+0	1,730E+2	1,729E+2	0,000E+0	1,179E+0	1,170E+0	0,000E+0	2	0011
532,139	85,900	124,100	2,100E+2	0,000E+0	1,730E+2	1,729E+2	0,000E+0	1,179E+0	1,170E+0	0,000E+0	2	0011
533,139	85,900	124,400	2,103E+2	0,000E+0	1,728E+2	1,731E+2	0,000E+0	1,177E+0	1,171E+0	0,000E+0	2	0011
534,139	85,900	124,400	2,103E+2	0,000E+0	1,728E+2	1,731E+2	0,000E+0	1,177E+0	1,171E+0	0,000E+0	2	0011
535,139	85,900	124,400	2,103E+2	0,000E+0	1,728E+2	1,731E+2	0,000E+0	1,177E+0	1,171E+0	0,000E+0	2	0011
536,140	85,800	123,900	2,097E+2	0,000E+0	1,730E+2	1,729E+2	0,000E+0	1,176E+0	1,169E+0	0,000E+0	2	0011
537,139	85,600	124,700	2,103E+2	0,000E+0	1,731E+2	1,729E+2	0,000E+0	1,180E+0	1,175E+0	0,000E+0	1	0011
538,139	85,800	124,100	2,099E+2	0,000E+0	1,729E+2	1,729E+2	0,000E+0	1,178E+0	1,171E+0	0,000E+0	1	0011
539,139	85,800	124,300	2,101E+2	0,000E+0	1,732E+2	1,728E+2	0,000E+0	1,182E+0	1,171E+0	0,000E+0	1	0011
540,139	85,900	124,100	2,100E+2	0,000E+0	1,728E+2	1,727E+2	0,000E+0	1,177E+0	1,169E+0	0,000E+0	1	0011
541,140	85,900	124,100	2,100E+2	0,000E+0	1,728E+2	1,727E+2	0,000E+0	1,177E+0	1,169E+0	0,000E+0	1	0011
542,139	85,900	124,100	2,100E+2	0,000E+0	1,728E+2	1,727E+2	0,000E+0	1,177E+0	1,169E+0	0,000E+0	1	0011
543,140	85,500	124,400	2,099E+2	0,000E+0	1,727E+2	1,731E+2	0,000E+0	1,179E+0	1,172E+0	0,000E+0	1	0011
544,140	85,800	124,500	2,103E+2	0,000E+0	1,728E+2	1,727E+2	0,000E+0	1,178E+0	1,173E+0	0,000E+0	1	0011
545,140	85,800	124,500	2,103E+2	0,000E+0	1,728E+2	1,727E+2	0,000E+0	1,178E+0	1,173E+0	0,000E+0	1	0011
546,141	85,800	124,500	2,103E+2	0,000E+0	1,728E+2	1,727E+2	0,000E+0	1,178E+0	1,173E+0	0,000E+0	1	0011
547,141	85,800	124,500	2,103E+2	0,000E+0	1,728E+2	1,727E+2	0,000E+0	1,178E+0	1,173E+0	0,000E+0	1	0011
548,142	86,100	124,400	2,105E+2	0,000E+0	1,729E+2	1,729E+2	0,000E+0	1,181E+0	1,174E+0	0,000E+0	1	0011
549,141	86,100	124,400	2,105E+2	0,000E+0	1,729E+2	1,729E+2	0,000E+0	1,181E+0	1,174E+0	0,000E+0	1	0011
550,142	86,100	124,400	2,105E+2	0,000E+0	1,729E+2	1,729E+2	0,000E+0	1,181E+0	1,174E+0	0,000E+0	1	0011
551,142	85,800	124,200	2,100E+2	0,000E+0	1,729E+2	1,726E+2	0,000E+0	1,176E+0	1,171E+0	0,000E+0	1	0011
552,142	85,500	124,400	2,099E+2	0,000E+0	1,731E+2	1,730E+2	0,000E+0	1,176E+0	1,171E+0	0,000E+0	0	0011
553,142	85,800	124,300	2,101E+2	0,000E+0	1,727E+2	1,724E+2	0,000E+0	1,179E+0	1,173E+0	0,000E+0	0	0011
554,142	85,600	124,500	2,101E+2	0,000E+0	1,726E+2	1,725E+2	0,000E+0	1,179E+0	1,175E+0	0,000E+0	0	0011
555,143	85,600	124,200	2,098E+2	0,000E+0	1,726E+2	1,724E+2	0,000E+0	1,179E+0	1,173E+0	0,000E+0	0	0011
556,142	85,600	124,200	2,098E+2	0,000E+0	1,726E+2	1,724E+2	0,000E+0	1,179E+0	1,173E+0	0,000E+0	0	0011
557,143	85,600	124,200	2,098E+2	0,000E+0	1,726E+2	1,724E+2	0,000E+0	1,179E+0	1,173E+0	0,000E+0	0	0011
558,142	85,600	124,200	2,098E+2	0,000E+0	1,726E+2	1,724E+2	0,000E+0	1,179E+0	1,173E+0	0,000E+0	0	0011
559,142	85,700	124,400	2,101E+2	0,000E+0	1,725E+2	1,724E+2	0,000E+0	1,179E+0	1,174E+0	0,000E+0	0	0011
560,142	85,700	124,400	2,101E+2	0,000E+0	1,725E+2	1,724E+2	0,000E+0	1,179E+0	1,174E+0	0,000E+0	0	0011
561,142	85,700	124,400	2,101E+2	0,000E+0	1,725E+2	1,724E+2	0,000E+0	1,179E+0	1,174E+0	0,000E+0	0	0011
562,144	85,700	124,400	2,101E+2	0,000E+0	1,725E+2	1,724E+2	0,000E+0	1,179E+0	1,174E+0	0,000E+0	0	0011
563,143	85,500	125,200	2,107E+2	0,000E+0	1,726E+2	1,726E+2	0,000E+0	1,179E+0	1,178E+0	0,000E+0	0	0011
564,143	85,500	125,200	2,107E+2	0,000E+0	1,726E+2	1,726E+2	0,000E+0	1,179E+0	1,178E+0	0,000E+0	0	0011
565,144	85,500	125,200	2,107E+2	0,000E+0	1,726E+2	1,726E+2	0,000E+0	1,179E+0	1,178E+0	0,000E+0	0	0011
566,144	85,800	124,100	2,099E+2	0,000E+0	1,726E+2	1,723E+2	0,000E+0	1,182E+0	1,172E+0	0,000E+0	0	0011
567,144	85,900	124,500	2,104E+2	0,000E+0	1,727E+2	1,724E+2	0,000E+0	1,181E+0	1,174E+0	0,000E+0	0	0011
568,144	85,800	124,100	2,099E+2	0,000E+0	1,726E+2	1,724E+2	0,000E+0	1,179E+0	1,172E+0	0,000E+0	0	0011
569,145	85,700	124,200	2,099E+2	0,000E+0	1,726E+2	1,722E+2	0,000E+0	1,180E+0	1,173E+0	0,000E+0	0	0011
570,145	85,500	124,900	2,104E+2	0,000E+0	1,724E+2	1,725E+2	0,000E+0	1,180E+0	1,176E+0	0,000E+0	0	0100
571,145	85,600	124,700	2,103E+2	0,000E+0	1,725E+2	1,726E+2	0,000E+0	1,179E+0	1,175E+0	0,000E+0	0	0100
572,147	85,700	124,000	2,097E+2	0,000E+0	1,722E+2	1,723E+2	0,000E+0	1,175E+0	1,171E+0	0,000E+0	0	0100
573,146	85,500	124,500	2,100E+2	0,000E+0	1,727E+2	1,722E+2	0,000E+0	1,182E+0	1,173E+0	0,000E+0	0	0100
574,146	85,500	124,900	2,104E+2	0,000E+0	1,723E+2	1,727E+2	0,000E+0	1,178E+0	1,175E+0	0,000E+0	0	0100
575,146	85,500	124,900	2,104E+2	0,000E+0	1,723E+2	1,727E+2	0,000E+0	1,178E+0	1,175E+0	0,000E+0	0	0100
576,146	85,400	124,800	2,102E+2	0,000E+0	1,726E+2	1,723E+2	0,000E+0	1,179E+0	1,176E+0	0,000E+0	0	0100
577,147	85,800	124,200	2,100E+2	0,000E+0	1,725E+2	1,726E+2	0,000E+0	1,178E+0	1,171E+0	0,000E+0	0	0100
578,146	85,400	124,500	2,099E+2	0,000E+0	1,724E+2	1,725E+2	0,000E+0	1,179E+0	1,175E+0	0,000E+0	0	0100
579,147	85,500	124,700	2,102E+2	0,000E+0	1,725E+2	1,725E+2	0,000E+0	1,177E+0	1,175E+0	0,000E+0	0	0100
580,146	85,900	124,200	2,101E+2	0,000E+0	1,726E+2	1,724E+2	0,000E+0	1,180E+0	1,172E+0	0,000E+0	0	0100
581,146	86,200	123,900	2,101E+2	0,000E+0	1,726E+2	1,721E+2	0,000E+0	1,179E+0	1,171E+0	0,000E+0	0	0100
582,146	86,000	124,100	2,101E+2	0,000E+0	1,725E+2	1,725E+2	0,000E+0	1,178E+0	1,171E+0	0,000E+0	0	0100
583,147	85,700	124,600	2,103E+2	0,000E+0	1,723E+2	1,724E+2	0,000E+0	1,179E+0	1,175E+0	0,000E+0	0	0100
584,148	85,500	124,200	2,097E+2	0,000E+0	1,725E+2	1,722E+2	0,000E+0	1,178E+0	1,173E+0	0,000E+0	0	0100
585,147	85,700	124,500	2,102E+2	0,000E+0	1,725E+2	1,725E+2	0,000E+0	1,179E+0	1,173E+0	0,000E+0	0	0100
586,148	85,700	124,500	2,102E+2	0,000E+0	1,725E+2	1,725E+2	0,000E+0	1,179E+0	1,173E+0	0,000E+0	0	0100
587,148	85,700	124,500	2,102E+2	0,000E+0	1,725E+2	1,725E+2	0,000E+0	1,179E+0	1,173E+0	0,000E+0	0	0100
588,149	85,700	124,500	2,102E+2	0,000E+0	1,725E+2	1,725E+2	0,000E+0	1,179E+0	1,173E+0	0,000E+0	0	0100
589,150	85,700	124,500	2,102E+2	0,000E+0	1,725E+2	1,725E+2	0,000E+0	1,179E+0	1,173E+0	0,000E+0	0	0100
590,150	85,400	124,400	2,098E+2	0,000E+0	1,722E+2	1,725E+2	0,000E+0	1,176E+0	1,174E+0	0,000E+0	0	0100
591,151	85,400	124,400	2,098E+2	0,000E+0	1,722E+2	1,725E+2	0,000E+0	1,176E+0	1,174E+0	0,000E+0	0	0100
592,151	85,400	124,400	2,098E+2	0,000E+0	1,722E+2	1,725E+2	0,000E+0	1,176E+0	1,174E+0	0,000E+0	0	0100
593,151	85,400	124,400	2,098E+2	0,000E+0	1,722E+2	1,725E+2	0,000E+0	1,176E+0	1,174E+0	0,000E+0	0	0100
594,151	85,500	124,200	2,097E+2	0,000E+0	1,724E+2	1,727E+2	0,000E+0	1,176E+0	1,172E+0	0,000E+0	0	0100
595,151	86,000	123,900	2,099E+2	0,000E+0	1,724E+2	1,724E+2	0,000E+0	1,177E+0	1,170E+0	0,000E+0	0	0100
596,151	86,000	123,900	2,099E+2	0,000E+0	1,724E+2	1,724E+2	0,000E+0	1,177E+0	1,170E+0	0,000E+0	0	0100
597,151	85,900	124,100	2,100E+2	0,000E+0	1,726E+2	1,724E+2	0,000E+0	1,182E+0	1,172E+0	0,000E+0	0	0100
598,153	85,600	124,500	2,101E+2	0,000E+0	1,722E+2	1,724E+2	0,000E+0	1,181E+0	1,176E+0	0,000E+0	0	0100
599,153	85,600	124,400	2,100E+2	0,000E+0	1,724E+2	1,726E+2	0,000E+0	1,178E+0	1,173E+0	0,000E+0	1	0100
600,154	85,800	124,500	2,103E+2	0,000E+0	1,726E+2	1,725E+2	0,000E+0	1,181E+0	1,175E+0	0,000E+0	1	0100
601,153	86,100	123,900	2,100E+2	0,000E+0	1,730E+2	1,729E+2	0,000E+0	1,178E+0	1,170E+0	0,000E+0	1	0100
602,154	85,600	124,200	2,098E+2	0,000E+0	1,727E+2	1,726E+2	0,000E+0	1,178E+0	1,172E+0	0,000E+0	1	0100
603,155	85,600	124,200	2,098E+2	0,000E+0	1,727E+2	1,726E+2	0,000E+0	1,178E+0	1,172E+0	0,000E+0	1	0100
604,154	85,600	124,200	2,098E+2	0,000E+0	1,727E+2	1,726E+2	0,000E+0	1,178E+0	1,172E+0	0,000E+0	1	0100
605,154	85,900	124,300	2,102E+2	0,000E+0	1,730E+2	1,727E+2	0,000E+0	1,182E+0	1,171E+0	0,000E+0	1	0100
606,155	85,900	124,300	2,102E+2	0,000E+0	1,730E+2	1,727E+2	0,000E+0	1,182E+0	1,171E+0	0,000E+0	1	0100
607,155	85,400	124,700	2,101E+2	0,000E+0	1,727E+2	1,729E+2	0,000E+0	1,179E+0	1,176E+0	0,000E+0	1	0100
608,156	85,400	124,700	2,101E+2	0,000E+0	1,727E+2	1,729E+2	0,000E+0	1,179E+0	1,176E+0	0,000E+0	1	0100
609,155	85,400	124,700	2,101E+2	0,000E+0	1,727E+2	1,729E+2	0,000E+0	1,179E+0	1,176E+0	0,000E+0	1	0100
610,155	85,400	124,700	2,101E+2	0,000E+0	1,727E+2	1,729E+2	0,000E+0	1,179E+0	1,176E+0	0,000E+0	1	0100
611,155	85,600	124,600	2,102E+2	0,000E+0	1,731E+2	1,727E+2	0,000E+0	1,178E+0	1,175E+0	0,000E+0	1	0100
612,156	85,600	124,600	2,102E+2	0,000E+0	1,731E+2	1,727E+2	0,000E+0	1,178E+0	1,175E+0	0,000E+0	1	0100
613,155	85,600	124,600	2,102E+2	0,000E+0	1,731E+2	1,727E+2	0,000E+0	1,178E+0	1,175E+0	0,000E+0	1	0100
614,155	86,000	124,100	2,101E+2	0,000E+0	1,731E+2	1,726E+2	0,000E+0	1,181E+0	1,173E+0	0,000E+0	1	0100
615,156	85,900	124,300	2,102E+2	0,000E+0	1,728E+2	1,731E+2	0,000E+0	1,178E+0	1,173E+0	0,000E+0	2	0100
616,155	86,000	124,100	2,101E+2	0,000E+0	1,730E+2	1,729E+2	0,000E+0	1,181E+0	1,172E+0	0,000E+0	2	0100
617,156	85,600	124,600	2,102E+2	0,000E+0	1,726E+2	1,731E+2	0,000E+0	1,177E+0	1,175E+0	0,000E+0	2	0100
618,156	86,000	124,200	2,102E+2	0,000E+0	1,728E+2	1,731E+2	0,000E+0	1,179E+0	1,171E+0	0,000E+0	2	0100
619,156	86,000	124,200	2,102E+2	0,000E+0	1,728E+2	1,731E+2	0,000E+0	1,179E+0	1,171E+0	0,000E+0	2	0100
620,157	86,000	124,200	2,102E+2	0,000E+0	1,728E+2	1,731E+2	0,000E+0	1,179E+0	1,171E+0	0,000E+0	2	0100
621,157	85,700	124,400	2,101E+2	0,000E+0	1,728E+2	1,728E+2	0,000E+0	1,180E+0	1,173E+0	0,000E+0	2	0100
622,158	85,600	124,500	2,101E+2	0,000E+0	1,728E+2	1,730E+2	0,000E+0	1,177E+0	1,174E+0	0,000E+0	2	0100
623,157	85,600	124,500	2,101E+2	0,000E+0	1,728E+2	1,730E+2	0,000E+0	1,177E+0	1,174E+0	0,000E+0	2	0100
624,157	85,600	124,500	2,101E+2	0,000E+0	1,728E+2	1,730E+2	0,000E+0	1,177E+0	1,174E+0	0,000E+0	2	0100
625,157	85,600	124,500	2,101E+2	0,000E+0	1,728E+2	1,730E+2	0,000E+0	1,177E+0	1,174E+0	0,000E+0	2	0100
626,157	85,700	124,200	2,099E+2	0,000E+0	1,731E+2	1,729E+2	0,000E+0	1,179E+0	1,172E+0	0,000E+0	2	0100
627,158	85,700	124,200	2,099E+2	0,000E+0	1,731E+2	1,729E+2	0,000E+0	1,179E+0	1,172E+0	0,000E+0	2	0100
628,157	85,700	124,200	2,099E+2	0,000E+0	1,731E+2	1,729E+2	0,000E+0	1,179E+0	1,172E+0	0,000E+0	2	0100
629,158	85,300	124,500	2,098E+2	0,000E+0	1,729E+2	1,728E+2	0,000E+0	1,179E+0	1,176E+0	0,000E+0	2	0100
630,157	85,800	124,200	2,100E+2	0,000E+0	1,730E+2	1,728E+2	0,000E+0	1,180E+0	1,171E+0	0,000E+0	2	0100
631,157	85,600	124,700	2,103E+2	0,000E+0	1,730E+2	1,728E+2	0,000E+0	1,181E+0	1,176E+0	0,000E+0	3	0100
632,157	86,100	124,100	2,102E+2	0,000E+0	1,731E+2	1,729E+2	0,000E+0	1,181E+0	1,171E+0	0,000E+0	3	0100
633,157	85,700	124,500	2,102E+2	0,000E+0	1,729E+2	1,730E+2	0,000E+0	1,178E+0	1,174E+0	0,000E+0	3	0100
634,158	85,700	124,500	2,102E+2	0,000E+0	1,729E+2	1,730E+2	0,000E+0	1,178E+0	1,174E+0	0,000E+0	3	0100
635,157	85,700	124,500	2,102E+2	0,000E+0	1,729E+2	1,730E+2	0,000E+0	1,178E+0	1,174E+0	0,000E+0	3	0100
636,158	85,700	124,500	2,102E+2	0,000E+0	1,729E+2	1,730E+2	0,000E+0	1,178E+0	1,174E+0	0,000E+0	3	0100
637,157	85,700	124,500	2,102E+2	0,000E+0	1,729E+2	1,730E+2	0,000E+0	1,178E+0	1,174E+0	0,000E+0	3	0100
638,157	85,700	124,500	2,102E+2	0,000E+0	1,729E+2	1,730E+2	0,000E+0	1,178E+0	1,174E+0	0,000E+0	3	0100
639,157	85,300	124,600	2,099E+2	0,000E+0	1,727E+2	1,727E+2	0,000E+0	1,176E+0	1,176E+0	0,000E+0	3	0100
640,157	85,300	124,600	2,099E+2	0,000E+0	1,727E+2	1,727E+2	0,000E+0	1,176E+0	1,176E+0	0,000E+0	3	0100
641,158	85,800	124,100	2,099E+2	0,000E+0	1,729E+2	1,726E+2	0,000E+0	1,181E+0	1,171E+0	0,000E+0	3	0100
642,158	85,800	124,100	2,099E+2	0,000E+0	1,729E+2	1,726E+2	0,000E+0	1,181E+0	1,171E+0	0,000E+0	3	0100
643,159	85,800	124,100	2,099E+2	0,000E+0	1,729E+2	1,726E+2	0,000E+0	1,181E+0	1,171E+0	0,000E+0	3	0100
644,159	86,000	124,200	2,102E+2	0,000E+0	1,729E+2	1,728E+2	0,000E+0	1,179E+0	1,173E+0	0,000E+0	3	0100
645,159	86,000	124,200	2,102E+2	0,000E+0	1,729E+2	1,728E+2	0,000E+0	1,179E+0	1,173E+0	0,000E+0	3	0100
646,161	85,800	124,300	2,101E+2	0,000E+0	1,728E+2	1,728E+2	0,000E+0	1,180E+0	1,173E+0	0,000E+0	3	0100
647,161	85,400	124,500	2,099E+2	0,000E+0	1,730E+2	1,729E+2	0,000E+0	1,178E+0	1,172E+0	0,000E+0	4	0100
648,163	85,700	124,700	2,104E+2	0,000E+0	1,727E+2	1,728E+2	0,000E+0	1,177E+0	1,174E+0	0,000E+0	4	0100
649,163	85,600	124,200	2,098E+2	0,000E+0	1,730E+2	1,729E+2	0,000E+0	1,176E+0	1,171E+0	0,000E+0	4	0100
650,164	85,600	124,200	2,098E+2	0,000E+0	1,730E+2	1,729E+2	0,000E+0	1,176E+0	1,171E+0	0,000E+0	4	0100
651,165	85,600	124,200	2,098E+2	0,000E+0	1,730E+2	1,729E+2	0,000E+0	1,176E+0	1,171E+0	0,000E+0	4	0100
652,166	85,800	124,300	2,101E+2	0,000E+0	1,729E+2	1,730E+2	0,000E+0	1,180E+0	1,172E+0	0,000E+0	4	0100
653,167	85,800	124,300	2,101E+2	0,000E+0	1,729E+2	1,730E+2	0,000E+0	1,180E+0	1,172E+0	0,000E+0	4	0100
654,167	85,800	124,300	2,101E+2	0,000E+0	1,729E+2	1,730E+2	0,000E+0	1,180E+0	1,172E+0	0,000E+0	4	0100
655,168	85,800	124,300	2,101E+2	0,000E+0	1,729E+2	1,730E+2	0,000E+0	1,180E+0	1,172E+0	0,000E+0	4	0100
656,167	85,200	125,100	2,103E+2	0,000E+0	1,726E+2	1,730E+2	0,000E+0	1,177E+0	1,179E+0	0,000E+0	4	0100
657,168	85,200	125,100	2,103E+2	0,000E+0	1,726E+2	1,730E+2	0,000E+0	1,177E+0	1,179E+0	0,000E+0	4	0100
658,168	85,200	125,100	2,103E+2	0,000E+0	1,726E+2	1,730E+2	0,000E+0	1,177E+0	1,179E+0	0,000E+0	4	0100
659,168	85,600	124,500	2,101E+2	0,000E+0	1,728E+2	1,728E+2	0,000E+0	1,179E+0	1,173E+0	0,000E+0	4	0100
660,169	85,600	124,500	2,101E+2	0,000E+0	1,728E+2	1,728E+2	0,000E+0	1,179E+0	1,173E+0	0,000E+0	4	0100
661,169	85,300	124,700	2,100E+2	0,000E+0	1,726E+2	1,728E+2	0,000E+0	1,177E+0	1,176E+0	0,000E+0	4	0100
662,169	85,600	124,200	2,098E+2	0,000E+0	1,731E+2	1,726E+2	0,000E+0	1,181E+0	1,173E+0	0,000E+0	4	0100
663,169	86,000	124,200	2,102E+2	0,000E+0	1,730E+2	1,728E+2	0,000E+0	1,180E+0	1,172E+0	0,000E+0	5	0100
664,169	86,000	124,200	2,102E+2	0,000E+0	1,727E+2	1,727E+2	0,000E+0	1,179E+0	1,173E+0	0,000E+0	5	0100
665,169	85,900	124,100	2,100E+2	0,000E+0	1,728E+2	1,726E+2	0,000E+0	1,180E+0	1,173E+0	0,000E+0	5	0100
666,169	85,900	124,100	2,100E+2	0,000E+0	1,728E+2	1,726E+2	0,000E+0	1,180E+0	1,173E+0	0,000E+0	5	0100
667,170	85,900	124,100	2,100E+2	0,000E+0	1,728E+2	1,726E+2	0,000E+0	1,180E+0	1,173E+0	0,000E+0	5	0100
668,170	85,600	124,600	2,102E+2	0,000E+0	1,729E+2	1,728E+2	0,000E+0	1,179E+0	1,174E+0	0,000E+0	5	0100
669,170	85,600	124,600	2,102E+2	0,000E+0	1,729E+2	1,728E+2	0,000E+0	1,179E+0	1,174E+0	0,000E+0	5	0100
670,170	85,600	124,600	2,102E+2	0,000E+0	1,729E+2	1,728E+2	0,000E+0	1,179E+0	1,174E+0	0,000E+0	5	0100
671,170	85,800	124,700	2,105E+2	0,000E+0	1,727E+2	1,730E+2	0,000E+0	1,179E+0	1,176E+0	0,000E+0	5	0100
672,171	85,800	124,700	2,105E+2	0,000E+0	1,727E+2	1,730E+2	0,000E+0	1,179E+0	1,176E+0	0,000E+0	5	0100
673,172	85,800	124,700	2,105E+2	0,000E+0	1,727E+2	1,730E+2	0,000E+0	1,179E+0	1,176E+0	0,000E+0	5	0100
674,171	85,800	124,700	2,105E+2	0,000E+0	1,727E+2	1,730E+2	0,000E+0	1,179E+0	1,176E+0	0,000E+0	5	0100
675,172	86,000	124,000	2,100E+2	0,000E+0	1,727E+2	1,726E+2	0,000E+0	1,178E+0	1,173E+0	0,000E+0	5	0100
676,171	86,000	124,000	2,100E+2	0,000E+0	1,727E+2	1,726E+2	0,000E+0	1,178E+0	1,173E+0	0,000E+0	5	0100
677,172	86,100	124,100	2,102E+2	0,000E+0	1,732E+2	1,730E+2	0,000E+0	1,177E+0	1,172E+0	0,000E+0	5	0100
678,172	86,100	124,100	2,102E+2	0,000E+0	1,732E+2	1,730E+2	0,000E+0	1,177E+0	1,172E+0	0,000E+0	6	0100
679,172	85,500	124,300	2,098E+2	0,000E+0	1,729E+2	1,728E+2	0,000E+0	1,179E+0	1,173E+0	0,000E+0	6	0100
680,173	86,200	124,100	2,103E+2	0,000E+0	1,728E+2	1,729E+2	0,000E+0	1,180E+0	1,173E+0	0,000E+0	6	0100
681,172	85,600	124,300	2,099E+2	0,000E+0	1,729E+2	1,728E+2	0,000E+0	1,180E+0	1,173E+0	0,000E+0	6	0100
682,172	85,500	124,700	2,102E+2	0,000E+0	1,728E+2	1,728E+2	0,000E+0	1,181E+0	1,176E+0	0,000E+0	6	0100
683,172	85,700	124,800	2,105E+2	0,000E+0	1,730E+2	1,728E+2	0,000E+0	1,183E+0	1,176E+0	0,000E+0	6	0100
684,172	85,700	124,800	2,105E+2	0,000E+0	1,730E+2	1,728E+2	0,000E+0	1,183E+0	1,176E+0	0,000E+0	6	0100
685,173	85,700	124,800	2,105E+2	0,000E+0	1,730E+2	1,728E+2	0,000E+0	1,183E+0	1,176E+0	0,000E+0	6	0100
686,174	85,700	124,800	2,105E+2	0,000E+0	1,730E+2	1,728E+2	0,000E+0	1,183E+0	1,176E+0	0,000E+0	6	0100
687,175	85,700	124,800	2,105E+2	0,000E+0	1,730E+2	1,728E+2	0,000E+0	1,183E+0	1,176E+0	0,000E+0	6	0100
688,174	85,700	124,800	2,105E+2	0,000E+0	1,730E+2	1,728E+2	0,000E+0	1,183E+0	1,176E+0	0,000E+0	6	0100
689,174	85,700	124,800	2,105E+2	0,000E+0	1,730E+2	1,728E+2	0,000E+0	1,183E+0	1,176E+0	0,000E+0	6	0100
690,174	86,000	123,800	2,098E+2	0,000E+0	1,727E+2	1,726E+2	0,000E+0	1,179E+0	1,170E+0	0,000E+0	6	0100
691,174	85,400	124,500	2,099E+2	0,000E+0	1,727E+2	1,728E+2	0,000E+0	1,174E+0	1,173E+0	0,000E+0	6	0100
692,174	85,400	124,500	2,099E+2	0,000E+0	1,727E+2	1,728E+2	0,000E+0	1,174E+0	1,173E+0	0,000E+0	6	0100
693,175	85,400	124,500	2,099E+2	0,000E+0	1,727E+2	1,728E+2	0,000E+0	1,174E+0	1,173E+0	0,000E+0	6	0100
694,176	85,400	124,500	2,099E+2	0,000E+0	1,727E+2	1,728E+2	0,000E+0	1,174E+0	1,173E+0	0,000E+0	6	0100
695,175	85,400	124,400	2,098E+2	0,000E+0	1,725E+2	1,727E+2	0,000E+0	1,177E+0	1,173E+0	0,000E+0	6	0100
696,175	85,800	124,400	2,102E+2	0,000E+0	1,727E+2	1,727E+2	0,000E+0	1,181E+0	1,174E+0	0,000E+0	7	0100
697,175	85,600	124,400	2,100E+2	0,000E+0	1,727E+2	1,728E+2	0,000E+0	1,178E+0	1,174E+0	0,000E+0	7	0100
698,175	85,700	124,500	2,102E+2	0,000E+0	1,729E+2	1,729E+2	0,000E+0	1,179E+0	1,173E+0	0,000E+0	7	0100
699,176	85,500	124,400	2,099E+2	0,000E+0	1,729E+2	1,725E+2	0,000E+0	1,179E+0	1,175E+0	0,000E+0	7	0100
700,176	85,500	124,400	2,099E+2	0,000E+0	1,729E+2	1,725E+2	0,000E+0	1,179E+0	1,175E+0	0,000E+0	7	0100
701,177	85,500	124,400	2,099E+2	0,000E+0	1,729E+2	1,725E+2	0,000E+0	1,179E+0	1,175E+0	0,000E+0	7	0100
702,176	85,500	124,400	2,099E+2	0,000E+0	1,729E+2	1,725E+2	0,000E+0	1,179E+0	1,175E+0	0,000E+0	7	0100
703,176	85,500	124,400	2,099E+2	0,000E+0	1,729E+2	1,725E+2	0,000E+0	1,179E+0	1,175E+0	0,000E+0	7	0100
704,176	86,200	123,900	2,101E+2	0,000E+0	1,729E+2	1,727E+2	0,000E+0	1,179E+0	1,171E+0	0,000E+0	7	0100
705,176	86,200	123,900	2,101E+2	0,000E+0	1,729E+2	1,727E+2	0,000E+0	1,179E+0	1,171E+0	0,000E+0	7	0100
706,177	86,200	123,900	2,101E+2	0,000E+0	1,729E+2	1,727E+2	0,000E+0	1,179E+0	1,171E+0	0,000E+0	7	0100
707,176	85,500	124,600	2,101E+2	0,000E+0	1,728E+2	1,729E+2	0,000E+0	1,178E+0	1,174E+0	0,000E+0	7	0100
708,177	85,500	124,600	2,101E+2	0,000E+0	1,728E+2	1,729E+2	0,000E+0	1,178E+0	1,174E+0	0,000E+0	7	0100
709,176	85,700	124,500	2,102E+2	0,000E+0	1,727E+2	1,726E+2	0,000E+0	1,179E+0	1,173E+0	0,000E+0	7	0100
710,176	85,700	124,500	2,102E+2	0,000E+0	1,727E+2	1,726E+2	0,000E+0	1,179E+0	1,173E+0	0,000E+0	7	0100
711,176	85,800	124,200	2,100E+2	0,000E+0	1,727E+2	1,727E+2	0,000E+0	1,180E+0	1,173E+0	0,000E+0	7	0100
712,177	85,600	124,400	2,100E+2	0,000E+0	1,728E+2	1,730E+2	0,000E+0	1,180E+0	1,174E+0	0,000E+0	7	0100
713,178	85,800	124,400	2,102E+2	0,000E+0	1,725E+2	1,726E+2	0,000E+0	1,179E+0	1,175E+0	0,000E+0	7	0101
714,177	85,500	124,400	2,099E+2	0,000E+0	1,728E+2	1,726E+2	0,000E+0	1,180E+0	1,175E+0	0,000E+0	7	0101
715,177	85,600	124,600	2,102E+2	0,000E+0	1,728E+2	1,730E+2	0,000E+0	1,178E+0	1,175E+0	0,000E+0	7	0101
716,177	85,600	124,600	2,102E+2	0,000E+0	1,728E+2	1,730E+2	0,000E+0	1,178E+0	1,175E+0	0,000E+0	7	0101
717,177	85,800	124,200	2,100E+2	0,000E+0	1,729E+2	1,729E+2	0,000E+0	1,180E+0	1,174E+0	0,000E+0	7	0101
718,178	85,900	124,500	2,104E+2	0,000E+0	1,731E+2	1,727E+2	0,000E+0	1,180E+0	1,175E+0	0,000E+0	7	0101
719,177	85,600	124,400	2,100E+2	0,000E+0	1,728E+2	1,730E+2	0,000E+0	1,178E+0	1,173E+0	0,000E+0	7	0101
720,179	86,300	124,000	2,103E+2	0,000E+0	1,729E+2	1,728E+2	0,000E+0	1,181E+0	1,172E+0	0,000E+0	7	0101
721,179	85,800	124,100	2,099E+2	0,000E+0	1,729E+2	1,726E+2	0,000E+0	1,181E+0	1,173E+0	0,000E+0	7	0101
722,179	85,600	124,600	2,102E+2	0,000E+0	1,730E+2	1,730E+2	0,000E+0	1,181E+0	1,174E+0	0,000E+0	7	0101
723,180	85,600	124,600	2,102E+2	0,000E+0	1,730E+2	1,730E+2	0,000E+0	1,181E+0	1,174E+0	0,000E+0	7	0101
724,179	85,500	124,500	2,100E+2	0,000E+0	1,729E+2	1,730E+2	0,000E+0	1,178E+0	1,173E+0	0,000E+0	7	0101
725,179	85,500	124,500	2,100E+2	0,000E+0	1,729E+2	1,730E+2	0,000E+0	1,178E+0	1,173E+0	0,000E+0	7	0101
726,180	85,700	124,400	2,101E+2	0,000E+0	1,727E+2	1,729E+2	0,000E+0	1,181E+0	1,172E+0	0,000E+0	7	0101
727,180	85,700	124,400	2,101E+2	0,000E+0	1,727E+2	1,729E+2	0,000E+0	1,181E+0	1,172E+0	0,000E+0	7	0101
728,182	85,700	124,400	2,101E+2	0,000E+0	1,727E+2	1,729E+2	0,000E+0	1,181E+0	1,172E+0	0,000E+0	7	0101
729,181	85,500	124,000	2,095E+2	0,000E+0	1,730E+2	1,729E+2	0,000E+0	1,180E+0	1,171E+0	0,000E+0	7	0101
730,183	85,500	124,000	2,095E+2	0,000E+0	1,730E+2	1,729E+2	0,000E+0	1,180E+0	1,171E+0	0,000E+0	7	0101
731,183	85,500	124,000	2,095E+2	0,000E+0	1,730E+2	1,729E+2	0,000E+0	1,180E+0	1,171E+0	0,000E+0	7	0101
732,182	85,500	124,000	2,095E+2	0,000E+0	1,730E+2	1,729E+2	0,000E+0	1,180E+0	1,171E+0	0,000E+0	7	0101
733,183	85,700	124,200	2,099E+2	0,000E+0	1,731E+2	1,729E+2	0,000E+0	1,179E+0	1,172E+0	0,000E+0	7	0101
734,182	85,700	124,200	2,099E+2	0,000E+0	1,731E+2	1,729E+2	0,000E+0	1,179E+0	1,172E+0	0,000E+0	7	0101
735,183	86,000	124,300	2,103E+2	0,000E+0	1,728E+2	1,728E+2	0,000E+0	1,178E+0	1,174E+0	0,000E+0	7	0101
736,184	86,000	124,300	2,103E+2	0,000E+0	1,728E+2	1,728E+2	0,000E+0	1,178E+0	1,174E+0	0,000E+0	7	0101
737,185	85,300	124,600	2,099E+2	0,000E+0	1,726E+2	1,731E+2	0,000E+0	1,176E+0	1,175E+0	0,000E+0	7	0101
738,186	85,700	124,700	2,104E+2	0,000E+0	1,729E+2	1,731E+2	0,000E+0	1,182E+0	1,175E+0	0,000E+0	7	0101
739,185	85,900	124,300	2,102E+2	0,000E+0	1,730E+2	1,727E+2	0,000E+0	1,179E+0	1,174E+0	0,000E+0	7	0101
740,186	85,200	124,500	2,097E+2	0,000E+0	1,728E+2	1,730E+2	0,000E+0	1,178E+0	1,174E+0	0,000E+0	7	0101
741,185	86,200	124,000	2,102E+2	0,000E+0	1,730E+2	1,728E+2	0,000E+0	1,183E+0	1,173E+0	0,000E+0	7	0101
742,185	85,500	124,500	2,100E+2	0,000E+0	1,727E+2	1,728E+2	0,000E+0	1,179E+0	1,174E+0	0,000E+0	6	0101
743,185	85,500	124,500	2,100E+2	0,000E+0	1,727E+2	1,728E+2	0,000E+0	1,179E+0	1,174E+0	0,000E+0	6	0101
744,186	85,500	124,300	2,098E+2	0,000E+0	1,727E+2	1,728E+2	0,000E+0	1,179E+0	1,174E+0	0,000E+0	6	0101
745,187	85,500	124,400	2,099E+2	0,000E+0	1,729E+2	1,729E+2	0,000E+0	1,179E+0	1,174E+0	0,000E+0	6	0101
746,186	85,500	124,400	2,099E+2	0,000E+0	1,729E+2	1,729E+2	0,000E+0	1,179E+0	1,174E+0	0,000E+0	6	0101
747,186	85,500	124,400	2,099E+2	0,000E+0	1,729E+2	1,729E+2	0,000E+0	1,179E+0	1,174E+0	0,000E+0	6	0101
748,186	85,500	124,400	2,099E+2	0,000E+0	1,729E+2	1,729E+2	0,000E+0	1,179E+0	1,174E+0	0,000E+0	6	0101
749,186	85,500	124,400	2,099E+2	0,000E+0	1,729E+2	1,729E+2	0,000E+0	1,179E+0	1,174E+0	0,000E+0	6	0101
750,186	85,700	124,700	2,104E+2	0,000E+0	1,730E+2	1,729E+2	0,000E+0	1,179E+0	1,176E+0	0,000E+0	6	0101
751,186	85,700	124,700	2,104E+2	0,000E+0	1,730E+2	1,729E+2	0,000E+0	1,179E+0	1,176E+0	0,000E+0	6	0101
752,187	85,700	124,700	2,104E+2	0,000E+0	1,730E+2	1,729E+2	0,000E+0	1,179E+0	1,176E+0	0,000E+0	6	0101
753,186	86,200	123,900	2,101E+2	0,000E+0	1,728E+2	1,726E+2	0,000E+0	1,180E+0	1,171E+0	0,000E+0	6	0101
754,187	86,200	123,900	2,101E+2	0,000E+0	1,728E+2	1,726E+2	0,000E+0	1,180E+0	1,171E+0	0,000E+0	6	0101
755,186	85,500	124,400	2,099E+2	0,000E+0	1,728E+2	1,726E+2	0,000E+0	1,182E+0	1,176E+0	0,000E+0	6	0101
756,186	85,500	124,400	2,099E+2	0,000E+0	1,728E+2	1,726E+2	0,000E+0	1,182E+0	1,176E+0	0,000E+0	6	0101
757,187	85,600	124,500	2,101E+2	0,000E+0	1,727E+2	1,730E+2	0,000E+0	1,180E+0	1,174E+0	0,000E+0	5	0101
758,187	85,900	124,100	2,100E+2	0,000E+0	1,728E+2	1,727E+2	0,000E+0	1,181E+0	1,172E+0	0,000E+0	5	0101
759,188	85,900	124,200	2,101E+2	0,000E+0	1,728E+2	1,728E+2	0,000E+0	1,179E+0	1,174E+0	0,000E+0	5	0101
760,187	85,500	124,400	2,099E+2	0,000E+0	1,726E+2	1,729E+2	0,000E+0	1,178E+0	1,173E+0	0,000E+0	5	0101
761,189	85,500	124,400	2,099E+2	0,000E+0	1,726E+2	1,729E+2	0,000E+0	1,178E+0	1,173E+0	0,000E+0	5	0101
762,188	85,500	124,400	2,099E+2	0,000E+0	1,726E+2	1,729E+2	0,000E+0	1,178E+0	1,173E+0	0,000E+0	5	0101
763,188	85,500	124,400	2,099E+2	0,000E+0	1,726E+2	1,729E+2	0,000E+0	1,178E+0	1,173E+0	0,000E+0	5	0101
764,189	85,500	124,400	2,099E+2	0,000E+0	1,726E+2	1,729E+2	0,000E+0	1,178E+0	1,173E+0	0,000E+0	5	0101
765,190	86,100	124,100	2,102E+2	0,000E+0	1,728E+2	1,726E+2	0,000E+0	1,182E+0	1,174E+0	0,000E+0	5	0101
766,191	86,100	124,100	2,102E+2	0,000E+0	1,728E+2	1,726E+2	0,000E+0	1,182E+0	1,174E+0	0,000E+0	5	0101
767,190	86,100	124,100	2,102E+2	0,000E+0	1,728E+2	1,726E+2	0,000E+0	1,182E+0	1,174E+0	0,000E+0	5	0101
768,191	85,700	124,700	2,104E+2	0,000E+0	1,731E+2	1,727E+2	0,000E+0	1,183E+0	1,177E+0	0,000E+0	5	0101
769,190	85,700	124,700	2,104E+2	0,000E+0	1,731E+2	1,727E+2	0,000E+0	1,183E+0	1,177E+0	0,000E+0	5	0101
770,191	86,100	124,100	2,102E+2	0,000E+0	1,729E+2	1,728E+2	0,000E+0	1,179E+0	1,174E+0	0,000E+0	5	0101
771,191	86,100	124,100	2,102E+2	0,000E+0	1,729E+2	1,728E+2	0,000E+0	1,179E+0	1,174E+0	0,000E+0	5	0101
772,191	85,300	124,600	2,099E+2	0,000E+0	1,731E+2	1,730E+2	0,000E+0	1,176E+0	1,174E+0	0,000E+0	5	0101
773,192	85,300	124,800	2,101E+2	0,000E+0	1,728E+2	1,729E+2	0,000E+0	1,179E+0	1,177E+0	0,000E+0	4	0101
774,192	85,300	124,800	2,101E+2	0,000E+0	1,728E+2	1,729E+2	0,000E+0	1,179E+0	1,177E+0	0,000E+0	4	0101
775,191	85,800	124,500	2,103E+2	0,000E+0	1,729E+2	1,731E+2	0,000E+0	1,179E+0	1,173E+0	0,000E+0	4	0101
776,192	85,800	124,500	2,103E+2	0,000E+0	1,729E+2	1,731E+2	0,000E+0	1,179E+0	1,173E+0	0,000E+0	4	0101
777,193	85,800	124,500	2,103E+2	0,000E+0	1,729E+2	1,731E+2	0,000E+0	1,179E+0	1,173E+0	0,000E+0	4	0101
778,193	85,800	124,500	2,103E+2	0,000E+0	1,729E+2	1,731E+2	0,000E+0	1,179E+0	1,173E+0	0,000E+0	4	0101
779,194	85,800	124,500	2,103E+2	0,000E+0	1,729E+2	1,731E+2	0,000E+0	1,179E+0	1,173E+0	0,000E+0	4	0101
780,195	85,800	124,500	2,103E+2	0,000E+0	1,729E+2	1,731E+2	0,000E+0	1,179E+0	1,173E+0	0,000E+0	4	0101
781,195	85,600	124,200	2,098E+2	0,000E+0	1,731E+2	1,729E+2	0,000E+0	1,178E+0	1,174E+0	0,000E+0	4	0101
782,195	85,600	124,200	2,098E+2	0,000E+0	1,731E+2	1,729E+2	0,000E+0	1,178E+0	1,174E+0	0,000E+0	4	0101
783,197	85,600	124,200	2,098E+2	0,000E+0	1,731E+2	1,729E+2	0,000E+0	1,178E+0	1,174E+0	0,000E+0	4	0101
784,196	85,500	124,300	2,098E+2	0,000E+0	1,727E+2	1,728E+2	0,000E+0	1,177E+0	1,173E+0	0,000E+0	4	0101
785,196	85,500	124,300	2,098E+2	0,000E+0	1,727E+2	1,728E+2	0,000E+0	1,177E+0	1,173E+0	0,000E+0	4	0101
786,197	85,500	124,300	2,098E+2	0,000E+0	1,727E+2	1,730E+2	0,000E+0	1,179E+0	1,175E+0	0,000E+0	4	0101
787,196	85,500	124,300	2,098E+2	0,000E+0	1,727E+2	1,730E+2	0,000E+0	1,179E+0	1,175E+0	0,000E+0	4	0101
788,197	85,700	124,700	2,104E+2	0,000E+0	1,729E+2	1,730E+2	0,000E+0	1,177E+0	1,176E+0	0,000E+0	3	0101
789,197	85,800	124,000	2,098E+2	0,000E+0	1,730E+2	1,730E+2	0,000E+0	1,181E+0	1,171E+0	0,000E+0	3	0101
790,197	85,800	124,000	2,098E+2	0,000E+0	1,730E+2	1,730E+2	0,000E+0	1,181E+0	1,171E+0	0,000E+0	3	0101
791,199	85,600	124,400	2,100E+2	0,000E+0	1,731E+2	1,730E+2	0,000E+0	1,180E+0	1,174E+0	0,000E+0	3	0101
792,199	85,800	124,300	2,101E+2	0,000E+0	1,731E+2	1,730E+2	0,000E+0	1,182E+0	1,173E+0	0,000E+0	3	0101
793,200	85,800	124,300	2,101E+2	0,000E+0	1,731E+2	1,730E+2	0,000E+0	1,182E+0	1,173E+0	0,000E+0	3	0101
794,199	85,800	124,300	2,101E+2	0,000E+0	1,731E+2	1,730E+2	0,000E+0	1,182E+0	1,173E+0	0,000E+0	3	0101
795,200	85,800	124,300	2,101E+2	0,000E+0	1,731E+2	1,730E+2	0,000E+0	1,182E+0	1,173E+0	0,000E+0	3	0101
796,202	85,800	124,500	2,103E+2	0,000E+0	1,731E+2	1,727E+2	0,000E+0	1,183E+0	1,176E+0	0,000E+0	3	0101
797,202	85,800	124,500	2,103E+2	0,000E+0	1,731E+2	1,727E+2	0,000E+0	1,183E+0	1,176E+0	0,000E+0	3	0101
798,203	85,800	124,500	2,103E+2	0,000E+0	1,731E+2	1,727E+2	0,000E+0	1,183E+0	1,176E+0	0,000E+0	3	0101
799,203	85,800	124,000	2,098E+2	0,000E+0	1,729E+2	1,729E+2	0,000E+0	1,180E+0	1,172E+0	0,000E+0	3	0101
800,203	85,800	124,000	2,098E+2	0,000E+0	1,729E+2	1,729E+2	0,000E+0	1,180E+0	1,172E+0	0,000E+0	3	0101
801,204	85,500	124,300	2,098E+2	0,000E+0	1,728E+2	1,729E+2	0,000E+0	1,179E+0	1,175E+0	0,000E+0	3	0101
802,205	85,500	124,300	2,098E+2	0,000E+0	1,728E+2	1,729E+2	0,000E+0	1,179E+0	1,175E+0	0,000E+0	3	0101
803,206	85,600	124,800	2,104E+2	0,000E+0	1,731E+2	1,730E+2	0,000E+0	1,182E+0	1,179E+0	0,000E+0	3	0101
804,206	85,900	124,400	2,103E+2	0,000E+0	1,732E+2	1,730E+2	0,000E+0	1,182E+0	1,175E+0	0,000E+0	2	0101
805,207	85,900	124,400	2,103E+2	0,000E+0	1,732E+2	1,730E+2	0,000E+0	1,182E+0	1,175E+0	0,000E+0	2	0101
806,208	85,700	124,300	2,100E+2	0,000E+0	1,728E+2	1,730E+2	0,000E+0	1,179E+0	1,173E+0	0,000E+0	2	0101
807,208	85,700	124,300	2,100E+2	0,000E+0	1,728E+2	1,730E+2	0,000E+0	1,179E+0	1,173E+0	0,000E+0	2	0101
808,209	85,700	124,300	2,100E+2	0,000E+0	1,728E+2	1,730E+2	0,000E+0	1,179E+0	1,173E+0	0,000E+0	2	0101
809,208	85,700	124,300	2,100E+2	0,000E+0	1,728E+2	1,730E+2	0,000E+0	1,179E+0	1,173E+0	0,000E+0	2	0101
810,208	85,700	124,300	2,100E+2	0,000E+0	1,728E+2	1,730E+2	0,000E+0	1,179E+0	1,173E+0	0,000E+0	2	0101
811,209	85,500	124,800	2,103E+2	0,000E+0	1,731E+2	1,731E+2	0,000E+0	1,181E+0	1,177E+0	0,000E+0	2	0101
812,210	85,500	124,800	2,103E+2	0,000E+0	1,731E+2	1,731E+2	0,000E+0	1,181E+0	1,177E+0	0,000E+0	2	0101
813,209	85,500	124,800	2,103E+2	0,000E+0	1,731E+2	1,731E+2	0,000E+0	1,181E+0	1,177E+0	0,000E+0	2	0101
814,209	85,500	124,800	2,103E+2	0,000E+0	1,731E+2	1,731E+2	0,000E+0	1,181E+0	1,177E+0	0,000E+0	2	0101
815,210	85,800	124,500	2,103E+2	0,000E+0	1,728E+2	1,728E+2	0,000E+0	1,182E+0	1,176E+0	0,000E+0	2	0101
816,210	85,800	124,500	2,103E+2	0,000E+0	1,728E+2	1,728E+2	0,000E+0	1,182E+0	1,176E+0	0,000E+0	2	0101
817,212	85,500	124,700	2,102E+2	0,000E+0	1,731E+2	1,730E+2	0,000E+0	1,182E+0	1,177E+0	0,000E+0	2	0101
818,211	85,500	124,700	2,102E+2	0,000E+0	1,731E+2	1,730E+2	0,000E+0	1,182E+0	1,177E+0	0,000E+0	2	0101
819,212	85,600	124,400	2,100E+2	0,000E+0	1,731E+2	1,731E+2	0,000E+0	1,178E+0	1,175E+0	0,000E+0	1	0101
820,211	85,700	124,400	2,101E+2	0,000E+0	1,727E+2	1,729E+2	0,000E+0	1,181E+0	1,174E+0	0,000E+0	1	0101
821,212	85,500	124,700	2,102E+2	0,000E+0	1,728E+2	1,730E+2	0,000E+0	1,178E+0	1,176E+0	0,000E+0	1	0101
822,212	85,500	124,700	2,102E+2	0,000E+0	1,728E+2	1,730E+2	0,000E+0	1,178E+0	1,176E+0	0,000E+0	1	0101
823,213	85,500	124,700	2,102E+2	0,000E+0	1,728E+2	1,730E+2	0,000E+0	1,178E+0	1,176E+0	0,000E+0	1	0101
824,214	85,500	124,700	2,102E+2	0,000E+0	1,728E+2	1,730E+2	0,000E+0	1,178E+0	1,176E+0	0,000E+0	1	0101
825,214	85,500	124,700	2,102E+2	0,000E+0	1,728E+2	1,730E+2	0,000E+0	1,178E+0	1,176E+0	0,000E+0	1	0101
826,214	85,700	124,200	2,099E+2	0,000E+0	1,729E+2	1,727E+2	0,000E+0	1,183E+0	1,173E+0	0,000E+0	1	0101
827,215	85,700	124,200	2,099E+2	0,000E+0	1,729E+2	1,727E+2	0,000E+0	1,183E+0	1,173E+0	0,000E+0	1	0101
828,215	85,700	124,200	2,099E+2	0,000E+0	1,729E+2	1,727E+2	0,000E+0	1,183E+0	1,173E+0	0,000E+0	1	0101
829,215	85,700	124,200	2,099E+2	0,000E+0	1,729E+2	1,727E+2	0,000E+0	1,183E+0	1,173E+0	0,000E+0	1	0101
830,215	85,400	124,700	2,101E+2	0,000E+0	1,728E+2	1,727E+2	0,000E+0	1,178E+0	1,178E+0	0,000E+0	1	0101
831,217	85,500	124,400	2,099E+2	0,000E+0	1,726E+2	1,728E+2	0,000E+0	1,180E+0	1,176E+0	0,000E+0	1	0101
832,216	85,500	124,400	2,099E+2	0,000E+0	1,726E+2	1,728E+2	0,000E+0	1,180E+0	1,176E+0	0,000E+0	1	0101
833,217	85,200	124,700	2,099E+2	0,000E+0	1,728E+2	1,729E+2	0,000E+0	1,182E+0	1,177E+0	0,000E+0	1	0101
834,216	85,800	124,200	2,100E+2	0,000E+0	1,728E+2	1,726E+2	0,000E+0	1,179E+0	1,175E+0	0,000E+0	0	0101
835,216	85,800	124,300	2,101E+2	0,000E+0	1,725E+2	1,725E+2	0,000E+0	1,181E+0	1,176E+0	0,000E+0	0	0101
836,216	86,000	124,600	2,106E+2	0,000E+0	1,727E+2	1,725E+2	0,000E+0	1,185E+0	1,177E+0	0,000E+0	0	0101
837,216	84,900	124,600	2,095E+2	0,000E+0	1,725E+2	1,727E+2	0,000E+0	1,175E+0	1,175E+0	0,000E+0	0	0101
838,217	84,900	124,600	2,095E+2	0,000E+0	1,725E+2	1,727E+2	0,000E+0	1,175E+0	1,175E+0	0,000E+0	0	0101
839,216	84,900	124,600	2,095E+2	0,000E+0	1,725E+2	1,727E+2	0,000E+0	1,175E+0	1,175E+0	0,000E+0	0	0101
840,217	84,900	124,600	2,095E+2	0,000E+0	1,725E+2	1,727E+2	0,000E+0	1,175E+0	1,175E+0	0,000E+0	0	0101
841,216	85,200	124,500	2,097E+2	0,000E+0	1,725E+2	1,725E+2	0,000E+0	1,180E+0	1,175E+0	0,000E+0	0	0101
842,216	85,200	124,500	2,097E+2	0,000E+0	1,725E+2	1,725E+2	0,000E+0	1,180E+0	1,175E+0	0,000E+0	0	0101
843,217	85,200	124,500	2,097E+2	0,000E+0	1,725E+2	1,725E+2	0,000E+0	1,180E+0	1,175E+0	0,000E+0	0	0101
844,217	85,200	124,500	2,097E+2	0,000E+0	1,725E+2	1,725E+2	0,000E+0	1,180E+0	1,175E+0	0,000E+0	0	0101
845,218	85,700	124,500	2,102E+2	0,000E+0	1,722E+2	1,723E+2	0,000E+0	1,181E+0	1,178E+0	0,000E+0	0	0101
846,217	85,700	124,500	2,102E+2	0,000E+0	1,722E+2	1,723E+2	0,000E+0	1,181E+0	1,178E+0	0,000E+0	0	0101
847,217	85,900	124,500	2,104E+2	0,000E+0	1,727E+2	1,725E+2	0,000E+0	1,184E+0	1,175E+0	0,000E+0	0	0101
848,217	86,300	124,200	2,105E+2	0,000E+0	1,724E+2	1,721E+2	0,000E+0	1,185E+0	1,177E+0	0,000E+0	0	0101
849,217	85,800	124,300	2,101E+2	0,000E+0	1,724E+2	1,721E+2	0,000E+0	1,184E+0	1,176E+0	0,000E+0	0	0101
850,218	85,600	124,400	2,100E+2	0,000E+0	1,724E+2	1,723E+2	0,000E+0	1,183E+0	1,176E+0	0,000E+0	0	0101
851,217	85,700	124,600	2,103E+2	0,000E+0	1,724E+2	1,725E+2	0,000E+0	1,182E+0	1,176E+0	0,000E+0	0	0110
852,218	85,700	124,400	2,101E+2	0,000E+0	1,723E+2	1,725E+2	0,000E+0	1,179E+0	1,176E+0	0,000E+0	0	0110
853,217	85,600	124,400	2,100E+2	0,000E+0	1,725E+2	1,723E+2	0,000E+0	1,181E+0	1,175E+0	0,000E+0	0	0110
854,217	86,200	124,200	2,104E+2	0,000E+0	1,726E+2	1,725E+2	0,000E+0	1,182E+0	1,173E+0	0,000E+0	0	0110
855,218	86,200	124,200	2,104E+2	0,000E+0	1,726E+2	1,725E+2	0,000E+0	1,182E+0	1,173E+0	0,000E+0	0	0110
856,218	86,000	124,000	2,100E+2	0,000E+0	1,724E+2	1,721E+2	0,000E+0	1,181E+0	1,173E+0	0,000E+0	0	0110
857,219	85,900	124,600	2,105E+2	0,000E+0	1,726E+2	1,724E+2	0,000E+0	1,183E+0	1,176E+0	0,000E+0	0	0110
858,219	85,400	124,100	2,095E+2	0,000E+0	1,723E+2	1,723E+2	0,000E+0	1,179E+0	1,174E+0	0,000E+0	0	0110
859,219	85,400	124,100	2,095E+2	0,000E+0	1,723E+2	1,723E+2	0,000E+0	1,179E+0	1,174E+0	0,000E+0	0	0110
860,219	85,700	124,200	2,099E+2	0,000E+0	1,724E+2	1,723E+2	0,000E+0	1,179E+0	1,174E+0	0,000E+0	0	0110
861,220	85,700	124,800	2,105E+2	0,000E+0	1,724E+2	1,723E+2	0,000E+0	1,183E+0	1,178E+0	0,000E+0	0	0110
862,221	85,700	124,800	2,105E+2	0,000E+0	1,724E+2	1,723E+2	0,000E+0	1,183E+0	1,178E+0	0,000E+0	0	0110
863,221	85,700	124,800	2,105E+2	0,000E+0	1,724E+2	1,723E+2	0,000E+0	1,183E+0	1,178E+0	0,000E+0	0	0110
864,221	86,200	123,800	2,100E+2	0,000E+0	1,727E+2	1,722E+2	0,000E+0	1,184E+0	1,174E+0	0,000E+0	0	0110
865,222	86,200	123,800	2,100E+2	0,000E+0	1,727E+2	1,722E+2	0,000E+0	1,184E+0	1,174E+0	0,000E+0	0	0110
866,222	86,200	123,800	2,100E+2	0,000E+0	1,727E+2	1,722E+2	0,000E+0	1,184E+0	1,174E+0	0,000E+0	0	0110
867,222	86,200	123,800	2,100E+2	0,000E+0	1,727E+2	1,722E+2	0,000E+0	1,184E+0	1,174E+0	0,000E+0	0	0110
868,222	85,600	124,300	2,099E+2	0,000E+0	1,724E+2	1,725E+2	0,000E+0	1,182E+0	1,175E+0	0,000E+0	0	0110
869,222	85,600	124,300	2,099E+2	0,000E+0	1,724E+2	1,725E+2	0,000E+0	1,182E+0	1,175E+0	0,000E+0	0	0110
870,223	85,600	124,300	2,099E+2	0,000E+0	1,724E+2	1,725E+2	0,000E+0	1,182E+0	1,175E+0	0,000E+0	0	0110
871,222	85,400	124,700	2,101E+2	0,000E+0	1,724E+2	1,724E+2	0,000E+0	1,181E+0	1,178E+0	0,000E+0	0	0110
872,224	85,400	124,700	2,101E+2	0,000E+0	1,724E+2	1,724E+2	0,000E+0	1,181E+0	1,178E+0	0,000E+0	0	0110
873,223	85,800	124,500	2,103E+2	0,000E+0	1,722E+2	1,724E+2	0,000E+0	1,183E+0	1,177E+0	0,000E+0	0	0110
874,223	86,000	124,100	2,101E+2	0,000E+0	1,722E+2	1,724E+2	0,000E+0	1,181E+0	1,171E+0	0,000E+0	0	0110
875,223	85,200	124,600	2,098E+2	0,000E+0	1,722E+2	1,724E+2	0,000E+0	1,180E+0	1,176E+0	0,000E+0	1	0110
876,224	85,200	124,600	2,098E+2	0,000E+0	1,722E+2	1,724E+2	0,000E+0	1,180E+0	1,176E+0	0,000E+0	1	0110
877,226	85,300	125,000	2,103E+2	0,000E+0	1,727E+2	1,730E+2	0,000E+0	1,179E+0	1,178E+0	0,000E+0	1	0110
878,225	85,400	124,400	2,098E+2	0,000E+0	1,729E+2	1,729E+2	0,000E+0	1,181E+0	1,175E+0	0,000E+0	1	0110
879,227	85,400	124,400	2,098E+2	0,000E+0	1,729E+2	1,729E+2	0,000E+0	1,181E+0	1,175E+0	0,000E+0	1	0110
880,226	85,400	124,400	2,098E+2	0,000E+0	1,729E+2	1,729E+2	0,000E+0	1,181E+0	1,175E+0	0,000E+0	1	0110
881,227	85,400	124,400	2,098E+2	0,000E+0	1,729E+2	1,729E+2	0,000E+0	1,181E+0	1,175E+0	0,000E+0	1	0110
882,227	85,900	124,200	2,101E+2	0,000E+0	1,728E+2	1,727E+2	0,000E+0	1,184E+0	1,175E+0	0,000E+0	1	0110
883,228	85,900	124,200	2,101E+2	0,000E+0	1,728E+2	1,727E+2	0,000E+0	1,184E+0	1,175E+0	0,000E+0	1	0110
884,229	85,900	124,200	2,101E+2	0,000E+0	1,728E+2	1,727E+2	0,000E+0	1,184E+0	1,175E+0	0,000E+0	1	0110
885,228	85,900	124,200	2,101E+2	0,000E+0	1,728E+2	1,727E+2	0,000E+0	1,184E+0	1,175E+0	0,000E+0	1	0110
886,229	86,100	124,500	2,106E+2	0,000E+0	1,728E+2	1,727E+2	0,000E+0	1,184E+0	1,176E+0	0,000E+0	1	0110
887,229	86,100	124,500	2,106E+2	0,000E+0	1,728E+2	1,727E+2	0,000E+0	1,184E+0	1,176E+0	0,000E+0	1	0110
888,229	85,800	124,300	2,101E+2	0,000E+0	1,728E+2	1,727E+2	0,000E+0	1,183E+0	1,175E+0	0,000E+0	1	0110
889,229	85,800	124,300	2,101E+2	0,000E+0	1,728E+2	1,727E+2	0,000E+0	1,183E+0	1,175E+0	0,000E+0	1	0110
890,229	85,500	124,300	2,098E+2	0,000E+0	1,727E+2	1,726E+2	0,000E+0	1,180E+0	1,175E+0	0,000E+0	1	0110
891,230	85,800	124,300	2,101E+2	0,000E+0	1,729E+2	1,728E+2	0,000E+0	1,185E+0	1,175E+0	0,000E+0	2	0110
892,229	85,200	124,900	2,101E+2	0,000E+0	1,726E+2	1,729E+2	0,000E+0	1,178E+0	1,179E+0	0,000E+0	2	0110
893,229	85,600	124,500	2,101E+2	0,000E+0	1,730E+2	1,729E+2	0,000E+0	1,182E+0	1,176E+0	0,000E+0	2	0110
894,229	85,600	124,500	2,101E+2	0,000E+0	1,730E+2	1,729E+2	0,000E+0	1,182E+0	1,176E+0	0,000E+0	2	0110
895,229	85,600	124,500	2,101E+2	0,000E+0	1,730E+2	1,729E+2	0,000E+0	1,182E+0	1,176E+0	0,000E+0	2	0110
896,230	85,600	124,500	2,101E+2	0,000E+0	1,730E+2	1,729E+2	0,000E+0	1,182E+0	1,176E+0	0,000E+0	2	0110
897,229	85,600	124,500	2,101E+2	0,000E+0	1,730E+2	1,729E+2	0,000E+0	1,182E+0	1,176E+0	0,000E+0	2	0110
898,230	85,600	125,000	2,106E+2	0,000E+0	1,730E+2	1,731E+2	0,000E+0	1,181E+0	1,180E+0	0,000E+0	2	0110
899,229	85,600	125,000	2,106E+2	0,000E+0	1,730E+2	1,731E+2	0,000E+0	1,181E+0	1,180E+0	0,000E+0	2	0110
900,229	85,600	125,000	2,106E+2	0,000E+0	1,730E+2	1,731E+2	0,000E+0	1,181E+0	1,180E+0	0,000E+0	2	0110
901,229	85,600	125,000	2,106E+2	0,000E+0	1,730E+2	1,731E+2	0,000E+0	1,181E+0	1,180E+0	0,000E+0	2	0110
902,229	85,500	124,900	2,104E+2	0,000E+0	1,728E+2	1,731E+2	0,000E+0	1,180E+0	1,179E+0	0,000E+0	2	0110
903,230	85,500	124,500	2,100E+2	0,000E+0	1,729E+2	1,731E+2	0,000E+0	1,178E+0	1,176E+0	0,000E+0	2	0110
904,229	85,500	124,500	2,100E+2	0,000E+0	1,729E+2	1,731E+2	0,000E+0	1,178E+0	1,176E+0	0,000E+0	2	0110
905,230	86,000	124,300	2,103E+2	0,000E+0	1,731E+2	1,733E+2	0,000E+0	1,179E+0	1,174E+0	0,000E+0	2	0110
906,229	85,400	124,400	2,098E+2	0,000E+0	1,730E+2	1,732E+2	0,000E+0	1,178E+0	1,175E+0	0,000E+0	3	0110
907,230	85,700	124,300	2,100E+2	0,000E+0	1,731E+2	1,729E+2	0,000E+0	1,184E+0	1,174E+0	0,000E+0	3	0110
908,231	85,700	124,700	2,104E+2	0,000E+0	1,731E+2	1,730E+2	0,000E+0	1,183E+0	1,179E+0	0,000E+0	3	0110
909,232	85,600	124,600	2,102E+2	0,000E+0	1,731E+2	1,729E+2	0,000E+0	1,181E+0	1,176E+0	0,000E+0	3	0110
910,233	85,600	124,500	2,101E+2	0,000E+0	1,731E+2	1,731E+2	0,000E+0	1,180E+0	1,177E+0	0,000E+0	3	0110
911,233	85,600	124,500	2,101E+2	0,000E+0	1,731E+2	1,731E+2	0,000E+0	1,180E+0	1,177E+0	0,000E+0	3	0110
912,234	85,600	124,500	2,101E+2	0,000E+0	1,731E+2	1,731E+2	0,000E+0	1,180E+0	1,177E+0	0,000E+0	3	0110
913,234	85,600	124,500	2,101E+2	0,000E+0	1,731E+2	1,731E+2	0,000E+0	1,180E+0	1,177E+0	0,000E+0	3	0110
914,234	85,900	124,000	2,099E+2	0,000E+0	1,731E+2	1,728E+2	0,000E+0	1,183E+0	1,175E+0	0,000E+0	3	0110
916,236	85,900	124,000	2,099E+2	0,000E+0	1,731E+2	1,728E+2	0,000E+0	1,183E+0	1,175E+0	0,000E+0	3	0110
916,236	85,900	124,000	2,099E+2	0,000E+0	1,731E+2	1,728E+2	0,000E+0	1,183E+0	1,175E+0	0,000E+0	3	0110
917,237	85,900	124,000	2,099E+2	0,000E+0	1,731E+2	1,728E+2	0,000E+0	1,183E+0	1,175E+0	0,000E+0	3	0110
918,238	86,100	124,300	2,104E+2	0,000E+0	1,732E+2	1,730E+2	0,000E+0	1,184E+0	1,175E+0	0,000E+0	3	0110
919,237	85,600	124,300	2,099E+2	0,000E+0	1,731E+2	1,731E+2	0,000E+0	1,183E+0	1,175E+0	0,000E+0	3	0110
920,238	85,600	124,300	2,099E+2	0,000E+0	1,731E+2	1,731E+2	0,000E+0	1,183E+0	1,175E+0	0,000E+0	3	0110
921,237	85,600	124,500	2,101E+2	0,000E+0	1,731E+2	1,730E+2	0,000E+0	1,182E+0	1,175E+0	0,000E+0	3	0110
922,237	85,700	124,500	2,102E+2	0,000E+0	1,734E+2	1,733E+2	0,000E+0	1,181E+0	1,176E+0	0,000E+0	4	0110
923,237	85,600	124,200	2,098E+2	0,000E+0	1,736E+2	1,736E+2	0,000E+0	1,183E+0	1,174E+0	0,000E+0	4	0110
924,237	86,200	124,300	2,105E+2	0,000E+0	1,733E+2	1,731E+2	0,000E+0	1,185E+0	1,177E+0	0,000E+0	4	0110
925,239	85,400	124,700	2,101E+2	0,000E+0	1,733E+2	1,734E+2	0,000E+0	1,181E+0	1,178E+0	0,000E+0	4	0110
926,238	85,400	124,700	2,101E+2	0,000E+0	1,733E+2	1,734E+2	0,000E+0	1,181E+0	1,178E+0	0,000E+0	4	0110
927,239	85,400	124,700	2,101E+2	0,000E+0	1,733E+2	1,734E+2	0,000E+0	1,181E+0	1,178E+0	0,000E+0	4	0110
928,238	85,400	124,700	2,101E+2	0,000E+0	1,733E+2	1,734E+2	0,000E+0	1,181E+0	1,178E+0	0,000E+0	4	0110
929,239	85,400	124,700	2,101E+2	0,000E+0	1,733E+2	1,734E+2	0,000E+0	1,181E+0	1,178E+0	0,000E+0	4	0110
930,239	85,700	124,300	2,100E+2	0,000E+0	1,732E+2	1,732E+2	0,000E+0	1,183E+0	1,176E+0	0,000E+0	4	0110
931,240	85,700	124,300	2,100E+2	0,000E+0	1,732E+2	1,732E+2	0,000E+0	1,183E+0	1,176E+0	0,000E+0	4	0110
932,239	85,700	124,300	2,100E+2	0,000E+0	1,732E+2	1,732E+2	0,000E+0	1,183E+0	1,176E+0	0,000E+0	4	0110
933,239	85,600	124,600	2,102E+2	0,000E+0	1,733E+2	1,731E+2	0,000E+0	1,182E+0	1,177E+0	0,000E+0	4	0110
934,239	85,600	124,600	2,102E+2	0,000E+0	1,733E+2	1,731E+2	0,000E+0	1,182E+0	1,177E+0	0,000E+0	4	0110
935,240	85,400	124,700	2,101E+2	0,000E+0	1,731E+2	1,731E+2	0,000E+0	1,182E+0	1,176E+0	0,000E+0	4	0110
936,240	85,400	124,700	2,101E+2	0,000E+0	1,731E+2	1,731E+2	0,000E+0	1,182E+0	1,176E+0	0,000E+0	4	0110
937,241	85,700	124,500	2,102E+2	0,000E+0	1,731E+2	1,731E+2	0,000E+0	1,178E+0	1,176E+0	0,000E+0	4	0110
938,240	85,700	124,500	2,102E+2	0,000E+0	1,731E+2	1,731E+2	0,000E+0	1,178E+0	1,176E+0	0,000E+0	5	0110
939,240	85,800	124,600	2,104E+2	0,000E+0	1,732E+2	1,731E+2	0,000E+0	1,183E+0	1,178E+0	0,000E+0	5	0110
940,241	85,700	124,000	2,097E+2	0,000E+0	1,732E+2	1,730E+2	0,000E+0	1,181E+0	1,173E+0	0,000E+0	5	0110
941,241	85,600	124,200	2,098E+2	0,000E+0	1,731E+2	1,731E+2	0,000E+0	1,182E+0	1,175E+0	0,000E+0	5	0110
942,242	85,600	124,500	2,101E+2	0,000E+0	1,729E+2	1,733E+2	0,000E+0	1,180E+0	1,176E+0	0,000E+0	5	0110
943,242	85,600	124,500	2,101E+2	0,000E+0	1,729E+2	1,733E+2	0,000E+0	1,180E+0	1,176E+0	0,000E+0	5	0110
944,243	85,600	124,500	2,101E+2	0,000E+0	1,729E+2	1,733E+2	0,000E+0	1,180E+0	1,176E+0	0,000E+0	5	0110
945,242	85,600	124,500	2,101E+2	0,000E+0	1,729E+2	1,733E+2	0,000E+0	1,180E+0	1,176E+0	0,000E+0	5	0110
946,243	85,800	124,500	2,103E+2	0,000E+0	1,732E+2	1,731E+2	0,000E+0	1,184E+0	1,175E+0	0,000E+0	5	0110
947,243	85,800	124,500	2,103E+2	0,000E+0	1,732E+2	1,731E+2	0,000E+0	1,184E+0	1,175E+0	0,000E+0	5	0110
948,243	85,800	124,500	2,103E+2	0,000E+0	1,732E+2	1,731E+2	0,000E+0	1,184E+0	1,175E+0	0,000E+0	5	0110
949,245	85,400	124,400	2,098E+2	0,000E+0	1,730E+2	1,732E+2	0,000E+0	1,179E+0	1,177E+0	0,000E+0	5	0110
950,244	85,400	124,400	2,098E+2	0,000E+0	1,730E+2	1,732E+2	0,000E+0	1,179E+0	1,177E+0	0,000E+0	5	0110
951,245	85,600	124,400	2,100E+2	0,000E+0	1,731E+2	1,730E+2	0,000E+0	1,182E+0	1,176E+0	0,000E+0	5	0110
952,244	85,600	124,400	2,100E+2	0,000E+0	1,731E+2	1,730E+2	0,000E+0	1,182E+0	1,176E+0	0,000E+0	5	0110
953,244	85,700	124,600	2,103E+2	0,000E+0	1,733E+2	1,729E+2	0,000E+0	1,184E+0	1,177E+0	0,000E+0	6	0110
954,244	85,700	124,600	2,103E+2	0,000E+0	1,733E+2	1,729E+2	0,000E+0	1,184E+0	1,177E+0	0,000E+0	6	0110
955,244	85,100	124,700	2,098E+2	0,000E+0	1,734E+2	1,731E+2	0,000E+0	1,182E+0	1,177E+0	0,000E+0	6	0110
956,245	86,400	123,800	2,102E+2	0,000E+0	1,731E+2	1,729E+2	0,000E+0	1,182E+0	1,173E+0	0,000E+0	6	0110
957,245	86,400	123,800	2,102E+2	0,000E+0	1,731E+2	1,729E+2	0,000E+0	1,182E+0	1,173E+0	0,000E+0	6	0110
958,245	86,400	123,800	2,102E+2	0,000E+0	1,731E+2	1,729E+2	0,000E+0	1,182E+0	1,173E+0	0,000E+0	6	0110
959,246	86,400	123,800	2,102E+2	0,000E+0	1,731E+2	1,729E+2	0,000E+0	1,182E+0	1,173E+0	0,000E+0	6	0110
960,246	86,400	123,800	2,102E+2	0,000E+0	1,731E+2	1,729E+2	0,000E+0	1,182E+0	1,173E+0	0,000E+0	6	0110
961,247	85,500	124,500	2,100E+2	0,000E+0	1,732E+2	1,730E+2	0,000E+0	1,182E+0	1,176E+0	0,000E+0	6	0110
962,248	85,500	124,500	2,100E+2	0,000E+0	1,732E+2	1,730E+2	0,000E+0	1,182E+0	1,176E+0	0,000E+0	6	0110
963,249	85,500	124,500	2,100E+2	0,000E+0	1,732E+2	1,730E+2	0,000E+0	1,182E+0	1,176E+0	0,000E+0	6	0110
964,248	86,100	123,700	2,098E+2	0,000E+0	1,731E+2	1,728E+2	0,000E+0	1,183E+0	1,172E+0	0,000E+0	6	0110
965,248	86,100	123,700	2,098E+2	0,000E+0	1,731E+2	1,728E+2	0,000E+0	1,183E+0	1,172E+0	0,000E+0	6	0110
966,248	85,500	124,800	2,103E+2	0,000E+0	1,731E+2	1,732E+2	0,000E+0	1,181E+0	1,178E+0	0,000E+0	6	0110
967,248	85,500	124,800	2,103E+2	0,000E+0	1,731E+2	1,732E+2	0,000E+0	1,181E+0	1,178E+0	0,000E+0	6	0110
968,250	85,700	124,600	2,103E+2	0,000E+0	1,732E+2	1,730E+2	0,000E+0	1,182E+0	1,178E+0	0,000E+0	6	0110
969,249	85,500	124,600	2,101E+2	0,000E+0	1,731E+2	1,730E+2	0,000E+0	1,182E+0	1,177E+0	0,000E+0	6	0110
970,249	85,500	124,600	2,101E+2	0,000E+0	1,731E+2	1,730E+2	0,000E+0	1,182E+0	1,177E+0	0,000E+0	6	0110
971,249	85,700	124,300	2,100E+2	0,000E+0	1,730E+2	1,732E+2	0,000E+0	1,181E+0	1,174E+0	0,000E+0	7	0110
972,249	85,400	124,600	2,100E+2	0,000E+0	1,731E+2	1,730E+2	0,000E+0	1,179E+0	1,177E+0	0,000E+0	7	0110
973,250	85,400	124,600	2,100E+2	0,000E+0	1,731E+2	1,730E+2	0,000E+0	1,179E+0	1,177E+0	0,000E+0	7	0110
974,250	85,700	124,100	2,098E+2	0,000E+0	1,729E+2	1,730E+2	0,000E+0	1,178E+0	1,174E+0	0,000E+0	7	0110
975,251	85,600	124,600	2,102E+2	0,000E+0	1,733E+2	1,731E+2	0,000E+0	1,182E+0	1,176E+0	0,000E+0	7	0110
976,250	85,600	124,600	2,102E+2	0,000E+0	1,733E+2	1,731E+2	0,000E+0	1,182E+0	1,176E+0	0,000E+0	7	0110
977,251	85,600	124,600	2,102E+2	0,000E+0	1,733E+2	1,731E+2	0,000E+0	1,182E+0	1,176E+0	0,000E+0	7	0110
978,250	85,900	124,500	2,104E+2	0,000E+0	1,733E+2	1,731E+2	0,000E+0	1,184E+0	1,177E+0	0,000E+0	7	0110
979,251	85,900	124,500	2,104E+2	0,000E+0	1,733E+2	1,731E+2	0,000E+0	1,184E+0	1,177E+0	0,000E+0	7	0110
980,251	85,900	124,500	2,104E+2	0,000E+0	1,733E+2	1,731E+2	0,000E+0	1,184E+0	1,177E+0	0,000E+0	7	0110
981,252	85,700	124,000	2,097E+2	0,000E+0	1,731E+2	1,731E+2	0,000E+0	1,180E+0	1,174E+0	0,000E+0	7	0110
982,253	85,700	124,000	2,097E+2	0,000E+0	1,731E+2	1,731E+2	0,000E+0	1,180E+0	1,174E+0	0,000E+0	7	0110
983,252	85,700	124,000	2,097E+2	0,000E+0	1,731E+2	1,731E+2	0,000E+0	1,180E+0	1,174E+0	0,000E+0	7	0110
984,253	85,700	124,000	2,097E+2	0,000E+0	1,731E+2	1,731E+2	0,000E+0	1,180E+0	1,174E+0	0,000E+0	7	0110
985,253	85,700	124,200	2,099E+2	0,000E+0	1,732E+2	1,729E+2	0,000E+0	1,180E+0	1,174E+0	0,000E+0	7	0110
986,253	85,700	124,600	2,103E+2	0,000E+0	1,729E+2	1,732E+2	0,000E+0	1,181E+0	1,177E+0	0,000E+0	7	0110
987,253	85,600	124,700	2,103E+2	0,000E+0	1,731E+2	1,733E+2	0,000E+0	1,179E+0	1,176E+0	0,000E+0	7	0110
988,253	85,600	124,300	2,099E+2	0,000E+0	1,734E+2	1,732E+2	0,000E+0	1,183E+0	1,175E+0	0,000E+0	7	0111
989,254	85,700	124,700	2,104E+2	0,000E+0	1,732E+2	1,733E+2	0,000E+0	1,181E+0	1,178E+0	0,000E+0	7	0111
990,253	85,700	124,700	2,104E+2	0,000E+0	1,732E+2	1,733E+2	0,000E+0	1,181E+0	1,178E+0	0,000E+0	7	0111
991,253	85,900	124,000	2,099E+2	0,000E+0	1,731E+2	1,730E+2	0,000E+0	1,180E+0	1,174E+0	0,000E+0	7	0111
992,253	85,700	124,300	2,100E+2	0,000E+0	1,730E+2	1,729E+2	0,000E+0	1,182E+0	1,177E+0	0,000E+0	7	0111
993,253	85,700	124,300	2,100E+2	0,000E+0	1,730E+2	1,729E+2	0,000E+0	1,182E+0	1,177E+0	0,000E+0	7	0111
994,254	85,500	124,500	2,100E+2	0,000E+0	1,731E+2	1,731E+2	0,000E+0	1,181E+0	1,178E+0	0,000E+0	7	0111
995,253	85,500	124,600	2,101E+2	0,000E+0	1,733E+2	1,733E+2	0,000E+0	1,181E+0	1,176E+0	0,000E+0	7	0111
996,254	85,600	124,500	2,101E+2	0,000E+0	1,733E+2	1,730E+2	0,000E+0	1,183E+0	1,176E+0	0,000E+0	7	0111
997,253	85,900	124,000	2,099E+2	0,000E+0	1,731E+2	1,729E+2	0,000E+0	1,180E+0	1,173E+0	0,000E+0	7	0111
998,253	85,500	124,400	2,099E+2	0,000E+0	1,732E+2	1,731E+2	0,000E+0	1,181E+0	1,177E+0	0,000E+0	7	0111
999,253	85,800	124,200	2,100E+2	0,000E+0	1,731E+2	1,730E+2	0,000E+0	1,184E+0	1,175E+0	0,000E+0	7	0111
1000,253	85,700	124,200	2,099E+2	0,000E+0	1,730E+2	1,730E+2	0,000E+0	1,181E+0	1,175E+0	0,000E+0	7	0111
1001,255	85,700	124,200	2,099E+2	0,000E+0	1,730E+2	1,730E+2	0,000E+0	1,181E+0	1,175E+0	0,000E+0	7	0111
1002,254	85,700	124,200	2,099E+2	0,000E+0	1,730E+2	1,730E+2	0,000E+0	1,181E+0	1,175E+0	0,000E+0	7	0111
1003,255	85,300	124,800	2,101E+2	0,000E+0	1,729E+2	1,731E+2	0,000E+0	1,180E+0	1,179E+0	0,000E+0	7	0111
1004,254	85,300	124,800	2,101E+2	0,000E+0	1,729E+2	1,731E+2	0,000E+0	1,180E+0	1,179E+0	0,000E+0	7	0111
1005,255	85,300	124,800	2,101E+2	0,000E+0	1,729E+2	1,731E+2	0,000E+0	1,180E+0	1,179E+0	0,000E+0	7	0111
1006,256	85,300	124,800	2,101E+2	0,000E+0	1,729E+2	1,731E+2	0,000E+0	1,180E+0	1,179E+0	0,000E+0	7	0111
1007,256	85,400	124,900	2,103E+2	0,000E+0	1,730E+2	1,732E+2	0,000E+0	1,180E+0	1,179E+0	0,000E+0	7	0111
1008,258	85,400	124,900	2,103E+2	0,000E+0	1,730E+2	1,732E+2	0,000E+0	1,180E+0	1,179E+0	0,000E+0	7	0111
1009,257	85,400	124,900	2,103E+2	0,000E+0	1,730E+2	1,732E+2	0,000E+0	1,180E+0	1,179E+0	0,000E+0	7	0111
1010,257	85,900	124,300	2,102E+2	0,000E+0	1,732E+2	1,729E+2	0,000E+0	1,184E+0	1,177E+0	0,000E+0	7	0111
1011,257	85,900	124,300	2,102E+2	0,000E+0	1,732E+2	1,729E+2	0,000E+0	1,184E+0	1,177E+0	0,000E+0	7	0111
1012,258	86,000	124,200	2,102E+2	0,000E+0	1,731E+2	1,731E+2	0,000E+0	1,183E+0	1,176E+0	0,000E+0	7	0111
1013,257	85,300	124,500	2,098E+2	0,000E+0	1,730E+2	1,729E+2	0,000E+0	1,182E+0	1,179E+0	0,000E+0	6	0111
1014,258	85,800	124,300	2,101E+2	0,000E+0	1,729E+2	1,730E+2	0,000E+0	1,185E+0	1,176E+0	0,000E+0	6	0111
1015,257	85,200	124,700	2,099E+2	0,000E+0	1,729E+2	1,731E+2	0,000E+0	1,181E+0	1,179E+0	0,000E+0	6	0111
1016,257	85,400	124,600	2,100E+2	0,000E+0	1,731E+2	1,729E+2	0,000E+0	1,181E+0	1,179E+0	0,000E+0	6	0111
1017,257	85,400	124,600	2,100E+2	0,000E+0	1,731E+2	1,729E+2	0,000E+0	1,181E+0	1,179E+0	0,000E+0	6	0111
1018,257	85,400	124,600	2,100E+2	0,000E+0	1,731E+2	1,729E+2	0,000E+0	1,181E+0	1,179E+0	0,000E+0	6	0111
1019,258	85,400	124,600	2,100E+2	0,000E+0	1,731E+2	1,729E+2	0,000E+0	1,181E+0	1,179E+0	0,000E+0	6	0111
1020,257	85,400	124,600	2,100E+2	0,000E+0	1,731E+2	1,729E+2	0,000E+0	1,181E+0	1,179E+0	0,000E+0	6	0111
1021,258	85,900	124,300	2,102E+2	0,000E+0	1,731E+2	1,730E+2	0,000E+0	1,185E+0	1,177E+0	0,000E+0	6	0111
1022,258	85,900	124,300	2,102E+2	0,000E+0	1,731E+2	1,730E+2	0,000E+0	1,185E+0	1,177E+0	0,000E+0	6	0111
1023,258	85,900	124,300	2,102E+2	0,000E+0	1,731E+2	1,730E+2	0,000E+0	1,185E+0	1,177E+0	0,000E+0	6	0111
1024,258	85,700	124,200	2,099E+2	0,000E+0	1,733E+2	1,730E+2	0,000E+0	1,182E+0	1,176E+0	0,000E+0	6	0111
1025,258	85,700	124,200	2,099E+2	0,000E+0	1,733E+2	1,730E+2	0,000E+0	1,182E+0	1,176E+0	0,000E+0	6	0111
1026,260	85,700	124,500	2,102E+2	0,000E+0	1,732E+2	1,731E+2	0,000E+0	1,184E+0	1,179E+0	0,000E+0	6	0111
1027,259	85,700	124,500	2,102E+2	0,000E+0	1,732E+2	1,731E+2	0,000E+0	1,184E+0	1,179E+0	0,000E+0	6	0111
1028,260	85,700	124,800	2,105E+2	0,000E+0	1,733E+2	1,732E+2	0,000E+0	1,183E+0	1,179E+0	0,000E+0	6	0111
1029,260	85,700	124,800	2,105E+2	0,000E+0	1,733E+2	1,732E+2	0,000E+0	1,183E+0	1,179E+0	0,000E+0	6	0111
1030,260	85,500	124,000	2,095E+2	0,000E+0	1,729E+2	1,730E+2	0,000E+0	1,180E+0	1,175E+0	0,000E+0	6	0111
1031,261	85,400	124,500	2,099E+2	0,000E+0	1,731E+2	1,734E+2	0,000E+0	1,182E+0	1,176E+0	0,000E+0	5	0111
1032,260	85,500	125,100	2,106E+2	0,000E+0	1,730E+2	1,732E+2	0,000E+0	1,183E+0	1,182E+0	0,000E+0	5	0111
1033,262	85,400	124,700	2,101E+2	0,000E+0	1,730E+2	1,733E+2	0,000E+0	1,180E+0	1,176E+0	0,000E+0	5	0111
1034,261	85,700	124,400	2,101E+2	0,000E+0	1,732E+2	1,729E+2	0,000E+0	1,182E+0	1,177E+0	0,000E+0	5	0111
1035,261	85,700	124,400	2,101E+2	0,000E+0	1,732E+2	1,729E+2	0,000E+0	1,182E+0	1,177E+0	0,000E+0	5	0111
1036,261	85,700	124,400	2,101E+2	0,000E+0	1,732E+2	1,729E+2	0,000E+0	1,182E+0	1,177E+0	0,000E+0	5	0111
1037,261	85,800	124,000	2,098E+2	0,000E+0	1,732E+2	1,732E+2	0,000E+0	1,181E+0	1,174E+0	0,000E+0	5	0111
1038,262	85,800	124,000	2,098E+2	0,000E+0	1,732E+2	1,732E+2	0,000E+0	1,181E+0	1,174E+0	0,000E+0	5	0111
1039,262	86,200	123,900	2,101E+2	0,000E+0	1,732E+2	1,732E+2	0,000E+0	1,183E+0	1,173E+0	0,000E+0	5	0111
1040,263	86,200	123,900	2,101E+2	0,000E+0	1,732E+2	1,732E+2	0,000E+0	1,183E+0	1,173E+0	0,000E+0	5	0111
1041,262	86,200	123,900	2,101E+2	0,000E+0	1,732E+2	1,732E+2	0,000E+0	1,183E+0	1,173E+0	0,000E+0	5	0111
1042,262	85,600	124,100	2,097E+2	0,000E+0	1,731E+2	1,731E+2	0,000E+0	1,182E+0	1,177E+0	0,000E+0	5	0111
1043,262	85,600	124,100	2,097E+2	0,000E+0	1,731E+2	1,731E+2	0,000E+0	1,182E+0	1,177E+0	0,000E+0	5	0111
1044,262	85,600	124,100	2,097E+2	0,000E+0	1,731E+2	1,731E+2	0,000E+0	1,182E+0	1,177E+0	0,000E+0	5	0111
1045,263	85,600	124,100	2,097E+2	0,000E+0	1,731E+2	1,731E+2	0,000E+0	1,182E+0	1,177E+0	0,000E+0	5	0111
1046,262	85,800	124,600	2,104E+2	0,000E+0	1,730E+2	1,734E+2	0,000E+0	1,181E+0	1,177E+0	0,000E+0	5	0111
1047,263	85,200	124,500	2,097E+2	0,000E+0	1,732E+2	1,732E+2	0,000E+0	1,181E+0	1,178E+0	0,000E+0	4	0111
1048,263	85,600	124,600	2,102E+2	0,000E+0	1,732E+2	1,733E+2	0,000E+0	1,182E+0	1,178E+0	0,000E+0	4	0111
1049,264	85,600	124,600	2,102E+2	0,000E+0	1,732E+2	1,733E+2	0,000E+0	1,182E+0	1,178E+0	0,000E+0	4	0111
1050,264	85,600	124,600	2,102E+2	0,000E+0	1,732E+2	1,733E+2	0,000E+0	1,182E+0	1,178E+0	0,000E+0	4	0111
1051,264	85,600	124,600	2,102E+2	0,000E+0	1,732E+2	1,733E+2	0,000E+0	1,182E+0	1,178E+0	0,000E+0	4	0111
1052,265	85,800	124,700	2,105E+2	0,000E+0	1,732E+2	1,732E+2	0,000E+0	1,184E+0	1,178E+0	0,000E+0	4	0111
1053,264	85,800	124,700	2,105E+2	0,000E+0	1,732E+2	1,732E+2	0,000E+0	1,184E+0	1,178E+0	0,000E+0	4	0111
1054,265	85,800	124,700	2,105E+2	0,000E+0	1,732E+2	1,732E+2	0,000E+0	1,184E+0	1,178E+0	0,000E+0	4	0111
1055,265	85,600	124,300	2,099E+2	0,000E+0	1,731E+2	1,731E+2	0,000E+0	1,180E+0	1,177E+0	0,000E+0	4	0111
1056,266	85,600	124,300	2,099E+2	0,000E+0	1,731E+2	1,731E+2	0,000E+0	1,180E+0	1,177E+0	0,000E+0	4	0111
1057,266	85,300	124,600	2,099E+2	0,000E+0	1,729E+2	1,731E+2	0,000E+0	1,179E+0	1,177E+0	0,000E+0	4	0111
1058,266	85,300	124,600	2,099E+2	0,000E+0	1,729E+2	1,731E+2	0,000E+0	1,179E+0	1,177E+0	0,000E+0	4	0111
1059,267	85,300	124,600	2,099E+2	0,000E+0	1,729E+2	1,731E+2	0,000E+0	1,179E+0	1,177E+0	0,000E+0	4	0111
1060,266	85,300	124,600	2,099E+2	0,000E+0	1,729E+2	1,731E+2	0,000E+0	1,179E+0	1,177E+0	0,000E+0	4	0111
1061,267	85,400	124,500	2,099E+2	0,000E+0	1,731E+2	1,734E+2	0,000E+0	1,181E+0	1,178E+0	0,000E+0	4	0111
1062,267	85,700	124,500	2,102E+2	0,000E+0	1,731E+2	1,733E+2	0,000E+0	1,184E+0	1,176E+0	0,000E+0	4	0111
1063,267	85,800	124,600	2,104E+2	0,000E+0	1,730E+2	1,731E+2	0,000E+0	1,181E+0	1,177E+0	0,000E+0	4	0111
1064,268	85,400	124,400	2,098E+2	0,000E+0	1,732E+2	1,731E+2	0,000E+0	1,181E+0	1,177E+0	0,000E+0	4	0111
1065,268	85,800	124,400	2,102E+2	0,000E+0	1,731E+2	1,733E+2	0,000E+0	1,179E+0	1,177E+0	0,000E+0	4	0111
1066,269	86,100	123,700	2,098E+2	0,000E+0	1,732E+2	1,730E+2	0,000E+0	1,184E+0	1,175E+0	0,000E+0	4	0111
1067,269	86,100	123,700	2,098E+2	0,000E+0	1,732E+2	1,730E+2	0,000E+0	1,184E+0	1,175E+0	0,000E+0	3	0111
1068,269	85,600	124,300	2,099E+2	0,000E+0	1,731E+2	1,731E+2	0,000E+0	1,181E+0	1,175E+0	0,000E+0	3	0111
1069,269	85,500	124,600	2,101E+2	0,000E+0	1,731E+2	1,732E+2	0,000E+0	1,184E+0	1,179E+0	0,000E+0	3	0111
1070,269	85,700	124,600	2,103E+2	0,000E+0	1,732E+2	1,731E+2	0,000E+0	1,182E+0	1,177E+0	0,000E+0	3	0111
1071,270	85,700	124,600	2,103E+2	0,000E+0	1,732E+2	1,731E+2	0,000E+0	1,182E+0	1,177E+0	0,000E+0	3	0111
1072,270	85,700	124,600	2,103E+2	0,000E+0	1,732E+2	1,731E+2	0,000E+0	1,182E+0	1,177E+0	0,000E+0	3	0111
1073,271	85,700	124,600	2,103E+2	0,000E+0	1,732E+2	1,731E+2	0,000E+0	1,182E+0	1,177E+0	0,000E+0	3	0111
1074,271	85,700	124,600	2,103E+2	0,000E+0	1,732E+2	1,731E+2	0,000E+0	1,182E+0	1,177E+0	0,000E+0	3	0111
1075,271	85,900	124,100	2,100E+2	0,000E+0	1,732E+2	1,731E+2	0,000E+0	1,181E+0	1,174E+0	0,000E+0	3	0111
1076,272	85,900	124,100	2,100E+2	0,000E+0	1,732E+2	1,731E+2	0,000E+0	1,181E+0	1,174E+0	0,000E+0	3	0111
1077,271	85,900	124,100	2,100E+2	0,000E+0	1,732E+2	1,731E+2	0,000E+0	1,181E+0	1,174E+0	0,000E+0	3	0111
1078,271	85,500	124,800	2,103E+2	0,000E+0	1,732E+2	1,732E+2	0,000E+0	1,181E+0	1,178E+0	0,000E+0	3	0111
1079,271	85,500	124,800	2,103E+2	0,000E+0	1,732E+2	1,732E+2	0,000E+0	1,181E+0	1,178E+0	0,000E+0	3	0111
1080,271	85,600	124,400	2,100E+2	0,000E+0	1,732E+2	1,732E+2	0,000E+0	1,183E+0	1,177E+0	0,000E+0	3	0111
1081,271	85,600	124,400	2,100E+2	0,000E+0	1,732E+2	1,732E+2	0,000E+0	1,183E+0	1,177E+0	0,000E+0	3	0111
1082,272	85,900	124,200	2,101E+2	0,000E+0	1,731E+2	1,731E+2	0,000E+0	1,184E+0	1,176E+0	0,000E+0	3	0111
1083,271	85,600	124,200	2,098E+2	0,000E+0	1,730E+2	1,730E+2	0,000E+0	1,181E+0	1,175E+0	0,000E+0	3	0111
1084,272	85,800	124,100	2,099E+2	0,000E+0	1,728E+2	1,730E+2	0,000E+0	1,184E+0	1,175E+0	0,000E+0	3	0111
1085,271	85,600	124,800	2,104E+2	0,000E+0	1,731E+2	1,732E+2	0,000E+0	1,184E+0	1,179E+0	0,000E+0	2	0111
1086,271	85,700	124,500	2,102E+2	0,000E+0	1,733E+2	1,732E+2	0,000E+0	1,186E+0	1,175E+0	0,000E+0	2	0111
1087,271	85,200	125,000	2,102E+2	0,000E+0	1,730E+2	1,731E+2	0,000E+0	1,181E+0	1,181E+0	0,000E+0	2	0111
1088,271	85,300	124,800	2,101E+2	0,000E+0	1,732E+2	1,732E+2	0,000E+0	1,183E+0	1,178E+0	0,000E+0	2	0111
1089,272	85,300	124,800	2,101E+2	0,000E+0	1,732E+2	1,732E+2	0,000E+0	1,183E+0	1,178E+0	0,000E+0	2	0111
1090,272	85,300	124,800	2,101E+2	0,000E+0	1,732E+2	1,732E+2	0,000E+0	1,183E+0	1,178E+0	0,000E+0	2	0111
1091,273	85,700	124,200	2,099E+2	0,000E+0	1,730E+2	1,730E+2	0,000E+0	1,183E+0	1,176E+0	0,000E+0	2	0111
1092,273	85,700	124,200	2,099E+2	0,000E+0	1,730E+2	1,730E+2	0,000E+0	1,183E+0	1,176E+0	0,000E+0	2	0111
1093,273	85,400	124,500	2,099E+2	0,000E+0	1,730E+2	1,733E+2	0,000E+0	1,180E+0	1,176E+0	0,000E+0	2	0111
1094,273	85,400	124,500	2,099E+2	0,000E+0	1,730E+2	1,733E+2	0,000E+0	1,180E+0	1,176E+0	0,000E+0	2	0111
1095,273	85,400	124,500	2,099E+2	0,000E+0	1,730E+2	1,733E+2	0,000E+0	1,180E+0	1,176E+0	0,000E+0	2	0111
1096,274	85,300	124,600	2,099E+2	0,000E+0	1,730E+2	1,733E+2	0,000E+0	1,181E+0	1,177E+0	0,000E+0	2	0111
1097,274	85,300	124,600	2,099E+2	0,000E+0	1,730E+2	1,733E+2	0,000E+0	1,181E+0	1,177E+0	0,000E+0	2	0111
1098,275	85,300	124,600	2,099E+2	0,000E+0	1,730E+2	1,733E+2	0,000E+0	1,181E+0	1,177E+0	0,000E+0	2	0111
1099,274	85,600	124,500	2,101E+2	0,000E+0	1,733E+2	1,728E+2	0,000E+0	1,184E+0	1,178E+0	0,000E+0	2	0111
1100,274	86,000	124,600	2,106E+2	0,000E+0	1,731E+2	1,729E+2	0,000E+0	1,184E+0	1,179E+0	0,000E+0	1	0111
1101,274	86,100	123,900	2,100E+2	0,000E+0	1,730E+2	1,729E+2	0,000E+0	1,182E+0	1,173E+0	0,000E+0	1	0111
1102,274	85,300	124,300	2,096E+2	0,000E+0	1,726E+2	1,728E+2	0,000E+0	1,181E+0	1,178E+0	0,000E+0	1	0111
1103,275	85,700	124,500	2,102E+2	0,000E+0	1,729E+2	1,731E+2	0,000E+0	1,184E+0	1,176E+0	0,000E+0	1	0111
1104,274	85,700	124,500	2,102E+2	0,000E+0	1,729E+2	1,731E+2	0,000E+0	1,184E+0	1,176E+0	0,000E+0	1	0111
1105,275	85,700	124,500	2,102E+2	0,000E+0	1,729E+2	1,731E+2	0,000E+0	1,184E+0	1,176E+0	0,000E+0	1	0111
1106,274	85,700	124,500	2,102E+2	0,000E+0	1,729E+2	1,731E+2	0,000E+0	1,184E+0	1,176E+0	0,000E+0	1	0111
1107,274	85,700	124,500	2,102E+2	0,000E+0	1,729E+2	1,731E+2	0,000E+0	1,184E+0	1,176E+0	0,000E+0	1	0111
1108,274	85,400	124,200	2,096E+2	0,000E+0	1,726E+2	1,727E+2	0,000E+0	1,181E+0	1,175E+0	0,000E+0	1	0111
1109,274	85,400	124,200	2,096E+2	0,000E+0	1,726E+2	1,727E+2	0,000E+0	1,181E+0	1,175E+0	0,000E+0	1	0111
1110,275	85,400	124,200	2,096E+2	0,000E+0	1,726E+2	1,727E+2	0,000E+0	1,181E+0	1,175E+0	0,000E+0	1	0111
1111,274	85,400	124,200	2,096E+2	0,000E+0	1,726E+2	1,727E+2	0,000E+0	1,181E+0	1,175E+0	0,000E+0	1	0111
1112,274	85,700	124,200	2,099E+2	0,000E+0	1,727E+2	1,728E+2	0,000E+0	1,181E+0	1,174E+0	0,000E+0	1	0111
1113,274	85,700	124,200	2,099E+2	0,000E+0	1,727E+2	1,728E+2	0,000E+0	1,181E+0	1,174E+0	0,000E+0	1	0111
1114,275	85,700	124,200	2,099E+2	0,000E+0	1,727E+2	1,728E+2	0,000E+0	1,181E+0	1,174E+0	0,000E+0	1	0111
1115,276	85,600	124,600	2,102E+2	0,000E+0	1,728E+2	1,729E+2	0,000E+0	1,182E+0	1,180E+0	0,000E+0	1	0111
1116,275	86,100	124,300	2,104E+2	0,000E+0	1,730E+2	1,729E+2	0,000E+0	1,186E+0	1,179E+0	0,000E+0	1	0111
1117,277	85,900	124,000	2,099E+2	0,000E+0	1,731E+2	1,731E+2	0,000E+0	1,182E+0	1,174E+0	0,000E+0	1	0111
1118,276	85,700	124,100	2,098E+2	0,000E+0	1,730E+2	1,731E+2	0,000E+0	1,184E+0	1,175E+0	0,000E+0	1	0111
1119,276	85,600	124,400	2,100E+2	0,000E+0	1,727E+2	1,728E+2	0,000E+0	1,185E+0	1,176E+0	0,000E+0	0	0111
1120,276	85,600	124,400	2,100E+2	0,000E+0	1,727E+2	1,728E+2	0,000E+0	1,185E+0	1,176E+0	0,000E+0	0	0111
1121,276	85,900	124,000	2,099E+2	0,000E+0	1,724E+2	1,720E+2	0,000E+0	1,185E+0	1,178E+0	0,000E+0	0	0111
1122,277	85,200	124,600	2,098E+2	0,000E+0	1,723E+2	1,726E+2	0,000E+0	1,181E+0	1,178E+0	0,000E+0	0	0111
1123,276	85,500	124,700	2,102E+2	0,000E+0	1,724E+2	1,726E+2	0,000E+0	1,182E+0	1,177E+0	0,000E+0	0	0111
1124,276	85,500	124,700	2,102E+2	0,000E+0	1,724E+2	1,726E+2	0,000E+0	1,182E+0	1,177E+0	0,000E+0	0	0111
1125,277	85,500	124,700	2,102E+2	0,000E+0	1,724E+2	1,726E+2	0,000E+0	1,182E+0	1,177E+0	0,000E+0	0	0111
1126,277	85,500	124,700	2,102E+2	0,000E+0	1,724E+2	1,726E+2	0,000E+0	1,182E+0	1,177E+0	0,000E+0	0	0111
1127,278	85,500	124,400	2,099E+2	0,000E+0	1,724E+2	1,722E+2	0,000E+0	1,182E+0	1,178E+0	0,000E+0	0	0111
1128,277	85,500	124,400	2,099E+2	0,000E+0	1,724E+2	1,722E+2	0,000E+0	1,182E+0	1,178E+0	0,000E+0	0	0111
1129,278	85,500	124,400	2,099E+2	0,000E+0	1,724E+2	1,722E+2	0,000E+0	1,182E+0	1,178E+0	0,000E+0	0	0111
1130,277	85,500	124,400	2,099E+2	0,000E+0	1,724E+2	1,722E+2	0,000E+0	1,182E+0	1,178E+0	0,000E+0	0	0111
1131,278	85,700	124,500	2,102E+2	0,000E+0	1,724E+2	1,725E+2	0,000E+0	1,186E+0	1,179E+0	0,000E+0	0	0111
1132,278	85,700	124,500	2,102E+2	0,000E+0	1,724E+2	1,725E+2	0,000E+0	1,186E+0	1,179E+0	0,000E+0	0	0111
1133,279	85,400	124,900	2,103E+2	0,000E+0	1,724E+2	1,725E+2	0,000E+0	1,186E+0	1,181E+0	0,000E+0	0	0111
1134,280	85,400	124,600	2,100E+2	0,000E+0	1,725E+2	1,724E+2	0,000E+0	1,183E+0	1,178E+0	0,000E+0	0	0111
1135,280	85,400	124,600	2,100E+2	0,000E+0	1,725E+2	1,724E+2	0,000E+0	1,183E+0	1,178E+0	0,000E+0	0	0111
1136,280	85,500	124,700	2,102E+2	0,000E+0	1,726E+2	1,723E+2	0,000E+0	1,187E+0	1,181E+0	0,000E+0	0	0111
1137,280	85,600	124,600	2,102E+2	0,000E+0	1,725E+2	1,724E+2	0,000E+0	1,185E+0	1,178E+0	0,000E+0	0	1000
1138,280	85,600	124,400	2,100E+2	0,000E+0	1,726E+2	1,722E+2	0,000E+0	1,186E+0	1,179E+0	0,000E+0	0	1000
1139,280	85,800	124,600	2,104E+2	0,000E+0	1,726E+2	1,725E+2	0,000E+0	1,185E+0	1,179E+0	0,000E+0	0	1000
1140,280	85,200	124,600	2,098E+2	0,000E+0	1,724E+2	1,727E+2	0,000E+0	1,181E+0	1,179E+0	0,000E+0	0	1000
1141,282	85,600	124,500	2,101E+2	0,000E+0	1,726E+2	1,729E+2	0,000E+0	1,182E+0	1,176E+0	0,000E+0	0	1000
1142,282	85,300	124,800	2,101E+2	0,000E+0	1,728E+2	1,726E+2	0,000E+0	1,184E+0	1,180E+0	0,000E+0	0	1000
1143,283	85,900	124,200	2,101E+2	0,000E+0	1,725E+2	1,723E+2	0,000E+0	1,184E+0	1,177E+0	0,000E+0	0	1000
1144,283	85,900	124,300	2,102E+2	0,000E+0	1,727E+2	1,727E+2	0,000E+0	1,185E+0	1,178E+0	0,000E+0	0	1000
1145,283	85,500	124,200	2,097E+2	0,000E+0	1,725E+2	1,726E+2	0,000E+0	1,185E+0	1,176E+0	0,000E+0	0	1000
1146,283	85,500	124,200	2,097E+2	0,000E+0	1,725E+2	1,726E+2	0,000E+0	1,185E+0	1,176E+0	0,000E+0	0	1000
1147,283	85,300	124,900	2,102E+2	0,000E+0	1,726E+2	1,728E+2	0,000E+0	1,182E+0	1,180E+0	0,000E+0	0	1000
1148,284	85,600	124,800	2,104E+2	0,000E+0	1,726E+2	1,726E+2	0,000E+0	1,182E+0	1,178E+0	0,000E+0	0	1000
1149,284	85,500	124,300	2,098E+2	0,000E+0	1,726E+2	1,723E+2	0,000E+0	1,183E+0	1,176E+0	0,000E+0	0	1000
1150,284	85,800	124,200	2,100E+2	0,000E+0	1,721E+2	1,724E+2	0,000E+0	1,181E+0	1,180E+0	0,000E+0	0	1000
1151,284	85,100	124,700	2,098E+2	0,000E+0	1,725E+2	1,724E+2	0,000E+0	1,184E+0	1,179E+0	0,000E+0	0	1000
1152,284	85,100	124,700	2,098E+2	0,000E+0	1,725E+2	1,724E+2	0,000E+0	1,184E+0	1,179E+0	0,000E+0	0	1000
1153,285	85,100	124,700	2,098E+2	0,000E+0	1,725E+2	1,724E+2	0,000E+0	1,184E+0	1,179E+0	0,000E+0	0	1000
1154,284	85,100	124,700	2,098E+2	0,000E+0	1,725E+2	1,724E+2	0,000E+0	1,184E+0	1,179E+0	0,000E+0	0	1000
1155,285	85,700	124,200	2,099E+2	0,000E+0	1,727E+2	1,723E+2	0,000E+0	1,186E+0	1,177E+0	0,000E+0	0	1000
1156,284	85,700	124,200	2,099E+2	0,000E+0	1,727E+2	1,723E+2	0,000E+0	1,186E+0	1,177E+0	0,000E+0	0	1000
1157,284	85,700	124,400	2,101E+2	0,000E+0	1,724E+2	1,723E+2	0,000E+0	1,185E+0	1,178E+0	0,000E+0	0	1000
1158,285	85,700	124,400	2,101E+2	0,000E+0	1,724E+2	1,723E+2	0,000E+0	1,185E+0	1,178E+0	0,000E+0	0	1000
1159,284	85,700	124,400	2,101E+2	0,000E+0	1,724E+2	1,723E+2	0,000E+0	1,185E+0	1,178E+0	0,000E+0	0	1000
1160,285	86,000	124,400	2,104E+2	0,000E+0	1,724E+2	1,727E+2	0,000E+0	1,184E+0	1,175E+0	0,000E+0	0	1000
1161,284	86,000	124,400	2,104E+2	0,000E+0	1,724E+2	1,727E+2	0,000E+0	1,184E+0	1,175E+0	0,000E+0	0	1000
1162,284	86,000	124,400	2,104E+2	0,000E+0	1,724E+2	1,727E+2	0,000E+0	1,184E+0	1,175E+0	0,000E+0	0	1000
1163,284	85,500	124,500	2,100E+2	0,000E+0	1,722E+2	1,724E+2	0,000E+0	1,182E+0	1,178E+0	0,000E+0	0	1000
1164,284	85,700	124,500	2,102E+2	0,000E+0	1,724E+2	1,724E+2	0,000E+0	1,182E+0	1,179E+0	0,000E+0	0	1000
1165,284	85,700	124,100	2,098E+2	0,000E+0	1,724E+2	1,721E+2	0,000E+0	1,185E+0	1,177E+0	0,000E+0	0	1000
1166,285	85,900	124,300	2,102E+2	0,000E+0	1,726E+2	1,723E+2	0,000E+0	1,185E+0	1,176E+0	0,000E+0	0	1000
1167,284	85,400	124,300	2,097E+2	0,000E+0	1,723E+2	1,724E+2	0,000E+0	1,183E+0	1,178E+0	0,000E+0	0	1000
1168,286	85,600	124,300	2,099E+2	0,000E+0	1,723E+2	1,725E+2	0,000E+0	1,183E+0	1,176E+0	0,000E+0	0	1000
1169,285	85,500	125,000	2,105E+2	0,000E+0	1,725E+2	1,724E+2	0,000E+0	1,184E+0	1,181E+0	0,000E+0	1	1000
1170,285	85,500	124,600	2,101E+2	0,000E+0	1,729E+2	1,727E+2	0,000E+0	1,183E+0	1,178E+0	0,000E+0	1	1000
1171,285	85,500	124,600	2,101E+2	0,000E+0	1,729E+2	1,727E+2	0,000E+0	1,183E+0	1,178E+0	0,000E+0	1	1000
1172,285	85,500	124,600	2,101E+2	0,000E+0	1,729E+2	1,727E+2	0,000E+0	1,183E+0	1,178E+0	0,000E+0	1	1000
1173,286	85,500	124,600	2,101E+2	0,000E+0	1,729E+2	1,727E+2	0,000E+0	1,183E+0	1,178E+0	0,000E+0	1	1000
1174,286	85,500	124,600	2,101E+2	0,000E+0	1,729E+2	1,727E+2	0,000E+0	1,183E+0	1,178E+0	0,000E+0	1	1000
1175,287	85,800	124,300	2,101E+2	0,000E+0	1,731E+2	1,725E+2	0,000E+0	1,185E+0	1,177E+0	0,000E+0	1	1000
1176,286	85,800	124,300	2,101E+2	0,000E+0	1,731E+2	1,725E+2	0,000E+0	1,185E+0	1,177E+0	0,000E+0	1	1000
1177,286	85,800	124,300	2,101E+2	0,000E+0	1,731E+2	1,725E+2	0,000E+0	1,185E+0	1,177E+0	0,000E+0	1	1000
1178,286	85,600	124,400	2,100E+2	0,000E+0	1,729E+2	1,728E+2	0,000E+0	1,185E+0	1,177E+0	0,000E+0	1	1000
1179,286	85,600	124,400	2,100E+2	0,000E+0	1,729E+2	1,728E+2	0,000E+0	1,185E+0	1,177E+0	0,000E+0	1	1000
1180,287	86,000	124,200	2,102E+2	0,000E+0	1,726E+2	1,728E+2	0,000E+0	1,184E+0	1,178E+0	0,000E+0	1	1000
1181,286	86,000	124,200	2,102E+2	0,000E+0	1,726E+2	1,728E+2	0,000E+0	1,184E+0	1,178E+0	0,000E+0	1	1000
1182,286	85,300	124,400	2,097E+2	0,000E+0	1,729E+2	1,727E+2	0,000E+0	1,184E+0	1,179E+0	0,000E+0	1	1000
1183,286	85,300	124,400	2,097E+2	0,000E+0	1,729E+2	1,727E+2	0,000E+0	1,184E+0	1,179E+0	0,000E+0	2	1000
1184,286	85,800	124,600	2,104E+2	0,000E+0	1,732E+2	1,729E+2	0,000E+0	1,186E+0	1,180E+0	0,000E+0	2	1000
1185,287	85,300	124,800	2,101E+2	0,000E+0	1,727E+2	1,731E+2	0,000E+0	1,181E+0	1,180E+0	0,000E+0	2	1000
1186,288	85,100	124,800	2,099E+2	0,000E+0	1,729E+2	1,730E+2	0,000E+0	1,183E+0	1,180E+0	0,000E+0	2	1000
1187,289	85,100	124,800	2,099E+2	0,000E+0	1,729E+2	1,730E+2	0,000E+0	1,183E+0	1,180E+0	0,000E+0	2	1000
1188,288	85,100	124,800	2,099E+2	0,000E+0	1,729E+2	1,730E+2	0,000E+0	1,183E+0	1,180E+0	0,000E+0	2	1000
1189,288	85,600	124,800	2,104E+2	0,000E+0	1,728E+2	1,729E+2	0,000E+0	1,186E+0	1,181E+0	0,000E+0	2	1000
1190,289	85,600	124,800	2,104E+2	0,000E+0	1,728E+2	1,729E+2	0,000E+0	1,186E+0	1,181E+0	0,000E+0	2	1000
1191,289	85,700	124,600	2,103E+2	0,000E+0	1,729E+2	1,729E+2	0,000E+0	1,188E+0	1,180E+0	0,000E+0	2	1000
1192,290	85,700	124,600	2,103E+2	0,000E+0	1,729E+2	1,729E+2	0,000E+0	1,188E+0	1,180E+0	0,000E+0	2	1000
1193,290	85,700	124,600	2,103E+2	0,000E+0	1,729E+2	1,729E+2	0,000E+0	1,188E+0	1,180E+0	0,000E+0	2	1000
1194,290	85,300	124,800	2,101E+2	0,000E+0	1,730E+2	1,728E+2	0,000E+0	1,184E+0	1,179E+0	0,000E+0	2	1000
1195,290	85,300	124,800	2,101E+2	0,000E+0	1,730E+2	1,728E+2	0,000E+0	1,184E+0	1,179E+0	0,000E+0	2	1000
1196,290	85,700	124,300	2,100E+2	0,000E+0	1,729E+2	1,731E+2	0,000E+0	1,182E+0	1,178E+0	0,000E+0	2	1000
1197,291	85,700	124,300	2,100E+2	0,000E+0	1,729E+2	1,731E+2	0,000E+0	1,182E+0	1,178E+0	0,000E+0	2	1000
1198,290	85,600	124,400	2,100E+2	0,000E+0	1,729E+2	1,731E+2	0,000E+0	1,185E+0	1,177E+0	0,000E+0	2	1000
1199,292	85,600	124,400	2,100E+2	0,000E+0	1,730E+2	1,730E+2	0,000E+0	1,185E+0	1,177E+0	0,000E+0	3	1000
1200,291	85,700	124,300	2,100E+2	0,000E+0	1,729E+2	1,730E+2	0,000E+0	1,186E+0	1,178E+0	0,000E+0	3	1000
1201,291	85,400	125,000	2,104E+2	0,000E+0	1,731E+2	1,730E+2	0,000E+0	1,182E+0	1,180E+0	0,000E+0	3	1000
1202,291	85,400	125,000	2,104E+2	0,000E+0	1,731E+2	1,730E+2	0,000E+0	1,182E+0	1,180E+0	0,000E+0	3	1000
1203,291	85,400	125,000	2,104E+2	0,000E+0	1,731E+2	1,730E+2	0,000E+0	1,182E+0	1,180E+0	0,000E+0	3	1000
1204,291	85,400	125,000	2,104E+2	0,000E+0	1,731E+2	1,730E+2	0,000E+0	1,182E+0	1,180E+0	0,000E+0	3	1000
1205,291	85,400	125,000	2,104E+2	0,000E+0	1,731E+2	1,730E+2	0,000E+0	1,182E+0	1,180E+0	0,000E+0	3	1000
1206,293	85,700	124,400	2,101E+2	0,000E+0	1,729E+2	1,727E+2	0,000E+0	1,182E+0	1,177E+0	0,000E+0	3	1000
1207,293	85,700	124,400	2,101E+2	0,000E+0	1,729E+2	1,727E+2	0,000E+0	1,182E+0	1,177E+0	0,000E+0	3	1000
1208,294	85,700	124,400	2,101E+2	0,000E+0	1,729E+2	1,727E+2	0,000E+0	1,182E+0	1,177E+0	0,000E+0	3	1000
1209,294	85,700	124,400	2,101E+2	0,000E+0	1,729E+2	1,727E+2	0,000E+0	1,182E+0	1,177E+0	0,000E+0	3	1000
1210,295	85,800	124,500	2,103E+2	0,000E+0	1,730E+2	1,729E+2	0,000E+0	1,185E+0	1,179E+0	0,000E+0	3	1000
1211,295	85,800	124,500	2,103E+2	0,000E+0	1,730E+2	1,729E+2	0,000E+0	1,185E+0	1,179E+0	0,000E+0	3	1000
1212,296	85,500	124,700	2,102E+2	0,000E+0	1,729E+2	1,731E+2	0,000E+0	1,183E+0	1,179E+0	0,000E+0	3	1000
1213,296	85,500	124,700	2,102E+2	0,000E+0	1,729E+2	1,731E+2	0,000E+0	1,183E+0	1,179E+0	0,000E+0	3	1000
1214,296	85,600	124,200	2,098E+2	0,000E+0	1,730E+2	1,729E+2	0,000E+0	1,181E+0	1,178E+0	0,000E+0	3	1000
1215,296	85,700	124,100	2,098E+2	0,000E+0	1,729E+2	1,728E+2	0,000E+0	1,184E+0	1,179E+0	0,000E+0	4	1000
1216,296	85,400	125,000	2,104E+2	0,000E+0	1,729E+2	1,731E+2	0,000E+0	1,186E+0	1,182E+0	0,000E+0	4	1000
1217,298	85,400	124,500	2,099E+2	0,000E+0	1,730E+2	1,733E+2	0,000E+0	1,181E+0	1,176E+0	0,000E+0	4	1000
1218,297	85,400	124,500	2,099E+2	0,000E+0	1,730E+2	1,733E+2	0,000E+0	1,181E+0	1,176E+0	0,000E+0	4	1000
1219,299	85,400	124,500	2,099E+2	0,000E+0	1,730E+2	1,733E+2	0,000E+0	1,181E+0	1,176E+0	0,000E+0	4	1000
1220,298	85,400	124,500	2,099E+2	0,000E+0	1,730E+2	1,733E+2	0,000E+0	1,181E+0	1,176E+0	0,000E+0	4	1000
1221,298	85,400	124,500	2,099E+2	0,000E+0	1,730E+2	1,733E+2	0,000E+0	1,181E+0	1,176E+0	0,000E+0	4	1000
1222,298	85,500	124,600	2,101E+2	0,000E+0	1,733E+2	1,730E+2	0,000E+0	1,183E+0	1,179E+0	0,000E+0	4	1000
1223,299	85,500	124,600	2,101E+2	0,000E+0	1,733E+2	1,730E+2	0,000E+0	1,183E+0	1,179E+0	0,000E+0	4	1000
1224,300	85,500	124,600	2,101E+2	0,000E+0	1,733E+2	1,730E+2	0,000E+0	1,183E+0	1,179E+0	0,000E+0	4	1000
1225,299	85,500	124,600	2,101E+2	0,000E+0	1,733E+2	1,730E+2	0,000E+0	1,183E+0	1,179E+0	0,000E+0	4	1000
1226,299	85,500	124,500	2,100E+2	0,000E+0	1,728E+2	1,727E+2	0,000E+0	1,187E+0	1,180E+0	0,000E+0	4	1000
1227,301	85,700	124,500	2,102E+2	0,000E+0	1,728E+2	1,730E+2	0,000E+0	1,185E+0	1,177E+0	0,000E+0	4	1000
1228,300	85,700	124,500	2,102E+2	0,000E+0	1,728E+2	1,730E+2	0,000E+0	1,185E+0	1,177E+0	0,000E+0	4	1000
1229,301	85,500	124,700	2,102E+2	0,000E+0	1,731E+2	1,729E+2	0,000E+0	1,186E+0	1,180E+0	0,000E+0	4	1000
1230,301	85,700	124,600	2,103E+2	0,000E+0	1,729E+2	1,730E+2	0,000E+0	1,182E+0	1,179E+0	0,000E+0	4	1000
1231,301	85,300	124,800	2,101E+2	0,000E+0	1,730E+2	1,732E+2	0,000E+0	1,181E+0	1,179E+0	0,000E+0	5	1000
1232,301	85,800	124,200	2,100E+2	0,000E+0	1,730E+2	1,728E+2	0,000E+0	1,184E+0	1,177E+0	0,000E+0	5	1000
1233,301	85,500	124,500	2,100E+2	0,000E+0	1,728E+2	1,728E+2	0,000E+0	1,183E+0	1,179E+0	0,000E+0	5	1000
1234,301	85,700	124,300	2,100E+2	0,000E+0	1,731E+2	1,728E+2	0,000E+0	1,186E+0	1,177E+0	0,000E+0	5	1000
1235,301	85,700	124,300	2,100E+2	0,000E+0	1,731E+2	1,728E+2	0,000E+0	1,186E+0	1,177E+0	0,000E+0	5	1000
1236,302	85,700	124,300	2,100E+2	0,000E+0	1,731E+2	1,728E+2	0,000E+0	1,186E+0	1,177E+0	0,000E+0	5	1000
1237,301	85,700	124,300	2,100E+2	0,000E+0	1,731E+2	1,728E+2	0,000E+0	1,186E+0	1,177E+0	0,000E+0	5	1000
1238,301	85,700	124,300	2,100E+2	0,000E+0	1,731E+2	1,728E+2	0,000E+0	1,186E+0	1,177E+0	0,000E+0	5	1000
1239,301	85,400	124,700	2,101E+2	0,000E+0	1,729E+2	1,731E+2	0,000E+0	1,182E+0	1,179E+0	0,000E+0	5	1000
1240,301	85,400	124,700	2,101E+2	0,000E+0	1,729E+2	1,731E+2	0,000E+0	1,182E+0	1,179E+0	0,000E+0	5	1000
1241,302	85,400	124,700	2,101E+2	0,000E+0	1,729E+2	1,731E+2	0,000E+0	1,182E+0	1,179E+0	0,000E+0	5	1000
1242,301	85,300	124,900	2,102E+2	0,000E+0	1,731E+2	1,732E+2	0,000E+0	1,184E+0	1,181E+0	0,000E+0	5	1000
1243,302	85,300	124,900	2,102E+2	0,000E+0	1,731E+2	1,732E+2	0,000E+0	1,184E+0	1,181E+0	0,000E+0	5	1000
1244,301	85,700	124,500	2,102E+2	0,000E+0	1,729E+2	1,728E+2	0,000E+0	1,186E+0	1,180E+0	0,000E+0	5	1000
1245,301	85,700	124,500	2,102E+2	0,000E+0	1,729E+2	1,728E+2	0,000E+0	1,186E+0	1,180E+0	0,000E+0	5	1000
1246,301	85,800	124,200	2,100E+2	0,000E+0	1,732E+2	1,728E+2	0,000E+0	1,186E+0	1,177E+0	0,000E+0	5	1000
1247,302	85,500	124,400	2,099E+2	0,000E+0	1,731E+2	1,727E+2	0,000E+0	1,186E+0	1,180E+0	0,000E+0	5	1000
1248,304	86,100	124,200	2,103E+2	0,000E+0	1,731E+2	1,732E+2	0,000E+0	1,185E+0	1,175E+0	0,000E+0	5	1000
1249,303	85,700	124,300	2,100E+2	0,000E+0	1,731E+2	1,730E+2	0,000E+0	1,185E+0	1,177E+0	0,000E+0	5	1000
1250,305	85,500	124,400	2,099E+2	0,000E+0	1,729E+2	1,729E+2	0,000E+0	1,184E+0	1,178E+0	0,000E+0	5	1000
1251,304	85,500	124,400	2,099E+2	0,000E+0	1,729E+2	1,729E+2	0,000E+0	1,184E+0	1,178E+0	0,000E+0	5	1000
1252,304	85,500	124,500	2,100E+2	0,000E+0	1,729E+2	1,731E+2	0,000E+0	1,184E+0	1,180E+0	0,000E+0	5	1000
1253,305	85,700	124,100	2,098E+2	0,000E+0	1,729E+2	1,730E+2	0,000E+0	1,185E+0	1,177E+0	0,000E+0	5	1000
1254,305	85,800	124,300	2,101E+2	0,000E+0	1,730E+2	1,730E+2	0,000E+0	1,186E+0	1,178E+0	0,000E+0	5	1000
1255,306	85,500	124,500	2,100E+2	0,000E+0	1,728E+2	1,731E+2	0,000E+0	1,182E+0	1,179E+0	0,000E+0	5	1000
1256,305	85,200	124,800	2,100E+2	0,000E+0	1,729E+2	1,731E+2	0,000E+0	1,183E+0	1,180E+0	0,000E+0	5	1000
1257,306	85,500	124,500	2,100E+2	0,000E+0	1,728E+2	1,728E+2	0,000E+0	1,182E+0	1,179E+0	0,000E+0	5	1000
1258,305	85,600	124,700	2,103E+2	0,000E+0	1,729E+2	1,728E+2	0,000E+0	1,187E+0	1,181E+0	0,000E+0	5	1000
1259,305	85,400	124,500	2,099E+2	0,000E+0	1,729E+2	1,729E+2	0,000E+0	1,183E+0	1,179E+0	0,000E+0	6	1000
1260,306	85,200	124,800	2,100E+2	0,000E+0	1,726E+2	1,729E+2	0,000E+0	1,184E+0	1,180E+0	0,000E+0	6	1000
1261,306	85,700	124,700	2,104E+2	0,000E+0	1,730E+2	1,729E+2	0,000E+0	1,187E+0	1,180E+0	0,000E+0	6	1000
1262,307	85,700	124,700	2,104E+2	0,000E+0	1,730E+2	1,729E+2	0,000E+0	1,187E+0	1,180E+0	0,000E+0	6	1000
1263,306	85,700	124,700	2,104E+2	0,000E+0	1,730E+2	1,729E+2	0,000E+0	1,187E+0	1,180E+0	0,000E+0	6	1000
1264,306	85,700	124,700	2,104E+2	0,000E+0	1,730E+2	1,729E+2	0,000E+0	1,187E+0	1,180E+0	0,000E+0	6	1000
1265,306	85,700	124,700	2,104E+2	0,000E+0	1,730E+2	1,729E+2	0,000E+0	1,187E+0	1,180E+0	0,000E+0	6	1000
1266,306	85,800	124,400	2,102E+2	0,000E+0	1,730E+2	1,730E+2	0,000E+0	1,186E+0	1,178E+0	0,000E+0	6	1000
1267,306	85,800	124,400	2,102E+2	0,000E+0	1,730E+2	1,730E+2	0,000E+0	1,186E+0	1,178E+0	0,000E+0	6	1000
1268,306	85,800	124,400	2,102E+2	0,000E+0	1,730E+2	1,730E+2	0,000E+0	1,186E+0	1,178E+0	0,000E+0	6	1000
1269,307	85,800	124,400	2,102E+2	0,000E+0	1,730E+2	1,730E+2	0,000E+0	1,186E+0	1,178E+0	0,000E+0	6	1000
1270,306	85,400	124,300	2,097E+2	0,000E+0	1,731E+2	1,730E+2	0,000E+0	1,183E+0	1,177E+0	0,000E+0	6	1000
1271,307	85,700	124,300	2,100E+2	0,000E+0	1,730E+2	1,727E+2	0,000E+0	1,185E+0	1,178E+0	0,000E+0	6	1000
1272,306	85,700	124,300	2,100E+2	0,000E+0	1,730E+2	1,727E+2	0,000E+0	1,185E+0	1,178E+0	0,000E+0	6	1000
1273,306	85,400	124,400	2,098E+2	0,000E+0	1,728E+2	1,730E+2	0,000E+0	1,183E+0	1,177E+0	0,000E+0	6	1000
1274,307	85,400	124,800	2,102E+2	0,000E+0	1,729E+2	1,729E+2	0,000E+0	1,184E+0	1,181E+0	0,000E+0	6	1000
1275,306	85,600	124,400	2,100E+2	0,000E+0	1,730E+2	1,729E+2	0,000E+0	1,185E+0	1,178E+0	0,000E+0	6	1000
1276,307	85,600	124,300	2,099E+2	0,000E+0	1,728E+2	1,728E+2	0,000E+0	1,183E+0	1,178E+0	0,000E+0	7	1000
1277,306	85,600	124,200	2,098E+2	0,000E+0	1,731E+2	1,728E+2	0,000E+0	1,185E+0	1,176E+0	0,000E+0	7	1000
1278,306	85,100	124,800	2,099E+2	0,000E+0	1,727E+2	1,729E+2	0,000E+0	1,183E+0	1,181E+0	0,000E+0	7	1000
1279,306	85,400	124,800	2,102E+2	0,000E+0	1,729E+2	1,731E+2	0,000E+0	1,185E+0	1,179E+0	0,000E+0	7	1000
1280,306	85,800	124,100	2,099E+2	0,000E+0	1,731E+2	1,728E+2	0,000E+0	1,185E+0	1,176E+0	0,000E+0	7	1000
1281,307	85,800	124,100	2,099E+2	0,000E+0	1,731E+2	1,728E+2	0,000E+0	1,185E+0	1,176E+0	0,000E+0	7	1000
1282,307	85,800	124,100	2,099E+2	0,000E+0	1,731E+2	1,728E+2	0,000E+0	1,185E+0	1,176E+0	0,000E+0	7	1000
1283,308	85,400	124,500	2,099E+2	0,000E+0	1,729E+2	1,729E+2	0,000E+0	1,184E+0	1,179E+0	0,000E+0	7	1000
1284,307	85,400	124,500	2,099E+2	0,000E+0	1,729E+2	1,729E+2	0,000E+0	1,184E+0	1,179E+0	0,000E+0	7	1000
1285,308	85,400	124,500	2,099E+2	0,000E+0	1,729E+2	1,729E+2	0,000E+0	1,184E+0	1,179E+0	0,000E+0	7	1000
1286,307	85,300	124,900	2,102E+2	0,000E+0	1,729E+2	1,729E+2	0,000E+0	1,183E+0	1,182E+0	0,000E+0	7	1000
1287,307	85,300	124,900	2,102E+2	0,000E+0	1,729E+2	1,729E+2	0,000E+0	1,183E+0	1,182E+0	0,000E+0	7	1000
1288,307	85,300	124,900	2,102E+2	0,000E+0	1,729E+2	1,729E+2	0,000E+0	1,183E+0	1,182E+0	0,000E+0	7	1000
1289,307	85,300	124,900	2,102E+2	0,000E+0	1,729E+2	1,729E+2	0,000E+0	1,183E+0	1,182E+0	0,000E+0	7	1000
1290,309	85,600	124,400	2,100E+2	0,000E+0	1,728E+2	1,727E+2	0,000E+0	1,187E+0	1,179E+0	0,000E+0	7	1000
1291,308	85,600	124,400	2,100E+2	0,000E+0	1,728E+2	1,727E+2	0,000E+0	1,187E+0	1,179E+0	0,000E+0	7	1000
1292,308	85,400	124,800	2,102E+2	0,000E+0	1,731E+2	1,730E+2	0,000E+0	1,184E+0	1,179E+0	0,000E+0	7	1000
1293,309	85,400	124,800	2,102E+2	0,000E+0	1,731E+2	1,730E+2	0,000E+0	1,184E+0	1,179E+0	0,000E+0	7	1000
1294,309	85,600	124,700	2,103E+2	0,000E+0	1,730E+2	1,731E+2	0,000E+0	1,187E+0	1,179E+0	0,000E+0	7	1000
1295,311	85,400	124,800	2,102E+2	0,000E+0	1,733E+2	1,734E+2	0,000E+0	1,184E+0	1,180E+0	0,000E+0	7	1001
1296,310	85,500	124,400	2,099E+2	0,000E+0	1,731E+2	1,731E+2	0,000E+0	1,181E+0	1,178E+0	0,000E+0	7	1001
1297,311	85,900	124,200	2,101E+2	0,000E+0	1,733E+2	1,731E+2	0,000E+0	1,188E+0	1,178E+0	0,000E+0	7	1001
1298,310	85,200	124,200	2,094E+2	0,000E+0	1,729E+2	1,729E+2	0,000E+0	1,184E+0	1,178E+0	0,000E+0	7	1001
1299,310	85,300	124,900	2,102E+2	0,000E+0	1,729E+2	1,731E+2	0,000E+0	1,184E+0	1,182E+0	0,000E+0	7	1001
1300,310	85,500	124,000	2,095E+2	0,000E+0	1,730E+2	1,729E+2	0,000E+0	1,184E+0	1,176E+0	0,000E+0	7	1001
1301,311	85,700	124,500	2,102E+2	0,000E+0	1,732E+2	1,729E+2	0,000E+0	1,185E+0	1,179E+0	0,000E+0	7	1001
1302,312	85,400	125,100	2,105E+2	0,000E+0	1,729E+2	1,731E+2	0,000E+0	1,184E+0	1,183E+0	0,000E+0	7	1001
1303,311	85,500	124,400	2,099E+2	0,000E+0	1,729E+2	1,729E+2	0,000E+0	1,182E+0	1,176E+0	0,000E+0	7	1001
1304,312	85,500	124,400	2,099E+2	0,000E+0	1,729E+2	1,729E+2	0,000E+0	1,182E+0	1,176E+0	0,000E+0	7	1001
1305,312	85,500	124,400	2,099E+2	0,000E+0	1,729E+2	1,729E+2	0,000E+0	1,182E+0	1,176E+0	0,000E+0	7	1001
1306,312	85,500	124,400	2,099E+2	0,000E+0	1,729E+2	1,729E+2	0,000E+0	1,182E+0	1,176E+0	0,000E+0	7	1001
1307,312	85,400	124,700	2,101E+2	0,000E+0	1,728E+2	1,728E+2	0,000E+0	1,186E+0	1,181E+0	0,000E+0	7	1001
1308,313	85,400	124,700	2,101E+2	0,000E+0	1,728E+2	1,728E+2	0,000E+0	1,186E+0	1,181E+0	0,000E+0	7	1001
1309,314	85,400	124,700	2,101E+2	0,000E+0	1,728E+2	1,728E+2	0,000E+0	1,186E+0	1,181E+0	0,000E+0	7	1001
1310,314	85,300	124,400	2,097E+2	0,000E+0	1,728E+2	1,728E+2	0,000E+0	1,184E+0	1,180E+0	0,000E+0	7	1001
1311,315	85,300	124,400	2,097E+2	0,000E+0	1,728E+2	1,728E+2	0,000E+0	1,184E+0	1,180E+0	0,000E+0	7	1001
1312,315	85,500	124,700	2,102E+2	0,000E+0	1,730E+2	1,726E+2	0,000E+0	1,186E+0	1,181E+0	0,000E+0	7	1001
1313,315	85,500	124,700	2,102E+2	0,000E+0	1,730E+2	1,726E+2	0,000E+0	1,186E+0	1,181E+0	0,000E+0	7	1001
1314,316	85,900	124,000	2,099E+2	0,000E+0	1,729E+2	1,725E+2	0,000E+0	1,185E+0	1,178E+0	0,000E+0	7	1001
1315,315	85,900	124,000	2,099E+2	0,000E+0	1,729E+2	1,725E+2	0,000E+0	1,185E+0	1,178E+0	0,000E+0	7	1001
1316,317	85,500	124,800	2,103E+2	0,000E+0	1,726E+2	1,731E+2	0,000E+0	1,184E+0	1,181E+0	0,000E+0	7	1001
1317,316	85,300	124,600	2,099E+2	0,000E+0	1,730E+2	1,730E+2	0,000E+0	1,184E+0	1,181E+0	0,000E+0	6	1001
1318,316	85,800	124,400	2,102E+2	0,000E+0	1,731E+2	1,728E+2	0,000E+0	1,186E+0	1,179E+0	0,000E+0	6	1001
1319,316	85,600	124,200	2,098E+2	0,000E+0	1,729E+2	1,729E+2	0,000E+0	1,185E+0	1,178E+0	0,000E+0	6	1001
1320,316	85,900	124,200	2,101E+2	0,000E+0	1,728E+2	1,728E+2	0,000E+0	1,184E+0	1,177E+0	0,000E+0	6	1001
1321,317	85,900	124,200	2,101E+2	0,000E+0	1,728E+2	1,728E+2	0,000E+0	1,184E+0	1,177E+0	0,000E+0	6	1001
1322,316	85,900	124,200	2,101E+2	0,000E+0	1,728E+2	1,728E+2	0,000E+0	1,184E+0	1,177E+0	0,000E+0	6	1001
1323,316	85,900	124,200	2,101E+2	0,000E+0	1,728E+2	1,728E+2	0,000E+0	1,184E+0	1,177E+0	0,000E+0	6	1001
1324,316	85,500	124,800	2,103E+2	0,000E+0	1,728E+2	1,729E+2	0,000E+0	1,186E+0	1,180E+0	0,000E+0	6	1001
1325,316	85,500	124,800	2,103E+2	0,000E+0	1,728E+2	1,729E+2	0,000E+0	1,186E+0	1,180E+0	0,000E+0	6	1001
1326,316	85,500	124,800	2,103E+2	0,000E+0	1,728E+2	1,729E+2	0,000E+0	1,186E+0	1,180E+0	0,000E+0	6	1001
1327,317	85,500	124,800	2,103E+2	0,000E+0	1,728E+2	1,729E+2	0,000E+0	1,186E+0	1,180E+0	0,000E+0	6	1001
1328,318	85,700	124,500	2,102E+2	0,000E+0	1,729E+2	1,728E+2	0,000E+0	1,186E+0	1,178E+0	0,000E+0	6	1001
1329,317	85,700	124,500	2,102E+2	0,000E+0	1,729E+2	1,728E+2	0,000E+0	1,186E+0	1,178E+0	0,000E+0	6	1001
1330,318	85,300	124,500	2,098E+2	0,000E+0	1,728E+2	1,728E+2	0,000E+0	1,181E+0	1,178E+0	0,000E+0	6	1001
1331,317	85,300	124,500	2,098E+2	0,000E+0	1,728E+2	1,728E+2	0,000E+0	1,181E+0	1,178E+0	0,000E+0	6	1001
1332,318	85,100	124,700	2,098E+2	0,000E+0	1,729E+2	1,730E+2	0,000E+0	1,182E+0	1,180E+0	0,000E+0	5	1001
1333,318	85,800	124,600	2,104E+2	0,000E+0	1,730E+2	1,729E+2	0,000E+0	1,190E+0	1,179E+0	0,000E+0	5	1001
1334,319	85,800	124,300	2,101E+2	0,000E+0	1,729E+2	1,725E+2	0,000E+0	1,186E+0	1,177E+0	0,000E+0	5	1001
1335,320	85,700	124,400	2,101E+2	0,000E+0	1,727E+2	1,728E+2	0,000E+0	1,184E+0	1,179E+0	0,000E+0	5	1001
1336,320	85,700	124,400	2,101E+2	0,000E+0	1,727E+2	1,728E+2	0,000E+0	1,184E+0	1,179E+0	0,000E+0	5	1001
1337,320	85,700	124,400	2,101E+2	0,000E+0	1,727E+2	1,728E+2	0,000E+0	1,184E+0	1,179E+0	0,000E+0	5	1001
1338,321	85,700	124,400	2,101E+2	0,000E+0	1,727E+2	1,728E+2	0,000E+0	1,184E+0	1,179E+0	0,000E+0	5	1001
1339,321	85,700	124,400	2,101E+2	0,000E+0	1,727E+2	1,728E+2	0,000E+0	1,184E+0	1,179E+0	0,000E+0	5	1001
1340,323	85,700	124,500	2,102E+2	0,000E+0	1,728E+2	1,728E+2	0,000E+0	1,186E+0	1,179E+0	0,000E+0	5	1001
1341,322	85,700	124,500	2,102E+2	0,000E+0	1,728E+2	1,728E+2	0,000E+0	1,186E+0	1,179E+0	0,000E+0	5	1001
1342,324	85,700	124,500	2,102E+2	0,000E+0	1,728E+2	1,728E+2	0,000E+0	1,186E+0	1,179E+0	0,000E+0	5	1001
1343,323	85,100	124,600	2,097E+2	0,000E+0	1,724E+2	1,728E+2	0,000E+0	1,182E+0	1,181E+0	0,000E+0	5	1001
1344,323	85,100	124,600	2,097E+2	0,000E+0	1,724E+2	1,728E+2	0,000E+0	1,182E+0	1,181E+0	0,000E+0	5	1001
1345,323	85,400	124,500	2,099E+2	0,000E+0	1,727E+2	1,728E+2	0,000E+0	1,184E+0	1,179E+0	0,000E+0	5	1001
1346,323	85,400	124,500	2,099E+2	0,000E+0	1,727E+2	1,728E+2	0,000E+0	1,184E+0	1,179E+0	0,000E+0	5	1001
1347,325	85,700	124,900	2,106E+2	0,000E+0	1,727E+2	1,727E+2	0,000E+0	1,186E+0	1,181E+0	0,000E+0	5	1001
1348,325	85,700	124,900	2,106E+2	0,000E+0	1,727E+2	1,727E+2	0,000E+0	1,186E+0	1,181E+0	0,000E+0	5	1001
1349,325	85,600	124,100	2,097E+2	0,000E+0	1,728E+2	1,727E+2	0,000E+0	1,184E+0	1,177E+0	0,000E+0	5	1001
1350,325	86,000	124,200	2,102E+2	0,000E+0	1,729E+2	1,724E+2	0,000E+0	1,188E+0	1,179E+0	0,000E+0	5	1001
1351,326	85,500	124,000	2,095E+2	0,000E+0	1,727E+2	1,726E+2	0,000E+0	1,183E+0	1,176E+0	0,000E+0	5	1001
1352,326	85,500	124,700	2,102E+2	0,000E+0	1,730E+2	1,731E+2	0,000E+0	1,186E+0	1,180E+0	0,000E+0	5	1001
1353,327	85,500	124,600	2,101E+2	0,000E+0	1,728E+2	1,727E+2	0,000E+0	1,186E+0	1,181E+0	0,000E+0	5	1001
1354,328	85,400	124,500	2,099E+2	0,000E+0	1,727E+2	1,729E+2	0,000E+0	1,182E+0	1,179E+0	0,000E+0	5	1001
1355,327	85,600	124,800	2,104E+2	0,000E+0	1,730E+2	1,727E+2	0,000E+0	1,187E+0	1,182E+0	0,000E+0	5	1001
1356,328	86,000	123,600	2,096E+2	0,000E+0	1,728E+2	1,726E+2	0,000E+0	1,183E+0	1,172E+0	0,000E+0	5	1001
1357,328	85,700	124,300	2,100E+2	0,000E+0	1,729E+2	1,726E+2	0,000E+0	1,188E+0	1,177E+0	0,000E+0	5	1001
1358,329	85,700	124,300	2,100E+2	0,000E+0	1,729E+2	1,726E+2	0,000E+0	1,188E+0	1,177E+0	0,000E+0	5	1001
1360,330	85,500	124,500	2,100E+2	0,000E+0	1,727E+2	1,728E+2	0,000E+0	1,183E+0	1,178E+0	0,000E+0	5	1001
1360,330	85,200	125,000	2,102E+2	0,000E+0	1,726E+2	1,730E+2	0,000E+0	1,180E+0	1,181E+0	0,000E+0	5	1001
1361,329	85,600	124,400	2,100E+2	0,000E+0	1,728E+2	1,726E+2	0,000E+0	1,186E+0	1,179E+0	0,000E+0	5	1001
1362,330	85,700	124,300	2,100E+2	0,000E+0	1,729E+2	1,726E+2	0,000E+0	1,186E+0	1,179E+0	0,000E+0	5	1001
1363,330	85,700	124,200	2,099E+2	0,000E+0	1,728E+2	1,724E+2	0,000E+0	1,191E+0	1,180E+0	0,000E+0	4	1001
1364,330	85,500	124,700	2,102E+2	0,000E+0	1,727E+2	1,728E+2	0,000E+0	1,184E+0	1,180E+0	0,000E+0	4	1001
1365,330	85,400	124,700	2,101E+2	0,000E+0	1,729E+2	1,724E+2	0,000E+0	1,186E+0	1,181E+0	0,000E+0	4	1001
1366,330	85,300	124,600	2,099E+2	0,000E+0	1,729E+2	1,726E+2	0,000E+0	1,185E+0	1,181E+0	0,000E+0	4	1001
1367,331	85,900	124,500	2,104E+2	0,000E+0	1,731E+2	1,725E+2	0,000E+0	1,186E+0	1,180E+0	0,000E+0	4	1001
1368,330	85,900	124,500	2,104E+2	0,000E+0	1,731E+2	1,725E+2	0,000E+0	1,186E+0	1,180E+0	0,000E+0	4	1001
1369,331	85,900	124,500	2,104E+2	0,000E+0	1,731E+2	1,725E+2	0,000E+0	1,186E+0	1,180E+0	0,000E+0	4	1001
1370,332	85,900	124,500	2,104E+2	0,000E+0	1,731E+2	1,725E+2	0,000E+0	1,186E+0	1,180E+0	0,000E+0	4	1001
1371,332	85,900	124,500	2,104E+2	0,000E+0	1,731E+2	1,725E+2	0,000E+0	1,186E+0	1,180E+0	0,000E+0	4	1001
1372,334	85,500	124,500	2,100E+2	0,000E+0	1,729E+2	1,727E+2	0,000E+0	1,186E+0	1,180E+0	0,000E+0	4	1001
1373,334	85,500	124,500	2,100E+2	0,000E+0	1,729E+2	1,727E+2	0,000E+0	1,186E+0	1,180E+0	0,000E+0	4	1001
1374,335	85,500	124,500	2,100E+2	0,000E+0	1,729E+2	1,727E+2	0,000E+0	1,186E+0	1,180E+0	0,000E+0	4	1001
1375,335	85,400	124,500	2,099E+2	0,000E+0	1,727E+2	1,729E+2	0,000E+0	1,184E+0	1,179E+0	0,000E+0	4	1001
1376,336	85,400	124,500	2,099E+2	0,000E+0	1,727E+2	1,729E+2	0,000E+0	1,184E+0	1,179E+0	0,000E+0	4	1001
1377,336	85,500	124,500	2,100E+2	0,000E+0	1,730E+2	1,730E+2	0,000E+0	1,185E+0	1,179E+0	0,000E+0	4	1001
1378,336	85,500	124,500	2,100E+2	0,000E+0	1,730E+2	1,730E+2	0,000E+0	1,185E+0	1,179E+0	0,000E+0	4	1001
1379,337	85,500	124,500	2,100E+2	0,000E+0	1,728E+2	1,729E+2	0,000E+0	1,184E+0	1,178E+0	0,000E+0	4	1001
1380,336	85,900	124,200	2,101E+2	0,000E+0	1,730E+2	1,724E+2	0,000E+0	1,189E+0	1,179E+0	0,000E+0	3	1001
1381,337	85,100	124,600	2,097E+2	0,000E+0	1,727E+2	1,729E+2	0,000E+0	1,183E+0	1,180E+0	0,000E+0	3	1001
1382,336	85,200	124,700	2,099E+2	0,000E+0	1,724E+2	1,728E+2	0,000E+0	1,186E+0	1,181E+0	0,000E+0	3	1001
1383,336	85,600	124,500	2,101E+2	0,000E+0	1,726E+2	1,729E+2	0,000E+0	1,185E+0	1,178E+0	0,000E+0	3	1001
1384,337	85,600	124,500	2,101E+2	0,000E+0	1,726E+2	1,729E+2	0,000E+0	1,185E+0	1,178E+0	0,000E+0	3	1001
1385,337	85,600	124,500	2,101E+2	0,000E+0	1,726E+2	1,729E+2	0,000E+0	1,185E+0	1,178E+0	0,000E+0	3	1001
1386,338	85,600	124,500	2,101E+2	0,000E+0	1,726E+2	1,729E+2	0,000E+0	1,185E+0	1,178E+0	0,000E+0	3	1001
1387,338	85,600	124,500	2,101E+2	0,000E+0	1,726E+2	1,729E+2	0,000E+0	1,185E+0	1,178E+0	0,000E+0	3	1001
1388,338	85,700	124,700	2,104E+2	0,000E+0	1,730E+2	1,727E+2	0,000E+0	1,188E+0	1,180E+0	0,000E+0	3	1001
1389,338	85,700	124,700	2,104E+2	0,000E+0	1,730E+2	1,727E+2	0,000E+0	1,188E+0	1,180E+0	0,000E+0	3	1001
1390,339	85,700	124,700	2,104E+2	0,000E+0	1,730E+2	1,727E+2	0,000E+0	1,188E+0	1,180E+0	0,000E+0	3	1001
1391,339	85,400	124,700	2,101E+2	0,000E+0	1,727E+2	1,725E+2	0,000E+0	1,185E+0	1,180E+0	0,000E+0	3	1001
1392,340	85,400	124,700	2,101E+2	0,000E+0	1,727E+2	1,725E+2	0,000E+0	1,185E+0	1,180E+0	0,000E+0	3	1001
1393,339	85,200	124,600	2,098E+2	0,000E+0	1,727E+2	1,726E+2	0,000E+0	1,186E+0	1,179E+0	0,000E+0	3	1001
1394,339	85,200	124,600	2,098E+2	0,000E+0	1,727E+2	1,726E+2	0,000E+0	1,186E+0	1,179E+0	0,000E+0	3	1001
1395,339	85,900	124,400	2,103E+2	0,000E+0	1,727E+2	1,726E+2	0,000E+0	1,187E+0	1,179E+0	0,000E+0	3	1001
1396,340	85,900	124,400	2,103E+2	0,000E+0	1,727E+2	1,726E+2	0,000E+0	1,187E+0	1,179E+0	0,000E+0	3	1001
1397,340	85,300	124,600	2,099E+2	0,000E+0	1,729E+2	1,728E+2	0,000E+0	1,183E+0	1,180E+0	0,000E+0	2	1001
1398,340	86,000	124,000	2,100E+2	0,000E+0	1,727E+2	1,724E+2	0,000E+0	1,189E+0	1,178E+0	0,000E+0	2	1001
1399,340	85,200	124,500	2,097E+2	0,000E+0	1,726E+2	1,726E+2	0,000E+0	1,183E+0	1,179E+0	0,000E+0	2	1001
1400,340	85,400	124,800	2,102E+2	0,000E+0	1,726E+2	1,726E+2	0,000E+0	1,188E+0	1,180E+0	0,000E+0	2	1001
1401,340	85,400	124,800	2,102E+2	0,000E+0	1,726E+2	1,726E+2	0,000E+0	1,188E+0	1,180E+0	0,000E+0	2	1001
1402,340	85,400	124,800	2,102E+2	0,000E+0	1,726E+2	1,726E+2	0,000E+0	1,188E+0	1,180E+0	0,000E+0	2	1001
1403,341	85,400	124,800	2,102E+2	0,000E+0	1,726E+2	1,726E+2	0,000E+0	1,188E+0	1,180E+0	0,000E+0	2	1001
1404,340	85,300	124,900	2,102E+2	0,000E+0	1,725E+2	1,727E+2	0,000E+0	1,185E+0	1,182E+0	0,000E+0	2	1001
1405,340	85,300	124,900	2,102E+2	0,000E+0	1,725E+2	1,727E+2	0,000E+0	1,185E+0	1,182E+0	0,000E+0	2	1001
1406,341	85,300	124,900	2,102E+2	0,000E+0	1,725E+2	1,727E+2	0,000E+0	1,185E+0	1,182E+0	0,000E+0	2	1001
1407,341	85,300	124,900	2,102E+2	0,000E+0	1,725E+2	1,727E+2	0,000E+0	1,185E+0	1,182E+0	0,000E+0	2	1001
1408,342	86,000	124,300	2,103E+2	0,000E+0	1,729E+2	1,725E+2	0,000E+0	1,188E+0	1,179E+0	0,000E+0	2	1001
1409,342	86,000	124,300	2,103E+2	0,000E+0	1,729E+2	1,725E+2	0,000E+0	1,188E+0	1,179E+0	0,000E+0	2	1001
1410,341	85,400	124,200	2,096E+2	0,000E+0	1,725E+2	1,727E+2	0,000E+0	1,184E+0	1,179E+0	0,000E+0	2	1001
1411,341	85,400	124,200	2,096E+2	0,000E+0	1,725E+2	1,727E+2	0,000E+0	1,184E+0	1,179E+0	0,000E+0	2	1001
1412,342	85,600	124,400	2,100E+2	0,000E+0	1,727E+2	1,726E+2	0,000E+0	1,184E+0	1,178E+0	0,000E+0	2	1001
1413,342	85,300	124,700	2,100E+2	0,000E+0	1,724E+2	1,725E+2	0,000E+0	1,185E+0	1,182E+0	0,000E+0	1	1001
1414,343	85,700	124,400	2,101E+2	0,000E+0	1,726E+2	1,725E+2	0,000E+0	1,187E+0	1,179E+0	0,000E+0	1	1001
1415,343	85,900	124,400	2,103E+2	0,000E+0	1,725E+2	1,724E+2	0,000E+0	1,188E+0	1,181E+0	0,000E+0	1	1001
1416,343	85,900	124,400	2,103E+2	0,000E+0	1,725E+2	1,724E+2	0,000E+0	1,188E+0	1,181E+0	0,000E+0	1	1001
1417,343	85,900	124,400	2,103E+2	0,000E+0	1,725E+2	1,724E+2	0,000E+0	1,188E+0	1,181E+0	0,000E+0	1	1001
1418,343	85,900	124,400	2,103E+2	0,000E+0	1,725E+2	1,724E+2	0,000E+0	1,188E+0	1,181E+0	0,000E+0	1	1001
1419,343	85,900	124,400	2,103E+2	0,000E+0	1,725E+2	1,724E+2	0,000E+0	1,188E+0	1,181E+0	0,000E+0	1	1001
1420,344	85,600	124,500	2,101E+2	0,000E+0	1,724E+2	1,726E+2	0,000E+0	1,186E+0	1,181E+0	0,000E+0	1	1001
1421,343	85,600	124,500	2,101E+2	0,000E+0	1,724E+2	1,726E+2	0,000E+0	1,186E+0	1,181E+0	0,000E+0	1	1001
1422,343	85,600	124,500	2,101E+2	0,000E+0	1,724E+2	1,726E+2	0,000E+0	1,186E+0	1,181E+0	0,000E+0	1	1001
1423,343	85,400	124,900	2,103E+2	0,000E+0	1,726E+2	1,725E+2	0,000E+0	1,186E+0	1,182E+0	0,000E+0	1	1001
1424,344	85,400	124,900	2,103E+2	0,000E+0	1,726E+2	1,725E+2	0,000E+0	1,186E+0	1,182E+0	0,000E+0	1	1001
1425,344	85,100	125,000	2,101E+2	0,000E+0	1,726E+2	1,725E+2	0,000E+0	1,187E+0	1,183E+0	0,000E+0	1	1001
1426,344	85,100	125,000	2,101E+2	0,000E+0	1,726E+2	1,725E+2	0,000E+0	1,187E+0	1,183E+0	0,000E+0	1	1001
1427,344	85,500	124,600	2,101E+2	0,000E+0	1,724E+2	1,725E+2	0,000E+0	1,182E+0	1,179E+0	0,000E+0	1	1001
1428,346	85,600	124,200	2,098E+2	0,000E+0	1,722E+2	1,722E+2	0,000E+0	1,184E+0	1,179E+0	0,000E+0	0	1001
1429,345	85,400	124,700	2,101E+2	0,000E+0	1,721E+2	1,719E+2	0,000E+0	1,189E+0	1,182E+0	0,000E+0	0	1001
1430,345	85,400	125,000	2,104E+2	0,000E+0	1,722E+2	1,724E+2	0,000E+0	1,188E+0	1,182E+0	0,000E+0	0	1001
1431,346	85,400	125,000	2,104E+2	0,000E+0	1,722E+2	1,724E+2	0,000E+0	1,188E+0	1,182E+0	0,000E+0	0	1001
1432,347	85,400	125,000	2,104E+2	0,000E+0	1,722E+2	1,724E+2	0,000E+0	1,188E+0	1,182E+0	0,000E+0	0	1001
1433,347	85,400	125,000	2,104E+2	0,000E+0	1,722E+2	1,724E+2	0,000E+0	1,188E+0	1,182E+0	0,000E+0	0	1001
1434,347	85,400	125,000	2,104E+2	0,000E+0	1,722E+2	1,724E+2	0,000E+0	1,188E+0	1,182E+0	0,000E+0	0	1001
1435,348	85,300	124,600	2,099E+2	0,000E+0	1,721E+2	1,720E+2	0,000E+0	1,185E+0	1,183E+0	0,000E+0	0	1001
1436,347	85,300	124,600	2,099E+2	0,000E+0	1,721E+2	1,720E+2	0,000E+0	1,185E+0	1,183E+0	0,000E+0	0	1001
1437,348	85,300	124,600	2,099E+2	0,000E+0	1,721E+2	1,720E+2	0,000E+0	1,185E+0	1,183E+0	0,000E+0	0	1001
1438,348	85,300	124,600	2,099E+2	0,000E+0	1,721E+2	1,720E+2	0,000E+0	1,185E+0	1,183E+0	0,000E+0	0	1001
1439,348	85,600	124,100	2,097E+2	0,000E+0	1,720E+2	1,721E+2	0,000E+0	1,186E+0	1,177E+0	0,000E+0	0	1001
1440,349	85,500	124,400	2,099E+2	0,000E+0	1,720E+2	1,719E+2	0,000E+0	1,187E+0	1,180E+0	0,000E+0	0	1001
1441,348	85,500	124,400	2,099E+2	0,000E+0	1,720E+2	1,719E+2	0,000E+0	1,187E+0	1,180E+0	0,000E+0	0	1001
1442,349	85,500	124,500	2,100E+2	0,000E+0	1,721E+2	1,719E+2	0,000E+0	1,189E+0	1,181E+0	0,000E+0	0	1001
1443,349	85,600	124,700	2,103E+2	0,000E+0	1,721E+2	1,718E+2	0,000E+0	1,189E+0	1,182E+0	0,000E+0	0	1001
1444,350	85,700	124,500	2,102E+2	0,000E+0	1,720E+2	1,720E+2	0,000E+0	1,188E+0	1,180E+0	0,000E+0	0	1001
1445,350	85,500	124,200	2,097E+2	0,000E+0	1,720E+2	1,717E+2	0,000E+0	1,186E+0	1,181E+0	0,000E+0	0	1010
1446,350	85,400	124,500	2,099E+2	0,000E+0	1,717E+2	1,720E+2	0,000E+0	1,184E+0	1,181E+0	0,000E+0	0	1010
1447,351	85,600	124,600	2,102E+2	0,000E+0	1,722E+2	1,719E+2	0,000E+0	1,191E+0	1,182E+0	0,000E+0	0	1010
1448,350	85,400	124,500	2,099E+2	0,000E+0	1,720E+2	1,722E+2	0,000E+0	1,186E+0	1,182E+0	0,000E+0	0	1010
1449,351	85,300	124,400	2,097E+2	0,000E+0	1,722E+2	1,721E+2	0,000E+0	1,186E+0	1,180E+0	0,000E+0	0	1010
1450,350	85,500	125,000	2,105E+2	0,000E+0	1,723E+2	1,721E+2	0,000E+0	1,191E+0	1,183E+0	0,000E+0	0	1010
1451,351	85,000	124,900	2,099E+2	0,000E+0	1,721E+2	1,719E+2	0,000E+0	1,187E+0	1,183E+0	0,000E+0	0	1010
1452,351	85,500	124,600	2,101E+2	0,000E+0	1,720E+2	1,721E+2	0,000E+0	1,185E+0	1,180E+0	0,000E+0	0	1010
1453,352	85,500	124,600	2,101E+2	0,000E+0	1,720E+2	1,721E+2	0,000E+0	1,185E+0	1,180E+0	0,000E+0	0	1010
1454,353	85,500	124,500	2,100E+2	0,000E+0	1,722E+2	1,720E+2	0,000E+0	1,186E+0	1,180E+0	0,000E+0	0	1010
1455,352	85,300	124,800	2,101E+2	0,000E+0	1,722E+2	1,719E+2	0,000E+0	1,188E+0	1,182E+0	0,000E+0	0	1010
1456,352	85,700	124,300	2,100E+2	0,000E+0	1,721E+2	1,719E+2	0,000E+0	1,189E+0	1,180E+0	0,000E+0	0	1010
1457,352	85,600	124,500	2,101E+2	0,000E+0	1,721E+2	1,721E+2	0,000E+0	1,188E+0	1,180E+0	0,000E+0	0	1010
1458,352	85,700	124,100	2,098E+2	0,000E+0	1,723E+2	1,720E+2	0,000E+0	1,187E+0	1,177E+0	0,000E+0	0	1010
1459,352	85,700	124,100	2,098E+2	0,000E+0	1,723E+2	1,720E+2	0,000E+0	1,187E+0	1,177E+0	0,000E+0	0	1010
1460,352	85,700	124,100	2,098E+2	0,000E+0	1,723E+2	1,720E+2	0,000E+0	1,187E+0	1,177E+0	0,000E+0	0	1010
1461,354	85,700	124,100	2,098E+2	0,000E+0	1,723E+2	1,720E+2	0,000E+0	1,187E+0	1,177E+0	0,000E+0	0	1010
1462,353	85,700	124,400	2,101E+2	0,000E+0	1,723E+2	1,720E+2	0,000E+0	1,189E+0	1,180E+0	0,000E+0	0	1010
1463,354	85,700	124,400	2,101E+2	0,000E+0	1,723E+2	1,720E+2	0,000E+0	1,189E+0	1,180E+0	0,000E+0	0	1010
1464,354	85,700	124,400	2,101E+2	0,000E+0	1,723E+2	1,720E+2	0,000E+0	1,189E+0	1,180E+0	0,000E+0	0	1010
1465,355	85,700	124,400	2,101E+2	0,000E+0	1,723E+2	1,720E+2	0,000E+0	1,189E+0	1,180E+0	0,000E+0	0	1010
1466,357	85,300	124,900	2,102E+2	0,000E+0	1,721E+2	1,721E+2	0,000E+0	1,187E+0	1,181E+0	0,000E+0	0	1010
1467,356	85,300	124,900	2,102E+2	0,000E+0	1,721E+2	1,721E+2	0,000E+0	1,187E+0	1,181E+0	0,000E+0	0	1010
1468,357	85,200	124,800	2,100E+2	0,000E+0	1,720E+2	1,722E+2	0,000E+0	1,185E+0	1,181E+0	0,000E+0	0	1010
1469,357	85,200	124,800	2,100E+2	0,000E+0	1,720E+2	1,722E+2	0,000E+0	1,185E+0	1,181E+0	0,000E+0	0	1010
1470,357	85,200	124,700	2,099E+2	0,000E+0	1,721E+2	1,720E+2	0,000E+0	1,187E+0	1,182E+0	0,000E+0	0	1010
1471,357	85,400	124,800	2,102E+2	0,000E+0	1,719E+2	1,721E+2	0,000E+0	1,187E+0	1,181E+0	0,000E+0	0	1010
1472,357	85,500	125,000	2,105E+2	0,000E+0	1,723E+2	1,721E+2	0,000E+0	1,186E+0	1,184E+0	0,000E+0	0	1010
1473,358	85,400	124,600	2,100E+2	0,000E+0	1,719E+2	1,720E+2	0,000E+0	1,186E+0	1,181E+0	0,000E+0	0	1010
1474,358	85,900	124,000	2,099E+2	0,000E+0	1,721E+2	1,718E+2	0,000E+0	1,188E+0	1,179E+0	0,000E+0	0	1010
1475,359	85,700	124,200	2,099E+2	0,000E+0	1,718E+2	1,718E+2	0,000E+0	1,187E+0	1,179E+0	0,000E+0	0	1010
1476,358	85,700	124,200	2,099E+2	0,000E+0	1,718E+2	1,718E+2	0,000E+0	1,187E+0	1,179E+0	0,000E+0	0	1010
1477,359	85,200	124,900	2,101E+2	0,000E+0	1,720E+2	1,721E+2	0,000E+0	1,186E+0	1,183E+0	0,000E+0	0	1010
1478,360	85,300	124,600	2,099E+2	0,000E+0	1,720E+2	1,718E+2	0,000E+0	1,186E+0	1,181E+0	0,000E+0	0	1010
1479,360	86,000	124,000	2,100E+2	0,000E+0	1,719E+2	1,718E+2	0,000E+0	1,189E+0	1,178E+0	0,000E+0	0	1010
1480,361	86,000	124,000	2,100E+2	0,000E+0	1,719E+2	1,718E+2	0,000E+0	1,189E+0	1,178E+0	0,000E+0	0	1010
1481,360	85,200	124,700	2,099E+2	0,000E+0	1,716E+2	1,719E+2	0,000E+0	1,183E+0	1,182E+0	0,000E+0	0	1010
1482,362	85,500	124,700	2,102E+2	0,000E+0	1,719E+2	1,719E+2	0,000E+0	1,187E+0	1,181E+0	0,000E+0	0	1010
1483,361	85,600	124,500	2,101E+2	0,000E+0	1,721E+2	1,719E+2	0,000E+0	1,187E+0	1,180E+0	0,000E+0	1	1010
1484,361	85,400	124,500	2,099E+2	0,000E+0	1,723E+2	1,721E+2	0,000E+0	1,188E+0	1,183E+0	0,000E+0	1	1010
1485,361	85,900	124,200	2,101E+2	0,000E+0	1,724E+2	1,722E+2	0,000E+0	1,189E+0	1,179E+0	0,000E+0	1	1010
1486,361	85,900	124,200	2,101E+2	0,000E+0	1,724E+2	1,722E+2	0,000E+0	1,189E+0	1,179E+0	0,000E+0	1	1010
1487,361	85,900	124,200	2,101E+2	0,000E+0	1,724E+2	1,722E+2	0,000E+0	1,189E+0	1,179E+0	0,000E+0	1	1010
1488,362	85,900	124,200	2,101E+2	0,000E+0	1,724E+2	1,722E+2	0,000E+0	1,189E+0	1,179E+0	0,000E+0	1	1010
1489,362	85,400	124,400	2,098E+2	0,000E+0	1,724E+2	1,723E+2	0,000E+0	1,189E+0	1,181E+0	0,000E+0	1	1010
1490,363	85,400	124,400	2,098E+2	0,000E+0	1,724E+2	1,723E+2	0,000E+0	1,189E+0	1,181E+0	0,000E+0	1	1010
1491,364	85,800	124,300	2,101E+2	0,000E+0	1,723E+2	1,723E+2	0,000E+0	1,188E+0	1,179E+0	0,000E+0	1	1010
1492,363	85,400	124,600	2,100E+2	0,000E+0	1,724E+2	1,722E+2	0,000E+0	1,187E+0	1,182E+0	0,000E+0	1	1010
1493,363	85,400	124,600	2,100E+2	0,000E+0	1,724E+2	1,722E+2	0,000E+0	1,187E+0	1,182E+0	0,000E+0	1	1010
1494,364	85,200	124,800	2,100E+2	0,000E+0	1,720E+2	1,724E+2	0,000E+0	1,185E+0	1,183E+0	0,000E+0	1	1010
1495,364	85,200	124,800	2,100E+2	0,000E+0	1,720E+2	1,724E+2	0,000E+0	1,185E+0	1,183E+0	0,000E+0	1	1010
1496,365	85,200	124,800	2,100E+2	0,000E+0	1,720E+2	1,724E+2	0,000E+0	1,185E+0	1,183E+0	0,000E+0	1	1010
1497,364	85,200	124,800	2,100E+2	0,000E+0	1,720E+2	1,724E+2	0,000E+0	1,185E+0	1,183E+0	0,000E+0	1	1010
1498,365	85,200	124,800	2,100E+2	0,000E+0	1,721E+2	1,722E+2	0,000E+0	1,184E+0	1,183E+0	0,000E+0	2	1010
1499,364	85,300	124,400	2,097E+2	0,000E+0	1,725E+2	1,723E+2	0,000E+0	1,184E+0	1,180E+0	0,000E+0	2	1010
1500,364	85,700	124,700	2,104E+2	0,000E+0	1,726E+2	1,726E+2	0,000E+0	1,186E+0	1,181E+0	0,000E+0	2	1010
1501,364	85,400	124,400	2,098E+2	0,000E+0	1,725E+2	1,723E+2	0,000E+0	1,188E+0	1,180E+0	0,000E+0	2	1010
1502,364	85,400	124,400	2,098E+2	0,000E+0	1,725E+2	1,723E+2	0,000E+0	1,188E+0	1,180E+0	0,000E+0	2	1010
1503,365	85,400	124,400	2,098E+2	0,000E+0	1,725E+2	1,723E+2	0,000E+0	1,188E+0	1,180E+0	0,000E+0	2	1010
1504,364	85,400	124,400	2,098E+2	0,000E+0	1,725E+2	1,723E+2	0,000E+0	1,188E+0	1,180E+0	0,000E+0	2	1010
1505,364	85,400	124,400	2,098E+2	0,000E+0	1,725E+2	1,723E+2	0,000E+0	1,188E+0	1,180E+0	0,000E+0	2	1010
1506,364	85,100	125,000	2,101E+2	0,000E+0	1,723E+2	1,727E+2	0,000E+0	1,186E+0	1,182E+0	0,000E+0	2	1010
1507,364	85,100	125,000	2,101E+2	0,000E+0	1,723E+2	1,727E+2	0,000E+0	1,186E+0	1,182E+0	0,000E+0	2	1010
1508,364	85,100	125,000	2,101E+2	0,000E+0	1,723E+2	1,727E+2	0,000E+0	1,186E+0	1,182E+0	0,000E+0	2	1010
1509,364	85,100	125,000	2,101E+2	0,000E+0	1,723E+2	1,727E+2	0,000E+0	1,186E+0	1,182E+0	0,000E+0	2	1010
1510,364	85,700	124,300	2,100E+2	0,000E+0	1,725E+2	1,724E+2	0,000E+0	1,188E+0	1,180E+0	0,000E+0	2	1010
1511,364	85,300	124,300	2,096E+2	0,000E+0	1,722E+2	1,723E+2	0,000E+0	1,186E+0	1,180E+0	0,000E+0	2	1010
1512,365	85,300	124,300	2,096E+2	0,000E+0	1,722E+2	1,723E+2	0,000E+0	1,186E+0	1,180E+0	0,000E+0	2	1010
1513,365	85,500	124,500	2,100E+2	0,000E+0	1,726E+2	1,725E+2	0,000E+0	1,186E+0	1,181E+0	0,000E+0	2	1010
1514,366	86,200	124,100	2,103E+2	0,000E+0	1,724E+2	1,725E+2	0,000E+0	1,186E+0	1,178E+0	0,000E+0	2	1010
1515,367	85,700	124,300	2,100E+2	0,000E+0	1,725E+2	1,722E+2	0,000E+0	1,188E+0	1,179E+0	0,000E+0	2	1010
1516,366	85,300	124,300	2,096E+2	0,000E+0	1,724E+2	1,725E+2	0,000E+0	1,184E+0	1,179E+0	0,000E+0	2	1010
1517,368	85,400	124,900	2,103E+2	0,000E+0	1,726E+2	1,724E+2	0,000E+0	1,188E+0	1,184E+0	0,000E+0	2	1010
1518,368	85,400	124,900	2,103E+2	0,000E+0	1,726E+2	1,725E+2	0,000E+0	1,186E+0	1,184E+0	0,000E+0	2	1010
1519,368	85,400	124,700	2,101E+2	0,000E+0	1,729E+2	1,726E+2	0,000E+0	1,186E+0	1,181E+0	0,000E+0	2	1010
1520,369	85,800	124,100	2,099E+2	0,000E+0	1,727E+2	1,725E+2	0,000E+0	1,189E+0	1,177E+0	0,000E+0	2	1010
1521,368	85,200	124,700	2,099E+2	0,000E+0	1,724E+2	1,726E+2	0,000E+0	1,184E+0	1,182E+0	0,000E+0	2	1010
1522,368	85,500	124,500	2,100E+2	0,000E+0	1,725E+2	1,722E+2	0,000E+0	1,186E+0	1,180E+0	0,000E+0	2	1010
1523,369	86,300	124,400	2,107E+2	0,000E+0	1,726E+2	1,723E+2	0,000E+0	1,190E+0	1,179E+0	0,000E+0	2	1010
1524,368	86,300	124,400	2,107E+2	0,000E+0	1,726E+2	1,723E+2	0,000E+0	1,190E+0	1,179E+0	0,000E+0	2	1010
1525,368	85,500	124,400	2,099E+2	0,000E+0	1,723E+2	1,725E+2	0,000E+0	1,185E+0	1,180E+0	0,000E+0	2	1010
1526,368	85,300	124,600	2,099E+2	0,000E+0	1,723E+2	1,728E+2	0,000E+0	1,182E+0	1,180E+0	0,000E+0	2	1010
1527,368	85,300	124,800	2,101E+2	0,000E+0	1,724E+2	1,726E+2	0,000E+0	1,186E+0	1,182E+0	0,000E+0	2	1010
1528,369	85,400	124,600	2,100E+2	0,000E+0	1,724E+2	1,725E+2	0,000E+0	1,183E+0	1,179E+0	0,000E+0	2	1010
1529,368	85,400	124,400	2,098E+2	0,000E+0	1,725E+2	1,723E+2	0,000E+0	1,186E+0	1,182E+0	0,000E+0	2	1010
1530,369	85,400	124,300	2,097E+2	0,000E+0	1,725E+2	1,724E+2	0,000E+0	1,188E+0	1,180E+0	0,000E+0	2	1010
1531,368	85,900	124,300	2,102E+2	0,000E+0	1,726E+2	1,724E+2	0,000E+0	1,191E+0	1,180E+0	0,000E+0	2	1010
1532,368	85,200	124,700	2,099E+2	0,000E+0	1,727E+2	1,726E+2	0,000E+0	1,186E+0	1,182E+0	0,000E+0	2	1010
1533,369	85,200	124,800	2,100E+2	0,000E+0	1,723E+2	1,729E+2	0,000E+0	1,183E+0	1,180E+0	0,000E+0	2	1010
1534,368	85,300	124,900	2,102E+2	0,000E+0	1,726E+2	1,727E+2	0,000E+0	1,185E+0	1,182E+0	0,000E+0	2	1010
1535,369	85,600	124,400	2,100E+2	0,000E+0	1,725E+2	1,724E+2	0,000E+0	1,187E+0	1,180E+0	0,000E+0	2	1010
1536,370	85,600	124,400	2,100E+2	0,000E+0	1,725E+2	1,724E+2	0,000E+0	1,187E+0	1,180E+0	0,000E+0	2	1010
1537,370	85,100	124,800	2,099E+2	0,000E+0	1,725E+2	1,725E+2	0,000E+0	1,186E+0	1,184E+0	0,000E+0	2	1010
1538,371	85,400	124,600	2,100E+2	0,000E+0	1,727E+2	1,724E+2	0,000E+0	1,188E+0	1,180E+0	0,000E+0	2	1010
1539,370	85,800	124,400	2,102E+2	0,000E+0	1,726E+2	1,724E+2	0,000E+0	1,187E+0	1,181E+0	0,000E+0	3	1010
1540,370	85,400	124,700	2,101E+2	0,000E+0	1,726E+2	1,728E+2	0,000E+0	1,184E+0	1,183E+0	0,000E+0	3	1010
1541,370	85,800	124,200	2,100E+2	0,000E+0	1,727E+2	1,729E+2	0,000E+0	1,183E+0	1,177E+0	0,000E+0	3	1010
1542,370	85,800	124,200	2,100E+2	0,000E+0	1,727E+2	1,729E+2	0,000E+0	1,183E+0	1,177E+0	0,000E+0	3	1010
1543,372	85,800	124,400	2,102E+2	0,000E+0	1,728E+2	1,726E+2	0,000E+0	1,187E+0	1,180E+0	0,000E+0	3	1010
1544,371	85,800	124,400	2,102E+2	0,000E+0	1,728E+2	1,726E+2	0,000E+0	1,187E+0	1,180E+0	0,000E+0	3	1010
1545,373	85,600	124,100	2,097E+2	0,000E+0	1,726E+2	1,725E+2	0,000E+0	1,186E+0	1,179E+0	0,000E+0	3	1010
1546,372	85,600	124,100	2,097E+2	0,000E+0	1,726E+2	1,725E+2	0,000E+0	1,186E+0	1,179E+0	0,000E+0	3	1010
1547,373	85,600	124,100	2,097E+2	0,000E+0	1,726E+2	1,725E+2	0,000E+0	1,186E+0	1,179E+0	0,000E+0	3	1010
1548,372	85,400	124,500	2,099E+2	0,000E+0	1,726E+2	1,726E+2	0,000E+0	1,186E+0	1,180E+0	0,000E+0	3	1010
1549,372	85,400	124,500	2,099E+2	0,000E+0	1,726E+2	1,726E+2	0,000E+0	1,186E+0	1,180E+0	0,000E+0	3	1010
1550,372	85,400	124,500	2,099E+2	0,000E+0	1,726E+2	1,726E+2	0,000E+0	1,186E+0	1,180E+0	0,000E+0	3	1010
1551,372	85,400	124,500	2,099E+2	0,000E+0	1,726E+2	1,726E+2	0,000E+0	1,186E+0	1,180E+0	0,000E+0	3	1010
1552,373	85,800	124,400	2,102E+2	0,000E+0	1,725E+2	1,724E+2	0,000E+0	1,191E+0	1,182E+0	0,000E+0	3	1010
1553,373	85,800	124,400	2,102E+2	0,000E+0	1,725E+2	1,724E+2	0,000E+0	1,191E+0	1,182E+0	0,000E+0	3	1010
1554,374	85,400	124,600	2,100E+2	0,000E+0	1,725E+2	1,724E+2	0,000E+0	1,187E+0	1,183E+0	0,000E+0	3	1010
1555,373	85,400	124,600	2,100E+2	0,000E+0	1,725E+2	1,724E+2	0,000E+0	1,187E+0	1,183E+0	0,000E+0	4	1010
1556,373	85,500	124,500	2,100E+2	0,000E+0	1,726E+2	1,728E+2	0,000E+0	1,188E+0	1,179E+0	0,000E+0	4	1010
1557,373	85,400	124,700	2,101E+2	0,000E+0	1,726E+2	1,726E+2	0,000E+0	1,186E+0	1,183E+0	0,000E+0	4	1010
1558,373	85,400	124,700	2,101E+2	0,000E+0	1,726E+2	1,726E+2	0,000E+0	1,186E+0	1,183E+0	0,000E+0	4	1010
1559,374	85,400	124,700	2,101E+2	0,000E+0	1,726E+2	1,726E+2	0,000E+0	1,186E+0	1,183E+0	0,000E+0	4	1010
1560,373	85,400	124,700	2,101E+2	0,000E+0	1,726E+2	1,726E+2	0,000E+0	1,186E+0	1,183E+0	0,000E+0	4	1010
1561,374	85,000	124,800	2,098E+2	0,000E+0	1,725E+2	1,726E+2	0,000E+0	1,182E+0	1,183E+0	0,000E+0	4	1010
1562,373	85,000	124,800	2,098E+2	0,000E+0	1,725E+2	1,726E+2	0,000E+0	1,182E+0	1,183E+0	0,000E+0	4	1010
1563,373	85,000	124,800	2,098E+2	0,000E+0	1,725E+2	1,726E+2	0,000E+0	1,182E+0	1,183E+0	0,000E+0	4	1010
1564,373	86,000	124,100	2,101E+2	0,000E+0	1,727E+2	1,724E+2	0,000E+0	1,188E+0	1,179E+0	0,000E+0	4	1010
1565,373	86,000	124,100	2,101E+2	0,000E+0	1,727E+2	1,724E+2	0,000E+0	1,188E+0	1,179E+0	0,000E+0	4	1010
1566,374	86,000	124,100	2,101E+2	0,000E+0	1,727E+2	1,724E+2	0,000E+0	1,188E+0	1,179E+0	0,000E+0	4	1010
1567,373	86,000	124,100	2,101E+2	0,000E+0	1,727E+2	1,724E+2	0,000E+0	1,188E+0	1,179E+0	0,000E+0	4	1010
1568,373	86,000	124,100	2,101E+2	0,000E+0	1,727E+2	1,724E+2	0,000E+0	1,188E+0	1,179E+0	0,000E+0	4	1010
1569,373	86,000	124,100	2,101E+2	0,000E+0	1,727E+2	1,724E+2	0,000E+0	1,188E+0	1,179E+0	0,000E+0	4	1010
1570,373	85,300	124,800	2,101E+2	0,000E+0	1,728E+2	1,725E+2	0,000E+0	1,187E+0	1,184E+0	0,000E+0	4	1010
1571,374	85,300	124,800	2,101E+2	0,000E+0	1,728E+2	1,725E+2	0,000E+0	1,187E+0	1,184E+0	0,000E+0	4	1010
1572,373	85,200	124,800	2,100E+2	0,000E+0	1,726E+2	1,728E+2	0,000E+0	1,187E+0	1,184E+0	0,000E+0	4	1010
1573,374	85,000	125,000	2,100E+2	0,000E+0	1,730E+2	1,730E+2	0,000E+0	1,185E+0	1,184E+0	0,000E+0	4	1010
1574,373	85,200	124,600	2,098E+2	0,000E+0	1,731E+2	1,729E+2	0,000E+0	1,186E+0	1,181E+0	0,000E+0	5	1010
1575,373	85,900	124,400	2,103E+2	0,000E+0	1,730E+2	1,728E+2	0,000E+0	1,188E+0	1,181E+0	0,000E+0	5	1010
1576,373	85,900	124,400	2,103E+2	0,000E+0	1,730E+2	1,728E+2	0,000E+0	1,188E+0	1,181E+0	0,000E+0	5	1010
1577,374	85,100	124,600	2,097E+2	0,000E+0	1,725E+2	1,727E+2	0,000E+0	1,184E+0	1,181E+0	0,000E+0	5	1010
1578,375	85,100	124,600	2,097E+2	0,000E+0	1,725E+2	1,727E+2	0,000E+0	1,184E+0	1,181E+0	0,000E+0	5	1010
1579,374	85,100	124,600	2,097E+2	0,000E+0	1,725E+2	1,727E+2	0,000E+0	1,184E+0	1,181E+0	0,000E+0	5	1010
1580,375	85,600	124,600	2,102E+2	0,000E+0	1,730E+2	1,726E+2	0,000E+0	1,190E+0	1,181E+0	0,000E+0	5	1010
1581,374	85,600	124,600	2,102E+2	0,000E+0	1,730E+2	1,726E+2	0,000E+0	1,190E+0	1,181E+0	0,000E+0	5	1010
1582,374	85,600	124,600	2,102E+2	0,000E+0	1,730E+2	1,726E+2	0,000E+0	1,190E+0	1,181E+0	0,000E+0	5	1010
1583,374	85,100	124,800	2,099E+2	0,000E+0	1,726E+2	1,726E+2	0,000E+0	1,185E+0	1,184E+0	0,000E+0	5	1010
1584,374	85,100	124,800	2,099E+2	0,000E+0	1,726E+2	1,726E+2	0,000E+0	1,185E+0	1,184E+0	0,000E+0	5	1010
1585,375	85,100	124,800	2,099E+2	0,000E+0	1,726E+2	1,726E+2	0,000E+0	1,185E+0	1,184E+0	0,000E+0	5	1010
1586,375	85,100	124,800	2,099E+2	0,000E+0	1,726E+2	1,726E+2	0,000E+0	1,185E+0	1,184E+0	0,000E+0	5	1010
1587,375	85,300	124,600	2,099E+2	0,000E+0	1,727E+2	1,726E+2	0,000E+0	1,186E+0	1,181E+0	0,000E+0	5	1010
1588,376	85,300	124,600	2,099E+2	0,000E+0	1,727E+2	1,726E+2	0,000E+0	1,186E+0	1,181E+0	0,000E+0	5	1010
1589,376	85,400	124,700	2,101E+2	0,000E+0	1,727E+2	1,724E+2	0,000E+0	1,189E+0	1,183E+0	0,000E+0	5	1010
1590,377	85,400	124,700	2,101E+2	0,000E+0	1,727E+2	1,724E+2	0,000E+0	1,189E+0	1,183E+0	0,000E+0	5	1010
1591,376	85,400	124,600	2,100E+2	0,000E+0	1,730E+2	1,727E+2	0,000E+0	1,187E+0	1,181E+0	0,000E+0	6	1010
1592,377	85,400	124,600	2,100E+2	0,000E+0	1,730E+2	1,727E+2	0,000E+0	1,187E+0	1,181E+0	0,000E+0	6	1010
1593,376	85,400	124,600	2,100E+2	0,000E+0	1,730E+2	1,727E+2	0,000E+0	1,187E+0	1,181E+0	0,000E+0	6	1010
1594,376	85,400	124,600	2,100E+2	0,000E+0	1,730E+2	1,727E+2	0,000E+0	1,187E+0	1,181E+0	0,000E+0	6	1010
1595,376	85,800	124,300	2,101E+2	0,000E+0	1,728E+2	1,727E+2	0,000E+0	1,191E+0	1,179E+0	0,000E+0	6	1010
1596,376	85,800	124,300	2,101E+2	0,000E+0	1,728E+2	1,727E+2	0,000E+0	1,191E+0	1,179E+0	0,000E+0	6	1010
1597,377	85,800	124,200	2,100E+2	0,000E+0	1,731E+2	1,729E+2	0,000E+0	1,185E+0	1,179E+0	0,000E+0	6	1010
1598,376	85,800	124,200	2,100E+2	0,000E+0	1,731E+2	1,729E+2	0,000E+0	1,185E+0	1,179E+0	0,000E+0	6	1010
1599,377	85,600	124,600	2,102E+2	0,000E+0	1,729E+2	1,726E+2	0,000E+0	1,186E+0	1,182E+0	0,000E+0	6	1010
1600,376	85,600	124,600	2,102E+2	0,000E+0	1,729E+2	1,726E+2	0,000E+0	1,186E+0	1,182E+0	0,000E+0	6	1010
1601,377	85,600	124,600	2,102E+2	0,000E+0	1,729E+2	1,726E+2	0,000E+0	1,186E+0	1,182E+0	0,000E+0	6	1010
1602,378	85,800	124,300	2,101E+2	0,000E+0	1,731E+2	1,728E+2	0,000E+0	1,187E+0	1,179E+0	0,000E+0	6	1010
1603,378	85,800	124,300	2,101E+2	0,000E+0	1,731E+2	1,728E+2	0,000E+0	1,187E+0	1,179E+0	0,000E+0	6	1010
1604,379	85,400	124,600	2,100E+2	0,000E+0	1,727E+2	1,728E+2	0,000E+0	1,188E+0	1,182E+0	0,000E+0	6	1010
1605,378	85,700	124,300	2,100E+2	0,000E+0	1,726E+2	1,726E+2	0,000E+0	1,186E+0	1,179E+0	0,000E+0	6	1010
1606,380	85,300	124,600	2,099E+2	0,000E+0	1,727E+2	1,727E+2	0,000E+0	1,185E+0	1,182E+0	0,000E+0	7	1010
1607,380	85,200	124,800	2,100E+2	0,000E+0	1,727E+2	1,727E+2	0,000E+0	1,184E+0	1,183E+0	0,000E+0	7	1010
1608,380	85,600	124,600	2,102E+2	0,000E+0	1,728E+2	1,726E+2	0,000E+0	1,188E+0	1,184E+0	0,000E+0	7	1010
1609,381	85,600	124,600	2,102E+2	0,000E+0	1,728E+2	1,726E+2	0,000E+0	1,188E+0	1,184E+0	0,000E+0	7	1010
1610,382	85,600	124,600	2,102E+2	0,000E+0	1,728E+2	1,726E+2	0,000E+0	1,188E+0	1,184E+0	0,000E+0	7	1010
1611,381	85,600	124,600	2,102E+2	0,000E+0	1,728E+2	1,726E+2	0,000E+0	1,188E+0	1,184E+0	0,000E+0	7	1010
1612,381	85,600	124,600	2,102E+2	0,000E+0	1,728E+2	1,726E+2	0,000E+0	1,188E+0	1,184E+0	0,000E+0	7	1010
1613,381	85,400	124,500	2,099E+2	0,000E+0	1,727E+2	1,728E+2	0,000E+0	1,187E+0	1,180E+0	0,000E+0	7	1010
1614,381	85,400	124,500	2,099E+2	0,000E+0	1,727E+2	1,728E+2	0,000E+0	1,187E+0	1,180E+0	0,000E+0	7	1010
1615,383	85,400	124,500	2,099E+2	0,000E+0	1,727E+2	1,728E+2	0,000E+0	1,187E+0	1,180E+0	0,000E+0	7	1010
1616,382	85,400	124,500	2,099E+2	0,000E+0	1,727E+2	1,728E+2	0,000E+0	1,187E+0	1,180E+0	0,000E+0	7	1010
1617,383	85,900	124,100	2,100E+2	0,000E+0	1,727E+2	1,724E+2	0,000E+0	1,186E+0	1,179E+0	0,000E+0	7	1010
1618,382	85,900	124,100	2,100E+2	0,000E+0	1,727E+2	1,724E+2	0,000E+0	1,186E+0	1,179E+0	0,000E+0	7	1010
1619,382	85,500	124,300	2,098E+2	0,000E+0	1,727E+2	1,726E+2	0,000E+0	1,187E+0	1,180E+0	0,000E+0	7	1010
1620,382	85,500	124,300	2,098E+2	0,000E+0	1,727E+2	1,726E+2	0,000E+0	1,187E+0	1,180E+0	0,000E+0	7	1010
1621,382	85,900	124,400	2,103E+2	0,000E+0	1,726E+2	1,727E+2	0,000E+0	1,188E+0	1,180E+0	0,000E+0	7	1010
1622,384	85,600	124,500	2,101E+2	0,000E+0	1,728E+2	1,729E+2	0,000E+0	1,187E+0	1,179E+0	0,000E+0	7	1010
1623,383	85,300	124,400	2,097E+2	0,000E+0	1,727E+2	1,726E+2	0,000E+0	1,186E+0	1,181E+0	0,000E+0	7	1010
1624,383	85,400	124,800	2,102E+2	0,000E+0	1,729E+2	1,729E+2	0,000E+0	1,187E+0	1,182E+0	0,000E+0	7	1010
1625,383	85,200	124,800	2,100E+2	0,000E+0	1,726E+2	1,727E+2	0,000E+0	1,186E+0	1,184E+0	0,000E+0	7	1011
1626,383	85,700	124,600	2,103E+2	0,000E+0	1,727E+2	1,725E+2	0,000E+0	1,189E+0	1,182E+0	0,000E+0	7	1011
1627,384	85,700	124,600	2,103E+2	0,000E+0	1,727E+2	1,725E+2	0,000E+0	1,189E+0	1,182E+0	0,000E+0	7	1011
1628,383	85,300	124,400	2,097E+2	0,000E+0	1,727E+2	1,725E+2	0,000E+0	1,185E+0	1,182E+0	0,000E+0	7	1011
1629,385	85,700	124,100	2,098E+2	0,000E+0	1,728E+2	1,729E+2	0,000E+0	1,190E+0	1,178E+0	0,000E+0	7	1011
1630,384	85,400	124,800	2,102E+2	0,000E+0	1,725E+2	1,727E+2	0,000E+0	1,185E+0	1,185E+0	0,000E+0	7	1011
1631,384	85,300	124,900	2,102E+2	0,000E+0	1,727E+2	1,727E+2	0,000E+0	1,186E+0	1,182E+0	0,000E+0	7	1011
1632,384	85,300	124,900	2,102E+2	0,000E+0	1,727E+2	1,727E+2	0,000E+0	1,186E+0	1,182E+0	0,000E+0	7	1011
1633,384	85,300	124,900	2,102E+2	0,000E+0	1,727E+2	1,727E+2	0,000E+0	1,186E+0	1,182E+0	0,000E+0	7	1011
1634,385	85,300	124,900	2,102E+2	0,000E+0	1,727E+2	1,727E+2	0,000E+0	1,186E+0	1,182E+0	0,000E+0	7	1011
1635,384	85,300	124,900	2,102E+2	0,000E+0	1,727E+2	1,727E+2	0,000E+0	1,186E+0	1,182E+0	0,000E+0	7	1011
1636,385	85,600	124,300	2,099E+2	0,000E+0	1,727E+2	1,727E+2	0,000E+0	1,184E+0	1,180E+0	0,000E+0	7	1011
1637,385	85,600	124,300	2,099E+2	0,000E+0	1,727E+2	1,727E+2	0,000E+0	1,184E+0	1,180E+0	0,000E+0	7	1011
1638,386	85,600	124,300	2,099E+2	0,000E+0	1,727E+2	1,727E+2	0,000E+0	1,184E+0	1,180E+0	0,000E+0	7	1011
1639,386	85,300	124,500	2,098E+2	0,000E+0	1,724E+2	1,726E+2	0,000E+0	1,184E+0	1,182E+0	0,000E+0	7	1011
1640,387	85,300	124,500	2,098E+2	0,000E+0	1,724E+2	1,726E+2	0,000E+0	1,184E+0	1,182E+0	0,000E+0	7	1011
1641,388	85,400	124,500	2,099E+2	0,000E+0	1,728E+2	1,728E+2	0,000E+0	1,187E+0	1,181E+0	0,000E+0	7	1011
1642,387	85,400	124,500	2,099E+2	0,000E+0	1,728E+2	1,728E+2	0,000E+0	1,187E+0	1,181E+0	0,000E+0	7	1011
1643,388	85,500	124,500	2,100E+2	0,000E+0	1,729E+2	1,727E+2	0,000E+0	1,189E+0	1,183E+0	0,000E+0	7	1011
1644,387	85,200	125,000	2,102E+2	0,000E+0	1,726E+2	1,728E+2	0,000E+0	1,186E+0	1,185E+0	0,000E+0	7	1011
1645,387	85,500	124,300	2,098E+2	0,000E+0	1,726E+2	1,724E+2	0,000E+0	1,189E+0	1,182E+0	0,000E+0	7	1011
1646,387	85,500	124,600	2,101E+2	0,000E+0	1,727E+2	1,729E+2	0,000E+0	1,186E+0	1,180E+0	0,000E+0	7	1011
1647,387	85,000	124,900	2,099E+2	0,000E+0	1,726E+2	1,728E+2	0,000E+0	1,183E+0	1,183E+0	0,000E+0	7	1011
1648,389	85,500	124,500	2,100E+2	0,000E+0	1,729E+2	1,727E+2	0,000E+0	1,186E+0	1,180E+0	0,000E+0	7	1011
1649,389	86,200	124,200	2,104E+2	0,000E+0	1,727E+2	1,725E+2	0,000E+0	1,191E+0	1,180E+0	0,000E+0	7	1011
1650,390	85,300	124,500	2,098E+2	0,000E+0	1,725E+2	1,726E+2	0,000E+0	1,186E+0	1,181E+0	0,000E+0	7	1011
1651,391	85,400	124,700	2,101E+2	0,000E+0	1,726E+2	1,726E+2	0,000E+0	1,186E+0	1,181E+0	0,000E+0	6	1011
1652,391	85,300	124,600	2,099E+2	0,000E+0	1,727E+2	1,727E+2	0,000E+0	1,185E+0	1,181E+0	0,000E+0	6	1011
1653,392	85,700	124,300	2,100E+2	0,000E+0	1,729E+2	1,728E+2	0,000E+0	1,188E+0	1,180E+0	0,000E+0	6	1011
1654,392	85,500	124,600	2,101E+2	0,000E+0	1,726E+2	1,726E+2	0,000E+0	1,186E+0	1,183E+0	0,000E+0	6	1011
1655,393	85,500	124,600	2,101E+2	0,000E+0	1,726E+2	1,726E+2	0,000E+0	1,186E+0	1,183E+0	0,000E+0	6	1011
1656,392	85,500	124,600	2,101E+2	0,000E+0	1,726E+2	1,726E+2	0,000E+0	1,186E+0	1,183E+0	0,000E+0	6	1011
1657,392	85,500	124,600	2,101E+2	0,000E+0	1,726E+2	1,726E+2	0,000E+0	1,186E+0	1,183E+0	0,000E+0	6	1011
1658,393	85,500	124,600	2,101E+2	0,000E+0	1,726E+2	1,726E+2	0,000E+0	1,186E+0	1,183E+0	0,000E+0	6	1011
1659,393	85,700	124,300	2,100E+2	0,000E+0	1,727E+2	1,728E+2	0,000E+0	1,186E+0	1,179E+0	0,000E+0	6	1011
1660,394	85,500	124,300	2,098E+2	0,000E+0	1,726E+2	1,725E+2	0,000E+0	1,189E+0	1,181E+0	0,000E+0	6	1011
1661,394	85,500	124,300	2,098E+2	0,000E+0	1,726E+2	1,725E+2	0,000E+0	1,189E+0	1,181E+0	0,000E+0	6	1011
1662,395	85,600	124,300	2,099E+2	0,000E+0	1,726E+2	1,726E+2	0,000E+0	1,188E+0	1,179E+0	0,000E+0	6	1011
1663,394	85,600	124,300	2,099E+2	0,000E+0	1,726E+2	1,726E+2	0,000E+0	1,188E+0	1,179E+0	0,000E+0	6	1011
1664,394	85,600	124,300	2,099E+2	0,000E+0	1,726E+2	1,726E+2	0,000E+0	1,188E+0	1,179E+0	0,000E+0	6	1011
1665,394	85,600	124,300	2,099E+2	0,000E+0	1,726E+2	1,726E+2	0,000E+0	1,188E+0	1,179E+0	0,000E+0	6	1011
1666,394	85,500	124,600	2,101E+2	0,000E+0	1,729E+2	1,726E+2	0,000E+0	1,189E+0	1,182E+0	0,000E+0	5	1011
1667,394	85,300	124,500	2,098E+2	0,000E+0	1,726E+2	1,726E+2	0,000E+0	1,187E+0	1,182E+0	0,000E+0	5	1011
1668,395	85,200	124,900	2,101E+2	0,000E+0	1,726E+2	1,728E+2	0,000E+0	1,186E+0	1,183E+0	0,000E+0	5	1011
1669,397	85,700	124,400	2,101E+2	0,000E+0	1,726E+2	1,726E+2	0,000E+0	1,190E+0	1,181E+0	0,000E+0	5	1011
1670,396	85,700	124,400	2,101E+2	0,000E+0	1,726E+2	1,726E+2	0,000E+0	1,190E+0	1,181E+0	0,000E+0	5	1011
1671,397	85,700	124,400	2,101E+2	0,000E+0	1,726E+2	1,726E+2	0,000E+0	1,190E+0	1,181E+0	0,000E+0	5	1011
1672,396	85,700	124,400	2,101E+2	0,000E+0	1,726E+2	1,726E+2	0,000E+0	1,190E+0	1,181E+0	0,000E+0	5	1011
1673,397	85,700	124,400	2,101E+2	0,000E+0	1,726E+2	1,726E+2	0,000E+0	1,190E+0	1,181E+0	0,000E+0	5	1011
1674,399	85,300	124,500	2,098E+2	0,000E+0	1,726E+2	1,727E+2	0,000E+0	1,186E+0	1,182E+0	0,000E+0	5	1011
1675,398	85,300	124,500	2,098E+2	0,000E+0	1,726E+2	1,727E+2	0,000E+0	1,186E+0	1,182E+0	0,000E+0	5	1011
1676,399	85,300	124,500	2,098E+2	0,000E+0	1,726E+2	1,727E+2	0,000E+0	1,186E+0	1,182E+0	0,000E+0	5	1011
1677,399	85,300	124,500	2,098E+2	0,000E+0	1,726E+2	1,727E+2	0,000E+0	1,186E+0	1,182E+0	0,000E+0	5	1011
1678,399	85,300	124,900	2,102E+2	0,000E+0	1,725E+2	1,727E+2	0,000E+0	1,186E+0	1,184E+0	0,000E+0	5	1011
1679,399	85,400	124,600	2,100E+2	0,000E+0	1,726E+2	1,729E+2	0,000E+0	1,186E+0	1,181E+0	0,000E+0	5	1011
1680,400	85,400	124,600	2,100E+2	0,000E+0	1,726E+2	1,729E+2	0,000E+0	1,186E+0	1,181E+0	0,000E+0	5	1011
1681,401	85,000	125,000	2,100E+2	0,000E+0	1,726E+2	1,729E+2	0,000E+0	1,186E+0	1,184E+0	0,000E+0	5	1011
1682,401	85,300	124,400	2,097E+2	0,000E+0	1,729E+2	1,726E+2	0,000E+0	1,188E+0	1,181E+0	0,000E+0	5	1011
1683,403	85,300	124,800	2,101E+2	0,000E+0	1,725E+2	1,726E+2	0,000E+0	1,185E+0	1,185E+0	0,000E+0	5	1011
1684,403	85,600	124,700	2,103E+2	0,000E+0	1,727E+2	1,727E+2	0,000E+0	1,189E+0	1,183E+0	0,000E+0	4	1011
1685,403	85,700	124,100	2,098E+2	0,000E+0	1,724E+2	1,726E+2	0,000E+0	1,188E+0	1,180E+0	0,000E+0	4	1011
1686,403	85,400	124,800	2,102E+2	0,000E+0	1,727E+2	1,725E+2	0,000E+0	1,189E+0	1,185E+0	0,000E+0	4	1011
1687,404	85,300	124,700	2,100E+2	0,000E+0	1,726E+2	1,728E+2	0,000E+0	1,186E+0	1,182E+0	0,000E+0	4	1011
1688,406	85,300	124,700	2,100E+2	0,000E+0	1,726E+2	1,728E+2	0,000E+0	1,186E+0	1,182E+0	0,000E+0	4	1011
1689,405	85,300	124,700	2,100E+2	0,000E+0	1,726E+2	1,728E+2	0,000E+0	1,186E+0	1,182E+0	0,000E+0	4	1011
1690,405	85,300	124,700	2,100E+2	0,000E+0	1,726E+2	1,728E+2	0,000E+0	1,186E+0	1,182E+0	0,000E+0	4	1011
1691,405	85,300	124,700	2,100E+2	0,000E+0	1,726E+2	1,728E+2	0,000E+0	1,186E+0	1,182E+0	0,000E+0	4	1011
1692,405	85,600	124,500	2,101E+2	0,000E+0	1,727E+2	1,726E+2	0,000E+0	1,190E+0	1,182E+0	0,000E+0	4	1011
1693,405	85,600	124,500	2,101E+2	0,000E+0	1,727E+2	1,726E+2	0,000E+0	1,190E+0	1,182E+0	0,000E+0	4	1011
1694,406	85,600	124,500	2,101E+2	0,000E+0	1,727E+2	1,726E+2	0,000E+0	1,190E+0	1,182E+0	0,000E+0	4	1011
1695,406	85,600	124,500	2,101E+2	0,000E+0	1,727E+2	1,726E+2	0,000E+0	1,190E+0	1,182E+0	0,000E+0	4	1011
1696,406	85,400	124,600	2,100E+2	0,000E+0	1,727E+2	1,726E+2	0,000E+0	1,187E+0	1,184E+0	0,000E+0	4	1011
1697,406	85,400	124,600	2,100E+2	0,000E+0	1,727E+2	1,726E+2	0,000E+0	1,187E+0	1,184E+0	0,000E+0	4	1011
1698,407	85,400	124,600	2,100E+2	0,000E+0	1,727E+2	1,726E+2	0,000E+0	1,187E+0	1,184E+0	0,000E+0	4	1011
1699,406	85,200	124,800	2,100E+2	0,000E+0	1,727E+2	1,730E+2	0,000E+0	1,185E+0	1,183E+0	0,000E+0	4	1011
1700,406	85,500	124,500	2,100E+2	0,000E+0	1,728E+2	1,726E+2	0,000E+0	1,187E+0	1,181E+0	0,000E+0	3	1011
1701,406	85,500	124,500	2,100E+2	0,000E+0	1,728E+2	1,726E+2	0,000E+0	1,187E+0	1,181E+0	0,000E+0	3	1011
1702,406	85,800	123,800	2,096E+2	0,000E+0	1,726E+2	1,725E+2	0,000E+0	1,187E+0	1,178E+0	0,000E+0	3	1011
1703,407	85,100	124,700	2,098E+2	0,000E+0	1,726E+2	1,727E+2	0,000E+0	1,186E+0	1,183E+0	0,000E+0	3	1011
1704,406	85,100	124,700	2,098E+2	0,000E+0	1,726E+2	1,727E+2	0,000E+0	1,186E+0	1,183E+0	0,000E+0	3	1011
1705,407	85,100	124,700	2,098E+2	0,000E+0	1,726E+2	1,727E+2	0,000E+0	1,186E+0	1,183E+0	0,000E+0	3	1011
1706,406	85,100	124,700	2,098E+2	0,000E+0	1,726E+2	1,727E+2	0,000E+0	1,186E+0	1,183E+0	0,000E+0	3	1011
1707,406	85,700	124,600	2,103E+2	0,000E+0	1,730E+2	1,726E+2	0,000E+0	1,191E+0	1,181E+0	0,000E+0	3	1011
1708,406	85,700	124,600	2,103E+2	0,000E+0	1,730E+2	1,726E+2	0,000E+0	1,191E+0	1,181E+0	0,000E+0	3	1011
1709,406	85,700	124,600	2,103E+2	0,000E+0	1,730E+2	1,726E+2	0,000E+0	1,191E+0	1,181E+0	0,000E+0	3	1011
1710,408	85,400	124,500	2,099E+2	0,000E+0	1,726E+2	1,726E+2	0,000E+0	1,188E+0	1,182E+0	0,000E+0	3	1011
1711,407	85,400	124,500	2,099E+2	0,000E+0	1,726E+2	1,726E+2	0,000E+0	1,188E+0	1,182E+0	0,000E+0	3	1011
1712,408	85,400	124,500	2,099E+2	0,000E+0	1,726E+2	1,726E+2	0,000E+0	1,188E+0	1,182E+0	0,000E+0	3	1011
1713,407	85,400	124,500	2,099E+2	0,000E+0	1,726E+2	1,726E+2	0,000E+0	1,187E+0	1,181E+0	0,000E+0	3	1011
1714,407	85,400	124,500	2,099E+2	0,000E+0	1,726E+2	1,726E+2	0,000E+0	1,187E+0	1,181E+0	0,000E+0	3	1011
1715,407	85,600	124,500	2,101E+2	0,000E+0	1,727E+2	1,724E+2	0,000E+0	1,190E+0	1,182E+0	0,000E+0	3	1011
1716,407	84,900	125,300	2,102E+2	0,000E+0	1,727E+2	1,728E+2	0,000E+0	1,185E+0	1,187E+0	0,000E+0	2	1011
1717,408	85,300	124,700	2,100E+2	0,000E+0	1,727E+2	1,724E+2	0,000E+0	1,188E+0	1,183E+0	0,000E+0	2	1011
1718,407	85,400	124,600	2,100E+2	0,000E+0	1,726E+2	1,727E+2	0,000E+0	1,190E+0	1,182E+0	0,000E+0	2	1011
1719,408	85,400	124,600	2,100E+2	0,000E+0	1,726E+2	1,727E+2	0,000E+0	1,190E+0	1,182E+0	0,000E+0	2	1011
1720,407	85,400	124,600	2,100E+2	0,000E+0	1,726E+2	1,727E+2	0,000E+0	1,190E+0	1,182E+0	0,000E+0	2	1011
1721,407	85,500	124,800	2,103E+2	0,000E+0	1,725E+2	1,726E+2	0,000E+0	1,187E+0	1,183E+0	0,000E+0	2	1011
1722,407	85,500	124,800	2,103E+2	0,000E+0	1,725E+2	1,726E+2	0,000E+0	1,187E+0	1,183E+0	0,000E+0	2	1011
1723,407	85,800	124,100	2,099E+2	0,000E+0	1,729E+2	1,725E+2	0,000E+0	1,189E+0	1,181E+0	0,000E+0	2	1011
1724,408	85,800	124,100	2,099E+2	0,000E+0	1,729E+2	1,725E+2	0,000E+0	1,189E+0	1,181E+0	0,000E+0	2	1011
1725,407	85,800	124,100	2,099E+2	0,000E+0	1,729E+2	1,725E+2	0,000E+0	1,189E+0	1,181E+0	0,000E+0	2	1011
1726,407	85,800	124,100	2,099E+2	0,000E+0	1,729E+2	1,725E+2	0,000E+0	1,189E+0	1,181E+0	0,000E+0	2	1011
1727,407	85,300	124,900	2,102E+2	0,000E+0	1,727E+2	1,727E+2	0,000E+0	1,188E+0	1,184E+0	0,000E+0	2	1011
1728,408	85,600	124,700	2,103E+2	0,000E+0	1,730E+2	1,727E+2	0,000E+0	1,189E+0	1,183E+0	0,000E+0	2	1011
1729,407	85,600	124,700	2,103E+2	0,000E+0	1,730E+2	1,727E+2	0,000E+0	1,189E+0	1,183E+0	0,000E+0	2	1011
1730,408	85,400	124,200	2,096E+2	0,000E+0	1,725E+2	1,726E+2	0,000E+0	1,189E+0	1,181E+0	0,000E+0	2	1011
1731,408	85,400	124,200	2,096E+2	0,000E+0	1,725E+2	1,726E+2	0,000E+0	1,189E+0	1,181E+0	0,000E+0	2	1011
1732,408	85,200	125,200	2,104E+2	0,000E+0	1,727E+2	1,728E+2	0,000E+0	1,189E+0	1,186E+0	0,000E+0	1	1011
1733,408	85,300	124,900	2,102E+2	0,000E+0	1,724E+2	1,725E+2	0,000E+0	1,191E+0	1,185E+0	0,000E+0	1	1011
1734,408	85,200	124,900	2,101E+2	0,000E+0	1,724E+2	1,728E+2	0,000E+0	1,184E+0	1,184E+0	0,000E+0	1	1011
1735,408	85,600	124,300	2,099E+2	0,000E+0	1,726E+2	1,724E+2	0,000E+0	1,188E+0	1,180E+0	0,000E+0	1	1011
1736,410	86,000	124,200	2,102E+2	0,000E+0	1,725E+2	1,726E+2	0,000E+0	1,189E+0	1,180E+0	0,000E+0	1	1011
1737,409	86,000	124,200	2,102E+2	0,000E+0	1,725E+2	1,726E+2	0,000E+0	1,189E+0	1,180E+0	0,000E+0	1	1011
1738,409	86,000	124,200	2,102E+2	0,000E+0	1,725E+2	1,726E+2	0,000E+0	1,189E+0	1,180E+0	0,000E+0	1	1011
1739,410	86,000	124,200	2,102E+2	0,000E+0	1,725E+2	1,726E+2	0,000E+0	1,189E+0	1,180E+0	0,000E+0	1	1011
1740,411	86,000	124,200	2,102E+2	0,000E+0	1,725E+2	1,726E+2	0,000E+0	1,189E+0	1,180E+0	0,000E+0	1	1011
1741,411	85,400	124,700	2,101E+2	0,000E+0	1,725E+2	1,727E+2	0,000E+0	1,186E+0	1,181E+0	0,000E+0	1	1011
1742,412	85,200	124,700	2,099E+2	0,000E+0	1,725E+2	1,726E+2	0,000E+0	1,187E+0	1,183E+0	0,000E+0	1	1011
1743,412	85,200	124,700	2,099E+2	0,000E+0	1,725E+2	1,726E+2	0,000E+0	1,187E+0	1,183E+0	0,000E+0	1	1011
1744,413	85,000	125,000	2,100E+2	0,000E+0	1,725E+2	1,727E+2	0,000E+0	1,187E+0	1,185E+0	0,000E+0	1	1011
1745,412	85,000	125,000	2,100E+2	0,000E+0	1,725E+2	1,727E+2	0,000E+0	1,187E+0	1,185E+0	0,000E+0	1	1011
1746,412	85,000	125,000	2,100E+2	0,000E+0	1,725E+2	1,727E+2	0,000E+0	1,187E+0	1,185E+0	0,000E+0	1	1011
1747,413	85,800	124,600	2,104E+2	0,000E+0	1,726E+2	1,728E+2	0,000E+0	1,188E+0	1,183E+0	0,000E+0	1	1011
1748,413	85,500	124,500	2,100E+2	0,000E+0	1,726E+2	1,727E+2	0,000E+0	1,190E+0	1,183E+0	0,000E+0	0	1011
1749,414	85,400	124,300	2,097E+2	0,000E+0	1,722E+2	1,723E+2	0,000E+0	1,188E+0	1,181E+0	0,000E+0	0	1011
1750,413	85,500	124,800	2,103E+2	0,000E+0	1,721E+2	1,722E+2	0,000E+0	1,190E+0	1,183E+0	0,000E+0	0	1011
1751,414	85,600	124,900	2,105E+2	0,000E+0	1,723E+2	1,719E+2	0,000E+0	1,191E+0	1,186E+0	0,000E+0	0	1011
1752,413	85,600	124,900	2,105E+2	0,000E+0	1,723E+2	1,719E+2	0,000E+0	1,191E+0	1,186E+0	0,000E+0	0	1011
1753,413	85,600	124,900	2,105E+2	0,000E+0	1,723E+2	1,719E+2	0,000E+0	1,191E+0	1,186E+0	0,000E+0	0	1011
1754,413	85,600	124,900	2,105E+2	0,000E+0	1,723E+2	1,719E+2	0,000E+0	1,191E+0	1,186E+0	0,000E+0	0	1011
1755,413	85,600	124,900	2,105E+2	0,000E+0	1,723E+2	1,719E+2	0,000E+0	1,191E+0	1,186E+0	0,000E+0	0	1011
1756,414	85,900	124,200	2,101E+2	0,000E+0	1,726E+2	1,722E+2	0,000E+0	1,191E+0	1,181E+0	0,000E+0	0	1011
1757,413	85,900	124,200	2,101E+2	0,000E+0	1,726E+2	1,722E+2	0,000E+0	1,191E+0	1,181E+0	0,000E+0	0	1011
1758,413	85,900	124,200	2,101E+2	0,000E+0	1,726E+2	1,722E+2	0,000E+0	1,191E+0	1,181E+0	0,000E+0	0	1011
1759,413	85,300	124,600	2,099E+2	0,000E+0	1,724E+2	1,721E+2	0,000E+0	1,189E+0	1,183E+0	0,000E+0	0	1011
1760,413	85,300	124,600	2,099E+2	0,000E+0	1,724E+2	1,721E+2	0,000E+0	1,189E+0	1,183E+0	0,000E+0	0	1011
1761,413	84,900	124,700	2,096E+2	0,000E+0	1,723E+2	1,721E+2	0,000E+0	1,189E+0	1,184E+0	0,000E+0	0	1011
1762,413	84,900	124,700	2,096E+2	0,000E+0	1,723E+2	1,721E+2	0,000E+0	1,189E+0	1,184E+0	0,000E+0	0	1011
1763,415	85,200	124,700	2,099E+2	0,000E+0	1,722E+2	1,720E+2	0,000E+0	1,190E+0	1,185E+0	0,000E+0	0	1011
1764,415	85,200	124,700	2,099E+2	0,000E+0	1,722E+2	1,720E+2	0,000E+0	1,190E+0	1,185E+0	0,000E+0	0	1011
1765,415	85,600	124,300	2,099E+2	0,000E+0	1,723E+2	1,720E+2	0,000E+0	1,189E+0	1,183E+0	0,000E+0	0	1011
1766,416	85,600	124,400	2,100E+2	0,000E+0	1,721E+2	1,721E+2	0,000E+0	1,189E+0	1,183E+0	0,000E+0	0	1100
1767,416	85,200	124,700	2,099E+2	0,000E+0	1,719E+2	1,720E+2	0,000E+0	1,189E+0	1,184E+0	0,000E+0	0	1100
1768,418	85,300	124,800	2,101E+2	0,000E+0	1,721E+2	1,723E+2	0,000E+0	1,189E+0	1,183E+0	0,000E+0	0	1100
1769,417	85,300	124,800	2,101E+2	0,000E+0	1,724E+2	1,722E+2	0,000E+0	1,191E+0	1,184E+0	0,000E+0	0	1100
1770,417	85,500	124,500	2,100E+2	0,000E+0	1,722E+2	1,722E+2	0,000E+0	1,187E+0	1,184E+0	0,000E+0	0	1100
1771,417	85,300	124,400	2,097E+2	0,000E+0	1,722E+2	1,721E+2	0,000E+0	1,192E+0	1,183E+0	0,000E+0	0	1100
1772,417	85,100	125,000	2,101E+2	0,000E+0	1,721E+2	1,723E+2	0,000E+0	1,188E+0	1,185E+0	0,000E+0	0	1100
1773,417	85,500	124,800	2,103E+2	0,000E+0	1,721E+2	1,722E+2	0,000E+0	1,190E+0	1,184E+0	0,000E+0	0	1100
1774,417	85,300	124,700	2,100E+2	0,000E+0	1,723E+2	1,723E+2	0,000E+0	1,188E+0	1,184E+0	0,000E+0	0	1100
1775,418	85,300	124,700	2,100E+2	0,000E+0	1,723E+2	1,723E+2	0,000E+0	1,188E+0	1,184E+0	0,000E+0	0	1100
1776,418	85,800	124,000	2,098E+2	0,000E+0	1,721E+2	1,720E+2	0,000E+0	1,187E+0	1,180E+0	0,000E+0	0	1100
1777,418	85,100	125,100	2,102E+2	0,000E+0	1,720E+2	1,723E+2	0,000E+0	1,188E+0	1,186E+0	0,000E+0	0	1100
1778,418	85,100	125,000	2,101E+2	0,000E+0	1,722E+2	1,724E+2	0,000E+0	1,189E+0	1,185E+0	0,000E+0	0	1100
1779,419	85,100	125,000	2,101E+2	0,000E+0	1,722E+2	1,724E+2	0,000E+0	1,189E+0	1,185E+0	0,000E+0	0	1100
1780,419	85,100	125,000	2,101E+2	0,000E+0	1,722E+2	1,724E+2	0,000E+0	1,189E+0	1,185E+0	0,000E+0	0	1100
1782,420	85,100	125,000	2,101E+2	0,000E+0	1,722E+2	1,724E+2	0,000E+0	1,189E+0	1,185E+0	0,000E+0	0	1100
1782,420	85,100	125,000	2,101E+2	0,000E+0	1,722E+2	1,724E+2	0,000E+0	1,189E+0	1,185E+0	0,000E+0	0	1100
1783,419	85,500	124,500	2,100E+2	0,000E+0	1,725E+2	1,722E+2	0,000E+0	1,188E+0	1,181E+0	0,000E+0	0	1100
1784,419	85,500	124,500	2,100E+2	0,000E+0	1,725E+2	1,722E+2	0,000E+0	1,188E+0	1,181E+0	0,000E+0	0	1100
1785,419	85,500	124,500	2,100E+2	0,000E+0	1,725E+2	1,722E+2	0,000E+0	1,188E+0	1,181E+0	0,000E+0	0	1100
1786,419	85,500	124,500	2,100E+2	0,000E+0	1,725E+2	1,722E+2	0,000E+0	1,188E+0	1,181E+0	0,000E+0	0	1100
1787,420	85,300	124,800	2,101E+2	0,000E+0	1,720E+2	1,722E+2	0,000E+0	1,188E+0	1,184E+0	0,000E+0	0	1100
1788,420	85,400	124,800	2,102E+2	0,000E+0	1,723E+2	1,722E+2	0,000E+0	1,191E+0	1,185E+0	0,000E+0	0	1100
1789,421	85,400	124,800	2,102E+2	0,000E+0	1,723E+2	1,722E+2	0,000E+0	1,191E+0	1,185E+0	0,000E+0	0	1100
1790,420	85,500	124,700	2,102E+2	0,000E+0	1,724E+2	1,725E+2	0,000E+0	1,189E+0	1,183E+0	0,000E+0	0	1100
1791,421	85,400	124,600	2,100E+2	0,000E+0	1,722E+2	1,719E+2	0,000E+0	1,191E+0	1,183E+0	0,000E+0	0	1100
1792,421	85,200	124,600	2,098E+2	0,000E+0	1,723E+2	1,721E+2	0,000E+0	1,190E+0	1,183E+0	0,000E+0	1	1100
1793,422	85,700	125,100	2,108E+2	0,000E+0	1,726E+2	1,722E+2	0,000E+0	1,193E+0	1,186E+0	0,000E+0	1	1100
1794,423	85,600	124,400	2,100E+2	0,000E+0	1,729E+2	1,727E+2	0,000E+0	1,187E+0	1,179E+0	0,000E+0	1	1100
1795,423	85,700	124,200	2,099E+2	0,000E+0	1,727E+2	1,726E+2	0,000E+0	1,189E+0	1,180E+0	0,000E+0	1	1100
1796,424	85,700	124,200	2,099E+2	0,000E+0	1,727E+2	1,726E+2	0,000E+0	1,189E+0	1,180E+0	0,000E+0	1	1100
1797,423	85,700	124,200	2,099E+2	0,000E+0	1,727E+2	1,726E+2	0,000E+0	1,189E+0	1,180E+0	0,000E+0	1	1100
1798,425	85,700	124,200	2,099E+2	0,000E+0	1,727E+2	1,726E+2	0,000E+0	1,189E+0	1,180E+0	0,000E+0	1	1100
1799,424	85,700	124,200	2,099E+2	0,000E+0	1,727E+2	1,726E+2	0,000E+0	1,189E+0	1,180E+0	0,000E+0	1	1100
1800,424	85,500	124,500	2,100E+2	0,000E+0	1,724E+2	1,724E+2	0,000E+0	1,189E+0	1,184E+0	0,000E+0	1	1100
1801,424	85,500	124,500	2,100E+2	0,000E+0	1,724E+2	1,724E+2	0,000E+0	1,189E+0	1,184E+0	0,000E+0	1	1100
1802,424	85,500	124,500	2,100E+2	0,000E+0	1,724E+2	1,724E+2	0,000E+0	1,189E+0	1,184E+0	0,000E+0	1	1100
1803,425	85,500	124,700	2,102E+2	0,000E+0	1,726E+2	1,726E+2	0,000E+0	1,186E+0	1,182E+0	0,000E+0	1	1100
1804,425	85,500	124,700	2,102E+2	0,000E+0	1,726E+2	1,726E+2	0,000E+0	1,186E+0	1,182E+0	0,000E+0	1	1100
1805,426	85,300	124,200	2,095E+2	0,000E+0	1,724E+2	1,725E+2	0,000E+0	1,187E+0	1,182E+0	0,000E+0	1	1100
1806,425	85,300	124,200	2,095E+2	0,000E+0	1,724E+2	1,725E+2	0,000E+0	1,187E+0	1,182E+0	0,000E+0	1	1100
1807,426	85,300	124,600	2,099E+2	0,000E+0	1,725E+2	1,726E+2	0,000E+0	1,185E+0	1,182E+0	0,000E+0	1	1100
1808,426	85,400	124,900	2,103E+2	0,000E+0	1,728E+2	1,729E+2	0,000E+0	1,191E+0	1,184E+0	0,000E+0	2	1100
1809,428	84,800	125,000	2,098E+2	0,000E+0	1,728E+2	1,728E+2	0,000E+0	1,187E+0	1,185E+0	0,000E+0	2	1100
1810,428	85,200	124,700	2,099E+2	0,000E+0	1,728E+2	1,728E+2	0,000E+0	1,188E+0	1,183E+0	0,000E+0	2	1100
1811,429	85,200	124,800	2,100E+2	0,000E+0	1,728E+2	1,728E+2	0,000E+0	1,188E+0	1,183E+0	0,000E+0	2	1100
1812,429	85,100	125,400	2,105E+2	0,000E+0	1,727E+2	1,726E+2	0,000E+0	1,189E+0	1,189E+0	0,000E+0	2	1100
1813,430	85,100	125,400	2,105E+2	0,000E+0	1,727E+2	1,726E+2	0,000E+0	1,189E+0	1,189E+0	0,000E+0	2	1100
1814,430	86,000	123,900	2,099E+2	0,000E+0	1,727E+2	1,725E+2	0,000E+0	1,189E+0	1,179E+0	0,000E+0	2	1100
1815,430	86,000	123,900	2,099E+2	0,000E+0	1,727E+2	1,725E+2	0,000E+0	1,189E+0	1,179E+0	0,000E+0	2	1100
1816,431	86,000	123,900	2,099E+2	0,000E+0	1,727E+2	1,725E+2	0,000E+0	1,189E+0	1,179E+0	0,000E+0	2	1100
1817,430	86,000	123,900	2,099E+2	0,000E+0	1,727E+2	1,725E+2	0,000E+0	1,189E+0	1,179E+0	0,000E+0	2	1100
1818,430	86,000	123,900	2,099E+2	0,000E+0	1,727E+2	1,725E+2	0,000E+0	1,189E+0	1,179E+0	0,000E+0	2	1100
1819,430	85,400	124,500	2,099E+2	0,000E+0	1,727E+2	1,725E+2	0,000E+0	1,188E+0	1,184E+0	0,000E+0	2	1100
1820,430	85,400	124,500	2,099E+2	0,000E+0	1,727E+2	1,725E+2	0,000E+0	1,188E+0	1,184E+0	0,000E+0	2	1100
1821,431	85,400	124,500	2,099E+2	0,000E+0	1,727E+2	1,725E+2	0,000E+0	1,188E+0	1,184E+0	0,000E+0	2	1100
1822,431	85,500	124,200	2,097E+2	0,000E+0	1,728E+2	1,728E+2	0,000E+0	1,186E+0	1,179E+0	0,000E+0	2	1100
1823,433	85,500	124,200	2,097E+2	0,000E+0	1,728E+2	1,728E+2	0,000E+0	1,186E+0	1,179E+0	0,000E+0	2	1100
1824,433	85,500	124,500	2,100E+2	0,000E+0	1,728E+2	1,725E+2	0,000E+0	1,189E+0	1,181E+0	0,000E+0	2	1100
1825,433	85,500	124,500	2,100E+2	0,000E+0	1,728E+2	1,725E+2	0,000E+0	1,189E+0	1,181E+0	0,000E+0	2	1100
1826,434	85,300	124,700	2,100E+2	0,000E+0	1,726E+2	1,727E+2	0,000E+0	1,187E+0	1,183E+0	0,000E+0	2	1100
1827,434	85,600	124,400	2,100E+2	0,000E+0	1,725E+2	1,725E+2	0,000E+0	1,189E+0	1,184E+0	0,000E+0	2	1100
1828,434	85,400	124,500	2,099E+2	0,000E+0	1,726E+2	1,725E+2	0,000E+0	1,188E+0	1,183E+0	0,000E+0	3	1100
1829,434	84,900	124,700	2,096E+2	0,000E+0	1,725E+2	1,727E+2	0,000E+0	1,186E+0	1,183E+0	0,000E+0	3	1100
1830,434	85,200	124,800	2,100E+2	0,000E+0	1,726E+2	1,726E+2	0,000E+0	1,191E+0	1,186E+0	0,000E+0	3	1100
1831,435	85,200	124,800	2,100E+2	0,000E+0	1,726E+2	1,726E+2	0,000E+0	1,191E+0	1,186E+0	0,000E+0	3	1100
1832,434	85,200	124,800	2,100E+2	0,000E+0	1,726E+2	1,726E+2	0,000E+0	1,191E+0	1,186E+0	0,000E+0	3	1100
1833,435	85,200	124,800	2,100E+2	0,000E+0	1,726E+2	1,726E+2	0,000E+0	1,191E+0	1,186E+0	0,000E+0	3	1100
1834,435	85,200	124,800	2,100E+2	0,000E+0	1,726E+2	1,726E+2	0,000E+0	1,191E+0	1,186E+0	0,000E+0	3	1100
1835,435	85,200	124,800	2,100E+2	0,000E+0	1,726E+2	1,726E+2	0,000E+0	1,191E+0	1,186E+0	0,000E+0	3	1100
1836,435	85,200	124,800	2,100E+2	0,000E+0	1,726E+2	1,726E+2	0,000E+0	1,191E+0	1,186E+0	0,000E+0	3	1100
1837,436	85,400	125,100	2,105E+2	0,000E+0	1,729E+2	1,728E+2	0,000E+0	1,190E+0	1,184E+0	0,000E+0	3	1100
1838,438	85,400	125,100	2,105E+2	0,000E+0	1,729E+2	1,728E+2	0,000E+0	1,190E+0	1,184E+0	0,000E+0	3	1100
1839,438	85,000	124,800	2,098E+2	0,000E+0	1,724E+2	1,726E+2	0,000E+0	1,186E+0	1,184E+0	0,000E+0	3	1100
1840,439	85,000	124,800	2,098E+2	0,000E+0	1,724E+2	1,726E+2	0,000E+0	1,186E+0	1,184E+0	0,000E+0	3	1100
1841,439	85,800	124,300	2,101E+2	0,000E+0	1,726E+2	1,725E+2	0,000E+0	1,189E+0	1,181E+0	0,000E+0	3	1100
1842,439	85,800	124,300	2,101E+2	0,000E+0	1,726E+2	1,725E+2	0,000E+0	1,189E+0	1,181E+0	0,000E+0	3	1100
1843,440	85,200	124,700	2,099E+2	0,000E+0	1,725E+2	1,725E+2	0,000E+0	1,188E+0	1,184E+0	0,000E+0	3	1100
1844,440	85,400	124,700	2,101E+2	0,000E+0	1,728E+2	1,726E+2	0,000E+0	1,190E+0	1,184E+0	0,000E+0	3	1100
1845,441	85,200	124,900	2,101E+2	0,000E+0	1,727E+2	1,727E+2	0,000E+0	1,187E+0	1,185E+0	0,000E+0	4	1100
1846,440	85,400	124,800	2,102E+2	0,000E+0	1,726E+2	1,725E+2	0,000E+0	1,188E+0	1,183E+0	0,000E+0	4	1100
1847,440	86,000	124,000	2,100E+2	0,000E+0	1,727E+2	1,726E+2	0,000E+0	1,189E+0	1,179E+0	0,000E+0	4	1100
1848,442	85,000	124,700	2,097E+2	0,000E+0	1,726E+2	1,726E+2	0,000E+0	1,189E+0	1,184E+0	0,000E+0	4	1100
1849,441	85,300	124,500	2,098E+2	0,000E+0	1,725E+2	1,726E+2	0,000E+0	1,186E+0	1,182E+0	0,000E+0	4	1100
1850,442	85,300	124,500	2,098E+2	0,000E+0	1,725E+2	1,726E+2	0,000E+0	1,186E+0	1,182E+0	0,000E+0	4	1100
1851,441	85,300	124,500	2,098E+2	0,000E+0	1,725E+2	1,726E+2	0,000E+0	1,186E+0	1,182E+0	0,000E+0	4	1100
1852,441	85,200	124,800	2,100E+2	0,000E+0	1,728E+2	1,726E+2	0,000E+0	1,189E+0	1,184E+0	0,000E+0	4	1100
1853,442	85,200	124,800	2,100E+2	0,000E+0	1,728E+2	1,726E+2	0,000E+0	1,189E+0	1,184E+0	0,000E+0	4	1100
1854,442	85,200	124,800	2,100E+2	0,000E+0	1,728E+2	1,726E+2	0,000E+0	1,189E+0	1,184E+0	0,000E+0	4	1100
1855,443	85,800	124,400	2,102E+2	0,000E+0	1,726E+2	1,727E+2	0,000E+0	1,187E+0	1,182E+0	0,000E+0	4	1100
1856,442	85,800	124,400	2,102E+2	0,000E+0	1,726E+2	1,727E+2	0,000E+0	1,187E+0	1,182E+0	0,000E+0	4	1100
1857,443	85,800	124,400	2,102E+2	0,000E+0	1,726E+2	1,727E+2	0,000E+0	1,187E+0	1,182E+0	0,000E+0	4	1100
1858,443	85,800	124,400	2,102E+2	0,000E+0	1,726E+2	1,727E+2	0,000E+0	1,187E+0	1,182E+0	0,000E+0	4	1100
1859,443	85,400	124,900	2,103E+2	0,000E+0	1,727E+2	1,727E+2	0,000E+0	1,188E+0	1,184E+0	0,000E+0	4	1100
1860,445	85,400	124,900	2,103E+2	0,000E+0	1,727E+2	1,727E+2	0,000E+0	1,188E+0	1,184E+0	0,000E+0	4	1100
1861,444	85,300	124,000	2,093E+2	0,000E+0	1,726E+2	1,725E+2	0,000E+0	1,186E+0	1,180E+0	0,000E+0	4	1100
1862,445	85,300	124,000	2,093E+2	0,000E+0	1,726E+2	1,725E+2	0,000E+0	1,186E+0	1,180E+0	0,000E+0	4	1100
1863,446	85,800	124,600	2,104E+2	0,000E+0	1,727E+2	1,725E+2	0,000E+0	1,194E+0	1,184E+0	0,000E+0	4	1100
1864,446	85,400	124,600	2,100E+2	0,000E+0	1,727E+2	1,726E+2	0,000E+0	1,189E+0	1,183E+0	0,000E+0	4	1100
1865,446	85,400	124,500	2,099E+2	0,000E+0	1,727E+2	1,729E+2	0,000E+0	1,189E+0	1,181E+0	0,000E+0	4	1100
1866,446	85,400	124,900	2,103E+2	0,000E+0	1,725E+2	1,726E+2	0,000E+0	1,188E+0	1,185E+0	0,000E+0	4	1100
1867,447	85,500	124,500	2,100E+2	0,000E+0	1,728E+2	1,725E+2	0,000E+0	1,189E+0	1,183E+0	0,000E+0	4	1100
1868,447	85,200	124,700	2,099E+2	0,000E+0	1,727E+2	1,726E+2	0,000E+0	1,187E+0	1,184E+0	0,000E+0	4	1100
1869,447	85,000	125,300	2,103E+2	0,000E+0	1,727E+2	1,726E+2	0,000E+0	1,190E+0	1,188E+0	0,000E+0	4	1100
1870,447	85,400	124,600	2,100E+2	0,000E+0	1,725E+2	1,726E+2	0,000E+0	1,187E+0	1,183E+0	0,000E+0	4	1100
1871,447	85,700	124,400	2,101E+2	0,000E+0	1,727E+2	1,726E+2	0,000E+0	1,192E+0	1,182E+0	0,000E+0	5	1100
1872,447	85,900	124,400	2,103E+2	0,000E+0	1,727E+2	1,725E+2	0,000E+0	1,189E+0	1,183E+0	0,000E+0	5	1100
1873,447	85,300	124,600	2,099E+2	0,000E+0	1,726E+2	1,724E+2	0,000E+0	1,190E+0	1,184E+0	0,000E+0	5	1100
1874,448	85,300	124,600	2,099E+2	0,000E+0	1,726E+2	1,724E+2	0,000E+0	1,190E+0	1,184E+0	0,000E+0	5	1100
1875,448	85,300	124,600	2,099E+2	0,000E+0	1,726E+2	1,724E+2	0,000E+0	1,190E+0	1,184E+0	0,000E+0	5	1100
1876,447	85,300	124,600	2,099E+2	0,000E+0	1,726E+2	1,724E+2	0,000E+0	1,190E+0	1,184E+0	0,000E+0	5	1100
1877,447	85,300	124,600	2,099E+2	0,000E+0	1,726E+2	1,724E+2	0,000E+0	1,190E+0	1,184E+0	0,000E+0	5	1100
1878,447	85,400	124,800	2,102E+2	0,000E+0	1,726E+2	1,728E+2	0,000E+0	1,188E+0	1,183E+0	0,000E+0	5	1100
1879,447	85,400	124,800	2,102E+2	0,000E+0	1,726E+2	1,728E+2	0,000E+0	1,188E+0	1,183E+0	0,000E+0	5	1100
1880,447	85,400	124,800	2,102E+2	0,000E+0	1,726E+2	1,728E+2	0,000E+0	1,188E+0	1,183E+0	0,000E+0	5	1100
1881,447	85,400	124,900	2,103E+2	0,000E+0	1,727E+2	1,726E+2	0,000E+0	1,188E+0	1,185E+0	0,000E+0	5	1100
1882,448	85,400	124,900	2,103E+2	0,000E+0	1,727E+2	1,726E+2	0,000E+0	1,188E+0	1,185E+0	0,000E+0	5	1100
1883,447	85,400	124,900	2,103E+2	0,000E+0	1,727E+2	1,726E+2	0,000E+0	1,188E+0	1,185E+0	0,000E+0	5	1100
1884,448	85,400	124,900	2,103E+2	0,000E+0	1,727E+2	1,726E+2	0,000E+0	1,188E+0	1,185E+0	0,000E+0	5	1100
1885,448	85,400	125,100	2,105E+2	0,000E+0	1,725E+2	1,728E+2	0,000E+0	1,190E+0	1,187E+0	0,000E+0	5	1100
1887,582	85,500	124,400	2,099E+2	0,000E+0	1,726E+2	1,727E+2	0,000E+0	1,185E+0	1,181E+0	0,000E+0	5	1100
1888,583	85,400	124,500	2,099E+2	0,000E+0	1,730E+2	1,727E+2	0,000E+0	1,189E+0	1,182E+0	0,000E+0	6	1100
1889,583	85,400	124,500	2,099E+2	0,000E+0	1,730E+2	1,727E+2	0,000E+0	1,189E+0	1,182E+0	0,000E+0	6	1100
1890,583	85,400	124,700	2,101E+2	0,000E+0	1,728E+2	1,727E+2	0,000E+0	1,190E+0	1,184E+0	0,000E+0	6	1100
1891,584	85,300	124,700	2,100E+2	0,000E+0	1,726E+2	1,726E+2	0,000E+0	1,190E+0	1,184E+0	0,000E+0	6	1100
1892,584	85,500	124,500	2,100E+2	0,000E+0	1,728E+2	1,725E+2	0,000E+0	1,189E+0	1,182E+0	0,000E+0	6	1100
1893,585	85,300	125,000	2,103E+2	0,000E+0	1,726E+2	1,726E+2	0,000E+0	1,189E+0	1,186E+0	0,000E+0	6	1100
1894,585	85,300	125,000	2,103E+2	0,000E+0	1,726E+2	1,726E+2	0,000E+0	1,189E+0	1,186E+0	0,000E+0	6	1100
1895,586	85,300	125,000	2,103E+2	0,000E+0	1,726E+2	1,726E+2	0,000E+0	1,189E+0	1,186E+0	0,000E+0	6	1100
1896,585	85,300	125,000	2,103E+2	0,000E+0	1,726E+2	1,726E+2	0,000E+0	1,189E+0	1,186E+0	0,000E+0	6	1100
1897,585	85,300	125,000	2,103E+2	0,000E+0	1,726E+2	1,726E+2	0,000E+0	1,189E+0	1,186E+0	0,000E+0	6	1100
1898,585	85,800	124,400	2,102E+2	0,000E+0	1,726E+2	1,724E+2	0,000E+0	1,190E+0	1,182E+0	0,000E+0	6	1100
1899,586	85,800	124,400	2,102E+2	0,000E+0	1,726E+2	1,724E+2	0,000E+0	1,190E+0	1,182E+0	0,000E+0	6	1100
1900,588	85,800	124,400	2,102E+2	0,000E+0	1,726E+2	1,724E+2	0,000E+0	1,190E+0	1,182E+0	0,000E+0	6	1100
1901,587	85,700	124,000	2,097E+2	0,000E+0	1,723E+2	1,724E+2	0,000E+0	1,186E+0	1,180E+0	0,000E+0	6	1100
1902,587	85,700	124,000	2,097E+2	0,000E+0	1,723E+2	1,724E+2	0,000E+0	1,186E+0	1,180E+0	0,000E+0	6	1100
1903,587	85,200	124,800	2,100E+2	0,000E+0	1,725E+2	1,726E+2	0,000E+0	1,187E+0	1,185E+0	0,000E+0	6	1100
1904,587	85,200	124,800	2,100E+2	0,000E+0	1,725E+2	1,726E+2	0,000E+0	1,187E+0	1,185E+0	0,000E+0	6	1100
1905,587	85,200	124,900	2,101E+2	0,000E+0	1,723E+2	1,725E+2	0,000E+0	1,188E+0	1,186E+0	0,000E+0	7	1100
1906,587	85,200	124,900	2,101E+2	0,000E+0	1,723E+2	1,725E+2	0,000E+0	1,188E+0	1,186E+0	0,000E+0	7	1100
1907,588	85,400	124,700	2,101E+2	0,000E+0	1,725E+2	1,728E+2	0,000E+0	1,188E+0	1,183E+0	0,000E+0	7	1100
1908,587	85,400	124,700	2,101E+2	0,000E+0	1,725E+2	1,728E+2	0,000E+0	1,188E+0	1,183E+0	0,000E+0	7	1100
1909,588	85,400	124,700	2,101E+2	0,000E+0	1,725E+2	1,728E+2	0,000E+0	1,188E+0	1,183E+0	0,000E+0	7	1100
1910,588	85,400	124,700	2,101E+2	0,000E+0	1,725E+2	1,728E+2	0,000E+0	1,188E+0	1,183E+0	0,000E+0	7	1100
1911,588	85,400	124,700	2,101E+2	0,000E+0	1,725E+2	1,728E+2	0,000E+0	1,188E+0	1,183E+0	0,000E+0	7	1100
1912,590	85,200	124,500	2,097E+2	0,000E+0	1,725E+2	1,723E+2	0,000E+0	1,188E+0	1,183E+0	0,000E+0	7	1100
1913,591	85,200	124,500	2,097E+2	0,000E+0	1,725E+2	1,723E+2	0,000E+0	1,188E+0	1,183E+0	0,000E+0	7	1100
1914,591	85,200	124,500	2,097E+2	0,000E+0	1,725E+2	1,723E+2	0,000E+0	1,188E+0	1,183E+0	0,000E+0	7	1100
1915,593	85,200	124,500	2,097E+2	0,000E+0	1,725E+2	1,723E+2	0,000E+0	1,188E+0	1,183E+0	0,000E+0	7	1100
1916,592	85,300	124,800	2,101E+2	0,000E+0	1,724E+2	1,725E+2	0,000E+0	1,189E+0	1,186E+0	0,000E+0	7	1100
1917,592	85,600	124,800	2,104E+2	0,000E+0	1,726E+2	1,726E+2	0,000E+0	1,189E+0	1,186E+0	0,000E+0	7	1100
1918,593	85,600	124,800	2,104E+2	0,000E+0	1,726E+2	1,726E+2	0,000E+0	1,189E+0	1,186E+0	0,000E+0	7	1100
1919,593	85,700	124,200	2,099E+2	0,000E+0	1,725E+2	1,724E+2	0,000E+0	1,189E+0	1,181E+0	0,000E+0	7	1100
1920,595	85,100	124,800	2,099E+2	0,000E+0	1,723E+2	1,726E+2	0,000E+0	1,187E+0	1,185E+0	0,000E+0	7	1100
1921,595	85,200	125,000	2,102E+2	0,000E+0	1,726E+2	1,725E+2	0,000E+0	1,190E+0	1,188E+0	0,000E+0	7	1100
1922,595	85,600	124,500	2,101E+2	0,000E+0	1,726E+2	1,728E+2	0,000E+0	1,190E+0	1,183E+0	0,000E+0	7	1100
1923,595	85,200	124,900	2,101E+2	0,000E+0	1,725E+2	1,725E+2	0,000E+0	1,187E+0	1,185E+0	0,000E+0	7	1101
1924,596	85,500	124,500	2,100E+2	0,000E+0	1,727E+2	1,725E+2	0,000E+0	1,193E+0	1,184E+0	0,000E+0	7	1101
1925,596	85,400	124,700	2,101E+2	0,000E+0	1,726E+2	1,727E+2	0,000E+0	1,187E+0	1,184E+0	0,000E+0	7	1101
1926,597	85,400	124,700	2,101E+2	0,000E+0	1,726E+2	1,727E+2	0,000E+0	1,187E+0	1,184E+0	0,000E+0	7	1101
1927,597	85,600	124,600	2,102E+2	0,000E+0	1,725E+2	1,726E+2	0,000E+0	1,189E+0	1,184E+0	0,000E+0	7	1101
1928,598	85,500	124,600	2,101E+2	0,000E+0	1,727E+2	1,725E+2	0,000E+0	1,188E+0	1,182E+0	0,000E+0	7	1101
1929,597	85,300	124,400	2,097E+2	0,000E+0	1,726E+2	1,727E+2	0,000E+0	1,187E+0	1,182E+0	0,000E+0	7	1101
1930,598	85,700	124,500	2,102E+2	0,000E+0	1,727E+2	1,724E+2	0,000E+0	1,192E+0	1,185E+0	0,000E+0	7	1101
1931,597	85,700	124,500	2,102E+2	0,000E+0	1,727E+2	1,724E+2	0,000E+0	1,192E+0	1,185E+0	0,000E+0	7	1101
1932,597	85,700	124,500	2,102E+2	0,000E+0	1,727E+2	1,724E+2	0,000E+0	1,192E+0	1,185E+0	0,000E+0	7	1101
1933,597	85,700	124,500	2,102E+2	0,000E+0	1,727E+2	1,724E+2	0,000E+0	1,192E+0	1,185E+0	0,000E+0	7	1101
1934,597	85,700	124,500	2,102E+2	0,000E+0	1,727E+2	1,724E+2	0,000E+0	1,192E+0	1,185E+0	0,000E+0	7	1101
1935,597	85,400	124,700	2,101E+2	0,000E+0	1,727E+2	1,727E+2	0,000E+0	1,188E+0	1,184E+0	0,000E+0	7	1101
1936,597	85,400	124,700	2,101E+2	0,000E+0	1,727E+2	1,727E+2	0,000E+0	1,188E+0	1,184E+0	0,000E+0	7	1101
1937,598	85,400	124,700	2,101E+2	0,000E+0	1,727E+2	1,727E+2	0,000E+0	1,188E+0	1,184E+0	0,000E+0	7	1101
1938,597	85,800	124,100	2,099E+2	0,000E+0	1,724E+2	1,722E+2	0,000E+0	1,188E+0	1,181E+0	0,000E+0	7	1101
1939,598	85,800	124,100	2,099E+2	0,000E+0	1,724E+2	1,722E+2	0,000E+0	1,188E+0	1,181E+0	0,000E+0	7	1101
1940,599	85,600	124,100	2,097E+2	0,000E+0	1,727E+2	1,727E+2	0,000E+0	1,187E+0	1,179E+0	0,000E+0	7	1101
1941,600	85,600	124,100	2,097E+2	0,000E+0	1,727E+2	1,727E+2	0,000E+0	1,187E+0	1,179E+0	0,000E+0	7	1101
1942,601	85,300	124,700	2,100E+2	0,000E+0	1,727E+2	1,728E+2	0,000E+0	1,192E+0	1,183E+0	0,000E+0	7	1101
1943,600	85,300	124,700	2,100E+2	0,000E+0	1,727E+2	1,728E+2	0,000E+0	1,192E+0	1,183E+0	0,000E+0	7	1101
1944,601	85,600	124,600	2,102E+2	0,000E+0	1,729E+2	1,725E+2	0,000E+0	1,193E+0	1,183E+0	0,000E+0	7	1101
1945,601	85,600	124,600	2,102E+2	0,000E+0	1,729E+2	1,725E+2	0,000E+0	1,193E+0	1,183E+0	0,000E+0	7	1101
1946,601	85,200	124,600	2,098E+2	0,000E+0	1,725E+2	1,726E+2	0,000E+0	1,190E+0	1,183E+0	0,000E+0	7	1101
1947,601	85,600	124,600	2,102E+2	0,000E+0	1,727E+2	1,726E+2	0,000E+0	1,191E+0	1,183E+0	0,000E+0	7	1101
1948,601	85,400	124,800	2,102E+2	0,000E+0	1,726E+2	1,724E+2	0,000E+0	1,190E+0	1,185E+0	0,000E+0	7	1101
1949,602	85,400	124,800	2,102E+2	0,000E+0	1,726E+2	1,725E+2	0,000E+0	1,188E+0	1,185E+0	0,000E+0	7	1101
1950,602	85,300	124,300	2,096E+2	0,000E+0	1,724E+2	1,725E+2	0,000E+0	1,187E+0	1,181E+0	0,000E+0	7	1101
1951,602	85,300	124,300	2,096E+2	0,000E+0	1,724E+2	1,725E+2	0,000E+0	1,187E+0	1,181E+0	0,000E+0	7	1101
1952,602	85,800	124,500	2,103E+2	0,000E+0	1,728E+2	1,725E+2	0,000E+0	1,190E+0	1,183E+0	0,000E+0	7	1101
1953,603	85,800	124,500	2,103E+2	0,000E+0	1,728E+2	1,725E+2	0,000E+0	1,190E+0	1,183E+0	0,000E+0	6	1101
1954,602	85,800	124,500	2,103E+2	0,000E+0	1,728E+2	1,725E+2	0,000E+0	1,190E+0	1,183E+0	0,000E+0	6	1101
1955,602	85,800	124,500	2,103E+2	0,000E+0	1,728E+2	1,725E+2	0,000E+0	1,190E+0	1,183E+0	0,000E+0	6	1101
1956,602	85,200	124,400	2,096E+2	0,000E+0	1,725E+2	1,726E+2	0,000E+0	1,187E+0	1,182E+0	0,000E+0	6	1101
1957,603	85,200	124,400	2,096E+2	0,000E+0	1,725E+2	1,726E+2	0,000E+0	1,187E+0	1,182E+0	0,000E+0	6	1101
1958,603	85,400	124,500	2,099E+2	0,000E+0	1,726E+2	1,725E+2	0,000E+0	1,187E+0	1,182E+0	0,000E+0	6	1101
1959,603	85,400	124,500	2,099E+2	0,000E+0	1,726E+2	1,725E+2	0,000E+0	1,187E+0	1,182E+0	0,000E+0	6	1101
1960,604	85,400	124,500	2,099E+2	0,000E+0	1,726E+2	1,725E+2	0,000E+0	1,187E+0	1,182E+0	0,000E+0	6	1101
1961,603	85,400	124,500	2,099E+2	0,000E+0	1,725E+2	1,727E+2	0,000E+0	1,187E+0	1,183E+0	0,000E+0	6	1101
1962,604	85,400	124,500	2,099E+2	0,000E+0	1,725E+2	1,727E+2	0,000E+0	1,187E+0	1,183E+0	0,000E+0	6	1101
1963,603	85,400	124,500	2,099E+2	0,000E+0	1,725E+2	1,727E+2	0,000E+0	1,187E+0	1,183E+0	0,000E+0	6	1101
1964,603	85,400	124,500	2,099E+2	0,000E+0	1,725E+2	1,727E+2	0,000E+0	1,187E+0	1,183E+0	0,000E+0	6	1101
1965,603	85,500	124,400	2,099E+2	0,000E+0	1,725E+2	1,725E+2	0,000E+0	1,190E+0	1,183E+0	0,000E+0	5	1101
1966,603	85,100	125,000	2,101E+2	0,000E+0	1,724E+2	1,725E+2	0,000E+0	1,187E+0	1,186E+0	0,000E+0	5	1101
1967,604	85,100	124,800	2,099E+2	0,000E+0	1,724E+2	1,726E+2	0,000E+0	1,189E+0	1,183E+0	0,000E+0	5	1101
1968,603	85,100	124,800	2,099E+2	0,000E+0	1,724E+2	1,726E+2	0,000E+0	1,189E+0	1,183E+0	0,000E+0	5	1101
1969,604	85,100	124,800	2,099E+2	0,000E+0	1,724E+2	1,726E+2	0,000E+0	1,189E+0	1,183E+0	0,000E+0	5	1101
1970,603	85,100	124,800	2,099E+2	0,000E+0	1,724E+2	1,726E+2	0,000E+0	1,189E+0	1,183E+0	0,000E+0	5	1101
1971,603	85,500	124,600	2,101E+2	0,000E+0	1,726E+2	1,725E+2	0,000E+0	1,191E+0	1,184E+0	0,000E+0	5	1101
1972,603	85,500	124,600	2,101E+2	0,000E+0	1,726E+2	1,725E+2	0,000E+0	1,191E+0	1,184E+0	0,000E+0	5	1101
1973,604	85,500	124,600	2,101E+2	0,000E+0	1,726E+2	1,725E+2	0,000E+0	1,191E+0	1,184E+0	0,000E+0	5	1101
1974,605	85,400	124,400	2,098E+2	0,000E+0	1,726E+2	1,723E+2	0,000E+0	1,191E+0	1,183E+0	0,000E+0	5	1101
1975,604	85,400	124,400	2,098E+2	0,000E+0	1,726E+2	1,723E+2	0,000E+0	1,191E+0	1,183E+0	0,000E+0	5	1101
1976,604	85,300	124,700	2,100E+2	0,000E+0	1,725E+2	1,725E+2	0,000E+0	1,190E+0	1,186E+0	0,000E+0	5	1101
1977,604	85,300	124,700	2,100E+2	0,000E+0	1,725E+2	1,725E+2	0,000E+0	1,190E+0	1,186E+0	0,000E+0	5	1101
1978,604	85,300	124,700	2,100E+2	0,000E+0	1,725E+2	1,725E+2	0,000E+0	1,190E+0	1,186E+0	0,000E+0	5	1101
1979,604	85,800	124,300	2,101E+2	0,000E+0	1,725E+2	1,724E+2	0,000E+0	1,193E+0	1,183E+0	0,000E+0	5	1101
1980,604	85,400	124,800	2,102E+2	0,000E+0	1,722E+2	1,725E+2	0,000E+0	1,189E+0	1,186E+0	0,000E+0	5	1101
1981,606	85,300	124,400	2,097E+2	0,000E+0	1,724E+2	1,725E+2	0,000E+0	1,187E+0	1,182E+0	0,000E+0	4	1101
1982,605	85,500	124,400	2,099E+2	0,000E+0	1,724E+2	1,723E+2	0,000E+0	1,191E+0	1,182E+0	0,000E+0	4	1101
1983,606	85,200	125,100	2,103E+2	0,000E+0	1,723E+2	1,724E+2	0,000E+0	1,190E+0	1,188E+0	0,000E+0	4	1101
1984,606	85,200	125,100	2,103E+2	0,000E+0	1,723E+2	1,724E+2	0,000E+0	1,190E+0	1,188E+0	0,000E+0	4	1101
1985,606	85,200	125,100	2,103E+2	0,000E+0	1,723E+2	1,724E+2	0,000E+0	1,190E+0	1,188E+0	0,000E+0	4	1101
1986,607	85,200	125,100	2,103E+2	0,000E+0	1,723E+2	1,724E+2	0,000E+0	1,190E+0	1,188E+0	0,000E+0	4	1101
1987,606	85,200	125,100	2,103E+2	0,000E+0	1,723E+2	1,724E+2	0,000E+0	1,190E+0	1,188E+0	0,000E+0	4	1101
1988,608	85,000	124,700	2,097E+2	0,000E+0	1,724E+2	1,724E+2	0,000E+0	1,188E+0	1,185E+0	0,000E+0	4	1101
1989,608	85,000	124,700	2,097E+2	0,000E+0	1,724E+2	1,724E+2	0,000E+0	1,188E+0	1,185E+0	0,000E+0	4	1101
1990,608	85,000	124,700	2,097E+2	0,000E+0	1,724E+2	1,724E+2	0,000E+0	1,188E+0	1,185E+0	0,000E+0	4	1101
1991,608	85,500	124,300	2,098E+2	0,000E+0	1,722E+2	1,721E+2	0,000E+0	1,190E+0	1,183E+0	0,000E+0	4	1101
1992,609	85,500	124,300	2,098E+2	0,000E+0	1,722E+2	1,721E+2	0,000E+0	1,190E+0	1,183E+0	0,000E+0	4	1101
1993,610	85,400	125,000	2,104E+2	0,000E+0	1,724E+2	1,724E+2	0,000E+0	1,189E+0	1,187E+0	0,000E+0	4	1101
1994,610	85,400	125,000	2,104E+2	0,000E+0	1,724E+2	1,724E+2	0,000E+0	1,189E+0	1,187E+0	0,000E+0	4	1101
1995,610	85,500	124,900	2,104E+2	0,000E+0	1,723E+2	1,728E+2	0,000E+0	1,190E+0	1,185E+0	0,000E+0	4	1101
1996,610	85,600	124,400	2,100E+2	0,000E+0	1,725E+2	1,724E+2	0,000E+0	1,190E+0	1,182E+0	0,000E+0	3	1101
1997,610	85,500	123,900	2,094E+2	0,000E+0	1,723E+2	1,722E+2	0,000E+0	1,189E+0	1,180E+0	0,000E+0	3	1101
1998,610	85,300	124,800	2,101E+2	0,000E+0	1,724E+2	1,724E+2	0,000E+0	1,191E+0	1,185E+0	0,000E+0	3	1101
1999,610	85,300	124,800	2,101E+2	0,000E+0	1,724E+2	1,724E+2	0,000E+0	1,191E+0	1,185E+0	0,000E+0	3	1101
2000,611	85,300	124,800	2,101E+2	0,000E+0	1,724E+2	1,724E+2	0,000E+0	1,191E+0	1,185E+0	0,000E+0	3	1101
2001,610	85,300	124,800	2,101E+2	0,000E+0	1,724E+2	1,724E+2	0,000E+0	1,191E+0	1,185E+0	0,000E+0	3	1101
2002,610	85,300	124,800	2,101E+2	0,000E+0	1,724E+2	1,724E+2	0,000E+0	1,191E+0	1,185E+0	0,000E+0	3	1101
2003,612	85,400	125,100	2,105E+2	0,000E+0	1,725E+2	1,722E+2	0,000E+0	1,192E+0	1,189E+0	0,000E+0	3	1101
2004,612	85,400	125,100	2,105E+2	0,000E+0	1,725E+2	1,722E+2	0,000E+0	1,192E+0	1,189E+0	0,000E+0	3	1101
2005,613	85,400	125,100	2,105E+2	0,000E+0	1,725E+2	1,722E+2	0,000E+0	1,192E+0	1,189E+0	0,000E+0	3	1101
2006,612	85,400	125,100	2,105E+2	0,000E+0	1,725E+2	1,722E+2	0,000E+0	1,192E+0	1,189E+0	0,000E+0	3	1101
2007,613	85,100	124,400	2,095E+2	0,000E+0	1,725E+2	1,723E+2	0,000E+0	1,190E+0	1,183E+0	0,000E+0	3	1101
2008,613	85,200	124,300	2,095E+2	0,000E+0	1,723E+2	1,723E+2	0,000E+0	1,187E+0	1,183E+0	0,000E+0	3	1101
2009,613	85,200	124,300	2,095E+2	0,000E+0	1,723E+2	1,723E+2	0,000E+0	1,187E+0	1,183E+0	0,000E+0	3	1101
2010,615	85,900	124,500	2,104E+2	0,000E+0	1,724E+2	1,723E+2	0,000E+0	1,192E+0	1,184E+0	0,000E+0	3	1101
2011,614	85,000	124,700	2,097E+2	0,000E+0	1,724E+2	1,724E+2	0,000E+0	1,190E+0	1,186E+0	0,000E+0	2	1101
2012,614	85,100	124,900	2,100E+2	0,000E+0	1,724E+2	1,724E+2	0,000E+0	1,189E+0	1,186E+0	0,000E+0	2	1101
2013,614	85,400	124,800	2,102E+2	0,000E+0	1,722E+2	1,724E+2	0,000E+0	1,191E+0	1,186E+0	0,000E+0	2	1101
2014,615	85,200	124,800	2,100E+2	0,000E+0	1,721E+2	1,723E+2	0,000E+0	1,189E+0	1,186E+0	0,000E+0	2	1101
2015,615	85,100	124,900	2,100E+2	0,000E+0	1,725E+2	1,723E+2	0,000E+0	1,191E+0	1,186E+0	0,000E+0	2	1101
2016,616	85,100	124,900	2,100E+2	0,000E+0	1,725E+2	1,723E+2	0,000E+0	1,191E+0	1,186E+0	0,000E+0	2	1101
2017,617	85,100	124,900	2,100E+2	0,000E+0	1,725E+2	1,723E+2	0,000E+0	1,191E+0	1,186E+0	0,000E+0	2	1101
2018,616	85,100	124,900	2,100E+2	0,000E+0	1,725E+2	1,723E+2	0,000E+0	1,191E+0	1,186E+0	0,000E+0	2	1101
2019,617	85,100	124,900	2,100E+2	0,000E+0	1,725E+2	1,723E+2	0,000E+0	1,191E+0	1,186E+0	0,000E+0	2	1101
2020,618	85,100	124,900	2,100E+2	0,000E+0	1,725E+2	1,723E+2	0,000E+0	1,191E+0	1,186E+0	0,000E+0	2	1101
2021,618	85,100	124,900	2,100E+2	0,000E+0	1,725E+2	1,723E+2	0,000E+0	1,191E+0	1,186E+0	0,000E+0	2	1101
2022,619	85,100	124,900	2,100E+2	0,000E+0	1,725E+2	1,723E+2	0,000E+0	1,191E+0	1,186E+0	0,000E+0	2	1101
2023,619	85,400	124,700	2,101E+2	0,000E+0	1,724E+2	1,722E+2	0,000E+0	1,191E+0	1,186E+0	0,000E+0	2	1101
2024,620	85,000	125,200	2,102E+2	0,000E+0	1,723E+2	1,724E+2	0,000E+0	1,188E+0	1,187E+0	0,000E+0	2	1101
2025,619	85,000	125,200	2,102E+2	0,000E+0	1,723E+2	1,724E+2	0,000E+0	1,188E+0	1,187E+0	0,000E+0	2	1101
2026,619	85,400	124,300	2,097E+2	0,000E+0	1,722E+2	1,722E+2	0,000E+0	1,188E+0	1,182E+0	0,000E+0	2	1101
2027,620	85,400	124,300	2,097E+2	0,000E+0	1,722E+2	1,722E+2	0,000E+0	1,188E+0	1,182E+0	0,000E+0	2	1101
2028,620	85,600	124,700	2,103E+2	0,000E+0	1,723E+2	1,722E+2	0,000E+0	1,192E+0	1,187E+0	0,000E+0	1	1101
2029,620	85,100	124,800	2,099E+2	0,000E+0	1,719E+2	1,722E+2	0,000E+0	1,190E+0	1,188E+0	0,000E+0	1	1101
2030,620	85,500	124,600	2,101E+2	0,000E+0	1,722E+2	1,720E+2	0,000E+0	1,195E+0	1,185E+0	0,000E+0	1	1101
2031,620	85,000	124,900	2,099E+2	0,000E+0	1,719E+2	1,721E+2	0,000E+0	1,188E+0	1,187E+0	0,000E+0	1	1101
2032,620	85,000	124,900	2,099E+2	0,000E+0	1,719E+2	1,721E+2	0,000E+0	1,188E+0	1,187E+0	0,000E+0	1	1101
2033,621	85,000	124,900	2,099E+2	0,000E+0	1,719E+2	1,721E+2	0,000E+0	1,188E+0	1,187E+0	0,000E+0	1	1101
2034,620	85,000	124,900	2,099E+2	0,000E+0	1,719E+2	1,721E+2	0,000E+0	1,188E+0	1,187E+0	0,000E+0	1	1101
2035,620	85,200	125,100	2,103E+2	0,000E+0	1,721E+2	1,721E+2	0,000E+0	1,189E+0	1,187E+0	0,000E+0	1	1101
2036,621	85,200	125,100	2,103E+2	0,000E+0	1,721E+2	1,721E+2	0,000E+0	1,189E+0	1,187E+0	0,000E+0	1	1101
2037,621	85,200	125,100	2,103E+2	0,000E+0	1,721E+2	1,721E+2	0,000E+0	1,189E+0	1,187E+0	0,000E+0	1	1101
2038,621	85,200	125,100	2,103E+2	0,000E+0	1,721E+2	1,721E+2	0,000E+0	1,189E+0	1,187E+0	0,000E+0	1	1101
2039,621	85,800	124,400	2,102E+2	0,000E+0	1,723E+2	1,719E+2	0,000E+0	1,192E+0	1,184E+0	0,000E+0	1	1101
2040,622	85,800	124,400	2,102E+2	0,000E+0	1,723E+2	1,719E+2	0,000E+0	1,192E+0	1,184E+0	0,000E+0	1	1101
2041,621	85,800	124,400	2,102E+2	0,000E+0	1,723E+2	1,719E+2	0,000E+0	1,192E+0	1,184E+0	0,000E+0	1	1101
2042,621	85,100	124,700	2,098E+2	0,000E+0	1,721E+2	1,722E+2	0,000E+0	1,191E+0	1,185E+0	0,000E+0	1	1101
2043,622	85,500	124,600	2,101E+2	0,000E+0	1,722E+2	1,720E+2	0,000E+0	1,190E+0	1,183E+0	0,000E+0	0	1101
2044,622	85,100	124,700	2,098E+2	0,000E+0	1,715E+2	1,717E+2	0,000E+0	1,190E+0	1,185E+0	0,000E+0	0	1101
2045,622	85,400	125,000	2,104E+2	0,000E+0	1,718E+2	1,715E+2	0,000E+0	1,191E+0	1,189E+0	0,000E+0	0	1101
2046,622	85,300	124,700	2,100E+2	0,000E+0	1,717E+2	1,717E+2	0,000E+0	1,190E+0	1,187E+0	0,000E+0	0	1101
2047,622	85,300	124,700	2,100E+2	0,000E+0	1,717E+2	1,717E+2	0,000E+0	1,190E+0	1,187E+0	0,000E+0	0	1101
2048,623	85,300	124,700	2,100E+2	0,000E+0	1,717E+2	1,717E+2	0,000E+0	1,190E+0	1,187E+0	0,000E+0	0	1101
2049,623	85,300	124,700	2,100E+2	0,000E+0	1,717E+2	1,717E+2	0,000E+0	1,190E+0	1,187E+0	0,000E+0	0	1101
2050,624	85,600	124,400	2,100E+2	0,000E+0	1,717E+2	1,715E+2	0,000E+0	1,192E+0	1,184E+0	0,000E+0	0	1101
2051,625	85,600	124,400	2,100E+2	0,000E+0	1,717E+2	1,715E+2	0,000E+0	1,192E+0	1,184E+0	0,000E+0	0	1101
2052,625	85,600	124,400	2,100E+2	0,000E+0	1,717E+2	1,715E+2	0,000E+0	1,192E+0	1,184E+0	0,000E+0	0	1101
2053,625	85,600	124,400	2,100E+2	0,000E+0	1,717E+2	1,715E+2	0,000E+0	1,192E+0	1,184E+0	0,000E+0	0	1101
2054,626	85,100	124,800	2,099E+2	0,000E+0	1,715E+2	1,717E+2	0,000E+0	1,192E+0	1,187E+0	0,000E+0	0	1101
2055,626	85,100	124,800	2,099E+2	0,000E+0	1,715E+2	1,717E+2	0,000E+0	1,192E+0	1,187E+0	0,000E+0	0	1101
2056,627	85,000	124,500	2,095E+2	0,000E+0	1,716E+2	1,717E+2	0,000E+0	1,190E+0	1,184E+0	0,000E+0	0	1101
2057,627	85,000	124,500	2,095E+2	0,000E+0	1,716E+2	1,717E+2	0,000E+0	1,190E+0	1,184E+0	0,000E+0	0	1101
2058,628	85,700	124,300	2,100E+2	0,000E+0	1,718E+2	1,715E+2	0,000E+0	1,194E+0	1,183E+0	0,000E+0	0	1101
2059,627	84,900	125,000	2,099E+2	0,000E+0	1,717E+2	1,717E+2	0,000E+0	1,192E+0	1,186E+0	0,000E+0	0	1101
2060,628	85,100	125,000	2,101E+2	0,000E+0	1,714E+2	1,719E+2	0,000E+0	1,189E+0	1,189E+0	0,000E+0	0	1101
2061,629	85,400	124,800	2,102E+2	0,000E+0	1,717E+2	1,718E+2	0,000E+0	1,189E+0	1,186E+0	0,000E+0	0	1110
2062,629	85,000	124,800	2,098E+2	0,000E+0	1,718E+2	1,717E+2	0,000E+0	1,190E+0	1,186E+0	0,000E+0	0	1110
2063,630	85,700	124,500	2,102E+2	0,000E+0	1,719E+2	1,715E+2	0,000E+0	1,195E+0	1,186E+0	0,000E+0	0	1110
2064,630	85,700	124,500	2,102E+2	0,000E+0	1,719E+2	1,715E+2	0,000E+0	1,195E+0	1,186E+0	0,000E+0	0	1110
2065,632	85,100	125,300	2,104E+2	0,000E+0	1,718E+2	1,719E+2	0,000E+0	1,191E+0	1,187E+0	0,000E+0	0	1110
2066,631	85,300	124,500	2,098E+2	0,000E+0	1,719E+2	1,718E+2	0,000E+0	1,189E+0	1,182E+0	0,000E+0	0	1110
2067,632	85,400	124,200	2,096E+2	0,000E+0	1,715E+2	1,713E+2	0,000E+0	1,189E+0	1,184E+0	0,000E+0	0	1110
2068,632	85,400	124,700	2,101E+2	0,000E+0	1,718E+2	1,716E+2	0,000E+0	1,193E+0	1,184E+0	0,000E+0	0	1110
2069,632	85,100	125,100	2,102E+2	0,000E+0	1,715E+2	1,720E+2	0,000E+0	1,188E+0	1,187E+0	0,000E+0	0	1110
2070,634	85,100	125,100	2,102E+2	0,000E+0	1,715E+2	1,720E+2	0,000E+0	1,188E+0	1,187E+0	0,000E+0	0	1110
2071,633	85,400	124,700	2,101E+2	0,000E+0	1,713E+2	1,714E+2	0,000E+0	1,192E+0	1,186E+0	0,000E+0	0	1110
2072,633	85,100	124,800	2,099E+2	0,000E+0	1,718E+2	1,717E+2	0,000E+0	1,192E+0	1,186E+0	0,000E+0	0	1110
2073,633	85,100	124,800	2,099E+2	0,000E+0	1,718E+2	1,717E+2	0,000E+0	1,192E+0	1,186E+0	0,000E+0	0	1110
2074,634	85,100	124,800	2,099E+2	0,000E+0	1,718E+2	1,717E+2	0,000E+0	1,192E+0	1,186E+0	0,000E+0	0	1110
2075,635	85,100	124,800	2,099E+2	0,000E+0	1,718E+2	1,717E+2	0,000E+0	1,192E+0	1,186E+0	0,000E+0	0	1110
2076,635	85,200	124,700	2,099E+2	0,000E+0	1,718E+2	1,716E+2	0,000E+0	1,190E+0	1,184E+0	0,000E+0	0	1110
2077,635	85,200	124,700	2,099E+2	0,000E+0	1,718E+2	1,716E+2	0,000E+0	1,190E+0	1,184E+0	0,000E+0	0	1110
2078,636	85,200	124,700	2,099E+2	0,000E+0	1,718E+2	1,716E+2	0,000E+0	1,190E+0	1,184E+0	0,000E+0	0	1110
2079,636	85,200	124,700	2,099E+2	0,000E+0	1,718E+2	1,716E+2	0,000E+0	1,190E+0	1,184E+0	0,000E+0	0	1110
2080,636	85,700	124,700	2,104E+2	0,000E+0	1,715E+2	1,715E+2	0,000E+0	1,196E+0	1,186E+0	0,000E+0	0	1110
2081,636	85,700	124,700	2,104E+2	0,000E+0	1,715E+2	1,715E+2	0,000E+0	1,196E+0	1,186E+0	0,000E+0	0	1110
2082,636	85,500	124,400	2,099E+2	0,000E+0	1,718E+2	1,716E+2	0,000E+0	1,192E+0	1,183E+0	0,000E+0	0	1110
2083,637	85,700	124,400	2,101E+2	0,000E+0	1,716E+2	1,716E+2	0,000E+0	1,191E+0	1,184E+0	0,000E+0	0	1110
2084,636	85,100	124,500	2,096E+2	0,000E+0	1,714E+2	1,716E+2	0,000E+0	1,189E+0	1,184E+0	0,000E+0	0	1110
2085,638	85,600	124,700	2,103E+2	0,000E+0	1,715E+2	1,715E+2	0,000E+0	1,193E+0	1,187E+0	0,000E+0	0	1110
2086,637	85,200	125,000	2,102E+2	0,000E+0	1,716E+2	1,717E+2	0,000E+0	1,190E+0	1,187E+0	0,000E+0	1	1110
2087,637	85,400	125,100	2,105E+2	0,000E+0	1,721E+2	1,722E+2	0,000E+0	1,190E+0	1,185E+0	0,000E+0	1	1110
2088,637	85,500	124,100	2,096E+2	0,000E+0	1,722E+2	1,719E+2	0,000E+0	1,189E+0	1,180E+0	0,000E+0	1	1110
2089,638	85,500	124,100	2,096E+2	0,000E+0	1,722E+2	1,719E+2	0,000E+0	1,189E+0	1,180E+0	0,000E+0	1	1110
2090,639	85,500	124,100	2,096E+2	0,000E+0	1,722E+2	1,719E+2	0,000E+0	1,189E+0	1,180E+0	0,000E+0	1	1110
2091,639	85,500	124,600	2,101E+2	0,000E+0	1,722E+2	1,720E+2	0,000E+0	1,191E+0	1,184E+0	0,000E+0	1	1110
2092,639	85,500	124,600	2,101E+2	0,000E+0	1,722E+2	1,720E+2	0,000E+0	1,191E+0	1,184E+0	0,000E+0	1	1110
2093,640	85,500	124,600	2,101E+2	0,000E+0	1,722E+2	1,720E+2	0,000E+0	1,191E+0	1,184E+0	0,000E+0	1	1110
2094,639	85,500	124,600	2,101E+2	0,000E+0	1,722E+2	1,720E+2	0,000E+0	1,191E+0	1,184E+0	0,000E+0	1	1110
2095,641	85,600	124,700	2,103E+2	0,000E+0	1,721E+2	1,718E+2	0,000E+0	1,192E+0	1,185E+0	0,000E+0	1	1110
2096,640	85,600	124,700	2,103E+2	0,000E+0	1,721E+2	1,718E+2	0,000E+0	1,192E+0	1,185E+0	0,000E+0	1	1110
2097,640	85,100	124,800	2,099E+2	0,000E+0	1,719E+2	1,719E+2	0,000E+0	1,191E+0	1,185E+0	0,000E+0	1	1110
2098,640	85,100	124,800	2,099E+2	0,000E+0	1,719E+2	1,719E+2	0,000E+0	1,191E+0	1,185E+0	0,000E+0	1	1110
2099,641	85,100	125,000	2,101E+2	0,000E+0	1,722E+2	1,722E+2	0,000E+0	1,191E+0	1,186E+0	0,000E+0	1	1110
2100,642	85,100	125,000	2,101E+2	0,000E+0	1,722E+2	1,722E+2	0,000E+0	1,191E+0	1,186E+0	0,000E+0	1	1110
2101,641	85,500	124,700	2,102E+2	0,000E+0	1,720E+2	1,721E+2	0,000E+0	1,190E+0	1,183E+0	0,000E+0	1	1110
2102,641	85,400	124,600	2,100E+2	0,000E+0	1,721E+2	1,720E+2	0,000E+0	1,189E+0	1,183E+0	0,000E+0	2	1110
2103,642	85,300	124,900	2,102E+2	0,000E+0	1,725E+2	1,722E+2	0,000E+0	1,192E+0	1,186E+0	0,000E+0	2	1110
2104,642	85,500	124,300	2,098E+2	0,000E+0	1,724E+2	1,722E+2	0,000E+0	1,190E+0	1,183E+0	0,000E+0	2	1110
2105,642	85,000	124,500	2,095E+2	0,000E+0	1,722E+2	1,721E+2	0,000E+0	1,190E+0	1,185E+0	0,000E+0	2	1110
2106,643	85,000	124,500	2,095E+2	0,000E+0	1,722E+2	1,721E+2	0,000E+0	1,190E+0	1,185E+0	0,000E+0	2	1110
2107,645	85,000	124,500	2,095E+2	0,000E+0	1,722E+2	1,721E+2	0,000E+0	1,190E+0	1,185E+0	0,000E+0	2	1110
2108,644	85,000	124,500	2,095E+2	0,000E+0	1,722E+2	1,721E+2	0,000E+0	1,190E+0	1,185E+0	0,000E+0	2	1110
2109,645	85,000	124,500	2,095E+2	0,000E+0	1,722E+2	1,721E+2	0,000E+0	1,190E+0	1,185E+0	0,000E+0	2	1110
2110,644	85,000	124,900	2,099E+2	0,000E+0	1,719E+2	1,721E+2	0,000E+0	1,189E+0	1,187E+0	0,000E+0	2	1110
2111,644	85,000	124,900	2,099E+2	0,000E+0	1,719E+2	1,721E+2	0,000E+0	1,189E+0	1,187E+0	0,000E+0	2	1110
2112,644	85,000	124,900	2,099E+2	0,000E+0	1,719E+2	1,721E+2	0,000E+0	1,189E+0	1,187E+0	0,000E+0	2	1110
2113,644	85,400	125,000	2,104E+2	0,000E+0	1,722E+2	1,725E+2	0,000E+0	1,190E+0	1,187E+0	0,000E+0	2	1110
2114,645	85,400	125,000	2,104E+2	0,000E+0	1,722E+2	1,725E+2	0,000E+0	1,190E+0	1,187E+0	0,000E+0	2	1110
2115,644	85,700	124,700	2,104E+2	0,000E+0	1,721E+2	1,722E+2	0,000E+0	1,194E+0	1,185E+0	0,000E+0	2	1110
2116,644	85,700	124,700	2,104E+2	0,000E+0	1,721E+2	1,722E+2	0,000E+0	1,194E+0	1,185E+0	0,000E+0	2	1110
2117,645	85,100	124,600	2,097E+2	0,000E+0	1,721E+2	1,723E+2	0,000E+0	1,188E+0	1,184E+0	0,000E+0	2	1110
2118,644	85,300	125,100	2,104E+2	0,000E+0	1,721E+2	1,723E+2	0,000E+0	1,191E+0	1,189E+0	0,000E+0	3	1110
2119,645	85,300	124,900	2,102E+2	0,000E+0	1,724E+2	1,722E+2	0,000E+0	1,192E+0	1,187E+0	0,000E+0	3	1110
2120,644	85,300	124,900	2,102E+2	0,000E+0	1,724E+2	1,722E+2	0,000E+0	1,192E+0	1,187E+0	0,000E+0	3	1110
2121,644	85,100	125,100	2,102E+2	0,000E+0	1,724E+2	1,723E+2	0,000E+0	1,190E+0	1,187E+0	0,000E+0	3	1110
2122,644	85,100	125,100	2,102E+2	0,000E+0	1,724E+2	1,723E+2	0,000E+0	1,190E+0	1,187E+0	0,000E+0	3	1110
2123,644	85,100	125,100	2,102E+2	0,000E+0	1,724E+2	1,723E+2	0,000E+0	1,190E+0	1,187E+0	0,000E+0	3	1110
2124,646	85,100	125,100	2,102E+2	0,000E+0	1,724E+2	1,723E+2	0,000E+0	1,190E+0	1,187E+0	0,000E+0	3	1110
2125,645	85,900	124,100	2,100E+2	0,000E+0	1,722E+2	1,722E+2	0,000E+0	1,191E+0	1,182E+0	0,000E+0	3	1110
2126,645	85,900	124,100	2,100E+2	0,000E+0	1,722E+2	1,722E+2	0,000E+0	1,191E+0	1,182E+0	0,000E+0	3	1110
2127,645	85,900	124,100	2,100E+2	0,000E+0	1,722E+2	1,722E+2	0,000E+0	1,191E+0	1,182E+0	0,000E+0	3	1110
2128,645	85,700	124,300	2,100E+2	0,000E+0	1,723E+2	1,722E+2	0,000E+0	1,189E+0	1,184E+0	0,000E+0	3	1110
2129,645	85,700	124,300	2,100E+2	0,000E+0	1,723E+2	1,722E+2	0,000E+0	1,189E+0	1,184E+0	0,000E+0	3	1110
2130,645	85,000	124,900	2,099E+2	0,000E+0	1,725E+2	1,723E+2	0,000E+0	1,190E+0	1,185E+0	0,000E+0	3	1110
2131,645	85,000	124,900	2,099E+2	0,000E+0	1,725E+2	1,723E+2	0,000E+0	1,190E+0	1,185E+0	0,000E+0	3	1110
2132,645	85,400	124,300	2,097E+2	0,000E+0	1,721E+2	1,721E+2	0,000E+0	1,190E+0	1,184E+0	0,000E+0	3	1110
2133,646	85,000	125,200	2,102E+2	0,000E+0	1,721E+2	1,724E+2	0,000E+0	1,191E+0	1,188E+0	0,000E+0	3	1110
2134,647	85,600	124,600	2,102E+2	0,000E+0	1,720E+2	1,721E+2	0,000E+0	1,192E+0	1,185E+0	0,000E+0	3	1110
2135,646	85,400	124,600	2,100E+2	0,000E+0	1,722E+2	1,722E+2	0,000E+0	1,191E+0	1,185E+0	0,000E+0	3	1110
2136,646	85,200	125,000	2,102E+2	0,000E+0	1,723E+2	1,724E+2	0,000E+0	1,190E+0	1,188E+0	0,000E+0	4	1110
2137,647	85,200	125,000	2,102E+2	0,000E+0	1,723E+2	1,724E+2	0,000E+0	1,190E+0	1,188E+0	0,000E+0	4	1110
2138,647	85,200	124,800	2,100E+2	0,000E+0	1,724E+2	1,722E+2	0,000E+0	1,191E+0	1,188E+0	0,000E+0	4	1110
2139,648	85,200	124,800	2,100E+2	0,000E+0	1,724E+2	1,722E+2	0,000E+0	1,191E+0	1,188E+0	0,000E+0	4	1110
2140,648	85,200	124,800	2,100E+2	0,000E+0	1,724E+2	1,722E+2	0,000E+0	1,191E+0	1,188E+0	0,000E+0	4	1110
2141,648	85,300	124,600	2,099E+2	0,000E+0	1,724E+2	1,721E+2	0,000E+0	1,188E+0	1,185E+0	0,000E+0	4	1110
2142,649	85,300	124,600	2,099E+2	0,000E+0	1,724E+2	1,721E+2	0,000E+0	1,188E+0	1,185E+0	0,000E+0	4	1110
2143,648	85,500	124,300	2,098E+2	0,000E+0	1,721E+2	1,722E+2	0,000E+0	1,188E+0	1,183E+0	0,000E+0	4	1110
2144,649	85,500	124,300	2,098E+2	0,000E+0	1,721E+2	1,722E+2	0,000E+0	1,188E+0	1,183E+0	0,000E+0	4	1110
2145,648	85,500	124,300	2,098E+2	0,000E+0	1,721E+2	1,722E+2	0,000E+0	1,188E+0	1,183E+0	0,000E+0	4	1110
2146,648	85,300	124,600	2,099E+2	0,000E+0	1,725E+2	1,724E+2	0,000E+0	1,190E+0	1,184E+0	0,000E+0	4	1110
2147,648	85,300	124,600	2,099E+2	0,000E+0	1,725E+2	1,724E+2	0,000E+0	1,190E+0	1,184E+0	0,000E+0	4	1110
2148,648	85,300	124,600	2,099E+2	0,000E+0	1,725E+2	1,724E+2	0,000E+0	1,190E+0	1,184E+0	0,000E+0	4	1110
2149,649	85,300	124,600	2,099E+2	0,000E+0	1,725E+2	1,724E+2	0,000E+0	1,190E+0	1,184E+0	0,000E+0	4	1110
2150,651	85,500	124,400	2,099E+2	0,000E+0	1,721E+2	1,723E+2	0,000E+0	1,191E+0	1,185E+0	0,000E+0	4	1110
2151,650	85,400	124,800	2,102E+2	0,000E+0	1,725E+2	1,725E+2	0,000E+0	1,191E+0	1,186E+0	0,000E+0	4	1110
2152,651	84,800	125,000	2,098E+2	0,000E+0	1,724E+2	1,723E+2	0,000E+0	1,190E+0	1,189E+0	0,000E+0	4	1110
2153,650	85,200	124,800	2,100E+2	0,000E+0	1,722E+2	1,723E+2	0,000E+0	1,189E+0	1,188E+0	0,000E+0	4	1110
2154,650	85,200	124,800	2,100E+2	0,000E+0	1,722E+2	1,723E+2	0,000E+0	1,189E+0	1,188E+0	0,000E+0	4	1110
2155,650	85,100	125,100	2,102E+2	0,000E+0	1,725E+2	1,725E+2	0,000E+0	1,191E+0	1,188E+0	0,000E+0	4	1110
2156,650	85,500	124,500	2,100E+2	0,000E+0	1,721E+2	1,721E+2	0,000E+0	1,189E+0	1,183E+0	0,000E+0	4	1110
2157,651	85,700	124,400	2,101E+2	0,000E+0	1,724E+2	1,724E+2	0,000E+0	1,191E+0	1,183E+0	0,000E+0	4	1110
2158,651	85,100	124,600	2,097E+2	0,000E+0	1,722E+2	1,722E+2	0,000E+0	1,192E+0	1,185E+0	0,000E+0	5	1110
2159,652	85,200	124,900	2,101E+2	0,000E+0	1,722E+2	1,724E+2	0,000E+0	1,189E+0	1,187E+0	0,000E+0	5	1110
2160,651	85,600	124,400	2,100E+2	0,000E+0	1,722E+2	1,723E+2	0,000E+0	1,191E+0	1,184E+0	0,000E+0	5	1110
2161,651	85,700	124,200	2,099E+2	0,000E+0	1,723E+2	1,722E+2	0,000E+0	1,192E+0	1,183E+0	0,000E+0	5	1110
2162,651	85,700	124,200	2,099E+2	0,000E+0	1,723E+2	1,722E+2	0,000E+0	1,192E+0	1,183E+0	0,000E+0	5	1110
2163,651	85,700	124,200	2,099E+2	0,000E+0	1,723E+2	1,722E+2	0,000E+0	1,192E+0	1,183E+0	0,000E+0	5	1110
2164,652	85,100	124,800	2,099E+2	0,000E+0	1,722E+2	1,724E+2	0,000E+0	1,190E+0	1,186E+0	0,000E+0	5	1110
2165,651	85,100	124,800	2,099E+2	0,000E+0	1,722E+2	1,724E+2	0,000E+0	1,190E+0	1,186E+0	0,000E+0	5	1110
2166,651	85,100	124,800	2,099E+2	0,000E+0	1,722E+2	1,724E+2	0,000E+0	1,190E+0	1,186E+0	0,000E+0	5	1110
2167,652	85,200	124,900	2,101E+2	0,000E+0	1,723E+2	1,722E+2	0,000E+0	1,192E+0	1,186E+0	0,000E+0	5	1110
2168,653	85,200	124,900	2,101E+2	0,000E+0	1,723E+2	1,722E+2	0,000E+0	1,192E+0	1,186E+0	0,000E+0	5	1110
2169,654	85,200	124,900	2,101E+2	0,000E+0	1,723E+2	1,722E+2	0,000E+0	1,192E+0	1,186E+0	0,000E+0	5	1110
2170,653	85,200	124,900	2,101E+2	0,000E+0	1,723E+2	1,722E+2	0,000E+0	1,192E+0	1,186E+0	0,000E+0	5	1110
2171,653	85,200	124,900	2,101E+2	0,000E+0	1,722E+2	1,723E+2	0,000E+0	1,191E+0	1,187E+0	0,000E+0	5	1110
2172,655	85,200	124,500	2,097E+2	0,000E+0	1,723E+2	1,722E+2	0,000E+0	1,190E+0	1,185E+0	0,000E+0	5	1110
2173,654	85,300	124,800	2,101E+2	0,000E+0	1,721E+2	1,723E+2	0,000E+0	1,191E+0	1,187E+0	0,000E+0	5	1110
2174,655	85,300	124,800	2,101E+2	0,000E+0	1,721E+2	1,723E+2	0,000E+0	1,191E+0	1,187E+0	0,000E+0	6	1110
2175,655	85,400	124,600	2,100E+2	0,000E+0	1,724E+2	1,722E+2	0,000E+0	1,192E+0	1,186E+0	0,000E+0	6	1110
2176,656	85,600	124,500	2,101E+2	0,000E+0	1,724E+2	1,721E+2	0,000E+0	1,191E+0	1,186E+0	0,000E+0	6	1110
2177,656	85,600	124,500	2,101E+2	0,000E+0	1,724E+2	1,721E+2	0,000E+0	1,193E+0	1,185E+0	0,000E+0	6	1110
2178,656	85,600	124,500	2,101E+2	0,000E+0	1,724E+2	1,721E+2	0,000E+0	1,193E+0	1,185E+0	0,000E+0	6	1110
2179,657	85,600	124,500	2,101E+2	0,000E+0	1,724E+2	1,721E+2	0,000E+0	1,193E+0	1,185E+0	0,000E+0	6	1110
2180,657	85,600	124,500	2,101E+2	0,000E+0	1,724E+2	1,721E+2	0,000E+0	1,193E+0	1,185E+0	0,000E+0	6	1110
2181,658	85,500	124,300	2,098E+2	0,000E+0	1,722E+2	1,722E+2	0,000E+0	1,191E+0	1,183E+0	0,000E+0	6	1110
2182,657	85,500	124,300	2,098E+2	0,000E+0	1,722E+2	1,722E+2	0,000E+0	1,191E+0	1,183E+0	0,000E+0	6	1110
2183,658	85,500	124,300	2,098E+2	0,000E+0	1,722E+2	1,722E+2	0,000E+0	1,191E+0	1,183E+0	0,000E+0	6	1110
2184,657	85,500	124,300	2,098E+2	0,000E+0	1,722E+2	1,722E+2	0,000E+0	1,191E+0	1,183E+0	0,000E+0	6	1110
2185,657	84,900	124,800	2,097E+2	0,000E+0	1,722E+2	1,722E+2	0,000E+0	1,190E+0	1,186E+0	0,000E+0	6	1110
2186,657	84,900	124,800	2,097E+2	0,000E+0	1,722E+2	1,722E+2	0,000E+0	1,190E+0	1,186E+0	0,000E+0	6	1110
2187,657	85,400	124,700	2,101E+2	0,000E+0	1,722E+2	1,722E+2	0,000E+0	1,191E+0	1,184E+0	0,000E+0	6	1110
2188,658	85,400	124,700	2,101E+2	0,000E+0	1,722E+2	1,722E+2	0,000E+0	1,191E+0	1,184E+0	0,000E+0	6	1110
2189,657	85,300	124,700	2,100E+2	0,000E+0	1,721E+2	1,722E+2	0,000E+0	1,192E+0	1,187E+0	0,000E+0	6	1110
2190,657	86,000	124,300	2,103E+2	0,000E+0	1,725E+2	1,723E+2	0,000E+0	1,194E+0	1,182E+0	0,000E+0	6	1110
2191,658	85,500	124,500	2,100E+2	0,000E+0	1,724E+2	1,720E+2	0,000E+0	1,191E+0	1,185E+0	0,000E+0	7	1110
2192,658	85,300	124,500	2,098E+2	0,000E+0	1,722E+2	1,720E+2	0,000E+0	1,191E+0	1,185E+0	0,000E+0	7	1110
2193,658	85,300	125,000	2,103E+2	0,000E+0	1,721E+2	1,725E+2	0,000E+0	1,189E+0	1,186E+0	0,000E+0	7	1110
2194,658	85,300	125,000	2,103E+2	0,000E+0	1,721E+2	1,725E+2	0,000E+0	1,189E+0	1,186E+0	0,000E+0	7	1110
2195,659	85,300	125,000	2,103E+2	0,000E+0	1,721E+2	1,725E+2	0,000E+0	1,189E+0	1,186E+0	0,000E+0	7	1110
2196,658	85,300	125,000	2,103E+2	0,000E+0	1,721E+2	1,725E+2	0,000E+0	1,189E+0	1,186E+0	0,000E+0	7	1110
2197,658	85,300	125,000	2,103E+2	0,000E+0	1,721E+2	1,725E+2	0,000E+0	1,189E+0	1,186E+0	0,000E+0	7	1110
2198,658	85,400	124,700	2,101E+2	0,000E+0	1,724E+2	1,723E+2	0,000E+0	1,190E+0	1,185E+0	0,000E+0	7	1110
2199,659	85,400	124,700	2,101E+2	0,000E+0	1,724E+2	1,723E+2	0,000E+0	1,190E+0	1,185E+0	0,000E+0	7	1110
2200,659	85,400	124,700	2,101E+2	0,000E+0	1,724E+2	1,723E+2	0,000E+0	1,190E+0	1,185E+0	0,000E+0	7	1110
2201,659	85,400	124,700	2,101E+2	0,000E+0	1,724E+2	1,723E+2	0,000E+0	1,190E+0	1,185E+0	0,000E+0	7	1110
2202,661	85,100	124,600	2,097E+2	0,000E+0	1,724E+2	1,724E+2	0,000E+0	1,187E+0	1,186E+0	0,000E+0	7	1110
2203,660	85,300	124,700	2,100E+2	0,000E+0	1,722E+2	1,723E+2	0,000E+0	1,191E+0	1,186E+0	0,000E+0	7	1110
2204,660	85,300	124,700	2,100E+2	0,000E+0	1,722E+2	1,723E+2	0,000E+0	1,191E+0	1,186E+0	0,000E+0	7	1110
2205,661	85,600	124,400	2,100E+2	0,000E+0	1,723E+2	1,721E+2	0,000E+0	1,193E+0	1,186E+0	0,000E+0	7	1110
2206,661	85,300	124,700	2,100E+2	0,000E+0	1,722E+2	1,722E+2	0,000E+0	1,193E+0	1,187E+0	0,000E+0	7	1110
2207,661	85,200	124,600	2,098E+2	0,000E+0	1,725E+2	1,723E+2	0,000E+0	1,190E+0	1,184E+0	0,000E+0	7	1110
2208,662	85,300	124,700	2,100E+2	0,000E+0	1,722E+2	1,721E+2	0,000E+0	1,189E+0	1,187E+0	0,000E+0	7	1110
2209,663	85,400	124,100	2,095E+2	0,000E+0	1,724E+2	1,722E+2	0,000E+0	1,192E+0	1,182E+0	0,000E+0	7	1111
2210,663	85,300	125,100	2,104E+2	0,000E+0	1,724E+2	1,723E+2	0,000E+0	1,193E+0	1,188E+0	0,000E+0	7	1111
2211,664	85,200	125,200	2,104E+2	0,000E+0	1,723E+2	1,722E+2	0,000E+0	1,192E+0	1,189E+0	0,000E+0	7	1111
2212,665	85,200	125,200	2,104E+2	0,000E+0	1,723E+2	1,722E+2	0,000E+0	1,192E+0	1,189E+0	0,000E+0	7	1111
2213,664	85,100	124,500	2,096E+2	0,000E+0	1,722E+2	1,720E+2	0,000E+0	1,190E+0	1,185E+0	0,000E+0	7	1111
2214,664	85,500	124,300	2,098E+2	0,000E+0	1,722E+2	1,720E+2	0,000E+0	1,190E+0	1,185E+0	0,000E+0	7	1111
2215,664	85,200	124,500	2,097E+2	0,000E+0	1,722E+2	1,721E+2	0,000E+0	1,192E+0	1,184E+0	0,000E+0	7	1111
2216,664	85,200	124,500	2,097E+2	0,000E+0	1,722E+2	1,721E+2	0,000E+0	1,192E+0	1,184E+0	0,000E+0	7	1111
2217,665	85,200	124,500	2,097E+2	0,000E+0	1,722E+2	1,721E+2	0,000E+0	1,192E+0	1,184E+0	0,000E+0	7	1111
2218,664	85,200	124,500	2,097E+2	0,000E+0	1,722E+2	1,721E+2	0,000E+0	1,192E+0	1,184E+0	0,000E+0	7	1111
2219,665	85,200	125,000	2,102E+2	0,000E+0	1,722E+2	1,724E+2	0,000E+0	1,194E+0	1,189E+0	0,000E+0	7	1111
2220,664	85,200	125,000	2,102E+2	0,000E+0	1,722E+2	1,724E+2	0,000E+0	1,194E+0	1,189E+0	0,000E+0	7	1111
2221,664	85,200	125,000	2,102E+2	0,000E+0	1,722E+2	1,724E+2	0,000E+0	1,194E+0	1,189E+0	0,000E+0	7	1111
2222,664	85,200	125,000	2,102E+2	0,000E+0	1,722E+2	1,724E+2	0,000E+0	1,194E+0	1,189E+0	0,000E+0	7	1111
2223,664	85,800	124,300	2,101E+2	0,000E+0	1,722E+2	1,721E+2	0,000E+0	1,194E+0	1,185E+0	0,000E+0	7	1111
2224,664	85,800	124,300	2,101E+2	0,000E+0	1,722E+2	1,721E+2	0,000E+0	1,194E+0	1,185E+0	0,000E+0	7	1111
2225,664	84,900	124,600	2,095E+2	0,000E+0	1,721E+2	1,722E+2	0,000E+0	1,190E+0	1,186E+0	0,000E+0	7	1111
2226,665	85,200	124,600	2,098E+2	0,000E+0	1,721E+2	1,722E+2	0,000E+0	1,190E+0	1,185E+0	0,000E+0	7	1111
2227,664	85,100	124,800	2,099E+2	0,000E+0	1,722E+2	1,722E+2	0,000E+0	1,193E+0	1,187E+0	0,000E+0	6	1111
2228,664	85,300	124,800	2,101E+2	0,000E+0	1,723E+2	1,719E+2	0,000E+0	1,195E+0	1,188E+0	0,000E+0	6	1111
2229,665	86,000	124,400	2,104E+2	0,000E+0	1,724E+2	1,722E+2	0,000E+0	1,193E+0	1,184E+0	0,000E+0	6	1111
2230,665	85,500	124,300	2,098E+2	0,000E+0	1,721E+2	1,724E+2	0,000E+0	1,190E+0	1,182E+0	0,000E+0	6	1111
2231,666	85,500	124,300	2,098E+2	0,000E+0	1,721E+2	1,724E+2	0,000E+0	1,190E+0	1,182E+0	0,000E+0	6	1111
2232,666	85,500	124,300	2,098E+2	0,000E+0	1,721E+2	1,724E+2	0,000E+0	1,190E+0	1,182E+0	0,000E+0	6	1111
2233,667	85,500	124,300	2,098E+2	0,000E+0	1,721E+2	1,724E+2	0,000E+0	1,190E+0	1,182E+0	0,000E+0	6	1111
2234,667	85,500	124,300	2,098E+2	0,000E+0	1,721E+2	1,724E+2	0,000E+0	1,190E+0	1,182E+0	0,000E+0	6	1111
2235,667	85,100	124,400	2,095E+2	0,000E+0	1,720E+2	1,719E+2	0,000E+0	1,191E+0	1,184E+0	0,000E+0	6	1111
2236,667	85,100	124,400	2,095E+2	0,000E+0	1,720E+2	1,719E+2	0,000E+0	1,191E+0	1,184E+0	0,000E+0	6	1111
2237,667	85,100	124,400	2,095E+2	0,000E+0	1,720E+2	1,719E+2	0,000E+0	1,191E+0	1,184E+0	0,000E+0	6	1111
2238,669	85,500	124,600	2,101E+2	0,000E+0	1,724E+2	1,724E+2	0,000E+0	1,190E+0	1,185E+0	0,000E+0	6	1111
2239,669	85,500	124,600	2,101E+2	0,000E+0	1,724E+2	1,724E+2	0,000E+0	1,190E+0	1,185E+0	0,000E+0	6	1111
2240,670	85,300	125,200	2,105E+2	0,000E+0	1,722E+2	1,724E+2	0,000E+0	1,195E+0	1,189E+0	0,000E+0	6	1111
2241,670	85,300	125,200	2,105E+2	0,000E+0	1,722E+2	1,724E+2	0,000E+0	1,195E+0	1,189E+0	0,000E+0	6	1111
2242,671	85,900	124,400	2,103E+2	0,000E+0	1,723E+2	1,723E+2	0,000E+0	1,192E+0	1,184E+0	0,000E+0	6	1111
2243,672	85,200	124,400	2,096E+2	0,000E+0	1,721E+2	1,722E+2	0,000E+0	1,191E+0	1,185E+0	0,000E+0	5	1111
2244,672	85,300	124,400	2,097E+2	0,000E+0	1,723E+2	1,724E+2	0,000E+0	1,192E+0	1,183E+0	0,000E+0	5	1111
2245,672	85,400	125,000	2,104E+2	0,000E+0	1,723E+2	1,724E+2	0,000E+0	1,192E+0	1,187E+0	0,000E+0	5	1111
2246,672	85,400	125,000	2,104E+2	0,000E+0	1,723E+2	1,724E+2	0,000E+0	1,192E+0	1,187E+0	0,000E+0	5	1111
2247,673	85,400	125,000	2,104E+2	0,000E+0	1,723E+2	1,724E+2	0,000E+0	1,192E+0	1,187E+0	0,000E+0	5	1111
2248,672	85,400	125,000	2,104E+2	0,000E+0	1,723E+2	1,724E+2	0,000E+0	1,192E+0	1,187E+0	0,000E+0	5	1111
2249,673	85,400	125,000	2,104E+2	0,000E+0	1,723E+2	1,724E+2	0,000E+0	1,192E+0	1,187E+0	0,000E+0	5	1111
2250,672	85,200	124,600	2,098E+2	0,000E+0	1,722E+2	1,722E+2	0,000E+0	1,188E+0	1,185E+0	0,000E+0	5	1111
2251,672	85,200	124,600	2,098E+2	0,000E+0	1,722E+2	1,722E+2	0,000E+0	1,188E+0	1,185E+0	0,000E+0	5	1111
2252,672	85,200	124,600	2,098E+2	0,000E+0	1,722E+2	1,722E+2	0,000E+0	1,188E+0	1,185E+0	0,000E+0	5	1111
2253,672	85,300	124,300	2,096E+2	0,000E+0	1,722E+2	1,722E+2	0,000E+0	1,190E+0	1,183E+0	0,000E+0	5	1111
2254,672	85,300	124,300	2,096E+2	0,000E+0	1,722E+2	1,722E+2	0,000E+0	1,190E+0	1,183E+0	0,000E+0	5	1111
2255,672	85,300	124,300	2,096E+2	0,000E+0	1,722E+2	1,722E+2	0,000E+0	1,190E+0	1,183E+0	0,000E+0	5	1111
2256,672	85,300	124,300	2,096E+2	0,000E+0	1,722E+2	1,722E+2	0,000E+0	1,190E+0	1,183E+0	0,000E+0	5	1111
2257,673	85,300	124,300	2,096E+2	0,000E+0	1,722E+2	1,722E+2	0,000E+0	1,190E+0	1,183E+0	0,000E+0	5	1111
2258,674	85,300	124,300	2,096E+2	0,000E+0	1,722E+2	1,722E+2	0,000E+0	1,190E+0	1,183E+0	0,000E+0	5	1111
2259,674	85,200	125,200	2,104E+2	0,000E+0	1,723E+2	1,725E+2	0,000E+0	1,190E+0	1,188E+0	0,000E+0	5	1111
2260,674	85,200	125,200	2,104E+2	0,000E+0	1,723E+2	1,725E+2	0,000E+0	1,190E+0	1,188E+0	0,000E+0	5	1111
2261,676	85,800	124,500	2,103E+2	0,000E+0	1,725E+2	1,721E+2	0,000E+0	1,197E+0	1,185E+0	0,000E+0	5	1111
2262,675	85,300	124,700	2,100E+2	0,000E+0	1,724E+2	1,723E+2	0,000E+0	1,193E+0	1,184E+0	0,000E+0	4	1111
2263,677	85,100	125,100	2,102E+2	0,000E+0	1,723E+2	1,724E+2	0,000E+0	1,192E+0	1,187E+0	0,000E+0	4	1111
2264,676	85,100	124,900	2,100E+2	0,000E+0	1,723E+2	1,723E+2	0,000E+0	1,191E+0	1,187E+0	0,000E+0	4	1111
2265,676	85,100	124,900	2,100E+2	0,000E+0	1,723E+2	1,723E+2	0,000E+0	1,191E+0	1,187E+0	0,000E+0	4	1111
2266,676	85,100	124,900	2,100E+2	0,000E+0	1,723E+2	1,723E+2	0,000E+0	1,191E+0	1,187E+0	0,000E+0	4	1111
2267,676	85,100	124,900	2,100E+2	0,000E+0	1,723E+2	1,723E+2	0,000E+0	1,191E+0	1,187E+0	0,000E+0	4	1111
2268,677	85,100	124,900	2,100E+2	0,000E+0	1,723E+2	1,723E+2	0,000E+0	1,191E+0	1,187E+0	0,000E+0	4	1111
2269,676	85,600	124,600	2,102E+2	0,000E+0	1,722E+2	1,723E+2	0,000E+0	1,192E+0	1,185E+0	0,000E+0	4	1111
2270,676	85,600	124,600	2,102E+2	0,000E+0	1,722E+2	1,723E+2	0,000E+0	1,192E+0	1,185E+0	0,000E+0	4	1111
2271,676	85,600	124,600	2,102E+2	0,000E+0	1,722E+2	1,723E+2	0,000E+0	1,192E+0	1,185E+0	0,000E+0	4	1111
2272,677	85,100	124,900	2,100E+2	0,000E+0	1,722E+2	1,723E+2	0,000E+0	1,188E+0	1,188E+0	0,000E+0	4	1111
2273,678	85,100	124,900	2,100E+2	0,000E+0	1,722E+2	1,723E+2	0,000E+0	1,188E+0	1,188E+0	0,000E+0	4	1111
2274,678	85,800	124,200	2,100E+2	0,000E+0	1,722E+2	1,720E+2	0,000E+0	1,191E+0	1,184E+0	0,000E+0	4	1111
2275,678	85,800	124,200	2,100E+2	0,000E+0	1,722E+2	1,720E+2	0,000E+0	1,191E+0	1,184E+0	0,000E+0	4	1111
2276,678	85,100	124,700	2,098E+2	0,000E+0	1,723E+2	1,722E+2	0,000E+0	1,191E+0	1,186E+0	0,000E+0	4	1111
2277,679	85,600	124,400	2,100E+2	0,000E+0	1,721E+2	1,722E+2	0,000E+0	1,191E+0	1,183E+0	0,000E+0	4	1111
2278,678	85,400	124,900	2,103E+2	0,000E+0	1,724E+2	1,722E+2	0,000E+0	1,193E+0	1,187E+0	0,000E+0	4	1111
2279,679	85,300	124,400	2,097E+2	0,000E+0	1,719E+2	1,721E+2	0,000E+0	1,189E+0	1,184E+0	0,000E+0	4	1111
2280,679	85,600	124,700	2,103E+2	0,000E+0	1,723E+2	1,724E+2	0,000E+0	1,194E+0	1,184E+0	0,000E+0	4	1111
2281,680	85,200	125,100	2,103E+2	0,000E+0	1,719E+2	1,722E+2	0,000E+0	1,190E+0	1,190E+0	0,000E+0	3	1111
2282,680	85,400	124,700	2,101E+2	0,000E+0	1,722E+2	1,722E+2	0,000E+0	1,190E+0	1,185E+0	0,000E+0	3	1111
2283,680	85,400	124,700	2,101E+2	0,000E+0	1,722E+2	1,722E+2	0,000E+0	1,190E+0	1,185E+0	0,000E+0	3	1111
2284,681	85,300	124,400	2,097E+2	0,000E+0	1,721E+2	1,722E+2	0,000E+0	1,189E+0	1,185E+0	0,000E+0	3	1111
2285,681	85,300	124,400	2,097E+2	0,000E+0	1,721E+2	1,722E+2	0,000E+0	1,189E+0	1,185E+0	0,000E+0	3	1111
2286,681	85,300	124,400	2,097E+2	0,000E+0	1,721E+2	1,722E+2	0,000E+0	1,189E+0	1,185E+0	0,000E+0	3	1111
2287,682	85,100	124,700	2,098E+2	0,000E+0	1,722E+2	1,722E+2	0,000E+0	1,192E+0	1,186E+0	0,000E+0	3	1111
2288,682	85,100	124,700	2,098E+2	0,000E+0	1,722E+2	1,722E+2	0,000E+0	1,192E+0	1,186E+0	0,000E+0	3	1111
2289,683	85,100	124,700	2,098E+2	0,000E+0	1,722E+2	1,722E+2	0,000E+0	1,192E+0	1,186E+0	0,000E+0	3	1111
2290,682	85,400	124,900	2,103E+2	0,000E+0	1,723E+2	1,722E+2	0,000E+0	1,192E+0	1,187E+0	0,000E+0	3	1111
2291,683	85,400	124,900	2,103E+2	0,000E+0	1,723E+2	1,722E+2	0,000E+0	1,192E+0	1,187E+0	0,000E+0	3	1111
2292,682	85,400	124,900	2,103E+2	0,000E+0	1,723E+2	1,722E+2	0,000E+0	1,192E+0	1,187E+0	0,000E+0	3	1111
2293,683	85,300	124,700	2,100E+2	0,000E+0	1,724E+2	1,722E+2	0,000E+0	1,193E+0	1,185E+0	0,000E+0	3	1111
2294,684	85,300	124,700	2,100E+2	0,000E+0	1,724E+2	1,722E+2	0,000E+0	1,193E+0	1,185E+0	0,000E+0	3	1111
2295,684	84,900	124,700	2,096E+2	0,000E+0	1,724E+2	1,725E+2	0,000E+0	1,187E+0	1,186E+0	0,000E+0	3	1111
2296,685	85,600	124,500	2,101E+2	0,000E+0	1,723E+2	1,721E+2	0,000E+0	1,193E+0	1,185E+0	0,000E+0	3	1111
2297,684	85,100	124,600	2,097E+2	0,000E+0	1,722E+2	1,722E+2	0,000E+0	1,189E+0	1,185E+0	0,000E+0	2	1111
2298,685	85,700	124,500	2,102E+2	0,000E+0	1,724E+2	1,719E+2	0,000E+0	1,197E+0	1,186E+0	0,000E+0	2	1111
2299,684	85,700	124,500	2,102E+2	0,000E+0	1,721E+2	1,721E+2	0,000E+0	1,193E+0	1,187E+0	0,000E+0	2	1111
2300,684	85,700	124,500	2,102E+2	0,000E+0	1,721E+2	1,721E+2	0,000E+0	1,193E+0	1,187E+0	0,000E+0	2	1111
2301,685	85,700	124,500	2,102E+2	0,000E+0	1,721E+2	1,721E+2	0,000E+0	1,193E+0	1,187E+0	0,000E+0	2	1111
2302,685	85,700	124,500	2,102E+2	0,000E+0	1,721E+2	1,721E+2	0,000E+0	1,193E+0	1,187E+0	0,000E+0	2	1111
2303,686	85,700	124,500	2,102E+2	0,000E+0	1,721E+2	1,721E+2	0,000E+0	1,193E+0	1,187E+0	0,000E+0	2	1111
2304,685	85,400	124,600	2,100E+2	0,000E+0	1,721E+2	1,723E+2	0,000E+0	1,191E+0	1,185E+0	0,000E+0	2	1111
2305,685	85,400	124,600	2,100E+2	0,000E+0	1,721E+2	1,723E+2	0,000E+0	1,191E+0	1,185E+0	0,000E+0	2	1111
2306,685	85,400	124,600	2,100E+2	0,000E+0	1,721E+2	1,723E+2	0,000E+0	1,191E+0	1,185E+0	0,000E+0	2	1111
2307,686	85,400	124,600	2,100E+2	0,000E+0	1,721E+2	1,723E+2	0,000E+0	1,191E+0	1,185E+0	0,000E+0	2	1111
2308,687	85,100	124,700	2,098E+2	0,000E+0	1,721E+2	1,722E+2	0,000E+0	1,186E+0	1,186E+0	0,000E+0	2	1111
2309,686	85,100	124,700	2,098E+2	0,000E+0	1,721E+2	1,722E+2	0,000E+0	1,186E+0	1,186E+0	0,000E+0	2	1111
2310,686	85,500	124,300	2,098E+2	0,000E+0	1,721E+2	1,722E+2	0,000E+0	1,189E+0	1,183E+0	0,000E+0	2	1111
2311,687	85,900	123,900	2,098E+2	0,000E+0	1,723E+2	1,719E+2	0,000E+0	1,193E+0	1,181E+0	0,000E+0	2	1111
2312,688	85,200	124,700	2,099E+2	0,000E+0	1,722E+2	1,723E+2	0,000E+0	1,191E+0	1,186E+0	0,000E+0	1	1111
2313,689	85,100	124,800	2,099E+2	0,000E+0	1,722E+2	1,723E+2	0,000E+0	1,191E+0	1,187E+0	0,000E+0	1	1111
2314,688	85,300	124,900	2,102E+2	0,000E+0	1,723E+2	1,721E+2	0,000E+0	1,191E+0	1,186E+0	0,000E+0	1	1111
2315,688	85,300	124,900	2,102E+2	0,000E+0	1,723E+2	1,721E+2	0,000E+0	1,191E+0	1,186E+0	0,000E+0	1	1111
2316,689	85,300	124,900	2,102E+2	0,000E+0	1,723E+2	1,721E+2	0,000E+0	1,191E+0	1,186E+0	0,000E+0	1	1111
2317,688	85,300	124,900	2,102E+2	0,000E+0	1,723E+2	1,721E+2	0,000E+0	1,191E+0	1,186E+0	0,000E+0	1	1111
2318,690	85,300	124,900	2,102E+2	0,000E+0	1,723E+2	1,721E+2	0,000E+0	1,191E+0	1,186E+0	0,000E+0	1	1111
2319,689	85,300	124,800	2,101E+2	0,000E+0	1,722E+2	1,720E+2	0,000E+0	1,193E+0	1,188E+0	0,000E+0	1	1111
2320,689	85,300	124,800	2,101E+2	0,000E+0	1,722E+2	1,720E+2	0,000E+0	1,193E+0	1,188E+0	0,000E+0	1	1111
2321,690	85,300	124,800	2,101E+2	0,000E+0	1,722E+2	1,720E+2	0,000E+0	1,193E+0	1,188E+0	0,000E+0	1	1111
2322,690	85,300	124,800	2,101E+2	0,000E+0	1,722E+2	1,720E+2	0,000E+0	1,193E+0	1,188E+0	0,000E+0	1	1111
2323,691	84,900	125,100	2,100E+2	0,000E+0	1,721E+2	1,722E+2	0,000E+0	1,191E+0	1,189E+0	0,000E+0	1	1111
2324,691	85,700	124,500	2,102E+2	0,000E+0	1,721E+2	1,721E+2	0,000E+0	1,191E+0	1,185E+0	0,000E+0	1	1111
2325,691	85,700	124,500	2,102E+2	0,000E+0	1,721E+2	1,721E+2	0,000E+0	1,191E+0	1,185E+0	0,000E+0	1	1111
2326,691	85,200	124,600	2,098E+2	0,000E+0	1,720E+2	1,721E+2	0,000E+0	1,191E+0	1,186E+0	0,000E+0	1	1111
2327,691	85,300	124,700	2,100E+2	0,000E+0	1,720E+2	1,719E+2	0,000E+0	1,192E+0	1,187E+0	0,000E+0	0	1111
2328,691	85,600	124,400	2,100E+2	0,000E+0	1,718E+2	1,714E+2	0,000E+0	1,194E+0	1,186E+0	0,000E+0	0	1111
2329,691	85,600	124,300	2,099E+2	0,000E+0	1,716E+2	1,714E+2	0,000E+0	1,194E+0	1,184E+0	0,000E+0	0	1111
2330,691	85,300	124,600	2,099E+2	0,000E+0	1,714E+2	1,716E+2	0,000E+0	1,192E+0	1,188E+0	0,000E+0	0	1111
2331,691	85,300	124,600	2,099E+2	0,000E+0	1,714E+2	1,716E+2	0,000E+0	1,192E+0	1,188E+0	0,000E+0	0	1111
2332,691	85,300	124,600	2,099E+2	0,000E+0	1,714E+2	1,716E+2	0,000E+0	1,192E+0	1,188E+0	0,000E+0	0	1111
2333,691	85,300	124,600	2,099E+2	0,000E+0	1,714E+2	1,716E+2	0,000E+0	1,192E+0	1,188E+0	0,000E+0	0	1111
2334,692	84,900	125,200	2,101E+2	0,000E+0	1,715E+2	1,716E+2	0,000E+0	1,192E+0	1,190E+0	0,000E+0	0	1111
2335,693	84,900	125,200	2,101E+2	0,000E+0	1,715E+2	1,716E+2	0,000E+0	1,192E+0	1,190E+0	0,000E+0	0	1111
2336,693	84,900	125,200	2,101E+2	0,000E+0	1,715E+2	1,716E+2	0,000E+0	1,192E+0	1,190E+0	0,000E+0	0	1111
2337,694	84,900	125,200	2,101E+2	0,000E+0	1,715E+2	1,716E+2	0,000E+0	1,192E+0	1,190E+0	0,000E+0	0	1111
2338,693	85,200	124,800	2,100E+2	0,000E+0	1,721E+2	1,721E+2	0,000E+0	1,194E+0	1,186E+0	0,000E+0	0	1111
2339,693	85,300	124,600	2,099E+2	0,000E+0	1,719E+2	1,717E+2	0,000E+0	1,192E+0	1,186E+0	0,000E+0	0	1111
2340,694	85,300	124,600	2,099E+2	0,000E+0	1,719E+2	1,717E+2	0,000E+0	1,192E+0	1,186E+0	0,000E+0	0	1111
2341,694	85,500	124,700	2,102E+2	0,000E+0	1,714E+2	1,716E+2	0,000E+0	1,193E+0	1,189E+0	0,000E+0	0	1111
2342,695	85,300	124,600	2,099E+2	0,000E+0	1,714E+2	1,718E+2	0,000E+0	1,192E+0	1,186E+0	0,000E+0	0	1111
2343,694	85,200	125,000	2,102E+2	0,000E+0	1,713E+2	1,718E+2	0,000E+0	1,190E+0	1,190E+0	0,000E+0	0	1111
2344,694	85,000	124,700	2,097E+2	0,000E+0	1,717E+2	1,717E+2	0,000E+0	1,191E+0	1,186E+0	0,000E+0	0	1111
2345,694	85,600	124,700	2,103E+2	0,000E+0	1,716E+2	1,715E+2	0,000E+0	1,194E+0	1,189E+0	0,000E+0	0	1111
2346,694	58,600	72,000	1,306E+2	0,000E+0	1,659E+2	1,660E+2	0,000E+0	7,651E-1	7,595E-1	0,000E+0	0	1111
2347,694	48,100	53,600	1,017E+2	0,000E+0	1,598E+2	1,600E+2	0,000E+0	5,840E-1	5,820E-1	0,000E+0	0	1111
2348,694	48,200	54,400	1,026E+2	0,000E+0	1,591E+2	1,594E+2	0,000E+0	5,919E-1	5,931E-1	0,000E+0	0	1111
2349,695	48,600	54,000	1,026E+2	0,000E+0	1,596E+2	1,597E+2	0,000E+0	5,933E-1	5,884E-1	0,000E+0	0	1111
2350,695	48,400	53,900	1,023E+2	0,000E+0	1,594E+2	1,593E+2	0,000E+0	5,920E-1	5,878E-1	0,000E+0	0	1111
2351,695	48,500	54,000	1,025E+2	0,000E+0	1,594E+2	1,591E+2	0,000E+0	5,915E-1	5,890E-1	0,000E+0	0	1111
2352,696	48,500	54,000	1,025E+2	0,000E+0	1,594E+2	1,591E+2	0,000E+0	5,915E-1	5,890E-1	0,000E+0	0	1111
2353,696	48,400	53,600	1,020E+2	0,000E+0	1,591E+2	1,593E+2	0,000E+0	5,890E-1	5,857E-1	0,000E+0	0	1111
2354,696	15,100	13,300	2,840E+1	0,000E+0	1,512E+2	1,514E+2	0,000E+0	1,787E-1	1,768E-1	0,000E+0	0	1111
2355,696	17,700	15,800	3,350E+1	0,000E+0	1,501E+2	1,503E+2	0,000E+0	2,092E-1	2,072E-1	0,000E+0	0	1111
2356,696	17,600	15,600	3,320E+1	0,000E+0	1,503E+2	1,506E+2	0,000E+0	2,082E-1	2,068E-1	0,000E+0	0	1111
2357,696	17,400	15,800	3,320E+1	0,000E+0	1,503E+2	1,508E+2	0,000E+0	2,050E-1	2,064E-1	0,000E+0	0	1111
2358,696	17,500	15,600	3,310E+1	0,000E+0	1,505E+2	1,506E+2	0,000E+0	2,068E-1	2,051E-1	0,000E+0	0	1111
2359,698	14,600	13,000	2,760E+1	0,000E+0	1,505E+2	1,505E+2	0,000E+0	1,771E-1	1,756E-1	0,000E+0	0	1111
2360,697	10,500	9,300	1,980E+1	0,000E+0	1,484E+2	1,484E+2	0,000E+0	1,316E-1	1,306E-1	0,000E+0	0	1111
2361,699	9,800	8,700	1,850E+1	0,000E+0	1,457E+2	1,459E+2	0,000E+0	1,269E-1	1,267E-1	0,000E+0	0	1111
2362,698	10,700	9,400	2,010E+1	0,000E+0	1,458E+2	1,461E+2	0,000E+0	1,378E-1	1,362E-1	0,000E+0	0	1111
2363,698	11,400	10,100	2,150E+1	0,000E+0	1,474E+2	1,476E+2	0,000E+0	1,436E-1	1,428E-1	0,000E+0	0	1111
2364,699	11,400	10,100	2,150E+1	0,000E+0	1,474E+2	1,476E+2	0,000E+0	1,436E-1	1,428E-1	0,000E+0	0	1111
2365,699	9,600	8,500	1,810E+1	0,000E+0	1,465E+2	1,467E+2	0,000E+0	1,234E-1	1,231E-1	0,000E+0	0	1111
2366,700	8,600	7,500	1,610E+1	0,000E+0	1,442E+2	1,442E+2	0,000E+0	1,131E-1	1,127E-1	0,000E+0	0	1111
2367,700	8,400	7,400	1,580E+1	0,000E+0	1,426E+2	1,431E+2	0,000E+0	1,121E-1	1,123E-1	0,000E+0	0	1111
2368,702	9,000	7,900	1,690E+1	0,000E+0	1,436E+2	1,437E+2	0,000E+0	1,191E-1	1,182E-1	0,000E+0	0	1111
2369,701	9,600	8,400	1,800E+1	0,000E+0	1,448E+2	1,449E+2	0,000E+0	1,251E-1	1,244E-1	0,000E+0	0	1111
2370,702	9,200	8,100	1,730E+1	0,000E+0	1,447E+2	1,450E+2	0,000E+0	1,201E-1	1,196E-1	0,000E+0	0	1111
2371,701	8,900	7,800	1,670E+1	0,000E+0	1,439E+2	1,443E+2	0,000E+0	1,172E-1	1,168E-1	0,000E+0	0	1111
2372,701	9,100	7,900	1,700E+1	0,000E+0	1,442E+2	1,443E+2	0,000E+0	1,202E-1	1,188E-1	0,000E+0	0	1111
2373,701	9,300	8,200	1,750E+1	0,000E+0	1,447E+2	1,451E+2	0,000E+0	1,219E-1	1,215E-1	0,000E+0	0	1111
2374,702	9,300	8,200	1,750E+1	0,000E+0	1,447E+2	1,451E+2	0,000E+0	1,219E-1	1,215E-1	0,000E+0	0	1111
2375,704	5,800	5,000	1,080E+1	0,000E+0	1,334E+2	1,336E+2	0,000E+0	8,940E-2	8,930E-2	0,000E+0	0	1111
2376,703	0,200	0,200	4,000E-1	0,000E+0	7,139E+1	7,133E+1	0,000E+0	0,000E+0	0,000E+0	0,000E+0	0	1111
2377,704	0,200	0,200	4,000E-1	0,000E+0	5,748E+1	5,744E+1	0,000E+0	0,000E+0	0,000E+0	0,000E+0	0	1111
2378,703	0,000	0,000	0,000E+0	0,000E+0	4,532E+1	4,531E+1	0,000E+0	0,000E+0	0,000E+0	0,000E+0	0	1111
2379,703	0,000	0,000	0,000E+0	0,000E+0	3,462E+1	3,463E+1	0,000E+0	0,000E+0	0,000E+0	0,000E+0	0	1111
2380,703	0,000	0,000	0,000E+0	0,000E+0	2,557E+1	2,560E+1	0,000E+0	0,000E+0	0,000E+0	0,000E+0	0	1111
2381,704	0,000	0,000	0,000E+0	0,000E+0	2,557E+1	2,560E+1	0,000E+0	0,000E+0	0,000E+0	0,000E+0	0	1111
